team_id,logger_id,timestamp,longitude,latitude,accuracy_m,speed_kmh
T04,GL-4396,2026-03-09 07:23:00,7.188724,10.67634,8.8,5.43
T04,GL-4396,2026-03-09 07:24:00,7.189109,10.677054,5.3,3.15
T04,GL-4396,2026-03-09 07:25:00,7.189513,10.677683,,4.89
T04,GL-4396,2026-03-09 07:26:00,7.189959,10.678259,10.2,3.52
T04,GL-4396,2026-03-09 07:27:00,7.190318,10.67898,11.4,4.89
T04,GL-4396,2026-03-09 07:28:00,7.190758,10.679571,9.2,4.3
T04,GL-4396,2026-03-09 07:29:00,7.191158,10.680228,11.6,3.02
T04,GL-4396,2026-03-09 07:30:00,7.191153,10.680361,6.3,0.37
T04,GL-4396,2026-03-09 07:31:00,7.191146,10.680066,9.2,0.73
T04,GL-4396,2026-03-09 07:32:00,7.191039,10.680101,,0.21
T04,GL-4396,2026-03-09 07:33:00,7.191083,10.680135,11.8,0.21
T04,GL-4396,2026-03-09 07:34:00,7.191205,10.680146,6.5,0.09
T04,GL-4396,2026-03-09 07:35:00,7.191208,10.680173,6.1,0.24
T04,GL-4396,2026-03-09 07:36:00,7.191262,10.680146,4.7,0.04
T04,GL-4396,2026-03-09 07:37:00,7.191228,10.680153,5.9,0.32
T04,GL-4396,2026-03-09 07:38:00,7.191164,10.680209,4.7,0.33
T04,GL-4396,2026-03-09 07:39:00,7.191072,10.680278,9.3,0.68
T04,GL-4396,2026-03-09 07:40:00,7.191117,10.680039,8.8,0.2
T04,GL-4396,2026-03-09 07:41:00,7.191098,10.680291,7.4,0.28
T04,GL-4396,2026-03-09 07:42:00,7.191123,10.680164,4.5,0.49
T04,GL-4396,2026-03-09 07:43:00,7.191039,10.680232,10.5,0.37
T04,GL-4396,2026-03-09 07:44:00,7.19138,10.680235,5.0,0.01
T04,GL-4396,2026-03-09 07:45:00,7.191205,10.680376,11.3,0.77
T04,GL-4396,2026-03-09 07:46:00,7.191117,10.680341,10.5,0.05
T04,GL-4396,2026-03-09 07:47:00,7.19109,10.680153,7.2,0.78
T04,GL-4396,2026-03-09 07:48:00,7.191135,10.680058,5.0,0.29
T04,GL-4396,2026-03-09 07:49:00,7.19098,10.680186,8.9,0.49
T04,GL-4396,2026-03-09 07:50:00,7.191144,10.680283,11.2,0.62
T04,GL-4396,2026-03-09 07:51:00,7.191124,10.680293,10.4,0.76
T04,GL-4396,2026-03-09 07:52:00,7.191207,10.680095,8.2,0.13
T04,GL-4396,2026-03-09 07:53:00,7.191074,10.680216,11.9,0.41
T04,GL-4396,2026-03-09 07:54:00,7.191265,10.680196,4.4,0.84
T04,GL-4396,2026-03-09 07:55:00,7.191715,10.680179,7.1,3.75
T04,GL-4396,2026-03-09 07:56:00,7.192109,10.680219,5.5,3.29
T04,GL-4396,2026-03-09 07:57:00,7.192618,10.680158,4.5,4.13
T04,GL-4396,2026-03-09 07:58:00,7.19317,10.680178,7.5,3.98
T04,GL-4396,2026-03-09 07:59:00,7.193645,10.680161,5.5,4.87
T04,GL-4396,2026-03-09 08:00:00,7.194197,10.680138,7.0,3.71
T04,GL-4396,2026-03-09 08:01:00,7.194567,10.680245,4.9,4.57
T04,GL-4396,2026-03-09 08:02:00,7.195161,10.680182,6.2,2.99
T04,GL-4396,2026-03-09 08:03:00,7.195693,10.680147,9.5,5.26
T04,GL-4396,2026-03-09 08:04:00,7.19619,10.680097,9.6,3.13
T04,GL-4396,2026-03-09 08:05:00,7.196607,10.680017,11.1,5.04
T04,GL-4396,2026-03-09 08:06:00,7.197168,10.680106,11.8,3.07
T04,GL-4396,2026-03-09 08:07:00,7.197657,10.679994,9.5,5.33
T04,GL-4396,2026-03-09 08:08:00,7.198242,10.680015,9.0,4.47
T04,GL-4396,2026-03-09 08:09:00,7.198662,10.680071,5.8,2.92
T04,GL-4396,2026-03-09 08:10:00,7.199211,10.680008,6.2,3.08
T04,GL-4396,2026-03-09 08:11:00,7.199635,10.680004,9.9,3.49
T04,GL-4396,2026-03-09 08:12:00,7.200097,10.680066,5.3,3.95
T04,GL-4396,2026-03-09 08:13:00,7.200676,10.680006,7.7,4.09
T04,GL-4396,2026-03-09 08:14:00,7.20128,10.679987,10.0,4.59
T04,GL-4396,2026-03-09 08:15:00,7.201741,10.680007,6.9,4.45
T04,GL-4396,2026-03-09 08:16:00,7.2023,10.679919,11.0,3.75
T04,GL-4396,2026-03-09 08:17:00,7.202715,10.679937,10.8,4.63
T04,GL-4396,2026-03-09 08:18:00,7.203234,10.679895,7.2,4.92
T04,GL-4396,2026-03-09 08:19:00,7.203715,10.680011,6.9,3.38
T04,GL-4396,2026-03-09 08:20:00,7.204332,10.679838,6.1,3.91
T04,GL-4396,2026-03-09 08:21:00,7.204733,10.679967,4.1,5.37
T04,GL-4396,2026-03-09 08:22:00,7.205222,10.679871,5.4,3.73
T04,GL-4396,2026-03-09 08:23:00,7.205801,10.679748,11.6,4.64
T04,GL-4396,2026-03-09 08:24:00,7.206262,10.679865,8.0,4.99
T04,GL-4396,2026-03-09 08:25:00,7.206697,10.679849,11.6,5.08
T04,GL-4396,2026-03-09 08:26:00,7.207154,10.679909,9.8,3.63
T04,GL-4396,2026-03-09 08:27:00,7.207775,10.679951,9.0,4.23
T04,GL-4396,2026-03-09 08:28:00,7.208279,10.679706,6.7,5.4
T04,GL-4396,2026-03-09 08:29:00,7.374374,10.679854,11.0,391.92
T04,GL-4396,2026-03-09 08:30:00,7.209283,10.679792,6.4,3.53
T04,GL-4396,2026-03-09 08:31:00,7.209764,10.679644,7.4,4.54
T04,GL-4396,2026-03-09 08:32:00,7.210136,10.679791,,4.01
T04,GL-4396,2026-03-09 08:33:00,7.210782,10.679695,10.4,5.53
T04,GL-4396,2026-03-09 08:34:00,7.211253,10.679774,9.8,4.47
T04,GL-4396,2026-03-09 08:35:00,7.211837,10.679686,7.6,4.49
T04,GL-4396,2026-03-09 08:36:00,7.212296,10.679566,4.7,3.07
T04,GL-4396,2026-03-09 08:37:00,7.212711,10.679594,9.5,5.18
T04,GL-4396,2026-03-09 08:38:00,7.213238,10.679657,7.2,3.57
T04,GL-4396,2026-03-09 08:39:00,7.213888,10.679451,7.2,5.09
T04,GL-4396,2026-03-09 08:40:00,7.214354,10.679654,11.1,3.24
T04,GL-4396,2026-03-09 08:41:00,7.214835,10.679624,11.1,3.06
T04,GL-4396,2026-03-09 08:42:00,7.215238,10.679613,8.4,2.8
T04,GL-4396,2026-03-09 08:43:00,7.215842,10.679536,8.7,5.09
T04,GL-4396,2026-03-09 08:44:00,7.21621,10.679578,8.8,5.28
T04,GL-4396,2026-03-09 08:45:00,7.216752,10.679596,5.5,3.05
T04,GL-4396,2026-03-09 08:46:00,7.217289,10.679541,4.8,3.83
T04,GL-4396,2026-03-09 08:47:00,7.217877,10.679623,8.8,4.06
T04,GL-4396,2026-03-09 08:48:00,7.218496,10.679531,10.3,5.45
T04,GL-4396,2026-03-09 08:49:00,7.218838,10.679667,11.1,4.84
T04,GL-4396,2026-03-09 08:50:00,7.219354,10.679496,7.4,3.79
T04,GL-4396,2026-03-09 08:51:00,7.219883,10.679518,9.9,4.54
T04,GL-4396,2026-03-09 08:52:00,7.220417,10.679419,9.7,3.29
T04,GL-4396,2026-03-09 08:53:00,7.220873,10.679597,9.1,5.49
T04,GL-4396,2026-03-09 08:54:00,7.221309,10.679451,5.3,4.1
T04,GL-4396,2026-03-09 08:55:00,7.221906,10.679429,8.5,2.96
T04,GL-4396,2026-03-09 08:56:00,7.2224,10.679467,6.9,3.35
T04,GL-4396,2026-03-09 08:57:00,7.22291,10.679493,5.3,3.74
T04,GL-4396,2026-03-09 08:58:00,7.223291,10.679448,5.6,3.14
T04,GL-4396,2026-03-09 08:59:00,7.223931,10.67941,5.1,5.02
T04,GL-4396,2026-03-09 09:00:00,7.224281,10.679433,10.4,3.78
T04,GL-4396,2026-03-09 09:01:00,7.224893,10.679239,7.3,5.24
T04,GL-4396,2026-03-09 09:02:00,7.225431,10.679377,6.8,5.48
T04,GL-4396,2026-03-09 09:03:00,7.225972,10.679308,11.4,4.84
T04,GL-4396,2026-03-09 09:04:00,7.2264,10.679358,11.5,5.51
T04,GL-4396,2026-03-09 09:05:00,7.226916,10.67929,8.7,4.49
T04,GL-4396,2026-03-09 09:06:00,7.227505,10.679239,10.4,5.05
T04,GL-4396,2026-03-09 09:07:00,7.227997,10.679228,9.1,3.78
T04,GL-4396,2026-03-09 09:08:00,7.228412,10.679286,5.3,3.33
T04,GL-4396,2026-03-09 09:09:00,7.229046,10.679256,9.4,3.04
T04,GL-4396,2026-03-09 09:10:00,7.229424,10.679291,8.7,5.13
T04,GL-4396,2026-03-09 09:11:00,7.229907,10.679312,10.7,3.81
T04,GL-4396,2026-03-09 09:12:00,7.230449,10.679154,10.2,3.23
T04,GL-4396,2026-03-09 09:13:00,7.231007,10.679044,6.7,5.37
T04,GL-4396,2026-03-09 09:14:00,7.231371,10.679258,11.9,5.24
T04,GL-4396,2026-03-09 09:15:00,7.231939,10.679183,4.5,4.51
T04,GL-4396,2026-03-09 09:16:00,7.232456,10.679193,9.5,3.36
T04,GL-4396,2026-03-09 09:17:00,7.232921,10.679152,8.0,3.62
T04,GL-4396,2026-03-09 09:18:00,7.233546,10.679139,8.8,3.14
T04,GL-4396,2026-03-09 09:19:00,7.233946,10.679107,8.2,2.98
T04,GL-4396,2026-03-09 09:20:00,7.234584,10.679156,5.9,4.87
T04,GL-4396,2026-03-09 09:21:00,7.235025,10.679029,7.3,5.11
T04,GL-4396,2026-03-09 09:22:00,7.235558,10.679086,8.2,4.6
T04,GL-4396,2026-03-09 09:23:00,7.235989,10.679033,10.4,3.69
T04,GL-4396,2026-03-09 09:24:00,7.236533,10.678972,4.4,5.32
T04,GL-4396,2026-03-09 09:25:00,7.236967,10.678995,10.8,4.11
T04,GL-4396,2026-03-09 09:26:00,7.237599,10.678894,5.0,4.15
T04,GL-4396,2026-03-09 09:27:00,7.23797,10.678979,9.7,2.97
T04,GL-4396,2026-03-09 09:28:00,7.238417,10.678911,6.3,4.49
T04,GL-4396,2026-03-09 09:29:00,7.239095,10.678999,5.2,4.26
T04,GL-4396,2026-03-09 09:30:00,7.239578,10.678971,,5.23
T04,GL-4396,2026-03-09 09:31:00,7.24006,10.678982,11.4,3.42
T04,GL-4396,2026-03-09 09:32:00,7.24044,10.67896,9.2,5.37
T04,GL-4396,2026-03-09 09:33:00,7.241055,10.678921,9.9,3.23
T04,GL-4396,2026-03-09 09:34:00,7.24149,10.67883,5.5,4.86
T04,GL-4396,2026-03-09 09:35:00,7.241981,10.678956,7.8,4.41
T04,GL-4396,2026-03-09 09:36:00,7.2426,10.678974,6.2,4.21
T04,GL-4396,2026-03-09 09:37:00,7.243099,10.678977,10.7,4.77
T04,GL-4396,2026-03-09 09:38:00,7.243401,10.678835,8.5,3.67
T04,GL-4396,2026-03-09 09:39:00,7.244082,10.678876,7.6,3.92
T04,GL-4396,2026-03-09 09:40:00,7.244431,10.678757,4.5,4.26
T04,GL-4396,2026-03-09 09:41:00,7.244972,10.678796,11.5,3.01
T04,GL-4396,2026-03-09 09:42:00,7.245409,10.678824,8.5,3.61
T04,GL-4396,2026-03-09 09:43:00,7.246027,10.678769,11.8,3.86
T04,GL-4396,2026-03-09 09:44:00,7.246531,10.678871,6.1,4.04
T04,GL-4396,2026-03-09 09:45:00,7.247173,10.678728,5.4,4.01
T04,GL-4396,2026-03-09 09:46:00,7.247707,10.678792,5.7,4.63
T04,GL-4396,2026-03-09 09:47:00,7.248139,10.678688,6.7,4.82
T04,GL-4396,2026-03-09 09:48:00,7.248583,10.678725,4.5,4.24
T04,GL-4396,2026-03-09 09:49:00,7.249099,10.678646,10.4,4.29
T04,GL-4396,2026-03-09 09:50:00,7.24963,10.678755,10.5,4.64
T04,GL-4396,2026-03-09 09:51:00,7.250115,10.678672,6.7,3.26
T04,GL-4396,2026-03-09 09:52:00,7.250569,10.678666,4.2,4.41
T04,GL-4396,2026-03-09 09:53:00,7.251091,10.678716,7.6,3.31
T04,GL-4396,2026-03-09 09:54:00,7.251615,10.678669,8.4,2.89
T04,GL-4396,2026-03-09 09:55:00,7.252183,10.678452,10.1,4.56
T04,GL-4396,2026-03-09 09:56:00,7.252613,10.678603,6.4,5.39
T04,GL-4396,2026-03-09 09:57:00,7.253114,10.678533,10.5,3.47
T04,GL-4396,2026-03-09 09:58:00,7.253597,10.678693,5.0,5.06
T04,GL-4396,2026-03-09 09:59:00,7.254219,10.678711,8.4,5.59
T04,GL-4396,2026-03-09 10:00:00,7.254635,10.678507,8.1,5.23
T04,GL-4396,2026-03-09 10:01:00,7.255083,10.678535,4.8,5.58
T04,GL-4396,2026-03-09 10:02:00,7.255639,10.67862,10.4,3.09
T04,GL-4396,2026-03-09 10:03:00,7.256128,10.678471,8.3,3.22
T04,GL-4396,2026-03-09 10:04:00,7.256666,10.678481,10.0,3.57
T04,GL-4396,2026-03-09 10:05:00,7.257206,10.678465,6.2,4.68
T04,GL-4396,2026-03-09 10:06:00,7.257641,10.67846,5.1,4.29
T04,GL-4396,2026-03-09 10:07:00,7.258299,10.67846,8.6,5.12
T04,GL-4396,2026-03-09 10:08:00,7.258664,10.678502,10.1,3.89
T04,GL-4396,2026-03-09 10:09:00,7.259139,10.678458,9.5,4.86
T04,GL-4396,2026-03-09 10:10:00,7.25976,10.678413,9.8,2.99
T04,GL-4396,2026-03-09 10:11:00,7.260168,10.678413,8.9,3.59
T04,GL-4396,2026-03-09 10:12:00,7.260671,10.678371,6.7,3.67
T04,GL-4396,2026-03-09 10:13:00,7.261214,10.678436,4.1,5.37
T04,GL-4396,2026-03-09 10:14:00,7.261769,10.678401,9.1,3.05
T04,GL-4396,2026-03-09 10:15:00,7.262153,10.678362,9.6,4.27
T04,GL-4396,2026-03-09 10:16:00,7.262648,10.678388,4.8,5.03
T04,GL-4396,2026-03-09 10:17:00,7.263224,10.678321,7.1,4.99
T04,GL-4396,2026-03-09 10:18:00,7.263639,10.678367,9.2,3.47
T04,GL-4396,2026-03-09 10:19:00,7.264164,10.678303,5.5,5.35
T04,GL-4396,2026-03-09 10:20:00,7.264724,10.678317,8.6,2.98
T04,GL-4396,2026-03-09 10:21:00,7.265205,10.678275,4.3,3.97
T04,GL-4396,2026-03-09 10:22:00,7.265678,10.678156,4.7,4.4
T04,GL-4396,2026-03-09 10:23:00,7.266307,10.678212,8.1,4.0
T04,GL-4396,2026-03-09 10:24:00,7.266659,10.678312,5.8,3.06
T04,GL-4396,2026-03-09 10:25:00,7.267323,10.678296,10.6,4.74
T04,GL-4396,2026-03-09 10:26:00,7.267677,10.678127,5.4,3.89
T04,GL-4396,2026-03-09 10:27:00,7.268203,10.678319,4.2,3.3
T04,GL-4396,2026-03-09 10:28:00,7.268743,10.67814,9.1,3.19
T04,GL-4396,2026-03-09 10:29:00,7.26933,10.678298,9.6,5.55
T04,GL-4396,2026-03-09 10:30:00,7.269681,10.678253,6.6,3.39
T04,GL-4396,2026-03-09 10:31:00,7.270187,10.678121,5.6,3.17
T04,GL-4396,2026-03-09 10:32:00,7.27082,10.678036,9.1,3.43
T04,GL-4396,2026-03-09 10:33:00,7.271208,10.678206,8.0,4.31
T04,GL-4396,2026-03-09 10:34:00,7.271745,10.677941,6.5,5.49
T04,GL-4396,2026-03-09 10:35:00,7.272275,10.67811,8.4,3.48
T04,GL-4396,2026-03-09 10:36:00,7.272776,10.67802,7.2,5.2
T04,GL-4396,2026-03-09 10:37:00,7.273358,10.678027,8.1,4.5
T04,GL-4396,2026-03-09 10:38:00,7.273817,10.677999,11.9,3.55
T04,GL-4396,2026-03-09 10:39:00,7.274345,10.678082,11.4,4.11
T04,GL-4396,2026-03-09 10:40:00,7.274874,10.678086,6.1,4.23
T04,GL-4396,2026-03-09 10:41:00,7.275318,10.678078,7.5,3.91
T04,GL-4396,2026-03-09 10:42:00,7.275867,10.678105,6.7,4.21
T04,GL-4396,2026-03-09 10:43:00,7.276333,10.677908,11.2,2.84
T04,GL-4396,2026-03-09 10:44:00,7.276828,10.678001,9.4,3.36
T04,GL-4396,2026-03-09 10:45:00,7.277317,10.677941,5.2,4.76
T04,GL-4396,2026-03-09 10:46:00,7.277833,10.677885,4.2,3.84
T04,GL-4396,2026-03-09 10:47:00,7.278313,10.677909,6.2,3.13
T04,GL-4396,2026-03-09 10:48:00,7.278876,10.678086,10.9,2.82
T04,GL-4396,2026-03-09 10:49:00,7.27931,10.677876,8.4,4.21
T04,GL-4396,2026-03-09 10:50:00,7.279864,10.678006,11.1,4.8
T04,GL-4396,2026-03-09 10:51:00,7.280309,10.677788,6.3,3.28
T04,GL-4396,2026-03-09 10:52:00,7.280887,10.677857,9.7,5.11
T04,GL-4396,2026-03-09 10:53:00,7.281421,10.677844,5.4,4.24
T04,GL-4396,2026-03-09 10:54:00,7.281903,10.677893,9.6,4.5
T04,GL-4396,2026-03-09 10:55:00,7.282442,10.677779,8.7,5.36
T04,GL-4396,2026-03-09 10:56:00,7.282854,10.677868,9.9,4.97
T04,GL-4396,2026-03-09 10:57:00,7.283428,10.677735,5.5,5.33
T04,GL-4396,2026-03-09 10:58:00,7.28391,10.677862,10.7,3.24
T04,GL-4396,2026-03-09 10:59:00,7.284319,10.67781,11.5,4.47
T04,GL-4396,2026-03-09 11:00:00,7.284932,10.677813,6.8,4.45
T04,GL-4396,2026-03-09 11:01:00,7.285413,10.677753,11.8,4.59
T04,GL-4396,2026-03-09 11:02:00,7.285856,10.677797,11.9,4.33
T04,GL-4396,2026-03-09 11:03:00,7.286541,10.677707,4.1,5.16
T04,GL-4396,2026-03-09 11:04:00,7.286962,10.677811,8.9,3.72
T04,GL-4396,2026-03-09 11:05:00,7.287465,10.67775,9.6,5.23
T04,GL-4396,2026-03-09 11:06:00,7.287837,10.677675,11.2,5.05
T04,GL-4396,2026-03-09 11:07:00,7.288467,10.677676,9.9,3.0
T04,GL-4396,2026-03-09 11:08:00,7.288917,10.677631,8.1,4.48
T04,GL-4396,2026-03-09 11:09:00,7.289448,10.677714,9.4,3.2
T04,GL-4396,2026-03-09 11:10:00,7.289911,10.677648,7.1,3.37
T04,GL-4396,2026-03-09 11:11:00,7.290373,10.677604,6.8,3.48
T04,GL-4396,2026-03-09 11:12:00,7.290935,10.677703,9.5,4.91
T04,GL-4396,2026-03-09 11:13:00,7.291476,10.677565,9.6,3.39
T04,GL-4396,2026-03-09 11:14:00,7.291854,10.677631,10.1,3.63
T04,GL-4396,2026-03-09 11:15:00,7.2925,10.677513,6.8,3.08
T04,GL-4396,2026-03-09 11:16:00,7.292996,10.677675,5.6,4.57
T04,GL-4396,2026-03-09 11:17:00,7.293547,10.677439,,3.18
T04,GL-4396,2026-03-09 11:18:00,7.293993,10.677409,10.9,5.22
T04,GL-4396,2026-03-09 11:19:00,7.294527,10.67745,9.2,4.1
T04,GL-4396,2026-03-09 11:20:00,7.294933,10.677608,10.0,3.26
T04,GL-4396,2026-03-09 11:21:00,7.295366,10.677572,9.1,2.92
T04,GL-4396,2026-03-09 11:22:00,7.295891,10.677536,10.5,3.11
T04,GL-4396,2026-03-09 11:23:00,7.296345,10.677515,7.8,5.29
T04,GL-4396,2026-03-09 11:24:00,7.296964,10.677392,4.1,4.43
T04,GL-4396,2026-03-09 11:25:00,7.297499,10.677462,6.3,3.7
T04,GL-4396,2026-03-09 11:26:00,7.29803,10.677467,10.2,4.93
T04,GL-4396,2026-03-09 11:27:00,7.298524,10.677349,7.1,3.58
T04,GL-4396,2026-03-09 11:28:00,7.29901,10.677437,5.9,5.1
T04,GL-4396,2026-03-09 11:29:00,7.299536,10.677328,8.3,4.76
T04,GL-4396,2026-03-09 11:30:00,7.300033,10.677485,7.0,4.96
T04,GL-4396,2026-03-09 11:31:00,7.300481,10.677358,10.4,5.2
T04,GL-4396,2026-03-09 11:32:00,7.301107,10.677397,10.0,5.17
T04,GL-4396,2026-03-09 11:33:00,7.30157,10.677393,4.5,4.57
T04,GL-4396,2026-03-09 11:34:00,7.302122,10.677336,6.0,5.0
T04,GL-4396,2026-03-09 11:35:00,7.302486,10.677333,9.8,4.13
T04,GL-4396,2026-03-09 11:36:00,7.303074,10.677346,10.5,3.12
T04,GL-4396,2026-03-09 11:37:00,7.30355,10.677361,11.2,5.36
T04,GL-4396,2026-03-09 11:38:00,7.304046,10.677373,5.5,3.98
T04,GL-4396,2026-03-09 11:39:00,7.304615,10.677226,11.2,5.4
T04,GL-4396,2026-03-09 11:40:00,7.304956,10.677291,8.5,4.87
T04,GL-4396,2026-03-09 11:41:00,7.305625,10.677059,6.4,3.61
T04,GL-4396,2026-03-09 11:42:00,7.306057,10.677326,11.2,3.8
T04,GL-4396,2026-03-09 11:43:00,7.306532,10.677172,11.1,3.5
T04,GL-4396,2026-03-09 11:44:00,7.307089,10.677293,5.7,3.67
T04,GL-4396,2026-03-09 11:45:00,7.307509,10.677218,6.1,3.65
T04,GL-4396,2026-03-09 11:46:00,7.30809,10.677196,6.9,4.44
T04,GL-4396,2026-03-09 11:47:00,7.308604,10.677223,4.5,4.22
T04,GL-4396,2026-03-09 11:48:00,7.309049,10.677044,7.2,2.94
T04,GL-4396,2026-03-09 11:49:00,7.309601,10.677108,10.4,3.07
T04,GL-4396,2026-03-09 11:50:00,7.309951,10.677069,10.1,3.61
T04,GL-4396,2026-03-09 11:51:00,7.310585,10.677104,9.9,4.41
T04,GL-4396,2026-03-09 11:52:00,7.311207,10.677081,5.2,3.54
T04,GL-4396,2026-03-09 11:53:00,7.311669,10.677047,7.4,5.3
T04,GL-4396,2026-03-09 11:54:00,7.312039,10.677031,5.4,2.89
T04,GL-4396,2026-03-09 11:55:00,7.312662,10.677036,8.4,4.21
T04,GL-4396,2026-03-09 11:56:00,7.313093,10.677084,5.5,5.54
T04,GL-4396,2026-03-09 11:57:00,7.313662,10.676955,7.7,3.51
T04,GL-4396,2026-03-09 11:58:00,7.314122,10.676939,7.5,5.36
T04,GL-4396,2026-03-09 11:59:00,7.314562,10.677091,10.2,3.25
T04,GL-4396,2026-03-09 12:00:00,7.315125,10.67701,4.2,4.17
T04,GL-4396,2026-03-09 12:01:00,7.315715,10.676878,4.0,4.11
T04,GL-4396,2026-03-09 12:02:00,7.316092,10.677024,10.9,4.85
T04,GL-4396,2026-03-09 12:03:00,7.316601,10.676908,4.2,3.31
T04,GL-4396,2026-03-09 12:04:00,7.317115,10.67696,10.8,4.73
T04,GL-4396,2026-03-09 12:05:00,7.317644,10.676952,9.9,4.09
T04,GL-4396,2026-03-09 12:06:00,7.318161,10.67691,7.2,4.08
T04,GL-4396,2026-03-09 12:07:00,7.318712,10.676771,9.9,3.78
T04,GL-4396,2026-03-09 12:08:00,7.319192,10.676749,8.4,5.43
T04,GL-4396,2026-03-09 12:09:00,7.319627,10.676808,5.0,4.05
T04,GL-4396,2026-03-09 12:10:00,7.320102,10.676881,7.4,3.8
T04,GL-4396,2026-03-09 12:11:00,7.32075,10.676771,9.2,3.29
T04,GL-4396,2026-03-09 12:12:00,7.321191,10.676884,6.2,5.42
T04,GL-4396,2026-03-09 12:13:00,7.321711,10.676703,5.2,4.04
T04,GL-4396,2026-03-09 12:14:00,7.322269,10.676872,6.6,3.93
T04,GL-4396,2026-03-09 12:15:00,7.322678,10.676753,9.8,3.91
T04,GL-4396,2026-03-09 12:16:00,7.323246,10.676721,7.7,4.97
T04,GL-4396,2026-03-09 12:17:00,7.32382,10.676762,7.9,4.39
T04,GL-4396,2026-03-09 12:18:00,7.3242,10.676709,12.0,3.07
T04,GL-4396,2026-03-09 12:19:00,7.324723,10.676758,11.2,3.13
T04,GL-4396,2026-03-09 12:20:00,7.325243,10.676671,7.4,4.09
T04,GL-4396,2026-03-09 12:21:00,7.325718,10.676732,6.3,4.24
T04,GL-4396,2026-03-09 12:22:00,7.326337,10.676713,8.0,5.44
T04,GL-4396,2026-03-09 12:23:00,7.326818,10.676696,10.9,2.87
T04,GL-4396,2026-03-09 12:24:00,7.327291,10.676681,8.5,4.39
T04,GL-4396,2026-03-09 12:25:00,7.327773,10.676564,,3.32
T04,GL-4396,2026-03-09 12:26:00,7.32833,10.676576,,3.12
T04,GL-4396,2026-03-09 12:27:00,7.328766,10.676532,4.2,4.47
T04,GL-4396,2026-03-09 12:28:00,7.329412,10.67662,10.7,4.09
T04,GL-4396,2026-03-09 12:29:00,7.329818,10.676494,10.8,3.93
T04,GL-4396,2026-03-09 12:30:00,7.33023,10.676613,4.4,5.27
T04,GL-4396,2026-03-09 12:31:00,7.330685,10.676559,9.5,5.18
T04,GL-4396,2026-03-09 12:32:00,7.331214,10.676604,8.6,5.04
T04,GL-4396,2026-03-09 12:33:00,7.331662,10.676483,8.2,2.88
T04,GL-4396,2026-03-09 12:34:00,7.332344,10.676563,5.4,4.61
T04,GL-4396,2026-03-09 12:35:00,7.332807,10.676403,6.8,4.21
T04,GL-4396,2026-03-09 12:36:00,7.333305,10.676386,9.5,3.6
T04,GL-4396,2026-03-09 12:37:00,7.333739,10.676584,10.9,3.05
T04,GL-4396,2026-03-09 12:38:00,7.334383,10.676604,9.6,3.41
T04,GL-4396,2026-03-09 12:39:00,7.334723,10.676441,7.3,5.42
T04,GL-4396,2026-03-09 12:40:00,7.335273,10.676419,8.1,4.53
T04,GL-4396,2026-03-09 12:41:00,7.335781,10.676478,4.7,4.0
T04,GL-4396,2026-03-09 12:42:00,7.336284,10.676376,5.3,5.19
T04,GL-4396,2026-03-09 12:43:00,7.336872,10.676361,8.9,4.79
T04,GL-4396,2026-03-09 12:44:00,7.337205,10.676286,7.5,5.37
T04,GL-4396,2026-03-09 12:45:00,7.337857,10.676465,11.1,3.76
T04,GL-4396,2026-03-09 12:46:00,7.338346,10.676434,9.0,4.01
T04,GL-4396,2026-03-09 12:47:00,7.338712,10.676317,6.9,3.84
T04,GL-4396,2026-03-09 12:48:00,7.339306,10.676337,11.4,5.46
T04,GL-4396,2026-03-09 12:49:00,7.339838,10.676386,5.2,4.18
T04,GL-4396,2026-03-09 12:50:00,7.340364,10.676396,7.2,4.28
T04,GL-4396,2026-03-09 12:51:00,7.34083,10.676227,8.1,3.78
T04,GL-4396,2026-03-09 12:52:00,7.34144,10.67619,8.2,5.31
T04,GL-4396,2026-03-09 12:53:00,7.341848,10.676272,10.9,3.57
T04,GL-4396,2026-03-09 12:54:00,7.342316,10.676319,10.6,4.4
T04,GL-4396,2026-03-09 12:55:00,7.342958,10.676201,4.6,4.18
T04,GL-4396,2026-03-09 12:56:00,7.343407,10.6763,9.8,3.34
T04,GL-4396,2026-03-09 12:57:00,7.343831,10.67628,8.4,2.83
T04,GL-4396,2026-03-09 12:58:00,7.344439,10.676196,10.8,4.53
T04,GL-4396,2026-03-09 12:59:00,7.344849,10.676233,7.0,5.46
T04,GL-4396,2026-03-09 13:00:00,7.345287,10.676175,8.6,3.96
T04,GL-4396,2026-03-09 13:01:00,7.345908,10.676143,10.6,3.1
T04,GL-4396,2026-03-09 13:02:00,7.346511,10.676132,8.2,5.6
T04,GL-4396,2026-03-09 13:03:00,7.346931,10.676091,9.2,4.65
T04,GL-4396,2026-03-09 13:04:00,7.347362,10.676196,7.0,4.1
T04,GL-4396,2026-03-09 13:05:00,7.347932,10.676006,9.7,3.43
T04,GL-4396,2026-03-09 13:06:00,7.348426,10.675973,4.4,4.46
T04,GL-4396,2026-03-09 13:07:00,7.34899,10.676105,4.5,3.17
T04,GL-4396,2026-03-09 13:08:00,7.349338,10.676006,5.5,3.85
T04,GL-4396,2026-03-09 13:09:00,7.349896,10.676082,4.5,3.73
T04,GL-4396,2026-03-09 13:10:00,7.350367,10.676081,6.7,4.17
T04,GL-4396,2026-03-09 13:11:00,7.35095,10.675935,5.2,3.41
T04,GL-4396,2026-03-09 13:12:00,7.351475,10.676059,11.4,3.13
T04,GL-4396,2026-03-09 13:13:00,7.351914,10.675921,9.0,4.31
T04,GL-4396,2026-03-09 13:14:00,7.352458,10.675976,10.5,3.02
T04,GL-4396,2026-03-09 13:15:00,7.35302,10.676007,6.1,3.37
T04,GL-4396,2026-03-09 13:16:00,7.35346,10.676069,6.4,5.5
T04,GL-4396,2026-03-09 13:17:00,7.353899,10.675977,7.7,3.75
T04,GL-4396,2026-03-09 13:18:00,7.35451,10.675836,8.9,4.32
T04,GL-4396,2026-03-09 13:19:00,7.354927,10.675994,10.2,4.95
T04,GL-4396,2026-03-09 13:20:00,7.355454,10.675878,5.4,2.89
T04,GL-4396,2026-03-09 13:21:00,7.35603,10.67587,5.1,3.53
T04,GL-4396,2026-03-09 13:22:00,7.356555,10.675948,11.7,4.69
T04,GL-4396,2026-03-09 13:23:00,7.356978,10.675867,8.2,5.12
T04,GL-4396,2026-03-09 13:24:00,7.357549,10.675978,8.5,5.17
T04,GL-4396,2026-03-09 13:25:00,7.357983,10.675846,5.4,3.78
T04,GL-4396,2026-03-09 13:26:00,7.358432,10.675898,10.9,4.28
T04,GL-4396,2026-03-09 13:27:00,7.358945,10.675668,5.4,3.32
T04,GL-4396,2026-03-09 13:28:00,7.35951,10.675805,8.7,3.55
T04,GL-4396,2026-03-09 13:29:00,7.359966,10.675827,6.5,3.67
T04,GL-4396,2026-03-09 13:30:00,7.360595,10.675745,7.1,5.48
T04,GL-4396,2026-03-09 13:31:00,7.36101,10.675661,5.1,3.15
T04,GL-4396,2026-03-09 13:32:00,7.361518,10.675783,5.0,5.56
T04,GL-4396,2026-03-09 13:33:00,7.361978,10.675799,9.1,2.88
T04,GL-4396,2026-03-09 13:34:00,7.362505,10.675759,5.1,5.03
T04,GL-4396,2026-03-09 13:35:00,7.363105,10.675756,9.7,5.28
T04,GL-4396,2026-03-09 13:36:00,7.363573,10.675606,11.0,5.48
T04,GL-4396,2026-03-09 13:37:00,7.364166,10.675741,6.2,3.13
T04,GL-4396,2026-03-09 13:38:00,7.364583,10.67573,7.2,4.46
T04,GL-4396,2026-03-09 13:39:00,7.365097,10.675641,10.1,4.88
T04,GL-4396,2026-03-09 13:40:00,7.365528,10.675658,6.3,2.94
T04,GL-4396,2026-03-09 13:41:00,7.366043,10.675635,6.7,4.33
T04,GL-4396,2026-03-09 13:42:00,7.366514,10.675569,11.1,5.03
T04,GL-4396,2026-03-09 13:43:00,7.367059,10.675597,11.7,3.47
T04,GL-4396,2026-03-09 13:44:00,7.367571,10.675643,8.7,3.76
T04,GL-4396,2026-03-09 13:45:00,7.368076,10.675586,5.2,3.59
T04,GL-4396,2026-03-09 13:46:00,7.368599,10.675621,11.2,3.06
T04,GL-4396,2026-03-09 13:47:00,7.369168,10.675559,4.3,4.01
T04,GL-4396,2026-03-09 13:48:00,7.369621,10.675594,8.5,5.41
T04,GL-4396,2026-03-09 13:49:00,7.370113,10.67548,8.2,5.07
T04,GL-4396,2026-03-09 13:50:00,7.370649,10.675447,11.8,5.42
T04,GL-4396,2026-03-09 13:51:00,7.371074,10.675484,10.5,4.97
T04,GL-4396,2026-03-09 13:52:00,7.371543,10.675489,4.7,3.19
T04,GL-4396,2026-03-09 13:53:00,7.372138,10.675489,11.7,4.6
T04,GL-4396,2026-03-09 13:54:00,7.372604,10.675337,8.3,3.69
T04,GL-4396,2026-03-09 13:55:00,7.373098,10.675539,8.6,3.52
T04,GL-4396,2026-03-09 13:56:00,7.373588,10.675447,11.9,5.36
T04,GL-4396,2026-03-09 13:57:00,7.374106,10.67544,11.3,3.65
T04,GL-4396,2026-03-09 13:58:00,7.374659,10.675523,7.7,3.77
T04,GL-4396,2026-03-09 13:59:00,7.375128,10.675335,5.7,3.32
T04,GL-4396,2026-03-09 14:00:00,7.375696,10.675343,6.6,3.01
T04,GL-4396,2026-03-09 14:01:00,7.37613,10.675418,8.8,5.05
T04,GL-4396,2026-03-09 14:02:00,7.376684,10.675405,6.0,5.55
T04,GL-4396,2026-03-09 14:03:00,7.377179,10.675286,4.5,3.62
T04,GL-4396,2026-03-09 14:04:00,7.377695,10.675289,8.6,4.69
T04,GL-4396,2026-03-09 14:05:00,7.378212,10.675267,,4.18
T04,GL-4396,2026-03-09 14:06:00,7.378684,10.675414,5.7,4.26
T04,GL-4396,2026-03-09 14:07:00,7.379148,10.67526,7.8,4.31
T04,GL-4396,2026-03-09 14:08:00,7.379798,10.675278,6.7,4.03
T04,GL-4396,2026-03-09 14:09:00,7.380025,10.675281,11.3,2.95
T04,GL-4396,2026-03-09 14:10:00,7.380769,10.675364,8.8,3.01
T04,GL-4396,2026-03-09 14:11:00,7.381201,10.675118,4.2,4.55
T04,GL-4396,2026-03-09 14:12:00,7.381728,10.675173,9.9,3.75
T04,GL-4396,2026-03-09 14:13:00,7.382252,10.675253,11.5,5.5
T04,GL-4396,2026-03-09 14:14:00,7.382698,10.675261,7.4,5.28
T04,GL-4396,2026-03-09 14:15:00,7.3833,10.675214,11.4,2.86
T04,GL-4396,2026-03-09 14:16:00,7.383561,10.675145,9.3,5.39
T04,GL-4396,2026-03-09 14:17:00,7.384232,10.675079,12.0,3.23
T04,GL-4396,2026-03-09 14:18:00,7.384761,10.675145,9.2,3.33
T04,GL-4396,2026-03-09 14:19:00,7.385125,10.67517,8.3,2.89
T04,GL-4396,2026-03-09 14:20:00,7.385674,10.675172,9.2,5.32
T04,GL-4396,2026-03-09 14:21:00,7.386344,10.675054,4.1,3.95
T04,GL-4396,2026-03-09 14:22:00,7.386758,10.675175,4.3,4.84
T04,GL-4396,2026-03-09 14:23:00,7.387293,10.675137,10.3,3.9
T04,GL-4396,2026-03-09 14:24:00,7.387698,10.67511,11.1,4.31
T04,GL-4396,2026-03-09 14:25:00,7.388302,10.675181,6.2,3.57
T04,GL-4396,2026-03-09 14:26:00,7.388773,10.674969,5.1,2.81
T04,GL-4396,2026-03-09 14:27:00,7.389159,10.674881,4.8,5.53
T04,GL-4396,2026-03-09 14:28:00,7.389706,10.67488,7.3,4.91
T04,GL-4396,2026-03-09 14:29:00,7.390235,10.67492,10.9,3.29
T04,GL-4396,2026-03-09 14:30:00,7.390914,10.675013,5.7,4.62
T04,GL-4396,2026-03-09 14:31:00,7.391138,10.675063,8.7,4.24
T04,GL-4396,2026-03-09 14:32:00,7.391767,10.674994,9.3,5.57
T04,GL-4396,2026-03-09 14:33:00,7.392225,10.674889,6.9,3.41
T04,GL-4396,2026-03-09 14:34:00,7.39277,10.674975,7.6,4.4
T04,GL-4396,2026-03-09 14:35:00,7.393344,10.674806,5.4,3.69
T04,GL-4396,2026-03-09 14:36:00,7.393803,10.674914,7.4,5.05
T04,GL-4396,2026-03-09 14:37:00,7.394254,10.674809,6.0,4.74
T04,GL-4396,2026-03-09 14:38:00,7.39475,10.674724,10.8,4.02
T04,GL-4396,2026-03-09 14:39:00,7.395323,10.674825,5.4,4.3
T04,GL-4396,2026-03-09 14:40:00,7.395826,10.674846,8.1,4.72
T04,GL-4396,2026-03-09 14:41:00,7.396228,10.674775,10.0,4.87
T04,GL-4396,2026-03-09 14:42:00,7.396826,10.674856,8.9,3.39
T04,GL-4396,2026-03-09 14:43:00,7.397429,10.674753,11.8,5.17
T04,GL-4396,2026-03-09 14:44:00,7.175608,10.674808,10.5,329.21
T04,GL-4396,2026-03-09 14:45:00,7.398432,10.674754,7.9,3.06
T04,GL-4396,2026-03-09 14:46:00,7.398828,10.67478,7.9,3.87
T04,GL-4396,2026-03-09 14:47:00,7.399291,10.674883,6.6,5.18
T04,GL-4396,2026-03-09 14:48:00,7.399851,10.674697,8.5,3.72
T04,GL-4396,2026-03-09 14:49:00,7.400349,10.674738,11.4,3.61
T04,GL-4396,2026-03-09 14:50:00,7.400879,10.674656,9.3,5.49
T04,GL-4396,2026-03-09 14:51:00,7.401417,10.674634,6.0,5.16
T04,GL-4396,2026-03-09 14:52:00,7.401826,10.674718,11.1,3.91
T04,GL-4396,2026-03-09 14:53:00,7.402499,10.674701,11.2,5.31
T04,GL-4396,2026-03-09 14:54:00,7.402945,10.674663,9.6,3.22
T04,GL-4396,2026-03-09 14:55:00,7.403333,10.674631,4.6,3.06
T04,GL-4396,2026-03-09 14:56:00,7.403899,10.674694,7.2,3.08
T04,GL-4396,2026-03-09 14:57:00,7.404496,10.674661,6.0,5.44
T04,GL-4396,2026-03-09 14:58:00,7.404949,10.674512,7.1,4.5
T04,GL-4396,2026-03-09 14:59:00,7.40542,10.674549,10.8,2.83
T04,GL-4396,2026-03-09 15:00:00,7.405941,10.674574,11.9,3.78
T04,GL-4396,2026-03-09 15:01:00,7.406405,10.674501,8.6,4.27
T04,GL-4396,2026-03-09 15:02:00,7.406999,10.674657,8.9,3.67
T04,GL-4396,2026-03-09 15:03:00,7.407425,10.674603,6.8,5.27
T04,GL-4396,2026-03-09 15:04:00,7.407879,10.674529,9.7,4.1
T04,GL-4396,2026-03-09 15:05:00,7.408426,10.674528,7.9,4.0
T04,GL-4396,2026-03-09 15:06:00,7.408897,10.67455,4.8,3.2
T04,GL-4396,2026-03-09 15:07:00,7.409369,10.674495,7.8,5.28
T04,GL-4396,2026-03-09 15:08:00,7.410034,10.67443,6.4,4.47
T04,GL-4396,2026-03-09 15:09:00,7.410462,10.674511,6.6,5.43
T04,GL-4396,2026-03-09 15:10:00,7.410981,10.67438,9.4,3.8
T04,GL-4396,2026-03-09 15:11:00,7.411479,10.674388,6.4,5.17
T04,GL-4396,2026-03-09 15:12:00,7.411842,10.674416,6.2,4.82
T04,GL-4396,2026-03-09 15:13:00,7.412487,10.674358,11.1,5.21
T04,GL-4396,2026-03-09 15:14:00,7.413016,10.674474,9.7,5.13
T04,GL-4396,2026-03-09 15:15:00,7.41352,10.674519,6.2,5.21
T04,GL-4396,2026-03-09 15:16:00,7.413973,10.674313,8.2,4.17
T04,GL-4396,2026-03-09 15:17:00,7.41447,10.674322,5.9,3.12
T04,GL-4396,2026-03-09 15:18:00,7.415005,10.674484,10.8,5.09
T04,GL-4396,2026-03-09 15:19:00,7.415478,10.674368,4.0,4.43
T04,GL-4396,2026-03-09 15:20:00,7.415902,10.674445,6.8,5.29
T04,GL-4396,2026-03-09 15:21:00,7.416468,10.674321,6.3,3.91
T04,GL-4396,2026-03-09 15:22:00,7.416933,10.674374,8.1,3.51
T04,GL-4396,2026-03-09 15:23:00,7.417506,10.674163,4.2,4.0
T04,GL-4396,2026-03-09 15:24:00,7.418176,10.674346,9.2,3.43
T04,GL-4396,2026-03-09 15:25:00,7.418487,10.674258,11.9,3.17
T04,GL-4396,2026-03-09 15:26:00,7.418987,10.674221,,3.07
T04,GL-4396,2026-03-09 15:27:00,7.419489,10.674228,10.4,4.07
T04,GL-4396,2026-03-09 15:28:00,7.420059,10.674296,4.5,4.3
T04,GL-4396,2026-03-09 15:29:00,7.420556,10.674291,4.6,4.75
T04,GL-4396,2026-03-09 15:30:00,7.42109,10.674236,4.7,4.64
T04,GL-4396,2026-03-09 15:31:00,7.421554,10.674259,11.9,4.9
T04,GL-4396,2026-03-09 15:32:00,7.421994,10.674165,12.0,4.38
T04,GL-4396,2026-03-09 15:33:00,7.422528,10.674124,7.0,5.42
T04,GL-4396,2026-03-09 15:34:00,7.423089,10.67412,9.6,3.3
T04,GL-4396,2026-03-09 15:35:00,7.42349,10.674193,11.3,4.82
T04,GL-4396,2026-03-09 15:36:00,7.424098,10.674118,7.4,4.38
T04,GL-4396,2026-03-09 15:37:00,7.42468,10.674011,6.6,4.19
T04,GL-4396,2026-03-09 15:38:00,7.42509,10.67411,8.1,4.09
T04,GL-4396,2026-03-09 15:39:00,7.425664,10.674166,10.4,3.11
T04,GL-4396,2026-03-09 15:40:00,7.426112,10.674093,8.2,4.92
T04,GL-4396,2026-03-09 15:41:00,7.42645,10.674049,8.3,4.03
T04,GL-4396,2026-03-09 15:42:00,7.427057,10.673966,6.4,3.37
T04,GL-4396,2026-03-09 15:43:00,7.427511,10.673965,8.3,3.71
T04,GL-4396,2026-03-09 15:44:00,7.42811,10.674026,6.4,4.29
T04,GL-4396,2026-03-09 15:45:00,7.428598,10.674018,,4.65
T04,GL-4396,2026-03-09 15:46:00,7.429163,10.673914,4.7,3.61
T04,GL-4396,2026-03-09 15:47:00,7.429622,10.673961,6.0,3.31
T04,GL-4396,2026-03-09 15:48:00,7.430008,10.673947,4.7,3.09
T04,GL-4396,2026-03-09 15:49:00,7.430546,10.673873,9.5,3.86
T04,GL-4396,2026-03-09 15:50:00,7.431042,10.673853,11.8,4.48
T04,GL-4396,2026-03-09 15:51:00,7.431543,10.673895,10.4,5.23
T04,GL-4396,2026-03-09 15:52:00,7.432025,10.673959,10.8,2.81
T04,GL-4396,2026-03-09 15:53:00,7.432604,10.673917,11.9,3.13
T04,GL-4396,2026-03-09 15:54:00,7.433187,10.6739,9.6,3.84
T04,GL-4396,2026-03-09 15:55:00,7.433523,10.673708,5.7,4.44
T04,GL-4396,2026-03-09 15:56:00,7.434051,10.673968,7.3,5.32
T04,GL-4396,2026-03-09 15:57:00,7.434554,10.673808,10.8,4.49
T04,GL-4396,2026-03-09 15:58:00,7.435149,10.673798,4.7,5.21
T04,GL-4396,2026-03-09 15:59:00,7.435595,10.673791,7.6,5.13
T04,GL-4396,2026-03-09 16:00:00,7.436126,10.673834,9.0,5.35
T04,GL-4396,2026-03-09 16:01:00,7.43662,10.673751,7.8,4.66
T04,GL-4396,2026-03-09 16:02:00,7.43713,10.673801,4.7,4.58
T04,GL-4396,2026-03-09 16:03:00,7.437751,10.673763,9.6,4.16
T04,GL-4396,2026-03-09 16:04:00,7.438272,10.673731,11.7,2.89
T04,GL-4396,2026-03-09 16:05:00,7.438547,10.673756,7.9,3.28
T04,GL-4396,2026-03-09 16:06:00,7.439135,10.673679,7.7,5.1
T04,GL-4396,2026-03-09 16:07:00,7.439682,10.673684,4.4,5.38
T04,GL-4396,2026-03-09 16:08:00,7.440086,10.673676,5.1,4.13
T04,GL-4396,2026-03-09 16:09:00,7.440703,10.673658,9.0,5.36
T04,GL-4396,2026-03-09 16:10:00,7.44119,10.673581,11.8,5.07
T04,GL-4396,2026-03-09 16:11:00,7.441588,10.67368,10.4,3.21
T04,GL-4396,2026-03-09 16:12:00,7.442195,10.673564,5.1,3.11
T04,GL-4396,2026-03-09 16:13:00,7.442768,10.67365,7.4,5.17
T04,GL-4396,2026-03-09 16:14:00,7.443187,10.673785,4.6,5.25
T04,GL-4396,2026-03-09 16:15:00,7.443628,10.673588,5.5,3.8
T04,GL-4396,2026-03-09 16:16:00,7.444214,10.673576,5.8,5.59
T04,GL-4396,2026-03-09 16:17:00,7.444666,10.673627,7.2,4.35
T04,GL-4396,2026-03-09 16:18:00,7.445205,10.673585,10.2,3.59
T04,GL-4396,2026-03-09 16:19:00,7.445816,10.673528,5.9,5.03
T04,GL-4396,2026-03-09 16:20:00,7.446252,10.673629,7.7,4.79
T04,GL-4396,2026-03-09 16:21:00,7.446799,10.673537,10.7,4.48
T04,GL-4396,2026-03-09 16:22:00,7.447225,10.673566,4.1,5.4
T04,GL-4396,2026-03-09 16:23:00,7.447783,10.673637,5.7,3.31
T04,GL-4396,2026-03-09 16:24:00,7.448206,10.673401,6.0,4.42
T04,GL-4396,2026-03-09 16:25:00,7.448771,10.673427,7.8,3.31
T04,GL-4396,2026-03-09 16:26:00,7.44928,10.673493,10.8,4.58
T04,GL-4396,2026-03-09 16:27:00,7.44976,10.673441,5.1,2.83
T04,GL-4396,2026-03-09 16:28:00,7.450257,10.673335,7.4,4.16
T04,GL-4396,2026-03-09 16:29:00,7.450828,10.673411,4.9,4.18
T04,GL-4396,2026-03-09 16:30:00,7.451289,10.673353,5.6,4.8
T04,GL-4396,2026-03-09 16:31:00,7.451897,10.673433,6.9,5.21
T04,GL-4396,2026-03-09 16:32:00,7.407669,10.673392,8.7,382.74
T04,GL-4396,2026-03-09 16:33:00,7.452773,10.673306,5.4,3.7
T04,GL-4396,2026-03-09 16:34:00,7.453326,10.673312,6.7,4.86
T04,GL-4396,2026-03-09 16:35:00,7.453872,10.673356,7.2,5.22
T04,GL-4396,2026-03-09 16:36:00,7.454364,10.673288,4.5,5.04
T04,GL-4396,2026-03-09 16:37:00,7.454867,10.673261,5.1,5.08
T04,GL-4396,2026-03-09 16:38:00,7.455276,10.67325,9.9,3.64
T04,GL-4396,2026-03-09 16:39:00,7.455845,10.673219,4.9,5.21
T04,GL-4396,2026-03-09 16:40:00,7.456435,10.673166,11.6,2.9
T04,GL-4396,2026-03-09 16:41:00,7.456807,10.673221,11.8,5.19
T04,GL-4396,2026-03-09 16:42:00,7.457314,10.673242,4.2,5.09
T04,GL-4396,2026-03-09 16:43:00,7.457864,10.673094,7.0,4.34
T04,GL-4396,2026-03-09 16:44:00,7.458375,10.673246,7.3,4.85
T04,GL-4396,2026-03-09 16:45:00,7.458796,10.673176,9.4,5.58
T04,GL-4396,2026-03-09 16:46:00,7.459392,10.673148,10.6,4.52
T04,GL-4396,2026-03-09 16:47:00,7.459878,10.673086,6.9,4.0
T04,GL-4396,2026-03-09 16:48:00,7.460297,10.673116,4.8,3.37
T04,GL-4396,2026-03-09 16:49:00,7.460858,10.673174,4.1,5.06
T04,GL-4396,2026-03-09 16:50:00,7.4613,10.673091,6.7,4.4
T04,GL-4396,2026-03-09 16:51:00,7.461838,10.673074,11.6,4.04
T04,GL-4396,2026-03-09 16:52:00,7.462435,10.673028,7.1,4.59
T04,GL-4396,2026-03-09 16:53:00,7.462906,10.673132,11.4,4.06
T04,GL-4396,2026-03-09 16:54:00,7.463387,10.67312,5.9,5.55
T04,GL-4396,2026-03-09 16:55:00,7.463913,10.67306,4.6,3.98
T04,GL-4396,2026-03-09 16:56:00,7.464334,10.673025,10.1,2.96
T04,GL-4396,2026-03-09 16:57:00,7.4649,10.67304,,4.38
T04,GL-4396,2026-03-09 16:58:00,7.465343,10.672934,8.1,4.52
T04,GL-4396,2026-03-09 16:59:00,7.465946,10.672911,4.3,5.14
T04,GL-4396,2026-03-09 17:00:00,7.466423,10.672997,6.2,2.88
T04,GL-4396,2026-03-09 17:01:00,7.466803,10.672916,6.3,3.91
T04,GL-4396,2026-03-09 17:02:00,7.467367,10.673027,7.8,2.88
T04,GL-4396,2026-03-09 17:03:00,7.467841,10.67308,10.2,3.95
T04,GL-4396,2026-03-09 17:04:00,7.468463,10.672864,10.0,4.16
T04,GL-4396,2026-03-09 17:05:00,7.468835,10.673067,9.1,3.87
T04,GL-4396,2026-03-09 17:06:00,7.46943,10.672956,8.8,4.67
T04,GL-4396,2026-03-09 17:07:00,7.469921,10.672915,4.4,5.28
T04,GL-4396,2026-03-09 17:08:00,7.47047,10.672901,8.6,4.77
T04,GL-4396,2026-03-09 17:09:00,7.470906,10.672892,4.4,3.84
T04,GL-4396,2026-03-09 17:10:00,7.471429,10.672894,5.6,4.78
T04,GL-4396,2026-03-09 17:11:00,7.471998,10.672952,5.9,4.24
T04,GL-4396,2026-03-09 17:12:00,7.472356,10.672831,6.8,5.45
T04,GL-4396,2026-03-09 17:13:00,7.473008,10.672838,9.9,3.55
T04,GL-4396,2026-03-09 17:14:00,7.473467,10.672746,5.3,5.02
T04,GL-4396,2026-03-09 17:15:00,7.474035,10.67283,9.6,3.25
T04,GL-4396,2026-03-09 17:16:00,7.474365,10.672823,8.7,3.46
T04,GL-4396,2026-03-09 17:17:00,7.475003,10.672791,11.8,2.97
T04,GL-4396,2026-03-09 17:18:00,7.475514,10.672821,11.5,4.1
T04,GL-4396,2026-03-09 17:19:00,7.475939,10.672723,4.7,3.29
T04,GL-4396,2026-03-09 17:20:00,7.476429,10.67267,9.9,5.46
T04,GL-4396,2026-03-09 17:21:00,7.477052,10.672798,6.4,4.74
T04,GL-4396,2026-03-09 17:22:00,7.477522,10.672782,10.0,4.69
T04,GL-4396,2026-03-09 17:23:00,7.478008,10.67267,8.6,4.48
T04,GL-4396,2026-03-09 17:24:00,7.478576,10.672668,8.8,4.52
T04,GL-4396,2026-03-09 17:25:00,7.478898,10.672761,8.5,3.61
T04,GL-4396,2026-03-09 17:26:00,7.479432,10.672672,9.2,3.82
T04,GL-4396,2026-03-09 17:27:00,7.480104,10.672647,11.3,4.06
T04,GL-4396,2026-03-09 17:28:00,7.480482,10.672605,8.9,4.3
T04,GL-4396,2026-03-09 17:29:00,7.480941,10.672559,9.1,5.01
T04,GL-4396,2026-03-09 17:30:00,7.481402,10.672667,5.2,2.89
T04,GL-4396,2026-03-09 17:31:00,7.482051,10.672637,4.8,4.2
T04,GL-4396,2026-03-09 17:32:00,7.482426,10.672633,11.4,3.37
T04,GL-4396,2026-03-09 17:33:00,7.483044,10.672584,10.8,4.22
T04,GL-4396,2026-03-09 17:34:00,7.483472,10.672621,7.3,5.24
T04,GL-4396,2026-03-09 17:35:00,7.484042,10.67251,9.8,3.33
T04,GL-4396,2026-03-09 17:36:00,7.484569,10.672541,8.2,4.38
T04,GL-4396,2026-03-09 17:37:00,7.485024,10.672587,9.2,2.99
T04,GL-4396,2026-03-09 17:38:00,7.485601,10.672506,11.3,5.34
T04,GL-4396,2026-03-09 17:39:00,7.486101,10.672574,7.5,4.35
T04,GL-4396,2026-03-09 17:40:00,7.486578,10.672592,5.2,4.77
T04,GL-4396,2026-03-09 17:41:00,7.487037,10.672476,5.2,4.26
T04,GL-4396,2026-03-09 17:42:00,7.487582,10.672441,5.5,2.99
T04,GL-4396,2026-03-09 17:43:00,7.488069,10.67237,8.4,4.71
T04,GL-4396,2026-03-09 17:44:00,7.488691,10.67236,8.4,3.06
T04,GL-4396,2026-03-09 17:45:00,7.489171,10.672415,10.7,3.4
T04,GL-4396,2026-03-09 17:46:00,7.489554,10.672441,8.2,4.64
T04,GL-4396,2026-03-09 17:47:00,7.490112,10.672447,7.3,3.56
T04,GL-4396,2026-03-09 17:48:00,7.490608,10.672276,9.1,3.22
T04,GL-4396,2026-03-09 17:49:00,7.491052,10.672321,8.0,4.61
T04,GL-4396,2026-03-09 17:50:00,7.491591,10.672299,7.4,4.35
T04,GL-4396,2026-03-09 17:51:00,7.492016,10.672264,4.0,4.46
T04,GL-4396,2026-03-09 17:52:00,7.492659,10.672257,6.1,5.15
T04,GL-4396,2026-03-09 17:53:00,7.493152,10.672251,11.3,5.38
T04,GL-4396,2026-03-09 17:54:00,7.691326,10.672317,8.2,281.99
T04,GL-4396,2026-03-09 17:55:00,7.494097,10.672216,11.4,2.93
T04,GL-4396,2026-03-09 17:56:00,7.494677,10.67231,5.6,2.96
T04,GL-4396,2026-03-09 17:57:00,7.495152,10.672206,6.2,2.81
T04,GL-4396,2026-03-09 17:58:00,7.49563,10.672266,4.3,3.1
T04,GL-4396,2026-03-09 17:59:00,7.496136,10.67231,8.9,4.47
T04,GL-4396,2026-03-09 18:00:00,7.496669,10.672189,4.2,3.65
T04,GL-4396,2026-03-09 18:01:00,7.497161,10.672219,8.7,5.28
T04,GL-4396,2026-03-09 18:02:00,7.497604,10.672196,11.8,4.61
T04,GL-4396,2026-03-09 18:03:00,7.498172,10.672195,4.7,3.79
T04,GL-4396,2026-03-09 18:04:00,7.498635,10.67217,7.5,4.96
T04,GL-4396,2026-03-09 18:05:00,7.499244,10.672185,10.4,4.25
T04,GL-4396,2026-03-09 18:06:00,7.499675,10.672058,4.1,3.03
T04,GL-4396,2026-03-09 18:07:00,7.500236,10.672147,6.7,4.64
T04,GL-4396,2026-03-09 18:08:00,7.500581,10.672108,10.3,4.28
T04,GL-4396,2026-03-09 18:09:00,7.501178,10.672061,7.2,3.6
T04,GL-4396,2026-03-09 18:10:00,7.501661,10.672139,6.7,3.82
T04,GL-4396,2026-03-09 18:11:00,7.502267,10.672123,9.8,5.27
T04,GL-4396,2026-03-09 18:12:00,7.502648,10.672089,5.5,5.05
T04,GL-4396,2026-03-09 18:13:00,7.503131,10.671958,4.6,5.1
T04,GL-4396,2026-03-09 18:14:00,7.503627,10.671976,5.5,3.31
T04,GL-4396,2026-03-09 18:15:00,7.504273,10.672041,4.3,5.05
T04,GL-4396,2026-03-09 18:16:00,7.504822,10.672036,10.7,5.58
T04,GL-4396,2026-03-09 18:17:00,7.505251,10.671938,10.1,4.46
T04,GL-4396,2026-03-09 18:18:00,7.505688,10.672054,4.4,5.6
T04,GL-4396,2026-03-09 18:19:00,7.506251,10.672109,9.1,5.18
T04,GL-4396,2026-03-09 18:20:00,7.506744,10.671924,8.1,3.26
T04,GL-4396,2026-03-09 18:21:00,7.50718,10.671887,11.7,5.31
T04,GL-4396,2026-03-09 18:22:00,7.507688,10.671961,9.7,5.29
T04,GL-4396,2026-03-09 18:23:00,7.508203,10.671895,10.1,3.47
T04,GL-4396,2026-03-09 18:24:00,7.508784,10.671858,10.8,2.96
T04,GL-4396,2026-03-09 18:25:00,7.509251,10.671868,5.6,3.29
T04,GL-4396,2026-03-09 18:26:00,7.509788,10.671787,10.8,3.52
T04,GL-4396,2026-03-09 18:27:00,7.510232,10.671763,9.6,4.83
T04,GL-4396,2026-03-09 18:28:00,7.510547,10.67184,7.9,3.14
T04,GL-4396,2026-03-09 18:29:00,7.511186,10.671702,8.4,3.93
T04,GL-4396,2026-03-09 18:30:00,7.511758,10.67177,9.3,2.9
T04,GL-4396,2026-03-09 18:31:00,7.512165,10.671771,8.2,5.34
T04,GL-4396,2026-03-09 18:32:00,7.51279,10.671834,7.7,3.98
T04,GL-4396,2026-03-09 18:33:00,7.513326,10.671744,10.8,5.54
T04,GL-4396,2026-03-09 18:34:00,7.513742,10.671867,9.7,4.67
T04,GL-4396,2026-03-09 18:35:00,7.51436,10.671717,8.6,3.75
T04,GL-4396,2026-03-09 18:36:00,7.514833,10.671727,5.1,4.3
T04,GL-4396,2026-03-09 18:37:00,7.515211,10.671731,9.0,3.27
T04,GL-4396,2026-03-09 18:38:00,7.515777,10.671637,7.3,5.06
T04,GL-4396,2026-03-09 18:39:00,7.516392,10.671639,10.0,3.78
T04,GL-4396,2026-03-09 18:40:00,7.516766,10.671661,7.0,5.24
T04,GL-4396,2026-03-09 18:41:00,7.517338,10.671663,4.1,4.41
T04,GL-4396,2026-03-09 18:42:00,7.517724,10.671644,4.1,3.86
T04,GL-4396,2026-03-09 18:43:00,7.518356,10.671669,6.8,4.29
T04,GL-4396,2026-03-09 18:44:00,7.518819,10.671661,8.3,3.68
T04,GL-4396,2026-03-09 18:45:00,7.519401,10.671543,6.4,5.33
T04,GL-4396,2026-03-09 18:46:00,7.5198,10.671576,10.6,4.56
T04,GL-4396,2026-03-09 18:47:00,7.520339,10.671631,11.0,4.63
T04,GL-4396,2026-03-09 18:48:00,7.520853,10.671504,10.2,5.3
T04,GL-4396,2026-03-09 18:49:00,7.521314,10.671532,11.4,3.77
T04,GL-4396,2026-03-09 18:50:00,7.52185,10.67153,11.8,3.0
T04,GL-4396,2026-03-09 18:51:00,7.522377,10.671532,7.9,3.24
T04,GL-4396,2026-03-09 18:52:00,7.522932,10.671488,9.3,4.37
T04,GL-4396,2026-03-09 18:53:00,7.523398,10.671491,5.4,3.59
T04,GL-4396,2026-03-09 18:54:00,7.523919,10.671478,10.0,3.03
T04,GL-4396,2026-03-09 18:55:00,7.524382,10.671497,8.7,5.46
T04,GL-4396,2026-03-09 18:56:00,7.52486,10.671327,10.8,5.19
T04,GL-4396,2026-03-09 18:57:00,7.525431,10.671461,8.9,4.25
T04,GL-4396,2026-03-09 18:58:00,7.525803,10.671428,11.6,4.21
T04,GL-4396,2026-03-09 18:59:00,7.52643,10.671448,10.3,5.15
T04,GL-4396,2026-03-09 19:00:00,7.526932,10.671306,6.4,3.28
T04,GL-4396,2026-03-09 19:01:00,7.527448,10.671346,9.9,3.89
T04,GL-4396,2026-03-09 19:02:00,7.527939,10.67139,11.9,4.5
T04,GL-4396,2026-03-09 19:03:00,7.528354,10.671396,9.0,5.46
T04,GL-4396,2026-03-09 19:04:00,7.528924,10.671287,9.4,4.24
T04,GL-4396,2026-03-09 19:05:00,7.529384,10.67133,8.3,4.3
T04,GL-4396,2026-03-09 19:06:00,7.529904,10.671335,7.2,3.25
T04,GL-4396,2026-03-09 19:07:00,7.530425,10.671435,5.4,5.21
T04,GL-4396,2026-03-09 19:08:00,7.530798,10.671335,5.8,5.03
T04,GL-4396,2026-03-09 19:09:00,7.531467,10.671262,5.3,3.04
T04,GL-4396,2026-03-09 19:10:00,7.531844,10.67124,11.0,3.44
T04,GL-4396,2026-03-09 19:11:00,7.532547,10.671195,8.5,4.6
T04,GL-4396,2026-03-09 19:12:00,7.533,10.671269,5.6,4.16
T04,GL-4396,2026-03-09 19:13:00,7.533408,10.671206,9.7,5.01
T04,GL-4396,2026-03-09 19:14:00,7.53399,10.671233,6.3,4.97
T04,GL-4396,2026-03-09 19:15:00,7.534537,10.671284,5.6,4.97
T04,GL-4396,2026-03-09 19:16:00,7.534968,10.671231,11.6,5.57
T04,GL-4396,2026-03-09 19:17:00,7.535524,10.671295,10.3,5.29
T04,GL-4396,2026-03-09 19:18:00,7.53594,10.671163,10.8,4.24
T04,GL-4396,2026-03-09 19:19:00,7.536401,10.671118,4.8,4.2
T04,GL-4396,2026-03-09 19:20:00,7.537041,10.671119,10.0,4.3
T04,GL-4396,2026-03-09 19:21:00,7.537456,10.671167,4.5,3.83
T04,GL-4396,2026-03-09 19:22:00,7.537877,10.671215,11.9,4.98
T04,GL-4396,2026-03-09 19:23:00,7.538523,10.671112,6.8,4.62
T04,GL-4396,2026-03-09 19:24:00,7.538975,10.671034,10.7,5.22
T04,GL-4396,2026-03-09 19:25:00,7.53955,10.67115,7.7,3.53
T04,GL-4396,2026-03-09 19:26:00,7.539918,10.670988,4.5,5.45
T04,GL-4396,2026-03-09 19:27:00,7.540552,10.670942,6.1,3.33
T04,GL-4396,2026-03-09 19:28:00,7.541001,10.671064,7.2,4.71
T04,GL-4396,2026-03-09 19:29:00,7.541566,10.670951,6.1,4.39
T04,GL-4396,2026-03-09 19:30:00,7.542192,10.671068,11.6,3.94
T04,GL-4396,2026-03-09 19:31:00,7.54249,10.670991,8.5,4.01
T04,GL-4396,2026-03-09 19:32:00,7.542973,10.670887,8.9,5.35
T04,GL-4396,2026-03-09 19:33:00,7.543553,10.670991,9.6,5.3
T04,GL-4396,2026-03-09 19:34:00,7.543975,10.67094,9.8,3.5
T04,GL-4396,2026-03-09 19:35:00,7.544569,10.670878,6.0,4.98
T04,GL-4396,2026-03-09 19:36:00,7.544955,10.670763,7.7,4.95
T04,GL-4396,2026-03-09 19:37:00,7.545623,10.670861,5.9,2.91
T04,GL-4396,2026-03-09 19:38:00,7.546159,10.670876,6.5,3.77
T04,GL-4396,2026-03-09 19:39:00,7.546454,10.670931,4.5,3.47
T04,GL-4396,2026-03-09 19:40:00,7.547086,10.670846,5.0,4.05
T04,GL-4396,2026-03-09 19:41:00,7.547571,10.670862,7.2,3.34
T04,GL-4396,2026-03-09 19:42:00,7.548119,10.670903,11.4,3.87
T04,GL-4396,2026-03-09 19:43:00,7.548587,10.670807,4.7,3.0
T04,GL-4396,2026-03-09 19:44:00,7.549103,10.670765,7.0,5.49
T04,GL-4396,2026-03-09 19:45:00,7.549537,10.670832,11.8,3.27
T04,GL-4396,2026-03-09 19:46:00,7.550078,10.670851,5.3,4.94
T04,GL-4396,2026-03-09 19:47:00,7.550609,10.67081,9.7,4.13
T04,GL-4396,2026-03-09 19:48:00,7.551025,10.67084,5.6,4.52
T04,GL-4396,2026-03-09 19:49:00,7.551631,10.670776,4.0,5.58
T04,GL-4396,2026-03-09 19:50:00,7.552184,10.670823,7.5,5.15
T04,GL-4396,2026-03-09 19:51:00,7.552647,10.670746,7.1,2.9
T04,GL-4396,2026-03-09 19:52:00,7.553054,10.670756,7.7,4.49
T04,GL-4396,2026-03-09 19:53:00,7.553683,10.6707,10.4,4.66
T04,GL-4396,2026-03-09 19:54:00,7.554119,10.670665,4.4,3.09
T04,GL-4396,2026-03-09 19:55:00,7.554625,10.670691,9.8,4.5
T04,GL-4396,2026-03-09 19:56:00,7.555209,10.670697,4.5,3.03
T04,GL-4396,2026-03-09 19:57:00,7.555717,10.670699,7.4,4.4
T04,GL-4396,2026-03-09 19:58:00,7.556089,10.670557,10.1,3.09
T04,GL-4396,2026-03-09 19:59:00,7.556696,10.670677,8.5,5.19
T04,GL-4396,2026-03-09 20:00:00,7.557097,10.670567,9.6,2.88
T04,GL-4396,2026-03-09 20:01:00,7.557683,10.670637,8.4,4.14
T04,GL-4396,2026-03-09 20:02:00,7.558226,10.670516,5.0,4.46
T04,GL-4396,2026-03-09 20:03:00,7.558664,10.670665,5.0,4.87
T04,GL-4396,2026-03-09 20:04:00,7.559293,10.670562,11.9,5.52
T04,GL-4396,2026-03-09 20:05:00,7.559668,10.670682,10.4,5.15
T04,GL-4396,2026-03-09 20:06:00,7.560136,10.670564,5.1,4.65
T04,GL-4396,2026-03-09 20:07:00,7.560576,10.67057,4.7,4.09
T04,GL-4396,2026-03-09 20:08:00,7.561236,10.67052,6.1,3.44
T04,GL-4396,2026-03-09 20:09:00,7.561671,10.670564,11.3,5.15
T04,GL-4396,2026-03-09 20:10:00,7.562156,10.670529,11.9,3.72
T04,GL-4396,2026-03-09 20:11:00,7.562655,10.670495,8.8,3.26
T04,GL-4396,2026-03-09 20:12:00,7.563175,10.670482,11.6,5.11
T04,GL-4396,2026-03-09 20:13:00,7.563702,10.670464,8.0,5.34
T04,GL-4396,2026-03-09 20:14:00,7.564162,10.670366,9.5,5.56
T04,GL-4396,2026-03-09 20:15:00,7.564628,10.670282,8.0,3.86
T04,GL-4396,2026-03-09 20:16:00,7.565248,10.670414,11.4,5.19
T04,GL-4396,2026-03-09 20:17:00,7.565763,10.670246,10.4,3.97
T04,GL-4396,2026-03-09 20:18:00,7.566243,10.670411,8.1,5.43
T04,GL-4396,2026-03-09 20:19:00,7.56669,10.670209,4.3,4.64
T04,GL-4396,2026-03-09 20:20:00,7.567286,10.670306,11.3,3.48
T04,GL-4396,2026-03-09 20:21:00,7.567727,10.67034,6.2,5.6
T04,GL-4396,2026-03-09 20:22:00,7.568275,10.67036,8.8,4.48
T04,GL-4396,2026-03-09 20:23:00,7.568641,10.670293,11.6,3.13
T04,GL-4396,2026-03-09 20:24:00,7.569249,10.670181,6.0,3.94
T04,GL-4396,2026-03-09 20:25:00,7.569746,10.670311,9.1,4.51
T04,GL-4396,2026-03-09 20:26:00,7.57036,10.670152,9.9,4.09
T04,GL-4396,2026-03-09 20:27:00,7.570767,10.670229,11.1,3.82
T04,GL-4396,2026-03-09 20:28:00,7.571345,10.670261,8.0,4.94
T04,GL-4396,2026-03-09 20:29:00,7.571833,10.670171,11.7,5.59
T04,GL-4396,2026-03-09 20:30:00,7.572264,10.670193,6.5,3.21
T04,GL-4396,2026-03-09 20:31:00,7.572853,10.670135,7.9,4.81
T04,GL-4396,2026-03-09 20:32:00,7.573222,10.670228,10.1,3.72
T04,GL-4396,2026-03-09 20:33:00,7.573805,10.670177,4.4,4.48
T04,GL-4396,2026-03-09 20:34:00,7.574333,10.670145,11.5,4.19
T04,GL-4396,2026-03-09 20:35:00,7.574842,10.670125,7.1,4.91
T04,GL-4396,2026-03-09 20:36:00,7.57532,10.670107,8.8,5.25
T04,GL-4396,2026-03-09 20:37:00,7.57579,10.670094,11.8,4.96
T04,GL-4396,2026-03-09 20:38:00,7.576264,10.670105,7.2,5.41
T04,GL-4396,2026-03-09 20:39:00,7.576884,10.670156,8.0,4.28
T04,GL-4396,2026-03-09 20:40:00,7.577401,10.670066,7.2,3.79
T04,GL-4396,2026-03-09 20:41:00,7.577873,10.670132,8.1,3.63
T04,GL-4396,2026-03-09 20:42:00,7.578255,10.670113,7.0,4.14
T04,GL-4396,2026-03-09 20:43:00,7.578869,10.670083,9.8,3.02
T04,GL-4396,2026-03-09 20:44:00,7.579333,10.670091,10.7,4.09
T04,GL-4396,2026-03-09 20:45:00,7.579846,10.669877,8.3,4.22
T04,GL-4396,2026-03-09 20:46:00,7.580336,10.669987,8.6,5.52
T04,GL-4396,2026-03-09 20:47:00,7.580858,10.670025,5.3,4.56
T04,GL-4396,2026-03-09 20:48:00,7.709849,10.669957,8.8,393.36
T04,GL-4396,2026-03-09 20:49:00,7.581869,10.669964,7.9,3.07
T04,GL-4396,2026-03-09 20:50:00,7.58242,10.670028,11.4,5.06
T04,GL-4396,2026-03-09 20:51:00,7.582793,10.669838,7.8,5.32
T04,GL-4396,2026-03-09 20:52:00,7.583367,10.669896,11.4,4.3
T04,GL-4396,2026-03-09 20:53:00,7.583726,10.669896,,4.65
T04,GL-4396,2026-03-09 20:54:00,7.584378,10.669866,10.2,4.13
T04,GL-4396,2026-03-09 20:55:00,7.584887,10.669877,10.4,4.51
T04,GL-4396,2026-03-09 20:56:00,7.585421,10.669844,11.0,4.41
T04,GL-4396,2026-03-09 20:57:00,7.585909,10.669814,5.6,4.35
T04,GL-4396,2026-03-09 20:58:00,7.586459,10.669821,12.0,5.34
T04,GL-4396,2026-03-09 20:59:00,7.586943,10.66981,8.2,5.01
T04,GL-4396,2026-03-09 21:00:00,7.587439,10.669929,7.5,3.16
T04,GL-4396,2026-03-09 21:01:00,7.58791,10.669762,4.2,3.91
T04,GL-4396,2026-03-09 21:02:00,7.588391,10.669751,6.6,5.28
T04,GL-4396,2026-03-09 21:03:00,7.588842,10.669755,4.3,5.25
T04,GL-4396,2026-03-09 21:04:00,7.58947,10.66976,4.7,5.19
T04,GL-4396,2026-03-09 21:05:00,7.589854,10.669799,6.9,4.37
T04,GL-4396,2026-03-09 21:06:00,7.590401,10.669763,,3.94
T04,GL-4396,2026-03-09 21:07:00,7.591001,10.6697,7.8,4.26
T04,GL-4396,2026-03-09 21:08:00,7.591423,10.669717,7.7,3.23
T04,GL-4396,2026-03-09 21:09:00,7.591948,10.669742,9.9,4.45
T04,GL-4396,2026-03-09 21:10:00,7.592404,10.669723,5.6,3.54
T04,GL-4396,2026-03-09 21:11:00,7.592926,10.669703,4.1,3.6
T04,GL-4396,2026-03-09 21:12:00,7.593538,10.669694,11.7,3.53
T04,GL-4396,2026-03-09 21:13:00,7.593901,10.669532,10.8,3.44
T04,GL-4396,2026-03-09 21:14:00,7.594302,10.669634,10.8,5.33
T04,GL-4396,2026-03-09 21:15:00,7.594924,10.669619,10.6,3.97
T04,GL-4396,2026-03-09 21:16:00,7.595435,10.669555,10.5,4.19
T04,GL-4396,2026-03-09 21:17:00,7.59582,10.669639,6.6,4.67
T04,GL-4396,2026-03-09 21:18:00,7.596442,10.669534,11.2,3.37
T04,GL-4396,2026-03-09 21:19:00,7.597083,10.669509,9.5,4.71
T04,GL-4396,2026-03-09 21:20:00,7.597602,10.66952,5.4,3.01
T04,GL-4396,2026-03-09 21:21:00,7.597959,10.669532,6.8,3.61
T04,GL-4396,2026-03-09 21:22:00,7.598486,10.669576,10.0,3.34
T04,GL-4396,2026-03-09 21:23:00,7.599037,10.669578,11.0,3.87
T04,GL-4396,2026-03-09 21:24:00,7.599566,10.669603,9.7,3.14
T04,GL-4396,2026-03-09 21:25:00,7.600044,10.66939,4.6,3.87
T04,GL-4396,2026-03-09 21:26:00,7.60056,10.669512,7.5,4.55
T04,GL-4396,2026-03-09 21:27:00,7.600953,10.669573,4.3,4.83
T04,GL-4396,2026-03-09 21:28:00,7.601569,10.669446,11.4,3.94
T04,GL-4396,2026-03-09 21:29:00,7.602048,10.669353,9.7,4.61
T04,GL-4396,2026-03-09 21:30:00,7.602404,10.66942,7.2,3.96
T04,GL-4396,2026-03-09 21:31:00,7.60304,10.669372,5.5,4.7
T04,GL-4396,2026-03-09 21:32:00,7.603502,10.669384,10.1,5.48
T04,GL-4396,2026-03-09 21:33:00,7.604148,10.669358,9.0,5.36
T04,GL-4396,2026-03-09 21:34:00,7.604485,10.669341,10.1,3.79
T04,GL-4396,2026-03-09 21:35:00,7.605086,10.669335,10.7,3.43
T04,GL-4396,2026-03-09 21:36:00,7.60555,10.669372,4.4,5.2
T04,GL-4396,2026-03-09 21:37:00,7.606078,10.669328,4.5,5.5
T04,GL-4396,2026-03-09 21:38:00,7.606534,10.669275,9.4,5.27
T04,GL-4396,2026-03-09 21:39:00,7.607102,10.669269,4.5,3.09
T04,GL-4396,2026-03-09 21:40:00,7.607579,10.669322,9.4,4.28
T04,GL-4396,2026-03-09 21:41:00,7.608051,10.669335,5.8,5.38
T04,GL-4396,2026-03-09 21:42:00,7.60854,10.669186,8.3,2.89
T04,GL-4396,2026-03-09 21:43:00,7.609176,10.669293,9.0,3.55
T04,GL-4396,2026-03-09 21:44:00,7.609538,10.669292,6.8,4.82
T04,GL-4396,2026-03-09 21:45:00,7.610092,10.669319,9.5,5.06
T04,GL-4396,2026-03-09 21:46:00,7.610622,10.669225,10.4,3.41
T04,GL-4396,2026-03-09 21:47:00,7.611043,10.66915,7.5,4.08
T04,GL-4396,2026-03-09 21:48:00,7.611637,10.669198,6.5,3.28
T04,GL-4396,2026-03-09 21:49:00,7.612126,10.669222,8.4,2.89
T04,GL-4396,2026-03-09 21:50:00,7.612503,10.669136,5.4,4.97
T04,GL-4396,2026-03-09 21:51:00,7.61305,10.669235,10.0,4.26
T04,GL-4396,2026-03-09 21:52:00,7.613605,10.669145,11.4,3.53
T04,GL-4396,2026-03-09 21:53:00,7.61405,10.669106,6.4,5.21
T04,GL-4396,2026-03-09 21:54:00,7.614619,10.669088,9.8,4.48
T04,GL-4396,2026-03-09 21:55:00,7.615078,10.669068,4.0,3.6
T04,GL-4396,2026-03-09 21:56:00,7.615505,10.669013,6.1,5.18
T04,GL-4396,2026-03-09 21:57:00,7.616069,10.66908,10.0,4.54
T04,GL-4396,2026-03-09 21:58:00,7.616749,10.669012,10.6,3.7
T04,GL-4396,2026-03-09 21:59:00,7.617057,10.669042,4.7,3.93
T04,GL-4396,2026-03-09 22:00:00,7.617503,10.669146,6.5,5.08
T04,GL-4396,2026-03-09 22:01:00,7.618141,10.668961,4.5,3.65
T04,GL-4396,2026-03-09 22:02:00,7.618681,10.668931,5.9,4.69
T04,GL-4396,2026-03-09 22:03:00,7.619176,10.669035,5.6,3.66
T04,GL-4396,2026-03-09 22:04:00,7.61967,10.668912,9.6,3.23
T04,GL-4396,2026-03-09 22:05:00,7.620093,10.669049,5.8,3.42
T04,GL-4396,2026-03-09 22:06:00,7.620727,10.668862,8.2,4.45
T04,GL-4396,2026-03-09 22:07:00,7.62121,10.668824,11.4,5.08
T04,GL-4396,2026-03-09 22:08:00,7.621664,10.668969,4.9,4.22
T04,GL-4396,2026-03-09 22:09:00,7.622241,10.668864,7.9,3.59
T04,GL-4396,2026-03-09 22:10:00,7.622746,10.668838,4.4,5.54
T04,GL-4396,2026-03-09 22:11:00,7.623217,10.668886,9.9,3.2
T04,GL-4396,2026-03-09 22:12:00,7.623796,10.668882,7.2,4.91
T04,GL-4396,2026-03-09 22:13:00,7.624145,10.668798,7.7,4.44
T04,GL-4396,2026-03-09 22:14:00,7.624795,10.668927,6.8,3.84
T04,GL-4396,2026-03-09 22:15:00,7.625203,10.668844,6.0,4.66
T04,GL-4396,2026-03-09 22:16:00,7.625644,10.668766,10.2,3.24
T04,GL-4396,2026-03-09 22:17:00,7.626037,10.668732,9.2,4.26
T04,GL-4396,2026-03-09 22:18:00,7.626721,10.668877,4.0,5.28
T04,GL-4396,2026-03-09 22:19:00,7.627101,10.668854,6.1,4.76
T04,GL-4396,2026-03-09 22:20:00,7.627683,10.66881,9.1,4.48
T04,GL-4396,2026-03-09 22:21:00,7.628236,10.668727,11.7,3.28
T04,GL-4396,2026-03-09 22:22:00,7.62875,10.66871,11.6,3.32
T04,GL-4396,2026-03-09 22:23:00,7.629282,10.668779,10.8,5.16
T04,GL-4396,2026-03-09 22:24:00,7.629596,10.668729,10.6,3.26
T04,GL-4396,2026-03-09 22:25:00,7.630252,10.668612,11.0,3.39
T04,GL-4396,2026-03-09 22:26:00,7.630755,10.668702,4.2,5.05
T04,GL-4396,2026-03-09 22:27:00,7.631198,10.668692,5.4,4.31
T04,GL-4396,2026-03-09 22:28:00,7.631688,10.668694,7.9,4.29
T04,GL-4396,2026-03-09 22:29:00,7.632282,10.668655,11.0,3.03
T04,GL-4396,2026-03-09 22:30:00,7.63276,10.668652,9.7,5.02
T04,GL-4396,2026-03-09 22:31:00,7.633308,10.66872,11.9,4.28
T04,GL-4396,2026-03-09 22:32:00,7.633805,10.668581,6.8,3.62
T04,GL-4396,2026-03-09 22:33:00,7.634307,10.668542,9.0,5.27
T04,GL-4396,2026-03-09 22:34:00,7.634854,10.668599,8.2,3.79
T04,GL-4396,2026-03-09 22:35:00,7.635312,10.668691,6.6,5.41
T04,GL-4396,2026-03-09 22:36:00,7.635743,10.668613,5.3,2.85
T04,GL-4396,2026-03-09 22:37:00,7.636362,10.668432,8.7,4.25
T04,GL-4396,2026-03-09 22:38:00,7.636715,10.66848,12.0,5.57
T04,GL-4396,2026-03-09 22:39:00,7.637308,10.668513,12.0,2.94
T04,GL-4396,2026-03-09 22:40:00,7.637839,10.668369,9.0,3.29
T04,GL-4396,2026-03-09 22:41:00,7.638318,10.668483,11.5,4.06
T04,GL-4396,2026-03-09 22:42:00,7.638739,10.668501,5.0,3.06
T04,GL-4396,2026-03-09 22:43:00,7.639379,10.668482,11.3,3.57
T04,GL-4396,2026-03-09 22:44:00,7.639799,10.668381,11.3,5.12
T04,GL-4396,2026-03-09 22:45:00,7.640378,10.668516,7.5,5.51
T04,GL-4396,2026-03-09 22:46:00,7.640845,10.668406,6.6,3.6
T04,GL-4396,2026-03-09 22:47:00,7.64137,10.668397,5.1,3.14
T04,GL-4396,2026-03-09 22:48:00,7.641825,10.668261,9.9,2.94
T04,GL-4396,2026-03-09 22:49:00,7.6424,10.668345,9.3,4.87
T04,GL-4396,2026-03-09 22:50:00,7.642757,10.668409,7.9,3.69
T04,GL-4396,2026-03-09 22:51:00,7.643302,10.668505,6.8,4.19
T04,GL-4396,2026-03-09 22:52:00,7.643889,10.668354,8.6,3.7
T04,GL-4396,2026-03-09 22:53:00,7.64431,10.668391,9.8,2.82
T04,GL-4396,2026-03-09 22:54:00,7.644872,10.668285,6.5,3.21
T04,GL-4396,2026-03-09 22:55:00,7.645439,10.668367,8.2,5.59
T04,GL-4396,2026-03-09 22:56:00,7.645876,10.668326,8.3,4.09
T04,GL-4396,2026-03-09 22:57:00,7.646385,10.668185,5.5,5.36
T04,GL-4396,2026-03-09 22:58:00,7.64691,10.668289,7.5,5.56
T04,GL-4396,2026-03-09 22:59:00,7.647352,10.668239,10.7,4.6
T04,GL-4396,2026-03-09 23:00:00,7.647949,10.668208,7.0,3.91
T04,GL-4396,2026-03-09 23:01:00,7.648478,10.668242,4.9,4.11
T04,GL-4396,2026-03-09 23:02:00,7.648907,10.668258,,3.3
T04,GL-4396,2026-03-09 23:03:00,7.64935,10.668155,8.2,5.51
T04,GL-4396,2026-03-09 23:04:00,7.649834,10.668113,7.7,3.26
T04,GL-4396,2026-03-09 23:05:00,7.650502,10.668067,4.4,5.14
T04,GL-4396,2026-03-09 23:06:00,7.650881,10.668179,8.2,5.29
T04,GL-4396,2026-03-09 23:07:00,7.651466,10.668138,6.3,2.91
T04,GL-4396,2026-03-09 23:08:00,7.651913,10.668197,6.3,4.23
T04,GL-4396,2026-03-09 23:09:00,7.652535,10.668132,11.1,4.21
T04,GL-4396,2026-03-09 23:10:00,7.65297,10.668065,9.2,2.91
T04,GL-4396,2026-03-09 23:11:00,7.653492,10.668069,5.2,3.91
T04,GL-4396,2026-03-09 23:12:00,7.653921,10.668091,7.6,5.33
T04,GL-4396,2026-03-09 23:13:00,7.65439,10.668113,11.1,4.33
T04,GL-4396,2026-03-09 23:14:00,7.655015,10.668065,10.0,5.32
T04,GL-4396,2026-03-09 23:15:00,7.655466,10.667944,5.3,4.17
T04,GL-4396,2026-03-09 23:16:00,7.655894,10.66811,8.5,5.57
T04,GL-4396,2026-03-09 23:17:00,7.65654,10.667967,7.4,3.29
T04,GL-4396,2026-03-09 23:18:00,7.637149,10.667966,4.8,219.31
T04,GL-4396,2026-03-09 23:19:00,7.657442,10.668068,9.8,4.06
T04,GL-4396,2026-03-09 23:20:00,7.658076,10.667912,10.2,4.71
T04,GL-4396,2026-03-09 23:21:00,7.658506,10.667911,11.5,4.82
T04,GL-4396,2026-03-09 23:22:00,7.659027,10.667857,5.2,5.49
T04,GL-4396,2026-03-09 23:23:00,7.659453,10.667999,5.9,4.15
T04,GL-4396,2026-03-09 23:24:00,7.660054,10.667914,8.0,3.78
T04,GL-4396,2026-03-09 23:25:00,7.660483,10.66793,6.8,3.52
T04,GL-4396,2026-03-09 23:26:00,7.660991,10.667925,10.7,3.48
T04,GL-4396,2026-03-09 23:27:00,7.661434,10.667828,10.1,4.85
T04,GL-4396,2026-03-09 23:28:00,7.662004,10.667853,5.6,4.3
T04,GL-4396,2026-03-09 23:29:00,7.662569,10.667964,8.8,3.31
T04,GL-4396,2026-03-09 23:30:00,7.663078,10.66789,8.9,4.1
T04,GL-4396,2026-03-09 23:31:00,7.663543,10.66792,10.3,4.54
T04,GL-4396,2026-03-09 23:32:00,7.664063,10.667884,7.8,3.0
T04,GL-4396,2026-03-09 23:33:00,7.664571,10.667772,5.7,4.5
T04,GL-4396,2026-03-09 23:34:00,7.664994,10.667757,10.8,4.71
T04,GL-4396,2026-03-09 23:35:00,7.665551,10.667796,4.5,3.22
T04,GL-4396,2026-03-09 23:36:00,7.666056,10.667705,4.9,3.61
T04,GL-4396,2026-03-09 23:37:00,7.666551,10.667748,10.7,5.45
T04,GL-4396,2026-03-09 23:38:00,7.66706,10.667661,8.3,3.91
T04,GL-4396,2026-03-09 23:39:00,7.667598,10.667678,6.5,4.2
T04,GL-4396,2026-03-09 23:40:00,7.66807,10.667687,7.6,4.95
T04,GL-4396,2026-03-09 23:41:00,7.668503,10.667677,10.0,4.22
T04,GL-4396,2026-03-09 23:42:00,7.669072,10.667662,8.9,3.3
T04,GL-4396,2026-03-09 23:43:00,7.66955,10.667732,4.3,5.52
T04,GL-4396,2026-03-09 23:44:00,7.670064,10.667548,12.0,5.1
T04,GL-4396,2026-03-09 23:45:00,7.670695,10.667629,7.5,4.91
T04,GL-4396,2026-03-09 23:46:00,7.671,10.6676,5.4,3.78
T04,GL-4396,2026-03-09 23:47:00,7.671517,10.667659,9.1,3.68
T04,GL-4396,2026-03-09 23:48:00,7.672083,10.667523,4.7,5.5
T04,GL-4396,2026-03-09 23:49:00,7.672485,10.667533,,5.45
T04,GL-4396,2026-03-09 23:50:00,7.673145,10.667555,5.7,3.33
T04,GL-4396,2026-03-09 23:51:00,7.673664,10.667626,9.7,3.25
T04,GL-4396,2026-03-09 23:52:00,7.67411,10.667628,10.0,3.73
T04,GL-4396,2026-03-09 23:53:00,7.674559,10.667552,6.6,3.15
T04,GL-4396,2026-03-09 23:54:00,7.675133,10.667503,4.4,4.15
T04,GL-4396,2026-03-09 23:55:00,7.675573,10.667575,9.8,5.18
T04,GL-4396,2026-03-09 23:56:00,7.676143,10.667522,8.7,4.64
T04,GL-4396,2026-03-09 23:57:00,7.676688,10.667493,11.7,3.61
T04,GL-4396,2026-03-09 23:58:00,7.677112,10.667412,4.6,3.68
T04,GL-4396,2026-03-09 23:59:00,7.677771,10.667476,6.8,3.38
T04,GL-4396,2026-03-10 00:00:00,7.678169,10.667444,6.4,5.46
T04,GL-4396,2026-03-10 00:01:00,7.678652,10.667408,4.2,3.68
T04,GL-4396,2026-03-10 00:02:00,7.679231,10.667399,10.2,3.18
T04,GL-4396,2026-03-10 00:03:00,7.679701,10.667395,5.0,3.5
T04,GL-4396,2026-03-10 00:04:00,7.680108,10.667377,7.3,4.02
T04,GL-4396,2026-03-10 00:05:00,7.680525,10.667401,6.8,2.82
T04,GL-4396,2026-03-10 00:06:00,7.681239,10.66728,11.2,3.75
T04,GL-4396,2026-03-10 00:07:00,7.681643,10.667442,4.4,4.39
T04,GL-4396,2026-03-10 00:08:00,7.682238,10.667392,4.1,5.24
T04,GL-4396,2026-03-10 00:09:00,7.682758,10.667367,12.0,4.91
T04,GL-4396,2026-03-10 00:10:00,7.683156,10.667445,5.9,3.03
T04,GL-4396,2026-03-10 00:11:00,7.683646,10.66722,9.9,4.06
T04,GL-4396,2026-03-10 00:12:00,7.684149,10.66732,11.4,4.57
T04,GL-4396,2026-03-10 00:13:00,7.684731,10.667282,9.2,3.55
T04,GL-4396,2026-03-10 00:14:00,7.685289,10.667249,9.4,3.81
T04,GL-4396,2026-03-10 00:15:00,7.685755,10.667276,11.1,4.09
T04,GL-4396,2026-03-10 00:16:00,7.686218,10.667224,11.6,3.06
T04,GL-4396,2026-03-10 00:17:00,7.686787,10.667219,7.8,5.24
T04,GL-4396,2026-03-10 00:18:00,7.687229,10.667253,7.4,4.76
T04,GL-4396,2026-03-10 00:19:00,7.687695,10.667222,5.5,3.66
T04,GL-4396,2026-03-10 00:20:00,7.688233,10.667198,6.3,3.22
T04,GL-4396,2026-03-10 00:21:00,7.688862,10.667225,4.4,4.49
T04,GL-4396,2026-03-10 00:22:00,7.689134,10.667131,10.9,3.22
T04,GL-4396,2026-03-10 00:23:00,7.689671,10.66724,8.4,4.93
T04,GL-4396,2026-03-10 00:24:00,7.690262,10.66707,7.0,4.07
T04,GL-4396,2026-03-10 00:25:00,7.690788,10.667118,12.0,3.84
T04,GL-4396,2026-03-10 00:26:00,7.691333,10.667077,11.5,4.5
T04,GL-4396,2026-03-10 00:27:00,7.691659,10.667077,9.6,4.7
T04,GL-4396,2026-03-10 00:28:00,7.692321,10.666913,10.5,4.02
T04,GL-4396,2026-03-10 00:29:00,7.692825,10.667088,8.8,3.74
T04,GL-4396,2026-03-10 00:30:00,7.693165,10.666999,7.5,5.12
T04,GL-4396,2026-03-10 00:31:00,7.693784,10.667091,8.4,3.6
T04,GL-4396,2026-03-10 00:32:00,7.694371,10.667083,4.5,5.21
T04,GL-4396,2026-03-10 00:33:00,7.694782,10.667055,5.1,4.99
T04,GL-4396,2026-03-10 00:34:00,7.695318,10.666962,,3.15
T04,GL-4396,2026-03-10 00:35:00,7.695834,10.666996,11.6,3.38
T04,GL-4396,2026-03-10 00:36:00,7.696397,10.667051,4.9,4.59
T04,GL-4396,2026-03-10 00:37:00,7.69685,10.666926,10.5,3.29
T04,GL-4396,2026-03-10 00:38:00,7.697265,10.666967,5.8,3.65
T04,GL-4396,2026-03-10 00:39:00,7.697785,10.666889,11.9,4.81
T04,GL-4396,2026-03-10 00:40:00,7.698395,10.667025,10.4,3.6
T04,GL-4396,2026-03-10 00:41:00,7.69881,10.666936,8.9,3.52
T04,GL-4396,2026-03-10 00:42:00,7.699392,10.666869,7.1,4.77
T04,GL-4396,2026-03-10 00:43:00,7.69997,10.666837,8.4,3.82
T04,GL-4396,2026-03-10 00:44:00,7.700235,10.666822,6.1,2.89
T04,GL-4396,2026-03-10 00:45:00,7.700885,10.666959,5.2,3.86
T04,GL-4396,2026-03-10 00:46:00,7.70133,10.666873,5.9,5.39
T04,GL-4396,2026-03-10 00:47:00,7.701902,10.666729,7.2,3.89
T04,GL-4396,2026-03-10 00:48:00,7.702435,10.666809,10.1,4.83
T04,GL-4396,2026-03-10 00:49:00,7.702934,10.666697,9.7,5.24
T04,GL-4396,2026-03-10 00:50:00,7.703551,10.666776,5.0,5.29
T04,GL-4396,2026-03-10 00:51:00,7.703751,10.66676,8.6,2.88
T04,GL-4396,2026-03-10 00:52:00,7.704381,10.666692,6.2,4.7
T04,GL-4396,2026-03-10 00:53:00,7.704894,10.666703,4.6,3.54
T04,GL-4396,2026-03-10 00:54:00,7.542264,10.666678,5.0,184.52
T04,GL-4396,2026-03-10 00:55:00,7.705895,10.666731,6.2,3.98
T04,GL-4396,2026-03-10 00:56:00,7.706478,10.666804,10.5,4.71
T04,GL-4396,2026-03-10 00:57:00,7.706804,10.666739,7.8,3.41
T04,GL-4396,2026-03-10 00:58:00,7.70733,10.666715,11.2,3.16
T04,GL-4396,2026-03-10 00:59:00,7.707877,10.666655,10.5,4.13
T04,GL-4396,2026-03-10 01:00:00,7.708313,10.666661,11.3,4.37
T04,GL-4396,2026-03-10 01:01:00,7.708893,10.666784,7.2,4.12
T04,GL-4396,2026-03-10 01:02:00,7.709423,10.666578,10.7,5.11
T04,GL-4396,2026-03-10 01:03:00,7.709937,10.666492,11.8,3.34
T04,GL-4396,2026-03-10 01:04:00,7.710394,10.66665,11.5,2.92
T04,GL-4396,2026-03-10 01:05:00,7.710966,10.666624,11.2,5.53
T04,GL-4396,2026-03-10 01:06:00,7.711472,10.666489,5.1,5.49
T04,GL-4396,2026-03-10 01:07:00,7.816276,10.666421,10.4,203.46
T04,GL-4396,2026-03-10 01:08:00,7.712339,10.666542,9.9,3.62
T04,GL-4396,2026-03-10 01:09:00,7.712974,10.666511,11.0,3.77
T04,GL-4396,2026-03-10 01:10:00,7.713491,10.666532,9.7,4.42
T04,GL-4396,2026-03-10 01:11:00,7.714013,10.666515,8.3,3.43
T04,GL-4396,2026-03-10 01:12:00,7.71452,10.666542,6.9,5.33
T04,GL-4396,2026-03-10 01:13:00,7.715036,10.666461,4.2,3.49
T04,GL-4396,2026-03-10 01:14:00,7.71552,10.666483,8.8,5.58
T04,GL-4396,2026-03-10 01:15:00,7.716048,10.666317,4.1,3.49
T04,GL-4396,2026-03-10 01:16:00,7.716537,10.666384,5.2,4.65
T04,GL-4396,2026-03-10 01:17:00,7.716943,10.666486,6.6,4.35
T04,GL-4396,2026-03-10 01:18:00,7.717504,10.66629,9.1,4.19
T04,GL-4396,2026-03-10 01:19:00,7.717986,10.666401,4.3,5.49
T04,GL-4396,2026-03-10 01:20:00,7.718522,10.666386,5.9,4.37
T04,GL-4396,2026-03-10 01:21:00,7.719079,10.666495,9.2,3.17
T04,GL-4396,2026-03-10 01:22:00,7.719482,10.666294,11.8,4.36
T04,GL-4396,2026-03-10 01:23:00,7.719893,10.666291,9.3,3.49
T04,GL-4396,2026-03-10 01:24:00,7.720596,10.66633,10.4,4.72
T04,GL-4396,2026-03-10 01:25:00,7.721073,10.666313,9.4,5.35
T04,GL-4396,2026-03-10 01:26:00,7.721491,10.66638,4.1,5.11
T04,GL-4396,2026-03-10 01:27:00,7.721952,10.666336,10.2,4.19
T04,GL-4396,2026-03-10 01:28:00,7.722431,10.666177,7.5,4.28
T04,GL-4396,2026-03-10 01:29:00,7.723073,10.666245,8.7,3.09
T04,GL-4396,2026-03-10 01:30:00,7.723522,10.666277,9.7,3.86
T04,GL-4396,2026-03-10 01:31:00,7.723988,10.666328,10.0,5.32
T04,GL-4396,2026-03-10 01:32:00,7.724441,10.666153,8.8,3.19
T04,GL-4396,2026-03-10 01:33:00,7.724944,10.66619,10.5,5.01
T04,GL-4396,2026-03-10 01:34:00,7.725564,10.666181,9.2,5.6
T04,GL-4396,2026-03-10 01:35:00,7.725967,10.666158,8.4,5.07
T04,GL-4396,2026-03-10 01:36:00,7.726623,10.66617,11.1,3.11
T04,GL-4396,2026-03-10 01:37:00,7.727159,10.666141,10.1,3.76
T04,GL-4396,2026-03-10 01:38:00,7.72755,10.666107,4.6,4.91
T04,GL-4396,2026-03-10 01:39:00,7.728154,10.666089,5.5,3.15
T04,GL-4396,2026-03-10 01:40:00,7.728523,10.66624,5.2,4.28
T04,GL-4396,2026-03-10 01:41:00,7.729174,10.666028,6.7,2.85
T04,GL-4396,2026-03-10 01:42:00,7.729655,10.665987,11.3,5.4
T04,GL-4396,2026-03-10 01:43:00,7.730083,10.666089,6.0,5.19
T04,GL-4396,2026-03-10 01:44:00,7.730622,10.666058,7.9,4.04
T04,GL-4396,2026-03-10 01:45:00,7.731019,10.666129,9.4,2.93
T04,GL-4396,2026-03-10 01:46:00,7.731619,10.666024,8.8,3.17
T04,GL-4396,2026-03-10 01:47:00,7.732078,10.666062,5.2,3.55
T04,GL-4396,2026-03-10 01:48:00,7.732644,10.666079,4.2,4.94
T04,GL-4396,2026-03-10 01:49:00,7.733067,10.665953,5.2,4.01
T04,GL-4396,2026-03-10 01:50:00,7.733672,10.665877,5.8,5.47
T04,GL-4396,2026-03-10 01:51:00,7.734055,10.666002,11.5,4.68
T04,GL-4396,2026-03-10 01:52:00,7.73462,10.665901,7.2,2.84
T04,GL-4396,2026-03-10 01:53:00,7.735143,10.665896,7.0,4.04
T04,GL-4396,2026-03-10 01:54:00,7.735691,10.665883,4.6,2.97
T04,GL-4396,2026-03-10 01:55:00,7.736075,10.665938,11.1,5.13
T04,GL-4396,2026-03-10 01:56:00,7.736613,10.665809,7.7,3.96
T04,GL-4396,2026-03-10 01:57:00,7.737186,10.665892,7.1,5.21
T04,GL-4396,2026-03-10 01:58:00,7.737572,10.665885,6.6,3.9
T04,GL-4396,2026-03-10 01:59:00,7.738092,10.666017,5.7,3.14
T04,GL-4396,2026-03-10 02:00:00,7.738654,10.665802,4.3,5.34
T04,GL-4396,2026-03-10 02:01:00,7.739196,10.665782,10.3,5.44
T04,GL-4396,2026-03-10 02:02:00,7.739638,10.665826,9.2,5.18
T04,GL-4396,2026-03-10 02:03:00,7.740144,10.665783,8.4,4.91
T04,GL-4396,2026-03-10 02:04:00,7.740635,10.665797,10.3,3.42
T04,GL-4396,2026-03-10 02:05:00,7.741332,10.665765,5.0,2.84
T04,GL-4396,2026-03-10 02:06:00,7.741607,10.665845,9.8,5.19
T04,GL-4396,2026-03-10 02:07:00,7.742174,10.665729,9.5,3.6
T04,GL-4396,2026-03-10 02:08:00,7.74261,10.665576,4.3,3.49
T04,GL-4396,2026-03-10 02:09:00,7.743125,10.665658,4.1,4.38
T04,GL-4396,2026-03-10 02:10:00,7.743668,10.665812,5.9,4.96
T04,GL-4396,2026-03-10 02:11:00,7.744175,10.665707,6.6,3.66
T04,GL-4396,2026-03-10 02:12:00,7.744678,10.665722,4.8,3.71
T04,GL-4396,2026-03-10 02:13:00,7.745113,10.66561,5.7,3.76
T04,GL-4396,2026-03-10 02:14:00,7.745775,10.665583,9.6,4.1
T04,GL-4396,2026-03-10 02:15:00,7.746186,10.665693,10.0,5.1
T04,GL-4396,2026-03-10 02:16:00,7.746766,10.665641,4.4,4.75
T04,GL-4396,2026-03-10 02:17:00,7.747299,10.665681,5.6,3.6
T04,GL-4396,2026-03-10 02:18:00,7.747643,10.665549,7.1,2.81
T04,GL-4396,2026-03-10 02:19:00,7.748241,10.665598,5.1,3.07
T04,GL-4396,2026-03-10 02:20:00,7.748682,10.66561,6.2,5.53
T04,GL-4396,2026-03-10 02:21:00,7.749227,10.665552,9.9,5.48
T04,GL-4396,2026-03-10 02:22:00,7.749682,10.665563,6.6,3.98
T04,GL-4396,2026-03-10 02:23:00,7.750231,10.665547,4.4,3.93
T04,GL-4396,2026-03-10 02:24:00,7.750666,10.665394,9.6,4.53
T04,GL-4396,2026-03-10 02:25:00,7.751158,10.665607,7.7,5.49
T04,GL-4396,2026-03-10 02:26:00,7.751683,10.665296,4.1,4.35
T04,GL-4396,2026-03-10 02:27:00,7.752289,10.665519,4.7,5.49
T04,GL-4396,2026-03-10 02:28:00,7.748706,10.665462,,192.48
T04,GL-4396,2026-03-10 02:29:00,7.753206,10.665535,6.8,3.93
T04,GL-4396,2026-03-10 02:30:00,7.75378,10.665358,4.6,5.29
T04,GL-4396,2026-03-10 02:31:00,7.754367,10.665413,10.5,2.84
T04,GL-4396,2026-03-10 02:32:00,7.75479,10.66548,11.0,4.37
T04,GL-4396,2026-03-10 02:33:00,7.755347,10.665431,9.1,3.63
T04,GL-4396,2026-03-10 02:34:00,7.755751,10.665327,11.6,3.12
T04,GL-4396,2026-03-10 02:35:00,7.756278,10.66537,8.6,4.43
T04,GL-4396,2026-03-10 02:36:00,7.756732,10.665344,7.3,4.51
T04,GL-4396,2026-03-10 02:37:00,7.757281,10.665312,5.2,3.2
T04,GL-4396,2026-03-10 02:38:00,7.757771,10.665308,9.5,4.77
T04,GL-4396,2026-03-10 02:39:00,7.75834,10.665208,5.8,4.79
T04,GL-4396,2026-03-10 02:40:00,7.758881,10.665324,4.8,3.27
T04,GL-4396,2026-03-10 02:41:00,7.759331,10.665393,10.3,5.46
T04,GL-4396,2026-03-10 02:42:00,7.759789,10.665317,9.7,3.03
T04,GL-4396,2026-03-10 02:43:00,7.760316,10.665265,11.2,3.72
T04,GL-4396,2026-03-10 02:44:00,7.760811,10.66516,7.8,4.88
T04,GL-4396,2026-03-10 02:45:00,7.761372,10.665266,10.0,4.9
T04,GL-4396,2026-03-10 02:46:00,7.761814,10.665164,6.3,4.98
T04,GL-4396,2026-03-10 02:47:00,7.762286,10.665199,8.0,3.47
T04,GL-4396,2026-03-10 02:48:00,7.762838,10.665208,7.7,2.9
T04,GL-4396,2026-03-10 02:49:00,7.763463,10.665189,4.3,3.37
T04,GL-4396,2026-03-10 02:50:00,7.763919,10.665283,6.9,4.12
T04,GL-4396,2026-03-10 02:51:00,7.764386,10.665176,4.9,5.52
T04,GL-4396,2026-03-10 02:52:00,7.764867,10.665136,4.1,4.84
T04,GL-4396,2026-03-10 02:53:00,7.765415,10.665235,7.3,3.56
T04,GL-4396,2026-03-10 02:54:00,7.765856,10.665222,5.1,3.54
T04,GL-4396,2026-03-10 02:55:00,7.766278,10.665174,8.5,3.45
T04,GL-4396,2026-03-10 02:56:00,7.766797,10.665099,7.0,3.29
T04,GL-4396,2026-03-10 02:57:00,7.767274,10.665126,10.0,3.29
T04,GL-4396,2026-03-10 02:58:00,7.767939,10.665058,10.7,3.8
T04,GL-4396,2026-03-10 02:59:00,7.768417,10.665102,10.2,4.69
T04,GL-4396,2026-03-10 03:00:00,7.768965,10.665056,11.2,5.44
T04,GL-4396,2026-03-10 03:01:00,7.769395,10.664965,11.9,5.01
T04,GL-4396,2026-03-10 03:02:00,7.769822,10.665184,8.8,2.95
T04,GL-4396,2026-03-10 03:03:00,7.770377,10.665051,10.4,5.36
T04,GL-4396,2026-03-10 03:04:00,7.770869,10.665021,8.4,2.87
T04,GL-4396,2026-03-10 03:05:00,7.771418,10.664954,,5.19
T04,GL-4396,2026-03-10 03:06:00,7.771983,10.665056,7.4,3.86
T04,GL-4396,2026-03-10 03:07:00,7.772517,10.664914,4.7,4.45
T04,GL-4396,2026-03-10 03:08:00,7.772976,10.664907,9.4,5.33
T04,GL-4396,2026-03-10 03:09:00,7.773422,10.664872,4.7,4.15
T04,GL-4396,2026-03-10 03:10:00,7.773854,10.664794,4.5,3.9
T04,GL-4396,2026-03-10 03:11:00,7.774403,10.664956,10.0,2.83
T04,GL-4396,2026-03-10 03:12:00,7.774843,10.664859,7.4,5.32
T04,GL-4396,2026-03-10 03:13:00,7.775443,10.664845,7.9,2.88
T04,GL-4396,2026-03-10 03:14:00,7.776014,10.664793,5.2,3.31
T04,GL-4396,2026-03-10 03:15:00,7.776482,10.664893,4.8,4.01
T04,GL-4396,2026-03-10 03:16:00,7.776965,10.664879,9.7,3.16
T04,GL-4396,2026-03-10 03:17:00,7.777585,10.664816,8.8,3.3
T04,GL-4396,2026-03-10 03:18:00,7.777982,10.66476,6.3,3.56
T04,GL-4396,2026-03-10 03:19:00,7.77842,10.664802,9.6,3.16
T04,GL-4396,2026-03-10 03:20:00,7.778983,10.664781,6.5,5.34
T04,GL-4396,2026-03-10 03:21:00,7.779544,10.664767,10.4,3.19
T04,GL-4396,2026-03-10 03:22:00,7.780083,10.664753,4.1,2.98
T04,GL-4396,2026-03-10 03:23:00,7.78055,10.664777,6.1,4.6
T04,GL-4396,2026-03-10 03:24:00,7.781,10.664729,10.1,4.31
T04,GL-4396,2026-03-10 03:25:00,7.781425,10.664811,6.3,3.75
T04,GL-4396,2026-03-10 03:26:00,7.781911,10.664762,6.6,3.07
T04,GL-4396,2026-03-10 03:27:00,7.782511,10.664704,6.2,5.28
T04,GL-4396,2026-03-10 03:28:00,7.782984,10.664556,8.7,4.67
T04,GL-4396,2026-03-10 03:29:00,7.78358,10.664643,4.4,3.27
T04,GL-4396,2026-03-10 03:30:00,7.784105,10.66457,5.0,4.83
T04,GL-4396,2026-03-10 03:31:00,7.784583,10.664626,10.3,3.2
T04,GL-4396,2026-03-10 03:32:00,7.784992,10.664661,5.3,2.93
T04,GL-4396,2026-03-10 03:33:00,7.785566,10.664609,9.7,5.31
T04,GL-4396,2026-03-10 03:34:00,7.786028,10.66456,7.8,4.82
T04,GL-4396,2026-03-10 03:35:00,7.786531,10.66458,10.5,5.36
T04,GL-4396,2026-03-10 03:36:00,7.787031,10.664576,10.3,5.49
T04,GL-4396,2026-03-10 03:37:00,7.787581,10.66454,4.0,3.43
T04,GL-4396,2026-03-10 03:38:00,7.78815,10.664571,6.0,4.39
T04,GL-4396,2026-03-10 03:39:00,7.788629,10.664529,10.2,2.96
T04,GL-4396,2026-03-10 03:40:00,7.789125,10.664476,8.3,4.88
T04,GL-4396,2026-03-10 03:41:00,7.789565,10.664525,10.8,3.5
T04,GL-4396,2026-03-10 03:42:00,7.790015,10.664486,6.0,4.09
T04,GL-4396,2026-03-10 03:43:00,7.790518,10.664514,,4.93
T04,GL-4396,2026-03-10 03:44:00,7.791016,10.664541,4.2,3.78
T04,GL-4396,2026-03-10 03:45:00,7.791631,10.664434,11.1,3.22
T04,GL-4396,2026-03-10 03:46:00,7.792089,10.664384,8.7,4.62
T04,GL-4396,2026-03-10 03:47:00,7.79264,10.664399,5.0,5.17
T04,GL-4396,2026-03-10 03:48:00,7.793111,10.664476,8.0,4.85
T04,GL-4396,2026-03-10 03:49:00,7.793648,10.664453,9.8,4.37
T04,GL-4396,2026-03-10 03:50:00,7.794113,10.664411,4.7,4.77
T04,GL-4396,2026-03-10 03:51:00,7.794647,10.664343,5.7,4.36
T04,GL-4396,2026-03-10 03:52:00,7.795132,10.66442,7.3,3.52
T04,GL-4396,2026-03-10 03:53:00,7.795643,10.664427,8.9,4.42
T04,GL-4396,2026-03-10 03:54:00,7.796083,10.664318,11.5,2.93
T04,GL-4396,2026-03-10 03:55:00,7.796586,10.664344,4.0,3.58
T04,GL-4396,2026-03-10 03:56:00,7.797077,10.664398,10.9,3.01
T04,GL-4396,2026-03-10 03:57:00,7.797664,10.664266,11.1,5.38
T04,GL-4396,2026-03-10 03:58:00,7.798122,10.664202,9.8,4.37
T04,GL-4396,2026-03-10 03:59:00,7.798496,10.664324,9.1,3.35
T04,GL-4396,2026-03-10 04:00:00,7.799232,10.664267,8.6,2.88
T04,GL-4396,2026-03-10 04:01:00,7.799688,10.664255,4.1,4.13
T04,GL-4396,2026-03-10 04:02:00,7.800141,10.664305,11.9,3.32
T04,GL-4396,2026-03-10 04:03:00,7.800681,10.664278,7.0,3.29
T04,GL-4396,2026-03-10 04:04:00,7.801171,10.664148,6.6,3.75
T04,GL-4396,2026-03-10 04:05:00,7.801579,10.664127,10.9,2.87
T04,GL-4396,2026-03-10 04:06:00,7.802233,10.664251,10.8,2.95
T04,GL-4396,2026-03-10 04:07:00,7.80271,10.664219,5.6,4.64
T04,GL-4396,2026-03-10 04:08:00,7.803147,10.664173,10.3,4.93
T04,GL-4396,2026-03-10 04:09:00,7.803719,10.664137,11.3,4.86
T04,GL-4396,2026-03-10 04:10:00,7.804211,10.664112,4.7,3.51
T04,GL-4396,2026-03-10 04:11:00,7.804668,10.664097,7.6,4.54
T04,GL-4396,2026-03-10 04:12:00,7.805288,10.66417,8.7,3.07
T04,GL-4396,2026-03-10 04:13:00,7.805665,10.664119,8.2,4.66
T04,GL-4396,2026-03-10 04:14:00,7.806289,10.66398,9.3,3.06
T04,GL-4396,2026-03-10 04:15:00,7.806697,10.664022,5.0,5.32
T04,GL-4396,2026-03-10 04:16:00,7.807232,10.664031,8.4,5.11
T04,GL-4396,2026-03-10 04:17:00,7.807783,10.664091,10.0,4.33
T04,GL-4396,2026-03-10 04:18:00,7.808228,10.663893,9.6,5.44
T04,GL-4396,2026-03-10 04:19:00,7.808819,10.663921,9.6,3.89
T04,GL-4396,2026-03-10 04:20:00,7.809156,10.663911,5.1,3.43
T04,GL-4396,2026-03-10 04:21:00,7.809843,10.663928,7.8,4.38
T04,GL-4396,2026-03-10 04:22:00,7.810221,10.663979,10.9,4.43
T04,GL-4396,2026-03-10 04:23:00,7.810766,10.663966,9.2,3.59
T04,GL-4396,2026-03-10 04:24:00,7.811289,10.663918,11.4,4.54
T04,GL-4396,2026-03-10 04:25:00,7.8117,10.664004,4.5,4.36
T04,GL-4396,2026-03-10 04:26:00,7.812262,10.663803,7.7,4.92
T04,GL-4396,2026-03-10 04:27:00,7.812859,10.663905,5.7,4.63
T04,GL-4396,2026-03-10 04:28:00,7.81334,10.663886,5.6,4.21
T04,GL-4396,2026-03-10 04:29:00,7.813839,10.663889,8.5,3.27
T04,GL-4396,2026-03-10 04:30:00,7.814239,10.663878,11.1,5.23
T04,GL-4396,2026-03-10 04:31:00,7.814833,10.663754,6.9,3.79
T04,GL-4396,2026-03-10 04:32:00,7.815289,10.663756,9.4,3.64
T04,GL-4396,2026-03-10 04:33:00,7.815842,10.663824,4.4,3.73
T04,GL-4396,2026-03-10 04:34:00,7.81628,10.663839,9.9,4.66
T04,GL-4396,2026-03-10 04:35:00,7.816888,10.663693,6.4,4.63
T04,GL-4396,2026-03-10 04:36:00,7.817376,10.663808,11.9,5.19
T04,GL-4396,2026-03-10 04:37:00,7.817945,10.663831,,4.92
T04,GL-4396,2026-03-10 04:38:00,7.818235,10.663772,8.1,4.8
T04,GL-4396,2026-03-10 04:39:00,7.818739,10.663736,4.6,3.91
T04,GL-4396,2026-03-10 04:40:00,7.819321,10.663715,8.5,3.55
T04,GL-4396,2026-03-10 04:41:00,7.819834,10.663761,11.7,3.19
T04,GL-4396,2026-03-10 04:42:00,7.820288,10.663549,4.5,3.58
T04,GL-4396,2026-03-10 04:43:00,7.820763,10.663719,4.2,5.36
T04,GL-4396,2026-03-10 04:44:00,7.821254,10.663714,11.6,4.44
T04,GL-4396,2026-03-10 04:45:00,7.821771,10.66371,6.6,3.19
T04,GL-4396,2026-03-10 04:46:00,7.822314,10.663614,4.7,3.53
T04,GL-4396,2026-03-10 04:47:00,7.822767,10.66356,4.2,4.8
T04,GL-4396,2026-03-10 04:48:00,7.823453,10.663536,6.4,5.17
T04,GL-4396,2026-03-10 04:49:00,7.823838,10.663659,8.3,3.66
T04,GL-4396,2026-03-10 04:50:00,7.824381,10.663524,6.3,5.32
T04,GL-4396,2026-03-10 04:51:00,7.824813,10.663582,11.8,3.3
T04,GL-4396,2026-03-10 04:52:00,7.825432,10.663561,6.5,4.7
T04,GL-4396,2026-03-10 04:53:00,7.825891,10.663501,11.4,4.3
T04,GL-4396,2026-03-10 04:54:00,7.82623,10.663492,6.0,4.75
T04,GL-4396,2026-03-10 04:55:00,7.826823,10.66355,10.7,4.06
T04,GL-4396,2026-03-10 04:56:00,7.646078,10.663456,7.6,160.53
T04,GL-4396,2026-03-10 04:57:00,7.82801,10.663431,9.7,4.15
T04,GL-4396,2026-03-10 04:58:00,7.828431,10.663456,8.9,3.92
T04,GL-4396,2026-03-10 04:59:00,7.828813,10.66344,11.6,5.14
T04,GL-4396,2026-03-10 05:00:00,7.829394,10.663533,7.2,2.87
T04,GL-4396,2026-03-10 05:01:00,7.82986,10.663403,5.8,4.31
T04,GL-4396,2026-03-10 05:02:00,7.830377,10.663588,5.7,4.67
T04,GL-4396,2026-03-10 05:03:00,7.830876,10.663412,6.4,2.84
T04,GL-4396,2026-03-10 05:04:00,7.831436,10.663351,,3.39
T04,GL-4396,2026-03-10 05:05:00,7.831995,10.663477,10.4,2.84
T04,GL-4396,2026-03-10 05:06:00,7.832437,10.663457,10.5,3.18
T04,GL-4396,2026-03-10 05:07:00,7.832877,10.663246,5.3,4.15
T04,GL-4396,2026-03-10 05:08:00,7.833545,10.663334,7.5,5.41
T04,GL-4396,2026-03-10 05:09:00,7.739761,10.663301,4.9,252.66
T04,GL-4396,2026-03-10 05:10:00,7.834433,10.663386,10.9,5.13
T04,GL-4396,2026-03-10 05:11:00,7.834959,10.663405,10.0,4.17
T04,GL-4396,2026-03-10 05:12:00,7.835366,10.663293,10.7,5.43
T04,GL-4396,2026-03-10 05:13:00,7.835889,10.663364,8.7,3.18
T04,GL-4396,2026-03-10 05:14:00,7.836564,10.663173,8.1,3.95
T04,GL-4396,2026-03-10 05:15:00,7.836858,10.663201,10.2,2.96
T04,GL-4396,2026-03-10 05:16:00,7.837442,10.663204,11.9,2.82
T04,GL-4396,2026-03-10 05:17:00,7.837984,10.663102,8.8,5.48
T04,GL-4396,2026-03-10 05:18:00,7.838503,10.663285,4.9,4.02
T04,GL-4396,2026-03-10 05:19:00,7.839003,10.663168,7.2,4.74
T04,GL-4396,2026-03-10 05:20:00,7.839478,10.663267,10.9,4.24
T04,GL-4396,2026-03-10 05:21:00,7.839986,10.663189,5.0,3.44
T04,GL-4396,2026-03-10 05:22:00,7.840545,10.663054,6.5,4.95
T04,GL-4396,2026-03-10 05:23:00,7.840963,10.663141,4.4,3.03
T04,GL-4396,2026-03-10 05:24:00,7.841473,10.663181,6.1,3.08
T04,GL-4396,2026-03-10 05:25:00,7.841922,10.663069,10.7,5.38
T04,GL-4396,2026-03-10 05:26:00,7.842501,10.66306,6.3,4.39
T04,GL-4396,2026-03-10 05:27:00,7.843053,10.662988,6.6,4.03
T04,GL-4396,2026-03-10 05:28:00,7.843554,10.663174,9.1,3.93
T04,GL-4396,2026-03-10 05:29:00,7.84394,10.663226,9.1,5.4
T04,GL-4396,2026-03-10 05:30:00,7.844542,10.663003,11.3,4.92
T04,GL-4396,2026-03-10 05:31:00,7.84514,10.662983,9.0,5.2
T04,GL-4396,2026-03-10 05:32:00,7.84553,10.663001,11.4,4.27
T04,GL-4396,2026-03-10 05:33:00,7.845949,10.662999,6.6,3.42
T04,GL-4396,2026-03-10 05:34:00,7.846413,10.662989,6.4,3.57
T04,GL-4396,2026-03-10 05:35:00,7.847073,10.663091,6.9,4.84
T04,GL-4396,2026-03-10 05:36:00,7.847629,10.662967,11.3,2.84
T04,GL-4396,2026-03-10 05:37:00,7.848064,10.663032,4.4,3.28
T04,GL-4396,2026-03-10 05:38:00,7.848543,10.663053,4.1,3.75
T04,GL-4396,2026-03-10 05:39:00,7.848971,10.662949,10.2,4.04
T04,GL-4396,2026-03-10 05:40:00,7.849627,10.662892,6.1,5.46
T04,GL-4396,2026-03-10 05:41:00,7.85014,10.662815,4.3,5.5
T04,GL-4396,2026-03-10 05:42:00,7.850536,10.662899,7.5,4.08
T04,GL-4396,2026-03-10 05:43:00,7.850991,10.662927,11.0,5.11
T04,GL-4396,2026-03-10 05:44:00,7.851634,10.662825,11.1,4.94
T04,GL-4396,2026-03-10 05:45:00,7.852158,10.662816,8.0,3.59
T04,GL-4396,2026-03-10 05:46:00,7.852642,10.662798,10.6,4.63
T04,GL-4396,2026-03-10 05:47:00,7.853123,10.662893,9.2,4.24
T04,GL-4396,2026-03-10 05:48:00,7.853569,10.662835,8.3,3.65
T04,GL-4396,2026-03-10 05:49:00,7.854152,10.662761,,2.99
T04,GL-4396,2026-03-10 05:50:00,7.854617,10.66279,10.5,3.58
T04,GL-4396,2026-03-10 05:51:00,7.855134,10.662699,6.0,4.02
T04,GL-4396,2026-03-10 05:52:00,7.855547,10.66272,5.2,4.37
T04,GL-4396,2026-03-10 05:53:00,7.856175,10.662788,5.9,3.48
T04,GL-4396,2026-03-10 05:54:00,7.85665,10.662764,9.7,3.91
T04,GL-4396,2026-03-10 05:55:00,7.857037,10.662619,9.4,4.85
T04,GL-4396,2026-03-10 05:56:00,7.857593,10.662705,9.9,5.49
T04,GL-4396,2026-03-10 05:57:00,7.858103,10.662807,4.3,5.22
T04,GL-4396,2026-03-10 05:58:00,7.858606,10.662696,9.0,4.49
T04,GL-4396,2026-03-10 05:59:00,7.859164,10.662729,6.6,5.11
T04,GL-4396,2026-03-10 06:00:00,7.859659,10.662817,8.9,4.7
T04,GL-4396,2026-03-10 06:01:00,7.860069,10.66274,11.8,4.28
T04,GL-4396,2026-03-10 06:02:00,7.860599,10.662659,7.7,4.17
T04,GL-4396,2026-03-10 06:03:00,7.861224,10.662613,6.2,5.2
T04,GL-4396,2026-03-10 06:04:00,7.861686,10.662593,5.4,3.25
T04,GL-4396,2026-03-10 06:05:00,7.862188,10.66257,6.9,4.99
T04,GL-4396,2026-03-10 06:06:00,7.862691,10.662594,6.4,5.04
T04,GL-4396,2026-03-10 06:07:00,7.863193,10.662534,10.7,3.44
T04,GL-4396,2026-03-10 06:08:00,7.863759,10.662599,8.9,5.12
T04,GL-4396,2026-03-10 06:09:00,7.864183,10.662659,6.9,2.87
T04,GL-4396,2026-03-10 06:10:00,7.864687,10.662466,7.8,3.42
T04,GL-4396,2026-03-10 06:11:00,7.865315,10.662474,4.3,4.32
T04,GL-4396,2026-03-10 06:12:00,7.865708,10.662423,5.2,5.59
T04,GL-4396,2026-03-10 06:13:00,7.866334,10.662404,11.1,3.65
T04,GL-4396,2026-03-10 06:14:00,7.866742,10.662501,4.4,4.94
T04,GL-4396,2026-03-10 06:15:00,7.867203,10.662438,11.1,2.92
T04,GL-4396,2026-03-10 06:16:00,7.867829,10.662472,10.6,3.85
T04,GL-4396,2026-03-10 06:17:00,7.868292,10.662517,6.1,5.02
T04,GL-4396,2026-03-10 06:18:00,7.86881,10.662465,11.1,5.16
T04,GL-4396,2026-03-10 06:19:00,7.869255,10.662434,10.2,3.32
T04,GL-4396,2026-03-10 06:20:00,7.869743,10.662337,4.7,3.6
T04,GL-4396,2026-03-10 06:21:00,7.870136,10.662419,10.1,5.24
T04,GL-4396,2026-03-10 06:22:00,7.870722,10.662352,10.7,4.83
T04,GL-4396,2026-03-10 06:23:00,7.871287,10.66245,10.9,4.51
T04,GL-4396,2026-03-10 06:24:00,7.871901,10.662344,5.5,5.29
T04,GL-4396,2026-03-10 06:25:00,7.872253,10.662303,6.5,4.05
T04,GL-4396,2026-03-10 06:26:00,7.872773,10.662281,8.0,4.03
T04,GL-4396,2026-03-10 06:27:00,7.873311,10.662272,6.7,3.11
T04,GL-4396,2026-03-10 06:28:00,7.87366,10.662298,5.1,3.9
T04,GL-4396,2026-03-10 06:29:00,7.874349,10.662332,4.4,2.9
T04,GL-4396,2026-03-10 06:30:00,7.874724,10.662245,6.8,3.72
T04,GL-4396,2026-03-10 06:31:00,7.875271,10.662295,5.5,4.17
T04,GL-4396,2026-03-10 06:32:00,7.875748,10.662246,7.2,4.78
T04,GL-4396,2026-03-10 06:33:00,7.876265,10.662201,8.1,3.48
T04,GL-4396,2026-03-10 06:34:00,7.876842,10.662165,4.0,3.42
T04,GL-4396,2026-03-10 06:35:00,7.877315,10.662369,8.8,3.12
T04,GL-4396,2026-03-10 06:36:00,7.87784,10.662129,5.4,3.31
T04,GL-4396,2026-03-10 06:37:00,7.878312,10.662234,4.7,4.03
T04,GL-4396,2026-03-10 06:38:00,7.878853,10.662117,,4.82
T04,GL-4396,2026-03-10 06:39:00,7.879274,10.662131,11.5,4.53
T04,GL-4396,2026-03-10 06:40:00,7.879894,10.662141,6.8,4.45
T04,GL-4396,2026-03-10 06:41:00,7.880244,10.662072,11.4,4.62
T04,GL-4396,2026-03-10 06:42:00,7.880909,10.662065,6.4,3.36
T04,GL-4396,2026-03-10 06:43:00,7.881318,10.662131,10.1,3.0
T04,GL-4396,2026-03-10 06:44:00,7.881831,10.662121,4.7,3.37
T04,GL-4396,2026-03-10 06:45:00,7.882349,10.662102,11.2,3.73
T04,GL-4396,2026-03-10 06:46:00,7.882752,10.661969,8.3,4.28
T04,GL-4396,2026-03-10 06:47:00,7.88343,10.662055,6.7,4.36
T04,GL-4396,2026-03-10 06:48:00,7.883834,10.661961,11.1,2.86
T04,GL-4396,2026-03-10 06:49:00,7.884366,10.661921,6.0,5.21
T04,GL-4396,2026-03-10 06:50:00,7.884817,10.661933,11.8,5.4
T04,GL-4396,2026-03-10 06:51:00,7.885274,10.662035,10.7,2.89
T04,GL-4396,2026-03-10 06:52:00,7.88595,10.662064,9.4,4.96
T04,GL-4396,2026-03-10 06:53:00,7.886458,10.661963,11.0,4.6
T04,GL-4396,2026-03-10 06:54:00,7.886809,10.661981,10.9,5.42
T04,GL-4396,2026-03-10 06:55:00,7.887394,10.661923,4.0,5.49
T04,GL-4396,2026-03-10 06:56:00,7.887873,10.661904,8.1,5.44
T04,GL-4396,2026-03-10 06:57:00,7.888333,10.662024,4.8,4.58
T04,GL-4396,2026-03-10 06:58:00,7.888849,10.661887,4.4,2.97
T04,GL-4396,2026-03-10 06:59:00,7.889459,10.661868,10.1,5.52
T04,GL-4396,2026-03-10 07:00:00,7.889932,10.661929,6.5,5.23
T04,GL-4396,2026-03-10 07:01:00,7.890431,10.661903,8.2,4.53
T04,GL-4396,2026-03-10 07:02:00,7.890819,10.661946,6.4,5.14
T04,GL-4396,2026-03-10 07:03:00,7.891383,10.661893,4.4,3.75
T04,GL-4396,2026-03-10 07:04:00,7.891976,10.661906,9.0,5.38
T04,GL-4396,2026-03-10 07:05:00,7.89246,10.661814,7.4,3.53
T04,GL-4396,2026-03-10 07:06:00,7.892987,10.661766,8.0,4.25
T04,GL-4396,2026-03-10 07:07:00,7.893476,10.661709,9.4,5.5
T04,GL-4396,2026-03-10 07:08:00,7.893978,10.661806,5.6,4.93
T04,GL-4396,2026-03-10 07:09:00,7.894379,10.661686,6.9,4.37
T04,GL-4396,2026-03-10 07:10:00,7.894931,10.661723,4.3,4.23
T04,GL-4396,2026-03-10 07:11:00,7.895524,10.661782,5.1,3.93
T04,GL-4396,2026-03-10 07:12:00,7.895896,10.661778,7.3,4.58
T04,GL-4396,2026-03-10 07:13:00,7.896397,10.661772,8.6,4.24
T04,GL-4396,2026-03-10 07:14:00,7.896986,10.661736,10.3,3.6
T04,GL-4396,2026-03-10 07:15:00,7.897411,10.661661,6.7,5.38
T04,GL-4396,2026-03-10 07:16:00,7.898022,10.661678,7.2,3.03
T04,GL-4396,2026-03-10 07:17:00,7.898487,10.661677,8.0,4.17
T04,GL-4396,2026-03-10 07:18:00,7.898881,10.661717,6.3,3.06
T04,GL-4396,2026-03-10 07:19:00,7.899437,10.661637,10.2,4.25
T04,GL-4396,2026-03-10 07:20:00,7.899985,10.661618,12.0,5.21
T04,GL-4396,2026-03-10 07:21:00,7.90041,10.661601,4.2,4.53
T04,GL-4396,2026-03-10 07:22:00,7.90097,10.66167,7.5,3.57
T04,GL-4396,2026-03-10 07:23:00,7.901482,10.661547,7.1,4.93
T04,GL-4396,2026-03-10 07:24:00,7.90201,10.661682,5.3,3.93
T04,GL-4396,2026-03-10 07:25:00,7.90238,10.661505,11.4,5.27
T04,GL-4396,2026-03-10 07:26:00,7.903103,10.661478,11.5,4.55
T04,GL-4396,2026-03-10 07:27:00,7.903536,10.661549,5.5,5.3
T04,GL-4396,2026-03-10 07:28:00,7.904003,10.661487,9.3,3.73
T04,GL-4396,2026-03-10 07:29:00,7.904484,10.661454,9.5,3.22
T04,GL-4396,2026-03-10 07:30:00,7.905118,10.661421,6.9,5.06
T04,GL-4396,2026-03-10 07:31:00,7.905521,10.661413,6.0,4.51
T04,GL-4396,2026-03-10 07:32:00,7.905938,10.661385,4.9,4.9
T04,GL-4396,2026-03-10 07:33:00,7.906552,10.661441,6.1,5.5
T04,GL-4396,2026-03-10 07:34:00,7.907139,10.661433,7.5,5.26
T04,GL-4396,2026-03-10 07:35:00,7.907525,10.66136,8.0,4.69
T04,GL-4396,2026-03-10 07:36:00,7.908065,10.661317,7.6,2.92
T04,GL-4396,2026-03-10 07:37:00,7.908582,10.66143,8.7,5.32
T04,GL-4396,2026-03-10 07:38:00,7.909045,10.661355,6.7,3.57
T04,GL-4396,2026-03-10 07:39:00,7.909505,10.66142,7.0,3.89
T04,GL-4396,2026-03-10 07:40:00,7.910038,10.66136,7.7,3.42
T04,GL-4396,2026-03-10 07:41:00,7.910412,10.661354,5.5,4.4
T04,GL-4396,2026-03-10 07:42:00,7.911078,10.661351,11.2,4.3
T04,GL-4396,2026-03-10 07:43:00,7.911487,10.661297,4.2,3.31
T04,GL-4396,2026-03-10 07:44:00,7.912014,10.661329,11.3,4.68
T04,GL-4396,2026-03-10 07:45:00,7.912618,10.661281,6.1,3.72
T04,GL-4396,2026-03-10 07:46:00,7.913095,10.661308,7.1,4.24
T04,GL-4396,2026-03-10 07:47:00,7.913687,10.661182,6.1,4.72
T04,GL-4396,2026-03-10 07:48:00,7.914057,10.661137,5.8,3.16
T04,GL-4396,2026-03-10 07:49:00,7.91462,10.661223,9.4,4.63
T04,GL-4396,2026-03-10 07:50:00,7.915006,10.661254,11.3,5.59
T04,GL-4396,2026-03-10 07:51:00,7.915689,10.661227,10.3,4.59
T04,GL-4396,2026-03-10 07:52:00,7.916061,10.661143,8.0,3.8
T04,GL-4396,2026-03-10 07:53:00,7.916621,10.661231,6.2,4.45
T04,GL-4396,2026-03-10 07:54:00,7.917055,10.661167,9.1,4.46
T04,GL-4396,2026-03-10 07:55:00,7.917669,10.661183,5.9,3.35
T04,GL-4396,2026-03-10 07:56:00,7.918181,10.661183,11.9,4.97
T04,GL-4396,2026-03-10 07:57:00,7.918614,10.661073,7.2,5.34
T04,GL-4396,2026-03-10 07:58:00,7.919274,10.661173,6.7,4.96
T04,GL-4396,2026-03-10 07:59:00,7.91965,10.661169,11.9,4.42
T04,GL-4396,2026-03-10 08:00:00,7.920238,10.661104,,3.32
T04,GL-4396,2026-03-10 08:01:00,7.920617,10.661234,6.5,5.5
T04,GL-4396,2026-03-10 08:02:00,7.921134,10.66105,6.9,3.89
T04,GL-4396,2026-03-10 08:03:00,7.921679,10.661052,10.8,3.41
T04,GL-4396,2026-03-10 08:04:00,7.922197,10.661126,5.2,4.98
T04,GL-4396,2026-03-10 08:05:00,7.922657,10.661007,4.6,4.01
T04,GL-4396,2026-03-10 08:06:00,7.923175,10.660906,4.1,5.26
T04,GL-4396,2026-03-10 08:07:00,7.923649,10.66101,10.3,4.18
T04,GL-4396,2026-03-10 08:08:00,7.924225,10.660953,7.6,2.84
T04,GL-4396,2026-03-10 08:09:00,7.924667,10.661005,7.2,3.83
T04,GL-4396,2026-03-10 08:10:00,7.925232,10.66091,4.1,3.09
T04,GL-4396,2026-03-10 08:11:00,7.925677,10.660923,7.6,3.61
T04,GL-4396,2026-03-10 08:12:00,7.926129,10.660772,6.4,5.34
T04,GL-4396,2026-03-10 08:13:00,7.926671,10.660947,4.1,3.86
T04,GL-4396,2026-03-10 08:14:00,7.92718,10.66088,5.6,3.46
T04,GL-4396,2026-03-10 08:15:00,7.927707,10.66091,4.3,5.04
T04,GL-4396,2026-03-10 08:16:00,7.928272,10.660942,9.5,3.63
T04,GL-4396,2026-03-10 08:17:00,7.928823,10.66074,6.2,4.31
T04,GL-4396,2026-03-10 08:18:00,7.929181,10.66083,8.4,4.88
T04,GL-4396,2026-03-10 08:19:00,7.929707,10.660733,8.6,4.93
T04,GL-4396,2026-03-10 08:20:00,7.930231,10.660855,10.1,3.75
T04,GL-4396,2026-03-10 08:21:00,7.930707,10.660654,8.6,4.89
T04,GL-4396,2026-03-10 08:22:00,7.931316,10.660789,11.5,3.76
T04,GL-4396,2026-03-10 08:23:00,7.931842,10.660884,8.4,4.1
T04,GL-4396,2026-03-10 08:24:00,7.93221,10.660689,6.6,5.59
T04,GL-4396,2026-03-10 08:25:00,7.932815,10.660735,6.5,3.76
T04,GL-4396,2026-03-10 08:26:00,7.93325,10.660698,4.4,3.81
T04,GL-4396,2026-03-10 08:27:00,7.9337,10.660745,6.7,3.01
T04,GL-4396,2026-03-10 08:28:00,7.93416,10.660644,10.3,4.54
T04,GL-4396,2026-03-10 08:29:00,7.93483,10.660646,11.0,4.12
T04,GL-4396,2026-03-10 08:30:00,7.935389,10.660762,9.7,4.2
T04,GL-4396,2026-03-10 08:31:00,7.935698,10.660749,10.8,3.89
T04,GL-4396,2026-03-10 08:32:00,7.936339,10.660522,5.1,4.31
T04,GL-4396,2026-03-10 08:33:00,7.936791,10.660728,10.1,5.02
T04,GL-4396,2026-03-10 08:34:00,7.937378,10.660618,11.8,3.26
T04,GL-4396,2026-03-10 08:35:00,7.937825,10.660581,8.5,3.28
T04,GL-4396,2026-03-10 08:36:00,7.938329,10.660494,5.3,4.66
T04,GL-4396,2026-03-10 08:37:00,7.938747,10.660476,5.5,5.33
T04,GL-4396,2026-03-10 08:38:00,7.939418,10.66055,10.6,5.33
T04,GL-4396,2026-03-10 08:39:00,7.939858,10.660571,8.0,4.6
T04,GL-4396,2026-03-10 08:40:00,7.940317,10.660614,6.9,3.54
T04,GL-4396,2026-03-10 08:41:00,7.940881,10.660615,10.3,4.63
T04,GL-4396,2026-03-10 08:42:00,7.941318,10.660547,8.9,3.01
T04,GL-4396,2026-03-10 08:43:00,7.941898,10.660455,6.5,5.33
T04,GL-4396,2026-03-10 08:44:00,7.942412,10.660545,11.2,4.29
T04,GL-4396,2026-03-10 08:45:00,7.942772,10.660526,8.2,3.37
T04,GL-4396,2026-03-10 08:46:00,7.943277,10.660496,11.3,2.98
T04,GL-4396,2026-03-10 08:47:00,7.943967,10.660402,9.7,5.15
T04,GL-4396,2026-03-10 08:48:00,7.944354,10.66046,6.8,3.71
T04,GL-4396,2026-03-10 08:49:00,7.94486,10.66035,11.1,4.05
T04,GL-4396,2026-03-10 08:50:00,7.945447,10.660376,5.5,5.03
T04,GL-4396,2026-03-10 08:51:00,7.945849,10.66041,5.4,3.18
T04,GL-4396,2026-03-10 08:52:00,7.946386,10.660394,7.8,2.88
T04,GL-4396,2026-03-10 08:53:00,7.946779,10.660349,6.9,3.04
T04,GL-4396,2026-03-10 08:54:00,7.947386,10.6603,4.2,5.01
T04,GL-4396,2026-03-10 08:55:00,7.9478,10.660331,11.9,5.43
T04,GL-4396,2026-03-10 08:56:00,7.948321,10.660381,10.2,3.61
T04,GL-4396,2026-03-10 08:57:00,7.948882,10.660459,9.4,3.7
T04,GL-4396,2026-03-10 08:58:00,7.949389,10.660297,6.0,4.92
T04,GL-4396,2026-03-10 08:59:00,7.949947,10.660202,4.1,4.58
T04,GL-4396,2026-03-10 09:00:00,7.950386,10.660262,7.0,5.33
T04,GL-4396,2026-03-10 09:01:00,7.950889,10.660213,5.5,5.24
T04,GL-4396,2026-03-10 09:02:00,7.951347,10.660239,9.3,4.28
T04,GL-4396,2026-03-10 09:03:00,7.951882,10.660185,11.0,5.45
T04,GL-4396,2026-03-10 09:04:00,7.952476,10.66025,,4.91
T04,GL-4396,2026-03-10 09:05:00,7.952994,10.660137,11.0,4.58
T04,GL-4396,2026-03-10 09:06:00,7.953395,10.66022,10.7,4.0
T04,GL-4396,2026-03-10 09:07:00,7.953896,10.660202,6.4,5.26
T04,GL-4396,2026-03-10 09:08:00,7.954412,10.660117,11.2,4.15
T04,GL-4396,2026-03-10 09:09:00,7.955041,10.660092,9.5,4.35
T04,GL-4396,2026-03-10 09:10:00,7.955338,10.660149,7.4,4.76
T04,GL-4396,2026-03-10 09:11:00,7.955951,10.660159,11.6,4.5
T04,GL-4396,2026-03-10 09:12:00,7.956494,10.660149,7.7,5.01
T04,GL-4396,2026-03-10 09:13:00,7.956942,10.660152,10.5,4.63
T04,GL-4396,2026-03-10 09:14:00,7.957433,10.660067,7.0,4.43
T04,GL-4396,2026-03-10 09:15:00,7.957947,10.660074,7.3,2.95
T04,GL-4396,2026-03-10 09:16:00,7.958507,10.660131,11.1,3.29
T04,GL-4396,2026-03-10 09:17:00,7.95892,10.660046,7.1,3.37
T04,GL-4396,2026-03-10 09:18:00,7.959492,10.660073,11.3,2.82
T04,GL-4396,2026-03-10 09:19:00,7.960084,10.65998,6.9,3.33
T04,GL-4396,2026-03-10 09:20:00,7.960418,10.65994,9.1,5.44
T04,GL-4396,2026-03-10 09:21:00,7.96101,10.660065,5.9,3.56
T04,GL-4396,2026-03-10 09:22:00,7.961465,10.659971,9.7,5.07
T04,GL-4396,2026-03-10 09:23:00,7.961977,10.660004,5.2,4.73
T04,GL-4396,2026-03-10 09:24:00,7.962425,10.659945,6.7,4.79
T04,GL-4396,2026-03-10 09:25:00,7.963076,10.659969,7.1,4.72
T04,GL-4396,2026-03-10 09:26:00,7.963611,10.660009,8.9,4.36
T04,GL-4396,2026-03-10 09:27:00,7.963851,10.659973,4.2,3.8
T04,GL-4396,2026-03-10 09:28:00,7.964534,10.659891,6.6,5.6
T04,GL-4396,2026-03-10 09:29:00,7.965016,10.659954,5.3,4.42
T04,GL-4396,2026-03-10 09:30:00,7.965564,10.659861,4.1,3.42
T04,GL-4396,2026-03-10 09:31:00,7.966001,10.659977,8.7,3.14
T04,GL-4396,2026-03-10 09:32:00,7.966608,10.659798,11.2,5.44
T04,GL-4396,2026-03-10 09:33:00,7.966946,10.659801,4.9,5.1
T04,GL-4396,2026-03-10 09:34:00,7.967604,10.659877,11.3,3.33
T04,GL-4396,2026-03-10 09:35:00,7.968048,10.659813,7.3,4.05
T04,GL-4396,2026-03-10 09:36:00,7.968524,10.659807,11.7,3.6
T04,GL-4396,2026-03-10 09:37:00,7.969119,10.659877,6.6,3.17
T04,GL-4396,2026-03-10 09:38:00,7.96959,10.659818,6.0,4.26
T04,GL-4396,2026-03-10 09:39:00,7.970025,10.659835,7.7,4.96
T04,GL-4396,2026-03-10 09:40:00,7.97053,10.659709,11.6,5.37
T04,GL-4396,2026-03-10 09:41:00,7.971044,10.659807,5.8,3.55
T04,GL-4396,2026-03-10 09:42:00,7.971628,10.659756,7.6,3.31
T04,GL-4396,2026-03-10 09:43:00,7.972079,10.659728,7.3,4.46
T04,GL-4396,2026-03-10 09:44:00,7.972639,10.659654,8.6,2.93
T04,GL-4396,2026-03-10 09:45:00,7.973042,10.659718,10.6,4.53
T04,GL-4396,2026-03-10 09:46:00,7.973557,10.659824,10.9,4.4
T04,GL-4396,2026-03-10 09:47:00,7.974197,10.659575,8.3,3.61
T04,GL-4396,2026-03-10 09:48:00,7.974665,10.659664,4.4,3.49
T04,GL-4396,2026-03-10 09:49:00,7.975126,10.659609,4.1,4.02
T04,GL-4396,2026-03-10 09:50:00,7.975568,10.659621,4.8,3.99
T04,GL-4396,2026-03-10 09:51:00,7.976051,10.659598,6.0,5.38
T04,GL-4396,2026-03-10 09:52:00,7.976666,10.659612,6.9,5.47
T04,GL-4396,2026-03-10 09:53:00,7.977201,10.659634,7.3,3.21
T04,GL-4396,2026-03-10 09:54:00,7.977617,10.659589,10.1,4.21
T04,GL-4396,2026-03-10 09:55:00,7.978081,10.65963,8.0,3.06
T04,GL-4396,2026-03-10 09:56:00,7.978591,10.659509,7.2,5.3
T04,GL-4396,2026-03-10 09:57:00,7.979073,10.65953,4.5,3.59
T04,GL-4396,2026-03-10 09:58:00,7.979685,10.659352,11.7,4.87
T04,GL-4396,2026-03-10 09:59:00,7.980176,10.65949,5.5,3.94
T04,GL-4396,2026-03-10 10:00:00,7.980679,10.659475,8.5,5.33
T04,GL-4396,2026-03-10 10:01:00,7.980987,10.659461,8.5,5.22
T04,GL-4396,2026-03-10 10:02:00,7.981683,10.659532,10.7,3.73
T04,GL-4396,2026-03-10 10:03:00,7.98222,10.659536,8.9,5.25
T04,GL-4396,2026-03-10 10:04:00,7.982634,10.659605,8.9,5.3
T04,GL-4396,2026-03-10 10:05:00,7.983211,10.659445,10.1,5.44
T04,GL-4396,2026-03-10 10:06:00,7.983578,10.659229,8.5,3.28
T04,GL-4396,2026-03-10 10:07:00,7.984137,10.659433,8.4,5.2
T04,GL-4396,2026-03-10 10:08:00,7.984676,10.659385,8.3,3.97
T04,GL-4396,2026-03-10 10:09:00,7.985055,10.659438,9.1,5.36
T04,GL-4396,2026-03-10 10:10:00,7.985654,10.659339,11.8,4.36
T04,GL-4396,2026-03-10 10:11:00,7.986176,10.659302,10.4,4.14
T04,GL-4396,2026-03-10 10:12:00,7.986656,10.659231,11.7,4.05
T04,GL-4396,2026-03-10 10:13:00,7.987178,10.659335,5.1,2.97
T04,GL-4396,2026-03-10 10:14:00,7.987756,10.659253,5.2,5.19
T04,GL-4396,2026-03-10 10:15:00,7.988204,10.659284,8.2,3.41
T04,GL-4396,2026-03-10 10:16:00,7.988739,10.65926,8.8,4.5
T04,GL-4396,2026-03-10 10:17:00,7.989068,10.659272,8.6,4.52
T04,GL-4396,2026-03-10 10:18:00,7.989756,10.659211,11.1,5.51
T04,GL-4396,2026-03-10 10:19:00,7.990303,10.659316,8.8,3.62
T04,GL-4396,2026-03-10 10:20:00,7.990764,10.659256,8.8,2.86
T04,GL-4396,2026-03-10 10:21:00,7.991236,10.659099,10.8,2.96
T04,GL-4396,2026-03-10 10:22:00,7.991664,10.659212,7.9,3.54
T04,GL-4396,2026-03-10 10:23:00,7.992302,10.659168,4.1,3.34
T04,GL-4396,2026-03-10 10:24:00,7.992662,10.6591,7.6,3.81
T04,GL-4396,2026-03-10 10:25:00,7.993212,10.659203,4.7,3.12
T04,GL-4396,2026-03-10 10:26:00,7.993829,10.659161,4.0,4.1
T04,GL-4396,2026-03-10 10:27:00,7.994234,10.659113,10.2,2.98
T04,GL-4396,2026-03-10 10:28:00,7.994773,10.659093,5.1,3.86
T04,GL-4396,2026-03-10 10:29:00,7.995287,10.65911,6.2,3.35
T04,GL-4396,2026-03-10 10:30:00,7.995719,10.658991,10.7,4.91
T04,GL-4396,2026-03-10 10:31:00,7.996358,10.659006,9.3,4.18
T04,GL-4396,2026-03-10 10:32:00,7.99675,10.658997,8.5,3.5
T04,GL-4396,2026-03-10 10:33:00,7.997241,10.659049,7.0,4.67
T04,GL-4396,2026-03-10 10:34:00,7.997829,10.659074,4.3,4.78
T04,GL-4396,2026-03-10 10:35:00,7.998308,10.658935,8.1,3.82
T04,GL-4396,2026-03-10 10:36:00,7.960813,10.659011,11.4,196.32
T04,GL-4396,2026-03-10 10:37:00,7.999283,10.65905,8.7,3.39
T04,GL-4396,2026-03-10 10:38:00,7.999856,10.658976,7.1,3.05
T04,GL-4396,2026-03-10 10:39:00,8.000285,10.658947,9.6,3.1
T04,GL-4396,2026-03-10 10:40:00,8.000875,10.658989,8.6,5.05
T04,GL-4396,2026-03-10 10:41:00,8.001275,10.658887,5.2,5.08
T04,GL-4396,2026-03-10 10:42:00,8.001877,10.658862,7.8,4.31
T04,GL-4396,2026-03-10 10:43:00,8.002279,10.658953,4.7,3.76
T04,GL-4396,2026-03-10 10:44:00,8.002733,10.658817,6.9,3.68
T04,GL-4396,2026-03-10 10:45:00,8.003389,10.658962,7.6,3.43
T04,GL-4396,2026-03-10 10:46:00,8.003894,10.658777,11.1,4.53
T04,GL-4396,2026-03-10 10:47:00,8.004376,10.658783,9.9,5.28
T04,GL-4396,2026-03-10 10:48:00,8.004906,10.658925,6.5,3.35
T04,GL-4396,2026-03-10 10:49:00,8.005322,10.658949,8.0,5.55
T04,GL-4396,2026-03-10 10:50:00,8.005889,10.658862,,3.7
T04,GL-4396,2026-03-10 10:51:00,8.006373,10.65885,7.6,4.32
T04,GL-4396,2026-03-10 10:52:00,8.006911,10.658786,11.4,3.88
T04,GL-4396,2026-03-10 10:53:00,8.007416,10.658855,8.5,3.45
T04,GL-4396,2026-03-10 10:54:00,8.007955,10.658787,,3.13
T04,GL-4396,2026-03-10 10:55:00,8.008454,10.658738,8.6,2.84
T04,GL-4396,2026-03-10 10:56:00,8.008884,10.658824,9.2,3.51
T04,GL-4396,2026-03-10 10:57:00,8.009447,10.658649,11.9,5.01
T04,GL-4396,2026-03-10 10:58:00,8.009849,10.658751,7.8,5.43
T04,GL-4396,2026-03-10 10:59:00,8.010346,10.658641,7.5,4.92
T04,GL-4396,2026-03-10 11:00:00,8.010999,10.658675,10.2,4.73
T04,GL-4396,2026-03-10 11:01:00,8.011401,10.658622,11.3,3.59
T04,GL-4396,2026-03-10 11:02:00,8.011884,10.65869,5.9,2.86
T04,GL-4396,2026-03-10 11:03:00,8.012434,10.658716,5.0,2.95
T04,GL-4396,2026-03-10 11:04:00,8.012917,10.658713,7.9,2.9
T04,GL-4396,2026-03-10 11:05:00,8.013336,10.658653,7.6,5.36
T04,GL-4396,2026-03-10 11:06:00,8.013902,10.658571,7.8,3.42
T04,GL-4396,2026-03-10 11:07:00,8.014419,10.658561,8.1,3.04
T04,GL-4396,2026-03-10 11:08:00,8.014891,10.658665,10.4,4.31
T04,GL-4396,2026-03-10 11:09:00,8.015351,10.658543,11.4,2.9
T04,GL-4396,2026-03-10 11:10:00,8.015953,10.65861,10.6,4.02
T04,GL-4396,2026-03-10 11:11:00,8.016394,10.658473,9.7,4.3
T04,GL-4396,2026-03-10 11:12:00,8.017021,10.65843,10.1,2.99
T04,GL-4396,2026-03-10 11:13:00,8.017376,10.658478,9.2,5.16
T04,GL-4396,2026-03-10 11:14:00,8.017955,10.658489,11.2,3.15
T04,GL-4396,2026-03-10 11:15:00,8.018536,10.658516,8.4,3.89
T04,GL-4396,2026-03-10 11:16:00,8.018963,10.658477,10.4,3.72
T04,GL-4396,2026-03-10 11:17:00,8.019455,10.658554,5.4,4.52
T04,GL-4396,2026-03-10 11:18:00,8.019979,10.65838,4.0,5.4
T04,GL-4396,2026-03-10 11:19:00,8.020559,10.658528,8.8,5.5
T04,GL-4396,2026-03-10 11:20:00,8.021043,10.658372,8.4,5.15
T04,GL-4396,2026-03-10 11:21:00,8.021425,10.658444,8.6,4.69
T04,GL-4396,2026-03-10 11:22:00,8.02195,10.658358,9.0,5.54
T04,GL-4396,2026-03-10 11:23:00,8.02243,10.658281,11.5,3.29
T04,GL-4396,2026-03-10 11:24:00,8.023024,10.65831,4.2,4.46
T04,GL-4396,2026-03-10 11:25:00,8.023528,10.658341,8.0,4.43
T04,GL-4396,2026-03-10 11:26:00,8.023989,10.658344,10.8,3.32
T04,GL-4396,2026-03-10 11:27:00,8.024536,10.658404,11.9,3.41
T04,GL-4396,2026-03-10 11:28:00,8.024969,10.658355,6.4,4.2
T04,GL-4396,2026-03-10 11:29:00,8.025438,10.658298,10.4,4.01
T04,GL-4396,2026-03-10 11:30:00,8.025979,10.658329,6.1,5.44
T04,GL-4396,2026-03-10 11:31:00,8.026566,10.658313,5.8,5.25
T04,GL-4396,2026-03-10 11:32:00,8.027014,10.658375,11.5,3.27
T04,GL-4396,2026-03-10 11:33:00,8.027468,10.658286,7.2,3.88
T04,GL-4396,2026-03-10 11:34:00,8.028088,10.658302,4.2,5.25
T04,GL-4396,2026-03-10 11:35:00,8.02852,10.658238,9.3,4.79
T04,GL-4396,2026-03-10 11:36:00,8.02915,10.658393,9.8,3.52
T04,GL-4396,2026-03-10 11:37:00,8.029468,10.658113,10.6,4.63
T04,GL-4396,2026-03-10 11:38:00,8.030113,10.658171,5.7,3.56
T04,GL-4396,2026-03-10 11:39:00,8.030572,10.658203,8.8,5.43
T04,GL-4396,2026-03-10 11:40:00,8.031096,10.658118,9.0,5.08
T04,GL-4396,2026-03-10 11:41:00,8.03147,10.658199,5.8,3.69
T04,GL-4396,2026-03-10 11:42:00,8.032099,10.658142,7.6,4.85
T04,GL-4396,2026-03-10 11:43:00,8.032665,10.658123,9.8,4.42
T04,GL-4396,2026-03-10 11:44:00,8.033098,10.658144,5.2,4.82
T04,GL-4396,2026-03-10 11:45:00,8.033563,10.658027,4.8,3.32
T04,GL-4396,2026-03-10 11:46:00,8.03391,10.658001,9.1,2.97
T04,GL-4396,2026-03-10 11:47:00,8.034556,10.658211,5.5,3.51
T04,GL-4396,2026-03-10 11:48:00,8.035025,10.658063,4.5,3.61
T04,GL-4396,2026-03-10 11:49:00,8.035684,10.658016,7.6,3.01
T04,GL-4396,2026-03-10 11:50:00,8.036031,10.658059,7.9,3.05
T04,GL-4396,2026-03-10 11:51:00,8.036565,10.658044,5.3,3.09
T04,GL-4396,2026-03-10 11:52:00,8.037058,10.65798,8.0,3.66
T04,GL-4396,2026-03-10 11:53:00,8.037545,10.658023,7.8,3.41
T04,GL-4396,2026-03-10 11:54:00,8.038227,10.657913,10.0,3.03
T04,GL-4396,2026-03-10 11:55:00,8.038661,10.657972,9.4,3.91
T04,GL-4396,2026-03-10 11:56:00,8.039125,10.658077,8.6,4.23
T04,GL-4396,2026-03-10 11:57:00,8.039624,10.657952,10.0,2.83
T04,GL-4396,2026-03-10 11:58:00,8.040093,10.657882,7.8,5.54
T04,GL-4396,2026-03-10 11:59:00,8.040567,10.658054,11.8,4.04
T04,GL-4396,2026-03-10 12:00:00,8.041212,10.657963,8.2,5.48
T04,GL-4396,2026-03-10 12:01:00,8.041602,10.657994,8.6,4.69
T04,GL-4396,2026-03-10 12:02:00,8.042163,10.657844,4.8,3.22
T04,GL-4396,2026-03-10 12:03:00,8.042618,10.65792,5.3,5.44
T04,GL-4396,2026-03-10 12:04:00,8.043236,10.657824,8.5,2.94
T04,GL-4396,2026-03-10 12:05:00,8.043674,10.657818,7.8,3.31
T04,GL-4396,2026-03-10 12:06:00,8.044251,10.657796,7.4,3.32
T04,GL-4396,2026-03-10 12:07:00,8.044694,10.657721,10.0,3.47
T04,GL-4396,2026-03-10 12:08:00,8.045223,10.657804,10.1,5.56
T04,GL-4396,2026-03-10 12:09:00,8.045763,10.657799,10.7,5.56
T04,GL-4396,2026-03-10 12:10:00,8.0462,10.657774,5.4,4.05
T04,GL-4396,2026-03-10 12:11:00,8.046686,10.657789,7.3,5.3
T04,GL-4396,2026-03-10 12:12:00,8.047163,10.65778,12.0,5.19
T04,GL-4396,2026-03-10 12:13:00,8.047764,10.657822,9.4,4.78
T04,GL-4396,2026-03-10 12:14:00,8.048313,10.657713,6.2,4.17
T04,GL-4396,2026-03-10 12:15:00,8.048759,10.657811,6.9,4.73
T04,GL-4396,2026-03-10 12:16:00,8.049245,10.657702,9.9,3.34
T04,GL-4396,2026-03-10 12:17:00,8.049824,10.657676,8.4,3.6
T04,GL-4396,2026-03-10 12:18:00,8.050231,10.657677,4.7,5.58
T04,GL-4396,2026-03-10 12:19:00,8.050732,10.657603,5.8,5.27
T04,GL-4396,2026-03-10 12:20:00,8.051193,10.657617,6.7,4.24
T04,GL-4396,2026-03-10 12:21:00,8.051863,10.657571,9.9,5.01
T04,GL-4396,2026-03-10 12:22:00,8.052346,10.657512,5.8,4.25
T04,GL-4396,2026-03-10 12:23:00,8.052775,10.657647,8.6,3.03
T04,GL-4396,2026-03-10 12:24:00,8.053212,10.65755,9.9,2.94
T04,GL-4396,2026-03-10 12:25:00,8.053723,10.657551,9.3,4.73
T04,GL-4396,2026-03-10 12:26:00,8.054273,10.657639,8.8,5.26
T04,GL-4396,2026-03-10 12:27:00,8.054667,10.657553,7.2,4.29
T04,GL-4396,2026-03-10 12:28:00,8.055282,10.65756,7.4,3.59
T04,GL-4396,2026-03-10 12:29:00,8.055783,10.657514,6.7,4.45
T04,GL-4396,2026-03-10 12:30:00,8.056344,10.657576,8.6,5.15
T04,GL-4396,2026-03-10 12:31:00,8.056722,10.657527,11.2,4.28
T04,GL-4396,2026-03-10 12:32:00,8.057322,10.657501,9.5,4.32
T04,GL-4396,2026-03-10 12:33:00,8.057814,10.657436,7.3,3.19
T04,GL-4396,2026-03-10 12:34:00,8.058369,10.657584,8.4,2.85
T04,GL-4396,2026-03-10 12:35:00,8.058924,10.65748,5.5,3.02
T04,GL-4396,2026-03-10 12:36:00,8.059289,10.657357,9.0,4.11
T04,GL-4396,2026-03-10 12:37:00,8.059894,10.657488,6.5,3.34
T04,GL-4396,2026-03-10 12:38:00,8.060263,10.657377,12.0,3.13
T04,GL-4396,2026-03-10 12:39:00,8.060771,10.657421,4.6,3.6
T04,GL-4396,2026-03-10 12:40:00,8.061379,10.657317,5.9,3.41
T04,GL-4396,2026-03-10 12:41:00,8.061828,10.657305,4.4,3.12
T04,GL-4396,2026-03-10 12:42:00,8.062262,10.657462,7.8,5.59
T04,GL-4396,2026-03-10 12:43:00,8.062776,10.657359,6.0,4.23
T04,GL-4396,2026-03-10 12:44:00,8.063405,10.657354,7.9,3.82
T04,GL-4396,2026-03-10 12:45:00,8.06374,10.657247,10.2,3.06
T04,GL-4396,2026-03-10 12:46:00,8.064485,10.657379,7.1,4.73
T04,GL-4396,2026-03-10 12:47:00,8.064877,10.657243,8.3,5.21
T04,GL-4396,2026-03-10 12:48:00,8.065292,10.657298,4.2,5.32
T04,GL-4396,2026-03-10 12:49:00,8.065918,10.657282,9.4,5.05
T04,GL-4396,2026-03-10 12:50:00,8.066307,10.657131,9.5,3.94
T04,GL-4396,2026-03-10 12:51:00,8.06692,10.657204,9.1,3.75
T04,GL-4396,2026-03-10 12:52:00,8.067286,10.657243,8.7,3.08
T04,GL-4396,2026-03-10 12:53:00,8.067853,10.657128,9.7,3.84
T04,GL-4396,2026-03-10 12:54:00,8.068358,10.657151,5.8,4.94
T04,GL-4396,2026-03-10 12:55:00,8.068902,10.657152,,5.47
T04,GL-4396,2026-03-10 12:56:00,8.069407,10.657181,4.7,4.71
T04,GL-4396,2026-03-10 12:57:00,8.069835,10.657127,6.4,5.32
T04,GL-4396,2026-03-10 12:58:00,8.070397,10.657115,5.0,3.74
T04,GL-4396,2026-03-10 12:59:00,8.071037,10.657094,10.7,4.09
T04,GL-4396,2026-03-10 13:00:00,8.071403,10.657144,11.7,5.09
T04,GL-4396,2026-03-10 13:01:00,8.07193,10.657108,8.9,3.75
T04,GL-4396,2026-03-10 13:02:00,8.072447,10.65703,6.1,3.89
T04,GL-4396,2026-03-10 13:03:00,8.072956,10.657089,9.8,5.5
T04,GL-4396,2026-03-10 13:04:00,8.073439,10.65704,11.5,5.27
T04,GL-4396,2026-03-10 13:05:00,8.07395,10.657028,4.8,4.61
T04,GL-4396,2026-03-10 13:06:00,8.074453,10.657084,6.9,3.24
T04,GL-4396,2026-03-10 13:07:00,8.074951,10.657011,4.9,3.24
T04,GL-4396,2026-03-10 13:08:00,8.075459,10.65707,8.4,3.99
T04,GL-4396,2026-03-10 13:09:00,8.075879,10.656985,5.8,4.81
T04,GL-4396,2026-03-10 13:10:00,8.076519,10.656942,4.9,4.46
T04,GL-4396,2026-03-10 13:11:00,8.076806,10.656892,10.0,4.04
T04,GL-4396,2026-03-10 13:12:00,8.077449,10.657019,11.3,5.17
T04,GL-4396,2026-03-10 13:13:00,8.077869,10.656951,6.3,3.17
T04,GL-4396,2026-03-10 13:14:00,8.078458,10.656989,10.9,4.69
T04,GL-4396,2026-03-10 13:15:00,8.078999,10.656963,8.9,3.66
T04,GL-4396,2026-03-10 13:16:00,8.079562,10.656934,6.5,4.56
T04,GL-4396,2026-03-10 13:17:00,8.079899,10.656749,10.6,3.87
T04,GL-4396,2026-03-10 13:18:00,8.080397,10.65687,6.5,4.48
T04,GL-4396,2026-03-10 13:19:00,8.080968,10.656922,4.4,4.75
T04,GL-4396,2026-03-10 13:20:00,8.08145,10.656814,5.7,3.62
T04,GL-4396,2026-03-10 13:21:00,8.082024,10.656784,5.1,3.68
T04,GL-4396,2026-03-10 13:22:00,8.082412,10.656791,4.2,3.97
T04,GL-4396,2026-03-10 13:23:00,8.083,10.656795,6.2,4.69
T04,GL-4396,2026-03-10 13:24:00,8.083511,10.656864,6.8,5.41
T04,GL-4396,2026-03-10 13:25:00,8.084139,10.656777,4.1,5.35
T04,GL-4396,2026-03-10 13:26:00,8.084545,10.656768,7.0,4.32
T04,GL-4396,2026-03-10 13:27:00,8.084963,10.656855,8.3,4.27
T04,GL-4396,2026-03-10 13:28:00,8.085498,10.656773,11.9,4.63
T04,GL-4396,2026-03-10 13:29:00,8.086161,10.656722,11.6,3.63
T04,GL-4396,2026-03-10 13:30:00,8.086544,10.656844,9.3,5.37
T04,GL-4396,2026-03-10 13:31:00,8.08692,10.656662,5.4,4.78
T04,GL-4396,2026-03-10 13:32:00,8.087458,10.656764,6.5,3.5
T04,GL-4396,2026-03-10 13:33:00,8.088093,10.656701,8.8,4.77
T04,GL-4396,2026-03-10 13:34:00,8.088509,10.656551,9.6,3.84
T04,GL-4396,2026-03-10 13:35:00,8.088962,10.656599,5.6,3.67
T04,GL-4396,2026-03-10 13:36:00,8.089502,10.656597,11.3,3.13
T04,GL-4396,2026-03-10 13:37:00,8.08999,10.656613,5.9,2.81
T04,GL-4396,2026-03-10 13:38:00,8.090561,10.6566,8.8,4.67
T04,GL-4396,2026-03-10 13:39:00,8.091048,10.65654,10.4,4.77
T04,GL-4396,2026-03-10 13:40:00,8.091582,10.656413,12.0,3.38
T04,GL-4396,2026-03-10 13:41:00,8.092084,10.656579,,4.62
T04,GL-4396,2026-03-10 13:42:00,8.092626,10.656603,10.5,3.63
T04,GL-4396,2026-03-10 13:43:00,8.092988,10.656562,8.3,3.05
T04,GL-4396,2026-03-10 13:44:00,8.093677,10.65646,6.1,3.95
T04,GL-4396,2026-03-10 13:45:00,8.094135,10.656495,8.0,5.45
T04,GL-4396,2026-03-10 13:46:00,8.094566,10.656602,7.9,3.92
T04,GL-4396,2026-03-10 13:47:00,8.095149,10.656416,11.4,4.61
T04,GL-4396,2026-03-10 13:48:00,8.095476,10.6564,11.9,3.28
T04,GL-4396,2026-03-10 13:49:00,8.096039,10.656482,5.1,3.09
T04,GL-4396,2026-03-10 13:50:00,8.096559,10.656448,9.2,3.93
T04,GL-4396,2026-03-10 13:51:00,8.097002,10.656544,9.5,5.26
T04,GL-4396,2026-03-10 13:52:00,8.097577,10.65644,4.6,4.57
T04,GL-4396,2026-03-10 13:53:00,8.098077,10.656395,7.0,3.85
T04,GL-4396,2026-03-10 13:54:00,8.098609,10.656306,11.5,3.73
T04,GL-4396,2026-03-10 13:55:00,8.099116,10.656431,11.2,2.9
T04,GL-4396,2026-03-10 13:56:00,8.099617,10.656285,4.6,5.25
T04,GL-4396,2026-03-10 13:57:00,8.100062,10.656481,10.5,4.02
T04,GL-4396,2026-03-10 13:58:00,8.100616,10.656361,11.1,3.7
T04,GL-4396,2026-03-10 13:59:00,8.101079,10.656392,11.5,4.41
T04,GL-4396,2026-03-10 14:00:00,8.101621,10.656248,9.8,3.96
T04,GL-4396,2026-03-10 14:01:00,8.102308,10.656296,6.2,4.04
T04,GL-4396,2026-03-10 14:02:00,8.10262,10.656255,11.1,4.1
T04,GL-4396,2026-03-10 14:03:00,8.103193,10.656207,7.5,4.92
T04,GL-4396,2026-03-10 14:04:00,8.103673,10.656144,6.7,4.16
T04,GL-4396,2026-03-10 14:05:00,8.10431,10.656231,5.5,4.88
T04,GL-4396,2026-03-10 14:06:00,8.104699,10.656182,4.6,3.39
T04,GL-4396,2026-03-10 14:07:00,8.105237,10.656218,6.5,5.44
T04,GL-4396,2026-03-10 14:08:00,8.105648,10.656162,9.5,3.35
T04,GL-4396,2026-03-10 14:09:00,8.106182,10.656129,5.2,3.74
T04,GL-4396,2026-03-10 14:10:00,8.106586,10.656074,4.6,4.49
T04,GL-4396,2026-03-10 14:11:00,8.107284,10.656203,11.8,5.08
T04,GL-4396,2026-03-10 14:12:00,8.107732,10.656208,5.2,3.69
T04,GL-4396,2026-03-10 14:13:00,8.108146,10.656127,11.6,4.31
T04,GL-4396,2026-03-10 14:14:00,8.108709,10.656166,10.9,5.52
T04,GL-4396,2026-03-10 14:15:00,8.109163,10.656045,10.9,5.0
T04,GL-4396,2026-03-10 14:16:00,8.109679,10.656186,11.6,3.08
T04,GL-4396,2026-03-10 14:17:00,8.110153,10.656054,4.7,4.73
T04,GL-4396,2026-03-10 14:18:00,8.110716,10.65604,7.2,4.75
T04,GL-4396,2026-03-10 14:19:00,8.111215,10.656176,6.2,2.96
T04,GL-4396,2026-03-10 14:20:00,8.111824,10.656052,7.1,3.47
T04,GL-4396,2026-03-10 14:21:00,8.112306,10.656088,11.9,4.45
T04,GL-4396,2026-03-10 14:22:00,8.112706,10.656019,9.5,3.08
T04,GL-4396,2026-03-10 14:23:00,8.113243,10.655939,6.4,5.13
T04,GL-4396,2026-03-10 14:24:00,8.113795,10.655923,5.6,4.84
T04,GL-4396,2026-03-10 14:25:00,8.114221,10.655989,5.3,5.15
T04,GL-4396,2026-03-10 14:26:00,8.114807,10.655958,9.8,3.44
T04,GL-4396,2026-03-10 14:27:00,8.115254,10.655927,7.6,4.31
T04,GL-4396,2026-03-10 14:28:00,8.115826,10.655913,10.4,3.99
T04,GL-4396,2026-03-10 14:29:00,8.116316,10.655941,11.0,4.7
T04,GL-4396,2026-03-10 14:30:00,8.116728,10.655876,4.2,4.53
T04,GL-4396,2026-03-10 14:31:00,8.117352,10.655869,5.4,4.2
T04,GL-4396,2026-03-10 14:32:00,8.117864,10.656106,7.5,3.95
T04,GL-4396,2026-03-10 14:33:00,8.118203,10.655834,4.1,4.88
T04,GL-4396,2026-03-10 14:34:00,8.118719,10.655778,11.9,5.23
T04,GL-4396,2026-03-10 14:35:00,8.119286,10.655818,7.1,5.36
T04,GL-4396,2026-03-10 14:36:00,8.119841,10.655725,6.4,3.23
T04,GL-4396,2026-03-10 14:37:00,8.120288,10.655735,9.8,3.72
T04,GL-4396,2026-03-10 14:38:00,8.120829,10.655741,8.7,4.92
T04,GL-4396,2026-03-10 14:39:00,8.121298,10.655733,11.3,4.7
T04,GL-4396,2026-03-10 14:40:00,8.121777,10.65577,11.1,4.62
T04,GL-4396,2026-03-10 14:41:00,8.122304,10.655832,5.5,3.55
T04,GL-4396,2026-03-10 14:42:00,8.122843,10.65571,4.2,4.86
T04,GL-4396,2026-03-10 14:43:00,8.123287,10.65569,5.1,4.7
T04,GL-4396,2026-03-10 14:44:00,8.123841,10.655757,6.0,3.29
T04,GL-4396,2026-03-10 14:45:00,8.124298,10.655825,9.3,5.41
T04,GL-4396,2026-03-10 14:46:00,8.124772,10.655752,7.4,2.81
T04,GL-4396,2026-03-10 14:47:00,8.125382,10.655663,9.3,4.27
T04,GL-4396,2026-03-10 14:48:00,8.125809,10.655664,4.9,5.37
T04,GL-4396,2026-03-10 14:49:00,8.126368,10.655685,11.8,4.87
T04,GL-4396,2026-03-10 14:50:00,8.126856,10.655721,,4.26
T04,GL-4396,2026-03-10 14:51:00,8.127459,10.655774,5.6,4.17
T04,GL-4396,2026-03-10 14:52:00,8.127976,10.65557,11.0,4.26
T04,GL-4396,2026-03-10 14:53:00,8.128363,10.655641,10.7,4.86
T04,GL-4396,2026-03-10 14:54:00,8.128999,10.655698,9.7,4.25
T04,GL-4396,2026-03-10 14:55:00,8.129439,10.655636,4.2,5.13
T04,GL-4396,2026-03-10 14:56:00,8.129897,10.65553,11.6,4.27
T04,GL-4396,2026-03-10 14:57:00,8.130434,10.655583,9.5,5.06
T04,GL-4396,2026-03-10 14:58:00,8.130922,10.655571,9.8,5.04
T04,GL-4396,2026-03-10 14:59:00,8.131435,10.655506,10.2,5.43
T04,GL-4396,2026-03-10 15:00:00,8.131858,10.655473,10.3,3.16
T04,GL-4396,2026-03-10 15:01:00,8.132385,10.655434,7.1,3.38
T04,GL-4396,2026-03-10 15:02:00,8.132888,10.655509,4.9,4.65
T04,GL-4396,2026-03-10 15:03:00,8.133385,10.655451,5.3,4.04
T04,GL-4396,2026-03-10 15:04:00,8.133942,10.655466,11.0,4.22
T04,GL-4396,2026-03-10 15:05:00,8.134434,10.655444,6.9,5.38
T04,GL-4396,2026-03-10 15:06:00,8.1349,10.655383,6.7,4.44
T04,GL-4396,2026-03-10 15:07:00,8.135515,10.655404,8.6,5.4
T04,GL-4396,2026-03-10 15:08:00,8.135963,10.655271,4.1,3.57
T04,GL-4396,2026-03-10 15:09:00,8.136414,10.655295,7.1,5.09
T04,GL-4396,2026-03-10 15:10:00,8.136939,10.655372,7.0,4.11
T04,GL-4396,2026-03-10 15:11:00,8.137485,10.655335,5.2,3.82
T04,GL-4396,2026-03-10 15:12:00,8.137987,10.655397,7.9,4.32
T04,GL-4396,2026-03-10 15:13:00,8.138452,10.655337,8.2,3.26
T04,GL-4396,2026-03-10 15:14:00,8.138978,10.655377,9.1,2.89
T04,GL-4396,2026-03-10 15:15:00,8.139448,10.655421,8.0,4.0
T04,GL-4396,2026-03-10 15:16:00,8.139973,10.655274,10.8,2.87
T04,GL-4396,2026-03-10 15:17:00,8.140397,10.655259,7.6,3.89
T04,GL-4396,2026-03-10 15:18:00,8.141034,10.655206,8.4,4.38
T04,GL-4396,2026-03-10 15:19:00,8.14152,10.655287,5.5,3.51
T04,GL-4396,2026-03-10 15:20:00,8.142017,10.655172,7.1,5.39
T04,GL-4396,2026-03-10 15:21:00,8.142419,10.655227,5.8,5.24
T04,GL-4396,2026-03-10 15:22:00,8.143018,10.655143,4.1,3.72
T04,GL-4396,2026-03-10 15:23:00,8.143459,10.655205,4.7,5.21
T04,GL-4396,2026-03-10 15:24:00,8.144015,10.655264,4.1,4.82
T04,GL-4396,2026-03-10 15:25:00,8.144465,10.655015,7.1,5.23
T04,GL-4396,2026-03-10 15:26:00,8.145048,10.655226,10.7,5.46
T04,GL-4396,2026-03-10 15:27:00,8.145504,10.655191,9.4,4.66
T04,GL-4396,2026-03-10 15:28:00,8.146035,10.655185,4.9,4.47
T04,GL-4396,2026-03-10 15:29:00,8.146488,10.655206,5.3,4.95
T04,GL-4396,2026-03-10 15:30:00,8.147035,10.655173,11.8,3.11
T04,GL-4396,2026-03-10 15:31:00,8.147621,10.655131,6.9,4.73
T04,GL-4396,2026-03-10 15:32:00,8.14804,10.654988,8.4,2.94
T04,GL-4396,2026-03-10 15:33:00,8.148497,10.655091,8.1,4.77
T04,GL-4396,2026-03-10 15:34:00,8.149103,10.655033,5.3,5.47
T04,GL-4396,2026-03-10 15:35:00,8.149646,10.655099,10.6,3.54
T04,GL-4396,2026-03-10 15:36:00,8.15012,10.655042,5.0,4.72
T04,GL-4396,2026-03-10 15:37:00,8.150589,10.654984,6.4,4.89
T04,GL-4396,2026-03-10 15:38:00,8.150991,10.654957,9.7,4.83
T04,GL-4396,2026-03-10 15:39:00,8.15156,10.654972,10.9,5.5
T04,GL-4396,2026-03-10 15:40:00,8.152142,10.654875,6.4,3.08
T04,GL-4396,2026-03-10 15:41:00,8.152526,10.654865,8.4,5.29
T04,GL-4396,2026-03-10 15:42:00,8.153064,10.65502,6.3,3.16
T04,GL-4396,2026-03-10 15:43:00,8.15364,10.655002,4.7,4.45
T04,GL-4396,2026-03-10 15:44:00,8.154168,10.654957,11.3,4.58
T04,GL-4396,2026-03-10 15:45:00,8.154649,10.654894,6.6,5.06
T04,GL-4396,2026-03-10 15:46:00,8.154968,10.654825,9.4,5.11
T04,GL-4396,2026-03-10 15:47:00,8.155718,10.654877,9.4,4.3
T04,GL-4396,2026-03-10 15:48:00,8.156079,10.654981,9.4,4.23
T04,GL-4396,2026-03-10 15:49:00,8.156616,10.654893,10.8,3.54
T04,GL-4396,2026-03-10 15:50:00,8.157082,10.654875,9.8,3.37
T04,GL-4396,2026-03-10 15:51:00,8.157722,10.654847,9.7,5.34
T04,GL-4396,2026-03-10 15:52:00,8.158199,10.654761,5.4,4.48
T04,GL-4396,2026-03-10 15:53:00,8.158685,10.654845,9.8,5.02
T04,GL-4396,2026-03-10 15:54:00,8.159194,10.654931,8.7,3.18
T04,GL-4396,2026-03-10 15:55:00,8.159726,10.654693,5.6,5.35
T04,GL-4396,2026-03-10 15:56:00,8.160184,10.6548,7.5,5.1
T04,GL-4396,2026-03-10 15:57:00,8.160667,10.654733,4.7,4.71
T04,GL-4396,2026-03-10 15:58:00,8.161149,10.654669,6.3,3.39
T04,GL-4396,2026-03-10 15:59:00,8.161629,10.654767,11.5,3.19
T04,GL-4396,2026-03-10 16:00:00,8.162063,10.654717,8.3,3.6
T04,GL-4396,2026-03-10 16:01:00,8.162591,10.654659,10.0,4.05
T04,GL-4396,2026-03-10 16:02:00,8.163248,10.654635,9.2,2.96
T04,GL-4396,2026-03-10 16:03:00,8.16365,10.654705,6.2,2.91
T04,GL-4396,2026-03-10 16:04:00,8.164245,10.654675,10.8,4.12
T04,GL-4396,2026-03-10 16:05:00,8.164644,10.654676,9.7,5.54
T04,GL-4396,2026-03-10 16:06:00,8.165173,10.654511,5.9,4.5
T04,GL-4396,2026-03-10 16:07:00,8.165727,10.654617,10.4,5.15
T04,GL-4396,2026-03-10 16:08:00,8.166137,10.654634,5.4,3.44
T04,GL-4396,2026-03-10 16:09:00,8.166651,10.654639,9.1,5.16
T04,GL-4396,2026-03-10 16:10:00,8.167173,10.654606,11.6,2.96
T04,GL-4396,2026-03-10 16:11:00,8.167739,10.654513,5.3,5.19
T04,GL-4396,2026-03-10 16:12:00,8.168272,10.654606,10.1,4.05
T04,GL-4396,2026-03-10 16:13:00,8.168666,10.654471,9.2,3.37
T04,GL-4396,2026-03-10 16:14:00,8.169247,10.654467,8.7,5.58
T04,GL-4396,2026-03-10 16:15:00,8.16973,10.654555,10.7,4.05
T04,GL-4396,2026-03-10 16:16:00,8.170198,10.654505,6.1,4.02
T04,GL-4396,2026-03-10 16:17:00,8.170735,10.654523,5.9,5.39
T04,GL-4396,2026-03-10 16:18:00,8.171257,10.654504,9.2,3.2
T04,GL-4396,2026-03-10 16:19:00,8.171729,10.654527,4.1,3.95
T04,GL-4396,2026-03-10 16:20:00,8.171829,10.654375,9.5,0.43
T04,GL-4396,2026-03-10 16:21:00,8.171621,10.654451,4.4,0.54
T04,GL-4396,2026-03-10 16:22:00,8.171942,10.654421,7.0,0.08
T04,GL-4396,2026-03-10 16:23:00,8.171731,10.654537,10.2,0.34
T04,GL-4396,2026-03-10 16:24:00,8.171662,10.654515,8.7,0.12
T04,GL-4396,2026-03-10 16:25:00,8.171717,10.654482,11.1,0.2
T04,GL-4396,2026-03-10 16:26:00,8.17181,10.654579,8.0,0.85
T04,GL-4396,2026-03-10 16:27:00,8.171739,10.654412,6.1,0.27
T04,GL-4396,2026-03-10 16:28:00,8.17167,10.654537,10.1,0.63
T04,GL-4396,2026-03-10 16:29:00,8.171734,10.654453,5.4,0.3
T04,GL-4396,2026-03-10 16:30:00,8.171647,10.654529,6.1,0.25
T04,GL-4396,2026-03-10 16:31:00,8.171713,10.654315,10.1,0.54
T04,GL-4396,2026-03-10 16:32:00,8.171757,10.654407,6.4,0.56
T04,GL-4396,2026-03-10 16:33:00,8.171786,10.654572,5.6,0.05
T04,GL-4396,2026-03-10 16:34:00,8.171693,10.654384,9.2,0.61
T04,GL-4396,2026-03-10 16:35:00,8.171706,10.654534,5.9,0.45
T04,GL-4396,2026-03-10 16:36:00,8.171752,10.654447,8.1,0.12
T04,GL-4396,2026-03-10 16:37:00,8.17176,10.65438,9.5,0.24
T04,GL-4396,2026-03-10 16:38:00,8.171754,10.654404,7.8,0.55
T04,GL-4396,2026-03-10 16:39:00,8.171759,10.654538,10.2,0.21
T04,GL-4396,2026-03-10 16:40:00,8.171765,10.654573,9.2,0.74
T04,GL-4396,2026-03-10 16:41:00,8.171675,10.654461,8.0,0.67
T04,GL-4396,2026-03-10 16:42:00,8.171771,10.654274,11.4,0.17
T04,GL-4396,2026-03-10 16:43:00,8.171755,10.654507,10.8,0.01
T04,GL-4396,2026-03-10 16:44:00,8.171729,10.654421,7.2,0.21
T04,GL-4396,2026-03-10 16:45:00,8.171775,10.654457,,0.18
T04,GL-4396,2026-03-10 16:46:00,8.171693,10.654589,6.8,0.89
T04,GL-4396,2026-03-10 16:47:00,8.171708,10.654528,6.8,0.71
T04,GL-4396,2026-03-10 16:48:00,8.17114,10.654474,8.9,4.48
T04,GL-4396,2026-03-10 16:49:00,8.170506,10.654338,10.5,4.74
T04,GL-4396,2026-03-10 16:50:00,8.169861,10.654334,6.0,5.35
T04,GL-4396,2026-03-10 16:51:00,8.169269,10.654259,4.9,4.77
T04,GL-4396,2026-03-10 16:52:00,8.168577,10.654128,11.5,3.09
T04,GL-4396,2026-03-10 16:53:00,8.167973,10.654069,8.3,4.16
T04,GL-4396,2026-03-10 16:54:00,8.167337,10.654143,11.9,4.71
T04,GL-4396,2026-03-10 16:55:00,8.166723,10.654111,5.5,4.11
T04,GL-4396,2026-03-10 16:56:00,8.166072,10.653837,7.1,3.41
T04,GL-4396,2026-03-10 16:57:00,8.1654,10.653967,11.5,5.21
T04,GL-4396,2026-03-10 16:58:00,8.164915,10.653843,8.9,2.84
T04,GL-4396,2026-03-10 16:59:00,8.164213,10.653765,11.9,3.06
T04,GL-4396,2026-03-10 17:00:00,8.16357,10.653689,8.5,3.57
T04,GL-4396,2026-03-10 17:01:00,8.162892,10.65372,7.1,2.99
T04,GL-4396,2026-03-10 17:02:00,8.162325,10.653639,5.4,3.58
T04,GL-4396,2026-03-10 17:03:00,8.161739,10.653542,9.7,4.18
T04,GL-4396,2026-03-10 17:04:00,8.161133,10.653678,9.7,4.8
T04,GL-4396,2026-03-10 17:05:00,8.160516,10.653322,10.4,3.66
T04,GL-4396,2026-03-10 17:06:00,8.15996,10.653446,8.4,3.8
T04,GL-4396,2026-03-10 17:07:00,8.159225,10.653374,10.2,3.38
T04,GL-4396,2026-03-10 17:08:00,8.158706,10.653381,5.9,2.99
T04,GL-4396,2026-03-10 17:09:00,8.158008,10.653256,5.8,2.94
T04,GL-4396,2026-03-10 17:10:00,8.157339,10.653206,5.8,3.21
T04,GL-4396,2026-03-10 17:11:00,8.156681,10.653189,9.8,4.25
T04,GL-4396,2026-03-10 17:12:00,8.156025,10.653066,,3.31
T04,GL-4396,2026-03-10 17:13:00,8.155397,10.653172,8.0,2.82
T04,GL-4396,2026-03-10 17:14:00,8.154871,10.653105,10.6,2.91
T04,GL-4396,2026-03-10 17:15:00,8.154202,10.652923,6.6,4.16
T04,GL-4396,2026-03-10 17:16:00,8.153556,10.652783,4.9,5.0
T04,GL-4396,2026-03-10 17:17:00,8.152891,10.652747,4.4,3.02
T04,GL-4396,2026-03-10 17:18:00,8.152397,10.652769,11.5,5.44
T04,GL-4396,2026-03-10 17:19:00,8.151738,10.652732,9.7,5.49
T04,GL-4396,2026-03-10 17:20:00,8.15108,10.652729,7.2,4.9
T04,GL-4396,2026-03-10 17:21:00,8.150429,10.652665,10.5,3.71
T04,GL-4396,2026-03-10 17:22:00,8.149807,10.652529,8.4,3.86
T04,GL-4396,2026-03-10 17:23:00,8.149066,10.65254,8.8,3.62
T04,GL-4396,2026-03-10 17:24:00,8.148512,10.65233,11.3,2.82
T04,GL-4396,2026-03-10 17:25:00,8.147995,10.652358,8.1,5.24
T04,GL-4396,2026-03-10 17:26:00,8.147402,10.652358,11.1,3.53
T04,GL-4396,2026-03-10 17:27:00,8.146673,10.65232,4.2,3.78
T04,GL-4396,2026-03-10 17:28:00,8.146031,10.652173,8.5,5.2
T04,GL-4396,2026-03-10 17:29:00,8.145333,10.652213,4.8,4.78
T04,GL-4396,2026-03-10 17:30:00,8.144845,10.652197,11.5,4.2
T04,GL-4396,2026-03-10 17:31:00,8.144136,10.652014,6.2,4.49
T04,GL-4396,2026-03-10 17:32:00,8.143506,10.652064,8.9,4.4
T04,GL-4396,2026-03-10 17:33:00,8.142925,10.651988,7.7,5.24
T04,GL-4396,2026-03-10 17:34:00,8.142257,10.651931,,2.88
T04,GL-4396,2026-03-10 17:35:00,8.141611,10.652044,6.2,4.7
T04,GL-4396,2026-03-10 17:36:00,8.141051,10.651689,9.4,4.64
T04,GL-4396,2026-03-10 17:37:00,8.140444,10.651778,10.0,4.37
T04,GL-4396,2026-03-10 17:38:00,8.139896,10.651615,5.1,3.11
T04,GL-4396,2026-03-10 17:39:00,8.139232,10.651642,9.1,4.06
T04,GL-4396,2026-03-10 17:40:00,8.138508,10.651548,7.1,4.11
T04,GL-4396,2026-03-10 17:41:00,8.137906,10.651518,9.6,4.15
T04,GL-4396,2026-03-10 17:42:00,8.137336,10.65144,9.8,3.07
T04,GL-4396,2026-03-10 17:43:00,8.136616,10.651359,6.8,4.5
T04,GL-4396,2026-03-10 17:44:00,8.136087,10.651395,12.0,4.5
T04,GL-4396,2026-03-10 17:45:00,8.135442,10.651206,8.6,4.12
T04,GL-4396,2026-03-10 17:46:00,8.134747,10.651225,11.1,5.18
T04,GL-4396,2026-03-10 17:47:00,8.134181,10.651193,5.6,4.65
T04,GL-4396,2026-03-10 17:48:00,8.133591,10.650988,10.6,5.36
T04,GL-4396,2026-03-10 17:49:00,8.132913,10.651093,6.5,3.92
T04,GL-4396,2026-03-10 17:50:00,8.132255,10.651138,11.5,3.41
T04,GL-4396,2026-03-10 17:51:00,8.131622,10.651008,7.5,5.41
T04,GL-4396,2026-03-10 17:52:00,8.130991,10.650903,10.1,4.33
T04,GL-4396,2026-03-10 17:53:00,8.130513,10.650828,5.0,3.9
T04,GL-4396,2026-03-10 17:54:00,8.129745,10.650926,8.3,3.86
T04,GL-4396,2026-03-10 17:55:00,8.129237,10.650674,7.7,5.16
T04,GL-4396,2026-03-10 17:56:00,8.128486,10.650684,7.8,4.03
T04,GL-4396,2026-03-10 17:57:00,8.127981,10.650656,8.7,4.14
T04,GL-4396,2026-03-10 17:58:00,8.127236,10.650488,4.0,2.94
T04,GL-4396,2026-03-10 17:59:00,8.12665,10.650433,11.1,2.96
T04,GL-4396,2026-03-10 18:00:00,8.126125,10.650478,9.1,4.45
T04,GL-4396,2026-03-10 18:01:00,8.125328,10.650278,8.2,4.53
T04,GL-4396,2026-03-10 18:02:00,8.124859,10.650333,5.3,3.77
T04,GL-4396,2026-03-10 18:03:00,8.124073,10.65027,7.8,4.46
T04,GL-4396,2026-03-10 18:04:00,8.123645,10.650285,9.2,2.81
T04,GL-4396,2026-03-10 18:05:00,8.122951,10.650213,8.2,3.32
T04,GL-4396,2026-03-10 18:06:00,8.122302,10.65004,4.9,3.56
T04,GL-4396,2026-03-10 18:07:00,8.121671,10.650075,10.2,3.59
T04,GL-4396,2026-03-10 18:08:00,8.121023,10.649938,4.9,4.83
T04,GL-4396,2026-03-10 18:09:00,8.120382,10.649937,9.9,4.63
T04,GL-4396,2026-03-10 18:10:00,8.119796,10.649941,8.1,4.65
T04,GL-4396,2026-03-10 18:11:00,8.119105,10.649781,5.1,3.37
T04,GL-4396,2026-03-10 18:12:00,8.118567,10.649745,4.5,3.72
T04,GL-4396,2026-03-10 18:13:00,8.117838,10.649751,5.9,4.09
T04,GL-4396,2026-03-10 18:14:00,8.11716,10.649743,5.3,5.23
T04,GL-4396,2026-03-10 18:15:00,8.116507,10.649536,5.7,4.97
T04,GL-4396,2026-03-10 18:16:00,8.11608,10.649583,7.2,4.37
T04,GL-4396,2026-03-10 18:17:00,8.115413,10.649484,5.8,2.95
T04,GL-4396,2026-03-10 18:18:00,8.114749,10.649409,7.0,3.45
T04,GL-4396,2026-03-10 18:19:00,8.114159,10.649508,8.2,3.48
T04,GL-4396,2026-03-10 18:20:00,8.113499,10.649328,9.6,4.24
T04,GL-4396,2026-03-10 18:21:00,8.112897,10.649289,7.6,4.35
T04,GL-4396,2026-03-10 18:22:00,8.112276,10.649289,7.9,3.48
T04,GL-4396,2026-03-10 18:23:00,8.11164,10.649136,4.0,4.03
T04,GL-4396,2026-03-10 18:24:00,8.111028,10.64907,7.3,3.5
T04,GL-4396,2026-03-10 18:25:00,8.110334,10.649092,6.5,4.18
T04,GL-4396,2026-03-10 18:26:00,8.109771,10.649021,6.3,4.35
T04,GL-4396,2026-03-10 18:27:00,8.109201,10.648896,5.9,3.32
T04,GL-4396,2026-03-10 18:28:00,8.108556,10.649025,4.6,4.43
T04,GL-4396,2026-03-10 18:29:00,8.107848,10.648885,9.8,3.91
T04,GL-4396,2026-03-10 18:30:00,8.107304,10.648753,5.4,5.24
T04,GL-4396,2026-03-10 18:31:00,8.106611,10.648707,4.6,2.84
T04,GL-4396,2026-03-10 18:32:00,8.10593,10.648728,6.8,4.28
T04,GL-4396,2026-03-10 18:33:00,8.105353,10.648745,6.4,4.12
T04,GL-4396,2026-03-10 18:34:00,8.104754,10.648638,5.1,5.22
T04,GL-4396,2026-03-10 18:35:00,8.104074,10.648625,4.6,3.62
T04,GL-4396,2026-03-10 18:36:00,8.10351,10.648455,6.3,5.36
T04,GL-4396,2026-03-10 18:37:00,8.102805,10.648407,7.1,2.88
T04,GL-4396,2026-03-10 18:38:00,8.10223,10.648387,9.9,5.57
T04,GL-4396,2026-03-10 18:39:00,8.10161,10.648223,5.8,5.49
T04,GL-4396,2026-03-10 18:40:00,8.100817,10.648211,8.1,5.46
T04,GL-4396,2026-03-10 18:41:00,8.1003,10.648081,10.4,4.9
T04,GL-4396,2026-03-10 18:42:00,8.099695,10.648201,10.5,3.47
T04,GL-4396,2026-03-10 18:43:00,8.099068,10.648055,8.5,5.13
T04,GL-4396,2026-03-10 18:44:00,8.098467,10.648128,11.5,5.53
T04,GL-4396,2026-03-10 18:45:00,8.097783,10.647981,9.9,5.2
T04,GL-4396,2026-03-10 18:46:00,8.097206,10.648017,10.6,4.01
T04,GL-4396,2026-03-10 18:47:00,8.096534,10.647783,7.1,4.12
T04,GL-4396,2026-03-10 18:48:00,8.095874,10.647765,10.8,3.14
T04,GL-4396,2026-03-10 18:49:00,8.095346,10.647761,6.7,3.74
T04,GL-4396,2026-03-10 18:50:00,8.094737,10.647704,11.0,2.94
T04,GL-4396,2026-03-10 18:51:00,8.094052,10.647628,10.5,5.4
T04,GL-4396,2026-03-10 18:52:00,8.09352,10.647562,9.0,4.17
T04,GL-4396,2026-03-10 18:53:00,8.092799,10.647605,6.7,3.78
T04,GL-4396,2026-03-10 18:54:00,8.092202,10.647434,5.9,5.31
T04,GL-4396,2026-03-10 18:55:00,8.091591,10.647466,9.1,4.03
T04,GL-4396,2026-03-10 18:56:00,8.09089,10.647352,,3.29
T04,GL-4396,2026-03-10 18:57:00,8.090301,10.647386,,4.15
T04,GL-4396,2026-03-10 18:58:00,8.089681,10.647224,5.7,2.83
T04,GL-4396,2026-03-10 18:59:00,8.098114,10.646985,4.2,376.78
T04,GL-4396,2026-03-10 19:00:00,8.08854,10.647168,8.9,4.27
T04,GL-4396,2026-03-10 19:01:00,8.087873,10.64705,10.6,4.1
T04,GL-4396,2026-03-10 19:02:00,8.087037,10.647096,11.3,5.49
T04,GL-4396,2026-03-10 19:03:00,8.086441,10.646936,6.2,3.19
T04,GL-4396,2026-03-10 19:04:00,8.085936,10.64691,9.4,3.89
T04,GL-4396,2026-03-10 19:05:00,8.085267,10.646811,6.6,3.12
T04,GL-4396,2026-03-10 19:06:00,8.084668,10.646839,11.8,5.47
T04,GL-4396,2026-03-10 19:07:00,8.084131,10.646719,11.5,4.51
T04,GL-4396,2026-03-10 19:08:00,8.083406,10.646732,8.7,5.3
T04,GL-4396,2026-03-10 19:09:00,8.082841,10.646722,7.4,3.28
T04,GL-4396,2026-03-10 19:10:00,8.08222,10.646597,7.8,5.24
T04,GL-4396,2026-03-10 19:11:00,8.081519,10.646633,10.2,4.78
T04,GL-4396,2026-03-10 19:12:00,8.081005,10.646514,10.6,4.9
T04,GL-4396,2026-03-10 19:13:00,8.0803,10.646494,7.5,3.28
T04,GL-4396,2026-03-10 19:14:00,8.079594,10.646401,11.2,5.03
T04,GL-4396,2026-03-10 19:15:00,8.079029,10.646344,7.7,5.37
T04,GL-4396,2026-03-10 19:16:00,8.078433,10.646302,9.9,3.73
T04,GL-4396,2026-03-10 19:17:00,8.077792,10.646231,9.8,4.15
T04,GL-4396,2026-03-10 19:18:00,8.077162,10.646099,5.7,4.75
T04,GL-4396,2026-03-10 19:19:00,8.076509,10.646072,8.6,3.17
T04,GL-4396,2026-03-10 19:20:00,8.075885,10.646076,9.1,4.52
T04,GL-4396,2026-03-10 19:21:00,8.07531,10.646008,9.2,3.23
T04,GL-4396,2026-03-10 19:22:00,8.074588,10.646089,9.8,4.39
T04,GL-4396,2026-03-10 19:23:00,8.073952,10.645897,9.1,5.06
T04,GL-4396,2026-03-10 19:24:00,8.073343,10.645867,9.1,4.39
T04,GL-4396,2026-03-10 19:25:00,8.072604,10.645858,8.5,5.25
T04,GL-4396,2026-03-10 19:26:00,8.072116,10.645639,7.4,3.69
T04,GL-4396,2026-03-10 19:27:00,8.071622,10.645809,5.1,3.44
T04,GL-4396,2026-03-10 19:28:00,8.070837,10.64566,4.6,3.54
T04,GL-4396,2026-03-10 19:29:00,8.070276,10.645505,5.9,3.45
T04,GL-4396,2026-03-10 19:30:00,8.069695,10.645418,7.7,5.17
T04,GL-4396,2026-03-10 19:31:00,8.069058,10.645441,7.9,3.41
T04,GL-4396,2026-03-10 19:32:00,8.068444,10.645494,10.2,3.07
T04,GL-4396,2026-03-10 19:33:00,8.067813,10.645284,9.2,3.91
T04,GL-4396,2026-03-10 19:34:00,8.067074,10.645209,4.6,5.43
T04,GL-4396,2026-03-10 19:35:00,8.06655,10.645242,8.6,4.96
T04,GL-4396,2026-03-10 19:36:00,8.065884,10.645191,9.8,4.42
T04,GL-4396,2026-03-10 19:37:00,8.065208,10.645003,6.3,2.95
T04,GL-4396,2026-03-10 19:38:00,8.064687,10.64513,4.5,4.47
T04,GL-4396,2026-03-10 19:39:00,8.064137,10.645025,7.6,4.48
T04,GL-4396,2026-03-10 19:40:00,8.063439,10.645011,9.5,3.96
T04,GL-4396,2026-03-10 19:41:00,8.062713,10.64485,7.2,3.24
T04,GL-4396,2026-03-10 19:42:00,8.062018,10.644899,4.1,4.36
T04,GL-4396,2026-03-10 19:43:00,8.061554,10.644819,9.1,5.1
T04,GL-4396,2026-03-10 19:44:00,8.060824,10.644814,7.0,3.16
T04,GL-4396,2026-03-10 19:45:00,8.060277,10.644628,4.6,2.9
T04,GL-4396,2026-03-10 19:46:00,8.059659,10.644777,7.5,5.44
T04,GL-4396,2026-03-10 19:47:00,8.058898,10.644631,6.9,5.35
T04,GL-4396,2026-03-10 19:48:00,8.058283,10.644538,8.2,4.36
T04,GL-4396,2026-03-10 19:49:00,8.057731,10.644462,9.4,4.39
T04,GL-4396,2026-03-10 19:50:00,8.057106,10.644429,9.5,3.03
T04,GL-4396,2026-03-10 19:51:00,8.056658,10.644419,10.7,3.08
T04,GL-4396,2026-03-10 19:52:00,8.055854,10.644328,6.0,4.17
T04,GL-4396,2026-03-10 19:53:00,8.055191,10.644307,8.0,5.19
T04,GL-4396,2026-03-10 19:54:00,8.054475,10.644154,6.2,4.15
T04,GL-4396,2026-03-10 19:55:00,8.054063,10.644124,7.4,3.89
T04,GL-4396,2026-03-10 19:56:00,8.053326,10.644091,4.9,2.9
T04,GL-4396,2026-03-10 19:57:00,8.052815,10.644012,4.9,4.1
T04,GL-4396,2026-03-10 19:58:00,8.052134,10.643906,7.7,5.04
T04,GL-4396,2026-03-10 19:59:00,8.051441,10.64397,6.9,3.85
T04,GL-4396,2026-03-10 20:00:00,8.050824,10.643967,8.0,3.61
T04,GL-4396,2026-03-10 20:01:00,8.050228,10.643829,9.7,5.2
T04,GL-4396,2026-03-10 20:02:00,8.049612,10.643797,8.8,5.33
T04,GL-4396,2026-03-10 20:03:00,8.048889,10.64366,10.0,4.41
T04,GL-4396,2026-03-10 20:04:00,8.048296,10.643711,5.7,3.27
T04,GL-4396,2026-03-10 20:05:00,8.047787,10.643726,7.1,2.9
T04,GL-4396,2026-03-10 20:06:00,8.047081,10.643579,6.3,4.1
T04,GL-4396,2026-03-10 20:07:00,8.0465,10.643426,4.7,5.19
T04,GL-4396,2026-03-10 20:08:00,8.045866,10.643454,9.8,4.44
T04,GL-4396,2026-03-10 20:09:00,8.045251,10.643382,9.6,4.93
T04,GL-4396,2026-03-10 20:10:00,8.044513,10.643203,6.7,4.05
T04,GL-4396,2026-03-10 20:11:00,8.043927,10.643232,8.7,2.81
T04,GL-4396,2026-03-10 20:12:00,8.043272,10.643199,8.6,3.22
T04,GL-4396,2026-03-10 20:13:00,8.042693,10.643032,4.7,5.47
T04,GL-4396,2026-03-10 20:14:00,8.042043,10.643107,7.0,4.3
T04,GL-4396,2026-03-10 20:15:00,8.041479,10.643027,10.4,4.65
T04,GL-4396,2026-03-10 20:16:00,8.040752,10.642965,9.8,5.03
T04,GL-4396,2026-03-10 20:17:00,8.040266,10.64291,10.1,3.72
T04,GL-4396,2026-03-10 20:18:00,8.039638,10.642861,7.6,2.88
T04,GL-4396,2026-03-10 20:19:00,8.038855,10.642915,7.6,4.92
T04,GL-4396,2026-03-10 20:20:00,8.03829,10.642785,6.7,4.8
T04,GL-4396,2026-03-10 20:21:00,8.037588,10.642716,4.3,3.01
T04,GL-4396,2026-03-10 20:22:00,8.03708,10.642628,8.1,4.52
T04,GL-4396,2026-03-10 20:23:00,8.036474,10.64259,11.5,4.13
T04,GL-4396,2026-03-10 20:24:00,8.035805,10.642565,5.3,4.67
T04,GL-4396,2026-03-10 20:25:00,8.035252,10.642484,7.2,3.62
T04,GL-4396,2026-03-10 20:26:00,8.034564,10.642439,4.2,2.99
T04,GL-4396,2026-03-10 20:27:00,8.033852,10.642344,7.2,2.96
T04,GL-4396,2026-03-10 20:28:00,8.033269,10.642393,6.7,5.16
T04,GL-4396,2026-03-10 20:29:00,8.032726,10.642255,5.0,4.2
T04,GL-4396,2026-03-10 20:30:00,8.032065,10.642223,6.4,3.03
T04,GL-4396,2026-03-10 20:31:00,8.031539,10.642239,11.1,5.19
T04,GL-4396,2026-03-10 20:32:00,8.030781,10.642238,11.9,4.9
T04,GL-4396,2026-03-10 20:33:00,8.030181,10.642018,8.5,4.41
T04,GL-4396,2026-03-10 20:34:00,8.029607,10.642009,8.5,3.81
T04,GL-4396,2026-03-10 20:35:00,8.028965,10.641976,8.5,3.46
T04,GL-4396,2026-03-10 20:36:00,8.028288,10.6419,4.8,5.14
T04,GL-4396,2026-03-10 20:37:00,8.027646,10.641767,11.9,3.02
T04,GL-4396,2026-03-10 20:38:00,8.027098,10.64184,10.0,4.83
T04,GL-4396,2026-03-10 20:39:00,8.026452,10.641765,11.6,2.88
T04,GL-4396,2026-03-10 20:40:00,8.02585,10.641628,6.0,4.76
T04,GL-4396,2026-03-10 20:41:00,8.025169,10.641598,5.5,4.54
T04,GL-4396,2026-03-10 20:42:00,8.024553,10.64158,6.0,5.38
T04,GL-4396,2026-03-10 20:43:00,8.023866,10.641458,7.8,4.42
T04,GL-4396,2026-03-10 20:44:00,8.023288,10.641529,9.5,3.72
T04,GL-4396,2026-03-10 20:45:00,8.022608,10.6414,6.7,2.92
T04,GL-4396,2026-03-10 20:46:00,8.022045,10.641466,4.9,4.33
T04,GL-4396,2026-03-10 20:47:00,8.021395,10.641249,,5.1
T04,GL-4396,2026-03-10 20:48:00,8.020876,10.6412,11.6,4.76
T04,GL-4396,2026-03-10 20:49:00,8.020048,10.641263,11.0,3.5
T04,GL-4396,2026-03-10 20:50:00,8.019542,10.641135,5.8,4.37
T04,GL-4396,2026-03-10 20:51:00,8.018959,10.640985,8.0,4.33
T04,GL-4396,2026-03-10 20:52:00,8.018446,10.641033,4.2,3.04
T04,GL-4396,2026-03-10 20:53:00,8.017743,10.641042,8.9,5.53
T04,GL-4396,2026-03-10 20:54:00,8.017045,10.640863,8.5,4.91
T04,GL-4396,2026-03-10 20:55:00,8.016353,10.640914,4.5,4.08
T04,GL-4396,2026-03-10 20:56:00,8.015718,10.640821,4.2,2.87
T04,GL-4396,2026-03-10 20:57:00,8.015177,10.640678,7.9,2.93
T04,GL-4396,2026-03-10 20:58:00,8.014605,10.640704,7.0,3.91
T04,GL-4396,2026-03-10 20:59:00,8.013958,10.640509,6.3,5.32
T04,GL-4396,2026-03-10 21:00:00,8.013273,10.640667,4.8,3.12
T04,GL-4396,2026-03-10 21:01:00,8.012639,10.640381,8.5,4.48
T04,GL-4396,2026-03-10 21:02:00,8.011862,10.640507,8.5,4.13
T04,GL-4396,2026-03-10 21:03:00,8.011391,10.640429,6.6,3.7
T04,GL-4396,2026-03-10 21:04:00,8.010811,10.640456,11.4,5.48
T04,GL-4396,2026-03-10 21:05:00,8.010121,10.640362,10.5,3.82
T04,GL-4396,2026-03-10 21:06:00,8.009433,10.640319,7.6,3.56
T04,GL-4396,2026-03-10 21:07:00,8.008813,10.640168,7.2,4.51
T04,GL-4396,2026-03-10 21:08:00,8.008258,10.64009,7.0,3.98
T04,GL-4396,2026-03-10 21:09:00,8.007576,10.640159,7.2,3.32
T04,GL-4396,2026-03-10 21:10:00,8.006966,10.640049,4.8,5.09
T04,GL-4396,2026-03-10 21:11:00,8.006437,10.640038,4.8,4.46
T04,GL-4396,2026-03-10 21:12:00,8.005703,10.639987,8.4,2.91
T04,GL-4396,2026-03-10 21:13:00,8.0051,10.639825,11.9,4.7
T04,GL-4396,2026-03-10 21:14:00,8.004452,10.639741,9.8,2.83
T04,GL-4396,2026-03-10 21:15:00,8.003971,10.639754,7.0,4.79
T04,GL-4396,2026-03-10 21:16:00,8.003237,10.639677,8.3,3.11
T04,GL-4396,2026-03-10 21:17:00,8.002641,10.639622,8.7,3.4
T04,GL-4396,2026-03-10 21:18:00,8.002042,10.63954,5.1,3.76
T04,GL-4396,2026-03-10 21:19:00,8.001357,10.63953,8.5,5.44
T04,GL-4396,2026-03-10 21:20:00,8.000924,10.639426,4.8,3.71
T04,GL-4396,2026-03-10 21:21:00,8.000219,10.639425,8.0,3.8
T04,GL-4396,2026-03-10 21:22:00,7.999485,10.639381,5.5,3.01
T04,GL-4396,2026-03-10 21:23:00,7.998754,10.639316,6.5,4.96
T04,GL-4396,2026-03-10 21:24:00,7.998322,10.639315,6.0,3.77
T04,GL-4396,2026-03-10 21:25:00,7.99754,10.639158,6.6,4.26
T04,GL-4396,2026-03-10 21:26:00,7.997116,10.639251,7.5,3.64
T04,GL-4396,2026-03-10 21:27:00,7.996401,10.639141,8.2,2.97
T04,GL-4396,2026-03-10 21:28:00,7.995779,10.638948,5.2,5.21
T04,GL-4396,2026-03-10 21:29:00,7.995096,10.638994,8.9,3.67
T04,GL-4396,2026-03-10 21:30:00,7.994534,10.63889,6.5,4.25
T04,GL-4396,2026-03-10 21:31:00,7.993951,10.638924,9.2,4.1
T04,GL-4396,2026-03-10 21:32:00,7.99317,10.6387,9.0,4.62
T04,GL-4396,2026-03-10 21:33:00,7.992599,10.638786,5.9,4.6
T04,GL-4396,2026-03-10 21:34:00,7.991965,10.638738,11.1,3.85
T04,GL-4396,2026-03-10 21:35:00,7.991481,10.638617,6.6,4.2
T04,GL-4396,2026-03-10 21:36:00,7.990672,10.638672,9.0,3.32
T04,GL-4396,2026-03-10 21:37:00,7.990111,10.638488,4.4,4.88
T04,GL-4396,2026-03-10 21:38:00,7.989405,10.638514,4.9,4.67
T04,GL-4396,2026-03-10 21:39:00,7.988846,10.638401,10.5,4.9
T04,GL-4396,2026-03-10 21:40:00,7.988195,10.638423,11.2,3.44
T04,GL-4396,2026-03-10 21:41:00,7.987635,10.638318,4.3,5.03
T04,GL-4396,2026-03-10 21:42:00,7.986965,10.638421,6.4,3.87
T04,GL-4396,2026-03-10 21:43:00,7.986353,10.638187,9.8,4.91
T04,GL-4396,2026-03-10 21:44:00,7.985638,10.638048,11.1,3.19
T04,GL-4396,2026-03-10 21:45:00,7.985187,10.638167,11.3,5.4
T04,GL-4396,2026-03-10 21:46:00,7.984497,10.638105,6.7,5.26
T04,GL-4396,2026-03-10 21:47:00,7.983838,10.637994,5.3,4.7
T04,GL-4396,2026-03-10 21:48:00,7.983198,10.638021,,4.28
T04,GL-4396,2026-03-10 21:49:00,7.982511,10.637947,,5.08
T04,GL-4396,2026-03-10 21:50:00,7.981951,10.637885,6.1,3.73
T04,GL-4396,2026-03-10 21:51:00,7.981239,10.637777,4.4,4.69
T04,GL-4396,2026-03-10 21:52:00,7.980734,10.637749,9.8,4.32
T04,GL-4396,2026-03-10 21:53:00,7.980012,10.637698,9.6,4.54
T04,GL-4396,2026-03-10 21:54:00,7.979435,10.637633,7.7,3.03
T04,GL-4396,2026-03-10 21:55:00,7.978907,10.637582,11.5,4.03
T04,GL-4396,2026-03-10 21:56:00,7.978242,10.637553,9.5,3.68
T04,GL-4396,2026-03-10 21:57:00,7.977554,10.637437,7.5,3.86
T04,GL-4396,2026-03-10 21:58:00,7.977024,10.637398,9.7,3.37
T04,GL-4396,2026-03-10 21:59:00,7.976394,10.637318,8.2,3.29
T04,GL-4396,2026-03-10 22:00:00,7.975627,10.637284,4.8,4.78
T04,GL-4396,2026-03-10 22:01:00,7.97516,10.637166,6.2,3.05
T04,GL-4396,2026-03-10 22:02:00,7.974432,10.637231,8.7,4.11
T04,GL-4396,2026-03-10 22:03:00,7.973711,10.637128,6.6,4.65
T04,GL-4396,2026-03-10 22:04:00,7.973075,10.637087,8.7,4.09
T04,GL-4396,2026-03-10 22:05:00,7.972607,10.636947,7.9,5.23
T04,GL-4396,2026-03-10 22:06:00,7.971857,10.636936,4.1,3.03
T04,GL-4396,2026-03-10 22:07:00,7.971341,10.637017,10.7,3.4
T04,GL-4396,2026-03-10 22:08:00,7.97063,10.636752,4.3,4.48
T04,GL-4396,2026-03-10 22:09:00,7.969974,10.636881,6.0,3.99
T04,GL-4396,2026-03-10 22:10:00,7.969474,10.636752,5.5,3.78
T04,GL-4396,2026-03-10 22:11:00,7.968907,10.636662,4.4,4.86
T04,GL-4396,2026-03-10 22:12:00,7.968104,10.636629,11.1,5.53
T04,GL-4396,2026-03-10 22:13:00,7.967564,10.636694,9.6,2.83
T04,GL-4396,2026-03-10 22:14:00,7.967005,10.636456,8.3,3.99
T04,GL-4396,2026-03-10 22:15:00,7.96632,10.636509,11.5,4.7
T04,GL-4396,2026-03-10 22:16:00,7.965663,10.636466,5.6,4.87
T04,GL-4396,2026-03-10 22:17:00,7.965064,10.636432,9.1,5.51
T04,GL-4396,2026-03-10 22:18:00,7.964366,10.636398,5.8,3.49
T04,GL-4396,2026-03-10 22:19:00,7.963831,10.636307,11.7,3.26
T04,GL-4396,2026-03-10 22:20:00,7.963286,10.636116,10.5,3.73
T04,GL-4396,2026-03-10 22:21:00,7.962539,10.636117,11.5,3.03
T04,GL-4396,2026-03-10 22:22:00,7.961873,10.636165,9.3,4.46
T04,GL-4396,2026-03-10 22:23:00,7.961301,10.636091,4.2,5.25
T04,GL-4396,2026-03-10 22:24:00,7.960566,10.635899,7.2,3.42
T04,GL-4396,2026-03-10 22:25:00,7.96003,10.635972,6.5,3.69
T04,GL-4396,2026-03-10 22:26:00,7.959462,10.635865,6.2,4.24
T04,GL-4396,2026-03-10 22:27:00,7.958923,10.635747,11.5,3.99
T04,GL-4396,2026-03-10 22:28:00,7.958146,10.635789,,3.95
T04,GL-4396,2026-03-10 22:29:00,7.957549,10.635773,10.7,5.04
T04,GL-4396,2026-03-10 22:30:00,7.956894,10.635686,4.5,5.4
T04,GL-4396,2026-03-10 22:31:00,7.956361,10.635602,8.9,3.71
T04,GL-4396,2026-03-10 22:32:00,7.955707,10.635528,10.9,4.38
T04,GL-4396,2026-03-10 22:33:00,7.955006,10.635433,6.2,4.05
T04,GL-4396,2026-03-10 22:34:00,7.954355,10.635298,5.0,4.44
T04,GL-4396,2026-03-10 22:35:00,7.953808,10.635424,9.3,3.63
T04,GL-4396,2026-03-10 22:36:00,7.953169,10.635377,9.3,3.27
T04,GL-4396,2026-03-10 22:37:00,7.952614,10.635298,8.6,5.44
T04,GL-4396,2026-03-10 22:38:00,7.951878,10.635263,10.0,3.85
T04,GL-4396,2026-03-10 22:39:00,7.951317,10.635231,9.8,2.97
T04,GL-4396,2026-03-10 22:40:00,7.950724,10.635053,10.7,3.42
T04,GL-4396,2026-03-10 22:41:00,7.95002,10.63498,11.5,3.21
T04,GL-4396,2026-03-10 22:42:00,7.949377,10.634996,4.5,2.98
T04,GL-4396,2026-03-10 22:43:00,7.948846,10.634862,7.4,3.21
T04,GL-4396,2026-03-10 22:44:00,7.948206,10.634852,10.9,4.35
T04,GL-4396,2026-03-10 22:45:00,7.947556,10.634862,10.1,4.48
T04,GL-4396,2026-03-10 22:46:00,7.947015,10.63478,5.7,2.9
T04,GL-4396,2026-03-10 22:47:00,7.946323,10.634714,10.3,4.19
T04,GL-4396,2026-03-10 22:48:00,7.945535,10.634592,7.0,4.78
T04,GL-4396,2026-03-10 22:49:00,7.945013,10.634675,,4.29
T04,GL-4396,2026-03-10 22:50:00,7.944408,10.634501,6.8,2.92
T04,GL-4396,2026-03-10 22:51:00,7.943757,10.634405,7.5,3.8
T04,GL-4396,2026-03-10 22:52:00,7.943199,10.634416,7.6,3.73
T04,GL-4396,2026-03-10 22:53:00,7.942526,10.634376,5.5,3.59
T04,GL-4396,2026-03-10 22:54:00,7.941836,10.634386,6.5,3.14
T04,GL-4396,2026-03-10 22:55:00,7.941207,10.634352,7.0,2.95
T04,GL-4396,2026-03-10 22:56:00,7.940625,10.634392,5.7,3.62
T04,GL-4396,2026-03-10 22:57:00,7.939957,10.634283,4.6,3.47
T04,GL-4396,2026-03-10 22:58:00,7.939409,10.634061,4.8,4.22
T04,GL-4396,2026-03-10 22:59:00,7.938782,10.63402,5.7,4.07
T04,GL-4396,2026-03-10 23:00:00,7.938158,10.633894,5.8,3.25
T04,GL-4396,2026-03-10 23:01:00,7.937581,10.633934,11.1,3.79
T04,GL-4396,2026-03-10 23:02:00,7.936861,10.633838,5.2,5.45
T04,GL-4396,2026-03-10 23:03:00,7.936262,10.633891,6.7,4.78
T04,GL-4396,2026-03-10 23:04:00,7.935732,10.633761,8.7,4.81
T04,GL-4396,2026-03-10 23:05:00,7.935053,10.633729,4.5,3.5
T04,GL-4396,2026-03-10 23:06:00,7.934306,10.633704,4.8,3.86
T04,GL-4396,2026-03-10 23:07:00,7.933794,10.633544,4.1,3.33
T04,GL-4396,2026-03-10 23:08:00,7.933099,10.633583,11.9,3.69
T04,GL-4396,2026-03-10 23:09:00,7.9325,10.63348,6.3,3.52
T04,GL-4396,2026-03-10 23:10:00,7.931803,10.633477,9.5,3.88
T04,GL-4396,2026-03-10 23:11:00,7.931276,10.63334,6.8,5.01
T04,GL-4396,2026-03-10 23:12:00,7.930536,10.633435,11.2,3.12
T04,GL-4396,2026-03-10 23:13:00,7.930017,10.633213,5.7,5.21
T04,GL-4396,2026-03-10 23:14:00,7.929398,10.63314,5.5,4.85
T04,GL-4396,2026-03-10 23:15:00,7.928773,10.633195,5.0,3.7
T04,GL-4396,2026-03-10 23:16:00,7.928157,10.633111,4.1,4.48
T04,GL-4396,2026-03-10 23:17:00,7.927542,10.633046,9.7,4.23
T04,GL-4396,2026-03-10 23:18:00,7.926702,10.63298,5.9,5.01
T04,GL-4396,2026-03-10 23:19:00,7.926289,10.632973,8.5,4.37
T04,GL-4396,2026-03-10 23:20:00,7.925607,10.632869,6.6,5.55
T04,GL-4396,2026-03-10 23:21:00,7.924979,10.632836,4.1,3.1
T04,GL-4396,2026-03-10 23:22:00,7.92434,10.632806,11.8,3.45
T04,GL-4396,2026-03-10 23:23:00,7.923677,10.632796,9.3,3.25
T04,GL-4396,2026-03-10 23:24:00,7.923149,10.632676,11.0,4.96
T04,GL-4396,2026-03-10 23:25:00,7.964091,10.632678,7.6,167.45
T04,GL-4396,2026-03-10 23:26:00,7.921789,10.632673,4.6,3.7
T04,GL-4396,2026-03-10 23:27:00,7.921244,10.632407,11.0,5.14
T04,GL-4396,2026-03-10 23:28:00,7.920596,10.632429,5.9,3.1
T04,GL-4396,2026-03-10 23:29:00,7.920018,10.632361,10.1,2.92
T04,GL-4396,2026-03-10 23:30:00,7.919403,10.632391,4.3,5.42
T04,GL-4396,2026-03-10 23:31:00,7.918595,10.632209,7.3,3.34
T04,GL-4396,2026-03-10 23:32:00,7.918161,10.632243,9.8,3.93
T04,GL-4396,2026-03-10 23:33:00,7.917508,10.632223,4.4,3.97
T04,GL-4396,2026-03-10 23:34:00,7.916848,10.632109,,4.39
T04,GL-4396,2026-03-10 23:35:00,7.916126,10.632117,4.8,3.16
T04,GL-4396,2026-03-10 23:36:00,7.915616,10.631972,5.1,2.86
T04,GL-4396,2026-03-10 23:37:00,7.915055,10.631942,11.5,3.17
T04,GL-4396,2026-03-10 23:38:00,7.914322,10.631979,11.1,3.63
T04,GL-4396,2026-03-10 23:39:00,7.913736,10.631879,11.9,3.83
T04,GL-4396,2026-03-10 23:40:00,7.912973,10.631849,5.2,4.84
T04,GL-4396,2026-03-10 23:41:00,7.912479,10.631746,5.1,3.38
T04,GL-4396,2026-03-10 23:42:00,7.911706,10.631837,9.2,3.89
T04,GL-4396,2026-03-10 23:43:00,7.911252,10.631655,8.4,4.14
T04,GL-4396,2026-03-10 23:44:00,7.910583,10.631628,7.4,3.33
T04,GL-4396,2026-03-10 23:45:00,7.909913,10.631526,11.3,5.43
T04,GL-4396,2026-03-10 23:46:00,7.909296,10.631485,8.3,3.39
T04,GL-4396,2026-03-10 23:47:00,7.908822,10.631438,9.9,3.75
T04,GL-4396,2026-03-10 23:48:00,7.908026,10.631338,8.9,5.02
T04,GL-4396,2026-03-10 23:49:00,7.907441,10.631268,7.1,4.53
T04,GL-4396,2026-03-10 23:50:00,7.906848,10.631222,4.1,3.32
T04,GL-4396,2026-03-10 23:51:00,7.906257,10.631244,10.8,5.49
T04,GL-4396,2026-03-10 23:52:00,7.905547,10.631152,,4.69
T04,GL-4396,2026-03-10 23:53:00,7.904888,10.631051,11.7,5.02
T04,GL-4396,2026-03-10 23:54:00,7.904375,10.631052,10.5,4.82
T04,GL-4396,2026-03-10 23:55:00,7.903622,10.63105,6.3,3.31
T04,GL-4396,2026-03-10 23:56:00,7.903109,10.630855,6.9,4.06
T04,GL-4396,2026-03-10 23:57:00,7.902371,10.630896,7.3,3.09
T04,GL-4396,2026-03-10 23:58:00,7.901745,10.630844,4.7,4.17
T04,GL-4396,2026-03-10 23:59:00,7.901182,10.630755,6.9,5.43
T04,GL-4396,2026-03-11 00:00:00,7.900546,10.630753,8.9,5.27
T04,GL-4396,2026-03-11 00:01:00,7.899943,10.630708,4.5,5.54
T04,GL-4396,2026-03-11 00:02:00,7.899268,10.630621,10.3,4.18
T04,GL-4396,2026-03-11 00:03:00,7.898746,10.630569,7.1,4.42
T04,GL-4396,2026-03-11 00:04:00,7.898085,10.630534,9.4,4.04
T04,GL-4396,2026-03-11 00:05:00,7.897425,10.630343,9.4,2.83
T04,GL-4396,2026-03-11 00:06:00,7.896846,10.630225,4.8,4.56
T04,GL-4396,2026-03-11 00:07:00,7.896013,10.630278,6.9,4.02
T04,GL-4396,2026-03-11 00:08:00,7.895399,10.63024,9.0,5.2
T04,GL-4396,2026-03-11 00:09:00,7.894932,10.630233,6.2,4.17
T04,GL-4396,2026-03-11 00:10:00,7.894327,10.630106,4.7,3.29
T04,GL-4396,2026-03-11 00:11:00,7.893558,10.630029,8.9,2.99
T04,GL-4396,2026-03-11 00:12:00,7.893103,10.630173,7.5,3.53
T04,GL-4396,2026-03-11 00:13:00,7.892313,10.629813,8.9,2.88
T04,GL-4396,2026-03-11 00:14:00,7.891749,10.629972,4.9,4.61
T04,GL-4396,2026-03-11 00:15:00,7.891199,10.62993,6.4,3.41
T04,GL-4396,2026-03-11 00:16:00,7.890552,10.629769,7.9,3.63
T04,GL-4396,2026-03-11 00:17:00,7.890032,10.629868,8.7,4.96
T04,GL-4396,2026-03-11 00:18:00,7.88919,10.62968,9.5,4.08
T04,GL-4396,2026-03-11 00:19:00,7.888631,10.629575,7.7,2.99
T04,GL-4396,2026-03-11 00:20:00,7.887953,10.629677,11.1,3.88
T04,GL-4396,2026-03-11 00:21:00,7.887476,10.629455,11.4,4.15
T04,GL-4396,2026-03-11 00:22:00,7.886748,10.629438,4.6,4.57
T04,GL-4396,2026-03-11 00:23:00,7.886007,10.62952,8.0,5.33
T04,GL-4396,2026-03-11 00:24:00,7.885581,10.629374,5.7,4.03
T04,GL-4396,2026-03-11 00:25:00,7.884913,10.629335,8.3,4.18
T04,GL-4396,2026-03-11 00:26:00,7.884293,10.629201,5.0,4.62
T04,GL-4396,2026-03-11 00:27:00,7.883608,10.629269,10.1,5.06
T04,GL-4396,2026-03-11 00:28:00,7.883087,10.629141,6.3,5.39
T04,GL-4396,2026-03-11 00:29:00,7.882273,10.629107,8.1,4.71
T04,GL-4396,2026-03-11 00:30:00,7.881803,10.629031,7.9,3.27
T04,GL-4396,2026-03-11 00:31:00,7.881198,10.629032,11.2,5.31
T04,GL-4396,2026-03-11 00:32:00,7.880521,10.629023,11.0,4.88
T04,GL-4396,2026-03-11 00:33:00,7.879875,10.628826,5.5,3.54
T04,GL-4396,2026-03-11 00:34:00,7.87926,10.628856,4.8,3.78
T04,GL-4396,2026-03-11 00:35:00,7.878683,10.628726,11.0,3.2
T04,GL-4396,2026-03-11 00:36:00,7.877894,10.628612,10.3,4.47
T04,GL-4396,2026-03-11 00:37:00,7.877451,10.628627,11.1,4.47
T04,GL-4396,2026-03-11 00:38:00,7.876725,10.628696,9.2,4.44
T04,GL-4396,2026-03-11 00:39:00,7.876092,10.628573,4.9,3.25
T04,GL-4396,2026-03-11 00:40:00,7.875502,10.62855,7.7,4.6
T04,GL-4396,2026-03-11 00:41:00,8.394618,10.628583,11.5,424.85
T04,GL-4396,2026-03-11 00:42:00,7.874187,10.62851,12.0,2.98
T04,GL-4396,2026-03-11 00:43:00,7.873682,10.628295,7.9,4.59
T04,GL-4396,2026-03-11 00:44:00,7.873029,10.628404,5.1,4.79
T04,GL-4396,2026-03-11 00:45:00,7.87227,10.628154,8.3,4.21
T04,GL-4396,2026-03-11 00:46:00,7.871726,10.628235,4.8,3.01
T04,GL-4396,2026-03-11 00:47:00,7.871086,10.62821,8.9,4.53
T04,GL-4396,2026-03-11 00:48:00,7.87039,10.628091,4.0,3.38
T04,GL-4396,2026-03-11 00:49:00,7.869742,10.628066,11.4,3.38
T04,GL-4396,2026-03-11 00:50:00,7.869259,10.627862,5.0,3.51
T04,GL-4396,2026-03-11 00:51:00,7.868634,10.627924,4.7,4.08
T04,GL-4396,2026-03-11 00:52:00,7.867963,10.627801,11.7,3.4
T04,GL-4396,2026-03-11 00:53:00,7.867378,10.627836,7.8,2.91
T04,GL-4396,2026-03-11 00:54:00,7.866667,10.627746,5.7,4.01
T04,GL-4396,2026-03-11 00:55:00,7.866082,10.627532,7.0,4.75
T04,GL-4396,2026-03-11 00:56:00,7.865498,10.627801,11.3,3.66
T04,GL-4396,2026-03-11 00:57:00,7.864827,10.627524,10.0,4.1
T04,GL-4396,2026-03-11 00:58:00,7.864217,10.627512,10.6,2.89
T04,GL-4396,2026-03-11 00:59:00,7.863575,10.627424,9.3,4.42
T04,GL-4396,2026-03-11 01:00:00,7.863033,10.62746,5.6,4.0
T04,GL-4396,2026-03-11 01:01:00,7.862344,10.627459,6.1,3.42
T04,GL-4396,2026-03-11 01:02:00,7.861743,10.627335,7.0,5.37
T04,GL-4396,2026-03-11 01:03:00,7.860956,10.627161,6.5,4.06
T04,GL-4396,2026-03-11 01:04:00,7.860469,10.62722,5.4,2.9
T04,GL-4396,2026-03-11 01:05:00,8.39503,10.6271,11.0,374.63
T04,GL-4396,2026-03-11 01:06:00,7.859206,10.62704,7.5,4.63
T04,GL-4396,2026-03-11 01:07:00,7.85854,10.627049,5.0,2.8
T04,GL-4396,2026-03-11 01:08:00,7.857904,10.626969,9.2,5.06
T04,GL-4396,2026-03-11 01:09:00,7.857307,10.626944,9.1,5.04
T04,GL-4396,2026-03-11 01:10:00,7.856727,10.626848,6.5,4.78
T04,GL-4396,2026-03-11 01:11:00,7.856105,10.626852,7.2,5.55
T04,GL-4396,2026-03-11 01:12:00,7.855432,10.626666,7.7,4.7
T04,GL-4396,2026-03-11 01:13:00,7.854893,10.626765,6.0,5.25
T04,GL-4396,2026-03-11 01:14:00,7.854192,10.626579,7.2,3.38
T04,GL-4396,2026-03-11 01:15:00,7.853546,10.626581,11.6,4.31
T04,GL-4396,2026-03-11 01:16:00,7.852952,10.626436,6.5,3.77
T04,GL-4396,2026-03-11 01:17:00,7.852334,10.626466,7.9,4.94
T04,GL-4396,2026-03-11 01:18:00,7.851656,10.626357,6.9,4.52
T04,GL-4396,2026-03-11 01:19:00,7.85107,10.62638,4.9,4.67
T04,GL-4396,2026-03-11 01:20:00,7.85037,10.626298,9.7,3.12
T04,GL-4396,2026-03-11 01:21:00,7.849796,10.626243,8.9,3.11
T04,GL-4396,2026-03-11 01:22:00,7.849123,10.626174,8.6,4.63
T04,GL-4396,2026-03-11 01:23:00,7.848594,10.62614,8.4,4.65
T04,GL-4396,2026-03-11 01:24:00,7.848005,10.626134,8.2,5.42
T04,GL-4396,2026-03-11 01:25:00,7.847376,10.626048,6.2,4.19
T04,GL-4396,2026-03-11 01:26:00,7.846667,10.625966,11.3,4.09
T04,GL-4396,2026-03-11 01:27:00,7.846013,10.625853,5.3,5.16
T04,GL-4396,2026-03-11 01:28:00,7.845454,10.625806,6.8,4.47
T04,GL-4396,2026-03-11 01:29:00,7.844924,10.625849,5.7,3.24
T04,GL-4396,2026-03-11 01:30:00,7.844166,10.625768,10.2,4.63
T04,GL-4396,2026-03-11 01:31:00,7.843527,10.625783,4.1,5.2
T04,GL-4396,2026-03-11 01:32:00,7.842896,10.625696,5.6,4.66
T04,GL-4396,2026-03-11 01:33:00,7.842321,10.625565,10.3,4.56
T04,GL-4396,2026-03-11 01:34:00,7.841702,10.625444,8.2,5.04
T04,GL-4396,2026-03-11 01:35:00,7.841047,10.625527,5.2,3.81
T04,GL-4396,2026-03-11 01:36:00,7.840471,10.625438,5.9,3.75
T04,GL-4396,2026-03-11 01:37:00,7.839782,10.625346,5.9,3.62
T04,GL-4396,2026-03-11 01:38:00,7.839303,10.625283,10.4,3.95
T04,GL-4396,2026-03-11 01:39:00,7.838524,10.625259,11.1,4.88
T04,GL-4396,2026-03-11 01:40:00,7.837916,10.625254,7.2,4.9
T04,GL-4396,2026-03-11 01:41:00,7.837301,10.625304,5.8,4.73
T04,GL-4396,2026-03-11 01:42:00,7.836662,10.625136,7.0,3.88
T04,GL-4396,2026-03-11 01:43:00,7.835976,10.624982,11.0,3.04
T04,GL-4396,2026-03-11 01:44:00,7.835331,10.624901,9.1,4.0
T04,GL-4396,2026-03-11 01:45:00,7.834771,10.6249,7.5,2.84
T04,GL-4396,2026-03-11 01:46:00,7.834119,10.624859,9.3,4.6
T04,GL-4396,2026-03-11 01:47:00,7.833456,10.624866,11.8,4.18
T04,GL-4396,2026-03-11 01:48:00,7.832971,10.624761,5.3,4.14
T04,GL-4396,2026-03-11 01:49:00,7.832256,10.624725,11.4,3.23
T04,GL-4396,2026-03-11 01:50:00,7.83174,10.624847,8.3,3.97
T04,GL-4396,2026-03-11 01:51:00,7.831046,10.624633,9.9,3.08
T04,GL-4396,2026-03-11 01:52:00,7.830483,10.624486,7.9,5.04
T04,GL-4396,2026-03-11 01:53:00,7.829796,10.624414,8.6,4.69
T04,GL-4396,2026-03-11 01:54:00,7.829169,10.624444,11.1,5.28
T04,GL-4396,2026-03-11 01:55:00,7.828627,10.624329,8.0,5.05
T04,GL-4396,2026-03-11 01:56:00,7.827964,10.624299,6.1,3.8
T04,GL-4396,2026-03-11 01:57:00,7.827269,10.624315,11.3,5.42
T04,GL-4396,2026-03-11 01:58:00,7.826613,10.62425,7.5,2.84
T04,GL-4396,2026-03-11 01:59:00,7.825934,10.624041,8.1,3.23
T04,GL-4396,2026-03-11 02:00:00,7.825374,10.624073,11.4,5.01
T04,GL-4396,2026-03-11 02:01:00,7.824787,10.624119,7.8,4.23
T04,GL-4396,2026-03-11 02:02:00,7.824181,10.623992,9.7,3.86
T04,GL-4396,2026-03-11 02:03:00,7.823464,10.624011,7.9,5.1
T04,GL-4396,2026-03-11 02:04:00,7.822877,10.623994,7.8,5.17
T04,GL-4396,2026-03-11 02:05:00,7.822304,10.623728,11.3,4.69
T04,GL-4396,2026-03-11 02:06:00,7.821569,10.623825,5.5,2.97
T04,GL-4396,2026-03-11 02:07:00,7.821021,10.623769,6.9,2.98
T04,GL-4396,2026-03-11 02:08:00,7.820311,10.623687,4.3,4.11
T04,GL-4396,2026-03-11 02:09:00,7.81983,10.623574,7.2,3.34
T04,GL-4396,2026-03-11 02:10:00,7.819197,10.623537,5.3,2.97
T04,GL-4396,2026-03-11 02:11:00,7.818459,10.623525,9.5,5.23
T04,GL-4396,2026-03-11 02:12:00,7.817986,10.623495,12.0,4.57
T04,GL-4396,2026-03-11 02:13:00,7.817241,10.62342,7.3,5.03
T04,GL-4396,2026-03-11 02:14:00,7.81661,10.623363,8.9,3.84
T04,GL-4396,2026-03-11 02:15:00,7.816089,10.623285,11.8,3.37
T04,GL-4396,2026-03-11 02:16:00,7.815427,10.623302,11.9,5.26
T04,GL-4396,2026-03-11 02:17:00,7.814703,10.623089,7.6,3.13
T04,GL-4396,2026-03-11 02:18:00,7.814109,10.623023,10.3,4.78
T04,GL-4396,2026-03-11 02:19:00,7.813577,10.623067,4.8,3.28
T04,GL-4396,2026-03-11 02:20:00,7.812864,10.623037,5.0,3.04
T04,GL-4396,2026-03-11 02:21:00,7.81224,10.622921,4.4,5.03
T04,GL-4396,2026-03-11 02:22:00,7.811549,10.622903,5.2,4.35
T04,GL-4396,2026-03-11 02:23:00,7.810941,10.622763,10.3,3.87
T04,GL-4396,2026-03-11 02:24:00,7.810285,10.622767,5.5,4.88
T04,GL-4396,2026-03-11 02:25:00,7.809606,10.622829,5.3,5.52
T04,GL-4396,2026-03-11 02:26:00,7.809103,10.622629,8.3,3.9
T04,GL-4396,2026-03-11 02:27:00,7.808416,10.622657,7.9,3.12
T04,GL-4396,2026-03-11 02:28:00,7.807912,10.622526,8.9,5.26
T04,GL-4396,2026-03-11 02:29:00,7.807305,10.622443,9.5,3.31
T04,GL-4396,2026-03-11 02:30:00,7.806503,10.622503,7.8,5.15
T04,GL-4396,2026-03-11 02:31:00,7.806004,10.622483,8.7,4.74
T04,GL-4396,2026-03-11 02:32:00,7.80523,10.622457,10.0,5.08
T04,GL-4396,2026-03-11 02:33:00,7.804793,10.622333,6.6,3.61
T04,GL-4396,2026-03-11 02:34:00,7.804103,10.622264,8.4,5.03
T04,GL-4396,2026-03-11 02:35:00,7.803451,10.622225,,3.65
T04,GL-4396,2026-03-11 02:36:00,7.802999,10.622156,6.7,3.35
T04,GL-4396,2026-03-11 02:37:00,7.802166,10.622141,6.5,4.26
T04,GL-4396,2026-03-11 02:38:00,7.80161,10.622015,4.6,3.57
T04,GL-4396,2026-03-11 02:39:00,7.800883,10.621884,6.6,3.99
T04,GL-4396,2026-03-11 02:40:00,7.800329,10.621946,8.4,4.23
T04,GL-4396,2026-03-11 02:41:00,7.799545,10.621873,11.8,4.84
T04,GL-4396,2026-03-11 02:42:00,7.799027,10.621843,4.2,3.81
T04,GL-4396,2026-03-11 02:43:00,7.798498,10.621845,10.9,2.86
T04,GL-4396,2026-03-11 02:44:00,7.797808,10.621618,4.4,3.37
T04,GL-4396,2026-03-11 02:45:00,7.797241,10.62157,11.4,4.33
T04,GL-4396,2026-03-11 02:46:00,7.796547,10.621597,10.1,3.68
T04,GL-4396,2026-03-11 02:47:00,7.795854,10.621607,5.8,5.12
T04,GL-4396,2026-03-11 02:48:00,7.795273,10.621508,7.1,4.67
T04,GL-4396,2026-03-11 02:49:00,7.794562,10.621383,8.1,3.22
T04,GL-4396,2026-03-11 02:50:00,7.794088,10.621311,,4.45
T04,GL-4396,2026-03-11 02:51:00,7.79341,10.621346,6.0,5.17
T04,GL-4396,2026-03-11 02:52:00,7.792809,10.621278,10.1,4.35
T04,GL-4396,2026-03-11 02:53:00,7.792166,10.621176,10.0,3.71
T04,GL-4396,2026-03-11 02:54:00,7.791561,10.621198,8.1,3.06
T04,GL-4396,2026-03-11 02:55:00,7.790944,10.62109,11.6,3.63
T04,GL-4396,2026-03-11 02:56:00,7.790295,10.620886,4.7,3.49
T04,GL-4396,2026-03-11 02:57:00,7.789702,10.621015,4.9,4.96
T04,GL-4396,2026-03-11 02:58:00,7.78908,10.620816,7.3,3.34
T04,GL-4396,2026-03-11 02:59:00,7.788435,10.62091,7.0,5.07
T04,GL-4396,2026-03-11 03:00:00,7.787785,10.620851,11.7,4.46
T04,GL-4396,2026-03-11 03:01:00,7.787176,10.62083,8.4,4.66
T04,GL-4396,2026-03-11 03:02:00,7.786617,10.620738,4.1,4.68
T04,GL-4396,2026-03-11 03:03:00,7.785956,10.620673,8.1,3.51
T04,GL-4396,2026-03-11 03:04:00,7.785239,10.620719,5.4,3.1
T04,GL-4396,2026-03-11 03:05:00,7.784563,10.620597,11.6,3.68
T04,GL-4396,2026-03-11 03:06:00,7.783994,10.620525,11.0,5.53
T04,GL-4396,2026-03-11 03:07:00,7.783391,10.620438,6.4,4.58
T04,GL-4396,2026-03-11 03:08:00,7.782757,10.620314,10.5,5.47
T04,GL-4396,2026-03-11 03:09:00,7.78227,10.62022,11.8,3.17
T04,GL-4396,2026-03-11 03:10:00,7.78151,10.620352,11.5,4.01
T04,GL-4396,2026-03-11 03:11:00,7.780854,10.620132,11.5,3.3
T04,GL-4396,2026-03-11 03:12:00,7.780226,10.620196,8.0,4.23
T04,GL-4396,2026-03-11 03:13:00,7.779559,10.62016,4.7,4.83
T04,GL-4396,2026-03-11 03:14:00,7.779074,10.620104,10.8,4.26
T04,GL-4396,2026-03-11 03:15:00,7.77837,10.620011,10.4,3.46
T04,GL-4396,2026-03-11 03:16:00,7.777788,10.619915,10.5,4.56
T04,GL-4396,2026-03-11 03:17:00,7.77723,10.619928,11.8,3.41
T04,GL-4396,2026-03-11 03:18:00,7.77651,10.61985,9.4,4.98
T04,GL-4396,2026-03-11 03:19:00,7.775885,10.619788,7.9,3.95
T04,GL-4396,2026-03-11 03:20:00,7.775204,10.619648,5.3,3.01
T04,GL-4396,2026-03-11 03:21:00,7.774676,10.61966,8.3,5.41
T04,GL-4396,2026-03-11 03:22:00,7.773993,10.619578,9.4,3.18
T04,GL-4396,2026-03-11 03:23:00,7.773328,10.619632,4.8,3.18
T04,GL-4396,2026-03-11 03:24:00,7.772848,10.619493,5.2,4.1
T04,GL-4396,2026-03-11 03:25:00,7.772162,10.619417,5.9,4.52
T04,GL-4396,2026-03-11 03:26:00,7.771452,10.619282,6.7,4.5
T04,GL-4396,2026-03-11 03:27:00,7.770821,10.619329,6.7,4.14
T04,GL-4396,2026-03-11 03:28:00,7.770258,10.619391,8.5,4.8
T04,GL-4396,2026-03-11 03:29:00,7.769688,10.619143,6.7,5.38
T04,GL-4396,2026-03-11 03:30:00,7.769043,10.619214,10.7,3.36
T04,GL-4396,2026-03-11 03:31:00,7.768412,10.619119,4.5,3.87
T04,GL-4396,2026-03-11 03:32:00,7.767826,10.619163,4.4,4.67
T04,GL-4396,2026-03-11 03:33:00,7.767083,10.618979,9.7,4.36
T04,GL-4396,2026-03-11 03:34:00,7.766588,10.618864,11.7,3.92
T04,GL-4396,2026-03-11 03:35:00,7.765903,10.618928,8.6,4.73
T04,GL-4396,2026-03-11 03:36:00,7.765312,10.618788,10.7,5.47
T04,GL-4396,2026-03-11 03:37:00,7.764695,10.618878,8.0,5.04
T04,GL-4396,2026-03-11 03:38:00,7.456931,10.618665,6.6,152.75
T04,GL-4396,2026-03-11 03:39:00,7.763346,10.618586,6.1,5.02
T04,GL-4396,2026-03-11 03:40:00,7.76279,10.618731,4.4,4.35
T04,GL-4396,2026-03-11 03:41:00,7.762095,10.618596,5.3,3.99
T04,GL-4396,2026-03-11 03:42:00,7.761531,10.618546,5.9,5.35
T04,GL-4396,2026-03-11 03:43:00,7.760841,10.6184,4.5,4.37
T04,GL-4396,2026-03-11 03:44:00,7.760278,10.618417,5.4,4.22
T04,GL-4396,2026-03-11 03:45:00,7.759491,10.618277,7.9,3.72
T04,GL-4396,2026-03-11 03:46:00,7.758949,10.618292,7.3,5.21
T04,GL-4396,2026-03-11 03:47:00,7.758351,10.618313,6.5,3.06
T04,GL-4396,2026-03-11 03:48:00,7.757809,10.61818,8.6,3.49
T04,GL-4396,2026-03-11 03:49:00,7.757191,10.618162,8.7,4.05
T04,GL-4396,2026-03-11 03:50:00,7.756593,10.618127,11.6,5.18
T04,GL-4396,2026-03-11 03:51:00,7.755873,10.618031,5.5,3.96
T04,GL-4396,2026-03-11 03:52:00,7.755216,10.617969,9.1,5.24
T04,GL-4396,2026-03-11 03:53:00,7.754573,10.61798,5.3,3.41
T04,GL-4396,2026-03-11 03:54:00,7.753974,10.617966,5.1,4.78
T04,GL-4396,2026-03-11 03:55:00,7.663039,10.617868,11.4,410.85
T04,GL-4396,2026-03-11 03:56:00,7.75272,10.617717,4.1,5.33
T04,GL-4396,2026-03-11 03:57:00,7.752201,10.617715,5.5,4.35
T04,GL-4396,2026-03-11 03:58:00,7.751436,10.617677,8.6,3.6
T04,GL-4396,2026-03-11 03:59:00,7.750912,10.61764,10.4,3.85
T04,GL-4396,2026-03-11 04:00:00,7.750159,10.617526,7.2,4.21
T04,GL-4396,2026-03-11 04:01:00,7.749513,10.617499,9.9,4.72
T04,GL-4396,2026-03-11 04:02:00,7.748936,10.617418,5.8,5.07
T04,GL-4396,2026-03-11 04:03:00,7.748338,10.617328,10.5,3.78
T04,GL-4396,2026-03-11 04:04:00,7.747712,10.61729,4.3,3.04
T04,GL-4396,2026-03-11 04:05:00,7.747021,10.617164,8.9,4.1
T04,GL-4396,2026-03-11 04:06:00,7.746451,10.617173,10.8,2.96
T04,GL-4396,2026-03-11 04:07:00,7.745882,10.617156,5.1,4.63
T04,GL-4396,2026-03-11 04:08:00,7.745193,10.617063,7.4,4.93
T04,GL-4396,2026-03-11 04:09:00,7.744555,10.616913,8.0,4.39
T04,GL-4396,2026-03-11 04:10:00,7.743974,10.61697,8.6,5.29
T04,GL-4396,2026-03-11 04:11:00,7.743298,10.616876,11.5,2.89
T04,GL-4396,2026-03-11 04:12:00,7.742745,10.616782,11.4,3.5
T04,GL-4396,2026-03-11 04:13:00,7.742067,10.616865,5.2,4.81
T04,GL-4396,2026-03-11 04:14:00,7.741437,10.616713,5.9,3.79
T04,GL-4396,2026-03-11 04:15:00,7.740915,10.616737,11.8,3.41
T04,GL-4396,2026-03-11 04:16:00,7.740121,10.61668,11.6,2.98
T04,GL-4396,2026-03-11 04:17:00,7.739521,10.616595,6.2,2.95
T04,GL-4396,2026-03-11 04:18:00,7.738875,10.616552,10.6,4.88
T04,GL-4396,2026-03-11 04:19:00,7.738328,10.616391,5.5,4.76
T04,GL-4396,2026-03-11 04:20:00,7.737633,10.616509,10.2,4.56
T04,GL-4396,2026-03-11 04:21:00,7.737063,10.616392,5.9,3.86
T04,GL-4396,2026-03-11 04:22:00,7.736459,10.616241,7.7,2.85
T04,GL-4396,2026-03-11 04:23:00,7.735743,10.616324,9.7,3.65
T04,GL-4396,2026-03-11 04:24:00,7.735238,10.61626,6.6,5.16
T04,GL-4396,2026-03-11 04:25:00,7.734598,10.616043,11.0,3.17
T04,GL-4396,2026-03-11 04:26:00,7.733894,10.616109,8.5,3.28
T04,GL-4396,2026-03-11 04:27:00,7.733377,10.616107,8.8,5.42
T04,GL-4396,2026-03-11 04:28:00,7.732691,10.615981,11.5,3.78
T04,GL-4396,2026-03-11 04:29:00,7.731971,10.61581,4.7,3.06
T04,GL-4396,2026-03-11 04:30:00,7.731363,10.615901,10.7,4.03
T04,GL-4396,2026-03-11 04:31:00,7.730752,10.615801,8.2,4.6
T04,GL-4396,2026-03-11 04:32:00,7.730156,10.615803,10.4,5.36
T04,GL-4396,2026-03-11 04:33:00,7.729502,10.615843,11.1,4.77
T04,GL-4396,2026-03-11 04:34:00,7.728956,10.615595,5.0,4.35
T04,GL-4396,2026-03-11 04:35:00,7.728331,10.615596,9.5,3.73
T04,GL-4396,2026-03-11 04:36:00,7.72761,10.615525,9.8,3.33
T04,GL-4396,2026-03-11 04:37:00,7.727094,10.615591,8.4,4.05
T04,GL-4396,2026-03-11 04:38:00,7.726452,10.615508,4.7,4.94
T04,GL-4396,2026-03-11 04:39:00,7.72584,10.615401,7.8,4.37
T04,GL-4396,2026-03-11 04:40:00,7.725094,10.615309,4.8,3.84
T04,GL-4396,2026-03-11 04:41:00,7.724532,10.615291,10.8,3.63
T04,GL-4396,2026-03-11 04:42:00,7.723896,10.61517,9.7,3.71
T04,GL-4396,2026-03-11 04:43:00,7.723364,10.615077,6.0,3.01
T04,GL-4396,2026-03-11 04:44:00,7.72268,10.615117,5.8,5.51
T04,GL-4396,2026-03-11 04:45:00,7.72199,10.615107,8.1,4.05
T04,GL-4396,2026-03-11 04:46:00,7.721425,10.615025,9.2,4.07
T04,GL-4396,2026-03-11 04:47:00,7.720875,10.614867,11.6,4.18
T04,GL-4396,2026-03-11 04:48:00,7.720228,10.614888,11.9,3.77
T04,GL-4396,2026-03-11 04:49:00,7.719617,10.614907,11.3,3.69
T04,GL-4396,2026-03-11 04:50:00,7.718868,10.614893,8.1,3.1
T04,GL-4396,2026-03-11 04:51:00,7.718334,10.614641,11.1,3.48
T04,GL-4396,2026-03-11 04:52:00,7.717667,10.614711,6.4,3.59
T04,GL-4396,2026-03-11 04:53:00,7.717043,10.614583,5.9,3.58
T04,GL-4396,2026-03-11 04:54:00,7.716394,10.614562,10.0,2.86
T04,GL-4396,2026-03-11 04:55:00,7.715797,10.614599,6.8,5.23
T04,GL-4396,2026-03-11 04:56:00,7.715143,10.61445,11.9,5.49
T04,GL-4396,2026-03-11 04:57:00,7.714561,10.614436,5.7,5.16
T04,GL-4396,2026-03-11 04:58:00,7.71388,10.614307,8.2,3.91
T04,GL-4396,2026-03-11 04:59:00,7.713292,10.614245,7.1,5.32
T04,GL-4396,2026-03-11 05:00:00,7.71268,10.614297,5.8,2.85
T04,GL-4396,2026-03-11 05:01:00,7.71195,10.614232,10.8,4.12
T04,GL-4396,2026-03-11 05:02:00,7.711349,10.614066,11.7,4.92
T04,GL-4396,2026-03-11 05:03:00,7.710817,10.614164,7.2,4.38
T04,GL-4396,2026-03-11 05:04:00,7.710039,10.614002,8.4,5.29
T04,GL-4396,2026-03-11 05:05:00,7.709342,10.613961,4.4,4.26
T04,GL-4396,2026-03-11 05:06:00,7.708775,10.613935,9.4,3.12
T04,GL-4396,2026-03-11 05:07:00,7.708253,10.61379,4.6,3.8
T04,GL-4396,2026-03-11 05:08:00,7.707614,10.613865,8.5,4.31
T04,GL-4396,2026-03-11 05:09:00,7.707015,10.613772,8.1,3.5
T04,GL-4396,2026-03-11 05:10:00,7.706386,10.61361,5.8,5.49
T04,GL-4396,2026-03-11 05:11:00,7.705835,10.613598,4.7,5.09
T04,GL-4396,2026-03-11 05:12:00,7.70517,10.613621,9.9,3.53
T04,GL-4396,2026-03-11 05:13:00,7.704483,10.613582,11.3,3.19
T04,GL-4396,2026-03-11 05:14:00,7.703907,10.613478,8.8,4.38
T04,GL-4396,2026-03-11 05:15:00,7.703145,10.61337,6.9,5.1
T04,GL-4396,2026-03-11 05:16:00,7.702587,10.613433,5.6,4.18
T04,GL-4396,2026-03-11 05:17:00,7.702003,10.6133,8.0,3.01
T04,GL-4396,2026-03-11 05:18:00,7.701398,10.613147,7.1,5.36
T04,GL-4396,2026-03-11 05:19:00,7.700753,10.613092,10.6,5.47
T04,GL-4396,2026-03-11 05:20:00,7.700117,10.613054,5.4,4.87
T04,GL-4396,2026-03-11 05:21:00,7.699483,10.613181,11.0,3.84
T04,GL-4396,2026-03-11 05:22:00,7.698906,10.612953,5.8,3.99
T04,GL-4396,2026-03-11 05:23:00,7.698216,10.612966,6.8,3.8
T04,GL-4396,2026-03-11 05:24:00,7.697587,10.612878,7.8,4.18
T04,GL-4396,2026-03-11 05:25:00,7.696932,10.612887,8.9,3.15
T04,GL-4396,2026-03-11 05:26:00,7.696348,10.612726,6.3,3.49
T04,GL-4396,2026-03-11 05:27:00,7.695781,10.612585,4.4,3.02
T04,GL-4396,2026-03-11 05:28:00,7.695067,10.612798,10.1,3.31
T04,GL-4396,2026-03-11 05:29:00,7.694419,10.612654,5.2,3.19
T04,GL-4396,2026-03-11 05:30:00,7.693897,10.612536,8.2,4.89
T04,GL-4396,2026-03-11 05:31:00,7.693312,10.612466,6.1,4.03
T04,GL-4396,2026-03-11 05:32:00,7.692568,10.612434,11.6,5.45
T04,GL-4396,2026-03-11 05:33:00,7.691954,10.612497,9.6,5.39
T04,GL-4396,2026-03-11 05:34:00,7.691403,10.612395,5.2,3.2
T04,GL-4396,2026-03-11 05:35:00,7.690816,10.61242,8.3,5.34
T04,GL-4396,2026-03-11 05:36:00,7.690119,10.612326,5.6,4.43
T04,GL-4396,2026-03-11 05:37:00,7.689543,10.612163,7.3,2.95
T04,GL-4396,2026-03-11 05:38:00,7.688815,10.612162,7.0,4.14
T04,GL-4396,2026-03-11 05:39:00,7.688047,10.612156,4.8,4.94
T04,GL-4396,2026-03-11 05:40:00,7.687634,10.612073,5.4,4.03
T04,GL-4396,2026-03-11 05:41:00,7.686946,10.611941,7.0,4.13
T04,GL-4396,2026-03-11 05:42:00,7.686386,10.611939,11.6,4.29
T04,GL-4396,2026-03-11 05:43:00,7.685765,10.611815,6.1,3.5
T04,GL-4396,2026-03-11 05:44:00,7.685093,10.611915,10.9,5.51
T04,GL-4396,2026-03-11 05:45:00,7.684468,10.611741,8.5,5.05
T04,GL-4396,2026-03-11 05:46:00,7.683802,10.611779,10.1,5.53
T04,GL-4396,2026-03-11 05:47:00,7.683233,10.611652,9.7,5.34
T04,GL-4396,2026-03-11 05:48:00,7.682622,10.611555,8.4,5.26
T04,GL-4396,2026-03-11 05:49:00,7.681969,10.611546,4.3,3.61
T04,GL-4396,2026-03-11 05:50:00,7.681382,10.611453,8.3,4.13
T04,GL-4396,2026-03-11 05:51:00,7.68073,10.611339,11.5,4.16
T04,GL-4396,2026-03-11 05:52:00,7.680013,10.611332,10.0,3.42
T04,GL-4396,2026-03-11 05:53:00,7.679396,10.611271,8.9,3.28
T04,GL-4396,2026-03-11 05:54:00,7.678686,10.611337,11.3,3.74
T04,GL-4396,2026-03-11 05:55:00,7.678152,10.61116,11.1,2.81
T04,GL-4396,2026-03-11 05:56:00,7.677596,10.611168,11.0,4.34
T04,GL-4396,2026-03-11 05:57:00,7.67692,10.610994,9.8,3.6
T04,GL-4396,2026-03-11 05:58:00,7.676314,10.611109,7.7,3.92
T04,GL-4396,2026-03-11 05:59:00,7.67552,10.611034,10.8,3.6
T04,GL-4396,2026-03-11 06:00:00,7.674995,10.610954,9.6,4.7
T04,GL-4396,2026-03-11 06:01:00,7.674378,10.610859,4.9,4.86
T04,GL-4396,2026-03-11 06:02:00,7.673776,10.610811,5.9,3.86
T04,GL-4396,2026-03-11 06:03:00,7.673171,10.610747,6.7,2.9
T04,GL-4396,2026-03-11 06:04:00,7.672571,10.6108,6.2,5.24
T04,GL-4396,2026-03-11 06:05:00,7.67184,10.610595,4.4,4.07
T04,GL-4396,2026-03-11 06:06:00,7.671269,10.610646,10.3,4.53
T04,GL-4396,2026-03-11 06:07:00,7.670734,10.610578,11.3,5.52
T04,GL-4396,2026-03-11 06:08:00,7.669923,10.610471,5.3,3.93
T04,GL-4396,2026-03-11 06:09:00,7.669558,10.610501,11.3,2.81
T04,GL-4396,2026-03-11 06:10:00,7.668786,10.610377,5.0,4.52
T04,GL-4396,2026-03-11 06:11:00,7.668282,10.610321,10.8,5.23
T04,GL-4396,2026-03-11 06:12:00,7.667531,10.610296,9.3,4.3
T04,GL-4396,2026-03-11 06:13:00,7.666921,10.610206,9.4,3.36
T04,GL-4396,2026-03-11 06:14:00,7.666256,10.610201,6.6,4.37
T04,GL-4396,2026-03-11 06:15:00,7.665628,10.61013,6.3,3.06
T04,GL-4396,2026-03-11 06:16:00,7.665105,10.610113,10.9,5.03
T04,GL-4396,2026-03-11 06:17:00,7.664475,10.610043,11.9,4.03
T04,GL-4396,2026-03-11 06:18:00,7.663768,10.6099,11.4,4.52
T04,GL-4396,2026-03-11 06:19:00,7.663128,10.610056,10.5,4.51
T04,GL-4396,2026-03-11 06:20:00,7.662519,10.609813,7.6,4.12
T04,GL-4396,2026-03-11 06:21:00,7.661955,10.60985,6.2,3.32
T04,GL-4396,2026-03-11 06:22:00,7.661305,10.609614,8.9,3.05
T04,GL-4396,2026-03-11 06:23:00,7.660633,10.609704,4.1,3.5
T04,GL-4396,2026-03-11 06:24:00,7.660069,10.609628,4.3,4.29
T04,GL-4396,2026-03-11 06:25:00,7.65947,10.609535,7.5,5.44
T04,GL-4396,2026-03-11 06:26:00,7.658794,10.609648,5.9,4.03
T04,GL-4396,2026-03-11 06:27:00,7.658084,10.609538,7.5,4.06
T04,GL-4396,2026-03-11 06:28:00,7.657479,10.609502,11.7,4.38
T04,GL-4396,2026-03-11 06:29:00,7.65695,10.609299,9.1,5.33
T04,GL-4396,2026-03-11 06:30:00,7.656235,10.609268,6.1,5.22
T04,GL-4396,2026-03-11 06:31:00,7.655589,10.60923,8.1,5.07
T04,GL-4396,2026-03-11 06:32:00,7.655018,10.609229,7.6,4.01
T04,GL-4396,2026-03-11 06:33:00,7.654455,10.609138,6.6,4.21
T04,GL-4396,2026-03-11 06:34:00,7.65376,10.609061,4.1,4.3
T04,GL-4396,2026-03-11 06:35:00,7.65318,10.608903,8.0,5.26
T04,GL-4396,2026-03-11 06:36:00,7.652525,10.608974,5.0,4.7
T04,GL-4396,2026-03-11 06:37:00,7.974633,10.608897,7.7,182.53
T04,GL-4396,2026-03-11 06:38:00,7.65129,10.608796,6.4,5.01
T04,GL-4396,2026-03-11 06:39:00,7.650666,10.608816,11.1,5.29
T04,GL-4396,2026-03-11 06:40:00,7.650051,10.608701,11.8,4.97
T04,GL-4396,2026-03-11 06:41:00,7.649454,10.608692,11.2,4.53
T04,GL-4396,2026-03-11 06:42:00,7.648822,10.608708,9.4,3.47
T04,GL-4396,2026-03-11 06:43:00,7.648219,10.608579,9.2,5.38
T04,GL-4396,2026-03-11 06:44:00,7.647463,10.60857,6.9,3.39
T04,GL-4396,2026-03-11 06:45:00,7.646976,10.608524,7.5,3.61
T04,GL-4396,2026-03-11 06:46:00,7.646243,10.608358,9.9,4.33
T04,GL-4396,2026-03-11 06:47:00,7.645623,10.608411,8.1,5.54
T04,GL-4396,2026-03-11 06:48:00,7.644965,10.608369,6.7,4.5
T04,GL-4396,2026-03-11 06:49:00,7.644378,10.608204,5.5,4.65
T04,GL-4396,2026-03-11 06:50:00,7.643746,10.608194,4.5,4.83
T04,GL-4396,2026-03-11 06:51:00,7.643262,10.608134,11.4,4.64
T04,GL-4396,2026-03-11 06:52:00,7.642561,10.608076,8.7,3.42
T04,GL-4396,2026-03-11 06:53:00,7.641836,10.608038,7.3,5.33
T04,GL-4396,2026-03-11 06:54:00,7.641148,10.607976,4.3,3.9
T04,GL-4396,2026-03-11 06:55:00,7.640612,10.607876,6.6,3.56
T04,GL-4396,2026-03-11 06:56:00,7.639935,10.607903,10.0,4.41
T04,GL-4396,2026-03-11 06:57:00,7.639353,10.60791,11.4,5.04
T04,GL-4396,2026-03-11 06:58:00,7.638796,10.607751,9.7,3.12
T04,GL-4396,2026-03-11 06:59:00,7.638083,10.607626,4.6,5.57
T04,GL-4396,2026-03-11 07:00:00,7.637401,10.607622,4.9,4.41
T04,GL-4396,2026-03-11 07:01:00,7.636862,10.607553,4.2,3.79
T04,GL-4396,2026-03-11 07:02:00,7.636273,10.607562,9.3,4.06
T04,GL-4396,2026-03-11 07:03:00,7.635709,10.607507,9.2,5.02
T04,GL-4396,2026-03-11 07:04:00,7.635045,10.607403,11.3,3.81
T04,GL-4396,2026-03-11 07:05:00,7.634363,10.607343,9.3,4.01
T04,GL-4396,2026-03-11 07:06:00,7.633637,10.607416,8.5,5.11
T04,GL-4396,2026-03-11 07:07:00,7.633052,10.607192,6.6,5.0
T04,GL-4396,2026-03-11 07:08:00,7.632548,10.607248,8.5,4.07
T04,GL-4396,2026-03-11 07:09:00,7.631802,10.60708,9.7,3.41
T04,GL-4396,2026-03-11 07:10:00,7.631286,10.607073,8.8,4.85
T04,GL-4396,2026-03-11 07:11:00,7.630551,10.607023,8.9,4.98
T04,GL-4396,2026-03-11 07:12:00,7.630023,10.606984,,3.17
T04,GL-4396,2026-03-11 07:13:00,7.629442,10.607026,5.4,4.4
T04,GL-4396,2026-03-11 07:14:00,7.628705,10.606915,4.0,3.71
T04,GL-4396,2026-03-11 07:15:00,7.628112,10.60691,10.3,4.39
T04,GL-4396,2026-03-11 07:16:00,7.627555,10.606675,7.2,4.41
T04,GL-4396,2026-03-11 07:17:00,7.626952,10.606661,6.0,3.81
T04,GL-4396,2026-03-11 07:18:00,7.626205,10.606573,8.5,3.94
T04,GL-4396,2026-03-11 07:19:00,7.625628,10.60655,10.0,4.86
T04,GL-4396,2026-03-11 07:20:00,7.62503,10.60653,9.8,5.25
T04,GL-4396,2026-03-11 07:21:00,7.624334,10.606526,7.6,3.38
T04,GL-4396,2026-03-11 07:22:00,7.832926,10.606437,5.4,179.55
T04,GL-4396,2026-03-11 07:23:00,7.623149,10.606423,7.4,4.24
T04,GL-4396,2026-03-11 07:24:00,7.622395,10.606358,8.1,4.95
T04,GL-4396,2026-03-11 07:25:00,7.621862,10.606311,5.2,4.4
T04,GL-4396,2026-03-11 07:26:00,7.621273,10.606298,11.8,4.24
T04,GL-4396,2026-03-11 07:27:00,7.620478,10.606136,9.9,3.41
T04,GL-4396,2026-03-11 07:28:00,7.61988,10.606132,8.9,4.43
T04,GL-4396,2026-03-11 07:29:00,7.619362,10.606105,9.9,4.47
T04,GL-4396,2026-03-11 07:30:00,7.61879,10.605993,11.1,3.9
T04,GL-4396,2026-03-11 07:31:00,7.618015,10.605978,6.2,2.96
T04,GL-4396,2026-03-11 07:32:00,7.617437,10.60587,6.8,3.46
T04,GL-4396,2026-03-11 07:33:00,7.616869,10.605869,6.7,4.42
T04,GL-4396,2026-03-11 07:34:00,7.616174,10.605796,7.1,4.01
T04,GL-4396,2026-03-11 07:35:00,7.615668,10.605793,9.6,5.43
T04,GL-4396,2026-03-11 07:36:00,7.615055,10.60562,6.0,3.51
T04,GL-4396,2026-03-11 07:37:00,7.614262,10.605563,5.9,5.29
T04,GL-4396,2026-03-11 07:38:00,7.613575,10.605549,10.0,4.6
T04,GL-4396,2026-03-11 07:39:00,7.613084,10.605614,9.4,2.98
T04,GL-4396,2026-03-11 07:40:00,7.612434,10.605386,4.4,4.42
T04,GL-4396,2026-03-11 07:41:00,7.611798,10.605455,9.6,3.32
T04,GL-4396,2026-03-11 07:42:00,7.611253,10.605329,10.1,4.46
T04,GL-4396,2026-03-11 07:43:00,7.610566,10.605278,6.3,5.18
T04,GL-4396,2026-03-11 07:44:00,7.610002,10.605246,7.4,3.63
T04,GL-4396,2026-03-11 07:45:00,7.609353,10.605161,11.0,3.3
T04,GL-4396,2026-03-11 07:46:00,7.608709,10.605188,10.0,5.49
T04,GL-4396,2026-03-11 07:47:00,7.608114,10.605024,10.0,4.79
T04,GL-4396,2026-03-11 07:48:00,7.607406,10.605005,8.9,2.92
T04,GL-4396,2026-03-11 07:49:00,7.606878,10.604974,5.0,3.81
T04,GL-4396,2026-03-11 07:50:00,7.606179,10.604911,6.6,2.93
T04,GL-4396,2026-03-11 07:51:00,7.605585,10.60492,,3.68
T04,GL-4396,2026-03-11 07:52:00,7.605,10.604844,4.1,5.37
T04,GL-4396,2026-03-11 07:53:00,7.604304,10.60459,6.5,4.17
T04,GL-4396,2026-03-11 07:54:00,7.603737,10.604771,5.6,2.85
T04,GL-4396,2026-03-11 07:55:00,7.602959,10.604718,5.4,5.26
T04,GL-4396,2026-03-11 07:56:00,7.602419,10.604606,4.8,4.29
T04,GL-4396,2026-03-11 07:57:00,7.601752,10.60455,7.3,3.23
T04,GL-4396,2026-03-11 07:58:00,7.60113,10.604487,8.2,2.83
T04,GL-4396,2026-03-11 07:59:00,7.600697,10.604495,10.7,3.88
T04,GL-4396,2026-03-11 08:00:00,7.599917,10.604366,7.7,3.71
T04,GL-4396,2026-03-11 08:01:00,7.599295,10.604388,8.5,4.71
T04,GL-4396,2026-03-11 08:02:00,7.598693,10.604232,4.5,3.36
T04,GL-4396,2026-03-11 08:03:00,7.598149,10.604195,4.0,2.89
T04,GL-4396,2026-03-11 08:04:00,7.597461,10.604103,10.2,2.86
T04,GL-4396,2026-03-11 08:05:00,7.596703,10.604069,7.5,5.37
T04,GL-4396,2026-03-11 08:06:00,7.596172,10.603986,6.4,4.57
T04,GL-4396,2026-03-11 08:07:00,7.595479,10.604032,11.3,4.86
T04,GL-4396,2026-03-11 08:08:00,7.594914,10.603881,11.5,5.17
T04,GL-4396,2026-03-11 08:09:00,7.594305,10.603846,8.8,2.99
T04,GL-4396,2026-03-11 08:10:00,7.593704,10.603902,11.6,3.31
T04,GL-4396,2026-03-11 08:11:00,7.593049,10.60369,8.6,3.39
T04,GL-4396,2026-03-11 08:12:00,7.592375,10.603718,11.2,4.85
T04,GL-4396,2026-03-11 08:13:00,7.591818,10.603642,4.8,4.93
T04,GL-4396,2026-03-11 08:14:00,7.591075,10.603502,10.6,2.82
T04,GL-4396,2026-03-11 08:15:00,7.590579,10.603571,9.2,5.42
T04,GL-4396,2026-03-11 08:16:00,7.589877,10.603457,8.5,5.25
T04,GL-4396,2026-03-11 08:17:00,7.589288,10.603484,8.1,3.46
T04,GL-4396,2026-03-11 08:18:00,7.588462,10.603402,11.6,3.04
T04,GL-4396,2026-03-11 08:19:00,7.588016,10.603332,5.3,5.54
T04,GL-4396,2026-03-11 08:20:00,7.587364,10.603292,8.6,3.34
T04,GL-4396,2026-03-11 08:21:00,7.586786,10.603217,8.9,3.17
T04,GL-4396,2026-03-11 08:22:00,7.58619,10.603134,5.6,4.33
T04,GL-4396,2026-03-11 08:23:00,7.585444,10.603151,10.7,5.13
T04,GL-4396,2026-03-11 08:24:00,7.584912,10.602967,9.3,4.61
T04,GL-4396,2026-03-11 08:25:00,7.584242,10.603053,9.0,4.35
T04,GL-4396,2026-03-11 08:26:00,7.583579,10.603009,5.7,3.49
T04,GL-4396,2026-03-11 08:27:00,7.583058,10.602905,5.4,3.1
T04,GL-4396,2026-03-11 08:28:00,7.582426,10.602865,4.8,3.3
T04,GL-4396,2026-03-11 08:29:00,7.581704,10.602848,6.4,3.44
T04,GL-4396,2026-03-11 08:30:00,7.581133,10.602658,11.5,4.05
T04,GL-4396,2026-03-11 08:31:00,7.580461,10.602551,10.4,3.1
T04,GL-4396,2026-03-11 08:32:00,7.579931,10.602559,11.4,4.83
T04,GL-4396,2026-03-11 08:33:00,7.579139,10.60249,5.0,5.47
T04,GL-4396,2026-03-11 08:34:00,7.578478,10.602491,10.0,2.94
T04,GL-4396,2026-03-11 08:35:00,7.578069,10.602452,10.7,4.01
T04,GL-4396,2026-03-11 08:36:00,7.577442,10.602393,10.0,4.41
T04,GL-4396,2026-03-11 08:37:00,7.576765,10.602339,6.9,4.39
T04,GL-4396,2026-03-11 08:38:00,7.576085,10.602339,7.1,3.17
T04,GL-4396,2026-03-11 08:39:00,7.575543,10.602118,8.0,3.64
T04,GL-4396,2026-03-11 08:40:00,7.574792,10.602176,9.0,2.85
T04,GL-4396,2026-03-11 08:41:00,7.574311,10.602205,5.4,2.95
T04,GL-4396,2026-03-11 08:42:00,7.573679,10.602031,11.1,4.23
T04,GL-4396,2026-03-11 08:43:00,7.572904,10.602072,8.6,3.47
T04,GL-4396,2026-03-11 08:44:00,7.572337,10.601939,9.6,4.36
T04,GL-4396,2026-03-11 08:45:00,7.571767,10.601844,4.5,4.77
T04,GL-4396,2026-03-11 08:46:00,7.571056,10.601824,6.2,4.52
T04,GL-4396,2026-03-11 08:47:00,7.570508,10.601741,8.0,4.74
T04,GL-4396,2026-03-11 08:48:00,7.569825,10.601777,6.7,4.37
T04,GL-4396,2026-03-11 08:49:00,7.569127,10.601583,9.7,3.97
T04,GL-4396,2026-03-11 08:50:00,7.568637,10.601501,9.7,3.58
T04,GL-4396,2026-03-11 08:51:00,7.56803,10.601437,11.5,4.29
T04,GL-4396,2026-03-11 08:52:00,7.56742,10.60146,5.6,2.98
T04,GL-4396,2026-03-11 08:53:00,7.566713,10.601562,7.6,5.02
T04,GL-4396,2026-03-11 08:54:00,7.566173,10.601497,4.9,4.24
T04,GL-4396,2026-03-11 08:55:00,7.565441,10.60133,,4.87
T04,GL-4396,2026-03-11 08:56:00,7.564867,10.601307,8.5,2.8
T04,GL-4396,2026-03-11 08:57:00,7.564164,10.60129,7.3,3.61
T04,GL-4396,2026-03-11 08:58:00,7.563494,10.601198,6.1,4.86
T04,GL-4396,2026-03-11 08:59:00,7.562952,10.60111,10.9,3.46
T04,GL-4396,2026-03-11 09:00:00,7.562299,10.601076,10.6,5.11
T04,GL-4396,2026-03-11 09:01:00,7.561786,10.601023,10.8,5.42
T04,GL-4396,2026-03-11 09:02:00,7.561,10.601099,6.2,4.24
T04,GL-4396,2026-03-11 09:03:00,7.560401,10.600863,7.9,3.55
T04,GL-4396,2026-03-11 09:04:00,7.559844,10.600806,11.6,5.18
T04,GL-4396,2026-03-11 09:05:00,7.55928,10.600657,6.1,4.38
T04,GL-4396,2026-03-11 09:06:00,7.558542,10.600685,5.3,5.46
T04,GL-4396,2026-03-11 09:07:00,7.55805,10.600644,8.5,4.33
T04,GL-4396,2026-03-11 09:08:00,7.55732,10.600634,5.1,4.56
T04,GL-4396,2026-03-11 09:09:00,7.55665,10.60047,9.9,3.89
T04,GL-4396,2026-03-11 09:10:00,7.556007,10.600432,8.2,4.23
T04,GL-4396,2026-03-11 09:11:00,7.555559,10.600404,5.0,4.67
T04,GL-4396,2026-03-11 09:12:00,7.554879,10.600367,5.1,3.77
T04,GL-4396,2026-03-11 09:13:00,7.554202,10.600157,9.6,3.05
T04,GL-4396,2026-03-11 09:14:00,7.553438,10.600286,5.2,3.13
T04,GL-4396,2026-03-11 09:15:00,7.552985,10.600293,8.8,4.89
T04,GL-4396,2026-03-11 09:16:00,7.552272,10.600148,10.7,3.55
T04,GL-4396,2026-03-11 09:17:00,7.551592,10.600108,7.9,4.02
T04,GL-4396,2026-03-11 09:18:00,7.551028,10.600089,4.8,5.28
T04,GL-4396,2026-03-11 09:19:00,7.550439,10.600006,7.7,3.59
T04,GL-4396,2026-03-11 09:20:00,7.549709,10.599949,,4.87
T04,GL-4396,2026-03-11 09:21:00,7.549153,10.599934,11.3,3.49
T04,GL-4396,2026-03-11 09:22:00,7.548604,10.599826,8.6,3.66
T04,GL-4396,2026-03-11 09:23:00,7.547982,10.599846,8.4,4.89
T04,GL-4396,2026-03-11 09:24:00,7.547345,10.599772,11.7,4.5
T04,GL-4396,2026-03-11 09:25:00,7.546654,10.599634,7.9,4.26
T04,GL-4396,2026-03-11 09:26:00,7.546058,10.599661,6.6,5.34
T04,GL-4396,2026-03-11 09:27:00,7.545375,10.599576,10.4,5.31
T04,GL-4396,2026-03-11 09:28:00,7.544828,10.59951,8.5,4.75
T04,GL-4396,2026-03-11 09:29:00,7.544116,10.599461,11.7,3.69
T04,GL-4396,2026-03-11 09:30:00,7.543588,10.599304,10.9,3.9
T04,GL-4396,2026-03-11 09:31:00,7.542944,10.599366,5.4,3.15
T04,GL-4396,2026-03-11 09:32:00,7.542272,10.59931,8.4,4.9
T04,GL-4396,2026-03-11 09:33:00,7.541673,10.599405,9.4,3.85
T04,GL-4396,2026-03-11 09:34:00,7.541133,10.599137,6.4,5.26
T04,GL-4396,2026-03-11 09:35:00,7.540463,10.599257,10.7,4.7
T04,GL-4396,2026-03-11 09:36:00,7.539773,10.598988,4.1,3.94
T04,GL-4396,2026-03-11 09:37:00,7.539282,10.599021,8.4,5.09
T04,GL-4396,2026-03-11 09:38:00,7.538493,10.598978,8.3,4.66
T04,GL-4396,2026-03-11 09:39:00,7.53788,10.599048,11.3,5.59
T04,GL-4396,2026-03-11 09:40:00,7.53734,10.598902,10.5,3.11
T04,GL-4396,2026-03-11 09:41:00,7.536809,10.598896,5.5,3.9
T04,GL-4396,2026-03-11 09:42:00,7.536017,10.598881,8.1,4.57
T04,GL-4396,2026-03-11 09:43:00,7.535339,10.598776,7.8,3.35
T04,GL-4396,2026-03-11 09:44:00,7.534812,10.59857,9.4,2.89
T04,GL-4396,2026-03-11 09:45:00,7.534193,10.598594,9.6,3.65
T04,GL-4396,2026-03-11 09:46:00,7.533589,10.59845,7.9,3.68
T04,GL-4396,2026-03-11 09:47:00,7.532941,10.598455,6.1,3.98
T04,GL-4396,2026-03-11 09:48:00,7.532317,10.598423,9.6,3.36
T04,GL-4396,2026-03-11 09:49:00,7.531638,10.598469,6.2,3.55
T04,GL-4396,2026-03-11 09:50:00,7.531103,10.598266,5.7,3.73
T04,GL-4396,2026-03-11 09:51:00,7.530427,10.598183,11.3,3.78
T04,GL-4396,2026-03-11 09:52:00,7.529762,10.598247,,3.2
T04,GL-4396,2026-03-11 09:53:00,7.529174,10.598074,4.2,4.12
T04,GL-4396,2026-03-11 09:54:00,7.528509,10.598012,7.7,4.48
T04,GL-4396,2026-03-11 09:55:00,7.527907,10.598002,9.9,2.98
T04,GL-4396,2026-03-11 09:56:00,7.527292,10.59796,8.4,3.89
T04,GL-4396,2026-03-11 09:57:00,7.526573,10.59789,7.0,5.44
T04,GL-4396,2026-03-11 09:58:00,7.52599,10.597968,8.0,4.16
T04,GL-4396,2026-03-11 09:59:00,7.525258,10.597809,4.9,4.63
T04,GL-4396,2026-03-11 10:00:00,7.524712,10.597833,,4.63
T04,GL-4396,2026-03-11 10:01:00,7.524082,10.597742,11.4,5.34
T04,GL-4396,2026-03-11 10:02:00,7.523374,10.597566,5.0,4.58
T04,GL-4396,2026-03-11 10:03:00,7.522971,10.597578,4.1,5.12
T04,GL-4396,2026-03-11 10:04:00,7.522255,10.597444,7.5,4.34
T04,GL-4396,2026-03-11 10:05:00,7.52161,10.597475,7.7,5.39
T04,GL-4396,2026-03-11 10:06:00,7.521042,10.597356,6.9,3.95
T04,GL-4396,2026-03-11 10:07:00,7.520443,10.597445,8.5,5.55
T04,GL-4396,2026-03-11 10:08:00,7.519807,10.597377,5.3,3.71
T04,GL-4396,2026-03-11 10:09:00,7.519091,10.597302,11.8,4.93
T04,GL-4396,2026-03-11 10:10:00,7.518536,10.597153,7.1,3.32
T04,GL-4396,2026-03-11 10:11:00,7.517934,10.59716,8.3,4.49
T04,GL-4396,2026-03-11 10:12:00,7.517262,10.597067,9.0,3.7
T04,GL-4396,2026-03-11 10:13:00,7.516641,10.597009,5.7,4.38
T04,GL-4396,2026-03-11 10:14:00,7.51606,10.596983,9.0,2.87
T04,GL-4396,2026-03-11 10:15:00,7.515396,10.596881,11.1,4.91
T04,GL-4396,2026-03-11 10:16:00,7.514725,10.596907,8.7,3.85
T04,GL-4396,2026-03-11 10:17:00,7.51411,10.596888,4.6,4.49
T04,GL-4396,2026-03-11 10:18:00,7.513439,10.596823,9.8,4.99
T04,GL-4396,2026-03-11 10:19:00,7.512825,10.596682,7.8,3.27
T04,GL-4396,2026-03-11 10:20:00,7.512166,10.596716,10.1,5.35
T04,GL-4396,2026-03-11 10:21:00,7.511624,10.596658,6.9,5.46
T04,GL-4396,2026-03-11 10:22:00,7.510973,10.596624,6.2,4.99
T04,GL-4396,2026-03-11 10:23:00,7.510324,10.596503,,5.03
T04,GL-4396,2026-03-11 10:24:00,7.509705,10.596376,11.0,3.47
T04,GL-4396,2026-03-11 10:25:00,7.509073,10.596393,5.0,4.62
T04,GL-4396,2026-03-11 10:26:00,7.508428,10.596519,11.8,4.8
T04,GL-4396,2026-03-11 10:27:00,7.507857,10.596241,9.3,5.39
T04,GL-4396,2026-03-11 10:28:00,7.507192,10.596159,5.0,5.3
T04,GL-4396,2026-03-11 10:29:00,7.506535,10.596141,9.9,4.57
T04,GL-4396,2026-03-11 10:30:00,7.505963,10.596105,10.3,3.04
T04,GL-4396,2026-03-11 10:31:00,7.505297,10.596158,6.1,5.26
T04,GL-4396,2026-03-11 10:32:00,7.504778,10.595922,7.5,3.24
T04,GL-4396,2026-03-11 10:33:00,7.504048,10.595982,6.4,3.96
T04,GL-4396,2026-03-11 10:34:00,7.503465,10.595833,8.0,3.11
T04,GL-4396,2026-03-11 10:35:00,7.502752,10.595873,5.3,3.61
T04,GL-4396,2026-03-11 10:36:00,7.502203,10.595732,9.8,4.4
T04,GL-4396,2026-03-11 10:37:00,7.501608,10.595641,9.7,5.08
T04,GL-4396,2026-03-11 10:38:00,7.50099,10.595658,6.0,3.34
T04,GL-4396,2026-03-11 10:39:00,7.500294,10.595663,5.9,4.49
T04,GL-4396,2026-03-11 10:40:00,7.499578,10.595558,10.9,3.97
T04,GL-4396,2026-03-11 10:41:00,7.498982,10.595425,7.3,3.29
T04,GL-4396,2026-03-11 10:42:00,7.498454,10.595427,5.5,4.2
T04,GL-4396,2026-03-11 10:43:00,7.497859,10.595409,7.1,5.29
T04,GL-4396,2026-03-11 10:44:00,7.497209,10.595396,6.4,3.16
T04,GL-4396,2026-03-11 10:45:00,7.496636,10.595382,4.6,3.29
T04,GL-4396,2026-03-11 10:46:00,7.495831,10.595213,8.2,3.51
T04,GL-4396,2026-03-11 10:47:00,7.495321,10.595089,5.3,4.8
T04,GL-4396,2026-03-11 10:48:00,7.49464,10.595124,8.6,3.06
T04,GL-4396,2026-03-11 10:49:00,7.494047,10.595127,9.4,3.75
T04,GL-4396,2026-03-11 10:50:00,7.493463,10.594896,9.0,4.45
T04,GL-4396,2026-03-11 10:51:00,7.492741,10.595003,6.0,5.5
T04,GL-4396,2026-03-11 10:52:00,7.492237,10.594846,6.2,5.11
T04,GL-4396,2026-03-11 10:53:00,7.4915,10.594926,6.8,4.33
T04,GL-4396,2026-03-11 10:54:00,7.491001,10.594837,8.5,4.12
T04,GL-4396,2026-03-11 10:55:00,7.490387,10.594744,9.4,3.02
T04,GL-4396,2026-03-11 10:56:00,7.489712,10.594707,10.5,5.33
T04,GL-4396,2026-03-11 10:57:00,7.489025,10.594593,8.3,3.56
T04,GL-4396,2026-03-11 10:58:00,7.488459,10.594503,10.9,3.01
T04,GL-4396,2026-03-11 10:59:00,7.487772,10.594522,9.0,3.37
T04,GL-4396,2026-03-11 11:00:00,7.487134,10.594333,7.4,3.84
T04,GL-4396,2026-03-11 11:01:00,7.486447,10.594374,11.0,4.16
T04,GL-4396,2026-03-11 11:02:00,7.485724,10.594497,8.0,2.84
T04,GL-4396,2026-03-11 11:03:00,7.485223,10.594334,5.8,4.04
T04,GL-4396,2026-03-11 11:04:00,7.484726,10.594228,6.9,3.02
T04,GL-4396,2026-03-11 11:05:00,7.484071,10.594204,9.1,4.61
T04,GL-4396,2026-03-11 11:06:00,7.483414,10.594182,11.1,5.03
T04,GL-4396,2026-03-11 11:07:00,7.482802,10.594097,5.0,3.57
T04,GL-4396,2026-03-11 11:08:00,7.482236,10.594005,4.3,5.47
T04,GL-4396,2026-03-11 11:09:00,7.481531,10.594037,6.0,4.87
T04,GL-4396,2026-03-11 11:10:00,7.480903,10.593885,11.7,4.41
T04,GL-4396,2026-03-11 11:11:00,7.480322,10.59387,7.6,3.87
T04,GL-4396,2026-03-11 11:12:00,7.479782,10.593839,5.5,4.5
T04,GL-4396,2026-03-11 11:13:00,7.478968,10.593839,11.7,5.03
T04,GL-4396,2026-03-11 11:14:00,7.478429,10.59374,5.1,3.67
T04,GL-4396,2026-03-11 11:15:00,7.477783,10.593656,9.6,2.89
T04,GL-4396,2026-03-11 11:16:00,7.477061,10.593681,11.3,5.53
T04,GL-4396,2026-03-11 11:17:00,7.476546,10.593567,7.7,3.21
T04,GL-4396,2026-03-11 11:18:00,7.475844,10.59349,9.7,3.81
T04,GL-4396,2026-03-11 11:19:00,7.475263,10.593477,11.7,4.55
T04,GL-4396,2026-03-11 11:20:00,7.474657,10.593403,11.6,4.68
T04,GL-4396,2026-03-11 11:21:00,7.474043,10.593293,7.3,5.11
T04,GL-4396,2026-03-11 11:22:00,7.667701,10.593208,9.4,374.58
T04,GL-4396,2026-03-11 11:23:00,7.472828,10.593165,6.4,3.98
T04,GL-4396,2026-03-11 11:24:00,7.472122,10.593255,6.6,5.37
T04,GL-4396,2026-03-11 11:25:00,7.471461,10.593047,6.4,5.47
T04,GL-4396,2026-03-11 11:26:00,7.470853,10.593039,8.4,5.57
T04,GL-4396,2026-03-11 11:27:00,7.470356,10.592855,8.4,4.79
T04,GL-4396,2026-03-11 11:28:00,7.469565,10.592896,4.2,3.67
T04,GL-4396,2026-03-11 11:29:00,7.468966,10.592882,6.7,3.3
T04,GL-4396,2026-03-11 11:30:00,7.46843,10.592773,7.4,3.67
T04,GL-4396,2026-03-11 11:31:00,7.467751,10.592664,6.4,4.25
T04,GL-4396,2026-03-11 11:32:00,7.467208,10.59275,8.9,5.02
T04,GL-4396,2026-03-11 11:33:00,7.466483,10.592817,11.4,5.27
T04,GL-4396,2026-03-11 11:34:00,7.465841,10.592628,10.2,5.12
T04,GL-4396,2026-03-11 11:35:00,7.465238,10.592543,9.0,4.56
T04,GL-4396,2026-03-11 11:36:00,7.464652,10.592449,9.8,5.37
T04,GL-4396,2026-03-11 11:37:00,7.463972,10.592407,8.5,4.0
T04,GL-4396,2026-03-11 11:38:00,7.463453,10.592251,10.9,5.23
T04,GL-4396,2026-03-11 11:39:00,7.462878,10.592305,7.3,4.2
T04,GL-4396,2026-03-11 11:40:00,7.462091,10.592251,8.8,4.93
T04,GL-4396,2026-03-11 11:41:00,7.461544,10.592292,10.2,4.48
T04,GL-4396,2026-03-11 11:42:00,7.46089,10.592137,8.5,3.55
T04,GL-4396,2026-03-11 11:43:00,7.46029,10.592135,9.0,4.79
T04,GL-4396,2026-03-11 11:44:00,7.459585,10.592099,,5.43
T04,GL-4396,2026-03-11 11:45:00,7.459014,10.591994,9.6,3.48
T04,GL-4396,2026-03-11 11:46:00,7.554671,10.591984,11.3,451.32
T04,GL-4396,2026-03-11 11:47:00,7.457672,10.591785,7.9,5.16
T04,GL-4396,2026-03-11 11:48:00,7.457106,10.591913,4.5,5.01
T04,GL-4396,2026-03-11 11:49:00,7.456489,10.591785,5.4,4.85
T04,GL-4396,2026-03-11 11:50:00,7.455938,10.591744,6.6,4.13
T04,GL-4396,2026-03-11 11:51:00,7.455213,10.591587,4.1,3.71
T04,GL-4396,2026-03-11 11:52:00,7.454686,10.591585,9.2,4.98
T04,GL-4396,2026-03-11 11:53:00,7.453925,10.59159,4.3,4.13
T04,GL-4396,2026-03-11 11:54:00,7.453267,10.591569,11.1,4.9
T04,GL-4396,2026-03-11 11:55:00,7.452761,10.591502,4.4,5.6
T04,GL-4396,2026-03-11 11:56:00,7.452143,10.591425,10.5,3.78
T04,GL-4396,2026-03-11 11:57:00,7.451546,10.59139,11.3,3.93
T04,GL-4396,2026-03-11 11:58:00,7.450933,10.591213,7.3,3.89
T04,GL-4396,2026-03-11 11:59:00,7.450228,10.591225,9.8,5.12
T04,GL-4396,2026-03-11 12:00:00,7.44961,10.591152,,2.89
T04,GL-4396,2026-03-11 12:01:00,7.448979,10.5912,7.8,2.84
T04,GL-4396,2026-03-11 12:02:00,7.448324,10.591077,8.5,4.01
T04,GL-4396,2026-03-11 12:03:00,7.447771,10.591008,8.4,4.31
T04,GL-4396,2026-03-11 12:04:00,7.447042,10.590994,6.3,3.15
T04,GL-4396,2026-03-11 12:05:00,7.446437,10.590959,10.0,3.29
T04,GL-4396,2026-03-11 12:06:00,7.445854,10.590944,7.9,3.17
T04,GL-4396,2026-03-11 12:07:00,7.445197,10.590778,11.2,4.7
T04,GL-4396,2026-03-11 12:08:00,7.444591,10.59083,8.8,4.32
T04,GL-4396,2026-03-11 12:09:00,7.443987,10.590667,7.8,5.12
T04,GL-4396,2026-03-11 12:10:00,7.443248,10.590463,11.7,3.74
T04,GL-4396,2026-03-11 12:11:00,7.442743,10.590543,4.1,4.01
T04,GL-4396,2026-03-11 12:12:00,7.442014,10.590477,8.4,3.13
T04,GL-4396,2026-03-11 12:13:00,7.441415,10.59044,4.3,3.99
T04,GL-4396,2026-03-11 12:14:00,7.440813,10.590413,7.0,3.84
T04,GL-4396,2026-03-11 12:15:00,7.440251,10.590373,11.8,5.56
T04,GL-4396,2026-03-11 12:16:00,7.439588,10.590251,9.5,4.41
T04,GL-4396,2026-03-11 12:17:00,7.438952,10.590164,10.6,3.2
T04,GL-4396,2026-03-11 12:18:00,7.438269,10.590171,10.4,3.69
T04,GL-4396,2026-03-11 12:19:00,7.437687,10.590179,7.3,3.26
T04,GL-4396,2026-03-11 12:20:00,7.437046,10.590103,11.9,3.17
T04,GL-4396,2026-03-11 12:21:00,7.436484,10.590049,11.2,5.5
T04,GL-4396,2026-03-11 12:22:00,7.435726,10.589933,8.8,4.06
T04,GL-4396,2026-03-11 12:23:00,7.435229,10.589899,7.6,5.0
T04,GL-4396,2026-03-11 12:24:00,7.434522,10.589916,4.5,2.86
T04,GL-4396,2026-03-11 12:25:00,7.43394,10.5898,11.8,4.35
T04,GL-4396,2026-03-11 12:26:00,7.433189,10.589765,9.1,3.13
T04,GL-4396,2026-03-11 12:27:00,7.432573,10.589666,4.5,4.88
T04,GL-4396,2026-03-11 12:28:00,7.432053,10.589669,4.8,3.57
T04,GL-4396,2026-03-11 12:29:00,7.431481,10.589609,5.3,3.77
T04,GL-4396,2026-03-11 12:30:00,7.430942,10.589592,9.3,4.73
T04,GL-4396,2026-03-11 12:31:00,7.430229,10.589543,6.4,3.72
T04,GL-4396,2026-03-11 12:32:00,7.429649,10.589517,7.8,4.59
T04,GL-4396,2026-03-11 12:33:00,7.428981,10.589319,4.2,4.95
T04,GL-4396,2026-03-11 12:34:00,7.428328,10.589235,6.3,4.11
T04,GL-4396,2026-03-11 12:35:00,7.427667,10.589234,11.0,5.07
T04,GL-4396,2026-03-11 12:36:00,7.426983,10.589226,10.1,3.56
T04,GL-4396,2026-03-11 12:37:00,7.426351,10.589165,4.1,5.32
T04,GL-4396,2026-03-11 12:38:00,7.425982,10.589114,10.4,3.44
T04,GL-4396,2026-03-11 12:39:00,7.425125,10.58899,11.2,4.95
T04,GL-4396,2026-03-11 12:40:00,7.424501,10.588918,8.1,2.89
T04,GL-4396,2026-03-11 12:41:00,7.423881,10.588922,7.7,4.11
T04,GL-4396,2026-03-11 12:42:00,7.42325,10.588882,10.9,4.44
T04,GL-4396,2026-03-11 12:43:00,7.422754,10.588849,5.2,5.19
T04,GL-4396,2026-03-11 12:44:00,7.422083,10.588811,8.0,3.92
T04,GL-4396,2026-03-11 12:45:00,7.421442,10.588717,6.1,2.81
T04,GL-4396,2026-03-11 12:46:00,7.420869,10.588699,8.3,3.35
T04,GL-4396,2026-03-11 12:47:00,7.420173,10.588648,6.7,3.73
T04,GL-4396,2026-03-11 12:48:00,7.419565,10.588575,7.8,3.87
T04,GL-4396,2026-03-11 12:49:00,7.418895,10.588597,9.6,3.24
T04,GL-4396,2026-03-11 12:50:00,7.418322,10.588428,9.9,5.29
T04,GL-4396,2026-03-11 12:51:00,7.417764,10.588348,11.4,4.97
T04,GL-4396,2026-03-11 12:52:00,7.417094,10.588332,10.4,3.91
T04,GL-4396,2026-03-11 12:53:00,7.416277,10.588268,6.2,4.1
T04,GL-4396,2026-03-11 12:54:00,7.41561,10.588307,5.5,3.39
T04,GL-4396,2026-03-11 12:55:00,7.415122,10.588134,5.0,5.54
T04,GL-4396,2026-03-11 12:56:00,7.414512,10.588104,7.0,3.22
T04,GL-4396,2026-03-11 12:57:00,7.413828,10.588114,10.3,4.53
T04,GL-4396,2026-03-11 12:58:00,7.413258,10.587926,8.5,3.45
T04,GL-4396,2026-03-11 12:59:00,7.412807,10.587874,6.2,3.82
T04,GL-4396,2026-03-11 13:00:00,7.412075,10.587898,4.9,3.42
T04,GL-4396,2026-03-11 13:01:00,7.411391,10.587771,6.4,3.78
T04,GL-4396,2026-03-11 13:02:00,7.41071,10.587668,4.5,4.64
T04,GL-4396,2026-03-11 13:03:00,7.410134,10.587719,9.4,5.18
T04,GL-4396,2026-03-11 13:04:00,7.409551,10.587719,4.1,3.01
T04,GL-4396,2026-03-11 13:05:00,7.40892,10.587611,11.5,5.21
T04,GL-4396,2026-03-11 13:06:00,7.408392,10.587475,8.2,3.0
T04,GL-4396,2026-03-11 13:07:00,7.407746,10.587538,11.6,4.35
T04,GL-4396,2026-03-11 13:08:00,7.407069,10.587469,4.5,3.72
T04,GL-4396,2026-03-11 13:09:00,7.406314,10.587388,9.5,5.16
T04,GL-4396,2026-03-11 13:10:00,7.405685,10.587372,8.1,3.92
T04,GL-4396,2026-03-11 13:11:00,7.40508,10.587342,8.9,3.13
T04,GL-4396,2026-03-11 13:12:00,7.404532,10.587261,7.3,4.86
T04,GL-4396,2026-03-11 13:13:00,7.403772,10.587184,6.2,3.05
T04,GL-4396,2026-03-11 13:14:00,7.403235,10.587029,8.8,5.06
T04,GL-4396,2026-03-11 13:15:00,7.402576,10.587124,7.3,4.55
T04,GL-4396,2026-03-11 13:16:00,7.40211,10.586984,4.1,4.31
T04,GL-4396,2026-03-11 13:17:00,7.401437,10.586862,11.9,4.01
T04,GL-4396,2026-03-11 13:18:00,7.400784,10.586963,11.5,2.81
T04,GL-4396,2026-03-11 13:19:00,7.400109,10.586803,11.6,3.44
T04,GL-4396,2026-03-11 13:20:00,7.399535,10.58678,10.1,3.12
T04,GL-4396,2026-03-11 13:21:00,7.398875,10.586664,8.1,4.33
T04,GL-4396,2026-03-11 13:22:00,7.398197,10.586734,11.8,5.53
T04,GL-4396,2026-03-11 13:23:00,7.397696,10.586562,7.0,3.97
T04,GL-4396,2026-03-11 13:24:00,7.397023,10.586439,7.5,4.41
T04,GL-4396,2026-03-11 13:25:00,7.396325,10.586488,4.8,3.52
T04,GL-4396,2026-03-11 13:26:00,7.395808,10.586467,10.2,4.65
T04,GL-4396,2026-03-11 13:27:00,7.39516,10.586512,11.2,3.2
T04,GL-4396,2026-03-11 13:28:00,7.394454,10.586369,7.8,5.43
T04,GL-4396,2026-03-11 13:29:00,7.393879,10.58631,9.2,4.85
T04,GL-4396,2026-03-11 13:30:00,7.393262,10.586306,8.5,3.35
T04,GL-4396,2026-03-11 13:31:00,7.392627,10.586189,5.0,3.43
T04,GL-4396,2026-03-11 13:32:00,7.391982,10.586071,9.0,4.58
T04,GL-4396,2026-03-11 13:33:00,7.391267,10.586075,6.7,4.52
T04,GL-4396,2026-03-11 13:34:00,7.39075,10.585996,6.1,3.1
T04,GL-4396,2026-03-11 13:35:00,7.390157,10.585888,6.6,4.07
T04,GL-4396,2026-03-11 13:36:00,7.389468,10.585918,7.6,3.66
T04,GL-4396,2026-03-11 13:37:00,7.388835,10.585803,5.5,4.49
T04,GL-4396,2026-03-11 13:38:00,7.388174,10.58576,7.6,5.29
T04,GL-4396,2026-03-11 13:39:00,7.387525,10.585743,7.0,5.15
T04,GL-4396,2026-03-11 13:40:00,7.386977,10.585646,11.1,4.71
T04,GL-4396,2026-03-11 13:41:00,7.386415,10.585706,8.7,3.03
T04,GL-4396,2026-03-11 13:42:00,7.385747,10.585532,8.2,5.2
T04,GL-4396,2026-03-11 13:43:00,7.385081,10.585546,7.9,2.85
T04,GL-4396,2026-03-11 13:44:00,7.384501,10.585473,8.5,4.5
T04,GL-4396,2026-03-11 13:45:00,7.383838,10.585313,5.0,4.72
T04,GL-4396,2026-03-11 13:46:00,7.383152,10.585352,5.7,4.18
T04,GL-4396,2026-03-11 13:47:00,7.382617,10.585303,8.6,3.59
T04,GL-4396,2026-03-11 13:48:00,7.381975,10.585295,8.6,4.25
T04,GL-4396,2026-03-11 13:49:00,7.381383,10.585133,7.9,5.46
T04,GL-4396,2026-03-11 13:50:00,7.38068,10.585153,5.8,5.26
T04,GL-4396,2026-03-11 13:51:00,7.379958,10.585008,7.1,4.26
T04,GL-4396,2026-03-11 13:52:00,7.379408,10.585042,11.3,2.82
T04,GL-4396,2026-03-11 13:53:00,7.378856,10.585102,8.3,3.04
T04,GL-4396,2026-03-11 13:54:00,7.378211,10.584778,,4.94
T04,GL-4396,2026-03-11 13:55:00,7.37759,10.584933,8.2,3.37
T04,GL-4396,2026-03-11 13:56:00,7.376981,10.584777,4.2,3.19
T04,GL-4396,2026-03-11 13:57:00,7.376289,10.584859,9.4,3.78
T04,GL-4396,2026-03-11 13:58:00,7.375811,10.584648,7.3,3.81
T04,GL-4396,2026-03-11 13:59:00,7.375116,10.584611,10.2,4.27
T04,GL-4396,2026-03-11 14:00:00,7.374406,10.584658,8.3,3.77
T04,GL-4396,2026-03-11 14:01:00,7.373758,10.584561,4.7,5.56
T04,GL-4396,2026-03-11 14:02:00,7.373202,10.584486,10.0,4.21
T04,GL-4396,2026-03-11 14:03:00,7.372584,10.584329,11.3,5.29
T04,GL-4396,2026-03-11 14:04:00,7.371971,10.584328,9.8,3.31
T04,GL-4396,2026-03-11 14:05:00,7.371344,10.584254,7.7,4.22
T04,GL-4396,2026-03-11 14:06:00,7.370703,10.584275,4.5,4.25
T04,GL-4396,2026-03-11 14:07:00,7.370077,10.584177,8.9,3.73
T04,GL-4396,2026-03-11 14:08:00,7.369404,10.584173,10.7,4.37
T04,GL-4396,2026-03-11 14:09:00,7.368863,10.584189,12.0,3.78
T04,GL-4396,2026-03-11 14:10:00,7.368276,10.584101,7.5,3.51
T04,GL-4396,2026-03-11 14:11:00,7.367586,10.584,7.4,4.94
T04,GL-4396,2026-03-11 14:12:00,7.366947,10.583931,8.6,4.16
T04,GL-4396,2026-03-11 14:13:00,7.366282,10.583853,8.4,4.92
T04,GL-4396,2026-03-11 14:14:00,7.365602,10.583723,6.6,5.13
T04,GL-4396,2026-03-11 14:15:00,7.365064,10.583771,5.9,4.77
T04,GL-4396,2026-03-11 14:16:00,7.364368,10.583722,8.2,3.94
T04,GL-4396,2026-03-11 14:17:00,7.363789,10.583676,7.5,3.44
T04,GL-4396,2026-03-11 14:18:00,7.363176,10.583691,6.8,3.19
T04,GL-4396,2026-03-11 14:19:00,7.362647,10.583569,11.8,5.16
T04,GL-4396,2026-03-11 14:20:00,7.361797,10.583511,,4.26
T04,GL-4396,2026-03-11 14:21:00,7.361375,10.583367,4.7,3.09
T04,GL-4396,2026-03-11 14:22:00,7.360537,10.583384,11.0,4.61
T04,GL-4396,2026-03-11 14:23:00,7.36003,10.583401,9.1,3.34
T04,GL-4396,2026-03-11 14:24:00,7.359381,10.583226,9.9,3.38
T04,GL-4396,2026-03-11 14:25:00,7.358775,10.583168,11.6,4.93
T04,GL-4396,2026-03-11 14:26:00,7.35812,10.58315,9.2,3.46
T04,GL-4396,2026-03-11 14:27:00,7.35757,10.582986,9.2,5.41
T04,GL-4396,2026-03-11 14:28:00,7.356921,10.582998,8.7,5.28
T04,GL-4396,2026-03-11 14:29:00,7.356272,10.582988,4.6,4.9
T04,GL-4396,2026-03-11 14:30:00,7.355687,10.582863,10.7,4.16
T04,GL-4396,2026-03-11 14:31:00,7.354959,10.582828,8.2,3.81
T04,GL-4396,2026-03-11 14:32:00,7.354384,10.582902,9.3,4.91
T04,GL-4396,2026-03-11 14:33:00,7.353805,10.582759,9.9,4.35
T04,GL-4396,2026-03-11 14:34:00,7.353144,10.582631,7.3,3.12
T04,GL-4396,2026-03-11 14:35:00,7.352487,10.582687,8.0,5.44
T04,GL-4396,2026-03-11 14:36:00,7.35191,10.582587,11.9,3.04
T04,GL-4396,2026-03-11 14:37:00,7.351235,10.582642,7.7,3.67
T04,GL-4396,2026-03-11 14:38:00,7.350759,10.582548,9.0,3.85
T04,GL-4396,2026-03-11 14:39:00,7.34996,10.582444,4.2,4.16
T04,GL-4396,2026-03-11 14:40:00,7.349406,10.582409,8.2,2.85
T04,GL-4396,2026-03-11 14:41:00,7.348781,10.582322,4.8,5.36
T04,GL-4396,2026-03-11 14:42:00,7.348268,10.582369,9.8,4.08
T04,GL-4396,2026-03-11 14:43:00,7.347459,10.58232,5.6,4.44
T04,GL-4396,2026-03-11 14:44:00,7.34694,10.582129,7.8,2.8
T04,GL-4396,2026-03-11 14:45:00,7.346252,10.582047,5.7,4.94
T04,GL-4396,2026-03-11 14:46:00,7.345658,10.582097,,3.4
T04,GL-4396,2026-03-11 14:47:00,7.344993,10.582029,4.2,4.6
T04,GL-4396,2026-03-11 14:48:00,7.344395,10.581958,11.7,3.04
T04,GL-4396,2026-03-11 14:49:00,7.343684,10.581866,11.1,2.87
T04,GL-4396,2026-03-11 14:50:00,7.343174,10.58186,10.1,5.16
T04,GL-4396,2026-03-11 14:51:00,7.342549,10.581771,9.9,3.88
T04,GL-4396,2026-03-11 14:52:00,7.341841,10.581695,10.4,5.52
T04,GL-4396,2026-03-11 14:53:00,7.341136,10.581717,9.7,4.21
T04,GL-4396,2026-03-11 14:54:00,7.340614,10.581551,4.4,4.0
T04,GL-4396,2026-03-11 14:55:00,7.339978,10.581587,5.5,4.3
T04,GL-4396,2026-03-11 14:56:00,7.339427,10.581471,5.5,3.95
T04,GL-4396,2026-03-11 14:57:00,7.338685,10.581533,10.5,3.62
T04,GL-4396,2026-03-11 14:58:00,7.33816,10.581338,8.2,4.77
T04,GL-4396,2026-03-11 14:59:00,7.337351,10.581287,4.3,4.05
T04,GL-4396,2026-03-11 15:00:00,7.336743,10.581243,4.8,3.06
T04,GL-4396,2026-03-11 15:01:00,7.336301,10.581292,7.2,3.11
T04,GL-4396,2026-03-11 15:02:00,7.335591,10.581089,4.1,3.59
T04,GL-4396,2026-03-11 15:03:00,7.335082,10.581205,10.9,5.57
T04,GL-4396,2026-03-11 15:04:00,7.334316,10.581182,10.4,2.97
T04,GL-4396,2026-03-11 15:05:00,7.333785,10.581046,6.9,4.67
T04,GL-4396,2026-03-11 15:06:00,7.333092,10.581001,6.2,3.7
T04,GL-4396,2026-03-11 15:07:00,7.332475,10.580896,9.4,2.86
T04,GL-4396,2026-03-11 15:08:00,7.331823,10.580875,7.0,4.16
T04,GL-4396,2026-03-11 15:09:00,7.331265,10.580746,6.2,4.92
T04,GL-4396,2026-03-11 15:10:00,7.330562,10.580673,4.9,2.99
T04,GL-4396,2026-03-11 15:11:00,7.330001,10.580695,8.0,4.66
T04,GL-4396,2026-03-11 15:12:00,7.329359,10.580636,6.7,5.25
T04,GL-4396,2026-03-11 15:13:00,7.328666,10.580652,5.6,4.99
T04,GL-4396,2026-03-11 15:14:00,7.328053,10.580439,6.4,4.76
T04,GL-4396,2026-03-11 15:15:00,7.32748,10.580374,9.1,4.69
T04,GL-4396,2026-03-11 15:16:00,7.326933,10.58045,5.6,5.08
T04,GL-4396,2026-03-11 15:17:00,7.326231,10.580349,11.3,5.57
T04,GL-4396,2026-03-11 15:18:00,7.325499,10.580243,8.8,4.76
T04,GL-4396,2026-03-11 15:19:00,7.324934,10.580236,6.5,2.88
T04,GL-4396,2026-03-11 15:20:00,7.324395,10.580292,11.0,3.2
T04,GL-4396,2026-03-11 15:21:00,7.323615,10.580168,4.7,2.83
T04,GL-4396,2026-03-11 15:22:00,7.323203,10.580066,10.6,4.51
T04,GL-4396,2026-03-11 15:23:00,7.322431,10.579988,7.4,4.86
T04,GL-4396,2026-03-11 15:24:00,7.321795,10.579974,9.1,2.94
T04,GL-4396,2026-03-11 15:25:00,7.321273,10.579977,10.6,5.32
T04,GL-4396,2026-03-11 15:26:00,7.320529,10.579827,6.2,3.91
T04,GL-4396,2026-03-11 15:27:00,7.319942,10.579807,4.2,5.36
T04,GL-4396,2026-03-11 15:28:00,7.319342,10.579721,10.3,5.39
T04,GL-4396,2026-03-11 15:29:00,7.318689,10.579636,5.1,4.93
T04,GL-4396,2026-03-11 15:30:00,7.31821,10.579576,5.3,4.81
T04,GL-4396,2026-03-11 15:31:00,7.31745,10.579514,6.3,5.31
T04,GL-4396,2026-03-11 15:32:00,7.316843,10.57956,6.7,4.44
T04,GL-4396,2026-03-11 15:33:00,7.316206,10.579454,12.0,3.02
T04,GL-4396,2026-03-11 15:34:00,7.315558,10.579436,6.7,2.83
T04,GL-4396,2026-03-11 15:35:00,7.315062,10.579388,6.0,3.82
T04,GL-4396,2026-03-11 15:36:00,7.314312,10.57937,8.0,5.29
T04,GL-4396,2026-03-11 15:37:00,7.313656,10.579211,8.6,4.25
T04,GL-4396,2026-03-11 15:38:00,7.313127,10.579101,5.6,3.02
T04,GL-4396,2026-03-11 15:39:00,7.312446,10.579218,9.7,4.33
T04,GL-4396,2026-03-11 15:40:00,7.311782,10.579118,8.9,4.98
T04,GL-4396,2026-03-11 15:41:00,7.311157,10.578992,7.5,5.39
T04,GL-4396,2026-03-11 15:42:00,7.31059,10.579094,7.7,4.2
T04,GL-4396,2026-03-11 15:43:00,7.309804,10.578898,7.6,4.01
T04,GL-4396,2026-03-11 15:44:00,7.309384,10.578919,4.0,5.26
T04,GL-4396,2026-03-11 15:45:00,7.308625,10.578793,11.7,3.72
T04,GL-4396,2026-03-11 15:46:00,7.308137,10.578729,7.2,5.59
T04,GL-4396,2026-03-11 15:47:00,7.30744,10.578713,11.8,3.11
T04,GL-4396,2026-03-11 15:48:00,7.306738,10.578607,10.1,3.81
T04,GL-4396,2026-03-11 15:49:00,7.306192,10.578561,6.4,5.27
T04,GL-4396,2026-03-11 15:50:00,7.305552,10.57855,10.1,4.66
T04,GL-4396,2026-03-11 15:51:00,7.304965,10.578498,6.3,3.68
T04,GL-4396,2026-03-11 15:52:00,7.304235,10.578519,9.2,3.94
T04,GL-4396,2026-03-11 15:53:00,7.303742,10.57829,5.9,4.34
T04,GL-4396,2026-03-11 15:54:00,7.302959,10.578339,11.6,4.9
T04,GL-4396,2026-03-11 15:55:00,7.302464,10.578248,6.9,3.52
T04,GL-4396,2026-03-11 15:56:00,7.301918,10.578349,,3.38
T04,GL-4396,2026-03-11 15:57:00,7.301212,10.578165,8.5,3.95
T04,GL-4396,2026-03-11 15:58:00,7.300474,10.578113,9.7,4.57
T04,GL-4396,2026-03-11 15:59:00,7.299973,10.57801,8.9,5.26
T04,GL-4396,2026-03-11 16:00:00,7.299205,10.578015,10.2,4.4
T04,GL-4396,2026-03-11 16:01:00,7.298666,10.577858,11.1,4.62
T04,GL-4396,2026-03-11 16:02:00,7.297957,10.577839,5.2,4.89
T04,GL-4396,2026-03-11 16:03:00,7.297513,10.577783,7.2,5.4
T04,GL-4396,2026-03-11 16:04:00,7.296839,10.577822,,4.96
T04,GL-4396,2026-03-11 16:05:00,7.29612,10.577802,4.9,3.47
T04,GL-4396,2026-03-11 16:06:00,7.295536,10.577674,8.6,3.47
T04,GL-4396,2026-03-11 16:07:00,7.294877,10.577585,9.4,2.82
T04,GL-4396,2026-03-11 16:08:00,7.294315,10.57778,8.4,5.54
T04,GL-4396,2026-03-11 16:09:00,7.293587,10.577455,4.7,4.0
T04,GL-4396,2026-03-11 16:10:00,7.293031,10.577414,6.1,4.72
T04,GL-4396,2026-03-11 16:11:00,7.292431,10.577354,7.2,3.7
T04,GL-4396,2026-03-11 16:12:00,7.291799,10.577317,4.7,4.87
T04,GL-4396,2026-03-11 16:13:00,7.29115,10.577318,6.7,3.45
T04,GL-4396,2026-03-11 16:14:00,7.290513,10.577242,9.4,5.57
T04,GL-4396,2026-03-11 16:15:00,7.28988,10.577083,8.1,5.26
T04,GL-4396,2026-03-11 16:16:00,7.289349,10.577091,11.8,2.93
T04,GL-4396,2026-03-11 16:17:00,7.288493,10.576932,6.7,2.96
T04,GL-4396,2026-03-11 16:18:00,7.287876,10.577041,9.0,3.56
T04,GL-4396,2026-03-11 16:19:00,7.287329,10.576977,4.2,3.54
T04,GL-4396,2026-03-11 16:20:00,7.286854,10.576952,5.6,5.18
T04,GL-4396,2026-03-11 16:21:00,7.286137,10.576875,11.4,3.26
T04,GL-4396,2026-03-11 16:22:00,7.285571,10.57676,7.9,3.45
T04,GL-4396,2026-03-11 16:23:00,7.285021,10.576777,6.6,5.23
T04,GL-4396,2026-03-11 16:24:00,7.284294,10.576676,7.4,2.82
T04,GL-4396,2026-03-11 16:25:00,7.283669,10.576662,11.1,4.38
T04,GL-4396,2026-03-11 16:26:00,7.283002,10.576616,11.2,4.16
T04,GL-4396,2026-03-11 16:27:00,7.282449,10.576413,5.4,3.91
T04,GL-4396,2026-03-11 16:28:00,7.281707,10.576356,4.3,4.97
T04,GL-4396,2026-03-11 16:29:00,7.281051,10.576505,6.5,3.8
T04,GL-4396,2026-03-11 16:30:00,7.280446,10.576296,8.6,4.26
T04,GL-4396,2026-03-11 16:31:00,7.27986,10.576359,10.1,3.1
T04,GL-4396,2026-03-11 16:32:00,7.279295,10.576308,9.8,4.67
T04,GL-4396,2026-03-11 16:33:00,7.278607,10.576182,9.3,4.19
T04,GL-4396,2026-03-11 16:34:00,7.277871,10.576327,11.3,3.47
T04,GL-4396,2026-03-11 16:35:00,7.277378,10.576145,4.4,4.56
T04,GL-4396,2026-03-11 16:36:00,7.276706,10.575954,4.2,3.62
T04,GL-4396,2026-03-11 16:37:00,7.276226,10.575955,8.3,4.28
T04,GL-4396,2026-03-11 16:38:00,7.275501,10.575925,9.8,4.9
T04,GL-4396,2026-03-11 16:39:00,7.274879,10.575858,10.5,4.13
T04,GL-4396,2026-03-11 16:40:00,7.274167,10.575708,7.3,5.42
T04,GL-4396,2026-03-11 16:41:00,7.273609,10.575603,11.0,4.32
T04,GL-4396,2026-03-11 16:42:00,7.273012,10.575674,10.0,4.01
T04,GL-4396,2026-03-11 16:43:00,7.272291,10.575705,5.7,4.04
T04,GL-4396,2026-03-11 16:44:00,7.27181,10.575475,11.9,2.83
T04,GL-4396,2026-03-11 16:45:00,7.271059,10.575508,8.4,5.01
T04,GL-4396,2026-03-11 16:46:00,7.270422,10.57543,,3.6
T04,GL-4396,2026-03-11 16:47:00,7.269887,10.575348,8.8,4.35
T04,GL-4396,2026-03-11 16:48:00,7.269198,10.575416,4.4,4.4
T04,GL-4396,2026-03-11 16:49:00,7.268693,10.575273,8.0,5.52
T04,GL-4396,2026-03-11 16:50:00,7.268048,10.575352,11.9,4.49
T04,GL-4396,2026-03-11 16:51:00,7.267391,10.575172,8.0,3.84
T04,GL-4396,2026-03-11 16:52:00,7.266723,10.575092,7.1,4.47
T04,GL-4396,2026-03-11 16:53:00,7.266098,10.575115,8.7,5.42
T04,GL-4396,2026-03-11 16:54:00,7.265366,10.574948,6.7,5.49
T04,GL-4396,2026-03-11 16:55:00,7.26482,10.574997,5.4,4.56
T04,GL-4396,2026-03-11 16:56:00,7.264247,10.574887,10.1,3.27
T04,GL-4396,2026-03-11 16:57:00,7.263724,10.574813,9.4,4.39
T04,GL-4396,2026-03-11 16:58:00,7.262989,10.574821,10.4,3.55
T04,GL-4396,2026-03-11 16:59:00,7.262189,10.574781,4.1,4.92
T04,GL-4396,2026-03-11 17:00:00,7.261778,10.574686,11.2,5.26
T04,GL-4396,2026-03-11 17:01:00,7.261188,10.574697,11.3,5.29
T04,GL-4396,2026-03-11 17:02:00,7.260473,10.574592,11.5,4.82
T04,GL-4396,2026-03-11 17:03:00,7.259904,10.574537,7.5,4.55
T04,GL-4396,2026-03-11 17:04:00,7.259138,10.574474,6.1,4.52
T04,GL-4396,2026-03-11 17:05:00,7.258636,10.57444,9.6,2.82
T04,GL-4396,2026-03-11 17:06:00,7.257983,10.574393,4.5,4.94
T04,GL-4396,2026-03-11 17:07:00,7.257208,10.574223,5.3,3.25
T04,GL-4396,2026-03-11 17:08:00,7.256587,10.574173,5.6,5.28
T04,GL-4396,2026-03-11 17:09:00,7.256064,10.574308,8.3,4.98
T04,GL-4396,2026-03-11 17:10:00,7.255425,10.57422,8.8,5.6
T04,GL-4396,2026-03-11 17:11:00,7.25474,10.574048,11.6,3.05
T04,GL-4396,2026-03-11 17:12:00,7.254102,10.57408,5.6,4.3
T04,GL-4396,2026-03-11 17:13:00,7.253477,10.573979,5.3,3.73
T04,GL-4396,2026-03-11 17:14:00,7.252893,10.573934,9.1,4.72
T04,GL-4396,2026-03-11 17:15:00,7.252247,10.573864,6.1,4.33
T04,GL-4396,2026-03-11 17:16:00,7.251754,10.573768,12.0,2.85
T04,GL-4396,2026-03-11 17:17:00,7.251016,10.573819,10.8,4.22
T04,GL-4396,2026-03-11 17:18:00,7.250411,10.573601,8.4,3.69
T04,GL-4396,2026-03-11 17:19:00,7.249839,10.57361,11.9,4.62
T04,GL-4396,2026-03-11 17:20:00,7.249145,10.573691,10.0,4.54
T04,GL-4396,2026-03-11 17:21:00,7.24851,10.573578,10.2,5.32
T04,GL-4396,2026-03-11 17:22:00,7.24791,10.573484,10.2,3.57
T04,GL-4396,2026-03-11 17:23:00,7.2473,10.573317,5.2,4.78
T04,GL-4396,2026-03-11 17:24:00,7.246636,10.573426,7.6,2.88
T04,GL-4396,2026-03-11 17:25:00,7.246074,10.573282,11.5,3.69
T04,GL-4396,2026-03-11 17:26:00,7.245395,10.573256,6.9,4.18
T04,GL-4396,2026-03-11 17:27:00,7.24481,10.573181,5.8,4.92
T04,GL-4396,2026-03-11 17:28:00,7.244262,10.573153,5.8,3.54
T04,GL-4396,2026-03-11 17:29:00,7.243471,10.573247,4.5,3.65
T04,GL-4396,2026-03-11 17:30:00,7.242945,10.57311,9.7,4.41
T04,GL-4396,2026-03-11 17:31:00,7.242166,10.573044,4.2,5.24
T04,GL-4396,2026-03-11 17:32:00,7.241738,10.572824,6.5,3.86
T04,GL-4396,2026-03-11 17:33:00,7.240953,10.572876,12.0,3.71
T04,GL-4396,2026-03-11 17:34:00,7.241065,10.572765,5.3,0.23
T04,GL-4396,2026-03-11 17:35:00,7.240906,10.572751,9.2,0.02
T04,GL-4396,2026-03-11 17:36:00,7.240942,10.572806,8.1,0.7
T04,GL-4396,2026-03-11 17:37:00,7.241217,10.572911,11.8,0.65
T04,GL-4396,2026-03-11 17:38:00,7.241036,10.572913,8.0,0.24
T04,GL-4396,2026-03-11 17:39:00,7.241031,10.572845,11.3,0.13
T04,GL-4396,2026-03-11 17:40:00,7.241205,10.57278,6.9,0.84
T04,GL-4396,2026-03-11 17:41:00,7.240908,10.572884,5.9,0.22
T04,GL-4396,2026-03-11 17:42:00,7.241067,10.572704,9.7,0.16
T04,GL-4396,2026-03-11 17:43:00,7.240886,10.572913,9.8,0.45
T04,GL-4396,2026-03-11 17:44:00,7.241051,10.572824,4.9,0.71
T04,GL-4396,2026-03-11 17:45:00,7.241173,10.572924,9.8,0.88
T04,GL-4396,2026-03-11 17:46:00,7.240999,10.57288,11.5,0.81
T04,GL-4396,2026-03-11 17:47:00,7.241055,10.572863,4.7,0.03
T04,GL-4396,2026-03-11 17:48:00,7.24105,10.572922,11.9,0.88
T04,GL-4396,2026-03-11 17:49:00,7.240936,10.572936,9.0,0.83
T04,GL-4396,2026-03-11 17:50:00,7.241028,10.572884,7.9,0.59
T04,GL-4396,2026-03-11 17:51:00,7.241074,10.572814,7.0,0.13
T04,GL-4396,2026-03-11 17:52:00,7.241064,10.57295,10.8,0.82
T04,GL-4396,2026-03-11 17:53:00,7.2409,10.572961,4.2,0.2
T04,GL-4396,2026-03-11 17:54:00,7.241055,10.573013,9.5,0.68
T04,GL-4396,2026-03-11 17:55:00,7.2408,10.573587,11.7,3.21
T04,GL-4396,2026-03-11 17:56:00,7.240402,10.574294,7.5,3.03
T04,GL-4396,2026-03-11 17:57:00,7.240306,10.575098,10.1,3.87
T04,GL-4396,2026-03-11 17:58:00,7.240177,10.575772,8.0,3.71
T04,GL-4396,2026-03-11 17:59:00,7.239859,10.576456,4.5,4.31
T04,GL-4396,2026-03-11 18:00:00,7.239653,10.57717,11.1,5.01
T04,GL-4396,2026-03-11 18:01:00,7.239405,10.578007,,2.83
T04,GL-4396,2026-03-11 18:02:00,7.239164,10.57874,10.3,3.87
T04,GL-4396,2026-03-11 18:03:00,7.23896,10.579442,7.6,5.36
T04,GL-4396,2026-03-11 18:04:00,7.238707,10.58024,11.7,3.73
T04,GL-4396,2026-03-11 18:05:00,7.23845,10.580847,9.4,4.93
T04,GL-4396,2026-03-11 18:06:00,7.238275,10.58166,9.0,4.67
T04,GL-4396,2026-03-11 18:07:00,7.238024,10.582439,10.7,4.23
T04,GL-4396,2026-03-11 18:08:00,7.237825,10.583254,8.3,3.63
T04,GL-4396,2026-03-11 18:09:00,7.237495,10.583845,4.7,5.06
T04,GL-4396,2026-03-11 18:10:00,7.237401,10.584623,6.4,4.38
T04,GL-4396,2026-03-11 18:11:00,7.237009,10.585292,6.6,5.21
T04,GL-4396,2026-03-11 18:12:00,7.236859,10.585932,9.8,4.18
T04,GL-4396,2026-03-11 18:13:00,7.236669,10.586639,6.4,3.54
T04,GL-4396,2026-03-11 18:14:00,7.236423,10.587464,9.6,2.87
T04,GL-4396,2026-03-11 18:15:00,7.23621,10.588136,11.2,4.21
T04,GL-4396,2026-03-11 18:16:00,7.236024,10.589028,8.1,4.53
T04,GL-4396,2026-03-11 18:17:00,7.235705,10.589707,9.6,4.06
T04,GL-4396,2026-03-11 18:18:00,7.235579,10.590392,7.5,2.92
T04,GL-4396,2026-03-11 18:19:00,7.235232,10.591218,11.7,3.13
T04,GL-4396,2026-03-11 18:20:00,7.235094,10.591784,6.9,4.96
T04,GL-4396,2026-03-11 18:21:00,7.234744,10.592558,10.3,2.86
T04,GL-4396,2026-03-11 18:22:00,7.234521,10.593361,4.8,5.11
T04,GL-4396,2026-03-11 18:23:00,7.234413,10.594003,8.1,4.18
T04,GL-4396,2026-03-11 18:24:00,7.234076,10.594703,6.6,3.96
T04,GL-4396,2026-03-11 18:25:00,7.233818,10.595587,9.1,4.92
T04,GL-4396,2026-03-11 18:26:00,7.233506,10.59633,6.7,4.31
T04,GL-4396,2026-03-11 18:27:00,7.233369,10.597021,5.1,4.96
T04,GL-4396,2026-03-11 18:28:00,7.233095,10.597726,4.9,3.22
T04,GL-4396,2026-03-11 18:29:00,7.232995,10.598528,5.2,4.66
T04,GL-4396,2026-03-11 18:30:00,7.232707,10.599126,9.7,3.86
T04,GL-4396,2026-03-11 18:31:00,7.232435,10.599853,8.5,3.33
T04,GL-4396,2026-03-11 18:32:00,7.232239,10.600494,5.8,3.57
T04,GL-4396,2026-03-11 18:33:00,7.232089,10.601299,9.7,3.9
T04,GL-4396,2026-03-11 18:34:00,7.231844,10.602192,7.7,5.49
T04,GL-4396,2026-03-11 18:35:00,7.231494,10.60278,11.8,3.67
T04,GL-4396,2026-03-11 18:36:00,7.231306,10.603563,4.3,5.31
T04,GL-4396,2026-03-11 18:37:00,7.231021,10.604191,8.0,3.27
T04,GL-4396,2026-03-11 18:38:00,7.230922,10.605036,6.6,5.3
T04,GL-4396,2026-03-11 18:39:00,7.230586,10.605674,4.2,5.6
T04,GL-4396,2026-03-11 18:40:00,7.23042,10.606538,8.9,3.65
T04,GL-4396,2026-03-11 18:41:00,7.230191,10.607251,5.6,3.99
T04,GL-4396,2026-03-11 18:42:00,7.229941,10.607888,8.9,5.6
T04,GL-4396,2026-03-11 18:43:00,7.229696,10.608759,6.3,5.13
T04,GL-4396,2026-03-11 18:44:00,7.229472,10.60941,5.0,5.36
T04,GL-4396,2026-03-11 18:45:00,7.229205,10.610034,8.7,5.43
T04,GL-4396,2026-03-11 18:46:00,7.228854,10.610864,6.7,3.9
T04,GL-4396,2026-03-11 18:47:00,7.228839,10.611536,9.6,3.36
T04,GL-4396,2026-03-11 18:48:00,7.228493,10.612381,9.8,3.97
T04,GL-4396,2026-03-11 18:49:00,7.228298,10.613069,6.8,3.88
T04,GL-4396,2026-03-11 18:50:00,7.228014,10.613663,11.0,5.43
T04,GL-4396,2026-03-11 18:51:00,7.227733,10.614481,8.4,3.41
T04,GL-4396,2026-03-11 18:52:00,7.227596,10.615219,7.1,3.17
T04,GL-4396,2026-03-11 18:53:00,7.227337,10.615916,9.2,3.07
T04,GL-4396,2026-03-11 18:54:00,7.227085,10.616713,6.1,4.21
T04,GL-4396,2026-03-11 18:55:00,7.226973,10.617377,4.7,5.35
T04,GL-4396,2026-03-11 18:56:00,7.226661,10.618179,6.0,5.47
T04,GL-4396,2026-03-11 18:57:00,7.226295,10.618901,11.0,3.22
T04,GL-4396,2026-03-11 18:58:00,7.226325,10.619642,6.5,4.09
T04,GL-4396,2026-03-11 18:59:00,7.22593,10.620214,5.7,4.58
T04,GL-4396,2026-03-11 19:00:00,7.225789,10.620973,9.6,4.63
T04,GL-4396,2026-03-11 19:01:00,7.225464,10.621834,11.2,4.88
T04,GL-4396,2026-03-11 19:02:00,7.225216,10.622438,6.0,5.3
T04,GL-4396,2026-03-11 19:03:00,7.225067,10.623208,7.8,4.04
T04,GL-4396,2026-03-11 19:04:00,7.224793,10.624016,11.0,3.7
T04,GL-4396,2026-03-11 19:05:00,7.224634,10.624657,4.1,3.48
T04,GL-4396,2026-03-11 19:06:00,7.224388,10.625431,6.4,3.23
T04,GL-4396,2026-03-11 19:07:00,7.224041,10.626045,10.4,3.58
T04,GL-4396,2026-03-11 19:08:00,7.223943,10.626794,6.6,4.9
T04,GL-4396,2026-03-11 19:09:00,7.22359,10.627541,9.9,3.68
T04,GL-4396,2026-03-11 19:10:00,7.223285,10.628241,6.4,5.56
T04,GL-4396,2026-03-11 19:11:00,7.22321,10.629102,11.1,4.57
T04,GL-4396,2026-03-11 19:12:00,7.222911,10.62966,11.6,4.47
T04,GL-4396,2026-03-11 19:13:00,7.22277,10.63056,11.5,5.11
T04,GL-4396,2026-03-11 19:14:00,7.222447,10.631264,8.7,3.75
T04,GL-4396,2026-03-11 19:15:00,7.222268,10.632007,4.2,3.85
T04,GL-4396,2026-03-11 19:16:00,7.222062,10.632647,6.1,2.83
T04,GL-4396,2026-03-11 19:17:00,7.221837,10.63341,5.0,5.49
T04,GL-4396,2026-03-11 19:18:00,7.22166,10.634223,5.2,4.41
T04,GL-4396,2026-03-11 19:19:00,7.22135,10.634898,4.6,4.36
T04,GL-4396,2026-03-11 19:20:00,7.221083,10.635669,9.2,4.86
T04,GL-4396,2026-03-11 19:21:00,7.220921,10.636406,6.2,2.87
T04,GL-4396,2026-03-11 19:22:00,7.220721,10.637126,6.2,4.33
T04,GL-4396,2026-03-11 19:23:00,7.220308,10.637875,,3.74
T04,GL-4396,2026-03-11 19:24:00,7.220128,10.638564,11.7,3.51
T04,GL-4396,2026-03-11 19:25:00,7.219912,10.639284,,4.65
T04,GL-4396,2026-03-11 19:26:00,7.219753,10.639953,9.7,5.53
T04,GL-4396,2026-03-11 19:27:00,7.219532,10.640828,10.6,3.01
T04,GL-4396,2026-03-11 19:28:00,7.219241,10.641403,5.1,5.2
T04,GL-4396,2026-03-11 19:29:00,7.219025,10.642215,8.3,4.95
T04,GL-4396,2026-03-11 19:30:00,7.218771,10.64294,9.8,5.13
T04,GL-4396,2026-03-11 19:31:00,7.218596,10.643643,7.1,5.34
T04,GL-4396,2026-03-11 19:32:00,7.218332,10.644365,7.1,5.04
T04,GL-4396,2026-03-11 19:33:00,7.218122,10.645103,6.5,3.46
T04,GL-4396,2026-03-11 19:34:00,7.217885,10.645838,8.3,3.64
T04,GL-4396,2026-03-11 19:35:00,7.217596,10.646653,4.9,4.64
T04,GL-4396,2026-03-11 19:36:00,7.21739,10.647239,11.9,5.27
T04,GL-4396,2026-03-11 19:37:00,7.217268,10.64804,9.7,4.88
T04,GL-4396,2026-03-11 19:38:00,7.216863,10.648678,4.6,5.32
T04,GL-4396,2026-03-11 19:39:00,7.216619,10.649459,8.0,4.81
T04,GL-4396,2026-03-11 19:40:00,7.216408,10.650223,10.0,3.37
T04,GL-4396,2026-03-11 19:41:00,7.216245,10.650966,6.6,2.9
T04,GL-4396,2026-03-11 19:42:00,7.215947,10.651634,8.8,5.43
T04,GL-4396,2026-03-11 19:43:00,7.215876,10.652572,5.6,3.51
T04,GL-4396,2026-03-11 19:44:00,7.215555,10.653198,4.4,3.9
T04,GL-4396,2026-03-11 19:45:00,7.215333,10.653764,9.1,4.28
T04,GL-4396,2026-03-11 19:46:00,7.215102,10.654596,10.2,5.4
T04,GL-4396,2026-03-11 19:47:00,7.214896,10.65541,4.5,5.57
T04,GL-4396,2026-03-11 19:48:00,7.214708,10.656037,11.4,3.76
T04,GL-4396,2026-03-11 19:49:00,7.214391,10.65684,4.5,5.59
T04,GL-4396,2026-03-11 19:50:00,7.214125,10.657396,9.1,3.21
T04,GL-4396,2026-03-11 19:51:00,7.213906,10.658248,10.9,3.46
T04,GL-4396,2026-03-11 19:52:00,7.213912,10.658094,8.4,0.79
T04,GL-4396,2026-03-11 19:53:00,7.213812,10.658276,11.3,0.49
T04,GL-4396,2026-03-11 19:54:00,7.213871,10.658341,5.2,0.34
T04,GL-4396,2026-03-11 19:55:00,7.213952,10.658259,8.3,0.45
T04,GL-4396,2026-03-11 19:56:00,7.213886,10.658278,6.0,0.7
T04,GL-4396,2026-03-11 19:57:00,7.213912,10.658219,11.0,0.74
T04,GL-4396,2026-03-11 19:58:00,7.213846,10.658165,11.2,0.1
T04,GL-4396,2026-03-11 19:59:00,7.213842,10.658236,5.9,0.53
T04,GL-4396,2026-03-11 20:00:00,7.214113,10.658274,5.6,0.03
T04,GL-4396,2026-03-11 20:01:00,7.213955,10.658255,5.2,0.83
T04,GL-4396,2026-03-11 20:02:00,7.213851,10.658239,6.5,0.75
T04,GL-4396,2026-03-11 20:03:00,7.213942,10.658371,7.0,0.86
T04,GL-4396,2026-03-11 20:04:00,7.21386,10.658367,11.4,0.48
T04,GL-4396,2026-03-11 20:05:00,7.213958,10.658123,4.0,0.0
T04,GL-4396,2026-03-11 20:06:00,7.213965,10.658116,6.2,0.23
T04,GL-4396,2026-03-11 20:07:00,7.213794,10.658214,7.6,0.11
T04,GL-4396,2026-03-11 20:08:00,7.213875,10.658211,4.7,0.15
T04,GL-4396,2026-03-11 20:09:00,7.214061,10.658359,4.5,0.34
T04,GL-4396,2026-03-11 20:10:00,7.213921,10.658258,7.4,0.86
T04,GL-4396,2026-03-11 20:11:00,7.213897,10.658247,10.7,0.78
T04,GL-4396,2026-03-11 20:12:00,7.21393,10.658193,8.2,0.26
T04,GL-4396,2026-03-11 20:13:00,7.214675,10.65837,11.0,4.93
T04,GL-4396,2026-03-11 20:14:00,7.215402,10.658408,10.8,2.91
T04,GL-4396,2026-03-11 20:15:00,7.216134,10.658466,11.9,4.76
T04,GL-4396,2026-03-11 20:16:00,7.216974,10.658524,4.9,3.14
T04,GL-4396,2026-03-11 20:17:00,7.217747,10.658614,9.0,4.02
T04,GL-4396,2026-03-11 20:18:00,7.218404,10.658746,9.9,4.87
T04,GL-4396,2026-03-11 20:19:00,7.219119,10.658875,5.2,2.96
T04,GL-4396,2026-03-11 20:20:00,7.219948,10.659011,6.7,4.12
T04,GL-4396,2026-03-11 20:21:00,7.220929,10.658994,7.1,3.8
T04,GL-4396,2026-03-11 20:22:00,7.221629,10.658987,11.0,3.9
T04,GL-4396,2026-03-11 20:23:00,7.222282,10.659115,7.5,3.82
T04,GL-4396,2026-03-11 20:24:00,7.223025,10.65928,6.7,3.34
T04,GL-4396,2026-03-11 20:25:00,7.223771,10.65926,5.8,3.37
T04,GL-4396,2026-03-11 20:26:00,7.224658,10.659384,4.4,4.2
T04,GL-4396,2026-03-11 20:27:00,7.22542,10.659546,6.4,4.25
T04,GL-4396,2026-03-11 20:28:00,7.22612,10.659536,9.2,5.28
T04,GL-4396,2026-03-11 20:29:00,7.226886,10.659631,9.0,4.53
T04,GL-4396,2026-03-11 20:30:00,7.227641,10.659707,9.2,5.15
T04,GL-4396,2026-03-11 20:31:00,7.228382,10.659876,11.2,3.53
T04,GL-4396,2026-03-11 20:32:00,7.229247,10.65994,4.9,3.48
T04,GL-4396,2026-03-11 20:33:00,7.230012,10.659983,6.5,4.04
T04,GL-4396,2026-03-11 20:34:00,7.230707,10.660134,8.4,2.94
T04,GL-4396,2026-03-11 20:35:00,7.231625,10.660188,12.0,4.97
T04,GL-4396,2026-03-11 20:36:00,7.186989,10.660274,10.0,243.42
T04,GL-4396,2026-03-11 20:37:00,7.23309,10.66029,11.0,2.86
T04,GL-4396,2026-03-11 20:38:00,7.233793,10.660347,9.3,4.95
T04,GL-4396,2026-03-11 20:39:00,7.234477,10.660472,9.4,4.46
T04,GL-4396,2026-03-11 20:40:00,7.235218,10.660616,7.9,5.1
T04,GL-4396,2026-03-11 20:41:00,7.236052,10.660624,4.3,3.49
T04,GL-4396,2026-03-11 20:42:00,7.236803,10.660784,4.2,3.89
T04,GL-4396,2026-03-11 20:43:00,7.237588,10.660817,6.5,3.58
T04,GL-4396,2026-03-11 20:44:00,7.238319,10.660783,10.4,3.89
T04,GL-4396,2026-03-11 20:45:00,7.239117,10.661026,9.9,3.97
T04,GL-4396,2026-03-11 20:46:00,7.239898,10.661182,8.2,4.13
T04,GL-4396,2026-03-11 20:47:00,7.240629,10.661278,4.9,5.53
T04,GL-4396,2026-03-11 20:48:00,7.241494,10.6611,5.8,4.89
T04,GL-4396,2026-03-11 20:49:00,7.24205,10.66139,9.3,2.88
T04,GL-4396,2026-03-11 20:50:00,7.242944,10.661458,6.2,3.4
T04,GL-4396,2026-03-11 20:51:00,7.243758,10.661513,7.9,3.92
T04,GL-4396,2026-03-11 20:52:00,7.244443,10.661489,5.2,4.01
T04,GL-4396,2026-03-11 20:53:00,7.245081,10.661673,5.6,5.34
T04,GL-4396,2026-03-11 20:54:00,7.24593,10.661644,8.6,3.84
T04,GL-4396,2026-03-11 20:55:00,7.246791,10.661828,6.5,4.52
T04,GL-4396,2026-03-11 20:56:00,7.247523,10.66188,11.5,3.23
T04,GL-4396,2026-03-11 20:57:00,7.248218,10.661904,8.6,4.53
T04,GL-4396,2026-03-11 20:58:00,7.24897,10.662069,8.9,5.19
T04,GL-4396,2026-03-11 20:59:00,7.249782,10.662067,8.0,4.28
T04,GL-4396,2026-03-11 21:00:00,7.250593,10.662132,10.8,4.44
T04,GL-4396,2026-03-11 21:01:00,7.251428,10.662211,4.5,4.52
T04,GL-4396,2026-03-11 21:02:00,7.2521,10.662372,5.5,4.4
T04,GL-4396,2026-03-11 21:03:00,7.252761,10.662446,8.4,3.53
T04,GL-4396,2026-03-11 21:04:00,7.253524,10.662446,6.7,3.48
T04,GL-4396,2026-03-11 21:05:00,7.254485,10.662632,7.0,4.81
T04,GL-4396,2026-03-11 21:06:00,7.255241,10.662759,11.9,5.08
T04,GL-4396,2026-03-11 21:07:00,7.255831,10.662715,9.4,5.45
T04,GL-4396,2026-03-11 21:08:00,7.256743,10.662965,4.3,4.76
T04,GL-4396,2026-03-11 21:09:00,7.257469,10.662968,11.7,5.09
T04,GL-4396,2026-03-11 21:10:00,7.258194,10.663052,9.4,3.35
T04,GL-4396,2026-03-11 21:11:00,7.258943,10.663172,8.4,4.74
T04,GL-4396,2026-03-11 21:12:00,7.25971,10.663163,11.2,3.96
T04,GL-4396,2026-03-11 21:13:00,7.260518,10.663235,5.0,5.49
T04,GL-4396,2026-03-11 21:14:00,7.261241,10.663362,7.0,3.98
T04,GL-4396,2026-03-11 21:15:00,7.261977,10.663394,5.5,4.0
T04,GL-4396,2026-03-11 21:16:00,7.262728,10.663483,8.6,3.53
T04,GL-4396,2026-03-11 21:17:00,7.263425,10.663725,9.4,4.18
T04,GL-4396,2026-03-11 21:18:00,7.417749,10.663747,10.7,236.81
T04,GL-4396,2026-03-11 21:19:00,7.265125,10.663733,,3.99
T04,GL-4396,2026-03-11 21:20:00,7.265794,10.663857,5.4,2.9
T04,GL-4396,2026-03-11 21:21:00,7.266708,10.664033,5.5,5.25
T04,GL-4396,2026-03-11 21:22:00,7.267384,10.664027,7.0,5.28
T04,GL-4396,2026-03-11 21:23:00,7.268097,10.664053,4.1,5.25
T04,GL-4396,2026-03-11 21:24:00,7.268854,10.664215,8.2,2.97
T04,GL-4396,2026-03-11 21:25:00,7.269695,10.66431,6.4,3.94
T04,GL-4396,2026-03-11 21:26:00,7.270375,10.664328,10.3,2.84
T04,GL-4396,2026-03-11 21:27:00,7.271161,10.664243,10.3,4.61
T04,GL-4396,2026-03-11 21:28:00,7.272005,10.664444,6.3,5.04
T04,GL-4396,2026-03-11 21:29:00,7.272749,10.664562,7.0,3.96
T04,GL-4396,2026-03-11 21:30:00,7.273495,10.664612,10.7,4.83
T04,GL-4396,2026-03-11 21:31:00,7.274258,10.664824,8.9,2.85
T04,GL-4396,2026-03-11 21:32:00,7.275007,10.664856,10.2,3.68
T04,GL-4396,2026-03-11 21:33:00,7.275878,10.664879,8.0,4.55
T04,GL-4396,2026-03-11 21:34:00,7.276543,10.665059,7.7,3.7
T04,GL-4396,2026-03-11 21:35:00,7.277323,10.665028,8.8,4.52
T04,GL-4396,2026-03-11 21:36:00,7.277966,10.665142,8.2,3.33
T04,GL-4396,2026-03-11 21:37:00,7.278856,10.665305,11.4,3.07
T04,GL-4396,2026-03-11 21:38:00,7.279573,10.665286,10.5,4.16
T04,GL-4396,2026-03-11 21:39:00,7.280352,10.665388,4.9,3.16
T04,GL-4396,2026-03-11 21:40:00,7.281095,10.665534,8.2,5.4
T04,GL-4396,2026-03-11 21:41:00,7.281788,10.6655,9.0,3.11
T04,GL-4396,2026-03-11 21:42:00,7.282588,10.665608,9.2,3.26
T04,GL-4396,2026-03-11 21:43:00,7.283439,10.665714,10.7,5.18
T04,GL-4396,2026-03-11 21:44:00,7.284151,10.665889,4.1,5.26
T04,GL-4396,2026-03-11 21:45:00,7.284934,10.665952,6.0,3.25
T04,GL-4396,2026-03-11 21:46:00,7.285658,10.666028,8.3,4.46
T04,GL-4396,2026-03-11 21:47:00,7.286382,10.666037,10.6,5.12
T04,GL-4396,2026-03-11 21:48:00,7.287115,10.666085,6.3,3.01
T04,GL-4396,2026-03-11 21:49:00,7.287795,10.666229,7.6,4.88
T04,GL-4396,2026-03-11 21:50:00,7.288721,10.666315,10.0,5.54
T04,GL-4396,2026-03-11 21:51:00,7.28947,10.666415,10.4,3.97
T04,GL-4396,2026-03-11 21:52:00,7.290138,10.666566,5.0,5.27
T04,GL-4396,2026-03-11 21:53:00,7.291036,10.666556,4.3,3.11
T04,GL-4396,2026-03-11 21:54:00,7.29174,10.66666,8.8,5.18
T04,GL-4396,2026-03-11 21:55:00,7.292626,10.666713,4.1,3.65
T04,GL-4396,2026-03-11 21:56:00,7.293318,10.666816,8.1,3.83
T04,GL-4396,2026-03-11 21:57:00,7.294087,10.666805,10.6,3.65
T04,GL-4396,2026-03-11 21:58:00,7.294779,10.666982,9.5,5.48
T04,GL-4396,2026-03-11 21:59:00,7.229445,10.667094,10.4,424.98
T04,GL-4396,2026-03-11 22:00:00,7.296319,10.667081,7.0,4.97
T04,GL-4396,2026-03-11 22:01:00,7.297172,10.66725,9.0,4.98
T04,GL-4396,2026-03-11 22:02:00,7.297954,10.667408,6.3,4.38
T04,GL-4396,2026-03-11 22:03:00,7.298606,10.667347,10.5,4.05
T04,GL-4396,2026-03-11 22:04:00,7.299444,10.667532,7.2,4.92
T04,GL-4396,2026-03-11 22:05:00,7.300084,10.667682,10.0,3.29
T04,GL-4396,2026-03-11 22:06:00,7.300956,10.66771,8.1,5.3
T04,GL-4396,2026-03-11 22:07:00,7.30173,10.667702,11.2,5.05
T04,GL-4396,2026-03-11 22:08:00,7.302473,10.667809,5.2,5.31
T04,GL-4396,2026-03-11 22:09:00,7.303165,10.667922,4.2,3.3
T04,GL-4396,2026-03-11 22:10:00,7.303971,10.667939,10.2,4.63
T04,GL-4396,2026-03-11 22:11:00,7.304742,10.668066,9.8,4.07
T04,GL-4396,2026-03-11 22:12:00,7.305544,10.668084,11.0,5.55
T04,GL-4396,2026-03-11 22:13:00,7.306217,10.668216,4.2,3.53
T04,GL-4396,2026-03-11 22:14:00,7.307061,10.668263,7.4,5.42
T04,GL-4396,2026-03-11 22:15:00,7.307803,10.668308,5.3,4.03
T04,GL-4396,2026-03-11 22:16:00,7.308613,10.668343,8.0,5.03
T04,GL-4396,2026-03-11 22:17:00,7.309346,10.668478,4.4,4.77
T04,GL-4396,2026-03-11 22:18:00,7.310155,10.668653,10.9,5.38
T04,GL-4396,2026-03-11 22:19:00,7.310899,10.668727,11.7,5.38
T04,GL-4396,2026-03-11 22:20:00,7.311633,10.668807,10.3,5.02
T04,GL-4396,2026-03-11 22:21:00,7.312369,10.668859,8.7,5.5
T04,GL-4396,2026-03-11 22:22:00,7.313225,10.668849,4.8,5.25
T04,GL-4396,2026-03-11 22:23:00,7.313895,10.668991,10.5,4.62
T04,GL-4396,2026-03-11 22:24:00,7.314706,10.669114,5.4,3.26
T04,GL-4396,2026-03-11 22:25:00,7.315529,10.669113,10.4,4.5
T04,GL-4396,2026-03-11 22:26:00,7.316149,10.669309,5.6,3.77
T04,GL-4396,2026-03-11 22:27:00,7.317045,10.669295,11.8,5.16
T04,GL-4396,2026-03-11 22:28:00,7.317747,10.669409,8.4,5.34
T04,GL-4396,2026-03-11 22:29:00,7.318532,10.669581,9.9,3.99
T04,GL-4396,2026-03-11 22:30:00,7.319337,10.669608,6.7,3.5
T04,GL-4396,2026-03-11 22:31:00,7.320127,10.669672,10.0,2.92
T04,GL-4396,2026-03-11 22:32:00,7.320806,10.669678,10.5,5.25
T04,GL-4396,2026-03-11 22:33:00,7.321604,10.669888,8.2,4.65
T04,GL-4396,2026-03-11 22:34:00,7.322393,10.669859,9.0,4.19
T04,GL-4396,2026-03-11 22:35:00,7.323074,10.669997,7.2,4.82
T04,GL-4396,2026-03-11 22:36:00,7.323846,10.670016,,3.4
T04,GL-4396,2026-03-11 22:37:00,7.324622,10.670183,9.8,3.29
T04,GL-4396,2026-03-11 22:38:00,7.32544,10.670353,10.9,2.95
T04,GL-4396,2026-03-11 22:39:00,7.326007,10.670331,5.2,5.3
T04,GL-4396,2026-03-11 22:40:00,7.32692,10.670532,4.2,5.0
T04,GL-4396,2026-03-11 22:41:00,7.327702,10.670587,8.7,4.85
T04,GL-4396,2026-03-11 22:42:00,7.328363,10.670609,7.0,3.93
T04,GL-4396,2026-03-11 22:43:00,7.329328,10.670752,10.6,4.06
T04,GL-4396,2026-03-11 22:44:00,7.329938,10.67069,9.9,4.55
T04,GL-4396,2026-03-11 22:45:00,7.330598,10.67098,7.5,5.44
T04,GL-4396,2026-03-11 22:46:00,7.331563,10.670939,6.9,3.02
T04,GL-4396,2026-03-11 22:47:00,7.332269,10.67102,10.1,4.24
T04,GL-4396,2026-03-11 22:48:00,7.332986,10.671155,4.6,3.82
T04,GL-4396,2026-03-11 22:49:00,7.333726,10.671216,11.7,5.05
T04,GL-4396,2026-03-11 22:50:00,7.334596,10.671334,11.3,3.03
T04,GL-4396,2026-03-11 22:51:00,7.3354,10.671239,10.6,3.31
T04,GL-4396,2026-03-11 22:52:00,7.335962,10.67132,5.2,4.86
T04,GL-4396,2026-03-11 22:53:00,7.336822,10.671519,11.3,5.58
T04,GL-4396,2026-03-11 22:54:00,7.337614,10.671585,11.9,4.42
T04,GL-4396,2026-03-11 22:55:00,7.338257,10.671714,12.0,4.3
T04,GL-4396,2026-03-11 22:56:00,7.339184,10.671831,7.0,3.49
T04,GL-4396,2026-03-11 22:57:00,7.339869,10.671859,8.3,3.66
T04,GL-4396,2026-03-11 22:58:00,7.340706,10.671858,11.0,3.53
T04,GL-4396,2026-03-11 22:59:00,7.341386,10.672024,6.2,3.45
T04,GL-4396,2026-03-11 23:00:00,7.342078,10.672067,8.3,3.25
T04,GL-4396,2026-03-11 23:01:00,7.343001,10.672144,10.7,4.95
T04,GL-4396,2026-03-11 23:02:00,7.343701,10.672228,7.5,2.89
T04,GL-4396,2026-03-11 23:03:00,7.344465,10.672314,6.6,3.15
T04,GL-4396,2026-03-11 23:04:00,7.345218,10.67243,7.6,3.22
T04,GL-4396,2026-03-11 23:05:00,7.346066,10.672599,9.1,3.76
T04,GL-4396,2026-03-11 23:06:00,7.346788,10.672655,10.7,2.83
T04,GL-4396,2026-03-11 23:07:00,7.347515,10.67264,7.1,3.4
T04,GL-4396,2026-03-11 23:08:00,7.348323,10.672804,8.0,5.29
T04,GL-4396,2026-03-11 23:09:00,7.349025,10.672908,11.8,3.37
T04,GL-4396,2026-03-11 23:10:00,7.349847,10.673009,7.8,3.1
T04,GL-4396,2026-03-11 23:11:00,7.350608,10.672949,11.5,4.14
T04,GL-4396,2026-03-11 23:12:00,7.351303,10.673077,,4.65
T04,GL-4396,2026-03-11 23:13:00,7.352095,10.673204,5.7,5.25
T04,GL-4396,2026-03-11 23:14:00,7.35288,10.673277,8.4,5.28
T04,GL-4396,2026-03-11 23:15:00,7.353707,10.673335,7.2,3.5
T04,GL-4396,2026-03-11 23:16:00,7.354415,10.673454,7.8,3.26
T04,GL-4396,2026-03-11 23:17:00,7.355063,10.673387,5.9,5.26
T04,GL-4396,2026-03-11 23:18:00,7.355924,10.67356,4.3,4.18
T04,GL-4396,2026-03-11 23:19:00,7.356674,10.673675,6.1,4.57
T04,GL-4396,2026-03-11 23:20:00,7.3574,10.673615,7.7,5.12
T04,GL-4396,2026-03-11 23:21:00,7.358261,10.673742,7.5,3.11
T04,GL-4396,2026-03-11 23:22:00,7.358958,10.673943,7.2,3.92
T04,GL-4396,2026-03-11 23:23:00,7.359804,10.674005,4.6,3.17
T04,GL-4396,2026-03-11 23:24:00,7.360583,10.674084,7.5,5.11
T04,GL-4396,2026-03-11 23:25:00,7.361244,10.67424,,5.12
T04,GL-4396,2026-03-11 23:26:00,7.362042,10.67423,10.7,5.13
T04,GL-4396,2026-03-11 23:27:00,7.362865,10.674213,11.0,4.22
T04,GL-4396,2026-03-11 23:28:00,7.363559,10.674425,7.8,5.19
T04,GL-4396,2026-03-11 23:29:00,7.364336,10.674619,5.7,5.32
T04,GL-4396,2026-03-11 23:30:00,7.365022,10.674616,4.5,4.08
T04,GL-4396,2026-03-11 23:31:00,7.365827,10.674637,7.9,3.84
T04,GL-4396,2026-03-11 23:32:00,7.366675,10.674674,10.3,4.32
T04,GL-4396,2026-03-11 23:33:00,7.367356,10.674827,11.6,5.04
T04,GL-4396,2026-03-11 23:34:00,7.368051,10.674946,4.7,5.47
T04,GL-4396,2026-03-11 23:35:00,7.368935,10.675027,6.5,5.24
T04,GL-4396,2026-03-11 23:36:00,7.369654,10.675176,11.9,3.55
T04,GL-4396,2026-03-11 23:37:00,7.37043,10.675085,11.9,5.52
T04,GL-4396,2026-03-11 23:38:00,7.37118,10.675195,8.2,5.42
T04,GL-4396,2026-03-11 23:39:00,7.371989,10.675224,10.9,4.6
T04,GL-4396,2026-03-11 23:40:00,7.372759,10.67539,10.3,4.93
T04,GL-4396,2026-03-11 23:41:00,7.373533,10.675411,10.3,4.71
T04,GL-4396,2026-03-11 23:42:00,7.374234,10.675562,6.0,4.9
T04,GL-4396,2026-03-11 23:43:00,7.374978,10.675677,8.3,3.2
T04,GL-4396,2026-03-11 23:44:00,7.375737,10.675681,11.2,5.59
T04,GL-4396,2026-03-11 23:45:00,7.376518,10.675876,10.4,4.13
T04,GL-4396,2026-03-11 23:46:00,7.377297,10.67592,5.3,3.33
T04,GL-4396,2026-03-11 23:47:00,7.378075,10.675998,5.7,4.57
T04,GL-4396,2026-03-11 23:48:00,7.378845,10.675927,4.5,4.17
T04,GL-4396,2026-03-11 23:49:00,7.379523,10.676066,11.5,3.14
T04,GL-4396,2026-03-11 23:50:00,7.380337,10.676278,11.2,3.37
T04,GL-4396,2026-03-11 23:51:00,7.381255,10.676385,5.0,3.9
T04,GL-4396,2026-03-11 23:52:00,7.38187,10.676391,11.8,4.38
T04,GL-4396,2026-03-11 23:53:00,7.382679,10.676424,6.9,4.04
T04,GL-4396,2026-03-11 23:54:00,7.383402,10.676424,5.2,5.29
T04,GL-4396,2026-03-11 23:55:00,7.38414,10.67653,7.5,4.47
T04,GL-4396,2026-03-11 23:56:00,7.384912,10.67671,11.4,5.6
T04,GL-4396,2026-03-11 23:57:00,7.385681,10.676679,11.8,3.08
T04,GL-4396,2026-03-11 23:58:00,7.386385,10.676925,5.3,4.44
T04,GL-4396,2026-03-11 23:59:00,7.387102,10.676948,7.6,5.46
T04,GL-4396,2026-03-12 00:00:00,7.387973,10.677046,4.2,3.24
T04,GL-4396,2026-03-12 00:01:00,7.388774,10.6771,9.1,4.34
T04,GL-4396,2026-03-12 00:02:00,7.389435,10.677177,4.8,5.27
T04,GL-4396,2026-03-12 00:03:00,7.390395,10.677275,5.8,4.37
T04,GL-4396,2026-03-12 00:04:00,7.390966,10.677402,7.1,4.53
T04,GL-4396,2026-03-12 00:05:00,7.391834,10.677376,10.7,3.78
T04,GL-4396,2026-03-12 00:06:00,7.392595,10.67749,9.8,4.37
T04,GL-4396,2026-03-12 00:07:00,7.393229,10.677625,8.2,5.01
T04,GL-4396,2026-03-12 00:08:00,7.394114,10.6777,4.6,3.45
T04,GL-4396,2026-03-12 00:09:00,7.394859,10.677826,6.8,5.1
T04,GL-4396,2026-03-12 00:10:00,7.39559,10.677854,9.8,4.23
T04,GL-4396,2026-03-12 00:11:00,7.396426,10.677908,5.3,5.58
T04,GL-4396,2026-03-12 00:12:00,7.397096,10.677897,4.5,3.88
T04,GL-4396,2026-03-12 00:13:00,7.39792,10.678181,5.1,5.0
T04,GL-4396,2026-03-12 00:14:00,7.398651,10.678092,8.8,3.81
T04,GL-4396,2026-03-12 00:15:00,7.399424,10.678246,5.2,5.42
T04,GL-4396,2026-03-12 00:16:00,7.400141,10.678308,6.7,4.43
T04,GL-4396,2026-03-12 00:17:00,7.400968,10.678252,5.3,3.83
T04,GL-4396,2026-03-12 00:18:00,7.401664,10.678553,6.8,2.84
T04,GL-4396,2026-03-12 00:19:00,7.402516,10.678551,11.1,5.22
T04,GL-4396,2026-03-12 00:20:00,7.403229,10.678663,5.8,4.45
T04,GL-4396,2026-03-12 00:21:00,7.403975,10.678781,11.0,2.99
T04,GL-4396,2026-03-12 00:22:00,7.404702,10.678826,11.0,5.51
T04,GL-4396,2026-03-12 00:23:00,7.40557,10.679006,9.6,5.48
T04,GL-4396,2026-03-12 00:24:00,7.406273,10.679027,11.3,5.49
T04,GL-4396,2026-03-12 00:25:00,7.406995,10.679062,4.6,4.37
T04,GL-4396,2026-03-12 00:26:00,7.407826,10.679208,7.0,5.15
T04,GL-4396,2026-03-12 00:27:00,7.408624,10.679192,7.3,4.4
T04,GL-4396,2026-03-12 00:28:00,7.40934,10.679217,4.6,4.23
T04,GL-4396,2026-03-12 00:29:00,7.410102,10.679536,6.4,4.59
T04,GL-4396,2026-03-12 00:30:00,7.410909,10.679446,8.2,5.1
T04,GL-4396,2026-03-12 00:31:00,7.4116,10.679549,7.1,3.91
T04,GL-4396,2026-03-12 00:32:00,7.412406,10.67966,4.1,3.64
T04,GL-4396,2026-03-12 00:33:00,7.413301,10.679765,12.0,3.02
T04,GL-4396,2026-03-12 00:34:00,7.413934,10.679837,5.9,5.02
T04,GL-4396,2026-03-12 00:35:00,7.414699,10.679965,8.1,3.99
T04,GL-4396,2026-03-12 00:36:00,7.415508,10.680029,8.2,2.97
T04,GL-4396,2026-03-12 00:37:00,7.416224,10.680101,8.8,5.3
T04,GL-4396,2026-03-12 00:38:00,7.416981,10.680147,10.6,3.83
T04,GL-4396,2026-03-12 00:39:00,7.417754,10.680353,8.4,2.88
T04,GL-4396,2026-03-12 00:40:00,7.418512,10.680294,8.1,5.27
T04,GL-4396,2026-03-12 00:41:00,7.41926,10.680395,4.1,4.64
T04,GL-4396,2026-03-12 00:42:00,7.419988,10.680427,7.7,3.99
T04,GL-4396,2026-03-12 00:43:00,7.420689,10.680589,5.8,4.7
T04,GL-4396,2026-03-12 00:44:00,7.421494,10.680568,8.7,3.36
T04,GL-4396,2026-03-12 00:45:00,7.422356,10.680683,5.7,5.42
T04,GL-4396,2026-03-12 00:46:00,7.423144,10.680754,6.7,3.92
T04,GL-4396,2026-03-12 00:47:00,7.423984,10.680886,6.9,4.28
T04,GL-4396,2026-03-12 00:48:00,7.424621,10.680942,6.4,2.86
T04,GL-4396,2026-03-12 00:49:00,7.425486,10.681023,6.1,3.97
T04,GL-4396,2026-03-12 00:50:00,7.426132,10.681058,9.5,3.58
T04,GL-4396,2026-03-12 00:51:00,7.426962,10.681143,11.3,3.8
T04,GL-4396,2026-03-12 00:52:00,7.427736,10.681338,9.6,4.93
T04,GL-4396,2026-03-12 00:53:00,7.428393,10.681442,9.7,5.56
T04,GL-4396,2026-03-12 00:54:00,7.429255,10.681485,11.3,3.64
T04,GL-4396,2026-03-12 00:55:00,7.43001,10.681633,11.7,4.35
T04,GL-4396,2026-03-12 00:56:00,7.430723,10.68164,8.5,5.32
T04,GL-4396,2026-03-12 00:57:00,7.431493,10.68178,6.1,4.13
T04,GL-4396,2026-03-12 00:58:00,7.432323,10.681813,10.3,4.6
T04,GL-4396,2026-03-12 00:59:00,7.433027,10.681863,11.3,5.45
T04,GL-4396,2026-03-12 01:00:00,7.43389,10.681944,9.7,5.3
T04,GL-4396,2026-03-12 01:01:00,7.43461,10.681957,10.6,5.07
T04,GL-4396,2026-03-12 01:02:00,7.435377,10.682089,6.1,4.19
T04,GL-4396,2026-03-12 01:03:00,7.436058,10.682174,4.7,4.75
T04,GL-4396,2026-03-12 01:04:00,7.43672,10.682313,7.9,3.56
T04,GL-4396,2026-03-12 01:05:00,7.437589,10.682407,7.3,4.05
T04,GL-4396,2026-03-12 01:06:00,7.438381,10.682489,9.7,3.41
T04,GL-4396,2026-03-12 01:07:00,7.43916,10.682531,8.9,3.6
T04,GL-4396,2026-03-12 01:08:00,7.439874,10.682603,4.9,3.95
T04,GL-4396,2026-03-12 01:09:00,7.440683,10.682631,5.2,4.56
T04,GL-4396,2026-03-12 01:10:00,7.44141,10.682819,11.2,3.0
T04,GL-4396,2026-03-12 01:11:00,7.442131,10.682865,9.5,4.51
T04,GL-4396,2026-03-12 01:12:00,7.442959,10.683073,6.4,3.21
T04,GL-4396,2026-03-12 01:13:00,7.443674,10.683007,11.2,3.27
T04,GL-4396,2026-03-12 01:14:00,7.066466,10.683134,9.7,379.57
T04,GL-4396,2026-03-12 01:15:00,7.445204,10.683193,6.0,3.19
T04,GL-4396,2026-03-12 01:16:00,7.446039,10.683379,9.7,5.26
T04,GL-4396,2026-03-12 01:17:00,7.44685,10.683331,5.9,5.16
T04,GL-4396,2026-03-12 01:18:00,7.447554,10.683443,9.1,5.39
T04,GL-4396,2026-03-12 01:19:00,7.448349,10.683661,11.4,5.3
T04,GL-4396,2026-03-12 01:20:00,7.449098,10.683663,9.7,4.85
T04,GL-4396,2026-03-12 01:21:00,7.449846,10.683767,5.0,5.49
T04,GL-4396,2026-03-12 01:22:00,7.410354,10.683684,6.0,412.24
T04,GL-4396,2026-03-12 01:23:00,7.451278,10.68385,4.1,4.05
T04,GL-4396,2026-03-12 01:24:00,7.452107,10.684027,7.3,5.02
T04,GL-4396,2026-03-12 01:25:00,7.45284,10.684029,11.5,4.48
T04,GL-4396,2026-03-12 01:26:00,7.453639,10.684171,10.4,4.3
T04,GL-4396,2026-03-12 01:27:00,7.454404,10.684353,8.2,3.77
T04,GL-4396,2026-03-12 01:28:00,7.455242,10.684254,4.3,5.46
T04,GL-4396,2026-03-12 01:29:00,7.455953,10.684323,9.2,5.39
T04,GL-4396,2026-03-12 01:30:00,7.456719,10.684533,4.3,3.64
T04,GL-4396,2026-03-12 01:31:00,7.457527,10.684447,9.5,5.05
T04,GL-4396,2026-03-12 01:32:00,7.458318,10.684631,6.4,5.39
T04,GL-4396,2026-03-12 01:33:00,7.458943,10.68462,7.2,3.9
T04,GL-4396,2026-03-12 01:34:00,7.459842,10.68474,7.6,3.34
T04,GL-4396,2026-03-12 01:35:00,7.46045,10.684869,4.0,3.0
T04,GL-4396,2026-03-12 01:36:00,7.461301,10.684901,7.1,4.73
T04,GL-4396,2026-03-12 01:37:00,7.462053,10.685043,5.3,5.31
T04,GL-4396,2026-03-12 01:38:00,7.462809,10.685071,7.6,3.47
T04,GL-4396,2026-03-12 01:39:00,7.463429,10.685289,11.7,3.77
T04,GL-4396,2026-03-12 01:40:00,7.464201,10.68525,10.0,4.28
T04,GL-4396,2026-03-12 01:41:00,7.465114,10.685385,9.5,3.72
T04,GL-4396,2026-03-12 01:42:00,7.46579,10.685537,7.2,3.33
T04,GL-4396,2026-03-12 01:43:00,7.466627,10.685487,11.9,4.02
T04,GL-4396,2026-03-12 01:44:00,7.467425,10.685526,11.5,2.86
T04,GL-4396,2026-03-12 01:45:00,7.468142,10.685803,10.6,5.51
T04,GL-4396,2026-03-12 01:46:00,7.468908,10.68573,8.6,5.6
T04,GL-4396,2026-03-12 01:47:00,7.469684,10.685858,6.5,3.91
T04,GL-4396,2026-03-12 01:48:00,7.4704,10.68597,6.6,3.29
T04,GL-4396,2026-03-12 01:49:00,7.471224,10.686067,5.4,5.55
T04,GL-4396,2026-03-12 01:50:00,7.471957,10.686085,4.5,4.42
T04,GL-4396,2026-03-12 01:51:00,7.472618,10.686189,11.3,4.4
T04,GL-4396,2026-03-12 01:52:00,7.473492,10.686132,6.4,3.9
T04,GL-4396,2026-03-12 01:53:00,7.474381,10.686445,5.6,5.21
T04,GL-4396,2026-03-12 01:54:00,7.475004,10.686446,7.4,3.13
T04,GL-4396,2026-03-12 01:55:00,7.475811,10.686577,11.3,3.46
T04,GL-4396,2026-03-12 01:56:00,7.476522,10.686573,10.3,4.71
T04,GL-4396,2026-03-12 01:57:00,7.47732,10.686644,4.9,5.23
T04,GL-4396,2026-03-12 01:58:00,7.478138,10.686774,6.3,4.89
T04,GL-4396,2026-03-12 01:59:00,7.478787,10.686822,4.1,4.0
T04,GL-4396,2026-03-12 02:00:00,7.479503,10.6869,9.2,5.47
T04,GL-4396,2026-03-12 02:01:00,7.48036,10.687011,5.5,5.08
T04,GL-4396,2026-03-12 02:02:00,7.481096,10.687082,4.2,3.07
T04,GL-4396,2026-03-12 02:03:00,7.481787,10.687231,7.8,3.35
T04,GL-4396,2026-03-12 02:04:00,7.482609,10.687237,10.8,3.77
T04,GL-4396,2026-03-12 02:05:00,7.483369,10.687266,7.7,3.69
T04,GL-4396,2026-03-12 02:06:00,7.484236,10.687386,11.0,3.96
T04,GL-4396,2026-03-12 02:07:00,7.484938,10.687525,8.6,3.51
T04,GL-4396,2026-03-12 02:08:00,7.485712,10.687667,5.4,5.23
T04,GL-4396,2026-03-12 02:09:00,7.486425,10.687704,9.8,2.86
T04,GL-4396,2026-03-12 02:10:00,7.48732,10.687801,7.3,4.27
T04,GL-4396,2026-03-12 02:11:00,7.488009,10.687777,10.0,5.6
T04,GL-4396,2026-03-12 02:12:00,7.488754,10.687899,10.8,3.53
T04,GL-4396,2026-03-12 02:13:00,7.489533,10.68795,11.2,3.76
T04,GL-4396,2026-03-12 02:14:00,7.490279,10.688117,8.5,5.33
T04,GL-4396,2026-03-12 02:15:00,7.491048,10.688091,8.0,4.63
T04,GL-4396,2026-03-12 02:16:00,7.491841,10.688219,10.1,5.39
T04,GL-4396,2026-03-12 02:17:00,7.492566,10.688225,7.4,5.2
T04,GL-4396,2026-03-12 02:18:00,7.493378,10.6885,6.1,5.49
T04,GL-4396,2026-03-12 02:19:00,7.494061,10.688527,10.8,4.11
T04,GL-4396,2026-03-12 02:20:00,7.494863,10.688571,10.3,4.24
T04,GL-4396,2026-03-12 02:21:00,7.495702,10.688574,5.2,3.66
T04,GL-4396,2026-03-12 02:22:00,7.496465,10.688631,8.4,3.39
T04,GL-4396,2026-03-12 02:23:00,7.497268,10.688782,11.9,4.9
T04,GL-4396,2026-03-12 02:24:00,7.497913,10.688871,9.7,3.13
T04,GL-4396,2026-03-12 02:25:00,7.498651,10.689029,10.4,3.84
T04,GL-4396,2026-03-12 02:26:00,7.499436,10.689002,10.7,3.36
T04,GL-4396,2026-03-12 02:27:00,7.500298,10.689188,11.1,3.48
T04,GL-4396,2026-03-12 02:28:00,7.500952,10.689255,8.2,3.01
T04,GL-4396,2026-03-12 02:29:00,7.501863,10.689231,5.6,4.09
T04,GL-4396,2026-03-12 02:30:00,7.502476,10.689327,6.7,3.74
T04,GL-4396,2026-03-12 02:31:00,7.503183,10.689559,11.5,3.68
T04,GL-4396,2026-03-12 02:32:00,7.504068,10.68955,11.0,4.96
T04,GL-4396,2026-03-12 02:33:00,7.504778,10.689655,8.0,4.26
T04,GL-4396,2026-03-12 02:34:00,7.505543,10.689805,5.1,2.98
T04,GL-4396,2026-03-12 02:35:00,7.506393,10.68982,4.4,2.87
T04,GL-4396,2026-03-12 02:36:00,7.507177,10.689922,6.2,4.43
T04,GL-4396,2026-03-12 02:37:00,7.507891,10.690013,4.6,3.58
T04,GL-4396,2026-03-12 02:38:00,7.508539,10.68988,7.8,3.87
T04,GL-4396,2026-03-12 02:39:00,7.509285,10.690101,11.0,3.87
T04,GL-4396,2026-03-12 02:40:00,7.510138,10.690208,9.9,4.11
T04,GL-4396,2026-03-12 02:41:00,7.510851,10.690298,5.8,4.33
T04,GL-4396,2026-03-12 02:42:00,7.511696,10.69046,7.8,5.48
T04,GL-4396,2026-03-12 02:43:00,7.512502,10.690479,5.4,3.52
T04,GL-4396,2026-03-12 02:44:00,7.513208,10.690412,6.5,4.09
T04,GL-4396,2026-03-12 02:45:00,7.514058,10.690592,4.5,4.64
T04,GL-4396,2026-03-12 02:46:00,7.514643,10.69067,7.7,4.71
T04,GL-4396,2026-03-12 02:47:00,7.515539,10.690866,9.9,3.16
T04,GL-4396,2026-03-12 02:48:00,7.516227,10.690876,9.3,3.58
T04,GL-4396,2026-03-12 02:49:00,7.517027,10.691006,11.1,2.94
T04,GL-4396,2026-03-12 02:50:00,7.517706,10.691083,6.2,4.4
T04,GL-4396,2026-03-12 02:51:00,7.518619,10.691177,9.0,5.13
T04,GL-4396,2026-03-12 02:52:00,7.519388,10.691184,11.6,4.69
T04,GL-4396,2026-03-12 02:53:00,7.520075,10.691395,5.1,4.21
T04,GL-4396,2026-03-12 02:54:00,7.520894,10.691311,7.9,5.56
T04,GL-4396,2026-03-12 02:55:00,7.521537,10.691395,9.1,4.23
T04,GL-4396,2026-03-12 02:56:00,7.522374,10.691467,8.3,5.41
T04,GL-4396,2026-03-12 02:57:00,7.523121,10.691685,5.8,2.93
T04,GL-4396,2026-03-12 02:58:00,7.523924,10.69182,11.9,4.8
T04,GL-4396,2026-03-12 02:59:00,7.524555,10.691732,6.8,5.17
T04,GL-4396,2026-03-12 03:00:00,7.525394,10.69192,,2.83
T04,GL-4396,2026-03-12 03:01:00,7.526233,10.691932,4.5,3.32
T04,GL-4396,2026-03-12 03:02:00,7.527017,10.69211,11.7,3.06
T04,GL-4396,2026-03-12 03:03:00,7.52776,10.692077,5.7,4.06
T04,GL-4396,2026-03-12 03:04:00,7.528338,10.692101,8.7,4.48
T04,GL-4396,2026-03-12 03:05:00,7.529233,10.692173,11.5,4.22
T04,GL-4396,2026-03-12 03:06:00,7.529914,10.692364,5.8,4.17
T04,GL-4396,2026-03-12 03:07:00,7.530801,10.692455,6.5,4.95
T04,GL-4396,2026-03-12 03:08:00,7.531536,10.692494,10.3,4.04
T04,GL-4396,2026-03-12 03:09:00,7.53226,10.692602,8.1,5.22
T04,GL-4396,2026-03-12 03:10:00,7.533156,10.692732,6.6,3.46
T04,GL-4396,2026-03-12 03:11:00,7.533761,10.692756,5.1,4.52
T04,GL-4396,2026-03-12 03:12:00,7.534572,10.692797,10.9,2.82
T04,GL-4396,2026-03-12 03:13:00,7.535291,10.69291,11.8,3.74
T04,GL-4396,2026-03-12 03:14:00,7.536157,10.692965,10.4,5.15
T04,GL-4396,2026-03-12 03:15:00,7.536874,10.693161,5.7,3.96
T04,GL-4396,2026-03-12 03:16:00,7.772992,10.693303,6.8,224.63
T04,GL-4396,2026-03-12 03:17:00,7.538335,10.693262,11.5,4.89
T04,GL-4396,2026-03-12 03:18:00,7.539252,10.693326,10.6,3.48
T04,GL-4396,2026-03-12 03:19:00,7.539901,10.693423,6.8,3.71
T04,GL-4396,2026-03-12 03:20:00,7.540613,10.693476,9.0,4.75
T04,GL-4396,2026-03-12 03:21:00,7.541399,10.693637,8.9,4.83
T04,GL-4396,2026-03-12 03:22:00,7.542279,10.693701,10.8,4.35
T04,GL-4396,2026-03-12 03:23:00,7.543047,10.693709,7.0,4.13
T04,GL-4396,2026-03-12 03:24:00,7.543742,10.693848,9.2,5.38
T04,GL-4396,2026-03-12 03:25:00,7.544514,10.693965,10.2,5.5
T04,GL-4396,2026-03-12 03:26:00,7.545359,10.694052,6.9,5.03
T04,GL-4396,2026-03-12 03:27:00,7.545938,10.694107,5.5,3.35
T04,GL-4396,2026-03-12 03:28:00,7.546753,10.694167,11.3,5.48
T04,GL-4396,2026-03-12 03:29:00,7.547573,10.694282,10.0,4.97
T04,GL-4396,2026-03-12 03:30:00,7.548259,10.694359,5.9,3.71
T04,GL-4396,2026-03-12 03:31:00,7.549087,10.694458,10.1,3.0
T04,GL-4396,2026-03-12 03:32:00,7.549883,10.694545,5.0,4.38
T04,GL-4396,2026-03-12 03:33:00,7.550649,10.694574,9.9,4.46
T04,GL-4396,2026-03-12 03:34:00,7.551381,10.694594,11.9,5.02
T04,GL-4396,2026-03-12 03:35:00,7.552193,10.694717,6.9,5.0
T04,GL-4396,2026-03-12 03:36:00,7.55289,10.69477,11.7,2.84
T04,GL-4396,2026-03-12 03:37:00,7.553673,10.694851,10.6,2.93
T04,GL-4396,2026-03-12 03:38:00,7.5544,10.695007,4.5,3.82
T04,GL-4396,2026-03-12 03:39:00,7.555181,10.695041,8.4,2.81
T04,GL-4396,2026-03-12 03:40:00,7.555879,10.695083,5.4,4.9
T04,GL-4396,2026-03-12 03:41:00,7.556751,10.695217,4.7,4.83
T04,GL-4396,2026-03-12 03:42:00,7.557463,10.695352,11.8,4.3
T04,GL-4396,2026-03-12 03:43:00,7.558199,10.695393,8.9,4.87
T04,GL-4396,2026-03-12 03:44:00,7.55904,10.695448,11.9,5.37
T04,GL-4396,2026-03-12 03:45:00,7.559749,10.695579,9.7,4.62
T04,GL-4396,2026-03-12 03:46:00,7.560583,10.695649,7.0,3.23
T04,GL-4396,2026-03-12 03:47:00,7.561247,10.695778,8.6,4.89
T04,GL-4396,2026-03-12 03:48:00,7.562143,10.695671,4.3,3.57
T04,GL-4396,2026-03-12 03:49:00,7.562768,10.695907,11.5,4.36
T04,GL-4396,2026-03-12 03:50:00,7.563509,10.695854,4.4,4.24
T04,GL-4396,2026-03-12 03:51:00,7.564275,10.696059,4.7,3.0
T04,GL-4396,2026-03-12 03:52:00,7.565044,10.696164,4.4,3.43
T04,GL-4396,2026-03-12 03:53:00,7.565937,10.696208,11.2,3.77
T04,GL-4396,2026-03-12 03:54:00,7.566597,10.696314,6.7,5.47
T04,GL-4396,2026-03-12 03:55:00,7.567405,10.696325,8.5,3.08
T04,GL-4396,2026-03-12 03:56:00,7.568219,10.696433,5.3,3.54
T04,GL-4396,2026-03-12 03:57:00,7.568941,10.696433,11.9,4.9
T04,GL-4396,2026-03-12 03:58:00,7.569634,10.696634,11.9,2.88
T04,GL-4396,2026-03-12 03:59:00,7.570505,10.696719,11.0,3.86
T04,GL-4396,2026-03-12 04:00:00,7.571148,10.696732,6.4,4.17
T04,GL-4396,2026-03-12 04:01:00,7.571923,10.696992,10.0,4.74
T04,GL-4396,2026-03-12 04:02:00,7.572713,10.696987,9.1,4.41
T04,GL-4396,2026-03-12 04:03:00,7.573541,10.697062,9.9,3.27
T04,GL-4396,2026-03-12 04:04:00,7.574203,10.697158,8.7,4.62
T04,GL-4396,2026-03-12 04:05:00,7.575086,10.697255,10.0,3.99
T04,GL-4396,2026-03-12 04:06:00,7.575818,10.697241,7.1,3.07
T04,GL-4396,2026-03-12 04:07:00,7.576594,10.697423,10.2,3.49
T04,GL-4396,2026-03-12 04:08:00,7.577391,10.697559,,5.11
T04,GL-4396,2026-03-12 04:09:00,7.578121,10.697642,9.7,4.9
T04,GL-4396,2026-03-12 04:10:00,7.578911,10.697603,5.3,4.27
T04,GL-4396,2026-03-12 04:11:00,7.579732,10.697661,11.4,3.09
T04,GL-4396,2026-03-12 04:12:00,7.580456,10.697745,8.5,4.38
T04,GL-4396,2026-03-12 04:13:00,7.581014,10.69785,11.1,4.34
T04,GL-4396,2026-03-12 04:14:00,7.581946,10.697946,5.9,3.96
T04,GL-4396,2026-03-12 04:15:00,7.582693,10.698095,11.1,4.74
T04,GL-4396,2026-03-12 04:16:00,7.583303,10.698061,8.3,4.66
T04,GL-4396,2026-03-12 04:17:00,7.584136,10.698275,9.5,4.57
T04,GL-4396,2026-03-12 04:18:00,7.585096,10.698333,7.1,4.85
T04,GL-4396,2026-03-12 04:19:00,7.585811,10.698386,8.8,4.29
T04,GL-4396,2026-03-12 04:20:00,7.586464,10.698526,11.0,5.33
T04,GL-4396,2026-03-12 04:21:00,7.587278,10.698545,11.7,4.61
T04,GL-4396,2026-03-12 04:22:00,7.587907,10.698683,6.2,5.13
T04,GL-4396,2026-03-12 04:23:00,7.588869,10.698667,5.4,3.07
T04,GL-4396,2026-03-12 04:24:00,7.589502,10.698812,5.0,3.07
T04,GL-4396,2026-03-12 04:25:00,7.590233,10.698848,6.3,3.54
T04,GL-4396,2026-03-12 04:26:00,7.591057,10.698937,11.9,5.33
T04,GL-4396,2026-03-12 04:27:00,7.591821,10.699026,8.7,4.11
T04,GL-4396,2026-03-12 04:28:00,7.592679,10.699036,5.7,3.7
T04,GL-4396,2026-03-12 04:29:00,7.593459,10.699226,6.0,3.7
T04,GL-4396,2026-03-12 04:30:00,7.59415,10.699405,10.7,5.33
T04,GL-4396,2026-03-12 04:31:00,7.594803,10.69939,4.9,3.66
T04,GL-4396,2026-03-12 04:32:00,7.595591,10.69948,7.0,2.87
T04,GL-4396,2026-03-12 04:33:00,7.596371,10.699553,9.8,3.14
T04,GL-4396,2026-03-12 04:34:00,7.597264,10.699606,5.7,5.28
T04,GL-4396,2026-03-12 04:35:00,7.597853,10.699656,7.0,5.01
T04,GL-4396,2026-03-12 04:36:00,7.598705,10.699789,6.7,5.34
T04,GL-4396,2026-03-12 04:37:00,7.599502,10.699851,5.0,4.05
T04,GL-4396,2026-03-12 04:38:00,7.600171,10.69982,6.1,5.43
T04,GL-4396,2026-03-12 04:39:00,7.601031,10.699958,8.2,3.11
T04,GL-4396,2026-03-12 04:40:00,7.601718,10.700067,7.5,3.01
T04,GL-4396,2026-03-12 04:41:00,7.602479,10.700206,7.6,4.76
T04,GL-4396,2026-03-12 04:42:00,7.603204,10.700302,9.9,3.67
T04,GL-4396,2026-03-12 04:43:00,7.603997,10.700289,8.6,5.33
T04,GL-4396,2026-03-12 04:44:00,7.604792,10.700452,7.6,4.36
T04,GL-4396,2026-03-12 04:45:00,7.60548,10.700507,11.9,4.62
T04,GL-4396,2026-03-12 04:46:00,7.606235,10.700654,10.8,4.15
T04,GL-4396,2026-03-12 04:47:00,7.607166,10.700646,7.2,2.8
T04,GL-4396,2026-03-12 04:48:00,7.60794,10.700697,10.7,5.15
T04,GL-4396,2026-03-12 04:49:00,7.608686,10.700822,8.9,4.18
T04,GL-4396,2026-03-12 04:50:00,7.609419,10.70092,6.5,3.53
T04,GL-4396,2026-03-12 04:51:00,7.610185,10.70102,5.5,2.83
T04,GL-4396,2026-03-12 04:52:00,7.610934,10.701087,8.3,3.3
T04,GL-4396,2026-03-12 04:53:00,7.611617,10.701276,8.8,5.5
T04,GL-4396,2026-03-12 04:54:00,7.61245,10.701257,4.1,3.52
T04,GL-4396,2026-03-12 04:55:00,7.613124,10.701402,11.1,3.44
T04,GL-4396,2026-03-12 04:56:00,7.613897,10.701373,9.5,4.29
T04,GL-4396,2026-03-12 04:57:00,7.614801,10.701566,11.0,3.43
T04,GL-4396,2026-03-12 04:58:00,7.615525,10.701674,11.9,3.36
T04,GL-4396,2026-03-12 04:59:00,7.616133,10.701623,9.4,4.65
T04,GL-4396,2026-03-12 05:00:00,7.617047,10.701821,11.6,5.14
T04,GL-4396,2026-03-12 05:01:00,7.617718,10.701831,11.6,3.73
T04,GL-4396,2026-03-12 05:02:00,7.618593,10.702029,4.2,2.93
T04,GL-4396,2026-03-12 05:03:00,7.619287,10.702066,9.2,3.47
T04,GL-4396,2026-03-12 05:04:00,7.620196,10.702118,11.6,5.59
T04,GL-4396,2026-03-12 05:05:00,7.620775,10.702203,9.8,4.17
T04,GL-4396,2026-03-12 05:06:00,7.621604,10.702273,10.8,3.08
T04,GL-4396,2026-03-12 05:07:00,7.622415,10.702274,7.7,4.73
T04,GL-4396,2026-03-12 05:08:00,7.623177,10.702407,10.4,4.17
T04,GL-4396,2026-03-12 05:09:00,7.624004,10.702505,10.4,5.53
T04,GL-4396,2026-03-12 05:10:00,7.624706,10.702453,11.2,5.31
T04,GL-4396,2026-03-12 05:11:00,7.625449,10.702661,6.9,4.92
T04,GL-4396,2026-03-12 05:12:00,7.626288,10.702735,4.0,5.46
T04,GL-4396,2026-03-12 05:13:00,7.62701,10.70282,5.7,5.54
T04,GL-4396,2026-03-12 05:14:00,7.627739,10.702986,8.8,3.72
T04,GL-4396,2026-03-12 05:15:00,7.628456,10.702939,4.9,5.07
T04,GL-4396,2026-03-12 05:16:00,7.629294,10.702967,6.7,5.51
T04,GL-4396,2026-03-12 05:17:00,7.630061,10.703151,,4.3
T04,GL-4396,2026-03-12 05:18:00,7.630871,10.703196,10.0,4.49
T04,GL-4396,2026-03-12 05:19:00,7.631518,10.703318,4.5,5.09
T04,GL-4396,2026-03-12 05:20:00,7.632316,10.703391,10.1,4.72
T04,GL-4396,2026-03-12 05:21:00,7.633,10.703497,5.5,3.37
T04,GL-4396,2026-03-12 05:22:00,7.63394,10.70344,7.3,4.05
T04,GL-4396,2026-03-12 05:23:00,7.634503,10.703593,,4.62
T04,GL-4396,2026-03-12 05:24:00,7.635445,10.703685,9.2,4.26
T04,GL-4396,2026-03-12 05:25:00,7.636201,10.703873,10.6,4.18
T04,GL-4396,2026-03-12 05:26:00,7.63701,10.703858,10.5,3.84
T04,GL-4396,2026-03-12 05:27:00,7.873154,10.703958,10.2,267.65
T04,GL-4396,2026-03-12 05:28:00,7.638371,10.70402,5.6,4.56
T04,GL-4396,2026-03-12 05:29:00,7.639102,10.704162,4.3,3.14
T04,GL-4396,2026-03-12 05:30:00,7.639854,10.704269,8.2,5.51
T04,GL-4396,2026-03-12 05:31:00,7.640634,10.704312,10.4,4.7
T04,GL-4396,2026-03-12 05:32:00,7.641342,10.704318,8.1,4.0
T04,GL-4396,2026-03-12 05:33:00,7.642128,10.704587,4.8,4.92
T04,GL-4396,2026-03-12 05:34:00,7.642982,10.704593,7.2,5.04
T04,GL-4396,2026-03-12 05:35:00,7.643703,10.704621,9.6,3.97
T04,GL-4396,2026-03-12 05:36:00,7.644561,10.704699,10.7,4.4
T04,GL-4396,2026-03-12 05:37:00,7.645282,10.704795,7.9,4.98
T04,GL-4396,2026-03-12 05:38:00,7.646039,10.704936,4.7,5.04
T04,GL-4396,2026-03-12 05:39:00,7.646789,10.704947,11.0,4.0
T04,GL-4396,2026-03-12 05:40:00,7.64756,10.704991,8.2,4.84
T04,GL-4396,2026-03-12 05:41:00,7.64843,10.705206,11.5,2.95
T04,GL-4396,2026-03-12 05:42:00,7.649129,10.705153,11.7,4.41
T04,GL-4396,2026-03-12 05:43:00,7.649876,10.705301,5.4,3.7
T04,GL-4396,2026-03-12 05:44:00,7.650608,10.705511,7.1,4.95
T04,GL-4396,2026-03-12 05:45:00,7.651305,10.705455,8.3,4.4
T04,GL-4396,2026-03-12 05:46:00,7.652092,10.705521,6.2,5.32
T04,GL-4396,2026-03-12 05:47:00,7.652916,10.705616,9.5,3.58
T04,GL-4396,2026-03-12 05:48:00,7.653722,10.705691,6.1,4.57
T04,GL-4396,2026-03-12 05:49:00,7.654306,10.705673,5.5,4.73
T04,GL-4396,2026-03-12 05:50:00,7.65516,10.705917,10.4,3.55
T04,GL-4396,2026-03-12 05:51:00,7.656011,10.706102,6.9,3.79
T04,GL-4396,2026-03-12 05:52:00,7.656751,10.706063,5.1,4.11
T04,GL-4396,2026-03-12 05:53:00,7.657567,10.706018,7.7,3.86
T04,GL-4396,2026-03-12 05:54:00,7.658201,10.706267,9.6,4.26
T04,GL-4396,2026-03-12 05:55:00,7.659041,10.706353,10.7,3.35
T04,GL-4396,2026-03-12 05:56:00,7.659747,10.706338,9.7,4.71
T04,GL-4396,2026-03-12 05:57:00,7.660677,10.706571,9.5,3.97
T04,GL-4396,2026-03-12 05:58:00,7.661231,10.706482,8.7,5.52
T04,GL-4396,2026-03-12 05:59:00,7.662092,10.706537,5.1,4.61
T04,GL-4396,2026-03-12 06:00:00,7.662802,10.70668,9.5,2.95
T04,GL-4396,2026-03-12 06:01:00,7.663599,10.70688,,4.94
T04,GL-4396,2026-03-12 06:02:00,7.664424,10.706884,11.4,2.83
T04,GL-4396,2026-03-12 06:03:00,7.665085,10.707038,11.8,4.88
T04,GL-4396,2026-03-12 06:04:00,7.665891,10.707054,6.3,4.1
T04,GL-4396,2026-03-12 06:05:00,7.666617,10.707083,8.8,4.59
T04,GL-4396,2026-03-12 06:06:00,7.6674,10.707248,6.4,4.24
T04,GL-4396,2026-03-12 06:07:00,7.668106,10.70723,11.7,4.94
T04,GL-4396,2026-03-12 06:08:00,7.668811,10.70735,9.2,3.5
T04,GL-4396,2026-03-12 06:09:00,7.6697,10.707349,7.4,4.83
T04,GL-4396,2026-03-12 06:10:00,7.670442,10.707548,12.0,5.27
T04,GL-4396,2026-03-12 06:11:00,7.671298,10.707605,7.2,2.95
T04,GL-4396,2026-03-12 06:12:00,7.672087,10.70771,6.7,3.46
T04,GL-4396,2026-03-12 06:13:00,7.672704,10.707722,10.3,3.69
T04,GL-4396,2026-03-12 06:14:00,7.673519,10.707817,6.2,4.02
T04,GL-4396,2026-03-12 06:15:00,7.674238,10.707957,8.2,4.89
T04,GL-4396,2026-03-12 06:16:00,7.675006,10.708014,11.9,4.75
T04,GL-4396,2026-03-12 06:17:00,7.675853,10.708041,11.7,4.3
T04,GL-4396,2026-03-12 06:18:00,7.676571,10.708095,6.8,4.37
T04,GL-4396,2026-03-12 06:19:00,7.67726,10.708311,11.8,3.6
T04,GL-4396,2026-03-12 06:20:00,7.678059,10.708332,11.6,4.02
T04,GL-4396,2026-03-12 06:21:00,7.678895,10.708388,5.3,4.95
T04,GL-4396,2026-03-12 06:22:00,7.679574,10.708565,4.8,5.3
T04,GL-4396,2026-03-12 06:23:00,7.680388,10.708613,9.0,4.38
T04,GL-4396,2026-03-12 06:24:00,7.681132,10.708716,7.6,3.91
T04,GL-4396,2026-03-12 06:25:00,7.681938,10.708809,7.3,5.45
T04,GL-4396,2026-03-12 06:26:00,7.682643,10.708856,4.0,3.65
T04,GL-4396,2026-03-12 06:27:00,7.683481,10.708989,10.0,3.56
T04,GL-4396,2026-03-12 06:28:00,7.684233,10.709016,11.7,4.85
T04,GL-4396,2026-03-12 06:29:00,7.296556,10.709108,4.6,320.25
T04,GL-4396,2026-03-12 06:30:00,7.685696,10.709138,6.8,5.52
T04,GL-4396,2026-03-12 06:31:00,7.686483,10.709331,5.0,2.9
T04,GL-4396,2026-03-12 06:32:00,7.687282,10.709342,4.1,4.4
T04,GL-4396,2026-03-12 06:33:00,7.687912,10.709514,10.4,5.39
T04,GL-4396,2026-03-12 06:34:00,7.688768,10.709522,6.6,4.51
T04,GL-4396,2026-03-12 06:35:00,7.689521,10.709579,9.2,4.8
T04,GL-4396,2026-03-12 06:36:00,7.690312,10.70976,11.1,3.36
T04,GL-4396,2026-03-12 06:37:00,7.69108,10.709804,7.3,5.31
T04,GL-4396,2026-03-12 06:38:00,7.69175,10.709869,9.8,4.23
T04,GL-4396,2026-03-12 06:39:00,7.692566,10.709963,9.3,3.95
T04,GL-4396,2026-03-12 06:40:00,7.693399,10.70996,10.0,3.47
T04,GL-4396,2026-03-12 06:41:00,7.694168,10.710055,8.1,3.67
T04,GL-4396,2026-03-12 06:42:00,7.694832,10.710194,8.9,3.05
T04,GL-4396,2026-03-12 06:43:00,7.695681,10.710271,10.0,3.53
T04,GL-4396,2026-03-12 06:44:00,7.696411,10.710381,4.6,3.94
T04,GL-4396,2026-03-12 06:45:00,7.697343,10.710327,11.4,4.85
T04,GL-4396,2026-03-12 06:46:00,7.697935,10.71045,4.8,5.21
T04,GL-4396,2026-03-12 06:47:00,7.698646,10.710588,,5.57
T04,GL-4396,2026-03-12 06:48:00,7.699461,10.710636,5.8,4.31
T04,GL-4396,2026-03-12 06:49:00,7.700074,10.710723,7.6,3.45
T04,GL-4396,2026-03-12 06:50:00,7.700933,10.710717,6.3,4.12
T04,GL-4396,2026-03-12 06:51:00,7.701794,10.710878,9.9,3.94
T04,GL-4396,2026-03-12 06:52:00,7.702533,10.710934,6.4,4.36
T04,GL-4396,2026-03-12 06:53:00,7.703275,10.711101,11.1,3.48
T04,GL-4396,2026-03-12 06:54:00,7.704109,10.711112,7.4,3.97
T04,GL-4396,2026-03-12 06:55:00,7.704942,10.711177,6.8,5.43
T04,GL-4396,2026-03-12 06:56:00,7.705555,10.711291,9.4,4.1
T04,GL-4396,2026-03-12 06:57:00,7.706401,10.711393,4.9,2.91
T04,GL-4396,2026-03-12 06:58:00,7.707101,10.711492,9.4,4.45
T04,GL-4396,2026-03-12 06:59:00,7.707822,10.711573,9.5,4.31
T04,GL-4396,2026-03-12 07:00:00,7.708673,10.711697,6.7,4.32
T04,GL-4396,2026-03-12 07:01:00,7.709487,10.711826,9.3,5.29
T04,GL-4396,2026-03-12 07:02:00,7.710178,10.711915,7.7,2.91
T04,GL-4396,2026-03-12 07:03:00,7.710965,10.711914,11.0,5.53
T04,GL-4396,2026-03-12 07:04:00,7.711674,10.712043,4.3,3.26
T04,GL-4396,2026-03-12 07:05:00,7.712545,10.712084,10.8,3.98
T04,GL-4396,2026-03-12 07:06:00,7.713296,10.712134,10.4,3.21
T04,GL-4396,2026-03-12 07:07:00,7.714049,10.712181,11.2,4.68
T04,GL-4396,2026-03-12 07:08:00,7.714764,10.712369,4.6,3.8
T04,GL-4396,2026-03-12 07:09:00,7.715461,10.712383,10.3,5.46
T04,GL-4396,2026-03-12 07:10:00,7.716149,10.712492,9.7,4.0
T04,GL-4396,2026-03-12 07:11:00,7.717041,10.712651,10.7,4.87
T04,GL-4396,2026-03-12 07:12:00,7.717678,10.712703,5.6,3.4
T04,GL-4396,2026-03-12 07:13:00,7.718558,10.712674,8.1,2.92
T04,GL-4396,2026-03-12 07:14:00,7.71934,10.712772,4.5,4.96
T04,GL-4396,2026-03-12 07:15:00,7.720065,10.712844,10.3,3.5
T04,GL-4396,2026-03-12 07:16:00,7.72084,10.712976,11.3,4.24
T04,GL-4396,2026-03-12 07:17:00,7.721594,10.71291,8.5,4.57
T04,GL-4396,2026-03-12 07:18:00,7.722381,10.713123,,5.28
T04,GL-4396,2026-03-12 07:19:00,7.723137,10.713253,,3.16
T04,GL-4396,2026-03-12 07:20:00,7.72388,10.713245,10.4,4.69
T04,GL-4396,2026-03-12 07:21:00,7.724724,10.713354,9.1,4.63
T04,GL-4396,2026-03-12 07:22:00,7.725515,10.713373,9.7,4.89
T04,GL-4396,2026-03-12 07:23:00,7.726248,10.713572,7.8,4.03
T04,GL-4396,2026-03-12 07:24:00,7.726998,10.713552,11.9,5.26
T04,GL-4396,2026-03-12 07:25:00,7.727629,10.71384,7.5,3.92
T04,GL-4396,2026-03-12 07:26:00,7.728505,10.713743,11.2,4.41
T04,GL-4396,2026-03-12 07:27:00,7.729263,10.71378,7.2,3.42
T04,GL-4396,2026-03-12 07:28:00,7.73002,10.713918,5.9,4.15
T04,GL-4396,2026-03-12 07:29:00,7.730844,10.714063,7.2,4.14
T04,GL-4396,2026-03-12 07:30:00,7.731473,10.714057,11.8,3.51
T04,GL-4396,2026-03-12 07:31:00,7.732379,10.71419,11.3,4.08
T04,GL-4396,2026-03-12 07:32:00,7.732957,10.714252,5.4,4.57
T04,GL-4396,2026-03-12 07:33:00,7.733812,10.714454,7.0,2.84
T04,GL-4396,2026-03-12 07:34:00,7.734588,10.714419,5.5,2.96
T04,GL-4396,2026-03-12 07:35:00,7.735381,10.714558,7.6,3.8
T04,GL-4396,2026-03-12 07:36:00,7.736162,10.714546,11.3,3.78
T04,GL-4396,2026-03-12 07:37:00,7.736838,10.714671,7.3,3.03
T04,GL-4396,2026-03-12 07:38:00,7.737574,10.714662,4.9,4.2
T04,GL-4396,2026-03-12 07:39:00,7.738391,10.7149,4.0,4.23
T04,GL-4396,2026-03-12 07:40:00,7.739208,10.714902,,3.99
T04,GL-4396,2026-03-12 07:41:00,7.739876,10.715136,5.2,3.23
T04,GL-4396,2026-03-12 07:42:00,7.740759,10.715098,10.6,3.8
T04,GL-4396,2026-03-12 07:43:00,7.741509,10.715144,6.5,4.92
T04,GL-4396,2026-03-12 07:44:00,7.742271,10.715308,9.4,3.2
T04,GL-4396,2026-03-12 07:45:00,7.74312,10.715278,8.1,3.58
T04,GL-4396,2026-03-12 07:46:00,7.743742,10.715446,8.8,3.97
T04,GL-4396,2026-03-12 07:47:00,7.744488,10.715437,7.0,5.08
T04,GL-4396,2026-03-12 07:48:00,7.745206,10.715511,5.3,4.85
T04,GL-4396,2026-03-12 07:49:00,7.74614,10.715705,11.3,4.77
T04,GL-4396,2026-03-12 07:50:00,7.746796,10.715721,5.3,4.75
T04,GL-4396,2026-03-12 07:51:00,7.747423,10.715762,9.9,4.42
T04,GL-4396,2026-03-12 07:52:00,7.748367,10.715908,9.1,4.58
T04,GL-4396,2026-03-12 07:53:00,7.749056,10.716088,5.5,5.13
T04,GL-4396,2026-03-12 07:54:00,7.749931,10.716083,5.6,2.84
T04,GL-4396,2026-03-12 07:55:00,7.750544,10.716152,11.1,3.7
T04,GL-4396,2026-03-12 07:56:00,7.751433,10.716333,11.1,5.18
T04,GL-4396,2026-03-12 07:57:00,7.752268,10.716362,4.1,4.91
T04,GL-4396,2026-03-12 07:58:00,7.752776,10.71654,10.3,3.23
T04,GL-4396,2026-03-12 07:59:00,7.753684,10.716543,8.6,3.54
T04,GL-4396,2026-03-12 08:00:00,7.75445,10.716497,9.9,4.24
T04,GL-4396,2026-03-12 08:01:00,7.755173,10.716722,9.3,5.48
T04,GL-4396,2026-03-12 08:02:00,7.755996,10.716798,7.5,4.34
T04,GL-4396,2026-03-12 08:03:00,7.756807,10.716748,11.6,3.78
T04,GL-4396,2026-03-12 08:04:00,7.757433,10.716986,8.2,4.56
T04,GL-4396,2026-03-12 08:05:00,7.758223,10.717032,8.8,4.5
T04,GL-4396,2026-03-12 08:06:00,7.758949,10.717193,8.1,3.74
T04,GL-4396,2026-03-12 08:07:00,7.75983,10.717119,5.8,5.27
T04,GL-4396,2026-03-12 08:08:00,7.760614,10.717238,10.9,4.36
T04,GL-4396,2026-03-12 08:09:00,7.761387,10.717287,7.5,3.03
T04,GL-4396,2026-03-12 08:10:00,7.762122,10.717474,8.0,4.96
T04,GL-4396,2026-03-12 08:11:00,7.762854,10.717493,11.4,3.49
T04,GL-4396,2026-03-12 08:12:00,7.763597,10.717517,11.4,4.16
T04,GL-4396,2026-03-12 08:13:00,7.764263,10.717637,10.5,3.27
T04,GL-4396,2026-03-12 08:14:00,7.765111,10.717768,7.9,4.72
T04,GL-4396,2026-03-12 08:15:00,7.765819,10.717754,6.8,3.54
T04,GL-4396,2026-03-12 08:16:00,7.766652,10.717911,11.4,4.82
T04,GL-4396,2026-03-12 08:17:00,7.767441,10.717985,5.2,4.51
T04,GL-4396,2026-03-12 08:18:00,7.768149,10.718034,6.8,5.12
T04,GL-4396,2026-03-12 08:19:00,7.769005,10.71823,10.8,3.17
T04,GL-4396,2026-03-12 08:20:00,7.769759,10.718257,9.1,3.9
T04,GL-4396,2026-03-12 08:21:00,7.770512,10.718409,8.3,4.15
T04,GL-4396,2026-03-12 08:22:00,7.771238,10.718488,9.5,4.62
T04,GL-4396,2026-03-12 08:23:00,7.772025,10.718382,5.2,3.61
T04,GL-4396,2026-03-12 08:24:00,7.772861,10.718554,4.8,3.04
T04,GL-4396,2026-03-12 08:25:00,7.773603,10.718595,10.0,4.64
T04,GL-4396,2026-03-12 08:26:00,7.774245,10.71866,6.6,4.22
T04,GL-4396,2026-03-12 08:27:00,7.775009,10.718843,10.3,3.75
T04,GL-4396,2026-03-12 08:28:00,7.775878,10.718885,8.6,4.28
T04,GL-4396,2026-03-12 08:29:00,7.77656,10.718988,9.8,5.38
T04,GL-4396,2026-03-12 08:30:00,7.777422,10.719052,5.5,3.13
T04,GL-4396,2026-03-12 08:31:00,7.778097,10.719081,6.1,3.05
T04,GL-4396,2026-03-12 08:32:00,7.779042,10.719154,10.2,3.91
T04,GL-4396,2026-03-12 08:33:00,7.77969,10.719338,7.0,5.4
T04,GL-4396,2026-03-12 08:34:00,7.780356,10.719317,9.6,4.01
T04,GL-4396,2026-03-12 08:35:00,7.781247,10.719462,9.0,4.76
T04,GL-4396,2026-03-12 08:36:00,7.781904,10.719577,,5.52
T04,GL-4396,2026-03-12 08:37:00,7.782781,10.719636,7.1,5.11
T04,GL-4396,2026-03-12 08:38:00,7.783463,10.719762,4.6,3.47
T04,GL-4396,2026-03-12 08:39:00,7.784265,10.719792,11.5,4.09
T04,GL-4396,2026-03-12 08:40:00,7.784963,10.719826,9.3,5.54
T04,GL-4396,2026-03-12 08:41:00,7.785732,10.719881,6.1,3.04
T04,GL-4396,2026-03-12 08:42:00,7.786518,10.720009,10.1,4.5
T04,GL-4396,2026-03-12 08:43:00,7.787197,10.720193,8.9,5.33
T04,GL-4396,2026-03-12 08:44:00,7.787992,10.720206,6.3,3.43
T04,GL-4396,2026-03-12 08:45:00,7.788897,10.720337,5.1,4.66
T04,GL-4396,2026-03-12 08:46:00,7.789539,10.720394,11.1,5.6
T04,GL-4396,2026-03-12 08:47:00,7.790197,10.720583,7.0,5.34
T04,GL-4396,2026-03-12 08:48:00,7.791006,10.720542,10.6,3.38
T04,GL-4396,2026-03-12 08:49:00,7.791891,10.720684,6.7,5.52
T04,GL-4396,2026-03-12 08:50:00,7.792514,10.720725,6.6,4.68
T04,GL-4396,2026-03-12 08:51:00,7.793416,10.720848,4.6,4.32
T04,GL-4396,2026-03-12 08:52:00,7.794081,10.720841,10.2,2.84
T04,GL-4396,2026-03-12 08:53:00,7.794888,10.72097,,5.16
T04,GL-4396,2026-03-12 08:54:00,7.795622,10.720981,6.0,4.82
T04,GL-4396,2026-03-12 08:55:00,7.796384,10.721105,6.8,4.44
T04,GL-4396,2026-03-12 08:56:00,7.797251,10.721142,8.3,5.6
T04,GL-4396,2026-03-12 08:57:00,7.797927,10.721358,9.4,5.04
T04,GL-4396,2026-03-12 08:58:00,7.798719,10.721273,6.6,4.8
T04,GL-4396,2026-03-12 08:59:00,7.799511,10.721562,11.1,5.25
T04,GL-4396,2026-03-12 09:00:00,7.800296,10.721554,4.0,4.76
T04,GL-4396,2026-03-12 09:01:00,7.800936,10.721537,10.0,3.63
T04,GL-4396,2026-03-12 09:02:00,7.801776,10.721664,11.4,3.72
T04,GL-4396,2026-03-12 09:03:00,7.802489,10.721828,8.3,3.89
T04,GL-4396,2026-03-12 09:04:00,7.803329,10.721834,11.7,3.76
T04,GL-4396,2026-03-12 09:05:00,7.804027,10.721996,8.2,4.0
T04,GL-4396,2026-03-12 09:06:00,7.804923,10.721996,11.8,5.31
T04,GL-4396,2026-03-12 09:07:00,7.805585,10.722064,7.7,4.35
T04,GL-4396,2026-03-12 09:08:00,7.806332,10.722212,7.3,3.25
T04,GL-4396,2026-03-12 09:09:00,7.807136,10.722246,11.9,3.14
T04,GL-4396,2026-03-12 09:10:00,7.807822,10.722315,9.3,3.85
T04,GL-4396,2026-03-12 09:11:00,7.808538,10.722417,9.4,4.53
T04,GL-4396,2026-03-12 09:12:00,7.809419,10.722595,10.4,5.05
T04,GL-4396,2026-03-12 09:13:00,7.810245,10.722572,7.4,4.45
T04,GL-4396,2026-03-12 09:14:00,7.810871,10.72268,4.1,3.67
T04,GL-4396,2026-03-12 09:15:00,7.811758,10.722869,11.0,4.12
T04,GL-4396,2026-03-12 09:16:00,7.812535,10.722748,5.0,4.5
T04,GL-4396,2026-03-12 09:17:00,7.81321,10.722975,6.1,4.37
T04,GL-4396,2026-03-12 09:18:00,7.814035,10.723031,7.1,4.71
T04,GL-4396,2026-03-12 09:19:00,7.814821,10.723121,9.4,4.62
T04,GL-4396,2026-03-12 09:20:00,7.815541,10.723268,5.8,5.36
T04,GL-4396,2026-03-12 09:21:00,7.816229,10.72322,4.1,5.37
T04,GL-4396,2026-03-12 09:22:00,7.81712,10.723423,11.7,3.94
T04,GL-4396,2026-03-12 09:23:00,7.817751,10.723446,5.9,5.4
T04,GL-4396,2026-03-12 09:24:00,7.818619,10.723479,11.8,2.89
T04,GL-4396,2026-03-12 09:25:00,7.819367,10.723614,6.5,4.85
T04,GL-4396,2026-03-12 09:26:00,7.820119,10.723651,11.5,4.64
T04,GL-4396,2026-03-12 09:27:00,7.820843,10.723778,4.2,5.31
T04,GL-4396,2026-03-12 09:28:00,7.821655,10.7238,4.3,3.1
T04,GL-4396,2026-03-12 09:29:00,7.822356,10.723938,8.3,3.54
T04,GL-4396,2026-03-12 09:30:00,7.823251,10.723959,9.8,5.5
T04,GL-4396,2026-03-12 09:31:00,7.823984,10.724101,10.1,5.17
T04,GL-4396,2026-03-12 09:32:00,7.824555,10.724281,10.3,2.84
T04,GL-4396,2026-03-12 09:33:00,7.825474,10.7243,9.1,4.28
T04,GL-4396,2026-03-12 09:34:00,7.826276,10.724325,7.3,4.25
T04,GL-4396,2026-03-12 09:35:00,7.82695,10.724533,7.6,4.03
T04,GL-4396,2026-03-12 09:36:00,7.827685,10.724542,4.4,3.09
T04,GL-4396,2026-03-12 09:37:00,7.828498,10.724617,10.1,3.22
T04,GL-4396,2026-03-12 09:38:00,7.829218,10.724594,9.6,5.56
T04,GL-4396,2026-03-12 09:39:00,7.830058,10.724813,11.2,4.13
T04,GL-4396,2026-03-12 09:40:00,7.830769,10.724774,6.4,2.97
T04,GL-4396,2026-03-12 09:41:00,7.831582,10.724934,5.2,3.68
T04,GL-4396,2026-03-12 09:42:00,7.832356,10.725002,5.9,3.0
T04,GL-4396,2026-03-12 09:43:00,7.833097,10.725071,12.0,2.84
T04,GL-4396,2026-03-12 09:44:00,7.833913,10.725195,9.1,3.23
T04,GL-4396,2026-03-12 09:45:00,7.834663,10.725223,7.2,3.52
T04,GL-4396,2026-03-12 09:46:00,7.835447,10.725276,10.0,3.07
T04,GL-4396,2026-03-12 09:47:00,7.83623,10.725262,5.8,4.63
T04,GL-4396,2026-03-12 09:48:00,7.836857,10.725543,7.8,4.02
T04,GL-4396,2026-03-12 09:49:00,7.837673,10.725647,8.7,3.31
T04,GL-4396,2026-03-12 09:50:00,7.838506,10.725638,9.1,5.13
T04,GL-4396,2026-03-12 09:51:00,7.839173,10.725741,6.3,3.47
T04,GL-4396,2026-03-12 09:52:00,7.839914,10.725872,8.7,5.15
T04,GL-4396,2026-03-12 09:53:00,7.840694,10.726006,11.7,3.77
T04,GL-4396,2026-03-12 09:54:00,7.841582,10.725956,7.8,4.17
T04,GL-4396,2026-03-12 09:55:00,7.842096,10.726045,9.3,4.63
T04,GL-4396,2026-03-12 09:56:00,7.833196,10.726095,6.8,308.56
T04,GL-4396,2026-03-12 09:57:00,7.843837,10.726114,8.1,4.66
T04,GL-4396,2026-03-12 09:58:00,7.844431,10.726348,5.6,3.41
T04,GL-4396,2026-03-12 09:59:00,7.845242,10.726368,8.8,5.56
T04,GL-4396,2026-03-12 10:00:00,7.845934,10.72639,11.4,4.46
T04,GL-4396,2026-03-12 10:01:00,7.846861,10.726587,11.8,5.37
T04,GL-4396,2026-03-12 10:02:00,7.84758,10.726732,8.0,4.82
T04,GL-4396,2026-03-12 10:03:00,7.84837,10.726664,9.4,3.83
T04,GL-4396,2026-03-12 10:04:00,7.849177,10.726823,11.8,3.9
T04,GL-4396,2026-03-12 10:05:00,7.849818,10.726854,9.2,3.71
T04,GL-4396,2026-03-12 10:06:00,7.850667,10.727072,9.3,4.05
T04,GL-4396,2026-03-12 10:07:00,7.85142,10.727072,5.7,4.64
T04,GL-4396,2026-03-12 10:08:00,7.852257,10.727122,7.4,5.36
T04,GL-4396,2026-03-12 10:09:00,7.852845,10.727238,6.5,2.92
T04,GL-4396,2026-03-12 10:10:00,7.853676,10.727382,6.9,3.11
T04,GL-4396,2026-03-12 10:11:00,7.85446,10.727432,5.7,3.67
T04,GL-4396,2026-03-12 10:12:00,7.855213,10.727398,10.6,3.03
T04,GL-4396,2026-03-12 10:13:00,7.855922,10.727607,5.5,3.74
T04,GL-4396,2026-03-12 10:14:00,7.856743,10.727649,10.6,3.58
T04,GL-4396,2026-03-12 10:15:00,7.857503,10.727667,11.1,3.85
T04,GL-4396,2026-03-12 10:16:00,7.858263,10.727831,8.2,5.13
T04,GL-4396,2026-03-12 10:17:00,7.858972,10.72778,8.5,5.04
T04,GL-4396,2026-03-12 10:18:00,7.859865,10.727906,6.0,4.82
T04,GL-4396,2026-03-12 10:19:00,7.860419,10.728052,8.9,5.19
T04,GL-4396,2026-03-12 10:20:00,7.861316,10.7281,5.7,3.59
T04,GL-4396,2026-03-12 10:21:00,7.86214,10.728172,6.8,5.19
T04,GL-4396,2026-03-12 10:22:00,7.862932,10.728242,7.0,5.23
T04,GL-4396,2026-03-12 10:23:00,7.863695,10.728411,9.9,4.49
T04,GL-4396,2026-03-12 10:24:00,7.864431,10.728467,5.9,4.69
T04,GL-4396,2026-03-12 10:25:00,7.865124,10.728539,8.6,4.06
T04,GL-4396,2026-03-12 10:26:00,7.866033,10.7287,9.7,5.47
T04,GL-4396,2026-03-12 10:27:00,7.866588,10.728733,5.9,5.4
T04,GL-4396,2026-03-12 10:28:00,8.361454,10.728758,11.7,193.97
T04,GL-4396,2026-03-12 10:29:00,7.868135,10.728712,,5.15
T04,GL-4396,2026-03-12 10:30:00,7.868918,10.728884,8.6,4.18
T04,GL-4396,2026-03-12 10:31:00,7.869714,10.729048,8.8,3.44
T04,GL-4396,2026-03-12 10:32:00,7.870502,10.72908,7.1,4.01
T04,GL-4396,2026-03-12 10:33:00,7.871287,10.729286,7.3,3.04
T04,GL-4396,2026-03-12 10:34:00,7.871989,10.729222,4.6,5.2
T04,GL-4396,2026-03-12 10:35:00,7.872742,10.729348,11.7,4.49
T04,GL-4396,2026-03-12 10:36:00,7.873491,10.729542,9.0,5.31
T04,GL-4396,2026-03-12 10:37:00,7.874226,10.729571,5.4,5.24
T04,GL-4396,2026-03-12 10:38:00,7.875051,10.729627,6.7,2.83
T04,GL-4396,2026-03-12 10:39:00,7.875846,10.729723,8.4,5.18
T04,GL-4396,2026-03-12 10:40:00,7.876564,10.729769,7.7,5.24
T04,GL-4396,2026-03-12 10:41:00,7.877357,10.729849,,4.84
T04,GL-4396,2026-03-12 10:42:00,7.878171,10.729977,6.9,3.03
T04,GL-4396,2026-03-12 10:43:00,7.878823,10.729964,6.5,3.85
T04,GL-4396,2026-03-12 10:44:00,7.879749,10.730111,4.6,4.35
T04,GL-4396,2026-03-12 10:45:00,7.880427,10.730084,11.0,4.33
T04,GL-4396,2026-03-12 10:46:00,7.881105,10.730291,9.4,3.08
T04,GL-4396,2026-03-12 10:47:00,7.881981,10.730237,4.2,2.97
T04,GL-4396,2026-03-12 10:48:00,7.882717,10.730411,11.8,3.79
T04,GL-4396,2026-03-12 10:49:00,7.883392,10.730525,10.9,3.79
T04,GL-4396,2026-03-12 10:50:00,7.884251,10.730577,6.7,5.11
T04,GL-4396,2026-03-12 10:51:00,7.884935,10.730542,4.4,4.6
T04,GL-4396,2026-03-12 10:52:00,7.885751,10.730746,10.5,5.53
T04,GL-4396,2026-03-12 10:53:00,7.886556,10.730909,4.6,4.22
T04,GL-4396,2026-03-12 10:54:00,7.887296,10.73094,,4.49
T04,GL-4396,2026-03-12 10:55:00,7.888001,10.731031,11.0,5.14
T04,GL-4396,2026-03-12 10:56:00,7.888968,10.730987,8.0,4.07
T04,GL-4396,2026-03-12 10:57:00,7.889662,10.731178,11.6,3.39
T04,GL-4396,2026-03-12 10:58:00,7.890336,10.731325,5.9,3.51
T04,GL-4396,2026-03-12 10:59:00,7.891015,10.731317,9.6,4.95
T04,GL-4396,2026-03-12 11:00:00,7.89186,10.731395,4.8,4.56
T04,GL-4396,2026-03-12 11:01:00,7.892626,10.73157,8.0,2.86
T04,GL-4396,2026-03-12 11:02:00,7.893359,10.731597,8.0,4.88
T04,GL-4396,2026-03-12 11:03:00,7.894077,10.731732,11.6,4.54
T04,GL-4396,2026-03-12 11:04:00,7.894899,10.731615,7.0,3.17
T04,GL-4396,2026-03-12 11:05:00,7.895591,10.731887,10.9,3.32
T04,GL-4396,2026-03-12 11:06:00,7.896418,10.731893,4.7,5.31
T04,GL-4396,2026-03-12 11:07:00,7.897213,10.731983,5.0,5.35
T04,GL-4396,2026-03-12 11:08:00,7.898042,10.73223,8.9,4.9
T04,GL-4396,2026-03-12 11:09:00,7.89878,10.732094,7.4,4.79
T04,GL-4396,2026-03-12 11:10:00,7.899507,10.732291,7.9,5.29
T04,GL-4396,2026-03-12 11:11:00,7.900266,10.73228,9.8,3.83
T04,GL-4396,2026-03-12 11:12:00,7.901016,10.732346,9.5,5.51
T04,GL-4396,2026-03-12 11:13:00,7.901729,10.732474,,3.99
T04,GL-4396,2026-03-12 11:14:00,7.902639,10.732486,10.9,5.04
T04,GL-4396,2026-03-12 11:15:00,7.903495,10.732681,11.3,5.58
T04,GL-4396,2026-03-12 11:16:00,7.904056,10.732679,4.8,5.18
T04,GL-4396,2026-03-12 11:17:00,7.904863,10.732821,6.0,4.98
T04,GL-4396,2026-03-12 11:18:00,7.90567,10.732913,6.3,4.14
T04,GL-4396,2026-03-12 11:19:00,7.906323,10.732882,6.4,5.09
T04,GL-4396,2026-03-12 11:20:00,7.907169,10.733116,9.6,5.14
T04,GL-4396,2026-03-12 11:21:00,7.907928,10.73319,9.3,3.73
T04,GL-4396,2026-03-12 11:22:00,7.908687,10.733237,5.9,5.17
T04,GL-4396,2026-03-12 11:23:00,7.909459,10.733377,5.6,3.98
T04,GL-4396,2026-03-12 11:24:00,7.910151,10.73346,4.7,5.5
T04,GL-4396,2026-03-12 11:25:00,7.910898,10.733488,7.8,5.38
T04,GL-4396,2026-03-12 11:26:00,7.911716,10.733613,4.4,3.35
T04,GL-4396,2026-03-12 11:27:00,7.91246,10.733609,7.1,5.26
T04,GL-4396,2026-03-12 11:28:00,7.913148,10.733684,7.2,4.84
T04,GL-4396,2026-03-12 11:29:00,7.914015,10.73388,5.3,2.99
T04,GL-4396,2026-03-12 11:30:00,7.914762,10.733843,9.7,4.59
T04,GL-4396,2026-03-12 11:31:00,7.91561,10.734024,10.9,5.26
T04,GL-4396,2026-03-12 11:32:00,7.916284,10.734058,9.2,4.46
T04,GL-4396,2026-03-12 11:33:00,7.91703,10.734184,9.9,3.44
T04,GL-4396,2026-03-12 11:34:00,7.91782,10.734128,,5.38
T04,GL-4396,2026-03-12 11:35:00,7.918675,10.734318,9.7,5.36
T04,GL-4396,2026-03-12 11:36:00,7.919375,10.734273,4.3,4.24
T04,GL-4396,2026-03-12 11:37:00,7.920147,10.734376,9.0,4.7
T04,GL-4396,2026-03-12 11:38:00,7.920827,10.734636,5.4,4.54
T04,GL-4396,2026-03-12 11:39:00,7.921762,10.734583,8.5,2.98
T04,GL-4396,2026-03-12 11:40:00,7.92243,10.734753,8.9,5.01
T04,GL-4396,2026-03-12 11:41:00,7.923106,10.734861,10.1,5.46
T04,GL-4396,2026-03-12 11:42:00,7.923879,10.734737,4.7,3.58
T04,GL-4396,2026-03-12 11:43:00,7.924712,10.735034,4.5,3.42
T04,GL-4396,2026-03-12 11:44:00,7.925477,10.734995,7.8,2.84
T04,GL-4396,2026-03-12 11:45:00,7.92627,10.735113,4.7,3.98
T04,GL-4396,2026-03-12 11:46:00,7.927054,10.735205,,3.52
T04,GL-4396,2026-03-12 11:47:00,7.927804,10.735355,11.2,2.89
T04,GL-4396,2026-03-12 11:48:00,7.928486,10.735404,9.9,4.45
T04,GL-4396,2026-03-12 11:49:00,7.929231,10.735355,8.0,3.47
T04,GL-4396,2026-03-12 11:50:00,7.930145,10.735603,6.3,2.82
T04,GL-4396,2026-03-12 11:51:00,7.930821,10.735602,10.5,4.25
T04,GL-4396,2026-03-12 11:52:00,7.931481,10.73568,7.5,5.54
T04,GL-4396,2026-03-12 11:53:00,7.932393,10.735764,9.4,4.92
T04,GL-4396,2026-03-12 11:54:00,7.932985,10.735946,8.9,3.81
T04,GL-4396,2026-03-12 11:55:00,7.933926,10.735882,11.7,3.96
T04,GL-4396,2026-03-12 11:56:00,7.934632,10.735947,8.0,4.03
T04,GL-4396,2026-03-12 11:57:00,7.935301,10.736109,7.0,4.24
T04,GL-4396,2026-03-12 11:58:00,7.93619,10.736202,5.1,3.94
T04,GL-4396,2026-03-12 11:59:00,7.936928,10.736308,7.6,4.08
T04,GL-4396,2026-03-12 12:00:00,7.93774,10.736361,11.2,4.76
T04,GL-4396,2026-03-12 12:01:00,7.938464,10.736481,4.2,4.07
T04,GL-4396,2026-03-12 12:02:00,7.939175,10.736583,6.8,5.3
T04,GL-4396,2026-03-12 12:03:00,7.93991,10.736559,12.0,3.01
T04,GL-4396,2026-03-12 12:04:00,7.940754,10.736766,7.2,3.61
T04,GL-4396,2026-03-12 12:05:00,7.941436,10.736774,4.9,5.27
T04,GL-4396,2026-03-12 12:06:00,7.942358,10.736868,5.9,3.07
T04,GL-4396,2026-03-12 12:07:00,7.942985,10.736936,7.9,3.36
T04,GL-4396,2026-03-12 12:08:00,7.943811,10.736952,8.3,5.42
T04,GL-4396,2026-03-12 12:09:00,7.944527,10.737051,10.4,5.34
T04,GL-4396,2026-03-12 12:10:00,7.945387,10.737175,4.8,2.93
T04,GL-4396,2026-03-12 12:11:00,7.946153,10.737217,4.2,4.94
T04,GL-4396,2026-03-12 12:12:00,7.946864,10.737365,7.5,4.16
T04,GL-4396,2026-03-12 12:13:00,7.947559,10.737493,5.1,3.32
T04,GL-4396,2026-03-12 12:14:00,7.948262,10.737563,,4.22
T04,GL-4396,2026-03-12 12:15:00,7.949066,10.737636,9.5,5.12
T04,GL-4396,2026-03-12 12:16:00,7.949888,10.737555,11.4,4.84
T04,GL-4396,2026-03-12 12:17:00,7.950691,10.737783,9.5,5.11
T04,GL-4396,2026-03-12 12:18:00,7.951426,10.737867,9.7,4.69
T04,GL-4396,2026-03-12 12:19:00,7.952166,10.737868,9.9,3.51
T04,GL-4396,2026-03-12 12:20:00,7.952908,10.738056,,3.02
T04,GL-4396,2026-03-12 12:21:00,7.953619,10.738123,6.7,3.47
T04,GL-4396,2026-03-12 12:22:00,7.95462,10.738235,9.6,5.41
T04,GL-4396,2026-03-12 12:23:00,7.955213,10.738215,5.0,2.9
T04,GL-4396,2026-03-12 12:24:00,7.955976,10.73836,7.9,3.84
T04,GL-4396,2026-03-12 12:25:00,7.956826,10.738306,7.0,3.09
T04,GL-4396,2026-03-12 12:26:00,7.957502,10.738405,8.0,5.43
T04,GL-4396,2026-03-12 12:27:00,7.958317,10.738554,12.0,5.44
T04,GL-4396,2026-03-12 12:28:00,7.958985,10.738735,5.5,3.85
T04,GL-4396,2026-03-12 12:29:00,7.959904,10.738731,11.8,2.91
T04,GL-4396,2026-03-12 12:30:00,7.960684,10.738851,5.3,4.21
T04,GL-4396,2026-03-12 12:31:00,7.961341,10.738972,9.0,3.08
T04,GL-4396,2026-03-12 12:32:00,7.962076,10.739041,4.7,4.28
T04,GL-4396,2026-03-12 12:33:00,7.962884,10.739033,10.0,2.9
T04,GL-4396,2026-03-12 12:34:00,7.963596,10.739198,,4.41
T04,GL-4396,2026-03-12 12:35:00,7.964328,10.739182,6.7,3.84
T04,GL-4396,2026-03-12 12:36:00,7.965087,10.739252,9.8,3.7
T04,GL-4396,2026-03-12 12:37:00,7.966,10.739437,6.2,4.69
T04,GL-4396,2026-03-12 12:38:00,7.96667,10.739483,5.6,5.55
T04,GL-4396,2026-03-12 12:39:00,7.967453,10.739693,10.5,3.57
T04,GL-4396,2026-03-12 12:40:00,7.968201,10.739697,4.7,3.05
T04,GL-4396,2026-03-12 12:41:00,7.968947,10.739694,9.0,3.96
T04,GL-4396,2026-03-12 12:42:00,7.969813,10.73983,5.0,3.69
T04,GL-4396,2026-03-12 12:43:00,7.970495,10.739893,9.7,4.38
T04,GL-4396,2026-03-12 12:44:00,7.971258,10.740031,10.5,3.97
T04,GL-4396,2026-03-12 12:45:00,7.972034,10.740045,7.9,4.41
T04,GL-4396,2026-03-12 12:46:00,7.972696,10.74017,,3.45
T04,GL-4396,2026-03-12 12:47:00,7.97365,10.7403,9.7,2.84
T04,GL-4396,2026-03-12 12:48:00,7.974398,10.740283,5.0,4.44
T04,GL-4396,2026-03-12 12:49:00,7.975068,10.740388,4.9,4.46
T04,GL-4396,2026-03-12 12:50:00,7.975773,10.740526,5.4,3.53
T04,GL-4396,2026-03-12 12:51:00,7.97656,10.740438,5.9,4.91
T04,GL-4396,2026-03-12 12:52:00,7.97747,10.740638,10.3,3.45
T04,GL-4396,2026-03-12 12:53:00,7.978187,10.740642,4.3,3.26
T04,GL-4396,2026-03-12 12:54:00,7.978944,10.740795,8.2,3.43
T04,GL-4396,2026-03-12 12:55:00,7.979605,10.740945,11.2,4.81
T04,GL-4396,2026-03-12 12:56:00,7.980421,10.74095,11.4,3.79
T04,GL-4396,2026-03-12 12:57:00,7.981042,10.741093,7.2,3.72
T04,GL-4396,2026-03-12 12:58:00,7.981945,10.741113,4.7,3.54
T04,GL-4396,2026-03-12 12:59:00,7.982774,10.741162,7.3,4.22
T04,GL-4396,2026-03-12 13:00:00,7.983457,10.741335,6.7,2.81
T04,GL-4396,2026-03-12 13:01:00,7.984232,10.741306,6.8,2.93
T04,GL-4396,2026-03-12 13:02:00,7.984943,10.741353,8.4,3.97
T04,GL-4396,2026-03-12 13:03:00,7.985792,10.74169,6.7,3.2
T04,GL-4396,2026-03-12 13:04:00,7.986607,10.741665,8.8,3.09
T04,GL-4396,2026-03-12 13:05:00,7.987381,10.741737,7.3,3.24
T04,GL-4396,2026-03-12 13:06:00,7.988102,10.741813,,3.41
T04,GL-4396,2026-03-12 13:07:00,7.988807,10.741837,7.4,3.43
T04,GL-4396,2026-03-12 13:08:00,7.989586,10.742014,9.4,3.38
T04,GL-4396,2026-03-12 13:09:00,7.990324,10.741953,10.2,3.08
T04,GL-4396,2026-03-12 13:10:00,7.991043,10.742082,5.8,5.48
T04,GL-4396,2026-03-12 13:11:00,7.991832,10.742325,7.1,3.19
T04,GL-4396,2026-03-12 13:12:00,7.992651,10.742369,5.7,5.12
T04,GL-4396,2026-03-12 13:13:00,7.993394,10.742444,4.2,4.14
T04,GL-4396,2026-03-12 13:14:00,7.994149,10.742429,4.3,4.44
T04,GL-4396,2026-03-12 13:15:00,7.99496,10.742722,9.5,4.15
T04,GL-4396,2026-03-12 13:16:00,7.995633,10.74263,9.3,4.25
T04,GL-4396,2026-03-12 13:17:00,7.996475,10.742703,4.2,3.44
T04,GL-4396,2026-03-12 13:18:00,7.997295,10.742831,5.9,3.78
T04,GL-4396,2026-03-12 13:19:00,7.997881,10.742856,11.3,5.37
T04,GL-4396,2026-03-12 13:20:00,7.998835,10.742982,5.7,5.2
T04,GL-4396,2026-03-12 13:21:00,7.999545,10.743024,,2.81
T04,GL-4396,2026-03-12 13:22:00,8.00022,10.743111,8.7,5.01
T04,GL-4396,2026-03-12 13:23:00,8.001027,10.743201,7.8,3.81
T04,GL-4396,2026-03-12 13:24:00,8.001926,10.743324,4.1,3.92
T04,GL-4396,2026-03-12 13:25:00,8.002551,10.743391,8.9,3.85
T04,GL-4396,2026-03-12 13:26:00,8.00337,10.743556,10.0,4.05
T04,GL-4396,2026-03-12 13:27:00,8.004066,10.743713,10.2,5.11
T04,GL-4396,2026-03-12 13:28:00,8.004797,10.743638,4.1,5.41
T04,GL-4396,2026-03-12 13:29:00,8.005611,10.743724,5.6,5.14
T04,GL-4396,2026-03-12 13:30:00,8.006381,10.743745,10.1,4.61
T04,GL-4396,2026-03-12 13:31:00,8.007222,10.743754,5.3,4.67
T04,GL-4396,2026-03-12 13:32:00,8.007931,10.744,11.3,5.57
T04,GL-4396,2026-03-12 13:33:00,8.008685,10.744026,9.6,5.54
T04,GL-4396,2026-03-12 13:34:00,8.009467,10.744194,6.2,4.85
T04,GL-4396,2026-03-12 13:35:00,8.010102,10.744115,5.1,5.41
T04,GL-4396,2026-03-12 13:36:00,8.010884,10.744297,9.1,3.56
T04,GL-4396,2026-03-12 13:37:00,8.0118,10.744448,11.0,3.19
T04,GL-4396,2026-03-12 13:38:00,8.012518,10.744313,9.9,4.36
T04,GL-4396,2026-03-12 13:39:00,8.013128,10.744461,4.1,2.88
T04,GL-4396,2026-03-12 13:40:00,8.014096,10.744523,6.1,4.16
T04,GL-4396,2026-03-12 13:41:00,8.0147,10.744676,4.7,4.69
T04,GL-4396,2026-03-12 13:42:00,8.015489,10.744787,5.0,2.99
T04,GL-4396,2026-03-12 13:43:00,8.016342,10.744867,5.7,3.89
T04,GL-4396,2026-03-12 13:44:00,8.017055,10.744916,8.5,4.28
T04,GL-4396,2026-03-12 13:45:00,8.017892,10.745046,8.9,5.33
T04,GL-4396,2026-03-12 13:46:00,8.018716,10.745242,7.2,5.53
T04,GL-4396,2026-03-12 13:47:00,8.019311,10.74526,11.5,5.16
T04,GL-4396,2026-03-12 13:48:00,8.020086,10.745232,7.9,3.84
T04,GL-4396,2026-03-12 13:49:00,8.020896,10.745217,10.8,3.06
T04,GL-4396,2026-03-12 13:50:00,8.021652,10.745513,4.8,5.02
T04,GL-4396,2026-03-12 13:51:00,8.022403,10.745685,5.6,4.86
T04,GL-4396,2026-03-12 13:52:00,8.023189,10.745574,8.8,4.62
T04,GL-4396,2026-03-12 13:53:00,8.023972,10.745733,9.1,5.01
T04,GL-4396,2026-03-12 13:54:00,8.024742,10.745755,9.6,4.08
T04,GL-4396,2026-03-12 13:55:00,8.025295,10.745875,11.1,5.08
T04,GL-4396,2026-03-12 13:56:00,8.026337,10.745925,12.0,4.02
T04,GL-4396,2026-03-12 13:57:00,8.027039,10.745998,10.7,4.48
T04,GL-4396,2026-03-12 13:58:00,8.027816,10.746137,9.9,4.49
T04,GL-4396,2026-03-12 13:59:00,8.02852,10.746231,9.2,3.52
T04,GL-4396,2026-03-12 14:00:00,8.029346,10.746293,7.1,4.53
T04,GL-4396,2026-03-12 14:01:00,8.030143,10.746267,9.9,5.38
T04,GL-4396,2026-03-12 14:02:00,8.030828,10.746436,9.1,4.21
T04,GL-4396,2026-03-12 14:03:00,8.031578,10.746517,10.4,3.35
T04,GL-4396,2026-03-12 14:04:00,8.032354,10.746503,8.8,5.06
T04,GL-4396,2026-03-12 14:05:00,8.033064,10.746688,8.6,4.97
T04,GL-4396,2026-03-12 14:06:00,8.033901,10.746846,6.3,4.59
T04,GL-4396,2026-03-12 14:07:00,8.034627,10.746953,4.4,4.17
T04,GL-4396,2026-03-12 14:08:00,8.035437,10.746891,8.2,4.57
T04,GL-4396,2026-03-12 14:09:00,8.036133,10.747056,4.4,5.2
T04,GL-4396,2026-03-12 14:10:00,8.036869,10.747057,10.4,5.58
T04,GL-4396,2026-03-12 14:11:00,8.037719,10.747257,4.2,4.65
T04,GL-4396,2026-03-12 14:12:00,8.038482,10.747283,11.4,4.07
T04,GL-4396,2026-03-12 14:13:00,8.039223,10.747386,11.0,5.18
T04,GL-4396,2026-03-12 14:14:00,8.039925,10.747459,11.0,3.9
T04,GL-4396,2026-03-12 14:15:00,8.040743,10.747503,5.0,5.44
T04,GL-4396,2026-03-12 14:16:00,8.041439,10.747618,7.6,3.03
T04,GL-4396,2026-03-12 14:17:00,8.042266,10.747654,5.3,3.5
T04,GL-4396,2026-03-12 14:18:00,8.042946,10.747617,4.2,5.42
T04,GL-4396,2026-03-12 14:19:00,8.04387,10.747835,7.1,3.11
T04,GL-4396,2026-03-12 14:20:00,8.044725,10.747934,10.7,3.89
T04,GL-4396,2026-03-12 14:21:00,8.045263,10.748039,6.2,5.47
T04,GL-4396,2026-03-12 14:22:00,8.046092,10.748011,6.1,2.91
T04,GL-4396,2026-03-12 14:23:00,8.046877,10.748117,9.5,4.06
T04,GL-4396,2026-03-12 14:24:00,8.047673,10.748302,,3.64
T04,GL-4396,2026-03-12 14:25:00,8.048324,10.748298,10.3,5.41
T04,GL-4396,2026-03-12 14:26:00,8.049203,10.748428,4.9,3.13
T04,GL-4396,2026-03-12 14:27:00,8.049825,10.748585,9.9,2.95
T04,GL-4396,2026-03-12 14:28:00,8.05067,10.748611,,3.25
T04,GL-4396,2026-03-12 14:29:00,8.051498,10.748711,8.7,5.25
T04,GL-4396,2026-03-12 14:30:00,8.052179,10.748679,8.1,3.09
T04,GL-4396,2026-03-12 14:31:00,8.052935,10.748925,4.7,4.57
T04,GL-4396,2026-03-12 14:32:00,8.053769,10.748926,4.9,3.33
T04,GL-4396,2026-03-12 14:33:00,8.05455,10.749037,8.8,4.56
T04,GL-4396,2026-03-12 14:34:00,8.055187,10.749118,6.6,5.17
T04,GL-4396,2026-03-12 14:35:00,8.05597,10.749153,5.2,4.92
T04,GL-4396,2026-03-12 14:36:00,8.056734,10.749276,5.8,3.45
T04,GL-4396,2026-03-12 14:37:00,8.057577,10.749338,11.4,4.15
T04,GL-4396,2026-03-12 14:38:00,8.058244,10.749382,6.6,4.79
T04,GL-4396,2026-03-12 14:39:00,8.059137,10.749472,7.8,3.34
T04,GL-4396,2026-03-12 14:40:00,8.059938,10.749569,5.2,5.53
T04,GL-4396,2026-03-12 14:41:00,8.060638,10.749571,9.9,3.58
T04,GL-4396,2026-03-12 14:42:00,8.061286,10.749732,4.9,3.01
T04,GL-4396,2026-03-12 14:43:00,8.062018,10.749711,6.2,3.22
T04,GL-4396,2026-03-12 14:44:00,8.062857,10.749943,5.1,5.09
T04,GL-4396,2026-03-12 14:45:00,8.063694,10.749897,9.6,3.86
T04,GL-4396,2026-03-12 14:46:00,8.064371,10.750051,7.1,4.07
T04,GL-4396,2026-03-12 14:47:00,8.065132,10.750144,10.9,3.13
T04,GL-4396,2026-03-12 14:48:00,8.065948,10.750205,8.4,5.22
T04,GL-4396,2026-03-12 14:49:00,8.066825,10.750268,5.5,3.54
T04,GL-4396,2026-03-12 14:50:00,8.067452,10.750499,8.5,3.86
T04,GL-4396,2026-03-12 14:51:00,8.068208,10.750442,5.6,3.79
T04,GL-4396,2026-03-12 14:52:00,8.069024,10.75051,4.2,3.48
T04,GL-4396,2026-03-12 14:53:00,8.069665,10.750586,4.2,3.4
T04,GL-4396,2026-03-12 14:54:00,8.070516,10.750729,11.5,4.96
T04,GL-4396,2026-03-12 14:55:00,8.071162,10.750874,8.2,3.07
T04,GL-4396,2026-03-12 14:56:00,8.072034,10.750822,8.4,3.58
T04,GL-4396,2026-03-12 14:57:00,8.07284,10.750944,6.6,5.23
T04,GL-4396,2026-03-12 14:58:00,8.073533,10.75109,7.8,3.25
T04,GL-4396,2026-03-12 14:59:00,8.074361,10.751133,11.1,3.1
T04,GL-4396,2026-03-12 15:00:00,8.074931,10.751218,10.5,2.84
T04,GL-4396,2026-03-12 15:01:00,8.075829,10.751325,11.3,4.64
T04,GL-4396,2026-03-12 15:02:00,8.076612,10.751365,5.5,3.59
T04,GL-4396,2026-03-12 15:03:00,8.077496,10.75144,8.2,5.33
T04,GL-4396,2026-03-12 15:04:00,8.078203,10.7516,9.9,4.52
T04,GL-4396,2026-03-12 15:05:00,8.078878,10.751587,11.9,4.96
T04,GL-4396,2026-03-12 15:06:00,8.079677,10.751658,11.5,4.27
T04,GL-4396,2026-03-12 15:07:00,8.080414,10.751697,6.1,3.54
T04,GL-4396,2026-03-12 15:08:00,8.08128,10.751847,4.5,2.93
T04,GL-4396,2026-03-12 15:09:00,8.082043,10.751848,6.1,4.25
T04,GL-4396,2026-03-12 15:10:00,8.082686,10.752024,9.0,5.58
T04,GL-4396,2026-03-12 15:11:00,8.083464,10.752057,10.6,4.18
T04,GL-4396,2026-03-12 15:12:00,8.084287,10.752288,6.8,4.4
T04,GL-4396,2026-03-12 15:13:00,8.085132,10.752191,11.5,4.29
T04,GL-4396,2026-03-12 15:14:00,8.085773,10.752425,7.6,4.8
T04,GL-4396,2026-03-12 15:15:00,8.086401,10.752374,7.8,4.65
T04,GL-4396,2026-03-12 15:16:00,8.087379,10.752427,6.8,3.17
T04,GL-4396,2026-03-12 15:17:00,8.088207,10.752676,7.9,5.22
T04,GL-4396,2026-03-12 15:18:00,8.088836,10.752699,10.3,3.99
T04,GL-4396,2026-03-12 15:19:00,8.089674,10.752782,5.9,4.94
T04,GL-4396,2026-03-12 15:20:00,8.090413,10.752962,9.2,3.1
T04,GL-4396,2026-03-12 15:21:00,8.091077,10.752821,10.5,3.22
T04,GL-4396,2026-03-12 15:22:00,8.091853,10.753019,6.2,3.41
T04,GL-4396,2026-03-12 15:23:00,8.092659,10.753071,11.7,4.4
T04,GL-4396,2026-03-12 15:24:00,8.093426,10.753186,9.2,4.19
T04,GL-4396,2026-03-12 15:25:00,8.094108,10.753202,7.1,4.72
T04,GL-4396,2026-03-12 15:26:00,8.094945,10.753236,11.3,5.39
T04,GL-4396,2026-03-12 15:27:00,8.095758,10.753406,5.3,4.72
T04,GL-4396,2026-03-12 15:28:00,8.09651,10.753399,7.7,3.45
T04,GL-4396,2026-03-12 15:29:00,8.097101,10.753647,4.7,3.99
T04,GL-4396,2026-03-12 15:30:00,8.098073,10.753801,6.0,4.63
T04,GL-4396,2026-03-12 15:31:00,8.098904,10.753682,9.8,3.84
T04,GL-4396,2026-03-12 15:32:00,8.099483,10.753805,9.5,4.04
T04,GL-4396,2026-03-12 15:33:00,8.100327,10.753827,11.3,4.52
T04,GL-4396,2026-03-12 15:34:00,8.101128,10.753999,10.4,4.43
T04,GL-4396,2026-03-12 15:35:00,8.101806,10.754126,10.7,5.55
T04,GL-4396,2026-03-12 15:36:00,8.10257,10.754138,7.9,3.24
T04,GL-4396,2026-03-12 15:37:00,8.103404,10.754332,4.9,5.56
T04,GL-4396,2026-03-12 15:38:00,8.104171,10.754358,10.2,4.19
T04,GL-4396,2026-03-12 15:39:00,8.104928,10.754504,11.8,4.41
T04,GL-4396,2026-03-12 15:40:00,8.105491,10.75447,4.1,3.8
T04,GL-4396,2026-03-12 15:41:00,8.106447,10.754592,7.7,4.88
T04,GL-4396,2026-03-12 15:42:00,8.107175,10.754708,7.0,3.05
T04,GL-4396,2026-03-12 15:43:00,8.10788,10.75474,7.6,4.11
T04,GL-4396,2026-03-12 15:44:00,8.108651,10.754813,11.2,3.36
T04,GL-4396,2026-03-12 15:45:00,8.109456,10.75494,5.2,5.39
T04,GL-4396,2026-03-12 15:46:00,8.110166,10.755039,10.5,5.38
T04,GL-4396,2026-03-12 15:47:00,8.111069,10.755059,5.1,4.0
T04,GL-4396,2026-03-12 15:48:00,8.111703,10.755154,7.9,4.14
T04,GL-4396,2026-03-12 15:49:00,8.112543,10.755252,8.6,4.96
T04,GL-4396,2026-03-12 15:50:00,8.113352,10.755364,8.8,3.57
T04,GL-4396,2026-03-12 15:51:00,8.113964,10.755411,9.1,3.65
T04,GL-4396,2026-03-12 15:52:00,8.114797,10.755604,9.3,4.53
T04,GL-4396,2026-03-12 15:53:00,8.115571,10.75557,5.1,5.17
T04,GL-4396,2026-03-12 15:54:00,8.116352,10.755705,8.8,3.66
T04,GL-4396,2026-03-12 15:55:00,8.117093,10.755742,5.3,5.24
T04,GL-4396,2026-03-12 15:56:00,8.117885,10.755846,11.3,3.59
T04,GL-4396,2026-03-12 15:57:00,8.118622,10.755802,5.9,4.78
T04,GL-4396,2026-03-12 15:58:00,8.119367,10.755955,9.7,4.74
T04,GL-4396,2026-03-12 15:59:00,8.120295,10.756082,8.9,4.28
T04,GL-4396,2026-03-12 16:00:00,8.120905,10.756145,8.3,3.36
T04,GL-4396,2026-03-12 16:01:00,8.121635,10.756207,8.4,2.97
T04,GL-4396,2026-03-12 16:02:00,8.122434,10.756252,7.0,5.0
T04,GL-4396,2026-03-12 16:03:00,8.123129,10.756414,4.2,3.52
T04,GL-4396,2026-03-12 16:04:00,8.123858,10.756554,7.1,3.91
T04,GL-4396,2026-03-12 16:05:00,8.124727,10.756501,10.7,4.1
T04,GL-4396,2026-03-12 16:06:00,8.125477,10.756594,7.0,3.81
T04,GL-4396,2026-03-12 16:07:00,8.126195,10.756839,7.9,3.22
T04,GL-4396,2026-03-12 16:08:00,8.127008,10.756782,11.9,3.8
T04,GL-4396,2026-03-12 16:09:00,8.127631,10.756849,4.8,4.8
T04,GL-4396,2026-03-12 16:10:00,8.128632,10.757014,7.9,5.1
T04,GL-4396,2026-03-12 16:11:00,8.12939,10.757053,5.3,4.35
T04,GL-4396,2026-03-12 16:12:00,7.987365,10.757076,10.6,328.45
T04,GL-4396,2026-03-12 16:13:00,8.130845,10.757225,8.4,4.02
T04,GL-4396,2026-03-12 16:14:00,8.131539,10.757301,11.4,4.67
T04,GL-4396,2026-03-12 16:15:00,8.132404,10.757408,7.7,3.75
T04,GL-4396,2026-03-12 16:16:00,8.133108,10.757435,9.0,4.28
T04,GL-4396,2026-03-12 16:17:00,8.133927,10.757527,8.4,4.59
T04,GL-4396,2026-03-12 16:18:00,8.134552,10.757669,6.8,2.85
T04,GL-4396,2026-03-12 16:19:00,8.135446,10.75767,,5.44
T04,GL-4396,2026-03-12 16:20:00,8.136189,10.757742,11.6,5.23
T04,GL-4396,2026-03-12 16:21:00,8.136936,10.757945,10.4,4.7
T04,GL-4396,2026-03-12 16:22:00,8.137668,10.757958,11.2,3.73
T04,GL-4396,2026-03-12 16:23:00,8.138456,10.758061,6.5,2.83
T04,GL-4396,2026-03-12 16:24:00,8.139246,10.758151,4.1,4.87
T04,GL-4396,2026-03-12 16:25:00,8.14,10.758193,11.4,3.57
T04,GL-4396,2026-03-12 16:26:00,8.140837,10.75839,11.8,2.82
T04,GL-4396,2026-03-12 16:27:00,8.141524,10.758352,5.1,5.13
T04,GL-4396,2026-03-12 16:28:00,8.141565,10.758287,8.7,0.51
T04,GL-4396,2026-03-12 16:29:00,8.141479,10.758343,9.5,0.87
T04,GL-4396,2026-03-12 16:30:00,8.141514,10.758196,4.1,0.59
T04,GL-4396,2026-03-12 16:31:00,8.141692,10.758328,4.1,0.11
T04,GL-4396,2026-03-12 16:32:00,8.141564,10.758333,7.2,0.47
T04,GL-4396,2026-03-12 16:33:00,8.141535,10.758291,10.4,0.05
T04,GL-4396,2026-03-12 16:34:00,8.141514,10.758344,9.9,0.51
T04,GL-4396,2026-03-12 16:35:00,8.141467,10.758416,,0.34
T04,GL-4396,2026-03-12 16:36:00,8.141527,10.758318,5.8,0.48
T04,GL-4396,2026-03-12 16:37:00,8.141592,10.758475,6.7,0.81
T04,GL-4396,2026-03-12 16:38:00,8.141387,10.758333,6.0,0.63
T04,GL-4396,2026-03-12 16:39:00,8.141276,10.7583,11.6,0.73
T04,GL-4396,2026-03-12 16:40:00,8.141493,10.758341,,0.24
T04,GL-4396,2026-03-12 16:41:00,8.141442,10.758379,4.5,0.15
T04,GL-4396,2026-03-12 16:42:00,8.141511,10.758424,5.0,0.89
T04,GL-4396,2026-03-12 16:43:00,8.141609,10.758376,7.5,0.84
T04,GL-4396,2026-03-12 16:44:00,8.141668,10.758283,9.3,0.11
T04,GL-4396,2026-03-12 16:45:00,8.141438,10.758399,5.8,0.82
T04,GL-4396,2026-03-12 16:46:00,8.14139,10.758259,10.3,0.16
T04,GL-4396,2026-03-12 16:47:00,8.141455,10.758495,9.5,0.57
T04,GL-4396,2026-03-12 16:48:00,8.140902,10.758349,10.7,4.64
T04,GL-4396,2026-03-12 16:49:00,8.140444,10.758254,10.1,3.06
T04,GL-4396,2026-03-12 16:50:00,8.139931,10.758279,7.6,4.92
T04,GL-4396,2026-03-12 16:51:00,8.13934,10.758297,11.0,3.62
T04,GL-4396,2026-03-12 16:52:00,8.138845,10.75819,7.8,5.51
T04,GL-4396,2026-03-12 16:53:00,8.138349,10.758127,6.0,4.09
T04,GL-4396,2026-03-12 16:54:00,8.137802,10.758115,11.5,4.26
T04,GL-4396,2026-03-12 16:55:00,8.137274,10.758115,11.0,5.35
T04,GL-4396,2026-03-12 16:56:00,8.136772,10.758165,9.9,3.74
T04,GL-4396,2026-03-12 16:57:00,8.136228,10.757986,7.3,4.82
T04,GL-4396,2026-03-12 16:58:00,8.135759,10.757952,8.7,3.05
T04,GL-4396,2026-03-12 16:59:00,8.135071,10.757857,7.6,2.84
T04,GL-4396,2026-03-12 17:00:00,8.134624,10.757894,11.8,5.01
T04,GL-4396,2026-03-12 17:01:00,8.134172,10.757913,7.5,4.25
T04,GL-4396,2026-03-12 17:02:00,8.133629,10.757897,5.7,2.93
T04,GL-4396,2026-03-12 17:03:00,8.132903,10.757868,9.0,4.59
T04,GL-4396,2026-03-12 17:04:00,8.1325,10.757828,6.1,3.25
T04,GL-4396,2026-03-12 17:05:00,8.131873,10.757681,12.0,5.04
T04,GL-4396,2026-03-12 17:06:00,8.13142,10.757682,11.0,3.83
T04,GL-4396,2026-03-12 17:07:00,8.130944,10.757643,9.6,4.27
T04,GL-4396,2026-03-12 17:08:00,8.130314,10.757637,,4.72
T04,GL-4396,2026-03-12 17:09:00,8.129832,10.757701,8.3,4.81
T04,GL-4396,2026-03-12 17:10:00,8.129271,10.75759,5.7,4.69
T04,GL-4396,2026-03-12 17:11:00,8.128645,10.757527,4.7,4.61
T04,GL-4396,2026-03-12 17:12:00,8.128171,10.757559,7.6,3.75
T04,GL-4396,2026-03-12 17:13:00,8.127539,10.757477,6.4,2.8
T04,GL-4396,2026-03-12 17:14:00,8.127106,10.757378,8.9,5.26
T04,GL-4396,2026-03-12 17:15:00,8.126519,10.757354,10.7,4.49
T04,GL-4396,2026-03-12 17:16:00,8.126143,10.757514,11.3,3.48
T04,GL-4396,2026-03-12 17:17:00,8.125518,10.75739,6.4,3.9
T04,GL-4396,2026-03-12 17:18:00,8.124956,10.757191,10.9,2.88
T04,GL-4396,2026-03-12 17:19:00,8.124444,10.757273,6.0,3.22
T04,GL-4396,2026-03-12 17:20:00,8.123992,10.75734,9.5,3.66
T04,GL-4396,2026-03-12 17:21:00,8.123401,10.757225,9.0,4.76
T04,GL-4396,2026-03-12 17:22:00,8.122823,10.757237,,4.49
T04,GL-4396,2026-03-12 17:23:00,8.122261,10.757177,11.4,4.73
T04,GL-4396,2026-03-12 17:24:00,8.121874,10.75708,10.3,5.35
T04,GL-4396,2026-03-12 17:25:00,8.121196,10.756993,8.4,3.92
T04,GL-4396,2026-03-12 17:26:00,8.12067,10.757065,8.4,5.23
T04,GL-4396,2026-03-12 17:27:00,8.120313,10.756922,11.8,5.36
T04,GL-4396,2026-03-12 17:28:00,8.119696,10.757037,7.4,4.33
T04,GL-4396,2026-03-12 17:29:00,8.119111,10.756872,10.4,4.14
T04,GL-4396,2026-03-12 17:30:00,8.118568,10.756856,9.1,4.65
T04,GL-4396,2026-03-12 17:31:00,8.118053,10.756777,10.7,3.8
T04,GL-4396,2026-03-12 17:32:00,8.117501,10.756817,10.4,5.59
T04,GL-4396,2026-03-12 17:33:00,8.116932,10.756799,4.6,4.79
T04,GL-4396,2026-03-12 17:34:00,8.116432,10.756777,9.4,4.69
T04,GL-4396,2026-03-12 17:35:00,8.115813,10.756676,11.0,5.13
T04,GL-4396,2026-03-12 17:36:00,8.115448,10.756555,11.0,3.37
T04,GL-4396,2026-03-12 17:37:00,8.114961,10.756606,8.8,4.57
T04,GL-4396,2026-03-12 17:38:00,8.114208,10.756613,8.3,3.79
T04,GL-4396,2026-03-12 17:39:00,8.113775,10.756487,11.6,5.12
T04,GL-4396,2026-03-12 17:40:00,8.113224,10.756425,4.8,3.14
T04,GL-4396,2026-03-12 17:41:00,8.112757,10.756514,11.1,3.46
T04,GL-4396,2026-03-12 17:42:00,8.112179,10.75643,6.5,4.76
T04,GL-4396,2026-03-12 17:43:00,8.111673,10.756427,4.5,3.72
T04,GL-4396,2026-03-12 17:44:00,8.111203,10.756384,7.1,4.16
T04,GL-4396,2026-03-12 17:45:00,8.11055,10.756351,11.7,4.36
T04,GL-4396,2026-03-12 17:46:00,8.110056,10.756382,11.9,4.7
T04,GL-4396,2026-03-12 17:47:00,8.10945,10.756205,6.9,3.47
T04,GL-4396,2026-03-12 17:48:00,8.109042,10.756331,11.5,3.0
T04,GL-4396,2026-03-12 17:49:00,8.108463,10.756197,11.6,4.29
T04,GL-4396,2026-03-12 17:50:00,8.107972,10.756221,7.2,4.22
T04,GL-4396,2026-03-12 17:51:00,8.10729,10.756156,10.1,3.08
T04,GL-4396,2026-03-12 17:52:00,8.106739,10.75612,4.7,4.42
T04,GL-4396,2026-03-12 17:53:00,8.106371,10.756164,5.9,2.98
T04,GL-4396,2026-03-12 17:54:00,8.105776,10.756015,6.4,4.86
T04,GL-4396,2026-03-12 17:55:00,8.105297,10.755951,9.5,4.4
T04,GL-4396,2026-03-12 17:56:00,8.104694,10.755875,10.2,4.44
T04,GL-4396,2026-03-12 17:57:00,8.10412,10.755902,4.2,3.5
T04,GL-4396,2026-03-12 17:58:00,8.10368,10.75595,5.7,3.0
T04,GL-4396,2026-03-12 17:59:00,8.103255,10.75584,4.3,4.15
T04,GL-4396,2026-03-12 18:00:00,8.102522,10.755884,6.1,2.83
T04,GL-4396,2026-03-12 18:01:00,8.102,10.75576,11.1,4.35
T04,GL-4396,2026-03-12 18:02:00,8.101455,10.755808,6.0,4.01
T04,GL-4396,2026-03-12 18:03:00,8.100941,10.755734,11.4,5.5
T04,GL-4396,2026-03-12 18:04:00,8.100507,10.755703,5.1,5.58
T04,GL-4396,2026-03-12 18:05:00,8.099847,10.755727,4.4,5.45
T04,GL-4396,2026-03-12 18:06:00,8.099317,10.755635,10.6,5.07
T04,GL-4396,2026-03-12 18:07:00,8.099011,10.755489,7.3,3.41
T04,GL-4396,2026-03-12 18:08:00,8.098292,10.755466,4.2,4.98
T04,GL-4396,2026-03-12 18:09:00,8.097716,10.755538,8.3,5.42
T04,GL-4396,2026-03-12 18:10:00,8.097233,10.755483,7.8,5.01
T04,GL-4396,2026-03-12 18:11:00,8.096767,10.755483,11.5,3.39
T04,GL-4396,2026-03-12 18:12:00,8.096122,10.755488,11.1,5.17
T04,GL-4396,2026-03-12 18:13:00,8.095557,10.755415,6.8,4.5
T04,GL-4396,2026-03-12 18:14:00,8.095049,10.755342,6.2,3.82
T04,GL-4396,2026-03-12 18:15:00,8.09461,10.755154,11.4,4.02
T04,GL-4396,2026-03-12 18:16:00,8.093989,10.755231,7.1,5.11
T04,GL-4396,2026-03-12 18:17:00,8.093499,10.75536,5.1,4.36
T04,GL-4396,2026-03-12 18:18:00,8.092967,10.755217,8.3,3.85
T04,GL-4396,2026-03-12 18:19:00,8.092403,10.755141,8.4,4.0
T04,GL-4396,2026-03-12 18:20:00,8.091824,10.755233,9.2,4.66
T04,GL-4396,2026-03-12 18:21:00,8.091329,10.75517,10.7,3.14
T04,GL-4396,2026-03-12 18:22:00,8.090782,10.755051,7.5,4.8
T04,GL-4396,2026-03-12 18:23:00,8.090355,10.755093,4.9,4.73
T04,GL-4396,2026-03-12 18:24:00,8.089861,10.754979,7.0,4.01
T04,GL-4396,2026-03-12 18:25:00,8.089237,10.754883,4.5,4.33
T04,GL-4396,2026-03-12 18:26:00,8.088702,10.755021,9.4,2.89
T04,GL-4396,2026-03-12 18:27:00,8.088235,10.754977,6.6,5.34
T04,GL-4396,2026-03-12 18:28:00,8.087643,10.754726,7.2,3.93
T04,GL-4396,2026-03-12 18:29:00,8.087108,10.754777,10.0,5.29
T04,GL-4396,2026-03-12 18:30:00,8.086593,10.754807,11.2,3.14
T04,GL-4396,2026-03-12 18:31:00,8.086091,10.754752,11.1,3.21
T04,GL-4396,2026-03-12 18:32:00,8.085507,10.754808,5.7,3.31
T04,GL-4396,2026-03-12 18:33:00,8.085028,10.754655,11.7,4.84
T04,GL-4396,2026-03-12 18:34:00,8.084405,10.754637,11.2,4.01
T04,GL-4396,2026-03-12 18:35:00,8.083933,10.754548,10.2,3.6
T04,GL-4396,2026-03-12 18:36:00,8.083333,10.754464,5.1,3.65
T04,GL-4396,2026-03-12 18:37:00,8.082911,10.754562,9.2,5.1
T04,GL-4396,2026-03-12 18:38:00,8.082376,10.754415,6.4,5.23
T04,GL-4396,2026-03-12 18:39:00,8.081766,10.754431,11.9,3.8
T04,GL-4396,2026-03-12 18:40:00,8.081217,10.754428,4.4,2.93
T04,GL-4396,2026-03-12 18:41:00,8.080709,10.754403,5.1,4.14
T04,GL-4396,2026-03-12 18:42:00,8.080205,10.754248,9.0,2.95
T04,GL-4396,2026-03-12 18:43:00,8.079529,10.754403,10.2,4.51
T04,GL-4396,2026-03-12 18:44:00,8.079095,10.754342,9.3,4.08
T04,GL-4396,2026-03-12 18:45:00,8.078674,10.754153,6.2,3.32
T04,GL-4396,2026-03-12 18:46:00,8.077904,10.754277,4.6,3.9
T04,GL-4396,2026-03-12 18:47:00,8.077593,10.754192,8.0,5.12
T04,GL-4396,2026-03-12 18:48:00,8.076944,10.754082,5.7,4.96
T04,GL-4396,2026-03-12 18:49:00,8.076464,10.75412,7.0,4.82
T04,GL-4396,2026-03-12 18:50:00,8.075912,10.754058,7.4,4.64
T04,GL-4396,2026-03-12 18:51:00,8.075443,10.754122,4.1,4.65
T04,GL-4396,2026-03-12 18:52:00,8.074786,10.754066,6.2,3.48
T04,GL-4396,2026-03-12 18:53:00,8.074391,10.753966,9.0,3.11
T04,GL-4396,2026-03-12 18:54:00,8.073712,10.753874,6.7,2.87
T04,GL-4396,2026-03-12 18:55:00,8.073255,10.753849,5.2,2.97
T04,GL-4396,2026-03-12 18:56:00,8.072697,10.75385,5.8,3.39
T04,GL-4396,2026-03-12 18:57:00,8.07214,10.753856,7.2,3.24
T04,GL-4396,2026-03-12 18:58:00,8.071676,10.753801,8.1,3.62
T04,GL-4396,2026-03-12 18:59:00,8.071046,10.753797,9.4,4.25
T04,GL-4396,2026-03-12 19:00:00,8.070665,10.75376,6.3,3.17
T04,GL-4396,2026-03-12 19:01:00,8.070027,10.753602,6.5,4.04
T04,GL-4396,2026-03-12 19:02:00,8.069544,10.753647,6.4,3.68
T04,GL-4396,2026-03-12 19:03:00,8.068902,10.753755,9.1,5.2
T04,GL-4396,2026-03-12 19:04:00,8.068532,10.753728,4.8,5.0
T04,GL-4396,2026-03-12 19:05:00,8.067866,10.753569,5.2,4.26
T04,GL-4396,2026-03-12 19:06:00,8.067361,10.753514,6.6,3.82
T04,GL-4396,2026-03-12 19:07:00,8.066805,10.753622,5.6,3.74
T04,GL-4396,2026-03-12 19:08:00,8.066318,10.753438,7.0,4.79
T04,GL-4396,2026-03-12 19:09:00,8.065732,10.753351,11.7,2.97
T04,GL-4396,2026-03-12 19:10:00,8.065256,10.753396,4.3,3.82
T04,GL-4396,2026-03-12 19:11:00,8.064662,10.75334,7.4,3.24
T04,GL-4396,2026-03-12 19:12:00,7.995296,10.753318,11.0,419.1
T04,GL-4396,2026-03-12 19:13:00,8.063655,10.753276,4.4,3.72
T04,GL-4396,2026-03-12 19:14:00,8.063061,10.753156,5.2,4.0
T04,GL-4396,2026-03-12 19:15:00,8.062461,10.753211,6.8,3.15
T04,GL-4396,2026-03-12 19:16:00,8.062039,10.753082,6.2,3.84
T04,GL-4396,2026-03-12 19:17:00,8.061584,10.753148,5.0,5.52
T04,GL-4396,2026-03-12 19:18:00,8.060985,10.753244,9.1,3.98
T04,GL-4396,2026-03-12 19:19:00,8.060427,10.753085,5.1,4.69
T04,GL-4396,2026-03-12 19:20:00,8.059914,10.753059,8.3,5.34
T04,GL-4396,2026-03-12 19:21:00,8.05939,10.752885,5.6,3.66
T04,GL-4396,2026-03-12 19:22:00,8.0588,10.752939,6.7,3.43
T04,GL-4396,2026-03-12 19:23:00,8.058309,10.75293,8.5,4.82
T04,GL-4396,2026-03-12 19:24:00,8.057848,10.753011,4.9,3.91
T04,GL-4396,2026-03-12 19:25:00,8.057299,10.752866,9.2,2.86
T04,GL-4396,2026-03-12 19:26:00,8.056643,10.752851,11.8,5.07
T04,GL-4396,2026-03-12 19:27:00,8.056146,10.752757,11.0,5.2
T04,GL-4396,2026-03-12 19:28:00,8.05557,10.752728,7.7,3.07
T04,GL-4396,2026-03-12 19:29:00,8.055058,10.7527,11.4,3.66
T04,GL-4396,2026-03-12 19:30:00,8.054626,10.752644,11.9,3.61
T04,GL-4396,2026-03-12 19:31:00,8.054009,10.752599,9.7,5.04
T04,GL-4396,2026-03-12 19:32:00,8.053629,10.752678,6.2,4.28
T04,GL-4396,2026-03-12 19:33:00,8.052955,10.752522,8.1,2.93
T04,GL-4396,2026-03-12 19:34:00,8.052462,10.752383,5.7,4.01
T04,GL-4396,2026-03-12 19:35:00,8.051976,10.75248,11.1,4.81
T04,GL-4396,2026-03-12 19:36:00,8.051306,10.752556,7.4,4.81
T04,GL-4396,2026-03-12 19:37:00,8.050888,10.752451,7.6,3.88
T04,GL-4396,2026-03-12 19:38:00,8.050341,10.752351,9.6,4.38
T04,GL-4396,2026-03-12 19:39:00,8.049782,10.752322,10.0,4.23
T04,GL-4396,2026-03-12 19:40:00,8.049239,10.75237,5.4,3.9
T04,GL-4396,2026-03-12 19:41:00,8.048654,10.752414,6.1,2.82
T04,GL-4396,2026-03-12 19:42:00,8.048218,10.752239,11.8,5.59
T04,GL-4396,2026-03-12 19:43:00,8.047672,10.752185,5.9,3.38
T04,GL-4396,2026-03-12 19:44:00,8.047192,10.75218,,5.29
T04,GL-4396,2026-03-12 19:45:00,8.046548,10.752159,5.3,5.33
T04,GL-4396,2026-03-12 19:46:00,8.045982,10.752287,4.1,2.81
T04,GL-4396,2026-03-12 19:47:00,8.045496,10.752121,9.5,4.68
T04,GL-4396,2026-03-12 19:48:00,8.045064,10.751988,11.1,3.78
T04,GL-4396,2026-03-12 19:49:00,8.044343,10.751984,9.7,5.11
T04,GL-4396,2026-03-12 19:50:00,8.043828,10.752014,5.1,5.48
T04,GL-4396,2026-03-12 19:51:00,8.043405,10.752076,10.3,3.82
T04,GL-4396,2026-03-12 19:52:00,8.04287,10.751916,4.4,5.52
T04,GL-4396,2026-03-12 19:53:00,8.042329,10.751821,9.7,3.97
T04,GL-4396,2026-03-12 19:54:00,8.041816,10.751784,6.7,4.73
T04,GL-4396,2026-03-12 19:55:00,8.041252,10.751924,6.2,3.81
T04,GL-4396,2026-03-12 19:56:00,8.040708,10.751826,4.3,2.96
T04,GL-4396,2026-03-12 19:57:00,8.040111,10.75175,11.1,5.01
T04,GL-4396,2026-03-12 19:58:00,8.039676,10.751556,10.6,3.93
T04,GL-4396,2026-03-12 19:59:00,8.039099,10.75177,5.5,3.7
T04,GL-4396,2026-03-12 20:00:00,8.038674,10.751628,10.4,3.88
T04,GL-4396,2026-03-12 20:01:00,8.038014,10.751622,4.7,2.81
T04,GL-4396,2026-03-12 20:02:00,8.037532,10.75157,4.6,3.38
T04,GL-4396,2026-03-12 20:03:00,8.036907,10.751467,11.6,3.13
T04,GL-4396,2026-03-12 20:04:00,8.036468,10.751466,9.3,3.61
T04,GL-4396,2026-03-12 20:05:00,8.035846,10.751467,7.3,4.52
T04,GL-4396,2026-03-12 20:06:00,8.035306,10.751419,7.6,5.02
T04,GL-4396,2026-03-12 20:07:00,8.034774,10.751366,4.4,4.3
T04,GL-4396,2026-03-12 20:08:00,8.034278,10.751369,5.9,3.78
T04,GL-4396,2026-03-12 20:09:00,8.033753,10.751351,4.3,3.22
T04,GL-4396,2026-03-12 20:10:00,8.033258,10.751264,7.2,3.0
T04,GL-4396,2026-03-12 20:11:00,8.032763,10.751252,6.6,5.22
T04,GL-4396,2026-03-12 20:12:00,8.032184,10.751317,5.6,5.27
T04,GL-4396,2026-03-12 20:13:00,8.031693,10.751236,11.9,3.51
T04,GL-4396,2026-03-12 20:14:00,8.031141,10.751144,9.2,2.88
T04,GL-4396,2026-03-12 20:15:00,8.030613,10.751086,7.4,3.81
T04,GL-4396,2026-03-12 20:16:00,8.030066,10.751141,7.0,4.86
T04,GL-4396,2026-03-12 20:17:00,8.029578,10.751018,8.8,3.16
T04,GL-4396,2026-03-12 20:18:00,8.029029,10.751027,11.3,4.57
T04,GL-4396,2026-03-12 20:19:00,8.028489,10.751014,9.0,5.29
T04,GL-4396,2026-03-12 20:20:00,8.028048,10.751008,10.3,4.88
T04,GL-4396,2026-03-12 20:21:00,8.027374,10.750917,5.2,2.81
T04,GL-4396,2026-03-12 20:22:00,8.026852,10.750826,9.8,4.06
T04,GL-4396,2026-03-12 20:23:00,8.026413,10.750921,8.5,3.26
T04,GL-4396,2026-03-12 20:24:00,8.025619,10.750774,5.0,3.22
T04,GL-4396,2026-03-12 20:25:00,8.025238,10.750828,9.4,4.24
T04,GL-4396,2026-03-12 20:26:00,8.024729,10.750734,11.7,5.36
T04,GL-4396,2026-03-12 20:27:00,8.0241,10.750656,4.8,4.67
T04,GL-4396,2026-03-12 20:28:00,8.023642,10.750623,6.1,2.99
T04,GL-4396,2026-03-12 20:29:00,8.023017,10.750562,10.7,4.67
T04,GL-4396,2026-03-12 20:30:00,8.022495,10.750527,7.7,3.39
T04,GL-4396,2026-03-12 20:31:00,8.022021,10.750691,8.9,5.3
T04,GL-4396,2026-03-12 20:32:00,8.021454,10.750484,4.4,4.98
T04,GL-4396,2026-03-12 20:33:00,8.020892,10.750583,4.5,5.35
T04,GL-4396,2026-03-12 20:34:00,8.020388,10.750418,7.4,3.11
T04,GL-4396,2026-03-12 20:35:00,8.019892,10.750538,11.0,5.44
T04,GL-4396,2026-03-12 20:36:00,8.019367,10.750335,8.7,4.94
T04,GL-4396,2026-03-12 20:37:00,8.018925,10.750342,9.8,3.28
T04,GL-4396,2026-03-12 20:38:00,8.018318,10.750229,7.0,3.3
T04,GL-4396,2026-03-12 20:39:00,8.017921,10.750204,9.3,5.27
T04,GL-4396,2026-03-12 20:40:00,8.017215,10.750204,10.8,5.55
T04,GL-4396,2026-03-12 20:41:00,8.016712,10.750093,5.8,4.5
T04,GL-4396,2026-03-12 20:42:00,8.016148,10.750141,4.2,3.36
T04,GL-4396,2026-03-12 20:43:00,8.015611,10.750047,8.5,4.49
T04,GL-4396,2026-03-12 20:44:00,8.015144,10.750047,5.4,4.69
T04,GL-4396,2026-03-12 20:45:00,8.014551,10.750149,11.9,3.65
T04,GL-4396,2026-03-12 20:46:00,8.013987,10.749953,5.9,5.2
T04,GL-4396,2026-03-12 20:47:00,8.013526,10.74987,8.3,3.42
T04,GL-4396,2026-03-12 20:48:00,8.012994,10.74993,8.6,3.87
T04,GL-4396,2026-03-12 20:49:00,8.012394,10.749976,11.4,5.05
T04,GL-4396,2026-03-12 20:50:00,8.01187,10.749921,5.2,2.88
T04,GL-4396,2026-03-12 20:51:00,8.011369,10.749748,6.6,4.86
T04,GL-4396,2026-03-12 20:52:00,8.010876,10.749894,10.2,5.55
T04,GL-4396,2026-03-12 20:53:00,8.010427,10.749827,6.0,3.0
T04,GL-4396,2026-03-12 20:54:00,8.009666,10.749801,4.1,3.93
T04,GL-4396,2026-03-12 20:55:00,8.009109,10.749667,5.8,3.73
T04,GL-4396,2026-03-12 20:56:00,8.008638,10.749655,7.1,3.22
T04,GL-4396,2026-03-12 20:57:00,8.008128,10.749653,,4.6
T04,GL-4396,2026-03-12 20:58:00,8.007539,10.749542,8.6,3.93
T04,GL-4396,2026-03-12 20:59:00,8.006991,10.749586,9.2,5.44
T04,GL-4396,2026-03-12 21:00:00,8.006478,10.749531,10.6,3.79
T04,GL-4396,2026-03-12 21:01:00,8.005931,10.749449,5.0,5.33
T04,GL-4396,2026-03-12 21:02:00,8.005546,10.749401,5.6,4.63
T04,GL-4396,2026-03-12 21:03:00,8.005037,10.749443,9.5,4.54
T04,GL-4396,2026-03-12 21:04:00,8.004355,10.749392,4.0,4.58
T04,GL-4396,2026-03-12 21:05:00,8.00395,10.749384,8.5,3.85
T04,GL-4396,2026-03-12 21:06:00,8.003393,10.749422,6.9,4.92
T04,GL-4396,2026-03-12 21:07:00,8.002792,10.749408,9.8,4.78
T04,GL-4396,2026-03-12 21:08:00,8.002238,10.749245,8.1,4.01
T04,GL-4396,2026-03-12 21:09:00,8.001802,10.749237,7.6,5.4
T04,GL-4396,2026-03-12 21:10:00,8.001226,10.749171,5.5,3.91
T04,GL-4396,2026-03-12 21:11:00,8.000749,10.74909,7.2,3.48
T04,GL-4396,2026-03-12 21:12:00,8.00011,10.749178,8.9,4.08
T04,GL-4396,2026-03-12 21:13:00,7.99969,10.749032,7.8,5.23
T04,GL-4396,2026-03-12 21:14:00,7.999116,10.748976,12.0,4.8
T04,GL-4396,2026-03-12 21:15:00,7.998665,10.748903,7.7,3.86
T04,GL-4396,2026-03-12 21:16:00,7.997963,10.748953,8.4,3.65
T04,GL-4396,2026-03-12 21:17:00,7.997469,10.748983,9.3,3.91
T04,GL-4396,2026-03-12 21:18:00,7.99699,10.748979,9.8,3.1
T04,GL-4396,2026-03-12 21:19:00,7.996462,10.74881,6.0,3.65
T04,GL-4396,2026-03-12 21:20:00,7.995835,10.748857,6.5,4.7
T04,GL-4396,2026-03-12 21:21:00,7.995307,10.748871,4.1,4.42
T04,GL-4396,2026-03-12 21:22:00,7.994793,10.748741,8.2,3.32
T04,GL-4396,2026-03-12 21:23:00,7.994256,10.748757,8.9,4.55
T04,GL-4396,2026-03-12 21:24:00,7.993798,10.748798,8.2,3.29
T04,GL-4396,2026-03-12 21:25:00,7.993219,10.748707,8.4,3.77
T04,GL-4396,2026-03-12 21:26:00,7.992725,10.748616,7.0,3.61
T04,GL-4396,2026-03-12 21:27:00,7.992219,10.74854,9.9,4.07
T04,GL-4396,2026-03-12 21:28:00,7.991633,10.748487,8.1,3.7
T04,GL-4396,2026-03-12 21:29:00,7.991038,10.748546,10.9,3.15
T04,GL-4396,2026-03-12 21:30:00,7.990621,10.748443,4.3,4.72
T04,GL-4396,2026-03-12 21:31:00,7.990018,10.748495,11.2,5.17
T04,GL-4396,2026-03-12 21:32:00,7.98948,10.748556,7.3,4.68
T04,GL-4396,2026-03-12 21:33:00,7.988892,10.748288,9.9,5.36
T04,GL-4396,2026-03-12 21:34:00,7.988443,10.748354,11.5,4.63
T04,GL-4396,2026-03-12 21:35:00,7.987893,10.748267,10.3,3.91
T04,GL-4396,2026-03-12 21:36:00,7.987373,10.748275,7.4,3.52
T04,GL-4396,2026-03-12 21:37:00,7.986836,10.748255,9.2,3.05
T04,GL-4396,2026-03-12 21:38:00,7.986278,10.748195,11.2,4.47
T04,GL-4396,2026-03-12 21:39:00,7.985748,10.748203,9.6,5.05
T04,GL-4396,2026-03-12 21:40:00,7.985173,10.748141,6.0,3.39
T04,GL-4396,2026-03-12 21:41:00,7.984641,10.748152,,4.25
T04,GL-4396,2026-03-12 21:42:00,7.984006,10.748149,9.4,4.72
T04,GL-4396,2026-03-12 21:43:00,7.983673,10.748104,4.3,5.33
T04,GL-4396,2026-03-12 21:44:00,7.983172,10.748038,11.8,5.17
T04,GL-4396,2026-03-12 21:45:00,7.982571,10.747942,8.6,4.31
T04,GL-4396,2026-03-12 21:46:00,7.982081,10.748019,8.4,3.74
T04,GL-4396,2026-03-12 21:47:00,7.981367,10.747908,6.4,3.12
T04,GL-4396,2026-03-12 21:48:00,7.98098,10.747907,11.5,3.1
T04,GL-4396,2026-03-12 21:49:00,7.980469,10.747876,4.2,2.97
T04,GL-4396,2026-03-12 21:50:00,7.979886,10.747821,11.7,3.25
T04,GL-4396,2026-03-12 21:51:00,7.979273,10.747844,8.3,4.49
T04,GL-4396,2026-03-12 21:52:00,7.97878,10.747711,10.8,3.55
T04,GL-4396,2026-03-12 21:53:00,7.978278,10.747737,8.4,3.11
T04,GL-4396,2026-03-12 21:54:00,7.977775,10.747657,8.8,3.35
T04,GL-4396,2026-03-12 21:55:00,7.977173,10.747641,6.1,3.75
T04,GL-4396,2026-03-12 21:56:00,7.976705,10.747592,7.6,5.37
T04,GL-4396,2026-03-12 21:57:00,7.976184,10.747542,9.9,4.54
T04,GL-4396,2026-03-12 21:58:00,7.975539,10.74759,9.7,4.07
T04,GL-4396,2026-03-12 21:59:00,7.975029,10.747552,4.6,3.65
T04,GL-4396,2026-03-12 22:00:00,7.974632,10.747485,7.2,3.72
T04,GL-4396,2026-03-12 22:01:00,7.974037,10.747296,10.4,5.59
T04,GL-4396,2026-03-12 22:02:00,7.973466,10.747389,6.3,4.92
T04,GL-4396,2026-03-12 22:03:00,7.973032,10.747312,9.7,5.54
T04,GL-4396,2026-03-12 22:04:00,7.972285,10.747333,6.4,3.46
T04,GL-4396,2026-03-12 22:05:00,7.971897,10.747239,5.6,3.36
T04,GL-4396,2026-03-12 22:06:00,7.971337,10.74727,8.3,5.48
T04,GL-4396,2026-03-12 22:07:00,7.970772,10.747201,5.5,5.07
T04,GL-4396,2026-03-12 22:08:00,7.970435,10.747095,8.0,3.03
T04,GL-4396,2026-03-12 22:09:00,7.969776,10.747182,7.3,3.93
T04,GL-4396,2026-03-12 22:10:00,7.969157,10.747071,5.8,5.26
T04,GL-4396,2026-03-12 22:11:00,7.968529,10.747156,4.4,3.27
T04,GL-4396,2026-03-12 22:12:00,7.96814,10.7472,4.2,4.76
T04,GL-4396,2026-03-12 22:13:00,7.967614,10.747071,7.6,5.6
T04,GL-4396,2026-03-12 22:14:00,7.96706,10.746964,11.4,3.48
T04,GL-4396,2026-03-12 22:15:00,7.966644,10.746918,7.2,3.25
T04,GL-4396,2026-03-12 22:16:00,8.285033,10.746869,7.1,323.7
T04,GL-4396,2026-03-12 22:17:00,7.965542,10.74688,6.7,5.38
T04,GL-4396,2026-03-12 22:18:00,7.964892,10.746781,6.6,5.38
T04,GL-4396,2026-03-12 22:19:00,7.964445,10.746756,11.7,4.46
T04,GL-4396,2026-03-12 22:20:00,7.963944,10.746775,10.1,3.93
T04,GL-4396,2026-03-12 22:21:00,7.963351,10.746656,11.4,4.75
T04,GL-4396,2026-03-12 22:22:00,7.962762,10.746681,5.5,3.64
T04,GL-4396,2026-03-12 22:23:00,7.962345,10.746724,9.7,4.82
T04,GL-4396,2026-03-12 22:24:00,7.961697,10.746635,6.6,5.03
T04,GL-4396,2026-03-12 22:25:00,7.961192,10.746611,4.5,4.55
T04,GL-4396,2026-03-12 22:26:00,7.960702,10.746584,11.9,3.96
T04,GL-4396,2026-03-12 22:27:00,7.960001,10.746551,4.1,4.97
T04,GL-4396,2026-03-12 22:28:00,7.959558,10.746494,4.8,5.38
T04,GL-4396,2026-03-12 22:29:00,7.959146,10.746502,9.9,5.36
T04,GL-4396,2026-03-12 22:30:00,7.958464,10.746442,10.5,4.54
T04,GL-4396,2026-03-12 22:31:00,7.95805,10.746434,11.1,3.53
T04,GL-4396,2026-03-12 22:32:00,7.957469,10.746358,9.8,3.08
T04,GL-4396,2026-03-12 22:33:00,7.956798,10.746342,8.8,3.73
T04,GL-4396,2026-03-12 22:34:00,7.956334,10.746268,4.7,4.35
T04,GL-4396,2026-03-12 22:35:00,7.955941,10.746142,9.1,4.93
T04,GL-4396,2026-03-12 22:36:00,7.955293,10.746209,7.2,2.93
T04,GL-4396,2026-03-12 22:37:00,7.9549,10.746134,5.5,3.04
T04,GL-4396,2026-03-12 22:38:00,7.954263,10.746181,11.8,3.84
T04,GL-4396,2026-03-12 22:39:00,7.95369,10.746109,9.1,4.89
T04,GL-4396,2026-03-12 22:40:00,7.95318,10.746063,11.3,4.15
T04,GL-4396,2026-03-12 22:41:00,7.952755,10.746055,9.6,2.84
T04,GL-4396,2026-03-12 22:42:00,7.952206,10.745961,8.7,4.58
T04,GL-4396,2026-03-12 22:43:00,7.951613,10.745937,6.6,4.32
T04,GL-4396,2026-03-12 22:44:00,7.95108,10.74595,10.3,3.41
T04,GL-4396,2026-03-12 22:45:00,7.95058,10.745855,9.5,5.53
T04,GL-4396,2026-03-12 22:46:00,7.950047,10.745834,8.9,3.35
T04,GL-4396,2026-03-12 22:47:00,7.949514,10.745823,4.1,2.87
T04,GL-4396,2026-03-12 22:48:00,7.948924,10.745782,8.2,3.66
T04,GL-4396,2026-03-12 22:49:00,7.948447,10.745745,5.2,3.08
T04,GL-4396,2026-03-12 22:50:00,7.947875,10.745739,4.1,3.82
T04,GL-4396,2026-03-12 22:51:00,7.947331,10.745708,5.6,5.33
T04,GL-4396,2026-03-12 22:52:00,7.946905,10.745719,8.9,3.93
T04,GL-4396,2026-03-12 22:53:00,7.946339,10.745618,9.0,3.99
T04,GL-4396,2026-03-12 22:54:00,7.945799,10.745429,8.6,5.16
T04,GL-4396,2026-03-12 22:55:00,7.945287,10.745605,9.6,2.86
T04,GL-4396,2026-03-12 22:56:00,7.944584,10.745426,7.0,5.48
T04,GL-4396,2026-03-12 22:57:00,7.944076,10.745457,4.4,4.58
T04,GL-4396,2026-03-12 22:58:00,7.94356,10.745441,5.0,3.41
T04,GL-4396,2026-03-12 22:59:00,7.943113,10.745363,5.5,5.08
T04,GL-4396,2026-03-12 23:00:00,7.94256,10.745297,5.5,3.6
T04,GL-4396,2026-03-12 23:01:00,7.941992,10.745355,9.9,4.28
T04,GL-4396,2026-03-12 23:02:00,7.941452,10.745291,10.5,3.81
T04,GL-4396,2026-03-12 23:03:00,7.941099,10.745311,9.4,3.48
T04,GL-4396,2026-03-12 23:04:00,7.940427,10.745199,9.3,5.56
T04,GL-4396,2026-03-12 23:05:00,7.939923,10.745172,8.8,4.28
T04,GL-4396,2026-03-12 23:06:00,7.939342,10.745209,10.7,4.69
T04,GL-4396,2026-03-12 23:07:00,7.938712,10.745133,10.7,4.38
T04,GL-4396,2026-03-12 23:08:00,7.938233,10.745079,10.4,3.64
T04,GL-4396,2026-03-12 23:09:00,7.937747,10.744954,4.3,5.3
T04,GL-4396,2026-03-12 23:10:00,7.937091,10.744976,5.3,4.94
T04,GL-4396,2026-03-12 23:11:00,7.936727,10.744974,9.6,5.56
T04,GL-4396,2026-03-12 23:12:00,7.936178,10.744928,,3.94
T04,GL-4396,2026-03-12 23:13:00,7.935687,10.744896,11.0,5.47
T04,GL-4396,2026-03-12 23:14:00,7.935091,10.744798,6.1,3.73
T04,GL-4396,2026-03-12 23:15:00,7.934647,10.744815,8.3,3.84
T04,GL-4396,2026-03-12 23:16:00,7.934038,10.744782,5.9,4.77
T04,GL-4396,2026-03-12 23:17:00,7.93352,10.744851,9.1,3.37
T04,GL-4396,2026-03-12 23:18:00,7.932916,10.744663,11.1,5.22
T04,GL-4396,2026-03-12 23:19:00,7.932354,10.744783,5.6,3.32
T04,GL-4396,2026-03-12 23:20:00,7.931833,10.744732,5.1,4.55
T04,GL-4396,2026-03-12 23:21:00,7.931289,10.744685,6.3,4.15
T04,GL-4396,2026-03-12 23:22:00,7.930777,10.744572,11.0,3.64
T04,GL-4396,2026-03-12 23:23:00,7.930127,10.744655,9.0,5.59
T04,GL-4396,2026-03-12 23:24:00,7.929832,10.744471,10.7,4.57
T04,GL-4396,2026-03-12 23:25:00,7.929098,10.744421,9.1,3.88
T04,GL-4396,2026-03-12 23:26:00,7.928688,10.744498,11.3,3.75
T04,GL-4396,2026-03-12 23:27:00,7.928032,10.744419,8.6,4.77
T04,GL-4396,2026-03-12 23:28:00,7.927648,10.744311,10.3,4.31
T04,GL-4396,2026-03-12 23:29:00,7.927026,10.744406,9.7,4.14
T04,GL-4396,2026-03-12 23:30:00,7.926432,10.744308,8.0,3.58
T04,GL-4396,2026-03-12 23:31:00,7.925924,10.744234,8.1,4.82
T04,GL-4396,2026-03-12 23:32:00,7.925515,10.744248,9.5,4.09
T04,GL-4396,2026-03-12 23:33:00,7.92498,10.744131,11.0,3.59
T04,GL-4396,2026-03-12 23:34:00,7.924444,10.744227,4.8,4.09
T04,GL-4396,2026-03-12 23:35:00,7.92382,10.744138,4.7,3.77
T04,GL-4396,2026-03-12 23:36:00,7.923402,10.74412,4.2,3.36
T04,GL-4396,2026-03-12 23:37:00,7.922913,10.744032,11.5,5.14
T04,GL-4396,2026-03-12 23:38:00,7.922325,10.744057,5.4,5.29
T04,GL-4396,2026-03-12 23:39:00,7.921792,10.744006,8.4,5.18
T04,GL-4396,2026-03-12 23:40:00,7.921189,10.743935,8.6,4.16
T04,GL-4396,2026-03-12 23:41:00,7.920715,10.743954,4.2,3.33
T04,GL-4396,2026-03-12 23:42:00,7.920112,10.743849,8.4,5.55
T04,GL-4396,2026-03-12 23:43:00,7.919664,10.743921,4.3,2.89
T04,GL-4396,2026-03-12 23:44:00,7.91907,10.743824,4.0,5.13
T04,GL-4396,2026-03-12 23:45:00,7.918617,10.74386,6.8,3.17
T04,GL-4396,2026-03-12 23:46:00,7.918003,10.743778,4.5,3.49
T04,GL-4396,2026-03-12 23:47:00,7.917435,10.743656,5.8,3.82
T04,GL-4396,2026-03-12 23:48:00,7.916911,10.743779,5.1,4.45
T04,GL-4396,2026-03-12 23:49:00,7.916486,10.743625,8.0,4.27
T04,GL-4396,2026-03-12 23:50:00,7.915916,10.743617,6.7,5.52
T04,GL-4396,2026-03-12 23:51:00,7.915311,10.743504,7.4,5.45
T04,GL-4396,2026-03-12 23:52:00,7.914805,10.743504,4.6,3.79
T04,GL-4396,2026-03-12 23:53:00,7.914326,10.743543,5.6,4.62
T04,GL-4396,2026-03-12 23:54:00,7.913811,10.743543,6.0,5.49
T04,GL-4396,2026-03-12 23:55:00,7.913216,10.743501,9.8,4.4
T04,GL-4396,2026-03-12 23:56:00,7.912616,10.74344,7.9,5.01
T04,GL-4396,2026-03-12 23:57:00,7.912054,10.743418,5.8,4.94
T04,GL-4396,2026-03-12 23:58:00,7.911565,10.743345,6.9,3.16
T04,GL-4396,2026-03-12 23:59:00,7.911037,10.743245,9.8,5.39
T04,GL-4396,2026-03-13 00:00:00,7.910455,10.743284,7.1,4.5
T04,GL-4396,2026-03-13 00:01:00,7.910045,10.743207,9.3,4.87
T04,GL-4396,2026-03-13 00:02:00,7.909497,10.743192,4.7,5.49
T04,GL-4396,2026-03-13 00:03:00,7.908884,10.743194,9.5,4.24
T04,GL-4396,2026-03-13 00:04:00,7.908304,10.7431,5.7,4.44
T04,GL-4396,2026-03-13 00:05:00,7.907851,10.742958,8.3,4.77
T04,GL-4396,2026-03-13 00:06:00,7.907326,10.743026,10.1,3.99
T04,GL-4396,2026-03-13 00:07:00,7.9068,10.743072,6.3,3.17
T04,GL-4396,2026-03-13 00:08:00,7.90619,10.743024,8.2,4.54
T04,GL-4396,2026-03-13 00:09:00,7.905709,10.742892,8.6,4.95
T04,GL-4396,2026-03-13 00:10:00,7.905224,10.742937,5.0,3.1
T04,GL-4396,2026-03-13 00:11:00,7.904602,10.742919,6.9,3.16
T04,GL-4396,2026-03-13 00:12:00,7.904108,10.742851,6.8,3.79
T04,GL-4396,2026-03-13 00:13:00,7.903546,10.742807,11.6,3.78
T04,GL-4396,2026-03-13 00:14:00,7.903227,10.742824,5.7,3.28
T04,GL-4396,2026-03-13 00:15:00,7.902548,10.742689,5.7,4.02
T04,GL-4396,2026-03-13 00:16:00,7.90199,10.742727,10.8,4.06
T04,GL-4396,2026-03-13 00:17:00,7.901388,10.742706,7.3,3.6
T04,GL-4396,2026-03-13 00:18:00,7.900855,10.74266,11.7,2.83
T04,GL-4396,2026-03-13 00:19:00,7.900362,10.74261,11.0,4.87
T04,GL-4396,2026-03-13 00:20:00,7.899969,10.742486,6.0,5.1
T04,GL-4396,2026-03-13 00:21:00,7.89946,10.742535,8.4,4.94
T04,GL-4396,2026-03-13 00:22:00,7.898772,10.742423,6.8,5.27
T04,GL-4396,2026-03-13 00:23:00,7.973605,10.742484,10.7,418.32
T04,GL-4396,2026-03-13 00:24:00,7.897684,10.742432,11.9,4.95
T04,GL-4396,2026-03-13 00:25:00,7.897176,10.742436,11.7,3.99
T04,GL-4396,2026-03-13 00:26:00,7.89669,10.742411,7.1,3.91
T04,GL-4396,2026-03-13 00:27:00,7.896024,10.742192,11.0,5.29
T04,GL-4396,2026-03-13 00:28:00,7.895485,10.742287,10.5,4.32
T04,GL-4396,2026-03-13 00:29:00,7.895159,10.742327,5.8,5.0
T04,GL-4396,2026-03-13 00:30:00,7.894488,10.742256,11.6,5.37
T04,GL-4396,2026-03-13 00:31:00,7.89401,10.742154,5.7,5.22
T04,GL-4396,2026-03-13 00:32:00,7.893449,10.742087,5.2,4.44
T04,GL-4396,2026-03-13 00:33:00,7.892937,10.742176,7.1,3.77
T04,GL-4396,2026-03-13 00:34:00,7.89238,10.742021,11.0,3.17
T04,GL-4396,2026-03-13 00:35:00,7.891715,10.742113,6.4,5.39
T04,GL-4396,2026-03-13 00:36:00,7.891314,10.742124,6.4,4.0
T04,GL-4396,2026-03-13 00:37:00,7.890793,10.742034,9.2,4.89
T04,GL-4396,2026-03-13 00:38:00,7.890296,10.742087,7.8,3.31
T04,GL-4396,2026-03-13 00:39:00,7.889871,10.741951,5.7,3.49
T04,GL-4396,2026-03-13 00:40:00,7.889073,10.74184,8.8,4.37
T04,GL-4396,2026-03-13 00:41:00,7.88874,10.741865,11.8,4.02
T04,GL-4396,2026-03-13 00:42:00,7.888085,10.7418,10.3,4.16
T04,GL-4396,2026-03-13 00:43:00,7.887755,10.741754,10.8,4.08
T04,GL-4396,2026-03-13 00:44:00,7.887063,10.741766,7.1,4.03
T04,GL-4396,2026-03-13 00:45:00,7.886588,10.74166,7.9,3.78
T04,GL-4396,2026-03-13 00:46:00,7.886046,10.74166,11.7,5.29
T04,GL-4396,2026-03-13 00:47:00,7.885522,10.741654,7.4,4.74
T04,GL-4396,2026-03-13 00:48:00,7.884889,10.741588,6.4,3.75
T04,GL-4396,2026-03-13 00:49:00,7.88438,10.741647,5.6,3.34
T04,GL-4396,2026-03-13 00:50:00,7.883795,10.741495,4.7,3.36
T04,GL-4396,2026-03-13 00:51:00,7.88329,10.741331,10.4,4.75
T04,GL-4396,2026-03-13 00:52:00,7.882835,10.741358,4.1,3.16
T04,GL-4396,2026-03-13 00:53:00,7.882199,10.741318,5.3,5.11
T04,GL-4396,2026-03-13 00:54:00,7.881616,10.741347,6.2,3.62
T04,GL-4396,2026-03-13 00:55:00,7.881116,10.741239,8.1,4.26
T04,GL-4396,2026-03-13 00:56:00,7.880715,10.741276,5.7,3.91
T04,GL-4396,2026-03-13 00:57:00,7.880191,10.74133,11.7,5.29
T04,GL-4396,2026-03-13 00:58:00,7.879532,10.741181,7.1,3.71
T04,GL-4396,2026-03-13 00:59:00,7.879004,10.741227,11.8,5.29
T04,GL-4396,2026-03-13 01:00:00,7.878474,10.741163,10.7,4.5
T04,GL-4396,2026-03-13 01:01:00,7.878028,10.741218,11.5,3.85
T04,GL-4396,2026-03-13 01:02:00,7.877417,10.741087,6.4,5.2
T04,GL-4396,2026-03-13 01:03:00,7.876932,10.741045,10.5,3.76
T04,GL-4396,2026-03-13 01:04:00,7.876366,10.740974,9.6,3.16
T04,GL-4396,2026-03-13 01:05:00,7.875864,10.741039,10.3,4.68
T04,GL-4396,2026-03-13 01:06:00,7.875366,10.741067,10.4,3.53
T04,GL-4396,2026-03-13 01:07:00,7.874743,10.740922,5.0,5.2
T04,GL-4396,2026-03-13 01:08:00,7.874257,10.740908,9.2,3.47
T04,GL-4396,2026-03-13 01:09:00,7.873782,10.74094,8.8,4.19
T04,GL-4396,2026-03-13 01:10:00,7.873199,10.740811,10.7,5.53
T04,GL-4396,2026-03-13 01:11:00,7.872622,10.740838,9.7,4.07
T04,GL-4396,2026-03-13 01:12:00,7.871989,10.740767,6.1,4.96
T04,GL-4396,2026-03-13 01:13:00,7.871698,10.740732,10.2,4.03
T04,GL-4396,2026-03-13 01:14:00,7.870942,10.740746,6.5,2.94
T04,GL-4396,2026-03-13 01:15:00,7.870423,10.740655,10.3,5.53
T04,GL-4396,2026-03-13 01:16:00,7.870083,10.740693,5.9,5.24
T04,GL-4396,2026-03-13 01:17:00,7.869503,10.740581,7.7,4.41
T04,GL-4396,2026-03-13 01:18:00,7.868898,10.740586,10.3,4.68
T04,GL-4396,2026-03-13 01:19:00,7.868445,10.740544,11.0,3.51
T04,GL-4396,2026-03-13 01:20:00,7.867795,10.740309,4.2,2.87
T04,GL-4396,2026-03-13 01:21:00,7.867305,10.740508,6.8,5.13
T04,GL-4396,2026-03-13 01:22:00,7.866819,10.740434,11.5,4.64
T04,GL-4396,2026-03-13 01:23:00,7.866339,10.740407,5.8,4.26
T04,GL-4396,2026-03-13 01:24:00,7.865773,10.740428,5.5,4.98
T04,GL-4396,2026-03-13 01:25:00,7.865158,10.740327,6.3,3.59
T04,GL-4396,2026-03-13 01:26:00,7.864698,10.740306,5.0,4.89
T04,GL-4396,2026-03-13 01:27:00,7.864153,10.74024,6.8,4.31
T04,GL-4396,2026-03-13 01:28:00,7.863505,10.740239,8.4,2.82
T04,GL-4396,2026-03-13 01:29:00,7.863063,10.740123,11.3,2.87
T04,GL-4396,2026-03-13 01:30:00,7.862449,10.739988,4.9,3.34
T04,GL-4396,2026-03-13 01:31:00,7.862075,10.740097,6.6,4.8
T04,GL-4396,2026-03-13 01:32:00,7.861509,10.739977,5.3,3.58
T04,GL-4396,2026-03-13 01:33:00,7.860857,10.740198,9.6,3.3
T04,GL-4396,2026-03-13 01:34:00,7.86037,10.740024,8.4,5.48
T04,GL-4396,2026-03-13 01:35:00,7.859884,10.739961,7.1,2.89
T04,GL-4396,2026-03-13 01:36:00,7.859282,10.739917,6.7,4.81
T04,GL-4396,2026-03-13 01:37:00,7.858944,10.740032,10.1,4.57
T04,GL-4396,2026-03-13 01:38:00,7.858229,10.73993,10.6,3.36
T04,GL-4396,2026-03-13 01:39:00,7.857706,10.739769,11.6,4.98
T04,GL-4396,2026-03-13 01:40:00,7.857186,10.739782,9.1,3.19
T04,GL-4396,2026-03-13 01:41:00,7.856726,10.739676,,4.79
T04,GL-4396,2026-03-13 01:42:00,7.856239,10.739704,4.1,4.42
T04,GL-4396,2026-03-13 01:43:00,7.855633,10.739653,9.4,3.13
T04,GL-4396,2026-03-13 01:44:00,7.855003,10.739615,11.3,3.46
T04,GL-4396,2026-03-13 01:45:00,7.854477,10.739538,10.4,3.15
T04,GL-4396,2026-03-13 01:46:00,7.854049,10.739496,11.8,4.95
T04,GL-4396,2026-03-13 01:47:00,7.853359,10.739523,11.7,5.22
T04,GL-4396,2026-03-13 01:48:00,7.852829,10.739509,5.7,3.85
T04,GL-4396,2026-03-13 01:49:00,7.852346,10.739521,10.3,3.03
T04,GL-4396,2026-03-13 01:50:00,7.851834,10.739448,7.3,5.05
T04,GL-4396,2026-03-13 01:51:00,7.851328,10.739328,7.1,5.26
T04,GL-4396,2026-03-13 01:52:00,7.850774,10.739287,7.7,5.36
T04,GL-4396,2026-03-13 01:53:00,7.85023,10.739404,10.0,3.72
T04,GL-4396,2026-03-13 01:54:00,7.849699,10.739242,9.1,4.64
T04,GL-4396,2026-03-13 01:55:00,7.849075,10.739273,11.9,4.42
T04,GL-4396,2026-03-13 01:56:00,7.848665,10.739141,5.3,3.03
T04,GL-4396,2026-03-13 01:57:00,7.848131,10.739147,7.6,3.29
T04,GL-4396,2026-03-13 01:58:00,7.847513,10.739161,12.0,4.0
T04,GL-4396,2026-03-13 01:59:00,7.84712,10.739161,6.5,5.01
T04,GL-4396,2026-03-13 02:00:00,7.846567,10.739101,8.2,3.09
T04,GL-4396,2026-03-13 02:01:00,7.846038,10.73903,6.8,5.27
T04,GL-4396,2026-03-13 02:02:00,7.845399,10.738943,7.8,2.86
T04,GL-4396,2026-03-13 02:03:00,7.844916,10.73901,11.3,5.33
T04,GL-4396,2026-03-13 02:04:00,7.844492,10.739041,4.4,5.18
T04,GL-4396,2026-03-13 02:05:00,7.843784,10.73895,5.1,5.36
T04,GL-4396,2026-03-13 02:06:00,7.843397,10.738795,6.4,4.69
T04,GL-4396,2026-03-13 02:07:00,7.842741,10.738864,7.7,5.1
T04,GL-4396,2026-03-13 02:08:00,7.842137,10.738778,8.2,4.84
T04,GL-4396,2026-03-13 02:09:00,7.841692,10.738754,9.8,3.86
T04,GL-4396,2026-03-13 02:10:00,7.841089,10.738739,,3.86
T04,GL-4396,2026-03-13 02:11:00,7.840731,10.738755,4.4,4.55
T04,GL-4396,2026-03-13 02:12:00,7.840155,10.73877,6.5,3.79
T04,GL-4396,2026-03-13 02:13:00,7.839618,10.738738,6.0,5.05
T04,GL-4396,2026-03-13 02:14:00,7.839044,10.738538,4.3,4.24
T04,GL-4396,2026-03-13 02:15:00,7.838492,10.738528,7.7,4.38
T04,GL-4396,2026-03-13 02:16:00,7.838017,10.738549,9.6,5.31
T04,GL-4396,2026-03-13 02:17:00,7.837451,10.738442,7.3,4.45
T04,GL-4396,2026-03-13 02:18:00,7.836879,10.738389,8.1,3.68
T04,GL-4396,2026-03-13 02:19:00,7.836488,10.73838,6.0,3.28
T04,GL-4396,2026-03-13 02:20:00,7.835804,10.738529,8.2,4.79
T04,GL-4396,2026-03-13 02:21:00,7.835248,10.738216,10.8,4.81
T04,GL-4396,2026-03-13 02:22:00,7.834748,10.738354,8.9,5.26
T04,GL-4396,2026-03-13 02:23:00,7.834237,10.7384,6.7,5.55
T04,GL-4396,2026-03-13 02:24:00,7.833713,10.738356,6.9,5.53
T04,GL-4396,2026-03-13 02:25:00,7.833208,10.738207,8.3,4.9
T04,GL-4396,2026-03-13 02:26:00,7.832693,10.738113,4.2,3.05
T04,GL-4396,2026-03-13 02:27:00,7.832183,10.738313,11.2,2.93
T04,GL-4396,2026-03-13 02:28:00,7.831509,10.738097,6.5,4.61
T04,GL-4396,2026-03-13 02:29:00,7.830988,10.738065,6.3,3.88
T04,GL-4396,2026-03-13 02:30:00,7.830604,10.737996,4.0,5.52
T04,GL-4396,2026-03-13 02:31:00,7.829928,10.737996,5.4,5.15
T04,GL-4396,2026-03-13 02:32:00,7.829404,10.737882,7.3,4.77
T04,GL-4396,2026-03-13 02:33:00,7.82893,10.737801,9.7,4.05
T04,GL-4396,2026-03-13 02:34:00,7.828451,10.737892,8.4,4.59
T04,GL-4396,2026-03-13 02:35:00,7.827795,10.73776,8.4,4.21
T04,GL-4396,2026-03-13 02:36:00,7.827403,10.737826,5.5,5.1
T04,GL-4396,2026-03-13 02:37:00,7.826825,10.737776,6.4,5.25
T04,GL-4396,2026-03-13 02:38:00,7.826255,10.737794,4.1,5.29
T04,GL-4396,2026-03-13 02:39:00,7.825835,10.737708,5.4,3.33
T04,GL-4396,2026-03-13 02:40:00,7.825208,10.737557,6.6,3.44
T04,GL-4396,2026-03-13 02:41:00,7.824735,10.737604,10.2,4.08
T04,GL-4396,2026-03-13 02:42:00,7.824102,10.737526,7.9,4.74
T04,GL-4396,2026-03-13 02:43:00,7.823565,10.73753,5.2,4.19
T04,GL-4396,2026-03-13 02:44:00,7.823068,10.737488,11.9,5.26
T04,GL-4396,2026-03-13 02:45:00,7.822485,10.737503,10.5,3.77
T04,GL-4396,2026-03-13 02:46:00,7.821989,10.737429,8.0,4.52
T04,GL-4396,2026-03-13 02:47:00,7.821317,10.737415,5.1,3.21
T04,GL-4396,2026-03-13 02:48:00,7.820869,10.737456,5.1,4.2
T04,GL-4396,2026-03-13 02:49:00,7.820383,10.737439,5.8,3.0
T04,GL-4396,2026-03-13 02:50:00,7.819961,10.737327,5.1,5.35
T04,GL-4396,2026-03-13 02:51:00,7.819293,10.737314,7.5,5.36
T04,GL-4396,2026-03-13 02:52:00,7.818745,10.737258,7.8,5.17
T04,GL-4396,2026-03-13 02:53:00,7.818247,10.737191,8.7,4.93
T04,GL-4396,2026-03-13 02:54:00,7.817724,10.737254,6.8,2.91
T04,GL-4396,2026-03-13 02:55:00,7.817219,10.737089,8.7,3.74
T04,GL-4396,2026-03-13 02:56:00,7.816588,10.737122,10.2,5.21
T04,GL-4396,2026-03-13 02:57:00,7.816099,10.737155,7.0,5.04
T04,GL-4396,2026-03-13 02:58:00,7.815496,10.737091,,5.31
T04,GL-4396,2026-03-13 02:59:00,7.815068,10.737084,8.0,5.22
T04,GL-4396,2026-03-13 03:00:00,7.814525,10.737125,9.5,4.53
T04,GL-4396,2026-03-13 03:01:00,7.813995,10.736961,6.1,3.88
T04,GL-4396,2026-03-13 03:02:00,7.813485,10.736971,11.2,5.16
T04,GL-4396,2026-03-13 03:03:00,7.813,10.73678,4.7,4.45
T04,GL-4396,2026-03-13 03:04:00,7.812116,10.736933,5.7,5.1
T04,GL-4396,2026-03-13 03:05:00,7.811916,10.736774,10.0,3.79
T04,GL-4396,2026-03-13 03:06:00,7.811273,10.736773,11.2,4.03
T04,GL-4396,2026-03-13 03:07:00,7.810739,10.736717,8.3,5.23
T04,GL-4396,2026-03-13 03:08:00,7.81015,10.736744,8.8,3.08
T04,GL-4396,2026-03-13 03:09:00,7.809757,10.736707,11.5,4.24
T04,GL-4396,2026-03-13 03:10:00,7.809252,10.736626,4.2,4.13
T04,GL-4396,2026-03-13 03:11:00,7.808583,10.736558,6.4,3.13
T04,GL-4396,2026-03-13 03:12:00,7.807982,10.73653,9.6,4.53
T04,GL-4396,2026-03-13 03:13:00,7.807568,10.736457,8.2,3.09
T04,GL-4396,2026-03-13 03:14:00,7.807084,10.736522,4.5,4.38
T04,GL-4396,2026-03-13 03:15:00,7.806553,10.73642,10.8,4.61
T04,GL-4396,2026-03-13 03:16:00,7.80596,10.736417,8.1,4.74
T04,GL-4396,2026-03-13 03:17:00,7.805448,10.736339,11.5,4.94
T04,GL-4396,2026-03-13 03:18:00,7.804884,10.736542,10.8,3.29
T04,GL-4396,2026-03-13 03:19:00,7.804378,10.736322,8.2,3.06
T04,GL-4396,2026-03-13 03:20:00,7.803717,10.736346,11.3,4.68
T04,GL-4396,2026-03-13 03:21:00,7.803203,10.736222,11.6,3.75
T04,GL-4396,2026-03-13 03:22:00,7.80267,10.736148,4.2,4.24
T04,GL-4396,2026-03-13 03:23:00,7.802237,10.73622,10.3,3.69
T04,GL-4396,2026-03-13 03:24:00,7.801614,10.736158,7.6,5.45
T04,GL-4396,2026-03-13 03:25:00,7.8011,10.73612,7.8,3.98
T04,GL-4396,2026-03-13 03:26:00,7.800647,10.736068,4.6,3.73
T04,GL-4396,2026-03-13 03:27:00,7.800057,10.735958,10.2,3.04
T04,GL-4396,2026-03-13 03:28:00,7.799526,10.735986,9.2,4.8
T04,GL-4396,2026-03-13 03:29:00,7.79912,10.735949,8.2,4.4
T04,GL-4396,2026-03-13 03:30:00,7.79853,10.73592,11.5,2.93
T04,GL-4396,2026-03-13 03:31:00,7.797908,10.73598,9.3,4.43
T04,GL-4396,2026-03-13 03:32:00,7.797462,10.735821,9.2,5.49
T04,GL-4396,2026-03-13 03:33:00,7.79694,10.735875,7.1,3.04
T04,GL-4396,2026-03-13 03:34:00,7.796389,10.735732,6.0,3.58
T04,GL-4396,2026-03-13 03:35:00,7.795882,10.735794,9.1,4.88
T04,GL-4396,2026-03-13 03:36:00,7.795322,10.735729,6.3,2.95
T04,GL-4396,2026-03-13 03:37:00,7.794828,10.735678,11.2,2.94
T04,GL-4396,2026-03-13 03:38:00,7.794309,10.735614,11.4,4.98
T04,GL-4396,2026-03-13 03:39:00,7.793663,10.735544,10.5,3.11
T04,GL-4396,2026-03-13 03:40:00,7.793121,10.735458,6.9,4.2
T04,GL-4396,2026-03-13 03:41:00,7.792699,10.735667,10.1,3.56
T04,GL-4396,2026-03-13 03:42:00,7.791994,10.735445,4.8,3.67
T04,GL-4396,2026-03-13 03:43:00,7.791557,10.73535,8.2,4.96
T04,GL-4396,2026-03-13 03:44:00,7.790951,10.735504,6.4,5.45
T04,GL-4396,2026-03-13 03:45:00,7.790455,10.73544,10.4,4.5
T04,GL-4396,2026-03-13 03:46:00,7.789844,10.735393,4.0,4.68
T04,GL-4396,2026-03-13 03:47:00,7.789481,10.735252,9.3,3.63
T04,GL-4396,2026-03-13 03:48:00,7.788975,10.735246,4.7,4.36
T04,GL-4396,2026-03-13 03:49:00,7.788288,10.735401,7.3,3.12
T04,GL-4396,2026-03-13 03:50:00,7.787892,10.735378,7.2,4.44
T04,GL-4396,2026-03-13 03:51:00,7.787258,10.735215,10.2,4.03
T04,GL-4396,2026-03-13 03:52:00,7.786728,10.735291,6.2,3.28
T04,GL-4396,2026-03-13 03:53:00,7.786125,10.735008,11.9,5.48
T04,GL-4396,2026-03-13 03:54:00,7.785637,10.735113,6.4,4.42
T04,GL-4396,2026-03-13 03:55:00,7.785116,10.735132,8.1,2.88
T04,GL-4396,2026-03-13 03:56:00,7.784694,10.735017,11.0,4.5
T04,GL-4396,2026-03-13 03:57:00,7.783958,10.735007,5.6,3.37
T04,GL-4396,2026-03-13 03:58:00,7.783522,10.734934,9.6,4.51
T04,GL-4396,2026-03-13 03:59:00,7.783047,10.734716,4.6,4.36
T04,GL-4396,2026-03-13 04:00:00,7.782496,10.734901,6.3,4.02
T04,GL-4396,2026-03-13 04:01:00,7.781951,10.73486,10.7,3.01
T04,GL-4396,2026-03-13 04:02:00,7.781404,10.73479,4.5,3.21
T04,GL-4396,2026-03-13 04:03:00,7.780896,10.734747,5.0,5.18
T04,GL-4396,2026-03-13 04:04:00,7.780405,10.73479,6.1,4.93
T04,GL-4396,2026-03-13 04:05:00,7.779865,10.734697,8.4,2.86
T04,GL-4396,2026-03-13 04:06:00,7.779257,10.734794,4.2,3.78
T04,GL-4396,2026-03-13 04:07:00,7.778774,10.734701,5.0,5.3
T04,GL-4396,2026-03-13 04:08:00,7.778255,10.734626,4.4,3.98
T04,GL-4396,2026-03-13 04:09:00,7.777684,10.734562,8.7,3.83
T04,GL-4396,2026-03-13 04:10:00,7.777239,10.734628,7.1,4.37
T04,GL-4396,2026-03-13 04:11:00,7.776681,10.734524,8.6,4.67
T04,GL-4396,2026-03-13 04:12:00,7.776163,10.734468,9.4,3.27
T04,GL-4396,2026-03-13 04:13:00,7.775501,10.73439,7.8,3.34
T04,GL-4396,2026-03-13 04:14:00,7.775086,10.734388,9.6,4.89
T04,GL-4396,2026-03-13 04:15:00,7.774414,10.73413,9.5,5.32
T04,GL-4396,2026-03-13 04:16:00,7.773905,10.734421,4.4,4.04
T04,GL-4396,2026-03-13 04:17:00,7.77341,10.734382,10.2,3.38
T04,GL-4396,2026-03-13 04:18:00,7.772858,10.734234,9.2,5.54
T04,GL-4396,2026-03-13 04:19:00,7.772378,10.734219,9.2,2.93
T04,GL-4396,2026-03-13 04:20:00,7.771792,10.734065,9.4,4.97
T04,GL-4396,2026-03-13 04:21:00,7.771345,10.734171,4.8,2.94
T04,GL-4396,2026-03-13 04:22:00,7.770697,10.734069,5.2,4.74
T04,GL-4396,2026-03-13 04:23:00,7.77024,10.734104,6.1,3.48
T04,GL-4396,2026-03-13 04:24:00,7.769757,10.734127,7.7,4.95
T04,GL-4396,2026-03-13 04:25:00,7.769134,10.733982,9.1,4.72
T04,GL-4396,2026-03-13 04:26:00,7.768701,10.733909,11.7,3.98
T04,GL-4396,2026-03-13 04:27:00,7.768101,10.73393,7.5,3.61
T04,GL-4396,2026-03-13 04:28:00,7.767526,10.733971,11.7,3.4
T04,GL-4396,2026-03-13 04:29:00,7.767028,10.733894,11.2,3.31
T04,GL-4396,2026-03-13 04:30:00,7.766469,10.733906,11.1,3.6
T04,GL-4396,2026-03-13 04:31:00,7.765958,10.733682,11.6,5.33
T04,GL-4396,2026-03-13 04:32:00,7.765433,10.733783,11.1,3.85
T04,GL-4396,2026-03-13 04:33:00,7.76496,10.733648,11.0,5.59
T04,GL-4396,2026-03-13 04:34:00,7.764348,10.733766,10.2,3.56
T04,GL-4396,2026-03-13 04:35:00,7.76394,10.733758,4.9,3.3
T04,GL-4396,2026-03-13 04:36:00,7.763322,10.733608,7.7,5.54
T04,GL-4396,2026-03-13 04:37:00,7.762635,10.733629,10.9,5.19
T04,GL-4396,2026-03-13 04:38:00,7.762219,10.733604,5.0,4.17
T04,GL-4396,2026-03-13 04:39:00,7.761671,10.733418,7.2,4.58
T04,GL-4396,2026-03-13 04:40:00,7.761154,10.733429,8.4,3.24
T04,GL-4396,2026-03-13 04:41:00,7.760532,10.733463,7.6,5.36
T04,GL-4396,2026-03-13 04:42:00,7.760064,10.733375,8.5,2.87
T04,GL-4396,2026-03-13 04:43:00,7.759617,10.733413,6.7,4.43
T04,GL-4396,2026-03-13 04:44:00,7.758985,10.733349,6.1,5.43
T04,GL-4396,2026-03-13 04:45:00,7.758541,10.733298,9.1,4.64
T04,GL-4396,2026-03-13 04:46:00,7.757981,10.733231,6.9,3.98
T04,GL-4396,2026-03-13 04:47:00,7.757459,10.733276,11.8,3.21
T04,GL-4396,2026-03-13 04:48:00,7.75694,10.733175,9.9,4.34
T04,GL-4396,2026-03-13 04:49:00,7.756335,10.733203,5.7,3.77
T04,GL-4396,2026-03-13 04:50:00,7.755764,10.733134,5.9,3.44
T04,GL-4396,2026-03-13 04:51:00,7.755382,10.733142,9.9,5.08
T04,GL-4396,2026-03-13 04:52:00,7.754753,10.732958,5.9,5.09
T04,GL-4396,2026-03-13 04:53:00,7.754295,10.733026,8.1,3.87
T04,GL-4396,2026-03-13 04:54:00,7.753562,10.732974,8.3,5.55
T04,GL-4396,2026-03-13 04:55:00,7.753186,10.732835,11.3,4.37
T04,GL-4396,2026-03-13 04:56:00,7.752479,10.732995,5.6,4.13
T04,GL-4396,2026-03-13 04:57:00,7.752099,10.732915,5.3,3.26
T04,GL-4396,2026-03-13 04:58:00,7.751531,10.732785,10.0,3.28
T04,GL-4396,2026-03-13 04:59:00,7.750962,10.7328,8.1,3.24
T04,GL-4396,2026-03-13 05:00:00,7.750446,10.732755,9.4,4.06
T04,GL-4396,2026-03-13 05:01:00,7.749997,10.732721,10.0,5.51
T04,GL-4396,2026-03-13 05:02:00,7.74935,10.732775,5.1,4.57
T04,GL-4396,2026-03-13 05:03:00,7.748996,10.732637,4.2,5.21
T04,GL-4396,2026-03-13 05:04:00,7.748408,10.732872,,5.13
T04,GL-4396,2026-03-13 05:05:00,7.747764,10.732651,8.6,5.32
T04,GL-4396,2026-03-13 05:06:00,7.747251,10.732591,5.8,4.46
T04,GL-4396,2026-03-13 05:07:00,7.746787,10.732587,6.3,3.16
T04,GL-4396,2026-03-13 05:08:00,7.746222,10.732464,7.8,4.16
T04,GL-4396,2026-03-13 05:09:00,7.745666,10.732486,4.9,3.34
T04,GL-4396,2026-03-13 05:10:00,7.745198,10.73247,8.9,4.63
T04,GL-4396,2026-03-13 05:11:00,7.744735,10.732306,9.4,2.9
T04,GL-4396,2026-03-13 05:12:00,7.744038,10.732376,4.7,2.91
T04,GL-4396,2026-03-13 05:13:00,7.743639,10.732419,7.8,4.1
T04,GL-4396,2026-03-13 05:14:00,7.743078,10.73232,6.0,5.26
T04,GL-4396,2026-03-13 05:15:00,7.742465,10.73237,5.2,4.88
T04,GL-4396,2026-03-13 05:16:00,7.741998,10.732273,6.8,2.83
T04,GL-4396,2026-03-13 05:17:00,7.741406,10.732204,10.5,4.42
T04,GL-4396,2026-03-13 05:18:00,7.740824,10.732105,4.6,3.91
T04,GL-4396,2026-03-13 05:19:00,7.740308,10.732176,6.2,5.5
T04,GL-4396,2026-03-13 05:20:00,7.739725,10.732098,6.4,5.04
T04,GL-4396,2026-03-13 05:21:00,7.739272,10.732008,6.4,4.81
T04,GL-4396,2026-03-13 05:22:00,7.73873,10.73193,7.4,4.52
T04,GL-4396,2026-03-13 05:23:00,7.738166,10.732012,6.7,3.05
T04,GL-4396,2026-03-13 05:24:00,7.737616,10.731985,6.0,5.11
T04,GL-4396,2026-03-13 05:25:00,7.737146,10.731939,6.7,2.89
T04,GL-4396,2026-03-13 05:26:00,7.736736,10.731917,7.0,3.29
T04,GL-4396,2026-03-13 05:27:00,7.736089,10.731936,5.4,5.0
T04,GL-4396,2026-03-13 05:28:00,7.735582,10.731913,7.0,5.36
T04,GL-4396,2026-03-13 05:29:00,7.734991,10.731723,5.0,2.96
T04,GL-4396,2026-03-13 05:30:00,7.734386,10.731817,4.7,4.13
T04,GL-4396,2026-03-13 05:31:00,7.733952,10.731689,5.3,4.4
T04,GL-4396,2026-03-13 05:32:00,7.733451,10.731677,7.7,5.2
T04,GL-4396,2026-03-13 05:33:00,7.732869,10.73162,8.5,5.35
T04,GL-4396,2026-03-13 05:34:00,7.732352,10.731585,9.9,2.98
T04,GL-4396,2026-03-13 05:35:00,7.731855,10.731528,4.7,3.8
T04,GL-4396,2026-03-13 05:36:00,7.731421,10.73157,7.0,4.87
T04,GL-4396,2026-03-13 05:37:00,7.730702,10.731494,7.5,5.36
T04,GL-4396,2026-03-13 05:38:00,7.730098,10.731553,11.0,3.03
T04,GL-4396,2026-03-13 05:39:00,7.729621,10.731385,4.5,5.08
T04,GL-4396,2026-03-13 05:40:00,7.729136,10.731476,11.1,4.82
T04,GL-4396,2026-03-13 05:41:00,7.72855,10.731432,9.5,4.53
T04,GL-4396,2026-03-13 05:42:00,7.728049,10.731415,5.5,4.58
T04,GL-4396,2026-03-13 05:43:00,7.727522,10.73143,5.5,3.13
T04,GL-4396,2026-03-13 05:44:00,7.727065,10.731318,6.7,3.18
T04,GL-4396,2026-03-13 05:45:00,7.726443,10.731291,10.0,5.05
T04,GL-4396,2026-03-13 05:46:00,7.72601,10.731187,7.5,5.23
T04,GL-4396,2026-03-13 05:47:00,7.725342,10.731146,5.6,5.48
T04,GL-4396,2026-03-13 05:48:00,7.724805,10.731151,11.8,4.59
T04,GL-4396,2026-03-13 05:49:00,7.724373,10.731161,11.6,4.53
T04,GL-4396,2026-03-13 05:50:00,7.72378,10.730982,4.6,5.38
T04,GL-4396,2026-03-13 05:51:00,7.723309,10.730987,9.0,3.66
T04,GL-4396,2026-03-13 05:52:00,7.722764,10.731002,10.8,5.02
T04,GL-4396,2026-03-13 05:53:00,7.722186,10.730971,7.3,2.89
T04,GL-4396,2026-03-13 05:54:00,7.721625,10.73091,8.7,3.3
T04,GL-4396,2026-03-13 05:55:00,7.721165,10.730782,10.8,5.47
T04,GL-4396,2026-03-13 05:56:00,7.720685,10.730815,5.8,4.36
T04,GL-4396,2026-03-13 05:57:00,7.720106,10.730736,11.1,2.94
T04,GL-4396,2026-03-13 05:58:00,7.719519,10.730847,6.8,4.37
T04,GL-4396,2026-03-13 05:59:00,7.719041,10.730787,6.3,3.78
T04,GL-4396,2026-03-13 06:00:00,7.718439,10.730748,5.8,2.97
T04,GL-4396,2026-03-13 06:01:00,7.717924,10.730685,8.1,4.21
T04,GL-4396,2026-03-13 06:02:00,7.717444,10.730662,11.5,3.83
T04,GL-4396,2026-03-13 06:03:00,7.71682,10.730582,11.6,2.8
T04,GL-4396,2026-03-13 06:04:00,7.716393,10.730615,4.8,3.06
T04,GL-4396,2026-03-13 06:05:00,7.715879,10.730533,6.5,4.55
T04,GL-4396,2026-03-13 06:06:00,7.715206,10.730317,7.6,4.28
T04,GL-4396,2026-03-13 06:07:00,7.714765,10.730392,4.4,4.83
T04,GL-4396,2026-03-13 06:08:00,7.714165,10.73036,11.5,5.58
T04,GL-4396,2026-03-13 06:09:00,7.713677,10.730445,5.6,3.83
T04,GL-4396,2026-03-13 06:10:00,7.7131,10.730416,7.4,5.17
T04,GL-4396,2026-03-13 06:11:00,7.712672,10.730203,7.5,4.74
T04,GL-4396,2026-03-13 06:12:00,7.712046,10.730296,4.3,5.07
T04,GL-4396,2026-03-13 06:13:00,7.711618,10.730329,11.1,3.82
T04,GL-4396,2026-03-13 06:14:00,7.710969,10.730286,6.5,4.24
T04,GL-4396,2026-03-13 06:15:00,7.710469,10.730132,6.6,3.13
T04,GL-4396,2026-03-13 06:16:00,7.70993,10.730193,7.7,5.33
T04,GL-4396,2026-03-13 06:17:00,7.709476,10.730095,11.1,4.12
T04,GL-4396,2026-03-13 06:18:00,7.708847,10.730136,10.2,3.78
T04,GL-4396,2026-03-13 06:19:00,7.708331,10.72992,8.1,4.32
T04,GL-4396,2026-03-13 06:20:00,7.707869,10.73001,9.2,5.24
T04,GL-4396,2026-03-13 06:21:00,7.707243,10.729939,8.2,4.72
T04,GL-4396,2026-03-13 06:22:00,7.706761,10.729853,8.4,3.91
T04,GL-4396,2026-03-13 06:23:00,7.706187,10.730003,7.4,3.87
T04,GL-4396,2026-03-13 06:24:00,7.705827,10.729837,11.9,3.05
T04,GL-4396,2026-03-13 06:25:00,7.705102,10.729818,5.5,3.59
T04,GL-4396,2026-03-13 06:26:00,7.704701,10.729832,5.2,3.43
T04,GL-4396,2026-03-13 06:27:00,7.704072,10.729823,4.3,5.23
T04,GL-4396,2026-03-13 06:28:00,7.703594,10.729776,7.8,4.09
T04,GL-4396,2026-03-13 06:29:00,7.703121,10.729687,4.2,5.55
T04,GL-4396,2026-03-13 06:30:00,7.702504,10.729571,7.5,4.33
T04,GL-4396,2026-03-13 06:31:00,7.702048,10.729635,7.8,4.37
T04,GL-4396,2026-03-13 06:32:00,7.70144,10.729594,11.9,5.37
T04,GL-4396,2026-03-13 06:33:00,7.700818,10.729568,11.6,4.48
T04,GL-4396,2026-03-13 06:34:00,7.700389,10.729497,11.0,4.35
T04,GL-4396,2026-03-13 06:35:00,7.699877,10.729602,8.5,4.55
T04,GL-4396,2026-03-13 06:36:00,7.699218,10.729484,11.5,4.89
T04,GL-4396,2026-03-13 06:37:00,7.698708,10.729304,8.7,4.97
T04,GL-4396,2026-03-13 06:38:00,7.698105,10.729396,7.7,4.31
T04,GL-4396,2026-03-13 06:39:00,7.697726,10.729434,4.1,4.64
T04,GL-4396,2026-03-13 06:40:00,7.697185,10.729327,5.7,3.25
T04,GL-4396,2026-03-13 06:41:00,7.696576,10.729237,9.7,3.28
T04,GL-4396,2026-03-13 06:42:00,7.696118,10.729259,8.9,3.81
T04,GL-4396,2026-03-13 06:43:00,7.695377,10.729165,8.4,3.89
T04,GL-4396,2026-03-13 06:44:00,7.694885,10.729238,,4.47
T04,GL-4396,2026-03-13 06:45:00,7.694446,10.729088,5.8,4.17
T04,GL-4396,2026-03-13 06:46:00,7.693908,10.729157,6.8,3.61
T04,GL-4396,2026-03-13 06:47:00,7.693346,10.729023,11.7,4.82
T04,GL-4396,2026-03-13 06:48:00,7.692875,10.728997,4.8,5.11
T04,GL-4396,2026-03-13 06:49:00,7.692386,10.728943,4.5,3.53
T04,GL-4396,2026-03-13 06:50:00,7.691793,10.729029,6.6,4.26
T04,GL-4396,2026-03-13 06:51:00,7.691288,10.728896,5.3,3.36
T04,GL-4396,2026-03-13 06:52:00,7.690748,10.728827,4.9,4.31
T04,GL-4396,2026-03-13 06:53:00,7.690248,10.72883,11.9,3.83
T04,GL-4396,2026-03-13 06:54:00,7.689707,10.728769,8.9,3.16
T04,GL-4396,2026-03-13 06:55:00,7.689054,10.728855,9.3,4.26
T04,GL-4396,2026-03-13 06:56:00,7.688593,10.728875,8.9,4.98
T04,GL-4396,2026-03-13 06:57:00,7.688086,10.728703,12.0,5.22
T04,GL-4396,2026-03-13 06:58:00,7.687568,10.728689,8.8,2.9
T04,GL-4396,2026-03-13 06:59:00,7.687094,10.7287,9.2,3.92
T04,GL-4396,2026-03-13 07:00:00,7.686373,10.728564,10.3,3.47
T04,GL-4396,2026-03-13 07:01:00,7.685853,10.728518,4.7,3.25
T04,GL-4396,2026-03-13 07:02:00,7.685427,10.72865,,4.36
T04,GL-4396,2026-03-13 07:03:00,7.684853,10.728508,4.3,3.57
T04,GL-4396,2026-03-13 07:04:00,7.684351,10.728481,8.4,5.05
T04,GL-4396,2026-03-13 07:05:00,7.683816,10.728447,10.4,4.11
T04,GL-4396,2026-03-13 07:06:00,7.683169,10.728339,7.4,4.81
T04,GL-4396,2026-03-13 07:07:00,7.682755,10.728333,9.5,3.46
T04,GL-4396,2026-03-13 07:08:00,7.682207,10.728385,6.4,3.43
T04,GL-4396,2026-03-13 07:09:00,7.681669,10.728327,7.3,3.05
T04,GL-4396,2026-03-13 07:10:00,7.681167,10.72823,6.0,3.07
T04,GL-4396,2026-03-13 07:11:00,7.680718,10.72822,5.8,3.05
T04,GL-4396,2026-03-13 07:12:00,7.68004,10.728172,6.8,3.68
T04,GL-4396,2026-03-13 07:13:00,7.679463,10.728089,5.2,3.89
T04,GL-4396,2026-03-13 07:14:00,7.679069,10.728055,9.3,4.47
T04,GL-4396,2026-03-13 07:15:00,7.678435,10.728121,10.1,4.87
T04,GL-4396,2026-03-13 07:16:00,7.677962,10.728026,5.2,5.3
T04,GL-4396,2026-03-13 07:17:00,7.677413,10.728005,11.3,2.81
T04,GL-4396,2026-03-13 07:18:00,7.676922,10.72798,8.9,4.32
T04,GL-4396,2026-03-13 07:19:00,7.676337,10.727981,4.2,3.88
T04,GL-4396,2026-03-13 07:20:00,7.675725,10.727954,9.1,2.95
T04,GL-4396,2026-03-13 07:21:00,7.675409,10.727814,6.8,3.57
T04,GL-4396,2026-03-13 07:22:00,7.674728,10.727901,12.0,4.04
T04,GL-4396,2026-03-13 07:23:00,7.674182,10.727788,6.3,4.44
T04,GL-4396,2026-03-13 07:24:00,7.673636,10.727802,4.5,3.5
T04,GL-4396,2026-03-13 07:25:00,7.673082,10.727708,4.9,2.8
T04,GL-4396,2026-03-13 07:26:00,7.672604,10.727739,5.4,3.62
T04,GL-4396,2026-03-13 07:27:00,7.67203,10.727615,6.2,5.38
T04,GL-4396,2026-03-13 07:28:00,7.671464,10.727666,10.1,3.58
T04,GL-4396,2026-03-13 07:29:00,7.670962,10.727576,10.4,3.27
T04,GL-4396,2026-03-13 07:30:00,7.670509,10.727565,7.9,5.03
T04,GL-4396,2026-03-13 07:31:00,7.669858,10.727564,11.4,3.13
T04,GL-4396,2026-03-13 07:32:00,7.669436,10.727543,5.8,5.16
T04,GL-4396,2026-03-13 07:33:00,7.668816,10.727439,4.4,3.18
T04,GL-4396,2026-03-13 07:34:00,7.66838,10.727438,9.1,3.4
T04,GL-4396,2026-03-13 07:35:00,7.667868,10.727353,11.7,5.09
T04,GL-4396,2026-03-13 07:36:00,7.667307,10.727273,10.0,2.87
T04,GL-4396,2026-03-13 07:37:00,7.66686,10.727288,6.9,3.94
T04,GL-4396,2026-03-13 07:38:00,7.6663,10.727259,7.2,4.74
T04,GL-4396,2026-03-13 07:39:00,7.665618,10.727255,6.8,5.56
T04,GL-4396,2026-03-13 07:40:00,7.665067,10.727241,11.6,4.54
T04,GL-4396,2026-03-13 07:41:00,7.66464,10.727201,8.2,5.39
T04,GL-4396,2026-03-13 07:42:00,7.664005,10.727271,9.6,3.66
T04,GL-4396,2026-03-13 07:43:00,7.663433,10.727061,7.8,4.86
T04,GL-4396,2026-03-13 07:44:00,7.663018,10.727076,10.2,3.84
T04,GL-4396,2026-03-13 07:45:00,7.662494,10.727023,10.4,3.66
T04,GL-4396,2026-03-13 07:46:00,7.661837,10.727008,6.0,5.44
T04,GL-4396,2026-03-13 07:47:00,7.661389,10.727006,4.1,4.28
T04,GL-4396,2026-03-13 07:48:00,7.660839,10.72692,4.1,3.84
T04,GL-4396,2026-03-13 07:49:00,7.66027,10.726903,5.1,4.95
T04,GL-4396,2026-03-13 07:50:00,7.659772,10.726827,8.1,3.15
T04,GL-4396,2026-03-13 07:51:00,7.659284,10.726728,8.2,3.14
T04,GL-4396,2026-03-13 07:52:00,7.658769,10.726863,9.6,3.36
T04,GL-4396,2026-03-13 07:53:00,7.658092,10.726802,4.2,2.95
T04,GL-4396,2026-03-13 07:54:00,7.657697,10.726714,6.6,5.39
T04,GL-4396,2026-03-13 07:55:00,7.657073,10.726823,8.6,3.48
T04,GL-4396,2026-03-13 07:56:00,7.656508,10.726566,4.2,3.41
T04,GL-4396,2026-03-13 07:57:00,7.655971,10.726591,7.5,4.5
T04,GL-4396,2026-03-13 07:58:00,7.655556,10.726557,8.2,3.9
T04,GL-4396,2026-03-13 07:59:00,7.655039,10.726525,8.6,3.34
T04,GL-4396,2026-03-13 08:00:00,7.654471,10.726586,6.7,3.25
T04,GL-4396,2026-03-13 08:01:00,7.653929,10.726527,10.9,4.8
T04,GL-4396,2026-03-13 08:02:00,7.653376,10.726425,,3.2
T04,GL-4396,2026-03-13 08:03:00,7.652921,10.726428,10.5,3.29
T04,GL-4396,2026-03-13 08:04:00,7.652287,10.726436,5.0,2.98
T04,GL-4396,2026-03-13 08:05:00,7.651793,10.726395,10.9,3.35
T04,GL-4396,2026-03-13 08:06:00,7.651218,10.726421,8.6,5.32
T04,GL-4396,2026-03-13 08:07:00,7.650673,10.726277,4.8,3.15
T04,GL-4396,2026-03-13 08:08:00,7.650221,10.726272,5.4,3.19
T04,GL-4396,2026-03-13 08:09:00,7.649739,10.72619,8.2,4.87
T04,GL-4396,2026-03-13 08:10:00,7.64916,10.726099,7.4,5.06
T04,GL-4396,2026-03-13 08:11:00,7.648698,10.726146,11.9,3.0
T04,GL-4396,2026-03-13 08:12:00,7.647985,10.726034,6.6,5.14
T04,GL-4396,2026-03-13 08:13:00,7.647475,10.725974,4.7,4.74
T04,GL-4396,2026-03-13 08:14:00,7.64694,10.725984,7.2,4.2
T04,GL-4396,2026-03-13 08:15:00,7.646509,10.726064,9.2,3.22
T04,GL-4396,2026-03-13 08:16:00,7.645873,10.725868,10.9,3.88
T04,GL-4396,2026-03-13 08:17:00,7.645452,10.725919,9.7,3.62
T04,GL-4396,2026-03-13 08:18:00,7.645015,10.726044,10.2,3.69
T04,GL-4396,2026-03-13 08:19:00,7.644313,10.725779,10.6,4.3
T04,GL-4396,2026-03-13 08:20:00,7.643736,10.725712,4.8,4.05
T04,GL-4396,2026-03-13 08:21:00,7.643236,10.72581,8.4,3.23
T04,GL-4396,2026-03-13 08:22:00,7.642628,10.725796,11.5,2.81
T04,GL-4396,2026-03-13 08:23:00,7.642174,10.725675,8.8,4.25
T04,GL-4396,2026-03-13 08:24:00,7.641711,10.725571,5.3,2.88
T04,GL-4396,2026-03-13 08:25:00,7.64103,10.725639,11.5,4.23
T04,GL-4396,2026-03-13 08:26:00,7.640697,10.725728,8.5,4.79
T04,GL-4396,2026-03-13 08:27:00,7.64014,10.725523,9.3,5.45
T04,GL-4396,2026-03-13 08:28:00,7.639584,10.725463,,4.29
T04,GL-4396,2026-03-13 08:29:00,7.638945,10.725603,6.8,3.51
T04,GL-4396,2026-03-13 08:30:00,7.63848,10.725398,11.2,4.0
T04,GL-4396,2026-03-13 08:31:00,7.637932,10.725446,4.3,4.82
T04,GL-4396,2026-03-13 08:32:00,7.637368,10.725312,6.6,5.29
T04,GL-4396,2026-03-13 08:33:00,7.636837,10.725368,10.3,4.88
T04,GL-4396,2026-03-13 08:34:00,7.636269,10.725287,10.1,5.48
T04,GL-4396,2026-03-13 08:35:00,7.635703,10.725386,11.1,4.78
T04,GL-4396,2026-03-13 08:36:00,7.635201,10.725299,10.9,3.87
T04,GL-4396,2026-03-13 08:37:00,7.634728,10.725204,4.4,3.4
T04,GL-4396,2026-03-13 08:38:00,7.634162,10.725225,10.2,3.87
T04,GL-4396,2026-03-13 08:39:00,7.633697,10.725256,11.0,4.73
T04,GL-4396,2026-03-13 08:40:00,7.633139,10.725032,7.4,2.83
T04,GL-4396,2026-03-13 08:41:00,7.632577,10.725088,7.8,3.1
T04,GL-4396,2026-03-13 08:42:00,7.632071,10.725123,4.7,3.32
T04,GL-4396,2026-03-13 08:43:00,7.631511,10.72499,4.2,3.93
T04,GL-4396,2026-03-13 08:44:00,7.630944,10.725006,5.5,5.08
T04,GL-4396,2026-03-13 08:45:00,7.630398,10.724952,5.3,3.53
T04,GL-4396,2026-03-13 08:46:00,7.629931,10.724844,9.6,5.09
T04,GL-4396,2026-03-13 08:47:00,7.629402,10.725038,4.9,3.59
T04,GL-4396,2026-03-13 08:48:00,7.628918,10.724769,10.8,4.61
T04,GL-4396,2026-03-13 08:49:00,7.628211,10.724827,11.9,4.8
T04,GL-4396,2026-03-13 08:50:00,7.627888,10.724748,4.6,4.28
T04,GL-4396,2026-03-13 08:51:00,7.627309,10.724731,6.9,5.1
T04,GL-4396,2026-03-13 08:52:00,7.626732,10.724754,9.9,3.08
T04,GL-4396,2026-03-13 08:53:00,7.626184,10.72477,7.5,5.32
T04,GL-4396,2026-03-13 08:54:00,7.625599,10.724635,5.9,2.85
T04,GL-4396,2026-03-13 08:55:00,7.625112,10.724627,8.3,5.05
T04,GL-4396,2026-03-13 08:56:00,7.624746,10.72458,8.6,5.49
T04,GL-4396,2026-03-13 08:57:00,7.624144,10.72447,11.0,5.14
T04,GL-4396,2026-03-13 08:58:00,7.62355,10.724517,5.2,4.49
T04,GL-4396,2026-03-13 08:59:00,7.622974,10.724443,7.0,4.16
T04,GL-4396,2026-03-13 09:00:00,7.622435,10.724423,10.8,5.08
T04,GL-4396,2026-03-13 09:01:00,7.621968,10.724461,5.4,5.44
T04,GL-4396,2026-03-13 09:02:00,7.621356,10.724415,11.7,5.04
T04,GL-4396,2026-03-13 09:03:00,7.620869,10.724459,7.9,4.04
T04,GL-4396,2026-03-13 09:04:00,7.620411,10.724283,8.0,5.25
T04,GL-4396,2026-03-13 09:05:00,7.619846,10.724247,6.1,4.68
T04,GL-4396,2026-03-13 09:06:00,7.619264,10.724198,7.4,3.26
T04,GL-4396,2026-03-13 09:07:00,7.618782,10.724178,9.6,4.07
T04,GL-4396,2026-03-13 09:08:00,7.618173,10.724097,7.8,3.61
T04,GL-4396,2026-03-13 09:09:00,7.617747,10.7241,9.9,4.12
T04,GL-4396,2026-03-13 09:10:00,7.617119,10.724157,4.8,4.34
T04,GL-4396,2026-03-13 09:11:00,7.616603,10.724142,5.6,4.08
T04,GL-4396,2026-03-13 09:12:00,7.616084,10.72407,7.1,4.83
T04,GL-4396,2026-03-13 09:13:00,7.61544,10.723996,6.3,3.55
T04,GL-4396,2026-03-13 09:14:00,7.61499,10.723896,4.5,5.36
T04,GL-4396,2026-03-13 09:15:00,7.614489,10.723875,5.4,3.42
T04,GL-4396,2026-03-13 09:16:00,7.613918,10.723865,9.9,4.03
T04,GL-4396,2026-03-13 09:17:00,7.61342,10.723785,6.8,2.93
T04,GL-4396,2026-03-13 09:18:00,7.612793,10.723756,4.5,4.22
T04,GL-4396,2026-03-13 09:19:00,7.612316,10.723776,,4.55
T04,GL-4396,2026-03-13 09:20:00,7.611828,10.723797,11.5,3.06
T04,GL-4396,2026-03-13 09:21:00,7.611213,10.723639,4.1,4.97
T04,GL-4396,2026-03-13 09:22:00,7.610718,10.723603,6.2,4.56
T04,GL-4396,2026-03-13 09:23:00,7.610198,10.723631,11.6,3.7
T04,GL-4396,2026-03-13 09:24:00,7.609681,10.723663,10.3,5.12
T04,GL-4396,2026-03-13 09:25:00,7.609117,10.723461,6.0,4.37
T04,GL-4396,2026-03-13 09:26:00,7.608612,10.723559,6.2,3.16
T04,GL-4396,2026-03-13 09:27:00,7.608064,10.723416,4.9,5.55
T04,GL-4396,2026-03-13 09:28:00,7.607554,10.723414,9.8,4.92
T04,GL-4396,2026-03-13 09:29:00,7.607047,10.723456,9.5,3.06
T04,GL-4396,2026-03-13 09:30:00,7.606447,10.723413,11.3,5.58
T04,GL-4396,2026-03-13 09:31:00,7.605974,10.72335,,5.17
T04,GL-4396,2026-03-13 09:32:00,7.605358,10.723314,7.8,3.18
T04,GL-4396,2026-03-13 09:33:00,7.604847,10.72326,8.0,5.33
T04,GL-4396,2026-03-13 09:34:00,7.604252,10.723215,6.0,3.48
T04,GL-4396,2026-03-13 09:35:00,7.603759,10.723171,11.1,4.07
T04,GL-4396,2026-03-13 09:36:00,7.603255,10.723221,10.6,4.26
T04,GL-4396,2026-03-13 09:37:00,7.602781,10.723089,9.6,5.49
T04,GL-4396,2026-03-13 09:38:00,7.602182,10.723094,6.5,5.0
T04,GL-4396,2026-03-13 09:39:00,7.601651,10.723125,8.2,4.31
T04,GL-4396,2026-03-13 09:40:00,7.601129,10.72297,7.7,5.1
T04,GL-4396,2026-03-13 09:41:00,7.600598,10.723059,7.8,3.99
T04,GL-4396,2026-03-13 09:42:00,7.59994,10.722932,9.8,3.9
T04,GL-4396,2026-03-13 09:43:00,7.599382,10.722975,4.2,4.69
T04,GL-4396,2026-03-13 09:44:00,7.598848,10.722957,5.9,4.89
T04,GL-4396,2026-03-13 09:45:00,7.598518,10.722935,9.2,4.89
T04,GL-4396,2026-03-13 09:46:00,7.597904,10.722875,9.1,4.07
T04,GL-4396,2026-03-13 09:47:00,7.597326,10.722821,9.4,5.39
T04,GL-4396,2026-03-13 09:48:00,7.596849,10.722796,10.3,3.04
T04,GL-4396,2026-03-13 09:49:00,7.596333,10.722772,10.1,3.72
T04,GL-4396,2026-03-13 09:50:00,7.595789,10.72263,4.6,3.37
T04,GL-4396,2026-03-13 09:51:00,7.595141,10.722571,7.5,4.92
T04,GL-4396,2026-03-13 09:52:00,7.594577,10.722583,6.5,4.2
T04,GL-4396,2026-03-13 09:53:00,7.594128,10.722613,10.9,3.22
T04,GL-4396,2026-03-13 09:54:00,7.593624,10.722597,9.4,4.44
T04,GL-4396,2026-03-13 09:55:00,7.59315,10.722489,4.6,2.87
T04,GL-4396,2026-03-13 09:56:00,7.59261,10.722582,4.4,3.43
T04,GL-4396,2026-03-13 09:57:00,7.592095,10.722368,8.6,4.29
T04,GL-4396,2026-03-13 09:58:00,7.591567,10.722503,11.1,4.92
T04,GL-4396,2026-03-13 09:59:00,7.590931,10.722403,10.2,4.24
T04,GL-4396,2026-03-13 10:00:00,7.590454,10.722285,10.1,3.38
T04,GL-4396,2026-03-13 10:01:00,7.58989,10.722218,9.3,5.25
T04,GL-4396,2026-03-13 10:02:00,7.589388,10.722168,5.2,2.84
T04,GL-4396,2026-03-13 10:03:00,7.588805,10.72219,4.9,3.07
T04,GL-4396,2026-03-13 10:04:00,7.588249,10.722179,11.5,5.6
T04,GL-4396,2026-03-13 10:05:00,7.587797,10.722109,8.7,3.53
T04,GL-4396,2026-03-13 10:06:00,7.3315,10.722209,4.8,269.12
T04,GL-4396,2026-03-13 10:07:00,7.586622,10.72207,8.1,5.21
T04,GL-4396,2026-03-13 10:08:00,7.586215,10.72215,11.6,4.39
T04,GL-4396,2026-03-13 10:09:00,7.585579,10.721969,7.8,5.11
T04,GL-4396,2026-03-13 10:10:00,7.585197,10.722089,5.8,5.34
T04,GL-4396,2026-03-13 10:11:00,7.584569,10.72191,4.6,3.38
T04,GL-4396,2026-03-13 10:12:00,7.584002,10.721863,10.4,2.86
T04,GL-4396,2026-03-13 10:13:00,7.583388,10.721808,9.0,4.12
T04,GL-4396,2026-03-13 10:14:00,7.582923,10.7219,4.1,4.05
T04,GL-4396,2026-03-13 10:15:00,7.582393,10.721858,5.4,4.83
T04,GL-4396,2026-03-13 10:16:00,7.581938,10.721773,6.2,5.32
T04,GL-4396,2026-03-13 10:17:00,7.581467,10.721839,6.4,5.06
T04,GL-4396,2026-03-13 10:18:00,7.580811,10.721682,6.9,5.46
T04,GL-4396,2026-03-13 10:19:00,7.580256,10.721758,8.6,3.71
T04,GL-4396,2026-03-13 10:20:00,7.579737,10.72168,10.2,3.05
T04,GL-4396,2026-03-13 10:21:00,7.579265,10.721547,6.3,3.04
T04,GL-4396,2026-03-13 10:22:00,7.578715,10.721681,7.1,4.1
T04,GL-4396,2026-03-13 10:23:00,7.578116,10.721528,8.3,5.55
T04,GL-4396,2026-03-13 10:24:00,7.577655,10.721412,7.3,5.19
T04,GL-4396,2026-03-13 10:25:00,7.577244,10.721499,9.8,4.04
T04,GL-4396,2026-03-13 10:26:00,7.576679,10.72139,10.3,5.15
T04,GL-4396,2026-03-13 10:27:00,7.576035,10.721407,8.1,3.48
T04,GL-4396,2026-03-13 10:28:00,7.57545,10.721387,4.7,4.35
T04,GL-4396,2026-03-13 10:29:00,7.574937,10.721318,6.2,3.41
T04,GL-4396,2026-03-13 10:30:00,7.574469,10.721324,5.6,3.41
T04,GL-4396,2026-03-13 10:31:00,7.573982,10.721218,8.1,3.93
T04,GL-4396,2026-03-13 10:32:00,7.573349,10.721358,6.2,4.41
T04,GL-4396,2026-03-13 10:33:00,7.57283,10.721155,4.6,5.03
T04,GL-4396,2026-03-13 10:34:00,7.57221,10.721074,11.4,4.41
T04,GL-4396,2026-03-13 10:35:00,7.571873,10.721085,6.2,3.17
T04,GL-4396,2026-03-13 10:36:00,7.571248,10.721042,11.3,4.81
T04,GL-4396,2026-03-13 10:37:00,7.570726,10.721013,5.3,5.1
T04,GL-4396,2026-03-13 10:38:00,7.570166,10.721009,9.5,3.64
T04,GL-4396,2026-03-13 10:39:00,7.569695,10.720954,7.8,5.35
T04,GL-4396,2026-03-13 10:40:00,7.5691,10.7209,8.2,4.59
T04,GL-4396,2026-03-13 10:41:00,7.568478,10.720931,4.7,4.56
T04,GL-4396,2026-03-13 10:42:00,7.568108,10.720917,11.5,3.56
T04,GL-4396,2026-03-13 10:43:00,7.567485,10.720765,7.0,4.68
T04,GL-4396,2026-03-13 10:44:00,7.566956,10.72076,4.4,3.67
T04,GL-4396,2026-03-13 10:45:00,7.566387,10.720701,4.5,4.09
T04,GL-4396,2026-03-13 10:46:00,7.565834,10.720795,8.0,5.5
T04,GL-4396,2026-03-13 10:47:00,7.56532,10.72076,6.1,3.72
T04,GL-4396,2026-03-13 10:48:00,7.56473,10.720644,6.7,5.33
T04,GL-4396,2026-03-13 10:49:00,7.564409,10.720706,5.4,4.02
T04,GL-4396,2026-03-13 10:50:00,7.563798,10.720571,4.1,3.13
T04,GL-4396,2026-03-13 10:51:00,7.563305,10.720528,10.1,3.02
T04,GL-4396,2026-03-13 10:52:00,7.562744,10.720517,7.9,5.0
T04,GL-4396,2026-03-13 10:53:00,7.562167,10.720456,5.9,4.78
T04,GL-4396,2026-03-13 10:54:00,7.56169,10.720456,5.0,4.73
T04,GL-4396,2026-03-13 10:55:00,7.561011,10.720502,11.5,4.43
T04,GL-4396,2026-03-13 10:56:00,7.560566,10.720439,7.0,4.96
T04,GL-4396,2026-03-13 10:57:00,7.560099,10.720258,8.2,2.84
T04,GL-4396,2026-03-13 10:58:00,7.559325,10.720243,4.8,4.02
T04,GL-4396,2026-03-13 10:59:00,7.558844,10.720294,5.3,4.48
T04,GL-4396,2026-03-13 11:00:00,7.55836,10.720159,11.6,4.4
T04,GL-4396,2026-03-13 11:01:00,7.557886,10.720224,11.9,3.75
T04,GL-4396,2026-03-13 11:02:00,7.557425,10.720178,7.9,4.09
T04,GL-4396,2026-03-13 11:03:00,7.556876,10.720163,6.9,3.51
T04,GL-4396,2026-03-13 11:04:00,7.556402,10.720147,5.2,4.41
T04,GL-4396,2026-03-13 11:05:00,7.555681,10.720069,7.3,5.52
T04,GL-4396,2026-03-13 11:06:00,7.555238,10.720012,11.1,4.94
T04,GL-4396,2026-03-13 11:07:00,7.554769,10.720041,8.8,4.68
T04,GL-4396,2026-03-13 11:08:00,7.554158,10.719898,9.3,4.1
T04,GL-4396,2026-03-13 11:09:00,7.553482,10.719902,8.8,5.32
T04,GL-4396,2026-03-13 11:10:00,7.553075,10.719837,6.7,5.17
T04,GL-4396,2026-03-13 11:11:00,7.552634,10.719792,8.8,4.5
T04,GL-4396,2026-03-13 11:12:00,7.551997,10.71982,5.9,5.04
T04,GL-4396,2026-03-13 11:13:00,7.551456,10.719664,10.0,3.23
T04,GL-4396,2026-03-13 11:14:00,7.551068,10.719717,6.4,4.13
T04,GL-4396,2026-03-13 11:15:00,7.550468,10.719729,6.4,4.13
T04,GL-4396,2026-03-13 11:16:00,7.549838,10.719684,8.5,4.51
T04,GL-4396,2026-03-13 11:17:00,7.549368,10.719658,6.3,5.53
T04,GL-4396,2026-03-13 11:18:00,7.548787,10.719596,11.3,2.92
T04,GL-4396,2026-03-13 11:19:00,7.548341,10.719511,7.9,4.55
T04,GL-4396,2026-03-13 11:20:00,7.547622,10.719634,6.8,4.29
T04,GL-4396,2026-03-13 11:21:00,7.547192,10.719513,6.4,3.78
T04,GL-4396,2026-03-13 11:22:00,7.546692,10.719468,,3.6
T04,GL-4396,2026-03-13 11:23:00,7.546106,10.719567,11.8,5.31
T04,GL-4396,2026-03-13 11:24:00,7.54561,10.719466,5.9,4.55
T04,GL-4396,2026-03-13 11:25:00,7.544992,10.719276,5.7,3.16
T04,GL-4396,2026-03-13 11:26:00,7.544583,10.719312,8.0,5.34
T04,GL-4396,2026-03-13 11:27:00,7.543984,10.719266,11.3,3.49
T04,GL-4396,2026-03-13 11:28:00,7.543379,10.719214,11.5,4.41
T04,GL-4396,2026-03-13 11:29:00,7.543067,10.719138,6.2,3.21
T04,GL-4396,2026-03-13 11:30:00,7.542439,10.71915,10.9,5.32
T04,GL-4396,2026-03-13 11:31:00,7.541845,10.719199,7.9,2.88
T04,GL-4396,2026-03-13 11:32:00,7.541281,10.719136,7.4,4.52
T04,GL-4396,2026-03-13 11:33:00,7.540732,10.719113,6.0,5.53
T04,GL-4396,2026-03-13 11:34:00,7.540399,10.719076,5.4,4.95
T04,GL-4396,2026-03-13 11:35:00,7.539791,10.719027,10.3,4.26
T04,GL-4396,2026-03-13 11:36:00,7.539163,10.718993,4.1,3.88
T04,GL-4396,2026-03-13 11:37:00,7.538709,10.718976,5.2,3.79
T04,GL-4396,2026-03-13 11:38:00,7.538208,10.718943,6.1,4.24
T04,GL-4396,2026-03-13 11:39:00,7.537492,10.718711,9.5,3.83
T04,GL-4396,2026-03-13 11:40:00,7.537203,10.71883,7.5,4.95
T04,GL-4396,2026-03-13 11:41:00,7.536556,10.718788,9.8,3.84
T04,GL-4396,2026-03-13 11:42:00,7.53611,10.718751,6.7,5.23
T04,GL-4396,2026-03-13 11:43:00,7.535518,10.718764,10.0,3.79
T04,GL-4396,2026-03-13 11:44:00,7.535055,10.718585,7.9,3.46
T04,GL-4396,2026-03-13 11:45:00,7.534474,10.718611,7.1,4.39
T04,GL-4396,2026-03-13 11:46:00,7.533932,10.718695,10.0,4.11
T04,GL-4396,2026-03-13 11:47:00,7.533307,10.718605,10.2,4.24
T04,GL-4396,2026-03-13 11:48:00,7.532794,10.71851,4.9,3.79
T04,GL-4396,2026-03-13 11:49:00,7.532311,10.718621,11.9,3.39
T04,GL-4396,2026-03-13 11:50:00,7.5317,10.718495,7.0,5.19
T04,GL-4396,2026-03-13 11:51:00,7.531293,10.718506,11.9,5.39
T04,GL-4396,2026-03-13 11:52:00,7.530725,10.718427,6.3,3.29
T04,GL-4396,2026-03-13 11:53:00,7.530177,10.718384,11.4,5.53
T04,GL-4396,2026-03-13 11:54:00,7.529558,10.718416,7.1,4.13
T04,GL-4396,2026-03-13 11:55:00,7.529023,10.718369,10.9,5.22
T04,GL-4396,2026-03-13 11:56:00,7.528494,10.718323,5.5,3.22
T04,GL-4396,2026-03-13 11:57:00,7.528036,10.718238,8.5,2.94
T04,GL-4396,2026-03-13 11:58:00,7.527431,10.7182,8.7,4.72
T04,GL-4396,2026-03-13 11:59:00,7.526876,10.718171,8.6,4.83
T04,GL-4396,2026-03-13 12:00:00,7.526335,10.718135,9.2,4.0
T04,GL-4396,2026-03-13 12:01:00,7.525793,10.718056,11.7,3.87
T04,GL-4396,2026-03-13 12:02:00,7.525258,10.717982,11.3,4.54
T04,GL-4396,2026-03-13 12:03:00,7.52494,10.718124,5.7,4.8
T04,GL-4396,2026-03-13 12:04:00,7.524315,10.718034,8.3,5.28
T04,GL-4396,2026-03-13 12:05:00,7.523792,10.718001,4.6,3.02
T04,GL-4396,2026-03-13 12:06:00,7.523169,10.717988,8.4,4.66
T04,GL-4396,2026-03-13 12:07:00,7.522728,10.717857,10.9,5.43
T04,GL-4396,2026-03-13 12:08:00,7.522211,10.717886,7.1,3.51
T04,GL-4396,2026-03-13 12:09:00,7.521655,10.717914,6.5,5.56
T04,GL-4396,2026-03-13 12:10:00,7.521125,10.717779,10.3,4.72
T04,GL-4396,2026-03-13 12:11:00,7.520529,10.717825,10.9,2.9
T04,GL-4396,2026-03-13 12:12:00,7.520123,10.717739,8.7,5.37
T04,GL-4396,2026-03-13 12:13:00,7.519499,10.717653,,4.68
T04,GL-4396,2026-03-13 12:14:00,7.518856,10.717683,7.8,5.06
T04,GL-4396,2026-03-13 12:15:00,7.518328,10.717615,4.4,4.94
T04,GL-4396,2026-03-13 12:16:00,7.518076,10.717512,9.7,2.99
T04,GL-4396,2026-03-13 12:17:00,7.51741,10.717612,8.7,3.22
T04,GL-4396,2026-03-13 12:18:00,7.516922,10.717585,9.5,3.69
T04,GL-4396,2026-03-13 12:19:00,7.516281,10.717569,9.0,4.32
T04,GL-4396,2026-03-13 12:20:00,7.515825,10.717472,7.1,4.75
T04,GL-4396,2026-03-13 12:21:00,7.515275,10.717521,11.1,3.26
T04,GL-4396,2026-03-13 12:22:00,7.514675,10.717282,7.4,4.33
T04,GL-4396,2026-03-13 12:23:00,7.514207,10.717184,9.4,3.62
T04,GL-4396,2026-03-13 12:24:00,7.51361,10.717274,8.6,4.83
T04,GL-4396,2026-03-13 12:25:00,7.512996,10.717368,6.3,2.81
T04,GL-4396,2026-03-13 12:26:00,7.512537,10.71728,8.1,3.13
T04,GL-4396,2026-03-13 12:27:00,7.512058,10.717172,,3.38
T04,GL-4396,2026-03-13 12:28:00,7.511577,10.717109,11.8,4.06
T04,GL-4396,2026-03-13 12:29:00,7.510902,10.71718,10.2,5.58
T04,GL-4396,2026-03-13 12:30:00,7.510365,10.717049,6.1,3.8
T04,GL-4396,2026-03-13 12:31:00,7.5099,10.71704,4.2,3.1
T04,GL-4396,2026-03-13 12:32:00,7.509377,10.717075,11.1,5.48
T04,GL-4396,2026-03-13 12:33:00,7.508838,10.716885,7.3,2.95
T04,GL-4396,2026-03-13 12:34:00,7.508349,10.716983,5.0,3.55
T04,GL-4396,2026-03-13 12:35:00,7.507718,10.716868,5.6,3.05
T04,GL-4396,2026-03-13 12:36:00,7.507221,10.71676,6.4,4.29
T04,GL-4396,2026-03-13 12:37:00,7.50675,10.71675,8.3,4.83
T04,GL-4396,2026-03-13 12:38:00,7.506169,10.716899,11.8,5.2
T04,GL-4396,2026-03-13 12:39:00,7.505747,10.716682,7.5,4.58
T04,GL-4396,2026-03-13 12:40:00,7.505067,10.716727,7.4,5.07
T04,GL-4396,2026-03-13 12:41:00,7.504543,10.716798,4.1,3.98
T04,GL-4396,2026-03-13 12:42:00,7.50402,10.716579,9.2,3.25
T04,GL-4396,2026-03-13 12:43:00,7.503558,10.71662,9.4,4.72
T04,GL-4396,2026-03-13 12:44:00,7.502988,10.716583,11.2,3.88
T04,GL-4396,2026-03-13 12:45:00,7.502403,10.716617,4.5,4.41
T04,GL-4396,2026-03-13 12:46:00,7.501918,10.716563,4.3,4.31
T04,GL-4396,2026-03-13 12:47:00,7.501219,10.716534,11.0,3.04
T04,GL-4396,2026-03-13 12:48:00,7.500763,10.716427,6.2,4.57
T04,GL-4396,2026-03-13 12:49:00,7.500297,10.716452,7.4,3.76
T04,GL-4396,2026-03-13 12:50:00,7.499797,10.716419,8.1,3.83
T04,GL-4396,2026-03-13 12:51:00,7.499098,10.716324,10.3,3.21
T04,GL-4396,2026-03-13 12:52:00,7.49869,10.716335,5.8,5.47
T04,GL-4396,2026-03-13 12:53:00,7.498172,10.716199,9.8,3.1
T04,GL-4396,2026-03-13 12:54:00,7.497642,10.716173,7.2,5.47
T04,GL-4396,2026-03-13 12:55:00,7.497101,10.716122,7.1,3.45
T04,GL-4396,2026-03-13 12:56:00,7.496494,10.716225,7.8,5.49
T04,GL-4396,2026-03-13 12:57:00,7.496051,10.716093,9.2,3.76
T04,GL-4396,2026-03-13 12:58:00,7.495443,10.716172,8.4,3.54
T04,GL-4396,2026-03-13 12:59:00,7.494878,10.716117,9.6,3.66
T04,GL-4396,2026-03-13 13:00:00,7.49444,10.716075,6.4,4.7
T04,GL-4396,2026-03-13 13:01:00,7.493915,10.716108,9.1,5.2
T04,GL-4396,2026-03-13 13:02:00,7.493443,10.716033,6.2,5.59
T04,GL-4396,2026-03-13 13:03:00,7.49276,10.715925,9.4,3.4
T04,GL-4396,2026-03-13 13:04:00,7.492299,10.715956,9.1,5.37
T04,GL-4396,2026-03-13 13:05:00,7.890917,10.715857,4.5,263.69
T04,GL-4396,2026-03-13 13:06:00,7.491326,10.715797,11.4,5.34
T04,GL-4396,2026-03-13 13:07:00,7.490669,10.71561,11.2,2.98
T04,GL-4396,2026-03-13 13:08:00,7.565,10.715779,6.0,400.62
T04,GL-4396,2026-03-13 13:09:00,7.489595,10.715746,5.7,3.44
T04,GL-4396,2026-03-13 13:10:00,7.489223,10.715782,5.4,5.05
T04,GL-4396,2026-03-13 13:11:00,7.488521,10.715629,8.7,3.68
T04,GL-4396,2026-03-13 13:12:00,7.488001,10.715636,5.1,4.31
T04,GL-4396,2026-03-13 13:13:00,7.487438,10.715585,10.8,3.12
T04,GL-4396,2026-03-13 13:14:00,7.487044,10.715601,5.3,3.27
T04,GL-4396,2026-03-13 13:15:00,7.486335,10.715544,5.8,4.59
T04,GL-4396,2026-03-13 13:16:00,7.48582,10.715511,6.8,3.22
T04,GL-4396,2026-03-13 13:17:00,7.485356,10.7155,10.3,5.34
T04,GL-4396,2026-03-13 13:18:00,7.484752,10.715456,8.3,2.83
T04,GL-4396,2026-03-13 13:19:00,7.484355,10.715414,7.2,4.29
T04,GL-4396,2026-03-13 13:20:00,7.483748,10.715361,9.6,2.84
T04,GL-4396,2026-03-13 13:21:00,7.483269,10.715285,6.6,3.14
T04,GL-4396,2026-03-13 13:22:00,7.482649,10.715285,6.4,3.15
T04,GL-4396,2026-03-13 13:23:00,7.482136,10.715207,4.1,2.86
T04,GL-4396,2026-03-13 13:24:00,7.481637,10.715143,11.4,3.17
T04,GL-4396,2026-03-13 13:25:00,7.48104,10.715208,4.3,3.94
T04,GL-4396,2026-03-13 13:26:00,7.480524,10.715074,5.4,3.8
T04,GL-4396,2026-03-13 13:27:00,7.479892,10.715095,11.1,3.14
T04,GL-4396,2026-03-13 13:28:00,7.479535,10.715031,11.1,4.18
T04,GL-4396,2026-03-13 13:29:00,7.478916,10.715061,11.7,3.76
T04,GL-4396,2026-03-13 13:30:00,7.478391,10.715064,10.3,2.92
T04,GL-4396,2026-03-13 13:31:00,7.477903,10.714898,4.0,4.85
T04,GL-4396,2026-03-13 13:32:00,7.477343,10.714947,11.6,3.98
T04,GL-4396,2026-03-13 13:33:00,7.476841,10.71495,10.6,5.1
T04,GL-4396,2026-03-13 13:34:00,7.476265,10.71479,6.5,3.51
T04,GL-4396,2026-03-13 13:35:00,7.475864,10.714831,7.9,3.28
T04,GL-4396,2026-03-13 13:36:00,7.475316,10.714851,7.6,4.9
T04,GL-4396,2026-03-13 13:37:00,7.474785,10.714639,6.7,4.73
T04,GL-4396,2026-03-13 13:38:00,7.474253,10.714707,7.8,4.81
T04,GL-4396,2026-03-13 13:39:00,7.473606,10.714616,9.9,5.32
T04,GL-4396,2026-03-13 13:40:00,7.473109,10.714576,7.7,3.41
T04,GL-4396,2026-03-13 13:41:00,7.472468,10.714672,9.6,4.13
T04,GL-4396,2026-03-13 13:42:00,7.47201,10.714548,4.6,3.17
T04,GL-4396,2026-03-13 13:43:00,7.471441,10.714533,5.4,5.22
T04,GL-4396,2026-03-13 13:44:00,7.470918,10.714575,7.9,2.94
T04,GL-4396,2026-03-13 13:45:00,7.47052,10.714467,5.5,5.22
T04,GL-4396,2026-03-13 13:46:00,7.469809,10.714516,5.2,4.05
T04,GL-4396,2026-03-13 13:47:00,7.469329,10.714352,9.5,3.39
T04,GL-4396,2026-03-13 13:48:00,7.468831,10.714389,6.2,4.78
T04,GL-4396,2026-03-13 13:49:00,7.468184,10.714362,5.2,2.8
T04,GL-4396,2026-03-13 13:50:00,7.467733,10.714304,4.6,4.48
T04,GL-4396,2026-03-13 13:51:00,7.467181,10.714274,9.0,2.83
T04,GL-4396,2026-03-13 13:52:00,7.466699,10.714229,7.8,4.18
T04,GL-4396,2026-03-13 13:53:00,7.466112,10.71422,8.3,3.51
T04,GL-4396,2026-03-13 13:54:00,7.465565,10.714156,9.2,2.82
T04,GL-4396,2026-03-13 13:55:00,7.465106,10.714031,4.4,4.96
T04,GL-4396,2026-03-13 13:56:00,7.464514,10.71404,7.0,3.08
T04,GL-4396,2026-03-13 13:57:00,7.464008,10.713964,6.3,3.29
T04,GL-4396,2026-03-13 13:58:00,7.463454,10.714051,10.3,3.85
T04,GL-4396,2026-03-13 13:59:00,7.462931,10.71403,4.0,3.09
T04,GL-4396,2026-03-13 14:00:00,7.462465,10.713919,5.0,4.07
T04,GL-4396,2026-03-13 14:01:00,7.461934,10.71394,7.1,4.71
T04,GL-4396,2026-03-13 14:02:00,7.461284,10.713944,9.5,4.41
T04,GL-4396,2026-03-13 14:03:00,7.460809,10.713827,12.0,4.76
T04,GL-4396,2026-03-13 14:04:00,7.46026,10.713948,9.2,5.19
T04,GL-4396,2026-03-13 14:05:00,7.45967,10.713772,5.3,4.41
T04,GL-4396,2026-03-13 14:06:00,7.459204,10.713752,8.9,4.63
T04,GL-4396,2026-03-13 14:07:00,7.458698,10.713785,8.3,5.23
T04,GL-4396,2026-03-13 14:08:00,7.45815,10.713736,5.6,3.68
T04,GL-4396,2026-03-13 14:09:00,7.457523,10.713615,11.0,5.0
T04,GL-4396,2026-03-13 14:10:00,7.4571,10.71367,7.8,3.2
T04,GL-4396,2026-03-13 14:11:00,7.456678,10.713635,6.3,3.61
T04,GL-4396,2026-03-13 14:12:00,7.456066,10.713632,9.0,5.43
T04,GL-4396,2026-03-13 14:13:00,7.455479,10.713483,6.3,5.25
T04,GL-4396,2026-03-13 14:14:00,7.454858,10.713458,10.2,3.66
T04,GL-4396,2026-03-13 14:15:00,7.454375,10.713415,9.2,3.75
T04,GL-4396,2026-03-13 14:16:00,7.453967,10.713328,7.5,4.31
T04,GL-4396,2026-03-13 14:17:00,7.453337,10.713415,6.5,5.02
T04,GL-4396,2026-03-13 14:18:00,7.452768,10.713315,9.6,5.03
T04,GL-4396,2026-03-13 14:19:00,7.452196,10.713365,8.7,3.95
T04,GL-4396,2026-03-13 14:20:00,7.451651,10.713428,8.5,4.35
T04,GL-4396,2026-03-13 14:21:00,7.451192,10.713192,8.4,5.03
T04,GL-4396,2026-03-13 14:22:00,7.450646,10.71316,4.2,4.46
T04,GL-4396,2026-03-13 14:23:00,7.45009,10.713047,6.8,3.55
T04,GL-4396,2026-03-13 14:24:00,7.4495,10.71311,6.0,4.26
T04,GL-4396,2026-03-13 14:25:00,7.448992,10.713177,9.9,4.05
T04,GL-4396,2026-03-13 14:26:00,7.44857,10.713088,4.1,5.3
T04,GL-4396,2026-03-13 14:27:00,7.448036,10.712951,11.6,3.39
T04,GL-4396,2026-03-13 14:28:00,7.447485,10.713,8.6,4.75
T04,GL-4396,2026-03-13 14:29:00,7.44699,10.712905,4.5,3.67
T04,GL-4396,2026-03-13 14:30:00,7.446411,10.712879,10.6,4.69
T04,GL-4396,2026-03-13 14:31:00,7.445849,10.71277,4.6,3.71
T04,GL-4396,2026-03-13 14:32:00,7.445309,10.71277,7.1,5.22
T04,GL-4396,2026-03-13 14:33:00,7.44479,10.712783,6.8,4.36
T04,GL-4396,2026-03-13 14:34:00,7.444221,10.712752,9.8,4.77
T04,GL-4396,2026-03-13 14:35:00,7.443733,10.712677,9.4,4.44
T04,GL-4396,2026-03-13 14:36:00,7.443223,10.712691,9.8,4.77
T04,GL-4396,2026-03-13 14:37:00,7.442612,10.712593,8.0,5.26
T04,GL-4396,2026-03-13 14:38:00,7.442066,10.712705,8.6,5.46
T04,GL-4396,2026-03-13 14:39:00,7.44159,10.712594,5.6,4.71
T04,GL-4396,2026-03-13 14:40:00,7.441133,10.712654,7.7,4.42
T04,GL-4396,2026-03-13 14:41:00,7.440553,10.712481,11.2,4.2
T04,GL-4396,2026-03-13 14:42:00,7.439964,10.712494,9.7,5.27
T04,GL-4396,2026-03-13 14:43:00,7.439368,10.71244,5.7,4.51
T04,GL-4396,2026-03-13 14:44:00,7.43898,10.712359,7.0,5.12
T04,GL-4396,2026-03-13 14:45:00,7.438432,10.712464,10.3,3.68
T04,GL-4396,2026-03-13 14:46:00,7.437876,10.712392,8.9,4.25
T04,GL-4396,2026-03-13 14:47:00,7.437426,10.712256,7.6,4.93
T04,GL-4396,2026-03-13 14:48:00,7.436787,10.712261,6.6,3.64
T04,GL-4396,2026-03-13 14:49:00,7.43633,10.712266,10.6,5.39
T04,GL-4396,2026-03-13 14:50:00,7.435707,10.712174,11.8,3.29
T04,GL-4396,2026-03-13 14:51:00,7.435206,10.712238,11.1,3.44
T04,GL-4396,2026-03-13 14:52:00,7.434673,10.712045,6.4,4.22
T04,GL-4396,2026-03-13 14:53:00,7.434002,10.712182,10.2,4.39
T04,GL-4396,2026-03-13 14:54:00,7.433588,10.71206,6.4,5.45
T04,GL-4396,2026-03-13 14:55:00,7.433097,10.712035,5.7,3.14
T04,GL-4396,2026-03-13 14:56:00,7.432431,10.712133,7.0,5.45
T04,GL-4396,2026-03-13 14:57:00,7.43199,10.711926,7.1,2.91
T04,GL-4396,2026-03-13 14:58:00,7.431495,10.711954,,3.59
T04,GL-4396,2026-03-13 14:59:00,7.430963,10.711931,5.0,3.55
T04,GL-4396,2026-03-13 15:00:00,7.430318,10.711861,12.0,3.82
T04,GL-4396,2026-03-13 15:01:00,7.429881,10.711813,11.7,2.96
T04,GL-4396,2026-03-13 15:02:00,7.429328,10.711752,7.0,4.14
T04,GL-4396,2026-03-13 15:03:00,7.42884,10.711813,7.8,4.39
T04,GL-4396,2026-03-13 15:04:00,7.428316,10.711715,4.0,2.98
T04,GL-4396,2026-03-13 15:05:00,7.42787,10.711772,11.1,3.14
T04,GL-4396,2026-03-13 15:06:00,7.427188,10.711706,10.4,5.2
T04,GL-4396,2026-03-13 15:07:00,7.426735,10.711758,5.1,4.2
T04,GL-4396,2026-03-13 15:08:00,7.426082,10.711587,7.5,5.51
T04,GL-4396,2026-03-13 15:09:00,7.42558,10.711622,7.0,3.44
T04,GL-4396,2026-03-13 15:10:00,7.425144,10.711582,10.7,5.47
T04,GL-4396,2026-03-13 15:11:00,7.42457,10.711403,10.3,5.11
T04,GL-4396,2026-03-13 15:12:00,7.424022,10.711482,5.0,3.94
T04,GL-4396,2026-03-13 15:13:00,7.423464,10.71134,4.0,3.42
T04,GL-4396,2026-03-13 15:14:00,7.423025,10.711367,10.7,3.67
T04,GL-4396,2026-03-13 15:15:00,7.42242,10.711324,4.8,5.53
T04,GL-4396,2026-03-13 15:16:00,7.421948,10.711288,10.6,3.66
T04,GL-4396,2026-03-13 15:17:00,7.421273,10.711247,10.2,4.34
T04,GL-4396,2026-03-13 15:18:00,7.420765,10.711071,9.3,5.51
T04,GL-4396,2026-03-13 15:19:00,7.420287,10.711222,6.3,4.62
T04,GL-4396,2026-03-13 15:20:00,7.419724,10.711154,11.7,2.85
T04,GL-4396,2026-03-13 15:21:00,7.419268,10.711047,4.0,4.28
T04,GL-4396,2026-03-13 15:22:00,7.418699,10.711085,4.5,2.81
T04,GL-4396,2026-03-13 15:23:00,7.418238,10.711106,11.7,2.86
T04,GL-4396,2026-03-13 15:24:00,7.417681,10.711045,10.5,4.04
T04,GL-4396,2026-03-13 15:25:00,7.417124,10.710974,6.7,3.23
T04,GL-4396,2026-03-13 15:26:00,7.416451,10.710914,9.7,4.98
T04,GL-4396,2026-03-13 15:27:00,7.416029,10.710848,5.8,4.13
T04,GL-4396,2026-03-13 15:28:00,7.415555,10.71085,6.9,5.5
T04,GL-4396,2026-03-13 15:29:00,7.414915,10.711001,10.1,3.19
T04,GL-4396,2026-03-13 15:30:00,7.414311,10.710859,7.9,5.37
T04,GL-4396,2026-03-13 15:31:00,7.413914,10.710849,10.7,4.49
T04,GL-4396,2026-03-13 15:32:00,7.413292,10.71083,10.5,5.12
T04,GL-4396,2026-03-13 15:33:00,7.412851,10.710805,4.7,4.05
T04,GL-4396,2026-03-13 15:34:00,7.412268,10.710627,7.6,3.53
T04,GL-4396,2026-03-13 15:35:00,7.411647,10.710653,8.3,5.4
T04,GL-4396,2026-03-13 15:36:00,7.411243,10.71062,7.5,3.98
T04,GL-4396,2026-03-13 15:37:00,7.410588,10.710565,5.6,3.29
T04,GL-4396,2026-03-13 15:38:00,7.409992,10.71052,9.8,3.7
T04,GL-4396,2026-03-13 15:39:00,7.409558,10.710489,11.8,3.12
T04,GL-4396,2026-03-13 15:40:00,7.409034,10.710447,7.2,5.26
T04,GL-4396,2026-03-13 15:41:00,7.408459,10.71039,4.3,4.77
T04,GL-4396,2026-03-13 15:42:00,7.408163,10.710218,6.5,3.52
T04,GL-4396,2026-03-13 15:43:00,7.407532,10.710322,9.4,3.44
T04,GL-4396,2026-03-13 15:44:00,7.40691,10.710335,5.8,4.35
T04,GL-4396,2026-03-13 15:45:00,7.406383,10.710176,8.4,3.21
T04,GL-4396,2026-03-13 15:46:00,7.4058,10.710298,7.8,5.15
T04,GL-4396,2026-03-13 15:47:00,7.405344,10.710157,5.8,3.6
T04,GL-4396,2026-03-13 15:48:00,7.404824,10.710111,5.3,3.07
T04,GL-4396,2026-03-13 15:49:00,7.404166,10.710062,9.3,5.54
T04,GL-4396,2026-03-13 15:50:00,7.403763,10.710107,10.6,4.91
T04,GL-4396,2026-03-13 15:51:00,7.40309,10.71009,8.2,3.14
T04,GL-4396,2026-03-13 15:52:00,7.402629,10.71003,8.7,3.34
T04,GL-4396,2026-03-13 15:53:00,7.402182,10.709979,6.2,4.98
T04,GL-4396,2026-03-13 15:54:00,7.401628,10.71003,7.0,3.36
T04,GL-4396,2026-03-13 15:55:00,7.401071,10.710019,6.4,5.39
T04,GL-4396,2026-03-13 15:56:00,7.400565,10.70988,4.7,3.21
T04,GL-4396,2026-03-13 15:57:00,7.40005,10.709985,6.8,5.41
T04,GL-4396,2026-03-13 15:58:00,7.399426,10.709876,9.9,3.94
T04,GL-4396,2026-03-13 15:59:00,7.398986,10.70981,11.4,4.95
T04,GL-4396,2026-03-13 16:00:00,7.398425,10.709738,9.9,3.01
T04,GL-4396,2026-03-13 16:01:00,7.397915,10.709665,7.4,3.86
T04,GL-4396,2026-03-13 16:02:00,7.397312,10.709682,8.9,5.28
T04,GL-4396,2026-03-13 16:03:00,7.396789,10.709607,8.8,3.15
T04,GL-4396,2026-03-13 16:04:00,7.39621,10.709672,10.1,3.78
T04,GL-4396,2026-03-13 16:05:00,7.395696,10.70959,7.0,3.19
T04,GL-4396,2026-03-13 16:06:00,7.395056,10.709522,9.1,4.14
T04,GL-4396,2026-03-13 16:07:00,7.394539,10.709496,10.9,4.28
T04,GL-4396,2026-03-13 16:08:00,7.394168,10.709459,4.6,3.79
T04,GL-4396,2026-03-13 16:09:00,7.393554,10.70943,11.5,3.85
T04,GL-4396,2026-03-13 16:10:00,7.393048,10.709441,11.6,3.33
T04,GL-4396,2026-03-13 16:11:00,7.392506,10.709434,10.4,3.45
T04,GL-4396,2026-03-13 16:12:00,7.39196,10.709333,6.9,5.29
T04,GL-4396,2026-03-13 16:13:00,7.391525,10.709322,5.0,4.27
T04,GL-4396,2026-03-13 16:14:00,7.39093,10.709207,11.8,4.4
T04,GL-4396,2026-03-13 16:15:00,7.390484,10.709169,5.1,3.54
T04,GL-4396,2026-03-13 16:16:00,7.389899,10.70934,,5.5
T04,GL-4396,2026-03-13 16:17:00,7.389294,10.709194,8.0,3.13
T04,GL-4396,2026-03-13 16:18:00,7.388879,10.709149,8.5,5.46
T04,GL-4396,2026-03-13 16:19:00,7.388152,10.709028,10.3,5.42
T04,GL-4396,2026-03-13 16:20:00,7.387747,10.709128,11.9,4.94
T04,GL-4396,2026-03-13 16:21:00,7.387239,10.709074,10.7,3.07
T04,GL-4396,2026-03-13 16:22:00,7.38665,10.709083,10.8,4.62
T04,GL-4396,2026-03-13 16:23:00,7.386131,10.708978,4.9,3.72
T04,GL-4396,2026-03-13 16:24:00,7.385615,10.70898,6.2,4.06
T04,GL-4396,2026-03-13 16:25:00,7.38515,10.708944,9.6,4.65
T04,GL-4396,2026-03-13 16:26:00,7.384496,10.708915,4.0,2.85
T04,GL-4396,2026-03-13 16:27:00,7.383934,10.708818,5.8,4.65
T04,GL-4396,2026-03-13 16:28:00,7.383427,10.708888,9.7,3.21
T04,GL-4396,2026-03-13 16:29:00,7.382906,10.708789,7.0,4.17
T04,GL-4396,2026-03-13 16:30:00,7.38241,10.708771,9.6,4.11
T04,GL-4396,2026-03-13 16:31:00,7.381862,10.708641,4.1,4.62
T04,GL-4396,2026-03-13 16:32:00,7.381294,10.708679,,4.09
T04,GL-4396,2026-03-13 16:33:00,7.380714,10.70859,8.3,3.95
T04,GL-4396,2026-03-13 16:34:00,7.380239,10.708564,8.1,5.34
T04,GL-4396,2026-03-13 16:35:00,7.379696,10.708495,6.9,4.79
T04,GL-4396,2026-03-13 16:36:00,7.379267,10.708621,9.6,5.34
T04,GL-4396,2026-03-13 16:37:00,7.37859,10.708406,4.0,3.32
T04,GL-4396,2026-03-13 16:38:00,7.378065,10.708455,6.6,4.94
T04,GL-4396,2026-03-13 16:39:00,7.377634,10.708484,6.9,3.12
T04,GL-4396,2026-03-13 16:40:00,7.376907,10.708312,4.6,3.36
T04,GL-4396,2026-03-13 16:41:00,7.376483,10.708352,8.1,5.03
T04,GL-4396,2026-03-13 16:42:00,7.37592,10.708384,9.4,4.3
T04,GL-4396,2026-03-13 16:43:00,7.375383,10.708235,5.0,2.94
T04,GL-4396,2026-03-13 16:44:00,7.374875,10.7083,4.6,3.45
T04,GL-4396,2026-03-13 16:45:00,7.374287,10.708237,4.5,4.99
T04,GL-4396,2026-03-13 16:46:00,7.373879,10.70807,10.7,3.97
T04,GL-4396,2026-03-13 16:47:00,7.373347,10.708101,6.4,3.32
T04,GL-4396,2026-03-13 16:48:00,7.372591,10.708139,4.7,3.78
T04,GL-4396,2026-03-13 16:49:00,7.372147,10.707998,4.4,4.25
T04,GL-4396,2026-03-13 16:50:00,7.371744,10.708052,8.4,4.14
T04,GL-4396,2026-03-13 16:51:00,7.371078,10.707924,7.8,5.39
T04,GL-4396,2026-03-13 16:52:00,7.370635,10.707936,10.4,5.0
T04,GL-4396,2026-03-13 16:53:00,7.370145,10.707914,8.7,5.36
T04,GL-4396,2026-03-13 16:54:00,7.369522,10.707966,7.5,4.68
T04,GL-4396,2026-03-13 16:55:00,7.369071,10.707727,6.8,3.78
T04,GL-4396,2026-03-13 16:56:00,7.368568,10.707859,6.7,4.67
T04,GL-4396,2026-03-13 16:57:00,7.368055,10.707748,4.2,5.44
T04,GL-4396,2026-03-13 16:58:00,7.367456,10.707726,5.0,3.43
T04,GL-4396,2026-03-13 16:59:00,7.366917,10.707665,7.4,5.04
T04,GL-4396,2026-03-13 17:00:00,7.36647,10.70758,4.1,4.67
T04,GL-4396,2026-03-13 17:01:00,7.365823,10.707651,,3.57
T04,GL-4396,2026-03-13 17:02:00,7.365356,10.707593,5.9,3.05
T04,GL-4396,2026-03-13 17:03:00,7.364835,10.707647,10.2,5.23
T04,GL-4396,2026-03-13 17:04:00,7.364145,10.707508,5.0,2.9
T04,GL-4396,2026-03-13 17:05:00,7.363685,10.707546,11.4,4.64
T04,GL-4396,2026-03-13 17:06:00,7.363209,10.707399,6.1,4.92
T04,GL-4396,2026-03-13 17:07:00,7.36257,10.707449,5.1,4.91
T04,GL-4396,2026-03-13 17:08:00,7.362138,10.707253,6.9,4.29
T04,GL-4396,2026-03-13 17:09:00,7.361505,10.70739,12.0,3.92
T04,GL-4396,2026-03-13 17:10:00,7.36106,10.707467,10.9,3.54
T04,GL-4396,2026-03-13 17:11:00,7.360597,10.707363,5.1,5.12
T04,GL-4396,2026-03-13 17:12:00,7.359967,10.707233,6.5,3.0
T04,GL-4396,2026-03-13 17:13:00,7.359459,10.707183,8.0,3.09
T04,GL-4396,2026-03-13 17:14:00,7.358925,10.707236,7.7,2.95
T04,GL-4396,2026-03-13 17:15:00,7.35838,10.707138,4.3,4.93
T04,GL-4396,2026-03-13 17:16:00,7.357838,10.707121,10.2,4.19
T04,GL-4396,2026-03-13 17:17:00,7.357372,10.707044,10.8,4.56
T04,GL-4396,2026-03-13 17:18:00,7.356853,10.70705,11.9,3.64
T04,GL-4396,2026-03-13 17:19:00,7.356074,10.706928,5.7,2.8
T04,GL-4396,2026-03-13 17:20:00,7.355654,10.707021,11.6,2.91
T04,GL-4396,2026-03-13 17:21:00,7.355258,10.706956,4.9,3.78
T04,GL-4396,2026-03-13 17:22:00,7.354727,10.706913,9.4,4.21
T04,GL-4396,2026-03-13 17:23:00,7.354117,10.706902,6.6,4.85
T04,GL-4396,2026-03-13 17:24:00,7.353626,10.706914,5.7,4.86
T04,GL-4396,2026-03-13 17:25:00,7.353079,10.706758,8.5,2.94
T04,GL-4396,2026-03-13 17:26:00,7.352551,10.706754,7.1,3.2
T04,GL-4396,2026-03-13 17:27:00,7.351899,10.706638,9.6,3.98
T04,GL-4396,2026-03-13 17:28:00,7.351444,10.706642,4.5,4.06
T04,GL-4396,2026-03-13 17:29:00,7.350939,10.706693,8.1,3.88
T04,GL-4396,2026-03-13 17:30:00,7.350294,10.706625,9.9,5.45
T04,GL-4396,2026-03-13 17:31:00,7.349895,10.706641,7.9,5.26
T04,GL-4396,2026-03-13 17:32:00,7.349293,10.7065,7.8,3.79
T04,GL-4396,2026-03-13 17:33:00,7.348752,10.706524,11.2,4.34
T04,GL-4396,2026-03-13 17:34:00,7.348306,10.706491,6.4,5.35
T04,GL-4396,2026-03-13 17:35:00,7.347689,10.706456,11.2,3.94
T04,GL-4396,2026-03-13 17:36:00,7.347258,10.706306,8.8,4.21
T04,GL-4396,2026-03-13 17:37:00,7.34663,10.7065,7.1,3.79
T04,GL-4396,2026-03-13 17:38:00,7.346074,10.706325,4.7,4.83
T04,GL-4396,2026-03-13 17:39:00,7.34558,10.706281,9.9,3.31
T04,GL-4396,2026-03-13 17:40:00,7.345097,10.70634,12.0,3.87
T04,GL-4396,2026-03-13 17:41:00,7.344548,10.706378,9.6,4.54
T04,GL-4396,2026-03-13 17:42:00,7.34409,10.706221,5.6,5.55
T04,GL-4396,2026-03-13 17:43:00,7.343534,10.70621,11.6,5.48
T04,GL-4396,2026-03-13 17:44:00,7.342949,10.706197,5.1,3.21
T04,GL-4396,2026-03-13 17:45:00,7.342384,10.706187,4.4,3.06
T04,GL-4396,2026-03-13 17:46:00,7.341745,10.706033,5.5,3.8
T04,GL-4396,2026-03-13 17:47:00,7.341338,10.706125,6.9,5.17
T04,GL-4396,2026-03-13 17:48:00,7.340761,10.705962,11.6,3.26
T04,GL-4396,2026-03-13 17:49:00,7.340186,10.705945,4.7,5.6
T04,GL-4396,2026-03-13 17:50:00,7.339792,10.705836,5.0,3.22
T04,GL-4396,2026-03-13 17:51:00,7.339218,10.705888,5.8,4.69
T04,GL-4396,2026-03-13 17:52:00,7.338607,10.705841,9.7,4.66
T04,GL-4396,2026-03-13 17:53:00,7.33816,10.705794,7.9,5.51
T04,GL-4396,2026-03-13 17:54:00,7.337628,10.70573,8.1,5.43
T04,GL-4396,2026-03-13 17:55:00,7.336959,10.705808,10.2,3.83
T04,GL-4396,2026-03-13 17:56:00,7.336613,10.705682,4.3,2.98
T04,GL-4396,2026-03-13 17:57:00,7.336012,10.70575,6.2,3.82
T04,GL-4396,2026-03-13 17:58:00,7.33537,10.705679,8.9,3.76
T04,GL-4396,2026-03-13 17:59:00,7.334792,10.705704,6.9,4.94
T04,GL-4396,2026-03-13 18:00:00,7.334411,10.705552,6.2,2.88
T04,GL-4396,2026-03-13 18:01:00,7.333817,10.705489,10.4,2.95
T04,GL-4396,2026-03-13 18:02:00,7.333154,10.705423,5.8,3.55
T04,GL-4396,2026-03-13 18:03:00,7.332725,10.70546,9.3,4.71
T04,GL-4396,2026-03-13 18:04:00,7.332254,10.705394,7.7,5.53
T04,GL-4396,2026-03-13 18:05:00,7.331651,10.70543,10.1,4.44
T04,GL-4396,2026-03-13 18:06:00,7.331138,10.70549,9.7,3.6
T04,GL-4396,2026-03-13 18:07:00,7.330696,10.70528,7.0,3.35
T04,GL-4396,2026-03-13 18:08:00,7.330095,10.705334,4.9,3.08
T04,GL-4396,2026-03-13 18:09:00,7.329515,10.705351,7.6,3.65
T04,GL-4396,2026-03-13 18:10:00,7.329038,10.705212,8.3,3.18
T04,GL-4396,2026-03-13 18:11:00,7.328543,10.705205,7.3,5.39
T04,GL-4396,2026-03-13 18:12:00,7.327897,10.705112,10.3,4.22
T04,GL-4396,2026-03-13 18:13:00,7.327528,10.705022,8.4,4.6
T04,GL-4396,2026-03-13 18:14:00,7.326964,10.705183,5.8,3.92
T04,GL-4396,2026-03-13 18:15:00,7.326363,10.705079,11.1,4.88
T04,GL-4396,2026-03-13 18:16:00,7.325763,10.704961,11.3,2.86
T04,GL-4396,2026-03-13 18:17:00,7.325282,10.705068,5.5,4.56
T04,GL-4396,2026-03-13 18:18:00,7.324822,10.70491,7.1,3.8
T04,GL-4396,2026-03-13 18:19:00,7.324183,10.704882,9.2,4.61
T04,GL-4396,2026-03-13 18:20:00,7.323711,10.704941,10.2,4.18
T04,GL-4396,2026-03-13 18:21:00,7.323176,10.704864,7.4,4.55
T04,GL-4396,2026-03-13 18:22:00,7.322688,10.704769,10.5,4.13
T04,GL-4396,2026-03-13 18:23:00,7.322183,10.704753,11.2,4.51
T04,GL-4396,2026-03-13 18:24:00,7.321531,10.704726,7.0,5.18
T04,GL-4396,2026-03-13 18:25:00,7.320947,10.704627,11.7,3.79
T04,GL-4396,2026-03-13 18:26:00,7.320461,10.704706,11.3,3.73
T04,GL-4396,2026-03-13 18:27:00,7.319995,10.704614,8.0,5.04
T04,GL-4396,2026-03-13 18:28:00,7.319363,10.704514,8.6,3.56
T04,GL-4396,2026-03-13 18:29:00,7.318899,10.704576,7.5,2.88
T04,GL-4396,2026-03-13 18:30:00,7.31849,10.704466,9.7,3.42
T04,GL-4396,2026-03-13 18:31:00,7.317713,10.704593,10.1,4.72
T04,GL-4396,2026-03-13 18:32:00,7.317279,10.70449,6.9,5.46
T04,GL-4396,2026-03-13 18:33:00,7.316822,10.704456,9.8,3.83
T04,GL-4396,2026-03-13 18:34:00,7.316124,10.704334,8.9,4.68
T04,GL-4396,2026-03-13 18:35:00,7.315709,10.704334,4.3,5.53
T04,GL-4396,2026-03-13 18:36:00,7.315171,10.704345,8.5,4.36
T04,GL-4396,2026-03-13 18:37:00,7.314689,10.704195,11.9,3.67
T04,GL-4396,2026-03-13 18:38:00,7.31403,10.704241,6.0,5.5
T04,GL-4396,2026-03-13 18:39:00,7.31345,10.704222,10.5,3.94
T04,GL-4396,2026-03-13 18:40:00,7.312995,10.704209,8.2,5.43
T04,GL-4396,2026-03-13 18:41:00,7.312524,10.70412,8.7,5.35
T04,GL-4396,2026-03-13 18:42:00,7.312008,10.704174,7.5,5.55
T04,GL-4396,2026-03-13 18:43:00,7.311383,10.704099,7.2,4.26
T04,GL-4396,2026-03-13 18:44:00,7.310981,10.70405,10.7,4.9
T04,GL-4396,2026-03-13 18:45:00,7.310296,10.704036,10.5,5.51
T04,GL-4396,2026-03-13 18:46:00,7.309833,10.704027,8.8,4.26
T04,GL-4396,2026-03-13 18:47:00,7.309288,10.703907,9.8,3.69
T04,GL-4396,2026-03-13 18:48:00,7.308739,10.703938,7.1,4.45
T04,GL-4396,2026-03-13 18:49:00,7.308308,10.703835,5.5,5.44
T04,GL-4396,2026-03-13 18:50:00,7.307707,10.703842,9.8,5.13
T04,GL-4396,2026-03-13 18:51:00,7.30717,10.703738,10.3,2.81
T04,GL-4396,2026-03-13 18:52:00,7.306631,10.703748,9.2,3.49
T04,GL-4396,2026-03-13 18:53:00,7.30606,10.703668,10.6,3.23
T04,GL-4396,2026-03-13 18:54:00,7.305496,10.703734,5.0,4.23
T04,GL-4396,2026-03-13 18:55:00,7.305041,10.703686,11.0,4.81
T04,GL-4396,2026-03-13 18:56:00,7.304478,10.703696,5.1,4.01
T04,GL-4396,2026-03-13 18:57:00,7.303985,10.703597,4.7,4.76
T04,GL-4396,2026-03-13 18:58:00,7.303346,10.70358,11.1,3.95
T04,GL-4396,2026-03-13 18:59:00,7.302868,10.70355,11.4,5.14
T04,GL-4396,2026-03-13 19:00:00,7.302382,10.703579,4.9,3.07
T04,GL-4396,2026-03-13 19:01:00,7.301816,10.703504,11.3,5.05
T04,GL-4396,2026-03-13 19:02:00,7.301369,10.703447,11.2,4.8
T04,GL-4396,2026-03-13 19:03:00,7.300694,10.703404,,4.55
T04,GL-4396,2026-03-13 19:04:00,7.300266,10.703415,,4.36
T04,GL-4396,2026-03-13 19:05:00,7.299706,10.703343,8.2,4.09
T04,GL-4396,2026-03-13 19:06:00,7.299124,10.703288,10.5,5.31
T04,GL-4396,2026-03-13 19:07:00,7.298624,10.703173,11.9,5.39
T04,GL-4396,2026-03-13 19:08:00,7.298022,10.703213,10.2,4.37
T04,GL-4396,2026-03-13 19:09:00,7.297466,10.703146,8.8,4.33
T04,GL-4396,2026-03-13 19:10:00,7.297049,10.703161,11.5,3.39
T04,GL-4396,2026-03-13 19:11:00,7.296463,10.703178,10.4,5.19
T04,GL-4396,2026-03-13 19:12:00,7.295909,10.703056,10.8,5.34
T04,GL-4396,2026-03-13 19:13:00,7.295402,10.70308,8.8,4.51
T04,GL-4396,2026-03-13 19:14:00,7.294994,10.70303,11.2,3.08
T04,GL-4396,2026-03-13 19:15:00,7.294346,10.702898,9.9,4.29
T04,GL-4396,2026-03-13 19:16:00,7.293818,10.702817,7.2,3.3
T04,GL-4396,2026-03-13 19:17:00,7.293326,10.70281,4.8,3.35
T04,GL-4396,2026-03-13 19:18:00,7.292702,10.702828,5.9,4.19
T04,GL-4396,2026-03-13 19:19:00,7.292166,10.702906,9.8,4.72
T04,GL-4396,2026-03-13 19:20:00,7.29161,10.702723,10.9,4.88
T04,GL-4396,2026-03-13 19:21:00,7.291252,10.70269,5.3,3.56
T04,GL-4396,2026-03-13 19:22:00,7.290435,10.702655,11.7,3.22
T04,GL-4396,2026-03-13 19:23:00,7.29002,10.702598,7.4,3.76
T04,GL-4396,2026-03-13 19:24:00,7.289613,10.702644,8.9,4.97
T04,GL-4396,2026-03-13 19:25:00,7.289047,10.702587,10.2,4.81
T04,GL-4396,2026-03-13 19:26:00,7.288415,10.702563,4.5,4.61
T04,GL-4396,2026-03-13 19:27:00,7.287875,10.70261,4.8,2.92
T04,GL-4396,2026-03-13 19:28:00,7.287339,10.702419,8.3,2.87
T04,GL-4396,2026-03-13 19:29:00,7.286828,10.702623,11.8,4.85
T04,GL-4396,2026-03-13 19:30:00,7.286393,10.702418,5.8,5.59
T04,GL-4396,2026-03-13 19:31:00,7.285794,10.702445,7.4,5.19
T04,GL-4396,2026-03-13 19:32:00,7.285271,10.702248,8.4,4.47
T04,GL-4396,2026-03-13 19:33:00,7.284732,10.702388,11.5,3.77
T04,GL-4396,2026-03-13 19:34:00,7.284231,10.702341,9.5,2.82
T04,GL-4396,2026-03-13 19:35:00,7.283585,10.702287,4.6,4.39
T04,GL-4396,2026-03-13 19:36:00,7.283146,10.702298,6.4,5.2
T04,GL-4396,2026-03-13 19:37:00,7.282559,10.702181,7.2,4.16
T04,GL-4396,2026-03-13 19:38:00,7.282095,10.702187,11.6,4.99
T04,GL-4396,2026-03-13 19:39:00,7.281489,10.702105,9.6,3.81
T04,GL-4396,2026-03-13 19:40:00,7.2811,10.702177,10.2,4.63
T04,GL-4396,2026-03-13 19:41:00,7.280511,10.702095,4.4,3.56
T04,GL-4396,2026-03-13 19:42:00,7.279899,10.70211,4.7,4.43
T04,GL-4396,2026-03-13 19:43:00,7.279531,10.702013,6.8,5.03
T04,GL-4396,2026-03-13 19:44:00,7.278813,10.701893,4.3,4.14
T04,GL-4396,2026-03-13 19:45:00,7.278412,10.701946,8.2,3.73
T04,GL-4396,2026-03-13 19:46:00,7.27775,10.701888,6.8,3.91
T04,GL-4396,2026-03-13 19:47:00,7.277281,10.701863,10.6,3.07
T04,GL-4396,2026-03-13 19:48:00,7.27687,10.701785,11.5,5.0
T04,GL-4396,2026-03-13 19:49:00,7.276128,10.701866,7.2,5.26
T04,GL-4396,2026-03-13 19:50:00,7.275618,10.701674,10.8,4.28
T04,GL-4396,2026-03-13 19:51:00,7.27522,10.701689,5.6,5.55
T04,GL-4396,2026-03-13 19:52:00,7.274595,10.701691,5.8,2.82
T04,GL-4396,2026-03-13 19:53:00,7.274058,10.701555,12.0,3.4
T04,GL-4396,2026-03-13 19:54:00,7.27354,10.701568,8.6,5.12
T04,GL-4396,2026-03-13 19:55:00,7.273054,10.701605,6.6,2.95
T04,GL-4396,2026-03-13 19:56:00,7.272487,10.701512,12.0,3.02
T04,GL-4396,2026-03-13 19:57:00,7.271942,10.701423,11.3,3.74
T04,GL-4396,2026-03-13 19:58:00,7.271421,10.701453,6.5,4.71
T04,GL-4396,2026-03-13 19:59:00,7.270937,10.701377,8.3,3.35
T04,GL-4396,2026-03-13 20:00:00,7.270288,10.701412,11.7,2.92
T04,GL-4396,2026-03-13 20:01:00,7.26968,10.701344,,3.27
T04,GL-4396,2026-03-13 20:02:00,7.26933,10.701382,9.7,4.63
T04,GL-4396,2026-03-13 20:03:00,7.268753,10.701351,6.0,2.98
T04,GL-4396,2026-03-13 20:04:00,7.268195,10.701163,7.1,5.06
T04,GL-4396,2026-03-13 20:05:00,7.267798,10.701156,5.3,3.6
T04,GL-4396,2026-03-13 20:06:00,7.267149,10.70122,11.6,3.28
T04,GL-4396,2026-03-13 20:07:00,7.266581,10.701171,10.9,4.96
T04,GL-4396,2026-03-13 20:08:00,7.265987,10.70116,5.6,3.49
T04,GL-4396,2026-03-13 20:09:00,7.265577,10.700987,5.0,3.37
T04,GL-4396,2026-03-13 20:10:00,7.265072,10.701085,,5.2
T04,GL-4396,2026-03-13 20:11:00,7.264549,10.700981,4.8,3.97
T04,GL-4396,2026-03-13 20:12:00,7.263951,10.700997,8.2,4.04
T04,GL-4396,2026-03-13 20:13:00,7.26343,10.700928,6.4,3.36
T04,GL-4396,2026-03-13 20:14:00,7.262846,10.700929,11.0,4.6
T04,GL-4396,2026-03-13 20:15:00,7.262338,10.700778,9.7,3.41
T04,GL-4396,2026-03-13 20:16:00,7.261726,10.700793,5.7,3.61
T04,GL-4396,2026-03-13 20:17:00,7.261324,10.700811,10.0,4.58
T04,GL-4396,2026-03-13 20:18:00,7.260699,10.700761,6.8,3.17
T04,GL-4396,2026-03-13 20:19:00,7.260264,10.700701,4.6,4.02
T04,GL-4396,2026-03-13 20:20:00,7.259669,10.700765,4.5,3.92
T04,GL-4396,2026-03-13 20:21:00,7.2592,10.700606,7.6,5.16
T04,GL-4396,2026-03-13 20:22:00,7.258643,10.700714,11.0,4.0
T04,GL-4396,2026-03-13 20:23:00,7.258131,10.700488,10.1,4.81
T04,GL-4396,2026-03-13 20:24:00,7.257511,10.700604,8.4,4.05
T04,GL-4396,2026-03-13 20:25:00,7.257044,10.700536,5.1,5.33
T04,GL-4396,2026-03-13 20:26:00,7.256446,10.700568,6.4,3.31
T04,GL-4396,2026-03-13 20:27:00,7.25591,10.700492,10.9,5.06
T04,GL-4396,2026-03-13 20:28:00,7.255404,10.700414,11.2,5.51
T04,GL-4396,2026-03-13 20:29:00,7.254874,10.700386,11.0,2.81
T04,GL-4396,2026-03-13 20:30:00,7.254325,10.700386,11.7,4.67
T04,GL-4396,2026-03-13 20:31:00,7.253849,10.700304,9.8,4.99
T04,GL-4396,2026-03-13 20:32:00,7.253222,10.700324,9.6,4.86
T04,GL-4396,2026-03-13 20:33:00,7.252772,10.700259,5.6,4.51
T04,GL-4396,2026-03-13 20:34:00,7.252105,10.700051,5.9,3.5
T04,GL-4396,2026-03-13 20:35:00,7.251656,10.700139,4.9,2.99
T04,GL-4396,2026-03-13 20:36:00,7.25122,10.700128,11.3,5.33
T04,GL-4396,2026-03-13 20:37:00,7.250651,10.700139,9.9,5.46
T04,GL-4396,2026-03-13 20:38:00,7.250035,10.700157,10.4,2.99
T04,GL-4396,2026-03-13 20:39:00,7.249525,10.700133,10.1,2.9
T04,GL-4396,2026-03-13 20:40:00,7.248986,10.700019,10.5,3.89
T04,GL-4396,2026-03-13 20:41:00,7.24845,10.700028,8.4,4.25
T04,GL-4396,2026-03-13 20:42:00,7.247942,10.699902,5.3,2.84
T04,GL-4396,2026-03-13 20:43:00,7.247326,10.699935,11.5,4.91
T04,GL-4396,2026-03-13 20:44:00,7.246808,10.699824,7.9,4.48
T04,GL-4396,2026-03-13 20:45:00,7.24639,10.699745,10.1,3.75
T04,GL-4396,2026-03-13 20:46:00,7.245873,10.699762,7.0,3.45
T04,GL-4396,2026-03-13 20:47:00,7.245284,10.699754,6.3,4.39
T04,GL-4396,2026-03-13 20:48:00,7.2448,10.699746,5.1,4.6
T04,GL-4396,2026-03-13 20:49:00,7.24423,10.699697,7.4,3.56
T04,GL-4396,2026-03-13 20:50:00,7.243673,10.699631,6.7,5.35
T04,GL-4396,2026-03-13 20:51:00,7.243207,10.699641,4.8,5.21
T04,GL-4396,2026-03-13 20:52:00,7.242465,10.699538,9.4,3.29
T04,GL-4396,2026-03-13 20:53:00,7.242036,10.699546,8.1,4.45
T04,GL-4396,2026-03-13 20:54:00,7.241549,10.699555,9.6,3.67
T04,GL-4396,2026-03-13 20:55:00,7.241056,10.699524,6.8,5.27
T04,GL-4396,2026-03-13 20:56:00,7.240424,10.699496,11.4,5.15
T04,GL-4396,2026-03-13 20:57:00,7.239945,10.699377,,5.55
T04,GL-4396,2026-03-13 20:58:00,7.239422,10.699401,5.7,5.56
T04,GL-4396,2026-03-13 20:59:00,7.23892,10.699334,8.6,5.1
T04,GL-4396,2026-03-13 21:00:00,7.238278,10.699248,10.0,3.11
T04,GL-4396,2026-03-13 21:01:00,7.237815,10.699239,4.3,4.98
T04,GL-4396,2026-03-13 21:02:00,7.237246,10.699219,11.5,4.09
T04,GL-4396,2026-03-13 21:03:00,7.236712,10.699144,10.0,3.86
T04,GL-4396,2026-03-13 21:04:00,7.236162,10.699085,9.4,3.83
T04,GL-4396,2026-03-13 21:05:00,7.235728,10.699208,6.4,3.59
T04,GL-4396,2026-03-13 21:06:00,7.235161,10.699061,9.7,3.24
T04,GL-4396,2026-03-13 21:07:00,7.234666,10.699059,7.3,3.6
T04,GL-4396,2026-03-13 21:08:00,7.234125,10.699046,11.6,2.93
T04,GL-4396,2026-03-13 21:09:00,7.233407,10.699004,6.8,4.7
T04,GL-4396,2026-03-13 21:10:00,7.233073,10.699012,4.1,4.46
T04,GL-4396,2026-03-13 21:11:00,7.232439,10.698857,10.2,4.51
T04,GL-4396,2026-03-13 21:12:00,7.231972,10.698946,11.2,5.19
T04,GL-4396,2026-03-13 21:13:00,7.231477,10.698859,8.7,4.95
T04,GL-4396,2026-03-13 21:14:00,7.230867,10.698782,10.7,3.71
T04,GL-4396,2026-03-13 21:15:00,7.230424,10.698712,7.0,4.49
T04,GL-4396,2026-03-13 21:16:00,7.229801,10.698761,10.0,2.96
T04,GL-4396,2026-03-13 21:17:00,7.229329,10.698666,8.7,4.91
T04,GL-4396,2026-03-13 21:18:00,7.228792,10.698677,10.4,4.77
T04,GL-4396,2026-03-13 21:19:00,7.228395,10.698615,9.6,2.82
T04,GL-4396,2026-03-13 21:20:00,7.227678,10.698562,6.6,3.02
T04,GL-4396,2026-03-13 21:21:00,7.227164,10.698663,4.3,5.28
T04,GL-4396,2026-03-13 21:22:00,7.226589,10.698507,9.4,3.67
T04,GL-4396,2026-03-13 21:23:00,7.226062,10.698422,10.3,5.49
T04,GL-4396,2026-03-13 21:24:00,7.225489,10.698434,7.1,3.74
T04,GL-4396,2026-03-13 21:25:00,7.225131,10.698438,11.6,5.33
T04,GL-4396,2026-03-13 21:26:00,7.224479,10.698379,11.5,3.0
T04,GL-4396,2026-03-13 21:27:00,7.223946,10.698341,6.4,3.46
T04,GL-4396,2026-03-13 21:28:00,7.223356,10.698294,10.8,4.15
T04,GL-4396,2026-03-13 21:29:00,7.222921,10.698272,9.3,4.23
T04,GL-4396,2026-03-13 21:30:00,7.222294,10.698286,11.6,3.59
T04,GL-4396,2026-03-13 21:31:00,7.221854,10.69829,5.3,4.91
T04,GL-4396,2026-03-13 21:32:00,7.221316,10.698141,9.9,5.5
T04,GL-4396,2026-03-13 21:33:00,7.220738,10.698137,10.9,3.99
T04,GL-4396,2026-03-13 21:34:00,7.220105,10.698118,9.0,5.5
T04,GL-4396,2026-03-13 21:35:00,7.219725,10.698089,9.9,4.59
T04,GL-4396,2026-03-13 21:36:00,7.21912,10.698177,7.0,4.41
T04,GL-4396,2026-03-13 21:37:00,7.218648,10.698004,7.7,4.01
T04,GL-4396,2026-03-13 21:38:00,7.218023,10.69781,7.3,4.0
T04,GL-4396,2026-03-13 21:39:00,7.217538,10.697831,,3.98
T04,GL-4396,2026-03-13 21:40:00,7.217076,10.698015,5.4,3.34
T04,GL-4396,2026-03-13 21:41:00,7.216493,10.697949,7.0,3.19
T04,GL-4396,2026-03-13 21:42:00,7.215995,10.6978,6.5,5.51
T04,GL-4396,2026-03-13 21:43:00,7.215475,10.697844,11.4,4.84
T04,GL-4396,2026-03-13 21:44:00,7.21493,10.697665,8.2,2.88
T04,GL-4396,2026-03-13 21:45:00,7.214339,10.697807,10.6,4.52
T04,GL-4396,2026-03-13 21:46:00,7.213787,10.697731,11.9,2.93
T04,GL-4396,2026-03-13 21:47:00,7.213354,10.697752,4.8,5.13
T04,GL-4396,2026-03-13 21:48:00,7.212687,10.697568,11.8,4.64
T04,GL-4396,2026-03-13 21:49:00,7.212112,10.697552,9.8,2.88
T04,GL-4396,2026-03-13 21:50:00,7.21167,10.697484,9.0,5.02
T04,GL-4396,2026-03-13 21:51:00,7.211062,10.697448,4.3,4.07
T04,GL-4396,2026-03-13 21:52:00,7.210677,10.697556,8.4,3.21
T04,GL-4396,2026-03-13 21:53:00,7.210151,10.697385,9.1,4.06
T04,GL-4396,2026-03-13 21:54:00,7.209491,10.697455,4.7,4.86
T04,GL-4396,2026-03-13 21:55:00,7.209058,10.697193,11.7,3.28
T04,GL-4396,2026-03-13 21:56:00,7.208508,10.697361,6.7,3.99
T04,GL-4396,2026-03-13 21:57:00,7.207938,10.697353,4.5,4.91
T04,GL-4396,2026-03-13 21:58:00,7.722701,10.697282,8.9,142.22
T04,GL-4396,2026-03-13 21:59:00,7.206831,10.697193,7.2,5.55
T04,GL-4396,2026-03-13 22:00:00,7.20642,10.697227,8.2,4.54
T04,GL-4396,2026-03-13 22:01:00,7.205829,10.697166,4.3,5.36
T04,GL-4396,2026-03-13 22:02:00,7.20533,10.69722,6.7,5.55
T04,GL-4396,2026-03-13 22:03:00,7.204711,10.697157,8.9,4.23
T04,GL-4396,2026-03-13 22:04:00,7.204205,10.69704,11.1,3.94
T04,GL-4396,2026-03-13 22:05:00,7.203612,10.696985,4.8,2.94
T04,GL-4396,2026-03-13 22:06:00,7.20311,10.697088,5.0,4.87
T04,GL-4396,2026-03-13 22:07:00,7.202646,10.696929,9.7,5.12
T04,GL-4396,2026-03-13 22:08:00,7.202103,10.696922,7.9,3.32
T04,GL-4396,2026-03-13 22:09:00,7.201473,10.696983,8.4,3.53
T04,GL-4396,2026-03-13 22:10:00,7.200973,10.69686,8.5,5.41
T04,GL-4396,2026-03-13 22:11:00,7.200469,10.69689,9.9,3.36
T04,GL-4396,2026-03-13 22:12:00,7.200001,10.696721,7.9,5.6
T04,GL-4396,2026-03-13 22:13:00,7.199427,10.696729,,4.54
T04,GL-4396,2026-03-13 22:14:00,7.198903,10.696758,6.5,3.94
T04,GL-4396,2026-03-13 22:15:00,7.19827,10.696673,5.0,5.32
T04,GL-4396,2026-03-13 22:16:00,7.197858,10.696641,5.7,3.69
T04,GL-4396,2026-03-13 22:17:00,7.197294,10.696437,8.9,3.39
T04,GL-4396,2026-03-13 22:18:00,7.196744,10.696524,,4.11
T04,GL-4396,2026-03-13 22:19:00,7.196299,10.696497,9.8,4.09
T04,GL-4396,2026-03-13 22:20:00,7.195582,10.696561,10.9,5.6
T04,GL-4396,2026-03-13 22:21:00,7.195188,10.69643,7.5,4.62
T04,GL-4396,2026-03-13 22:22:00,7.194641,10.696543,10.3,4.89
T04,GL-4396,2026-03-13 22:23:00,7.194072,10.696405,10.0,3.3
T04,GL-4396,2026-03-13 22:24:00,7.193485,10.696438,,3.83
T04,GL-4396,2026-03-13 22:25:00,7.192962,10.696373,10.1,5.24
T04,GL-4396,2026-03-13 22:26:00,7.192531,10.696175,5.3,4.47
T04,GL-4396,2026-03-13 22:27:00,7.191902,10.696271,11.9,4.95
T04,GL-4396,2026-03-13 22:28:00,7.191364,10.696162,9.6,5.57
T04,GL-4396,2026-03-13 22:29:00,7.190799,10.696243,,5.33
T04,GL-4396,2026-03-13 22:30:00,7.19044,10.696204,6.7,3.8
T04,GL-4396,2026-03-13 22:31:00,7.189848,10.696203,6.8,5.22
T04,GL-4396,2026-03-13 22:32:00,7.189248,10.696149,11.3,5.54
T04,GL-4396,2026-03-13 22:33:00,7.188629,10.696048,6.6,5.36
T04,GL-4396,2026-03-13 22:34:00,7.188272,10.696114,9.8,2.97
T04,GL-4396,2026-03-13 22:35:00,7.187788,10.69601,6.3,4.1
T04,GL-4396,2026-03-13 22:36:00,7.187156,10.695918,7.6,3.89
T04,GL-4396,2026-03-13 22:37:00,7.186642,10.695879,4.5,4.1
T04,GL-4396,2026-03-13 22:38:00,7.186137,10.695834,5.5,3.48
T04,GL-4396,2026-03-13 22:39:00,7.185637,10.695857,10.3,2.98
T04,GL-4396,2026-03-13 22:40:00,7.185552,10.695703,4.5,0.84
T04,GL-4396,2026-03-13 22:41:00,7.185514,10.695883,12.0,0.38
T04,GL-4396,2026-03-13 22:42:00,7.185547,10.695843,8.4,0.43
T04,GL-4396,2026-03-13 22:43:00,7.185573,10.696028,10.3,0.86
T04,GL-4396,2026-03-13 22:44:00,7.185514,10.695979,11.1,0.31
T04,GL-4396,2026-03-13 22:45:00,7.185457,10.695942,10.6,0.29
T04,GL-4396,2026-03-13 22:46:00,7.185426,10.695731,11.0,0.44
T04,GL-4396,2026-03-13 22:47:00,7.185596,10.695794,5.7,0.46
T04,GL-4396,2026-03-13 22:48:00,7.185611,10.695982,9.6,0.87
T04,GL-4396,2026-03-13 22:49:00,7.185399,10.695874,9.7,0.43
T04,GL-4396,2026-03-13 22:50:00,7.185413,10.695812,4.7,0.59
T04,GL-4396,2026-03-13 22:51:00,7.185569,10.695718,5.9,0.64
T04,GL-4396,2026-03-13 22:52:00,7.185598,10.695898,7.6,0.28
T04,GL-4396,2026-03-13 22:53:00,7.185463,10.695914,10.2,0.42
T04,GL-4396,2026-03-13 22:54:00,7.185583,10.695736,11.1,0.75
T04,GL-4396,2026-03-13 22:55:00,7.185607,10.695819,4.1,0.78
T04,GL-4396,2026-03-13 22:56:00,7.185421,10.695734,9.1,0.17
T04,GL-4396,2026-03-13 22:57:00,7.185564,10.69598,7.7,0.69
T04,GL-4396,2026-03-13 22:58:00,7.185675,10.695886,10.7,0.3
T04,GL-4396,2026-03-13 22:59:00,7.185485,10.69594,7.3,0.39
T04,GL-4396,2026-03-13 23:00:00,7.185439,10.695888,11.5,0.07
T04,GL-4396,2026-03-13 23:01:00,7.185476,10.695859,8.3,0.62
T04,GL-4396,2026-03-13 23:02:00,7.185586,10.695876,9.0,0.31
T04,GL-4396,2026-03-13 23:03:00,7.185536,10.695999,10.7,0.07
T04,GL-4396,2026-03-13 23:04:00,7.185618,10.695725,7.5,0.71
T04,GL-4396,2026-03-13 23:05:00,7.186271,10.695905,10.9,3.77
T04,GL-4396,2026-03-13 23:06:00,7.187111,10.695905,6.8,4.74
T04,GL-4396,2026-03-13 23:07:00,7.187901,10.69597,5.4,4.55
T04,GL-4396,2026-03-13 23:08:00,7.188629,10.695955,7.9,3.88
T04,GL-4396,2026-03-13 23:09:00,7.189558,10.696,7.4,5.47
T04,GL-4396,2026-03-13 23:10:00,7.190378,10.695972,7.3,2.89
T04,GL-4396,2026-03-13 23:11:00,7.191094,10.696213,11.6,3.85
T04,GL-4396,2026-03-13 23:12:00,7.191863,10.696136,10.4,4.77
T04,GL-4396,2026-03-13 23:13:00,7.192766,10.696255,7.5,3.59
T04,GL-4396,2026-03-13 23:14:00,7.193604,10.69635,9.2,3.34
T04,GL-4396,2026-03-13 23:15:00,7.194369,10.696383,11.8,3.17
T04,GL-4396,2026-03-13 23:16:00,7.195045,10.696357,5.4,4.4
T04,GL-4396,2026-03-13 23:17:00,7.195796,10.696528,8.6,4.3
T04,GL-4396,2026-03-13 23:18:00,7.196758,10.696552,9.2,3.9
T04,GL-4396,2026-03-13 23:19:00,7.197463,10.696539,6.1,3.64
T04,GL-4396,2026-03-13 23:20:00,7.198274,10.696558,5.8,2.93
T04,GL-4396,2026-03-13 23:21:00,7.198985,10.696598,6.6,2.85
T04,GL-4396,2026-03-13 23:22:00,7.199921,10.696715,8.9,5.41
T04,GL-4396,2026-03-13 23:23:00,7.200718,10.696669,6.6,4.09
T04,GL-4396,2026-03-13 23:24:00,7.20147,10.696765,5.8,4.22
T04,GL-4396,2026-03-13 23:25:00,7.202248,10.696766,8.3,4.14
T04,GL-4396,2026-03-13 23:26:00,7.202972,10.696792,6.2,4.52
T04,GL-4396,2026-03-13 23:27:00,7.203865,10.696904,8.5,3.41
T04,GL-4396,2026-03-13 23:28:00,7.204568,10.696945,11.1,5.05
T04,GL-4396,2026-03-13 23:29:00,7.205415,10.696889,6.4,3.91
T04,GL-4396,2026-03-13 23:30:00,7.206185,10.697066,9.1,3.22
T04,GL-4396,2026-03-13 23:31:00,7.207145,10.697048,5.3,3.72
T04,GL-4396,2026-03-13 23:32:00,7.207706,10.697161,7.4,3.92
T04,GL-4396,2026-03-13 23:33:00,7.208506,10.697167,9.8,5.58
T04,GL-4396,2026-03-13 23:34:00,7.209394,10.697246,6.5,3.89
T04,GL-4396,2026-03-13 23:35:00,7.210275,10.69724,4.5,3.35
T04,GL-4396,2026-03-13 23:36:00,7.21112,10.697249,7.8,4.09
T04,GL-4396,2026-03-13 23:37:00,7.211777,10.697232,8.3,4.57
T04,GL-4396,2026-03-13 23:38:00,7.21265,10.69736,4.8,5.41
T04,GL-4396,2026-03-13 23:39:00,7.213365,10.697416,7.2,3.84
T04,GL-4396,2026-03-13 23:40:00,7.214219,10.697374,5.8,2.87
T04,GL-4396,2026-03-13 23:41:00,7.215075,10.697512,8.5,3.29
T04,GL-4396,2026-03-13 23:42:00,7.215799,10.697575,8.8,2.94
T04,GL-4396,2026-03-13 23:43:00,7.216592,10.697611,8.8,5.29
T04,GL-4396,2026-03-13 23:44:00,7.217378,10.697591,4.9,5.05
T04,GL-4396,2026-03-13 23:45:00,7.218128,10.697611,11.9,4.52
T04,GL-4396,2026-03-13 23:46:00,7.218942,10.697787,8.2,3.86
T04,GL-4396,2026-03-13 23:47:00,7.219702,10.697726,8.3,5.09
T04,GL-4396,2026-03-13 23:48:00,7.220531,10.697824,9.5,5.18
T04,GL-4396,2026-03-13 23:49:00,7.221464,10.697803,6.7,4.81
T04,GL-4396,2026-03-13 23:50:00,7.22219,10.697941,8.4,5.26
T04,GL-4396,2026-03-13 23:51:00,7.222933,10.697964,8.8,4.27
T04,GL-4396,2026-03-13 23:52:00,7.223708,10.697931,5.3,4.14
T04,GL-4396,2026-03-13 23:53:00,7.224582,10.698107,8.6,4.94
T04,GL-4396,2026-03-13 23:54:00,7.225251,10.69809,8.7,5.4
T04,GL-4396,2026-03-13 23:55:00,7.226051,10.698075,8.3,2.85
T04,GL-4396,2026-03-13 23:56:00,7.226828,10.698163,7.0,4.61
T04,GL-4396,2026-03-13 23:57:00,7.227767,10.698005,10.8,4.22
T04,GL-4396,2026-03-13 23:58:00,7.228518,10.698248,,4.78
T04,GL-4396,2026-03-13 23:59:00,7.229214,10.698349,4.9,5.51
T04,GL-4396,2026-03-14 00:00:00,7.230137,10.698305,7.9,4.58
T04,GL-4396,2026-03-14 00:01:00,7.230923,10.698269,4.3,3.09
T04,GL-4396,2026-03-14 00:02:00,7.231612,10.698459,8.4,5.32
T04,GL-4396,2026-03-14 00:03:00,7.232505,10.698469,8.5,4.39
T04,GL-4396,2026-03-14 00:04:00,7.233354,10.698615,9.0,4.38
T04,GL-4396,2026-03-14 00:05:00,7.234173,10.698499,11.1,3.31
T04,GL-4396,2026-03-14 00:06:00,7.234817,10.698604,7.3,3.22
T04,GL-4396,2026-03-14 00:07:00,7.235655,10.69865,7.2,5.52
T04,GL-4396,2026-03-14 00:08:00,7.236519,10.698815,4.5,4.93
T04,GL-4396,2026-03-14 00:09:00,7.237202,10.698691,11.8,3.21
T04,GL-4396,2026-03-14 00:10:00,7.237868,10.698719,4.7,3.23
T04,GL-4396,2026-03-14 00:11:00,7.238974,10.698797,10.7,3.62
T04,GL-4396,2026-03-14 00:12:00,7.239759,10.698891,10.7,3.26
T04,GL-4396,2026-03-14 00:13:00,7.240362,10.698786,6.7,3.7
T04,GL-4396,2026-03-14 00:14:00,7.241306,10.699088,8.3,5.19
T04,GL-4396,2026-03-14 00:15:00,7.241982,10.698997,11.2,4.32
T04,GL-4396,2026-03-14 00:16:00,7.242814,10.69912,6.8,3.64
T04,GL-4396,2026-03-14 00:17:00,7.243684,10.698982,9.6,4.62
T04,GL-4396,2026-03-14 00:18:00,7.244338,10.699193,5.0,5.04
T04,GL-4396,2026-03-14 00:19:00,7.245163,10.699073,10.6,3.51
T04,GL-4396,2026-03-14 00:20:00,7.246023,10.699268,4.6,4.43
T04,GL-4396,2026-03-14 00:21:00,7.246784,10.69928,11.8,5.27
T04,GL-4396,2026-03-14 00:22:00,7.247601,10.699233,10.1,2.96
T04,GL-4396,2026-03-14 00:23:00,7.248451,10.699517,4.4,3.82
T04,GL-4396,2026-03-14 00:24:00,7.24916,10.699381,8.8,4.62
T04,GL-4396,2026-03-14 00:25:00,7.250008,10.699407,8.2,3.78
T04,GL-4396,2026-03-14 00:26:00,7.250801,10.699495,8.7,4.35
T04,GL-4396,2026-03-14 00:27:00,7.15789,10.699508,8.3,311.02
T04,GL-4396,2026-03-14 00:28:00,7.252421,10.699519,10.2,3.17
T04,GL-4396,2026-03-14 00:29:00,7.253261,10.699679,11.1,4.14
T04,GL-4396,2026-03-14 00:30:00,7.253892,10.699592,9.0,3.96
T04,GL-4396,2026-03-14 00:31:00,7.254884,10.69984,7.3,3.37
T04,GL-4396,2026-03-14 00:32:00,7.255585,10.699767,11.6,5.42
T04,GL-4396,2026-03-14 00:33:00,7.256347,10.699791,8.6,3.46
T04,GL-4396,2026-03-14 00:34:00,7.257316,10.699775,9.3,3.01
T04,GL-4396,2026-03-14 00:35:00,7.258029,10.699886,6.4,4.44
T04,GL-4396,2026-03-14 00:36:00,7.258773,10.699807,12.0,4.59
T04,GL-4396,2026-03-14 00:37:00,7.259558,10.699979,11.7,4.8
T04,GL-4396,2026-03-14 00:38:00,7.260269,10.700011,4.9,5.54
T04,GL-4396,2026-03-14 00:39:00,7.261166,10.700194,11.1,5.44
T04,GL-4396,2026-03-14 00:40:00,7.261906,10.700222,8.4,4.43
T04,GL-4396,2026-03-14 00:41:00,7.262747,10.700191,6.2,3.77
T04,GL-4396,2026-03-14 00:42:00,7.263455,10.700106,4.7,4.59
T04,GL-4396,2026-03-14 00:43:00,7.264285,10.700242,,3.7
T04,GL-4396,2026-03-14 00:44:00,7.265128,10.700237,10.0,3.19
T04,GL-4396,2026-03-14 00:45:00,7.266014,10.700376,8.0,5.6
T04,GL-4396,2026-03-14 00:46:00,7.266786,10.700333,8.5,4.11
T04,GL-4396,2026-03-14 00:47:00,7.267487,10.700288,6.2,3.6
T04,GL-4396,2026-03-14 00:48:00,7.268271,10.700489,9.5,3.38
T04,GL-4396,2026-03-14 00:49:00,7.26899,10.700453,10.5,3.32
T04,GL-4396,2026-03-14 00:50:00,7.269967,10.700475,9.3,5.36
T04,GL-4396,2026-03-14 00:51:00,7.270741,10.700566,11.6,3.49
T04,GL-4396,2026-03-14 00:52:00,7.271559,10.700533,6.4,3.49
T04,GL-4396,2026-03-14 00:53:00,7.272293,10.700792,9.7,3.32
T04,GL-4396,2026-03-14 00:54:00,7.273075,10.700617,10.7,4.43
T04,GL-4396,2026-03-14 00:55:00,7.273822,10.700687,4.8,4.9
T04,GL-4396,2026-03-14 00:56:00,7.274579,10.700929,9.0,2.88
T04,GL-4396,2026-03-14 00:57:00,7.275392,10.700853,6.2,5.4
T04,GL-4396,2026-03-14 00:58:00,7.276277,10.700917,4.4,2.8
T04,GL-4396,2026-03-14 00:59:00,7.277084,10.701023,6.1,4.73
T04,GL-4396,2026-03-14 01:00:00,7.277829,10.700981,,4.09
T04,GL-4396,2026-03-14 01:01:00,7.278654,10.701014,6.2,3.38
T04,GL-4396,2026-03-14 01:02:00,7.279495,10.701095,7.6,3.61
T04,GL-4396,2026-03-14 01:03:00,7.280321,10.701101,8.5,3.92
T04,GL-4396,2026-03-14 01:04:00,7.281046,10.701127,6.3,3.06
T04,GL-4396,2026-03-14 01:05:00,7.281764,10.701112,7.1,4.43
T04,GL-4396,2026-03-14 01:06:00,7.282627,10.701183,10.8,3.33
T04,GL-4396,2026-03-14 01:07:00,7.283412,10.701354,5.1,3.85
T04,GL-4396,2026-03-14 01:08:00,7.284274,10.701373,6.3,5.38
T04,GL-4396,2026-03-14 01:09:00,7.285009,10.701433,,5.48
T04,GL-4396,2026-03-14 01:10:00,7.285848,10.701425,10.9,5.5
T04,GL-4396,2026-03-14 01:11:00,7.28646,10.701452,7.3,3.67
T04,GL-4396,2026-03-14 01:12:00,7.287421,10.7015,4.1,5.49
T04,GL-4396,2026-03-14 01:13:00,7.288355,10.701696,11.3,5.42
T04,GL-4396,2026-03-14 01:14:00,7.289073,10.701631,7.2,3.1
T04,GL-4396,2026-03-14 01:15:00,7.289841,10.701718,11.0,3.49
T04,GL-4396,2026-03-14 01:16:00,7.290487,10.701736,9.1,4.04
T04,GL-4396,2026-03-14 01:17:00,7.291402,10.701621,10.9,3.06
T04,GL-4396,2026-03-14 01:18:00,7.292238,10.701855,4.8,3.67
T04,GL-4396,2026-03-14 01:19:00,7.292953,10.701888,9.0,3.35
T04,GL-4396,2026-03-14 01:20:00,7.293785,10.701832,4.2,4.51
T04,GL-4396,2026-03-14 01:21:00,7.294678,10.701965,8.2,4.19
T04,GL-4396,2026-03-14 01:22:00,7.295364,10.701961,9.6,3.45
T04,GL-4396,2026-03-14 01:23:00,7.296092,10.701923,11.6,5.53
T04,GL-4396,2026-03-14 01:24:00,7.297005,10.70207,9.9,3.8
T04,GL-4396,2026-03-14 01:25:00,7.297807,10.702128,9.1,5.17
T04,GL-4396,2026-03-14 01:26:00,7.298502,10.702191,6.4,3.59
T04,GL-4396,2026-03-14 01:27:00,7.29936,10.702151,4.4,3.84
T04,GL-4396,2026-03-14 01:28:00,7.300125,10.702302,4.3,3.23
T04,GL-4396,2026-03-14 01:29:00,7.300935,10.702434,4.4,5.38
T04,GL-4396,2026-03-14 01:30:00,7.301762,10.702364,11.5,3.33
T04,GL-4396,2026-03-14 01:31:00,7.302484,10.702303,9.3,3.92
T04,GL-4396,2026-03-14 01:32:00,7.303284,10.70246,9.4,5.29
T04,GL-4396,2026-03-14 01:33:00,7.304092,10.702394,5.9,4.7
T04,GL-4396,2026-03-14 01:34:00,7.304818,10.702512,7.0,2.83
T04,GL-4396,2026-03-14 01:35:00,7.305817,10.702426,7.5,4.19
T04,GL-4396,2026-03-14 01:36:00,7.306519,10.702483,4.4,3.08
T04,GL-4396,2026-03-14 01:37:00,7.307408,10.70271,7.0,3.78
T04,GL-4396,2026-03-14 01:38:00,7.308079,10.702667,5.6,3.49
T04,GL-4396,2026-03-14 01:39:00,7.30897,10.70282,7.2,4.81
T04,GL-4396,2026-03-14 01:40:00,7.309608,10.70275,11.7,3.08
T04,GL-4396,2026-03-14 01:41:00,7.31045,10.702702,5.0,3.9
T04,GL-4396,2026-03-14 01:42:00,7.311206,10.702912,4.9,3.68
T04,GL-4396,2026-03-14 01:43:00,7.312089,10.702819,10.6,2.83
T04,GL-4396,2026-03-14 01:44:00,7.31299,10.702931,10.3,3.91
T04,GL-4396,2026-03-14 01:45:00,7.313641,10.703015,9.7,4.6
T04,GL-4396,2026-03-14 01:46:00,7.314488,10.702984,7.1,3.3
T04,GL-4396,2026-03-14 01:47:00,7.315288,10.703086,9.3,3.23
T04,GL-4396,2026-03-14 01:48:00,7.316039,10.703104,8.1,4.3
T04,GL-4396,2026-03-14 01:49:00,7.316899,10.70316,10.3,3.28
T04,GL-4396,2026-03-14 01:50:00,7.317638,10.703155,6.7,4.05
T04,GL-4396,2026-03-14 01:51:00,7.318364,10.703196,10.8,4.66
T04,GL-4396,2026-03-14 01:52:00,7.319322,10.703337,6.3,3.98
T04,GL-4396,2026-03-14 01:53:00,7.320146,10.703395,5.2,2.85
T04,GL-4396,2026-03-14 01:54:00,7.320977,10.703473,4.4,4.74
T04,GL-4396,2026-03-14 01:55:00,7.321595,10.7035,5.7,5.32
T04,GL-4396,2026-03-14 01:56:00,7.322331,10.703509,10.1,2.94
T04,GL-4396,2026-03-14 01:57:00,7.323231,10.703487,10.5,4.47
T04,GL-4396,2026-03-14 01:58:00,7.32394,10.703527,10.1,4.2
T04,GL-4396,2026-03-14 01:59:00,7.324913,10.703684,11.1,3.69
T04,GL-4396,2026-03-14 02:00:00,7.325632,10.703761,8.1,5.21
T04,GL-4396,2026-03-14 02:01:00,7.326345,10.703679,11.8,3.22
T04,GL-4396,2026-03-14 02:02:00,7.327267,10.70367,8.2,4.36
T04,GL-4396,2026-03-14 02:03:00,7.327946,10.703817,4.4,4.89
T04,GL-4396,2026-03-14 02:04:00,7.328825,10.703862,9.3,3.96
T04,GL-4396,2026-03-14 02:05:00,7.329593,10.703886,4.6,3.59
T04,GL-4396,2026-03-14 02:06:00,7.330326,10.703914,7.9,5.51
T04,GL-4396,2026-03-14 02:07:00,7.331212,10.70396,8.8,5.52
T04,GL-4396,2026-03-14 02:08:00,7.331941,10.70397,11.3,5.19
T04,GL-4396,2026-03-14 02:09:00,7.332712,10.703936,11.4,5.45
T04,GL-4396,2026-03-14 02:10:00,7.33363,10.704072,11.7,5.57
T04,GL-4396,2026-03-14 02:11:00,7.334253,10.704221,11.6,4.46
T04,GL-4396,2026-03-14 02:12:00,7.335227,10.704187,7.1,4.09
T04,GL-4396,2026-03-14 02:13:00,7.335938,10.704253,8.8,4.06
T04,GL-4396,2026-03-14 02:14:00,7.336727,10.704221,8.8,4.58
T04,GL-4396,2026-03-14 02:15:00,7.337651,10.704299,4.5,3.71
T04,GL-4396,2026-03-14 02:16:00,7.3383,10.704452,9.4,4.8
T04,GL-4396,2026-03-14 02:17:00,7.339126,10.704322,4.2,3.64
T04,GL-4396,2026-03-14 02:18:00,7.339966,10.704415,6.9,4.11
T04,GL-4396,2026-03-14 02:19:00,7.340749,10.704498,4.8,5.37
T04,GL-4396,2026-03-14 02:20:00,7.341593,10.704518,7.5,4.93
T04,GL-4396,2026-03-14 02:21:00,7.342258,10.704576,8.7,3.25
T04,GL-4396,2026-03-14 02:22:00,7.343125,10.704579,10.2,5.17
T04,GL-4396,2026-03-14 02:23:00,7.343757,10.704658,10.4,4.17
T04,GL-4396,2026-03-14 02:24:00,7.344654,10.704681,7.3,3.12
T04,GL-4396,2026-03-14 02:25:00,7.345538,10.704646,4.1,4.31
T04,GL-4396,2026-03-14 02:26:00,7.346147,10.704788,8.5,4.49
T04,GL-4396,2026-03-14 02:27:00,7.347088,10.704803,9.3,3.26
T04,GL-4396,2026-03-14 02:28:00,7.347881,10.704927,5.4,2.96
T04,GL-4396,2026-03-14 02:29:00,7.348753,10.704967,,4.34
T04,GL-4396,2026-03-14 02:30:00,7.349494,10.70509,10.7,3.09
T04,GL-4396,2026-03-14 02:31:00,7.350286,10.70506,4.6,3.99
T04,GL-4396,2026-03-14 02:32:00,7.351171,10.705118,12.0,3.79
T04,GL-4396,2026-03-14 02:33:00,7.351957,10.705039,4.1,4.35
T04,GL-4396,2026-03-14 02:34:00,7.352689,10.705151,5.8,3.81
T04,GL-4396,2026-03-14 02:35:00,7.353354,10.705224,9.8,4.77
T04,GL-4396,2026-03-14 02:36:00,7.354283,10.705225,5.5,3.77
T04,GL-4396,2026-03-14 02:37:00,7.355048,10.705265,11.3,3.75
T04,GL-4396,2026-03-14 02:38:00,7.355918,10.705408,6.1,2.94
T04,GL-4396,2026-03-14 02:39:00,7.356634,10.705447,4.5,4.99
T04,GL-4396,2026-03-14 02:40:00,7.357442,10.705418,8.1,4.03
T04,GL-4396,2026-03-14 02:41:00,7.358325,10.705481,10.1,4.7
T04,GL-4396,2026-03-14 02:42:00,7.358936,10.705495,10.9,3.88
T04,GL-4396,2026-03-14 02:43:00,7.35985,10.705491,6.5,5.56
T04,GL-4396,2026-03-14 02:44:00,7.360648,10.705569,5.3,2.85
T04,GL-4396,2026-03-14 02:45:00,7.361423,10.705603,11.0,5.08
T04,GL-4396,2026-03-14 02:46:00,7.362278,10.705583,10.6,3.08
T04,GL-4396,2026-03-14 02:47:00,7.363027,10.705783,7.6,4.32
T04,GL-4396,2026-03-14 02:48:00,7.363908,10.705825,6.0,3.33
T04,GL-4396,2026-03-14 02:49:00,7.364664,10.705767,11.2,5.13
T04,GL-4396,2026-03-14 02:50:00,7.365294,10.705896,7.3,3.9
T04,GL-4396,2026-03-14 02:51:00,7.366212,10.705884,9.2,3.81
T04,GL-4396,2026-03-14 02:52:00,7.366942,10.706025,6.7,5.24
T04,GL-4396,2026-03-14 02:53:00,7.367797,10.70604,5.6,2.9
T04,GL-4396,2026-03-14 02:54:00,7.368563,10.706053,10.0,3.45
T04,GL-4396,2026-03-14 02:55:00,7.369383,10.706081,5.6,4.09
T04,GL-4396,2026-03-14 02:56:00,7.370094,10.706096,7.3,3.97
T04,GL-4396,2026-03-14 02:57:00,7.371015,10.706272,6.6,4.51
T04,GL-4396,2026-03-14 02:58:00,7.37177,10.70626,9.0,4.33
T04,GL-4396,2026-03-14 02:59:00,7.372466,10.706275,11.5,5.58
T04,GL-4396,2026-03-14 03:00:00,7.373418,10.706285,5.2,4.65
T04,GL-4396,2026-03-14 03:01:00,7.374103,10.706307,11.1,3.87
T04,GL-4396,2026-03-14 03:02:00,7.374847,10.706411,5.4,5.16
T04,GL-4396,2026-03-14 03:03:00,7.375747,10.706492,4.8,4.15
T04,GL-4396,2026-03-14 03:04:00,7.376523,10.706598,9.8,3.24
T04,GL-4396,2026-03-14 03:05:00,7.377291,10.706601,10.7,3.8
T04,GL-4396,2026-03-14 03:06:00,7.378209,10.706573,10.4,3.88
T04,GL-4396,2026-03-14 03:07:00,7.378947,10.706582,7.2,5.19
T04,GL-4396,2026-03-14 03:08:00,7.379832,10.706638,5.1,2.94
T04,GL-4396,2026-03-14 03:09:00,7.380403,10.70677,6.8,2.94
T04,GL-4396,2026-03-14 03:10:00,7.38129,10.706739,9.9,5.41
T04,GL-4396,2026-03-14 03:11:00,7.382013,10.70691,7.1,4.65
T04,GL-4396,2026-03-14 03:12:00,7.382832,10.706871,10.8,3.15
T04,GL-4396,2026-03-14 03:13:00,7.383675,10.706936,11.3,3.3
T04,GL-4396,2026-03-14 03:14:00,7.384534,10.706911,11.8,4.25
T04,GL-4396,2026-03-14 03:15:00,7.385341,10.707,7.4,5.33
T04,GL-4396,2026-03-14 03:16:00,7.38605,10.707094,5.8,3.14
T04,GL-4396,2026-03-14 03:17:00,7.386861,10.707113,5.2,4.16
T04,GL-4396,2026-03-14 03:18:00,7.38774,10.707069,6.5,3.16
T04,GL-4396,2026-03-14 03:19:00,7.388488,10.707158,4.6,4.08
T04,GL-4396,2026-03-14 03:20:00,7.389349,10.707253,11.7,5.25
T04,GL-4396,2026-03-14 03:21:00,7.390043,10.707277,7.0,3.61
T04,GL-4396,2026-03-14 03:22:00,7.390941,10.707243,11.5,3.04
T04,GL-4396,2026-03-14 03:23:00,7.391686,10.707404,6.4,4.98
T04,GL-4396,2026-03-14 03:24:00,7.392457,10.707429,4.2,3.75
T04,GL-4396,2026-03-14 03:25:00,7.393308,10.707462,4.1,3.32
T04,GL-4396,2026-03-14 03:26:00,7.39407,10.707417,6.0,4.59
T04,GL-4396,2026-03-14 03:27:00,7.394861,10.707499,10.0,2.95
T04,GL-4396,2026-03-14 03:28:00,7.395566,10.70756,5.4,4.52
T04,GL-4396,2026-03-14 03:29:00,7.396431,10.707648,8.3,3.48
T04,GL-4396,2026-03-14 03:30:00,7.39726,10.707678,6.7,3.75
T04,GL-4396,2026-03-14 03:31:00,7.398009,10.707735,7.5,4.61
T04,GL-4396,2026-03-14 03:32:00,7.398806,10.707673,9.5,2.97
T04,GL-4396,2026-03-14 03:33:00,7.399635,10.707838,9.0,4.85
T04,GL-4396,2026-03-14 03:34:00,7.400328,10.707808,10.0,4.07
T04,GL-4396,2026-03-14 03:35:00,7.401341,10.707791,6.1,3.54
T04,GL-4396,2026-03-14 03:36:00,7.402014,10.707877,5.1,4.51
T04,GL-4396,2026-03-14 03:37:00,7.402732,10.708005,5.4,4.95
T04,GL-4396,2026-03-14 03:38:00,7.403527,10.708021,8.8,5.19
T04,GL-4396,2026-03-14 03:39:00,7.404417,10.707991,6.5,2.86
T04,GL-4396,2026-03-14 03:40:00,7.405112,10.708101,5.0,3.5
T04,GL-4396,2026-03-14 03:41:00,7.406081,10.708139,8.1,4.67
T04,GL-4396,2026-03-14 03:42:00,7.406904,10.708165,10.3,5.45
T04,GL-4396,2026-03-14 03:43:00,7.407719,10.708291,10.9,2.89
T04,GL-4396,2026-03-14 03:44:00,7.408434,10.708232,8.7,4.46
T04,GL-4396,2026-03-14 03:45:00,7.409279,10.708306,5.4,4.4
T04,GL-4396,2026-03-14 03:46:00,7.409981,10.708429,11.2,4.87
T04,GL-4396,2026-03-14 03:47:00,7.410751,10.708393,9.7,3.69
T04,GL-4396,2026-03-14 03:48:00,7.411486,10.708455,4.3,4.45
T04,GL-4396,2026-03-14 03:49:00,7.412315,10.708564,11.9,5.21
T04,GL-4396,2026-03-14 03:50:00,7.413147,10.708391,5.9,2.87
T04,GL-4396,2026-03-14 03:51:00,7.413873,10.708634,8.4,4.73
T04,GL-4396,2026-03-14 03:52:00,7.414779,10.708585,6.9,2.98
T04,GL-4396,2026-03-14 03:53:00,7.415579,10.708629,8.6,5.23
T04,GL-4396,2026-03-14 03:54:00,7.416329,10.708757,10.9,3.15
T04,GL-4396,2026-03-14 03:55:00,7.417226,10.708745,5.9,5.06
T04,GL-4396,2026-03-14 03:56:00,7.417956,10.708818,5.0,4.77
T04,GL-4396,2026-03-14 03:57:00,7.418764,10.708755,6.6,3.56
T04,GL-4396,2026-03-14 03:58:00,7.419526,10.708842,8.6,3.38
T04,GL-4396,2026-03-14 03:59:00,7.420249,10.708869,5.7,4.69
T04,GL-4396,2026-03-14 04:00:00,7.421193,10.708968,8.6,3.62
T04,GL-4396,2026-03-14 04:01:00,7.421983,10.70895,8.0,3.32
T04,GL-4396,2026-03-14 04:02:00,7.422693,10.709049,10.0,3.28
T04,GL-4396,2026-03-14 04:03:00,7.423536,10.709203,4.8,3.97
T04,GL-4396,2026-03-14 04:04:00,7.424342,10.709249,8.2,2.87
T04,GL-4396,2026-03-14 04:05:00,7.425065,10.709337,7.5,5.32
T04,GL-4396,2026-03-14 04:06:00,7.425805,10.709334,4.7,3.62
T04,GL-4396,2026-03-14 04:07:00,7.426836,10.709206,8.5,4.69
T04,GL-4396,2026-03-14 04:08:00,7.427516,10.709294,10.8,5.17
T04,GL-4396,2026-03-14 04:09:00,7.428238,10.709425,6.2,4.24
T04,GL-4396,2026-03-14 04:10:00,7.429101,10.709417,8.5,3.27
T04,GL-4396,2026-03-14 04:11:00,7.429948,10.709402,6.3,5.57
T04,GL-4396,2026-03-14 04:12:00,7.430684,10.709533,7.2,4.49
T04,GL-4396,2026-03-14 04:13:00,7.431546,10.709527,6.6,4.64
T04,GL-4396,2026-03-14 04:14:00,7.432274,10.709401,5.8,3.17
T04,GL-4396,2026-03-14 04:15:00,7.432987,10.709726,5.1,3.37
T04,GL-4396,2026-03-14 04:16:00,7.433919,10.709678,9.4,4.13
T04,GL-4396,2026-03-14 04:17:00,7.434519,10.709751,4.8,4.69
T04,GL-4396,2026-03-14 04:18:00,7.435509,10.70982,10.0,5.31
T04,GL-4396,2026-03-14 04:19:00,7.43614,10.709756,11.3,3.28
T04,GL-4396,2026-03-14 04:20:00,7.437089,10.709832,9.6,3.9
T04,GL-4396,2026-03-14 04:21:00,7.4379,10.710012,11.2,4.27
T04,GL-4396,2026-03-14 04:22:00,7.438594,10.709877,9.8,3.82
T04,GL-4396,2026-03-14 04:23:00,7.439433,10.709999,8.4,3.83
T04,GL-4396,2026-03-14 04:24:00,7.440156,10.710053,8.0,3.65
T04,GL-4396,2026-03-14 04:25:00,7.441035,10.710211,8.1,4.61
T04,GL-4396,2026-03-14 04:26:00,7.441797,10.71007,10.0,4.17
T04,GL-4396,2026-03-14 04:27:00,7.442619,10.710219,7.0,4.27
T04,GL-4396,2026-03-14 04:28:00,7.443418,10.710174,11.3,4.19
T04,GL-4396,2026-03-14 04:29:00,7.444133,10.710264,9.2,5.39
T04,GL-4396,2026-03-14 04:30:00,7.445074,10.710327,9.3,4.62
T04,GL-4396,2026-03-14 04:31:00,7.445825,10.710412,9.8,3.86
T04,GL-4396,2026-03-14 04:32:00,7.446511,10.710431,8.9,5.24
T04,GL-4396,2026-03-14 04:33:00,7.447362,10.71056,4.4,4.65
T04,GL-4396,2026-03-14 04:34:00,7.44822,10.710453,11.0,4.95
T04,GL-4396,2026-03-14 04:35:00,7.448977,10.710583,5.4,3.83
T04,GL-4396,2026-03-14 04:36:00,7.449741,10.71057,8.6,3.98
T04,GL-4396,2026-03-14 04:37:00,7.450539,10.710728,8.9,2.98
T04,GL-4396,2026-03-14 04:38:00,7.451466,10.710746,7.5,5.52
T04,GL-4396,2026-03-14 04:39:00,7.452126,10.710707,8.1,3.96
T04,GL-4396,2026-03-14 04:40:00,7.452958,10.7108,4.7,5.47
T04,GL-4396,2026-03-14 04:41:00,7.453747,10.710719,4.8,3.85
T04,GL-4396,2026-03-14 04:42:00,7.454508,10.710871,7.4,3.39
T04,GL-4396,2026-03-14 04:43:00,7.455337,10.710985,6.0,3.42
T04,GL-4396,2026-03-14 04:44:00,7.456257,10.710976,11.5,4.85
T04,GL-4396,2026-03-14 04:45:00,7.456856,10.710977,10.6,3.21
T04,GL-4396,2026-03-14 04:46:00,7.457727,10.711001,11.9,5.1
T04,GL-4396,2026-03-14 04:47:00,7.458494,10.711049,10.3,3.53
T04,GL-4396,2026-03-14 04:48:00,7.45931,10.711176,10.7,3.3
T04,GL-4396,2026-03-14 04:49:00,7.4602,10.71107,6.4,3.78
T04,GL-4396,2026-03-14 04:50:00,7.460897,10.711192,10.1,5.33
T04,GL-4396,2026-03-14 04:51:00,7.4617,10.711352,9.8,5.31
T04,GL-4396,2026-03-14 04:52:00,7.462408,10.711396,11.3,4.42
T04,GL-4396,2026-03-14 04:53:00,7.463369,10.71128,5.5,4.18
T04,GL-4396,2026-03-14 04:54:00,7.464053,10.711401,8.3,3.26
T04,GL-4396,2026-03-14 04:55:00,7.464955,10.711467,4.7,2.93
T04,GL-4396,2026-03-14 04:56:00,7.465676,10.711514,7.8,4.78
T04,GL-4396,2026-03-14 04:57:00,7.466432,10.711564,6.3,4.01
T04,GL-4396,2026-03-14 04:58:00,7.467214,10.7115,6.2,3.61
T04,GL-4396,2026-03-14 04:59:00,7.468099,10.7116,9.1,3.95
T04,GL-4396,2026-03-14 05:00:00,7.468961,10.711651,11.1,4.08
T04,GL-4396,2026-03-14 05:01:00,7.469505,10.711714,11.3,5.44
T04,GL-4396,2026-03-14 05:02:00,7.470412,10.71162,7.6,2.81
T04,GL-4396,2026-03-14 05:03:00,7.471355,10.711853,9.2,3.01
T04,GL-4396,2026-03-14 05:04:00,7.472013,10.711811,7.8,4.41
T04,GL-4396,2026-03-14 05:05:00,7.472786,10.711825,5.6,5.14
T04,GL-4396,2026-03-14 05:06:00,7.473684,10.712015,10.8,3.62
T04,GL-4396,2026-03-14 05:07:00,7.474462,10.711916,5.0,4.38
T04,GL-4396,2026-03-14 05:08:00,7.475276,10.71213,8.4,3.89
T04,GL-4396,2026-03-14 05:09:00,7.476052,10.712061,10.7,5.21
T04,GL-4396,2026-03-14 05:10:00,7.476785,10.712123,5.5,5.49
T04,GL-4396,2026-03-14 05:11:00,7.477745,10.712105,9.8,5.19
T04,GL-4396,2026-03-14 05:12:00,7.478342,10.712133,11.2,2.86
T04,GL-4396,2026-03-14 05:13:00,7.479227,10.712149,8.7,5.33
T04,GL-4396,2026-03-14 05:14:00,7.48005,10.712241,4.5,3.3
T04,GL-4396,2026-03-14 05:15:00,7.480788,10.712305,9.2,3.85
T04,GL-4396,2026-03-14 05:16:00,7.481695,10.712366,7.8,3.36
T04,GL-4396,2026-03-14 05:17:00,7.482403,10.712414,9.5,2.84
T04,GL-4396,2026-03-14 05:18:00,7.483154,10.71248,10.4,3.55
T04,GL-4396,2026-03-14 05:19:00,7.483959,10.712445,9.1,3.99
T04,GL-4396,2026-03-14 05:20:00,7.484701,10.712487,7.3,4.77
T04,GL-4396,2026-03-14 05:21:00,7.485592,10.712706,10.7,4.1
T04,GL-4396,2026-03-14 05:22:00,7.486347,10.712614,6.5,2.9
T04,GL-4396,2026-03-14 05:23:00,7.487155,10.712731,4.7,3.63
T04,GL-4396,2026-03-14 05:24:00,7.48805,10.712682,10.9,3.96
T04,GL-4396,2026-03-14 05:25:00,7.488787,10.712772,8.1,3.64
T04,GL-4396,2026-03-14 05:26:00,7.489582,10.712814,8.8,3.02
T04,GL-4396,2026-03-14 05:27:00,7.490329,10.712891,6.8,4.41
T04,GL-4396,2026-03-14 05:28:00,7.491201,10.712997,5.6,5.2
T04,GL-4396,2026-03-14 05:29:00,7.492028,10.712951,5.0,4.97
T04,GL-4396,2026-03-14 05:30:00,7.492849,10.712926,4.1,2.81
T04,GL-4396,2026-03-14 05:31:00,7.493615,10.713022,9.8,5.33
T04,GL-4396,2026-03-14 05:32:00,7.494353,10.71308,6.2,4.47
T04,GL-4396,2026-03-14 05:33:00,7.495106,10.71302,4.5,5.3
T04,GL-4396,2026-03-14 05:34:00,7.495939,10.713219,7.1,2.98
T04,GL-4396,2026-03-14 05:35:00,7.496765,10.713253,8.9,3.04
T04,GL-4396,2026-03-14 05:36:00,7.49746,10.71325,9.7,4.31
T04,GL-4396,2026-03-14 05:37:00,7.498259,10.713302,7.6,3.24
T04,GL-4396,2026-03-14 05:38:00,7.499114,10.713332,10.4,5.44
T04,GL-4396,2026-03-14 05:39:00,7.499768,10.713395,5.2,3.28
T04,GL-4396,2026-03-14 05:40:00,7.500679,10.713457,7.4,5.02
T04,GL-4396,2026-03-14 05:41:00,7.501518,10.713502,5.4,3.8
T04,GL-4396,2026-03-14 05:42:00,7.502314,10.713503,,2.94
T04,GL-4396,2026-03-14 05:43:00,7.503132,10.71358,4.3,3.48
T04,GL-4396,2026-03-14 05:44:00,7.503883,10.713525,6.3,4.38
T04,GL-4396,2026-03-14 05:45:00,7.504668,10.713613,11.8,3.36
T04,GL-4396,2026-03-14 05:46:00,7.505451,10.713656,5.6,3.89
T04,GL-4396,2026-03-14 05:47:00,7.506285,10.713793,10.2,4.27
T04,GL-4396,2026-03-14 05:48:00,7.506998,10.713849,9.3,5.3
T04,GL-4396,2026-03-14 05:49:00,7.507934,10.71382,6.0,4.52
T04,GL-4396,2026-03-14 05:50:00,7.508734,10.713867,8.5,4.59
T04,GL-4396,2026-03-14 05:51:00,7.509474,10.713844,6.9,4.77
T04,GL-4396,2026-03-14 05:52:00,7.510234,10.713864,9.9,4.52
T04,GL-4396,2026-03-14 05:53:00,7.511207,10.713977,4.7,4.25
T04,GL-4396,2026-03-14 05:54:00,7.511854,10.713985,,5.27
T04,GL-4396,2026-03-14 05:55:00,7.512648,10.714116,7.4,5.34
T04,GL-4396,2026-03-14 05:56:00,7.513526,10.714091,,4.61
T04,GL-4396,2026-03-14 05:57:00,7.51427,10.714225,10.7,4.1
T04,GL-4396,2026-03-14 05:58:00,7.514928,10.71419,12.0,2.98
T04,GL-4396,2026-03-14 05:59:00,7.515832,10.714215,11.0,5.59
T04,GL-4396,2026-03-14 06:00:00,7.516592,10.714271,7.9,3.63
T04,GL-4396,2026-03-14 06:01:00,7.517523,10.71436,10.4,5.34
T04,GL-4396,2026-03-14 06:02:00,7.518215,10.71447,9.7,4.17
T04,GL-4396,2026-03-14 06:03:00,7.518967,10.714439,8.5,4.53
T04,GL-4396,2026-03-14 06:04:00,7.519796,10.714609,10.3,3.11
T04,GL-4396,2026-03-14 06:05:00,7.520669,10.714577,11.7,3.22
T04,GL-4396,2026-03-14 06:06:00,7.521399,10.714572,11.1,4.4
T04,GL-4396,2026-03-14 06:07:00,7.522132,10.714584,6.0,3.75
T04,GL-4396,2026-03-14 06:08:00,7.523042,10.714616,9.6,4.05
T04,GL-4396,2026-03-14 06:09:00,7.523754,10.714681,11.2,4.58
T04,GL-4396,2026-03-14 06:10:00,7.524627,10.714675,4.3,3.37
T04,GL-4396,2026-03-14 06:11:00,7.525437,10.714796,4.7,4.48
T04,GL-4396,2026-03-14 06:12:00,7.526183,10.714731,6.4,3.85
T04,GL-4396,2026-03-14 06:13:00,7.526759,10.714808,6.6,3.72
T04,GL-4396,2026-03-14 06:14:00,7.527798,10.714942,6.7,4.84
T04,GL-4396,2026-03-14 06:15:00,7.528556,10.714937,9.4,3.12
T04,GL-4396,2026-03-14 06:16:00,7.529393,10.715065,12.0,3.32
T04,GL-4396,2026-03-14 06:17:00,7.530101,10.715117,5.3,3.37
T04,GL-4396,2026-03-14 06:18:00,7.531001,10.715122,6.2,3.84
T04,GL-4396,2026-03-14 06:19:00,7.53178,10.715186,10.7,4.96
T04,GL-4396,2026-03-14 06:20:00,7.532575,10.715179,8.2,2.84
T04,GL-4396,2026-03-14 06:21:00,7.533404,10.715407,4.6,4.87
T04,GL-4396,2026-03-14 06:22:00,7.534194,10.715266,4.7,3.79
T04,GL-4396,2026-03-14 06:23:00,7.534868,10.715311,6.5,4.71
T04,GL-4396,2026-03-14 06:24:00,7.535649,10.715394,7.8,3.71
T04,GL-4396,2026-03-14 06:25:00,7.536495,10.715494,11.5,4.15
T04,GL-4396,2026-03-14 06:26:00,7.537396,10.715459,4.5,3.24
T04,GL-4396,2026-03-14 06:27:00,7.538138,10.71553,10.7,4.73
T04,GL-4396,2026-03-14 06:28:00,7.538912,10.715572,8.6,4.96
T04,GL-4396,2026-03-14 06:29:00,7.539765,10.71571,4.4,3.47
T04,GL-4396,2026-03-14 06:30:00,7.540558,10.715601,6.1,3.92
T04,GL-4396,2026-03-14 06:31:00,7.541384,10.715663,9.4,3.9
T04,GL-4396,2026-03-14 06:32:00,7.542176,10.715692,4.8,3.64
T04,GL-4396,2026-03-14 06:33:00,7.542873,10.715789,7.1,3.4
T04,GL-4396,2026-03-14 06:34:00,7.543611,10.715843,4.5,5.45
T04,GL-4396,2026-03-14 06:35:00,7.544423,10.715812,4.9,4.26
T04,GL-4396,2026-03-14 06:36:00,7.545286,10.716066,5.4,3.47
T04,GL-4396,2026-03-14 06:37:00,7.546087,10.716003,5.6,3.37
T04,GL-4396,2026-03-14 06:38:00,7.546754,10.716024,5.6,4.12
T04,GL-4396,2026-03-14 06:39:00,7.547626,10.715977,7.9,2.81
T04,GL-4396,2026-03-14 06:40:00,7.548428,10.71604,8.6,3.83
T04,GL-4396,2026-03-14 06:41:00,7.549201,10.716117,5.4,4.86
T04,GL-4396,2026-03-14 06:42:00,7.549958,10.716168,8.1,2.96
T04,GL-4396,2026-03-14 06:43:00,7.550954,10.716342,8.2,3.44
T04,GL-4396,2026-03-14 06:44:00,7.551688,10.716271,7.0,3.32
T04,GL-4396,2026-03-14 06:45:00,7.552384,10.716341,11.5,4.97
T04,GL-4396,2026-03-14 06:46:00,7.553182,10.716332,6.9,4.24
T04,GL-4396,2026-03-14 06:47:00,7.554045,10.716409,11.6,3.06
T04,GL-4396,2026-03-14 06:48:00,7.554844,10.716449,9.5,2.97
T04,GL-4396,2026-03-14 06:49:00,7.555655,10.716587,8.3,5.3
T04,GL-4396,2026-03-14 06:50:00,7.556411,10.716554,6.5,4.84
T04,GL-4396,2026-03-14 06:51:00,7.557327,10.71657,7.0,3.13
T04,GL-4396,2026-03-14 06:52:00,7.558019,10.716588,11.1,2.89
T04,GL-4396,2026-03-14 06:53:00,7.558725,10.716668,8.5,3.58
T04,GL-4396,2026-03-14 06:54:00,7.55951,10.716631,10.9,4.68
T04,GL-4396,2026-03-14 06:55:00,7.56035,10.716625,10.2,3.87
T04,GL-4396,2026-03-14 06:56:00,7.561254,10.716787,7.3,2.87
T04,GL-4396,2026-03-14 06:57:00,7.561944,10.716946,4.4,3.18
T04,GL-4396,2026-03-14 06:58:00,7.56284,10.716854,9.2,5.58
T04,GL-4396,2026-03-14 06:59:00,7.563584,10.716861,9.5,3.8
T04,GL-4396,2026-03-14 07:00:00,7.56438,10.717039,11.2,3.84
T04,GL-4396,2026-03-14 07:01:00,7.56519,10.717012,6.9,4.19
T04,GL-4396,2026-03-14 07:02:00,7.56595,10.717026,4.7,5.3
T04,GL-4396,2026-03-14 07:03:00,7.566722,10.717145,8.1,3.32
T04,GL-4396,2026-03-14 07:04:00,7.567502,10.717104,5.4,3.41
T04,GL-4396,2026-03-14 07:05:00,7.568317,10.717266,11.0,4.6
T04,GL-4396,2026-03-14 07:06:00,7.569113,10.717304,10.9,4.56
T04,GL-4396,2026-03-14 07:07:00,7.569961,10.717187,8.7,2.95
T04,GL-4396,2026-03-14 07:08:00,7.57079,10.717404,7.7,4.27
T04,GL-4396,2026-03-14 07:09:00,7.571467,10.717382,10.7,3.29
T04,GL-4396,2026-03-14 07:10:00,7.572308,10.717352,4.2,3.56
T04,GL-4396,2026-03-14 07:11:00,7.573147,10.717471,9.7,5.34
T04,GL-4396,2026-03-14 07:12:00,7.573919,10.717456,11.5,3.3
T04,GL-4396,2026-03-14 07:13:00,7.574623,10.717484,8.6,2.98
T04,GL-4396,2026-03-14 07:14:00,7.575545,10.717572,6.4,3.32
T04,GL-4396,2026-03-14 07:15:00,7.576306,10.717573,7.9,5.12
T04,GL-4396,2026-03-14 07:16:00,7.577274,10.717766,8.6,5.23
T04,GL-4396,2026-03-14 07:17:00,7.57797,10.717726,4.5,4.5
T04,GL-4396,2026-03-14 07:18:00,7.578737,10.717804,,3.95
T04,GL-4396,2026-03-14 07:19:00,7.579521,10.71779,8.3,4.28
T04,GL-4396,2026-03-14 07:20:00,7.580172,10.717892,,4.1
T04,GL-4396,2026-03-14 07:21:00,7.581119,10.717883,5.7,3.75
T04,GL-4396,2026-03-14 07:22:00,7.581836,10.717936,7.9,4.97
T04,GL-4396,2026-03-14 07:23:00,7.582585,10.718035,4.4,2.83
T04,GL-4396,2026-03-14 07:24:00,7.583532,10.718043,8.8,3.18
T04,GL-4396,2026-03-14 07:25:00,7.584339,10.718081,4.7,3.45
T04,GL-4396,2026-03-14 07:26:00,7.585047,10.718115,7.7,4.74
T04,GL-4396,2026-03-14 07:27:00,7.585957,10.718141,10.3,4.77
T04,GL-4396,2026-03-14 07:28:00,7.586689,10.718188,10.7,3.09
T04,GL-4396,2026-03-14 07:29:00,7.587478,10.718324,5.6,4.44
T04,GL-4396,2026-03-14 07:30:00,7.588235,10.718346,6.5,3.15
T04,GL-4396,2026-03-14 07:31:00,7.58911,10.718368,7.0,3.83
T04,GL-4396,2026-03-14 07:32:00,7.589892,10.718429,11.2,5.29
T04,GL-4396,2026-03-14 07:33:00,7.590603,10.718478,6.3,5.26
T04,GL-4396,2026-03-14 07:34:00,7.591414,10.718393,7.5,3.26
T04,GL-4396,2026-03-14 07:35:00,7.592249,10.718504,11.1,4.11
T04,GL-4396,2026-03-14 07:57:00,7.609714,10.719472,5.9,5.43
T04,GL-4396,2026-03-14 07:58:00,7.610384,10.719536,7.8,3.62
T04,GL-4396,2026-03-14 07:59:00,7.611363,10.719561,5.5,2.84
T04,GL-4396,2026-03-14 08:00:00,7.612181,10.719725,10.2,3.51
T04,GL-4396,2026-03-14 08:01:00,7.612912,10.719694,7.4,3.0
T04,GL-4396,2026-03-14 08:02:00,7.613763,10.719646,10.5,3.3
T04,GL-4396,2026-03-14 08:03:00,7.614534,10.719741,6.5,5.28
T04,GL-4396,2026-03-14 08:04:00,7.615341,10.719746,6.1,3.52
T04,GL-4396,2026-03-14 08:05:00,7.616051,10.719934,10.5,4.14
T04,GL-4396,2026-03-14 08:06:00,7.6169,10.719948,6.5,2.91
T04,GL-4396,2026-03-14 08:07:00,7.617746,10.719909,8.4,2.91
T04,GL-4396,2026-03-14 08:08:00,7.618576,10.71991,7.5,3.91
T04,GL-4396,2026-03-14 08:09:00,7.619423,10.719963,9.5,4.47
T04,GL-4396,2026-03-14 08:10:00,7.62009,10.720066,9.6,2.86
T04,GL-4396,2026-03-14 08:11:00,7.620934,10.720066,11.6,4.32
T04,GL-4396,2026-03-14 08:12:00,7.621648,10.719978,7.2,5.19
T04,GL-4396,2026-03-14 08:13:00,7.622439,10.720158,10.5,4.01
T04,GL-4396,2026-03-14 08:14:00,7.623253,10.72025,7.6,4.72
T04,GL-4396,2026-03-14 08:15:00,7.623995,10.720308,6.1,3.69
T04,GL-4396,2026-03-14 08:16:00,7.624856,10.720385,6.7,3.19
T04,GL-4396,2026-03-14 08:17:00,7.625691,10.7203,4.3,5.1
T04,GL-4396,2026-03-14 08:18:00,7.626495,10.720471,9.9,3.11
T04,GL-4396,2026-03-14 08:19:00,7.62723,10.720392,7.6,3.34
T04,GL-4396,2026-03-14 08:20:00,7.628188,10.720484,8.5,3.5
T04,GL-4396,2026-03-14 08:21:00,7.628803,10.720587,7.1,3.29
T04,GL-4396,2026-03-14 08:22:00,7.629704,10.720561,11.9,3.02
T04,GL-4396,2026-03-14 08:23:00,7.63052,10.720668,5.7,4.34
T04,GL-4396,2026-03-14 08:24:00,7.631233,10.720694,9.2,4.34
T04,GL-4396,2026-03-14 08:25:00,7.631909,10.720621,8.5,3.23
T04,GL-4396,2026-03-14 08:26:00,7.63276,10.720728,6.7,4.9
T04,GL-4396,2026-03-14 08:27:00,7.633469,10.720816,8.5,4.0
T04,GL-4396,2026-03-14 08:28:00,7.634436,10.720974,4.5,3.49
T04,GL-4396,2026-03-14 08:29:00,7.635217,10.720965,9.8,5.03
T04,GL-4396,2026-03-14 08:30:00,7.635965,10.720844,7.3,4.16
T04,GL-4396,2026-03-14 08:31:00,7.636771,10.720869,10.0,5.24
T04,GL-4396,2026-03-14 08:32:00,7.637641,10.720995,10.0,5.08
T04,GL-4396,2026-03-14 08:33:00,7.638434,10.72103,9.9,4.71
T04,GL-4396,2026-03-14 08:34:00,7.639231,10.721168,10.9,4.18
T04,GL-4396,2026-03-14 08:35:00,7.640035,10.721204,4.3,5.2
T04,GL-4396,2026-03-14 08:36:00,7.640792,10.721333,5.7,4.01
T04,GL-4396,2026-03-14 08:37:00,7.641562,10.721307,5.9,4.31
T04,GL-4396,2026-03-14 08:38:00,7.642345,10.72128,5.4,3.05
T04,GL-4396,2026-03-14 08:39:00,7.643104,10.721459,7.6,5.14
T04,GL-4396,2026-03-14 08:40:00,7.643963,10.721433,12.0,2.91
T04,GL-4396,2026-03-14 08:41:00,7.6447,10.721493,8.3,5.48
T04,GL-4396,2026-03-14 08:42:00,7.645488,10.721503,8.5,2.93
T04,GL-4396,2026-03-14 08:43:00,7.646376,10.721591,8.5,4.08
T04,GL-4396,2026-03-14 08:44:00,7.64717,10.721616,7.3,5.51
T04,GL-4396,2026-03-14 08:45:00,7.647968,10.721583,8.5,4.35
T04,GL-4396,2026-03-14 08:46:00,7.648781,10.721646,4.2,5.43
T04,GL-4396,2026-03-14 08:47:00,7.6495,10.721828,5.5,4.8
T04,GL-4396,2026-03-14 08:48:00,7.650304,10.721775,9.4,2.95
T04,GL-4396,2026-03-14 08:49:00,7.651192,10.721828,10.3,5.2
T04,GL-4396,2026-03-14 08:50:00,7.652031,10.721878,8.6,5.04
T04,GL-4396,2026-03-14 08:51:00,7.652712,10.721878,4.5,3.44
T04,GL-4396,2026-03-14 08:52:00,7.65354,10.721953,10.1,4.16
T04,GL-4396,2026-03-14 08:53:00,7.65434,10.721982,4.2,3.03
T04,GL-4396,2026-03-14 08:54:00,7.655073,10.722108,7.4,3.08
T04,GL-4396,2026-03-14 08:55:00,7.65581,10.722062,10.7,4.8
T04,GL-4396,2026-03-14 08:56:00,7.656688,10.722228,8.1,4.64
T04,GL-4396,2026-03-14 08:57:00,7.65752,10.722168,11.8,4.3
T04,GL-4396,2026-03-14 08:58:00,7.6584,10.722233,9.2,3.67
T04,GL-4396,2026-03-14 08:59:00,7.659103,10.722302,8.6,3.68
T04,GL-4396,2026-03-14 09:00:00,7.659871,10.722216,11.9,3.02
T04,GL-4396,2026-03-14 09:01:00,7.660694,10.722343,5.0,3.93
T04,GL-4396,2026-03-14 09:02:00,7.661541,10.722287,5.5,3.4
T04,GL-4396,2026-03-14 09:03:00,7.662322,10.72244,4.6,5.13
T04,GL-4396,2026-03-14 09:04:00,7.662995,10.722437,4.4,5.38
T04,GL-4396,2026-03-14 09:05:00,7.663901,10.722513,7.4,4.69
T04,GL-4396,2026-03-14 09:06:00,7.664752,10.722551,4.7,3.59
T04,GL-4396,2026-03-14 09:07:00,7.665443,10.72254,5.1,3.11
T04,GL-4396,2026-03-14 09:08:00,7.666262,10.722594,,4.7
T04,GL-4396,2026-03-14 09:09:00,7.667065,10.722782,9.4,3.51
T04,GL-4396,2026-03-14 09:10:00,7.667747,10.722675,5.5,5.41
T04,GL-4396,2026-03-14 09:11:00,7.668621,10.722775,8.0,3.24
T04,GL-4396,2026-03-14 09:12:00,7.669422,10.722812,8.7,5.24
T04,GL-4396,2026-03-14 09:13:00,7.670269,10.722899,,3.75
T04,GL-4396,2026-03-14 09:14:00,7.671077,10.722995,7.1,5.24
T04,GL-4396,2026-03-14 09:15:00,7.671788,10.722941,9.7,4.97
T04,GL-4396,2026-03-14 09:16:00,7.67261,10.722957,9.5,5.04
T04,GL-4396,2026-03-14 09:17:00,7.673324,10.723135,9.2,3.59
T04,GL-4396,2026-03-14 09:18:00,7.67424,10.723122,6.9,4.13
T04,GL-4396,2026-03-14 09:19:00,7.674906,10.723163,7.5,4.92
T04,GL-4396,2026-03-14 09:20:00,7.675774,10.723287,5.7,2.92
T04,GL-4396,2026-03-14 09:21:00,7.676662,10.72326,10.1,3.51
T04,GL-4396,2026-03-14 09:22:00,7.677428,10.723277,11.3,4.08
T04,GL-4396,2026-03-14 09:23:00,7.678128,10.723367,9.3,3.72
T04,GL-4396,2026-03-14 09:24:00,7.679113,10.723291,5.6,2.99
T04,GL-4396,2026-03-14 09:25:00,7.679788,10.723421,6.3,4.62
T04,GL-4396,2026-03-14 09:26:00,7.680604,10.723539,9.3,5.33
T04,GL-4396,2026-03-14 09:27:00,7.681375,10.723504,8.7,4.76
T04,GL-4396,2026-03-14 09:28:00,7.68222,10.723577,,4.34
T04,GL-4396,2026-03-14 09:29:00,7.682979,10.723649,10.4,3.7
T04,GL-4396,2026-03-14 09:30:00,7.68384,10.723676,10.7,4.4
T04,GL-4396,2026-03-14 09:31:00,7.684425,10.723726,8.9,3.31
T04,GL-4396,2026-03-14 09:32:00,7.685349,10.723683,5.5,2.92
T04,GL-4396,2026-03-14 09:33:00,7.686189,10.723727,8.3,4.41
T04,GL-4396,2026-03-14 09:34:00,7.686891,10.723787,7.6,3.19
T04,GL-4396,2026-03-14 09:35:00,7.687762,10.723882,7.7,4.63
T04,GL-4396,2026-03-14 09:36:00,7.688612,10.723988,5.2,4.85
T04,GL-4396,2026-03-14 09:37:00,7.689383,10.723958,8.2,3.44
T04,GL-4396,2026-03-14 09:38:00,7.690203,10.72397,9.1,4.55
T04,GL-4396,2026-03-14 09:39:00,7.69105,10.724082,8.2,4.44
T04,GL-4396,2026-03-14 09:40:00,7.69173,10.724048,7.1,2.84
T04,GL-4396,2026-03-14 09:41:00,7.69262,10.72409,,3.24
T04,GL-4396,2026-03-14 09:42:00,7.693329,10.724183,5.8,4.75
T04,GL-4396,2026-03-14 09:43:00,7.694152,10.724216,6.6,2.86
T04,GL-4396,2026-03-14 09:44:00,7.694935,10.724179,4.0,4.7
T04,GL-4396,2026-03-14 09:45:00,7.695597,10.724273,8.9,4.53
T04,GL-4396,2026-03-14 09:46:00,7.696473,10.724318,11.7,3.73
T04,GL-4396,2026-03-14 09:47:00,7.697325,10.7244,11.4,2.91
T04,GL-4396,2026-03-14 09:48:00,7.697992,10.724445,8.0,4.69
T04,GL-4396,2026-03-14 09:49:00,7.698823,10.724486,,2.99
T04,GL-4396,2026-03-14 09:50:00,7.699653,10.724588,11.9,4.49
T04,GL-4396,2026-03-14 09:51:00,7.700589,10.724515,6.8,4.34
T04,GL-4396,2026-03-14 09:52:00,7.701215,10.724511,9.9,3.16
T04,GL-4396,2026-03-14 09:53:00,7.702039,10.724625,4.0,4.6
T04,GL-4396,2026-03-14 09:54:00,7.702822,10.724671,4.8,4.64
T04,GL-4396,2026-03-14 09:55:00,7.703627,10.724922,8.3,3.96
T04,GL-4396,2026-03-14 09:56:00,7.704487,10.724755,11.8,2.92
T04,GL-4396,2026-03-14 09:57:00,7.705358,10.72478,11.1,4.8
T04,GL-4396,2026-03-14 09:58:00,7.706037,10.72493,5.0,3.75
T04,GL-4396,2026-03-14 09:59:00,7.706751,10.724978,5.0,4.31
T04,GL-4396,2026-03-14 10:00:00,7.707626,10.724872,8.6,4.65
T04,GL-4396,2026-03-14 10:01:00,7.708389,10.724973,4.3,3.03
T04,GL-4396,2026-03-14 10:02:00,7.709208,10.724991,9.7,4.0
T04,GL-4396,2026-03-14 10:03:00,7.710074,10.72508,11.5,4.86
T04,GL-4396,2026-03-14 10:04:00,7.7107,10.725164,11.8,3.56
T04,GL-4396,2026-03-14 10:05:00,7.711644,10.72502,10.6,3.81
T04,GL-4396,2026-03-14 10:06:00,7.712408,10.725218,6.2,5.12
T04,GL-4396,2026-03-14 10:07:00,7.713134,10.725398,11.9,3.47
T04,GL-4396,2026-03-14 10:08:00,7.714002,10.725279,11.9,3.32
T04,GL-4396,2026-03-14 10:09:00,7.714849,10.725393,5.6,4.64
T04,GL-4396,2026-03-14 10:10:00,7.715515,10.725408,5.2,3.35
T04,GL-4396,2026-03-14 10:11:00,7.716407,10.725484,5.2,5.06
T04,GL-4396,2026-03-14 10:12:00,7.717114,10.725566,,4.0
T04,GL-4396,2026-03-14 10:13:00,7.717979,10.72551,10.0,5.05
T04,GL-4396,2026-03-14 10:14:00,7.718794,10.725578,11.9,3.95
T04,GL-4396,2026-03-14 10:15:00,7.719645,10.725497,8.3,3.31
T04,GL-4396,2026-03-14 10:16:00,7.720381,10.72555,4.5,3.76
T04,GL-4396,2026-03-14 10:17:00,7.721207,10.725672,8.9,3.33
T04,GL-4396,2026-03-14 10:18:00,7.722055,10.725692,7.6,2.99
T04,GL-4396,2026-03-14 10:19:00,7.72276,10.725697,7.8,4.7
T04,GL-4396,2026-03-14 10:20:00,7.723657,10.725944,7.5,3.22
T04,GL-4396,2026-03-14 10:21:00,7.724435,10.72587,7.2,4.46
T04,GL-4396,2026-03-14 10:22:00,7.725161,10.72598,,2.8
T04,GL-4396,2026-03-14 10:23:00,7.725895,10.725975,10.9,5.07
T04,GL-4396,2026-03-14 10:24:00,7.726735,10.726121,8.0,3.73
T04,GL-4396,2026-03-14 10:25:00,7.727504,10.726006,5.6,3.12
T04,GL-4396,2026-03-14 10:26:00,7.728331,10.726038,10.0,4.82
T04,GL-4396,2026-03-14 10:27:00,7.72896,10.726142,4.6,4.53
T04,GL-4396,2026-03-14 10:28:00,7.729933,10.726139,5.2,3.72
T04,GL-4396,2026-03-14 10:29:00,7.730737,10.726164,8.3,4.57
T04,GL-4396,2026-03-14 10:30:00,7.731494,10.726297,6.3,3.29
T04,GL-4396,2026-03-14 10:31:00,7.732297,10.726471,6.5,4.14
T04,GL-4396,2026-03-14 10:32:00,7.733031,10.726383,7.2,4.53
T04,GL-4396,2026-03-14 10:33:00,7.733919,10.726454,6.3,5.57
T04,GL-4396,2026-03-14 10:34:00,7.734748,10.726399,9.5,4.86
T04,GL-4396,2026-03-14 10:35:00,7.735482,10.726504,4.2,3.59
T04,GL-4396,2026-03-14 10:36:00,7.736311,10.726552,10.4,4.35
T04,GL-4396,2026-03-14 10:37:00,7.736922,10.726586,5.1,4.74
T04,GL-4396,2026-03-14 10:38:00,7.737922,10.726707,9.9,3.41
T04,GL-4396,2026-03-14 10:39:00,7.73862,10.726679,11.0,4.56
T04,GL-4396,2026-03-14 10:40:00,7.739487,10.726702,6.6,5.58
T04,GL-4396,2026-03-14 10:41:00,7.740332,10.726713,4.2,3.37
T04,GL-4396,2026-03-14 10:42:00,7.741125,10.72673,11.5,4.56
T04,GL-4396,2026-03-14 10:43:00,7.741792,10.726904,12.0,5.24
T04,GL-4396,2026-03-14 10:44:00,7.742605,10.72687,10.3,4.17
T04,GL-4396,2026-03-14 10:45:00,7.74341,10.726941,6.1,3.79
T04,GL-4396,2026-03-14 10:46:00,7.7442,10.727023,5.5,3.97
T04,GL-4396,2026-03-14 10:47:00,7.744985,10.727074,7.5,4.62
T04,GL-4396,2026-03-14 10:48:00,7.745867,10.727008,11.3,4.14
T04,GL-4396,2026-03-14 10:49:00,7.746579,10.727085,9.1,3.23
T04,GL-4396,2026-03-14 10:50:00,7.74738,10.727162,4.8,5.51
T04,GL-4396,2026-03-14 10:51:00,7.74826,10.727243,4.9,5.44
T04,GL-4396,2026-03-14 10:52:00,7.749011,10.727235,9.7,3.41
T04,GL-4396,2026-03-14 10:53:00,7.749825,10.727381,6.4,4.02
T04,GL-4396,2026-03-14 10:54:00,7.750701,10.727414,11.0,2.99
T04,GL-4396,2026-03-14 10:55:00,7.751337,10.727334,5.2,4.04
T04,GL-4396,2026-03-14 10:56:00,7.752231,10.727373,7.8,3.59
T04,GL-4396,2026-03-14 10:57:00,7.753084,10.727504,8.8,3.73
T04,GL-4396,2026-03-14 10:58:00,7.753678,10.727577,11.6,5.46
T04,GL-4396,2026-03-14 10:59:00,7.75458,10.727548,5.8,3.41
T04,GL-4396,2026-03-14 11:00:00,7.755331,10.72767,7.2,4.41
T04,GL-4396,2026-03-14 11:01:00,7.756157,10.72762,7.3,5.3
T04,GL-4396,2026-03-14 11:02:00,7.757013,10.72769,4.0,5.13
T04,GL-4396,2026-03-14 11:03:00,7.757798,10.727822,7.3,4.96
T04,GL-4396,2026-03-14 11:04:00,7.758555,10.72761,10.0,5.11
T04,GL-4396,2026-03-14 11:05:00,7.759215,10.727895,6.1,4.51
T04,GL-4396,2026-03-14 11:06:00,7.760209,10.727973,5.8,3.4
T04,GL-4396,2026-03-14 11:07:00,7.760988,10.727919,6.3,3.51
T04,GL-4396,2026-03-14 11:08:00,7.761716,10.727992,11.3,3.77
T04,GL-4396,2026-03-14 11:09:00,7.762583,10.728051,8.5,4.5
T04,GL-4396,2026-03-14 11:10:00,7.763301,10.728041,6.1,5.31
T04,GL-4396,2026-03-14 11:11:00,7.764097,10.728128,5.3,4.01
T04,GL-4396,2026-03-14 11:12:00,7.765009,10.728183,10.6,5.32
T04,GL-4396,2026-03-14 11:13:00,7.765813,10.728178,7.6,3.48
T04,GL-4396,2026-03-14 11:14:00,7.766572,10.728263,8.2,4.39
T04,GL-4396,2026-03-14 11:15:00,7.767411,10.728253,5.8,3.26
T04,GL-4396,2026-03-14 11:16:00,7.768156,10.728358,6.3,5.49
T04,GL-4396,2026-03-14 11:17:00,7.584206,10.728228,12.0,274.38
T04,GL-4396,2026-03-14 11:18:00,7.769799,10.728328,12.0,4.08
T04,GL-4396,2026-03-14 11:19:00,7.77047,10.728443,8.8,3.19
T04,GL-4396,2026-03-14 11:20:00,7.771277,10.728548,10.3,5.44
T04,GL-4396,2026-03-14 11:21:00,7.772199,10.728631,9.2,3.75
T04,GL-4396,2026-03-14 11:22:00,7.77296,10.728612,8.2,3.75
T04,GL-4396,2026-03-14 11:23:00,7.773653,10.728677,7.9,4.29
T04,GL-4396,2026-03-14 11:24:00,7.774431,10.728777,5.0,3.72
T04,GL-4396,2026-03-14 11:25:00,7.775242,10.728762,11.8,4.39
T04,GL-4396,2026-03-14 11:26:00,7.776084,10.728729,10.2,3.61
T04,GL-4396,2026-03-14 11:27:00,7.776917,10.728829,8.5,2.85
T04,GL-4396,2026-03-14 11:28:00,7.777634,10.72881,8.8,4.18
T04,GL-4396,2026-03-14 11:29:00,7.778466,10.728905,4.6,4.78
T04,GL-4396,2026-03-14 11:30:00,7.779227,10.728863,8.5,5.2
T04,GL-4396,2026-03-14 11:31:00,7.37725,10.729029,4.7,151.54
T04,GL-4396,2026-03-14 11:32:00,7.780876,10.72907,7.5,5.53
T04,GL-4396,2026-03-14 11:33:00,7.781732,10.728923,11.1,3.44
T04,GL-4396,2026-03-14 11:34:00,7.782499,10.729092,9.8,4.99
T04,GL-4396,2026-03-14 11:35:00,7.78321,10.729212,4.7,5.24
T04,GL-4396,2026-03-14 11:36:00,7.784037,10.729194,7.1,5.58
T04,GL-4396,2026-03-14 11:37:00,7.784961,10.72922,8.0,4.64
T04,GL-4396,2026-03-14 11:38:00,7.785639,10.729305,6.3,4.93
T04,GL-4396,2026-03-14 11:39:00,7.786445,10.729352,8.2,3.9
T04,GL-4396,2026-03-14 11:40:00,7.78729,10.729295,8.7,3.92
T04,GL-4396,2026-03-14 11:41:00,7.788067,10.729392,5.5,3.31
T04,GL-4396,2026-03-14 11:42:00,7.788859,10.729513,7.6,5.41
T04,GL-4396,2026-03-14 11:43:00,7.789708,10.729592,5.4,3.48
T04,GL-4396,2026-03-14 11:44:00,7.790391,10.729534,4.9,5.52
T04,GL-4396,2026-03-14 11:45:00,7.791094,10.729623,4.9,3.89
T04,GL-4396,2026-03-14 11:46:00,7.792049,10.729787,6.6,3.43
T04,GL-4396,2026-03-14 11:47:00,7.792806,10.729767,8.9,3.87
T04,GL-4396,2026-03-14 11:48:00,7.79356,10.729825,8.4,4.72
T04,GL-4396,2026-03-14 11:49:00,7.794367,10.729818,10.4,4.36
T04,GL-4396,2026-03-14 11:50:00,7.795186,10.729919,10.6,4.68
T04,GL-4396,2026-03-14 11:51:00,7.796005,10.729837,6.9,4.3
T04,GL-4396,2026-03-14 11:52:00,7.796788,10.72994,8.2,3.15
T04,GL-4396,2026-03-14 11:53:00,7.7976,10.730054,11.4,4.54
T04,GL-4396,2026-03-14 11:54:00,7.798372,10.730055,7.4,3.86
T04,GL-4396,2026-03-14 11:55:00,7.799175,10.730073,4.7,4.17
T04,GL-4396,2026-03-14 11:56:00,7.799929,10.730092,8.2,4.54
T04,GL-4396,2026-03-14 11:57:00,7.800768,10.73012,11.2,3.54
T04,GL-4396,2026-03-14 11:58:00,7.801595,10.730226,9.1,3.34
T04,GL-4396,2026-03-14 11:59:00,7.802353,10.730363,5.8,3.98
T04,GL-4396,2026-03-14 12:00:00,7.803164,10.730273,8.4,3.55
T04,GL-4396,2026-03-14 12:01:00,7.803962,10.730405,4.7,4.17
T04,GL-4396,2026-03-14 12:02:00,7.804748,10.730378,4.8,5.05
T04,GL-4396,2026-03-14 12:03:00,7.805512,10.730436,6.1,5.02
T04,GL-4396,2026-03-14 12:04:00,7.806326,10.730437,6.8,3.02
T04,GL-4396,2026-03-14 12:05:00,7.807131,10.730571,8.1,3.59
T04,GL-4396,2026-03-14 12:06:00,7.807908,10.730612,11.9,4.38
T04,GL-4396,2026-03-14 12:07:00,7.808768,10.730565,8.6,3.78
T04,GL-4396,2026-03-14 12:08:00,7.809522,10.730571,4.0,5.4
T04,GL-4396,2026-03-14 12:09:00,7.810402,10.730639,10.7,4.04
T04,GL-4396,2026-03-14 12:10:00,7.811043,10.730795,10.2,3.66
T04,GL-4396,2026-03-14 12:11:00,7.811822,10.730766,5.4,3.73
T04,GL-4396,2026-03-14 12:12:00,7.812822,10.730808,10.4,3.65
T04,GL-4396,2026-03-14 12:13:00,7.813568,10.730918,8.5,4.71
T04,GL-4396,2026-03-14 12:14:00,7.814352,10.731048,5.2,3.12
T04,GL-4396,2026-03-14 12:15:00,7.815062,10.730983,10.2,3.18
T04,GL-4396,2026-03-14 12:16:00,7.81591,10.730965,7.3,5.32
T04,GL-4396,2026-03-14 12:17:00,7.816669,10.731064,8.7,4.69
T04,GL-4396,2026-03-14 12:18:00,7.817625,10.73104,6.5,4.22
T04,GL-4396,2026-03-14 12:19:00,7.818229,10.731135,4.4,3.56
T04,GL-4396,2026-03-14 12:20:00,7.819113,10.731132,,5.23
T04,GL-4396,2026-03-14 12:21:00,7.819834,10.731216,4.6,3.11
T04,GL-4396,2026-03-14 12:22:00,7.82054,10.731259,6.9,4.83
T04,GL-4396,2026-03-14 12:23:00,7.821399,10.731338,6.5,3.26
T04,GL-4396,2026-03-14 12:24:00,7.822312,10.731441,,5.07
T04,GL-4396,2026-03-14 12:25:00,7.823041,10.731303,4.2,4.28
T04,GL-4396,2026-03-14 12:26:00,7.823812,10.731469,4.3,5.4
T04,GL-4396,2026-03-14 12:27:00,7.824512,10.73143,6.8,3.13
T04,GL-4396,2026-03-14 12:28:00,7.82546,10.731551,4.7,4.02
T04,GL-4396,2026-03-14 12:29:00,7.826183,10.731558,5.5,4.39
T04,GL-4396,2026-03-14 12:30:00,7.826959,10.731448,9.6,4.43
T04,GL-4396,2026-03-14 12:31:00,7.827876,10.731706,10.0,4.57
T04,GL-4396,2026-03-14 12:32:00,7.828607,10.731744,4.6,5.0
T04,GL-4396,2026-03-14 12:33:00,7.829427,10.731811,11.2,3.98
T04,GL-4396,2026-03-14 12:34:00,7.830179,10.731761,,3.7
T04,GL-4396,2026-03-14 12:35:00,7.831061,10.731782,5.6,4.78
T04,GL-4396,2026-03-14 12:36:00,7.831748,10.731855,8.1,3.59
T04,GL-4396,2026-03-14 12:37:00,7.832634,10.732018,8.1,4.12
T04,GL-4396,2026-03-14 12:38:00,7.833346,10.731935,10.6,4.28
T04,GL-4396,2026-03-14 12:39:00,7.834167,10.73202,10.7,4.34
T04,GL-4396,2026-03-14 12:40:00,7.835117,10.732115,9.7,4.39
T04,GL-4396,2026-03-14 12:41:00,7.835799,10.732135,5.6,3.62
T04,GL-4396,2026-03-14 12:42:00,7.836545,10.732142,7.8,4.22
T04,GL-4396,2026-03-14 12:43:00,7.837334,10.732254,6.4,4.07
T04,GL-4396,2026-03-14 12:44:00,7.838186,10.732119,11.3,4.74
T04,GL-4396,2026-03-14 12:45:00,7.83897,10.732202,8.1,5.46
T04,GL-4396,2026-03-14 12:46:00,7.839608,10.732349,8.4,4.87
T04,GL-4396,2026-03-14 12:47:00,7.840473,10.73232,9.5,4.95
T04,GL-4396,2026-03-14 12:48:00,7.841365,10.732371,4.2,4.73
T04,GL-4396,2026-03-14 12:49:00,7.842114,10.732276,11.3,4.29
T04,GL-4396,2026-03-14 12:50:00,7.842975,10.732516,7.2,5.19
T04,GL-4396,2026-03-14 12:51:00,7.843748,10.732483,12.0,4.57
T04,GL-4396,2026-03-14 12:52:00,7.844545,10.732611,11.4,5.17
T04,GL-4396,2026-03-14 12:53:00,7.845355,10.732555,4.7,4.48
T04,GL-4396,2026-03-14 12:54:00,7.846145,10.732613,4.2,4.12
T04,GL-4396,2026-03-14 12:55:00,7.846927,10.732642,11.2,3.05
T04,GL-4396,2026-03-14 12:56:00,7.847653,10.732732,7.9,3.71
T04,GL-4396,2026-03-14 12:57:00,7.84859,10.732704,6.6,5.24
T04,GL-4396,2026-03-14 12:58:00,7.849297,10.732831,6.6,3.36
T04,GL-4396,2026-03-14 12:59:00,7.850113,10.732857,,3.83
T04,GL-4396,2026-03-14 13:00:00,7.850942,10.732974,8.1,4.1
T04,GL-4396,2026-03-14 13:01:00,7.851623,10.733012,7.9,3.37
T04,GL-4396,2026-03-14 13:02:00,7.852495,10.733018,8.8,5.42
T04,GL-4396,2026-03-14 13:03:00,7.853351,10.733051,10.1,3.87
T04,GL-4396,2026-03-14 13:04:00,7.368195,10.733235,8.5,265.3
T04,GL-4396,2026-03-14 13:05:00,7.854863,10.733108,10.5,4.31
T04,GL-4396,2026-03-14 13:06:00,7.855617,10.733169,6.8,3.97
T04,GL-4396,2026-03-14 13:07:00,7.856488,10.733206,11.5,3.43
T04,GL-4396,2026-03-14 13:08:00,7.857279,10.733346,8.8,3.9
T04,GL-4396,2026-03-14 13:09:00,7.858061,10.733381,6.4,3.37
T04,GL-4396,2026-03-14 13:10:00,7.858817,10.733364,7.1,4.94
T04,GL-4396,2026-03-14 13:11:00,7.859669,10.733399,11.0,5.23
T04,GL-4396,2026-03-14 13:12:00,7.860459,10.733426,10.4,4.01
T04,GL-4396,2026-03-14 13:13:00,7.861242,10.733575,10.5,4.4
T04,GL-4396,2026-03-14 13:14:00,7.862048,10.733612,6.2,4.98
T04,GL-4396,2026-03-14 13:15:00,7.86284,10.733707,10.3,4.7
T04,GL-4396,2026-03-14 13:16:00,7.863584,10.733781,,5.37
T04,GL-4396,2026-03-14 13:17:00,7.864468,10.733694,5.0,4.88
T04,GL-4396,2026-03-14 13:18:00,7.865253,10.733767,8.9,5.35
T04,GL-4396,2026-03-14 13:19:00,7.866059,10.733767,10.0,3.45
T04,GL-4396,2026-03-14 13:20:00,7.866727,10.733855,6.6,4.25
T04,GL-4396,2026-03-14 13:21:00,7.867645,10.733857,8.5,4.91
T04,GL-4396,2026-03-14 13:22:00,7.868353,10.733904,5.5,5.39
T04,GL-4396,2026-03-14 13:23:00,7.86916,10.734043,7.9,5.3
T04,GL-4396,2026-03-14 13:24:00,7.869975,10.734034,10.4,5.37
T04,GL-4396,2026-03-14 13:25:00,7.870721,10.733955,7.2,3.35
T04,GL-4396,2026-03-14 13:26:00,7.871612,10.734114,11.8,3.31
T04,GL-4396,2026-03-14 13:27:00,7.872468,10.734126,11.0,3.64
T04,GL-4396,2026-03-14 13:28:00,7.873242,10.734299,9.3,4.37
T04,GL-4396,2026-03-14 13:29:00,7.873837,10.734165,11.8,4.7
T04,GL-4396,2026-03-14 13:30:00,7.874777,10.734242,10.4,5.56
T04,GL-4396,2026-03-14 13:31:00,7.875626,10.734226,8.9,2.9
T04,GL-4396,2026-03-14 13:32:00,7.87643,10.734332,10.3,4.37
T04,GL-4396,2026-03-14 13:33:00,7.87711,10.734431,11.2,5.53
T04,GL-4396,2026-03-14 13:34:00,7.87794,10.734429,7.9,5.11
T04,GL-4396,2026-03-14 13:35:00,7.878691,10.734488,4.4,3.76
T04,GL-4396,2026-03-14 13:36:00,7.879541,10.734509,11.1,3.53
T04,GL-4396,2026-03-14 13:37:00,7.880506,10.73458,11.7,5.0
T04,GL-4396,2026-03-14 13:38:00,7.881232,10.734661,5.4,2.8
T04,GL-4396,2026-03-14 13:39:00,7.881976,10.73454,7.1,3.96
T04,GL-4396,2026-03-14 13:40:00,7.882779,10.734658,7.4,4.93
T04,GL-4396,2026-03-14 13:41:00,7.883585,10.734801,5.5,3.45
T04,GL-4396,2026-03-14 13:42:00,7.88443,10.734806,4.4,3.06
T04,GL-4396,2026-03-14 13:43:00,7.885252,10.734946,8.4,4.75
T04,GL-4396,2026-03-14 13:44:00,7.885945,10.734908,11.2,3.26
T04,GL-4396,2026-03-14 13:45:00,7.886649,10.734933,9.1,5.2
T04,GL-4396,2026-03-14 13:46:00,7.887558,10.735081,10.9,3.1
T04,GL-4396,2026-03-14 13:47:00,7.888418,10.735133,10.4,5.17
T04,GL-4396,2026-03-14 13:48:00,7.889129,10.735203,4.8,4.47
T04,GL-4396,2026-03-14 13:49:00,7.889945,10.735152,4.2,5.36
T04,GL-4396,2026-03-14 13:50:00,7.890591,10.735154,8.0,3.47
T04,GL-4396,2026-03-14 13:51:00,7.891583,10.735178,10.7,4.86
T04,GL-4396,2026-03-14 13:52:00,7.892236,10.735212,7.8,3.78
T04,GL-4396,2026-03-14 13:53:00,7.893062,10.735321,10.0,4.72
T04,GL-4396,2026-03-14 13:54:00,7.893882,10.735353,10.9,5.07
T04,GL-4396,2026-03-14 13:55:00,7.894641,10.73541,11.5,3.58
T04,GL-4396,2026-03-14 13:56:00,7.895451,10.735353,5.7,4.13
T04,GL-4396,2026-03-14 13:57:00,7.896319,10.735486,5.2,4.41
T04,GL-4396,2026-03-14 13:58:00,7.89705,10.735638,5.6,3.26
T04,GL-4396,2026-03-14 13:59:00,7.897861,10.73551,5.1,3.28
T04,GL-4396,2026-03-14 14:00:00,7.898646,10.735618,4.9,3.37
T04,GL-4396,2026-03-14 14:01:00,7.899463,10.735668,9.4,5.25
T04,GL-4396,2026-03-14 14:02:00,7.90025,10.735733,6.3,3.43
T04,GL-4396,2026-03-14 14:03:00,7.901014,10.73588,8.3,3.3
T04,GL-4396,2026-03-14 14:04:00,7.901814,10.735712,4.4,3.14
T04,GL-4396,2026-03-14 14:05:00,7.902624,10.735932,4.2,4.44
T04,GL-4396,2026-03-14 14:06:00,7.903387,10.735868,8.5,4.85
T04,GL-4396,2026-03-14 14:07:00,7.904244,10.736011,4.4,3.22
T04,GL-4396,2026-03-14 14:08:00,7.904962,10.736024,8.7,2.84
T04,GL-4396,2026-03-14 14:09:00,7.905784,10.735951,4.2,3.79
T04,GL-4396,2026-03-14 14:10:00,7.90655,10.73606,9.5,2.91
T04,GL-4396,2026-03-14 14:11:00,7.907468,10.736157,4.6,3.87
T04,GL-4396,2026-03-14 14:12:00,7.908144,10.736099,,4.7
T04,GL-4396,2026-03-14 14:13:00,7.908975,10.736194,10.6,4.61
T04,GL-4396,2026-03-14 14:14:00,7.909801,10.736206,9.8,4.41
T04,GL-4396,2026-03-14 14:15:00,7.910577,10.736312,4.6,4.14
T04,GL-4396,2026-03-14 14:16:00,7.911467,10.736376,,3.71
T04,GL-4396,2026-03-14 14:17:00,7.912244,10.736368,10.2,5.15
T04,GL-4396,2026-03-14 14:18:00,7.913001,10.73643,5.5,4.43
T04,GL-4396,2026-03-14 14:19:00,7.913657,10.736375,9.3,3.32
T04,GL-4396,2026-03-14 14:20:00,7.914583,10.736569,9.2,3.08
T04,GL-4396,2026-03-14 14:21:00,7.915363,10.736489,10.7,3.32
T04,GL-4396,2026-03-14 14:22:00,7.916275,10.736556,5.8,4.81
T04,GL-4396,2026-03-14 14:23:00,7.9169,10.736576,6.2,4.55
T04,GL-4396,2026-03-14 14:24:00,7.917703,10.736776,8.4,5.02
T04,GL-4396,2026-03-14 14:25:00,7.918524,10.736718,8.7,4.18
T04,GL-4396,2026-03-14 14:26:00,7.919309,10.736775,7.7,2.92
T04,GL-4396,2026-03-14 14:27:00,7.920159,10.736747,8.4,4.42
T04,GL-4396,2026-03-14 14:28:00,7.920889,10.736764,5.9,5.29
T04,GL-4396,2026-03-14 14:29:00,7.921745,10.736759,6.0,4.78
T04,GL-4396,2026-03-14 14:30:00,7.922401,10.736995,9.0,4.58
T04,GL-4396,2026-03-14 14:31:00,7.923326,10.736979,10.1,4.06
T04,GL-4396,2026-03-14 14:32:00,7.924099,10.736995,8.4,4.78
T04,GL-4396,2026-03-14 14:33:00,7.924819,10.737074,9.0,4.01
T04,GL-4396,2026-03-14 14:34:00,7.925716,10.737154,5.5,5.21
T04,GL-4396,2026-03-14 14:35:00,7.926478,10.737293,7.4,3.07
T04,GL-4396,2026-03-14 14:36:00,7.927174,10.737118,7.0,5.33
T04,GL-4396,2026-03-14 14:37:00,7.928061,10.737206,8.2,3.81
T04,GL-4396,2026-03-14 14:38:00,7.928911,10.737308,9.6,4.18
T04,GL-4396,2026-03-14 14:39:00,7.929705,10.737326,11.8,3.75
T04,GL-4396,2026-03-14 14:40:00,7.93045,10.737413,9.6,3.8
T04,GL-4396,2026-03-14 14:41:00,7.931337,10.737423,6.5,4.83
T04,GL-4396,2026-03-14 14:42:00,7.932051,10.737485,9.1,4.69
T04,GL-4396,2026-03-14 14:43:00,7.93294,10.737559,10.4,5.17
T04,GL-4396,2026-03-14 14:44:00,7.933718,10.737624,6.6,5.6
T04,GL-4396,2026-03-14 14:45:00,7.934461,10.737658,5.0,2.97
T04,GL-4396,2026-03-14 14:46:00,7.935217,10.737637,11.9,4.14
T04,GL-4396,2026-03-14 14:47:00,7.936127,10.737744,10.1,4.68
T04,GL-4396,2026-03-14 14:48:00,7.936792,10.737701,8.3,5.35
T04,GL-4396,2026-03-14 14:49:00,7.937637,10.737849,6.9,3.26
T04,GL-4396,2026-03-14 14:50:00,7.938399,10.73786,,3.44
T04,GL-4396,2026-03-14 14:51:00,7.939308,10.737968,4.1,4.94
T04,GL-4396,2026-03-14 14:52:00,7.94002,10.737882,10.5,4.76
T04,GL-4396,2026-03-14 14:53:00,7.940732,10.737976,8.6,3.61
T04,GL-4396,2026-03-14 14:54:00,7.941639,10.738074,5.5,4.94
T04,GL-4396,2026-03-14 14:55:00,7.942481,10.738148,,4.39
T04,GL-4396,2026-03-14 14:56:00,7.943146,10.738081,,4.75
T04,GL-4396,2026-03-14 14:57:00,7.94401,10.73819,5.6,3.9
T04,GL-4396,2026-03-14 14:58:00,7.94483,10.738134,5.4,2.88
T04,GL-4396,2026-03-14 14:59:00,7.945713,10.738174,8.5,3.14
T04,GL-4396,2026-03-14 15:00:00,7.946565,10.738316,7.9,5.06
T04,GL-4396,2026-03-14 15:01:00,7.947176,10.738315,10.7,3.47
T04,GL-4396,2026-03-14 15:02:00,7.947882,10.738305,4.7,4.07
T04,GL-4396,2026-03-14 15:03:00,7.948749,10.738394,11.6,5.18
T04,GL-4396,2026-03-14 15:04:00,7.94961,10.738479,11.3,4.77
T04,GL-4396,2026-03-14 15:05:00,7.950345,10.738477,11.8,3.15
T04,GL-4396,2026-03-14 15:06:00,7.951262,10.738556,10.5,2.91
T04,GL-4396,2026-03-14 15:07:00,7.951947,10.738438,9.9,3.71
T04,GL-4396,2026-03-14 15:08:00,7.952692,10.738615,11.1,4.12
T04,GL-4396,2026-03-14 15:09:00,7.953591,10.738634,8.7,3.05
T04,GL-4396,2026-03-14 15:10:00,7.9544,10.738647,10.6,3.07
T04,GL-4396,2026-03-14 15:11:00,7.955296,10.738652,4.7,2.84
T04,GL-4396,2026-03-14 15:12:00,7.95589,10.738859,6.3,4.31
T04,GL-4396,2026-03-14 15:13:00,7.956776,10.738826,5.5,4.43
T04,GL-4396,2026-03-14 15:14:00,7.957432,10.738831,7.2,5.47
T04,GL-4396,2026-03-14 15:15:00,7.958372,10.738992,10.6,3.03
T04,GL-4396,2026-03-14 15:16:00,7.959248,10.73902,7.1,5.15
T04,GL-4396,2026-03-14 15:17:00,7.959931,10.739013,9.3,3.37
T04,GL-4396,2026-03-14 15:18:00,7.960738,10.738951,8.1,3.78
T04,GL-4396,2026-03-14 15:19:00,7.961467,10.739127,6.2,3.91
T04,GL-4396,2026-03-14 15:20:00,7.962309,10.739112,6.2,4.97
T04,GL-4396,2026-03-14 15:21:00,7.963281,10.739234,6.0,3.89
T04,GL-4396,2026-03-14 15:22:00,7.96396,10.739256,,2.84
T04,GL-4396,2026-03-14 15:23:00,7.964634,10.739209,8.8,4.91
T04,GL-4396,2026-03-14 15:24:00,7.965553,10.739257,,4.5
T04,GL-4396,2026-03-14 15:25:00,7.966253,10.739444,8.6,2.95
T04,GL-4396,2026-03-14 15:26:00,7.967098,10.739492,4.0,4.63
T04,GL-4396,2026-03-14 15:27:00,7.967799,10.739551,10.9,4.91
T04,GL-4396,2026-03-14 15:28:00,7.968605,10.739652,5.2,4.39
T04,GL-4396,2026-03-14 15:29:00,7.969443,10.739577,10.7,3.63
T04,GL-4396,2026-03-14 15:30:00,7.970338,10.739554,4.6,3.08
T04,GL-4396,2026-03-14 15:31:00,7.971159,10.739657,11.4,3.41
T04,GL-4396,2026-03-14 15:32:00,7.971904,10.739626,6.8,3.29
T04,GL-4396,2026-03-14 15:33:00,7.972617,10.739715,7.2,4.54
T04,GL-4396,2026-03-14 15:34:00,7.97341,10.739756,7.9,4.4
T04,GL-4396,2026-03-14 15:35:00,7.974282,10.739861,11.5,4.19
T04,GL-4396,2026-03-14 15:36:00,7.975078,10.739943,5.5,4.0
T04,GL-4396,2026-03-14 15:37:00,7.975929,10.73992,9.6,3.01
T04,GL-4396,2026-03-14 15:38:00,7.976627,10.740002,10.2,5.27
T04,GL-4396,2026-03-14 15:39:00,7.97741,10.739999,11.2,3.4
T04,GL-4396,2026-03-14 15:40:00,7.978211,10.740101,4.1,5.51
T04,GL-4396,2026-03-14 15:41:00,7.979038,10.74015,9.3,4.53
T04,GL-4396,2026-03-14 15:42:00,7.979864,10.740203,6.4,3.09
T04,GL-4396,2026-03-14 15:43:00,7.980547,10.740183,4.2,2.88
T04,GL-4396,2026-03-14 15:44:00,7.981317,10.740232,8.9,5.48
T04,GL-4396,2026-03-14 15:45:00,7.982232,10.740278,4.2,5.05
T04,GL-4396,2026-03-14 15:46:00,7.982991,10.740454,,4.69
T04,GL-4396,2026-03-14 15:47:00,7.983787,10.740385,4.3,4.13
T04,GL-4396,2026-03-14 15:48:00,7.9846,10.74047,7.5,2.95
T04,GL-4396,2026-03-14 15:49:00,7.985496,10.740512,9.1,3.28
T04,GL-4396,2026-03-14 15:50:00,7.986144,10.74053,6.9,4.0
T04,GL-4396,2026-03-14 15:51:00,7.986945,10.740535,11.5,5.22
T04,GL-4396,2026-03-14 15:52:00,7.987786,10.740494,10.6,5.19
T04,GL-4396,2026-03-14 15:53:00,7.988666,10.740731,8.7,3.95
T04,GL-4396,2026-03-14 15:54:00,7.989358,10.740747,,2.85
T04,GL-4396,2026-03-14 15:55:00,7.990141,10.740632,9.9,3.42
T04,GL-4396,2026-03-14 15:56:00,7.991009,10.740672,5.2,5.33
T04,GL-4396,2026-03-14 15:57:00,7.991842,10.740834,4.5,5.18
T04,GL-4396,2026-03-14 15:58:00,7.992458,10.740844,7.9,4.79
T04,GL-4396,2026-03-14 15:59:00,7.993331,10.740913,8.4,4.43
T04,GL-4396,2026-03-14 16:00:00,7.994153,10.740874,8.0,3.41
T04,GL-4396,2026-03-14 16:01:00,7.994914,10.740963,6.8,3.71
T04,GL-4396,2026-03-14 16:02:00,7.995717,10.741092,11.1,5.22
T04,GL-4396,2026-03-14 16:03:00,7.996565,10.741125,9.0,5.44
T04,GL-4396,2026-03-14 16:04:00,7.997396,10.741088,10.6,3.75
T04,GL-4396,2026-03-14 16:05:00,7.998132,10.741166,8.5,3.79
T04,GL-4396,2026-03-14 16:06:00,7.998944,10.741096,9.8,5.55
T04,GL-4396,2026-03-14 16:07:00,7.999673,10.741282,4.3,5.38
T04,GL-4396,2026-03-14 16:08:00,8.000559,10.741366,4.5,5.42
T04,GL-4396,2026-03-14 16:09:00,8.00133,10.741377,9.4,4.29
T04,GL-4396,2026-03-14 16:10:00,8.002101,10.741336,4.6,4.69
T04,GL-4396,2026-03-14 16:11:00,8.002982,10.741418,7.4,2.89
T04,GL-4396,2026-03-14 16:12:00,8.003664,10.741475,10.0,3.48
T04,GL-4396,2026-03-14 16:13:00,8.004543,10.741508,5.9,4.66
T04,GL-4396,2026-03-14 16:14:00,8.005305,10.741411,8.8,4.96
T04,GL-4396,2026-03-14 16:15:00,8.006104,10.741539,4.8,3.94
T04,GL-4396,2026-03-14 16:16:00,8.006866,10.741663,9.2,4.22
T04,GL-4396,2026-03-14 16:17:00,8.007637,10.741668,7.2,5.34
T04,GL-4396,2026-03-14 16:18:00,8.008499,10.741793,11.3,3.89
T04,GL-4396,2026-03-14 16:19:00,8.009402,10.741734,5.4,5.1
T04,GL-4396,2026-03-14 16:20:00,8.010103,10.741859,10.4,4.16
T04,GL-4396,2026-03-14 16:21:00,8.011093,10.741895,10.9,4.09
T04,GL-4396,2026-03-14 16:22:00,8.011738,10.741939,6.3,3.55
T04,GL-4396,2026-03-14 16:23:00,8.012443,10.741923,4.9,4.72
T04,GL-4396,2026-03-14 16:24:00,8.013354,10.742065,6.7,4.54
T04,GL-4396,2026-03-14 16:25:00,8.014111,10.741995,10.8,4.59
T04,GL-4396,2026-03-14 16:26:00,8.014838,10.74219,5.4,3.68
T04,GL-4396,2026-03-14 16:27:00,8.015692,10.742036,7.7,5.35
T04,GL-4396,2026-03-14 16:28:00,8.016444,10.742222,10.9,2.97
T04,GL-4396,2026-03-14 16:29:00,8.017374,10.742269,9.3,3.53
T04,GL-4396,2026-03-14 16:30:00,8.01804,10.742238,9.6,3.25
T04,GL-4396,2026-03-14 16:31:00,8.018871,10.742295,8.5,4.11
T04,GL-4396,2026-03-14 16:32:00,8.019611,10.742395,10.1,3.71
T04,GL-4396,2026-03-14 16:33:00,8.020484,10.742462,5.9,3.46
T04,GL-4396,2026-03-14 16:34:00,8.021321,10.742327,4.9,4.69
T04,GL-4396,2026-03-14 16:35:00,8.022117,10.742455,10.7,2.86
T04,GL-4396,2026-03-14 16:36:00,8.022889,10.742441,4.7,3.56
T04,GL-4396,2026-03-14 16:37:00,8.023637,10.742615,9.7,4.36
T04,GL-4396,2026-03-14 16:38:00,8.024457,10.742595,9.1,3.16
T04,GL-4396,2026-03-14 16:39:00,8.025249,10.742642,9.1,4.07
T04,GL-4396,2026-03-14 16:40:00,8.026068,10.74261,,4.67
T04,GL-4396,2026-03-14 16:41:00,8.026724,10.742804,5.4,4.03
T04,GL-4396,2026-03-14 16:42:00,8.027557,10.742798,11.5,3.64
T04,GL-4396,2026-03-14 16:43:00,8.028326,10.7428,6.2,5.31
T04,GL-4396,2026-03-14 16:44:00,8.029196,10.742888,6.5,4.51
T04,GL-4396,2026-03-14 16:45:00,8.029951,10.742987,6.1,5.09
T04,GL-4396,2026-03-14 16:46:00,8.030721,10.742919,6.9,2.93
T04,GL-4396,2026-03-14 16:47:00,8.031528,10.742869,4.4,3.22
T04,GL-4396,2026-03-14 16:48:00,8.032464,10.743209,10.4,2.84
T04,GL-4396,2026-03-14 16:49:00,8.033171,10.743081,11.4,3.45
T04,GL-4396,2026-03-14 16:50:00,8.033909,10.743116,5.7,4.73
T04,GL-4396,2026-03-14 16:51:00,8.034775,10.743161,9.8,5.34
T04,GL-4396,2026-03-14 16:52:00,8.035611,10.743191,7.8,2.94
T04,GL-4396,2026-03-14 16:53:00,8.036304,10.74339,7.7,5.35
T04,GL-4396,2026-03-14 16:54:00,8.037265,10.743358,11.9,3.03
T04,GL-4396,2026-03-14 16:55:00,8.038015,10.74332,11.8,3.36
T04,GL-4396,2026-03-14 16:56:00,8.038658,10.743415,11.2,3.79
T04,GL-4396,2026-03-14 16:57:00,8.039496,10.743388,8.7,5.19
T04,GL-4396,2026-03-14 16:58:00,8.040377,10.743559,11.7,5.37
T04,GL-4396,2026-03-14 16:59:00,8.041027,10.743492,10.4,4.91
T04,GL-4396,2026-03-14 17:00:00,8.042009,10.743641,6.1,4.9
T04,GL-4396,2026-03-14 17:01:00,8.042714,10.743491,8.6,3.59
T04,GL-4396,2026-03-14 17:02:00,8.043535,10.743623,4.1,5.03
T04,GL-4396,2026-03-14 17:03:00,8.044331,10.743749,6.9,4.2
T04,GL-4396,2026-03-14 17:04:00,8.045038,10.74381,11.4,3.2
T04,GL-4396,2026-03-14 17:05:00,8.045817,10.743797,6.2,2.97
T04,GL-4396,2026-03-14 17:06:00,8.046735,10.743963,4.5,5.42
T04,GL-4396,2026-03-14 17:07:00,8.047518,10.743832,9.6,5.47
T04,GL-4396,2026-03-14 17:08:00,8.04834,10.743911,11.9,5.46
T04,GL-4396,2026-03-14 17:09:00,8.04908,10.74397,9.6,3.01
T04,GL-4396,2026-03-14 17:10:00,8.049951,10.744074,11.7,4.63
T04,GL-4396,2026-03-14 17:11:00,8.050647,10.744177,10.6,4.99
T04,GL-4396,2026-03-14 17:12:00,8.05152,10.744176,7.9,4.96
T04,GL-4396,2026-03-14 17:13:00,8.052199,10.74421,4.0,4.19
T04,GL-4396,2026-03-14 17:14:00,8.053016,10.744327,9.0,3.32
T04,GL-4396,2026-03-14 17:15:00,8.053822,10.744346,6.1,4.54
T04,GL-4396,2026-03-14 17:16:00,8.05467,10.74426,10.3,4.37
T04,GL-4396,2026-03-14 17:17:00,8.055439,10.744346,4.0,4.02
T04,GL-4396,2026-03-14 17:18:00,8.05623,10.744312,10.4,4.25
T04,GL-4396,2026-03-14 17:19:00,8.056901,10.744426,10.2,4.89
T04,GL-4396,2026-03-14 17:20:00,8.057783,10.744548,8.2,4.68
T04,GL-4396,2026-03-14 17:21:00,8.058692,10.744548,8.0,4.2
T04,GL-4396,2026-03-14 17:22:00,8.059369,10.744575,5.5,4.26
T04,GL-4396,2026-03-14 17:23:00,8.060186,10.744716,11.8,2.9
T04,GL-4396,2026-03-14 17:24:00,8.060984,10.744672,9.0,3.85
T04,GL-4396,2026-03-14 17:25:00,8.061863,10.744755,5.6,3.78
T04,GL-4396,2026-03-14 17:26:00,8.062543,10.744767,5.2,5.13
T04,GL-4396,2026-03-14 17:27:00,8.063463,10.744771,6.3,3.96
T04,GL-4396,2026-03-14 17:28:00,8.064175,10.744937,4.8,5.16
T04,GL-4396,2026-03-14 17:29:00,8.065024,10.744857,9.7,5.2
T04,GL-4396,2026-03-14 17:30:00,8.065702,10.744954,8.6,3.95
T04,GL-4396,2026-03-14 17:31:00,8.066615,10.744988,4.6,3.77
T04,GL-4396,2026-03-14 17:32:00,8.067431,10.745019,11.1,5.14
T04,GL-4396,2026-03-14 17:33:00,8.068158,10.745081,10.6,4.44
T04,GL-4396,2026-03-14 17:34:00,8.068999,10.745037,7.8,3.25
T04,GL-4396,2026-03-14 17:35:00,8.069807,10.745206,6.7,5.3
T04,GL-4396,2026-03-14 17:36:00,8.070635,10.74516,6.7,2.89
T04,GL-4396,2026-03-14 17:37:00,8.071393,10.745364,8.7,5.35
T04,GL-4396,2026-03-14 17:38:00,8.072245,10.745335,8.6,3.47
T04,GL-4396,2026-03-14 17:39:00,8.072955,10.745398,10.7,4.36
T04,GL-4396,2026-03-14 17:40:00,8.073674,10.745317,5.1,2.88
T04,GL-4396,2026-03-14 17:41:00,8.074588,10.745414,9.7,3.45
T04,GL-4396,2026-03-14 17:42:00,8.075298,10.745322,6.5,3.07
T04,GL-4396,2026-03-14 17:43:00,8.076061,10.745528,8.0,4.15
T04,GL-4396,2026-03-14 17:44:00,8.07707,10.74557,4.1,3.13
T04,GL-4396,2026-03-14 17:45:00,8.077775,10.745561,6.5,3.39
T04,GL-4396,2026-03-14 17:46:00,8.078494,10.745637,9.4,2.99
T04,GL-4396,2026-03-14 17:47:00,8.079426,10.745709,5.1,4.29
T04,GL-4396,2026-03-14 17:48:00,8.080117,10.745702,9.5,3.35
T04,GL-4396,2026-03-14 17:49:00,8.08087,10.745665,4.6,2.87
T04,GL-4396,2026-03-14 17:50:00,8.08167,10.745911,4.9,3.06
T04,GL-4396,2026-03-14 17:51:00,8.082483,10.7459,9.4,3.32
T04,GL-4396,2026-03-14 17:52:00,8.083322,10.745807,10.3,2.91
T04,GL-4396,2026-03-14 17:53:00,8.084014,10.745998,10.1,2.81
T04,GL-4396,2026-03-14 17:54:00,8.084986,10.745984,11.3,5.26
T04,GL-4396,2026-03-14 17:55:00,8.085713,10.746088,10.1,5.47
T04,GL-4396,2026-03-14 17:56:00,8.086427,10.746006,10.9,4.38
T04,GL-4396,2026-03-14 17:57:00,8.087253,10.746196,9.2,2.86
T04,GL-4396,2026-03-14 17:58:00,8.088121,10.746268,8.5,4.75
T04,GL-4396,2026-03-14 17:59:00,8.088971,10.746219,5.2,4.97
T04,GL-4396,2026-03-14 18:00:00,8.089698,10.746254,5.2,4.07
T04,GL-4396,2026-03-14 18:01:00,8.090421,10.746355,6.5,5.45
T04,GL-4396,2026-03-14 18:02:00,8.091295,10.746379,7.8,3.34
T04,GL-4396,2026-03-14 18:03:00,8.092019,10.746501,9.4,3.0
T04,GL-4396,2026-03-14 18:04:00,8.092895,10.746485,8.8,3.82
T04,GL-4396,2026-03-14 18:05:00,8.093651,10.746452,6.1,3.91
T04,GL-4396,2026-03-14 18:06:00,8.094451,10.746584,11.4,5.45
T04,GL-4396,2026-03-14 18:07:00,8.095212,10.746556,8.9,4.03
T04,GL-4396,2026-03-14 18:08:00,8.096102,10.746615,4.1,3.43
T04,GL-4396,2026-03-14 18:09:00,8.096816,10.746718,7.7,4.02
T04,GL-4396,2026-03-14 18:10:00,8.097599,10.746654,8.6,4.96
T04,GL-4396,2026-03-14 18:11:00,8.098524,10.746696,7.6,4.93
T04,GL-4396,2026-03-14 18:12:00,8.099283,10.746727,9.2,4.0
T04,GL-4396,2026-03-14 18:13:00,8.100117,10.746862,7.0,3.72
T04,GL-4396,2026-03-14 18:14:00,8.10083,10.746908,10.3,3.22
T04,GL-4396,2026-03-14 18:15:00,8.101519,10.746935,10.0,5.13
T04,GL-4396,2026-03-14 18:16:00,8.102448,10.746963,7.1,4.53
T04,GL-4396,2026-03-14 18:17:00,8.103164,10.747021,5.8,4.85
T04,GL-4396,2026-03-14 18:18:00,8.104001,10.747072,6.8,4.23
T04,GL-4396,2026-03-14 18:19:00,8.104719,10.747132,5.5,2.83
T04,GL-4396,2026-03-14 18:20:00,8.1056,10.747192,6.0,2.85
T04,GL-4396,2026-03-14 18:21:00,8.106445,10.747158,10.0,4.99
T04,GL-4396,2026-03-14 18:22:00,8.107154,10.74725,7.4,3.85
T04,GL-4396,2026-03-14 18:23:00,8.107959,10.747376,10.3,3.62
T04,GL-4396,2026-03-14 18:24:00,8.108007,10.747348,,0.09
T04,GL-4396,2026-03-14 18:25:00,8.107989,10.747129,,0.15
T04,GL-4396,2026-03-14 18:26:00,8.108038,10.747312,8.8,0.1
T04,GL-4396,2026-03-14 18:27:00,8.10781,10.747292,5.8,0.77
T04,GL-4396,2026-03-14 18:28:00,8.107952,10.747327,9.9,0.66
T04,GL-4396,2026-03-14 18:29:00,8.108083,10.747386,9.5,0.86
T04,GL-4396,2026-03-14 18:30:00,8.108012,10.747121,5.7,0.19
T04,GL-4396,2026-03-14 18:31:00,8.107973,10.747445,5.7,0.44
T04,GL-4396,2026-03-14 18:32:00,8.108017,10.747316,11.9,0.71
T04,GL-4396,2026-03-14 18:33:00,8.107979,10.747359,10.6,0.46
T04,GL-4396,2026-03-14 18:34:00,8.10802,10.747344,6.5,0.15
T04,GL-4396,2026-03-14 18:35:00,8.107946,10.747313,5.7,0.17
T04,GL-4396,2026-03-14 18:36:00,8.107946,10.747155,11.8,0.07
T04,GL-4396,2026-03-14 18:37:00,8.107994,10.747301,7.5,0.61
T04,GL-4396,2026-03-14 18:38:00,8.10802,10.747301,10.8,0.72
T04,GL-4396,2026-03-14 18:39:00,8.108054,10.74722,6.4,0.51
T04,GL-4396,2026-03-14 18:40:00,8.10803,10.747342,5.2,0.04
T04,GL-4396,2026-03-14 18:41:00,8.108097,10.747309,4.5,0.39
T04,GL-4396,2026-03-14 18:42:00,8.108054,10.747286,7.6,0.86
T04,GL-4396,2026-03-14 18:43:00,8.107909,10.747202,7.0,0.1
T04,GL-4396,2026-03-14 18:44:00,8.107856,10.747329,8.3,0.85
T04,GL-4396,2026-03-14 18:45:00,8.10797,10.747342,8.9,0.17
T04,GL-4396,2026-03-14 18:46:00,8.108159,10.747336,7.8,0.48
T04,GL-4396,2026-03-14 18:47:00,8.107945,10.747297,6.1,0.79
T04,GL-4396,2026-03-14 18:48:00,8.10798,10.74739,4.5,0.14
T04,GL-4396,2026-03-14 18:49:00,8.107994,10.747321,9.6,0.54
T04,GL-4396,2026-03-14 18:50:00,8.10803,10.747251,4.8,0.09
T04,GL-4396,2026-03-14 18:51:00,8.107975,10.747307,4.1,0.76
T04,GL-4396,2026-03-14 18:52:00,8.108035,10.747278,6.6,0.56
T04,GL-4396,2026-03-14 18:53:00,8.107992,10.747216,11.5,0.59
T04,GL-4396,2026-03-14 18:54:00,8.10849,10.747561,7.1,2.88
T04,GL-4396,2026-03-14 18:55:00,8.109041,10.747984,8.3,4.19
T04,GL-4396,2026-03-14 18:56:00,8.109585,10.748344,4.6,5.47
T04,GL-4396,2026-03-14 18:57:00,8.110021,10.748648,4.8,4.2
T04,GL-4396,2026-03-14 18:58:00,8.110587,10.749048,7.8,2.99
T04,GL-4396,2026-03-14 18:59:00,8.110915,10.74922,8.9,3.63
T04,GL-4396,2026-03-14 19:00:00,8.111427,10.749624,9.6,5.42
T04,GL-4396,2026-03-14 19:01:00,8.111995,10.74999,7.6,3.22
T04,GL-4396,2026-03-14 19:02:00,8.112514,10.750348,9.5,4.22
T04,GL-4396,2026-03-14 19:03:00,8.113002,10.750586,6.1,5.59
T04,GL-4396,2026-03-14 19:04:00,8.113524,10.750936,4.1,3.54
T04,GL-4396,2026-03-14 19:05:00,8.114014,10.751341,8.2,5.07
T04,GL-4396,2026-03-14 19:06:00,8.114546,10.751674,9.2,4.58
T04,GL-4396,2026-03-14 19:07:00,8.115036,10.752008,7.3,5.21
T04,GL-4396,2026-03-14 19:08:00,8.115522,10.752325,6.8,3.66
T04,GL-4396,2026-03-14 19:09:00,8.115977,10.752606,6.5,4.04
T04,GL-4396,2026-03-14 19:10:00,8.116528,10.752983,11.6,3.75
T04,GL-4396,2026-03-14 19:11:00,8.116964,10.753379,5.4,3.59
T04,GL-4396,2026-03-14 19:12:00,8.117428,10.753617,6.3,3.56
T04,GL-4396,2026-03-14 19:13:00,8.117977,10.754041,8.7,2.95
T04,GL-4396,2026-03-14 19:14:00,8.118482,10.754287,10.1,3.44
T04,GL-4396,2026-03-14 19:15:00,8.119117,10.754563,11.7,5.26
T04,GL-4396,2026-03-14 19:16:00,8.119413,10.754926,6.0,4.44
T04,GL-4396,2026-03-14 19:17:00,8.119986,10.755288,10.9,5.05
T04,GL-4396,2026-03-14 19:18:00,8.120598,10.755691,9.3,3.17
T04,GL-4396,2026-03-14 19:19:00,8.120916,10.755969,9.9,4.33
T04,GL-4396,2026-03-14 19:20:00,8.121546,10.75634,4.6,5.02
T04,GL-4396,2026-03-14 19:21:00,8.122016,10.756626,10.4,5.37
T04,GL-4396,2026-03-14 19:22:00,8.122524,10.757004,6.9,5.49
T04,GL-4396,2026-03-14 19:23:00,8.122956,10.757272,6.8,3.12
T04,GL-4396,2026-03-14 19:24:00,8.123433,10.7577,4.8,4.77
T04,GL-4396,2026-03-14 19:25:00,8.124002,10.758113,11.5,3.47
T04,GL-4396,2026-03-14 19:26:00,8.124499,10.758457,8.7,3.93
T04,GL-4396,2026-03-14 19:27:00,8.12508,10.758709,6.0,5.29
T04,GL-4396,2026-03-14 19:28:00,8.12554,10.759101,11.6,4.65
T04,GL-4396,2026-03-14 19:29:00,8.126091,10.759411,4.1,3.19
T04,GL-4396,2026-03-14 19:30:00,8.126596,10.759598,5.2,3.6
T04,GL-4396,2026-03-14 19:31:00,8.127084,10.76005,9.8,2.97
T04,GL-4396,2026-03-14 19:32:00,8.127543,10.760456,4.0,4.51
T04,GL-4396,2026-03-14 19:33:00,8.128034,10.760614,9.4,5.22
T04,GL-4396,2026-03-14 19:34:00,8.128509,10.760951,7.3,5.14
T04,GL-4396,2026-03-14 19:35:00,8.129095,10.761345,10.2,5.17
T04,GL-4396,2026-03-14 19:36:00,8.129617,10.761772,11.3,3.52
T04,GL-4396,2026-03-14 19:37:00,8.130047,10.762068,5.5,2.87
T04,GL-4396,2026-03-14 19:38:00,8.130572,10.762347,10.7,4.57
T04,GL-4396,2026-03-14 19:39:00,8.131088,10.762836,11.9,4.32
T04,GL-4396,2026-03-14 19:40:00,8.131445,10.763105,4.4,5.37
T04,GL-4396,2026-03-14 19:41:00,8.131604,10.763107,5.6,0.35
T04,GL-4396,2026-03-14 19:42:00,8.131586,10.762943,10.5,0.62
T04,GL-4396,2026-03-14 19:43:00,8.131578,10.76328,9.4,0.02
T04,GL-4396,2026-03-14 19:44:00,8.131416,10.762911,10.0,0.73
T04,GL-4396,2026-03-14 19:45:00,8.131517,10.763118,11.3,0.65
T04,GL-4396,2026-03-14 19:46:00,8.131624,10.763124,8.5,0.25
T04,GL-4396,2026-03-14 19:47:00,8.131551,10.762983,11.4,0.4
T04,GL-4396,2026-03-14 19:48:00,8.131394,10.763006,9.6,0.15
T04,GL-4396,2026-03-14 19:49:00,8.131494,10.762991,7.3,0.31
T04,GL-4396,2026-03-14 19:50:00,8.131539,10.763135,6.5,0.27
T04,GL-4396,2026-03-14 19:51:00,8.131549,10.76318,9.7,0.61
T04,GL-4396,2026-03-14 19:52:00,8.131479,10.76307,,0.3
T04,GL-4396,2026-03-14 19:53:00,8.131518,10.762965,7.4,0.81
T04,GL-4396,2026-03-14 19:54:00,8.131649,10.763038,9.1,0.82
T04,GL-4396,2026-03-14 19:55:00,8.131626,10.763154,8.4,0.28
T04,GL-4396,2026-03-14 19:56:00,8.131635,10.76329,7.8,0.65
T04,GL-4396,2026-03-14 19:57:00,8.13148,10.762976,11.5,0.46
T04,GL-4396,2026-03-14 19:58:00,8.131569,10.763007,7.7,0.69
T04,GL-4396,2026-03-14 19:59:00,8.131684,10.763059,6.9,0.89
T04,GL-4396,2026-03-14 20:00:00,8.13162,10.76296,4.7,0.57
T04,GL-4396,2026-03-14 20:01:00,8.131525,10.76309,7.3,0.75
T04,GL-4396,2026-03-14 20:02:00,8.131554,10.763113,4.9,0.9
T04,GL-4396,2026-03-14 20:03:00,8.13157,10.763064,,0.57
T04,GL-4396,2026-03-14 20:04:00,8.131592,10.763123,7.5,0.15
T04,GL-4396,2026-03-14 20:05:00,8.131541,10.763037,10.1,0.3
T04,GL-4396,2026-03-14 20:06:00,8.131558,10.763046,5.6,0.32
T04,GL-4396,2026-03-14 20:07:00,8.131552,10.763057,4.3,0.04
T04,GL-4396,2026-03-14 20:08:00,8.131519,10.763051,8.5,0.37
T04,GL-4396,2026-03-14 20:09:00,8.131578,10.763071,9.9,0.18
T04,GL-4396,2026-03-14 20:10:00,8.131513,10.76306,8.7,0.29
T04,GL-4396,2026-03-14 20:11:00,8.131551,10.763051,9.3,0.09
T04,GL-4396,2026-03-14 20:12:00,8.131529,10.763083,7.9,0.04
T04,GL-4396,2026-03-14 20:13:00,8.13155,10.763068,5.4,0.34
T04,GL-4396,2026-03-14 20:14:00,8.131591,10.76308,4.4,0.18
T04,GL-4396,2026-03-14 20:15:00,8.131618,10.763058,5.6,0.04
T04,GL-4396,2026-03-14 20:16:00,8.131515,10.763033,8.8,0.3
T04,GL-4396,2026-03-14 20:17:00,8.131567,10.763046,8.6,0.15
T04,GL-4396,2026-03-14 20:18:00,8.131557,10.763043,4.5,0.37
T04,GL-4396,2026-03-14 20:19:00,8.131523,10.763063,9.2,0.07
T04,GL-4396,2026-03-14 20:20:00,8.131528,10.763017,4.1,0.05
T04,GL-4396,2026-03-14 20:21:00,8.131532,10.763071,4.8,0.16
T04,GL-4396,2026-03-14 20:22:00,8.131591,10.763072,9.7,0.33
T04,GL-4396,2026-03-14 20:23:00,8.13153,10.763089,10.9,0.28
T04,GL-4396,2026-03-14 20:24:00,8.131528,10.763074,5.9,0.07
T04,GL-4396,2026-03-14 20:25:00,8.131532,10.763067,4.7,0.02
T04,GL-4396,2026-03-14 20:26:00,8.131536,10.763042,7.0,0.08
T04,GL-4396,2026-03-14 20:27:00,8.131538,10.762977,6.0,0.17
T04,GL-4396,2026-03-14 20:28:00,8.13157,10.762995,10.2,0.12
T04,GL-4396,2026-03-14 20:29:00,8.131539,10.763089,7.8,0.31
T04,GL-4396,2026-03-14 20:30:00,8.131513,10.763093,6.5,0.28
T04,GL-4396,2026-03-14 20:31:00,8.131572,10.763013,6.7,0.28
T04,GL-4396,2026-03-14 20:32:00,8.131574,10.763079,6.1,0.35
T04,GL-4396,2026-03-14 20:33:00,8.131523,10.763044,6.1,0.22
T04,GL-4396,2026-03-14 20:34:00,8.131543,10.763029,11.1,0.35
T04,GL-4396,2026-03-14 20:35:00,8.13154,10.763042,11.7,0.31
T04,GL-4396,2026-03-14 20:36:00,8.131571,10.763052,5.3,0.04
T04,GL-4396,2026-03-14 20:37:00,8.131577,10.763072,10.8,0.07
T04,GL-4396,2026-03-14 20:38:00,8.131471,10.763118,11.2,0.33
T04,GL-4396,2026-03-14 20:39:00,8.13159,10.763028,9.6,0.25
T04,GL-4396,2026-03-14 20:40:00,8.131508,10.763045,5.4,0.07
T04,GL-4396,2026-03-14 20:41:00,8.131535,10.763112,7.3,0.37
T04,GL-4396,2026-03-14 20:42:00,8.131611,10.763039,10.7,0.1
T04,GL-4396,2026-03-14 20:43:00,8.131557,10.763039,6.0,0.28
T04,GL-4396,2026-03-14 20:44:00,8.131553,10.763038,11.1,0.06
T04,GL-4396,2026-03-14 20:45:00,8.13152,10.762984,5.1,0.16
T04,GL-4396,2026-03-14 20:46:00,8.131551,10.763031,8.8,0.23
T04,GL-4396,2026-03-14 20:47:00,8.131473,10.763088,10.6,0.1
T04,GL-4396,2026-03-14 20:48:00,8.131512,10.763112,10.2,0.14
T04,GL-4396,2026-03-14 20:49:00,8.131558,10.763093,9.3,0.14
T04,GL-4396,2026-03-14 20:50:00,8.131541,10.763036,6.7,0.19
T04,GL-4396,2026-03-14 20:51:00,8.131562,10.763075,7.0,0.31
T04,GL-4396,2026-03-14 20:52:00,8.131559,10.763081,5.9,0.28
T04,GL-4396,2026-03-14 20:53:00,8.131575,10.763054,4.1,0.06
T04,GL-4396,2026-03-14 20:54:00,8.131507,10.76304,7.6,0.31
T04,GL-4396,2026-03-14 20:55:00,8.131506,10.763047,7.0,0.39
T04,GL-4396,2026-03-14 20:56:00,8.131589,10.763116,5.1,0.03
T04,GL-4396,2026-03-14 20:57:00,8.131502,10.763075,11.0,0.22
T04,GL-4396,2026-03-14 20:58:00,8.13153,10.763023,8.2,0.34
T04,GL-4396,2026-03-14 20:59:00,8.131529,10.763045,5.7,0.31
T04,GL-4396,2026-03-14 21:00:00,8.131559,10.763055,11.2,0.02
T04,GL-4396,2026-03-14 21:01:00,8.13154,10.76305,10.6,0.32
T04,GL-4396,2026-03-14 21:02:00,8.131532,10.76305,4.8,0.08
T04,GL-4396,2026-03-14 21:03:00,8.131603,10.763071,7.2,0.12
T04,GL-4396,2026-03-14 21:04:00,8.131588,10.763094,11.7,0.02
T04,GL-4396,2026-03-14 21:05:00,8.131545,10.763011,5.9,0.38
T04,GL-4396,2026-03-14 21:06:00,8.131513,10.763054,7.5,0.02
T04,GL-4396,2026-03-14 21:07:00,8.131558,10.763048,4.0,0.24
T04,GL-4396,2026-03-14 21:08:00,8.131546,10.763071,8.5,0.18
T04,GL-4396,2026-03-14 21:09:00,8.131549,10.763035,8.2,0.39
T04,GL-4396,2026-03-14 21:10:00,8.131542,10.76309,6.9,0.06
T04,GL-4396,2026-03-14 21:11:00,8.131506,10.762985,7.5,0.16
T04,GL-4396,2026-03-14 21:12:00,8.131553,10.763026,7.1,0.29
T04,GL-4396,2026-03-14 21:13:00,8.131488,10.763031,9.6,0.38
T04,GL-4396,2026-03-14 21:14:00,8.131586,10.763052,4.5,0.28
T04,GL-4396,2026-03-14 21:15:00,8.131546,10.763107,6.0,0.18
T04,GL-4396,2026-03-14 21:16:00,8.131533,10.763018,11.9,0.32
T04,GL-4396,2026-03-14 21:17:00,8.13161,10.763048,10.8,0.38
T04,GL-4396,2026-03-14 21:18:00,8.131555,10.762998,4.3,0.18
T04,GL-4396,2026-03-14 21:19:00,8.131524,10.763047,4.4,0.08
T04,GL-4396,2026-03-14 21:20:00,8.131542,10.763079,6.0,0.21
T04,GL-4396,2026-03-14 21:21:00,8.1315,10.763029,4.0,0.38
T04,GL-4396,2026-03-14 21:22:00,8.131603,10.763061,10.2,0.25
T04,GL-4396,2026-03-14 21:23:00,8.131516,10.763063,7.2,0.29
T04,GL-4396,2026-03-14 21:24:00,8.131629,10.763055,10.8,0.31
T04,GL-4396,2026-03-14 21:25:00,8.131569,10.763047,6.1,0.3
T04,GL-4396,2026-03-14 21:26:00,8.131545,10.763067,8.2,0.33
T04,GL-4396,2026-03-14 21:27:00,8.131536,10.763048,11.7,0.12
T04,GL-4396,2026-03-14 21:28:00,8.131541,10.763043,5.9,0.05
T04,GL-4396,2026-03-14 21:29:00,8.131573,10.763085,9.2,0.02
T04,GL-4396,2026-03-14 21:30:00,8.131575,10.763105,5.6,0.24
T04,GL-4396,2026-03-14 21:31:00,8.131563,10.76305,4.4,0.35
T04,GL-4396,2026-03-14 21:32:00,8.131515,10.763023,9.7,0.4
T04,GL-4396,2026-03-14 21:33:00,8.131574,10.763039,7.8,0.24
T04,GL-4396,2026-03-14 21:34:00,8.131536,10.763106,,0.33
T04,GL-4396,2026-03-14 21:35:00,8.13151,10.763103,4.4,0.39
T04,GL-4396,2026-03-14 21:36:00,8.131518,10.76306,11.7,0.18
T04,GL-4396,2026-03-14 21:37:00,8.13153,10.763007,11.2,0.07
T04,GL-4396,2026-03-14 21:38:00,8.131541,10.763064,,0.04
T04,GL-4396,2026-03-14 21:39:00,8.131513,10.763003,9.3,0.12
T04,GL-4396,2026-03-14 21:40:00,8.13161,10.763065,11.0,0.31
T04,GL-4396,2026-03-14 21:41:00,8.131535,10.763042,5.9,0.06
T04,GL-4396,2026-03-14 21:42:00,8.131574,10.763067,6.4,0.28
T04,GL-4396,2026-03-14 21:43:00,8.131566,10.76309,10.1,0.03
T04,GL-4396,2026-03-14 21:44:00,8.131551,10.763054,7.1,0.23
T04,GL-4396,2026-03-14 21:45:00,8.131589,10.763084,5.1,0.02
T04,GL-4396,2026-03-14 21:46:00,8.131615,10.763111,9.2,0.15
T04,GL-4396,2026-03-14 21:47:00,8.131583,10.763114,5.4,0.38
T04,GL-4396,2026-03-14 21:48:00,8.131582,10.763034,7.4,0.12
T04,GL-4396,2026-03-14 21:49:00,8.131104,10.762628,9.0,3.41
T04,GL-4396,2026-03-14 21:50:00,8.131025,10.762273,7.9,2.95
T04,GL-4396,2026-03-14 21:51:00,8.130655,10.761922,9.5,4.94
T04,GL-4396,2026-03-14 21:52:00,8.130314,10.761402,10.1,3.5
T04,GL-4396,2026-03-14 21:53:00,8.130132,10.760955,9.9,3.13
T04,GL-4396,2026-03-14 21:54:00,8.129742,10.760519,6.8,2.99
T04,GL-4396,2026-03-14 21:55:00,8.129405,10.760224,9.9,4.98
T04,GL-4396,2026-03-14 21:56:00,8.129261,10.759733,9.3,4.09
T04,GL-4396,2026-03-14 21:57:00,8.128858,10.759359,8.4,3.96
T04,GL-4396,2026-03-14 21:58:00,8.128482,10.758972,6.5,3.7
T04,GL-4396,2026-03-14 21:59:00,8.128221,10.758635,5.2,2.85
T04,GL-4396,2026-03-14 22:00:00,8.127972,10.758048,11.9,3.59
T04,GL-4396,2026-03-14 22:01:00,8.12758,10.757681,6.1,5.5
T04,GL-4396,2026-03-14 22:02:00,8.127401,10.757327,6.9,5.04
T04,GL-4396,2026-03-14 22:03:00,8.127158,10.756963,10.8,4.86
T04,GL-4396,2026-03-14 22:04:00,8.126696,10.756355,11.6,4.5
T04,GL-4396,2026-03-14 22:05:00,8.126268,10.756166,7.3,5.15
T04,GL-4396,2026-03-14 22:06:00,8.126099,10.755531,7.7,5.28
T04,GL-4396,2026-03-14 22:07:00,8.125764,10.755195,,5.24
T04,GL-4396,2026-03-14 22:08:00,8.125576,10.754719,12.0,3.65
T04,GL-4396,2026-03-14 22:09:00,8.12519,10.754331,11.1,4.25
T04,GL-4396,2026-03-14 22:10:00,8.124918,10.753943,11.9,3.55
T04,GL-4396,2026-03-14 22:11:00,8.124683,10.753486,5.8,3.15
T04,GL-4396,2026-03-14 22:12:00,8.124376,10.753184,8.9,4.45
T04,GL-4396,2026-03-14 22:13:00,8.123978,10.752732,9.0,4.15
T04,GL-4396,2026-03-14 22:14:00,8.123737,10.752418,5.3,5.13
T04,GL-4396,2026-03-14 22:15:00,8.123498,10.751869,5.8,3.28
T04,GL-4396,2026-03-14 22:16:00,8.12307,10.751525,4.8,3.07
T04,GL-4396,2026-03-14 22:17:00,8.122794,10.751138,10.5,4.98
T04,GL-4396,2026-03-14 22:18:00,8.122568,10.750651,10.9,4.78
T04,GL-4396,2026-03-14 22:19:00,8.122114,10.750239,9.7,4.72
T04,GL-4396,2026-03-14 22:20:00,8.121926,10.749856,8.8,4.41
T04,GL-4396,2026-03-14 22:21:00,8.121648,10.749441,8.4,4.61
T04,GL-4396,2026-03-14 22:22:00,8.121289,10.748949,5.5,2.84
T04,GL-4396,2026-03-14 22:23:00,8.121132,10.748628,7.8,3.17
T04,GL-4396,2026-03-14 22:24:00,8.120656,10.748335,10.8,2.89
T04,GL-4396,2026-03-14 22:25:00,8.120462,10.747761,11.3,3.07
T04,GL-4396,2026-03-14 22:26:00,8.120105,10.74738,11.8,4.74
T04,GL-4396,2026-03-14 22:27:00,8.119713,10.746923,10.0,4.87
T04,GL-4396,2026-03-14 22:28:00,8.119409,10.746506,7.1,4.94
T04,GL-4396,2026-03-14 22:29:00,8.119135,10.746159,4.9,3.76
T04,GL-4396,2026-03-14 22:30:00,8.118947,10.745618,8.6,3.19
T04,GL-4396,2026-03-14 22:31:00,8.118486,10.745327,10.6,4.83
T04,GL-4396,2026-03-14 22:32:00,8.118255,10.744925,11.9,5.23
T04,GL-4396,2026-03-14 22:33:00,8.118099,10.744554,12.0,4.27
T04,GL-4396,2026-03-14 22:34:00,8.117774,10.744089,10.1,5.48
T04,GL-4396,2026-03-14 22:35:00,8.11728,10.743545,6.5,4.82
T04,GL-4396,2026-03-14 22:36:00,8.117118,10.743233,6.5,3.26
T04,GL-4396,2026-03-14 22:37:00,8.116775,10.742849,11.6,3.66
T04,GL-4396,2026-03-14 22:38:00,8.116531,10.742356,10.4,3.07
T04,GL-4396,2026-03-14 22:39:00,8.116225,10.742048,7.8,5.17
T04,GL-4396,2026-03-14 22:40:00,8.115922,10.741647,9.5,4.47
T04,GL-4396,2026-03-14 22:41:00,8.115511,10.741209,7.9,3.8
T04,GL-4396,2026-03-14 22:42:00,8.115271,10.740736,8.1,5.25
T04,GL-4396,2026-03-14 22:43:00,8.11499,10.740297,9.5,5.32
T04,GL-4396,2026-03-14 22:44:00,8.11462,10.739846,5.2,3.06
T04,GL-4396,2026-03-14 22:45:00,8.114289,10.739442,5.1,5.21
T04,GL-4396,2026-03-14 22:46:00,8.114078,10.739078,12.0,2.83
T04,GL-4396,2026-03-14 22:47:00,8.11368,10.738675,5.1,4.05
T04,GL-4396,2026-03-14 22:48:00,8.113508,10.738316,6.4,3.84
T04,GL-4396,2026-03-14 22:49:00,8.113141,10.737807,9.7,4.07
T04,GL-4396,2026-03-14 22:50:00,8.112937,10.737417,8.4,4.07
T04,GL-4396,2026-03-14 22:51:00,8.112648,10.737014,9.5,3.48
T04,GL-4396,2026-03-14 22:52:00,8.112286,10.736625,11.3,5.44
T04,GL-4396,2026-03-14 22:53:00,8.11194,10.736308,6.0,5.13
T04,GL-4396,2026-03-14 22:54:00,8.111643,10.735733,10.7,3.79
T04,GL-4396,2026-03-14 22:55:00,8.111376,10.73536,4.1,3.28
T04,GL-4396,2026-03-14 22:56:00,8.111117,10.734944,9.0,2.98
T04,GL-4396,2026-03-14 22:57:00,8.110726,10.73456,4.9,5.44
T04,GL-4396,2026-03-14 22:58:00,8.110475,10.734093,7.8,4.37
T04,GL-4396,2026-03-14 22:59:00,8.110198,10.733869,8.0,5.41
T04,GL-4396,2026-03-14 23:00:00,8.109953,10.7333,6.7,4.52
T04,GL-4396,2026-03-14 23:01:00,8.109568,10.732787,9.5,5.56
T04,GL-4396,2026-03-14 23:02:00,8.109247,10.732512,9.1,3.47
T04,GL-4396,2026-03-14 23:03:00,8.108952,10.732115,6.0,4.42
T04,GL-4396,2026-03-14 23:04:00,8.108569,10.731452,5.5,3.78
T04,GL-4396,2026-03-14 23:05:00,8.108362,10.731332,11.4,5.42
T04,GL-4396,2026-03-14 23:06:00,8.108207,10.730775,8.3,5.58
T04,GL-4396,2026-03-14 23:07:00,8.107603,10.730572,5.6,5.53
T04,GL-4396,2026-03-14 23:08:00,8.107562,10.730016,10.8,3.03
T04,GL-4396,2026-03-14 23:09:00,8.107159,10.729583,7.8,5.42
T04,GL-4396,2026-03-14 23:10:00,8.106958,10.729268,8.6,4.27
T04,GL-4396,2026-03-14 23:11:00,8.106546,10.728853,9.1,5.18
T04,GL-4396,2026-03-14 23:12:00,8.106237,10.728375,9.5,5.2
T04,GL-4396,2026-03-14 23:13:00,8.105954,10.727929,4.5,5.34
T04,GL-4396,2026-03-14 23:14:00,8.105608,10.727477,10.9,5.09
T04,GL-4396,2026-03-14 23:15:00,8.105344,10.727106,5.4,5.16
T04,GL-4396,2026-03-14 23:16:00,8.105054,10.726691,8.3,4.43
T04,GL-4396,2026-03-14 23:17:00,8.104748,10.726269,5.7,3.6
T04,GL-4396,2026-03-14 23:18:00,8.104511,10.725821,7.1,4.51
T04,GL-4396,2026-03-14 23:19:00,8.104186,10.725407,11.3,5.07
T04,GL-4396,2026-03-14 23:20:00,8.103866,10.72503,8.3,4.19
T04,GL-4396,2026-03-14 23:21:00,8.103563,10.724551,4.3,4.05
T04,GL-4396,2026-03-14 23:22:00,8.103249,10.724191,9.2,4.2
T04,GL-4396,2026-03-14 23:23:00,8.102905,10.723761,4.9,4.77
T04,GL-4396,2026-03-14 23:24:00,8.102678,10.723428,6.2,5.58
T04,GL-4396,2026-03-14 23:25:00,8.102278,10.723008,10.8,3.61
T04,GL-4396,2026-03-14 23:26:00,8.102109,10.722554,10.4,3.83
T04,GL-4396,2026-03-14 23:27:00,8.101746,10.722188,6.1,5.4
T04,GL-4396,2026-03-14 23:28:00,8.101391,10.721701,9.8,4.35
T04,GL-4396,2026-03-14 23:29:00,8.101105,10.721294,10.3,3.69
T04,GL-4396,2026-03-14 23:30:00,8.100822,10.720857,5.4,3.34
T04,GL-4396,2026-03-14 23:31:00,8.100555,10.720449,8.8,3.71
T04,GL-4396,2026-03-14 23:32:00,8.100388,10.720034,5.4,2.81
T04,GL-4396,2026-03-14 23:33:00,8.099909,10.719696,11.7,3.83
T04,GL-4396,2026-03-14 23:34:00,8.099721,10.719226,6.2,4.25
T04,GL-4396,2026-03-14 23:35:00,8.099365,10.718897,5.5,5.16
T04,GL-4396,2026-03-14 23:36:00,8.098887,10.71834,4.7,2.85
T04,GL-4396,2026-03-14 23:37:00,8.098772,10.718047,4.7,3.57
T04,GL-4396,2026-03-14 23:38:00,8.098362,10.717655,4.3,5.56
T04,GL-4396,2026-03-14 23:39:00,8.098085,10.71727,7.8,3.33
T04,GL-4396,2026-03-14 23:40:00,8.097908,10.716871,4.9,4.37
T04,GL-4396,2026-03-14 23:41:00,8.097506,10.716392,4.6,4.61
T04,GL-4396,2026-03-14 23:42:00,8.097269,10.715898,6.1,4.0
T04,GL-4396,2026-03-14 23:43:00,8.096913,10.715438,5.9,2.83
T04,GL-4396,2026-03-14 23:44:00,8.096629,10.715231,9.9,2.98
T04,GL-4396,2026-03-14 23:45:00,8.096314,10.714725,7.3,5.22
T04,GL-4396,2026-03-14 23:46:00,8.09605,10.714314,8.3,4.9
T04,GL-4396,2026-03-14 23:47:00,8.095666,10.7139,4.7,3.99
T04,GL-4396,2026-03-14 23:48:00,8.095582,10.713538,5.0,2.97
T04,GL-4396,2026-03-14 23:49:00,8.095098,10.712992,11.9,4.93
T04,GL-4396,2026-03-14 23:50:00,8.094713,10.712693,10.1,4.28
T04,GL-4396,2026-03-14 23:51:00,8.094543,10.712342,6.2,4.74
T04,GL-4396,2026-03-14 23:52:00,8.094361,10.711806,7.2,4.91
T04,GL-4396,2026-03-14 23:53:00,8.093966,10.711553,,4.44
T04,GL-4396,2026-03-14 23:54:00,8.093653,10.711095,9.3,4.27
T04,GL-4396,2026-03-14 23:55:00,8.093222,10.710588,4.7,3.99
T04,GL-4396,2026-03-14 23:56:00,8.093049,10.71013,7.3,3.28
T04,GL-4396,2026-03-14 23:57:00,8.092672,10.709782,8.0,4.09
T04,GL-4396,2026-03-14 23:58:00,8.092405,10.709364,6.4,4.56
T04,GL-4396,2026-03-14 23:59:00,8.092222,10.708985,9.1,4.52
T04,GL-4396,2026-03-15 00:00:00,8.091835,10.708494,9.0,3.25
T04,GL-4396,2026-03-15 00:01:00,8.091549,10.70804,4.1,4.01
T04,GL-4396,2026-03-15 00:02:00,8.091266,10.707614,8.4,4.2
T04,GL-4396,2026-03-15 00:03:00,8.090842,10.707417,10.1,3.71
T04,GL-4396,2026-03-15 00:04:00,8.090498,10.706842,8.7,2.96
T04,GL-4396,2026-03-15 00:05:00,8.090327,10.706521,5.7,3.68
T04,GL-4396,2026-03-15 00:06:00,8.090096,10.706052,8.0,4.77
T04,GL-4396,2026-03-15 00:07:00,8.08967,10.705576,10.6,4.6
T04,GL-4396,2026-03-15 00:08:00,8.089461,10.705164,10.3,5.07
T04,GL-4396,2026-03-15 00:09:00,8.089114,10.704786,9.4,4.34
T04,GL-4396,2026-03-15 00:10:00,8.088789,10.704215,5.5,5.45
T04,GL-4396,2026-03-15 00:11:00,8.088512,10.703933,10.2,3.73
T04,GL-4396,2026-03-15 00:12:00,8.088052,10.703604,8.8,3.07
T04,GL-4396,2026-03-15 00:13:00,8.088012,10.703254,10.0,4.89
T04,GL-4396,2026-03-15 00:14:00,8.08761,10.702699,7.0,5.48
T04,GL-4396,2026-03-15 00:15:00,8.087294,10.702369,9.2,3.1
T04,GL-4396,2026-03-15 00:16:00,8.087059,10.701872,4.1,5.57
T04,GL-4396,2026-03-15 00:17:00,8.086747,10.701538,11.1,4.05
T04,GL-4396,2026-03-15 00:18:00,8.086492,10.701138,9.6,4.66
T04,GL-4396,2026-03-15 00:19:00,8.086086,10.70056,8.2,3.01
T04,GL-4396,2026-03-15 00:20:00,8.085746,10.7002,10.1,4.94
T04,GL-4396,2026-03-15 00:21:00,8.085406,10.699777,4.5,4.7
T04,GL-4396,2026-03-15 00:22:00,8.085324,10.699305,4.2,5.48
T04,GL-4396,2026-03-15 00:23:00,8.084938,10.698908,6.5,3.82
T04,GL-4396,2026-03-15 00:24:00,8.084688,10.698599,5.2,3.68
T04,GL-4396,2026-03-15 00:25:00,8.084304,10.698058,9.7,2.8
T04,GL-4396,2026-03-15 00:26:00,8.083998,10.697816,10.2,5.11
T04,GL-4396,2026-03-15 00:27:00,8.083677,10.697233,5.6,3.14
T04,GL-4396,2026-03-15 00:28:00,8.083308,10.696912,4.9,3.42
T04,GL-4396,2026-03-15 00:29:00,8.083553,10.696891,5.0,0.29
T04,GL-4396,2026-03-15 00:30:00,8.083498,10.696959,8.2,0.48
T04,GL-4396,2026-03-15 00:31:00,8.083407,10.697009,6.2,0.56
T04,GL-4396,2026-03-15 00:32:00,8.083346,10.696877,10.3,0.17
T04,GL-4396,2026-03-15 00:33:00,8.083358,10.696943,11.5,0.67
T04,GL-4396,2026-03-15 00:34:00,8.083368,10.697114,8.4,0.35
T04,GL-4396,2026-03-15 00:35:00,8.083324,10.696888,11.8,0.31
T04,GL-4396,2026-03-15 00:36:00,8.08339,10.697043,4.4,0.42
T04,GL-4396,2026-03-15 00:37:00,8.083385,10.696857,4.8,0.61
T04,GL-4396,2026-03-15 00:38:00,8.083395,10.69693,7.4,0.04
T04,GL-4396,2026-03-15 00:39:00,8.083437,10.696886,8.6,0.7
T04,GL-4396,2026-03-15 00:40:00,8.083467,10.696954,10.6,0.09
T04,GL-4396,2026-03-15 00:41:00,8.083215,10.697045,7.3,0.22
T04,GL-4396,2026-03-15 00:42:00,8.083422,10.697011,9.6,0.81
T04,GL-4396,2026-03-15 00:43:00,8.083412,10.697143,9.5,0.24
T04,GL-4396,2026-03-15 00:44:00,8.083299,10.696846,10.8,0.58
T04,GL-4396,2026-03-15 00:45:00,8.083441,10.696874,4.6,0.2
T04,GL-4396,2026-03-15 00:46:00,8.08338,10.696967,7.6,0.89
T04,GL-4396,2026-03-15 00:47:00,8.083343,10.696929,8.6,0.31
T04,GL-4396,2026-03-15 00:48:00,8.08341,10.697125,5.5,0.87
T04,GL-4396,2026-03-15 00:49:00,8.083365,10.696913,4.1,0.54
T04,GL-4396,2026-03-15 00:50:00,8.083286,10.696789,7.9,0.29
T04,GL-4396,2026-03-15 00:51:00,8.083417,10.696928,,0.89
T04,GL-4396,2026-03-15 00:52:00,8.082856,10.696779,11.2,3.67
T04,GL-4396,2026-03-15 00:53:00,8.082152,10.696892,6.7,3.1
T04,GL-4396,2026-03-15 00:54:00,8.081585,10.696962,8.2,4.22
T04,GL-4396,2026-03-15 00:55:00,8.080971,10.69696,11.4,5.27
T04,GL-4396,2026-03-15 00:56:00,8.080465,10.696979,10.5,5.05
T04,GL-4396,2026-03-15 00:57:00,8.079688,10.69703,7.6,2.98
T04,GL-4396,2026-03-15 00:58:00,8.079128,10.697051,4.5,5.53
T04,GL-4396,2026-03-15 00:59:00,8.078581,10.696947,5.4,4.88
T04,GL-4396,2026-03-15 01:00:00,8.077943,10.696937,11.9,3.08
T04,GL-4396,2026-03-15 01:01:00,8.077382,10.696951,4.5,2.99
T04,GL-4396,2026-03-15 01:02:00,8.076785,10.696908,9.1,3.47
T04,GL-4396,2026-03-15 01:03:00,8.07608,10.69696,8.8,4.19
T04,GL-4396,2026-03-15 01:04:00,8.075496,10.69696,7.1,4.16
T04,GL-4396,2026-03-15 01:05:00,8.074977,10.697086,5.4,3.62
T04,GL-4396,2026-03-15 01:06:00,8.074308,10.696966,8.6,3.45
T04,GL-4396,2026-03-15 01:07:00,8.073724,10.696972,6.9,3.58
T04,GL-4396,2026-03-15 01:08:00,8.073041,10.697074,9.2,3.24
T04,GL-4396,2026-03-15 01:09:00,8.072534,10.697049,5.6,3.89
T04,GL-4396,2026-03-15 01:10:00,8.071941,10.696955,11.6,3.44
T04,GL-4396,2026-03-15 01:11:00,8.071262,10.696959,11.6,3.1
T04,GL-4396,2026-03-15 01:12:00,8.070564,10.697237,7.5,3.34
T04,GL-4396,2026-03-15 01:13:00,8.070166,10.697088,8.4,3.04
T04,GL-4396,2026-03-15 01:14:00,8.069441,10.69715,9.8,5.4
T04,GL-4396,2026-03-15 01:15:00,8.068861,10.697134,10.7,3.91
T04,GL-4396,2026-03-15 01:16:00,8.068213,10.697055,6.4,4.14
T04,GL-4396,2026-03-15 01:17:00,8.067679,10.697086,9.2,4.33
T04,GL-4396,2026-03-15 01:18:00,8.067099,10.696962,11.8,4.5
T04,GL-4396,2026-03-15 01:19:00,8.066449,10.697033,11.9,3.65
T04,GL-4396,2026-03-15 01:20:00,8.065851,10.697134,10.1,3.2
T04,GL-4396,2026-03-15 01:21:00,8.065219,10.697051,8.7,5.11
T04,GL-4396,2026-03-15 01:22:00,8.064672,10.697098,10.7,5.03
T04,GL-4396,2026-03-15 01:23:00,8.064059,10.69706,8.7,3.47
T04,GL-4396,2026-03-15 01:24:00,8.06348,10.696958,9.7,4.46
T04,GL-4396,2026-03-15 01:25:00,8.062862,10.69715,9.0,4.8
T04,GL-4396,2026-03-15 01:26:00,8.062228,10.697098,11.5,3.49
T04,GL-4396,2026-03-15 01:27:00,8.061584,10.696997,6.3,4.39
T04,GL-4396,2026-03-15 01:28:00,8.061088,10.697144,,5.3
T04,GL-4396,2026-03-15 01:29:00,8.060431,10.697108,7.7,3.83
T04,GL-4396,2026-03-15 01:30:00,8.059764,10.697112,8.0,5.02
T04,GL-4396,2026-03-15 01:31:00,8.059191,10.697089,9.4,4.13
T04,GL-4396,2026-03-15 01:32:00,8.058724,10.697077,5.8,2.8
T04,GL-4396,2026-03-15 01:33:00,8.058025,10.697164,11.0,3.03
T04,GL-4396,2026-03-15 01:34:00,8.057348,10.697128,5.9,4.38
T04,GL-4396,2026-03-15 01:35:00,8.056795,10.697186,7.1,3.35
T04,GL-4396,2026-03-15 01:36:00,8.056176,10.697153,7.7,4.59
T04,GL-4396,2026-03-15 01:37:00,8.055604,10.697271,9.3,4.74
T04,GL-4396,2026-03-15 01:38:00,8.055027,10.697268,6.1,5.27
T04,GL-4396,2026-03-15 01:39:00,8.054338,10.69708,8.7,4.13
T04,GL-4396,2026-03-15 01:40:00,8.053778,10.697116,4.5,3.75
T04,GL-4396,2026-03-15 01:41:00,8.053157,10.69709,5.5,3.75
T04,GL-4396,2026-03-15 01:42:00,8.052561,10.697193,7.7,3.54
T04,GL-4396,2026-03-15 01:43:00,8.051887,10.697214,11.8,5.37
T04,GL-4396,2026-03-15 01:44:00,8.051381,10.697122,4.7,3.16
T04,GL-4396,2026-03-15 01:45:00,8.050723,10.697108,,2.87
T04,GL-4396,2026-03-15 01:46:00,8.050192,10.697146,4.3,4.05
T04,GL-4396,2026-03-15 01:47:00,8.049662,10.69724,4.2,5.22
T04,GL-4396,2026-03-15 01:48:00,8.048962,10.697249,9.7,3.83
T04,GL-4396,2026-03-15 01:49:00,8.048328,10.697214,7.0,4.27
T04,GL-4396,2026-03-15 01:50:00,8.047577,10.697185,10.0,5.1
T04,GL-4396,2026-03-15 01:51:00,8.047162,10.697226,5.9,4.5
T04,GL-4396,2026-03-15 01:52:00,8.046499,10.697134,5.3,3.89
T04,GL-4396,2026-03-15 01:53:00,8.045958,10.697153,10.8,5.17
T04,GL-4396,2026-03-15 01:54:00,8.045347,10.69728,9.2,2.84
T04,GL-4396,2026-03-15 01:55:00,8.044828,10.697256,8.2,3.95
T04,GL-4396,2026-03-15 01:56:00,8.044118,10.697245,7.8,4.96
T04,GL-4396,2026-03-15 01:57:00,8.043411,10.697281,5.1,3.0
T04,GL-4396,2026-03-15 01:58:00,8.042951,10.697106,11.8,4.55
T04,GL-4396,2026-03-15 01:59:00,8.042316,10.697369,5.5,4.76
T04,GL-4396,2026-03-15 02:00:00,8.041669,10.697282,9.3,4.14
T04,GL-4396,2026-03-15 02:01:00,8.040974,10.697169,11.4,4.96
T04,GL-4396,2026-03-15 02:02:00,8.04057,10.697234,10.7,4.39
T04,GL-4396,2026-03-15 02:03:00,8.039891,10.697138,8.6,5.46
T04,GL-4396,2026-03-15 02:04:00,8.039256,10.697245,7.8,2.97
T04,GL-4396,2026-03-15 02:05:00,8.038655,10.697231,4.5,5.4
T04,GL-4396,2026-03-15 02:06:00,8.038018,10.697326,5.3,4.86
T04,GL-4396,2026-03-15 02:07:00,8.03735,10.697229,7.0,2.83
T04,GL-4396,2026-03-15 02:08:00,8.036886,10.697252,6.4,5.51
T04,GL-4396,2026-03-15 02:09:00,8.036189,10.697268,8.6,4.48
T04,GL-4396,2026-03-15 02:10:00,8.035663,10.697318,6.2,5.55
T04,GL-4396,2026-03-15 02:11:00,8.035135,10.697243,8.8,5.18
T04,GL-4396,2026-03-15 02:12:00,8.034481,10.697337,7.9,3.35
T04,GL-4396,2026-03-15 02:13:00,8.033816,10.697274,8.4,3.02
T04,GL-4396,2026-03-15 02:14:00,8.033165,10.697304,11.7,5.05
T04,GL-4396,2026-03-15 02:15:00,8.032499,10.697288,8.7,4.23
T04,GL-4396,2026-03-15 02:16:00,8.032048,10.69734,4.8,3.99
T04,GL-4396,2026-03-15 02:17:00,8.031338,10.697401,9.2,5.44
T04,GL-4396,2026-03-15 02:18:00,8.030843,10.697467,8.9,3.42
T04,GL-4396,2026-03-15 02:19:00,8.030128,10.697352,10.2,5.28
T04,GL-4396,2026-03-15 02:20:00,8.029612,10.69736,8.8,3.79
T04,GL-4396,2026-03-15 02:21:00,8.029072,10.697414,10.9,3.55
T04,GL-4396,2026-03-15 02:22:00,8.028357,10.69739,6.3,4.02
T04,GL-4396,2026-03-15 02:23:00,8.027749,10.697441,5.6,3.24
T04,GL-4396,2026-03-15 02:24:00,8.027123,10.697329,10.0,4.5
T04,GL-4396,2026-03-15 02:25:00,8.026615,10.697279,4.2,4.87
T04,GL-4396,2026-03-15 02:26:00,8.025894,10.697399,10.9,3.53
T04,GL-4396,2026-03-15 02:27:00,8.02532,10.697434,4.6,3.43
T04,GL-4396,2026-03-15 02:28:00,8.024791,10.69744,10.1,4.22
T04,GL-4396,2026-03-15 02:29:00,8.024152,10.697494,5.4,4.36
T04,GL-4396,2026-03-15 02:30:00,8.023533,10.697393,5.8,3.88
T04,GL-4396,2026-03-15 02:31:00,8.022925,10.697471,11.7,5.14
T04,GL-4396,2026-03-15 02:32:00,8.022324,10.697418,9.4,2.92
T04,GL-4396,2026-03-15 02:33:00,8.021735,10.697336,5.6,3.89
T04,GL-4396,2026-03-15 02:34:00,8.021126,10.697444,11.4,3.09
T04,GL-4396,2026-03-15 02:35:00,8.020584,10.697347,7.3,4.79
T04,GL-4396,2026-03-15 02:36:00,8.019824,10.69744,11.9,3.48
T04,GL-4396,2026-03-15 02:37:00,8.019298,10.697499,7.4,4.39
T04,GL-4396,2026-03-15 02:38:00,8.018745,10.69734,10.5,4.04
T04,GL-4396,2026-03-15 02:39:00,8.018131,10.697408,9.6,5.57
T04,GL-4396,2026-03-15 02:40:00,8.017342,10.697426,5.0,5.3
T04,GL-4396,2026-03-15 02:41:00,8.016997,10.697456,11.7,5.06
T04,GL-4396,2026-03-15 02:42:00,8.016167,10.697409,6.0,4.46
T04,GL-4396,2026-03-15 02:43:00,8.015667,10.697472,,4.2
T04,GL-4396,2026-03-15 02:44:00,8.015055,10.697473,6.0,4.46
T04,GL-4396,2026-03-15 02:45:00,8.014444,10.697423,8.5,3.05
T04,GL-4396,2026-03-15 02:46:00,8.013891,10.697454,4.7,4.11
T04,GL-4396,2026-03-15 02:47:00,8.013351,10.697643,4.3,3.78
T04,GL-4396,2026-03-15 02:48:00,8.012684,10.697506,6.7,5.03
T04,GL-4396,2026-03-15 02:49:00,8.012108,10.697506,4.4,4.49
T04,GL-4396,2026-03-15 02:50:00,8.011447,10.697516,5.9,4.76
T04,GL-4396,2026-03-15 02:51:00,8.010874,10.697497,11.9,4.28
T04,GL-4396,2026-03-15 02:52:00,8.010234,10.697503,7.2,5.59
T04,GL-4396,2026-03-15 02:53:00,8.009496,10.697412,7.4,5.04
T04,GL-4396,2026-03-15 02:54:00,8.009074,10.697547,4.6,4.94
T04,GL-4396,2026-03-15 02:55:00,8.008448,10.697393,8.1,3.0
T04,GL-4396,2026-03-15 02:56:00,8.007776,10.697514,6.2,4.71
T04,GL-4396,2026-03-15 02:57:00,8.007078,10.697578,7.6,4.39
T04,GL-4396,2026-03-15 02:58:00,8.006544,10.697522,9.0,3.49
T04,GL-4396,2026-03-15 02:59:00,8.006028,10.697479,4.8,5.21
T04,GL-4396,2026-03-15 03:00:00,8.005426,10.69752,9.4,3.83
T04,GL-4396,2026-03-15 03:01:00,8.00479,10.697513,11.5,4.39
T04,GL-4396,2026-03-15 03:02:00,8.004237,10.697609,9.6,2.87
T04,GL-4396,2026-03-15 03:03:00,8.00359,10.697592,10.6,3.31
T04,GL-4396,2026-03-15 03:04:00,8.002959,10.697587,4.3,4.93
T04,GL-4396,2026-03-15 03:05:00,8.002391,10.697625,6.5,3.64
T04,GL-4396,2026-03-15 03:06:00,8.001747,10.697525,5.9,5.11
T04,GL-4396,2026-03-15 03:07:00,8.001167,10.69757,8.2,3.44
T04,GL-4396,2026-03-15 03:08:00,8.000672,10.697452,7.4,3.34
T04,GL-4396,2026-03-15 03:09:00,8.000012,10.697546,11.7,3.55
T04,GL-4396,2026-03-15 03:10:00,7.999482,10.697589,10.3,5.34
T04,GL-4396,2026-03-15 03:11:00,7.998795,10.697586,5.9,4.41
T04,GL-4396,2026-03-15 03:12:00,7.99818,10.697684,7.5,5.29
T04,GL-4396,2026-03-15 03:13:00,7.997571,10.697548,9.7,3.91
T04,GL-4396,2026-03-15 03:14:00,7.996787,10.697586,7.4,2.89
T04,GL-4396,2026-03-15 03:15:00,7.996213,10.697713,11.0,4.08
T04,GL-4396,2026-03-15 03:16:00,7.995764,10.697602,10.6,3.99
T04,GL-4396,2026-03-15 03:17:00,7.995159,10.697636,4.5,3.32
T04,GL-4396,2026-03-15 03:18:00,7.994488,10.697526,4.5,2.91
T04,GL-4396,2026-03-15 03:19:00,7.993973,10.697578,4.4,5.38
T04,GL-4396,2026-03-15 03:20:00,7.993287,10.697641,8.1,5.15
T04,GL-4396,2026-03-15 03:21:00,7.992759,10.697678,9.2,3.84
T04,GL-4396,2026-03-15 03:22:00,7.992044,10.697636,4.3,4.02
T04,GL-4396,2026-03-15 03:23:00,7.991508,10.697586,10.9,3.4
T04,GL-4396,2026-03-15 03:24:00,7.990949,10.697545,11.4,5.1
T04,GL-4396,2026-03-15 03:25:00,7.990332,10.697616,9.1,4.03
T04,GL-4396,2026-03-15 03:26:00,7.989731,10.697826,10.5,5.29
T04,GL-4396,2026-03-15 03:27:00,7.989072,10.697616,7.7,4.16
T04,GL-4396,2026-03-15 03:28:00,7.988488,10.697621,7.1,4.78
T04,GL-4396,2026-03-15 03:29:00,7.987917,10.697756,8.9,2.82
T04,GL-4396,2026-03-15 03:30:00,7.987295,10.697706,4.7,3.7
T04,GL-4396,2026-03-15 03:31:00,7.986687,10.697544,10.6,4.09
T04,GL-4396,2026-03-15 03:32:00,7.986085,10.697723,4.0,3.0
T04,GL-4396,2026-03-15 03:33:00,7.985394,10.697691,9.9,5.49
T04,GL-4396,2026-03-15 03:34:00,7.9849,10.697733,7.3,4.63
T04,GL-4396,2026-03-15 03:35:00,7.984219,10.697569,11.6,5.11
T04,GL-4396,2026-03-15 03:36:00,7.98366,10.697744,6.4,5.45
T04,GL-4396,2026-03-15 03:37:00,7.98309,10.697785,7.0,3.1
T04,GL-4396,2026-03-15 03:38:00,7.982438,10.697654,9.4,3.75
T04,GL-4396,2026-03-15 03:39:00,7.98177,10.697724,,5.47
T04,GL-4396,2026-03-15 03:40:00,7.981179,10.697745,11.1,5.41
T04,GL-4396,2026-03-15 03:41:00,7.980617,10.697812,5.2,3.23
T04,GL-4396,2026-03-15 03:42:00,7.979993,10.697754,9.5,4.2
T04,GL-4396,2026-03-15 03:43:00,7.979462,10.697733,6.6,4.64
T04,GL-4396,2026-03-15 03:44:00,7.978787,10.69779,10.0,3.03
T04,GL-4396,2026-03-15 03:45:00,7.978132,10.697766,9.3,3.54
T04,GL-4396,2026-03-15 03:46:00,7.977632,10.697754,9.8,5.32
T04,GL-4396,2026-03-15 03:47:00,7.977045,10.697746,10.2,4.22
T04,GL-4396,2026-03-15 03:48:00,7.976476,10.697672,6.6,4.49
T04,GL-4396,2026-03-15 03:49:00,7.975643,10.697666,10.2,4.85
T04,GL-4396,2026-03-15 03:50:00,7.975181,10.697645,7.3,3.37
T04,GL-4396,2026-03-15 03:51:00,7.974578,10.697747,7.5,2.87
T04,GL-4396,2026-03-15 03:52:00,7.973952,10.697739,4.2,3.59
T04,GL-4396,2026-03-15 03:53:00,7.973372,10.697648,6.4,3.47
T04,GL-4396,2026-03-15 03:54:00,7.97276,10.697826,6.7,4.74
T04,GL-4396,2026-03-15 03:55:00,7.972076,10.697843,6.8,3.53
T04,GL-4396,2026-03-15 03:56:00,7.971474,10.697745,7.7,3.31
T04,GL-4396,2026-03-15 03:57:00,7.970855,10.69784,10.3,3.58
T04,GL-4396,2026-03-15 03:58:00,7.970456,10.697803,10.7,5.38
T04,GL-4396,2026-03-15 03:59:00,7.969672,10.697841,8.1,4.02
T04,GL-4396,2026-03-15 04:00:00,7.969146,10.697765,9.0,5.02
T04,GL-4396,2026-03-15 04:01:00,7.968589,10.697817,6.2,5.13
T04,GL-4396,2026-03-15 04:02:00,7.967954,10.69779,9.1,4.82
T04,GL-4396,2026-03-15 04:03:00,7.967297,10.697969,9.1,5.59
T04,GL-4396,2026-03-15 04:04:00,7.966792,10.697765,8.5,3.49
T04,GL-4396,2026-03-15 04:05:00,7.966178,10.697863,10.4,5.28
T04,GL-4396,2026-03-15 04:06:00,7.965488,10.697791,6.4,4.73
T04,GL-4396,2026-03-15 04:07:00,7.964938,10.697857,7.8,4.17
T04,GL-4396,2026-03-15 04:08:00,7.964429,10.697756,6.7,4.2
T04,GL-4396,2026-03-15 04:09:00,7.963763,10.697779,4.2,5.11
T04,GL-4396,2026-03-15 04:10:00,7.963123,10.69787,11.9,4.42
T04,GL-4396,2026-03-15 04:11:00,7.962478,10.697884,8.4,3.65
T04,GL-4396,2026-03-15 04:12:00,7.961948,10.697921,7.5,2.83
T04,GL-4396,2026-03-15 04:13:00,7.961312,10.697802,11.4,3.72
T04,GL-4396,2026-03-15 04:14:00,7.96071,10.69791,6.7,4.16
T04,GL-4396,2026-03-15 04:15:00,7.960124,10.697994,11.5,4.75
T04,GL-4396,2026-03-15 04:16:00,7.959518,10.697747,4.5,3.18
T04,GL-4396,2026-03-15 04:17:00,7.95881,10.69785,,4.48
T04,GL-4396,2026-03-15 04:18:00,7.958302,10.697918,8.5,3.41
T04,GL-4396,2026-03-15 04:19:00,7.957678,10.697895,7.2,5.51
T04,GL-4396,2026-03-15 04:20:00,7.957073,10.697946,9.5,4.63
T04,GL-4396,2026-03-15 04:21:00,7.956513,10.697898,6.4,3.47
T04,GL-4396,2026-03-15 04:22:00,7.955827,10.698024,10.2,5.3
T04,GL-4396,2026-03-15 04:23:00,7.955291,10.697911,11.5,5.49
T04,GL-4396,2026-03-15 04:24:00,7.954666,10.698038,5.7,4.35
T04,GL-4396,2026-03-15 04:25:00,7.954041,10.697937,6.3,5.41
T04,GL-4396,2026-03-15 04:26:00,7.953517,10.697865,5.8,4.23
T04,GL-4396,2026-03-15 04:27:00,7.952832,10.69802,6.2,5.59
T04,GL-4396,2026-03-15 04:28:00,7.952131,10.69799,11.6,3.33
T04,GL-4396,2026-03-15 04:29:00,7.951554,10.697954,11.1,4.27
T04,GL-4396,2026-03-15 04:30:00,7.95106,10.697928,10.0,3.1
T04,GL-4396,2026-03-15 04:31:00,7.950356,10.697881,,4.51
T04,GL-4396,2026-03-15 04:32:00,7.949958,10.697951,11.0,4.36
T04,GL-4396,2026-03-15 04:33:00,7.949238,10.697879,11.8,4.36
T04,GL-4396,2026-03-15 04:34:00,7.948628,10.697955,6.1,4.62
T04,GL-4396,2026-03-15 04:35:00,7.947981,10.697887,9.2,4.85
T04,GL-4396,2026-03-15 04:36:00,7.947333,10.697866,10.4,4.27
T04,GL-4396,2026-03-15 04:37:00,7.946827,10.697999,5.9,5.3
T04,GL-4396,2026-03-15 04:38:00,7.946109,10.697892,11.9,3.91
T04,GL-4396,2026-03-15 04:39:00,7.945695,10.698079,4.3,3.8
T04,GL-4396,2026-03-15 04:40:00,7.94496,10.697949,6.3,4.36
T04,GL-4396,2026-03-15 04:41:00,7.944409,10.698053,8.5,3.7
T04,GL-4396,2026-03-15 04:42:00,7.943761,10.697922,5.7,5.27
T04,GL-4396,2026-03-15 04:43:00,7.943128,10.697923,11.0,4.63
T04,GL-4396,2026-03-15 04:44:00,7.942551,10.697928,6.3,4.65
T04,GL-4396,2026-03-15 04:45:00,7.941928,10.697926,8.2,3.72
T04,GL-4396,2026-03-15 04:46:00,7.941267,10.697891,8.5,3.81
T04,GL-4396,2026-03-15 04:47:00,7.940763,10.697956,8.6,5.14
T04,GL-4396,2026-03-15 04:48:00,7.940127,10.697972,10.5,3.04
T04,GL-4396,2026-03-15 04:49:00,7.939462,10.698031,8.2,4.08
T04,GL-4396,2026-03-15 04:50:00,7.938921,10.698062,10.6,5.42
T04,GL-4396,2026-03-15 04:51:00,7.938332,10.698011,8.9,4.7
T04,GL-4396,2026-03-15 04:52:00,7.937727,10.698092,5.3,4.92
T04,GL-4396,2026-03-15 04:53:00,7.937129,10.698054,8.4,4.18
T04,GL-4396,2026-03-15 04:54:00,7.936588,10.698033,8.7,3.65
T04,GL-4396,2026-03-15 04:55:00,7.935872,10.6982,,2.84
T04,GL-4396,2026-03-15 04:56:00,7.93526,10.698179,9.7,4.14
T04,GL-4396,2026-03-15 04:57:00,7.934723,10.697968,6.4,4.08
T04,GL-4396,2026-03-15 04:58:00,7.934114,10.698099,9.7,5.36
T04,GL-4396,2026-03-15 04:59:00,7.933403,10.698055,11.8,5.1
T04,GL-4396,2026-03-15 05:00:00,7.932859,10.698089,6.8,3.66
T04,GL-4396,2026-03-15 05:01:00,7.93222,10.698044,6.6,4.96
T04,GL-4396,2026-03-15 05:02:00,7.931693,10.698047,5.0,3.21
T04,GL-4396,2026-03-15 05:03:00,7.930982,10.698145,4.4,4.18
T04,GL-4396,2026-03-15 05:04:00,7.930471,10.698094,8.5,4.01
T04,GL-4396,2026-03-15 05:05:00,7.929959,10.698105,11.5,3.24
T04,GL-4396,2026-03-15 05:06:00,7.92924,10.698088,8.7,4.91
T04,GL-4396,2026-03-15 05:07:00,7.928637,10.69813,6.8,4.49
T04,GL-4396,2026-03-15 05:08:00,7.928096,10.69805,6.3,4.46
T04,GL-4396,2026-03-15 05:09:00,7.927456,10.698071,10.3,5.23
T04,GL-4396,2026-03-15 05:10:00,7.926864,10.698144,6.6,4.81
T04,GL-4396,2026-03-15 05:11:00,7.926247,10.698217,6.5,2.93
T04,GL-4396,2026-03-15 05:12:00,7.925686,10.69814,4.2,3.94
T04,GL-4396,2026-03-15 05:13:00,7.925007,10.698202,11.4,3.08
T04,GL-4396,2026-03-15 05:14:00,7.924421,10.698109,5.2,3.04
T04,GL-4396,2026-03-15 05:15:00,7.923813,10.698161,10.8,4.48
T04,GL-4396,2026-03-15 05:16:00,7.923204,10.698195,9.5,2.85
T04,GL-4396,2026-03-15 05:17:00,7.922564,10.698151,6.2,3.8
T04,GL-4396,2026-03-15 05:18:00,7.922018,10.69805,6.0,4.79
T04,GL-4396,2026-03-15 05:19:00,7.921474,10.698253,5.2,5.07
T04,GL-4396,2026-03-15 05:20:00,7.920696,10.698222,4.4,5.23
T04,GL-4396,2026-03-15 05:21:00,7.920207,10.69825,5.9,3.85
T04,GL-4396,2026-03-15 05:22:00,7.91949,10.698294,10.3,5.28
T04,GL-4396,2026-03-15 05:23:00,7.919029,10.698228,10.1,5.47
T04,GL-4396,2026-03-15 05:24:00,7.918405,10.698253,4.0,3.81
T04,GL-4396,2026-03-15 05:25:00,7.917704,10.698212,5.3,4.81
T04,GL-4396,2026-03-15 05:26:00,7.917091,10.698232,4.4,5.37
T04,GL-4396,2026-03-15 05:27:00,7.916546,10.698144,8.0,3.4
T04,GL-4396,2026-03-15 05:28:00,7.915927,10.698287,6.4,2.83
T04,GL-4396,2026-03-15 05:29:00,7.915324,10.69823,6.9,3.08
T04,GL-4396,2026-03-15 05:30:00,7.914616,10.6982,10.0,4.49
T04,GL-4396,2026-03-15 05:31:00,7.914092,10.698123,7.1,5.57
T04,GL-4396,2026-03-15 05:32:00,7.913496,10.698172,9.9,2.85
T04,GL-4396,2026-03-15 05:33:00,7.912917,10.698281,10.5,3.88
T04,GL-4396,2026-03-15 05:34:00,7.912217,10.698255,11.7,5.41
T04,GL-4396,2026-03-15 05:35:00,7.911659,10.698348,7.8,4.29
T04,GL-4396,2026-03-15 05:36:00,7.911115,10.698139,10.5,2.81
T04,GL-4396,2026-03-15 05:37:00,7.91049,10.698236,4.7,4.55
T04,GL-4396,2026-03-15 05:38:00,7.909806,10.698256,10.7,3.7
T04,GL-4396,2026-03-15 05:39:00,7.909368,10.698281,11.8,3.32
T04,GL-4396,2026-03-15 05:40:00,7.908762,10.698181,10.3,4.29
T04,GL-4396,2026-03-15 05:41:00,7.908237,10.698237,4.6,2.98
T04,GL-4396,2026-03-15 05:42:00,7.907429,10.698202,5.9,3.17
T04,GL-4396,2026-03-15 05:43:00,7.906908,10.698273,6.2,4.76
T04,GL-4396,2026-03-15 05:44:00,7.906251,10.698194,10.2,5.05
T04,GL-4396,2026-03-15 05:45:00,7.90566,10.698345,7.7,3.87
T04,GL-4396,2026-03-15 05:46:00,7.905108,10.698207,,3.09
T04,GL-4396,2026-03-15 05:47:00,7.904438,10.698203,8.3,3.33
T04,GL-4396,2026-03-15 05:48:00,7.903869,10.698406,4.6,3.14
T04,GL-4396,2026-03-15 05:49:00,7.903269,10.698267,4.8,4.66
T04,GL-4396,2026-03-15 05:50:00,7.902731,10.698328,9.2,4.43
T04,GL-4396,2026-03-15 05:51:00,7.902078,10.698318,4.1,5.24
T04,GL-4396,2026-03-15 05:52:00,7.901478,10.698414,5.0,5.32
T04,GL-4396,2026-03-15 05:53:00,7.900705,10.698334,9.8,3.68
T04,GL-4396,2026-03-15 05:54:00,7.900228,10.698425,10.0,5.27
T04,GL-4396,2026-03-15 05:55:00,7.899632,10.698243,9.9,3.19
T04,GL-4396,2026-03-15 05:56:00,7.898969,10.698312,6.2,4.15
T04,GL-4396,2026-03-15 05:57:00,7.898316,10.69833,9.7,3.12
T04,GL-4396,2026-03-15 05:58:00,7.897707,10.698353,8.7,3.99
T04,GL-4396,2026-03-15 05:59:00,7.897209,10.698379,6.7,4.58
T04,GL-4396,2026-03-15 06:00:00,7.89661,10.698415,9.4,4.91
T04,GL-4396,2026-03-15 06:01:00,7.895981,10.698397,4.7,4.6
T04,GL-4396,2026-03-15 06:02:00,7.895436,10.698404,5.5,3.04
T04,GL-4396,2026-03-15 06:03:00,7.894903,10.698287,5.0,3.9
T04,GL-4396,2026-03-15 06:04:00,7.8943,10.698411,4.2,5.22
T04,GL-4396,2026-03-15 06:05:00,7.893579,10.698461,5.1,5.01
T04,GL-4396,2026-03-15 06:06:00,7.893027,10.698464,6.8,3.91
T04,GL-4396,2026-03-15 06:07:00,7.892358,10.698338,8.5,3.72
T04,GL-4396,2026-03-15 06:08:00,7.891734,10.698426,7.6,3.42
T04,GL-4396,2026-03-15 06:09:00,7.891238,10.69839,5.9,4.91
T04,GL-4396,2026-03-15 06:10:00,7.890538,10.698425,7.7,2.94
T04,GL-4396,2026-03-15 06:11:00,7.889894,10.698442,8.3,3.68
T04,GL-4396,2026-03-15 06:12:00,7.889405,10.698358,11.7,4.46
T04,GL-4396,2026-03-15 06:13:00,7.888761,10.698421,11.9,3.26
T04,GL-4396,2026-03-15 06:14:00,7.88819,10.698425,4.5,4.97
T04,GL-4396,2026-03-15 06:15:00,7.887526,10.698396,4.2,4.39
T04,GL-4396,2026-03-15 06:16:00,7.886826,10.698397,6.0,5.51
T04,GL-4396,2026-03-15 06:17:00,7.886346,10.698473,5.3,3.76
T04,GL-4396,2026-03-15 06:18:00,7.885772,10.698506,4.1,4.38
T04,GL-4396,2026-03-15 06:19:00,7.885128,10.698377,4.2,3.78
T04,GL-4396,2026-03-15 06:20:00,7.88452,10.698413,6.0,5.01
T04,GL-4396,2026-03-15 06:21:00,7.88389,10.698465,8.7,4.45
T04,GL-4396,2026-03-15 06:22:00,7.883296,10.69855,4.3,5.48
T04,GL-4396,2026-03-15 06:23:00,7.882627,10.698477,6.2,3.77
T04,GL-4396,2026-03-15 06:24:00,7.88212,10.698429,10.7,3.27
T04,GL-4396,2026-03-15 06:25:00,7.881548,10.698494,7.0,4.03
T04,GL-4396,2026-03-15 06:26:00,7.880988,10.698472,7.8,5.54
T04,GL-4396,2026-03-15 06:27:00,7.880282,10.698493,7.1,4.41
T04,GL-4396,2026-03-15 06:28:00,7.879667,10.698406,7.1,4.12
T04,GL-4396,2026-03-15 06:29:00,7.879042,10.698384,9.0,5.49
T04,GL-4396,2026-03-15 06:30:00,7.87849,10.698523,9.1,4.51
T04,GL-4396,2026-03-15 06:31:00,7.877729,10.698491,6.4,5.26
T04,GL-4396,2026-03-15 06:32:00,7.877263,10.698707,10.3,4.93
T04,GL-4396,2026-03-15 06:33:00,7.876671,10.698501,4.2,3.68
T04,GL-4396,2026-03-15 06:34:00,7.876115,10.69851,9.9,3.02
T04,GL-4396,2026-03-15 06:35:00,7.875531,10.69855,,3.94
T04,GL-4396,2026-03-15 06:36:00,7.874812,10.698558,7.1,3.43
T04,GL-4396,2026-03-15 06:37:00,7.874227,10.698523,10.5,5.5
T04,GL-4396,2026-03-15 06:38:00,7.873656,10.698523,5.4,4.35
T04,GL-4396,2026-03-15 06:39:00,7.872999,10.698497,8.3,4.65
T04,GL-4396,2026-03-15 06:40:00,7.872484,10.698574,,3.75
T04,GL-4396,2026-03-15 06:41:00,7.87178,10.698539,11.7,3.81
T04,GL-4396,2026-03-15 06:42:00,7.871227,10.698511,9.0,3.71
T04,GL-4396,2026-03-15 06:43:00,7.870481,10.69851,6.9,3.49
T04,GL-4396,2026-03-15 06:44:00,7.870006,10.698636,11.4,5.19
T04,GL-4396,2026-03-15 06:45:00,7.869353,10.698541,9.4,3.52
T04,GL-4396,2026-03-15 06:46:00,8.116278,10.698614,8.8,203.22
T04,GL-4396,2026-03-15 06:47:00,7.868125,10.698579,9.6,3.72
T04,GL-4396,2026-03-15 06:48:00,7.867537,10.698693,5.3,3.13
T04,GL-4396,2026-03-15 06:49:00,7.866991,10.69855,8.8,3.32
T04,GL-4396,2026-03-15 06:50:00,7.866307,10.698592,6.3,4.93
T04,GL-4396,2026-03-15 06:51:00,7.865676,10.698551,6.6,4.04
T04,GL-4396,2026-03-15 06:52:00,7.865178,10.69855,11.3,5.31
T04,GL-4396,2026-03-15 06:53:00,7.864518,10.698568,7.5,4.57
T04,GL-4396,2026-03-15 06:54:00,7.863917,10.698628,7.5,4.85
T04,GL-4396,2026-03-15 06:55:00,7.863306,10.698505,4.4,3.88
T04,GL-4396,2026-03-15 06:56:00,7.862665,10.698693,10.4,4.7
T04,GL-4396,2026-03-15 06:57:00,7.862284,10.69871,4.9,4.05
T04,GL-4396,2026-03-15 06:58:00,7.861604,10.698621,5.5,3.72
T04,GL-4396,2026-03-15 06:59:00,7.861099,10.698726,10.0,3.86
T04,GL-4396,2026-03-15 07:00:00,7.860404,10.698534,9.1,3.03
T04,GL-4396,2026-03-15 07:01:00,7.859748,10.69865,11.2,4.89
T04,GL-4396,2026-03-15 07:02:00,7.859202,10.698616,8.1,4.79
T04,GL-4396,2026-03-15 07:03:00,7.858379,10.698589,5.7,3.41
T04,GL-4396,2026-03-15 07:04:00,7.857846,10.698707,11.7,4.5
T04,GL-4396,2026-03-15 07:05:00,7.857311,10.698628,6.6,5.32
T04,GL-4396,2026-03-15 07:06:00,7.856692,10.69884,11.0,3.87
T04,GL-4396,2026-03-15 07:07:00,7.856173,10.698614,4.8,3.57
T04,GL-4396,2026-03-15 07:08:00,7.855452,10.698674,8.2,5.35
T04,GL-4396,2026-03-15 07:09:00,7.854999,10.6986,4.7,5.17
T04,GL-4396,2026-03-15 07:10:00,7.854378,10.698624,7.9,5.14
T04,GL-4396,2026-03-15 07:11:00,7.853601,10.69869,11.0,3.43
T04,GL-4396,2026-03-15 07:12:00,7.853033,10.698613,9.4,3.76
T04,GL-4396,2026-03-15 07:13:00,7.852506,10.698672,7.7,4.71
T04,GL-4396,2026-03-15 07:14:00,7.851756,10.698763,4.9,4.54
T04,GL-4396,2026-03-15 07:15:00,7.851296,10.698767,10.0,3.75
T04,GL-4396,2026-03-15 07:16:00,7.850632,10.698661,11.5,3.55
T04,GL-4396,2026-03-15 07:17:00,7.850079,10.698762,4.8,3.26
T04,GL-4396,2026-03-15 07:18:00,7.849396,10.698771,6.8,4.38
T04,GL-4396,2026-03-15 07:19:00,7.848861,10.698646,11.5,3.89
T04,GL-4396,2026-03-15 07:20:00,7.848231,10.698812,9.0,4.27
T04,GL-4396,2026-03-15 07:21:00,7.847697,10.698619,6.8,4.91
T04,GL-4396,2026-03-15 07:22:00,7.847118,10.698836,9.9,4.19
T04,GL-4396,2026-03-15 07:23:00,7.846352,10.69885,10.1,3.58
T04,GL-4396,2026-03-15 07:24:00,7.84588,10.6987,5.0,5.48
T04,GL-4396,2026-03-15 07:25:00,7.845243,10.698712,8.6,5.53
T04,GL-4396,2026-03-15 07:26:00,7.844683,10.698723,8.0,3.79
T04,GL-4396,2026-03-15 07:27:00,7.843887,10.698808,7.4,5.18
T04,GL-4396,2026-03-15 07:28:00,7.843486,10.698814,4.5,3.75
T04,GL-4396,2026-03-15 07:29:00,7.842845,10.698812,11.2,3.25
T04,GL-4396,2026-03-15 07:30:00,7.842307,10.698836,6.0,5.55
T04,GL-4396,2026-03-15 07:31:00,7.841682,10.698816,9.1,3.03
T04,GL-4396,2026-03-15 07:32:00,7.841045,10.698735,5.9,5.24
T04,GL-4396,2026-03-15 07:33:00,7.840444,10.698915,6.2,3.02
T04,GL-4396,2026-03-15 07:34:00,7.839802,10.698701,9.4,4.33
T04,GL-4396,2026-03-15 07:35:00,7.839079,10.69879,5.5,4.55
T04,GL-4396,2026-03-15 07:36:00,7.838523,10.698739,6.7,4.53
T04,GL-4396,2026-03-15 07:37:00,7.838045,10.698852,5.3,3.57
T04,GL-4396,2026-03-15 07:38:00,7.837237,10.698813,6.2,4.51
T04,GL-4396,2026-03-15 07:39:00,7.836773,10.698855,11.5,3.15
T04,GL-4396,2026-03-15 07:40:00,7.836164,10.698874,4.9,5.53
T04,GL-4396,2026-03-15 07:41:00,7.835513,10.698774,11.6,4.05
T04,GL-4396,2026-03-15 07:42:00,7.834972,10.698773,10.7,5.06
T04,GL-4396,2026-03-15 07:43:00,7.834419,10.698825,9.5,3.59
T04,GL-4396,2026-03-15 07:44:00,7.833787,10.698881,4.2,4.28
T04,GL-4396,2026-03-15 07:45:00,7.833136,10.698821,10.3,4.31
T04,GL-4396,2026-03-15 07:46:00,7.832528,10.698787,9.4,4.01
T04,GL-4396,2026-03-15 07:47:00,7.831946,10.698807,11.4,4.79
T04,GL-4396,2026-03-15 07:48:00,7.831312,10.698923,8.7,5.09
T04,GL-4396,2026-03-15 07:49:00,7.830684,10.698849,10.5,2.81
T04,GL-4396,2026-03-15 07:50:00,7.830187,10.698807,6.9,5.19
T04,GL-4396,2026-03-15 07:51:00,7.829407,10.698861,6.2,3.42
T04,GL-4396,2026-03-15 07:52:00,7.828835,10.698804,8.4,5.42
T04,GL-4396,2026-03-15 07:53:00,7.828216,10.698997,11.9,3.49
T04,GL-4396,2026-03-15 07:54:00,7.827616,10.699034,8.7,4.93
T04,GL-4396,2026-03-15 07:55:00,7.827055,10.698866,6.3,3.1
T04,GL-4396,2026-03-15 07:56:00,7.826394,10.698919,5.0,4.84
T04,GL-4396,2026-03-15 07:57:00,7.825774,10.69891,7.1,5.09
T04,GL-4396,2026-03-15 07:58:00,7.825323,10.698895,11.9,5.11
T04,GL-4396,2026-03-15 07:59:00,7.824561,10.69882,8.8,4.62
T04,GL-4396,2026-03-15 08:00:00,7.824061,10.698999,5.7,4.82
T04,GL-4396,2026-03-15 08:01:00,7.823455,10.698845,4.8,5.15
T04,GL-4396,2026-03-15 08:02:00,7.822888,10.698928,11.2,4.79
T04,GL-4396,2026-03-15 08:03:00,7.822262,10.699016,11.7,4.82
T04,GL-4396,2026-03-15 08:04:00,7.821686,10.698997,11.6,4.31
T04,GL-4396,2026-03-15 08:05:00,7.821026,10.698894,9.5,5.0
T04,GL-4396,2026-03-15 08:06:00,7.820566,10.699075,9.8,2.97
T04,GL-4396,2026-03-15 08:07:00,7.819798,10.698947,7.0,5.36
T04,GL-4396,2026-03-15 08:08:00,7.819244,10.69897,11.4,5.36
T04,GL-4396,2026-03-15 08:09:00,7.818663,10.69882,5.8,4.87
T04,GL-4396,2026-03-15 08:10:00,7.818078,10.698955,5.8,3.95
T04,GL-4396,2026-03-15 08:11:00,7.817474,10.698899,9.2,4.37
T04,GL-4396,2026-03-15 08:12:00,7.816854,10.698991,11.6,4.32
T04,GL-4396,2026-03-15 08:13:00,7.816184,10.699,7.2,3.84
T04,GL-4396,2026-03-15 08:14:00,7.815598,10.698964,6.8,2.82
T04,GL-4396,2026-03-15 08:15:00,7.815068,10.69902,6.4,5.32
T04,GL-4396,2026-03-15 08:16:00,7.814393,10.699005,7.3,3.42
T04,GL-4396,2026-03-15 08:17:00,7.813834,10.699023,4.2,5.0
T04,GL-4396,2026-03-15 08:18:00,7.813309,10.69894,8.9,4.56
T04,GL-4396,2026-03-15 08:19:00,7.812585,10.699009,8.0,4.87
T04,GL-4396,2026-03-15 08:20:00,7.811939,10.699012,7.1,4.4
T04,GL-4396,2026-03-15 08:21:00,7.811295,10.69906,8.6,4.43
T04,GL-4396,2026-03-15 08:22:00,7.810769,10.699015,7.7,4.48
T04,GL-4396,2026-03-15 08:23:00,7.810139,10.699217,11.7,3.29
T04,GL-4396,2026-03-15 08:24:00,7.809537,10.698943,7.3,3.39
T04,GL-4396,2026-03-15 08:25:00,7.808924,10.699035,8.8,4.64
T04,GL-4396,2026-03-15 08:26:00,7.808267,10.699033,10.2,3.04
T04,GL-4396,2026-03-15 08:27:00,7.807734,10.699073,6.8,3.47
T04,GL-4396,2026-03-15 08:28:00,7.806984,10.698815,10.4,5.48
T04,GL-4396,2026-03-15 08:29:00,7.806509,10.699025,7.3,4.58
T04,GL-4396,2026-03-15 08:30:00,7.805864,10.698992,7.2,2.81
T04,GL-4396,2026-03-15 08:31:00,7.805345,10.699179,11.5,2.98
T04,GL-4396,2026-03-15 08:32:00,7.804659,10.69901,10.7,3.05
T04,GL-4396,2026-03-15 08:33:00,7.804086,10.699153,10.1,5.19
T04,GL-4396,2026-03-15 08:34:00,7.803511,10.69904,11.9,4.22
T04,GL-4396,2026-03-15 08:35:00,7.802891,10.699024,9.4,5.31
T04,GL-4396,2026-03-15 08:36:00,7.8023,10.699114,11.6,4.44
T04,GL-4396,2026-03-15 08:37:00,7.801651,10.699167,4.6,2.92
T04,GL-4396,2026-03-15 08:38:00,7.801096,10.698994,6.0,5.14
T04,GL-4396,2026-03-15 08:39:00,7.800516,10.698981,6.9,3.77
T04,GL-4396,2026-03-15 08:40:00,7.799883,10.699004,11.6,5.29
T04,GL-4396,2026-03-15 08:41:00,7.799177,10.69906,9.5,5.22
T04,GL-4396,2026-03-15 08:42:00,7.798646,10.699124,5.9,3.4
T04,GL-4396,2026-03-15 08:43:00,7.79811,10.699081,10.4,5.54
T04,GL-4396,2026-03-15 08:44:00,7.797536,10.699168,4.4,4.24
T04,GL-4396,2026-03-15 08:45:00,7.796854,10.699105,9.4,4.05
T04,GL-4396,2026-03-15 08:46:00,7.796218,10.699211,6.4,4.41
T04,GL-4396,2026-03-15 08:47:00,7.795728,10.69912,8.7,3.4
T04,GL-4396,2026-03-15 08:48:00,7.795111,10.699182,6.1,4.25
T04,GL-4396,2026-03-15 08:49:00,7.794409,10.699185,6.9,2.99
T04,GL-4396,2026-03-15 08:50:00,7.793675,10.699111,8.5,3.9
T04,GL-4396,2026-03-15 08:51:00,7.793269,10.699131,11.1,5.37
T04,GL-4396,2026-03-15 08:52:00,7.792632,10.699218,6.5,4.41
T04,GL-4396,2026-03-15 08:53:00,7.79201,10.699184,11.0,5.17
T04,GL-4396,2026-03-15 08:54:00,7.791343,10.699341,7.7,4.03
T04,GL-4396,2026-03-15 08:55:00,7.79082,10.699184,4.9,5.41
T04,GL-4396,2026-03-15 08:56:00,7.790178,10.69921,6.6,3.84
T04,GL-4396,2026-03-15 08:57:00,7.789689,10.699226,10.5,3.01
T04,GL-4396,2026-03-15 08:58:00,7.789007,10.699047,9.2,5.54
T04,GL-4396,2026-03-15 08:59:00,7.788327,10.699098,7.0,4.15
T04,GL-4396,2026-03-15 09:00:00,7.787806,10.699166,8.4,3.56
T04,GL-4396,2026-03-15 09:01:00,7.787114,10.699142,4.7,4.13
T04,GL-4396,2026-03-15 09:02:00,7.786605,10.699202,6.7,5.19
T04,GL-4396,2026-03-15 09:03:00,7.786031,10.699146,11.2,4.09
T04,GL-4396,2026-03-15 09:04:00,7.78538,10.699249,6.3,3.67
T04,GL-4396,2026-03-15 09:05:00,7.784821,10.69921,11.1,5.3
T04,GL-4396,2026-03-15 09:06:00,7.784141,10.699175,9.1,5.03
T04,GL-4396,2026-03-15 09:07:00,7.783538,10.699161,10.8,2.94
T04,GL-4396,2026-03-15 09:08:00,7.782954,10.699308,8.1,3.99
T04,GL-4396,2026-03-15 09:09:00,7.782279,10.699316,8.8,3.49
T04,GL-4396,2026-03-15 09:10:00,7.781828,10.699254,12.0,5.18
T04,GL-4396,2026-03-15 09:11:00,7.781151,10.699228,11.8,4.33
T04,GL-4396,2026-03-15 09:12:00,7.780442,10.699211,9.2,3.43
T04,GL-4396,2026-03-15 09:13:00,7.779818,10.699348,6.2,3.56
T04,GL-4396,2026-03-15 09:14:00,7.779243,10.699217,7.5,3.02
T04,GL-4396,2026-03-15 09:15:00,7.778731,10.6993,7.5,5.12
T04,GL-4396,2026-03-15 09:16:00,7.778163,10.699157,10.8,3.14
T04,GL-4396,2026-03-15 09:17:00,7.777596,10.699158,6.1,3.54
T04,GL-4396,2026-03-15 09:18:00,7.776827,10.699235,11.7,5.15
T04,GL-4396,2026-03-15 09:19:00,7.776241,10.699276,10.5,5.42
T04,GL-4396,2026-03-15 09:20:00,7.775691,10.699266,8.9,5.2
T04,GL-4396,2026-03-15 09:21:00,7.774991,10.699212,9.5,4.79
T04,GL-4396,2026-03-15 09:22:00,7.774543,10.699233,5.4,3.65
T04,GL-4396,2026-03-15 09:23:00,7.773876,10.699331,8.5,4.92
T04,GL-4396,2026-03-15 09:24:00,7.773311,10.699357,6.6,5.49
T04,GL-4396,2026-03-15 09:25:00,7.772617,10.69931,8.0,3.13
T04,GL-4396,2026-03-15 09:26:00,7.772061,10.699312,6.5,4.51
T04,GL-4396,2026-03-15 09:27:00,7.771424,10.699401,4.9,5.45
T04,GL-4396,2026-03-15 09:28:00,7.770821,10.699294,5.1,5.1
T04,GL-4396,2026-03-15 09:29:00,7.770256,10.699292,11.0,5.5
T04,GL-4396,2026-03-15 09:30:00,7.769633,10.699403,9.9,3.47
T04,GL-4396,2026-03-15 09:31:00,7.769037,10.699319,4.9,3.13
T04,GL-4396,2026-03-15 09:32:00,7.768461,10.699439,6.6,3.24
T04,GL-4396,2026-03-15 09:33:00,7.767772,10.699304,10.2,3.3
T04,GL-4396,2026-03-15 09:34:00,7.767171,10.699385,10.9,4.29
T04,GL-4396,2026-03-15 09:35:00,7.766634,10.699398,5.4,4.5
T04,GL-4396,2026-03-15 09:36:00,7.766001,10.699295,6.9,4.82
T04,GL-4396,2026-03-15 09:37:00,7.765393,10.699474,6.4,4.31
T04,GL-4396,2026-03-15 09:38:00,7.764818,10.699406,6.9,3.65
T04,GL-4396,2026-03-15 09:39:00,7.764258,10.699307,7.8,3.77
T04,GL-4396,2026-03-15 09:40:00,7.763684,10.699384,4.1,2.82
T04,GL-4396,2026-03-15 09:41:00,7.763024,10.699364,4.3,5.01
T04,GL-4396,2026-03-15 09:42:00,7.762407,10.699343,4.6,5.55
T04,GL-4396,2026-03-15 09:43:00,7.761787,10.699424,10.7,3.54
T04,GL-4396,2026-03-15 09:44:00,7.761249,10.699304,4.9,4.07
T04,GL-4396,2026-03-15 09:45:00,7.516175,10.69953,,333.75
T04,GL-4396,2026-03-15 09:46:00,7.759951,10.699446,9.1,4.01
T04,GL-4396,2026-03-15 09:47:00,7.759385,10.699421,8.4,5.39
T04,GL-4396,2026-03-15 09:48:00,7.758893,10.699383,10.4,3.0
T04,GL-4396,2026-03-15 09:49:00,7.75816,10.699454,11.8,3.82
T04,GL-4396,2026-03-15 09:50:00,7.757503,10.699438,6.2,2.97
T04,GL-4396,2026-03-15 09:51:00,7.756958,10.699513,7.5,3.47
T04,GL-4396,2026-03-15 09:52:00,7.756438,10.699522,4.2,5.03
T04,GL-4396,2026-03-15 09:53:00,7.75561,10.699387,10.0,5.42
T04,GL-4396,2026-03-15 09:54:00,7.755162,10.699505,7.3,4.64
T04,GL-4396,2026-03-15 09:55:00,7.754616,10.699508,7.1,4.15
T04,GL-4396,2026-03-15 09:56:00,7.753888,10.699585,8.0,2.9
T04,GL-4396,2026-03-15 09:57:00,7.75339,10.699419,9.0,3.21
T04,GL-4396,2026-03-15 09:58:00,7.75265,10.699377,11.9,3.99
T04,GL-4396,2026-03-15 09:59:00,7.75215,10.699536,,4.33
T04,GL-4396,2026-03-15 10:00:00,7.751415,10.699478,11.0,3.16
T04,GL-4396,2026-03-15 10:01:00,7.750896,10.699495,11.8,4.87
T04,GL-4396,2026-03-15 10:02:00,7.750231,10.699462,8.3,4.95
T04,GL-4396,2026-03-15 10:03:00,7.749819,10.699483,9.9,3.88
T04,GL-4396,2026-03-15 10:04:00,7.748981,10.699513,10.1,5.29
T04,GL-4396,2026-03-15 10:05:00,7.74859,10.699402,11.5,4.26
T04,GL-4396,2026-03-15 10:06:00,7.747928,10.699493,5.1,5.21
T04,GL-4396,2026-03-15 10:07:00,7.747307,10.699452,6.2,3.1
T04,GL-4396,2026-03-15 10:08:00,7.746751,10.699577,11.0,3.46
T04,GL-4396,2026-03-15 10:09:00,7.745977,10.699673,9.1,4.84
T04,GL-4396,2026-03-15 10:10:00,7.745527,10.699524,5.4,5.57
T04,GL-4396,2026-03-15 10:11:00,7.744887,10.699499,4.2,5.53
T04,GL-4396,2026-03-15 10:12:00,7.744214,10.699527,10.7,4.04
T04,GL-4396,2026-03-15 10:13:00,7.743628,10.699359,11.3,4.92
T04,GL-4396,2026-03-15 10:14:00,7.743009,10.699402,10.4,4.53
T04,GL-4396,2026-03-15 10:15:00,7.742487,10.699547,9.1,4.93
T04,GL-4396,2026-03-15 10:16:00,7.741868,10.699576,11.7,3.41
T04,GL-4396,2026-03-15 10:17:00,7.741236,10.699597,8.4,4.1
T04,GL-4396,2026-03-15 10:18:00,7.740694,10.699533,10.8,3.4
T04,GL-4396,2026-03-15 10:19:00,7.740014,10.699587,7.0,3.67
T04,GL-4396,2026-03-15 10:20:00,7.739518,10.699466,12.0,3.59
T04,GL-4396,2026-03-15 10:21:00,7.738785,10.699526,4.3,4.19
T04,GL-4396,2026-03-15 10:22:00,7.738242,10.699545,5.1,4.43
T04,GL-4396,2026-03-15 10:23:00,7.737677,10.699569,5.8,4.32
T04,GL-4396,2026-03-15 10:24:00,7.736917,10.699658,7.4,5.04
T04,GL-4396,2026-03-15 10:25:00,7.736409,10.699566,7.9,4.36
T04,GL-4396,2026-03-15 10:26:00,7.735846,10.699591,11.4,2.84
T04,GL-4396,2026-03-15 10:27:00,7.735212,10.699652,9.2,3.75
T04,GL-4396,2026-03-15 10:28:00,7.734579,10.699631,9.7,4.84
T04,GL-4396,2026-03-15 10:29:00,7.734049,10.699642,9.5,5.18
T04,GL-4396,2026-03-15 10:30:00,7.733477,10.699563,11.3,3.47
T04,GL-4396,2026-03-15 10:31:00,7.732811,10.699658,8.8,4.57
T04,GL-4396,2026-03-15 10:32:00,7.732187,10.699626,9.6,3.57
T04,GL-4396,2026-03-15 10:33:00,7.731602,10.699692,11.8,4.27
T04,GL-4396,2026-03-15 10:34:00,7.731028,10.69966,6.0,3.78
T04,GL-4396,2026-03-15 10:35:00,7.730377,10.699686,9.0,3.81
T04,GL-4396,2026-03-15 10:36:00,7.729776,10.69969,6.2,4.8
T04,GL-4396,2026-03-15 10:37:00,7.729163,10.699705,9.7,5.39
T04,GL-4396,2026-03-15 10:38:00,7.728493,10.699632,5.8,5.2
T04,GL-4396,2026-03-15 10:39:00,7.727957,10.699589,11.8,3.38
T04,GL-4396,2026-03-15 10:40:00,7.727279,10.699594,10.8,4.75
T04,GL-4396,2026-03-15 10:41:00,7.726759,10.69969,4.9,3.69
T04,GL-4396,2026-03-15 10:42:00,7.726142,10.699789,8.9,4.04
T04,GL-4396,2026-03-15 10:43:00,7.725534,10.699707,7.3,4.91
T04,GL-4396,2026-03-15 10:44:00,7.724884,10.699603,9.7,4.6
T04,GL-4396,2026-03-15 10:45:00,7.724307,10.699748,10.1,4.68
T04,GL-4396,2026-03-15 10:46:00,7.723771,10.699596,11.1,2.81
T04,GL-4396,2026-03-15 10:47:00,7.723142,10.699757,5.7,5.38
T04,GL-4396,2026-03-15 10:48:00,7.584894,10.699671,9.2,425.05
T04,GL-4396,2026-03-15 10:49:00,7.721925,10.699671,4.1,4.52
T04,GL-4396,2026-03-15 10:50:00,7.721265,10.699689,,3.72
T04,GL-4396,2026-03-15 10:51:00,7.720693,10.699645,8.6,4.55
T04,GL-4396,2026-03-15 10:52:00,7.720182,10.699735,6.1,5.26
T04,GL-4396,2026-03-15 10:53:00,7.719504,10.699639,8.0,5.45
T04,GL-4396,2026-03-15 10:54:00,7.718922,10.699705,10.7,5.26
T04,GL-4396,2026-03-15 10:55:00,7.718249,10.699836,9.3,5.51
T04,GL-4396,2026-03-15 10:56:00,7.717672,10.69967,11.5,3.3
T04,GL-4396,2026-03-15 10:57:00,7.71701,10.699604,11.0,3.51
T04,GL-4396,2026-03-15 10:58:00,7.716429,10.699736,11.0,3.55
T04,GL-4396,2026-03-15 10:59:00,7.715817,10.699739,5.4,3.87
T04,GL-4396,2026-03-15 11:00:00,7.715207,10.699773,11.4,4.77
T04,GL-4396,2026-03-15 11:01:00,7.714669,10.699799,4.4,2.85
T04,GL-4396,2026-03-15 11:02:00,7.714102,10.699806,11.1,3.6
T04,GL-4396,2026-03-15 11:03:00,7.713459,10.699757,11.0,5.34
T04,GL-4396,2026-03-15 11:04:00,7.71295,10.699813,4.1,5.11
T04,GL-4396,2026-03-15 11:05:00,7.712293,10.699808,7.5,4.54
T04,GL-4396,2026-03-15 11:06:00,7.711672,10.699765,6.1,3.5
T04,GL-4396,2026-03-15 11:07:00,7.711074,10.699794,7.0,2.97
T04,GL-4396,2026-03-15 11:08:00,7.710262,10.699828,10.2,4.51
T04,GL-4396,2026-03-15 11:09:00,7.709852,10.699679,,4.22
T04,GL-4396,2026-03-15 11:10:00,7.709208,10.699794,9.2,4.77
T04,GL-4396,2026-03-15 11:11:00,7.70855,10.699863,10.4,3.51
T04,GL-4396,2026-03-15 11:12:00,7.708114,10.699853,4.5,5.12
T04,GL-4396,2026-03-15 11:13:00,7.707451,10.699845,8.4,3.54
T04,GL-4396,2026-03-15 11:14:00,7.706786,10.699785,11.1,3.41
T04,GL-4396,2026-03-15 11:15:00,7.706146,10.699822,6.6,3.93
T04,GL-4396,2026-03-15 11:16:00,7.705597,10.699739,5.8,3.51
T04,GL-4396,2026-03-15 11:17:00,7.70494,10.699819,7.3,4.74
T04,GL-4396,2026-03-15 11:18:00,7.704303,10.699908,11.8,3.7
T04,GL-4396,2026-03-15 11:19:00,7.703695,10.699869,6.5,3.61
T04,GL-4396,2026-03-15 11:20:00,7.703127,10.699895,8.3,5.35
T04,GL-4396,2026-03-15 11:21:00,7.702537,10.699762,5.1,3.3
T04,GL-4396,2026-03-15 11:22:00,7.701982,10.699787,4.6,4.59
T04,GL-4396,2026-03-15 11:23:00,7.701386,10.699818,6.9,4.55
T04,GL-4396,2026-03-15 11:24:00,7.700757,10.699822,5.6,4.56
T04,GL-4396,2026-03-15 11:25:00,7.700173,10.699808,7.2,2.84
T04,GL-4396,2026-03-15 11:26:00,7.699506,10.69968,9.0,2.97
T04,GL-4396,2026-03-15 11:27:00,7.698994,10.699939,8.5,4.66
T04,GL-4396,2026-03-15 11:28:00,7.698165,10.69986,8.9,3.66
T04,GL-4396,2026-03-15 11:29:00,7.697759,10.699914,8.9,3.04
T04,GL-4396,2026-03-15 11:30:00,7.697216,10.700003,10.9,4.87
T04,GL-4396,2026-03-15 11:31:00,7.696614,10.699836,7.1,5.36
T04,GL-4396,2026-03-15 11:32:00,7.695961,10.699965,7.3,4.62
T04,GL-4396,2026-03-15 11:33:00,7.695345,10.699857,9.8,3.87
T04,GL-4396,2026-03-15 11:34:00,7.694756,10.699894,5.8,3.47
T04,GL-4396,2026-03-15 11:35:00,7.694152,10.699921,7.7,3.7
T04,GL-4396,2026-03-15 11:36:00,7.693572,10.699979,4.8,5.49
T04,GL-4396,2026-03-15 11:37:00,7.692783,10.699849,9.6,3.37
T04,GL-4396,2026-03-15 11:38:00,7.692272,10.699961,4.5,4.62
T04,GL-4396,2026-03-15 11:39:00,7.691671,10.699962,11.8,4.19
T04,GL-4396,2026-03-15 11:40:00,7.691058,10.699906,10.6,4.57
T04,GL-4396,2026-03-15 11:41:00,7.690463,10.699937,9.5,4.29
T04,GL-4396,2026-03-15 11:42:00,7.689961,10.700068,4.3,3.45
T04,GL-4396,2026-03-15 11:43:00,7.689263,10.69994,10.6,4.88
T04,GL-4396,2026-03-15 11:44:00,7.688604,10.699894,5.3,4.02
T04,GL-4396,2026-03-15 11:45:00,7.688039,10.699953,6.4,2.82
T04,GL-4396,2026-03-15 11:46:00,7.687449,10.699822,7.3,3.33
T04,GL-4396,2026-03-15 11:47:00,7.686753,10.699821,9.6,5.16
T04,GL-4396,2026-03-15 11:48:00,7.686326,10.699936,11.3,4.23
T04,GL-4396,2026-03-15 11:49:00,7.685627,10.700102,9.3,5.08
T04,GL-4396,2026-03-15 11:50:00,7.684992,10.699941,11.0,3.99
T04,GL-4396,2026-03-15 11:51:00,7.684402,10.700032,5.4,2.86
T04,GL-4396,2026-03-15 11:52:00,7.68392,10.699943,11.5,3.1
T04,GL-4396,2026-03-15 11:53:00,7.683229,10.699996,4.0,4.67
T04,GL-4396,2026-03-15 11:54:00,7.682667,10.700047,6.2,3.61
T04,GL-4396,2026-03-15 11:55:00,7.681978,10.700007,10.6,3.98
T04,GL-4396,2026-03-15 11:56:00,7.68133,10.700113,10.7,4.23
T04,GL-4396,2026-03-15 11:57:00,7.680891,10.699931,8.4,2.85
T04,GL-4396,2026-03-15 11:58:00,7.680222,10.700034,8.4,3.86
T04,GL-4396,2026-03-15 11:59:00,7.679637,10.699898,9.1,5.06
T04,GL-4396,2026-03-15 12:00:00,7.679002,10.699973,10.5,3.44
T04,GL-4396,2026-03-15 12:01:00,7.678383,10.700024,4.0,5.05
T04,GL-4396,2026-03-15 12:02:00,7.677803,10.700048,10.2,3.57
T04,GL-4396,2026-03-15 12:03:00,7.67717,10.700059,10.4,3.32
T04,GL-4396,2026-03-15 12:04:00,7.676555,10.700107,6.7,3.45
T04,GL-4396,2026-03-15 12:05:00,7.675939,10.700052,7.8,5.0
T04,GL-4396,2026-03-15 12:06:00,7.675306,10.700019,5.7,5.52
T04,GL-4396,2026-03-15 12:07:00,7.674805,10.700073,6.5,5.55
T04,GL-4396,2026-03-15 12:08:00,7.674084,10.700138,11.5,3.8
T04,GL-4396,2026-03-15 12:09:00,7.673585,10.700044,7.1,4.83
T04,GL-4396,2026-03-15 12:10:00,7.672853,10.700068,9.8,2.94
T04,GL-4396,2026-03-15 12:11:00,7.672317,10.70013,10.6,5.31
T04,GL-4396,2026-03-15 12:12:00,7.671791,10.699998,8.8,5.0
T04,GL-4396,2026-03-15 12:13:00,7.671175,10.700004,11.3,3.09
T04,GL-4396,2026-03-15 12:14:00,7.670526,10.700058,4.8,3.63
T04,GL-4396,2026-03-15 12:15:00,7.669809,10.700103,7.5,4.32
T04,GL-4396,2026-03-15 12:16:00,7.669235,10.70014,5.0,2.8
T04,GL-4396,2026-03-15 12:17:00,7.66882,10.70009,4.8,3.06
T04,GL-4396,2026-03-15 12:18:00,7.668104,10.700076,8.9,5.45
T04,GL-4396,2026-03-15 12:19:00,7.667488,10.700071,5.2,5.0
T04,GL-4396,2026-03-15 12:20:00,7.666937,10.70006,5.2,5.41
T04,GL-4396,2026-03-15 12:21:00,7.666336,10.700123,6.7,3.05
T04,GL-4396,2026-03-15 12:22:00,7.665641,10.700126,9.0,3.76
T04,GL-4396,2026-03-15 12:23:00,7.665091,10.700062,10.5,4.54
T04,GL-4396,2026-03-15 12:24:00,7.664499,10.700181,6.0,5.47
T04,GL-4396,2026-03-15 12:25:00,7.663866,10.700159,4.8,4.29
T04,GL-4396,2026-03-15 12:26:00,7.663151,10.70017,8.9,3.82
T04,GL-4396,2026-03-15 12:27:00,7.662483,10.700168,10.9,3.97
T04,GL-4396,2026-03-15 12:28:00,7.662132,10.700202,10.5,2.91
T04,GL-4396,2026-03-15 12:29:00,7.661357,10.700196,10.4,3.68
T04,GL-4396,2026-03-15 12:30:00,7.660887,10.700096,10.2,5.36
T04,GL-4396,2026-03-15 12:31:00,7.660237,10.700078,5.3,3.17
T04,GL-4396,2026-03-15 12:32:00,7.659559,10.700156,,3.96
T04,GL-4396,2026-03-15 12:33:00,7.659048,10.70031,4.3,3.73
T04,GL-4396,2026-03-15 12:34:00,7.658377,10.700207,10.2,5.53
T04,GL-4396,2026-03-15 12:35:00,7.657875,10.700219,11.3,4.44
T04,GL-4396,2026-03-15 12:36:00,7.657255,10.700195,7.0,4.05
T04,GL-4396,2026-03-15 12:37:00,7.656611,10.700175,9.9,3.03
T04,GL-4396,2026-03-15 12:38:00,7.656076,10.700194,5.7,5.06
T04,GL-4396,2026-03-15 12:39:00,7.655314,10.700079,9.6,4.0
T04,GL-4396,2026-03-15 12:40:00,7.654714,10.700183,8.0,5.01
T04,GL-4396,2026-03-15 12:41:00,7.654172,10.700201,5.5,5.34
T04,GL-4396,2026-03-15 12:42:00,7.653612,10.700175,10.3,3.88
T04,GL-4396,2026-03-15 12:43:00,7.653019,10.700299,10.1,3.62
T04,GL-4396,2026-03-15 12:44:00,7.652315,10.700294,11.6,3.32
T04,GL-4396,2026-03-15 12:45:00,7.651685,10.700167,8.5,3.13
T04,GL-4396,2026-03-15 12:46:00,7.651255,10.700224,6.0,3.32
T04,GL-4396,2026-03-15 12:47:00,7.650626,10.700208,6.1,5.11
T04,GL-4396,2026-03-15 12:48:00,7.650074,10.700215,8.3,5.22
T04,GL-4396,2026-03-15 12:49:00,7.649355,10.700325,10.5,3.61
T04,GL-4396,2026-03-15 12:50:00,7.64886,10.700205,6.2,3.93
T04,GL-4396,2026-03-15 12:51:00,7.648203,10.700246,6.6,5.1
T04,GL-4396,2026-03-15 12:52:00,7.647576,10.700174,10.4,4.44
T04,GL-4396,2026-03-15 12:53:00,7.646951,10.70031,11.5,5.02
T04,GL-4396,2026-03-15 12:54:00,7.646465,10.70026,7.8,4.66
T04,GL-4396,2026-03-15 12:55:00,7.645744,10.700355,6.3,4.02
T04,GL-4396,2026-03-15 12:56:00,7.645108,10.700216,10.2,5.15
T04,GL-4396,2026-03-15 12:57:00,7.644595,10.700215,5.0,4.52
T04,GL-4396,2026-03-15 12:58:00,7.643914,10.700316,11.6,3.62
T04,GL-4396,2026-03-15 12:59:00,7.643257,10.700356,6.0,3.59
T04,GL-4396,2026-03-15 13:00:00,7.642629,10.700298,11.8,3.54
T04,GL-4396,2026-03-15 13:01:00,7.642171,10.700286,8.2,3.08
T04,GL-4396,2026-03-15 13:02:00,7.641462,10.70026,9.7,2.81
T04,GL-4396,2026-03-15 13:03:00,7.640918,10.70017,10.1,5.01
T04,GL-4396,2026-03-15 13:04:00,7.640357,10.700293,11.3,4.39
T04,GL-4396,2026-03-15 13:05:00,7.639714,10.700223,8.4,2.96
T04,GL-4396,2026-03-15 13:06:00,7.639153,10.700218,6.6,3.38
T04,GL-4396,2026-03-15 13:07:00,7.63842,10.700362,11.4,4.0
T04,GL-4396,2026-03-15 13:08:00,7.637918,10.7004,11.9,5.1
T04,GL-4396,2026-03-15 13:09:00,7.637346,10.70035,8.0,4.2
T04,GL-4396,2026-03-15 13:10:00,7.636709,10.700406,11.0,5.53
T04,GL-4396,2026-03-15 13:11:00,7.63602,10.700465,9.6,5.16
T04,GL-4396,2026-03-15 13:12:00,7.635462,10.700426,9.9,4.98
T04,GL-4396,2026-03-15 13:13:00,7.63479,10.700357,6.1,3.72
T04,GL-4396,2026-03-15 13:14:00,7.634168,10.700388,9.3,4.02
T04,GL-4396,2026-03-15 13:15:00,7.633648,10.700239,,5.23
T04,GL-4396,2026-03-15 13:16:00,7.633122,10.70037,6.3,5.09
T04,GL-4396,2026-03-15 13:17:00,7.632404,10.700315,10.2,3.36
T04,GL-4396,2026-03-15 13:18:00,7.631937,10.700475,10.7,3.83
T04,GL-4396,2026-03-15 13:19:00,7.631119,10.700347,4.4,4.37
T04,GL-4396,2026-03-15 13:20:00,7.630586,10.700239,11.4,3.63
T04,GL-4396,2026-03-15 13:21:00,7.629974,10.700389,8.1,5.42
T04,GL-4396,2026-03-15 13:22:00,7.629443,10.700366,5.2,4.22
T04,GL-4396,2026-03-15 13:23:00,7.628841,10.700495,4.2,5.52
T04,GL-4396,2026-03-15 13:24:00,7.628192,10.700461,6.7,4.59
T04,GL-4396,2026-03-15 13:25:00,7.627537,10.700533,9.4,5.12
T04,GL-4396,2026-03-15 13:26:00,7.626988,10.700391,6.7,5.12
T04,GL-4396,2026-03-15 13:27:00,7.626409,10.700394,5.9,4.2
T04,GL-4396,2026-03-15 13:28:00,7.625813,10.700436,7.1,4.64
T04,GL-4396,2026-03-15 13:29:00,7.625188,10.700413,11.0,5.38
T04,GL-4396,2026-03-15 13:30:00,7.62458,10.700463,6.6,5.4
T04,GL-4396,2026-03-15 13:31:00,7.624058,10.700408,8.0,3.27
T04,GL-4396,2026-03-15 13:32:00,7.623325,10.700485,11.4,4.61
T04,GL-4396,2026-03-15 13:33:00,7.622793,10.700481,5.2,5.1
T04,GL-4396,2026-03-15 13:34:00,7.62219,10.700528,4.4,4.08
T04,GL-4396,2026-03-15 13:35:00,7.621463,10.700461,6.6,4.63
T04,GL-4396,2026-03-15 13:36:00,7.620978,10.700507,,4.15
T04,GL-4396,2026-03-15 13:37:00,7.620311,10.700513,10.7,2.85
T04,GL-4396,2026-03-15 13:38:00,7.619605,10.700504,4.2,4.23
T04,GL-4396,2026-03-15 13:39:00,7.619098,10.700401,9.3,5.47
T04,GL-4396,2026-03-15 13:40:00,7.61844,10.700512,7.2,4.48
T04,GL-4396,2026-03-15 13:41:00,7.617795,10.700385,4.7,4.88
T04,GL-4396,2026-03-15 13:42:00,7.617321,10.700534,11.5,3.37
T04,GL-4396,2026-03-15 13:43:00,7.616733,10.700508,11.3,3.12
T04,GL-4396,2026-03-15 13:44:00,7.616162,10.700533,9.3,4.56
T04,GL-4396,2026-03-15 13:45:00,7.615455,10.700614,4.1,4.43
T04,GL-4396,2026-03-15 13:46:00,7.61489,10.700581,7.4,5.59
T04,GL-4396,2026-03-15 13:47:00,7.614356,10.700506,6.4,5.06
T04,GL-4396,2026-03-15 13:48:00,7.61369,10.700557,7.6,2.82
T04,GL-4396,2026-03-15 13:49:00,7.613039,10.700635,5.6,5.18
T04,GL-4396,2026-03-15 13:50:00,7.612589,10.700593,11.1,4.58
T04,GL-4396,2026-03-15 13:51:00,7.611836,10.700612,4.6,3.58
T04,GL-4396,2026-03-15 13:52:00,7.611239,10.700567,5.0,4.02
T04,GL-4396,2026-03-15 13:53:00,7.610663,10.700473,8.7,5.2
T04,GL-4396,2026-03-15 13:54:00,7.610066,10.700544,6.5,4.4
T04,GL-4396,2026-03-15 13:55:00,7.609486,10.70052,7.2,5.5
T04,GL-4396,2026-03-15 13:56:00,7.608829,10.700552,6.6,4.32
T04,GL-4396,2026-03-15 13:57:00,7.608087,10.700587,11.1,5.29
T04,GL-4396,2026-03-15 13:58:00,7.60757,10.700544,11.4,4.28
T04,GL-4396,2026-03-15 13:59:00,7.607033,10.700571,,4.37
T04,GL-4396,2026-03-15 14:00:00,7.60642,10.70065,10.1,5.53
T04,GL-4396,2026-03-15 14:01:00,7.605842,10.700551,11.2,3.39
T04,GL-4396,2026-03-15 14:02:00,7.605292,10.700561,4.3,3.35
T04,GL-4396,2026-03-15 14:03:00,7.604611,10.700565,6.1,5.05
T04,GL-4396,2026-03-15 14:04:00,7.60406,10.700615,6.0,4.49
T04,GL-4396,2026-03-15 14:05:00,7.603467,10.700555,8.9,4.74
T04,GL-4396,2026-03-15 14:06:00,7.602802,10.700573,7.7,4.75
T04,GL-4396,2026-03-15 14:07:00,7.602234,10.700572,5.2,3.05
T04,GL-4396,2026-03-15 14:08:00,7.601546,10.70068,11.0,3.61
T04,GL-4396,2026-03-15 14:09:00,7.60107,10.700606,4.5,4.71
T04,GL-4396,2026-03-15 14:10:00,7.600398,10.700689,10.8,3.76
T04,GL-4396,2026-03-15 14:11:00,7.599814,10.700619,4.2,4.7
T04,GL-4396,2026-03-15 14:12:00,7.599171,10.700686,4.3,4.99
T04,GL-4396,2026-03-15 14:13:00,7.598527,10.700654,7.0,3.62
T04,GL-4396,2026-03-15 14:14:00,7.597956,10.700668,8.6,3.44
T04,GL-4396,2026-03-15 14:15:00,7.597246,10.700587,11.8,3.94
T04,GL-4396,2026-03-15 14:16:00,7.596714,10.700722,4.2,5.34
T04,GL-4396,2026-03-15 14:17:00,7.596179,10.700572,7.7,3.33
T04,GL-4396,2026-03-15 14:18:00,7.595626,10.700682,6.5,4.39
T04,GL-4396,2026-03-15 14:19:00,7.594944,10.70065,9.1,4.93
T04,GL-4396,2026-03-15 14:20:00,7.594417,10.700685,9.6,5.47
T04,GL-4396,2026-03-15 14:21:00,7.593845,10.700801,5.5,4.21
T04,GL-4396,2026-03-15 14:22:00,7.593134,10.700734,8.1,4.36
T04,GL-4396,2026-03-15 14:23:00,7.592623,10.700724,6.9,3.85
T04,GL-4396,2026-03-15 14:24:00,7.591926,10.700729,9.8,4.42
T04,GL-4396,2026-03-15 14:25:00,7.591276,10.700721,9.6,4.8
T04,GL-4396,2026-03-15 14:26:00,7.59071,10.700743,5.7,3.67
T04,GL-4396,2026-03-15 14:27:00,7.590215,10.700678,10.3,4.62
T04,GL-4396,2026-03-15 14:28:00,7.589609,10.700575,6.2,3.62
T04,GL-4396,2026-03-15 14:29:00,7.588991,10.700678,4.7,4.8
T04,GL-4396,2026-03-15 14:30:00,7.588252,10.700759,4.9,4.49
T04,GL-4396,2026-03-15 14:31:00,7.587727,10.700676,9.3,5.53
T04,GL-4396,2026-03-15 14:32:00,7.587014,10.700637,5.7,4.14
T04,GL-4396,2026-03-15 14:33:00,7.586425,10.700725,4.5,2.8
T04,GL-4396,2026-03-15 14:34:00,7.585851,10.700729,7.6,4.94
T04,GL-4396,2026-03-15 14:35:00,7.585411,10.700784,8.6,5.36
T04,GL-4396,2026-03-15 14:36:00,7.584715,10.700673,8.9,5.23
T04,GL-4396,2026-03-15 14:37:00,7.584093,10.700788,4.3,4.64
T04,GL-4396,2026-03-15 14:38:00,7.583492,10.700759,7.9,3.05
T04,GL-4396,2026-03-15 14:39:00,7.582721,10.700717,5.1,4.93
T04,GL-4396,2026-03-15 14:40:00,7.582094,10.700698,9.2,4.3
T04,GL-4396,2026-03-15 14:41:00,7.581654,10.700723,9.8,4.19
T04,GL-4396,2026-03-15 14:42:00,7.581089,10.700689,6.6,4.14
T04,GL-4396,2026-03-15 14:43:00,7.580467,10.700846,10.3,4.45
T04,GL-4396,2026-03-15 14:44:00,7.579762,10.70083,7.1,3.67
T04,GL-4396,2026-03-15 14:45:00,7.579196,10.700818,9.8,4.45
T04,GL-4396,2026-03-15 14:46:00,7.578613,10.700744,5.0,3.5
T04,GL-4396,2026-03-15 14:47:00,7.577942,10.700743,8.1,5.4
T04,GL-4396,2026-03-15 14:48:00,7.577444,10.700856,5.1,3.87
T04,GL-4396,2026-03-15 14:49:00,7.576732,10.700771,11.3,5.53
T04,GL-4396,2026-03-15 14:50:00,7.576179,10.700832,5.8,4.95
T04,GL-4396,2026-03-15 14:51:00,7.575594,10.700769,11.6,5.6
T04,GL-4396,2026-03-15 14:52:00,7.574935,10.700896,8.3,3.49
T04,GL-4396,2026-03-15 14:53:00,7.57428,10.700762,8.5,5.11
T04,GL-4396,2026-03-15 14:54:00,7.573702,10.700817,11.4,3.87
T04,GL-4396,2026-03-15 14:55:00,7.573209,10.700824,4.1,3.1
T04,GL-4396,2026-03-15 14:56:00,7.572681,10.700987,11.4,5.56
T04,GL-4396,2026-03-15 14:57:00,7.571875,10.700805,7.9,4.56
T04,GL-4396,2026-03-15 14:58:00,7.571305,10.700823,10.8,4.84
T04,GL-4396,2026-03-15 14:59:00,7.570627,10.70083,10.2,4.1
T04,GL-4396,2026-03-15 15:00:00,7.570112,10.700779,6.5,4.98
T04,GL-4396,2026-03-15 15:01:00,7.569512,10.700833,4.5,5.07
T04,GL-4396,2026-03-15 15:02:00,7.568897,10.700788,8.4,4.3
T04,GL-4396,2026-03-15 15:03:00,7.568272,10.700943,6.2,3.15
T04,GL-4396,2026-03-15 15:04:00,7.567743,10.700806,8.8,4.59
T04,GL-4396,2026-03-15 15:05:00,7.567083,10.700867,5.5,5.26
T04,GL-4396,2026-03-15 15:06:00,7.566572,10.700978,9.2,5.3
T04,GL-4396,2026-03-15 15:07:00,7.565917,10.700818,7.6,4.86
T04,GL-4396,2026-03-15 15:08:00,7.565316,10.70082,,5.19
T04,GL-4396,2026-03-15 15:09:00,7.56476,10.700883,11.5,4.06
T04,GL-4396,2026-03-15 15:10:00,7.564078,10.700865,9.0,4.79
T04,GL-4396,2026-03-15 15:11:00,7.563514,10.700838,8.4,5.38
T04,GL-4396,2026-03-15 15:12:00,7.562886,10.700945,8.2,3.35
T04,GL-4396,2026-03-15 15:13:00,7.562285,10.700851,11.5,2.8
T04,GL-4396,2026-03-15 15:14:00,7.561714,10.700902,11.9,4.52
T04,GL-4396,2026-03-15 15:15:00,7.561059,10.700896,6.4,3.44
T04,GL-4396,2026-03-15 15:16:00,7.560544,10.700901,5.2,4.01
T04,GL-4396,2026-03-15 15:17:00,7.559929,10.700988,9.9,4.27
T04,GL-4396,2026-03-15 15:18:00,7.770295,10.700877,10.3,408.69
T04,GL-4396,2026-03-15 15:19:00,7.558632,10.700848,7.3,3.2
T04,GL-4396,2026-03-15 15:20:00,7.558046,10.700926,6.3,2.8
T04,GL-4396,2026-03-15 15:21:00,7.557478,10.700917,6.9,2.98
T04,GL-4396,2026-03-15 15:22:00,7.556895,10.700917,10.1,4.77
T04,GL-4396,2026-03-15 15:23:00,7.556235,10.700968,5.9,4.15
T04,GL-4396,2026-03-15 15:24:00,7.555613,10.700955,11.3,3.71
T04,GL-4396,2026-03-15 15:25:00,7.555007,10.701012,6.5,3.8
T04,GL-4396,2026-03-15 15:26:00,7.554509,10.701006,8.2,3.43
T04,GL-4396,2026-03-15 15:27:00,7.553751,10.701156,10.1,4.18
T04,GL-4396,2026-03-15 15:28:00,7.553303,10.701013,4.3,3.96
T04,GL-4396,2026-03-15 15:29:00,7.55265,10.700999,6.6,3.37
T04,GL-4396,2026-03-15 15:30:00,7.552028,10.700849,8.9,4.17
T04,GL-4396,2026-03-15 15:31:00,7.551377,10.701027,7.4,4.98
T04,GL-4396,2026-03-15 15:32:00,7.550823,10.70103,4.3,4.33
T04,GL-4396,2026-03-15 15:33:00,7.550162,10.700994,11.3,4.23
T04,GL-4396,2026-03-15 15:34:00,7.549563,10.700999,8.3,4.69
T04,GL-4396,2026-03-15 15:35:00,7.548977,10.701018,11.7,3.52
T04,GL-4396,2026-03-15 15:36:00,7.54839,10.700992,7.0,4.85
T04,GL-4396,2026-03-15 15:37:00,7.547796,10.701031,10.0,3.83
T04,GL-4396,2026-03-15 15:38:00,7.547172,10.701175,6.7,4.09
T04,GL-4396,2026-03-15 15:39:00,7.546554,10.700978,8.0,3.66
T04,GL-4396,2026-03-15 15:40:00,7.545992,10.70104,10.7,5.53
T04,GL-4396,2026-03-15 15:41:00,7.545296,10.701079,6.1,3.41
T04,GL-4396,2026-03-15 15:42:00,7.544823,10.700925,10.3,4.29
T04,GL-4396,2026-03-15 15:43:00,7.544098,10.701089,6.1,4.09
T04,GL-4396,2026-03-15 15:44:00,7.543598,10.701096,6.5,3.27
T04,GL-4396,2026-03-15 15:45:00,7.542988,10.701056,7.0,4.38
T04,GL-4396,2026-03-15 15:46:00,7.542252,10.701028,9.1,4.34
T04,GL-4396,2026-03-15 15:47:00,7.541831,10.701077,4.0,3.1
T04,GL-4396,2026-03-15 15:48:00,7.541083,10.701132,6.2,3.76
T04,GL-4396,2026-03-15 15:49:00,7.540536,10.701169,11.8,4.06
T04,GL-4396,2026-03-15 15:50:00,7.539989,10.70111,5.4,5.53
T04,GL-4396,2026-03-15 15:51:00,7.539306,10.701146,7.9,3.04
T04,GL-4396,2026-03-15 15:52:00,7.538731,10.701123,11.4,4.9
T04,GL-4396,2026-03-15 15:53:00,7.538072,10.70114,7.7,4.03
T04,GL-4396,2026-03-15 15:54:00,7.53754,10.700963,10.2,3.63
T04,GL-4396,2026-03-15 15:55:00,7.536952,10.701093,9.3,4.13
T04,GL-4396,2026-03-15 15:56:00,7.536205,10.701185,10.6,5.44
T04,GL-4396,2026-03-15 15:57:00,7.535702,10.701113,10.3,4.62
T04,GL-4396,2026-03-15 15:58:00,7.535148,10.701102,4.1,3.07
T04,GL-4396,2026-03-15 15:59:00,7.534534,10.701138,8.0,4.44
T04,GL-4396,2026-03-15 16:00:00,7.5339,10.701079,5.1,4.36
T04,GL-4396,2026-03-15 16:01:00,7.533315,10.701134,7.8,3.36
T04,GL-4396,2026-03-15 16:02:00,7.532669,10.70105,4.0,3.3
T04,GL-4396,2026-03-15 16:03:00,7.532064,10.701192,8.4,3.72
T04,GL-4396,2026-03-15 16:04:00,7.531439,10.701189,7.6,5.18
T04,GL-4396,2026-03-15 16:05:00,7.530744,10.701056,5.2,4.67
T04,GL-4396,2026-03-15 16:06:00,7.530356,10.701253,9.8,4.63
T04,GL-4396,2026-03-15 16:07:00,7.529619,10.701161,6.9,3.06
T04,GL-4396,2026-03-15 16:08:00,7.529045,10.701145,7.2,3.79
T04,GL-4396,2026-03-15 16:09:00,7.528467,10.701236,8.5,3.51
T04,GL-4396,2026-03-15 16:10:00,7.527913,10.701043,6.3,3.2
T04,GL-4396,2026-03-15 16:11:00,7.527314,10.701136,11.6,4.51
T04,GL-4396,2026-03-15 16:12:00,7.526645,10.70116,7.2,4.45
T04,GL-4396,2026-03-15 16:13:00,7.526077,10.701284,11.4,3.17
T04,GL-4396,2026-03-15 16:14:00,7.525403,10.701232,4.8,2.82
T04,GL-4396,2026-03-15 16:15:00,7.524908,10.701152,10.9,4.99
T04,GL-4396,2026-03-15 16:16:00,7.524294,10.701197,5.4,4.85
T04,GL-4396,2026-03-15 16:17:00,7.309827,10.701121,4.4,291.81
T04,GL-4396,2026-03-15 16:18:00,7.523007,10.701216,8.0,2.93
T04,GL-4396,2026-03-15 16:19:00,7.522365,10.701253,5.3,2.9
T04,GL-4396,2026-03-15 16:20:00,7.521858,10.701083,11.1,4.62
T04,GL-4396,2026-03-15 16:21:00,7.521246,10.701182,5.9,5.12
T04,GL-4396,2026-03-15 16:22:00,7.520555,10.70121,5.2,3.07
T04,GL-4396,2026-03-15 16:23:00,7.519918,10.701276,8.3,3.71
T04,GL-4396,2026-03-15 16:24:00,7.519381,10.701227,8.4,4.37
T04,GL-4396,2026-03-15 16:25:00,7.518791,10.701222,9.8,5.09
T04,GL-4396,2026-03-15 16:26:00,7.518282,10.70126,6.1,2.99
T04,GL-4396,2026-03-15 16:27:00,7.517442,10.70118,8.7,3.73
T04,GL-4396,2026-03-15 16:28:00,7.517026,10.701289,10.1,2.89
T04,GL-4396,2026-03-15 16:29:00,7.516297,10.701225,10.0,5.15
T04,GL-4396,2026-03-15 16:30:00,7.515732,10.701239,11.4,3.65
T04,GL-4396,2026-03-15 16:31:00,7.515127,10.701345,10.1,3.47
T04,GL-4396,2026-03-15 16:32:00,7.514583,10.701194,8.3,5.27
T04,GL-4396,2026-03-15 16:33:00,7.5141,10.701307,10.2,4.12
T04,GL-4396,2026-03-15 16:34:00,7.51332,10.701302,6.0,5.1
T04,GL-4396,2026-03-15 16:35:00,7.512699,10.701286,4.5,4.75
T04,GL-4396,2026-03-15 16:36:00,7.51214,10.701429,5.9,5.06
T04,GL-4396,2026-03-15 16:37:00,7.511554,10.701348,10.0,5.17
T04,GL-4396,2026-03-15 16:38:00,7.510896,10.701328,11.0,5.06
T04,GL-4396,2026-03-15 16:39:00,7.510294,10.701425,8.2,4.08
T04,GL-4396,2026-03-15 16:40:00,7.509753,10.701243,11.4,5.17
T04,GL-4396,2026-03-15 16:41:00,7.509145,10.701239,4.5,2.96
T04,GL-4396,2026-03-15 16:42:00,7.508564,10.701236,5.3,4.47
T04,GL-4396,2026-03-15 16:43:00,7.507883,10.70133,6.2,3.0
T04,GL-4396,2026-03-15 16:44:00,7.507287,10.701257,11.4,4.35
T04,GL-4396,2026-03-15 16:45:00,7.506774,10.701364,4.9,5.05
T04,GL-4396,2026-03-15 16:46:00,7.506096,10.701376,8.3,3.32
T04,GL-4396,2026-03-15 16:47:00,7.505417,10.701453,5.0,3.66
T04,GL-4396,2026-03-15 16:48:00,7.504823,10.70143,8.7,3.53
T04,GL-4396,2026-03-15 16:49:00,7.504274,10.701412,5.3,3.14
T04,GL-4396,2026-03-15 16:50:00,7.503592,10.701247,9.0,5.18
T04,GL-4396,2026-03-15 16:51:00,7.503129,10.701462,6.6,3.34
T04,GL-4396,2026-03-15 16:52:00,7.502513,10.701379,,5.34
T04,GL-4396,2026-03-15 16:53:00,7.501853,10.701346,6.4,3.31
T04,GL-4396,2026-03-15 16:54:00,7.50139,10.701317,8.3,4.39
T04,GL-4396,2026-03-15 16:55:00,7.500663,10.701356,10.5,4.25
T04,GL-4396,2026-03-15 16:56:00,7.500109,10.70135,5.3,3.55
T04,GL-4396,2026-03-15 16:57:00,7.499425,10.701411,11.9,5.16
T04,GL-4396,2026-03-15 16:58:00,7.498835,10.701412,10.6,5.1
T04,GL-4396,2026-03-15 16:59:00,7.498185,10.701383,11.3,4.05
T04,GL-4396,2026-03-15 17:00:00,7.497705,10.701464,8.1,3.44
T04,GL-4396,2026-03-15 17:01:00,7.497048,10.701461,8.1,5.42
T04,GL-4396,2026-03-15 17:02:00,7.496473,10.701453,5.7,3.77
T04,GL-4396,2026-03-15 17:03:00,7.495867,10.701468,9.6,5.54
T04,GL-4396,2026-03-15 17:04:00,7.49516,10.701545,10.5,4.02
T04,GL-4396,2026-03-15 17:05:00,7.494661,10.701406,7.8,3.84
T04,GL-4396,2026-03-15 17:06:00,7.493932,10.70133,5.8,4.06
T04,GL-4396,2026-03-15 17:07:00,7.493345,10.701503,11.6,4.11
T04,GL-4396,2026-03-15 17:08:00,7.492731,10.70143,4.2,3.77
T04,GL-4396,2026-03-15 17:09:00,7.492123,10.701497,5.2,3.28
T04,GL-4396,2026-03-15 17:10:00,7.491597,10.70148,5.8,4.65
T04,GL-4396,2026-03-15 17:11:00,7.490913,10.701442,4.9,5.28
T04,GL-4396,2026-03-15 17:12:00,7.490339,10.701398,12.0,4.08
T04,GL-4396,2026-03-15 17:13:00,7.489693,10.701538,6.5,5.23
T04,GL-4396,2026-03-15 17:14:00,7.489117,10.701482,8.9,5.16
T04,GL-4396,2026-03-15 17:15:00,7.488478,10.701435,9.2,3.8
T04,GL-4396,2026-03-15 17:16:00,7.487915,10.70147,8.4,4.01
T04,GL-4396,2026-03-15 17:17:00,7.487342,10.701528,11.0,5.22
T04,GL-4396,2026-03-15 17:18:00,7.486668,10.701489,5.3,3.41
T04,GL-4396,2026-03-15 17:19:00,7.486141,10.701488,9.9,5.12
T04,GL-4396,2026-03-15 17:20:00,7.485517,10.701473,6.2,4.29
T04,GL-4396,2026-03-15 17:21:00,7.484967,10.701465,11.3,3.71
T04,GL-4396,2026-03-15 17:22:00,7.484253,10.70157,11.2,5.52
T04,GL-4396,2026-03-15 17:23:00,7.48377,10.701559,4.4,4.82
T04,GL-4396,2026-03-15 17:24:00,7.483113,10.701606,10.9,3.29
T04,GL-4396,2026-03-15 17:25:00,7.482529,10.701493,5.8,4.21
T04,GL-4396,2026-03-15 17:26:00,7.481786,10.701533,4.1,4.79
T04,GL-4396,2026-03-15 17:27:00,7.481348,10.701541,6.3,3.69
T04,GL-4396,2026-03-15 17:28:00,7.480707,10.701503,5.8,4.41
T04,GL-4396,2026-03-15 17:29:00,7.480099,10.701688,11.4,5.44
T04,GL-4396,2026-03-15 17:30:00,7.479467,10.701562,11.4,5.47
T04,GL-4396,2026-03-15 17:31:00,7.478806,10.70151,7.4,4.35
T04,GL-4396,2026-03-15 17:32:00,7.478332,10.701589,9.3,3.38
T04,GL-4396,2026-03-15 17:33:00,7.477674,10.701439,11.6,3.63
T04,GL-4396,2026-03-15 17:34:00,7.477206,10.701562,4.5,2.92
T04,GL-4396,2026-03-15 17:35:00,7.476546,10.70162,4.5,4.15
T04,GL-4396,2026-03-15 17:36:00,7.475836,10.70159,5.1,4.46
T04,GL-4396,2026-03-15 17:37:00,7.475261,10.701557,10.1,3.35
T04,GL-4396,2026-03-15 17:38:00,7.474751,10.701659,8.0,3.92
T04,GL-4396,2026-03-15 17:39:00,7.474097,10.701638,10.9,5.45
T04,GL-4396,2026-03-15 17:40:00,7.473446,10.701608,9.1,3.69
T04,GL-4396,2026-03-15 17:41:00,7.47281,10.701651,4.7,4.57
T04,GL-4396,2026-03-15 17:42:00,7.47226,10.701617,7.5,4.81
T04,GL-4396,2026-03-15 17:43:00,7.471672,10.701628,11.4,3.34
T04,GL-4396,2026-03-15 17:44:00,7.471049,10.701599,7.6,2.96
T04,GL-4396,2026-03-15 17:45:00,7.470475,10.701655,7.4,4.44
T04,GL-4396,2026-03-15 17:46:00,7.469819,10.701655,,3.54
T04,GL-4396,2026-03-15 17:47:00,7.469256,10.701719,6.1,3.26
T04,GL-4396,2026-03-15 17:48:00,7.468645,10.701588,10.5,3.47
T04,GL-4396,2026-03-15 17:49:00,7.467842,10.701732,7.5,3.9
T04,GL-4396,2026-03-15 17:50:00,7.46737,10.701615,10.1,4.17
T04,GL-4396,2026-03-15 17:51:00,7.466757,10.70162,10.4,3.31
T04,GL-4396,2026-03-15 17:52:00,7.466,10.701713,4.4,4.9
T04,GL-4396,2026-03-15 17:53:00,7.465598,10.701618,11.7,3.06
T04,GL-4396,2026-03-15 17:54:00,7.465028,10.701623,,3.35
T04,GL-4396,2026-03-15 17:55:00,7.464372,10.70175,4.6,4.3
T04,GL-4396,2026-03-15 17:56:00,7.463787,10.701581,8.6,4.77
T04,GL-4396,2026-03-15 17:57:00,7.463145,10.701693,9.9,5.31
T04,GL-4396,2026-03-15 17:58:00,7.462502,10.701662,12.0,4.31
T04,GL-4396,2026-03-15 17:59:00,7.461901,10.701687,7.9,2.94
T04,GL-4396,2026-03-15 18:00:00,7.461349,10.701719,11.2,3.11
T04,GL-4396,2026-03-15 18:01:00,7.460661,10.701634,7.7,4.53
T04,GL-4396,2026-03-15 18:02:00,7.46013,10.701635,10.8,3.19
T04,GL-4396,2026-03-15 18:03:00,7.459477,10.701647,10.0,2.98
T04,GL-4396,2026-03-15 18:04:00,7.458961,10.701576,11.5,5.38
T04,GL-4396,2026-03-15 18:05:00,7.458304,10.701637,8.2,4.57
T04,GL-4396,2026-03-15 18:06:00,7.457847,10.701716,6.4,2.9
T04,GL-4396,2026-03-15 18:07:00,7.457198,10.701704,9.8,4.07
T04,GL-4396,2026-03-15 18:08:00,7.456549,10.701614,9.9,4.09
T04,GL-4396,2026-03-15 18:09:00,7.455806,10.701617,11.3,4.39
T04,GL-4396,2026-03-15 18:10:00,7.455285,10.701704,9.2,4.74
T04,GL-4396,2026-03-15 18:11:00,7.45465,10.701783,11.3,4.58
T04,GL-4396,2026-03-15 18:12:00,7.454076,10.701726,8.8,4.08
T04,GL-4396,2026-03-15 18:13:00,7.453435,10.701784,8.9,2.97
T04,GL-4396,2026-03-15 18:14:00,7.45278,10.701637,5.7,3.21
T04,GL-4396,2026-03-15 18:15:00,7.452322,10.701833,9.4,5.18
T04,GL-4396,2026-03-15 18:16:00,7.451694,10.701683,6.5,4.93
T04,GL-4396,2026-03-15 18:17:00,7.45108,10.701606,11.5,3.28
T04,GL-4396,2026-03-15 18:18:00,7.450512,10.701724,11.5,5.47
T04,GL-4396,2026-03-15 18:19:00,7.44991,10.70179,8.6,3.84
T04,GL-4396,2026-03-15 18:20:00,7.449301,10.701876,11.2,4.84
T04,GL-4396,2026-03-15 18:21:00,7.448652,10.701766,7.6,5.43
T04,GL-4396,2026-03-15 18:22:00,7.448065,10.701812,11.2,5.46
T04,GL-4396,2026-03-15 18:23:00,7.447484,10.701822,11.9,5.45
T04,GL-4396,2026-03-15 18:24:00,7.446743,10.701799,8.7,2.95
T04,GL-4396,2026-03-15 18:25:00,7.446217,10.701826,5.2,5.42
T04,GL-4396,2026-03-15 18:26:00,7.445598,10.701845,10.9,3.79
T04,GL-4396,2026-03-15 18:27:00,7.444918,10.701762,10.8,4.79
T04,GL-4396,2026-03-15 18:28:00,7.444471,10.701824,9.0,4.82
T04,GL-4396,2026-03-15 18:29:00,7.443866,10.701741,4.5,5.5
T04,GL-4396,2026-03-15 18:30:00,7.443186,10.701794,5.7,5.45
T04,GL-4396,2026-03-15 18:31:00,7.442712,10.701795,4.0,3.74
T04,GL-4396,2026-03-15 18:32:00,7.441995,10.701746,5.5,3.03
T04,GL-4396,2026-03-15 18:33:00,7.44134,10.7018,9.8,3.3
T04,GL-4396,2026-03-15 18:34:00,7.769701,10.70192,5.2,453.85
T04,GL-4396,2026-03-15 18:35:00,7.440119,10.701728,5.0,3.16
T04,GL-4396,2026-03-15 18:36:00,7.439649,10.701893,11.4,2.85
T04,GL-4396,2026-03-15 18:37:00,7.439101,10.701789,7.9,4.11
T04,GL-4396,2026-03-15 18:38:00,7.4384,10.701819,6.7,5.35
T04,GL-4396,2026-03-15 18:39:00,7.43782,10.701928,8.6,3.3
T04,GL-4396,2026-03-15 18:40:00,7.437143,10.701798,7.0,4.11
T04,GL-4396,2026-03-15 18:41:00,7.43641,10.701814,4.2,4.99
T04,GL-4396,2026-03-15 18:42:00,7.436014,10.701916,6.2,4.3
T04,GL-4396,2026-03-15 18:43:00,7.435402,10.701933,6.3,4.14
T04,GL-4396,2026-03-15 18:44:00,7.434672,10.701893,7.1,3.17
T04,GL-4396,2026-03-15 18:45:00,7.434194,10.701931,6.6,3.05
T04,GL-4396,2026-03-15 18:46:00,7.43359,10.701868,11.4,4.83
T04,GL-4396,2026-03-15 18:47:00,7.432976,10.701879,5.4,4.7
T04,GL-4396,2026-03-15 18:48:00,7.432344,10.701861,9.7,5.44
T04,GL-4396,2026-03-15 18:49:00,7.431774,10.701914,10.2,4.13
T04,GL-4396,2026-03-15 18:50:00,7.430995,10.701834,11.8,5.17
T04,GL-4396,2026-03-15 18:51:00,7.43054,10.701924,5.5,4.24
T04,GL-4396,2026-03-15 18:52:00,7.429857,10.701952,10.5,3.43
T04,GL-4396,2026-03-15 18:53:00,7.42934,10.701917,8.8,3.92
T04,GL-4396,2026-03-15 18:54:00,7.428787,10.701866,7.6,4.84
T04,GL-4396,2026-03-15 18:55:00,7.428144,10.701909,8.1,4.9
T04,GL-4396,2026-03-15 18:56:00,7.427457,10.701937,11.2,4.82
T04,GL-4396,2026-03-15 18:57:00,7.426799,10.701958,8.8,3.83
T04,GL-4396,2026-03-15 18:58:00,7.426349,10.701994,4.1,4.11
T04,GL-4396,2026-03-15 18:59:00,7.425755,10.702062,,5.18
T04,GL-4396,2026-03-15 19:00:00,7.42512,10.70201,10.4,5.33
T04,GL-4396,2026-03-15 19:01:00,7.424604,10.701965,11.6,4.22
T04,GL-4396,2026-03-15 19:02:00,7.423827,10.701987,9.7,3.08
T04,GL-4396,2026-03-15 19:03:00,7.423187,10.701915,11.1,4.09
T04,GL-4396,2026-03-15 19:04:00,7.422705,10.702036,10.1,3.84
T04,GL-4396,2026-03-15 19:05:00,7.421967,10.702033,5.4,5.07
T04,GL-4396,2026-03-15 19:06:00,7.42146,10.701995,10.9,5.39
T04,GL-4396,2026-03-15 19:07:00,7.420852,10.702015,9.6,4.22
T04,GL-4396,2026-03-15 19:08:00,7.420332,10.701982,6.7,4.23
T04,GL-4396,2026-03-15 19:09:00,7.419633,10.702002,8.8,3.29
T04,GL-4396,2026-03-15 19:10:00,7.419084,10.702074,11.7,5.04
T04,GL-4396,2026-03-15 19:11:00,7.418388,10.701998,6.0,3.8
T04,GL-4396,2026-03-15 19:12:00,7.417883,10.702009,10.8,3.21
T04,GL-4396,2026-03-15 19:13:00,7.417117,10.702005,6.0,4.39
T04,GL-4396,2026-03-15 19:14:00,7.416694,10.701982,11.7,4.64
T04,GL-4396,2026-03-15 19:15:00,7.416044,10.701986,6.4,3.13
T04,GL-4396,2026-03-15 19:16:00,7.415413,10.701979,10.9,3.04
T04,GL-4396,2026-03-15 19:17:00,7.414778,10.701992,7.0,5.4
T04,GL-4396,2026-03-15 19:18:00,7.414229,10.702009,11.9,4.62
T04,GL-4396,2026-03-15 19:19:00,7.413578,10.702047,4.8,3.59
T04,GL-4396,2026-03-15 19:20:00,7.413007,10.701953,6.1,5.22
T04,GL-4396,2026-03-15 19:21:00,7.412374,10.70203,7.3,4.76
T04,GL-4396,2026-03-15 19:22:00,7.411711,10.702011,5.3,2.82
T04,GL-4396,2026-03-15 19:23:00,7.411219,10.701991,5.8,3.45
T04,GL-4396,2026-03-15 19:24:00,7.410598,10.702034,9.9,4.85
T04,GL-4396,2026-03-15 19:25:00,7.409933,10.702062,10.3,3.19
T04,GL-4396,2026-03-15 19:26:00,7.409379,10.702043,6.2,4.15
T04,GL-4396,2026-03-15 19:27:00,7.40871,10.702,5.9,3.14
T04,GL-4396,2026-03-15 19:28:00,7.408253,10.702098,6.2,5.45
T04,GL-4396,2026-03-15 19:29:00,7.407681,10.702125,6.0,3.08
T04,GL-4396,2026-03-15 19:30:00,7.406921,10.702053,8.9,4.21
T04,GL-4396,2026-03-15 19:31:00,7.406434,10.702047,10.3,3.63
T04,GL-4396,2026-03-15 19:32:00,7.405703,10.702072,8.6,5.2
T04,GL-4396,2026-03-15 19:33:00,7.405062,10.702117,9.2,5.14
T04,GL-4396,2026-03-15 19:34:00,7.404539,10.702145,4.3,5.55
T04,GL-4396,2026-03-15 19:35:00,7.404032,10.702273,11.5,3.7
T04,GL-4396,2026-03-15 19:36:00,7.403253,10.70212,4.6,5.43
T04,GL-4396,2026-03-15 19:37:00,7.40265,10.702077,11.6,4.53
T04,GL-4396,2026-03-15 19:38:00,7.402115,10.702209,5.9,3.83
T04,GL-4396,2026-03-15 19:39:00,7.401511,10.702145,11.8,4.97
T04,GL-4396,2026-03-15 19:40:00,7.400906,10.702131,9.3,3.75
T04,GL-4396,2026-03-15 19:41:00,7.400361,10.702104,7.0,4.58
T04,GL-4396,2026-03-15 19:42:00,7.399757,10.702173,11.4,5.29
T04,GL-4396,2026-03-15 19:43:00,7.399074,10.702059,9.2,4.3
T04,GL-4396,2026-03-15 19:44:00,7.398469,10.702177,9.2,3.2
T04,GL-4396,2026-03-15 19:45:00,7.397894,10.70215,11.8,4.44
T04,GL-4396,2026-03-15 19:46:00,7.397287,10.702123,9.0,4.29
T04,GL-4396,2026-03-15 19:47:00,7.396724,10.702264,6.3,4.22
T04,GL-4396,2026-03-15 19:48:00,7.396096,10.702138,10.4,5.5
T04,GL-4396,2026-03-15 19:49:00,7.39558,10.702069,8.0,4.0
T04,GL-4396,2026-03-15 19:50:00,7.394899,10.70211,11.6,3.76
T04,GL-4396,2026-03-15 19:51:00,7.394254,10.70225,9.0,3.82
T04,GL-4396,2026-03-15 19:52:00,7.393604,10.70221,4.4,4.87
T04,GL-4396,2026-03-15 19:53:00,7.393068,10.70208,7.2,4.96
T04,GL-4396,2026-03-15 19:54:00,7.392395,10.702234,7.4,5.58
T04,GL-4396,2026-03-15 19:55:00,7.391902,10.702111,6.2,2.86
T04,GL-4396,2026-03-15 19:56:00,7.391187,10.702174,11.6,3.85
T04,GL-4396,2026-03-15 19:57:00,7.390617,10.702246,10.2,2.87
T04,GL-4396,2026-03-15 19:58:00,7.389978,10.702206,6.1,4.03
T04,GL-4396,2026-03-15 19:59:00,7.389452,10.70222,8.8,4.55
T04,GL-4396,2026-03-15 20:00:00,7.388867,10.702315,5.6,4.65
T04,GL-4396,2026-03-15 20:01:00,7.3882,10.702356,4.7,3.43
T04,GL-4396,2026-03-15 20:02:00,7.387614,10.702254,6.0,4.54
T04,GL-4396,2026-03-15 20:03:00,7.387026,10.702234,8.1,5.25
T04,GL-4396,2026-03-15 20:04:00,7.386387,10.702172,5.9,5.12
T04,GL-4396,2026-03-15 20:05:00,7.385778,10.702155,10.2,3.77
T04,GL-4396,2026-03-15 20:06:00,7.385171,10.702309,9.4,4.96
T04,GL-4396,2026-03-15 20:07:00,7.384528,10.702376,6.0,5.41
T04,GL-4396,2026-03-15 20:08:00,7.383968,10.702216,5.0,3.16
T04,GL-4396,2026-03-15 20:09:00,7.383302,10.702307,7.5,3.53
T04,GL-4396,2026-03-15 20:10:00,7.382796,10.702226,7.7,5.47
T04,GL-4396,2026-03-15 20:11:00,7.382138,10.702141,6.3,3.07
T04,GL-4396,2026-03-15 20:12:00,7.381483,10.702262,4.6,2.85
T04,GL-4396,2026-03-15 20:13:00,7.38091,10.702323,11.0,4.82
T04,GL-4396,2026-03-15 20:14:00,7.380302,10.702256,6.9,3.79
T04,GL-4396,2026-03-15 20:15:00,7.379732,10.702289,6.5,5.18
T04,GL-4396,2026-03-15 20:16:00,7.379215,10.702219,5.7,3.5
T04,GL-4396,2026-03-15 20:17:00,7.378514,10.70242,10.0,4.38
T04,GL-4396,2026-03-15 20:18:00,7.377916,10.70237,8.4,5.28
T04,GL-4396,2026-03-15 20:19:00,7.377377,10.70231,9.8,4.74
T04,GL-4396,2026-03-15 20:20:00,7.376718,10.702384,5.2,4.05
T04,GL-4396,2026-03-15 20:21:00,7.376151,10.702293,7.7,3.07
T04,GL-4396,2026-03-15 20:22:00,7.375538,10.702288,11.0,3.71
T04,GL-4396,2026-03-15 20:23:00,7.374908,10.702368,5.4,4.25
T04,GL-4396,2026-03-15 20:24:00,7.374303,10.702424,11.2,5.39
T04,GL-4396,2026-03-15 20:25:00,7.37363,10.702262,4.7,5.4
T04,GL-4396,2026-03-15 20:26:00,7.373106,10.702333,10.0,4.25
T04,GL-4396,2026-03-15 20:27:00,7.372499,10.702469,5.3,5.09
T04,GL-4396,2026-03-15 20:28:00,7.371876,10.702437,11.7,3.91
T04,GL-4396,2026-03-15 20:29:00,7.371212,10.702452,10.7,3.37
T04,GL-4396,2026-03-15 20:30:00,7.370656,10.702308,6.1,3.56
T04,GL-4396,2026-03-15 20:31:00,7.37021,10.702418,9.3,3.83
T04,GL-4396,2026-03-15 20:32:00,7.369468,10.702259,7.1,4.3
T04,GL-4396,2026-03-15 20:33:00,7.368976,10.702334,5.6,4.42
T04,GL-4396,2026-03-15 20:34:00,7.368284,10.702436,4.6,4.64
T04,GL-4396,2026-03-15 20:35:00,7.367672,10.70231,6.9,3.99
T04,GL-4396,2026-03-15 20:36:00,7.367031,10.702387,4.3,3.11
T04,GL-4396,2026-03-15 20:37:00,7.366507,10.702508,7.2,4.2
T04,GL-4396,2026-03-15 20:38:00,7.365817,10.702423,6.2,4.09
T04,GL-4396,2026-03-15 20:39:00,7.365245,10.702408,11.2,4.16
T04,GL-4396,2026-03-15 20:40:00,7.36469,10.702455,6.4,5.51
T04,GL-4396,2026-03-15 20:41:00,7.363952,10.702358,5.0,4.6
T04,GL-4396,2026-03-15 20:42:00,7.363528,10.702454,11.0,2.87
T04,GL-4396,2026-03-15 20:43:00,7.362788,10.70238,7.8,3.0
T04,GL-4396,2026-03-15 20:44:00,7.362174,10.702534,6.3,4.56
T04,GL-4396,2026-03-15 20:45:00,7.361553,10.702463,10.5,4.1
T04,GL-4396,2026-03-15 20:46:00,7.360832,10.702532,9.4,3.44
T04,GL-4396,2026-03-15 20:47:00,7.360333,10.702479,8.8,3.22
T04,GL-4396,2026-03-15 20:48:00,7.359853,10.702578,9.3,3.32
T04,GL-4396,2026-03-15 20:49:00,7.359279,10.702472,9.6,5.04
T04,GL-4396,2026-03-15 20:50:00,7.358515,10.702522,11.6,5.41
T04,GL-4396,2026-03-15 20:51:00,7.35799,10.702408,10.9,3.49
T04,GL-4396,2026-03-15 20:52:00,7.357319,10.702424,7.1,4.19
T04,GL-4396,2026-03-15 20:53:00,7.356824,10.702495,9.9,4.91
T04,GL-4396,2026-03-15 20:54:00,7.356113,10.702431,6.8,3.9
T04,GL-4396,2026-03-15 20:55:00,7.355542,10.702473,5.0,3.93
T04,GL-4396,2026-03-15 20:56:00,7.354883,10.702485,4.3,4.03
T04,GL-4396,2026-03-15 20:57:00,7.354287,10.702565,5.1,2.86
T04,GL-4396,2026-03-15 20:58:00,7.353796,10.702406,8.5,4.88
T04,GL-4396,2026-03-15 20:59:00,7.353161,10.702482,10.4,3.35
T04,GL-4396,2026-03-15 21:00:00,7.352466,10.702465,5.6,4.29
T04,GL-4396,2026-03-15 21:01:00,7.351873,10.702517,7.1,3.51
T04,GL-4396,2026-03-15 21:02:00,7.351282,10.702494,6.2,3.28
T04,GL-4396,2026-03-15 21:03:00,7.350587,10.702492,11.2,3.9
T04,GL-4396,2026-03-15 21:04:00,7.350095,10.702396,4.1,3.77
T04,GL-4396,2026-03-15 21:05:00,7.349454,10.702527,9.9,4.31
T04,GL-4396,2026-03-15 21:06:00,7.348865,10.702533,11.5,4.59
T04,GL-4396,2026-03-15 21:07:00,7.348294,10.702549,11.2,3.1
T04,GL-4396,2026-03-15 21:08:00,7.760237,10.702486,6.1,301.91
T04,GL-4396,2026-03-15 21:09:00,7.347055,10.702541,5.1,4.54
T04,GL-4396,2026-03-15 21:10:00,7.346522,10.702579,8.9,4.93
T04,GL-4396,2026-03-15 21:11:00,7.345878,10.702566,7.5,5.33
T04,GL-4396,2026-03-15 21:12:00,7.345153,10.702617,11.6,4.4
T04,GL-4396,2026-03-15 21:13:00,7.344656,10.702564,7.2,4.12
T04,GL-4396,2026-03-15 21:14:00,7.344152,10.702617,5.4,5.41
T04,GL-4396,2026-03-15 21:15:00,7.34344,10.702532,9.4,2.9
T04,GL-4396,2026-03-15 21:16:00,7.342845,10.702703,5.2,3.04
T04,GL-4396,2026-03-15 21:17:00,7.342296,10.702675,4.4,4.55
T04,GL-4396,2026-03-15 21:18:00,7.341822,10.702628,7.2,3.34
T04,GL-4396,2026-03-15 21:19:00,7.340979,10.702578,4.5,4.12
T04,GL-4396,2026-03-15 21:20:00,7.340484,10.702543,10.3,2.94
T04,GL-4396,2026-03-15 21:21:00,7.339776,10.7026,7.4,4.96
T04,GL-4396,2026-03-15 21:22:00,7.339212,10.702595,9.8,5.52
T04,GL-4396,2026-03-15 21:23:00,7.338755,10.702608,9.8,4.23
T04,GL-4396,2026-03-15 21:24:00,7.338028,10.702676,5.6,4.13
T04,GL-4396,2026-03-15 21:25:00,7.337469,10.702679,8.5,3.12
T04,GL-4396,2026-03-15 21:26:00,7.33684,10.702571,6.1,4.53
T04,GL-4396,2026-03-15 21:27:00,7.336239,10.702598,9.1,3.44
T04,GL-4396,2026-03-15 21:28:00,7.335648,10.7026,7.1,3.71
T04,GL-4396,2026-03-15 21:29:00,7.334977,10.702682,6.6,4.4
T04,GL-4396,2026-03-15 21:30:00,7.334421,10.702718,11.5,3.54
T04,GL-4396,2026-03-15 21:31:00,7.333781,10.702677,5.9,4.7
T04,GL-4396,2026-03-15 21:32:00,7.333377,10.702647,,5.5
T04,GL-4396,2026-03-15 21:33:00,7.332618,10.702594,8.5,5.03
T04,GL-4396,2026-03-15 21:34:00,7.332012,10.702677,7.8,4.8
T04,GL-4396,2026-03-15 21:35:00,7.331413,10.702732,5.0,4.51
T04,GL-4396,2026-03-15 21:36:00,7.330867,10.702559,11.4,2.84
T04,GL-4396,2026-03-15 21:37:00,7.330115,10.702533,11.8,5.56
T04,GL-4396,2026-03-15 21:38:00,7.329524,10.702587,8.0,4.48
T04,GL-4396,2026-03-15 21:39:00,7.328948,10.702807,4.5,3.36
T04,GL-4396,2026-03-15 21:40:00,7.328353,10.702674,7.9,3.53
T04,GL-4396,2026-03-15 21:41:00,7.327767,10.702692,6.4,5.44
T04,GL-4396,2026-03-15 21:42:00,7.327119,10.702706,6.9,3.99
T04,GL-4396,2026-03-15 21:43:00,7.326598,10.702609,7.4,2.8
T04,GL-4396,2026-03-15 21:44:00,7.325769,10.702676,6.9,2.93
T04,GL-4396,2026-03-15 21:45:00,7.325409,10.702767,5.2,3.4
T04,GL-4396,2026-03-15 21:46:00,7.32473,10.702679,11.2,3.44
T04,GL-4396,2026-03-15 21:47:00,7.324281,10.702694,9.8,4.48
T04,GL-4396,2026-03-15 21:48:00,7.323563,10.702743,11.1,5.5
T04,GL-4396,2026-03-15 21:49:00,7.322899,10.702701,9.3,5.33
T04,GL-4396,2026-03-15 21:50:00,7.322228,10.702707,4.9,4.89
T04,GL-4396,2026-03-15 21:51:00,7.321726,10.702787,9.4,4.6
T04,GL-4396,2026-03-15 21:52:00,7.321121,10.702752,4.1,4.84
T04,GL-4396,2026-03-15 21:53:00,7.320578,10.702798,9.0,3.8
T04,GL-4396,2026-03-15 21:54:00,7.319877,10.702714,5.9,4.39
T04,GL-4396,2026-03-15 21:55:00,7.31932,10.702773,5.3,5.31
T04,GL-4396,2026-03-15 21:56:00,7.318817,10.702662,10.0,4.87
T04,GL-4396,2026-03-15 21:57:00,7.318155,10.702903,4.4,5.02
T04,GL-4396,2026-03-15 21:58:00,7.317464,10.702852,11.3,2.82
T04,GL-4396,2026-03-15 21:59:00,7.316833,10.702853,7.5,3.53
T04,GL-4396,2026-03-15 22:00:00,7.316241,10.702766,4.2,5.59
T04,GL-4396,2026-03-15 22:01:00,7.315705,10.702749,10.0,5.45
T04,GL-4396,2026-03-15 22:02:00,7.315075,10.702795,11.6,5.54
T04,GL-4396,2026-03-15 22:03:00,7.363435,10.702704,8.0,405.97
T04,GL-4396,2026-03-15 22:04:00,7.313786,10.7028,7.1,5.08
T04,GL-4396,2026-03-15 22:05:00,7.313229,10.702716,10.7,3.39
T04,GL-4396,2026-03-15 22:06:00,7.312582,10.702783,4.4,5.3
T04,GL-4396,2026-03-15 22:07:00,7.312054,10.702908,4.9,4.59
T04,GL-4396,2026-03-15 22:08:00,7.311469,10.702791,10.6,4.38
T04,GL-4396,2026-03-15 22:09:00,7.310793,10.702819,8.5,4.23
T04,GL-4396,2026-03-15 22:10:00,7.310345,10.702742,7.9,4.0
T04,GL-4396,2026-03-15 22:11:00,7.309708,10.702794,5.9,3.58
T04,GL-4396,2026-03-15 22:12:00,7.309114,10.702929,6.4,5.47
T04,GL-4396,2026-03-15 22:13:00,7.308383,10.702853,6.8,4.68
T04,GL-4396,2026-03-15 22:14:00,7.307776,10.702921,5.6,3.65
T04,GL-4396,2026-03-15 22:15:00,7.307114,10.70285,11.9,3.66
T04,GL-4396,2026-03-15 22:16:00,7.306646,10.702885,5.3,4.79
T04,GL-4396,2026-03-15 22:17:00,7.305935,10.702831,11.1,5.26
T04,GL-4396,2026-03-15 22:18:00,7.305412,10.702813,7.4,2.98
T04,GL-4396,2026-03-15 22:19:00,7.304823,10.702839,6.4,5.52
T04,GL-4396,2026-03-15 22:20:00,7.304319,10.702818,10.3,3.49
T04,GL-4396,2026-03-15 22:21:00,7.303519,10.702804,6.6,2.84
T04,GL-4396,2026-03-15 22:22:00,7.303104,10.702922,5.4,3.74
T04,GL-4396,2026-03-15 22:23:00,7.302336,10.702977,9.3,4.63
T04,GL-4396,2026-03-15 22:24:00,7.571448,10.702878,,332.11
T04,GL-4396,2026-03-15 22:25:00,7.301189,10.702904,7.7,5.37
T04,GL-4396,2026-03-15 22:26:00,7.300547,10.702811,5.3,3.23
T04,GL-4396,2026-03-15 22:27:00,7.299898,10.702955,,4.31
T04,GL-4396,2026-03-15 22:28:00,7.299346,10.70299,9.8,4.96
T04,GL-4396,2026-03-15 22:29:00,7.298726,10.702996,7.5,3.72
T04,GL-4396,2026-03-15 22:30:00,7.298251,10.702841,10.0,4.71
T04,GL-4396,2026-03-15 22:31:00,7.297612,10.702946,8.0,4.02
T04,GL-4396,2026-03-15 22:32:00,7.296862,10.703022,7.8,3.91
T04,GL-4396,2026-03-15 22:33:00,7.296326,10.702967,6.8,5.22
T04,GL-4396,2026-03-15 22:34:00,7.295703,10.703025,8.8,3.92
T04,GL-4396,2026-03-15 22:35:00,7.295097,10.702898,5.3,4.19
T04,GL-4396,2026-03-15 22:36:00,7.294493,10.702985,4.9,3.3
T04,GL-4396,2026-03-15 22:37:00,7.293946,10.702938,6.6,3.86
T04,GL-4396,2026-03-15 22:38:00,7.293231,10.703074,10.7,5.35
T04,GL-4396,2026-03-15 22:39:00,7.292799,10.702858,8.8,5.5
T04,GL-4396,2026-03-15 22:40:00,7.292048,10.702946,5.1,3.15
T04,GL-4396,2026-03-15 22:41:00,7.291543,10.702966,7.6,3.14
T04,GL-4396,2026-03-15 22:42:00,7.290853,10.702882,4.0,2.96
T04,GL-4396,2026-03-15 22:43:00,7.290253,10.702939,6.8,5.27
T04,GL-4396,2026-03-15 22:44:00,7.289576,10.703151,8.7,3.89
T04,GL-4396,2026-03-15 22:45:00,7.289097,10.703028,8.3,5.56
T04,GL-4396,2026-03-15 22:46:00,7.288446,10.702926,5.4,3.95
T04,GL-4396,2026-03-15 22:47:00,7.287836,10.70301,7.4,5.34
T04,GL-4396,2026-03-15 22:48:00,7.28737,10.702956,11.4,2.86
T04,GL-4396,2026-03-15 22:49:00,7.286598,10.703007,,3.58
T04,GL-4396,2026-03-15 22:50:00,7.285912,10.703012,5.7,4.98
T04,GL-4396,2026-03-15 22:51:00,7.285517,10.70303,11.1,4.9
T04,GL-4396,2026-03-15 22:52:00,7.284845,10.702996,9.9,5.57
T04,GL-4396,2026-03-15 22:53:00,7.284217,10.703013,8.5,5.29
T04,GL-4396,2026-03-15 22:54:00,7.283639,10.703124,11.7,3.56
T04,GL-4396,2026-03-15 22:55:00,7.283008,10.702931,6.8,5.25
T04,GL-4396,2026-03-15 22:56:00,7.282432,10.703074,4.9,5.27
T04,GL-4396,2026-03-15 22:57:00,7.281738,10.70301,4.8,5.55
T04,GL-4396,2026-03-15 22:58:00,7.281202,10.702979,11.2,3.84
T04,GL-4396,2026-03-15 22:59:00,7.280705,10.703005,4.8,2.85
T04,GL-4396,2026-03-15 23:00:00,7.28001,10.703106,8.6,4.2
T04,GL-4396,2026-03-15 23:01:00,7.279421,10.702954,9.7,2.84
T04,GL-4396,2026-03-15 23:02:00,7.278783,10.703269,7.0,3.42
T04,GL-4396,2026-03-15 23:03:00,7.27815,10.703201,9.7,5.06
T04,GL-4396,2026-03-15 23:04:00,7.277564,10.703059,11.0,5.43
T04,GL-4396,2026-03-15 23:05:00,7.276967,10.703105,6.6,3.34
T04,GL-4396,2026-03-15 23:06:00,7.276326,10.703055,4.3,3.64
T04,GL-4396,2026-03-15 23:07:00,7.275801,10.703131,11.5,4.75
T04,GL-4396,2026-03-15 23:08:00,7.275087,10.703114,9.0,3.82
T04,GL-4396,2026-03-15 23:09:00,7.274527,10.703052,8.8,3.61
T04,GL-4396,2026-03-15 23:10:00,7.274044,10.703159,8.9,4.98
T04,GL-4396,2026-03-15 23:11:00,7.273465,10.703121,8.2,2.88
T04,GL-4396,2026-03-15 23:12:00,7.272693,10.703135,9.1,5.18
T04,GL-4396,2026-03-15 23:13:00,7.272142,10.703088,6.8,5.15
T04,GL-4396,2026-03-15 23:14:00,7.271574,10.703117,7.8,3.8
T04,GL-4396,2026-03-15 23:15:00,7.270862,10.703098,4.5,3.0
T04,GL-4396,2026-03-15 23:16:00,7.270196,10.70318,7.0,3.58
T04,GL-4396,2026-03-15 23:17:00,7.269577,10.703134,10.2,3.57
T04,GL-4396,2026-03-15 23:18:00,7.269173,10.703239,6.1,3.92
T04,GL-4396,2026-03-15 23:19:00,7.268555,10.703107,10.5,3.84
T04,GL-4396,2026-03-15 23:20:00,7.267885,10.703129,7.4,4.9
T04,GL-4396,2026-03-15 23:21:00,7.267301,10.703185,9.8,4.13
T04,GL-4396,2026-03-15 23:22:00,7.266791,10.703232,6.1,3.58
T04,GL-4396,2026-03-15 23:23:00,7.26605,10.70312,9.9,2.86
T04,GL-4396,2026-03-15 23:24:00,7.265554,10.703014,7.2,4.21
T04,GL-4396,2026-03-15 23:25:00,7.264911,10.703212,5.8,4.83
T04,GL-4396,2026-03-15 23:26:00,7.264285,10.703188,5.6,4.83
T04,GL-4396,2026-03-15 23:27:00,7.263733,10.703247,6.0,5.45
T04,GL-4396,2026-03-15 23:28:00,7.263019,10.70311,9.4,4.69
T04,GL-4396,2026-03-15 23:29:00,7.262554,10.703215,9.1,4.9
T04,GL-4396,2026-03-15 23:30:00,7.261818,10.703216,4.3,5.18
T04,GL-4396,2026-03-15 23:31:00,7.261314,10.703085,6.7,5.37
T04,GL-4396,2026-03-15 23:32:00,7.260605,10.703165,8.1,3.25
T04,GL-4396,2026-03-15 23:33:00,7.260019,10.703191,10.5,3.48
T04,GL-4396,2026-03-15 23:34:00,7.25947,10.703275,10.3,5.19
T04,GL-4396,2026-03-15 23:35:00,7.258816,10.703162,11.9,4.66
T04,GL-4396,2026-03-15 23:36:00,7.258187,10.703205,11.1,4.16
T04,GL-4396,2026-03-15 23:37:00,7.257723,10.703225,6.0,4.1
T04,GL-4396,2026-03-15 23:38:00,7.257031,10.703231,4.1,3.62
T04,GL-4396,2026-03-15 23:39:00,7.256338,10.703195,11.5,3.02
T04,GL-4396,2026-03-15 23:40:00,7.255768,10.703315,4.8,4.32
T04,GL-4396,2026-03-15 23:41:00,7.255122,10.70331,5.6,3.42
T04,GL-4396,2026-03-15 23:42:00,7.254594,10.703275,11.0,4.81
T04,GL-4396,2026-03-15 23:43:00,7.253867,10.703192,10.0,4.5
T04,GL-4396,2026-03-15 23:44:00,7.253345,10.703381,11.1,5.6
T04,GL-4396,2026-03-15 23:45:00,7.252811,10.703319,9.4,3.39
T04,GL-4396,2026-03-15 23:46:00,7.252275,10.703234,5.5,4.16
T04,GL-4396,2026-03-15 23:47:00,7.251561,10.703264,7.4,3.05
T04,GL-4396,2026-03-15 23:48:00,7.251134,10.703293,7.9,2.9
T04,GL-4396,2026-03-15 23:49:00,7.250464,10.703167,5.7,4.46
T04,GL-4396,2026-03-15 23:50:00,7.249758,10.703223,11.5,5.01
T04,GL-4396,2026-03-15 23:51:00,7.249218,10.703244,8.7,4.9
T04,GL-4396,2026-03-15 23:52:00,7.248646,10.70333,9.1,4.74
T04,GL-4396,2026-03-15 23:53:00,7.24792,10.703306,9.6,4.02
T04,GL-4396,2026-03-15 23:54:00,7.247297,10.703326,9.7,3.72
T04,GL-4396,2026-03-15 23:55:00,7.246726,10.703382,4.2,5.14
T04,GL-4396,2026-03-15 23:56:00,7.246092,10.703309,8.9,4.33
T04,GL-4396,2026-03-15 23:57:00,7.245562,10.703467,6.0,5.0
T04,GL-4396,2026-03-15 23:58:00,7.244965,10.703365,4.5,4.05
T04,GL-4396,2026-03-15 23:59:00,7.244341,10.703309,4.4,3.98
T04,GL-4396,2026-03-16 00:00:00,7.243681,10.703276,4.3,4.54
T04,GL-4396,2026-03-16 00:01:00,7.24309,10.703357,4.7,4.31
T04,GL-4396,2026-03-16 00:02:00,7.242433,10.703325,11.8,4.94
T04,GL-4396,2026-03-16 00:03:00,7.241871,10.703398,4.7,2.93
T04,GL-4396,2026-03-16 00:04:00,7.241299,10.703346,10.7,3.43
T04,GL-4396,2026-03-16 00:05:00,7.240743,10.703273,,4.42
T04,GL-4396,2026-03-16 00:06:00,7.240044,10.703224,9.5,4.08
T04,GL-4396,2026-03-16 00:07:00,7.239534,10.703439,7.8,2.85
T04,GL-4396,2026-03-16 00:08:00,7.238925,10.703379,4.8,4.72
T04,GL-4396,2026-03-16 00:09:00,7.238261,10.703359,7.7,2.82
T04,GL-4396,2026-03-16 00:10:00,7.237695,10.703464,9.9,4.85
T04,GL-4396,2026-03-16 00:11:00,7.237084,10.703425,11.3,4.54
T04,GL-4396,2026-03-16 00:12:00,7.23652,10.703358,4.9,3.33
T04,GL-4396,2026-03-16 00:13:00,7.235934,10.703521,11.9,3.57
T04,GL-4396,2026-03-16 00:14:00,7.235216,10.703395,7.2,4.18
T04,GL-4396,2026-03-16 00:15:00,7.234675,10.703382,11.6,2.96
T04,GL-4396,2026-03-16 00:16:00,7.234064,10.703461,5.4,5.28
T04,GL-4396,2026-03-16 00:17:00,7.233445,10.703599,10.0,4.12
T04,GL-4396,2026-03-16 00:18:00,7.23301,10.703426,10.4,3.53
T04,GL-4396,2026-03-16 00:19:00,7.232198,10.703361,10.8,4.18
T04,GL-4396,2026-03-16 00:20:00,7.231686,10.703505,7.0,3.87
T04,GL-4396,2026-03-16 00:21:00,7.231098,10.703479,6.9,4.43
T04,GL-4396,2026-03-16 00:22:00,7.230548,10.703405,9.6,5.24
T04,GL-4396,2026-03-16 00:23:00,7.229773,10.703347,10.3,5.08
T04,GL-4396,2026-03-16 00:24:00,7.229386,10.703421,7.5,4.14
T04,GL-4396,2026-03-16 00:25:00,7.228601,10.703476,4.3,4.76
T04,GL-4396,2026-03-16 00:26:00,7.227944,10.703466,7.7,4.35
T04,GL-4396,2026-03-16 00:27:00,7.227397,10.703453,5.8,4.09
T04,GL-4396,2026-03-16 00:28:00,7.22691,10.703571,4.9,4.26
T04,GL-4396,2026-03-16 00:29:00,7.226146,10.703558,5.7,5.39
T04,GL-4396,2026-03-16 00:30:00,7.225553,10.703496,11.4,3.22
T04,GL-4396,2026-03-16 00:31:00,7.224967,10.703478,7.5,5.47
T04,GL-4396,2026-03-16 00:32:00,7.224309,10.703489,10.0,5.28
T04,GL-4396,2026-03-16 00:33:00,7.223791,10.703377,7.1,3.09
T04,GL-4396,2026-03-16 00:34:00,7.223158,10.703527,6.0,4.72
T04,GL-4396,2026-03-16 00:35:00,7.222654,10.703563,5.9,4.66
T04,GL-4396,2026-03-16 00:36:00,7.222044,10.703461,4.9,3.78
T04,GL-4396,2026-03-16 00:37:00,7.221336,10.7035,11.0,3.77
T04,GL-4396,2026-03-16 00:38:00,7.220684,10.703511,7.8,2.81
T04,GL-4396,2026-03-16 00:39:00,7.220197,10.703654,4.4,3.5
T04,GL-4396,2026-03-16 00:40:00,7.219594,10.703474,7.1,3.5
T04,GL-4396,2026-03-16 00:41:00,7.218871,10.703558,4.2,4.77
T04,GL-4396,2026-03-16 00:42:00,7.218259,10.703513,6.6,4.72
T04,GL-4396,2026-03-16 00:43:00,7.217739,10.703493,9.9,3.72
T04,GL-4396,2026-03-16 00:44:00,7.217161,10.703499,11.4,4.26
T04,GL-4396,2026-03-16 00:45:00,7.21643,10.703498,12.0,5.3
T04,GL-4396,2026-03-16 00:46:00,7.215972,10.703641,9.9,4.39
T04,GL-4396,2026-03-16 00:47:00,7.215261,10.703507,8.5,5.39
T04,GL-4396,2026-03-16 00:48:00,7.214658,10.703523,8.5,3.15
T04,GL-4396,2026-03-16 00:49:00,7.21418,10.703579,4.9,4.76
T04,GL-4396,2026-03-16 00:50:00,7.213567,10.703573,8.3,4.95
T04,GL-4396,2026-03-16 00:51:00,7.212862,10.703613,8.1,4.26
T04,GL-4396,2026-03-16 00:52:00,7.212303,10.703601,6.9,2.98
T04,GL-4396,2026-03-16 00:53:00,7.211728,10.703542,5.9,4.05
T04,GL-4396,2026-03-16 00:54:00,7.211087,10.703614,6.2,3.09
T04,GL-4396,2026-03-16 00:55:00,7.210471,10.703715,7.0,3.48
T04,GL-4396,2026-03-16 00:56:00,7.209932,10.703697,4.6,3.74
T04,GL-4396,2026-03-16 00:57:00,7.209165,10.703594,5.9,3.66
T04,GL-4396,2026-03-16 00:58:00,7.208695,10.703643,11.1,3.67
T04,GL-4396,2026-03-16 00:59:00,7.208081,10.70364,9.1,5.55
T04,GL-4396,2026-03-16 01:00:00,7.207383,10.70372,8.7,4.95
T04,GL-4396,2026-03-16 01:01:00,7.206813,10.703664,7.2,3.2
T04,GL-4396,2026-03-16 01:02:00,7.20616,10.703648,12.0,5.24
T04,GL-4396,2026-03-16 01:03:00,7.205618,10.703624,8.5,3.83
T04,GL-4396,2026-03-16 01:04:00,7.204967,10.703613,,4.1
T04,GL-4396,2026-03-16 01:05:00,7.204435,10.703647,10.9,4.42
T04,GL-4396,2026-03-16 01:06:00,7.203973,10.703716,4.7,4.01
T04,GL-4396,2026-03-16 01:07:00,7.203224,10.703737,11.3,5.07
T04,GL-4396,2026-03-16 01:08:00,7.202661,10.703533,11.0,5.12
T04,GL-4396,2026-03-16 01:09:00,7.202014,10.703582,8.9,4.06
T04,GL-4396,2026-03-16 01:10:00,7.201346,10.703707,7.1,4.61
T04,GL-4396,2026-03-16 01:11:00,7.200768,10.703618,6.4,5.03
T04,GL-4396,2026-03-16 01:12:00,7.200217,10.703758,7.6,5.43
T04,GL-4396,2026-03-16 01:13:00,7.199594,10.703634,11.8,3.68
T04,GL-4396,2026-03-16 01:14:00,7.19895,10.703711,7.4,5.59
T04,GL-4396,2026-03-16 01:15:00,7.198459,10.703726,10.6,4.14
T04,GL-4396,2026-03-16 01:16:00,7.197829,10.703661,4.5,5.23
T04,GL-4396,2026-03-16 01:17:00,7.197176,10.703655,7.3,5.44
T04,GL-4396,2026-03-16 01:18:00,7.196663,10.703737,9.9,2.9
T04,GL-4396,2026-03-16 01:19:00,7.196029,10.703671,4.3,3.56
T04,GL-4396,2026-03-16 01:20:00,7.195397,10.703675,5.3,3.27
T04,GL-4396,2026-03-16 01:21:00,7.194843,10.703629,7.8,4.26
T04,GL-4396,2026-03-16 01:22:00,7.194244,10.703745,8.0,3.58
T04,GL-4396,2026-03-16 01:23:00,7.19356,10.703672,7.3,5.12
T04,GL-4396,2026-03-16 01:24:00,7.192938,10.703635,4.8,3.24
T04,GL-4396,2026-03-16 01:25:00,7.192394,10.70371,7.9,4.43
T04,GL-4396,2026-03-16 01:26:00,7.191705,10.703671,4.5,5.5
T04,GL-4396,2026-03-16 01:27:00,7.191189,10.703717,8.7,4.99
T04,GL-4396,2026-03-16 01:28:00,7.190608,10.70377,7.6,4.08
T04,GL-4396,2026-03-16 01:29:00,7.189951,10.703725,9.8,5.15
T04,GL-4396,2026-03-16 01:30:00,7.18926,10.703731,9.0,3.35
T04,GL-4396,2026-03-16 01:31:00,7.188728,10.70364,11.1,3.56
T04,GL-4396,2026-03-16 01:32:00,7.188124,10.703752,9.1,2.98
T04,GL-4396,2026-03-16 01:33:00,7.187505,10.703689,4.2,3.71
T04,GL-4396,2026-03-16 01:34:00,7.186848,10.703849,5.0,5.37
T04,GL-4396,2026-03-16 01:35:00,7.186272,10.703664,6.2,4.88
T04,GL-4396,2026-03-16 01:36:00,7.185712,10.703799,10.9,3.27
T04,GL-4396,2026-03-16 01:37:00,7.185089,10.703821,4.7,4.13
T04,GL-4396,2026-03-16 01:38:00,7.184512,10.703792,8.7,5.45
T04,GL-4396,2026-03-16 01:39:00,7.184547,10.703812,,0.48
T04,GL-4396,2026-03-16 01:40:00,7.184567,10.703856,7.9,0.01
T04,GL-4396,2026-03-16 01:41:00,7.184418,10.703807,7.8,0.26
T04,GL-4396,2026-03-16 01:42:00,7.184435,10.703889,6.2,0.7
T04,GL-4396,2026-03-16 01:43:00,7.184568,10.70363,11.1,0.84
T04,GL-4396,2026-03-16 01:44:00,7.184493,10.703725,5.3,0.43
T04,GL-4396,2026-03-16 01:45:00,7.18448,10.70379,9.6,0.02
T04,GL-4396,2026-03-16 01:46:00,7.184379,10.70386,10.4,0.77
T04,GL-4396,2026-03-16 01:47:00,7.184424,10.703758,6.3,0.09
T04,GL-4396,2026-03-16 01:48:00,7.184617,10.70397,9.0,0.17
T04,GL-4396,2026-03-16 01:49:00,7.184428,10.703771,5.2,0.64
T04,GL-4396,2026-03-16 01:50:00,7.184523,10.70368,8.4,0.89
T04,GL-4396,2026-03-16 01:51:00,7.184655,10.703812,10.5,0.54
T04,GL-4396,2026-03-16 01:52:00,7.184394,10.703873,4.8,0.37
T04,GL-4396,2026-03-16 01:53:00,7.184509,10.703758,,0.56
T04,GL-4396,2026-03-16 01:54:00,7.184439,10.703718,6.7,0.85
T04,GL-4396,2026-03-16 01:55:00,7.184397,10.703805,7.2,0.81
T04,GL-4396,2026-03-16 01:56:00,7.184659,10.703787,10.7,0.74
T04,GL-4396,2026-03-16 01:57:00,7.184419,10.703638,12.0,0.6
T04,GL-4396,2026-03-16 01:58:00,7.184543,10.703728,5.3,0.85
T04,GL-4396,2026-03-16 01:59:00,7.184262,10.703198,6.1,4.86
T04,GL-4396,2026-03-16 02:00:00,7.184074,10.702609,5.3,4.83
T04,GL-4396,2026-03-16 02:01:00,7.183958,10.701957,4.9,4.98
T04,GL-4396,2026-03-16 02:02:00,7.183845,10.701318,9.3,5.5
T04,GL-4396,2026-03-16 02:03:00,7.183577,10.700711,6.2,4.06
T04,GL-4396,2026-03-16 02:04:00,7.183365,10.700087,7.7,5.42
T04,GL-4396,2026-03-16 02:05:00,7.078774,10.699567,5.8,237.95
T04,GL-4396,2026-03-16 02:06:00,7.182968,10.698925,10.3,5.07
T04,GL-4396,2026-03-16 02:07:00,7.182833,10.698336,5.0,4.16
T04,GL-4396,2026-03-16 02:08:00,7.182648,10.697622,,2.81
T04,GL-4396,2026-03-16 02:09:00,7.182485,10.696952,11.4,4.89
T04,GL-4396,2026-03-16 02:10:00,7.182304,10.696456,4.1,3.58
T04,GL-4396,2026-03-16 02:11:00,7.182091,10.695843,5.6,4.24
T04,GL-4396,2026-03-16 02:12:00,7.181869,10.695155,10.9,4.31
T04,GL-4396,2026-03-16 02:13:00,7.181827,10.694725,7.7,4.53
T04,GL-4396,2026-03-16 02:14:00,7.181564,10.6941,7.5,5.41
T04,GL-4396,2026-03-16 02:15:00,7.181251,10.693479,7.5,4.81
T04,GL-4396,2026-03-16 02:16:00,7.181167,10.69279,6.9,3.41
T04,GL-4396,2026-03-16 02:17:00,7.180941,10.692191,6.5,3.15
T04,GL-4396,2026-03-16 02:18:00,7.18074,10.691567,9.7,4.87
T04,GL-4396,2026-03-16 02:19:00,7.180606,10.690896,5.2,4.1
T04,GL-4396,2026-03-16 02:20:00,7.180343,10.690346,11.1,5.22
T04,GL-4396,2026-03-16 02:21:00,7.18021,10.689654,5.4,5.34
T04,GL-4396,2026-03-16 02:22:00,7.179983,10.689003,4.5,5.2
T04,GL-4396,2026-03-16 02:23:00,7.179781,10.688464,9.8,4.52
T04,GL-4396,2026-03-16 02:24:00,7.179537,10.687884,9.8,4.08
T04,GL-4396,2026-03-16 02:25:00,7.179479,10.687259,9.7,3.6
T04,GL-4396,2026-03-16 02:26:00,7.179303,10.686659,11.7,3.36
T04,GL-4396,2026-03-16 02:27:00,7.179104,10.686019,10.0,5.17
T04,GL-4396,2026-03-16 02:28:00,7.178863,10.685451,9.0,3.15
T04,GL-4396,2026-03-16 02:29:00,7.178892,10.685346,8.6,0.31
T04,GL-4396,2026-03-16 02:30:00,7.178996,10.685416,9.5,0.71
T04,GL-4396,2026-03-16 02:31:00,7.178916,10.685341,9.7,0.89
T04,GL-4396,2026-03-16 02:32:00,7.178926,10.685424,5.7,0.51
T04,GL-4396,2026-03-16 02:33:00,7.179078,10.685349,,0.42
T04,GL-4396,2026-03-16 02:34:00,7.178869,10.685513,9.1,0.59
T04,GL-4396,2026-03-16 02:35:00,7.178942,10.685448,11.7,0.65
T04,GL-4396,2026-03-16 02:36:00,7.178851,10.685293,5.6,0.86
T04,GL-4396,2026-03-16 02:37:00,7.178954,10.685371,9.2,0.9
T04,GL-4396,2026-03-16 02:38:00,7.178941,10.68551,9.2,0.31
T04,GL-4396,2026-03-16 02:39:00,7.178956,10.685373,10.4,0.71
T04,GL-4396,2026-03-16 02:40:00,7.178813,10.685381,7.6,0.3
T04,GL-4396,2026-03-16 02:41:00,7.178995,10.685329,8.7,0.25
T04,GL-4396,2026-03-16 02:42:00,7.17892,10.685328,6.7,0.57
T04,GL-4396,2026-03-16 02:43:00,7.179,10.685471,4.6,0.5
T04,GL-4396,2026-03-16 02:44:00,7.178747,10.685525,11.8,0.26
T04,GL-4396,2026-03-16 02:45:00,7.178847,10.685564,5.7,0.14
T04,GL-4396,2026-03-16 02:46:00,7.178978,10.685438,10.5,0.68
T04,GL-4396,2026-03-16 02:47:00,7.178845,10.685353,6.2,0.02
T04,GL-4396,2026-03-16 02:48:00,7.178884,10.685469,9.3,0.57
T04,GL-4396,2026-03-16 02:49:00,7.178691,10.685357,,0.43
T04,GL-4396,2026-03-16 02:50:00,7.178672,10.685357,12.0,0.23
T04,GL-4396,2026-03-16 02:51:00,7.178805,10.685363,10.2,0.58
T04,GL-4396,2026-03-16 02:52:00,7.178857,10.685253,6.8,0.32
T04,GL-4396,2026-03-16 02:53:00,7.178943,10.68547,9.5,0.68
T04,GL-4396,2026-03-16 02:54:00,7.178991,10.685325,11.2,0.46
T04,GL-4396,2026-03-16 02:55:00,7.178923,10.68548,11.7,0.02
T04,GL-4396,2026-03-16 02:56:00,7.178754,10.685557,6.7,0.68
T04,GL-4396,2026-03-16 02:57:00,7.178868,10.685376,6.1,0.79
T04,GL-4396,2026-03-16 02:58:00,7.178677,10.685254,9.7,0.68
T04,GL-4396,2026-03-16 02:59:00,7.178952,10.685466,10.2,0.43
T04,GL-4396,2026-03-16 03:00:00,7.178744,10.685576,9.8,0.72
T04,GL-4396,2026-03-16 03:01:00,7.178893,10.685399,10.4,0.63
T04,GL-4396,2026-03-16 03:02:00,7.178815,10.686133,9.4,3.11
T04,GL-4396,2026-03-16 03:03:00,7.178406,10.686859,7.1,3.82
T04,GL-4396,2026-03-16 03:04:00,7.178295,10.687412,5.3,4.99
T04,GL-4396,2026-03-16 03:05:00,7.178157,10.688259,5.0,5.52
T04,GL-4396,2026-03-16 03:06:00,7.177925,10.688927,10.9,3.44
T04,GL-4396,2026-03-16 03:07:00,7.177735,10.689685,5.2,4.01
T04,GL-4396,2026-03-16 03:08:00,7.177526,10.69038,8.6,4.92
T04,GL-4396,2026-03-16 03:09:00,7.177329,10.691039,8.9,5.41
T04,GL-4396,2026-03-16 03:10:00,7.176973,10.691702,8.2,3.07
T04,GL-4396,2026-03-16 03:11:00,7.176866,10.692527,6.6,4.11
T04,GL-4396,2026-03-16 03:12:00,7.176641,10.693081,11.1,4.63
T04,GL-4396,2026-03-16 03:13:00,7.176461,10.69387,9.6,3.3
T04,GL-4396,2026-03-16 03:14:00,7.176237,10.694516,5.4,4.89
T04,GL-4396,2026-03-16 03:15:00,7.175971,10.695312,8.9,2.94
T04,GL-4396,2026-03-16 03:16:00,7.175728,10.695935,7.8,3.58
T04,GL-4396,2026-03-16 03:17:00,7.17559,10.696654,9.5,5.29
T04,GL-4396,2026-03-16 03:18:00,7.175468,10.697393,9.2,5.27
T04,GL-4396,2026-03-16 03:19:00,7.17537,10.698059,9.5,4.55
T04,GL-4396,2026-03-16 03:20:00,7.175255,10.698256,6.5,0.13
T04,GL-4396,2026-03-16 03:21:00,7.175487,10.697958,5.0,0.65
T04,GL-4396,2026-03-16 03:22:00,7.175178,10.697995,4.6,0.02
T04,GL-4396,2026-03-16 03:23:00,7.175172,10.698088,9.0,0.86
T04,GL-4396,2026-03-16 03:24:00,7.175316,10.698159,7.0,0.12
T04,GL-4396,2026-03-16 03:25:00,7.175224,10.698109,11.9,0.65
T04,GL-4396,2026-03-16 03:26:00,7.175254,10.698009,7.1,0.51
T04,GL-4396,2026-03-16 03:27:00,7.175273,10.698046,9.0,0.61
T04,GL-4396,2026-03-16 03:28:00,7.17528,10.698128,7.7,0.07
T04,GL-4396,2026-03-16 03:29:00,7.175272,10.697954,11.6,0.44
T04,GL-4396,2026-03-16 03:30:00,7.175095,10.698098,7.5,0.37
T04,GL-4396,2026-03-16 03:31:00,7.175215,10.698055,10.5,0.35
T04,GL-4396,2026-03-16 03:32:00,7.175201,10.698177,4.5,0.27
T04,GL-4396,2026-03-16 03:33:00,7.17515,10.698087,6.9,0.16
T04,GL-4396,2026-03-16 03:34:00,7.17526,10.698109,9.8,0.83
T04,GL-4396,2026-03-16 03:35:00,7.175345,10.697929,11.4,0.55
T04,GL-4396,2026-03-16 03:36:00,7.175175,10.698008,11.8,0.53
T04,GL-4396,2026-03-16 03:37:00,7.17528,10.698045,,0.19
T04,GL-4396,2026-03-16 03:38:00,7.175296,10.698039,6.6,0.71
T04,GL-4396,2026-03-16 03:39:00,7.175295,10.697954,6.2,0.35
T04,GL-4396,2026-03-16 03:40:00,7.1752,10.69796,4.8,0.69
T04,GL-4396,2026-03-16 03:41:00,7.175835,10.697979,5.3,4.35
T04,GL-4396,2026-03-16 03:42:00,7.176351,10.69806,4.2,4.03
T04,GL-4396,2026-03-16 03:43:00,7.176958,10.698103,10.0,5.51
T04,GL-4396,2026-03-16 03:44:00,7.177523,10.698082,11.4,3.57
T04,GL-4396,2026-03-16 03:45:00,7.178136,10.698225,4.4,3.34
T04,GL-4396,2026-03-16 03:46:00,7.178769,10.698277,11.6,3.46
T04,GL-4396,2026-03-16 03:47:00,7.179174,10.698296,10.0,5.31
T04,GL-4396,2026-03-16 03:48:00,7.179803,10.698334,9.1,4.85
T04,GL-4396,2026-03-16 03:49:00,7.180394,10.698329,8.1,4.75
T04,GL-4396,2026-03-16 03:50:00,7.180859,10.698373,,4.14
T04,GL-4396,2026-03-16 03:51:00,7.181517,10.69843,7.8,3.84
T04,GL-4396,2026-03-16 03:52:00,7.182015,10.69835,5.7,5.19
T04,GL-4396,2026-03-16 03:53:00,7.182671,10.698537,8.9,4.21
T04,GL-4396,2026-03-16 03:54:00,7.18313,10.698517,11.6,2.87
T04,GL-4396,2026-03-16 03:55:00,7.183728,10.698451,10.9,5.52
T04,GL-4396,2026-03-16 03:56:00,7.184328,10.698563,5.2,5.27
T04,GL-4396,2026-03-16 03:57:00,7.184889,10.698609,11.4,3.31
T04,GL-4396,2026-03-16 03:58:00,7.185402,10.698639,9.6,4.6
T04,GL-4396,2026-03-16 03:59:00,7.186052,10.698546,10.4,4.33
T04,GL-4396,2026-03-16 04:00:00,7.18664,10.698664,8.7,4.5
T04,GL-4396,2026-03-16 04:01:00,7.187192,10.698609,4.3,4.99
T04,GL-4396,2026-03-16 04:02:00,7.187643,10.698701,8.1,3.49
T04,GL-4396,2026-03-16 04:03:00,7.188285,10.698754,7.1,4.76
T04,GL-4396,2026-03-16 04:04:00,7.188828,10.698661,6.3,3.49
T04,GL-4396,2026-03-16 04:05:00,7.189394,10.69886,8.7,5.01
T04,GL-4396,2026-03-16 04:06:00,7.19002,10.698753,4.1,5.38
T04,GL-4396,2026-03-16 04:07:00,7.190514,10.698925,8.7,5.06
T04,GL-4396,2026-03-16 04:08:00,7.191089,10.699043,9.9,3.28
T04,GL-4396,2026-03-16 04:09:00,7.191633,10.698919,8.1,5.08
T04,GL-4396,2026-03-16 04:10:00,7.192241,10.698964,5.9,3.01
T04,GL-4396,2026-03-16 04:11:00,7.19274,10.699003,7.7,4.6
T04,GL-4396,2026-03-16 04:12:00,7.193357,10.698941,10.2,5.48
T04,GL-4396,2026-03-16 04:13:00,7.193933,10.699005,5.4,2.96
T04,GL-4396,2026-03-16 04:14:00,7.194481,10.699105,8.6,3.93
T04,GL-4396,2026-03-16 04:15:00,7.195101,10.699235,10.7,2.84
T04,GL-4396,2026-03-16 04:16:00,7.19569,10.699146,8.8,5.34
T04,GL-4396,2026-03-16 04:17:00,7.196231,10.699088,5.4,4.25
T04,GL-4396,2026-03-16 04:18:00,7.196827,10.699232,8.4,5.01
T04,GL-4396,2026-03-16 04:19:00,7.197321,10.699103,6.3,5.35
T04,GL-4396,2026-03-16 04:20:00,6.789449,10.699261,8.3,339.27
T04,GL-4396,2026-03-16 04:21:00,7.19858,10.699254,,2.97
T04,GL-4396,2026-03-16 04:22:00,7.198995,10.699286,9.5,4.23
T04,GL-4396,2026-03-16 04:23:00,7.199713,10.699312,10.0,3.01
T04,GL-4396,2026-03-16 04:24:00,7.200109,10.699357,8.9,3.7
T04,GL-4396,2026-03-16 04:25:00,7.20077,10.69938,9.1,4.98
T04,GL-4396,2026-03-16 04:26:00,7.201223,10.699455,10.9,3.48
T04,GL-4396,2026-03-16 04:27:00,7.201817,10.699365,9.0,3.16
T04,GL-4396,2026-03-16 04:28:00,7.202406,10.699601,6.4,4.48
T04,GL-4396,2026-03-16 04:29:00,7.202952,10.699578,7.8,4.84
T04,GL-4396,2026-03-16 04:30:00,7.203589,10.69959,7.5,3.06
T04,GL-4396,2026-03-16 04:31:00,7.204117,10.699699,10.3,3.34
T04,GL-4396,2026-03-16 04:32:00,7.204664,10.699604,5.5,3.26
T04,GL-4396,2026-03-16 04:33:00,7.205263,10.699617,10.1,3.84
T04,GL-4396,2026-03-16 04:34:00,7.20581,10.699639,7.0,4.57
T04,GL-4396,2026-03-16 04:35:00,7.206327,10.699794,4.2,4.36
T04,GL-4396,2026-03-16 04:36:00,7.206923,10.699699,11.0,4.89
T04,GL-4396,2026-03-16 04:37:00,7.207495,10.699829,5.6,4.71
T04,GL-4396,2026-03-16 04:38:00,7.207983,10.6998,9.4,4.69
T04,GL-4396,2026-03-16 04:39:00,7.208661,10.699863,10.4,3.88
T04,GL-4396,2026-03-16 04:40:00,7.209183,10.699866,10.6,5.5
T04,GL-4396,2026-03-16 04:41:00,7.209844,10.699976,6.4,3.32
T04,GL-4396,2026-03-16 04:42:00,7.210302,10.700019,10.3,4.09
T04,GL-4396,2026-03-16 04:43:00,7.210812,10.699951,,5.02
T04,GL-4396,2026-03-16 04:44:00,7.211473,10.699844,7.0,4.97
T04,GL-4396,2026-03-16 04:45:00,7.211979,10.700083,10.2,3.87
T04,GL-4396,2026-03-16 04:46:00,7.212615,10.700093,7.0,3.27
T04,GL-4396,2026-03-16 04:47:00,7.213059,10.700184,11.1,3.73
T04,GL-4396,2026-03-16 04:48:00,7.213642,10.700115,6.5,2.99
T04,GL-4396,2026-03-16 04:49:00,7.214294,10.700159,4.5,4.68
T04,GL-4396,2026-03-16 04:50:00,7.214873,10.700177,10.0,5.38
T04,GL-4396,2026-03-16 04:51:00,7.215387,10.700244,5.6,2.94
T04,GL-4396,2026-03-16 04:52:00,7.216113,10.700277,9.0,3.83
T04,GL-4396,2026-03-16 04:53:00,7.216517,10.700299,11.1,3.61
T04,GL-4396,2026-03-16 04:54:00,7.217103,10.700338,7.5,5.19
T04,GL-4396,2026-03-16 04:55:00,7.217695,10.700317,5.7,5.32
T04,GL-4396,2026-03-16 04:56:00,7.218251,10.700381,4.9,3.03
T04,GL-4396,2026-03-16 04:57:00,7.218785,10.700505,6.4,4.46
T04,GL-4396,2026-03-16 04:58:00,7.219344,10.700371,5.1,4.98
T04,GL-4396,2026-03-16 04:59:00,7.220057,10.70041,10.0,3.95
T04,GL-4396,2026-03-16 05:00:00,7.220423,10.700541,4.7,2.98
T04,GL-4396,2026-03-16 05:01:00,7.221079,10.700548,9.8,5.44
T04,GL-4396,2026-03-16 05:02:00,7.221573,10.700537,9.3,4.8
T04,GL-4396,2026-03-16 05:03:00,7.222233,10.700577,7.3,4.75
T04,GL-4396,2026-03-16 05:04:00,7.222739,10.700643,7.0,5.52
T04,GL-4396,2026-03-16 05:05:00,7.223254,10.700637,10.0,4.15
T04,GL-4396,2026-03-16 05:06:00,7.22385,10.700681,5.5,5.17
T04,GL-4396,2026-03-16 05:07:00,7.224417,10.700636,5.5,4.09
T04,GL-4396,2026-03-16 05:08:00,7.225127,10.700749,11.5,4.82
T04,GL-4396,2026-03-16 05:09:00,7.225542,10.700772,5.8,3.26
T04,GL-4396,2026-03-16 05:10:00,7.22617,10.700835,10.4,4.22
T04,GL-4396,2026-03-16 05:11:00,7.226743,10.700866,9.4,5.33
T04,GL-4396,2026-03-16 05:12:00,7.227238,10.70091,7.2,4.06
T04,GL-4396,2026-03-16 05:13:00,7.227805,10.700767,10.8,3.3
T04,GL-4396,2026-03-16 05:14:00,7.228405,10.700887,10.5,5.18
T04,GL-4396,2026-03-16 05:15:00,7.229093,10.700859,5.3,4.41
T04,GL-4396,2026-03-16 05:16:00,7.22958,10.701059,4.4,2.84
T04,GL-4396,2026-03-16 05:17:00,7.230186,10.701059,4.8,3.41
T04,GL-4396,2026-03-16 05:18:00,7.230662,10.70112,11.0,5.39
T04,GL-4396,2026-03-16 05:19:00,7.23125,10.701034,5.7,4.93
T04,GL-4396,2026-03-16 05:20:00,7.231847,10.701069,6.3,3.39
T04,GL-4396,2026-03-16 05:21:00,7.232386,10.701175,10.6,5.45
T04,GL-4396,2026-03-16 05:22:00,7.232948,10.701104,8.7,3.37
T04,GL-4396,2026-03-16 05:23:00,7.233632,10.70124,11.6,4.63
T04,GL-4396,2026-03-16 05:24:00,7.23411,10.701161,10.7,3.18
T04,GL-4396,2026-03-16 05:25:00,7.234658,10.701283,,5.28
T04,GL-4396,2026-03-16 05:26:00,7.235217,10.701291,10.6,2.81
T04,GL-4396,2026-03-16 05:27:00,7.235785,10.701307,8.9,5.16
T04,GL-4396,2026-03-16 05:28:00,7.236427,10.701301,9.0,3.78
T04,GL-4396,2026-03-16 05:29:00,7.236907,10.70141,10.5,4.8
T04,GL-4396,2026-03-16 05:30:00,7.237517,10.701349,7.5,4.69
T04,GL-4396,2026-03-16 05:31:00,7.238084,10.701493,9.1,5.44
T04,GL-4396,2026-03-16 05:32:00,7.238693,10.701464,10.3,4.18
T04,GL-4396,2026-03-16 05:33:00,7.239289,10.701379,7.0,4.57
T04,GL-4396,2026-03-16 05:34:00,7.2398,10.701479,4.9,2.88
T04,GL-4396,2026-03-16 05:35:00,7.240397,10.701633,11.2,3.36
T04,GL-4396,2026-03-16 05:36:00,7.24089,10.701556,8.8,4.29
T04,GL-4396,2026-03-16 05:37:00,7.241408,10.701651,8.8,5.19
T04,GL-4396,2026-03-16 05:38:00,7.241978,10.701635,7.2,4.68
T04,GL-4396,2026-03-16 05:39:00,7.242487,10.701694,7.8,4.27
T04,GL-4396,2026-03-16 05:40:00,7.243245,10.70161,9.1,5.51
T04,GL-4396,2026-03-16 05:41:00,7.243728,10.701683,6.0,4.04
T04,GL-4396,2026-03-16 05:42:00,7.244294,10.701693,10.9,3.26
T04,GL-4396,2026-03-16 05:43:00,7.244804,10.701804,5.1,5.29
T04,GL-4396,2026-03-16 05:44:00,7.245498,10.701777,4.4,5.12
T04,GL-4396,2026-03-16 05:45:00,7.245963,10.701838,4.7,5.2
T04,GL-4396,2026-03-16 05:46:00,7.246488,10.701871,8.7,3.31
T04,GL-4396,2026-03-16 05:47:00,7.247194,10.701919,6.8,4.83
T04,GL-4396,2026-03-16 05:48:00,7.247642,10.701951,4.9,5.27
T04,GL-4396,2026-03-16 05:49:00,7.248225,10.701988,6.2,2.84
T04,GL-4396,2026-03-16 05:50:00,7.248769,10.701948,7.8,5.21
T04,GL-4396,2026-03-16 05:51:00,7.249549,10.702053,9.0,5.34
T04,GL-4396,2026-03-16 05:52:00,7.249924,10.702104,7.5,4.91
T04,GL-4396,2026-03-16 05:53:00,7.25053,10.702243,11.3,3.99
T04,GL-4396,2026-03-16 05:54:00,7.251061,10.702181,10.7,4.23
T04,GL-4396,2026-03-16 05:55:00,7.251624,10.702158,6.8,4.64
T04,GL-4396,2026-03-16 05:56:00,7.252283,10.702181,10.1,4.1
T04,GL-4396,2026-03-16 05:57:00,7.252654,10.70224,6.0,4.41
T04,GL-4396,2026-03-16 05:58:00,7.25338,10.702199,5.3,3.21
T04,GL-4396,2026-03-16 05:59:00,7.25392,10.702135,5.8,2.96
T04,GL-4396,2026-03-16 06:00:00,7.254344,10.702308,4.9,5.59
T04,GL-4396,2026-03-16 06:01:00,7.255029,10.702394,6.0,3.76
T04,GL-4396,2026-03-16 06:02:00,7.25559,10.702439,5.3,4.63
T04,GL-4396,2026-03-16 06:03:00,7.256079,10.702392,7.5,5.52
T04,GL-4396,2026-03-16 06:04:00,7.256682,10.702386,5.2,2.82
T04,GL-4396,2026-03-16 06:05:00,7.257367,10.702427,9.0,4.92
T04,GL-4396,2026-03-16 06:06:00,7.257886,10.70259,8.9,4.0
T04,GL-4396,2026-03-16 06:07:00,7.258376,10.702386,10.4,3.47
T04,GL-4396,2026-03-16 06:08:00,7.258898,10.702558,4.9,2.92
T04,GL-4396,2026-03-16 06:09:00,7.259517,10.702603,7.4,5.49
T04,GL-4396,2026-03-16 06:10:00,7.260027,10.702649,9.9,3.26
T04,GL-4396,2026-03-16 06:11:00,7.260683,10.702577,6.2,5.6
T04,GL-4396,2026-03-16 06:12:00,7.261172,10.702529,6.1,2.82
T04,GL-4396,2026-03-16 06:13:00,7.261864,10.702845,9.1,4.48
T04,GL-4396,2026-03-16 06:14:00,7.262358,10.70274,9.1,5.21
T04,GL-4396,2026-03-16 06:15:00,7.262838,10.702723,5.3,4.7
T04,GL-4396,2026-03-16 06:16:00,7.263543,10.702842,5.8,3.3
T04,GL-4396,2026-03-16 06:17:00,7.264161,10.702824,7.4,5.19
T04,GL-4396,2026-03-16 06:18:00,7.26456,10.702811,4.9,4.75
T04,GL-4396,2026-03-16 06:19:00,7.265165,10.702968,5.5,3.77
T04,GL-4396,2026-03-16 06:20:00,7.265788,10.702929,10.8,5.17
T04,GL-4396,2026-03-16 06:21:00,7.266339,10.703022,10.4,4.53
T04,GL-4396,2026-03-16 06:22:00,7.266992,10.702943,7.2,4.94
T04,GL-4396,2026-03-16 06:23:00,7.267499,10.703015,5.7,5.24
T04,GL-4396,2026-03-16 06:24:00,7.268147,10.702929,10.3,5.43
T04,GL-4396,2026-03-16 06:25:00,7.268627,10.70315,10.2,5.31
T04,GL-4396,2026-03-16 06:26:00,7.269144,10.703086,6.5,3.76
T04,GL-4396,2026-03-16 06:27:00,7.26969,10.702993,9.6,4.89
T04,GL-4396,2026-03-16 06:28:00,7.270357,10.703257,8.5,2.82
T04,GL-4396,2026-03-16 06:29:00,7.270922,10.703216,7.7,4.53
T04,GL-4396,2026-03-16 06:30:00,7.27135,10.703319,10.9,4.17
T04,GL-4396,2026-03-16 06:31:00,7.272038,10.703229,9.8,3.23
T04,GL-4396,2026-03-16 06:32:00,7.272711,10.703331,9.7,5.16
T04,GL-4396,2026-03-16 06:33:00,7.273058,10.703388,10.8,3.4
T04,GL-4396,2026-03-16 06:34:00,7.273742,10.703324,7.4,3.62
T04,GL-4396,2026-03-16 06:35:00,7.274306,10.703371,10.7,4.39
T04,GL-4396,2026-03-16 06:36:00,7.274888,10.703368,6.0,4.12
T04,GL-4396,2026-03-16 06:37:00,7.275469,10.703332,4.5,2.8
T04,GL-4396,2026-03-16 06:38:00,7.276057,10.703557,11.8,5.0
T04,GL-4396,2026-03-16 06:39:00,7.276529,10.703441,6.0,5.53
T04,GL-4396,2026-03-16 06:40:00,7.277048,10.703525,4.8,3.45
T04,GL-4396,2026-03-16 06:41:00,7.277775,10.703582,4.7,5.3
T04,GL-4396,2026-03-16 06:42:00,7.278207,10.703598,6.7,4.04
T04,GL-4396,2026-03-16 06:43:00,7.278868,10.703502,5.0,4.63
T04,GL-4396,2026-03-16 06:44:00,7.279198,10.703673,4.6,4.78
T04,GL-4396,2026-03-16 06:45:00,7.279909,10.703635,9.1,4.55
T04,GL-4396,2026-03-16 06:46:00,7.280397,10.703712,8.3,5.4
T04,GL-4396,2026-03-16 06:47:00,7.281006,10.703745,9.9,4.23
T04,GL-4396,2026-03-16 06:48:00,7.281695,10.703717,10.3,4.64
T04,GL-4396,2026-03-16 06:49:00,7.282127,10.703921,6.3,3.37
T04,GL-4396,2026-03-16 06:50:00,7.282653,10.703794,7.8,5.28
T04,GL-4396,2026-03-16 06:51:00,7.283299,10.70387,9.3,3.69
T04,GL-4396,2026-03-16 06:52:00,7.283806,10.703919,,3.65
T04,GL-4396,2026-03-16 06:53:00,7.284522,10.704006,10.0,3.42
T04,GL-4396,2026-03-16 06:54:00,7.285039,10.704016,5.8,2.95
T04,GL-4396,2026-03-16 06:55:00,7.285597,10.703996,5.4,4.53
T04,GL-4396,2026-03-16 06:56:00,7.286191,10.703916,7.3,3.53
T04,GL-4396,2026-03-16 06:57:00,7.286748,10.704084,7.2,4.72
T04,GL-4396,2026-03-16 06:58:00,7.28731,10.704105,9.3,3.7
T04,GL-4396,2026-03-16 06:59:00,7.287824,10.704107,9.9,4.95
T04,GL-4396,2026-03-16 07:00:00,7.288359,10.704174,6.9,4.57
T04,GL-4396,2026-03-16 07:01:00,7.288925,10.704142,10.8,5.18
T04,GL-4396,2026-03-16 07:02:00,7.289622,10.704299,5.6,4.13
T04,GL-4396,2026-03-16 07:03:00,7.290044,10.704272,9.1,3.83
T04,GL-4396,2026-03-16 07:04:00,7.290586,10.704349,9.3,4.69
T04,GL-4396,2026-03-16 07:05:00,7.29119,10.704291,10.8,4.41
T04,GL-4396,2026-03-16 07:06:00,7.291785,10.704258,9.2,3.47
T04,GL-4396,2026-03-16 07:07:00,7.29227,10.704374,11.5,3.0
T04,GL-4396,2026-03-16 07:08:00,7.292836,10.704384,4.3,4.56
T04,GL-4396,2026-03-16 07:09:00,7.293454,10.70442,6.9,4.22
T04,GL-4396,2026-03-16 07:10:00,7.294113,10.704533,11.0,4.51
T04,GL-4396,2026-03-16 07:11:00,7.294699,10.704498,7.1,3.25
T04,GL-4396,2026-03-16 07:12:00,7.295238,10.704511,9.4,4.46
T04,GL-4396,2026-03-16 07:13:00,7.295811,10.704507,4.8,4.92
T04,GL-4396,2026-03-16 07:14:00,7.296286,10.704551,10.5,5.04
T04,GL-4396,2026-03-16 07:15:00,7.296994,10.704642,5.5,4.7
T04,GL-4396,2026-03-16 07:16:00,7.297419,10.704652,6.2,2.92
T04,GL-4396,2026-03-16 07:17:00,7.298051,10.704561,,5.49
T04,GL-4396,2026-03-16 07:18:00,7.298549,10.704723,8.3,3.72
T04,GL-4396,2026-03-16 07:19:00,7.299061,10.704666,4.1,4.07
T04,GL-4396,2026-03-16 07:20:00,7.299742,10.70467,5.7,3.25
T04,GL-4396,2026-03-16 07:21:00,7.30036,10.704779,6.1,3.35
T04,GL-4396,2026-03-16 07:22:00,7.300777,10.704793,6.3,4.52
T04,GL-4396,2026-03-16 07:23:00,7.301332,10.704825,8.0,5.46
T04,GL-4396,2026-03-16 07:24:00,7.302027,10.704862,5.6,4.92
T04,GL-4396,2026-03-16 07:25:00,7.302501,10.704934,9.3,3.34
T04,GL-4396,2026-03-16 07:26:00,7.303176,10.704777,8.3,3.62
T04,GL-4396,2026-03-16 07:27:00,7.303741,10.704839,4.8,3.45
T04,GL-4396,2026-03-16 07:28:00,7.304191,10.704922,6.2,2.81
T04,GL-4396,2026-03-16 07:29:00,7.30487,10.704918,8.4,3.97
T04,GL-4396,2026-03-16 07:30:00,7.305313,10.70501,6.7,4.77
T04,GL-4396,2026-03-16 07:31:00,7.306008,10.704955,8.1,4.6
T04,GL-4396,2026-03-16 07:32:00,7.306437,10.705064,6.8,3.23
T04,GL-4396,2026-03-16 07:33:00,7.306937,10.705124,6.8,3.24
T04,GL-4396,2026-03-16 07:34:00,7.307641,10.705203,4.9,3.57
T04,GL-4396,2026-03-16 07:35:00,7.308187,10.705273,6.3,2.87
T04,GL-4396,2026-03-16 07:36:00,7.308892,10.705196,6.9,4.85
T04,GL-4396,2026-03-16 07:37:00,7.309221,10.705274,,3.1
T04,GL-4396,2026-03-16 07:38:00,7.309849,10.705274,7.1,3.05
T04,GL-4396,2026-03-16 07:39:00,7.310398,10.705399,6.6,5.21
T04,GL-4396,2026-03-16 07:40:00,7.311001,10.705242,8.4,4.25
T04,GL-4396,2026-03-16 07:41:00,7.31168,10.705366,5.6,3.47
T04,GL-4396,2026-03-16 07:42:00,7.312191,10.705441,5.0,3.76
T04,GL-4396,2026-03-16 07:43:00,7.312723,10.70544,7.0,3.74
T04,GL-4396,2026-03-16 07:44:00,7.313281,10.705409,10.2,3.92
T04,GL-4396,2026-03-16 07:45:00,7.313795,10.705635,10.9,4.4
T04,GL-4396,2026-03-16 07:46:00,7.314311,10.705538,8.4,4.33
T04,GL-4396,2026-03-16 07:47:00,7.315042,10.705403,4.7,4.52
T04,GL-4396,2026-03-16 07:48:00,7.315474,10.705609,12.0,4.13
T04,GL-4396,2026-03-16 07:49:00,7.316071,10.705622,6.4,2.84
T04,GL-4396,2026-03-16 07:50:00,7.316716,10.70566,5.8,4.69
T04,GL-4396,2026-03-16 07:51:00,7.317183,10.705698,4.9,5.4
T04,GL-4396,2026-03-16 07:52:00,7.317748,10.705759,4.9,4.7
T04,GL-4396,2026-03-16 07:53:00,7.318276,10.705759,9.7,4.2
T04,GL-4396,2026-03-16 07:54:00,7.318828,10.705824,4.9,3.25
T04,GL-4396,2026-03-16 07:55:00,7.319547,10.705906,6.1,5.59
T04,GL-4396,2026-03-16 07:56:00,7.319961,10.705776,8.6,2.86
T04,GL-4396,2026-03-16 07:57:00,7.320671,10.705911,8.1,4.18
T04,GL-4396,2026-03-16 07:58:00,7.321188,10.705829,7.3,5.18
T04,GL-4396,2026-03-16 07:59:00,7.321707,10.705994,9.0,5.16
T04,GL-4396,2026-03-16 08:00:00,7.322332,10.706111,7.6,3.73
T04,GL-4396,2026-03-16 08:01:00,7.322851,10.706058,6.5,5.53
T04,GL-4396,2026-03-16 08:02:00,7.323424,10.705979,9.6,4.87
T04,GL-4396,2026-03-16 08:03:00,7.324054,10.705978,5.4,4.49
T04,GL-4396,2026-03-16 08:04:00,7.324681,10.706171,7.9,4.89
T04,GL-4396,2026-03-16 08:05:00,7.325263,10.706067,4.3,4.43
T04,GL-4396,2026-03-16 08:06:00,7.3257,10.706171,8.5,2.87
T04,GL-4396,2026-03-16 08:07:00,7.326357,10.706242,7.7,4.52
T04,GL-4396,2026-03-16 08:08:00,7.326791,10.706289,10.9,3.16
T04,GL-4396,2026-03-16 08:09:00,7.327455,10.706242,6.4,3.76
T04,GL-4396,2026-03-16 08:10:00,7.327951,10.706233,10.1,5.24
T04,GL-4396,2026-03-16 08:11:00,7.328571,10.706321,11.8,3.61
T04,GL-4396,2026-03-16 08:12:00,7.329129,10.706292,10.0,5.08
T04,GL-4396,2026-03-16 08:13:00,7.329791,10.706382,11.4,5.02
T04,GL-4396,2026-03-16 08:14:00,7.330324,10.706421,4.6,3.64
T04,GL-4396,2026-03-16 08:15:00,7.330948,10.706452,11.5,4.4
T04,GL-4396,2026-03-16 08:16:00,7.33145,10.706511,6.9,3.39
T04,GL-4396,2026-03-16 08:17:00,7.33196,10.70652,6.6,5.41
T04,GL-4396,2026-03-16 08:18:00,7.332557,10.706572,4.7,4.8
T04,GL-4396,2026-03-16 08:19:00,7.333001,10.70652,8.3,4.61
T04,GL-4396,2026-03-16 08:20:00,7.333666,10.706487,4.3,3.51
T04,GL-4396,2026-03-16 08:21:00,7.334279,10.70665,11.4,5.32
T04,GL-4396,2026-03-16 08:22:00,7.334672,10.706574,9.1,3.98
T04,GL-4396,2026-03-16 08:23:00,7.33524,10.706534,10.6,2.96
T04,GL-4396,2026-03-16 08:24:00,7.335994,10.706808,8.9,5.51
T04,GL-4396,2026-03-16 08:25:00,7.33652,10.706897,8.2,3.77
T04,GL-4396,2026-03-16 08:26:00,7.337014,10.706764,7.1,2.98
T04,GL-4396,2026-03-16 08:27:00,7.337601,10.706773,6.1,4.51
T04,GL-4396,2026-03-16 08:28:00,7.338204,10.706809,6.7,3.77
T04,GL-4396,2026-03-16 08:29:00,7.338601,10.706987,5.9,5.05
T04,GL-4396,2026-03-16 08:30:00,7.339405,10.706852,9.5,4.06
T04,GL-4396,2026-03-16 08:31:00,7.339964,10.706929,10.9,4.44
T04,GL-4396,2026-03-16 08:32:00,7.34061,10.707014,8.5,5.27
T04,GL-4396,2026-03-16 08:33:00,7.341004,10.706943,7.6,5.1
T04,GL-4396,2026-03-16 08:34:00,7.34153,10.706845,4.6,5.51
T04,GL-4396,2026-03-16 08:35:00,7.3422,10.706948,11.5,4.26
T04,GL-4396,2026-03-16 08:36:00,7.342619,10.707027,10.2,3.34
T04,GL-4396,2026-03-16 08:37:00,7.343327,10.707116,5.0,4.74
T04,GL-4396,2026-03-16 08:38:00,7.343865,10.707185,5.0,4.37
T04,GL-4396,2026-03-16 08:39:00,7.34443,10.707183,5.7,3.79
T04,GL-4396,2026-03-16 08:40:00,7.344898,10.707166,9.9,5.06
T04,GL-4396,2026-03-16 08:41:00,7.345497,10.707213,7.6,4.11
T04,GL-4396,2026-03-16 08:42:00,7.346187,10.707284,11.1,3.25
T04,GL-4396,2026-03-16 08:43:00,7.346568,10.707258,4.5,4.8
T04,GL-4396,2026-03-16 08:44:00,7.347296,10.707223,6.8,4.22
T04,GL-4396,2026-03-16 08:45:00,7.347774,10.707353,4.3,4.98
T04,GL-4396,2026-03-16 08:46:00,7.348306,10.707317,11.5,5.15
T04,GL-4396,2026-03-16 08:47:00,7.348871,10.707502,10.9,5.25
T04,GL-4396,2026-03-16 08:48:00,7.349407,10.707555,4.6,4.21
T04,GL-4396,2026-03-16 08:49:00,7.350038,10.707416,11.1,3.89
T04,GL-4396,2026-03-16 08:50:00,7.35067,10.707472,11.0,4.47
T04,GL-4396,2026-03-16 08:51:00,7.351151,10.707572,9.2,5.36
T04,GL-4396,2026-03-16 08:52:00,7.351768,10.707578,11.9,4.45
T04,GL-4396,2026-03-16 08:53:00,7.352364,10.707659,6.0,3.2
T04,GL-4396,2026-03-16 08:54:00,7.352967,10.707645,9.1,3.68
T04,GL-4396,2026-03-16 08:55:00,7.353504,10.707558,11.8,5.55
T04,GL-4396,2026-03-16 08:56:00,7.353972,10.707665,9.5,3.31
T04,GL-4396,2026-03-16 08:57:00,7.354601,10.707725,6.7,4.97
T04,GL-4396,2026-03-16 08:58:00,7.355103,10.70781,8.3,5.45
T04,GL-4396,2026-03-16 08:59:00,7.355771,10.707797,6.7,3.37
T04,GL-4396,2026-03-16 09:00:00,7.356228,10.70777,4.3,3.46
T04,GL-4396,2026-03-16 09:01:00,7.356807,10.707768,10.4,4.64
T04,GL-4396,2026-03-16 09:02:00,7.357612,10.707959,11.2,3.04
T04,GL-4396,2026-03-16 09:03:00,7.358042,10.70786,9.2,4.47
T04,GL-4396,2026-03-16 09:04:00,7.358559,10.7079,12.0,4.35
T04,GL-4396,2026-03-16 09:05:00,7.359127,10.707995,5.4,3.42
T04,GL-4396,2026-03-16 09:06:00,7.359664,10.708013,11.9,5.38
T04,GL-4396,2026-03-16 09:07:00,7.360286,10.708005,8.1,5.22
T04,GL-4396,2026-03-16 09:08:00,7.360892,10.708131,4.9,5.39
T04,GL-4396,2026-03-16 09:09:00,7.36138,10.708087,10.8,4.9
T04,GL-4396,2026-03-16 09:10:00,7.361948,10.708032,6.6,5.37
T04,GL-4396,2026-03-16 09:11:00,7.362582,10.708097,9.1,5.26
T04,GL-4396,2026-03-16 09:12:00,7.363061,10.708191,10.8,3.52
T04,GL-4396,2026-03-16 09:13:00,7.363603,10.708192,4.8,2.81
T04,GL-4396,2026-03-16 09:14:00,7.364164,10.70825,4.4,5.45
T04,GL-4396,2026-03-16 09:15:00,7.364775,10.708132,7.0,3.22
T04,GL-4396,2026-03-16 09:16:00,7.365314,10.708233,10.1,5.23
T04,GL-4396,2026-03-16 09:17:00,7.365876,10.708348,4.4,5.11
T04,GL-4396,2026-03-16 09:18:00,7.366579,10.708297,11.9,3.19
T04,GL-4396,2026-03-16 09:19:00,7.367034,10.708402,9.6,3.42
T04,GL-4396,2026-03-16 09:20:00,7.367535,10.708397,4.9,4.91
T04,GL-4396,2026-03-16 09:21:00,7.368139,10.708435,4.9,2.89
T04,GL-4396,2026-03-16 09:22:00,7.36868,10.708511,8.7,3.74
T04,GL-4396,2026-03-16 09:23:00,7.369334,10.708579,7.3,5.27
T04,GL-4396,2026-03-16 09:24:00,7.369764,10.708499,7.1,5.51
T04,GL-4396,2026-03-16 09:25:00,7.37039,10.708562,5.8,3.49
T04,GL-4396,2026-03-16 09:26:00,7.370918,10.708645,11.0,4.2
T04,GL-4396,2026-03-16 09:27:00,7.371558,10.708641,12.0,4.16
T04,GL-4396,2026-03-16 09:28:00,7.37207,10.708727,10.6,5.45
T04,GL-4396,2026-03-16 09:29:00,7.372798,10.70862,4.2,4.63
T04,GL-4396,2026-03-16 09:30:00,7.373292,10.708687,9.1,5.24
T04,GL-4396,2026-03-16 09:31:00,7.373865,10.70883,7.3,3.19
T04,GL-4396,2026-03-16 09:32:00,7.374589,10.708702,8.6,4.28
T04,GL-4396,2026-03-16 09:33:00,7.374899,10.708857,10.6,5.42
T04,GL-4396,2026-03-16 09:34:00,7.37551,10.708723,8.5,3.85
T04,GL-4396,2026-03-16 09:35:00,7.376134,10.70891,11.4,3.89
T04,GL-4396,2026-03-16 09:36:00,7.376642,10.7089,9.8,4.8
T04,GL-4396,2026-03-16 09:37:00,7.377214,10.708917,9.3,5.55
T04,GL-4396,2026-03-16 09:38:00,7.37776,10.708975,6.7,5.11
T04,GL-4396,2026-03-16 09:39:00,7.378256,10.708899,11.4,4.34
T04,GL-4396,2026-03-16 09:40:00,7.378857,10.709005,9.8,4.65
T04,GL-4396,2026-03-16 09:41:00,7.379429,10.709131,4.1,4.98
T04,GL-4396,2026-03-16 09:42:00,7.380079,10.709084,9.8,3.2
T04,GL-4396,2026-03-16 09:43:00,7.380607,10.709149,8.3,2.87
T04,GL-4396,2026-03-16 09:44:00,7.381138,10.709137,11.4,4.69
T04,GL-4396,2026-03-16 09:45:00,7.438138,10.709139,6.5,213.84
T04,GL-4396,2026-03-16 09:46:00,7.382333,10.709297,7.3,5.27
T04,GL-4396,2026-03-16 09:47:00,7.382896,10.709256,10.9,4.01
T04,GL-4396,2026-03-16 09:48:00,7.383472,10.709222,11.1,5.17
T04,GL-4396,2026-03-16 09:49:00,7.383998,10.709182,9.5,5.43
T04,GL-4396,2026-03-16 09:50:00,7.384689,10.709317,4.3,3.45
T04,GL-4396,2026-03-16 09:51:00,7.385139,10.709281,,3.21
T04,GL-4396,2026-03-16 09:52:00,7.385846,10.70934,4.5,3.48
T04,GL-4396,2026-03-16 09:53:00,7.386244,10.709406,4.2,4.13
T04,GL-4396,2026-03-16 09:54:00,7.386863,10.709463,9.7,4.97
T04,GL-4396,2026-03-16 09:55:00,7.387448,10.70949,4.9,4.52
T04,GL-4396,2026-03-16 09:56:00,7.387985,10.709443,7.5,4.18
T04,GL-4396,2026-03-16 09:57:00,7.388529,10.70958,10.7,3.67
T04,GL-4396,2026-03-16 09:58:00,7.38912,10.709613,9.0,5.45
T04,GL-4396,2026-03-16 09:59:00,7.389699,10.70975,9.7,3.19
T04,GL-4396,2026-03-16 10:00:00,7.390321,10.709609,4.0,5.38
T04,GL-4396,2026-03-16 10:01:00,7.390731,10.709684,11.4,4.46
T04,GL-4396,2026-03-16 10:02:00,7.391302,10.709662,5.7,5.22
T04,GL-4396,2026-03-16 10:03:00,7.391842,10.709743,8.3,2.96
T04,GL-4396,2026-03-16 10:04:00,7.392503,10.709813,7.3,3.76
T04,GL-4396,2026-03-16 10:05:00,7.393065,10.709763,9.8,4.69
T04,GL-4396,2026-03-16 10:06:00,7.39361,10.709862,12.0,3.85
T04,GL-4396,2026-03-16 10:07:00,7.394234,10.709785,10.0,4.09
T04,GL-4396,2026-03-16 10:08:00,7.394738,10.709766,5.9,3.65
T04,GL-4396,2026-03-16 10:09:00,7.395366,10.709959,4.8,5.38
T04,GL-4396,2026-03-16 10:10:00,7.395831,10.709961,8.3,3.0
T04,GL-4396,2026-03-16 10:11:00,7.396507,10.710002,11.2,4.34
T04,GL-4396,2026-03-16 10:12:00,7.397027,10.710009,10.3,5.41
T04,GL-4396,2026-03-16 10:13:00,7.397573,10.709973,10.6,2.89
T04,GL-4396,2026-03-16 10:14:00,7.398144,10.710123,8.6,3.79
T04,GL-4396,2026-03-16 10:15:00,7.39867,10.710175,9.6,4.03
T04,GL-4396,2026-03-16 10:16:00,7.399312,10.71003,4.7,3.24
T04,GL-4396,2026-03-16 10:17:00,7.399853,10.710191,4.3,3.52
T04,GL-4396,2026-03-16 10:18:00,7.400378,10.71012,6.3,3.26
T04,GL-4396,2026-03-16 10:19:00,7.400901,10.710276,6.3,4.5
T04,GL-4396,2026-03-16 10:20:00,7.401594,10.710277,5.6,3.01
T04,GL-4396,2026-03-16 10:21:00,7.402161,10.71033,6.4,5.24
T04,GL-4396,2026-03-16 10:22:00,7.402671,10.710368,7.2,3.72
T04,GL-4396,2026-03-16 10:23:00,7.403216,10.710392,7.6,4.54
T04,GL-4396,2026-03-16 10:24:00,7.403771,10.710356,7.5,5.04
T04,GL-4396,2026-03-16 10:25:00,7.404413,10.710449,10.1,4.77
T04,GL-4396,2026-03-16 10:26:00,7.405054,10.710434,11.3,2.91
T04,GL-4396,2026-03-16 10:27:00,7.405601,10.710486,4.5,3.74
T04,GL-4396,2026-03-16 10:28:00,7.406136,10.710477,6.2,5.02
T04,GL-4396,2026-03-16 10:29:00,7.406655,10.71051,8.9,3.25
T04,GL-4396,2026-03-16 10:30:00,7.407169,10.710521,6.1,4.97
T04,GL-4396,2026-03-16 10:31:00,7.407751,10.710551,10.6,5.26
T04,GL-4396,2026-03-16 10:32:00,7.408299,10.710636,8.5,4.76
T04,GL-4396,2026-03-16 10:33:00,7.408939,10.710682,7.2,4.1
T04,GL-4396,2026-03-16 10:34:00,7.409481,10.710636,5.1,3.28
T04,GL-4396,2026-03-16 10:35:00,7.409987,10.710681,9.5,3.48
T04,GL-4396,2026-03-16 10:36:00,7.410621,10.710842,10.6,5.37
T04,GL-4396,2026-03-16 10:37:00,7.411193,10.710757,11.5,5.36
T04,GL-4396,2026-03-16 10:38:00,7.411782,10.710898,8.6,3.63
T04,GL-4396,2026-03-16 10:39:00,7.412226,10.71088,6.3,3.42
T04,GL-4396,2026-03-16 10:40:00,7.412865,10.710913,7.3,2.9
T04,GL-4396,2026-03-16 10:41:00,7.413419,10.710849,9.6,5.3
T04,GL-4396,2026-03-16 10:42:00,7.41389,10.710942,11.4,3.05
T04,GL-4396,2026-03-16 10:43:00,7.414426,10.71091,5.7,4.02
T04,GL-4396,2026-03-16 10:44:00,7.415112,10.710913,8.3,4.0
T04,GL-4396,2026-03-16 10:45:00,7.415676,10.710881,10.6,3.9
T04,GL-4396,2026-03-16 10:46:00,7.416283,10.711047,8.1,5.03
T04,GL-4396,2026-03-16 10:47:00,7.416661,10.711023,5.1,3.87
T04,GL-4396,2026-03-16 10:48:00,7.417321,10.711024,7.5,5.09
T04,GL-4396,2026-03-16 10:49:00,7.418018,10.711164,4.0,5.0
T04,GL-4396,2026-03-16 10:50:00,7.418481,10.711197,11.2,3.18
T04,GL-4396,2026-03-16 10:51:00,7.419084,10.711163,6.5,4.55
T04,GL-4396,2026-03-16 10:52:00,7.419679,10.711245,8.8,5.25
T04,GL-4396,2026-03-16 10:53:00,7.420281,10.711392,8.8,3.51
T04,GL-4396,2026-03-16 10:54:00,7.42082,10.711356,10.2,3.31
T04,GL-4396,2026-03-16 10:55:00,7.421301,10.711239,10.2,3.76
T04,GL-4396,2026-03-16 10:56:00,7.421953,10.711358,11.6,3.43
T04,GL-4396,2026-03-16 10:57:00,7.422563,10.711323,10.4,3.33
T04,GL-4396,2026-03-16 10:58:00,7.423034,10.711376,10.9,3.55
T04,GL-4396,2026-03-16 10:59:00,7.423729,10.711409,10.7,4.38
T04,GL-4396,2026-03-16 11:00:00,7.424193,10.711498,8.9,5.46
T04,GL-4396,2026-03-16 11:01:00,7.424685,10.711441,10.2,4.39
T04,GL-4396,2026-03-16 11:02:00,7.425312,10.711496,10.4,4.84
T04,GL-4396,2026-03-16 11:03:00,7.425821,10.711637,10.6,5.18
T04,GL-4396,2026-03-16 11:04:00,7.426379,10.711531,11.4,4.39
T04,GL-4396,2026-03-16 11:05:00,7.427079,10.71175,6.7,3.03
T04,GL-4396,2026-03-16 11:06:00,7.427508,10.711749,8.5,4.57
T04,GL-4396,2026-03-16 11:07:00,7.428136,10.711678,8.7,5.01
T04,GL-4396,2026-03-16 11:08:00,7.428708,10.711714,6.6,5.58
T04,GL-4396,2026-03-16 11:09:00,7.429244,10.711687,5.3,5.1
T04,GL-4396,2026-03-16 11:10:00,7.42987,10.7117,6.7,3.6
T04,GL-4396,2026-03-16 11:11:00,7.430353,10.711856,6.6,3.78
T04,GL-4396,2026-03-16 11:12:00,7.430896,10.711809,7.2,4.3
T04,GL-4396,2026-03-16 11:13:00,7.431584,10.711938,5.9,2.95
T04,GL-4396,2026-03-16 11:14:00,7.432095,10.711888,9.2,3.52
T04,GL-4396,2026-03-16 11:15:00,7.432805,10.711846,5.0,5.38
T04,GL-4396,2026-03-16 11:16:00,7.433201,10.711908,4.2,4.07
T04,GL-4396,2026-03-16 11:17:00,7.433703,10.712008,10.2,3.25
T04,GL-4396,2026-03-16 11:18:00,7.434265,10.711967,9.9,4.34
T04,GL-4396,2026-03-16 11:19:00,7.434901,10.712092,6.8,5.16
T04,GL-4396,2026-03-16 11:20:00,7.435463,10.712134,4.0,4.09
T04,GL-4396,2026-03-16 11:21:00,7.436005,10.712079,9.2,4.68
T04,GL-4396,2026-03-16 11:22:00,7.436543,10.712189,6.2,4.99
T04,GL-4396,2026-03-16 11:23:00,7.437167,10.712199,7.5,3.66
T04,GL-4396,2026-03-16 11:24:00,7.43773,10.712124,9.0,3.71
T04,GL-4396,2026-03-16 11:25:00,7.438429,10.712204,7.2,5.3
T04,GL-4396,2026-03-16 11:26:00,7.438846,10.712286,11.8,3.04
T04,GL-4396,2026-03-16 11:27:00,7.439421,10.712332,10.3,3.93
T04,GL-4396,2026-03-16 11:28:00,7.440036,10.712361,4.5,4.99
T04,GL-4396,2026-03-16 11:29:00,7.440565,10.71239,7.5,3.39
T04,GL-4396,2026-03-16 11:30:00,7.441181,10.712322,9.4,4.89
T04,GL-4396,2026-03-16 11:31:00,7.44174,10.712461,6.0,4.13
T04,GL-4396,2026-03-16 11:32:00,7.442278,10.712479,11.3,3.49
T04,GL-4396,2026-03-16 11:33:00,7.44287,10.712505,6.6,2.93
T04,GL-4396,2026-03-16 11:34:00,7.443362,10.712516,7.5,4.77
T04,GL-4396,2026-03-16 11:35:00,7.444038,10.712578,4.4,5.27
T04,GL-4396,2026-03-16 11:36:00,7.444607,10.71266,6.0,3.64
T04,GL-4396,2026-03-16 11:37:00,7.445043,10.712521,10.7,5.11
T04,GL-4396,2026-03-16 11:38:00,7.445722,10.712659,4.2,4.01
T04,GL-4396,2026-03-16 11:39:00,7.446238,10.712737,7.1,4.5
T04,GL-4396,2026-03-16 11:40:00,7.446738,10.712731,5.3,3.42
T04,GL-4396,2026-03-16 11:41:00,7.447304,10.712736,8.0,2.88
T04,GL-4396,2026-03-16 11:42:00,7.447866,10.712754,4.6,3.8
T04,GL-4396,2026-03-16 11:43:00,7.448478,10.71273,5.7,4.66
T04,GL-4396,2026-03-16 11:44:00,7.448989,10.712831,6.5,3.01
T04,GL-4396,2026-03-16 11:45:00,7.449534,10.712904,4.3,3.67
T04,GL-4396,2026-03-16 11:46:00,7.450126,10.712852,8.0,4.37
T04,GL-4396,2026-03-16 11:47:00,7.450781,10.712831,10.0,4.99
T04,GL-4396,2026-03-16 11:48:00,7.451383,10.712931,5.5,3.76
T04,GL-4396,2026-03-16 11:49:00,7.451776,10.712992,8.2,3.54
T04,GL-4396,2026-03-16 11:50:00,7.452422,10.712954,4.7,4.92
T04,GL-4396,2026-03-16 11:51:00,7.453078,10.712973,6.4,4.62
T04,GL-4396,2026-03-16 11:52:00,7.453598,10.713115,9.0,4.78
T04,GL-4396,2026-03-16 11:53:00,7.45411,10.713077,5.1,4.4
T04,GL-4396,2026-03-16 11:54:00,7.454814,10.713085,9.3,4.07
T04,GL-4396,2026-03-16 11:55:00,7.455308,10.713138,9.8,3.94
T04,GL-4396,2026-03-16 11:56:00,7.455877,10.713149,10.7,5.43
T04,GL-4396,2026-03-16 11:57:00,7.456404,10.713197,10.0,5.34
T04,GL-4396,2026-03-16 11:58:00,7.457025,10.713178,10.1,3.34
T04,GL-4396,2026-03-16 11:59:00,7.457505,10.713286,10.6,4.04
T04,GL-4396,2026-03-16 12:00:00,7.4581,10.713276,5.3,4.58
T04,GL-4396,2026-03-16 12:01:00,7.458638,10.713337,7.7,4.76
T04,GL-4396,2026-03-16 12:02:00,7.459251,10.713414,8.8,3.76
T04,GL-4396,2026-03-16 12:03:00,7.459798,10.713367,9.3,4.31
T04,GL-4396,2026-03-16 12:04:00,7.460411,10.713413,4.5,4.09
T04,GL-4396,2026-03-16 12:05:00,7.460932,10.713398,11.0,5.52
T04,GL-4396,2026-03-16 12:06:00,7.461526,10.713522,8.2,3.98
T04,GL-4396,2026-03-16 12:07:00,7.462056,10.713566,6.5,3.88
T04,GL-4396,2026-03-16 12:08:00,7.46277,10.713543,5.6,4.88
T04,GL-4396,2026-03-16 12:09:00,7.528374,10.7136,10.8,331.51
T04,GL-4396,2026-03-16 12:10:00,7.463717,10.7137,6.5,4.0
T04,GL-4396,2026-03-16 12:11:00,7.46429,10.713637,6.7,5.49
T04,GL-4396,2026-03-16 12:12:00,7.464839,10.713711,6.7,2.9
T04,GL-4396,2026-03-16 12:13:00,7.465347,10.71374,9.9,5.31
T04,GL-4396,2026-03-16 12:14:00,7.46608,10.713681,7.5,3.57
T04,GL-4396,2026-03-16 12:15:00,7.466614,10.713869,5.5,3.39
T04,GL-4396,2026-03-16 12:16:00,7.467132,10.713725,8.8,4.52
T04,GL-4396,2026-03-16 12:17:00,7.467668,10.713922,5.2,5.03
T04,GL-4396,2026-03-16 12:18:00,7.468179,10.713837,4.3,5.19
T04,GL-4396,2026-03-16 12:19:00,7.468778,10.713932,8.2,4.36
T04,GL-4396,2026-03-16 12:20:00,7.469461,10.71389,9.1,3.74
T04,GL-4396,2026-03-16 12:21:00,7.469954,10.713976,9.5,4.57
T04,GL-4396,2026-03-16 12:22:00,7.470555,10.713944,8.3,3.27
T04,GL-4396,2026-03-16 12:23:00,7.47105,10.713998,11.3,4.47
T04,GL-4396,2026-03-16 12:24:00,7.471639,10.714034,9.5,3.15
T04,GL-4396,2026-03-16 12:25:00,7.472237,10.714128,5.5,3.03
T04,GL-4396,2026-03-16 12:26:00,7.472779,10.71408,,4.31
T04,GL-4396,2026-03-16 12:27:00,7.473361,10.714122,6.8,3.02
T04,GL-4396,2026-03-16 12:28:00,7.4739,10.7142,6.8,5.35
T04,GL-4396,2026-03-16 12:29:00,7.474472,10.714098,9.5,3.6
T04,GL-4396,2026-03-16 12:30:00,7.475021,10.714217,8.8,3.61
T04,GL-4396,2026-03-16 12:31:00,7.475636,10.714287,5.1,5.37
T04,GL-4396,2026-03-16 12:32:00,7.476238,10.714257,4.7,3.41
T04,GL-4396,2026-03-16 12:33:00,7.476781,10.714292,6.3,5.21
T04,GL-4396,2026-03-16 12:34:00,7.477182,10.714349,11.0,3.94
T04,GL-4396,2026-03-16 12:35:00,7.477904,10.71441,8.0,5.03
T04,GL-4396,2026-03-16 12:36:00,7.47829,10.714422,7.1,3.74
T04,GL-4396,2026-03-16 12:37:00,7.479005,10.714426,10.8,4.78
T04,GL-4396,2026-03-16 12:38:00,7.479552,10.714441,7.6,4.92
T04,GL-4396,2026-03-16 12:39:00,7.480211,10.714437,4.6,4.58
T04,GL-4396,2026-03-16 12:40:00,7.480691,10.714495,6.2,3.04
T04,GL-4396,2026-03-16 12:41:00,7.481229,10.714599,6.2,5.41
T04,GL-4396,2026-03-16 12:42:00,7.481798,10.714565,8.4,4.17
T04,GL-4396,2026-03-16 12:43:00,7.482505,10.71455,10.2,3.16
T04,GL-4396,2026-03-16 12:44:00,7.483013,10.714591,8.7,4.06
T04,GL-4396,2026-03-16 12:45:00,7.483514,10.714689,9.0,5.3
T04,GL-4396,2026-03-16 12:46:00,7.48402,10.714752,5.9,3.8
T04,GL-4396,2026-03-16 12:47:00,7.484551,10.714679,10.0,3.76
T04,GL-4396,2026-03-16 12:48:00,7.485307,10.714829,6.8,2.88
T04,GL-4396,2026-03-16 12:49:00,7.485814,10.714805,10.4,3.19
T04,GL-4396,2026-03-16 12:50:00,7.486459,10.714798,10.4,3.81
T04,GL-4396,2026-03-16 12:51:00,7.487,10.714934,9.2,4.11
T04,GL-4396,2026-03-16 12:52:00,7.48758,10.71486,6.9,4.82
T04,GL-4396,2026-03-16 12:53:00,7.488171,10.714849,6.6,5.07
T04,GL-4396,2026-03-16 12:54:00,7.488679,10.715025,9.1,3.16
T04,GL-4396,2026-03-16 12:55:00,7.489201,10.715025,8.6,3.3
T04,GL-4396,2026-03-16 12:56:00,7.489794,10.715047,4.1,4.02
T04,GL-4396,2026-03-16 12:57:00,7.490402,10.715043,9.8,5.42
T04,GL-4396,2026-03-16 12:58:00,7.490962,10.715062,10.1,5.37
T04,GL-4396,2026-03-16 12:59:00,7.491474,10.715129,8.4,3.03
T04,GL-4396,2026-03-16 13:00:00,7.491998,10.715122,6.3,4.7
T04,GL-4396,2026-03-16 13:01:00,7.492536,10.715147,9.4,4.65
T04,GL-4396,2026-03-16 13:02:00,7.49313,10.715209,4.3,3.46
T04,GL-4396,2026-03-16 13:03:00,7.493786,10.715338,4.3,4.6
T04,GL-4396,2026-03-16 13:04:00,7.494242,10.715171,9.3,4.01
T04,GL-4396,2026-03-16 13:05:00,7.494878,10.715331,5.9,4.34
T04,GL-4396,2026-03-16 13:06:00,7.495395,10.715278,5.6,4.51
T04,GL-4396,2026-03-16 13:07:00,7.495972,10.715283,11.9,2.85
T04,GL-4396,2026-03-16 13:08:00,7.496631,10.715336,11.6,4.09
T04,GL-4396,2026-03-16 13:09:00,7.497048,10.715395,9.3,5.32
T04,GL-4396,2026-03-16 13:10:00,7.497686,10.71562,4.7,4.38
T04,GL-4396,2026-03-16 13:11:00,7.498209,10.715447,8.6,4.12
T04,GL-4396,2026-03-16 13:12:00,7.498866,10.715367,6.7,4.44
T04,GL-4396,2026-03-16 13:13:00,7.499365,10.715506,7.8,3.54
T04,GL-4396,2026-03-16 13:14:00,7.499979,10.715503,10.7,3.4
T04,GL-4396,2026-03-16 13:15:00,7.50062,10.715483,4.9,5.02
T04,GL-4396,2026-03-16 13:16:00,7.501094,10.715673,9.4,3.31
T04,GL-4396,2026-03-16 13:17:00,7.501668,10.715655,5.6,3.9
T04,GL-4396,2026-03-16 13:18:00,7.502223,10.715647,7.2,5.06
T04,GL-4396,2026-03-16 13:19:00,7.502791,10.715713,5.5,3.17
T04,GL-4396,2026-03-16 13:20:00,7.503365,10.715791,8.2,3.44
T04,GL-4396,2026-03-16 13:21:00,7.503953,10.71572,11.6,4.43
T04,GL-4396,2026-03-16 13:22:00,7.504501,10.715718,8.2,4.34
T04,GL-4396,2026-03-16 13:23:00,7.505075,10.715794,6.7,3.05
T04,GL-4396,2026-03-16 13:24:00,7.5055,10.715787,10.4,3.22
T04,GL-4396,2026-03-16 13:25:00,7.506117,10.715997,10.3,5.11
T04,GL-4396,2026-03-16 13:26:00,7.506798,10.715844,10.6,3.01
T04,GL-4396,2026-03-16 13:27:00,7.507254,10.715927,9.3,4.71
T04,GL-4396,2026-03-16 13:28:00,7.507823,10.716022,11.7,4.74
T04,GL-4396,2026-03-16 13:29:00,7.508364,10.716039,6.4,3.29
T04,GL-4396,2026-03-16 13:30:00,7.509001,10.716078,12.0,4.63
T04,GL-4396,2026-03-16 13:31:00,7.509471,10.716094,10.4,3.63
T04,GL-4396,2026-03-16 13:32:00,7.510097,10.716079,11.5,4.6
T04,GL-4396,2026-03-16 13:33:00,7.510856,10.716006,9.4,4.86
T04,GL-4396,2026-03-16 13:34:00,7.511252,10.716249,11.8,5.41
T04,GL-4396,2026-03-16 13:35:00,7.511883,10.716285,10.7,3.82
T04,GL-4396,2026-03-16 13:36:00,7.5124,10.716256,6.9,5.1
T04,GL-4396,2026-03-16 13:37:00,7.512866,10.716265,7.4,3.48
T04,GL-4396,2026-03-16 13:38:00,7.513475,10.716207,6.2,5.1
T04,GL-4396,2026-03-16 13:39:00,7.514073,10.716344,4.7,3.39
T04,GL-4396,2026-03-16 13:40:00,7.514672,10.716491,5.6,3.4
T04,GL-4396,2026-03-16 13:41:00,7.515135,10.71629,7.3,2.98
T04,GL-4396,2026-03-16 13:42:00,7.515713,10.71642,4.4,3.72
T04,GL-4396,2026-03-16 13:43:00,7.516364,10.716349,10.2,5.09
T04,GL-4396,2026-03-16 13:44:00,7.516933,10.716382,9.2,3.25
T04,GL-4396,2026-03-16 13:45:00,7.517515,10.716524,4.2,4.28
T04,GL-4396,2026-03-16 13:46:00,7.518063,10.716491,10.9,3.61
T04,GL-4396,2026-03-16 13:47:00,7.518594,10.716606,11.3,4.99
T04,GL-4396,2026-03-16 13:48:00,7.519174,10.716535,8.5,4.29
T04,GL-4396,2026-03-16 13:49:00,7.519781,10.716635,5.5,5.36
T04,GL-4396,2026-03-16 13:50:00,7.520387,10.716653,5.2,4.56
T04,GL-4396,2026-03-16 13:51:00,7.520826,10.716679,10.1,3.26
T04,GL-4396,2026-03-16 13:52:00,7.521451,10.716685,7.0,4.93
T04,GL-4396,2026-03-16 13:53:00,7.522015,10.716755,10.0,4.56
T04,GL-4396,2026-03-16 13:54:00,7.52258,10.716775,10.9,5.35
T04,GL-4396,2026-03-16 13:55:00,7.523223,10.716869,6.5,5.38
T04,GL-4396,2026-03-16 13:56:00,7.523758,10.716909,7.0,4.46
T04,GL-4396,2026-03-16 13:57:00,7.5242,10.716869,,4.07
T04,GL-4396,2026-03-16 13:58:00,7.524824,10.716882,4.2,5.3
T04,GL-4396,2026-03-16 13:59:00,7.525471,10.716845,8.2,2.8
T04,GL-4396,2026-03-16 14:00:00,7.525834,10.717019,7.2,3.17
T04,GL-4396,2026-03-16 14:01:00,7.526474,10.716988,9.5,4.54
T04,GL-4396,2026-03-16 14:02:00,7.527143,10.716984,5.0,5.54
T04,GL-4396,2026-03-16 14:03:00,7.527587,10.717039,4.6,4.24
T04,GL-4396,2026-03-16 14:04:00,7.528247,10.717017,4.4,4.62
T04,GL-4396,2026-03-16 14:05:00,7.528852,10.717105,,4.37
T04,GL-4396,2026-03-16 14:06:00,7.529254,10.717086,10.8,3.98
T04,GL-4396,2026-03-16 14:07:00,7.529847,10.717149,8.5,4.98
T04,GL-4396,2026-03-16 14:08:00,7.530583,10.717246,6.0,5.0
T04,GL-4396,2026-03-16 14:09:00,7.531008,10.717123,4.6,3.75
T04,GL-4396,2026-03-16 14:10:00,7.531614,10.717342,9.2,4.99
T04,GL-4396,2026-03-16 14:11:00,7.532222,10.71717,7.9,3.64
T04,GL-4396,2026-03-16 14:12:00,7.532743,10.717319,6.6,3.41
T04,GL-4396,2026-03-16 14:13:00,7.533301,10.717352,7.4,3.32
T04,GL-4396,2026-03-16 14:14:00,7.53395,10.717379,5.5,4.97
T04,GL-4396,2026-03-16 14:15:00,7.534504,10.717526,8.3,4.37
T04,GL-4396,2026-03-16 14:16:00,7.535055,10.717519,8.3,4.79
T04,GL-4396,2026-03-16 14:17:00,7.535605,10.717462,8.8,3.19
T04,GL-4396,2026-03-16 14:18:00,7.536205,10.717471,10.6,5.07
T04,GL-4396,2026-03-16 14:19:00,7.536643,10.717581,9.5,3.19
T04,GL-4396,2026-03-16 14:20:00,7.537285,10.717464,8.4,4.87
T04,GL-4396,2026-03-16 14:21:00,7.537865,10.717578,7.7,4.18
T04,GL-4396,2026-03-16 14:22:00,7.538547,10.717623,4.6,4.86
T04,GL-4396,2026-03-16 14:23:00,7.538905,10.717707,10.6,4.89
T04,GL-4396,2026-03-16 14:24:00,7.53954,10.717603,6.9,5.38
T04,GL-4396,2026-03-16 14:25:00,7.540229,10.717668,4.2,4.67
T04,GL-4396,2026-03-16 14:26:00,7.540675,10.717772,8.1,3.83
T04,GL-4396,2026-03-16 14:27:00,7.541306,10.717909,6.5,4.87
T04,GL-4396,2026-03-16 14:28:00,7.54179,10.717767,10.8,2.8
T04,GL-4396,2026-03-16 14:29:00,7.54234,10.717796,5.3,4.66
T04,GL-4396,2026-03-16 14:30:00,7.542939,10.717854,6.5,3.91
T04,GL-4396,2026-03-16 14:31:00,7.543428,10.718038,11.3,3.41
T04,GL-4396,2026-03-16 14:32:00,7.544065,10.717956,11.1,5.02
T04,GL-4396,2026-03-16 14:33:00,7.544612,10.717976,10.2,2.85
T04,GL-4396,2026-03-16 14:34:00,7.545187,10.718144,8.9,4.17
T04,GL-4396,2026-03-16 14:35:00,7.54583,10.71806,4.7,3.51
T04,GL-4396,2026-03-16 14:36:00,7.546308,10.718108,5.0,3.56
T04,GL-4396,2026-03-16 14:37:00,7.546895,10.718114,7.9,5.06
T04,GL-4396,2026-03-16 14:38:00,7.547433,10.718034,7.8,3.88
T04,GL-4396,2026-03-16 14:39:00,7.548071,10.718081,4.3,3.31
T04,GL-4396,2026-03-16 14:40:00,7.548539,10.718156,11.8,4.65
T04,GL-4396,2026-03-16 14:41:00,7.549181,10.718189,4.5,4.66
T04,GL-4396,2026-03-16 14:42:00,7.549707,10.71815,7.2,5.2
T04,GL-4396,2026-03-16 14:43:00,7.550265,10.718257,4.6,5.37
T04,GL-4396,2026-03-16 14:44:00,7.550888,10.718342,9.5,4.53
T04,GL-4396,2026-03-16 14:45:00,7.551467,10.71837,4.2,4.77
T04,GL-4396,2026-03-16 14:46:00,7.551927,10.718467,6.9,3.36
T04,GL-4396,2026-03-16 14:47:00,7.552626,10.718419,4.2,2.86
T04,GL-4396,2026-03-16 14:48:00,7.553103,10.718375,9.2,5.48
T04,GL-4396,2026-03-16 14:49:00,7.553576,10.718534,4.5,3.42
T04,GL-4396,2026-03-16 14:50:00,7.554209,10.718595,9.2,2.92
T04,GL-4396,2026-03-16 14:51:00,7.554724,10.718501,5.5,5.3
T04,GL-4396,2026-03-16 14:52:00,7.55535,10.718554,10.4,3.12
T04,GL-4396,2026-03-16 14:53:00,7.555995,10.718611,8.0,3.14
T04,GL-4396,2026-03-16 14:54:00,7.556476,10.718651,11.9,3.92
T04,GL-4396,2026-03-16 14:55:00,7.55705,10.718634,6.0,2.92
T04,GL-4396,2026-03-16 14:56:00,7.557687,10.718692,5.2,4.93
T04,GL-4396,2026-03-16 14:57:00,7.558199,10.718748,6.2,2.89
T04,GL-4396,2026-03-16 14:58:00,7.558878,10.718836,10.7,3.22
T04,GL-4396,2026-03-16 14:59:00,7.559382,10.718821,10.6,4.43
T04,GL-4396,2026-03-16 15:00:00,7.559837,10.718739,6.5,2.95
T04,GL-4396,2026-03-16 15:01:00,7.560578,10.718962,9.0,3.78
T04,GL-4396,2026-03-16 15:02:00,7.56107,10.718857,9.6,4.97
T04,GL-4396,2026-03-16 15:03:00,7.561584,10.718873,6.7,5.3
T04,GL-4396,2026-03-16 15:04:00,7.562161,10.718876,11.8,3.25
T04,GL-4396,2026-03-16 15:05:00,7.562691,10.718962,5.7,4.25
T04,GL-4396,2026-03-16 15:06:00,7.563259,10.718995,10.1,3.13
T04,GL-4396,2026-03-16 15:07:00,7.563848,10.719018,8.6,4.18
T04,GL-4396,2026-03-16 15:08:00,7.564431,10.719016,7.2,4.22
T04,GL-4396,2026-03-16 15:09:00,7.564957,10.719042,10.8,5.13
T04,GL-4396,2026-03-16 15:10:00,7.565447,10.719103,10.9,4.2
T04,GL-4396,2026-03-16 15:11:00,7.566151,10.719076,8.0,4.07
T04,GL-4396,2026-03-16 15:12:00,7.566772,10.719279,8.9,3.8
T04,GL-4396,2026-03-16 15:13:00,7.567302,10.719217,5.9,3.46
T04,GL-4396,2026-03-16 15:14:00,7.567866,10.719201,9.1,5.22
T04,GL-4396,2026-03-16 15:15:00,7.568532,10.719244,8.0,2.87
T04,GL-4396,2026-03-16 15:16:00,7.568936,10.719336,8.7,3.13
T04,GL-4396,2026-03-16 15:17:00,7.569441,10.719322,11.9,5.6
T04,GL-4396,2026-03-16 15:18:00,7.570117,10.719383,7.5,4.31
T04,GL-4396,2026-03-16 15:19:00,7.570724,10.719539,6.6,5.04
T04,GL-4396,2026-03-16 15:20:00,7.571102,10.719464,6.9,4.87
T04,GL-4396,2026-03-16 15:21:00,7.571807,10.719464,10.0,5.13
T04,GL-4396,2026-03-16 15:22:00,7.572324,10.719337,9.4,4.43
T04,GL-4396,2026-03-16 15:23:00,7.572955,10.719536,10.4,3.51
T04,GL-4396,2026-03-16 15:24:00,7.573525,10.7195,7.8,3.45
T04,GL-4396,2026-03-16 15:25:00,7.574045,10.719523,8.0,5.28
T04,GL-4396,2026-03-16 15:26:00,7.574536,10.719651,11.3,5.36
T04,GL-4396,2026-03-16 15:27:00,7.575179,10.719687,4.2,3.05
T04,GL-4396,2026-03-16 15:28:00,7.575788,10.719594,,4.34
T04,GL-4396,2026-03-16 15:29:00,7.576411,10.719721,11.7,4.66
T04,GL-4396,2026-03-16 15:30:00,7.576815,10.719618,8.5,4.71
T04,GL-4396,2026-03-16 15:31:00,7.577392,10.719759,8.0,3.89
T04,GL-4396,2026-03-16 15:32:00,7.577993,10.719734,5.0,4.41
T04,GL-4396,2026-03-16 15:33:00,7.578484,10.719782,4.6,3.6
T04,GL-4396,2026-03-16 15:34:00,7.579108,10.719802,11.3,3.52
T04,GL-4396,2026-03-16 15:35:00,7.579688,10.719879,5.6,4.85
T04,GL-4396,2026-03-16 15:36:00,7.580272,10.719931,8.9,3.53
T04,GL-4396,2026-03-16 15:37:00,7.580816,10.719865,11.5,4.27
T04,GL-4396,2026-03-16 15:38:00,7.581466,10.719993,6.4,3.77
T04,GL-4396,2026-03-16 15:39:00,7.582085,10.719812,11.3,5.34
T04,GL-4396,2026-03-16 15:40:00,7.582581,10.719957,4.4,4.55
T04,GL-4396,2026-03-16 15:41:00,7.583205,10.720026,11.0,3.07
T04,GL-4396,2026-03-16 15:42:00,7.583732,10.720097,8.9,4.95
T04,GL-4396,2026-03-16 15:43:00,7.584232,10.72006,10.7,5.37
T04,GL-4396,2026-03-16 15:44:00,7.584829,10.720203,9.2,4.95
T04,GL-4396,2026-03-16 15:45:00,7.585483,10.720117,8.6,4.46
T04,GL-4396,2026-03-16 15:46:00,7.585865,10.720214,11.8,4.78
T04,GL-4396,2026-03-16 15:47:00,7.586491,10.720221,9.5,4.34
T04,GL-4396,2026-03-16 15:48:00,7.587058,10.720298,11.8,5.19
T04,GL-4396,2026-03-16 15:49:00,7.587619,10.720246,9.1,2.95
T04,GL-4396,2026-03-16 15:50:00,7.588119,10.72034,9.7,4.91
T04,GL-4396,2026-03-16 15:51:00,7.588709,10.720369,10.3,3.71
T04,GL-4396,2026-03-16 15:52:00,7.589313,10.720405,5.3,4.77
T04,GL-4396,2026-03-16 15:53:00,7.589879,10.720358,9.1,4.12
T04,GL-4396,2026-03-16 15:54:00,7.590515,10.720502,10.1,3.62
T04,GL-4396,2026-03-16 15:55:00,7.591024,10.720522,9.7,4.53
T04,GL-4396,2026-03-16 15:56:00,7.591559,10.720413,6.4,3.55
T04,GL-4396,2026-03-16 15:57:00,7.592228,10.720617,8.4,4.64
T04,GL-4396,2026-03-16 15:58:00,7.592695,10.720618,10.5,4.9
T04,GL-4396,2026-03-16 15:59:00,7.593367,10.720704,9.0,3.98
T04,GL-4396,2026-03-16 16:00:00,7.593887,10.72061,9.9,4.26
T04,GL-4396,2026-03-16 16:01:00,7.594462,10.720735,11.3,3.05
T04,GL-4396,2026-03-16 16:02:00,7.595034,10.720677,8.7,3.32
T04,GL-4396,2026-03-16 16:03:00,7.595646,10.720775,8.9,3.94
T04,GL-4396,2026-03-16 16:04:00,7.596118,10.720646,5.9,3.67
T04,GL-4396,2026-03-16 16:05:00,7.596673,10.720746,8.2,3.25
T04,GL-4396,2026-03-16 16:06:00,7.597124,10.720797,8.7,2.82
T04,GL-4396,2026-03-16 16:07:00,7.597958,10.720885,10.3,5.43
T04,GL-4396,2026-03-16 16:08:00,7.598342,10.720955,8.0,5.03
T04,GL-4396,2026-03-16 16:09:00,7.598924,10.720812,8.3,5.49
T04,GL-4396,2026-03-16 16:10:00,7.599463,10.720936,6.1,4.79
T04,GL-4396,2026-03-16 16:11:00,7.578061,10.720981,11.0,319.15
T04,GL-4396,2026-03-16 16:12:00,7.600649,10.721032,4.6,3.73
T04,GL-4396,2026-03-16 16:13:00,7.601103,10.720997,6.4,3.27
T04,GL-4396,2026-03-16 16:14:00,7.601741,10.720954,9.3,4.66
T04,GL-4396,2026-03-16 16:15:00,7.602321,10.7211,8.1,4.46
T04,GL-4396,2026-03-16 16:16:00,7.602916,10.721142,10.7,4.31
T04,GL-4396,2026-03-16 16:17:00,7.603569,10.721111,4.5,3.35
T04,GL-4396,2026-03-16 16:18:00,7.604064,10.721116,7.8,4.11
T04,GL-4396,2026-03-16 16:19:00,7.604401,10.721146,11.0,2.99
T04,GL-4396,2026-03-16 16:20:00,7.605151,10.721226,4.1,5.37
T04,GL-4396,2026-03-16 16:21:00,7.605657,10.721144,9.4,4.59
T04,GL-4396,2026-03-16 16:22:00,7.60626,10.721273,6.2,3.6
T04,GL-4396,2026-03-16 16:23:00,7.60682,10.721392,4.0,2.95
T04,GL-4396,2026-03-16 16:24:00,7.607457,10.721382,11.1,3.44
T04,GL-4396,2026-03-16 16:25:00,7.607932,10.721455,8.8,5.49
T04,GL-4396,2026-03-16 16:26:00,7.608617,10.721432,5.1,4.82
T04,GL-4396,2026-03-16 16:27:00,7.60904,10.721427,11.4,3.45
T04,GL-4396,2026-03-16 16:28:00,7.609709,10.721431,7.1,3.35
T04,GL-4396,2026-03-16 16:29:00,7.610184,10.721541,7.9,3.25
T04,GL-4396,2026-03-16 16:30:00,7.610793,10.721465,5.6,4.14
T04,GL-4396,2026-03-16 16:31:00,7.611443,10.721584,11.3,2.85
T04,GL-4396,2026-03-16 16:32:00,7.612015,10.721599,7.6,5.08
T04,GL-4396,2026-03-16 16:33:00,7.612596,10.721667,5.3,5.49
T04,GL-4396,2026-03-16 16:34:00,7.613113,10.721592,9.6,4.3
T04,GL-4396,2026-03-16 16:35:00,7.613672,10.721833,4.7,5.18
T04,GL-4396,2026-03-16 16:36:00,7.614223,10.721773,7.0,3.17
T04,GL-4396,2026-03-16 16:37:00,7.614812,10.721809,11.7,2.86
T04,GL-4396,2026-03-16 16:38:00,7.615352,10.72167,5.9,5.04
T04,GL-4396,2026-03-16 16:39:00,7.616029,10.721739,10.9,3.38
T04,GL-4396,2026-03-16 16:40:00,7.616388,10.721752,5.7,3.7
T04,GL-4396,2026-03-16 16:41:00,7.617093,10.721917,11.9,5.38
T04,GL-4396,2026-03-16 16:42:00,7.617516,10.721907,6.3,3.63
T04,GL-4396,2026-03-16 16:43:00,7.618119,10.721974,4.6,2.81
T04,GL-4396,2026-03-16 16:44:00,7.618773,10.721896,8.4,5.26
T04,GL-4396,2026-03-16 16:45:00,7.619389,10.72196,11.0,3.57
T04,GL-4396,2026-03-16 16:46:00,7.619772,10.722031,7.3,2.96
T04,GL-4396,2026-03-16 16:47:00,7.620467,10.722025,4.4,4.29
T04,GL-4396,2026-03-16 16:48:00,7.621024,10.722164,6.6,3.81
T04,GL-4396,2026-03-16 16:49:00,7.621499,10.721995,9.4,2.84
T04,GL-4396,2026-03-16 16:50:00,7.622086,10.722158,11.0,4.22
T04,GL-4396,2026-03-16 16:51:00,7.62272,10.722198,9.9,4.35
T04,GL-4396,2026-03-16 16:52:00,7.62327,10.722257,5.5,5.45
T04,GL-4396,2026-03-16 16:53:00,7.623859,10.722259,10.0,3.34
T04,GL-4396,2026-03-16 16:54:00,7.624521,10.722145,9.2,4.86
T04,GL-4396,2026-03-16 16:55:00,7.624907,10.722262,8.6,4.04
T04,GL-4396,2026-03-16 16:56:00,7.625494,10.722219,4.3,4.82
T04,GL-4396,2026-03-16 16:57:00,7.626074,10.72233,10.0,3.41
T04,GL-4396,2026-03-16 16:58:00,7.62655,10.722427,4.2,3.32
T04,GL-4396,2026-03-16 16:59:00,7.62725,10.722374,11.1,4.44
T04,GL-4396,2026-03-16 17:00:00,7.627781,10.722377,5.3,4.83
T04,GL-4396,2026-03-16 17:01:00,7.628418,10.722498,9.7,4.25
T04,GL-4396,2026-03-16 17:02:00,7.628852,10.722603,10.4,5.22
T04,GL-4396,2026-03-16 17:03:00,7.629532,10.722562,4.9,5.28
T04,GL-4396,2026-03-16 17:04:00,7.630043,10.722558,8.5,4.57
T04,GL-4396,2026-03-16 17:05:00,7.630665,10.722533,6.7,3.26
T04,GL-4396,2026-03-16 17:06:00,7.631244,10.722518,6.1,2.81
T04,GL-4396,2026-03-16 17:07:00,7.631798,10.722669,7.7,3.49
T04,GL-4396,2026-03-16 17:08:00,7.632337,10.722792,5.4,3.75
T04,GL-4396,2026-03-16 17:09:00,7.632863,10.722674,11.9,5.32
T04,GL-4396,2026-03-16 17:10:00,7.633549,10.7227,5.2,5.38
T04,GL-4396,2026-03-16 17:11:00,7.634017,10.722902,4.1,3.6
T04,GL-4396,2026-03-16 17:12:00,7.634582,10.722869,9.7,4.78
T04,GL-4396,2026-03-16 17:13:00,7.635202,10.722752,10.8,4.23
T04,GL-4396,2026-03-16 17:14:00,7.635618,10.722858,5.4,5.48
T04,GL-4396,2026-03-16 17:15:00,7.636269,10.722905,7.6,4.4
T04,GL-4396,2026-03-16 17:16:00,7.636777,10.72299,11.6,3.73
T04,GL-4396,2026-03-16 17:17:00,7.637346,10.723008,11.4,5.54
T04,GL-4396,2026-03-16 17:18:00,7.637946,10.722956,7.2,5.41
T04,GL-4396,2026-03-16 17:19:00,7.63863,10.722998,11.6,5.52
T04,GL-4396,2026-03-16 17:20:00,7.639173,10.723095,7.9,2.96
T04,GL-4396,2026-03-16 17:21:00,7.63969,10.72305,10.6,4.89
T04,GL-4396,2026-03-16 17:22:00,7.640248,10.723228,6.9,3.57
T04,GL-4396,2026-03-16 17:23:00,7.640945,10.723312,6.4,4.05
T04,GL-4396,2026-03-16 17:24:00,7.641442,10.723261,7.9,2.83
T04,GL-4396,2026-03-16 17:25:00,7.641965,10.723273,9.5,5.34
T04,GL-4396,2026-03-16 17:26:00,7.642498,10.723291,8.9,4.54
T04,GL-4396,2026-03-16 17:27:00,7.643139,10.723286,6.5,4.63
T04,GL-4396,2026-03-16 17:28:00,7.643614,10.723236,4.2,5.26
T04,GL-4396,2026-03-16 17:29:00,7.644221,10.72329,8.6,4.15
T04,GL-4396,2026-03-16 17:30:00,7.644733,10.723371,8.5,4.48
T04,GL-4396,2026-03-16 17:31:00,7.645313,10.723415,9.4,3.74
T04,GL-4396,2026-03-16 17:32:00,7.645889,10.723496,6.1,3.94
T04,GL-4396,2026-03-16 17:33:00,7.646492,10.723488,11.3,4.39
T04,GL-4396,2026-03-16 17:34:00,7.647032,10.723565,9.8,4.05
T04,GL-4396,2026-03-16 17:35:00,7.647682,10.723557,6.3,5.32
T04,GL-4396,2026-03-16 17:36:00,7.648248,10.723601,9.4,2.98
T04,GL-4396,2026-03-16 17:37:00,7.648689,10.723577,6.6,5.06
T04,GL-4396,2026-03-16 17:38:00,7.649311,10.723676,4.7,4.57
T04,GL-4396,2026-03-16 17:39:00,7.64986,10.723642,11.6,3.5
T04,GL-4396,2026-03-16 17:40:00,7.650425,10.723658,5.1,4.34
T04,GL-4396,2026-03-16 17:41:00,7.651057,10.723688,6.3,5.3
T04,GL-4396,2026-03-16 17:42:00,7.65153,10.723779,11.5,5.26
T04,GL-4396,2026-03-16 17:43:00,7.652176,10.723841,5.5,4.24
T04,GL-4396,2026-03-16 17:44:00,7.652674,10.723763,10.4,4.92
T04,GL-4396,2026-03-16 17:45:00,7.653382,10.723788,6.6,5.49
T04,GL-4396,2026-03-16 17:46:00,7.653834,10.723957,11.8,5.59
T04,GL-4396,2026-03-16 17:47:00,7.654414,10.723825,6.3,3.88
T04,GL-4396,2026-03-16 17:48:00,7.654961,10.723873,11.6,3.41
T04,GL-4396,2026-03-16 17:49:00,7.655497,10.723947,7.4,4.78
T04,GL-4396,2026-03-16 17:50:00,7.65594,10.723969,11.6,5.06
T04,GL-4396,2026-03-16 17:51:00,7.6566,10.724078,4.6,3.24
T04,GL-4396,2026-03-16 17:52:00,7.657212,10.723986,6.2,2.99
T04,GL-4396,2026-03-16 17:53:00,7.657696,10.724075,8.5,3.81
T04,GL-4396,2026-03-16 17:54:00,7.658428,10.724135,9.8,5.55
T04,GL-4396,2026-03-16 17:55:00,7.658938,10.724075,4.2,4.22
T04,GL-4396,2026-03-16 17:56:00,7.659504,10.724102,11.7,4.15
T04,GL-4396,2026-03-16 17:57:00,7.659933,10.724155,10.5,3.91
T04,GL-4396,2026-03-16 17:58:00,7.660611,10.724253,5.2,5.23
T04,GL-4396,2026-03-16 17:59:00,7.661097,10.724328,10.5,4.33
T04,GL-4396,2026-03-16 18:00:00,7.6617,10.724277,11.8,4.21
T04,GL-4396,2026-03-16 18:01:00,7.662309,10.724241,5.9,3.14
T04,GL-4396,2026-03-16 18:02:00,7.662841,10.724368,8.8,5.23
T04,GL-4396,2026-03-16 18:03:00,7.663346,10.724279,8.0,4.98
T04,GL-4396,2026-03-16 18:04:00,7.664018,10.724382,7.7,4.61
T04,GL-4396,2026-03-16 18:05:00,7.664553,10.724471,10.8,4.09
T04,GL-4396,2026-03-16 18:06:00,7.665039,10.724545,5.0,5.41
T04,GL-4396,2026-03-16 18:07:00,7.665633,10.724557,6.7,5.08
T04,GL-4396,2026-03-16 18:08:00,7.666395,10.724526,5.1,5.42
T04,GL-4396,2026-03-16 18:09:00,7.666858,10.724575,11.1,2.92
T04,GL-4396,2026-03-16 18:10:00,7.667409,10.724594,6.1,5.53
T04,GL-4396,2026-03-16 18:11:00,7.667931,10.724502,4.6,3.88
T04,GL-4396,2026-03-16 18:12:00,7.668572,10.724701,5.6,3.05
T04,GL-4396,2026-03-16 18:13:00,7.669062,10.72478,7.5,5.55
T04,GL-4396,2026-03-16 18:14:00,7.669617,10.724639,5.4,3.41
T04,GL-4396,2026-03-16 18:15:00,7.67019,10.724885,5.9,3.33
T04,GL-4396,2026-03-16 18:16:00,7.670631,10.724856,11.5,3.05
T04,GL-4396,2026-03-16 18:17:00,7.671438,10.724811,6.9,2.97
T04,GL-4396,2026-03-16 18:18:00,7.67198,10.724873,10.6,3.22
T04,GL-4396,2026-03-16 18:19:00,7.672659,10.724827,9.8,4.44
T04,GL-4396,2026-03-16 18:20:00,7.672995,10.725019,8.3,2.89
T04,GL-4396,2026-03-16 18:21:00,7.673714,10.724949,12.0,4.85
T04,GL-4396,2026-03-16 18:22:00,7.674138,10.724924,6.0,2.92
T04,GL-4396,2026-03-16 18:23:00,7.674692,10.724919,6.1,2.97
T04,GL-4396,2026-03-16 18:24:00,7.675364,10.725056,10.9,3.58
T04,GL-4396,2026-03-16 18:25:00,7.675843,10.725078,11.3,3.87
T04,GL-4396,2026-03-16 18:26:00,7.67653,10.725007,8.1,4.22
T04,GL-4396,2026-03-16 18:27:00,7.676963,10.725205,8.4,5.18
T04,GL-4396,2026-03-16 18:28:00,7.677581,10.725181,8.5,3.82
T04,GL-4396,2026-03-16 18:29:00,7.678192,10.725132,11.6,3.09
T04,GL-4396,2026-03-16 18:30:00,7.678778,10.725209,9.4,4.0
T04,GL-4396,2026-03-16 18:31:00,7.679147,10.72532,7.3,4.2
T04,GL-4396,2026-03-16 18:32:00,7.679881,10.725294,5.2,4.67
T04,GL-4396,2026-03-16 18:33:00,7.680441,10.725262,6.2,4.89
T04,GL-4396,2026-03-16 18:34:00,7.680942,10.725214,5.1,4.86
T04,GL-4396,2026-03-16 18:35:00,7.681569,10.725287,10.5,3.51
T04,GL-4396,2026-03-16 18:36:00,7.682045,10.725336,11.8,3.15
T04,GL-4396,2026-03-16 18:37:00,7.682672,10.725441,9.0,3.29
T04,GL-4396,2026-03-16 18:38:00,7.683243,10.725417,6.5,3.31
T04,GL-4396,2026-03-16 18:39:00,7.683718,10.725472,8.3,2.91
T04,GL-4396,2026-03-16 18:40:00,7.684318,10.725608,7.5,3.69
T04,GL-4396,2026-03-16 18:41:00,7.685061,10.725534,5.4,3.59
T04,GL-4396,2026-03-16 18:42:00,7.685494,10.72554,4.1,3.89
T04,GL-4396,2026-03-16 18:43:00,7.686102,10.725683,10.2,3.33
T04,GL-4396,2026-03-16 18:44:00,7.686571,10.725638,4.4,4.37
T04,GL-4396,2026-03-16 18:45:00,7.68726,10.725619,11.7,5.05
T04,GL-4396,2026-03-16 18:46:00,7.687714,10.725706,4.9,4.91
T04,GL-4396,2026-03-16 18:47:00,7.688355,10.725772,11.8,4.3
T04,GL-4396,2026-03-16 18:48:00,7.688794,10.725827,5.6,4.39
T04,GL-4396,2026-03-16 18:49:00,7.689393,10.725917,5.3,5.38
T04,GL-4396,2026-03-16 18:50:00,7.690088,10.725856,6.1,4.97
T04,GL-4396,2026-03-16 18:51:00,7.690528,10.725881,8.5,3.35
T04,GL-4396,2026-03-16 18:52:00,7.691129,10.725856,5.4,5.54
T04,GL-4396,2026-03-16 18:53:00,7.691711,10.725825,8.7,3.6
T04,GL-4396,2026-03-16 18:54:00,7.69232,10.725853,7.6,3.43
T04,GL-4396,2026-03-16 18:55:00,7.692911,10.726024,10.8,3.7
T04,GL-4396,2026-03-16 18:56:00,7.693417,10.726042,8.8,2.95
T04,GL-4396,2026-03-16 18:57:00,7.693889,10.725947,9.2,3.07
T04,GL-4396,2026-03-16 18:58:00,7.694451,10.725983,11.8,4.63
T04,GL-4396,2026-03-16 18:59:00,7.695138,10.726083,9.4,2.83
T04,GL-4396,2026-03-16 19:00:00,7.695535,10.726228,4.9,4.41
T04,GL-4396,2026-03-16 19:01:00,7.696251,10.726083,9.2,3.62
T04,GL-4396,2026-03-16 19:02:00,7.696777,10.726292,6.1,4.22
T04,GL-4396,2026-03-16 19:03:00,7.697404,10.726238,9.0,2.87
T04,GL-4396,2026-03-16 19:04:00,7.697921,10.72618,10.9,2.99
T04,GL-4396,2026-03-16 19:05:00,7.69852,10.726268,7.5,5.49
T04,GL-4396,2026-03-16 19:06:00,7.699065,10.726354,4.7,4.56
T04,GL-4396,2026-03-16 19:07:00,7.699625,10.726275,8.2,5.06
T04,GL-4396,2026-03-16 19:08:00,7.700309,10.726437,8.3,3.33
T04,GL-4396,2026-03-16 19:09:00,7.700759,10.72642,8.7,4.64
T04,GL-4396,2026-03-16 19:10:00,7.701355,10.726403,4.4,3.78
T04,GL-4396,2026-03-16 19:11:00,7.701824,10.726414,10.9,3.45
T04,GL-4396,2026-03-16 19:12:00,7.7024,10.72654,11.2,5.23
T04,GL-4396,2026-03-16 19:13:00,7.703121,10.726499,10.8,3.32
T04,GL-4396,2026-03-16 19:14:00,7.703537,10.726521,9.4,4.33
T04,GL-4396,2026-03-16 19:15:00,7.704145,10.726676,7.9,4.13
T04,GL-4396,2026-03-16 19:16:00,7.704713,10.72657,10.4,4.89
T04,GL-4396,2026-03-16 19:17:00,7.705252,10.726629,10.6,5.37
T04,GL-4396,2026-03-16 19:18:00,7.705867,10.726674,,4.6
T04,GL-4396,2026-03-16 19:19:00,7.706391,10.726612,11.3,3.19
T04,GL-4396,2026-03-16 19:20:00,7.706946,10.72669,7.1,5.52
T04,GL-4396,2026-03-16 19:21:00,7.707601,10.72674,10.4,4.1
T04,GL-4396,2026-03-16 19:22:00,7.708056,10.72673,8.5,4.28
T04,GL-4396,2026-03-16 19:23:00,7.708734,10.726822,8.8,4.43
T04,GL-4396,2026-03-16 19:24:00,7.709136,10.726964,11.2,4.8
T04,GL-4396,2026-03-16 19:25:00,7.709834,10.726829,10.9,5.39
T04,GL-4396,2026-03-16 19:26:00,7.710411,10.726935,7.3,3.19
T04,GL-4396,2026-03-16 19:27:00,7.71103,10.726954,11.0,3.65
T04,GL-4396,2026-03-16 19:28:00,7.711457,10.726925,4.6,4.67
T04,GL-4396,2026-03-16 19:29:00,7.712031,10.727037,9.1,3.34
T04,GL-4396,2026-03-16 19:30:00,7.712604,10.727028,8.9,4.24
T04,GL-4396,2026-03-16 19:31:00,7.713214,10.727123,11.8,4.01
T04,GL-4396,2026-03-16 19:32:00,7.713782,10.727076,10.7,4.17
T04,GL-4396,2026-03-16 19:33:00,7.714369,10.727104,5.3,4.55
T04,GL-4396,2026-03-16 19:34:00,7.714971,10.727236,5.4,5.54
T04,GL-4396,2026-03-16 19:35:00,7.715508,10.727192,11.2,4.22
T04,GL-4396,2026-03-16 19:36:00,7.715948,10.727115,5.6,5.14
T04,GL-4396,2026-03-16 19:37:00,7.716535,10.727225,7.0,5.02
T04,GL-4396,2026-03-16 19:38:00,7.71712,10.727195,5.1,4.48
T04,GL-4396,2026-03-16 19:39:00,7.717701,10.727387,9.2,2.98
T04,GL-4396,2026-03-16 19:40:00,7.718188,10.727353,8.8,3.74
T04,GL-4396,2026-03-16 19:41:00,7.718784,10.727332,6.6,3.87
T04,GL-4396,2026-03-16 19:42:00,7.7194,10.72736,11.2,4.1
T04,GL-4396,2026-03-16 19:43:00,7.719959,10.727457,10.9,4.91
T04,GL-4396,2026-03-16 19:44:00,7.720479,10.727436,9.1,4.94
T04,GL-4396,2026-03-16 19:45:00,7.721148,10.727543,9.1,5.07
T04,GL-4396,2026-03-16 19:46:00,7.721693,10.727539,5.1,4.45
T04,GL-4396,2026-03-16 19:47:00,7.72229,10.727592,5.0,5.39
T04,GL-4396,2026-03-16 19:48:00,7.722792,10.727517,9.7,4.04
T04,GL-4396,2026-03-16 19:49:00,7.723439,10.72751,,4.41
T04,GL-4396,2026-03-16 19:50:00,7.724014,10.727762,11.9,3.7
T04,GL-4396,2026-03-16 19:51:00,7.724423,10.727713,6.0,4.55
T04,GL-4396,2026-03-16 19:52:00,7.725057,10.7277,4.1,3.17
T04,GL-4396,2026-03-16 19:53:00,7.725616,10.727687,11.1,4.48
T04,GL-4396,2026-03-16 19:54:00,7.726277,10.72777,5.4,4.67
T04,GL-4396,2026-03-16 19:55:00,7.726725,10.727796,6.1,4.55
T04,GL-4396,2026-03-16 19:56:00,7.72733,10.727797,4.7,4.29
T04,GL-4396,2026-03-16 19:57:00,7.727935,10.727845,10.2,3.38
T04,GL-4396,2026-03-16 19:58:00,7.728586,10.727898,5.6,3.0
T04,GL-4396,2026-03-16 19:59:00,7.729094,10.727919,4.2,4.1
T04,GL-4396,2026-03-16 20:00:00,7.729588,10.727997,11.9,4.23
T04,GL-4396,2026-03-16 20:01:00,7.73008,10.727958,11.7,3.53
T04,GL-4396,2026-03-16 20:02:00,7.730764,10.727988,11.7,4.72
T04,GL-4396,2026-03-16 20:03:00,7.731309,10.727988,7.4,3.13
T04,GL-4396,2026-03-16 20:04:00,7.731854,10.728,7.4,3.01
T04,GL-4396,2026-03-16 20:05:00,7.732423,10.727934,8.3,3.97
T04,GL-4396,2026-03-16 20:06:00,7.733063,10.72818,9.2,5.06
T04,GL-4396,2026-03-16 20:07:00,7.733632,10.728161,4.2,3.32
T04,GL-4396,2026-03-16 20:08:00,7.734249,10.728295,7.1,5.03
T04,GL-4396,2026-03-16 20:09:00,7.73484,10.728259,4.5,5.21
T04,GL-4396,2026-03-16 20:10:00,7.735229,10.728298,8.5,5.29
T04,GL-4396,2026-03-16 20:11:00,7.735841,10.728336,11.8,5.52
T04,GL-4396,2026-03-16 20:12:00,7.736298,10.728377,4.9,4.95
T04,GL-4396,2026-03-16 20:13:00,7.737085,10.728345,4.0,2.93
T04,GL-4396,2026-03-16 20:14:00,7.737445,10.728424,10.4,3.64
T04,GL-4396,2026-03-16 20:15:00,7.738145,10.728359,6.4,3.12
T04,GL-4396,2026-03-16 20:16:00,7.738626,10.728422,8.0,2.83
T04,GL-4396,2026-03-16 20:17:00,7.739246,10.728461,4.3,4.48
T04,GL-4396,2026-03-16 20:18:00,7.739763,10.728467,5.7,3.4
T04,GL-4396,2026-03-16 20:19:00,7.740413,10.728516,5.4,5.01
T04,GL-4396,2026-03-16 20:20:00,7.740918,10.728526,8.4,5.59
T04,GL-4396,2026-03-16 20:21:00,7.741513,10.728637,6.2,3.04
T04,GL-4396,2026-03-16 20:22:00,7.742064,10.728602,4.6,5.35
T04,GL-4396,2026-03-16 20:23:00,7.74259,10.728611,4.7,4.84
T04,GL-4396,2026-03-16 20:24:00,7.743148,10.728663,11.0,3.04
T04,GL-4396,2026-03-16 20:25:00,7.743735,10.728622,11.2,3.03
T04,GL-4396,2026-03-16 20:26:00,7.744409,10.728739,7.3,4.49
T04,GL-4396,2026-03-16 20:27:00,7.744916,10.728831,7.6,5.52
T04,GL-4396,2026-03-16 20:28:00,7.745624,10.728788,6.4,5.25
T04,GL-4396,2026-03-16 20:29:00,7.746019,10.728849,11.2,4.04
T04,GL-4396,2026-03-16 20:30:00,7.746594,10.728826,9.8,3.13
T04,GL-4396,2026-03-16 20:31:00,7.747172,10.728897,11.4,4.71
T04,GL-4396,2026-03-16 20:32:00,7.747697,10.728871,11.9,5.53
T04,GL-4396,2026-03-16 20:33:00,7.748356,10.72886,6.9,5.06
T04,GL-4396,2026-03-16 20:34:00,7.748791,10.728945,11.8,5.2
T04,GL-4396,2026-03-16 20:35:00,7.749471,10.728929,7.6,5.41
T04,GL-4396,2026-03-16 20:36:00,7.75004,10.729164,9.4,5.01
T04,GL-4396,2026-03-16 20:37:00,7.750505,10.729002,10.1,3.66
T04,GL-4396,2026-03-16 20:38:00,7.751154,10.729142,11.5,3.63
T04,GL-4396,2026-03-16 20:39:00,7.751616,10.729094,7.2,3.77
T04,GL-4396,2026-03-16 20:40:00,7.75235,10.729206,4.2,3.76
T04,GL-4396,2026-03-16 20:41:00,7.75288,10.729252,10.3,2.92
T04,GL-4396,2026-03-16 20:42:00,7.753325,10.729259,7.6,5.03
T04,GL-4396,2026-03-16 20:43:00,7.753882,10.729344,4.2,3.34
T04,GL-4396,2026-03-16 20:44:00,7.754486,10.72925,10.8,4.79
T04,GL-4396,2026-03-16 20:45:00,7.755079,10.729366,8.6,4.65
T04,GL-4396,2026-03-16 20:46:00,7.75558,10.729407,4.6,3.72
T04,GL-4396,2026-03-16 20:47:00,7.756179,10.729428,7.1,5.45
T04,GL-4396,2026-03-16 20:48:00,7.756775,10.729413,8.4,4.61
T04,GL-4396,2026-03-16 20:49:00,7.757358,10.729406,,5.42
T04,GL-4396,2026-03-16 20:50:00,7.757935,10.729485,4.2,4.48
T04,GL-4396,2026-03-16 20:51:00,7.75842,10.729487,8.7,4.28
T04,GL-4396,2026-03-16 20:52:00,7.758897,10.729564,10.8,4.33
T04,GL-4396,2026-03-16 20:53:00,7.759549,10.729663,5.3,4.83
T04,GL-4396,2026-03-16 20:54:00,7.760288,10.729561,11.9,3.3
T04,GL-4396,2026-03-16 20:55:00,7.76074,10.729653,7.6,4.95
T04,GL-4396,2026-03-16 20:56:00,7.761116,10.729632,11.0,4.71
T04,GL-4396,2026-03-16 20:57:00,7.761921,10.729713,5.3,3.49
T04,GL-4396,2026-03-16 20:58:00,7.76248,10.729756,7.2,3.69
T04,GL-4396,2026-03-16 20:59:00,7.76298,10.729823,7.0,3.45
T04,GL-4396,2026-03-16 21:00:00,7.763542,10.729794,10.7,5.12
T04,GL-4396,2026-03-16 21:01:00,7.764156,10.729747,8.2,4.46
T04,GL-4396,2026-03-16 21:02:00,7.764768,10.729846,4.6,4.58
T04,GL-4396,2026-03-16 21:03:00,7.765087,10.729838,9.7,4.23
T04,GL-4396,2026-03-16 21:04:00,7.765774,10.729836,5.1,4.57
T04,GL-4396,2026-03-16 21:05:00,7.766417,10.729955,4.3,4.62
T04,GL-4396,2026-03-16 21:06:00,7.766959,10.729956,10.8,3.65
T04,GL-4396,2026-03-16 21:07:00,7.76755,10.730043,,3.13
T04,GL-4396,2026-03-16 21:08:00,7.768053,10.73006,5.1,3.8
T04,GL-4396,2026-03-16 21:09:00,7.768724,10.730062,6.5,4.73
T04,GL-4396,2026-03-16 21:10:00,7.769184,10.730046,4.9,3.09
T04,GL-4396,2026-03-16 21:11:00,7.76984,10.730283,9.4,3.61
T04,GL-4396,2026-03-16 21:12:00,7.770359,10.730179,9.6,3.75
T04,GL-4396,2026-03-16 21:13:00,7.77081,10.730189,7.5,5.34
T04,GL-4396,2026-03-16 21:14:00,7.771446,10.730192,10.8,3.45
T04,GL-4396,2026-03-16 21:15:00,7.772001,10.730228,5.2,4.65
T04,GL-4396,2026-03-16 21:16:00,7.772648,10.73021,10.7,3.59
T04,GL-4396,2026-03-16 21:17:00,7.773277,10.730316,7.8,2.88
T04,GL-4396,2026-03-16 21:18:00,7.773733,10.730254,4.9,5.15
T04,GL-4396,2026-03-16 21:19:00,7.774256,10.730417,4.9,3.09
T04,GL-4396,2026-03-16 21:20:00,7.774887,10.730339,9.2,2.91
T04,GL-4396,2026-03-16 21:21:00,7.775395,10.730469,10.4,2.85
T04,GL-4396,2026-03-16 21:22:00,7.776025,10.730414,9.4,5.08
T04,GL-4396,2026-03-16 21:23:00,7.776568,10.730423,8.6,5.58
T04,GL-4396,2026-03-16 21:24:00,7.77708,10.730478,9.0,3.25
T04,GL-4396,2026-03-16 21:25:00,7.777679,10.730573,7.0,5.39
T04,GL-4396,2026-03-16 21:26:00,7.778262,10.730569,10.0,3.57
T04,GL-4396,2026-03-16 21:27:00,7.778783,10.730716,10.0,3.83
T04,GL-4396,2026-03-16 21:28:00,7.779423,10.730652,4.8,2.98
T04,GL-4396,2026-03-16 21:29:00,7.78004,10.730566,9.7,3.81
T04,GL-4396,2026-03-16 21:30:00,7.780544,10.730647,11.6,3.83
T04,GL-4396,2026-03-16 21:31:00,7.781075,10.730776,9.9,5.54
T04,GL-4396,2026-03-16 21:32:00,7.781671,10.730799,11.2,4.02
T04,GL-4396,2026-03-16 21:33:00,7.782222,10.730783,7.3,2.94
T04,GL-4396,2026-03-16 21:34:00,7.782778,10.730841,11.3,3.3
T04,GL-4396,2026-03-16 21:35:00,7.783279,10.730911,10.5,4.89
T04,GL-4396,2026-03-16 21:36:00,7.783911,10.730966,4.5,3.87
T04,GL-4396,2026-03-16 21:37:00,7.784506,10.730974,6.3,3.97
T04,GL-4396,2026-03-16 21:38:00,7.78507,10.73089,10.0,4.66
T04,GL-4396,2026-03-16 21:39:00,7.785597,10.730965,6.3,4.81
T04,GL-4396,2026-03-16 21:40:00,7.786121,10.730962,6.3,5.2
T04,GL-4396,2026-03-16 21:41:00,7.786804,10.731,10.4,3.76
T04,GL-4396,2026-03-16 21:42:00,7.787346,10.731067,7.4,5.5
T04,GL-4396,2026-03-16 21:43:00,7.787873,10.731017,6.6,4.28
T04,GL-4396,2026-03-16 21:44:00,7.788599,10.73108,6.6,5.0
T04,GL-4396,2026-03-16 21:45:00,7.788937,10.731232,4.0,5.46
T04,GL-4396,2026-03-16 21:46:00,7.789569,10.731214,10.6,4.55
T04,GL-4396,2026-03-16 21:47:00,7.790085,10.731234,9.8,4.49
T04,GL-4396,2026-03-16 21:48:00,7.790604,10.731333,4.7,3.15
T04,GL-4396,2026-03-16 21:49:00,7.791276,10.731172,8.3,4.69
T04,GL-4396,2026-03-16 21:50:00,7.791951,10.731406,9.1,4.05
T04,GL-4396,2026-03-16 21:51:00,7.792379,10.731354,10.8,4.78
T04,GL-4396,2026-03-16 21:52:00,7.792921,10.731427,10.3,5.27
T04,GL-4396,2026-03-16 21:53:00,7.793417,10.731475,11.4,3.96
T04,GL-4396,2026-03-16 21:54:00,7.79418,10.731398,10.1,2.95
T04,GL-4396,2026-03-16 21:55:00,7.794597,10.731537,7.5,2.92
T04,GL-4396,2026-03-16 21:56:00,7.79533,10.731593,8.2,4.62
T04,GL-4396,2026-03-16 21:57:00,7.79582,10.731464,6.1,5.04
T04,GL-4396,2026-03-16 21:58:00,7.796405,10.731626,7.7,4.64
T04,GL-4396,2026-03-16 21:59:00,7.796897,10.731462,5.0,5.04
T04,GL-4396,2026-03-16 22:00:00,7.797502,10.7315,6.6,2.9
T04,GL-4396,2026-03-16 22:01:00,7.798025,10.731636,4.2,3.94
T04,GL-4396,2026-03-16 22:02:00,7.798524,10.731843,12.0,3.53
T04,GL-4396,2026-03-16 22:03:00,7.799123,10.73172,8.8,5.4
T04,GL-4396,2026-03-16 22:04:00,7.799642,10.731695,7.4,2.9
T04,GL-4396,2026-03-16 22:05:00,7.800275,10.73173,10.2,3.3
T04,GL-4396,2026-03-16 22:06:00,7.800908,10.731742,4.8,5.07
T04,GL-4396,2026-03-16 22:07:00,7.801472,10.731812,4.5,3.03
T04,GL-4396,2026-03-16 22:08:00,7.801959,10.731924,7.7,5.43
T04,GL-4396,2026-03-16 22:09:00,7.802502,10.731999,4.9,2.91
T04,GL-4396,2026-03-16 22:10:00,7.803167,10.731964,10.1,5.49
T04,GL-4396,2026-03-16 22:11:00,7.803713,10.731916,6.8,3.0
T04,GL-4396,2026-03-16 22:12:00,7.804268,10.731939,4.1,4.3
T04,GL-4396,2026-03-16 22:13:00,8.020053,10.732027,10.4,278.12
T04,GL-4396,2026-03-16 22:14:00,7.805434,10.731951,4.8,5.58
T04,GL-4396,2026-03-16 22:15:00,7.805865,10.732008,9.0,3.28
T04,GL-4396,2026-03-16 22:16:00,7.806502,10.732209,4.8,3.61
T04,GL-4396,2026-03-16 22:17:00,7.807089,10.732113,5.2,3.97
T04,GL-4396,2026-03-16 22:18:00,7.807696,10.732024,8.8,4.98
T04,GL-4396,2026-03-16 22:19:00,7.808222,10.732182,11.0,5.2
T04,GL-4396,2026-03-16 22:20:00,7.80883,10.732229,6.9,5.13
T04,GL-4396,2026-03-16 22:21:00,7.809559,10.73226,11.3,5.14
T04,GL-4396,2026-03-16 22:22:00,7.809913,10.732242,6.7,3.27
T04,GL-4396,2026-03-16 22:23:00,7.810415,10.732225,7.2,3.36
T04,GL-4396,2026-03-16 22:24:00,7.811085,10.732344,4.4,4.29
T04,GL-4396,2026-03-16 22:25:00,7.81162,10.732423,,3.74
T04,GL-4396,2026-03-16 22:26:00,7.812094,10.732394,10.5,4.43
T04,GL-4396,2026-03-16 22:27:00,7.812784,10.732565,6.4,4.03
T04,GL-4396,2026-03-16 22:28:00,7.813323,10.732504,5.2,3.99
T04,GL-4396,2026-03-16 22:29:00,7.813837,10.732477,5.5,4.81
T04,GL-4396,2026-03-16 22:30:00,7.814504,10.732462,9.3,3.58
T04,GL-4396,2026-03-16 22:31:00,7.815023,10.732532,5.5,3.57
T04,GL-4396,2026-03-16 22:32:00,7.815629,10.732509,6.6,5.45
T04,GL-4396,2026-03-16 22:33:00,7.816072,10.732574,5.6,3.24
T04,GL-4396,2026-03-16 22:34:00,7.816601,10.732797,11.2,3.76
T04,GL-4396,2026-03-16 22:35:00,7.81729,10.732653,9.2,4.48
T04,GL-4396,2026-03-16 22:36:00,7.817784,10.732726,9.8,4.31
T04,GL-4396,2026-03-16 22:37:00,7.818424,10.732688,9.3,4.42
T04,GL-4396,2026-03-16 22:38:00,7.819023,10.732742,7.2,5.08
T04,GL-4396,2026-03-16 22:39:00,7.819603,10.732823,11.0,4.77
T04,GL-4396,2026-03-16 22:40:00,7.820062,10.732836,4.7,4.99
T04,GL-4396,2026-03-16 22:41:00,7.820649,10.732846,7.0,4.66
T04,GL-4396,2026-03-16 22:42:00,7.821308,10.732872,9.8,5.52
T04,GL-4396,2026-03-16 22:43:00,7.821875,10.732926,9.1,3.17
T04,GL-4396,2026-03-16 22:44:00,7.822418,10.732916,6.3,5.53
T04,GL-4396,2026-03-16 22:45:00,7.823067,10.733079,11.9,5.06
T04,GL-4396,2026-03-16 22:46:00,7.82349,10.733049,8.3,4.73
T04,GL-4396,2026-03-16 22:47:00,7.824087,10.733127,7.0,5.26
T04,GL-4396,2026-03-16 22:48:00,7.824618,10.732967,4.3,4.79
T04,GL-4396,2026-03-16 22:49:00,7.825247,10.733068,4.7,5.14
T04,GL-4396,2026-03-16 22:50:00,7.825759,10.733045,9.9,5.1
T04,GL-4396,2026-03-16 22:51:00,7.826281,10.733162,7.6,4.6
T04,GL-4396,2026-03-16 22:52:00,7.826977,10.733134,6.5,3.22
T04,GL-4396,2026-03-16 22:53:00,7.827344,10.733169,4.6,5.43
T04,GL-4396,2026-03-16 22:54:00,7.828013,10.733158,7.8,3.05
T04,GL-4396,2026-03-16 22:55:00,7.82867,10.733292,8.3,4.48
T04,GL-4396,2026-03-16 22:56:00,7.829181,10.733262,10.3,3.4
T04,GL-4396,2026-03-16 22:57:00,7.82976,10.733413,4.0,5.14
T04,GL-4396,2026-03-16 22:58:00,7.83027,10.733337,7.3,3.51
T04,GL-4396,2026-03-16 22:59:00,7.83096,10.733463,4.0,4.24
T04,GL-4396,2026-03-16 23:00:00,7.831409,10.733507,6.9,2.97
T04,GL-4396,2026-03-16 23:01:00,7.832027,10.733504,8.8,3.47
T04,GL-4396,2026-03-16 23:02:00,7.832614,10.733541,10.6,4.28
T04,GL-4396,2026-03-16 23:03:00,7.833104,10.733485,11.7,4.45
T04,GL-4396,2026-03-16 23:04:00,7.833749,10.733597,4.5,3.24
T04,GL-4396,2026-03-16 23:05:00,7.834155,10.733781,10.4,5.32
T04,GL-4396,2026-03-16 23:06:00,7.834819,10.733604,10.3,3.42
T04,GL-4396,2026-03-16 23:07:00,7.835315,10.733639,8.8,4.37
T04,GL-4396,2026-03-16 23:08:00,7.83599,10.733687,7.4,4.47
T04,GL-4396,2026-03-16 23:09:00,7.836572,10.73365,10.7,3.5
T04,GL-4396,2026-03-16 23:10:00,7.837113,10.733769,9.4,4.67
T04,GL-4396,2026-03-16 23:11:00,7.837705,10.733834,5.1,4.27
T04,GL-4396,2026-03-16 23:12:00,7.838299,10.733742,5.3,5.33
T04,GL-4396,2026-03-16 23:13:00,7.838701,10.733887,4.8,4.34
T04,GL-4396,2026-03-16 23:14:00,7.839356,10.733794,10.7,4.25
T04,GL-4396,2026-03-16 23:15:00,7.839926,10.733973,6.9,4.38
T04,GL-4396,2026-03-16 23:16:00,7.840473,10.733898,6.9,5.24
T04,GL-4396,2026-03-16 23:17:00,7.840963,10.733904,10.7,2.96
T04,GL-4396,2026-03-16 23:18:00,7.841608,10.734055,9.8,5.16
T04,GL-4396,2026-03-16 23:19:00,7.842181,10.734042,8.5,4.34
T04,GL-4396,2026-03-16 23:20:00,7.842743,10.733983,4.7,2.86
T04,GL-4396,2026-03-16 23:21:00,7.843266,10.734146,7.2,4.93
T04,GL-4396,2026-03-16 23:22:00,7.843905,10.734125,4.9,4.12
T04,GL-4396,2026-03-16 23:23:00,7.844393,10.734121,11.8,4.49
T04,GL-4396,2026-03-16 23:24:00,7.845018,10.734262,6.4,3.46
T04,GL-4396,2026-03-16 23:25:00,7.845474,10.734263,10.2,5.44
T04,GL-4396,2026-03-16 23:26:00,7.846199,10.734336,10.5,5.11
T04,GL-4396,2026-03-16 23:27:00,7.846725,10.734242,5.8,5.06
T04,GL-4396,2026-03-16 23:28:00,7.847183,10.734335,6.6,4.67
T04,GL-4396,2026-03-16 23:29:00,7.847877,10.734474,10.7,3.35
T04,GL-4396,2026-03-16 23:30:00,7.84841,10.734308,10.3,4.83
T04,GL-4396,2026-03-16 23:31:00,7.848915,10.734414,11.4,3.8
T04,GL-4396,2026-03-16 23:32:00,7.849455,10.734572,9.8,3.28
T04,GL-4396,2026-03-16 23:33:00,7.850192,10.734344,6.5,3.43
T04,GL-4396,2026-03-16 23:34:00,7.850657,10.734496,4.6,4.76
T04,GL-4396,2026-03-16 23:35:00,7.851323,10.734571,5.6,5.19
T04,GL-4396,2026-03-16 23:36:00,7.851714,10.734519,8.5,4.27
T04,GL-4396,2026-03-16 23:37:00,7.852295,10.734517,9.9,4.17
T04,GL-4396,2026-03-16 23:38:00,7.85291,10.734643,8.6,5.29
T04,GL-4396,2026-03-16 23:39:00,7.853498,10.734667,5.8,4.23
T04,GL-4396,2026-03-16 23:40:00,7.854162,10.734635,,5.2
T04,GL-4396,2026-03-16 23:41:00,7.854613,10.734777,8.6,4.33
T04,GL-4396,2026-03-16 23:42:00,7.85509,10.734852,7.9,4.64
T04,GL-4396,2026-03-16 23:43:00,7.855655,10.734794,7.5,4.58
T04,GL-4396,2026-03-16 23:44:00,7.856318,10.734794,7.5,4.48
T04,GL-4396,2026-03-16 23:45:00,7.856862,10.734869,4.1,4.69
T04,GL-4396,2026-03-16 23:46:00,7.857468,10.734814,8.5,4.65
T04,GL-4396,2026-03-16 23:47:00,7.858035,10.734797,7.0,5.04
T04,GL-4396,2026-03-16 23:48:00,7.858677,10.734895,11.0,4.75
T04,GL-4396,2026-03-16 23:49:00,7.859155,10.734987,6.6,4.84
T04,GL-4396,2026-03-16 23:50:00,7.85978,10.734895,7.4,5.14
T04,GL-4396,2026-03-16 23:51:00,7.860172,10.73493,10.4,3.26
T04,GL-4396,2026-03-16 23:52:00,7.860872,10.734959,10.6,4.81
T04,GL-4396,2026-03-16 23:53:00,7.861391,10.735114,5.6,5.18
T04,GL-4396,2026-03-16 23:54:00,7.861935,10.735086,5.9,3.17
T04,GL-4396,2026-03-16 23:55:00,7.862498,10.735093,9.6,4.73
T04,GL-4396,2026-03-16 23:56:00,7.86316,10.735158,5.5,4.54
T04,GL-4396,2026-03-16 23:57:00,7.863674,10.735202,8.6,4.27
T04,GL-4396,2026-03-16 23:58:00,7.864305,10.735161,9.2,5.46
T04,GL-4396,2026-03-16 23:59:00,7.864723,10.735215,8.9,3.33
T04,GL-4396,2026-03-17 00:00:00,7.865384,10.735307,9.2,3.57
T04,GL-4396,2026-03-17 00:01:00,7.865978,10.735373,6.2,5.24
T04,GL-4396,2026-03-17 00:02:00,7.866455,10.735241,10.3,5.5
T04,GL-4396,2026-03-17 00:03:00,7.867016,10.735313,9.6,4.1
T04,GL-4396,2026-03-17 00:04:00,7.86762,10.735464,7.5,4.99
T04,GL-4396,2026-03-17 00:05:00,7.868162,10.735414,7.8,4.67
T04,GL-4396,2026-03-17 00:06:00,7.868685,10.735496,9.9,4.79
T04,GL-4396,2026-03-17 00:07:00,7.869418,10.735469,7.3,4.98
T04,GL-4396,2026-03-17 00:08:00,7.86983,10.735446,5.4,4.68
T04,GL-4396,2026-03-17 00:09:00,7.870442,10.735607,4.1,2.97
T04,GL-4396,2026-03-17 00:10:00,7.871045,10.735472,11.2,4.68
T04,GL-4396,2026-03-17 00:11:00,7.871655,10.735612,8.7,3.17
T04,GL-4396,2026-03-17 00:12:00,7.872158,10.735625,5.6,4.1
T04,GL-4396,2026-03-17 00:13:00,7.872724,10.735707,7.9,3.39
T04,GL-4396,2026-03-17 00:14:00,7.873256,10.735758,7.5,4.63
T04,GL-4396,2026-03-17 00:15:00,7.873914,10.735737,7.0,5.53
T04,GL-4396,2026-03-17 00:16:00,7.874476,10.735814,11.8,3.83
T04,GL-4396,2026-03-17 00:17:00,7.874935,10.735704,9.6,4.63
T04,GL-4396,2026-03-17 00:18:00,7.875523,10.735941,7.6,2.99
T04,GL-4396,2026-03-17 00:19:00,7.876186,10.73588,6.4,4.32
T04,GL-4396,2026-03-17 00:20:00,7.876724,10.735956,7.2,4.73
T04,GL-4396,2026-03-17 00:21:00,7.877271,10.735952,5.0,4.05
T04,GL-4396,2026-03-17 00:22:00,7.877886,10.736031,7.3,3.79
T04,GL-4396,2026-03-17 00:23:00,7.87836,10.735947,,4.48
T04,GL-4396,2026-03-17 00:24:00,7.878881,10.73591,4.0,5.29
T04,GL-4396,2026-03-17 00:25:00,7.879541,10.736092,6.5,5.41
T04,GL-4396,2026-03-17 00:26:00,7.880063,10.736042,11.8,3.52
T04,GL-4396,2026-03-17 00:27:00,7.880666,10.736135,11.7,4.56
T04,GL-4396,2026-03-17 00:28:00,7.881172,10.736126,11.4,3.66
T04,GL-4396,2026-03-17 00:29:00,7.881814,10.7362,10.3,3.68
T04,GL-4396,2026-03-17 00:30:00,7.882426,10.736319,4.8,4.28
T04,GL-4396,2026-03-17 00:31:00,7.882842,10.736247,8.3,4.65
T04,GL-4396,2026-03-17 00:32:00,7.88347,10.736279,11.2,3.57
T04,GL-4396,2026-03-17 00:33:00,7.884039,10.73627,7.5,4.66
T04,GL-4396,2026-03-17 00:34:00,7.884559,10.736267,6.1,2.94
T04,GL-4396,2026-03-17 00:35:00,7.885207,10.736315,7.4,3.72
T04,GL-4396,2026-03-17 00:36:00,7.885782,10.736474,8.6,2.98
T04,GL-4396,2026-03-17 00:37:00,7.886247,10.736352,6.3,4.47
T04,GL-4396,2026-03-17 00:38:00,7.886865,10.736363,5.9,2.92
T04,GL-4396,2026-03-17 00:39:00,7.887415,10.736486,4.7,5.19
T04,GL-4396,2026-03-17 00:40:00,7.888035,10.736604,9.0,3.5
T04,GL-4396,2026-03-17 00:41:00,7.88859,10.736438,4.6,4.64
T04,GL-4396,2026-03-17 00:42:00,7.889071,10.736535,7.9,2.81
T04,GL-4396,2026-03-17 00:43:00,7.889679,10.736602,8.4,5.14
T04,GL-4396,2026-03-17 00:44:00,7.890223,10.736651,5.3,4.74
T04,GL-4396,2026-03-17 00:45:00,7.890788,10.736604,11.7,3.79
T04,GL-4396,2026-03-17 00:46:00,7.891485,10.736825,8.9,4.47
T04,GL-4396,2026-03-17 00:47:00,7.891952,10.736788,7.5,2.81
T04,GL-4396,2026-03-17 00:48:00,7.892488,10.736746,6.4,4.06
T04,GL-4396,2026-03-17 00:49:00,7.893086,10.73678,9.5,4.85
T04,GL-4396,2026-03-17 00:50:00,7.893718,10.736815,6.2,4.45
T04,GL-4396,2026-03-17 00:51:00,7.894225,10.736807,11.3,5.05
T04,GL-4396,2026-03-17 00:52:00,7.894686,10.736785,9.9,4.34
T04,GL-4396,2026-03-17 00:53:00,7.895326,10.736966,4.0,4.25
T04,GL-4396,2026-03-17 00:54:00,7.895851,10.737048,11.2,5.36
T04,GL-4396,2026-03-17 00:55:00,7.896513,10.736939,4.8,4.49
T04,GL-4396,2026-03-17 00:56:00,7.897118,10.736975,10.7,2.98
T04,GL-4396,2026-03-17 00:57:00,7.897624,10.736981,5.1,5.38
T04,GL-4396,2026-03-17 00:58:00,7.898089,10.737061,5.9,3.5
T04,GL-4396,2026-03-17 00:59:00,7.898739,10.736974,7.8,4.91
T04,GL-4396,2026-03-17 01:00:00,7.899254,10.737058,9.9,5.47
T04,GL-4396,2026-03-17 01:01:00,7.900014,10.736992,8.8,3.11
T04,GL-4396,2026-03-17 01:02:00,7.900576,10.737141,4.3,5.38
T04,GL-4396,2026-03-17 01:03:00,7.900973,10.73715,7.4,4.89
T04,GL-4396,2026-03-17 01:04:00,7.901599,10.73734,7.1,3.97
T04,GL-4396,2026-03-17 01:05:00,7.90205,10.737385,7.5,4.18
T04,GL-4396,2026-03-17 01:06:00,7.902581,10.737266,5.6,4.27
T04,GL-4396,2026-03-17 01:07:00,7.903249,10.737225,9.9,3.06
T04,GL-4396,2026-03-17 01:08:00,7.903797,10.737326,7.0,3.76
T04,GL-4396,2026-03-17 01:09:00,7.904363,10.737386,7.7,3.93
T04,GL-4396,2026-03-17 01:10:00,7.904991,10.737505,7.4,5.36
T04,GL-4396,2026-03-17 01:11:00,7.905431,10.737419,8.1,4.55
T04,GL-4396,2026-03-17 01:12:00,7.90609,10.737542,4.0,3.6
T04,GL-4396,2026-03-17 01:13:00,7.90662,10.737533,4.6,2.99
T04,GL-4396,2026-03-17 01:14:00,7.90719,10.73751,11.8,5.23
T04,GL-4396,2026-03-17 01:15:00,7.907867,10.737718,6.5,4.87
T04,GL-4396,2026-03-17 01:16:00,7.908274,10.737643,8.6,4.72
T04,GL-4396,2026-03-17 01:17:00,7.908982,10.737615,5.3,4.74
T04,GL-4396,2026-03-17 01:18:00,7.909488,10.737705,11.0,3.92
T04,GL-4396,2026-03-17 01:19:00,7.910169,10.737755,6.3,5.53
T04,GL-4396,2026-03-17 01:20:00,7.91065,10.737695,11.6,4.5
T04,GL-4396,2026-03-17 01:21:00,7.966171,10.737691,7.5,393.41
T04,GL-4396,2026-03-17 01:22:00,7.911843,10.737847,11.9,3.01
T04,GL-4396,2026-03-17 01:23:00,7.912327,10.737834,10.8,4.22
T04,GL-4396,2026-03-17 01:24:00,7.912834,10.737751,10.5,4.7
T04,GL-4396,2026-03-17 01:25:00,7.913392,10.737849,4.9,4.35
T04,GL-4396,2026-03-17 01:26:00,7.913987,10.73789,6.1,4.98
T04,GL-4396,2026-03-17 01:27:00,7.91454,10.737931,11.8,4.46
T04,GL-4396,2026-03-17 01:28:00,7.915082,10.737956,8.1,4.66
T04,GL-4396,2026-03-17 01:29:00,7.91573,10.738021,,3.25
T04,GL-4396,2026-03-17 01:30:00,7.916337,10.737979,4.5,4.92
T04,GL-4396,2026-03-17 01:31:00,7.916873,10.737962,4.2,3.42
T04,GL-4396,2026-03-17 01:32:00,7.917352,10.737953,5.0,3.48
T04,GL-4396,2026-03-17 01:33:00,7.917952,10.738113,6.9,4.08
T04,GL-4396,2026-03-17 01:34:00,7.918555,10.738149,5.2,5.49
T04,GL-4396,2026-03-17 01:35:00,7.919004,10.738208,6.8,3.08
T04,GL-4396,2026-03-17 01:36:00,7.919557,10.738195,5.0,5.3
T04,GL-4396,2026-03-17 01:37:00,7.920217,10.738329,9.6,3.52
T04,GL-4396,2026-03-17 01:38:00,7.920792,10.738278,8.9,5.13
T04,GL-4396,2026-03-17 01:39:00,7.921286,10.738272,11.9,3.16
T04,GL-4396,2026-03-17 01:40:00,7.921921,10.738355,8.4,5.19
T04,GL-4396,2026-03-17 01:41:00,7.922442,10.738354,5.1,3.49
T04,GL-4396,2026-03-17 01:42:00,7.922973,10.738501,4.9,5.33
T04,GL-4396,2026-03-17 01:43:00,7.923534,10.738483,7.2,5.2
T04,GL-4396,2026-03-17 01:44:00,7.924193,10.738528,6.8,4.13
T04,GL-4396,2026-03-17 01:45:00,7.924733,10.738479,11.6,4.07
T04,GL-4396,2026-03-17 01:46:00,7.925313,10.738547,11.3,3.44
T04,GL-4396,2026-03-17 01:47:00,7.92592,10.73854,4.9,3.07
T04,GL-4396,2026-03-17 01:48:00,7.926443,10.738543,4.9,3.84
T04,GL-4396,2026-03-17 01:49:00,7.926914,10.738552,10.6,3.55
T04,GL-4396,2026-03-17 01:50:00,7.92758,10.738769,7.4,3.6
T04,GL-4396,2026-03-17 01:51:00,7.9282,10.738814,9.0,5.33
T04,GL-4396,2026-03-17 01:52:00,7.928703,10.73876,9.0,4.72
T04,GL-4396,2026-03-17 01:53:00,7.929351,10.738775,6.7,3.95
T04,GL-4396,2026-03-17 01:54:00,7.929892,10.738853,7.7,4.08
T04,GL-4396,2026-03-17 01:55:00,7.930454,10.738808,5.4,4.4
T04,GL-4396,2026-03-17 01:56:00,7.931004,10.738736,7.7,3.51
T04,GL-4396,2026-03-17 01:57:00,7.931439,10.738776,11.0,3.73
T04,GL-4396,2026-03-17 01:58:00,7.932094,10.738937,6.3,5.49
T04,GL-4396,2026-03-17 01:59:00,7.932681,10.738871,10.6,4.82
T04,GL-4396,2026-03-17 02:00:00,7.933326,10.738978,9.3,5.29
T04,GL-4396,2026-03-17 02:01:00,7.933804,10.738893,8.8,3.38
T04,GL-4396,2026-03-17 02:02:00,7.934389,10.738915,11.3,3.19
T04,GL-4396,2026-03-17 02:03:00,7.935001,10.738915,6.1,3.29
T04,GL-4396,2026-03-17 02:04:00,7.935579,10.739107,11.3,3.67
T04,GL-4396,2026-03-17 02:05:00,7.936043,10.739074,10.2,3.62
T04,GL-4396,2026-03-17 02:06:00,7.936595,10.739162,12.0,3.8
T04,GL-4396,2026-03-17 02:07:00,7.937221,10.739234,6.7,4.13
T04,GL-4396,2026-03-17 02:08:00,7.937683,10.739081,7.6,5.58
T04,GL-4396,2026-03-17 02:09:00,7.938311,10.739279,5.5,5.08
T04,GL-4396,2026-03-17 02:10:00,7.93892,10.739312,9.7,4.61
T04,GL-4396,2026-03-17 02:11:00,7.9394,10.739219,5.7,2.88
T04,GL-4396,2026-03-17 02:12:00,7.940058,10.739391,10.7,5.28
T04,GL-4396,2026-03-17 02:13:00,7.940645,10.739345,4.9,4.07
T04,GL-4396,2026-03-17 02:14:00,7.941076,10.739385,,4.83
T04,GL-4396,2026-03-17 02:15:00,7.941857,10.739527,7.5,5.44
T04,GL-4396,2026-03-17 02:16:00,7.942215,10.739262,12.0,4.11
T04,GL-4396,2026-03-17 02:17:00,7.942936,10.739461,7.3,5.22
T04,GL-4396,2026-03-17 02:18:00,7.943547,10.739487,11.0,4.14
T04,GL-4396,2026-03-17 02:19:00,7.944023,10.739497,10.9,4.86
T04,GL-4396,2026-03-17 02:20:00,7.944666,10.739484,4.4,3.91
T04,GL-4396,2026-03-17 02:21:00,7.945132,10.739642,5.2,4.67
T04,GL-4396,2026-03-17 02:22:00,7.945676,10.739625,7.1,4.18
T04,GL-4396,2026-03-17 02:23:00,7.94624,10.73957,11.4,5.36
T04,GL-4396,2026-03-17 02:24:00,7.946837,10.739697,10.6,5.45
T04,GL-4396,2026-03-17 02:25:00,7.94727,10.739734,9.0,5.49
T04,GL-4396,2026-03-17 02:26:00,7.947993,10.739799,12.0,5.12
T04,GL-4396,2026-03-17 02:27:00,7.948491,10.739764,10.0,5.09
T04,GL-4396,2026-03-17 02:28:00,7.949118,10.739674,9.1,4.1
T04,GL-4396,2026-03-17 02:29:00,7.949653,10.739787,6.3,5.34
T04,GL-4396,2026-03-17 02:30:00,7.950168,10.739862,6.1,3.76
T04,GL-4396,2026-03-17 02:31:00,7.950803,10.739802,8.3,5.56
T04,GL-4396,2026-03-17 02:32:00,7.951424,10.739883,4.1,4.99
T04,GL-4396,2026-03-17 02:33:00,7.951806,10.740064,8.3,4.78
T04,GL-4396,2026-03-17 02:34:00,7.9525,10.740033,8.0,3.88
T04,GL-4396,2026-03-17 02:35:00,7.95315,10.739944,4.1,4.09
T04,GL-4396,2026-03-17 02:36:00,7.953487,10.739969,5.7,3.74
T04,GL-4396,2026-03-17 02:37:00,7.9542,10.740114,10.5,5.04
T04,GL-4396,2026-03-17 02:38:00,7.954836,10.739986,6.4,4.02
T04,GL-4396,2026-03-17 02:39:00,7.955226,10.740097,7.8,5.52
T04,GL-4396,2026-03-17 02:40:00,7.955933,10.740222,4.2,3.45
T04,GL-4396,2026-03-17 02:41:00,7.956381,10.740177,4.0,3.08
T04,GL-4396,2026-03-17 02:42:00,7.957035,10.740205,10.5,4.61
T04,GL-4396,2026-03-17 02:43:00,7.957647,10.74024,8.2,4.01
T04,GL-4396,2026-03-17 02:44:00,7.958085,10.740352,10.6,3.6
T04,GL-4396,2026-03-17 02:45:00,7.95864,10.740258,5.6,4.98
T04,GL-4396,2026-03-17 02:46:00,7.959262,10.740493,9.1,2.97
T04,GL-4396,2026-03-17 02:47:00,7.959788,10.740352,7.2,4.79
T04,GL-4396,2026-03-17 02:48:00,7.960302,10.740368,10.3,5.16
T04,GL-4396,2026-03-17 02:49:00,7.960968,10.740469,4.6,5.45
T04,GL-4396,2026-03-17 02:50:00,7.961505,10.740454,9.2,4.23
T04,GL-4396,2026-03-17 02:51:00,7.962119,10.740377,8.0,3.04
T04,GL-4396,2026-03-17 02:52:00,7.962584,10.740635,11.4,3.81
T04,GL-4396,2026-03-17 02:53:00,7.963228,10.740504,11.9,4.22
T04,GL-4396,2026-03-17 02:54:00,7.963809,10.74052,6.9,3.67
T04,GL-4396,2026-03-17 02:55:00,7.964371,10.740605,4.8,4.9
T04,GL-4396,2026-03-17 02:56:00,7.964892,10.740569,8.9,4.68
T04,GL-4396,2026-03-17 02:57:00,7.965451,10.740619,10.8,4.11
T04,GL-4396,2026-03-17 02:58:00,7.966039,10.740716,11.2,4.13
T04,GL-4396,2026-03-17 02:59:00,7.966585,10.74077,6.2,5.02
T04,GL-4396,2026-03-17 03:00:00,7.967104,10.740863,10.0,4.29
T04,GL-4396,2026-03-17 03:01:00,7.967715,10.740761,4.6,2.89
T04,GL-4396,2026-03-17 03:02:00,7.968347,10.740873,11.9,3.71
T04,GL-4396,2026-03-17 03:03:00,7.968932,10.740853,6.5,3.18
T04,GL-4396,2026-03-17 03:04:00,7.969522,10.741029,5.8,4.64
T04,GL-4396,2026-03-17 03:05:00,7.970021,10.740937,4.5,5.35
T04,GL-4396,2026-03-17 03:06:00,7.970559,10.740998,5.1,3.87
T04,GL-4396,2026-03-17 03:07:00,7.971135,10.740965,5.0,5.24
T04,GL-4396,2026-03-17 03:08:00,7.971773,10.740985,11.7,4.78
T04,GL-4396,2026-03-17 03:09:00,7.972273,10.741119,7.3,2.97
T04,GL-4396,2026-03-17 03:10:00,7.972933,10.741101,6.2,4.84
T04,GL-4396,2026-03-17 03:11:00,7.973418,10.741044,11.5,5.25
T04,GL-4396,2026-03-17 03:12:00,7.974021,10.741189,10.1,4.26
T04,GL-4396,2026-03-17 03:13:00,7.974546,10.741087,11.5,4.65
T04,GL-4396,2026-03-17 03:14:00,7.975217,10.741036,10.9,4.85
T04,GL-4396,2026-03-17 03:15:00,7.975707,10.741174,5.9,4.01
T04,GL-4396,2026-03-17 03:16:00,7.976292,10.741268,6.3,2.82
T04,GL-4396,2026-03-17 03:17:00,7.976851,10.741387,4.4,4.1
T04,GL-4396,2026-03-17 03:18:00,7.977327,10.741288,10.7,4.88
T04,GL-4396,2026-03-17 03:19:00,7.977908,10.741309,8.0,3.0
T04,GL-4396,2026-03-17 03:20:00,7.978434,10.741362,6.9,5.32
T04,GL-4396,2026-03-17 03:21:00,7.979058,10.741413,10.9,3.03
T04,GL-4396,2026-03-17 03:22:00,7.979635,10.741393,7.2,4.38
T04,GL-4396,2026-03-17 03:23:00,7.980269,10.741454,5.7,4.87
T04,GL-4396,2026-03-17 03:24:00,7.980704,10.741625,5.3,4.0
T04,GL-4396,2026-03-17 03:25:00,7.981261,10.741481,10.8,5.01
T04,GL-4396,2026-03-17 03:26:00,7.981864,10.741519,4.7,4.46
T04,GL-4396,2026-03-17 03:27:00,7.982433,10.741522,11.8,3.51
T04,GL-4396,2026-03-17 03:28:00,7.983033,10.741679,6.0,4.52
T04,GL-4396,2026-03-17 03:29:00,7.983559,10.741734,6.3,4.97
T04,GL-4396,2026-03-17 03:30:00,7.984141,10.741709,11.5,3.1
T04,GL-4396,2026-03-17 03:31:00,7.984693,10.741734,7.6,4.24
T04,GL-4396,2026-03-17 03:32:00,7.985359,10.741759,5.1,4.54
T04,GL-4396,2026-03-17 03:33:00,7.985833,10.741799,8.1,4.46
T04,GL-4396,2026-03-17 03:34:00,7.986385,10.741817,5.7,3.91
T04,GL-4396,2026-03-17 03:35:00,7.987056,10.741864,4.6,3.9
T04,GL-4396,2026-03-17 03:36:00,7.987601,10.741897,7.1,4.67
T04,GL-4396,2026-03-17 03:37:00,7.988158,10.741953,5.8,4.73
T04,GL-4396,2026-03-17 03:38:00,7.988695,10.741901,8.5,4.56
T04,GL-4396,2026-03-17 03:39:00,7.989234,10.74191,5.1,2.88
T04,GL-4396,2026-03-17 03:40:00,7.989703,10.742053,8.2,3.72
T04,GL-4396,2026-03-17 03:41:00,7.99054,10.742032,7.2,4.94
T04,GL-4396,2026-03-17 03:42:00,7.556323,10.742,5.5,207.0
T04,GL-4396,2026-03-17 03:43:00,7.991548,10.742103,9.0,5.38
T04,GL-4396,2026-03-17 03:44:00,7.992166,10.742164,10.0,4.44
T04,GL-4396,2026-03-17 03:45:00,7.992585,10.742189,4.6,3.15
T04,GL-4396,2026-03-17 03:46:00,7.993151,10.742145,4.7,2.99
T04,GL-4396,2026-03-17 03:47:00,7.9937,10.742253,7.2,3.51
T04,GL-4396,2026-03-17 03:48:00,7.994346,10.742273,11.3,5.18
T04,GL-4396,2026-03-17 03:49:00,7.994858,10.74229,7.7,5.03
T04,GL-4396,2026-03-17 03:50:00,7.99541,10.742362,7.7,4.94
T04,GL-4396,2026-03-17 03:51:00,7.996069,10.742289,4.3,3.09
T04,GL-4396,2026-03-17 03:52:00,7.996655,10.742351,10.0,4.16
T04,GL-4396,2026-03-17 03:53:00,7.99713,10.742369,6.5,4.85
T04,GL-4396,2026-03-17 03:54:00,7.997767,10.742425,10.5,3.3
T04,GL-4396,2026-03-17 03:55:00,7.998393,10.742411,4.9,3.26
T04,GL-4396,2026-03-17 03:56:00,7.998834,10.742524,7.7,3.35
T04,GL-4396,2026-03-17 03:57:00,7.999547,10.742446,11.0,3.36
T04,GL-4396,2026-03-17 03:58:00,8.00004,10.74252,4.7,4.13
T04,GL-4396,2026-03-17 03:59:00,8.000503,10.74247,8.1,4.46
T04,GL-4396,2026-03-17 04:00:00,8.001021,10.742573,6.3,2.99
T04,GL-4396,2026-03-17 04:01:00,8.001751,10.742626,6.1,5.11
T04,GL-4396,2026-03-17 04:02:00,8.002191,10.742617,6.1,4.92
T04,GL-4396,2026-03-17 04:03:00,8.002895,10.742636,7.8,4.41
T04,GL-4396,2026-03-17 04:04:00,8.00328,10.742763,10.7,2.82
T04,GL-4396,2026-03-17 04:05:00,8.003973,10.74272,11.9,4.1
T04,GL-4396,2026-03-17 04:06:00,8.004618,10.742797,9.8,4.6
T04,GL-4396,2026-03-17 04:07:00,8.005153,10.742818,6.3,3.49
T04,GL-4396,2026-03-17 04:08:00,8.005732,10.742807,11.3,3.95
T04,GL-4396,2026-03-17 04:09:00,8.006235,10.74302,8.3,4.64
T04,GL-4396,2026-03-17 04:10:00,8.006778,10.742842,5.3,4.87
T04,GL-4396,2026-03-17 04:11:00,8.007423,10.74302,8.3,3.24
T04,GL-4396,2026-03-17 04:12:00,8.007943,10.742967,6.7,5.36
T04,GL-4396,2026-03-17 04:13:00,8.008535,10.742934,5.7,3.04
T04,GL-4396,2026-03-17 04:14:00,8.009089,10.743118,7.5,4.85
T04,GL-4396,2026-03-17 04:15:00,8.009687,10.743002,8.6,5.58
T04,GL-4396,2026-03-17 04:16:00,8.010101,10.743066,8.1,3.75
T04,GL-4396,2026-03-17 04:17:00,8.010734,10.743169,6.3,4.48
T04,GL-4396,2026-03-17 04:18:00,8.011212,10.743077,9.5,3.81
T04,GL-4396,2026-03-17 04:19:00,7.558203,10.743167,9.2,471.26
T04,GL-4396,2026-03-17 04:20:00,8.012438,10.743136,8.5,4.88
T04,GL-4396,2026-03-17 04:21:00,8.013061,10.74316,5.7,3.25
T04,GL-4396,2026-03-17 04:22:00,8.013496,10.743218,11.8,4.31
T04,GL-4396,2026-03-17 04:23:00,8.014097,10.743353,11.5,3.13
T04,GL-4396,2026-03-17 04:24:00,8.014645,10.743351,11.5,3.16
T04,GL-4396,2026-03-17 04:25:00,8.015204,10.74339,11.6,5.38
T04,GL-4396,2026-03-17 04:26:00,8.01588,10.743246,10.4,2.93
T04,GL-4396,2026-03-17 04:27:00,8.016381,10.743487,11.1,4.25
T04,GL-4396,2026-03-17 04:28:00,8.017005,10.743494,8.6,4.42
T04,GL-4396,2026-03-17 04:29:00,8.017557,10.743448,10.7,4.93
T04,GL-4396,2026-03-17 04:30:00,8.018096,10.743537,8.2,3.91
T04,GL-4396,2026-03-17 04:31:00,8.018587,10.743445,8.6,4.03
T04,GL-4396,2026-03-17 04:32:00,8.019188,10.743579,5.5,3.88
T04,GL-4396,2026-03-17 04:33:00,8.019852,10.743651,5.4,3.49
T04,GL-4396,2026-03-17 04:34:00,8.02016,10.743576,10.5,4.73
T04,GL-4396,2026-03-17 04:35:00,8.020937,10.743743,9.3,3.22
T04,GL-4396,2026-03-17 04:36:00,8.021552,10.743699,6.5,3.36
T04,GL-4396,2026-03-17 04:37:00,8.022085,10.743675,4.2,4.19
T04,GL-4396,2026-03-17 04:38:00,8.022574,10.743703,9.7,2.98
T04,GL-4396,2026-03-17 04:39:00,8.023186,10.743721,11.7,4.41
T04,GL-4396,2026-03-17 04:40:00,8.023787,10.743872,6.6,5.51
T04,GL-4396,2026-03-17 04:41:00,8.024256,10.743812,7.6,5.38
T04,GL-4396,2026-03-17 04:42:00,8.024873,10.743749,5.4,5.29
T04,GL-4396,2026-03-17 04:43:00,8.025456,10.743964,5.8,4.97
T04,GL-4396,2026-03-17 04:44:00,8.026064,10.743841,5.2,4.29
T04,GL-4396,2026-03-17 04:45:00,8.0265,10.743846,8.1,3.64
T04,GL-4396,2026-03-17 04:46:00,8.027136,10.744091,5.5,3.21
T04,GL-4396,2026-03-17 04:47:00,8.027709,10.744092,8.5,5.25
T04,GL-4396,2026-03-17 04:48:00,8.028306,10.744112,7.3,3.08
T04,GL-4396,2026-03-17 04:49:00,8.028829,10.744165,11.3,3.55
T04,GL-4396,2026-03-17 04:50:00,8.029366,10.744186,10.5,5.35
T04,GL-4396,2026-03-17 04:51:00,8.029956,10.744208,5.7,4.66
T04,GL-4396,2026-03-17 04:52:00,8.030494,10.744151,4.6,3.87
T04,GL-4396,2026-03-17 04:53:00,8.031052,10.744237,4.7,3.22
T04,GL-4396,2026-03-17 04:54:00,8.031745,10.744294,4.6,4.54
T04,GL-4396,2026-03-17 04:55:00,8.032264,10.744331,6.7,3.72
T04,GL-4396,2026-03-17 04:56:00,8.032748,10.744343,7.0,4.8
T04,GL-4396,2026-03-17 04:57:00,8.033307,10.744317,6.9,5.07
T04,GL-4396,2026-03-17 04:58:00,8.033845,10.744365,9.5,4.37
T04,GL-4396,2026-03-17 04:59:00,8.034493,10.744309,6.1,3.75
T04,GL-4396,2026-03-17 05:00:00,8.034942,10.744407,,2.96
T04,GL-4396,2026-03-17 05:01:00,8.035607,10.744531,11.5,3.07
T04,GL-4396,2026-03-17 05:02:00,8.036209,10.744371,11.6,4.63
T04,GL-4396,2026-03-17 05:03:00,8.036799,10.744556,11.3,4.95
T04,GL-4396,2026-03-17 05:04:00,8.037276,10.744575,9.6,5.59
T04,GL-4396,2026-03-17 05:05:00,8.03781,10.744613,11.4,3.42
T04,GL-4396,2026-03-17 05:06:00,8.038502,10.74471,4.7,5.32
T04,GL-4396,2026-03-17 05:07:00,8.038978,10.744577,6.7,4.86
T04,GL-4396,2026-03-17 05:08:00,8.039637,10.74472,5.3,4.31
T04,GL-4396,2026-03-17 05:09:00,8.040145,10.744706,6.2,5.34
T04,GL-4396,2026-03-17 05:10:00,8.040677,10.744779,4.2,4.02
T04,GL-4396,2026-03-17 05:11:00,8.041229,10.744726,4.7,4.8
T04,GL-4396,2026-03-17 05:12:00,8.04187,10.744814,4.2,4.82
T04,GL-4396,2026-03-17 05:13:00,8.042436,10.744876,10.9,5.07
T04,GL-4396,2026-03-17 05:14:00,8.042963,10.744925,4.9,4.39
T04,GL-4396,2026-03-17 05:15:00,8.043471,10.744929,6.6,5.46
T04,GL-4396,2026-03-17 05:16:00,8.044094,10.744972,7.8,4.73
T04,GL-4396,2026-03-17 05:17:00,8.044747,10.744877,5.9,2.93
T04,GL-4396,2026-03-17 05:18:00,8.045206,10.74491,6.1,2.86
T04,GL-4396,2026-03-17 05:19:00,8.045826,10.745022,6.8,2.81
T04,GL-4396,2026-03-17 05:20:00,8.046351,10.745161,8.0,4.15
T04,GL-4396,2026-03-17 05:21:00,8.046917,10.74501,10.7,4.44
T04,GL-4396,2026-03-17 05:22:00,8.047547,10.745171,11.6,4.09
T04,GL-4396,2026-03-17 05:23:00,8.04807,10.745159,6.7,4.34
T04,GL-4396,2026-03-17 05:24:00,8.048591,10.745285,10.6,4.23
T04,GL-4396,2026-03-17 05:25:00,8.049074,10.745209,4.4,3.31
T04,GL-4396,2026-03-17 05:26:00,8.049733,10.745178,10.0,4.1
T04,GL-4396,2026-03-17 05:27:00,8.050342,10.74529,6.5,4.12
T04,GL-4396,2026-03-17 05:28:00,8.050902,10.745342,10.6,3.27
T04,GL-4396,2026-03-17 05:29:00,8.05149,10.74535,11.6,4.92
T04,GL-4396,2026-03-17 05:30:00,8.051969,10.74538,9.6,5.3
T04,GL-4396,2026-03-17 05:31:00,8.052676,10.745415,7.4,2.94
T04,GL-4396,2026-03-17 05:32:00,8.053277,10.745392,10.2,4.35
T04,GL-4396,2026-03-17 05:33:00,8.053741,10.745437,9.3,2.99
T04,GL-4396,2026-03-17 05:34:00,8.054337,10.745518,4.6,4.0
T04,GL-4396,2026-03-17 05:35:00,8.054853,10.745568,10.5,2.95
T04,GL-4396,2026-03-17 05:36:00,8.055373,10.745488,9.1,3.88
T04,GL-4396,2026-03-17 05:37:00,8.055855,10.745527,6.4,4.44
T04,GL-4396,2026-03-17 05:38:00,8.056615,10.745526,8.6,4.11
T04,GL-4396,2026-03-17 05:39:00,8.057017,10.745687,10.3,4.56
T04,GL-4396,2026-03-17 05:40:00,8.057689,10.745613,4.4,3.2
T04,GL-4396,2026-03-17 05:41:00,8.058299,10.745724,10.8,3.52
T04,GL-4396,2026-03-17 05:42:00,8.058809,10.745771,4.5,5.44
T04,GL-4396,2026-03-17 05:43:00,8.059539,10.745787,5.8,3.01
T04,GL-4396,2026-03-17 05:44:00,8.06,10.745709,8.7,2.85
T04,GL-4396,2026-03-17 05:45:00,8.060511,10.745794,4.8,4.77
T04,GL-4396,2026-03-17 05:46:00,8.060971,10.74576,9.9,3.21
T04,GL-4396,2026-03-17 05:47:00,8.061639,10.745863,7.7,3.82
T04,GL-4396,2026-03-17 05:48:00,8.062265,10.745994,11.0,3.13
T04,GL-4396,2026-03-17 05:49:00,8.062728,10.745902,4.7,2.89
T04,GL-4396,2026-03-17 05:50:00,8.063422,10.746007,5.6,3.43
T04,GL-4396,2026-03-17 05:51:00,8.063882,10.746065,,3.91
T04,GL-4396,2026-03-17 05:52:00,8.064498,10.746005,9.3,4.45
T04,GL-4396,2026-03-17 05:53:00,8.065071,10.746156,10.3,5.21
T04,GL-4396,2026-03-17 05:54:00,8.06552,10.746128,6.5,3.74
T04,GL-4396,2026-03-17 05:55:00,8.066279,10.746169,7.8,3.59
T04,GL-4396,2026-03-17 05:56:00,8.066713,10.746053,11.6,4.26
T04,GL-4396,2026-03-17 05:57:00,8.067296,10.746129,11.9,5.34
T04,GL-4396,2026-03-17 05:58:00,8.067933,10.746257,7.3,5.38
T04,GL-4396,2026-03-17 05:59:00,8.068449,10.746313,,5.08
T04,GL-4396,2026-03-17 06:00:00,8.069079,10.746223,11.8,4.3
T04,GL-4396,2026-03-17 06:01:00,8.069481,10.746323,10.3,4.78
T04,GL-4396,2026-03-17 06:02:00,8.070181,10.746274,4.3,5.14
T04,GL-4396,2026-03-17 06:03:00,8.070688,10.746383,10.5,5.3
T04,GL-4396,2026-03-17 06:04:00,8.071248,10.746409,6.2,4.19
T04,GL-4396,2026-03-17 06:05:00,8.071863,10.746486,7.8,3.6
T04,GL-4396,2026-03-17 06:06:00,8.072435,10.746477,7.9,3.08
T04,GL-4396,2026-03-17 06:07:00,8.072937,10.746519,10.6,4.76
T04,GL-4396,2026-03-17 06:08:00,8.073435,10.746513,11.1,2.99
T04,GL-4396,2026-03-17 06:09:00,8.074211,10.746506,10.7,3.24
T04,GL-4396,2026-03-17 06:10:00,8.074652,10.746558,6.5,3.27
T04,GL-4396,2026-03-17 06:11:00,8.07519,10.746644,11.9,3.7
T04,GL-4396,2026-03-17 06:12:00,8.075852,10.746733,6.9,4.74
T04,GL-4396,2026-03-17 06:13:00,8.07633,10.746576,5.4,3.64
T04,GL-4396,2026-03-17 06:14:00,8.076934,10.746693,4.7,4.14
T04,GL-4396,2026-03-17 06:15:00,8.077525,10.746732,7.2,3.54
T04,GL-4396,2026-03-17 06:16:00,8.078051,10.746793,9.5,4.6
T04,GL-4396,2026-03-17 06:17:00,8.078587,10.746792,10.1,4.0
T04,GL-4396,2026-03-17 06:18:00,8.079312,10.746885,,3.03
T04,GL-4396,2026-03-17 06:19:00,8.079779,10.746873,8.3,3.2
T04,GL-4396,2026-03-17 06:20:00,8.080335,10.746839,11.8,4.26
T04,GL-4396,2026-03-17 06:21:00,8.080923,10.746874,6.6,4.83
T04,GL-4396,2026-03-17 06:22:00,8.081401,10.746966,9.6,4.65
T04,GL-4396,2026-03-17 06:23:00,8.081977,10.746974,4.1,3.56
T04,GL-4396,2026-03-17 06:24:00,8.08258,10.746972,6.8,5.34
T04,GL-4396,2026-03-17 06:25:00,8.083137,10.746995,7.0,4.17
T04,GL-4396,2026-03-17 06:26:00,8.083618,10.747073,11.5,3.85
T04,GL-4396,2026-03-17 06:27:00,8.084253,10.747017,6.8,5.22
T04,GL-4396,2026-03-17 06:28:00,8.084763,10.747207,7.4,4.06
T04,GL-4396,2026-03-17 06:29:00,8.085413,10.747121,8.5,4.03
T04,GL-4396,2026-03-17 06:30:00,8.086028,10.747234,5.1,3.98
T04,GL-4396,2026-03-17 06:31:00,8.086586,10.747283,4.6,4.6
T04,GL-4396,2026-03-17 06:32:00,8.087058,10.747248,11.1,4.28
T04,GL-4396,2026-03-17 06:33:00,8.087621,10.747355,8.8,4.61
T04,GL-4396,2026-03-17 06:34:00,8.088258,10.747332,8.8,5.51
T04,GL-4396,2026-03-17 06:35:00,8.088747,10.747414,7.4,3.67
T04,GL-4396,2026-03-17 06:36:00,8.089358,10.747333,10.6,5.2
T04,GL-4396,2026-03-17 06:37:00,8.089941,10.747493,8.9,3.15
T04,GL-4396,2026-03-17 06:38:00,8.090552,10.747393,8.4,4.37
T04,GL-4396,2026-03-17 06:39:00,8.091044,10.747467,4.8,3.82
T04,GL-4396,2026-03-17 06:40:00,8.09159,10.747519,10.3,3.93
T04,GL-4396,2026-03-17 06:41:00,8.092083,10.747503,4.1,4.96
T04,GL-4396,2026-03-17 06:42:00,8.092665,10.747613,11.2,3.58
T04,GL-4396,2026-03-17 06:43:00,8.093329,10.747542,8.9,3.6
T04,GL-4396,2026-03-17 06:44:00,8.093901,10.747636,6.8,5.5
T04,GL-4396,2026-03-17 06:45:00,8.094541,10.747619,5.0,3.3
T04,GL-4396,2026-03-17 06:46:00,8.094927,10.747639,7.6,3.01
T04,GL-4396,2026-03-17 06:47:00,8.095512,10.74767,11.3,3.93
T04,GL-4396,2026-03-17 06:48:00,8.096185,10.747701,5.7,4.53
T04,GL-4396,2026-03-17 06:49:00,8.096833,10.747722,10.4,4.45
T04,GL-4396,2026-03-17 06:50:00,8.097263,10.747707,4.9,4.72
T04,GL-4396,2026-03-17 06:51:00,8.097877,10.747842,6.5,3.61
T04,GL-4396,2026-03-17 06:52:00,8.098429,10.747861,5.1,3.43
T04,GL-4396,2026-03-17 06:53:00,8.099041,10.747842,4.5,5.55
T04,GL-4396,2026-03-17 06:54:00,8.099643,10.747889,7.9,4.27
T04,GL-4396,2026-03-17 06:55:00,8.099989,10.748025,11.3,4.14
T04,GL-4396,2026-03-17 06:56:00,8.10073,10.747936,10.7,4.96
T04,GL-4396,2026-03-17 06:57:00,8.101187,10.747948,10.7,5.3
T04,GL-4396,2026-03-17 06:58:00,8.101788,10.74801,4.0,5.52
T04,GL-4396,2026-03-17 06:59:00,8.102265,10.747998,4.6,3.75
T04,GL-4396,2026-03-17 07:00:00,8.102959,10.74809,10.5,4.31
T04,GL-4396,2026-03-17 07:01:00,8.103466,10.748199,6.5,5.48
T04,GL-4396,2026-03-17 07:02:00,8.104114,10.748091,7.3,3.96
T04,GL-4396,2026-03-17 07:03:00,8.104661,10.748251,10.1,5.09
T04,GL-4396,2026-03-17 07:04:00,8.105162,10.74823,6.2,4.83
T04,GL-4396,2026-03-17 07:05:00,8.105752,10.748208,10.4,3.57
T04,GL-4396,2026-03-17 07:06:00,8.106301,10.748296,8.7,4.95
T04,GL-4396,2026-03-17 07:07:00,8.107078,10.748273,9.4,4.36
T04,GL-4396,2026-03-17 07:08:00,8.107425,10.748293,4.2,3.4
T04,GL-4396,2026-03-17 07:09:00,8.107919,10.748385,5.6,3.7
T04,GL-4396,2026-03-17 07:10:00,8.108658,10.748435,11.4,2.89
T04,GL-4396,2026-03-17 07:11:00,8.109148,10.748492,8.6,5.52
T04,GL-4396,2026-03-17 07:12:00,8.10972,10.748506,10.1,5.25
T04,GL-4396,2026-03-17 07:13:00,8.110348,10.74848,10.3,4.09
T04,GL-4396,2026-03-17 07:14:00,8.110817,10.748567,5.4,4.27
T04,GL-4396,2026-03-17 07:15:00,8.111344,10.748604,8.7,3.19
T04,GL-4396,2026-03-17 07:16:00,8.111969,10.748542,11.1,5.25
T04,GL-4396,2026-03-17 07:17:00,8.112507,10.748645,4.5,4.12
T04,GL-4396,2026-03-17 07:18:00,8.113017,10.748648,,3.18
T04,GL-4396,2026-03-17 07:19:00,8.113796,10.748635,7.2,3.62
T04,GL-4396,2026-03-17 07:20:00,8.114301,10.748708,11.8,3.69
T04,GL-4396,2026-03-17 07:21:00,8.114776,10.748632,8.0,3.03
T04,GL-4396,2026-03-17 07:22:00,8.115353,10.748825,6.8,5.41
T04,GL-4396,2026-03-17 07:23:00,8.11597,10.748756,5.3,5.03
T04,GL-4396,2026-03-17 07:24:00,8.116566,10.74881,6.6,5.03
T04,GL-4396,2026-03-17 07:25:00,8.117156,10.748832,9.0,4.8
T04,GL-4396,2026-03-17 07:26:00,8.11762,10.748819,10.7,5.36
T04,GL-4396,2026-03-17 07:27:00,8.118276,10.749031,10.3,3.9
T04,GL-4396,2026-03-17 07:28:00,8.118781,10.748924,9.2,3.72
T04,GL-4396,2026-03-17 07:29:00,8.119329,10.749026,7.4,4.93
T04,GL-4396,2026-03-17 07:30:00,8.119979,10.748923,5.6,3.21
T04,GL-4396,2026-03-17 07:31:00,8.120486,10.748948,7.1,3.46
T04,GL-4396,2026-03-17 07:32:00,8.1211,10.749104,8.9,5.44
T04,GL-4396,2026-03-17 07:33:00,8.121593,10.749148,4.6,4.26
T04,GL-4396,2026-03-17 07:34:00,8.12226,10.749092,5.9,5.55
T04,GL-4396,2026-03-17 07:35:00,8.12282,10.749134,9.9,4.73
T04,GL-4396,2026-03-17 07:36:00,8.123302,10.749059,11.0,2.81
T04,GL-4396,2026-03-17 07:37:00,8.123763,10.749307,11.4,5.17
T04,GL-4396,2026-03-17 07:38:00,8.124463,10.749231,11.7,4.92
T04,GL-4396,2026-03-17 07:39:00,8.124948,10.749363,10.5,3.6
T04,GL-4396,2026-03-17 07:40:00,8.12554,10.749414,7.3,3.11
T04,GL-4396,2026-03-17 07:41:00,8.126213,10.749311,5.6,5.2
T04,GL-4396,2026-03-17 07:42:00,8.126708,10.749361,8.2,5.59
T04,GL-4396,2026-03-17 07:43:00,8.127188,10.749445,6.4,2.96
T04,GL-4396,2026-03-17 07:44:00,8.127803,10.749458,5.0,3.21
T04,GL-4396,2026-03-17 07:45:00,8.128417,10.749403,6.7,5.24
T04,GL-4396,2026-03-17 07:46:00,8.128959,10.749393,12.0,3.3
T04,GL-4396,2026-03-17 07:47:00,8.1295,10.749493,11.5,4.88
T04,GL-4396,2026-03-17 07:48:00,8.130065,10.749489,11.0,3.86
T04,GL-4396,2026-03-17 07:49:00,8.130587,10.749589,4.2,5.46
T04,GL-4396,2026-03-17 07:50:00,8.13133,10.749641,5.9,3.9
T04,GL-4396,2026-03-17 07:51:00,8.131685,10.749587,10.0,3.9
T04,GL-4396,2026-03-17 07:52:00,8.132342,10.74967,5.6,3.95
T04,GL-4396,2026-03-17 07:53:00,8.132882,10.749725,9.5,3.18
T04,GL-4396,2026-03-17 07:54:00,8.133474,10.749776,10.7,4.79
T04,GL-4396,2026-03-17 07:55:00,8.134026,10.749856,9.0,4.79
T04,GL-4396,2026-03-17 07:56:00,8.13462,10.749745,8.2,5.32
T04,GL-4396,2026-03-17 07:57:00,8.13527,10.749899,5.6,5.06
T04,GL-4396,2026-03-17 07:58:00,8.13567,10.749862,6.4,5.47
T04,GL-4396,2026-03-17 07:59:00,8.136235,10.749954,8.8,3.16
T04,GL-4396,2026-03-17 08:00:00,8.136945,10.749968,10.8,4.34
T04,GL-4396,2026-03-17 08:01:00,8.137535,10.749885,4.5,4.47
T04,GL-4396,2026-03-17 08:02:00,8.138072,10.749946,11.5,4.69
T04,GL-4396,2026-03-17 08:03:00,8.138609,10.749949,11.3,3.79
T04,GL-4396,2026-03-17 08:04:00,8.139134,10.75009,7.3,5.59
T04,GL-4396,2026-03-17 08:05:00,8.139763,10.75016,4.7,3.86
T04,GL-4396,2026-03-17 08:06:00,8.140313,10.750086,7.3,4.14
T04,GL-4396,2026-03-17 08:07:00,8.140765,10.750177,7.2,4.45
T04,GL-4396,2026-03-17 08:08:00,8.141439,10.750225,11.2,3.83
T04,GL-4396,2026-03-17 08:09:00,8.142004,10.750132,6.9,2.88
T04,GL-4396,2026-03-17 08:10:00,8.142539,10.750153,7.6,4.94
T04,GL-4396,2026-03-17 08:11:00,8.143106,10.750201,5.2,3.85
T04,GL-4396,2026-03-17 08:12:00,8.143599,10.750273,9.8,3.58
T04,GL-4396,2026-03-17 08:13:00,8.144255,10.750406,6.6,4.04
T04,GL-4396,2026-03-17 08:14:00,8.144787,10.750381,10.5,5.13
T04,GL-4396,2026-03-17 08:15:00,8.145272,10.750402,7.2,4.29
T04,GL-4396,2026-03-17 08:16:00,8.145919,10.750455,,3.86
T04,GL-4396,2026-03-17 08:17:00,8.146511,10.750463,11.9,3.62
T04,GL-4396,2026-03-17 08:18:00,8.147039,10.750542,6.7,5.27
T04,GL-4396,2026-03-17 08:19:00,8.147688,10.750349,8.0,5.34
T04,GL-4396,2026-03-17 08:20:00,8.148166,10.750439,11.8,4.15
T04,GL-4396,2026-03-17 08:21:00,8.148804,10.750595,8.6,4.1
T04,GL-4396,2026-03-17 08:22:00,8.149291,10.750596,9.0,5.31
T04,GL-4396,2026-03-17 08:23:00,8.149922,10.750645,9.8,4.34
T04,GL-4396,2026-03-17 08:24:00,8.150433,10.750544,4.3,4.24
T04,GL-4396,2026-03-17 08:25:00,8.151145,10.750634,10.8,4.63
T04,GL-4396,2026-03-17 08:26:00,8.151578,10.750769,4.5,4.48
T04,GL-4396,2026-03-17 08:27:00,8.152068,10.750728,8.0,3.23
T04,GL-4396,2026-03-17 08:28:00,8.152728,10.75076,8.1,4.37
T04,GL-4396,2026-03-17 08:29:00,8.153261,10.750855,9.4,3.04
T04,GL-4396,2026-03-17 08:30:00,8.153786,10.750842,5.8,4.87
T04,GL-4396,2026-03-17 08:31:00,8.154374,10.750837,11.5,4.61
T04,GL-4396,2026-03-17 08:32:00,8.155021,10.75091,8.7,4.92
T04,GL-4396,2026-03-17 08:33:00,8.155596,10.750804,7.0,5.07
T04,GL-4396,2026-03-17 08:34:00,8.156054,10.750868,9.4,3.77
T04,GL-4396,2026-03-17 08:35:00,8.156755,10.750842,11.7,3.29
T04,GL-4396,2026-03-17 08:36:00,8.157216,10.750985,8.5,4.46
T04,GL-4396,2026-03-17 08:37:00,8.15775,10.751093,7.2,5.44
T04,GL-4396,2026-03-17 08:38:00,8.15835,10.751054,9.6,5.54
T04,GL-4396,2026-03-17 08:39:00,8.158879,10.751055,4.1,3.19
T04,GL-4396,2026-03-17 08:40:00,8.159564,10.751166,5.3,3.14
T04,GL-4396,2026-03-17 08:41:00,8.159999,10.751127,12.0,5.47
T04,GL-4396,2026-03-17 08:42:00,8.160626,10.75133,7.0,2.85
T04,GL-4396,2026-03-17 08:43:00,8.161222,10.751275,5.4,3.29
T04,GL-4396,2026-03-17 08:44:00,8.16177,10.751379,9.6,5.5
T04,GL-4396,2026-03-17 08:45:00,8.162378,10.751246,5.5,3.75
T04,GL-4396,2026-03-17 08:46:00,8.162882,10.751267,,3.6
T04,GL-4396,2026-03-17 08:47:00,8.163466,10.751314,8.8,4.47
T04,GL-4396,2026-03-17 08:48:00,8.164102,10.751364,6.3,3.29
T04,GL-4396,2026-03-17 08:49:00,8.164614,10.751395,4.6,5.22
T04,GL-4396,2026-03-17 08:50:00,8.165226,10.751393,6.0,2.99
T04,GL-4396,2026-03-17 08:51:00,8.165755,10.751494,8.9,3.44
T04,GL-4396,2026-03-17 08:52:00,8.166324,10.751444,6.5,4.27
T04,GL-4396,2026-03-17 08:53:00,8.16693,10.751515,10.1,3.42
T04,GL-4396,2026-03-17 08:54:00,8.167463,10.751614,10.3,3.67
T04,GL-4396,2026-03-17 08:55:00,8.167908,10.75159,5.8,3.44
T04,GL-4396,2026-03-17 08:56:00,8.168613,10.751595,4.7,3.77
T04,GL-4396,2026-03-17 08:57:00,8.169144,10.751647,6.6,4.44
T04,GL-4396,2026-03-17 08:58:00,8.169658,10.75176,7.0,4.71
T04,GL-4396,2026-03-17 08:59:00,8.170187,10.751753,6.5,5.01
T04,GL-4396,2026-03-17 09:00:00,8.170807,10.751776,8.5,2.99
T04,GL-4396,2026-03-17 09:01:00,8.170888,10.751766,5.0,0.68
T04,GL-4396,2026-03-17 09:02:00,8.170752,10.751848,8.3,0.84
T04,GL-4396,2026-03-17 09:03:00,8.170773,10.751666,6.5,0.44
T04,GL-4396,2026-03-17 09:04:00,8.426202,10.751781,6.6,297.79
T04,GL-4396,2026-03-17 09:05:00,8.170808,10.751776,6.9,0.66
T04,GL-4396,2026-03-17 09:06:00,8.170914,10.75166,5.5,0.81
T04,GL-4396,2026-03-17 09:07:00,8.170813,10.751756,6.2,0.21
T04,GL-4396,2026-03-17 09:08:00,8.170827,10.751675,5.5,0.15
T04,GL-4396,2026-03-17 09:09:00,8.170833,10.751912,11.3,0.7
T04,GL-4396,2026-03-17 09:10:00,8.170729,10.751627,11.8,0.68
T04,GL-4396,2026-03-17 09:11:00,8.170549,10.751858,5.0,0.27
T04,GL-4396,2026-03-17 09:12:00,8.170781,10.751587,10.5,0.88
T04,GL-4396,2026-03-17 09:13:00,8.170815,10.75183,11.6,0.54
T04,GL-4396,2026-03-17 09:14:00,8.170948,10.751911,4.3,0.69
T04,GL-4396,2026-03-17 09:15:00,8.170782,10.751722,5.8,0.62
T04,GL-4396,2026-03-17 09:16:00,8.170783,10.751683,4.7,0.33
T04,GL-4396,2026-03-17 09:17:00,8.170838,10.751866,8.3,0.68
T04,GL-4396,2026-03-17 09:18:00,8.170915,10.751915,9.7,0.34
T04,GL-4396,2026-03-17 09:19:00,8.170924,10.751689,5.2,0.33
T04,GL-4396,2026-03-17 09:20:00,8.170784,10.751776,7.1,0.47
T04,GL-4396,2026-03-17 09:21:00,8.1709,10.751893,7.2,0.56
T04,GL-4396,2026-03-17 09:22:00,8.170732,10.751852,9.1,0.07
T04,GL-4396,2026-03-17 09:23:00,8.170813,10.751692,8.8,0.37
T04,GL-4396,2026-03-17 09:24:00,8.170979,10.751727,8.9,0.65
T04,GL-4396,2026-03-17 09:25:00,8.170811,10.751745,7.6,0.58
T04,GL-4396,2026-03-17 09:26:00,8.170099,10.751775,6.0,3.88
T04,GL-4396,2026-03-17 09:27:00,8.16957,10.751686,9.6,4.62
T04,GL-4396,2026-03-17 09:28:00,8.168885,10.751603,4.7,5.03
T04,GL-4396,2026-03-17 09:29:00,8.168288,10.751567,7.8,4.34
T04,GL-4396,2026-03-17 09:30:00,8.167723,10.751463,10.3,3.99
T04,GL-4396,2026-03-17 09:31:00,8.167091,10.75139,5.0,4.91
T04,GL-4396,2026-03-17 09:32:00,8.166458,10.751367,5.5,5.36
T04,GL-4396,2026-03-17 09:33:00,8.165823,10.751167,9.3,3.23
T04,GL-4396,2026-03-17 09:34:00,8.165221,10.751222,10.8,3.82
T04,GL-4396,2026-03-17 09:35:00,8.1645,10.751088,4.7,3.87
T04,GL-4396,2026-03-17 09:36:00,8.164,10.751032,4.3,4.54
T04,GL-4396,2026-03-17 09:37:00,8.163265,10.750992,7.9,3.71
T04,GL-4396,2026-03-17 09:38:00,8.16275,10.750893,11.0,5.17
T04,GL-4396,2026-03-17 09:39:00,8.162032,10.75089,7.0,4.66
T04,GL-4396,2026-03-17 09:40:00,8.161358,10.75078,7.0,5.24
T04,GL-4396,2026-03-17 09:41:00,8.160797,10.750726,6.6,3.72
T04,GL-4396,2026-03-17 09:42:00,8.160229,10.750595,5.9,3.77
T04,GL-4396,2026-03-17 09:43:00,8.159642,10.750706,9.9,3.2
T04,GL-4396,2026-03-17 09:44:00,8.159012,10.750595,4.4,3.6
T04,GL-4396,2026-03-17 09:45:00,8.158297,10.750389,5.5,4.43
T04,GL-4396,2026-03-17 09:46:00,8.15765,10.750464,11.6,4.93
T04,GL-4396,2026-03-17 09:47:00,8.156982,10.750437,9.4,4.01
T04,GL-4396,2026-03-17 09:48:00,8.156509,10.750274,6.8,3.23
T04,GL-4396,2026-03-17 09:49:00,8.155639,10.750238,10.3,4.04
T04,GL-4396,2026-03-17 09:50:00,8.155107,10.750126,9.6,3.05
T04,GL-4396,2026-03-17 09:51:00,8.154507,10.750093,4.5,4.54
T04,GL-4396,2026-03-17 09:52:00,8.153838,10.750085,8.1,3.3
T04,GL-4396,2026-03-17 09:53:00,8.153273,10.749915,7.4,4.27
T04,GL-4396,2026-03-17 09:54:00,8.152623,10.749935,10.0,3.67
T04,GL-4396,2026-03-17 09:55:00,8.15198,10.749876,7.8,2.88
T04,GL-4396,2026-03-17 09:56:00,8.151379,10.749763,,4.99
T04,GL-4396,2026-03-17 09:57:00,8.15078,10.749719,11.2,4.21
T04,GL-4396,2026-03-17 09:58:00,8.150111,10.749757,5.4,4.9
T04,GL-4396,2026-03-17 09:59:00,8.149537,10.749636,10.8,4.95
T04,GL-4396,2026-03-17 10:00:00,8.148909,10.74953,11.6,5.24
T04,GL-4396,2026-03-17 10:01:00,8.148342,10.749412,6.9,4.52
T04,GL-4396,2026-03-17 10:02:00,8.147673,10.749476,4.2,3.58
T04,GL-4396,2026-03-17 10:03:00,8.147085,10.749285,9.6,3.06
T04,GL-4396,2026-03-17 10:04:00,8.146382,10.749248,,5.49
T04,GL-4396,2026-03-17 10:05:00,8.145783,10.749256,10.3,4.76
T04,GL-4396,2026-03-17 10:06:00,8.145175,10.749156,7.5,4.1
T04,GL-4396,2026-03-17 10:07:00,8.144469,10.749016,4.9,4.46
T04,GL-4396,2026-03-17 10:08:00,8.143854,10.749054,4.8,3.31
T04,GL-4396,2026-03-17 10:09:00,8.143253,10.748917,7.1,3.65
T04,GL-4396,2026-03-17 10:10:00,8.142613,10.748867,10.1,3.88
T04,GL-4396,2026-03-17 10:11:00,8.142093,10.748855,6.6,4.31
T04,GL-4396,2026-03-17 10:12:00,8.141304,10.748827,8.5,4.5
T04,GL-4396,2026-03-17 10:13:00,8.140821,10.748794,6.0,5.57
T04,GL-4396,2026-03-17 10:14:00,8.140029,10.748621,7.8,4.95
T04,GL-4396,2026-03-17 10:15:00,8.139502,10.748615,5.8,3.52
T04,GL-4396,2026-03-17 10:16:00,8.138852,10.748465,6.9,3.28
T04,GL-4396,2026-03-17 10:17:00,8.138213,10.748347,8.7,3.93
T04,GL-4396,2026-03-17 10:18:00,8.137529,10.748442,,4.08
T04,GL-4396,2026-03-17 10:19:00,8.137034,10.748245,6.3,3.03
T04,GL-4396,2026-03-17 10:20:00,8.136403,10.748309,6.2,4.0
T04,GL-4396,2026-03-17 10:21:00,8.13568,10.748213,9.5,5.39
T04,GL-4396,2026-03-17 10:22:00,8.135198,10.748062,7.5,5.23
T04,GL-4396,2026-03-17 10:23:00,8.134473,10.748083,11.6,4.87
T04,GL-4396,2026-03-17 10:24:00,8.133735,10.748039,9.1,5.49
T04,GL-4396,2026-03-17 10:25:00,8.133216,10.747847,5.3,3.02
T04,GL-4396,2026-03-17 10:26:00,8.132571,10.747853,8.8,3.76
T04,GL-4396,2026-03-17 10:27:00,8.131948,10.747725,10.4,3.47
T04,GL-4396,2026-03-17 10:28:00,8.131461,10.747713,6.1,4.15
T04,GL-4396,2026-03-17 10:29:00,8.130639,10.747733,10.3,4.24
T04,GL-4396,2026-03-17 10:30:00,8.130129,10.747701,11.5,3.29
T04,GL-4396,2026-03-17 10:31:00,8.129406,10.747515,9.7,4.28
T04,GL-4396,2026-03-17 10:32:00,8.128879,10.747474,8.2,2.97
T04,GL-4396,2026-03-17 10:33:00,8.128223,10.747405,4.8,4.32
T04,GL-4396,2026-03-17 10:34:00,8.127627,10.74747,8.0,3.8
T04,GL-4396,2026-03-17 10:35:00,8.126956,10.747352,7.9,5.57
T04,GL-4396,2026-03-17 10:36:00,8.126324,10.747259,,4.95
T04,GL-4396,2026-03-17 10:37:00,8.12566,10.747081,5.7,4.22
T04,GL-4396,2026-03-17 10:38:00,8.125038,10.747242,10.0,3.63
T04,GL-4396,2026-03-17 10:39:00,8.124305,10.746979,11.4,4.88
T04,GL-4396,2026-03-17 10:40:00,8.123791,10.746911,11.7,5.29
T04,GL-4396,2026-03-17 10:41:00,8.123149,10.746925,8.3,4.7
T04,GL-4396,2026-03-17 10:42:00,8.122667,10.746783,8.2,2.8
T04,GL-4396,2026-03-17 10:43:00,8.121986,10.746768,4.7,4.38
T04,GL-4396,2026-03-17 10:44:00,8.121193,10.746752,9.9,3.42
T04,GL-4396,2026-03-17 10:45:00,8.120737,10.746528,10.9,5.16
T04,GL-4396,2026-03-17 10:46:00,8.12017,10.746585,5.5,2.97
T04,GL-4396,2026-03-17 10:47:00,8.11945,10.746555,5.3,3.84
T04,GL-4396,2026-03-17 10:48:00,8.118855,10.746451,6.8,3.69
T04,GL-4396,2026-03-17 10:49:00,8.118109,10.746412,5.8,5.13
T04,GL-4396,2026-03-17 10:50:00,8.117526,10.746261,9.6,4.9
T04,GL-4396,2026-03-17 10:51:00,8.116929,10.746342,7.8,4.28
T04,GL-4396,2026-03-17 10:52:00,8.116312,10.746202,11.0,4.02
T04,GL-4396,2026-03-17 10:53:00,8.115743,10.746083,10.4,4.29
T04,GL-4396,2026-03-17 10:54:00,8.115109,10.746103,11.8,5.39
T04,GL-4396,2026-03-17 10:55:00,8.114359,10.746025,5.6,3.6
T04,GL-4396,2026-03-17 10:56:00,8.113733,10.745869,4.4,5.22
T04,GL-4396,2026-03-17 10:57:00,8.11324,10.746043,5.4,4.22
T04,GL-4396,2026-03-17 10:58:00,8.112453,10.745841,10.6,4.06
T04,GL-4396,2026-03-17 10:59:00,8.111891,10.745729,4.6,3.15
T04,GL-4396,2026-03-17 11:00:00,8.111364,10.745701,5.6,4.28
T04,GL-4396,2026-03-17 11:01:00,8.110633,10.745615,5.8,3.71
T04,GL-4396,2026-03-17 11:02:00,8.110116,10.745618,4.7,3.65
T04,GL-4396,2026-03-17 11:03:00,8.109326,10.745613,5.1,3.11
T04,GL-4396,2026-03-17 11:04:00,8.108709,10.745377,8.9,5.34
T04,GL-4396,2026-03-17 11:05:00,8.10818,10.745345,4.9,5.02
T04,GL-4396,2026-03-17 11:06:00,8.107597,10.745362,4.7,3.61
T04,GL-4396,2026-03-17 11:07:00,8.106755,10.745306,11.8,4.98
T04,GL-4396,2026-03-17 11:08:00,8.106234,10.74522,5.2,3.83
T04,GL-4396,2026-03-17 11:09:00,8.1055,10.745217,6.1,4.21
T04,GL-4396,2026-03-17 11:10:00,8.104971,10.745118,4.1,3.14
T04,GL-4396,2026-03-17 11:11:00,8.104286,10.744957,,4.37
T04,GL-4396,2026-03-17 11:12:00,8.10372,10.745049,5.5,4.72
T04,GL-4396,2026-03-17 11:13:00,8.103156,10.74484,7.9,3.42
T04,GL-4396,2026-03-17 11:14:00,8.102454,10.744818,4.0,3.26
T04,GL-4396,2026-03-17 11:15:00,8.101933,10.74472,4.5,4.99
T04,GL-4396,2026-03-17 11:16:00,8.101262,10.744806,6.7,2.88
T04,GL-4396,2026-03-17 11:17:00,8.100648,10.744601,8.9,5.25
T04,GL-4396,2026-03-17 11:18:00,8.100041,10.744484,10.4,5.33
T04,GL-4396,2026-03-17 11:19:00,8.099408,10.744468,8.9,3.46
T04,GL-4396,2026-03-17 11:20:00,8.098685,10.744404,5.2,3.74
T04,GL-4396,2026-03-17 11:21:00,8.098103,10.744401,5.8,3.66
T04,GL-4396,2026-03-17 11:22:00,8.097569,10.744284,11.6,5.26
T04,GL-4396,2026-03-17 11:23:00,8.09681,10.744273,10.4,4.05
T04,GL-4396,2026-03-17 11:24:00,8.096249,10.744106,8.1,4.99
T04,GL-4396,2026-03-17 11:25:00,8.095549,10.744125,9.5,3.31
T04,GL-4396,2026-03-17 11:26:00,8.095086,10.744075,7.7,5.17
T04,GL-4396,2026-03-17 11:27:00,8.094371,10.744052,5.3,4.22
T04,GL-4396,2026-03-17 11:28:00,8.093652,10.743931,5.6,3.1
T04,GL-4396,2026-03-17 11:29:00,8.093013,10.743928,10.4,5.45
T04,GL-4396,2026-03-17 11:30:00,8.09245,10.74383,5.2,4.35
T04,GL-4396,2026-03-17 11:31:00,8.09191,10.743689,9.2,4.41
T04,GL-4396,2026-03-17 11:32:00,8.091275,10.743732,4.3,3.37
T04,GL-4396,2026-03-17 11:33:00,8.090606,10.743639,5.9,5.35
T04,GL-4396,2026-03-17 11:34:00,8.089992,10.743398,8.5,3.46
T04,GL-4396,2026-03-17 11:35:00,8.089451,10.74336,4.9,4.86
T04,GL-4396,2026-03-17 11:36:00,8.088624,10.743319,10.1,4.59
T04,GL-4396,2026-03-17 11:37:00,8.088043,10.743448,4.8,3.44
T04,GL-4396,2026-03-17 11:38:00,8.087413,10.74329,4.2,3.51
T04,GL-4396,2026-03-17 11:39:00,8.086939,10.743239,11.8,3.55
T04,GL-4396,2026-03-17 11:40:00,8.086142,10.743065,7.7,3.93
T04,GL-4396,2026-03-17 11:41:00,8.085644,10.743064,11.5,5.2
T04,GL-4396,2026-03-17 11:42:00,8.08501,10.74298,9.9,3.75
T04,GL-4396,2026-03-17 11:43:00,8.084285,10.74287,5.1,3.44
T04,GL-4396,2026-03-17 11:44:00,8.083764,10.742883,8.4,4.63
T04,GL-4396,2026-03-17 11:45:00,8.083068,10.742815,6.6,5.38
T04,GL-4396,2026-03-17 11:46:00,8.082449,10.742718,11.3,4.07
T04,GL-4396,2026-03-17 11:47:00,8.081747,10.742742,5.2,5.28
T04,GL-4396,2026-03-17 11:48:00,8.081244,10.742655,8.0,5.28
T04,GL-4396,2026-03-17 11:49:00,8.080533,10.742604,11.8,4.37
T04,GL-4396,2026-03-17 11:50:00,8.080005,10.742599,4.2,3.93
T04,GL-4396,2026-03-17 11:51:00,8.079352,10.742467,9.0,4.76
T04,GL-4396,2026-03-17 11:52:00,8.07869,10.742488,8.7,5.23
T04,GL-4396,2026-03-17 11:53:00,8.078129,10.742284,10.3,4.46
T04,GL-4396,2026-03-17 11:54:00,8.07741,10.742307,6.2,4.03
T04,GL-4396,2026-03-17 11:55:00,8.076932,10.742184,4.3,3.38
T04,GL-4396,2026-03-17 11:56:00,8.076154,10.742051,5.2,3.99
T04,GL-4396,2026-03-17 11:57:00,8.075623,10.741973,10.9,2.94
T04,GL-4396,2026-03-17 11:58:00,8.074958,10.742017,5.9,5.4
T04,GL-4396,2026-03-17 11:59:00,8.074391,10.741893,9.4,3.0
T04,GL-4396,2026-03-17 12:00:00,8.073521,10.741889,4.9,2.86
T04,GL-4396,2026-03-17 12:01:00,8.073098,10.741902,8.1,5.33
T04,GL-4396,2026-03-17 12:02:00,8.072461,10.741737,10.0,3.96
T04,GL-4396,2026-03-17 12:03:00,8.071765,10.741697,6.2,3.43
T04,GL-4396,2026-03-17 12:04:00,8.071219,10.741639,6.2,3.54
T04,GL-4396,2026-03-17 12:05:00,8.070514,10.741538,5.5,4.82
T04,GL-4396,2026-03-17 12:06:00,8.069846,10.741517,6.3,3.48
T04,GL-4396,2026-03-17 12:07:00,8.069345,10.74138,11.6,5.15
T04,GL-4396,2026-03-17 12:08:00,8.068635,10.741353,8.6,3.0
T04,GL-4396,2026-03-17 12:09:00,8.067971,10.741328,11.5,2.83
T04,GL-4396,2026-03-17 12:10:00,8.067386,10.741158,8.5,4.48
T04,GL-4396,2026-03-17 12:11:00,8.066692,10.741143,8.1,3.46
T04,GL-4396,2026-03-17 12:12:00,8.066233,10.741206,4.1,4.98
T04,GL-4396,2026-03-17 12:13:00,8.065594,10.741075,5.2,2.99
T04,GL-4396,2026-03-17 12:14:00,8.064803,10.740949,7.6,5.46
T04,GL-4396,2026-03-17 12:15:00,8.064271,10.740868,4.7,3.87
T04,GL-4396,2026-03-17 12:16:00,8.063682,10.74082,9.8,3.5
T04,GL-4396,2026-03-17 12:17:00,8.062919,10.740784,11.9,3.97
T04,GL-4396,2026-03-17 12:18:00,8.062449,10.740758,11.6,5.03
T04,GL-4396,2026-03-17 12:19:00,8.0617,10.740628,5.6,4.82
T04,GL-4396,2026-03-17 12:20:00,8.061144,10.740592,10.1,4.29
T04,GL-4396,2026-03-17 12:21:00,8.06062,10.740586,9.3,4.39
T04,GL-4396,2026-03-17 12:22:00,8.059998,10.740449,4.0,3.89
T04,GL-4396,2026-03-17 12:23:00,8.059308,10.740523,7.9,5.04
T04,GL-4396,2026-03-17 12:24:00,8.058718,10.740479,11.7,3.09
T04,GL-4396,2026-03-17 12:25:00,8.058106,10.740402,5.9,3.35
T04,GL-4396,2026-03-17 12:26:00,8.057358,10.74026,10.3,2.8
T04,GL-4396,2026-03-17 12:27:00,8.05686,10.740247,9.3,3.63
T04,GL-4396,2026-03-17 12:28:00,8.056007,10.740031,7.6,3.04
T04,GL-4396,2026-03-17 12:29:00,8.055455,10.739985,7.4,4.88
T04,GL-4396,2026-03-17 12:30:00,8.054987,10.73993,5.1,5.42
T04,GL-4396,2026-03-17 12:31:00,8.054279,10.739928,10.9,3.13
T04,GL-4396,2026-03-17 12:32:00,8.053582,10.73985,7.6,3.72
T04,GL-4396,2026-03-17 12:33:00,8.052957,10.739689,5.8,4.17
T04,GL-4396,2026-03-17 12:34:00,8.05232,10.739624,11.8,5.25
T04,GL-4396,2026-03-17 12:35:00,8.051823,10.739686,9.2,2.94
T04,GL-4396,2026-03-17 12:36:00,8.051119,10.73955,9.9,3.79
T04,GL-4396,2026-03-17 12:37:00,8.050387,10.739497,10.7,3.74
T04,GL-4396,2026-03-17 12:38:00,8.049942,10.739488,9.8,3.95
T04,GL-4396,2026-03-17 12:39:00,8.049188,10.739354,6.8,4.48
T04,GL-4396,2026-03-17 12:40:00,8.048608,10.739333,10.5,5.13
T04,GL-4396,2026-03-17 12:41:00,8.047869,10.73915,4.6,5.29
T04,GL-4396,2026-03-17 12:42:00,8.047293,10.739202,4.9,4.97
T04,GL-4396,2026-03-17 12:43:00,8.046689,10.739113,8.6,3.6
T04,GL-4396,2026-03-17 12:44:00,8.046187,10.739077,9.0,3.29
T04,GL-4396,2026-03-17 12:45:00,8.04549,10.739022,7.5,5.49
T04,GL-4396,2026-03-17 12:46:00,8.044921,10.738932,7.5,4.98
T04,GL-4396,2026-03-17 12:47:00,8.044165,10.738958,11.8,5.43
T04,GL-4396,2026-03-17 12:48:00,8.04355,10.738924,7.1,4.04
T04,GL-4396,2026-03-17 12:49:00,8.043025,10.73874,9.9,3.72
T04,GL-4396,2026-03-17 12:50:00,8.042318,10.738612,4.9,3.56
T04,GL-4396,2026-03-17 12:51:00,8.04181,10.738596,10.6,5.4
T04,GL-4396,2026-03-17 12:52:00,8.041026,10.738568,8.0,4.18
T04,GL-4396,2026-03-17 12:53:00,8.040516,10.738471,9.3,4.7
T04,GL-4396,2026-03-17 12:54:00,8.039859,10.738453,10.9,3.29
T04,GL-4396,2026-03-17 12:55:00,8.039145,10.73836,9.4,4.92
T04,GL-4396,2026-03-17 12:56:00,8.038534,10.73828,10.0,4.16
T04,GL-4396,2026-03-17 12:57:00,8.037935,10.738173,4.9,3.59
T04,GL-4396,2026-03-17 12:58:00,8.037322,10.738285,10.8,3.58
T04,GL-4396,2026-03-17 12:59:00,8.036672,10.738159,8.0,4.03
T04,GL-4396,2026-03-17 13:00:00,8.036123,10.738149,6.6,3.63
T04,GL-4396,2026-03-17 13:01:00,8.035433,10.73794,9.6,4.39
T04,GL-4396,2026-03-17 13:02:00,8.034821,10.737921,6.8,3.32
T04,GL-4396,2026-03-17 13:03:00,8.034331,10.737843,9.8,4.63
T04,GL-4396,2026-03-17 13:04:00,8.033543,10.738037,11.5,4.7
T04,GL-4396,2026-03-17 13:05:00,8.03291,10.737786,5.4,4.98
T04,GL-4396,2026-03-17 13:06:00,8.032382,10.737737,9.6,5.1
T04,GL-4396,2026-03-17 13:07:00,8.031628,10.737601,7.1,2.83
T04,GL-4396,2026-03-17 13:08:00,8.031088,10.737567,10.4,5.16
T04,GL-4396,2026-03-17 13:09:00,8.030445,10.737408,4.0,5.09
T04,GL-4396,2026-03-17 13:10:00,8.029747,10.737456,8.3,3.95
T04,GL-4396,2026-03-17 13:11:00,8.02916,10.737386,4.7,5.34
T04,GL-4396,2026-03-17 13:12:00,8.028588,10.737328,8.2,3.32
T04,GL-4396,2026-03-17 13:13:00,8.027927,10.737242,9.0,4.73
T04,GL-4396,2026-03-17 13:14:00,8.027359,10.737216,10.8,5.42
T04,GL-4396,2026-03-17 13:15:00,8.026664,10.737049,8.8,4.35
T04,GL-4396,2026-03-17 13:16:00,8.026066,10.736989,6.5,5.47
T04,GL-4396,2026-03-17 13:17:00,8.025382,10.737008,4.7,3.04
T04,GL-4396,2026-03-17 13:18:00,8.024832,10.736826,7.3,3.82
T04,GL-4396,2026-03-17 13:19:00,8.024114,10.736859,10.2,3.56
T04,GL-4396,2026-03-17 13:20:00,8.023495,10.736855,5.4,5.08
T04,GL-4396,2026-03-17 13:21:00,8.022916,10.73673,6.3,4.93
T04,GL-4396,2026-03-17 13:22:00,8.022292,10.736605,10.7,4.33
T04,GL-4396,2026-03-17 13:23:00,8.021723,10.736503,7.2,3.35
T04,GL-4396,2026-03-17 13:24:00,8.021108,10.736427,4.9,4.66
T04,GL-4396,2026-03-17 13:25:00,8.020392,10.736456,5.6,3.07
T04,GL-4396,2026-03-17 13:26:00,8.019799,10.736413,11.4,3.39
T04,GL-4396,2026-03-17 13:27:00,8.019266,10.736379,4.2,3.73
T04,GL-4396,2026-03-17 13:28:00,8.018568,10.736242,7.1,5.58
T04,GL-4396,2026-03-17 13:29:00,8.017919,10.736177,4.1,2.99
T04,GL-4396,2026-03-17 13:30:00,8.017329,10.736112,9.3,4.72
T04,GL-4396,2026-03-17 13:31:00,8.016782,10.736178,8.0,4.54
T04,GL-4396,2026-03-17 13:32:00,8.016071,10.735926,10.3,4.97
T04,GL-4396,2026-03-17 13:33:00,8.015441,10.735952,11.1,4.12
T04,GL-4396,2026-03-17 13:34:00,8.01484,10.735948,6.1,4.68
T04,GL-4396,2026-03-17 13:35:00,8.014152,10.735855,8.9,3.27
T04,GL-4396,2026-03-17 13:36:00,8.013555,10.735794,10.7,4.82
T04,GL-4396,2026-03-17 13:37:00,8.012884,10.735624,9.3,4.62
T04,GL-4396,2026-03-17 13:38:00,8.012237,10.735595,10.1,3.14
T04,GL-4396,2026-03-17 13:39:00,8.011606,10.735607,12.0,3.09
T04,GL-4396,2026-03-17 13:40:00,8.010909,10.735548,11.4,3.61
T04,GL-4396,2026-03-17 13:41:00,8.010464,10.735371,7.6,4.12
T04,GL-4396,2026-03-17 13:42:00,8.0098,10.735452,11.8,5.3
T04,GL-4396,2026-03-17 13:43:00,8.009165,10.735257,8.0,5.47
T04,GL-4396,2026-03-17 13:44:00,8.008626,10.735199,8.0,5.0
T04,GL-4396,2026-03-17 13:45:00,8.007843,10.735266,5.0,4.01
T04,GL-4396,2026-03-17 13:46:00,8.00723,10.735082,6.0,4.82
T04,GL-4396,2026-03-17 13:47:00,8.006702,10.735165,7.3,3.01
T04,GL-4396,2026-03-17 13:48:00,8.00598,10.734977,4.6,4.74
T04,GL-4396,2026-03-17 13:49:00,8.005314,10.73495,8.0,4.62
T04,GL-4396,2026-03-17 13:50:00,8.004784,10.734792,9.1,3.15
T04,GL-4396,2026-03-17 13:51:00,8.00412,10.73481,9.6,5.23
T04,GL-4396,2026-03-17 13:52:00,8.003538,10.734833,4.4,5.26
T04,GL-4396,2026-03-17 13:53:00,8.002905,10.734685,8.3,3.29
T04,GL-4396,2026-03-17 13:54:00,8.002223,10.734563,5.4,4.88
T04,GL-4396,2026-03-17 13:55:00,8.001607,10.734653,4.5,4.91
T04,GL-4396,2026-03-17 13:56:00,8.000984,10.734531,4.5,4.06
T04,GL-4396,2026-03-17 13:57:00,8.000439,10.734389,7.9,5.09
T04,GL-4396,2026-03-17 13:58:00,7.999757,10.734404,7.2,4.29
T04,GL-4396,2026-03-17 13:59:00,7.999201,10.73437,4.6,4.64
T04,GL-4396,2026-03-17 14:00:00,7.998469,10.734261,6.3,2.92
T04,GL-4396,2026-03-17 14:01:00,7.997785,10.734198,5.1,4.56
T04,GL-4396,2026-03-17 14:02:00,7.997182,10.734057,8.6,5.47
T04,GL-4396,2026-03-17 14:03:00,7.996547,10.734087,7.0,3.56
T04,GL-4396,2026-03-17 14:04:00,7.99602,10.734005,8.9,4.86
T04,GL-4396,2026-03-17 14:05:00,7.995295,10.733901,4.3,5.02
T04,GL-4396,2026-03-17 14:06:00,7.99478,10.733863,9.4,5.26
T04,GL-4396,2026-03-17 14:07:00,7.99422,10.733762,8.2,4.57
T04,GL-4396,2026-03-17 14:08:00,7.993355,10.733773,6.2,4.76
T04,GL-4396,2026-03-17 14:09:00,7.992807,10.733666,6.0,5.11
T04,GL-4396,2026-03-17 14:10:00,7.992206,10.733524,4.1,4.48
T04,GL-4396,2026-03-17 14:11:00,7.9916,10.733613,7.6,2.84
T04,GL-4396,2026-03-17 14:12:00,7.991018,10.733475,,3.78
T04,GL-4396,2026-03-17 14:13:00,7.990265,10.733456,8.9,4.04
T04,GL-4396,2026-03-17 14:14:00,7.989868,10.73327,11.7,5.05
T04,GL-4396,2026-03-17 14:15:00,7.989129,10.733295,11.7,3.33
T04,GL-4396,2026-03-17 14:16:00,7.988418,10.733187,4.0,5.5
T04,GL-4396,2026-03-17 14:17:00,7.98777,10.733215,4.4,3.61
T04,GL-4396,2026-03-17 14:18:00,7.987339,10.733145,8.2,5.54
T04,GL-4396,2026-03-17 14:19:00,7.986518,10.732998,7.6,4.93
T04,GL-4396,2026-03-17 14:20:00,7.985964,10.733065,8.5,5.44
T04,GL-4396,2026-03-17 14:21:00,7.985382,10.732866,11.8,4.37
T04,GL-4396,2026-03-17 14:22:00,7.984696,10.732815,5.1,3.65
T04,GL-4396,2026-03-17 14:23:00,7.984217,10.73271,11.7,2.97
T04,GL-4396,2026-03-17 14:24:00,7.983614,10.732769,10.0,3.54
T04,GL-4396,2026-03-17 14:25:00,7.982897,10.732584,7.1,4.11
T04,GL-4396,2026-03-17 14:26:00,7.982281,10.732606,6.8,5.44
T04,GL-4396,2026-03-17 14:27:00,7.981542,10.732516,11.7,3.27
T04,GL-4396,2026-03-17 14:28:00,7.980832,10.732425,4.1,4.5
T04,GL-4396,2026-03-17 14:29:00,7.980255,10.732385,11.6,4.78
T04,GL-4396,2026-03-17 14:30:00,7.979667,10.732365,6.4,4.22
T04,GL-4396,2026-03-17 14:31:00,7.979021,10.732234,9.7,3.68
T04,GL-4396,2026-03-17 14:32:00,7.978382,10.732183,5.4,4.99
T04,GL-4396,2026-03-17 14:33:00,7.977731,10.73217,5.6,4.26
T04,GL-4396,2026-03-17 14:34:00,7.977215,10.732107,9.9,4.17
T04,GL-4396,2026-03-17 14:35:00,7.97662,10.731944,11.8,4.41
T04,GL-4396,2026-03-17 14:36:00,7.97594,10.731943,,3.54
T04,GL-4396,2026-03-17 14:37:00,7.975244,10.73184,11.3,5.03
T04,GL-4396,2026-03-17 14:38:00,7.974716,10.731688,8.1,4.89
T04,GL-4396,2026-03-17 14:39:00,7.974042,10.731815,8.2,5.1
T04,GL-4396,2026-03-17 14:40:00,7.973241,10.731677,10.2,4.27
T04,GL-4396,2026-03-17 14:41:00,7.972863,10.731585,6.5,4.08
T04,GL-4396,2026-03-17 14:42:00,7.972208,10.731526,6.5,4.82
T04,GL-4396,2026-03-17 14:43:00,7.971604,10.731506,6.6,3.89
T04,GL-4396,2026-03-17 14:44:00,7.970923,10.731394,4.9,3.95
T04,GL-4396,2026-03-17 14:45:00,7.970221,10.731308,6.9,4.98
T04,GL-4396,2026-03-17 14:46:00,7.969662,10.731259,8.1,4.67
T04,GL-4396,2026-03-17 14:47:00,7.968988,10.731182,5.6,3.5
T04,GL-4396,2026-03-17 14:48:00,7.968471,10.731125,11.5,3.46
T04,GL-4396,2026-03-17 14:49:00,7.967791,10.730999,9.5,3.45
T04,GL-4396,2026-03-17 14:50:00,7.967227,10.731025,8.3,4.49
T04,GL-4396,2026-03-17 14:51:00,7.966513,10.731052,8.7,3.34
T04,GL-4396,2026-03-17 14:52:00,7.965883,10.731025,4.3,3.52
T04,GL-4396,2026-03-17 14:53:00,7.965284,10.730801,5.0,4.0
T04,GL-4396,2026-03-17 14:54:00,7.964702,10.7308,4.1,4.16
T04,GL-4396,2026-03-17 14:55:00,7.964022,10.730635,5.5,3.49
T04,GL-4396,2026-03-17 14:56:00,7.963403,10.730719,10.1,3.63
T04,GL-4396,2026-03-17 14:57:00,7.962834,10.730645,10.5,3.57
T04,GL-4396,2026-03-17 14:58:00,7.96211,10.730513,7.8,4.09
T04,GL-4396,2026-03-17 14:59:00,7.961565,10.730463,9.9,3.52
T04,GL-4396,2026-03-17 15:00:00,7.960801,10.730568,6.1,4.38
T04,GL-4396,2026-03-17 15:01:00,7.96034,10.730295,11.0,2.87
T04,GL-4396,2026-03-17 15:02:00,7.959719,10.730349,7.4,3.41
T04,GL-4396,2026-03-17 15:03:00,7.958989,10.730304,5.6,4.08
T04,GL-4396,2026-03-17 15:04:00,7.958357,10.730237,8.2,5.14
T04,GL-4396,2026-03-17 15:05:00,7.95787,10.730143,10.7,3.78
T04,GL-4396,2026-03-17 15:06:00,7.957118,10.729996,6.3,3.54
T04,GL-4396,2026-03-17 15:07:00,7.95661,10.729961,11.6,4.7
T04,GL-4396,2026-03-17 15:08:00,7.955957,10.729895,6.9,3.08
T04,GL-4396,2026-03-17 15:09:00,7.955179,10.729842,8.0,4.2
T04,GL-4396,2026-03-17 15:10:00,7.954593,10.729852,8.1,2.99
T04,GL-4396,2026-03-17 15:11:00,7.954058,10.729702,6.6,5.3
T04,GL-4396,2026-03-17 15:12:00,7.953409,10.729544,4.2,3.55
T04,GL-4396,2026-03-17 15:13:00,7.95285,10.72958,10.4,3.7
T04,GL-4396,2026-03-17 15:14:00,7.952171,10.729426,5.5,3.36
T04,GL-4396,2026-03-17 15:15:00,7.951528,10.7294,6.0,3.89
T04,GL-4396,2026-03-17 15:16:00,7.950865,10.729417,5.0,4.32
T04,GL-4396,2026-03-17 15:17:00,7.950327,10.729298,11.0,3.67
T04,GL-4396,2026-03-17 15:18:00,7.949587,10.72908,4.2,3.17
T04,GL-4396,2026-03-17 15:19:00,7.949016,10.729123,5.7,3.06
T04,GL-4396,2026-03-17 15:20:00,7.94836,10.729109,,5.53
T04,GL-4396,2026-03-17 15:21:00,7.947747,10.729042,11.7,3.6
T04,GL-4396,2026-03-17 15:22:00,7.947138,10.728991,4.8,4.57
T04,GL-4396,2026-03-17 15:23:00,7.946506,10.728945,8.8,5.26
T04,GL-4396,2026-03-17 15:24:00,7.9458,10.728913,11.6,5.25
T04,GL-4396,2026-03-17 15:25:00,7.945141,10.728811,6.1,4.04
T04,GL-4396,2026-03-17 15:26:00,7.94453,10.72881,9.4,5.09
T04,GL-4396,2026-03-17 15:27:00,7.943923,10.728616,5.6,2.83
T04,GL-4396,2026-03-17 15:28:00,7.943353,10.728678,10.3,5.22
T04,GL-4396,2026-03-17 15:29:00,7.942708,10.728486,5.4,3.55
T04,GL-4396,2026-03-17 15:30:00,7.94201,10.728478,12.0,3.09
T04,GL-4396,2026-03-17 15:31:00,7.9415,10.728359,10.3,4.05
T04,GL-4396,2026-03-17 15:32:00,7.940802,10.728362,6.9,5.22
T04,GL-4396,2026-03-17 15:33:00,7.94027,10.728214,6.0,4.87
T04,GL-4396,2026-03-17 15:34:00,7.939696,10.728196,11.9,3.09
T04,GL-4396,2026-03-17 15:35:00,7.938922,10.728132,9.6,3.73
T04,GL-4396,2026-03-17 15:36:00,7.93827,10.728173,10.6,3.93
T04,GL-4396,2026-03-17 15:37:00,7.937626,10.728053,9.4,2.8
T04,GL-4396,2026-03-17 15:38:00,7.937031,10.728081,6.5,5.42
T04,GL-4396,2026-03-17 15:39:00,7.936458,10.727944,7.3,2.97
T04,GL-4396,2026-03-17 15:40:00,7.935859,10.727802,10.8,3.82
T04,GL-4396,2026-03-17 15:41:00,7.935178,10.727827,11.1,4.37
T04,GL-4396,2026-03-17 15:42:00,7.934585,10.7277,5.8,5.45
T04,GL-4396,2026-03-17 15:43:00,7.933973,10.727689,9.0,3.91
T04,GL-4396,2026-03-17 15:44:00,7.933267,10.727609,4.9,4.88
T04,GL-4396,2026-03-17 15:45:00,7.932682,10.727487,10.7,5.49
T04,GL-4396,2026-03-17 15:46:00,7.932018,10.727489,9.6,5.46
T04,GL-4396,2026-03-17 15:47:00,7.931394,10.727315,11.0,4.85
T04,GL-4396,2026-03-17 15:48:00,7.93071,10.727285,7.4,5.22
T04,GL-4396,2026-03-17 15:49:00,7.930293,10.72729,5.5,3.39
T04,GL-4396,2026-03-17 15:50:00,7.929581,10.727221,9.4,3.76
T04,GL-4396,2026-03-17 15:51:00,7.929,10.727167,11.7,3.42
T04,GL-4396,2026-03-17 15:52:00,7.928424,10.727107,4.5,4.29
T04,GL-4396,2026-03-17 15:53:00,7.927642,10.726958,9.9,3.9
T04,GL-4396,2026-03-17 15:54:00,7.927047,10.726978,4.9,5.3
T04,GL-4396,2026-03-17 15:55:00,7.926364,10.726898,8.9,3.53
T04,GL-4396,2026-03-17 15:56:00,7.925755,10.726921,11.0,3.57
T04,GL-4396,2026-03-17 15:57:00,7.92513,10.726821,8.5,4.0
T04,GL-4396,2026-03-17 15:58:00,7.924628,10.726798,8.1,3.39
T04,GL-4396,2026-03-17 15:59:00,7.923975,10.726566,4.8,4.83
T04,GL-4396,2026-03-17 16:00:00,7.923221,10.726576,7.5,4.87
T04,GL-4396,2026-03-17 16:01:00,7.922689,10.726562,10.0,3.08
T04,GL-4396,2026-03-17 16:02:00,7.922063,10.726538,10.6,4.17
T04,GL-4396,2026-03-17 16:03:00,7.92133,10.726533,7.7,2.93
T04,GL-4396,2026-03-17 16:04:00,7.920755,10.72627,8.0,5.23
T04,GL-4396,2026-03-17 16:05:00,7.920101,10.726352,4.7,5.09
T04,GL-4396,2026-03-17 16:06:00,7.919503,10.726195,6.5,3.98
T04,GL-4396,2026-03-17 16:07:00,7.918815,10.726174,6.6,5.04
T04,GL-4396,2026-03-17 16:08:00,7.918218,10.726112,6.0,3.67
T04,GL-4396,2026-03-17 16:09:00,7.917525,10.725986,8.1,4.94
T04,GL-4396,2026-03-17 16:10:00,7.916978,10.725999,4.8,3.75
T04,GL-4396,2026-03-17 16:11:00,7.916369,10.725882,8.0,4.93
T04,GL-4396,2026-03-17 16:12:00,7.915748,10.725849,11.4,4.19
T04,GL-4396,2026-03-17 16:13:00,7.915186,10.725715,5.9,2.83
T04,GL-4396,2026-03-17 16:14:00,7.914591,10.725737,9.0,3.88
T04,GL-4396,2026-03-17 16:15:00,7.913946,10.725594,7.8,4.08
T04,GL-4396,2026-03-17 16:16:00,7.913344,10.72549,10.9,3.31
T04,GL-4396,2026-03-17 16:17:00,7.912656,10.725668,8.3,3.33
T04,GL-4396,2026-03-17 16:18:00,7.912066,10.725362,8.2,4.6
T04,GL-4396,2026-03-17 16:19:00,7.911364,10.725378,5.9,5.18
T04,GL-4396,2026-03-17 16:20:00,7.910753,10.725282,6.5,3.41
T04,GL-4396,2026-03-17 16:21:00,7.910104,10.725248,8.0,4.61
T04,GL-4396,2026-03-17 16:22:00,7.909476,10.725247,8.2,4.15
T04,GL-4396,2026-03-17 16:23:00,7.908838,10.7252,6.6,4.9
T04,GL-4396,2026-03-17 16:24:00,7.908284,10.725078,11.0,4.64
T04,GL-4396,2026-03-17 16:25:00,7.907611,10.725031,9.5,3.45
T04,GL-4396,2026-03-17 16:26:00,7.907033,10.724928,9.0,5.43
T04,GL-4396,2026-03-17 16:27:00,7.906443,10.724854,8.1,4.96
T04,GL-4396,2026-03-17 16:28:00,7.905793,10.724788,7.6,3.58
T04,GL-4396,2026-03-17 16:29:00,7.905132,10.724696,7.8,3.43
T04,GL-4396,2026-03-17 16:30:00,7.904518,10.724721,7.8,3.78
T04,GL-4396,2026-03-17 16:31:00,7.903917,10.724706,6.7,5.22
T04,GL-4396,2026-03-17 16:32:00,7.903206,10.72462,5.4,3.99
T04,GL-4396,2026-03-17 16:33:00,7.902645,10.724565,5.5,4.16
T04,GL-4396,2026-03-17 16:34:00,7.901978,10.72435,11.7,3.3
T04,GL-4396,2026-03-17 16:35:00,7.901388,10.724264,8.1,3.84
T04,GL-4396,2026-03-17 16:36:00,7.900787,10.724373,4.9,5.36
T04,GL-4396,2026-03-17 16:37:00,7.900156,10.724243,8.1,3.82
T04,GL-4396,2026-03-17 16:38:00,7.899489,10.72418,4.1,5.3
T04,GL-4396,2026-03-17 16:39:00,7.898729,10.724057,7.0,3.14
T04,GL-4396,2026-03-17 16:40:00,7.898174,10.723981,8.8,3.43
T04,GL-4396,2026-03-17 16:41:00,7.897647,10.724063,6.9,4.88
T04,GL-4396,2026-03-17 16:42:00,7.897033,10.724052,7.4,5.3
T04,GL-4396,2026-03-17 16:43:00,7.896337,10.723905,11.4,3.34
T04,GL-4396,2026-03-17 16:44:00,7.895648,10.723799,5.1,3.44
T04,GL-4396,2026-03-17 16:45:00,7.89513,10.72375,7.3,3.01
T04,GL-4396,2026-03-17 16:46:00,7.894484,10.723737,10.8,3.86
T04,GL-4396,2026-03-17 16:47:00,7.893838,10.723745,4.4,3.24
T04,GL-4396,2026-03-17 16:48:00,7.893146,10.723596,11.8,5.36
T04,GL-4396,2026-03-17 16:49:00,7.892648,10.723455,7.0,4.85
T04,GL-4396,2026-03-17 16:50:00,7.892032,10.723414,9.4,3.8
T04,GL-4396,2026-03-17 16:51:00,7.891389,10.723303,5.0,3.08
T04,GL-4396,2026-03-17 16:52:00,7.890771,10.723274,9.0,5.1
T04,GL-4396,2026-03-17 16:53:00,7.890176,10.723148,7.3,3.96
T04,GL-4396,2026-03-17 16:54:00,7.889419,10.72305,6.0,4.7
T04,GL-4396,2026-03-17 16:55:00,7.888763,10.723103,10.4,4.98
T04,GL-4396,2026-03-17 16:56:00,7.888163,10.723066,5.4,4.76
T04,GL-4396,2026-03-17 16:57:00,7.887599,10.722985,6.7,3.75
T04,GL-4396,2026-03-17 16:58:00,7.886909,10.722988,5.0,3.56
T04,GL-4396,2026-03-17 16:59:00,7.886259,10.722884,11.5,3.22
T04,GL-4396,2026-03-17 17:00:00,7.885687,10.722808,11.7,4.2
T04,GL-4396,2026-03-17 17:01:00,7.88506,10.722822,7.8,4.28
T04,GL-4396,2026-03-17 17:02:00,7.884469,10.722712,7.0,2.93
T04,GL-4396,2026-03-17 17:03:00,7.883733,10.72254,9.3,4.3
T04,GL-4396,2026-03-17 17:04:00,7.883276,10.722498,8.5,5.58
T04,GL-4396,2026-03-17 17:05:00,7.882438,10.72252,11.7,2.94
T04,GL-4396,2026-03-17 17:06:00,7.881878,10.72241,5.4,4.74
T04,GL-4396,2026-03-17 17:07:00,7.881251,10.722354,9.6,4.07
T04,GL-4396,2026-03-17 17:08:00,7.880728,10.722214,11.0,4.66
T04,GL-4396,2026-03-17 17:09:00,7.880047,10.722127,11.2,4.1
T04,GL-4396,2026-03-17 17:10:00,7.879455,10.722096,9.0,4.03
T04,GL-4396,2026-03-17 17:11:00,7.87872,10.722134,6.1,3.99
T04,GL-4396,2026-03-17 17:12:00,7.878319,10.721916,9.5,5.39
T04,GL-4396,2026-03-17 17:13:00,7.877472,10.721931,4.8,4.21
T04,GL-4396,2026-03-17 17:14:00,7.876944,10.721891,6.0,3.13
T04,GL-4396,2026-03-17 17:15:00,7.876229,10.721816,5.3,5.04
T04,GL-4396,2026-03-17 17:16:00,7.875673,10.721787,9.0,4.91
T04,GL-4396,2026-03-17 17:17:00,7.87499,10.721537,6.3,3.89
T04,GL-4396,2026-03-17 17:18:00,7.874466,10.721683,10.4,4.91
T04,GL-4396,2026-03-17 17:19:00,7.873836,10.721559,10.1,4.67
T04,GL-4396,2026-03-17 17:20:00,7.873218,10.721507,9.1,4.2
T04,GL-4396,2026-03-17 17:21:00,7.872647,10.721437,9.0,5.21
T04,GL-4396,2026-03-17 17:22:00,7.871988,10.72145,6.1,2.8
T04,GL-4396,2026-03-17 17:23:00,7.871296,10.7214,6.7,5.1
T04,GL-4396,2026-03-17 17:24:00,7.870532,10.721218,9.5,3.28
T04,GL-4396,2026-03-17 17:25:00,7.870076,10.721211,10.1,5.19
T04,GL-4396,2026-03-17 17:26:00,7.869405,10.721081,7.9,4.36
T04,GL-4396,2026-03-17 17:27:00,7.868786,10.721051,9.7,5.33
T04,GL-4396,2026-03-17 17:28:00,7.868071,10.720893,9.0,5.48
T04,GL-4396,2026-03-17 17:29:00,7.867571,10.72091,4.6,4.42
T04,GL-4396,2026-03-17 17:30:00,7.866955,10.720834,5.8,3.62
T04,GL-4396,2026-03-17 17:31:00,7.866284,10.720778,7.9,5.18
T04,GL-4396,2026-03-17 17:32:00,7.865594,10.720672,5.2,3.43
T04,GL-4396,2026-03-17 17:33:00,7.865089,10.720737,11.4,4.58
T04,GL-4396,2026-03-17 17:34:00,7.864474,10.720661,4.5,2.92
T04,GL-4396,2026-03-17 17:35:00,7.86377,10.720564,8.2,4.78
T04,GL-4396,2026-03-17 17:36:00,7.863187,10.720504,7.9,4.33
T04,GL-4396,2026-03-17 17:37:00,7.862493,10.720453,7.9,4.86
T04,GL-4396,2026-03-17 17:38:00,7.861815,10.720343,7.0,4.11
T04,GL-4396,2026-03-17 17:39:00,7.861318,10.720273,6.5,3.98
T04,GL-4396,2026-03-17 17:40:00,7.860592,10.720203,8.4,5.3
T04,GL-4396,2026-03-17 17:41:00,7.860018,10.720198,9.1,3.3
T04,GL-4396,2026-03-17 17:42:00,7.859324,10.720119,11.8,4.43
T04,GL-4396,2026-03-17 17:43:00,7.858695,10.720089,10.8,4.85
T04,GL-4396,2026-03-17 17:44:00,7.858212,10.719981,10.1,4.96
T04,GL-4396,2026-03-17 17:45:00,7.857479,10.719868,9.6,3.01
T04,GL-4396,2026-03-17 17:46:00,7.856817,10.719874,8.4,3.31
T04,GL-4396,2026-03-17 17:47:00,7.856232,10.719723,6.8,5.43
T04,GL-4396,2026-03-17 17:48:00,7.855617,10.719727,10.1,5.08
T04,GL-4396,2026-03-17 17:49:00,7.855037,10.719631,11.3,3.2
T04,GL-4396,2026-03-17 17:50:00,7.854327,10.719629,9.5,3.12
T04,GL-4396,2026-03-17 17:51:00,7.853647,10.719563,8.5,4.54
T04,GL-4396,2026-03-17 17:52:00,7.853031,10.719468,11.5,5.0
T04,GL-4396,2026-03-17 17:53:00,7.852463,10.719395,10.1,5.09
T04,GL-4396,2026-03-17 17:54:00,7.851871,10.719285,6.7,4.5
T04,GL-4396,2026-03-17 17:55:00,7.851224,10.71925,7.9,5.3
T04,GL-4396,2026-03-17 17:56:00,7.850607,10.719185,5.8,2.91
T04,GL-4396,2026-03-17 17:57:00,7.849907,10.719162,10.5,4.84
T04,GL-4396,2026-03-17 17:58:00,7.849239,10.71912,9.9,5.47
T04,GL-4396,2026-03-17 17:59:00,7.848748,10.718993,10.5,3.52
T04,GL-4396,2026-03-17 18:00:00,7.848102,10.719061,5.9,5.06
T04,GL-4396,2026-03-17 18:01:00,7.847367,10.718755,4.8,3.28
T04,GL-4396,2026-03-17 18:02:00,7.846891,10.718722,4.2,4.76
T04,GL-4396,2026-03-17 18:03:00,7.846152,10.718751,7.5,3.29
T04,GL-4396,2026-03-17 18:04:00,7.845567,10.718716,10.6,2.91
T04,GL-4396,2026-03-17 18:05:00,7.844942,10.718519,6.0,3.82
T04,GL-4396,2026-03-17 18:06:00,7.844386,10.718487,6.6,4.83
T04,GL-4396,2026-03-17 18:07:00,7.843645,10.718508,4.7,3.62
T04,GL-4396,2026-03-17 18:08:00,7.843058,10.71856,8.0,3.47
T04,GL-4396,2026-03-17 18:09:00,7.842456,10.718367,7.9,3.27
T04,GL-4396,2026-03-17 18:10:00,7.841833,10.718333,5.8,4.74
T04,GL-4396,2026-03-17 18:11:00,7.841119,10.718213,10.6,4.94
T04,GL-4396,2026-03-17 18:12:00,7.840653,10.718186,11.8,4.77
T04,GL-4396,2026-03-17 18:13:00,7.840019,10.718165,,3.63
T04,GL-4396,2026-03-17 18:14:00,7.839328,10.718147,5.2,4.74
T04,GL-4396,2026-03-17 18:15:00,7.838667,10.717948,7.4,5.42
T04,GL-4396,2026-03-17 18:16:00,7.837953,10.717963,9.4,3.26
T04,GL-4396,2026-03-17 18:17:00,7.837479,10.717775,10.6,3.27
T04,GL-4396,2026-03-17 18:18:00,7.836742,10.717847,11.7,4.91
T04,GL-4396,2026-03-17 18:19:00,7.836094,10.717612,6.0,3.48
T04,GL-4396,2026-03-17 18:20:00,7.835552,10.717669,6.2,3.06
T04,GL-4396,2026-03-17 18:21:00,7.834983,10.717591,7.6,5.17
T04,GL-4396,2026-03-17 18:22:00,7.834336,10.717462,4.1,4.86
T04,GL-4396,2026-03-17 18:23:00,7.833701,10.717473,7.1,4.19
T04,GL-4396,2026-03-17 18:24:00,7.833078,10.71741,10.4,3.53
T04,GL-4396,2026-03-17 18:25:00,7.832477,10.717422,7.9,3.63
T04,GL-4396,2026-03-17 18:26:00,7.831862,10.717257,7.7,4.2
T04,GL-4396,2026-03-17 18:27:00,7.830992,10.717145,4.7,3.83
T04,GL-4396,2026-03-17 18:28:00,7.830615,10.717305,9.5,4.71
T04,GL-4396,2026-03-17 18:29:00,7.829841,10.717097,7.3,2.86
T04,GL-4396,2026-03-17 18:30:00,7.82911,10.71701,10.1,2.95
T04,GL-4396,2026-03-17 18:31:00,7.828724,10.716904,9.5,4.84
T04,GL-4396,2026-03-17 18:32:00,7.828014,10.716792,5.7,4.0
T04,GL-4396,2026-03-17 18:33:00,7.827399,10.716741,12.0,3.62
T04,GL-4396,2026-03-17 18:34:00,7.826712,10.716746,10.6,4.09
T04,GL-4396,2026-03-17 18:35:00,7.826219,10.716858,9.9,3.02
T04,GL-4396,2026-03-17 18:36:00,7.825465,10.716601,11.8,3.03
T04,GL-4396,2026-03-17 18:37:00,7.824915,10.716582,11.4,3.02
T04,GL-4396,2026-03-17 18:38:00,7.824277,10.716696,10.4,3.62
T04,GL-4396,2026-03-17 18:39:00,7.823595,10.716451,8.0,2.91
T04,GL-4396,2026-03-17 18:40:00,7.823073,10.716503,4.5,5.3
T04,GL-4396,2026-03-17 18:41:00,7.822345,10.716304,9.9,5.17
T04,GL-4396,2026-03-17 18:42:00,7.821675,10.716278,11.8,4.42
T04,GL-4396,2026-03-17 18:43:00,7.821023,10.716176,5.8,3.26
T04,GL-4396,2026-03-17 18:44:00,7.820517,10.716052,9.8,3.87
T04,GL-4396,2026-03-17 18:45:00,7.819844,10.716094,7.5,2.95
T04,GL-4396,2026-03-17 18:46:00,7.819283,10.716102,8.5,5.07
T04,GL-4396,2026-03-17 18:47:00,7.81851,10.715936,10.9,4.06
T04,GL-4396,2026-03-17 18:48:00,7.818007,10.715915,6.3,3.0
T04,GL-4396,2026-03-17 18:49:00,7.817492,10.715833,6.7,4.29
T04,GL-4396,2026-03-17 18:50:00,7.816687,10.715755,7.2,3.68
T04,GL-4396,2026-03-17 18:51:00,7.816074,10.715759,11.9,5.37
T04,GL-4396,2026-03-17 18:52:00,7.815599,10.715536,6.9,5.31
T04,GL-4396,2026-03-17 18:53:00,7.814815,10.71552,7.0,5.01
T04,GL-4396,2026-03-17 18:54:00,7.814209,10.715462,9.7,3.64
T04,GL-4396,2026-03-17 18:55:00,7.813546,10.715476,9.5,3.38
T04,GL-4396,2026-03-17 18:56:00,7.812949,10.715322,,5.16
T04,GL-4396,2026-03-17 18:57:00,7.81245,10.715337,9.5,4.89
T04,GL-4396,2026-03-17 18:58:00,7.811779,10.715243,6.5,3.66
T04,GL-4396,2026-03-17 18:59:00,7.811191,10.715119,5.7,3.99
T04,GL-4396,2026-03-17 19:00:00,7.810461,10.715111,5.3,5.1
T04,GL-4396,2026-03-17 19:01:00,7.809888,10.715125,7.9,4.23
T04,GL-4396,2026-03-17 19:02:00,7.809326,10.715019,6.3,3.17
T04,GL-4396,2026-03-17 19:03:00,7.808636,10.714897,8.9,4.55
T04,GL-4396,2026-03-17 19:04:00,7.808019,10.714988,7.3,5.02
T04,GL-4396,2026-03-17 19:05:00,7.807379,10.714827,5.6,4.62
T04,GL-4396,2026-03-17 19:06:00,7.806747,10.71468,7.2,3.27
T04,GL-4396,2026-03-17 19:07:00,7.806105,10.714657,6.4,5.49
T04,GL-4396,2026-03-17 19:08:00,7.805471,10.714609,9.2,5.03
T04,GL-4396,2026-03-17 19:09:00,7.804846,10.714601,,4.78
T04,GL-4396,2026-03-17 19:10:00,7.804263,10.714552,10.8,3.32
T04,GL-4396,2026-03-17 19:11:00,7.803645,10.714358,7.9,3.19
T04,GL-4396,2026-03-17 19:12:00,7.802962,10.714356,9.7,3.65
T04,GL-4396,2026-03-17 19:13:00,7.802354,10.71436,11.3,3.88
T04,GL-4396,2026-03-17 19:14:00,7.801751,10.714285,5.3,4.45
T04,GL-4396,2026-03-17 19:15:00,7.801087,10.714072,7.4,4.91
T04,GL-4396,2026-03-17 19:16:00,7.800562,10.714152,9.4,5.37
T04,GL-4396,2026-03-17 19:17:00,7.799759,10.714041,7.1,3.73
T04,GL-4396,2026-03-17 19:18:00,7.799252,10.713987,,5.37
T04,GL-4396,2026-03-17 19:19:00,7.798679,10.71387,7.4,3.85
T04,GL-4396,2026-03-17 19:20:00,7.798088,10.713834,7.8,2.96
T04,GL-4396,2026-03-17 19:21:00,7.797314,10.713871,11.4,5.55
T04,GL-4396,2026-03-17 19:22:00,7.796873,10.713706,9.6,3.6
T04,GL-4396,2026-03-17 19:23:00,7.796049,10.713701,5.8,5.58
T04,GL-4396,2026-03-17 19:24:00,7.795439,10.713628,11.7,4.72
T04,GL-4396,2026-03-17 19:25:00,7.79489,10.713591,5.0,5.03
T04,GL-4396,2026-03-17 19:26:00,7.79423,10.713491,5.5,5.11
T04,GL-4396,2026-03-17 19:27:00,7.793672,10.71337,5.7,4.6
T04,GL-4396,2026-03-17 19:28:00,7.792977,10.713161,7.6,3.44
T04,GL-4396,2026-03-17 19:29:00,7.792325,10.713347,6.3,5.05
T04,GL-4396,2026-03-17 19:30:00,7.791696,10.713315,7.0,2.94
T04,GL-4396,2026-03-17 19:31:00,7.791045,10.713329,9.4,3.22
T04,GL-4396,2026-03-17 19:32:00,7.790379,10.713148,7.4,2.93
T04,GL-4396,2026-03-17 19:33:00,7.78983,10.713024,10.1,3.26
T04,GL-4396,2026-03-17 19:34:00,7.78922,10.71281,8.1,4.0
T04,GL-4396,2026-03-17 19:35:00,7.788528,10.712806,8.3,3.09
T04,GL-4396,2026-03-17 19:36:00,7.788085,10.712858,4.2,4.13
T04,GL-4396,2026-03-17 19:37:00,7.787321,10.712739,10.3,3.52
T04,GL-4396,2026-03-17 19:38:00,7.786707,10.712728,6.1,4.96
T04,GL-4396,2026-03-17 19:39:00,7.786094,10.712747,10.2,4.26
T04,GL-4396,2026-03-17 19:40:00,7.785422,10.712627,6.8,5.04
T04,GL-4396,2026-03-17 19:41:00,7.78485,10.712512,8.9,3.27
T04,GL-4396,2026-03-17 19:42:00,7.784215,10.712418,7.6,5.39
T04,GL-4396,2026-03-17 19:43:00,7.783479,10.712428,4.7,4.71
T04,GL-4396,2026-03-17 19:44:00,7.782958,10.712392,4.6,4.36
T04,GL-4396,2026-03-17 19:45:00,7.782316,10.712304,9.8,4.53
T04,GL-4396,2026-03-17 19:46:00,7.781721,10.712364,7.4,3.48
T04,GL-4396,2026-03-17 19:47:00,7.781079,10.712136,5.3,3.1
T04,GL-4396,2026-03-17 19:48:00,7.780412,10.712021,5.9,4.33
T04,GL-4396,2026-03-17 19:49:00,7.779851,10.711914,8.7,4.88
T04,GL-4396,2026-03-17 19:50:00,7.779281,10.711794,11.6,4.27
T04,GL-4396,2026-03-17 19:51:00,7.778459,10.711861,10.7,3.02
T04,GL-4396,2026-03-17 19:52:00,7.777905,10.711883,10.1,5.13
T04,GL-4396,2026-03-17 19:53:00,7.777318,10.711808,6.5,3.66
T04,GL-4396,2026-03-17 19:54:00,7.776726,10.711709,4.3,4.58
T04,GL-4396,2026-03-17 19:55:00,7.776065,10.711543,11.1,5.5
T04,GL-4396,2026-03-17 19:56:00,7.775532,10.711482,5.1,5.14
T04,GL-4396,2026-03-17 19:57:00,7.774814,10.711385,4.2,4.9
T04,GL-4396,2026-03-17 19:58:00,7.774239,10.711394,10.8,3.9
T04,GL-4396,2026-03-17 19:59:00,7.773565,10.711398,5.5,4.45
T04,GL-4396,2026-03-17 20:00:00,7.772811,10.711293,9.0,4.9
T04,GL-4396,2026-03-17 20:01:00,7.772227,10.711258,6.3,4.6
T04,GL-4396,2026-03-17 20:02:00,7.771747,10.711127,10.1,3.34
T04,GL-4396,2026-03-17 20:03:00,7.771057,10.711159,6.2,3.24
T04,GL-4396,2026-03-17 20:04:00,7.770467,10.710964,5.9,4.35
T04,GL-4396,2026-03-17 20:05:00,7.769767,10.711059,7.2,5.46
T04,GL-4396,2026-03-17 20:06:00,7.769247,10.710936,8.9,4.51
T04,GL-4396,2026-03-17 20:07:00,7.768442,10.710886,8.1,5.18
T04,GL-4396,2026-03-17 20:08:00,7.767832,10.710797,5.9,3.32
T04,GL-4396,2026-03-17 20:09:00,7.767137,10.710708,11.1,3.25
T04,GL-4396,2026-03-17 20:10:00,7.766656,10.710718,8.2,3.78
T04,GL-4396,2026-03-17 20:11:00,7.765997,10.710651,8.1,4.18
T04,GL-4396,2026-03-17 20:12:00,7.765493,10.710587,9.0,3.94
T04,GL-4396,2026-03-17 20:13:00,7.764755,10.710445,4.8,3.46
T04,GL-4396,2026-03-17 20:14:00,7.764079,10.710309,9.9,4.45
T04,GL-4396,2026-03-17 20:15:00,7.763409,10.710454,6.8,5.55
T04,GL-4396,2026-03-17 20:16:00,7.762931,10.710239,11.8,3.2
T04,GL-4396,2026-03-17 20:17:00,7.76222,10.710185,8.8,3.9
T04,GL-4396,2026-03-17 20:18:00,7.761653,10.71013,11.0,5.07
T04,GL-4396,2026-03-17 20:19:00,7.761017,10.709946,9.5,3.35
T04,GL-4396,2026-03-17 20:20:00,7.760331,10.709998,6.8,4.46
T04,GL-4396,2026-03-17 20:21:00,7.759746,10.709991,7.4,5.51
T04,GL-4396,2026-03-17 20:22:00,7.759175,10.709942,7.8,5.06
T04,GL-4396,2026-03-17 20:23:00,7.758486,10.709851,5.4,5.1
T04,GL-4396,2026-03-17 20:24:00,7.757841,10.70978,11.8,3.75
T04,GL-4396,2026-03-17 20:25:00,7.757284,10.709689,7.1,3.31
T04,GL-4396,2026-03-17 20:26:00,7.756561,10.709572,5.7,2.89
T04,GL-4396,2026-03-17 20:27:00,7.755947,10.709544,8.3,4.63
T04,GL-4396,2026-03-17 20:28:00,7.755347,10.709505,7.9,4.88
T04,GL-4396,2026-03-17 20:29:00,7.754657,10.709487,10.3,4.54
T04,GL-4396,2026-03-17 20:30:00,7.753989,10.709482,7.1,3.0
T04,GL-4396,2026-03-17 20:31:00,7.753535,10.709397,7.3,3.17
T04,GL-4396,2026-03-17 20:32:00,7.752877,10.709219,5.7,4.74
T04,GL-4396,2026-03-17 20:33:00,7.752315,10.709253,5.2,3.38
T04,GL-4396,2026-03-17 20:34:00,7.751552,10.709134,5.1,4.03
T04,GL-4396,2026-03-17 20:35:00,7.751037,10.709052,4.2,5.24
T04,GL-4396,2026-03-17 20:36:00,7.750284,10.709126,4.7,2.93
T04,GL-4396,2026-03-17 20:37:00,7.749705,10.708852,6.0,5.47
T04,GL-4396,2026-03-17 20:38:00,7.749096,10.708847,8.4,4.4
T04,GL-4396,2026-03-17 20:39:00,7.748438,10.708858,8.8,4.54
T04,GL-4396,2026-03-17 20:40:00,7.747879,10.708655,5.2,4.44
T04,GL-4396,2026-03-17 20:41:00,7.747251,10.708665,10.6,4.76
T04,GL-4396,2026-03-17 20:42:00,7.746548,10.708642,4.1,3.21
T04,GL-4396,2026-03-17 20:43:00,7.745896,10.708515,7.3,4.26
T04,GL-4396,2026-03-17 20:44:00,7.745268,10.708435,,3.67
T04,GL-4396,2026-03-17 20:45:00,7.74467,10.708482,9.2,4.11
T04,GL-4396,2026-03-17 20:46:00,7.744066,10.708356,5.9,5.12
T04,GL-4396,2026-03-17 20:47:00,7.74337,10.708191,10.9,3.94
T04,GL-4396,2026-03-17 20:48:00,7.742829,10.708274,6.1,2.86
T04,GL-4396,2026-03-17 20:49:00,7.742252,10.708113,11.1,3.54
T04,GL-4396,2026-03-17 20:50:00,7.741573,10.708126,12.0,5.47
T04,GL-4396,2026-03-17 20:51:00,7.740838,10.708108,6.5,2.94
T04,GL-4396,2026-03-17 20:52:00,7.740294,10.70782,6.7,4.47
T04,GL-4396,2026-03-17 20:53:00,7.739653,10.707939,5.1,5.33
T04,GL-4396,2026-03-17 20:54:00,7.739063,10.707765,11.8,5.11
T04,GL-4396,2026-03-17 20:55:00,7.738398,10.707863,10.7,4.56
T04,GL-4396,2026-03-17 20:56:00,7.73785,10.707703,6.8,3.34
T04,GL-4396,2026-03-17 20:57:00,7.73714,10.707681,,4.37
T04,GL-4396,2026-03-17 20:58:00,7.736545,10.707581,6.1,3.66
T04,GL-4396,2026-03-17 20:59:00,7.735938,10.707638,10.2,2.81
T04,GL-4396,2026-03-17 21:00:00,7.735318,10.707445,11.7,3.07
T04,GL-4396,2026-03-17 21:01:00,7.734757,10.707385,9.5,4.17
T04,GL-4396,2026-03-17 21:02:00,7.734014,10.707389,6.4,4.39
T04,GL-4396,2026-03-17 21:03:00,7.73346,10.707196,9.3,5.56
T04,GL-4396,2026-03-17 21:04:00,7.732757,10.707176,5.5,3.62
T04,GL-4396,2026-03-17 21:05:00,7.732171,10.707115,10.9,4.44
T04,GL-4396,2026-03-17 21:06:00,7.731701,10.707095,11.6,3.7
T04,GL-4396,2026-03-17 21:07:00,7.730826,10.706917,6.2,3.48
T04,GL-4396,2026-03-17 21:08:00,7.730313,10.707062,6.0,5.45
T04,GL-4396,2026-03-17 21:09:00,7.729671,10.706973,9.2,3.1
T04,GL-4396,2026-03-17 21:10:00,7.729068,10.706764,4.0,3.39
T04,GL-4396,2026-03-17 21:11:00,7.728479,10.706697,7.5,4.8
T04,GL-4396,2026-03-17 21:12:00,7.727739,10.706699,9.7,5.53
T04,GL-4396,2026-03-17 21:13:00,7.727151,10.7067,7.7,2.82
T04,GL-4396,2026-03-17 21:14:00,7.726549,10.706652,10.3,3.16
T04,GL-4396,2026-03-17 21:15:00,7.725898,10.706476,,3.48
T04,GL-4396,2026-03-17 21:16:00,7.725356,10.706455,7.6,4.84
T04,GL-4396,2026-03-17 21:17:00,7.724678,10.706434,9.7,3.11
T04,GL-4396,2026-03-17 21:18:00,7.724088,10.706325,4.9,4.96
T04,GL-4396,2026-03-17 21:19:00,7.723413,10.706334,9.5,3.53
T04,GL-4396,2026-03-17 21:20:00,7.722667,10.706169,7.7,2.89
T04,GL-4396,2026-03-17 21:21:00,7.722175,10.706151,9.0,4.34
T04,GL-4396,2026-03-17 21:22:00,7.721506,10.706061,7.4,3.73
T04,GL-4396,2026-03-17 21:23:00,7.720842,10.706112,11.3,3.85
T04,GL-4396,2026-03-17 21:24:00,7.720212,10.705938,4.2,5.21
T04,GL-4396,2026-03-17 21:25:00,7.719649,10.705978,,5.0
T04,GL-4396,2026-03-17 21:26:00,7.718901,10.705882,4.3,5.05
T04,GL-4396,2026-03-17 21:27:00,7.71834,10.705742,,5.09
T04,GL-4396,2026-03-17 21:28:00,7.717871,10.70568,5.0,3.65
T04,GL-4396,2026-03-17 21:29:00,7.717071,10.705663,8.6,4.98
T04,GL-4396,2026-03-17 21:30:00,7.716451,10.705547,4.5,4.56
T04,GL-4396,2026-03-17 21:31:00,7.715868,10.705608,8.8,3.79
T04,GL-4396,2026-03-17 21:32:00,7.715309,10.705515,7.8,4.89
T04,GL-4396,2026-03-17 21:33:00,7.714561,10.705392,7.8,3.2
T04,GL-4396,2026-03-17 21:34:00,7.714049,10.705262,9.9,3.5
T04,GL-4396,2026-03-17 21:35:00,7.713306,10.705252,4.9,3.45
T04,GL-4396,2026-03-17 21:36:00,7.712768,10.705181,9.4,4.38
T04,GL-4396,2026-03-17 21:37:00,7.712187,10.70522,10.2,4.96
T04,GL-4396,2026-03-17 21:38:00,7.711582,10.705159,10.1,3.48
T04,GL-4396,2026-03-17 21:39:00,7.710793,10.704953,11.2,4.83
T04,GL-4396,2026-03-17 21:40:00,7.710231,10.704875,4.4,2.99
T04,GL-4396,2026-03-17 21:41:00,7.709576,10.704945,5.9,4.88
T04,GL-4396,2026-03-17 21:42:00,7.708861,10.704883,11.3,4.24
T04,GL-4396,2026-03-17 21:43:00,7.708469,10.704818,11.4,4.43
T04,GL-4396,2026-03-17 21:44:00,7.707631,10.70469,9.5,5.45
T04,GL-4396,2026-03-17 21:45:00,7.707061,10.704648,10.4,3.96
T04,GL-4396,2026-03-17 21:46:00,7.706265,10.704432,11.1,3.71
T04,GL-4396,2026-03-17 21:47:00,7.705784,10.704588,8.3,4.74
T04,GL-4396,2026-03-17 21:48:00,7.705276,10.704446,8.2,3.62
T04,GL-4396,2026-03-17 21:49:00,7.704654,10.704394,10.4,4.73
T04,GL-4396,2026-03-17 21:50:00,7.703933,10.704263,8.4,4.43
T04,GL-4396,2026-03-17 21:51:00,7.703373,10.704225,10.3,4.64
T04,GL-4396,2026-03-17 21:52:00,7.70271,10.704227,4.7,5.16
T04,GL-4396,2026-03-17 21:53:00,7.70207,10.704171,5.5,4.25
T04,GL-4396,2026-03-17 21:54:00,7.701546,10.703992,7.8,5.23
T04,GL-4396,2026-03-17 21:55:00,7.700886,10.703931,10.2,4.14
T04,GL-4396,2026-03-17 21:56:00,7.700242,10.703885,7.5,4.12
T04,GL-4396,2026-03-17 21:57:00,7.699592,10.703793,4.4,4.94
T04,GL-4396,2026-03-17 21:58:00,7.698922,10.70374,7.3,4.83
T04,GL-4396,2026-03-17 21:59:00,7.698291,10.703788,7.0,4.44
T04,GL-4396,2026-03-17 22:00:00,7.697722,10.70359,8.5,2.88
T04,GL-4396,2026-03-17 22:01:00,7.697059,10.703573,10.2,5.06
T04,GL-4396,2026-03-17 22:02:00,7.69651,10.703691,8.5,4.84
T04,GL-4396,2026-03-17 22:03:00,7.69581,10.703483,6.0,3.98
T04,GL-4396,2026-03-17 22:04:00,7.695143,10.703483,11.8,3.53
T04,GL-4396,2026-03-17 22:05:00,7.694618,10.703431,,4.93
T04,GL-4396,2026-03-17 22:06:00,7.693969,10.703284,4.9,4.72
T04,GL-4396,2026-03-17 22:07:00,7.580007,10.703266,9.4,300.98
T04,GL-4396,2026-03-17 22:08:00,7.692718,10.703125,7.8,2.98
T04,GL-4396,2026-03-17 22:09:00,7.692126,10.703063,6.3,4.6
T04,GL-4396,2026-03-17 22:10:00,7.691429,10.70305,11.5,2.83
T04,GL-4396,2026-03-17 22:11:00,7.69082,10.702869,5.4,5.19
T04,GL-4396,2026-03-17 22:12:00,7.690243,10.702904,7.1,2.92
T04,GL-4396,2026-03-17 22:13:00,7.689529,10.702883,5.6,2.99
T04,GL-4396,2026-03-17 22:14:00,7.688873,10.702777,11.5,4.28
T04,GL-4396,2026-03-17 22:15:00,7.688298,10.70263,7.8,4.01
T04,GL-4396,2026-03-17 22:16:00,7.68776,10.702703,4.4,4.13
T04,GL-4396,2026-03-17 22:17:00,7.687131,10.702524,8.2,3.62
T04,GL-4396,2026-03-17 22:18:00,7.686483,10.702492,9.1,4.24
T04,GL-4396,2026-03-17 22:19:00,7.685786,10.702395,7.4,4.86
T04,GL-4396,2026-03-17 22:20:00,7.685183,10.702307,6.6,5.5
T04,GL-4396,2026-03-17 22:21:00,7.684533,10.702388,4.0,4.01
T04,GL-4396,2026-03-17 22:22:00,7.683865,10.702299,7.7,3.08
T04,GL-4396,2026-03-17 22:23:00,7.683214,10.702125,9.0,2.96
T04,GL-4396,2026-03-17 22:24:00,7.682737,10.702219,11.7,5.02
T04,GL-4396,2026-03-17 22:25:00,7.681981,10.701974,10.4,4.32
T04,GL-4396,2026-03-17 22:26:00,7.681484,10.702049,8.8,4.67
T04,GL-4396,2026-03-17 22:27:00,7.680788,10.701977,8.2,5.47
T04,GL-4396,2026-03-17 22:28:00,7.680088,10.701739,12.0,3.64
T04,GL-4396,2026-03-17 22:29:00,7.679644,10.701872,8.1,4.43
T04,GL-4396,2026-03-17 22:30:00,7.678875,10.701757,9.5,5.37
T04,GL-4396,2026-03-17 22:31:00,7.678244,10.701629,11.8,3.91
T04,GL-4396,2026-03-17 22:32:00,7.677536,10.701638,7.2,4.76
T04,GL-4396,2026-03-17 22:33:00,7.677105,10.701522,6.5,3.19
T04,GL-4396,2026-03-17 22:34:00,7.676381,10.701447,6.8,4.0
T04,GL-4396,2026-03-17 22:35:00,7.675789,10.701425,5.5,5.59
T04,GL-4396,2026-03-17 22:36:00,7.675143,10.701411,6.5,3.51
T04,GL-4396,2026-03-17 22:37:00,7.674466,10.701228,9.6,4.09
T04,GL-4396,2026-03-17 22:38:00,7.673895,10.701325,8.6,5.52
T04,GL-4396,2026-03-17 22:39:00,7.673206,10.701209,8.3,3.17
T04,GL-4396,2026-03-17 22:40:00,7.672709,10.701121,6.3,3.1
T04,GL-4396,2026-03-17 22:41:00,7.671937,10.701123,11.0,5.4
T04,GL-4396,2026-03-17 22:42:00,7.671402,10.700873,5.0,4.95
T04,GL-4396,2026-03-17 22:43:00,7.670686,10.700965,6.1,5.2
T04,GL-4396,2026-03-17 22:44:00,7.670071,10.701013,9.5,4.99
T04,GL-4396,2026-03-17 22:45:00,7.669381,10.70086,6.6,3.81
T04,GL-4396,2026-03-17 22:46:00,7.668832,10.700742,7.6,4.72
T04,GL-4396,2026-03-17 22:47:00,7.668349,10.700776,4.9,5.17
T04,GL-4396,2026-03-17 22:48:00,7.66764,10.700616,6.4,4.9
T04,GL-4396,2026-03-17 22:49:00,7.66707,10.700583,9.8,5.48
T04,GL-4396,2026-03-17 22:50:00,7.666489,10.700447,6.7,5.39
T04,GL-4396,2026-03-17 22:51:00,7.665862,10.700378,4.6,5.46
T04,GL-4396,2026-03-17 22:52:00,7.665181,10.700428,7.1,4.71
T04,GL-4396,2026-03-17 22:53:00,7.664537,10.700267,8.1,4.52
T04,GL-4396,2026-03-17 22:54:00,7.663839,10.70008,6.9,4.93
T04,GL-4396,2026-03-17 22:55:00,7.663252,10.700162,8.8,4.7
T04,GL-4396,2026-03-17 22:56:00,7.662542,10.700166,7.7,3.46
T04,GL-4396,2026-03-17 22:57:00,7.662035,10.699976,11.8,3.22
T04,GL-4396,2026-03-17 22:58:00,7.661357,10.699945,,3.47
T04,GL-4396,2026-03-17 22:59:00,7.660718,10.699838,9.6,4.44
T04,GL-4396,2026-03-17 23:00:00,7.660077,10.699892,6.1,3.43
T04,GL-4396,2026-03-17 23:01:00,7.659512,10.699732,9.9,3.51
T04,GL-4396,2026-03-17 23:02:00,7.658869,10.6997,8.3,3.09
T04,GL-4396,2026-03-17 23:03:00,7.658287,10.699625,11.1,5.26
T04,GL-4396,2026-03-17 23:04:00,7.657604,10.699592,9.0,4.31
T04,GL-4396,2026-03-17 23:05:00,7.65683,10.699387,6.4,4.95
T04,GL-4396,2026-03-17 23:06:00,7.65636,10.69946,11.7,3.7
T04,GL-4396,2026-03-17 23:07:00,7.655709,10.699354,8.8,5.31
T04,GL-4396,2026-03-17 23:08:00,7.655132,10.699287,5.6,3.8
T04,GL-4396,2026-03-17 23:09:00,7.654549,10.699299,4.6,4.53
T04,GL-4396,2026-03-17 23:10:00,7.653847,10.699224,6.6,5.59
T04,GL-4396,2026-03-17 23:11:00,7.653212,10.699062,9.6,3.36
T04,GL-4396,2026-03-17 23:12:00,7.652584,10.699022,10.0,5.04
T04,GL-4396,2026-03-17 23:13:00,7.65197,10.699034,5.2,4.68
T04,GL-4396,2026-03-17 23:14:00,7.651375,10.698911,11.9,4.82
T04,GL-4396,2026-03-17 23:15:00,7.650573,10.698901,6.0,4.34
T04,GL-4396,2026-03-17 23:16:00,7.650082,10.698773,11.9,5.05
T04,GL-4396,2026-03-17 23:17:00,7.649403,10.698802,12.0,4.19
T04,GL-4396,2026-03-17 23:18:00,7.648867,10.698693,11.0,5.19
T04,GL-4396,2026-03-17 23:19:00,7.648211,10.698655,10.9,4.76
T04,GL-4396,2026-03-17 23:20:00,7.647573,10.698484,8.0,5.57
T04,GL-4396,2026-03-17 23:21:00,7.646942,10.698514,7.3,5.56
T04,GL-4396,2026-03-17 23:22:00,7.64634,10.698531,6.8,4.35
T04,GL-4396,2026-03-17 23:23:00,7.645692,10.698381,11.4,3.31
T04,GL-4396,2026-03-17 23:24:00,7.645058,10.698313,7.8,3.55
T04,GL-4396,2026-03-17 23:25:00,7.644433,10.69819,8.1,4.18
T04,GL-4396,2026-03-17 23:26:00,7.643818,10.698191,7.2,5.52
T04,GL-4396,2026-03-17 23:27:00,7.643159,10.698099,8.1,4.41
T04,GL-4396,2026-03-17 23:28:00,7.642544,10.698042,9.8,5.13
T04,GL-4396,2026-03-17 23:29:00,7.641984,10.698034,9.1,4.13
T04,GL-4396,2026-03-17 23:30:00,7.641301,10.697933,4.5,3.47
T04,GL-4396,2026-03-17 23:31:00,7.640642,10.697887,10.2,3.33
T04,GL-4396,2026-03-17 23:32:00,7.640071,10.69784,5.9,2.84
T04,GL-4396,2026-03-17 23:33:00,7.639337,10.697784,6.6,3.96
T04,GL-4396,2026-03-17 23:34:00,7.638796,10.697662,8.8,3.3
T04,GL-4396,2026-03-17 23:35:00,7.638236,10.697572,10.8,4.01
T04,GL-4396,2026-03-17 23:36:00,7.637559,10.697448,5.1,3.63
T04,GL-4396,2026-03-17 23:37:00,7.636912,10.697419,6.4,5.04
T04,GL-4396,2026-03-17 23:38:00,7.636327,10.697443,8.4,3.14
T04,GL-4396,2026-03-17 23:39:00,7.635654,10.697316,9.4,4.26
T04,GL-4396,2026-03-17 23:40:00,7.635009,10.697203,7.7,5.11
T04,GL-4396,2026-03-17 23:41:00,7.6344,10.697257,5.9,4.93
T04,GL-4396,2026-03-17 23:42:00,7.633872,10.697169,8.6,3.81
T04,GL-4396,2026-03-17 23:43:00,7.633151,10.697051,8.5,5.42
T04,GL-4396,2026-03-17 23:44:00,7.632529,10.697037,4.6,3.44
T04,GL-4396,2026-03-17 23:45:00,7.63194,10.69692,8.5,3.02
T04,GL-4396,2026-03-17 23:46:00,7.610717,10.696929,7.1,317.17
T04,GL-4396,2026-03-17 23:47:00,7.63072,10.696941,5.7,4.27
T04,GL-4396,2026-03-17 23:48:00,7.630055,10.69677,10.6,4.86
T04,GL-4396,2026-03-17 23:49:00,7.629504,10.696729,4.6,4.97
T04,GL-4396,2026-03-17 23:50:00,7.628866,10.696716,10.0,4.25
T04,GL-4396,2026-03-17 23:51:00,7.628124,10.696702,4.7,4.8
T04,GL-4396,2026-03-17 23:52:00,7.627576,10.696501,8.3,5.2
T04,GL-4396,2026-03-17 23:53:00,7.626999,10.696558,6.4,4.42
T04,GL-4396,2026-03-17 23:54:00,7.626313,10.696469,,4.3
T04,GL-4396,2026-03-17 23:55:00,7.625746,10.696463,8.0,3.97
T04,GL-4396,2026-03-17 23:56:00,7.624931,10.69625,5.8,4.12
T04,GL-4396,2026-03-17 23:57:00,7.624504,10.69624,11.5,4.56
T04,GL-4396,2026-03-17 23:58:00,7.623862,10.696166,5.2,3.55
T04,GL-4396,2026-03-17 23:59:00,7.623123,10.696073,10.0,3.62
T04,GL-4396,2026-03-18 00:00:00,7.622548,10.696157,4.5,4.44
T04,GL-4396,2026-03-18 00:01:00,7.621791,10.69599,9.0,5.3
T04,GL-4396,2026-03-18 00:02:00,7.621336,10.695921,5.9,4.55
T04,GL-4396,2026-03-18 00:03:00,7.620591,10.695871,8.9,3.52
T04,GL-4396,2026-03-18 00:04:00,7.619895,10.695763,8.1,3.84
T04,GL-4396,2026-03-18 00:05:00,7.619359,10.695677,10.2,5.31
T04,GL-4396,2026-03-18 00:06:00,7.618786,10.695608,9.0,3.75
T04,GL-4396,2026-03-18 00:07:00,7.618149,10.695621,4.8,3.13
T04,GL-4396,2026-03-18 00:08:00,7.617516,10.695585,,4.56
T04,GL-4396,2026-03-18 00:09:00,7.616828,10.69545,5.2,3.67
T04,GL-4396,2026-03-18 00:10:00,7.616146,10.695439,4.0,4.18
T04,GL-4396,2026-03-18 00:11:00,7.615664,10.695352,6.0,4.85
T04,GL-4396,2026-03-18 00:12:00,7.614981,10.695199,6.1,3.88
T04,GL-4396,2026-03-18 00:13:00,7.614302,10.695232,7.0,5.27
T04,GL-4396,2026-03-18 00:14:00,7.613783,10.695274,5.6,4.21
T04,GL-4396,2026-03-18 00:15:00,7.613121,10.695,5.0,3.65
T04,GL-4396,2026-03-18 00:16:00,7.612449,10.695,10.9,4.17
T04,GL-4396,2026-03-18 00:17:00,7.611875,10.694914,4.7,3.03
T04,GL-4396,2026-03-18 00:18:00,7.611316,10.69495,4.7,3.16
T04,GL-4396,2026-03-18 00:19:00,7.610509,10.694749,5.4,4.53
T04,GL-4396,2026-03-18 00:20:00,7.609994,10.694775,10.5,2.85
T04,GL-4396,2026-03-18 00:21:00,7.609383,10.694617,11.4,4.37
T04,GL-4396,2026-03-18 00:22:00,7.608773,10.694665,8.0,5.36
T04,GL-4396,2026-03-18 00:23:00,7.608134,10.694549,11.0,5.58
T04,GL-4396,2026-03-18 00:24:00,7.607493,10.694573,4.3,3.9
T04,GL-4396,2026-03-18 00:25:00,7.60688,10.694438,5.3,5.13
T04,GL-4396,2026-03-18 00:26:00,7.606257,10.694281,5.7,3.1
T04,GL-4396,2026-03-18 00:27:00,7.605702,10.694202,4.0,5.06
T04,GL-4396,2026-03-18 00:28:00,7.604881,10.694314,7.6,4.13
T04,GL-4396,2026-03-18 00:29:00,7.604411,10.694098,4.5,4.21
T04,GL-4396,2026-03-18 00:30:00,7.6037,10.694049,11.6,3.94
T04,GL-4396,2026-03-18 00:31:00,7.603106,10.694043,7.9,5.38
T04,GL-4396,2026-03-18 00:32:00,7.602366,10.693924,7.9,3.8
T04,GL-4396,2026-03-18 00:33:00,7.601788,10.693901,11.7,3.56
T04,GL-4396,2026-03-18 00:34:00,7.601161,10.693906,6.4,3.88
T04,GL-4396,2026-03-18 00:35:00,7.600603,10.693846,11.4,2.91
T04,GL-4396,2026-03-18 00:36:00,7.599965,10.693761,7.4,3.66
T04,GL-4396,2026-03-18 00:37:00,7.599346,10.6937,11.6,5.28
T04,GL-4396,2026-03-18 00:38:00,7.598664,10.69353,8.1,4.59
T04,GL-4396,2026-03-18 00:39:00,7.598125,10.693629,9.4,5.39
T04,GL-4396,2026-03-18 00:40:00,7.597555,10.69342,8.6,3.22
T04,GL-4396,2026-03-18 00:41:00,7.596859,10.69335,9.7,4.27
T04,GL-4396,2026-03-18 00:42:00,7.596095,10.693238,10.7,4.01
T04,GL-4396,2026-03-18 00:43:00,7.595481,10.693332,8.3,3.95
T04,GL-4396,2026-03-18 00:44:00,7.594982,10.693224,6.5,3.61
T04,GL-4396,2026-03-18 00:45:00,7.594293,10.69318,7.3,4.0
T04,GL-4396,2026-03-18 00:46:00,7.593639,10.693109,6.5,3.49
T04,GL-4396,2026-03-18 00:47:00,7.593069,10.693042,9.4,3.74
T04,GL-4396,2026-03-18 00:48:00,7.592591,10.692932,10.3,3.79
T04,GL-4396,2026-03-18 00:49:00,7.591777,10.692962,5.0,3.17
T04,GL-4396,2026-03-18 00:50:00,7.591152,10.69285,5.1,3.22
T04,GL-4396,2026-03-18 00:51:00,7.590472,10.692801,10.4,3.55
T04,GL-4396,2026-03-18 00:52:00,7.589881,10.692791,8.0,3.89
T04,GL-4396,2026-03-18 00:53:00,7.589314,10.692641,7.9,4.77
T04,GL-4396,2026-03-18 00:54:00,7.588651,10.69256,7.4,3.23
T04,GL-4396,2026-03-18 00:55:00,7.588136,10.692439,9.8,3.42
T04,GL-4396,2026-03-18 00:56:00,7.587429,10.692398,5.5,3.43
T04,GL-4396,2026-03-18 00:57:00,7.586832,10.692352,4.9,5.59
T04,GL-4396,2026-03-18 00:58:00,7.586148,10.692317,4.3,4.52
T04,GL-4396,2026-03-18 00:59:00,7.58551,10.692244,6.7,4.39
T04,GL-4396,2026-03-18 01:00:00,7.58495,10.69213,7.8,3.8
T04,GL-4396,2026-03-18 01:01:00,7.584228,10.692179,10.5,3.85
T04,GL-4396,2026-03-18 01:02:00,7.583637,10.692125,7.5,4.11
T04,GL-4396,2026-03-18 01:03:00,7.582987,10.691943,11.6,5.52
T04,GL-4396,2026-03-18 01:04:00,7.582409,10.691871,9.6,5.08
T04,GL-4396,2026-03-18 01:05:00,7.581779,10.69186,9.3,5.17
T04,GL-4396,2026-03-18 01:06:00,7.58113,10.69188,11.1,4.45
T04,GL-4396,2026-03-18 01:07:00,7.580533,10.691724,4.4,4.72
T04,GL-4396,2026-03-18 01:08:00,7.579927,10.691611,5.5,5.13
T04,GL-4396,2026-03-18 01:09:00,7.579262,10.691517,10.6,5.04
T04,GL-4396,2026-03-18 01:10:00,7.578636,10.691713,5.0,3.35
T04,GL-4396,2026-03-18 01:11:00,7.577983,10.691457,10.4,3.31
T04,GL-4396,2026-03-18 01:12:00,7.577407,10.691404,8.2,3.19
T04,GL-4396,2026-03-18 01:13:00,7.576736,10.691334,11.2,4.71
T04,GL-4396,2026-03-18 01:14:00,7.57615,10.691354,9.1,3.06
T04,GL-4396,2026-03-18 01:15:00,7.575459,10.691146,11.3,4.25
T04,GL-4396,2026-03-18 01:16:00,7.574988,10.691234,5.4,3.93
T04,GL-4396,2026-03-18 01:17:00,7.574371,10.691074,11.0,3.03
T04,GL-4396,2026-03-18 01:18:00,7.573648,10.691093,9.8,4.67
T04,GL-4396,2026-03-18 01:19:00,7.572974,10.69098,5.4,3.2
T04,GL-4396,2026-03-18 01:20:00,7.572262,10.690839,11.0,4.83
T04,GL-4396,2026-03-18 01:21:00,7.57166,10.69087,6.5,5.37
T04,GL-4396,2026-03-18 01:22:00,7.571122,10.690846,8.1,3.0
T04,GL-4396,2026-03-18 01:23:00,7.570563,10.690677,10.4,3.88
T04,GL-4396,2026-03-18 01:24:00,7.56978,10.690679,7.1,4.15
T04,GL-4396,2026-03-18 01:25:00,7.569227,10.690601,5.7,3.53
T04,GL-4396,2026-03-18 01:26:00,7.56857,10.690544,4.2,5.33
T04,GL-4396,2026-03-18 01:27:00,7.56797,10.690546,10.5,4.27
T04,GL-4396,2026-03-18 01:28:00,7.567289,10.690384,9.7,3.85
T04,GL-4396,2026-03-18 01:29:00,7.566786,10.69026,11.9,5.05
T04,GL-4396,2026-03-18 01:30:00,7.566023,10.69026,8.7,3.28
T04,GL-4396,2026-03-18 01:31:00,7.565515,10.690268,8.3,3.12
T04,GL-4396,2026-03-18 01:32:00,7.564971,10.690022,8.5,4.55
T04,GL-4396,2026-03-18 01:33:00,7.564159,10.690076,5.2,4.2
T04,GL-4396,2026-03-18 01:34:00,7.563588,10.69002,11.4,3.63
T04,GL-4396,2026-03-18 01:35:00,7.562916,10.689985,5.8,5.48
T04,GL-4396,2026-03-18 01:36:00,7.562494,10.689891,5.4,4.24
T04,GL-4396,2026-03-18 01:37:00,7.561686,10.689803,7.5,2.87
T04,GL-4396,2026-03-18 01:38:00,7.561001,10.689778,9.8,3.17
T04,GL-4396,2026-03-18 01:39:00,7.560499,10.689651,5.9,3.62
T04,GL-4396,2026-03-18 01:40:00,7.559862,10.68963,10.2,4.77
T04,GL-4396,2026-03-18 01:41:00,7.559214,10.689639,5.6,4.16
T04,GL-4396,2026-03-18 01:42:00,7.558539,10.689587,5.1,4.4
T04,GL-4396,2026-03-18 01:43:00,7.557966,10.689493,9.6,4.71
T04,GL-4396,2026-03-18 01:44:00,7.557334,10.689346,9.8,3.79
T04,GL-4396,2026-03-18 01:45:00,7.556682,10.689405,6.4,5.43
T04,GL-4396,2026-03-18 01:46:00,7.55612,10.689285,8.5,3.72
T04,GL-4396,2026-03-18 01:47:00,7.555452,10.689282,7.5,5.35
T04,GL-4396,2026-03-18 01:48:00,7.554757,10.689049,8.5,5.47
T04,GL-4396,2026-03-18 01:49:00,7.55431,10.689097,10.3,4.8
T04,GL-4396,2026-03-18 01:50:00,7.553566,10.689078,8.6,4.51
T04,GL-4396,2026-03-18 01:51:00,7.553064,10.688916,7.4,2.96
T04,GL-4396,2026-03-18 01:52:00,7.552289,10.688913,8.0,3.01
T04,GL-4396,2026-03-18 01:53:00,7.551752,10.688804,4.4,4.95
T04,GL-4396,2026-03-18 01:54:00,7.551174,10.688817,9.9,3.81
T04,GL-4396,2026-03-18 01:55:00,7.550436,10.688571,7.4,3.49
T04,GL-4396,2026-03-18 01:56:00,7.549808,10.688598,10.9,5.46
T04,GL-4396,2026-03-18 01:57:00,7.549259,10.688413,8.7,4.85
T04,GL-4396,2026-03-18 01:58:00,7.548535,10.688601,4.4,4.1
T04,GL-4396,2026-03-18 01:59:00,7.547991,10.688355,4.2,4.53
T04,GL-4396,2026-03-18 02:00:00,7.54728,10.688266,7.4,4.77
T04,GL-4396,2026-03-18 02:01:00,7.546572,10.688378,6.8,3.59
T04,GL-4396,2026-03-18 02:02:00,7.546156,10.688245,8.2,3.73
T04,GL-4396,2026-03-18 02:03:00,7.545435,10.688185,9.8,4.81
T04,GL-4396,2026-03-18 02:04:00,7.544884,10.688075,7.6,3.12
T04,GL-4396,2026-03-18 02:05:00,7.544195,10.688039,5.9,5.34
T04,GL-4396,2026-03-18 02:06:00,7.54354,10.688061,12.0,3.6
T04,GL-4396,2026-03-18 02:07:00,7.542919,10.687887,11.7,3.77
T04,GL-4396,2026-03-18 02:08:00,7.542175,10.687865,4.6,3.36
T04,GL-4396,2026-03-18 02:09:00,7.541666,10.687798,9.5,4.49
T04,GL-4396,2026-03-18 02:10:00,7.540961,10.687752,10.5,3.92
T04,GL-4396,2026-03-18 02:11:00,7.540389,10.687662,8.9,4.95
T04,GL-4396,2026-03-18 02:12:00,7.539785,10.68768,4.7,5.55
T04,GL-4396,2026-03-18 02:13:00,7.539266,10.687587,6.0,3.1
T04,GL-4396,2026-03-18 02:14:00,7.538408,10.687435,6.5,2.96
T04,GL-4396,2026-03-18 02:15:00,7.538007,10.687348,9.1,5.39
T04,GL-4396,2026-03-18 02:16:00,7.537239,10.687391,8.9,5.19
T04,GL-4396,2026-03-18 02:17:00,7.536727,10.687297,6.2,5.43
T04,GL-4396,2026-03-18 02:18:00,7.536067,10.687179,11.6,3.47
T04,GL-4396,2026-03-18 02:19:00,7.535452,10.68725,5.7,4.64
T04,GL-4396,2026-03-18 02:20:00,7.534871,10.687142,11.0,4.63
T04,GL-4396,2026-03-18 02:21:00,7.534091,10.687151,9.9,5.11
T04,GL-4396,2026-03-18 02:22:00,7.533599,10.686904,12.0,4.04
T04,GL-4396,2026-03-18 02:23:00,7.532791,10.686915,6.8,3.87
T04,GL-4396,2026-03-18 02:24:00,7.532314,10.68684,10.4,5.23
T04,GL-4396,2026-03-18 02:25:00,7.531569,10.686826,8.2,3.15
T04,GL-4396,2026-03-18 02:26:00,7.531022,10.686694,5.9,4.22
T04,GL-4396,2026-03-18 02:27:00,7.530338,10.686716,8.1,3.96
T04,GL-4396,2026-03-18 02:28:00,7.529834,10.686508,7.3,3.77
T04,GL-4396,2026-03-18 02:29:00,7.529191,10.686563,9.2,5.28
T04,GL-4396,2026-03-18 02:30:00,7.528481,10.68636,9.8,5.43
T04,GL-4396,2026-03-18 02:31:00,7.527988,10.686347,11.5,4.27
T04,GL-4396,2026-03-18 02:32:00,7.527284,10.686419,5.1,4.39
T04,GL-4396,2026-03-18 02:33:00,7.526673,10.686188,10.8,4.38
T04,GL-4396,2026-03-18 02:34:00,7.525905,10.686164,7.8,3.68
T04,GL-4396,2026-03-18 02:35:00,7.525407,10.686166,5.2,4.06
T04,GL-4396,2026-03-18 02:36:00,7.524722,10.6859,11.3,4.86
T04,GL-4396,2026-03-18 02:37:00,7.524077,10.685989,9.5,4.82
T04,GL-4396,2026-03-18 02:38:00,7.523586,10.685937,11.6,4.18
T04,GL-4396,2026-03-18 02:39:00,7.522916,10.685865,9.2,3.01
T04,GL-4396,2026-03-18 02:40:00,7.522286,10.685788,8.8,5.2
T04,GL-4396,2026-03-18 02:41:00,7.521587,10.685595,4.9,3.39
T04,GL-4396,2026-03-18 02:42:00,7.520957,10.685718,11.5,3.04
T04,GL-4396,2026-03-18 02:43:00,7.520371,10.685648,9.2,3.17
T04,GL-4396,2026-03-18 02:44:00,7.519734,10.685601,9.7,3.77
T04,GL-4396,2026-03-18 02:45:00,7.519144,10.685515,4.4,4.81
T04,GL-4396,2026-03-18 02:46:00,7.518516,10.685376,8.8,5.22
T04,GL-4396,2026-03-18 02:47:00,7.517898,10.685377,10.7,4.39
T04,GL-4396,2026-03-18 02:48:00,7.517275,10.685307,7.4,3.78
T04,GL-4396,2026-03-18 02:49:00,7.51663,10.68529,9.5,4.82
T04,GL-4396,2026-03-18 02:50:00,7.515944,10.685215,8.4,4.55
T04,GL-4396,2026-03-18 02:51:00,7.515276,10.685211,7.1,3.42
T04,GL-4396,2026-03-18 02:52:00,7.514767,10.685057,5.8,3.67
T04,GL-4396,2026-03-18 02:53:00,7.514114,10.685102,5.9,3.02
T04,GL-4396,2026-03-18 02:54:00,7.513484,10.684869,5.5,3.36
T04,GL-4396,2026-03-18 02:55:00,7.512893,10.684934,11.7,4.29
T04,GL-4396,2026-03-18 02:56:00,7.512204,10.684905,4.6,4.84
T04,GL-4396,2026-03-18 02:57:00,7.5117,10.684748,9.4,4.49
T04,GL-4396,2026-03-18 02:58:00,7.511032,10.684634,8.7,4.49
T04,GL-4396,2026-03-18 02:59:00,7.510202,10.684535,11.5,5.43
T04,GL-4396,2026-03-18 03:00:00,7.509851,10.684482,5.0,3.63
T04,GL-4396,2026-03-18 03:01:00,7.509122,10.684444,4.6,3.47
T04,GL-4396,2026-03-18 03:02:00,7.508471,10.68439,8.9,3.94
T04,GL-4396,2026-03-18 03:03:00,7.507761,10.684399,10.9,4.35
T04,GL-4396,2026-03-18 03:04:00,7.507223,10.684306,9.5,4.84
T04,GL-4396,2026-03-18 03:05:00,7.506678,10.684258,5.6,4.53
T04,GL-4396,2026-03-18 03:06:00,7.506003,10.684166,11.6,4.66
T04,GL-4396,2026-03-18 03:07:00,7.50527,10.68402,11.2,3.35
T04,GL-4396,2026-03-18 03:08:00,7.504627,10.683997,11.7,5.35
T04,GL-4396,2026-03-18 03:09:00,7.50401,10.684027,11.8,3.51
T04,GL-4396,2026-03-18 03:10:00,7.50354,10.683916,9.8,4.35
T04,GL-4396,2026-03-18 03:11:00,7.50286,10.683773,9.7,5.34
T04,GL-4396,2026-03-18 03:12:00,7.502228,10.683766,10.3,5.44
T04,GL-4396,2026-03-18 03:13:00,7.501626,10.683637,4.3,5.43
T04,GL-4396,2026-03-18 03:14:00,7.500918,10.683635,9.7,5.07
T04,GL-4396,2026-03-18 03:15:00,7.500288,10.683616,9.5,3.82
T04,GL-4396,2026-03-18 03:16:00,7.499802,10.683523,8.5,4.37
T04,GL-4396,2026-03-18 03:17:00,7.499047,10.683459,10.0,4.45
T04,GL-4396,2026-03-18 03:18:00,7.498482,10.683426,5.1,3.47
T04,GL-4396,2026-03-18 03:19:00,7.497864,10.683388,7.1,3.45
T04,GL-4396,2026-03-18 03:20:00,7.497152,10.683169,7.9,2.96
T04,GL-4396,2026-03-18 03:21:00,7.496619,10.683247,9.6,3.33
T04,GL-4396,2026-03-18 03:22:00,7.49596,10.683157,5.9,3.93
T04,GL-4396,2026-03-18 03:23:00,7.495427,10.683116,4.3,4.2
T04,GL-4396,2026-03-18 03:24:00,7.494643,10.683084,8.1,4.84
T04,GL-4396,2026-03-18 03:25:00,7.493984,10.682924,9.8,4.84
T04,GL-4396,2026-03-18 03:26:00,7.493443,10.682847,7.1,5.17
T04,GL-4396,2026-03-18 03:27:00,7.492747,10.68283,11.6,4.36
T04,GL-4396,2026-03-18 03:28:00,7.492182,10.682755,7.8,2.84
T04,GL-4396,2026-03-18 03:29:00,7.491504,10.682723,9.0,3.28
T04,GL-4396,2026-03-18 03:30:00,7.49087,10.682715,10.7,4.67
T04,GL-4396,2026-03-18 03:31:00,7.49026,10.68269,10.7,3.17
T04,GL-4396,2026-03-18 03:32:00,7.489605,10.682499,8.1,2.96
T04,GL-4396,2026-03-18 03:33:00,7.489041,10.682412,10.8,3.99
T04,GL-4396,2026-03-18 03:34:00,7.488443,10.682369,10.1,4.33
T04,GL-4396,2026-03-18 03:35:00,7.487776,10.682347,9.9,3.92
T04,GL-4396,2026-03-18 03:36:00,7.487062,10.682218,8.2,3.31
T04,GL-4396,2026-03-18 03:37:00,7.486588,10.6822,11.0,5.14
T04,GL-4396,2026-03-18 03:38:00,7.485893,10.68208,4.3,3.95
T04,GL-4396,2026-03-18 03:39:00,7.485226,10.682092,6.3,5.47
T04,GL-4396,2026-03-18 03:40:00,7.484692,10.682103,8.5,4.15
T04,GL-4396,2026-03-18 03:41:00,7.484023,10.681956,8.2,4.33
T04,GL-4396,2026-03-18 03:42:00,7.483378,10.681867,9.9,3.35
T04,GL-4396,2026-03-18 03:43:00,7.482901,10.681845,6.2,2.88
T04,GL-4396,2026-03-18 03:44:00,7.482213,10.681695,8.5,3.31
T04,GL-4396,2026-03-18 03:45:00,7.481496,10.681643,8.6,4.82
T04,GL-4396,2026-03-18 03:46:00,7.480845,10.681491,9.4,4.21
T04,GL-4396,2026-03-18 03:47:00,7.480201,10.681481,4.3,3.45
T04,GL-4396,2026-03-18 03:48:00,7.479731,10.681598,8.7,4.58
T04,GL-4396,2026-03-18 03:49:00,7.47905,10.681434,9.9,4.09
T04,GL-4396,2026-03-18 03:50:00,7.478314,10.681436,11.7,5.23
T04,GL-4396,2026-03-18 03:51:00,7.477662,10.681263,10.7,5.25
T04,GL-4396,2026-03-18 03:52:00,7.477184,10.681097,9.3,3.99
T04,GL-4396,2026-03-18 03:53:00,7.47654,10.68116,8.1,3.18
T04,GL-4396,2026-03-18 03:54:00,7.47599,10.681063,4.6,4.71
T04,GL-4396,2026-03-18 03:55:00,7.475306,10.680877,11.9,2.91
T04,GL-4396,2026-03-18 03:56:00,7.474539,10.680928,9.6,4.91
T04,GL-4396,2026-03-18 03:57:00,7.473911,10.680892,4.4,4.52
T04,GL-4396,2026-03-18 03:58:00,7.473406,10.680904,8.8,3.55
T04,GL-4396,2026-03-18 03:59:00,7.472594,10.680768,9.4,5.52
T04,GL-4396,2026-03-18 04:00:00,7.472024,10.680778,12.0,4.55
T04,GL-4396,2026-03-18 04:01:00,7.471669,10.680755,6.5,3.44
T04,GL-4396,2026-03-18 04:02:00,7.470924,10.680525,8.5,4.25
T04,GL-4396,2026-03-18 04:03:00,7.470275,10.680658,6.2,3.42
T04,GL-4396,2026-03-18 04:04:00,7.46972,10.680483,10.9,3.72
T04,GL-4396,2026-03-18 04:05:00,7.468993,10.680507,,4.82
T04,GL-4396,2026-03-18 04:06:00,7.468392,10.680388,4.9,3.23
T04,GL-4396,2026-03-18 04:07:00,7.46775,10.680433,9.0,4.77
T04,GL-4396,2026-03-18 04:08:00,7.467122,10.680118,11.0,5.35
T04,GL-4396,2026-03-18 04:09:00,7.466471,10.680132,8.3,3.88
T04,GL-4396,2026-03-18 04:10:00,7.465716,10.680003,9.5,4.2
T04,GL-4396,2026-03-18 04:11:00,7.465265,10.680053,11.5,3.46
T04,GL-4396,2026-03-18 04:12:00,7.464529,10.679904,8.4,3.77
T04,GL-4396,2026-03-18 04:13:00,7.463963,10.679885,8.0,3.87
T04,GL-4396,2026-03-18 04:14:00,7.463319,10.679884,5.0,4.45
T04,GL-4396,2026-03-18 04:15:00,7.462604,10.679845,9.6,3.53
T04,GL-4396,2026-03-18 04:16:00,7.462121,10.679679,5.5,4.89
T04,GL-4396,2026-03-18 04:17:00,7.461398,10.679744,12.0,3.77
T04,GL-4396,2026-03-18 04:18:00,7.460849,10.679443,7.9,4.03
T04,GL-4396,2026-03-18 04:19:00,7.460243,10.679487,11.7,5.5
T04,GL-4396,2026-03-18 04:20:00,7.459551,10.679429,6.8,3.38
T04,GL-4396,2026-03-18 04:21:00,7.458867,10.679264,12.0,4.91
T04,GL-4396,2026-03-18 04:22:00,7.45839,10.679339,6.4,3.4
T04,GL-4396,2026-03-18 04:23:00,7.45766,10.679274,11.8,4.14
T04,GL-4396,2026-03-18 04:24:00,7.457045,10.679239,7.3,3.25
T04,GL-4396,2026-03-18 04:25:00,7.456431,10.679195,11.4,3.32
T04,GL-4396,2026-03-18 04:26:00,7.455846,10.679031,4.2,4.93
T04,GL-4396,2026-03-18 04:27:00,7.455312,10.678982,9.1,4.63
T04,GL-4396,2026-03-18 04:28:00,7.454605,10.678912,6.7,5.5
T04,GL-4396,2026-03-18 04:29:00,7.453899,10.678771,8.7,3.12
T04,GL-4396,2026-03-18 04:30:00,7.453288,10.678858,6.4,2.93
T04,GL-4396,2026-03-18 04:31:00,7.452619,10.678789,6.0,4.47
T04,GL-4396,2026-03-18 04:32:00,7.452037,10.678679,6.2,3.03
T04,GL-4396,2026-03-18 04:33:00,7.451459,10.678584,9.5,4.57
T04,GL-4396,2026-03-18 04:34:00,7.450906,10.678518,5.3,2.95
T04,GL-4396,2026-03-18 04:35:00,7.450121,10.678515,10.6,3.7
T04,GL-4396,2026-03-18 04:36:00,7.449609,10.67853,10.2,4.64
T04,GL-4396,2026-03-18 04:37:00,7.44898,10.678448,6.9,5.24
T04,GL-4396,2026-03-18 04:38:00,7.448424,10.678327,,3.47
T04,GL-4396,2026-03-18 04:39:00,7.447814,10.678264,5.0,3.25
T04,GL-4396,2026-03-18 04:40:00,7.447142,10.678246,4.4,3.45
T04,GL-4396,2026-03-18 04:41:00,7.446421,10.678075,5.3,4.89
T04,GL-4396,2026-03-18 04:42:00,7.445786,10.678096,9.7,3.23
T04,GL-4396,2026-03-18 04:43:00,7.445199,10.677956,6.7,3.78
T04,GL-4396,2026-03-18 04:44:00,7.444625,10.67794,8.7,3.36
T04,GL-4396,2026-03-18 04:45:00,7.443934,10.677864,11.1,5.51
T04,GL-4396,2026-03-18 04:46:00,7.44341,10.677848,11.0,4.12
T04,GL-4396,2026-03-18 04:47:00,7.442687,10.677826,5.1,5.22
T04,GL-4396,2026-03-18 04:48:00,7.441968,10.677583,11.2,3.8
T04,GL-4396,2026-03-18 04:49:00,7.441436,10.677556,6.4,4.65
T04,GL-4396,2026-03-18 04:50:00,7.44079,10.677471,9.9,5.44
T04,GL-4396,2026-03-18 04:51:00,7.440107,10.677494,8.6,4.23
T04,GL-4396,2026-03-18 04:52:00,7.439469,10.677423,,3.48
T04,GL-4396,2026-03-18 04:53:00,7.438843,10.677275,10.1,3.87
T04,GL-4396,2026-03-18 04:54:00,7.438357,10.677323,7.5,2.96
T04,GL-4396,2026-03-18 04:55:00,7.4377,10.67724,11.1,3.22
T04,GL-4396,2026-03-18 04:56:00,7.437004,10.677195,9.6,4.65
T04,GL-4396,2026-03-18 04:57:00,7.436409,10.677144,8.8,3.76
T04,GL-4396,2026-03-18 04:58:00,7.435737,10.677064,6.0,3.3
T04,GL-4396,2026-03-18 04:59:00,7.43506,10.676982,4.3,4.31
T04,GL-4396,2026-03-18 05:00:00,7.434366,10.676857,6.6,4.97
T04,GL-4396,2026-03-18 05:01:00,7.433796,10.676744,4.2,5.21
T04,GL-4396,2026-03-18 05:02:00,7.433323,10.676792,6.4,4.32
T04,GL-4396,2026-03-18 05:03:00,7.432674,10.676654,11.3,3.19
T04,GL-4396,2026-03-18 05:04:00,7.43208,10.676646,10.1,3.5
T04,GL-4396,2026-03-18 05:05:00,7.431341,10.676544,10.5,5.3
T04,GL-4396,2026-03-18 05:06:00,7.430853,10.676538,5.9,3.04
T04,GL-4396,2026-03-18 05:07:00,7.430232,10.676397,9.5,4.56
T04,GL-4396,2026-03-18 05:08:00,7.429557,10.676319,10.0,3.01
T04,GL-4396,2026-03-18 05:09:00,7.428925,10.676408,7.6,5.21
T04,GL-4396,2026-03-18 05:10:00,7.428255,10.676303,4.5,5.29
T04,GL-4396,2026-03-18 05:11:00,7.427598,10.676099,7.2,5.39
T04,GL-4396,2026-03-18 05:12:00,7.427043,10.675965,11.2,4.77
T04,GL-4396,2026-03-18 05:13:00,7.426339,10.676138,12.0,3.23
T04,GL-4396,2026-03-18 05:14:00,7.425741,10.676082,10.8,5.15
T04,GL-4396,2026-03-18 05:15:00,7.425149,10.67594,7.9,5.06
T04,GL-4396,2026-03-18 05:16:00,7.424507,10.675784,9.8,4.96
T04,GL-4396,2026-03-18 05:17:00,7.423945,10.675904,5.3,4.96
T04,GL-4396,2026-03-18 05:18:00,7.423254,10.675853,5.0,4.0
T04,GL-4396,2026-03-18 05:19:00,7.422662,10.675698,9.7,4.12
T04,GL-4396,2026-03-18 05:20:00,7.422037,10.675685,10.8,3.25
T04,GL-4396,2026-03-18 05:21:00,7.421266,10.675627,10.6,3.0
T04,GL-4396,2026-03-18 05:22:00,7.420947,10.675632,9.4,4.93
T04,GL-4396,2026-03-18 05:23:00,7.420144,10.675494,7.0,5.53
T04,GL-4396,2026-03-18 05:24:00,7.419459,10.675337,,3.93
T04,GL-4396,2026-03-18 05:25:00,7.41882,10.675255,7.6,5.29
T04,GL-4396,2026-03-18 05:26:00,7.41824,10.67533,7.3,5.59
T04,GL-4396,2026-03-18 05:27:00,7.417709,10.675229,6.5,4.47
T04,GL-4396,2026-03-18 05:28:00,7.416897,10.675066,12.0,5.57
T04,GL-4396,2026-03-18 05:29:00,7.41639,10.675114,7.3,4.78
T04,GL-4396,2026-03-18 05:30:00,7.41561,10.674988,10.6,4.47
T04,GL-4396,2026-03-18 05:31:00,7.415017,10.674927,4.6,3.47
T04,GL-4396,2026-03-18 05:32:00,7.414405,10.674875,9.3,5.38
T04,GL-4396,2026-03-18 05:33:00,7.413889,10.674797,5.3,3.44
T04,GL-4396,2026-03-18 05:34:00,7.413027,10.674761,10.5,4.43
T04,GL-4396,2026-03-18 05:35:00,7.412386,10.674564,11.3,3.16
T04,GL-4396,2026-03-18 05:36:00,7.411943,10.674434,5.0,3.35
T04,GL-4396,2026-03-18 05:37:00,7.41136,10.674562,5.7,5.35
T04,GL-4396,2026-03-18 05:38:00,7.410764,10.674407,8.3,4.84
T04,GL-4396,2026-03-18 05:39:00,7.410079,10.674356,6.5,4.31
T04,GL-4396,2026-03-18 05:40:00,7.409498,10.674285,9.0,5.31
T04,GL-4396,2026-03-18 05:41:00,7.408887,10.674408,10.8,3.29
T04,GL-4396,2026-03-18 05:42:00,7.408232,10.674195,10.8,4.93
T04,GL-4396,2026-03-18 05:43:00,7.407522,10.674106,8.0,3.36
T04,GL-4396,2026-03-18 05:44:00,7.406986,10.674069,5.8,5.29
T04,GL-4396,2026-03-18 05:45:00,7.406364,10.674061,5.0,4.07
T04,GL-4396,2026-03-18 05:46:00,7.405707,10.67406,6.0,5.06
T04,GL-4396,2026-03-18 05:47:00,7.40507,10.673953,7.8,3.31
T04,GL-4396,2026-03-18 05:48:00,7.404498,10.673834,10.9,5.52
T04,GL-4396,2026-03-18 05:49:00,7.403858,10.673771,6.3,4.79
T04,GL-4396,2026-03-18 05:50:00,7.403204,10.673719,10.8,4.83
T04,GL-4396,2026-03-18 05:51:00,7.402552,10.673679,6.2,3.43
T04,GL-4396,2026-03-18 05:52:00,7.401916,10.673558,6.3,5.32
T04,GL-4396,2026-03-18 05:53:00,7.401264,10.673445,,4.06
T04,GL-4396,2026-03-18 05:54:00,7.400731,10.673479,,5.32
T04,GL-4396,2026-03-18 05:55:00,7.40012,10.673325,10.8,3.96
T04,GL-4396,2026-03-18 05:56:00,7.399524,10.673315,9.8,5.4
T04,GL-4396,2026-03-18 05:57:00,7.398774,10.673303,5.5,3.42
T04,GL-4396,2026-03-18 05:58:00,7.398315,10.673296,11.2,5.0
T04,GL-4396,2026-03-18 05:59:00,7.397537,10.673149,4.3,4.17
T04,GL-4396,2026-03-18 06:00:00,7.396909,10.673054,7.4,3.31
T04,GL-4396,2026-03-18 06:01:00,7.396292,10.673012,7.5,5.5
T04,GL-4396,2026-03-18 06:02:00,7.395662,10.672914,6.8,4.52
T04,GL-4396,2026-03-18 06:03:00,7.395109,10.67281,8.1,5.08
T04,GL-4396,2026-03-18 06:04:00,7.394343,10.672871,8.7,3.71
T04,GL-4396,2026-03-18 06:05:00,7.393754,10.67282,11.9,5.1
T04,GL-4396,2026-03-18 06:06:00,7.39316,10.672648,9.8,3.17
T04,GL-4396,2026-03-18 06:07:00,7.392525,10.672702,7.1,3.35
T04,GL-4396,2026-03-18 06:08:00,7.391924,10.672648,8.6,3.85
T04,GL-4396,2026-03-18 06:09:00,7.391272,10.672514,9.6,3.21
T04,GL-4396,2026-03-18 06:10:00,7.390752,10.672487,6.8,4.6
T04,GL-4396,2026-03-18 06:11:00,7.390017,10.672503,5.4,3.77
T04,GL-4396,2026-03-18 06:12:00,7.389529,10.672214,7.6,5.05
T04,GL-4396,2026-03-18 06:13:00,7.388899,10.672331,8.5,5.07
T04,GL-4396,2026-03-18 06:14:00,7.388241,10.672062,9.5,3.87
T04,GL-4396,2026-03-18 06:15:00,7.387495,10.672035,6.6,3.67
T04,GL-4396,2026-03-18 06:16:00,7.386831,10.67206,11.8,3.81
T04,GL-4396,2026-03-18 06:17:00,7.386295,10.671913,4.7,3.68
T04,GL-4396,2026-03-18 06:18:00,7.38566,10.671891,4.9,4.08
T04,GL-4396,2026-03-18 06:19:00,7.385088,10.671816,6.7,4.34
T04,GL-4396,2026-03-18 06:20:00,7.384419,10.671776,6.1,4.34
T04,GL-4396,2026-03-18 06:21:00,7.383797,10.67168,6.5,5.59
T04,GL-4396,2026-03-18 06:22:00,7.383176,10.671679,11.7,5.47
T04,GL-4396,2026-03-18 06:23:00,7.382466,10.671711,10.4,3.61
T04,GL-4396,2026-03-18 06:24:00,7.381945,10.671566,,4.37
T04,GL-4396,2026-03-18 06:25:00,7.381316,10.67144,5.9,3.04
T04,GL-4396,2026-03-18 06:26:00,7.380623,10.671427,11.6,3.84
T04,GL-4396,2026-03-18 06:27:00,7.37995,10.671316,5.9,3.56
T04,GL-4396,2026-03-18 06:28:00,7.379386,10.671314,6.1,3.51
T04,GL-4396,2026-03-18 06:29:00,7.378832,10.671135,7.0,3.6
T04,GL-4396,2026-03-18 06:30:00,7.378171,10.671152,6.5,4.44
T04,GL-4396,2026-03-18 06:31:00,7.37744,10.671182,7.5,5.37
T04,GL-4396,2026-03-18 06:32:00,7.376884,10.671041,11.1,4.38
T04,GL-4396,2026-03-18 06:33:00,7.376247,10.671013,4.9,3.46
T04,GL-4396,2026-03-18 06:34:00,7.375561,10.670958,10.2,3.28
T04,GL-4396,2026-03-18 06:35:00,7.374958,10.670863,6.4,3.34
T04,GL-4396,2026-03-18 06:36:00,7.374345,10.670789,5.9,3.68
T04,GL-4396,2026-03-18 06:37:00,7.373674,10.670655,6.8,4.47
T04,GL-4396,2026-03-18 06:38:00,7.373156,10.670731,11.4,5.51
T04,GL-4396,2026-03-18 06:39:00,7.372564,10.670614,4.1,3.09
T04,GL-4396,2026-03-18 06:40:00,7.371796,10.670554,8.1,3.9
T04,GL-4396,2026-03-18 06:41:00,7.371249,10.670512,6.7,4.02
T04,GL-4396,2026-03-18 06:42:00,7.370641,10.670403,,5.01
T04,GL-4396,2026-03-18 06:43:00,7.369959,10.67023,11.9,4.32
T04,GL-4396,2026-03-18 06:44:00,7.369454,10.670315,5.9,5.24
T04,GL-4396,2026-03-18 06:45:00,7.368748,10.67014,5.9,3.15
T04,GL-4396,2026-03-18 06:46:00,7.368052,10.670052,10.1,3.22
T04,GL-4396,2026-03-18 06:47:00,7.36751,10.67008,7.4,5.29
T04,GL-4396,2026-03-18 06:48:00,7.366822,10.670083,4.7,3.7
T04,GL-4396,2026-03-18 06:49:00,7.366044,10.669979,4.4,4.42
T04,GL-4396,2026-03-18 06:50:00,7.365542,10.669843,6.7,5.19
T04,GL-4396,2026-03-18 06:51:00,7.364975,10.66975,10.4,5.04
T04,GL-4396,2026-03-18 06:52:00,7.364201,10.669836,8.7,2.96
T04,GL-4396,2026-03-18 06:53:00,7.363679,10.669723,5.5,3.31
T04,GL-4396,2026-03-18 06:54:00,7.363072,10.669638,11.2,3.42
T04,GL-4396,2026-03-18 06:55:00,7.362495,10.669523,10.4,5.58
T04,GL-4396,2026-03-18 06:56:00,7.361849,10.669512,4.5,3.52
T04,GL-4396,2026-03-18 06:57:00,7.361216,10.669375,5.0,4.15
T04,GL-4396,2026-03-18 06:58:00,7.360555,10.669455,8.1,4.76
T04,GL-4396,2026-03-18 06:59:00,7.359964,10.669325,11.9,5.53
T04,GL-4396,2026-03-18 07:00:00,7.359362,10.669192,8.5,3.81
T04,GL-4396,2026-03-18 07:01:00,7.358724,10.669162,9.1,4.0
T04,GL-4396,2026-03-18 07:02:00,7.357998,10.669095,6.9,3.21
T04,GL-4396,2026-03-18 07:03:00,7.35744,10.669131,9.1,2.96
T04,GL-4396,2026-03-18 07:04:00,7.356781,10.668984,6.5,3.58
T04,GL-4396,2026-03-18 07:05:00,7.356133,10.668985,5.2,3.9
T04,GL-4396,2026-03-18 07:06:00,7.355573,10.668945,5.8,3.43
T04,GL-4396,2026-03-18 07:07:00,7.354971,10.668859,9.6,3.44
T04,GL-4396,2026-03-18 07:08:00,7.354342,10.668782,6.2,3.42
T04,GL-4396,2026-03-18 07:09:00,7.353659,10.66871,5.9,5.49
T04,GL-4396,2026-03-18 07:10:00,7.352973,10.668564,8.1,4.97
T04,GL-4396,2026-03-18 07:11:00,7.352428,10.668632,10.8,5.46
T04,GL-4396,2026-03-18 07:12:00,7.351842,10.668481,4.1,3.61
T04,GL-4396,2026-03-18 07:13:00,7.351131,10.668466,4.4,3.69
T04,GL-4396,2026-03-18 07:14:00,7.350566,10.668384,7.5,3.89
T04,GL-4396,2026-03-18 07:15:00,7.349873,10.668395,10.0,5.21
T04,GL-4396,2026-03-18 07:16:00,7.349329,10.668287,6.4,4.54
T04,GL-4396,2026-03-18 07:17:00,7.348655,10.668096,9.6,3.43
T04,GL-4396,2026-03-18 07:18:00,7.348035,10.668146,11.6,4.43
T04,GL-4396,2026-03-18 07:19:00,7.347429,10.667947,8.6,3.86
T04,GL-4396,2026-03-18 07:20:00,7.346803,10.668009,4.0,3.89
T04,GL-4396,2026-03-18 07:21:00,7.346203,10.667917,6.7,5.35
T04,GL-4396,2026-03-18 07:22:00,7.345573,10.667908,8.3,4.48
T04,GL-4396,2026-03-18 07:23:00,7.344965,10.667819,6.9,4.0
T04,GL-4396,2026-03-18 07:24:00,7.344294,10.667721,11.2,5.47
T04,GL-4396,2026-03-18 07:25:00,7.343538,10.667647,10.9,5.47
T04,GL-4396,2026-03-18 07:26:00,7.342983,10.667525,8.2,5.46
T04,GL-4396,2026-03-18 07:27:00,7.342401,10.667516,11.5,2.9
T04,GL-4396,2026-03-18 07:28:00,7.34175,10.6674,8.7,5.41
T04,GL-4396,2026-03-18 07:29:00,7.341188,10.667365,11.7,3.46
T04,GL-4396,2026-03-18 07:30:00,7.340581,10.667374,6.1,3.49
T04,GL-4396,2026-03-18 07:31:00,7.339908,10.667324,9.0,2.91
T04,GL-4396,2026-03-18 07:32:00,7.339209,10.66726,11.3,3.3
T04,GL-4396,2026-03-18 07:33:00,7.338629,10.667222,7.9,3.06
T04,GL-4396,2026-03-18 07:34:00,7.338045,10.667104,5.5,3.53
T04,GL-4396,2026-03-18 07:35:00,7.337354,10.666939,10.9,4.38
T04,GL-4396,2026-03-18 07:36:00,7.336867,10.666926,7.2,4.49
T04,GL-4396,2026-03-18 07:37:00,7.336055,10.666925,8.8,3.59
T04,GL-4396,2026-03-18 07:38:00,7.335517,10.666874,4.0,5.05
T04,GL-4396,2026-03-18 07:39:00,7.334799,10.666752,4.2,4.81
T04,GL-4396,2026-03-18 07:40:00,7.334286,10.666775,8.1,5.39
T04,GL-4396,2026-03-18 07:41:00,7.333636,10.666666,8.8,4.41
T04,GL-4396,2026-03-18 07:42:00,7.333007,10.666628,8.2,5.36
T04,GL-4396,2026-03-18 07:43:00,7.332349,10.666488,10.9,4.74
T04,GL-4396,2026-03-18 07:44:00,7.331799,10.666456,5.3,2.93
T04,GL-4396,2026-03-18 07:45:00,7.331146,10.66636,11.1,3.89
T04,GL-4396,2026-03-18 07:46:00,7.330574,10.666374,8.2,3.25
T04,GL-4396,2026-03-18 07:47:00,7.329885,10.66631,4.5,2.85
T04,GL-4396,2026-03-18 07:48:00,7.329187,10.666213,5.4,3.43
T04,GL-4396,2026-03-18 07:49:00,7.328682,10.666097,6.3,3.83
T04,GL-4396,2026-03-18 07:50:00,7.32812,10.666088,8.4,4.62
T04,GL-4396,2026-03-18 07:51:00,7.327444,10.66607,11.1,4.76
T04,GL-4396,2026-03-18 07:52:00,7.326731,10.665922,9.7,3.15
T04,GL-4396,2026-03-18 07:53:00,7.326044,10.66588,10.7,3.53
T04,GL-4396,2026-03-18 07:54:00,7.325362,10.665868,5.2,4.53
T04,GL-4396,2026-03-18 07:55:00,7.324918,10.665626,11.3,3.84
T04,GL-4396,2026-03-18 07:56:00,7.324229,10.665652,9.1,3.38
T04,GL-4396,2026-03-18 07:57:00,7.32354,10.665612,6.8,4.65
T04,GL-4396,2026-03-18 07:58:00,7.322914,10.665485,11.5,5.28
T04,GL-4396,2026-03-18 07:59:00,7.322368,10.665525,5.1,4.57
T04,GL-4396,2026-03-18 08:00:00,7.321691,10.665502,11.7,5.07
T04,GL-4396,2026-03-18 08:01:00,7.321133,10.665282,11.2,4.88
T04,GL-4396,2026-03-18 08:02:00,7.32041,10.665333,8.1,2.92
T04,GL-4396,2026-03-18 08:03:00,7.319737,10.665188,8.9,5.04
T04,GL-4396,2026-03-18 08:04:00,7.31908,10.665182,9.9,4.84
T04,GL-4396,2026-03-18 08:05:00,7.31857,10.665049,10.0,3.22
T04,GL-4396,2026-03-18 08:06:00,7.317957,10.665022,5.0,5.22
T04,GL-4396,2026-03-18 08:07:00,7.31742,10.665075,8.5,5.0
T04,GL-4396,2026-03-18 08:08:00,7.316699,10.664822,,3.32
T04,GL-4396,2026-03-18 08:09:00,7.316031,10.664895,6.4,5.08
T04,GL-4396,2026-03-18 08:10:00,7.315464,10.664813,5.7,3.05
T04,GL-4396,2026-03-18 08:11:00,7.314857,10.664721,6.2,3.99
T04,GL-4396,2026-03-18 08:12:00,7.314229,10.664675,6.9,3.85
T04,GL-4396,2026-03-18 08:13:00,7.313577,10.66465,12.0,4.49
T04,GL-4396,2026-03-18 08:14:00,7.313056,10.664504,8.4,2.93
T04,GL-4396,2026-03-18 08:15:00,7.312207,10.664521,12.0,4.62
T04,GL-4396,2026-03-18 08:16:00,7.311772,10.664463,5.4,4.83
T04,GL-4396,2026-03-18 08:17:00,7.311038,10.664324,5.0,3.32
T04,GL-4396,2026-03-18 08:18:00,7.310358,10.664311,7.2,4.42
T04,GL-4396,2026-03-18 08:19:00,7.309784,10.664253,4.3,4.13
T04,GL-4396,2026-03-18 08:20:00,7.309284,10.664036,,4.26
T04,GL-4396,2026-03-18 08:21:00,7.308456,10.664023,6.1,5.33
T04,GL-4396,2026-03-18 08:22:00,7.307987,10.664076,8.2,3.41
T04,GL-4396,2026-03-18 08:23:00,7.307348,10.663974,10.3,4.64
T04,GL-4396,2026-03-18 08:24:00,7.306698,10.663916,6.3,4.08
T04,GL-4396,2026-03-18 08:25:00,7.305952,10.663843,5.2,3.86
T04,GL-4396,2026-03-18 08:26:00,7.30544,10.663712,5.9,4.67
T04,GL-4396,2026-03-18 08:27:00,7.304805,10.663781,10.5,2.97
T04,GL-4396,2026-03-18 08:28:00,7.304165,10.663714,8.9,2.84
T04,GL-4396,2026-03-18 08:29:00,7.30366,10.663551,11.3,2.99
T04,GL-4396,2026-03-18 08:30:00,7.302859,10.663494,4.6,4.88
T04,GL-4396,2026-03-18 08:31:00,7.302312,10.6635,10.9,3.94
T04,GL-4396,2026-03-18 08:32:00,7.301636,10.663305,5.9,3.57
T04,GL-4396,2026-03-18 08:33:00,7.301089,10.663206,6.2,5.25
T04,GL-4396,2026-03-18 08:34:00,7.300372,10.663329,10.2,5.48
T04,GL-4396,2026-03-18 08:35:00,7.299812,10.663235,8.4,5.22
T04,GL-4396,2026-03-18 08:36:00,7.299099,10.663164,10.0,4.22
T04,GL-4396,2026-03-18 08:37:00,7.298527,10.663025,10.7,5.45
T04,GL-4396,2026-03-18 08:38:00,7.297827,10.662947,7.9,3.09
T04,GL-4396,2026-03-18 08:39:00,7.297275,10.662962,9.9,4.26
T04,GL-4396,2026-03-18 08:40:00,7.296635,10.662955,9.5,3.59
T04,GL-4396,2026-03-18 08:41:00,7.296064,10.662766,11.6,2.88
T04,GL-4396,2026-03-18 08:42:00,7.295307,10.662772,10.6,2.87
T04,GL-4396,2026-03-18 08:43:00,7.294786,10.662683,5.0,4.96
T04,GL-4396,2026-03-18 08:44:00,7.29416,10.662691,11.1,5.22
T04,GL-4396,2026-03-18 08:45:00,7.29344,10.662543,4.8,4.2
T04,GL-4396,2026-03-18 08:46:00,7.292955,10.662515,5.4,5.14
T04,GL-4396,2026-03-18 08:47:00,7.29223,10.662464,11.5,5.2
T04,GL-4396,2026-03-18 08:48:00,7.291602,10.662344,10.0,2.94
T04,GL-4396,2026-03-18 08:49:00,7.290998,10.662293,8.3,5.0
T04,GL-4396,2026-03-18 08:50:00,7.290266,10.662338,8.6,5.07
T04,GL-4396,2026-03-18 08:51:00,7.289901,10.662231,12.0,3.21
T04,GL-4396,2026-03-18 08:52:00,7.289145,10.662067,7.8,4.46
T04,GL-4396,2026-03-18 08:53:00,7.288495,10.662038,5.8,3.79
T04,GL-4396,2026-03-18 08:54:00,7.287976,10.661979,8.9,4.53
T04,GL-4396,2026-03-18 08:55:00,7.287322,10.66191,7.3,5.08
T04,GL-4396,2026-03-18 08:56:00,7.286595,10.661866,11.0,3.54
T04,GL-4396,2026-03-18 08:57:00,7.28603,10.661829,10.2,5.13
T04,GL-4396,2026-03-18 08:58:00,7.285475,10.66175,11.5,3.73
T04,GL-4396,2026-03-18 08:59:00,7.28475,10.661619,11.6,3.91
T04,GL-4396,2026-03-18 09:00:00,7.284173,10.661628,7.6,4.93
T04,GL-4396,2026-03-18 09:01:00,7.283481,10.661632,8.3,4.41
T04,GL-4396,2026-03-18 09:02:00,7.282812,10.661405,8.4,4.39
T04,GL-4396,2026-03-18 09:03:00,7.282301,10.661378,11.3,3.71
T04,GL-4396,2026-03-18 09:04:00,7.281609,10.66143,5.2,4.28
T04,GL-4396,2026-03-18 09:05:00,7.281036,10.661309,10.9,3.67
T04,GL-4396,2026-03-18 09:06:00,7.280331,10.661227,6.9,5.09
T04,GL-4396,2026-03-18 09:07:00,7.279725,10.661222,11.5,3.58
T04,GL-4396,2026-03-18 09:08:00,7.279061,10.661116,7.3,5.05
T04,GL-4396,2026-03-18 09:09:00,7.27857,10.661018,5.4,5.59
T04,GL-4396,2026-03-18 09:10:00,7.277851,10.660879,11.1,3.43
T04,GL-4396,2026-03-18 09:11:00,7.277186,10.660987,9.4,3.95
T04,GL-4396,2026-03-18 09:12:00,7.276497,10.660774,8.4,5.23
T04,GL-4396,2026-03-18 09:13:00,7.275983,10.660764,5.7,5.04
T04,GL-4396,2026-03-18 09:14:00,7.27533,10.660677,8.4,5.27
T04,GL-4396,2026-03-18 09:15:00,7.274754,10.660685,7.4,4.64
T04,GL-4396,2026-03-18 09:16:00,7.274137,10.660581,11.4,5.31
T04,GL-4396,2026-03-18 09:17:00,7.273408,10.660559,4.8,3.29
T04,GL-4396,2026-03-18 09:18:00,7.272798,10.660487,11.6,4.74
T04,GL-4396,2026-03-18 09:19:00,7.272257,10.66039,9.8,5.27
T04,GL-4396,2026-03-18 09:20:00,7.271546,10.660306,6.0,3.86
T04,GL-4396,2026-03-18 09:21:00,7.271044,10.660375,9.2,5.3
T04,GL-4396,2026-03-18 09:22:00,7.270343,10.660324,10.8,2.87
T04,GL-4396,2026-03-18 09:23:00,7.269761,10.66018,6.8,3.46
T04,GL-4396,2026-03-18 09:24:00,7.268997,10.660066,8.3,4.58
T04,GL-4396,2026-03-18 09:25:00,7.268514,10.660101,10.8,4.56
T04,GL-4396,2026-03-18 09:26:00,7.267938,10.65994,11.1,3.58
T04,GL-4396,2026-03-18 09:27:00,7.267279,10.65988,8.3,3.3
T04,GL-4396,2026-03-18 09:28:00,7.266529,10.659835,11.2,5.41
T04,GL-4396,2026-03-18 09:29:00,7.265825,10.65971,10.9,3.95
T04,GL-4396,2026-03-18 09:30:00,7.265289,10.659708,6.0,3.56
T04,GL-4396,2026-03-18 09:31:00,7.264671,10.659633,4.1,5.35
T04,GL-4396,2026-03-18 09:32:00,7.264082,10.659481,6.1,5.38
T04,GL-4396,2026-03-18 09:33:00,7.263386,10.659438,7.4,4.72
T04,GL-4396,2026-03-18 09:34:00,7.262786,10.659451,10.0,4.25
T04,GL-4396,2026-03-18 09:35:00,7.262255,10.659305,9.7,4.9
T04,GL-4396,2026-03-18 09:36:00,7.261573,10.659289,7.5,3.2
T04,GL-4396,2026-03-18 09:37:00,7.260935,10.659207,6.8,3.32
T04,GL-4396,2026-03-18 09:38:00,7.260295,10.659191,11.8,4.12
T04,GL-4396,2026-03-18 09:39:00,7.259763,10.65913,10.4,4.25
T04,GL-4396,2026-03-18 09:40:00,7.259143,10.659046,4.5,4.17
T04,GL-4396,2026-03-18 09:41:00,7.258565,10.658965,4.5,3.83
T04,GL-4396,2026-03-18 09:42:00,7.257722,10.658891,8.2,3.53
T04,GL-4396,2026-03-18 09:43:00,7.257149,10.658959,6.9,4.44
T04,GL-4396,2026-03-18 09:44:00,7.256487,10.658761,4.7,5.36
T04,GL-4396,2026-03-18 09:45:00,7.255959,10.658773,11.7,4.93
T04,GL-4396,2026-03-18 09:46:00,7.255241,10.658665,7.7,5.25
T04,GL-4396,2026-03-18 09:47:00,7.254662,10.658603,,4.56
T04,GL-4396,2026-03-18 09:48:00,7.254056,10.658436,5.0,3.6
T04,GL-4396,2026-03-18 09:49:00,7.253353,10.65849,6.7,4.96
T04,GL-4396,2026-03-18 09:50:00,7.252842,10.658498,10.8,2.92
T04,GL-4396,2026-03-18 09:51:00,7.252141,10.658395,4.1,4.86
T04,GL-4396,2026-03-18 09:52:00,7.251542,10.658263,6.9,3.56
T04,GL-4396,2026-03-18 09:53:00,7.250987,10.658244,8.0,4.97
T04,GL-4396,2026-03-18 09:54:00,7.250284,10.658183,11.0,4.95
T04,GL-4396,2026-03-18 09:55:00,7.249694,10.658156,5.6,3.23
T04,GL-4396,2026-03-18 09:56:00,7.249031,10.658043,7.4,5.07
T04,GL-4396,2026-03-18 09:57:00,7.248369,10.658015,4.9,3.12
T04,GL-4396,2026-03-18 09:58:00,7.247727,10.657866,8.9,4.34
T04,GL-4396,2026-03-18 09:59:00,7.247176,10.657883,5.0,5.49
T04,GL-4396,2026-03-18 10:00:00,7.246544,10.657839,8.8,3.77
T04,GL-4396,2026-03-18 10:01:00,7.245925,10.657678,6.5,3.52
T04,GL-4396,2026-03-18 10:02:00,7.245164,10.657666,8.7,3.33
T04,GL-4396,2026-03-18 10:03:00,7.244643,10.657738,10.8,3.28
T04,GL-4396,2026-03-18 10:04:00,7.244066,10.657491,6.5,5.01
T04,GL-4396,2026-03-18 10:05:00,7.243421,10.657494,10.1,5.45
T04,GL-4396,2026-03-18 10:06:00,7.242757,10.65737,6.2,5.51
T04,GL-4396,2026-03-18 10:07:00,7.242265,10.657285,,3.71
T04,GL-4396,2026-03-18 10:08:00,7.241565,10.657305,10.5,4.15
T04,GL-4396,2026-03-18 10:09:00,7.240767,10.657296,5.2,4.57
T04,GL-4396,2026-03-18 10:10:00,7.24029,10.657249,7.8,4.29
T04,GL-4396,2026-03-18 10:11:00,7.239543,10.657101,6.3,3.29
T04,GL-4396,2026-03-18 10:12:00,7.239052,10.657018,5.8,2.84
T04,GL-4396,2026-03-18 10:13:00,7.238411,10.657028,11.4,4.09
T04,GL-4396,2026-03-18 10:14:00,7.237837,10.656848,6.4,3.73
T04,GL-4396,2026-03-18 10:15:00,7.237197,10.656771,5.7,5.02
T04,GL-4396,2026-03-18 10:16:00,7.236508,10.656749,7.0,4.21
T04,GL-4396,2026-03-18 10:17:00,7.235939,10.656686,6.8,3.41
T04,GL-4396,2026-03-18 10:18:00,7.235293,10.656637,10.0,4.49
T04,GL-4396,2026-03-18 10:19:00,7.234523,10.656649,10.3,3.27
T04,GL-4396,2026-03-18 10:20:00,7.233987,10.656598,7.7,3.84
T04,GL-4396,2026-03-18 10:21:00,7.233431,10.656446,4.3,3.8
T04,GL-4396,2026-03-18 10:22:00,7.232771,10.656317,4.2,4.12
T04,GL-4396,2026-03-18 10:23:00,7.232203,10.656384,5.1,4.41
T04,GL-4396,2026-03-18 10:24:00,7.231541,10.656164,7.3,5.08
T04,GL-4396,2026-03-18 10:25:00,7.230842,10.656134,11.8,4.83
T04,GL-4396,2026-03-18 10:26:00,7.230216,10.656037,4.4,5.43
T04,GL-4396,2026-03-18 10:27:00,7.229637,10.656121,4.8,5.06
T04,GL-4396,2026-03-18 10:28:00,7.229017,10.656024,5.2,5.08
T04,GL-4396,2026-03-18 10:29:00,7.228176,10.6559,4.9,4.34
T04,GL-4396,2026-03-18 10:30:00,7.227717,10.655851,10.8,5.16
T04,GL-4396,2026-03-18 10:31:00,7.227033,10.655799,4.8,3.39
T04,GL-4396,2026-03-18 10:32:00,7.226355,10.655693,7.6,5.14
T04,GL-4396,2026-03-18 10:33:00,7.22593,10.655687,6.0,3.33
T04,GL-4396,2026-03-18 10:34:00,7.225157,10.655641,11.7,3.06
T04,GL-4396,2026-03-18 10:35:00,7.224541,10.655588,11.6,5.18
T04,GL-4396,2026-03-18 10:36:00,7.223999,10.655545,5.1,5.16
T04,GL-4396,2026-03-18 10:37:00,7.223373,10.655302,12.0,4.54
T04,GL-4396,2026-03-18 10:38:00,7.222698,10.655439,10.0,5.41
T04,GL-4396,2026-03-18 10:39:00,7.222028,10.655359,7.3,4.28
T04,GL-4396,2026-03-18 10:40:00,7.22139,10.655328,11.2,3.25
T04,GL-4396,2026-03-18 10:41:00,7.220813,10.655226,7.9,3.56
T04,GL-4396,2026-03-18 10:42:00,7.220135,10.655139,10.6,3.48
T04,GL-4396,2026-03-18 10:43:00,7.219681,10.655013,4.4,3.44
T04,GL-4396,2026-03-18 10:44:00,7.218956,10.65501,7.2,2.9
T04,GL-4396,2026-03-18 10:45:00,7.21832,10.654975,5.8,2.97
T04,GL-4396,2026-03-18 10:46:00,7.217721,10.654946,4.7,5.32
T04,GL-4396,2026-03-18 10:47:00,7.217093,10.654739,8.6,4.97
T04,GL-4396,2026-03-18 10:48:00,7.216515,10.65473,4.4,5.06
T04,GL-4396,2026-03-18 10:49:00,7.215844,10.654575,7.1,3.41
T04,GL-4396,2026-03-18 10:50:00,7.215203,10.654712,9.6,4.27
T04,GL-4396,2026-03-18 10:51:00,7.214525,10.654571,5.4,3.39
T04,GL-4396,2026-03-18 10:52:00,7.213985,10.654409,7.6,4.57
T04,GL-4396,2026-03-18 10:53:00,7.213349,10.654348,5.2,4.8
T04,GL-4396,2026-03-18 10:54:00,7.212745,10.65435,4.7,5.37
T04,GL-4396,2026-03-18 10:55:00,7.212012,10.65426,6.2,5.24
T04,GL-4396,2026-03-18 10:56:00,7.211382,10.6542,5.6,4.47
T04,GL-4396,2026-03-18 10:57:00,7.210703,10.654146,11.5,4.41
T04,GL-4396,2026-03-18 10:58:00,7.210195,10.654056,6.5,3.49
T04,GL-4396,2026-03-18 10:59:00,7.209584,10.654013,5.6,4.42
T04,GL-4396,2026-03-18 11:00:00,7.209002,10.653969,7.2,4.52
T04,GL-4396,2026-03-18 11:01:00,7.208361,10.653966,6.8,4.86
T04,GL-4396,2026-03-18 11:02:00,7.207625,10.653817,8.2,4.9
T04,GL-4396,2026-03-18 11:03:00,7.207051,10.653854,8.1,5.05
T04,GL-4396,2026-03-18 11:04:00,7.206502,10.653789,5.4,3.08
T04,GL-4396,2026-03-18 11:05:00,7.2059,10.653639,10.3,5.51
T04,GL-4396,2026-03-18 11:06:00,7.205036,10.653505,7.3,4.15
T04,GL-4396,2026-03-18 11:07:00,7.204576,10.653514,4.4,4.65
T04,GL-4396,2026-03-18 11:08:00,7.203931,10.653516,8.5,5.12
T04,GL-4396,2026-03-18 11:09:00,7.203287,10.653279,11.4,5.42
T04,GL-4396,2026-03-18 11:10:00,7.202708,10.653313,8.7,5.05
T04,GL-4396,2026-03-18 11:11:00,7.202094,10.65329,7.2,5.55
T04,GL-4396,2026-03-18 11:12:00,7.201323,10.653134,8.7,5.27
T04,GL-4396,2026-03-18 11:13:00,7.200708,10.653161,6.3,5.49
T04,GL-4396,2026-03-18 11:14:00,7.200166,10.653044,6.6,2.89
T04,GL-4396,2026-03-18 11:15:00,7.199467,10.653025,6.3,4.4
T04,GL-4396,2026-03-18 11:16:00,7.198976,10.652948,8.2,3.15
T04,GL-4396,2026-03-18 11:17:00,7.198292,10.652866,5.8,4.99
T04,GL-4396,2026-03-18 11:18:00,7.197598,10.652904,11.6,4.49
T04,GL-4396,2026-03-18 11:19:00,7.197098,10.652828,6.5,3.48
T04,GL-4396,2026-03-18 11:20:00,7.196434,10.652702,8.4,3.42
T04,GL-4396,2026-03-18 11:21:00,7.195829,10.652679,12.0,3.76
T04,GL-4396,2026-03-18 11:22:00,7.195253,10.652543,10.0,4.68
T04,GL-4396,2026-03-18 11:23:00,7.194382,10.652485,6.3,4.96
T04,GL-4396,2026-03-18 11:24:00,7.193905,10.652465,4.3,4.61
T04,GL-4396,2026-03-18 11:25:00,7.193316,10.652353,6.1,3.28
T04,GL-4396,2026-03-18 11:26:00,7.192585,10.65224,8.3,3.95
T04,GL-4396,2026-03-18 11:27:00,7.192034,10.65213,5.1,3.4
T04,GL-4396,2026-03-18 11:28:00,7.191404,10.652239,4.9,4.91
T04,GL-4396,2026-03-18 11:29:00,7.190801,10.652058,8.3,3.78
T04,GL-4396,2026-03-18 11:30:00,7.190178,10.652029,8.7,4.53
T04,GL-4396,2026-03-18 11:31:00,7.189579,10.651878,8.7,5.31
T04,GL-4396,2026-03-18 11:32:00,7.188967,10.65186,6.1,4.99
T04,GL-4396,2026-03-18 11:33:00,7.188218,10.651917,7.9,4.23
T04,GL-4396,2026-03-18 11:34:00,7.187628,10.651764,10.5,3.73
T04,GL-4396,2026-03-18 11:35:00,7.187013,10.651738,4.7,5.45
T04,GL-4396,2026-03-18 11:36:00,7.186361,10.651608,10.0,4.19
T04,GL-4396,2026-03-18 11:37:00,7.185759,10.651514,8.1,4.45
T04,GL-4396,2026-03-18 11:38:00,7.185102,10.651471,11.2,3.68
T04,GL-4396,2026-03-18 11:39:00,7.184442,10.651397,6.0,4.11
T04,GL-4396,2026-03-18 11:40:00,7.183966,10.651446,10.3,4.11
T04,GL-4396,2026-03-18 11:41:00,7.183277,10.651399,5.2,5.45
T04,GL-4396,2026-03-18 11:42:00,7.182586,10.651177,,3.24
T04,GL-4396,2026-03-18 11:43:00,7.182031,10.651312,7.2,4.89
T04,GL-4396,2026-03-18 11:44:00,7.181394,10.651169,11.8,4.21
T04,GL-4396,2026-03-18 11:45:00,7.180665,10.651162,10.4,5.48
T04,GL-4396,2026-03-18 11:46:00,7.179996,10.651089,8.2,2.83
T04,GL-4396,2026-03-18 11:47:00,7.179465,10.650952,10.9,3.63
T04,GL-4396,2026-03-18 11:48:00,7.17873,10.650937,11.6,3.12
T04,GL-4396,2026-03-18 11:49:00,7.178168,10.650826,4.5,2.86
T04,GL-4396,2026-03-18 11:50:00,7.177578,10.65078,11.6,4.95
T04,GL-4396,2026-03-18 11:51:00,7.17694,10.650714,11.4,2.89
T04,GL-4396,2026-03-18 11:52:00,7.176239,10.650678,7.6,5.42
T04,GL-4396,2026-03-18 11:53:00,7.175675,10.650588,11.1,4.7
T04,GL-4396,2026-03-18 11:54:00,7.175032,10.650503,8.7,4.87
T04,GL-4396,2026-03-18 11:55:00,7.174515,10.6505,5.6,5.05
T04,GL-4396,2026-03-18 11:56:00,7.173848,10.650396,7.3,4.68
T04,GL-4396,2026-03-18 11:57:00,7.173222,10.65029,10.2,3.87
T04,GL-4396,2026-03-18 11:58:00,7.172579,10.650249,11.6,3.99
T04,GL-4396,2026-03-18 11:59:00,7.171925,10.65009,5.1,4.95
T04,GL-4396,2026-03-18 12:00:00,7.171413,10.650052,9.4,4.54
T04,GL-4396,2026-03-18 12:01:00,7.170663,10.65016,4.8,3.16
T04,GL-4396,2026-03-18 12:02:00,7.170112,10.650084,10.6,3.44
T04,GL-4396,2026-03-18 12:03:00,7.16943,10.649958,9.3,4.21
T04,GL-4396,2026-03-18 12:04:00,7.16882,10.649843,4.3,5.32
T04,GL-4396,2026-03-18 12:05:00,7.168203,10.649803,8.7,5.51
T04,GL-4396,2026-03-18 12:06:00,7.167473,10.649775,7.3,4.66
T04,GL-4396,2026-03-18 12:07:00,7.166899,10.649582,7.9,5.11
T04,GL-4396,2026-03-18 12:08:00,7.166332,10.649617,7.5,3.2
T04,GL-4396,2026-03-18 12:09:00,7.165652,10.64961,7.9,4.03
T04,GL-4396,2026-03-18 12:10:00,7.164974,10.649533,5.5,5.43
T04,GL-4396,2026-03-18 12:11:00,7.164319,10.649377,11.9,4.15
T04,GL-4396,2026-03-18 12:12:00,7.163741,10.649429,11.5,5.44
T04,GL-4396,2026-03-18 12:13:00,7.163207,10.649295,4.5,4.23
T04,GL-4396,2026-03-18 12:14:00,7.162563,10.649253,9.1,3.57
T04,GL-4396,2026-03-18 12:15:00,7.162007,10.649171,6.3,4.18
T04,GL-4396,2026-03-18 12:16:00,7.161267,10.649135,6.1,3.7
T04,GL-4396,2026-03-18 12:17:00,7.160737,10.649167,8.3,5.48
T04,GL-4396,2026-03-18 12:18:00,7.160078,10.649035,7.1,5.6
T04,GL-4396,2026-03-18 12:19:00,7.159427,10.648969,10.2,5.22
T04,GL-4396,2026-03-18 12:20:00,7.158855,10.648776,7.3,5.36
T04,GL-4396,2026-03-18 12:21:00,7.158677,10.648898,6.6,0.85
T04,GL-4396,2026-03-18 12:22:00,7.158799,10.648938,9.1,0.12
T04,GL-4396,2026-03-18 12:23:00,7.158889,10.648915,11.6,0.38
T04,GL-4396,2026-03-18 12:24:00,7.15876,10.648772,5.4,0.74
T04,GL-4396,2026-03-18 12:25:00,7.1588,10.648848,9.7,0.44
T04,GL-4396,2026-03-18 12:26:00,7.158889,10.648832,4.1,0.31
T04,GL-4396,2026-03-18 12:27:00,7.158959,10.648863,10.2,0.7
T04,GL-4396,2026-03-18 12:28:00,7.158671,10.648872,9.8,0.21
T04,GL-4396,2026-03-18 12:29:00,7.158872,10.648825,6.6,0.38
T04,GL-4396,2026-03-18 12:30:00,7.158737,10.64884,10.6,0.82
T04,GL-4396,2026-03-18 12:31:00,7.158756,10.648808,5.3,0.55
T04,GL-4396,2026-03-18 12:32:00,7.158716,10.648906,8.2,0.25
T04,GL-4396,2026-03-18 12:33:00,7.158661,10.648816,9.4,0.3
T04,GL-4396,2026-03-18 12:34:00,7.158729,10.648854,4.5,0.06
T04,GL-4396,2026-03-18 12:35:00,7.158839,10.648831,8.7,0.43
T04,GL-4396,2026-03-18 12:36:00,7.158743,10.648897,7.4,0.8
T04,GL-4396,2026-03-18 12:37:00,7.158726,10.648888,10.5,0.06
T04,GL-4396,2026-03-18 12:38:00,7.158779,10.648891,9.3,0.17
T04,GL-4396,2026-03-18 12:39:00,7.158983,10.648731,7.7,0.85
T04,GL-4396,2026-03-18 12:40:00,7.158757,10.648982,7.2,0.56
T04,GL-4396,2026-03-18 12:41:00,7.158707,10.648982,10.3,0.31
T04,GL-4396,2026-03-18 12:42:00,7.158717,10.648883,6.0,0.53
T04,GL-4396,2026-03-18 12:43:00,7.158824,10.648847,10.2,0.84
T04,GL-4396,2026-03-18 12:44:00,7.158753,10.648987,9.9,0.52
T04,GL-4396,2026-03-18 12:45:00,7.158703,10.648819,4.5,0.65
T04,GL-4396,2026-03-18 12:46:00,7.158793,10.648928,6.8,0.61
T04,GL-4396,2026-03-18 12:47:00,7.158837,10.648811,10.4,0.33
T04,GL-4396,2026-03-18 12:48:00,7.158842,10.648924,11.8,0.58
T04,GL-4396,2026-03-18 12:49:00,7.15886,10.648993,10.2,1.41
T04,GL-4396,2026-03-18 12:50:00,7.158853,10.648922,5.4,3.19
T04,GL-4396,2026-03-18 12:51:00,7.158808,10.648981,10.3,0.92
T04,GL-4396,2026-03-18 12:52:00,7.158821,10.648923,10.0,0.3
T04,GL-4396,2026-03-18 12:53:00,7.158798,10.64887,8.5,0.25
T04,GL-4396,2026-03-18 12:54:00,7.158911,10.648925,9.7,1.03
T04,GL-4396,2026-03-18 12:55:00,7.158819,10.648939,11.6,2.25
T04,GL-4396,2026-03-18 12:56:00,7.15876,10.648881,10.3,1.27
T04,GL-4396,2026-03-18 12:57:00,7.15874,10.648906,4.3,2.88
T04,GL-4396,2026-03-18 12:58:00,7.158869,10.648856,11.0,0.08
T04,GL-4396,2026-03-18 12:59:00,7.158843,10.648851,8.4,4.0
T04,GL-4396,2026-03-18 13:00:00,7.158846,10.648978,5.2,2.54
T04,GL-4396,2026-03-18 13:01:00,7.158889,10.648866,5.7,0.72
T04,GL-4396,2026-03-18 13:02:00,7.158822,10.648933,8.3,1.24
T04,GL-4396,2026-03-18 13:03:00,7.158895,10.648844,7.5,2.46
T04,GL-4396,2026-03-18 13:04:00,7.158777,10.648908,5.5,2.58
T04,GL-4396,2026-03-18 13:05:00,7.158806,10.648922,11.4,2.42
T04,GL-4396,2026-03-18 13:06:00,7.158812,10.648872,6.6,0.74
T04,GL-4396,2026-03-18 13:07:00,7.158918,10.648829,10.0,3.11
T04,GL-4396,2026-03-18 13:08:00,7.158874,10.648935,8.9,3.33
T04,GL-4396,2026-03-18 13:09:00,7.158919,10.648817,10.4,1.3
T04,GL-4396,2026-03-18 13:10:00,7.15877,10.648963,10.2,1.25
T04,GL-4396,2026-03-18 13:11:00,7.158861,10.648824,5.2,1.87
T04,GL-4396,2026-03-18 13:12:00,7.158805,10.648982,8.9,1.42
T04,GL-4396,2026-03-18 13:13:00,7.158807,10.648885,7.0,0.57
T04,GL-4396,2026-03-18 13:14:00,7.158799,10.648827,10.5,3.26
T04,GL-4396,2026-03-18 13:15:00,7.158811,10.649047,4.3,3.77
T04,GL-4396,2026-03-18 13:16:00,7.158806,10.648843,9.2,1.45
T04,GL-4396,2026-03-18 13:17:00,7.158851,10.648968,7.8,2.14
T04,GL-4396,2026-03-18 13:18:00,7.158911,10.6489,9.0,2.17
T04,GL-4396,2026-03-18 13:19:00,7.158778,10.648926,6.9,3.04
T04,GL-4396,2026-03-18 13:20:00,7.158896,10.64892,10.6,3.03
T04,GL-4396,2026-03-18 13:21:00,7.158864,10.648866,11.0,1.38
