team_id,logger_id,timestamp,longitude,latitude,accuracy_m,speed_kmh
T04,GL-4396,2026-03-11 07:23:00,8.223934,10.700408,5.1,4.0
T04,GL-4396,2026-03-11 07:24:00,8.223842,10.701114,8.8,4.93
T04,GL-4396,2026-03-11 07:25:00,8.223822,10.701753,4.9,4.02
T04,GL-4396,2026-03-11 07:26:00,8.223825,10.702346,11.9,4.17
T04,GL-4396,2026-03-11 07:27:00,8.22378,10.703014,9.9,5.05
T04,GL-4396,2026-03-11 07:28:00,8.223846,10.703472,11.5,3.0
T04,GL-4396,2026-03-11 07:29:00,8.223766,10.70421,8.8,4.6
T04,GL-4396,2026-03-11 07:30:00,8.223888,10.704781,4.5,4.62
T04,GL-4396,2026-03-11 07:31:00,8.22369,10.705362,11.2,3.88
T04,GL-4396,2026-03-11 07:32:00,8.223642,10.705974,8.7,4.82
T04,GL-4396,2026-03-11 07:33:00,8.223616,10.706567,5.3,5.55
T04,GL-4396,2026-03-11 07:34:00,8.223663,10.707284,7.2,4.07
T04,GL-4396,2026-03-11 07:35:00,8.223631,10.707885,9.9,3.82
T04,GL-4396,2026-03-11 07:36:00,8.223595,10.708458,10.9,5.09
T04,GL-4396,2026-03-11 07:37:00,8.223462,10.708449,6.5,0.31
T04,GL-4396,2026-03-11 07:38:00,8.223787,10.708509,11.7,0.61
T04,GL-4396,2026-03-11 07:39:00,8.223652,10.708379,4.5,0.86
T04,GL-4396,2026-03-11 07:40:00,8.223675,10.70859,11.1,0.39
T04,GL-4396,2026-03-11 07:41:00,8.223475,10.708379,10.6,0.44
T04,GL-4396,2026-03-11 07:42:00,8.223604,10.708426,8.0,0.54
T04,GL-4396,2026-03-11 07:43:00,8.223696,10.708567,9.6,0.33
T04,GL-4396,2026-03-11 07:44:00,8.223446,10.70854,10.0,0.34
T04,GL-4396,2026-03-11 07:45:00,8.223626,10.708481,4.8,0.89
T04,GL-4396,2026-03-11 07:46:00,8.223512,10.708383,10.8,0.86
T04,GL-4396,2026-03-11 07:47:00,8.223365,10.708487,7.3,0.66
T04,GL-4396,2026-03-11 07:48:00,8.223595,10.708482,9.2,0.55
T04,GL-4396,2026-03-11 07:49:00,8.223551,10.708424,5.9,0.73
T04,GL-4396,2026-03-11 07:50:00,8.223603,10.708563,6.1,0.84
T04,GL-4396,2026-03-11 07:51:00,8.22355,10.708458,11.1,0.46
T04,GL-4396,2026-03-11 07:52:00,8.223663,10.708529,7.4,0.78
T04,GL-4396,2026-03-11 07:53:00,8.223602,10.708452,7.5,0.15
T04,GL-4396,2026-03-11 07:54:00,8.223557,10.708354,10.4,0.38
T04,GL-4396,2026-03-11 07:55:00,8.223698,10.708466,7.5,0.2
T04,GL-4396,2026-03-11 07:56:00,8.223544,10.708483,5.9,0.52
T04,GL-4396,2026-03-11 07:57:00,8.223658,10.7084,4.7,0.23
T04,GL-4396,2026-03-11 07:58:00,8.223225,10.708581,5.0,0.32
T04,GL-4396,2026-03-11 07:59:00,8.223549,10.708503,10.8,0.0
T04,GL-4396,2026-03-11 08:00:00,8.223672,10.708544,6.2,0.59
T04,GL-4396,2026-03-11 08:01:00,8.223657,10.708389,5.3,0.73
T04,GL-4396,2026-03-11 08:02:00,8.223758,10.708258,8.1,0.02
T04,GL-4396,2026-03-11 08:03:00,8.222722,10.708599,4.0,4.35
T04,GL-4396,2026-03-11 08:04:00,8.222039,10.70863,5.9,5.42
T04,GL-4396,2026-03-11 08:05:00,8.221327,10.708652,8.8,2.87
T04,GL-4396,2026-03-11 08:06:00,8.220386,10.708808,8.6,5.12
T04,GL-4396,2026-03-11 08:07:00,8.219601,10.708941,8.8,3.57
T04,GL-4396,2026-03-11 08:08:00,8.218852,10.709035,6.1,3.45
T04,GL-4396,2026-03-11 08:09:00,8.218182,10.709071,6.7,4.13
T04,GL-4396,2026-03-11 08:10:00,8.217376,10.709252,7.3,5.38
T04,GL-4396,2026-03-11 08:11:00,8.216475,10.70918,6.5,5.44
T04,GL-4396,2026-03-11 08:12:00,8.215825,10.709273,11.4,3.36
T04,GL-4396,2026-03-11 08:13:00,8.214954,10.709376,4.8,3.54
T04,GL-4396,2026-03-11 08:14:00,8.214297,10.709591,11.5,4.31
T04,GL-4396,2026-03-11 08:15:00,8.21335,10.709602,6.3,3.34
T04,GL-4396,2026-03-11 08:16:00,8.212642,10.709557,5.8,4.5
T04,GL-4396,2026-03-11 08:17:00,8.2119,10.709706,5.7,5.59
T04,GL-4396,2026-03-11 08:18:00,8.211075,10.709867,11.7,4.6
T04,GL-4396,2026-03-11 08:19:00,8.21028,10.709916,4.6,4.66
T04,GL-4396,2026-03-11 08:20:00,8.209566,10.710016,6.5,3.46
T04,GL-4396,2026-03-11 08:21:00,8.208832,10.709948,10.7,5.24
T04,GL-4396,2026-03-11 08:22:00,8.207969,10.710097,5.2,4.9
T04,GL-4396,2026-03-11 08:23:00,8.207254,10.710182,9.1,4.62
T04,GL-4396,2026-03-11 08:24:00,8.206391,10.710444,7.2,4.57
T04,GL-4396,2026-03-11 08:25:00,8.205584,10.710343,11.1,4.94
T04,GL-4396,2026-03-11 08:26:00,8.204733,10.710458,11.3,4.18
T04,GL-4396,2026-03-11 08:27:00,8.204102,10.710604,7.8,4.58
T04,GL-4396,2026-03-11 08:28:00,8.20329,10.710528,6.3,3.07
T04,GL-4396,2026-03-11 08:29:00,8.202588,10.710764,5.5,3.44
T04,GL-4396,2026-03-11 08:30:00,8.201678,10.710799,7.6,3.04
T04,GL-4396,2026-03-11 08:31:00,8.200971,10.710781,9.3,3.8
T04,GL-4396,2026-03-11 08:32:00,8.200111,10.710833,11.0,5.37
T04,GL-4396,2026-03-11 08:33:00,8.19939,10.710972,4.8,2.89
T04,GL-4396,2026-03-11 08:34:00,8.198626,10.711197,7.1,5.3
T04,GL-4396,2026-03-11 08:35:00,8.197804,10.711235,8.3,3.13
T04,GL-4396,2026-03-11 08:36:00,8.196925,10.711287,10.2,4.33
T04,GL-4396,2026-03-11 08:37:00,8.196163,10.711325,11.1,3.48
T04,GL-4396,2026-03-11 08:38:00,8.195413,10.71153,6.9,4.85
T04,GL-4396,2026-03-11 08:39:00,8.19473,10.711505,9.6,3.22
T04,GL-4396,2026-03-11 08:40:00,8.193842,10.711652,6.1,3.78
T04,GL-4396,2026-03-11 08:41:00,8.193085,10.71158,6.1,3.84
T04,GL-4396,2026-03-11 08:42:00,8.192342,10.711817,11.3,5.2
T04,GL-4396,2026-03-11 08:43:00,8.191452,10.711803,7.1,3.6
T04,GL-4396,2026-03-11 08:44:00,8.190707,10.711889,5.2,2.91
T04,GL-4396,2026-03-11 08:45:00,8.189971,10.71201,9.8,4.83
T04,GL-4396,2026-03-11 08:46:00,8.189231,10.712119,5.4,5.52
T04,GL-4396,2026-03-11 08:47:00,8.18847,10.712174,9.5,3.68
T04,GL-4396,2026-03-11 08:48:00,8.187694,10.712318,10.3,3.94
T04,GL-4396,2026-03-11 08:49:00,8.18693,10.712399,8.4,4.81
T04,GL-4396,2026-03-11 08:50:00,8.186026,10.712437,7.5,3.86
T04,GL-4396,2026-03-11 08:51:00,8.185256,10.712377,7.6,4.02
T04,GL-4396,2026-03-11 08:52:00,8.184456,10.712563,11.9,4.17
T04,GL-4396,2026-03-11 08:53:00,8.18377,10.712585,7.5,4.02
T04,GL-4396,2026-03-11 08:54:00,8.182982,10.712798,4.1,4.59
T04,GL-4396,2026-03-11 08:55:00,8.182159,10.712911,11.5,5.39
T04,GL-4396,2026-03-11 08:56:00,8.181357,10.712887,5.4,3.8
T04,GL-4396,2026-03-11 08:57:00,8.180558,10.712969,8.4,4.92
T04,GL-4396,2026-03-11 08:58:00,8.179816,10.713133,5.6,3.45
T04,GL-4396,2026-03-11 08:59:00,8.179153,10.713156,11.6,4.31
T04,GL-4396,2026-03-11 09:00:00,8.178414,10.713279,9.8,2.93
T04,GL-4396,2026-03-11 09:01:00,8.17748,10.713332,11.0,5.55
T04,GL-4396,2026-03-11 09:02:00,8.176795,10.713573,4.9,3.84
T04,GL-4396,2026-03-11 09:03:00,8.175997,10.713542,,5.56
T04,GL-4396,2026-03-11 09:04:00,8.175183,10.713436,10.6,3.71
T04,GL-4396,2026-03-11 09:05:00,8.174424,10.713617,7.7,4.47
T04,GL-4396,2026-03-11 09:06:00,8.17357,10.713747,4.6,5.35
T04,GL-4396,2026-03-11 09:07:00,8.172786,10.713784,11.4,4.73
T04,GL-4396,2026-03-11 09:08:00,8.172045,10.713832,5.8,3.1
T04,GL-4396,2026-03-11 09:09:00,8.171254,10.714038,8.8,4.36
T04,GL-4396,2026-03-11 09:10:00,8.170438,10.714019,10.2,5.43
T04,GL-4396,2026-03-11 09:11:00,8.169672,10.714131,8.6,3.81
T04,GL-4396,2026-03-11 09:12:00,8.168913,10.714276,11.3,3.47
T04,GL-4396,2026-03-11 09:13:00,8.168188,10.714336,9.1,3.64
T04,GL-4396,2026-03-11 09:14:00,8.167368,10.714364,4.3,4.34
T04,GL-4396,2026-03-11 09:15:00,8.166539,10.714476,10.0,4.5
T04,GL-4396,2026-03-11 09:16:00,8.165676,10.714513,10.1,4.9
T04,GL-4396,2026-03-11 09:17:00,8.164952,10.714658,10.0,3.96
T04,GL-4396,2026-03-11 09:18:00,8.164214,10.714667,12.0,5.13
T04,GL-4396,2026-03-11 09:19:00,8.163449,10.714909,9.4,4.11
T04,GL-4396,2026-03-11 09:20:00,8.162667,10.714996,6.2,4.7
T04,GL-4396,2026-03-11 09:21:00,8.161838,10.714963,5.2,5.01
T04,GL-4396,2026-03-11 09:22:00,8.16104,10.715082,9.1,3.39
T04,GL-4396,2026-03-11 09:23:00,8.160417,10.71515,10.7,3.9
T04,GL-4396,2026-03-11 09:24:00,8.1594,10.715229,6.0,5.03
T04,GL-4396,2026-03-11 09:25:00,8.15876,10.715361,5.0,3.16
T04,GL-4396,2026-03-11 09:26:00,8.157963,10.715469,6.4,5.46
T04,GL-4396,2026-03-11 09:27:00,8.157261,10.715594,8.7,4.27
T04,GL-4396,2026-03-11 09:28:00,8.156372,10.71561,7.5,4.56
T04,GL-4396,2026-03-11 09:29:00,8.155623,10.715616,5.9,4.66
T04,GL-4396,2026-03-11 09:30:00,8.154821,10.715757,11.1,4.04
T04,GL-4396,2026-03-11 09:31:00,8.154085,10.715816,9.3,4.51
T04,GL-4396,2026-03-11 09:32:00,8.153327,10.715878,4.3,3.04
T04,GL-4396,2026-03-11 09:33:00,8.152546,10.716028,10.6,3.36
T04,GL-4396,2026-03-11 09:34:00,8.151701,10.716104,8.5,3.43
T04,GL-4396,2026-03-11 09:35:00,8.150907,10.716112,8.6,3.69
T04,GL-4396,2026-03-11 09:36:00,8.150126,10.716205,7.8,4.29
T04,GL-4396,2026-03-11 09:37:00,8.14937,10.716329,5.8,3.71
T04,GL-4396,2026-03-11 09:38:00,8.148523,10.716402,10.0,2.87
T04,GL-4396,2026-03-11 09:39:00,8.147978,10.716411,10.9,5.02
T04,GL-4396,2026-03-11 09:40:00,8.146951,10.716576,6.6,4.91
T04,GL-4396,2026-03-11 09:41:00,8.146129,10.716623,6.0,3.32
T04,GL-4396,2026-03-11 09:42:00,8.145477,10.71672,8.0,3.89
T04,GL-4396,2026-03-11 09:43:00,8.144736,10.716843,6.4,3.07
T04,GL-4396,2026-03-11 09:44:00,8.143924,10.716896,8.7,3.8
T04,GL-4396,2026-03-11 09:45:00,8.143132,10.716927,6.8,5.59
T04,GL-4396,2026-03-11 09:46:00,8.142245,10.717117,8.2,4.09
T04,GL-4396,2026-03-11 09:47:00,8.141594,10.71706,4.5,5.06
T04,GL-4396,2026-03-11 09:48:00,8.140711,10.717153,4.4,3.85
T04,GL-4396,2026-03-11 09:49:00,8.140062,10.717299,6.3,4.95
T04,GL-4396,2026-03-11 09:50:00,8.139218,10.717328,5.5,3.01
T04,GL-4396,2026-03-11 09:51:00,8.138499,10.717239,10.2,2.86
T04,GL-4396,2026-03-11 09:52:00,8.137669,10.717607,11.8,3.09
T04,GL-4396,2026-03-11 09:53:00,8.136879,10.717616,6.2,3.76
T04,GL-4396,2026-03-11 09:54:00,8.136161,10.717646,5.6,3.08
T04,GL-4396,2026-03-11 09:55:00,8.135301,10.717728,10.6,3.82
T04,GL-4396,2026-03-11 09:56:00,8.134484,10.717845,11.3,5.1
T04,GL-4396,2026-03-11 09:57:00,8.133602,10.717866,5.9,4.97
T04,GL-4396,2026-03-11 09:58:00,8.13292,10.718017,6.5,2.83
T04,GL-4396,2026-03-11 09:59:00,8.132119,10.71808,8.1,5.09
T04,GL-4396,2026-03-11 10:00:00,8.131426,10.718206,10.7,5.53
T04,GL-4396,2026-03-11 10:01:00,8.130673,10.718236,6.7,5.57
T04,GL-4396,2026-03-11 10:02:00,8.129844,10.718253,,3.21
T04,GL-4396,2026-03-11 10:03:00,8.128949,10.718467,4.9,4.67
T04,GL-4396,2026-03-11 10:04:00,8.128313,10.718537,8.0,4.04
T04,GL-4396,2026-03-11 10:05:00,8.127363,10.718588,6.6,3.77
T04,GL-4396,2026-03-11 10:06:00,8.126642,10.718625,5.2,5.21
T04,GL-4396,2026-03-11 10:07:00,8.064869,10.718754,11.0,274.92
T04,GL-4396,2026-03-11 10:08:00,8.125189,10.718799,10.6,3.35
T04,GL-4396,2026-03-11 10:09:00,8.124322,10.718967,11.2,5.13
T04,GL-4396,2026-03-11 10:10:00,8.123602,10.719017,5.0,4.28
T04,GL-4396,2026-03-11 10:11:00,8.122831,10.719022,5.1,4.07
T04,GL-4396,2026-03-11 10:12:00,8.121968,10.719124,6.9,4.08
T04,GL-4396,2026-03-11 10:13:00,8.121248,10.71927,7.0,5.43
T04,GL-4396,2026-03-11 10:14:00,8.120421,10.719366,5.9,4.69
T04,GL-4396,2026-03-11 10:15:00,8.11966,10.719399,6.0,5.43
T04,GL-4396,2026-03-11 10:16:00,8.118901,10.719527,4.4,5.3
T04,GL-4396,2026-03-11 10:17:00,8.118023,10.719608,8.4,4.2
T04,GL-4396,2026-03-11 10:18:00,8.117335,10.719798,11.9,3.72
T04,GL-4396,2026-03-11 10:19:00,8.116568,10.719757,10.0,3.05
T04,GL-4396,2026-03-11 10:20:00,8.115749,10.719853,6.3,4.96
T04,GL-4396,2026-03-11 10:21:00,8.114908,10.719948,8.2,4.57
T04,GL-4396,2026-03-11 10:22:00,8.114139,10.720032,6.5,5.4
T04,GL-4396,2026-03-11 10:23:00,8.113348,10.720128,8.2,3.3
T04,GL-4396,2026-03-11 10:24:00,8.112679,10.720254,11.7,4.38
T04,GL-4396,2026-03-11 10:25:00,8.111869,10.720288,4.0,4.35
T04,GL-4396,2026-03-11 10:26:00,8.111078,10.720323,6.8,3.97
T04,GL-4396,2026-03-11 10:27:00,8.110258,10.720473,7.2,5.13
T04,GL-4396,2026-03-11 10:28:00,8.109405,10.720382,9.3,3.11
T04,GL-4396,2026-03-11 10:29:00,8.108769,10.720606,11.6,3.45
T04,GL-4396,2026-03-11 10:30:00,8.107994,10.720663,9.3,4.13
T04,GL-4396,2026-03-11 10:31:00,8.107156,10.720722,6.7,3.89
T04,GL-4396,2026-03-11 10:32:00,8.106329,10.720831,11.8,4.57
T04,GL-4396,2026-03-11 10:33:00,8.105638,10.720877,7.3,3.47
T04,GL-4396,2026-03-11 10:34:00,8.104912,10.720951,6.8,3.78
T04,GL-4396,2026-03-11 10:35:00,8.104034,10.721145,,5.54
T04,GL-4396,2026-03-11 10:36:00,8.103233,10.721065,5.2,5.57
T04,GL-4396,2026-03-11 10:37:00,8.102402,10.72127,10.9,4.13
T04,GL-4396,2026-03-11 10:38:00,8.101553,10.721361,7.2,4.34
T04,GL-4396,2026-03-11 10:39:00,8.10099,10.72139,5.3,3.13
T04,GL-4396,2026-03-11 10:40:00,8.100231,10.721461,9.4,3.65
T04,GL-4396,2026-03-11 10:41:00,8.099342,10.721654,4.6,4.26
T04,GL-4396,2026-03-11 10:42:00,8.098528,10.721684,4.8,2.92
T04,GL-4396,2026-03-11 10:43:00,8.097804,10.721832,5.7,4.24
T04,GL-4396,2026-03-11 10:44:00,8.097009,10.721764,7.1,4.03
T04,GL-4396,2026-03-11 10:45:00,8.096032,10.721875,7.8,3.56
T04,GL-4396,2026-03-11 10:46:00,8.095392,10.722091,9.1,5.56
T04,GL-4396,2026-03-11 10:47:00,8.094566,10.721953,4.9,4.98
T04,GL-4396,2026-03-11 10:48:00,8.093915,10.722004,9.6,5.38
T04,GL-4396,2026-03-11 10:49:00,8.093027,10.722233,7.9,4.05
T04,GL-4396,2026-03-11 10:50:00,8.093131,10.722206,6.6,0.39
T04,GL-4396,2026-03-11 10:51:00,8.093329,10.722176,7.7,0.17
T04,GL-4396,2026-03-11 10:52:00,8.093075,10.722291,4.4,0.56
T04,GL-4396,2026-03-11 10:53:00,8.093038,10.722201,9.8,0.26
T04,GL-4396,2026-03-11 10:54:00,8.092965,10.722065,10.2,0.57
T04,GL-4396,2026-03-11 10:55:00,8.093058,10.722267,10.3,0.62
T04,GL-4396,2026-03-11 10:56:00,8.09315,10.722247,4.7,0.89
T04,GL-4396,2026-03-11 10:57:00,8.093147,10.722325,11.2,0.85
T04,GL-4396,2026-03-11 10:58:00,8.093016,10.722249,7.1,0.21
T04,GL-4396,2026-03-11 10:59:00,8.093054,10.722116,7.6,0.51
T04,GL-4396,2026-03-11 11:00:00,8.093075,10.722201,5.0,0.07
T04,GL-4396,2026-03-11 11:01:00,8.093168,10.722361,9.1,0.5
T04,GL-4396,2026-03-11 11:02:00,8.093137,10.722354,6.1,0.43
T04,GL-4396,2026-03-11 11:03:00,8.093027,10.72232,5.7,0.62
T04,GL-4396,2026-03-11 11:04:00,8.092993,10.722136,8.5,0.49
T04,GL-4396,2026-03-11 11:05:00,8.09298,10.722169,8.6,0.25
T04,GL-4396,2026-03-11 11:06:00,8.093236,10.722206,,0.47
T04,GL-4396,2026-03-11 11:07:00,8.092937,10.722238,6.1,0.49
T04,GL-4396,2026-03-11 11:08:00,8.093095,10.722124,7.4,0.79
T04,GL-4396,2026-03-11 11:09:00,8.093174,10.72223,7.0,0.36
T04,GL-4396,2026-03-11 11:10:00,8.093109,10.722179,10.8,0.21
T04,GL-4396,2026-03-11 11:11:00,8.093048,10.722372,9.9,0.26
T04,GL-4396,2026-03-11 11:12:00,8.093133,10.722211,8.3,0.09
T04,GL-4396,2026-03-11 11:13:00,8.093215,10.722284,11.0,0.52
T04,GL-4396,2026-03-11 11:14:00,8.093113,10.722245,4.3,0.44
T04,GL-4396,2026-03-11 11:15:00,8.093203,10.722271,7.3,0.32
T04,GL-4396,2026-03-11 11:16:00,8.093186,10.722309,10.0,0.38
T04,GL-4396,2026-03-11 11:17:00,8.093091,10.722362,,0.28
T04,GL-4396,2026-03-11 11:18:00,8.09321,10.72224,8.9,0.69
T04,GL-4396,2026-03-11 11:19:00,8.09307,10.722207,10.7,0.71
T04,GL-4396,2026-03-11 11:20:00,8.092589,10.722131,11.0,3.13
T04,GL-4396,2026-03-11 11:21:00,8.091993,10.722194,4.8,4.02
T04,GL-4396,2026-03-11 11:22:00,8.091468,10.721989,11.9,4.44
T04,GL-4396,2026-03-11 11:23:00,8.090986,10.721785,8.4,4.04
T04,GL-4396,2026-03-11 11:24:00,8.09044,10.721802,7.8,3.54
T04,GL-4396,2026-03-11 11:25:00,8.089865,10.721662,9.5,3.83
T04,GL-4396,2026-03-11 11:26:00,8.089437,10.72159,9.5,4.7
T04,GL-4396,2026-03-11 11:27:00,8.08887,10.721564,9.0,3.01
T04,GL-4396,2026-03-11 11:28:00,8.088408,10.721346,8.5,4.31
T04,GL-4396,2026-03-11 11:29:00,8.087798,10.721391,9.5,5.47
T04,GL-4396,2026-03-11 11:30:00,8.087295,10.721266,4.8,3.38
T04,GL-4396,2026-03-11 11:31:00,8.086748,10.721128,10.0,5.6
T04,GL-4396,2026-03-11 11:32:00,8.086091,10.721021,6.1,2.97
T04,GL-4396,2026-03-11 11:33:00,8.085579,10.720945,8.7,2.81
T04,GL-4396,2026-03-11 11:34:00,8.085153,10.720791,8.5,4.55
T04,GL-4396,2026-03-11 11:35:00,8.084599,10.720772,10.3,3.24
T04,GL-4396,2026-03-11 11:36:00,8.084041,10.720645,4.4,4.45
T04,GL-4396,2026-03-11 11:37:00,8.083449,10.720541,8.1,5.15
T04,GL-4396,2026-03-11 11:38:00,8.082946,10.720536,6.5,2.82
T04,GL-4396,2026-03-11 11:39:00,8.082519,10.720402,4.1,2.98
T04,GL-4396,2026-03-11 11:40:00,8.081762,10.720451,10.3,5.31
T04,GL-4396,2026-03-11 11:41:00,8.081304,10.720207,10.5,4.51
T04,GL-4396,2026-03-11 11:42:00,8.080879,10.720095,8.2,3.3
T04,GL-4396,2026-03-11 11:43:00,8.080236,10.72013,10.4,4.82
T04,GL-4396,2026-03-11 11:44:00,8.079724,10.719965,9.5,3.04
T04,GL-4396,2026-03-11 11:45:00,8.079139,10.720005,11.8,3.81
T04,GL-4396,2026-03-11 11:46:00,8.078557,10.719774,5.1,4.29
T04,GL-4396,2026-03-11 11:47:00,8.078132,10.719709,7.8,4.94
T04,GL-4396,2026-03-11 11:48:00,8.077566,10.719697,11.0,3.66
T04,GL-4396,2026-03-11 11:49:00,8.07715,10.719587,11.8,3.83
T04,GL-4396,2026-03-11 11:50:00,8.076568,10.719362,6.9,4.13
T04,GL-4396,2026-03-11 11:51:00,8.076105,10.719367,4.5,4.62
T04,GL-4396,2026-03-11 11:52:00,8.075495,10.719321,5.0,5.51
T04,GL-4396,2026-03-11 11:53:00,8.075042,10.719143,11.3,3.11
T04,GL-4396,2026-03-11 11:54:00,8.035627,10.719094,,324.5
T04,GL-4396,2026-03-11 11:55:00,8.073972,10.718953,9.1,4.58
T04,GL-4396,2026-03-11 11:56:00,8.073217,10.71898,9.3,3.67
T04,GL-4396,2026-03-11 11:57:00,8.072786,10.718792,7.0,5.42
T04,GL-4396,2026-03-11 11:58:00,8.072305,10.71869,7.7,5.06
T04,GL-4396,2026-03-11 11:59:00,8.071682,10.718571,5.8,4.01
T04,GL-4396,2026-03-11 12:00:00,8.071138,10.71857,,4.88
T04,GL-4396,2026-03-11 12:01:00,8.070722,10.718534,5.9,3.03
T04,GL-4396,2026-03-11 12:02:00,8.070141,10.718366,8.7,5.3
T04,GL-4396,2026-03-11 12:03:00,8.069658,10.718371,6.4,3.86
T04,GL-4396,2026-03-11 12:04:00,8.069064,10.71808,10.2,3.67
T04,GL-4396,2026-03-11 12:05:00,8.068582,10.718068,4.9,4.93
T04,GL-4396,2026-03-11 12:06:00,8.067956,10.717956,9.9,5.24
T04,GL-4396,2026-03-11 12:07:00,8.067441,10.717989,4.6,3.03
T04,GL-4396,2026-03-11 12:08:00,8.067006,10.71787,10.6,3.07
T04,GL-4396,2026-03-11 12:09:00,8.066387,10.717822,11.4,4.82
T04,GL-4396,2026-03-11 12:10:00,8.065839,10.717571,8.8,3.87
T04,GL-4396,2026-03-11 12:11:00,8.06542,10.717498,7.8,5.54
T04,GL-4396,2026-03-11 12:12:00,8.064771,10.717483,8.2,4.19
T04,GL-4396,2026-03-11 12:13:00,8.064191,10.717455,6.2,2.91
T04,GL-4396,2026-03-11 12:14:00,8.063708,10.717322,11.2,4.9
T04,GL-4396,2026-03-11 12:15:00,8.063246,10.717191,9.8,5.13
T04,GL-4396,2026-03-11 12:16:00,8.062632,10.717231,5.6,5.1
T04,GL-4396,2026-03-11 12:17:00,8.062123,10.717037,11.9,4.52
T04,GL-4396,2026-03-11 12:18:00,8.061659,10.716938,6.1,4.28
T04,GL-4396,2026-03-11 12:19:00,8.061023,10.716948,4.2,4.66
T04,GL-4396,2026-03-11 12:20:00,8.060542,10.716629,8.7,5.15
T04,GL-4396,2026-03-11 12:21:00,8.05994,10.716747,5.8,4.4
T04,GL-4396,2026-03-11 12:22:00,8.059458,10.716573,12.0,3.5
T04,GL-4396,2026-03-11 12:23:00,8.058951,10.716522,7.8,3.04
T04,GL-4396,2026-03-11 12:24:00,8.058246,10.716344,11.1,2.82
T04,GL-4396,2026-03-11 12:25:00,8.057896,10.716346,6.1,5.04
T04,GL-4396,2026-03-11 12:26:00,8.057279,10.716262,5.3,3.85
T04,GL-4396,2026-03-11 12:27:00,8.05679,10.716306,5.6,3.22
T04,GL-4396,2026-03-11 12:28:00,8.056224,10.715954,6.3,4.18
T04,GL-4396,2026-03-11 12:29:00,8.055708,10.715929,8.2,4.96
T04,GL-4396,2026-03-11 12:30:00,8.055104,10.715893,8.3,4.48
T04,GL-4396,2026-03-11 12:31:00,8.054646,10.715799,8.5,5.09
T04,GL-4396,2026-03-11 12:32:00,8.054044,10.715581,5.0,5.34
T04,GL-4396,2026-03-11 12:33:00,8.053519,10.715758,9.1,3.33
T04,GL-4396,2026-03-11 12:34:00,8.05314,10.715526,9.5,4.09
T04,GL-4396,2026-03-11 12:35:00,8.052602,10.715457,10.1,5.38
T04,GL-4396,2026-03-11 12:36:00,8.052041,10.715315,9.1,4.37
T04,GL-4396,2026-03-11 12:37:00,8.051556,10.715374,4.3,3.03
T04,GL-4396,2026-03-11 12:38:00,8.050965,10.715201,11.2,3.05
T04,GL-4396,2026-03-11 12:39:00,8.050419,10.715147,11.7,3.73
T04,GL-4396,2026-03-11 12:40:00,8.04978,10.715086,5.4,3.98
T04,GL-4396,2026-03-11 12:41:00,8.049263,10.714936,9.4,3.5
T04,GL-4396,2026-03-11 12:42:00,8.048727,10.71488,7.8,4.81
T04,GL-4396,2026-03-11 12:43:00,8.048314,10.714736,11.0,4.06
T04,GL-4396,2026-03-11 12:44:00,8.047725,10.714668,4.5,2.86
T04,GL-4396,2026-03-11 12:45:00,8.047186,10.714548,7.0,5.17
T04,GL-4396,2026-03-11 12:46:00,8.04658,10.714607,,3.71
T04,GL-4396,2026-03-11 12:47:00,8.046028,10.714416,5.5,3.44
T04,GL-4396,2026-03-11 12:48:00,8.045581,10.714356,9.8,5.02
T04,GL-4396,2026-03-11 12:49:00,8.045071,10.71427,5.9,3.22
T04,GL-4396,2026-03-11 12:50:00,8.044338,10.71411,8.0,4.96
T04,GL-4396,2026-03-11 12:51:00,8.044023,10.713993,9.4,3.78
T04,GL-4396,2026-03-11 12:52:00,8.043506,10.713947,7.7,4.87
T04,GL-4396,2026-03-11 12:53:00,8.04298,10.713841,5.8,3.78
T04,GL-4396,2026-03-11 12:54:00,8.04241,10.713696,9.7,5.26
T04,GL-4396,2026-03-11 12:55:00,8.041884,10.713574,9.3,3.49
T04,GL-4396,2026-03-11 12:56:00,8.041287,10.713689,8.1,5.24
T04,GL-4396,2026-03-11 12:57:00,8.049477,10.713573,9.2,223.49
T04,GL-4396,2026-03-11 12:58:00,8.040361,10.713327,11.6,5.41
T04,GL-4396,2026-03-11 12:59:00,8.039785,10.713377,10.2,2.98
T04,GL-4396,2026-03-11 13:00:00,8.039127,10.713217,6.6,3.43
T04,GL-4396,2026-03-11 13:01:00,8.038734,10.71314,5.9,4.67
T04,GL-4396,2026-03-11 13:02:00,8.038089,10.713063,8.2,5.18
T04,GL-4396,2026-03-11 13:03:00,8.037697,10.712941,4.6,5.01
T04,GL-4396,2026-03-11 13:04:00,8.03701,10.712898,8.3,3.48
T04,GL-4396,2026-03-11 13:05:00,8.036582,10.712761,11.7,3.61
T04,GL-4396,2026-03-11 13:06:00,8.036019,10.712767,4.8,3.11
T04,GL-4396,2026-03-11 13:07:00,8.035487,10.712648,8.7,3.32
T04,GL-4396,2026-03-11 13:08:00,8.034889,10.71245,7.4,4.27
T04,GL-4396,2026-03-11 13:09:00,8.034466,10.712496,4.0,4.29
T04,GL-4396,2026-03-11 13:10:00,8.033804,10.712342,10.1,3.84
T04,GL-4396,2026-03-11 13:11:00,8.033334,10.712369,9.3,5.59
T04,GL-4396,2026-03-11 13:12:00,8.032825,10.712264,10.3,5.27
T04,GL-4396,2026-03-11 13:13:00,8.032274,10.712008,4.1,3.66
T04,GL-4396,2026-03-11 13:14:00,8.031679,10.711925,10.6,4.72
T04,GL-4396,2026-03-11 13:15:00,8.031277,10.711936,8.8,3.69
T04,GL-4396,2026-03-11 13:16:00,8.030644,10.711755,10.5,5.01
T04,GL-4396,2026-03-11 13:17:00,8.030133,10.711756,8.8,4.62
T04,GL-4396,2026-03-11 13:18:00,8.029661,10.711571,7.3,5.44
T04,GL-4396,2026-03-11 13:19:00,8.029105,10.711589,5.8,4.4
T04,GL-4396,2026-03-11 13:20:00,8.028664,10.71136,9.5,3.49
T04,GL-4396,2026-03-11 13:21:00,8.028042,10.711351,7.0,3.81
T04,GL-4396,2026-03-11 13:22:00,8.027385,10.711354,5.1,3.94
T04,GL-4396,2026-03-11 13:23:00,8.026863,10.711203,8.6,4.97
T04,GL-4396,2026-03-11 13:24:00,8.026319,10.711071,11.4,3.78
T04,GL-4396,2026-03-11 13:25:00,8.025887,10.711026,6.3,4.07
T04,GL-4396,2026-03-11 13:26:00,8.025228,10.710935,6.9,4.98
T04,GL-4396,2026-03-11 13:27:00,8.0247,10.710871,7.9,3.05
T04,GL-4396,2026-03-11 13:28:00,8.02431,10.710765,10.6,3.42
T04,GL-4396,2026-03-11 13:29:00,8.023741,10.710611,11.2,4.14
T04,GL-4396,2026-03-11 13:30:00,8.023233,10.710616,4.2,3.08
T04,GL-4396,2026-03-11 13:31:00,8.022645,10.710375,9.9,4.31
T04,GL-4396,2026-03-11 13:32:00,8.022071,10.710466,11.6,3.68
T04,GL-4396,2026-03-11 13:33:00,8.021565,10.710339,6.3,4.57
T04,GL-4396,2026-03-11 13:34:00,8.020994,10.710182,5.8,5.05
T04,GL-4396,2026-03-11 13:35:00,8.020505,10.710296,4.1,3.19
T04,GL-4396,2026-03-11 13:36:00,8.020039,10.710119,10.1,5.37
T04,GL-4396,2026-03-11 13:37:00,8.019511,10.709979,5.5,3.38
T04,GL-4396,2026-03-11 13:38:00,8.018841,10.709999,5.8,3.85
T04,GL-4396,2026-03-11 13:39:00,8.018386,10.709779,9.3,4.34
T04,GL-4396,2026-03-11 13:40:00,8.017837,10.709681,4.8,4.1
T04,GL-4396,2026-03-11 13:41:00,8.017409,10.709616,11.8,5.25
T04,GL-4396,2026-03-11 13:42:00,8.016704,10.709525,8.3,5.27
T04,GL-4396,2026-03-11 13:43:00,8.016298,10.709529,11.3,3.21
T04,GL-4396,2026-03-11 13:44:00,8.015745,10.709334,5.0,4.92
T04,GL-4396,2026-03-11 13:45:00,8.015223,10.709179,11.1,4.89
T04,GL-4396,2026-03-11 13:46:00,8.014619,10.709152,10.6,3.37
T04,GL-4396,2026-03-11 13:47:00,8.014177,10.709169,5.3,4.69
T04,GL-4396,2026-03-11 13:48:00,8.013528,10.709009,6.2,4.21
T04,GL-4396,2026-03-11 13:49:00,8.01313,10.708969,4.2,4.63
T04,GL-4396,2026-03-11 13:50:00,8.012489,10.708785,6.9,4.87
T04,GL-4396,2026-03-11 13:51:00,8.011911,10.708696,8.5,3.35
T04,GL-4396,2026-03-11 13:52:00,8.011417,10.708556,7.0,3.07
T04,GL-4396,2026-03-11 13:53:00,8.010823,10.708659,6.5,3.44
T04,GL-4396,2026-03-11 13:54:00,8.010391,10.708434,10.3,4.64
T04,GL-4396,2026-03-11 13:55:00,8.009814,10.708341,4.5,2.85
T04,GL-4396,2026-03-11 13:56:00,8.009283,10.708404,5.6,3.64
T04,GL-4396,2026-03-11 13:57:00,8.008749,10.708159,11.6,4.5
T04,GL-4396,2026-03-11 13:58:00,8.008269,10.708073,6.4,5.12
T04,GL-4396,2026-03-11 13:59:00,8.007757,10.708046,8.5,4.09
T04,GL-4396,2026-03-11 14:00:00,8.007252,10.707934,8.5,4.53
T04,GL-4396,2026-03-11 14:01:00,8.006496,10.707747,4.8,4.17
T04,GL-4396,2026-03-11 14:02:00,8.006079,10.707707,9.8,3.83
T04,GL-4396,2026-03-11 14:03:00,8.005569,10.707634,9.2,5.31
T04,GL-4396,2026-03-11 14:04:00,8.005101,10.70752,8.3,4.75
T04,GL-4396,2026-03-11 14:05:00,8.004486,10.707338,7.9,4.94
T04,GL-4396,2026-03-11 14:06:00,8.003919,10.707391,8.0,4.1
T04,GL-4396,2026-03-11 14:07:00,8.003427,10.707315,8.1,4.1
T04,GL-4396,2026-03-11 14:08:00,8.002916,10.707215,7.7,3.09
T04,GL-4396,2026-03-11 14:09:00,8.002295,10.707097,4.6,5.22
T04,GL-4396,2026-03-11 14:10:00,8.001786,10.706984,11.6,4.59
T04,GL-4396,2026-03-11 14:11:00,8.001187,10.706822,8.7,4.74
T04,GL-4396,2026-03-11 14:12:00,8.000804,10.706852,10.7,3.81
T04,GL-4396,2026-03-11 14:13:00,8.000266,10.706715,5.4,3.77
T04,GL-4396,2026-03-11 14:14:00,7.999744,10.706673,4.6,4.29
T04,GL-4396,2026-03-11 14:15:00,7.999096,10.706536,9.5,3.08
T04,GL-4396,2026-03-11 14:16:00,7.99863,10.706527,11.8,3.18
T04,GL-4396,2026-03-11 14:17:00,7.99804,10.706384,10.5,4.09
T04,GL-4396,2026-03-11 14:18:00,7.997523,10.706317,8.2,4.12
T04,GL-4396,2026-03-11 14:19:00,7.996952,10.706262,7.0,4.19
T04,GL-4396,2026-03-11 14:20:00,7.99647,10.706145,4.8,5.2
T04,GL-4396,2026-03-11 14:21:00,7.995923,10.706101,8.9,4.19
T04,GL-4396,2026-03-11 14:22:00,7.995344,10.705981,5.3,4.58
T04,GL-4396,2026-03-11 14:23:00,7.994835,10.705959,10.7,3.73
T04,GL-4396,2026-03-11 14:24:00,7.994296,10.705694,7.9,5.58
T04,GL-4396,2026-03-11 14:25:00,7.993731,10.705727,9.9,4.85
T04,GL-4396,2026-03-11 14:26:00,7.993343,10.705537,9.3,3.24
T04,GL-4396,2026-03-11 14:27:00,7.992748,10.705463,9.3,3.72
T04,GL-4396,2026-03-11 14:28:00,7.992234,10.705437,8.3,3.79
T04,GL-4396,2026-03-11 14:29:00,7.991565,10.705323,8.2,3.86
T04,GL-4396,2026-03-11 14:30:00,7.991226,10.705275,8.2,3.03
T04,GL-4396,2026-03-11 14:31:00,7.990616,10.705154,6.1,3.88
T04,GL-4396,2026-03-11 14:32:00,7.990044,10.705102,5.4,4.46
T04,GL-4396,2026-03-11 14:33:00,7.989648,10.705051,4.3,4.72
T04,GL-4396,2026-03-11 14:34:00,7.988954,10.704872,5.0,3.07
T04,GL-4396,2026-03-11 14:35:00,7.988601,10.704826,11.8,5.4
T04,GL-4396,2026-03-11 14:36:00,7.987917,10.704651,5.8,5.41
T04,GL-4396,2026-03-11 14:37:00,7.987389,10.704677,12.0,5.4
T04,GL-4396,2026-03-11 14:38:00,7.986847,10.704506,6.0,3.83
T04,GL-4396,2026-03-11 14:39:00,7.986332,10.704545,5.9,2.8
T04,GL-4396,2026-03-11 14:40:00,7.985753,10.704235,8.1,5.06
T04,GL-4396,2026-03-11 14:41:00,7.985262,10.704295,5.1,3.64
T04,GL-4396,2026-03-11 14:42:00,7.984744,10.704122,7.5,3.05
T04,GL-4396,2026-03-11 14:43:00,7.984279,10.704145,4.9,4.51
T04,GL-4396,2026-03-11 14:44:00,7.983756,10.703968,11.4,3.38
T04,GL-4396,2026-03-11 14:45:00,7.983091,10.70396,7.6,3.23
T04,GL-4396,2026-03-11 14:46:00,7.982585,10.703857,10.0,5.36
T04,GL-4396,2026-03-11 14:47:00,7.982079,10.703772,10.9,3.52
T04,GL-4396,2026-03-11 14:48:00,7.981481,10.703701,11.8,4.06
T04,GL-4396,2026-03-11 14:49:00,7.980937,10.703609,9.0,4.77
T04,GL-4396,2026-03-11 14:50:00,7.980529,10.703495,6.5,3.9
T04,GL-4396,2026-03-11 14:51:00,7.979935,10.703343,4.0,4.62
T04,GL-4396,2026-03-11 14:52:00,7.979452,10.703298,11.7,4.73
T04,GL-4396,2026-03-11 14:53:00,7.978925,10.703175,6.1,3.47
T04,GL-4396,2026-03-11 14:54:00,7.978343,10.703183,6.4,4.14
T04,GL-4396,2026-03-11 14:55:00,7.977785,10.702955,8.4,4.43
T04,GL-4396,2026-03-11 14:56:00,7.977289,10.70292,5.3,3.4
T04,GL-4396,2026-03-11 14:57:00,7.97665,10.702874,10.5,2.97
T04,GL-4396,2026-03-11 14:58:00,7.976231,10.702769,10.7,5.21
T04,GL-4396,2026-03-11 14:59:00,7.975779,10.70265,8.5,4.18
T04,GL-4396,2026-03-11 15:00:00,7.9752,10.70262,8.0,5.15
T04,GL-4396,2026-03-11 15:01:00,7.974524,10.702411,7.9,4.76
T04,GL-4396,2026-03-11 15:02:00,7.97408,10.702534,4.5,4.81
T04,GL-4396,2026-03-11 15:03:00,7.973475,10.702421,10.7,5.08
T04,GL-4396,2026-03-11 15:04:00,7.972954,10.702248,9.4,5.16
T04,GL-4396,2026-03-11 15:05:00,7.972533,10.702196,8.2,4.64
T04,GL-4396,2026-03-11 15:06:00,7.97192,10.702018,4.7,5.06
T04,GL-4396,2026-03-11 15:07:00,7.97133,10.701898,10.5,3.78
T04,GL-4396,2026-03-11 15:08:00,7.970838,10.701868,9.5,4.06
T04,GL-4396,2026-03-11 15:09:00,7.970366,10.701685,11.0,3.97
T04,GL-4396,2026-03-11 15:10:00,7.969778,10.701669,11.7,3.0
T04,GL-4396,2026-03-11 15:11:00,7.969349,10.701525,11.0,3.36
T04,GL-4396,2026-03-11 15:12:00,7.968803,10.701554,11.0,3.19
T04,GL-4396,2026-03-11 15:13:00,7.968206,10.701343,5.7,3.41
T04,GL-4396,2026-03-11 15:14:00,7.967645,10.701349,6.4,3.47
T04,GL-4396,2026-03-11 15:15:00,7.967145,10.701201,4.4,3.1
T04,GL-4396,2026-03-11 15:16:00,7.966642,10.701103,8.8,3.51
T04,GL-4396,2026-03-11 15:17:00,7.966201,10.701071,5.6,5.58
T04,GL-4396,2026-03-11 15:18:00,7.965532,10.701013,8.7,3.0
T04,GL-4396,2026-03-11 15:19:00,7.964978,10.700878,5.4,3.91
T04,GL-4396,2026-03-11 15:20:00,7.964537,10.700741,4.8,3.36
T04,GL-4396,2026-03-11 15:21:00,7.963976,10.700718,7.6,3.64
T04,GL-4396,2026-03-11 15:22:00,7.963375,10.700614,12.0,4.05
T04,GL-4396,2026-03-11 15:23:00,7.96282,10.700528,4.5,5.49
T04,GL-4396,2026-03-11 15:24:00,7.962329,10.700546,10.1,5.54
T04,GL-4396,2026-03-11 15:25:00,7.961769,10.700379,5.0,3.81
T04,GL-4396,2026-03-11 15:26:00,7.961277,10.700219,6.6,3.38
T04,GL-4396,2026-03-11 15:27:00,7.960794,10.700083,8.1,4.49
T04,GL-4396,2026-03-11 15:28:00,7.960148,10.700256,9.6,4.46
T04,GL-4396,2026-03-11 15:29:00,7.959682,10.699971,8.2,3.66
T04,GL-4396,2026-03-11 15:30:00,7.959189,10.699907,,4.17
T04,GL-4396,2026-03-11 15:31:00,7.958655,10.699864,10.5,4.31
T04,GL-4396,2026-03-11 15:32:00,7.95806,10.699689,7.2,3.78
T04,GL-4396,2026-03-11 15:33:00,7.957461,10.699704,11.3,5.11
T04,GL-4396,2026-03-11 15:34:00,7.957117,10.699541,12.0,3.33
T04,GL-4396,2026-03-11 15:35:00,7.95642,10.699424,4.9,3.01
T04,GL-4396,2026-03-11 15:36:00,8.039333,10.699339,4.1,277.76
T04,GL-4396,2026-03-11 15:37:00,7.955459,10.699372,11.0,5.34
T04,GL-4396,2026-03-11 15:38:00,7.954906,10.699169,9.3,3.68
T04,GL-4396,2026-03-11 15:39:00,7.954231,10.69921,11.9,3.71
T04,GL-4396,2026-03-11 15:40:00,7.953656,10.698998,7.1,3.11
T04,GL-4396,2026-03-11 15:41:00,7.953273,10.698937,4.5,5.0
T04,GL-4396,2026-03-11 15:42:00,7.95271,10.698813,10.1,5.24
T04,GL-4396,2026-03-11 15:43:00,7.952141,10.698708,6.7,4.71
T04,GL-4396,2026-03-11 15:44:00,7.951614,10.698687,9.9,3.37
T04,GL-4396,2026-03-11 15:45:00,7.951139,10.698638,7.7,5.47
T04,GL-4396,2026-03-11 15:46:00,7.95059,10.698504,,3.36
T04,GL-4396,2026-03-11 15:47:00,7.949995,10.698402,6.3,5.31
T04,GL-4396,2026-03-11 15:48:00,7.949579,10.698311,4.7,4.58
T04,GL-4396,2026-03-11 15:49:00,7.948893,10.698129,4.9,2.97
T04,GL-4396,2026-03-11 15:50:00,7.948452,10.698178,4.9,4.01
T04,GL-4396,2026-03-11 15:51:00,7.947879,10.698078,8.0,5.51
T04,GL-4396,2026-03-11 15:52:00,7.947425,10.697959,8.2,4.88
T04,GL-4396,2026-03-11 15:53:00,7.946933,10.697867,10.6,5.57
T04,GL-4396,2026-03-11 15:54:00,7.94632,10.697834,7.9,5.34
T04,GL-4396,2026-03-11 15:55:00,7.945822,10.697782,11.8,3.0
T04,GL-4396,2026-03-11 15:56:00,7.945171,10.697554,9.7,4.16
T04,GL-4396,2026-03-11 15:57:00,7.944719,10.697488,4.7,4.74
T04,GL-4396,2026-03-11 15:58:00,7.944178,10.697368,5.8,4.14
T04,GL-4396,2026-03-11 15:59:00,7.943602,10.697338,8.2,4.01
T04,GL-4396,2026-03-11 16:00:00,7.943168,10.697258,5.0,4.89
T04,GL-4396,2026-03-11 16:01:00,7.942614,10.69722,5.3,5.43
T04,GL-4396,2026-03-11 16:02:00,7.94196,10.697028,6.0,3.94
T04,GL-4396,2026-03-11 16:03:00,7.94154,10.697033,7.4,4.96
T04,GL-4396,2026-03-11 16:04:00,7.940924,10.69703,11.1,3.44
T04,GL-4396,2026-03-11 16:05:00,7.940463,10.696683,7.5,5.24
T04,GL-4396,2026-03-11 16:06:00,7.939954,10.696715,9.0,5.23
T04,GL-4396,2026-03-11 16:07:00,7.939446,10.696683,8.7,3.1
T04,GL-4396,2026-03-11 16:08:00,7.938826,10.696463,7.3,3.69
T04,GL-4396,2026-03-11 16:09:00,7.938354,10.696547,11.1,5.23
T04,GL-4396,2026-03-11 16:10:00,7.937834,10.69636,5.4,5.6
T04,GL-4396,2026-03-11 16:11:00,7.937307,10.696305,11.6,5.3
T04,GL-4396,2026-03-11 16:12:00,7.936764,10.696196,7.6,5.34
T04,GL-4396,2026-03-11 16:13:00,7.936225,10.696099,6.6,4.54
T04,GL-4396,2026-03-11 16:14:00,7.935691,10.695911,4.3,3.46
T04,GL-4396,2026-03-11 16:15:00,7.935239,10.695983,7.6,4.39
T04,GL-4396,2026-03-11 16:16:00,7.93467,10.695782,,5.22
T04,GL-4396,2026-03-11 16:17:00,7.934155,10.695825,5.2,2.84
T04,GL-4396,2026-03-11 16:18:00,7.933571,10.695506,9.2,4.82
T04,GL-4396,2026-03-11 16:19:00,7.933001,10.695595,6.0,2.84
T04,GL-4396,2026-03-11 16:20:00,7.932349,10.695458,9.1,3.0
T04,GL-4396,2026-03-11 16:21:00,7.931923,10.69544,10.1,4.53
T04,GL-4396,2026-03-11 16:22:00,7.931279,10.695148,10.1,3.46
T04,GL-4396,2026-03-11 16:23:00,7.93084,10.695218,10.0,3.66
T04,GL-4396,2026-03-11 16:24:00,7.930354,10.695169,5.8,5.45
T04,GL-4396,2026-03-11 16:25:00,7.929721,10.695,7.9,4.92
T04,GL-4396,2026-03-11 16:26:00,7.92925,10.695,10.5,5.18
T04,GL-4396,2026-03-11 16:27:00,7.928723,10.694813,10.3,4.92
T04,GL-4396,2026-03-11 16:28:00,7.928213,10.694781,4.9,5.33
T04,GL-4396,2026-03-11 16:29:00,7.9276,10.694831,10.5,4.91
T04,GL-4396,2026-03-11 16:30:00,7.92711,10.694564,11.4,3.18
T04,GL-4396,2026-03-11 16:31:00,7.926548,10.694471,7.1,3.55
T04,GL-4396,2026-03-11 16:32:00,7.926112,10.694325,7.6,3.25
T04,GL-4396,2026-03-11 16:33:00,7.925556,10.694346,,3.79
T04,GL-4396,2026-03-11 16:34:00,7.925026,10.694174,4.5,4.42
T04,GL-4396,2026-03-11 16:35:00,7.924453,10.694162,10.2,5.02
T04,GL-4396,2026-03-11 16:36:00,7.923922,10.694066,6.6,5.49
T04,GL-4396,2026-03-11 16:37:00,7.92339,10.69394,7.4,4.36
T04,GL-4396,2026-03-11 16:38:00,8.150096,10.693785,,219.21
T04,GL-4396,2026-03-11 16:39:00,7.922268,10.693893,9.7,3.82
T04,GL-4396,2026-03-11 16:40:00,7.921743,10.693613,8.8,2.94
T04,GL-4396,2026-03-11 16:41:00,7.921265,10.693657,5.4,5.32
T04,GL-4396,2026-03-11 16:42:00,7.920703,10.693641,7.4,4.08
T04,GL-4396,2026-03-11 16:43:00,7.920135,10.69348,7.1,4.33
T04,GL-4396,2026-03-11 16:44:00,7.919806,10.693294,5.7,2.83
T04,GL-4396,2026-03-11 16:45:00,7.919029,10.693284,9.1,4.69
T04,GL-4396,2026-03-11 16:46:00,7.91859,10.693163,11.2,4.88
T04,GL-4396,2026-03-11 16:47:00,7.918001,10.693059,12.0,3.12
T04,GL-4396,2026-03-11 16:48:00,7.91751,10.692933,8.8,2.89
T04,GL-4396,2026-03-11 16:49:00,7.917055,10.692873,8.1,3.89
T04,GL-4396,2026-03-11 16:50:00,7.916467,10.692808,6.6,4.88
T04,GL-4396,2026-03-11 16:51:00,7.91589,10.692727,8.9,5.04
T04,GL-4396,2026-03-11 16:52:00,7.915394,10.692665,4.6,3.83
T04,GL-4396,2026-03-11 16:53:00,7.914807,10.692617,4.1,3.88
T04,GL-4396,2026-03-11 16:54:00,7.91427,10.692415,7.0,4.88
T04,GL-4396,2026-03-11 16:55:00,7.913648,10.692372,8.1,4.98
T04,GL-4396,2026-03-11 16:56:00,7.913208,10.692253,11.9,5.43
T04,GL-4396,2026-03-11 16:57:00,7.912796,10.692227,7.8,3.57
T04,GL-4396,2026-03-11 16:58:00,7.9122,10.692118,6.4,4.85
T04,GL-4396,2026-03-11 16:59:00,7.911617,10.692167,9.2,3.83
T04,GL-4396,2026-03-11 17:00:00,7.911154,10.691901,5.9,3.97
T04,GL-4396,2026-03-11 17:01:00,7.910437,10.691862,8.4,4.96
T04,GL-4396,2026-03-11 17:02:00,7.910089,10.691841,11.3,3.72
T04,GL-4396,2026-03-11 17:03:00,7.909463,10.691694,5.9,3.93
T04,GL-4396,2026-03-11 17:04:00,7.908978,10.691587,,3.07
T04,GL-4396,2026-03-11 17:05:00,7.908449,10.69151,5.8,5.24
T04,GL-4396,2026-03-11 17:06:00,7.907951,10.691434,5.7,5.02
T04,GL-4396,2026-03-11 17:07:00,7.907377,10.691262,10.1,5.14
T04,GL-4396,2026-03-11 17:08:00,7.906868,10.691225,12.0,3.52
T04,GL-4396,2026-03-11 17:09:00,7.906309,10.691,7.6,5.11
T04,GL-4396,2026-03-11 17:10:00,7.905769,10.69113,5.9,5.08
T04,GL-4396,2026-03-11 17:11:00,7.905241,10.690872,11.5,4.48
T04,GL-4396,2026-03-11 17:12:00,7.904733,10.690771,11.2,4.99
T04,GL-4396,2026-03-11 17:13:00,7.904271,10.690741,5.2,3.67
T04,GL-4396,2026-03-11 17:14:00,7.903667,10.690678,7.7,4.33
T04,GL-4396,2026-03-11 17:15:00,7.903138,10.69053,5.0,4.51
T04,GL-4396,2026-03-11 17:16:00,7.902671,10.690547,5.8,3.67
T04,GL-4396,2026-03-11 17:17:00,7.902053,10.690377,7.8,2.91
T04,GL-4396,2026-03-11 17:18:00,7.901389,10.690246,5.8,2.93
T04,GL-4396,2026-03-11 17:19:00,7.901008,10.690247,10.5,5.45
T04,GL-4396,2026-03-11 17:20:00,7.900456,10.690193,6.6,5.59
T04,GL-4396,2026-03-11 17:21:00,7.899871,10.689976,5.8,3.03
T04,GL-4396,2026-03-11 17:22:00,7.899448,10.689925,4.7,5.51
T04,GL-4396,2026-03-11 17:23:00,7.898824,10.689975,11.3,5.41
T04,GL-4396,2026-03-11 17:24:00,7.898221,10.689824,10.3,5.45
T04,GL-4396,2026-03-11 17:25:00,7.897832,10.689744,6.6,3.78
T04,GL-4396,2026-03-11 17:26:00,7.897245,10.68956,9.2,2.82
T04,GL-4396,2026-03-11 17:27:00,7.896621,10.689522,8.7,4.06
T04,GL-4396,2026-03-11 17:28:00,7.896225,10.689429,9.7,4.25
T04,GL-4396,2026-03-11 17:29:00,7.89567,10.689317,4.9,3.92
T04,GL-4396,2026-03-11 17:30:00,7.895121,10.689167,11.6,4.23
T04,GL-4396,2026-03-11 17:31:00,7.894566,10.689134,11.2,5.58
T04,GL-4396,2026-03-11 17:32:00,7.894051,10.688991,6.1,4.89
T04,GL-4396,2026-03-11 17:33:00,7.893542,10.688958,11.7,4.64
T04,GL-4396,2026-03-11 17:34:00,7.892955,10.688792,8.6,4.73
T04,GL-4396,2026-03-11 17:35:00,7.892422,10.688783,5.7,3.66
T04,GL-4396,2026-03-11 17:36:00,7.89188,10.688664,6.2,4.98
T04,GL-4396,2026-03-11 17:37:00,7.891327,10.688657,8.2,5.22
T04,GL-4396,2026-03-11 17:38:00,7.890815,10.688438,9.3,3.43
T04,GL-4396,2026-03-11 17:39:00,7.890354,10.688473,6.5,4.05
T04,GL-4396,2026-03-11 17:40:00,7.889769,10.688421,8.3,3.03
T04,GL-4396,2026-03-11 17:41:00,7.889207,10.688196,8.0,5.5
T04,GL-4396,2026-03-11 17:42:00,7.888685,10.688067,9.0,3.87
T04,GL-4396,2026-03-11 17:43:00,7.888147,10.688156,11.1,3.9
T04,GL-4396,2026-03-11 17:44:00,7.887567,10.688049,8.3,2.96
T04,GL-4396,2026-03-11 17:45:00,7.887029,10.687912,7.6,3.74
T04,GL-4396,2026-03-11 17:46:00,7.886632,10.687865,7.1,4.17
T04,GL-4396,2026-03-11 17:47:00,7.885979,10.687852,10.1,5.35
T04,GL-4396,2026-03-11 17:48:00,7.885577,10.68774,,2.95
T04,GL-4396,2026-03-11 17:49:00,7.884954,10.68757,11.0,4.21
T04,GL-4396,2026-03-11 17:50:00,7.884419,10.6875,7.4,3.26
T04,GL-4396,2026-03-11 17:51:00,7.883729,10.687539,11.8,5.1
T04,GL-4396,2026-03-11 17:52:00,7.883219,10.687399,11.3,4.02
T04,GL-4396,2026-03-11 17:53:00,7.882865,10.687219,7.6,3.35
T04,GL-4396,2026-03-11 17:54:00,7.88227,10.687084,10.2,3.38
T04,GL-4396,2026-03-11 17:55:00,7.881771,10.687067,8.4,4.32
T04,GL-4396,2026-03-11 17:56:00,7.881216,10.686909,10.0,5.55
T04,GL-4396,2026-03-11 17:57:00,7.880669,10.686893,8.0,4.43
T04,GL-4396,2026-03-11 17:58:00,7.88016,10.686684,5.1,3.05
T04,GL-4396,2026-03-11 17:59:00,7.879679,10.686648,10.9,4.76
T04,GL-4396,2026-03-11 18:00:00,7.879099,10.686555,6.2,3.77
T04,GL-4396,2026-03-11 18:01:00,7.878618,10.686396,9.7,5.46
T04,GL-4396,2026-03-11 18:02:00,7.877907,10.686414,8.3,3.46
T04,GL-4396,2026-03-11 18:03:00,7.877516,10.686305,6.7,5.26
T04,GL-4396,2026-03-11 18:04:00,7.876928,10.68614,8.1,5.58
T04,GL-4396,2026-03-11 18:05:00,7.876348,10.686222,11.0,3.27
T04,GL-4396,2026-03-11 18:06:00,7.875915,10.685994,11.9,3.1
T04,GL-4396,2026-03-11 18:07:00,7.875368,10.686026,7.0,4.53
T04,GL-4396,2026-03-11 18:08:00,7.874788,10.685793,8.4,5.28
T04,GL-4396,2026-03-11 18:09:00,7.874345,10.685756,8.1,4.15
T04,GL-4396,2026-03-11 18:10:00,7.873742,10.685701,11.2,4.59
T04,GL-4396,2026-03-11 18:11:00,7.873398,10.685606,8.9,2.84
T04,GL-4396,2026-03-11 18:12:00,7.872661,10.685447,7.3,4.25
T04,GL-4396,2026-03-11 18:13:00,7.872181,10.68546,5.6,4.36
T04,GL-4396,2026-03-11 18:14:00,7.871556,10.685213,4.5,5.1
T04,GL-4396,2026-03-11 18:15:00,7.871132,10.685267,9.3,4.35
T04,GL-4396,2026-03-11 18:16:00,7.870567,10.6851,10.6,4.95
T04,GL-4396,2026-03-11 18:17:00,7.87006,10.684974,10.2,3.54
T04,GL-4396,2026-03-11 18:18:00,7.86952,10.685004,9.2,5.06
T04,GL-4396,2026-03-11 18:19:00,7.869019,10.684869,5.4,4.45
T04,GL-4396,2026-03-11 18:20:00,7.86843,10.684864,6.3,4.11
T04,GL-4396,2026-03-11 18:21:00,7.867814,10.684768,7.2,4.94
T04,GL-4396,2026-03-11 18:22:00,7.86738,10.684664,5.5,5.07
T04,GL-4396,2026-03-11 18:23:00,7.866898,10.684534,10.0,4.23
T04,GL-4396,2026-03-11 18:24:00,7.866282,10.684427,5.0,4.14
T04,GL-4396,2026-03-11 18:25:00,7.865727,10.684391,7.1,3.54
T04,GL-4396,2026-03-11 18:26:00,7.865256,10.684153,8.1,4.38
T04,GL-4396,2026-03-11 18:27:00,7.864657,10.68421,10.6,5.55
T04,GL-4396,2026-03-11 18:28:00,7.864076,10.684048,8.9,3.25
T04,GL-4396,2026-03-11 18:29:00,7.863656,10.684058,5.1,4.39
T04,GL-4396,2026-03-11 18:30:00,7.863126,10.683837,8.4,4.28
T04,GL-4396,2026-03-11 18:31:00,7.86254,10.683811,,5.31
T04,GL-4396,2026-03-11 18:32:00,7.861968,10.683788,4.7,5.42
T04,GL-4396,2026-03-11 18:33:00,7.861485,10.683672,5.5,3.51
T04,GL-4396,2026-03-11 18:34:00,7.86095,10.683622,7.4,5.27
T04,GL-4396,2026-03-11 18:35:00,7.860442,10.683469,8.6,3.4
T04,GL-4396,2026-03-11 18:36:00,7.85981,10.683371,11.9,3.36
T04,GL-4396,2026-03-11 18:37:00,7.859434,10.683346,4.5,5.0
T04,GL-4396,2026-03-11 18:38:00,7.858781,10.683253,5.6,3.18
T04,GL-4396,2026-03-11 18:39:00,7.85831,10.683187,10.5,3.93
T04,GL-4396,2026-03-11 18:40:00,7.857699,10.683114,12.0,5.03
T04,GL-4396,2026-03-11 18:41:00,7.857281,10.683006,6.0,5.51
T04,GL-4396,2026-03-11 18:42:00,7.85674,10.682874,6.6,3.11
T04,GL-4396,2026-03-11 18:43:00,7.856123,10.682723,8.4,3.56
T04,GL-4396,2026-03-11 18:44:00,7.855666,10.682651,8.6,5.28
T04,GL-4396,2026-03-11 18:45:00,7.855138,10.682568,8.9,5.31
T04,GL-4396,2026-03-11 18:46:00,7.854599,10.682611,10.3,4.89
T04,GL-4396,2026-03-11 18:47:00,7.853967,10.682484,4.8,4.45
T04,GL-4396,2026-03-11 18:48:00,7.853505,10.682313,7.0,2.99
T04,GL-4396,2026-03-11 18:49:00,7.852908,10.682177,7.2,4.79
T04,GL-4396,2026-03-11 18:50:00,7.852385,10.682144,9.9,3.31
T04,GL-4396,2026-03-11 18:51:00,7.851875,10.682117,8.9,5.09
T04,GL-4396,2026-03-11 18:52:00,7.851428,10.681976,9.6,2.85
T04,GL-4396,2026-03-11 18:53:00,7.850918,10.681888,8.6,4.91
T04,GL-4396,2026-03-11 18:54:00,7.850213,10.681832,9.9,3.65
T04,GL-4396,2026-03-11 18:55:00,7.8498,10.681639,8.2,5.24
T04,GL-4396,2026-03-11 18:56:00,7.849236,10.681686,5.4,4.01
T04,GL-4396,2026-03-11 18:57:00,7.848599,10.681581,4.7,3.39
T04,GL-4396,2026-03-11 18:58:00,7.848246,10.681421,4.8,5.18
T04,GL-4396,2026-03-11 18:59:00,7.847542,10.681264,9.7,4.38
T04,GL-4396,2026-03-11 19:00:00,7.84704,10.68142,5.0,3.15
T04,GL-4396,2026-03-11 19:01:00,7.846508,10.681223,4.8,5.58
T04,GL-4396,2026-03-11 19:02:00,7.846077,10.68105,6.8,3.51
T04,GL-4396,2026-03-11 19:03:00,7.845462,10.680915,,5.36
T04,GL-4396,2026-03-11 19:04:00,7.844893,10.680881,7.2,5.39
T04,GL-4396,2026-03-11 19:05:00,7.844416,10.680914,6.3,3.43
T04,GL-4396,2026-03-11 19:06:00,7.843876,10.680745,7.1,2.91
T04,GL-4396,2026-03-11 19:07:00,7.843351,10.680635,9.0,4.24
T04,GL-4396,2026-03-11 19:08:00,7.84282,10.680555,7.9,2.93
T04,GL-4396,2026-03-11 19:09:00,7.842277,10.680441,10.7,3.4
T04,GL-4396,2026-03-11 19:10:00,7.84171,10.68037,11.2,4.12
T04,GL-4396,2026-03-11 19:11:00,7.841301,10.680252,6.1,4.6
T04,GL-4396,2026-03-11 19:12:00,7.840681,10.680174,9.9,3.44
T04,GL-4396,2026-03-11 19:13:00,7.840028,10.680161,9.5,4.83
T04,GL-4396,2026-03-11 19:14:00,7.839668,10.680079,6.7,4.98
T04,GL-4396,2026-03-11 19:15:00,7.83903,10.67995,7.8,4.06
T04,GL-4396,2026-03-11 19:16:00,7.838577,10.679801,5.1,3.76
T04,GL-4396,2026-03-11 19:17:00,7.837983,10.679781,11.3,3.49
T04,GL-4396,2026-03-11 19:18:00,7.83755,10.679672,6.1,5.31
T04,GL-4396,2026-03-11 19:19:00,7.836879,10.67958,10.9,4.49
T04,GL-4396,2026-03-11 19:20:00,7.836459,10.679519,7.7,4.52
T04,GL-4396,2026-03-11 19:21:00,7.835893,10.679355,6.2,5.35
T04,GL-4396,2026-03-11 19:22:00,7.835386,10.679425,6.4,4.12
T04,GL-4396,2026-03-11 19:23:00,7.834719,10.679182,7.6,5.36
T04,GL-4396,2026-03-11 19:24:00,7.834324,10.679086,10.8,3.26
T04,GL-4396,2026-03-11 19:25:00,7.833733,10.679029,8.6,4.45
T04,GL-4396,2026-03-11 19:26:00,7.833126,10.678965,9.6,3.23
T04,GL-4396,2026-03-11 19:27:00,7.832695,10.678878,6.8,3.85
T04,GL-4396,2026-03-11 19:28:00,7.832112,10.678731,9.2,3.19
T04,GL-4396,2026-03-11 19:29:00,7.831645,10.678708,7.8,4.53
T04,GL-4396,2026-03-11 19:30:00,7.831038,10.678472,4.1,3.45
T04,GL-4396,2026-03-11 19:31:00,7.830543,10.678501,5.0,4.54
T04,GL-4396,2026-03-11 19:32:00,7.829935,10.678436,7.4,5.42
T04,GL-4396,2026-03-11 19:33:00,7.829479,10.678334,8.5,3.63
T04,GL-4396,2026-03-11 19:34:00,7.828911,10.678194,10.6,4.95
T04,GL-4396,2026-03-11 19:35:00,7.828364,10.678289,9.3,3.32
T04,GL-4396,2026-03-11 19:36:00,7.82777,10.678052,9.0,3.34
T04,GL-4396,2026-03-11 19:37:00,7.827331,10.67795,6.6,3.58
T04,GL-4396,2026-03-11 19:38:00,7.826755,10.677969,8.2,3.1
T04,GL-4396,2026-03-11 19:39:00,7.8262,10.677781,5.1,3.11
T04,GL-4396,2026-03-11 19:40:00,7.825798,10.67768,11.7,4.59
T04,GL-4396,2026-03-11 19:41:00,7.825286,10.677534,8.8,2.9
T04,GL-4396,2026-03-11 19:42:00,7.824778,10.677512,7.5,5.09
T04,GL-4396,2026-03-11 19:43:00,7.824096,10.6774,9.8,5.42
T04,GL-4396,2026-03-11 19:44:00,7.823739,10.677413,10.7,4.91
T04,GL-4396,2026-03-11 19:45:00,7.823066,10.677259,6.4,4.4
T04,GL-4396,2026-03-11 19:46:00,7.822491,10.677149,8.2,5.6
T04,GL-4396,2026-03-11 19:47:00,7.822023,10.677026,11.0,3.43
T04,GL-4396,2026-03-11 19:48:00,7.821393,10.677129,11.8,2.88
T04,GL-4396,2026-03-11 19:49:00,7.82091,10.676854,8.5,3.57
T04,GL-4396,2026-03-11 19:50:00,7.820451,10.676765,5.9,3.92
T04,GL-4396,2026-03-11 19:51:00,7.819827,10.67672,9.6,4.59
T04,GL-4396,2026-03-11 19:52:00,7.819238,10.676633,9.3,4.71
T04,GL-4396,2026-03-11 19:53:00,7.818832,10.676546,6.9,3.06
T04,GL-4396,2026-03-11 19:54:00,7.818258,10.676463,8.8,3.94
T04,GL-4396,2026-03-11 19:55:00,7.817711,10.676463,6.1,3.53
T04,GL-4396,2026-03-11 19:56:00,7.817057,10.676444,5.3,3.92
T04,GL-4396,2026-03-11 19:57:00,7.816648,10.67611,4.1,4.84
T04,GL-4396,2026-03-11 19:58:00,7.816189,10.6761,8.0,3.03
T04,GL-4396,2026-03-11 19:59:00,7.815539,10.675964,5.1,3.11
T04,GL-4396,2026-03-11 20:00:00,7.815083,10.675943,8.0,5.14
T04,GL-4396,2026-03-11 20:01:00,7.814588,10.675899,9.7,5.52
T04,GL-4396,2026-03-11 20:02:00,7.814083,10.67577,7.2,4.34
T04,GL-4396,2026-03-11 20:03:00,7.813482,10.675498,7.6,3.09
T04,GL-4396,2026-03-11 20:04:00,7.81285,10.675534,6.2,4.49
T04,GL-4396,2026-03-11 20:05:00,7.812485,10.675405,8.8,3.13
T04,GL-4396,2026-03-11 20:06:00,7.81184,10.675339,4.1,4.8
T04,GL-4396,2026-03-11 20:07:00,7.8113,10.675278,11.1,3.32
T04,GL-4396,2026-03-11 20:08:00,7.810709,10.675251,11.8,4.22
T04,GL-4396,2026-03-11 20:09:00,7.810286,10.675186,10.8,3.61
T04,GL-4396,2026-03-11 20:10:00,7.809728,10.675134,11.9,3.53
T04,GL-4396,2026-03-11 20:11:00,7.809226,10.674953,8.9,2.94
T04,GL-4396,2026-03-11 20:12:00,7.808665,10.674941,9.4,3.0
T04,GL-4396,2026-03-11 20:13:00,7.808171,10.674796,7.6,3.56
T04,GL-4396,2026-03-11 20:14:00,7.807553,10.674621,9.4,2.87
T04,GL-4396,2026-03-11 20:15:00,7.806998,10.674559,10.1,4.98
T04,GL-4396,2026-03-11 20:16:00,7.806454,10.674638,5.5,4.91
T04,GL-4396,2026-03-11 20:17:00,7.805852,10.674386,9.5,3.57
T04,GL-4396,2026-03-11 20:18:00,7.805413,10.674304,8.2,3.34
T04,GL-4396,2026-03-11 20:19:00,7.805023,10.674217,,3.92
T04,GL-4396,2026-03-11 20:20:00,7.804263,10.674097,10.2,5.5
T04,GL-4396,2026-03-11 20:21:00,7.803861,10.674137,10.8,4.12
T04,GL-4396,2026-03-11 20:22:00,7.803369,10.67405,11.1,4.32
T04,GL-4396,2026-03-11 20:23:00,7.802831,10.673901,4.5,4.48
T04,GL-4396,2026-03-11 20:24:00,7.802362,10.673873,5.8,4.55
T04,GL-4396,2026-03-11 20:25:00,7.801708,10.673737,9.5,4.7
T04,GL-4396,2026-03-11 20:26:00,8.224911,10.673734,,421.4
T04,GL-4396,2026-03-11 20:27:00,7.800695,10.673517,5.1,3.3
T04,GL-4396,2026-03-11 20:28:00,7.800079,10.673366,7.9,2.93
T04,GL-4396,2026-03-11 20:29:00,7.799515,10.673281,6.1,4.3
T04,GL-4396,2026-03-11 20:30:00,7.799096,10.673191,4.2,3.87
T04,GL-4396,2026-03-11 20:31:00,7.798556,10.67316,10.4,3.66
T04,GL-4396,2026-03-11 20:32:00,7.797856,10.673143,5.2,3.41
T04,GL-4396,2026-03-11 20:33:00,7.7975,10.672991,8.2,3.92
T04,GL-4396,2026-03-11 20:34:00,7.796983,10.672942,11.9,4.21
T04,GL-4396,2026-03-11 20:35:00,7.79633,10.672754,6.0,4.32
T04,GL-4396,2026-03-11 20:36:00,7.795771,10.672625,7.7,3.89
T04,GL-4396,2026-03-11 20:37:00,7.795324,10.672651,7.0,3.91
T04,GL-4396,2026-03-11 20:38:00,7.794879,10.672553,7.2,3.05
T04,GL-4396,2026-03-11 20:39:00,7.794219,10.67247,6.5,4.69
T04,GL-4396,2026-03-11 20:40:00,7.793709,10.672271,11.0,4.17
T04,GL-4396,2026-03-11 20:41:00,7.79318,10.672368,9.9,3.84
T04,GL-4396,2026-03-11 20:42:00,7.792563,10.67227,10.6,3.76
T04,GL-4396,2026-03-11 20:43:00,7.792236,10.672134,6.8,3.91
T04,GL-4396,2026-03-11 20:44:00,7.791504,10.672041,7.1,4.43
T04,GL-4396,2026-03-11 20:45:00,7.791024,10.671987,8.3,4.04
T04,GL-4396,2026-03-11 20:46:00,7.790541,10.671997,5.0,3.35
T04,GL-4396,2026-03-11 20:47:00,7.789914,10.671771,10.6,3.03
T04,GL-4396,2026-03-11 20:48:00,7.789376,10.671707,4.1,2.95
T04,GL-4396,2026-03-11 20:49:00,7.788898,10.671518,4.5,3.55
T04,GL-4396,2026-03-11 20:50:00,7.788375,10.671412,11.9,4.99
T04,GL-4396,2026-03-11 20:51:00,7.787872,10.671473,6.1,4.93
T04,GL-4396,2026-03-11 20:52:00,7.787313,10.671344,7.0,5.48
T04,GL-4396,2026-03-11 20:53:00,7.786731,10.671189,9.3,3.82
T04,GL-4396,2026-03-11 20:54:00,7.786223,10.671195,7.1,3.96
T04,GL-4396,2026-03-11 20:55:00,7.785623,10.670978,8.7,5.19
T04,GL-4396,2026-03-11 20:56:00,7.785284,10.670993,4.7,3.96
T04,GL-4396,2026-03-11 20:57:00,7.784684,10.670904,6.2,5.35
T04,GL-4396,2026-03-11 20:58:00,7.784006,10.670802,9.2,4.99
T04,GL-4396,2026-03-11 20:59:00,7.783593,10.670799,4.7,4.56
T04,GL-4396,2026-03-11 21:00:00,7.783053,10.67058,6.4,3.18
T04,GL-4396,2026-03-11 21:01:00,7.782469,10.670431,7.1,3.02
T04,GL-4396,2026-03-11 21:02:00,7.781874,10.670414,8.0,5.02
T04,GL-4396,2026-03-11 21:03:00,7.781433,10.670225,5.8,3.91
T04,GL-4396,2026-03-11 21:04:00,7.780952,10.670251,7.2,5.1
T04,GL-4396,2026-03-11 21:05:00,7.780365,10.670136,8.4,4.48
T04,GL-4396,2026-03-11 21:06:00,7.779909,10.670108,11.5,3.52
T04,GL-4396,2026-03-11 21:07:00,7.779281,10.66996,7.6,3.04
T04,GL-4396,2026-03-11 21:08:00,7.778854,10.669861,10.0,4.67
T04,GL-4396,2026-03-11 21:09:00,7.778244,10.669878,5.3,4.8
T04,GL-4396,2026-03-11 21:10:00,7.777763,10.669627,5.3,5.31
T04,GL-4396,2026-03-11 21:11:00,7.777085,10.669552,5.4,4.77
T04,GL-4396,2026-03-11 21:12:00,7.77663,10.669637,11.3,4.22
T04,GL-4396,2026-03-11 21:13:00,7.776096,10.66942,5.2,2.93
T04,GL-4396,2026-03-11 21:14:00,7.775617,10.669454,6.8,4.81
T04,GL-4396,2026-03-11 21:15:00,7.774888,10.669221,7.9,3.59
T04,GL-4396,2026-03-11 21:16:00,7.774378,10.669159,4.7,5.14
T04,GL-4396,2026-03-11 21:17:00,7.773924,10.669066,11.1,4.32
T04,GL-4396,2026-03-11 21:18:00,7.773363,10.669014,9.7,4.42
T04,GL-4396,2026-03-11 21:19:00,7.772893,10.66882,10.0,3.35
T04,GL-4396,2026-03-11 21:20:00,7.772264,10.66879,8.1,3.07
T04,GL-4396,2026-03-11 21:21:00,7.771818,10.668745,7.1,4.52
T04,GL-4396,2026-03-11 21:22:00,7.771259,10.668721,5.5,3.67
T04,GL-4396,2026-03-11 21:23:00,7.770758,10.66861,8.8,3.18
T04,GL-4396,2026-03-11 21:24:00,7.770208,10.668497,7.9,3.02
T04,GL-4396,2026-03-11 21:25:00,7.769848,10.668302,5.6,3.62
T04,GL-4396,2026-03-11 21:26:00,7.769107,10.668223,4.1,5.29
T04,GL-4396,2026-03-11 21:27:00,7.76858,10.66814,5.7,4.12
T04,GL-4396,2026-03-11 21:28:00,7.768009,10.668049,9.6,3.33
T04,GL-4396,2026-03-11 21:29:00,7.767605,10.668056,11.2,5.4
T04,GL-4396,2026-03-11 21:30:00,7.766974,10.668007,9.7,4.64
T04,GL-4396,2026-03-11 21:31:00,7.766482,10.667996,6.0,5.2
T04,GL-4396,2026-03-11 21:32:00,7.765879,10.667811,4.6,4.92
T04,GL-4396,2026-03-11 21:33:00,7.76551,10.66767,6.3,4.38
T04,GL-4396,2026-03-11 21:34:00,7.764912,10.667734,10.8,3.3
T04,GL-4396,2026-03-11 21:35:00,7.764315,10.667519,4.5,4.59
T04,GL-4396,2026-03-11 21:36:00,7.763876,10.667501,6.6,3.27
T04,GL-4396,2026-03-11 21:37:00,7.763279,10.667317,7.9,3.7
T04,GL-4396,2026-03-11 21:38:00,7.762826,10.66732,8.7,4.44
T04,GL-4396,2026-03-11 21:39:00,7.762249,10.667166,11.2,3.69
T04,GL-4396,2026-03-11 21:40:00,7.761713,10.667051,5.5,4.39
T04,GL-4396,2026-03-11 21:41:00,7.761245,10.666919,11.6,3.83
T04,GL-4396,2026-03-11 21:42:00,7.760643,10.666853,10.8,4.35
T04,GL-4396,2026-03-11 21:43:00,7.760037,10.666746,6.3,4.72
T04,GL-4396,2026-03-11 21:44:00,7.759634,10.666606,6.2,4.11
T04,GL-4396,2026-03-11 21:45:00,7.759055,10.66666,7.3,4.96
T04,GL-4396,2026-03-11 21:46:00,7.758487,10.666535,8.8,3.98
T04,GL-4396,2026-03-11 21:47:00,7.75803,10.666405,9.3,5.45
T04,GL-4396,2026-03-11 21:48:00,7.757429,10.666387,10.1,4.75
T04,GL-4396,2026-03-11 21:49:00,7.756845,10.666221,9.3,5.41
T04,GL-4396,2026-03-11 21:50:00,7.756349,10.666215,10.2,3.85
T04,GL-4396,2026-03-11 21:51:00,7.755893,10.666129,5.9,3.31
T04,GL-4396,2026-03-11 21:52:00,7.755188,10.665961,10.7,4.95
T04,GL-4396,2026-03-11 21:53:00,7.754714,10.665897,,4.86
T04,GL-4396,2026-03-11 21:54:00,7.754245,10.665781,9.2,3.32
T04,GL-4396,2026-03-11 21:55:00,7.753615,10.665652,11.7,4.45
T04,GL-4396,2026-03-11 21:56:00,7.753113,10.665571,9.6,5.41
T04,GL-4396,2026-03-11 21:57:00,7.752615,10.665449,8.6,4.78
T04,GL-4396,2026-03-11 21:58:00,7.752193,10.665414,10.2,3.53
T04,GL-4396,2026-03-11 21:59:00,7.751624,10.665366,10.9,2.81
T04,GL-4396,2026-03-11 22:00:00,7.750999,10.665241,8.1,4.24
T04,GL-4396,2026-03-11 22:01:00,7.75049,10.66528,10.0,5.26
T04,GL-4396,2026-03-11 22:02:00,7.749954,10.665022,10.7,5.19
T04,GL-4396,2026-03-11 22:03:00,7.749436,10.664941,4.5,4.71
T04,GL-4396,2026-03-11 22:04:00,7.748895,10.66481,4.5,3.86
T04,GL-4396,2026-03-11 22:05:00,7.748341,10.664823,5.7,5.54
T04,GL-4396,2026-03-11 22:06:00,7.747808,10.664725,,3.12
T04,GL-4396,2026-03-11 22:07:00,7.747311,10.66458,11.3,4.08
T04,GL-4396,2026-03-11 22:08:00,7.74666,10.664628,10.2,3.28
T04,GL-4396,2026-03-11 22:09:00,7.746165,10.664482,10.1,4.55
T04,GL-4396,2026-03-11 22:10:00,7.745729,10.66441,4.1,4.11
T04,GL-4396,2026-03-11 22:11:00,7.745051,10.664293,6.9,5.27
T04,GL-4396,2026-03-11 22:12:00,7.744626,10.664298,11.9,4.67
T04,GL-4396,2026-03-11 22:13:00,7.74419,10.664099,8.7,2.88
T04,GL-4396,2026-03-11 22:14:00,7.743558,10.664011,8.8,4.14
T04,GL-4396,2026-03-11 22:15:00,7.742944,10.663927,6.9,4.32
T04,GL-4396,2026-03-11 22:16:00,7.742468,10.663854,6.4,3.82
T04,GL-4396,2026-03-11 22:17:00,7.741931,10.66361,9.5,5.23
T04,GL-4396,2026-03-11 22:18:00,7.74138,10.663674,11.3,3.35
T04,GL-4396,2026-03-11 22:19:00,7.740895,10.663575,9.9,4.7
T04,GL-4396,2026-03-11 22:20:00,7.740346,10.663435,10.4,4.84
T04,GL-4396,2026-03-11 22:21:00,7.739711,10.66339,7.4,3.72
T04,GL-4396,2026-03-11 22:22:00,7.739319,10.663224,8.1,5.08
T04,GL-4396,2026-03-11 22:23:00,7.738739,10.663149,6.1,5.09
T04,GL-4396,2026-03-11 22:24:00,7.738214,10.663143,4.9,3.15
T04,GL-4396,2026-03-11 22:25:00,7.737742,10.663133,5.2,4.39
T04,GL-4396,2026-03-11 22:26:00,7.737097,10.662857,11.8,5.57
T04,GL-4396,2026-03-11 22:27:00,7.736553,10.662816,9.5,5.18
T04,GL-4396,2026-03-11 22:28:00,7.736024,10.66283,8.0,5.18
T04,GL-4396,2026-03-11 22:29:00,7.735487,10.662741,5.7,2.9
T04,GL-4396,2026-03-11 22:30:00,7.735003,10.66265,4.5,4.9
T04,GL-4396,2026-03-11 22:31:00,7.734494,10.662538,7.0,3.86
T04,GL-4396,2026-03-11 22:32:00,7.733929,10.662418,4.5,3.07
T04,GL-4396,2026-03-11 22:33:00,7.733401,10.662388,5.6,4.26
T04,GL-4396,2026-03-11 22:34:00,7.732949,10.662156,9.5,4.86
T04,GL-4396,2026-03-11 22:35:00,7.732381,10.662078,4.7,4.29
T04,GL-4396,2026-03-11 22:36:00,7.731715,10.66203,7.3,3.4
T04,GL-4396,2026-03-11 22:37:00,7.731358,10.66206,11.5,4.44
T04,GL-4396,2026-03-11 22:38:00,7.73068,10.661908,11.7,4.91
T04,GL-4396,2026-03-11 22:39:00,7.730262,10.661778,6.9,3.3
T04,GL-4396,2026-03-11 22:40:00,7.729719,10.661714,6.4,4.78
T04,GL-4396,2026-03-11 22:41:00,7.729212,10.661658,8.0,4.14
T04,GL-4396,2026-03-11 22:42:00,7.728651,10.661501,7.7,2.93
T04,GL-4396,2026-03-11 22:43:00,7.728023,10.66146,11.4,4.1
T04,GL-4396,2026-03-11 22:44:00,7.727538,10.661458,4.3,4.17
T04,GL-4396,2026-03-11 22:45:00,7.727027,10.661341,9.0,3.03
T04,GL-4396,2026-03-11 22:46:00,7.726413,10.66108,4.3,4.65
T04,GL-4396,2026-03-11 22:47:00,7.725993,10.661146,8.9,3.34
T04,GL-4396,2026-03-11 22:48:00,7.725439,10.661004,7.1,4.5
T04,GL-4396,2026-03-11 22:49:00,7.724866,10.661047,9.9,4.5
T04,GL-4396,2026-03-11 22:50:00,7.724391,10.660863,8.7,3.62
T04,GL-4396,2026-03-11 22:51:00,7.723723,10.660777,8.7,4.8
T04,GL-4396,2026-03-11 22:52:00,7.723193,10.660526,5.8,4.84
T04,GL-4396,2026-03-11 22:53:00,7.722809,10.660488,4.6,2.92
T04,GL-4396,2026-03-11 22:54:00,7.722116,10.660483,6.7,3.69
T04,GL-4396,2026-03-11 22:55:00,7.721577,10.660446,4.6,3.32
T04,GL-4396,2026-03-11 22:56:00,7.721143,10.660283,5.7,3.69
T04,GL-4396,2026-03-11 22:57:00,7.720637,10.660254,10.8,3.05
T04,GL-4396,2026-03-11 22:58:00,7.720083,10.660134,11.7,3.38
T04,GL-4396,2026-03-11 22:59:00,7.719519,10.660023,10.3,3.18
T04,GL-4396,2026-03-11 23:00:00,7.719019,10.659979,5.9,3.77
T04,GL-4396,2026-03-11 23:01:00,7.718433,10.659807,10.8,3.82
T04,GL-4396,2026-03-11 23:02:00,7.717853,10.659727,4.1,4.85
T04,GL-4396,2026-03-11 23:03:00,7.717369,10.659664,6.0,4.87
T04,GL-4396,2026-03-11 23:04:00,7.716848,10.659571,4.6,4.85
T04,GL-4396,2026-03-11 23:05:00,7.716384,10.659514,5.7,3.79
T04,GL-4396,2026-03-11 23:06:00,7.715758,10.659376,7.5,3.52
T04,GL-4396,2026-03-11 23:07:00,7.715292,10.659349,7.3,5.29
T04,GL-4396,2026-03-11 23:08:00,7.7148,10.659158,8.9,2.87
T04,GL-4396,2026-03-11 23:09:00,7.714132,10.659152,11.8,4.86
T04,GL-4396,2026-03-11 23:10:00,7.713646,10.659141,4.1,3.49
T04,GL-4396,2026-03-11 23:11:00,7.713159,10.658998,6.3,2.95
T04,GL-4396,2026-03-11 23:12:00,7.712573,10.658731,8.9,4.0
T04,GL-4396,2026-03-11 23:13:00,7.711935,10.658754,6.1,4.66
T04,GL-4396,2026-03-11 23:14:00,7.711487,10.658666,8.7,3.34
T04,GL-4396,2026-03-11 23:15:00,7.711042,10.6585,6.4,4.27
T04,GL-4396,2026-03-11 23:16:00,7.7104,10.658574,9.8,5.44
T04,GL-4396,2026-03-11 23:17:00,7.710026,10.658377,11.1,5.47
T04,GL-4396,2026-03-11 23:18:00,7.7094,10.658505,8.4,2.86
T04,GL-4396,2026-03-11 23:19:00,7.708788,10.65836,5.9,4.3
T04,GL-4396,2026-03-11 23:20:00,7.7083,10.65818,11.2,4.19
T04,GL-4396,2026-03-11 23:21:00,7.707723,10.658003,11.2,5.09
T04,GL-4396,2026-03-11 23:22:00,7.707162,10.657877,9.5,2.87
T04,GL-4396,2026-03-11 23:23:00,7.706668,10.657924,5.9,3.97
T04,GL-4396,2026-03-11 23:24:00,7.706177,10.657785,10.5,4.89
T04,GL-4396,2026-03-11 23:25:00,7.705572,10.657734,8.0,4.32
T04,GL-4396,2026-03-11 23:26:00,7.705048,10.657669,6.8,3.85
T04,GL-4396,2026-03-11 23:27:00,7.704556,10.657545,8.9,4.88
T04,GL-4396,2026-03-11 23:28:00,7.704124,10.657527,5.9,3.07
T04,GL-4396,2026-03-11 23:29:00,7.703486,10.657396,11.4,5.49
T04,GL-4396,2026-03-11 23:30:00,7.703064,10.657314,6.1,3.94
T04,GL-4396,2026-03-11 23:31:00,7.702389,10.65723,8.2,4.35
T04,GL-4396,2026-03-11 23:32:00,7.701996,10.657071,6.9,5.58
T04,GL-4396,2026-03-11 23:33:00,7.701297,10.657023,11.6,4.81
T04,GL-4396,2026-03-11 23:34:00,7.700862,10.656931,11.9,4.38
T04,GL-4396,2026-03-11 23:35:00,7.700521,10.656896,8.1,4.27
T04,GL-4396,2026-03-11 23:36:00,7.699705,10.656768,4.8,5.16
T04,GL-4396,2026-03-11 23:37:00,7.699279,10.656552,5.5,3.2
T04,GL-4396,2026-03-11 23:38:00,7.698746,10.656594,7.2,3.0
T04,GL-4396,2026-03-11 23:39:00,7.6982,10.656474,4.5,4.3
T04,GL-4396,2026-03-11 23:40:00,7.697581,10.656462,4.8,4.1
T04,GL-4396,2026-03-11 23:41:00,7.697081,10.656262,7.4,3.84
T04,GL-4396,2026-03-11 23:42:00,7.696469,10.65613,10.2,3.89
T04,GL-4396,2026-03-11 23:43:00,7.695997,10.656057,8.2,5.29
T04,GL-4396,2026-03-11 23:44:00,7.695482,10.65603,10.0,4.53
T04,GL-4396,2026-03-11 23:45:00,7.694877,10.655865,6.7,4.72
T04,GL-4396,2026-03-11 23:46:00,7.694359,10.655814,6.9,4.79
T04,GL-4396,2026-03-11 23:47:00,7.693799,10.655756,7.9,3.3
T04,GL-4396,2026-03-11 23:48:00,7.693367,10.655696,7.2,5.35
T04,GL-4396,2026-03-11 23:49:00,7.692822,10.655597,10.2,4.74
T04,GL-4396,2026-03-11 23:50:00,7.692285,10.655609,10.2,4.66
T04,GL-4396,2026-03-11 23:51:00,7.691687,10.655361,9.2,3.99
T04,GL-4396,2026-03-11 23:52:00,7.691142,10.655233,11.4,4.68
T04,GL-4396,2026-03-11 23:53:00,7.690674,10.655203,11.1,3.34
T04,GL-4396,2026-03-11 23:54:00,7.69019,10.655176,7.3,3.25
T04,GL-4396,2026-03-11 23:55:00,7.689621,10.655115,6.6,4.62
T04,GL-4396,2026-03-11 23:56:00,7.688961,10.654911,8.8,3.25
T04,GL-4396,2026-03-11 23:57:00,7.688645,10.654994,10.4,4.44
T04,GL-4396,2026-03-11 23:58:00,7.687946,10.6547,5.5,3.1
T04,GL-4396,2026-03-11 23:59:00,7.687456,10.654689,8.7,4.82
T04,GL-4396,2026-03-12 00:00:00,7.686927,10.654553,6.1,5.05
T04,GL-4396,2026-03-12 00:01:00,7.686449,10.654424,8.7,4.01
T04,GL-4396,2026-03-12 00:02:00,7.685839,10.654445,5.8,4.94
T04,GL-4396,2026-03-12 00:03:00,7.685358,10.654334,8.1,4.51
T04,GL-4396,2026-03-12 00:04:00,7.684812,10.654244,10.0,2.83
T04,GL-4396,2026-03-12 00:05:00,7.684455,10.654277,10.5,3.4
T04,GL-4396,2026-03-12 00:06:00,7.68378,10.654128,4.0,4.64
T04,GL-4396,2026-03-12 00:07:00,7.683169,10.653941,8.8,3.87
T04,GL-4396,2026-03-12 00:08:00,7.682686,10.653832,4.7,3.53
T04,GL-4396,2026-03-12 00:09:00,7.682178,10.653809,5.1,5.41
T04,GL-4396,2026-03-12 00:10:00,7.681644,10.653595,8.3,3.69
T04,GL-4396,2026-03-12 00:11:00,7.681159,10.653642,10.2,3.82
T04,GL-4396,2026-03-12 00:12:00,7.68053,10.653506,4.5,5.06
T04,GL-4396,2026-03-12 00:13:00,7.680065,10.653492,9.3,4.14
T04,GL-4396,2026-03-12 00:14:00,7.679552,10.653381,6.5,4.59
T04,GL-4396,2026-03-12 00:15:00,7.67897,10.653329,7.6,5.13
T04,GL-4396,2026-03-12 00:16:00,7.678348,10.653131,6.2,5.15
T04,GL-4396,2026-03-12 00:17:00,7.677846,10.653051,5.5,4.97
T04,GL-4396,2026-03-12 00:18:00,7.677354,10.653074,9.6,4.71
T04,GL-4396,2026-03-12 00:19:00,7.676846,10.652886,4.5,4.23
T04,GL-4396,2026-03-12 00:20:00,7.676297,10.652912,5.3,5.47
T04,GL-4396,2026-03-12 00:21:00,7.675793,10.652765,4.8,5.39
T04,GL-4396,2026-03-12 00:22:00,7.675191,10.65263,5.5,3.47
T04,GL-4396,2026-03-12 00:23:00,7.674642,10.652586,6.0,3.86
T04,GL-4396,2026-03-12 00:24:00,7.674223,10.652553,6.4,3.62
T04,GL-4396,2026-03-12 00:25:00,7.673627,10.652391,6.6,4.88
T04,GL-4396,2026-03-12 00:26:00,7.673149,10.652245,8.1,3.4
T04,GL-4396,2026-03-12 00:27:00,7.672516,10.652224,8.3,3.46
T04,GL-4396,2026-03-12 00:28:00,7.671943,10.651956,5.5,3.06
T04,GL-4396,2026-03-12 00:29:00,7.671476,10.652016,7.0,4.53
T04,GL-4396,2026-03-12 00:30:00,7.670989,10.652031,8.2,4.17
T04,GL-4396,2026-03-12 00:31:00,7.670412,10.65175,10.1,5.39
T04,GL-4396,2026-03-12 00:32:00,7.669955,10.651702,8.8,4.79
T04,GL-4396,2026-03-12 00:33:00,7.669335,10.651686,11.4,3.04
T04,GL-4396,2026-03-12 00:34:00,7.668789,10.651516,6.5,3.41
T04,GL-4396,2026-03-12 00:35:00,7.66835,10.65155,7.6,3.49
T04,GL-4396,2026-03-12 00:36:00,7.667654,10.651469,8.3,3.88
T04,GL-4396,2026-03-12 00:37:00,7.667181,10.651379,6.9,5.2
T04,GL-4396,2026-03-12 00:38:00,7.666708,10.651297,8.2,5.47
T04,GL-4396,2026-03-12 00:39:00,7.666167,10.651117,8.0,2.85
T04,GL-4396,2026-03-12 00:40:00,7.66567,10.650994,5.4,4.95
T04,GL-4396,2026-03-12 00:41:00,7.665055,10.651031,6.8,4.38
T04,GL-4396,2026-03-12 00:42:00,7.664525,10.65088,10.9,4.93
T04,GL-4396,2026-03-12 00:43:00,7.664043,10.650775,11.4,4.99
T04,GL-4396,2026-03-12 00:44:00,7.66349,10.650702,11.1,5.28
T04,GL-4396,2026-03-12 00:45:00,7.662944,10.650663,4.3,3.62
T04,GL-4396,2026-03-12 00:46:00,7.662426,10.650551,6.8,4.79
T04,GL-4396,2026-03-12 00:47:00,7.661867,10.650427,7.9,4.45
T04,GL-4396,2026-03-12 00:48:00,7.661441,10.650281,10.1,5.29
T04,GL-4396,2026-03-12 00:49:00,7.660751,10.650179,,4.64
T04,GL-4396,2026-03-12 00:50:00,7.660298,10.650051,5.4,3.34
T04,GL-4396,2026-03-12 00:51:00,7.659753,10.650089,7.3,4.51
T04,GL-4396,2026-03-12 00:52:00,7.659139,10.64993,4.7,4.32
T04,GL-4396,2026-03-12 00:53:00,7.658646,10.649843,6.5,5.57
T04,GL-4396,2026-03-12 00:54:00,7.658116,10.649784,9.1,3.57
T04,GL-4396,2026-03-12 00:55:00,7.657553,10.649681,10.7,3.26
T04,GL-4396,2026-03-12 00:56:00,7.657026,10.649613,10.1,5.2
T04,GL-4396,2026-03-12 00:57:00,7.656595,10.649531,10.4,3.38
T04,GL-4396,2026-03-12 00:58:00,7.656057,10.649561,9.3,4.64
T04,GL-4396,2026-03-12 00:59:00,7.655541,10.64943,5.4,5.51
T04,GL-4396,2026-03-12 01:00:00,7.654861,10.649268,9.7,4.52
T04,GL-4396,2026-03-12 01:01:00,7.654326,10.649219,5.9,3.57
T04,GL-4396,2026-03-12 01:02:00,7.653787,10.649032,7.6,5.28
T04,GL-4396,2026-03-12 01:03:00,7.653267,10.648942,4.5,2.86
T04,GL-4396,2026-03-12 01:04:00,7.652802,10.648829,8.1,3.95
T04,GL-4396,2026-03-12 01:05:00,7.652245,10.648883,6.6,5.37
T04,GL-4396,2026-03-12 01:06:00,7.651672,10.648652,9.4,5.22
T04,GL-4396,2026-03-12 01:07:00,7.651217,10.648645,6.4,3.07
T04,GL-4396,2026-03-12 01:08:00,7.650677,10.64858,9.4,3.79
T04,GL-4396,2026-03-12 01:09:00,7.650187,10.648478,5.5,4.3
T04,GL-4396,2026-03-12 01:10:00,7.649626,10.648409,5.0,4.66
T04,GL-4396,2026-03-12 01:11:00,7.649134,10.648302,5.3,5.35
T04,GL-4396,2026-03-12 01:12:00,7.648606,10.648159,4.0,4.08
T04,GL-4396,2026-03-12 01:13:00,7.648044,10.648181,5.6,4.07
T04,GL-4396,2026-03-12 01:14:00,7.647523,10.648086,9.3,5.5
T04,GL-4396,2026-03-12 01:15:00,7.646922,10.647929,5.5,3.54
T04,GL-4396,2026-03-12 01:16:00,7.646375,10.647961,7.4,3.47
T04,GL-4396,2026-03-12 01:17:00,7.645883,10.647676,4.1,4.16
T04,GL-4396,2026-03-12 01:18:00,7.645345,10.647708,10.4,4.31
T04,GL-4396,2026-03-12 01:19:00,7.644721,10.647551,6.1,5.33
T04,GL-4396,2026-03-12 01:20:00,7.644295,10.647533,4.7,5.38
T04,GL-4396,2026-03-12 01:21:00,7.643828,10.64733,6.4,3.13
T04,GL-4396,2026-03-12 01:22:00,7.643125,10.647303,5.9,3.19
T04,GL-4396,2026-03-12 01:23:00,7.642734,10.647257,5.8,3.32
T04,GL-4396,2026-03-12 01:24:00,7.642116,10.647149,6.2,3.8
T04,GL-4396,2026-03-12 01:25:00,7.641661,10.647062,8.2,3.87
T04,GL-4396,2026-03-12 01:26:00,7.641131,10.646999,6.5,3.01
T04,GL-4396,2026-03-12 01:27:00,7.640477,10.646841,9.9,3.9
T04,GL-4396,2026-03-12 01:28:00,7.639949,10.646791,8.1,3.57
T04,GL-4396,2026-03-12 01:29:00,7.639458,10.646702,5.2,5.53
T04,GL-4396,2026-03-12 01:30:00,7.638867,10.646594,11.1,5.55
T04,GL-4396,2026-03-12 01:31:00,7.638365,10.646532,10.0,2.85
T04,GL-4396,2026-03-12 01:32:00,7.637798,10.646468,10.1,3.16
T04,GL-4396,2026-03-12 01:33:00,7.63727,10.646308,10.5,3.81
T04,GL-4396,2026-03-12 01:34:00,7.636799,10.646327,7.6,3.67
T04,GL-4396,2026-03-12 01:35:00,7.636244,10.64634,6.0,3.03
T04,GL-4396,2026-03-12 01:36:00,7.635679,10.646174,9.8,4.97
T04,GL-4396,2026-03-12 01:37:00,7.635196,10.645917,11.8,4.37
T04,GL-4396,2026-03-12 01:38:00,7.634617,10.645908,5.0,5.35
T04,GL-4396,2026-03-12 01:39:00,7.63404,10.645726,8.1,5.57
T04,GL-4396,2026-03-12 01:40:00,7.633653,10.645686,6.7,3.67
T04,GL-4396,2026-03-12 01:41:00,7.63302,10.645703,11.2,2.99
T04,GL-4396,2026-03-12 01:42:00,7.632558,10.645556,7.9,3.89
T04,GL-4396,2026-03-12 01:43:00,7.631966,10.645479,11.5,4.89
T04,GL-4396,2026-03-12 01:44:00,7.631433,10.645319,11.3,5.39
T04,GL-4396,2026-03-12 01:45:00,7.630914,10.645305,11.8,4.75
T04,GL-4396,2026-03-12 01:46:00,7.630403,10.645186,7.3,4.1
T04,GL-4396,2026-03-12 01:47:00,7.629816,10.645098,5.2,4.9
T04,GL-4396,2026-03-12 01:48:00,7.629454,10.644971,11.9,3.48
T04,GL-4396,2026-03-12 01:49:00,7.628708,10.644891,7.8,3.29
T04,GL-4396,2026-03-12 01:50:00,7.628224,10.644858,6.8,3.95
T04,GL-4396,2026-03-12 01:51:00,7.627795,10.644733,5.9,3.31
T04,GL-4396,2026-03-12 01:52:00,7.627174,10.644609,10.8,2.89
T04,GL-4396,2026-03-12 01:53:00,7.626556,10.644495,5.5,4.78
T04,GL-4396,2026-03-12 01:54:00,7.626171,10.644504,6.2,3.39
T04,GL-4396,2026-03-12 01:55:00,7.625625,10.644313,7.1,2.99
T04,GL-4396,2026-03-12 01:56:00,7.62509,10.644373,6.2,3.7
T04,GL-4396,2026-03-12 01:57:00,7.624503,10.644209,9.8,5.26
T04,GL-4396,2026-03-12 01:58:00,7.623981,10.644186,,5.19
T04,GL-4396,2026-03-12 01:59:00,7.623432,10.644051,5.5,5.11
T04,GL-4396,2026-03-12 02:00:00,7.622817,10.643887,6.7,5.49
T04,GL-4396,2026-03-12 02:01:00,7.62244,10.643893,10.5,3.64
T04,GL-4396,2026-03-12 02:02:00,7.621845,10.643809,9.5,3.82
T04,GL-4396,2026-03-12 02:03:00,7.621359,10.643673,5.2,3.24
T04,GL-4396,2026-03-12 02:04:00,7.620738,10.643608,5.3,4.18
T04,GL-4396,2026-03-12 02:05:00,7.620313,10.643559,8.0,3.68
T04,GL-4396,2026-03-12 02:06:00,7.619671,10.643488,7.7,4.49
T04,GL-4396,2026-03-12 02:07:00,7.619241,10.643476,6.6,5.42
T04,GL-4396,2026-03-12 02:08:00,7.618635,10.643235,6.3,3.89
T04,GL-4396,2026-03-12 02:09:00,7.618132,10.643303,4.4,2.98
T04,GL-4396,2026-03-12 02:10:00,7.617617,10.643081,5.3,4.05
T04,GL-4396,2026-03-12 02:11:00,7.61713,10.642996,7.9,2.9
T04,GL-4396,2026-03-12 02:12:00,7.616614,10.642923,5.7,4.69
T04,GL-4396,2026-03-12 02:13:00,7.616014,10.642831,7.6,4.0
T04,GL-4396,2026-03-12 02:14:00,7.615471,10.64273,7.2,4.45
T04,GL-4396,2026-03-12 02:15:00,7.614884,10.642652,10.1,2.91
T04,GL-4396,2026-03-12 02:16:00,7.614355,10.642573,4.7,3.72
T04,GL-4396,2026-03-12 02:17:00,7.613817,10.64242,5.7,5.37
T04,GL-4396,2026-03-12 02:18:00,7.613292,10.642406,4.9,4.79
T04,GL-4396,2026-03-12 02:19:00,7.612726,10.642232,7.3,3.4
T04,GL-4396,2026-03-12 02:20:00,7.612288,10.642226,6.9,5.41
T04,GL-4396,2026-03-12 02:21:00,7.611723,10.642037,8.9,5.14
T04,GL-4396,2026-03-12 02:22:00,7.611183,10.641964,7.6,5.44
T04,GL-4396,2026-03-12 02:23:00,7.610599,10.641753,11.5,4.11
T04,GL-4396,2026-03-12 02:24:00,7.610099,10.641927,4.6,4.08
T04,GL-4396,2026-03-12 02:25:00,7.609554,10.641722,7.9,3.05
T04,GL-4396,2026-03-12 02:26:00,7.6091,10.641729,11.2,2.99
T04,GL-4396,2026-03-12 02:27:00,7.60858,10.64154,9.0,4.85
T04,GL-4396,2026-03-12 02:28:00,7.607925,10.641522,7.8,2.89
T04,GL-4396,2026-03-12 02:29:00,7.607473,10.641294,11.8,4.75
T04,GL-4396,2026-03-12 02:30:00,7.606925,10.641253,10.3,3.22
T04,GL-4396,2026-03-12 02:31:00,7.606328,10.641171,6.6,3.24
T04,GL-4396,2026-03-12 02:32:00,7.605749,10.641134,6.0,4.86
T04,GL-4396,2026-03-12 02:33:00,7.605402,10.640931,4.1,4.98
T04,GL-4396,2026-03-12 02:34:00,7.604862,10.640903,6.8,3.54
T04,GL-4396,2026-03-12 02:35:00,7.604295,10.640854,11.0,5.22
T04,GL-4396,2026-03-12 02:36:00,7.603865,10.64076,4.2,4.73
T04,GL-4396,2026-03-12 02:37:00,7.60329,10.640721,4.5,3.05
T04,GL-4396,2026-03-12 02:38:00,7.602661,10.640516,6.3,3.97
T04,GL-4396,2026-03-12 02:39:00,7.602132,10.640477,7.6,4.58
T04,GL-4396,2026-03-12 02:40:00,7.601586,10.64037,7.0,3.44
T04,GL-4396,2026-03-12 02:41:00,7.601063,10.640292,11.0,5.57
T04,GL-4396,2026-03-12 02:42:00,7.60055,10.640083,,3.9
T04,GL-4396,2026-03-12 02:43:00,7.600011,10.640089,,3.01
T04,GL-4396,2026-03-12 02:44:00,7.599451,10.640145,10.9,4.63
T04,GL-4396,2026-03-12 02:45:00,7.599023,10.639974,6.9,5.33
T04,GL-4396,2026-03-12 02:46:00,7.598468,10.639918,11.0,2.96
T04,GL-4396,2026-03-12 02:47:00,7.597886,10.639741,4.6,3.09
T04,GL-4396,2026-03-12 02:48:00,7.597323,10.639753,10.4,4.07
T04,GL-4396,2026-03-12 02:49:00,7.596754,10.63972,11.2,4.94
T04,GL-4396,2026-03-12 02:50:00,7.596301,10.639481,7.9,3.76
T04,GL-4396,2026-03-12 02:51:00,7.595648,10.639358,11.9,4.44
T04,GL-4396,2026-03-12 02:52:00,7.595238,10.639311,6.9,4.0
T04,GL-4396,2026-03-12 02:53:00,7.594685,10.639233,5.2,4.74
T04,GL-4396,2026-03-12 02:54:00,7.594271,10.639195,5.9,3.58
T04,GL-4396,2026-03-12 02:55:00,7.593541,10.639109,4.2,4.46
T04,GL-4396,2026-03-12 02:56:00,7.593131,10.639059,9.6,2.99
T04,GL-4396,2026-03-12 02:57:00,7.592403,10.638756,9.2,4.48
T04,GL-4396,2026-03-12 02:58:00,7.591917,10.638773,10.6,3.51
T04,GL-4396,2026-03-12 02:59:00,7.591454,10.638619,8.3,3.26
T04,GL-4396,2026-03-12 03:00:00,7.590935,10.638486,11.0,4.44
T04,GL-4396,2026-03-12 03:01:00,7.590318,10.638534,5.3,4.01
T04,GL-4396,2026-03-12 03:02:00,7.58975,10.638405,10.6,5.29
T04,GL-4396,2026-03-12 03:03:00,7.5893,10.638228,6.7,3.62
T04,GL-4396,2026-03-12 03:04:00,7.588803,10.638366,8.7,3.96
T04,GL-4396,2026-03-12 03:05:00,7.588141,10.638268,7.3,5.25
T04,GL-4396,2026-03-12 03:06:00,7.587715,10.638001,5.7,5.58
T04,GL-4396,2026-03-12 03:07:00,7.587164,10.637979,10.9,3.5
T04,GL-4396,2026-03-12 03:08:00,7.586731,10.637854,10.1,4.34
T04,GL-4396,2026-03-12 03:09:00,7.586092,10.637811,5.4,3.68
T04,GL-4396,2026-03-12 03:10:00,7.585369,10.637766,9.6,3.44
T04,GL-4396,2026-03-12 03:11:00,7.585115,10.6376,9.8,3.7
T04,GL-4396,2026-03-12 03:12:00,7.584597,10.637523,4.7,4.76
T04,GL-4396,2026-03-12 03:13:00,7.584033,10.637372,11.1,3.83
T04,GL-4396,2026-03-12 03:14:00,7.583528,10.637434,11.5,4.21
T04,GL-4396,2026-03-12 03:15:00,7.582881,10.637342,,4.33
T04,GL-4396,2026-03-12 03:16:00,7.582322,10.637102,6.8,3.91
T04,GL-4396,2026-03-12 03:17:00,7.581795,10.637068,6.9,5.26
T04,GL-4396,2026-03-12 03:18:00,7.58127,10.637008,12.0,3.32
T04,GL-4396,2026-03-12 03:19:00,7.580748,10.636841,6.8,5.55
T04,GL-4396,2026-03-12 03:20:00,7.580121,10.636868,5.0,5.26
T04,GL-4396,2026-03-12 03:21:00,7.579744,10.636731,5.3,5.26
T04,GL-4396,2026-03-12 03:22:00,7.579105,10.636524,9.0,5.14
T04,GL-4396,2026-03-12 03:23:00,7.578648,10.636461,11.1,4.76
T04,GL-4396,2026-03-12 03:24:00,7.578087,10.63638,8.8,5.37
T04,GL-4396,2026-03-12 03:25:00,7.577572,10.636325,4.9,4.72
T04,GL-4396,2026-03-12 03:26:00,7.577026,10.636326,4.1,4.16
T04,GL-4396,2026-03-12 03:27:00,7.57649,10.636213,6.4,5.31
T04,GL-4396,2026-03-12 03:28:00,7.576025,10.636196,7.3,4.62
T04,GL-4396,2026-03-12 03:29:00,7.575252,10.636053,4.5,5.48
T04,GL-4396,2026-03-12 03:30:00,7.574897,10.635921,9.8,2.91
T04,GL-4396,2026-03-12 03:31:00,7.574219,10.635766,5.6,3.97
T04,GL-4396,2026-03-12 03:32:00,7.573798,10.635695,7.0,4.87
T04,GL-4396,2026-03-12 03:33:00,7.573296,10.635612,11.1,2.9
T04,GL-4396,2026-03-12 03:34:00,7.572724,10.635586,6.9,5.46
T04,GL-4396,2026-03-12 03:35:00,7.572277,10.635393,10.4,2.82
T04,GL-4396,2026-03-12 03:36:00,7.571689,10.635345,7.5,3.8
T04,GL-4396,2026-03-12 03:37:00,7.5712,10.635324,4.5,3.75
T04,GL-4396,2026-03-12 03:38:00,7.570575,10.635204,10.8,2.98
T04,GL-4396,2026-03-12 03:39:00,7.570077,10.635271,4.1,3.6
T04,GL-4396,2026-03-12 03:40:00,7.569469,10.635053,7.1,2.96
T04,GL-4396,2026-03-12 03:41:00,7.568994,10.634959,5.8,3.58
T04,GL-4396,2026-03-12 03:42:00,7.568578,10.634878,8.2,3.08
T04,GL-4396,2026-03-12 03:43:00,7.567993,10.634734,10.5,3.37
T04,GL-4396,2026-03-12 03:44:00,7.567377,10.634758,4.6,3.92
T04,GL-4396,2026-03-12 03:45:00,7.566919,10.634638,4.1,4.57
T04,GL-4396,2026-03-12 03:46:00,7.566264,10.634485,10.7,3.35
T04,GL-4396,2026-03-12 03:47:00,7.565798,10.634406,8.0,3.01
T04,GL-4396,2026-03-12 03:48:00,7.565363,10.634251,7.1,4.1
T04,GL-4396,2026-03-12 03:49:00,7.56468,10.634359,11.3,3.85
T04,GL-4396,2026-03-12 03:50:00,7.564196,10.634072,4.7,3.27
T04,GL-4396,2026-03-12 03:51:00,7.563736,10.634074,8.4,4.73
T04,GL-4396,2026-03-12 03:52:00,7.563277,10.633984,5.6,3.55
T04,GL-4396,2026-03-12 03:53:00,7.562569,10.633928,11.2,3.67
T04,GL-4396,2026-03-12 03:54:00,7.562196,10.633795,4.4,5.3
T04,GL-4396,2026-03-12 03:55:00,7.561699,10.633691,5.6,3.2
T04,GL-4396,2026-03-12 03:56:00,7.561041,10.633648,10.7,5.02
T04,GL-4396,2026-03-12 03:57:00,7.560443,10.633605,9.3,2.87
T04,GL-4396,2026-03-12 03:58:00,7.55993,10.633564,10.8,5.43
T04,GL-4396,2026-03-12 03:59:00,7.559438,10.633385,10.5,3.7
T04,GL-4396,2026-03-12 04:00:00,7.558866,10.63319,10.5,3.11
T04,GL-4396,2026-03-12 04:01:00,7.558285,10.633169,4.4,3.4
T04,GL-4396,2026-03-12 04:02:00,7.557717,10.633146,7.9,4.69
T04,GL-4396,2026-03-12 04:03:00,7.557398,10.633068,11.5,3.36
T04,GL-4396,2026-03-12 04:04:00,7.556746,10.63307,7.9,4.86
T04,GL-4396,2026-03-12 04:05:00,7.556161,10.63292,9.6,2.97
T04,GL-4396,2026-03-12 04:06:00,7.555592,10.632777,10.2,3.11
T04,GL-4396,2026-03-12 04:07:00,7.555131,10.632671,7.5,3.34
T04,GL-4396,2026-03-12 04:08:00,7.554695,10.632666,8.4,3.62
T04,GL-4396,2026-03-12 04:09:00,7.554022,10.632483,10.5,4.08
T04,GL-4396,2026-03-12 04:10:00,7.55357,10.632424,4.5,2.89
T04,GL-4396,2026-03-12 04:11:00,7.553085,10.6323,8.3,5.04
T04,GL-4396,2026-03-12 04:12:00,7.5524,10.632228,8.9,3.87
T04,GL-4396,2026-03-12 04:13:00,7.551915,10.6321,5.6,4.63
T04,GL-4396,2026-03-12 04:14:00,7.551333,10.63203,6.2,4.77
T04,GL-4396,2026-03-12 04:15:00,7.55093,10.63202,6.1,4.1
T04,GL-4396,2026-03-12 04:16:00,7.550336,10.631855,10.5,5.53
T04,GL-4396,2026-03-12 04:17:00,7.54989,10.631809,8.1,3.55
T04,GL-4396,2026-03-12 04:18:00,7.549333,10.631728,10.3,2.93
T04,GL-4396,2026-03-12 04:19:00,7.548626,10.631602,5.2,4.35
T04,GL-4396,2026-03-12 04:20:00,7.548251,10.631524,8.7,4.13
T04,GL-4396,2026-03-12 04:21:00,7.547669,10.6313,4.1,3.57
T04,GL-4396,2026-03-12 04:22:00,7.547108,10.631337,10.1,4.99
T04,GL-4396,2026-03-12 04:23:00,7.546662,10.631149,6.9,4.7
T04,GL-4396,2026-03-12 04:24:00,7.546153,10.631116,10.1,4.27
T04,GL-4396,2026-03-12 04:25:00,7.545554,10.631114,5.3,5.26
T04,GL-4396,2026-03-12 04:26:00,7.544923,10.63101,9.8,4.39
T04,GL-4396,2026-03-12 04:27:00,7.544538,10.63095,7.8,2.81
T04,GL-4396,2026-03-12 04:28:00,7.543915,10.630751,7.8,4.87
T04,GL-4396,2026-03-12 04:29:00,7.543326,10.63073,10.2,3.82
T04,GL-4396,2026-03-12 04:30:00,7.542923,10.630579,4.1,5.32
T04,GL-4396,2026-03-12 04:31:00,7.542411,10.630413,7.6,5.14
T04,GL-4396,2026-03-12 04:32:00,7.541827,10.630415,9.6,4.53
T04,GL-4396,2026-03-12 04:33:00,7.541186,10.630371,8.7,5.12
T04,GL-4396,2026-03-12 04:34:00,7.540687,10.630277,5.7,4.05
T04,GL-4396,2026-03-12 04:35:00,7.540191,10.630246,9.3,3.63
T04,GL-4396,2026-03-12 04:36:00,7.539673,10.630123,5.4,4.85
T04,GL-4396,2026-03-12 04:37:00,7.539162,10.630045,4.4,5.02
T04,GL-4396,2026-03-12 04:38:00,7.538567,10.62992,9.5,3.6
T04,GL-4396,2026-03-12 04:39:00,7.538085,10.629797,9.2,4.86
T04,GL-4396,2026-03-12 04:40:00,7.537636,10.62974,6.6,5.49
T04,GL-4396,2026-03-12 04:41:00,7.53694,10.629616,6.9,3.34
T04,GL-4396,2026-03-12 04:42:00,7.536411,10.629651,6.2,4.93
T04,GL-4396,2026-03-12 04:43:00,7.535902,10.629471,11.1,3.19
T04,GL-4396,2026-03-12 04:44:00,7.53546,10.629321,10.7,5.03
T04,GL-4396,2026-03-12 04:45:00,7.534954,10.629251,,5.56
T04,GL-4396,2026-03-12 04:46:00,7.53442,10.629151,4.2,4.23
T04,GL-4396,2026-03-12 04:47:00,7.533819,10.629178,6.0,5.36
T04,GL-4396,2026-03-12 04:48:00,7.533298,10.629029,4.9,3.5
T04,GL-4396,2026-03-12 04:49:00,7.532744,10.62905,11.4,4.95
T04,GL-4396,2026-03-12 04:50:00,7.532189,10.628811,5.7,3.18
T04,GL-4396,2026-03-12 04:51:00,7.531669,10.628748,7.0,5.42
T04,GL-4396,2026-03-12 04:52:00,7.531132,10.628552,9.6,3.71
T04,GL-4396,2026-03-12 04:53:00,7.530624,10.628603,10.1,3.92
T04,GL-4396,2026-03-12 04:54:00,7.530094,10.628434,6.9,3.56
T04,GL-4396,2026-03-12 04:55:00,7.52963,10.628402,11.1,3.89
T04,GL-4396,2026-03-12 04:56:00,7.528959,10.628325,7.4,3.93
T04,GL-4396,2026-03-12 04:57:00,7.528565,10.628365,4.1,3.8
T04,GL-4396,2026-03-12 04:58:00,7.527915,10.628099,9.0,3.82
T04,GL-4396,2026-03-12 04:59:00,7.527455,10.628027,8.9,5.45
T04,GL-4396,2026-03-12 05:00:00,7.52689,10.627948,8.2,4.07
T04,GL-4396,2026-03-12 05:01:00,7.526416,10.627926,7.6,3.07
T04,GL-4396,2026-03-12 05:02:00,7.525809,10.627845,9.0,3.87
T04,GL-4396,2026-03-12 05:03:00,7.525183,10.627739,8.7,3.45
T04,GL-4396,2026-03-12 05:04:00,7.524772,10.627635,5.8,3.6
T04,GL-4396,2026-03-12 05:05:00,7.524183,10.627488,4.2,3.53
T04,GL-4396,2026-03-12 05:06:00,7.52378,10.627504,7.8,4.71
T04,GL-4396,2026-03-12 05:07:00,7.523126,10.627413,5.1,3.09
T04,GL-4396,2026-03-12 05:08:00,7.522524,10.627274,9.2,5.22
T04,GL-4396,2026-03-12 05:09:00,7.522133,10.627167,5.4,4.34
T04,GL-4396,2026-03-12 05:10:00,7.521477,10.627001,5.7,5.31
T04,GL-4396,2026-03-12 05:11:00,7.520961,10.626973,5.3,3.36
T04,GL-4396,2026-03-12 05:12:00,7.52039,10.62684,4.6,3.05
T04,GL-4396,2026-03-12 05:13:00,7.51991,10.626776,8.6,4.95
T04,GL-4396,2026-03-12 05:14:00,7.519407,10.626724,6.0,4.01
T04,GL-4396,2026-03-12 05:15:00,7.518844,10.626695,8.4,4.63
T04,GL-4396,2026-03-12 05:16:00,7.518319,10.626494,9.8,5.17
T04,GL-4396,2026-03-12 05:17:00,7.517792,10.626454,9.3,5.09
T04,GL-4396,2026-03-12 05:18:00,7.517217,10.626468,5.6,4.57
T04,GL-4396,2026-03-12 05:19:00,7.516654,10.626138,8.9,2.97
T04,GL-4396,2026-03-12 05:20:00,7.516159,10.626291,5.2,5.16
T04,GL-4396,2026-03-12 05:21:00,7.515654,10.62609,4.2,4.79
T04,GL-4396,2026-03-12 05:22:00,7.515103,10.625955,10.8,4.82
T04,GL-4396,2026-03-12 05:23:00,7.514598,10.625811,4.5,3.69
T04,GL-4396,2026-03-12 05:24:00,7.514086,10.625828,4.5,2.94
T04,GL-4396,2026-03-12 05:25:00,7.513569,10.625744,7.1,5.26
T04,GL-4396,2026-03-12 05:26:00,7.512971,10.625556,10.3,4.23
T04,GL-4396,2026-03-12 05:27:00,7.512502,10.625611,9.7,5.16
T04,GL-4396,2026-03-12 05:28:00,7.51185,10.625428,6.0,3.1
T04,GL-4396,2026-03-12 05:29:00,7.511422,10.625382,9.0,4.79
T04,GL-4396,2026-03-12 05:30:00,7.510841,10.625176,10.8,3.97
T04,GL-4396,2026-03-12 05:31:00,7.510299,10.625191,4.8,4.48
T04,GL-4396,2026-03-12 05:32:00,7.509737,10.62512,7.3,5.35
T04,GL-4396,2026-03-12 05:33:00,7.509186,10.625117,5.0,5.41
T04,GL-4396,2026-03-12 05:34:00,7.508657,10.624935,6.2,4.02
T04,GL-4396,2026-03-12 05:35:00,7.50821,10.624865,11.6,4.73
T04,GL-4396,2026-03-12 05:36:00,7.507671,10.624681,6.1,3.61
T04,GL-4396,2026-03-12 05:37:00,7.507098,10.624703,6.6,4.91
T04,GL-4396,2026-03-12 05:38:00,7.506576,10.624505,10.9,4.67
T04,GL-4396,2026-03-12 05:39:00,7.506024,10.624503,12.0,4.8
T04,GL-4396,2026-03-12 05:40:00,7.505522,10.6244,9.9,4.22
T04,GL-4396,2026-03-12 05:41:00,7.504993,10.624243,5.2,3.19
T04,GL-4396,2026-03-12 05:42:00,7.504534,10.624329,11.2,5.42
T04,GL-4396,2026-03-12 05:43:00,7.503866,10.62402,6.4,3.77
T04,GL-4396,2026-03-12 05:44:00,7.503403,10.624111,7.8,3.59
T04,GL-4396,2026-03-12 05:45:00,7.502934,10.623997,5.5,5.47
T04,GL-4396,2026-03-12 05:46:00,7.502278,10.623838,7.0,4.21
T04,GL-4396,2026-03-12 05:47:00,7.501832,10.623849,10.3,4.51
T04,GL-4396,2026-03-12 05:48:00,7.501206,10.623589,12.0,5.53
T04,GL-4396,2026-03-12 05:49:00,7.500735,10.623575,6.3,3.58
T04,GL-4396,2026-03-12 05:50:00,7.500184,10.623496,4.1,3.84
T04,GL-4396,2026-03-12 05:51:00,7.499698,10.62339,7.3,5.34
T04,GL-4396,2026-03-12 05:52:00,7.499126,10.623292,6.6,3.75
T04,GL-4396,2026-03-12 05:53:00,7.498632,10.623266,6.5,4.71
T04,GL-4396,2026-03-12 05:54:00,7.498028,10.623119,6.5,3.37
T04,GL-4396,2026-03-12 05:55:00,7.497609,10.62297,4.6,2.9
T04,GL-4396,2026-03-12 05:56:00,7.496984,10.622931,11.6,5.06
T04,GL-4396,2026-03-12 05:57:00,7.496478,10.622756,8.8,5.31
T04,GL-4396,2026-03-12 05:58:00,7.49596,10.622781,4.1,4.77
T04,GL-4396,2026-03-12 05:59:00,7.495306,10.622752,6.4,5.49
T04,GL-4396,2026-03-12 06:00:00,7.494851,10.622654,5.8,3.04
T04,GL-4396,2026-03-12 06:01:00,7.494387,10.622516,9.7,5.31
T04,GL-4396,2026-03-12 06:02:00,7.493806,10.62243,7.3,3.5
T04,GL-4396,2026-03-12 06:03:00,7.493199,10.622453,10.7,5.0
T04,GL-4396,2026-03-12 06:04:00,7.492806,10.622208,10.1,5.22
T04,GL-4396,2026-03-12 06:05:00,7.492156,10.622133,,4.32
T04,GL-4396,2026-03-12 06:06:00,7.491648,10.622143,4.8,5.27
T04,GL-4396,2026-03-12 06:07:00,7.491102,10.622071,9.3,2.96
T04,GL-4396,2026-03-12 06:08:00,7.490456,10.621889,5.0,3.06
T04,GL-4396,2026-03-12 06:09:00,7.489998,10.621794,6.5,3.53
T04,GL-4396,2026-03-12 06:10:00,7.489499,10.621763,8.2,3.17
T04,GL-4396,2026-03-12 06:11:00,7.488981,10.621556,6.1,4.59
T04,GL-4396,2026-03-12 06:12:00,7.488393,10.621624,4.5,4.35
T04,GL-4396,2026-03-12 06:13:00,7.487918,10.621446,7.6,4.54
T04,GL-4396,2026-03-12 06:14:00,7.487297,10.621443,5.3,5.44
T04,GL-4396,2026-03-12 06:15:00,7.48687,10.621215,6.3,3.29
T04,GL-4396,2026-03-12 06:16:00,7.486269,10.621173,6.4,2.97
T04,GL-4396,2026-03-12 06:17:00,7.485788,10.621195,11.9,5.47
T04,GL-4396,2026-03-12 06:18:00,7.485279,10.620961,11.8,3.22
T04,GL-4396,2026-03-12 06:19:00,7.484724,10.620981,9.6,3.4
T04,GL-4396,2026-03-12 06:20:00,7.484227,10.620878,10.4,3.42
T04,GL-4396,2026-03-12 06:21:00,7.483672,10.620736,7.9,4.48
T04,GL-4396,2026-03-12 06:22:00,7.48322,10.620601,9.7,4.77
T04,GL-4396,2026-03-12 06:23:00,7.482651,10.620564,7.0,5.18
T04,GL-4396,2026-03-12 06:24:00,7.482152,10.620465,7.8,3.77
T04,GL-4396,2026-03-12 06:25:00,7.481493,10.620592,5.8,5.22
T04,GL-4396,2026-03-12 06:26:00,7.480925,10.620262,4.6,3.73
T04,GL-4396,2026-03-12 06:27:00,7.480441,10.620283,4.5,3.41
T04,GL-4396,2026-03-12 06:28:00,7.479925,10.62012,5.3,3.87
T04,GL-4396,2026-03-12 06:29:00,7.479364,10.620059,8.0,4.05
T04,GL-4396,2026-03-12 06:30:00,7.479035,10.620051,11.8,4.29
T04,GL-4396,2026-03-12 06:31:00,7.478281,10.619919,11.3,5.14
T04,GL-4396,2026-03-12 06:32:00,7.47778,10.619728,10.3,4.35
T04,GL-4396,2026-03-12 06:33:00,7.477264,10.619621,8.9,3.43
T04,GL-4396,2026-03-12 06:34:00,7.476628,10.619674,6.1,4.61
T04,GL-4396,2026-03-12 06:35:00,7.476211,10.619548,11.0,4.92
T04,GL-4396,2026-03-12 06:36:00,7.475558,10.619339,10.7,5.29
T04,GL-4396,2026-03-12 06:37:00,7.475031,10.619303,10.9,4.51
T04,GL-4396,2026-03-12 06:38:00,7.474617,10.619162,11.5,4.27
T04,GL-4396,2026-03-12 06:39:00,7.474082,10.619192,9.0,3.66
T04,GL-4396,2026-03-12 06:40:00,7.473464,10.619094,9.2,3.01
T04,GL-4396,2026-03-12 06:41:00,7.473024,10.618889,11.1,3.21
T04,GL-4396,2026-03-12 06:42:00,7.472372,10.618985,11.6,4.4
T04,GL-4396,2026-03-12 06:43:00,7.471867,10.618769,10.4,5.49
T04,GL-4396,2026-03-12 06:44:00,7.471364,10.618735,5.7,3.38
T04,GL-4396,2026-03-12 06:45:00,7.47075,10.618643,9.3,4.8
T04,GL-4396,2026-03-12 06:46:00,7.470257,10.618537,10.6,2.92
T04,GL-4396,2026-03-12 06:47:00,7.469687,10.618441,7.3,3.71
T04,GL-4396,2026-03-12 06:48:00,7.469271,10.618359,,4.81
T04,GL-4396,2026-03-12 06:49:00,7.468608,10.618241,7.1,3.3
T04,GL-4396,2026-03-12 06:50:00,7.468078,10.618194,7.2,4.5
T04,GL-4396,2026-03-12 06:51:00,7.467668,10.618149,6.9,5.3
T04,GL-4396,2026-03-12 06:52:00,7.467085,10.61809,9.5,4.21
T04,GL-4396,2026-03-12 06:53:00,7.466629,10.617879,11.2,4.11
T04,GL-4396,2026-03-12 06:54:00,7.466087,10.617872,5.9,3.44
T04,GL-4396,2026-03-12 06:55:00,7.465454,10.617727,11.3,2.9
T04,GL-4396,2026-03-12 06:56:00,7.464974,10.617583,11.5,3.57
T04,GL-4396,2026-03-12 06:57:00,7.464443,10.617539,5.2,5.2
T04,GL-4396,2026-03-12 06:58:00,7.463936,10.61745,5.9,3.41
T04,GL-4396,2026-03-12 06:59:00,7.463529,10.617334,9.9,4.02
T04,GL-4396,2026-03-12 07:00:00,7.462722,10.617348,,3.09
T04,GL-4396,2026-03-12 07:01:00,7.462332,10.61725,6.4,2.92
T04,GL-4396,2026-03-12 07:02:00,7.461775,10.617008,6.8,5.01
T04,GL-4396,2026-03-12 07:03:00,7.461233,10.617056,8.5,3.46
T04,GL-4396,2026-03-12 07:04:00,7.460702,10.617025,8.6,3.32
T04,GL-4396,2026-03-12 07:05:00,7.460098,10.616783,11.1,4.44
T04,GL-4396,2026-03-12 07:06:00,7.459642,10.616789,4.9,4.9
T04,GL-4396,2026-03-12 07:07:00,7.459278,10.616637,5.5,5.15
T04,GL-4396,2026-03-12 07:08:00,7.45849,10.616618,4.1,4.59
T04,GL-4396,2026-03-12 07:09:00,7.458033,10.616502,7.0,4.89
T04,GL-4396,2026-03-12 07:10:00,7.457368,10.61647,5.5,5.56
T04,GL-4396,2026-03-12 07:11:00,7.456891,10.616288,9.7,4.5
T04,GL-4396,2026-03-12 07:12:00,7.456368,10.616305,8.3,4.19
T04,GL-4396,2026-03-12 07:13:00,7.45585,10.616166,9.0,2.95
T04,GL-4396,2026-03-12 07:14:00,7.455336,10.616058,11.2,3.11
T04,GL-4396,2026-03-12 07:15:00,7.454879,10.615998,,4.85
T04,GL-4396,2026-03-12 07:16:00,7.454178,10.615915,10.0,2.8
T04,GL-4396,2026-03-12 07:17:00,7.453734,10.615772,11.4,5.17
T04,GL-4396,2026-03-12 07:18:00,7.453287,10.615701,10.7,4.06
T04,GL-4396,2026-03-12 07:19:00,7.45262,10.615619,11.0,3.79
T04,GL-4396,2026-03-12 07:20:00,7.452048,10.615528,9.8,5.47
T04,GL-4396,2026-03-12 07:21:00,7.451685,10.615477,9.8,3.54
T04,GL-4396,2026-03-12 07:22:00,7.451005,10.6153,5.0,4.44
T04,GL-4396,2026-03-12 07:23:00,7.450523,10.615342,9.8,5.28
T04,GL-4396,2026-03-12 07:24:00,7.45002,10.615135,7.8,4.97
T04,GL-4396,2026-03-12 07:25:00,7.44947,10.614953,8.0,5.33
T04,GL-4396,2026-03-12 07:26:00,7.547425,10.614912,8.6,385.9
T04,GL-4396,2026-03-12 07:27:00,7.448468,10.614902,11.2,3.67
T04,GL-4396,2026-03-12 07:28:00,7.447888,10.614777,7.1,3.48
T04,GL-4396,2026-03-12 07:29:00,7.447204,10.614627,10.4,4.02
T04,GL-4396,2026-03-12 07:30:00,7.44686,10.614655,8.5,5.0
T04,GL-4396,2026-03-12 07:31:00,7.446372,10.614632,7.5,3.15
T04,GL-4396,2026-03-12 07:32:00,7.445767,10.61442,11.8,4.7
T04,GL-4396,2026-03-12 07:33:00,7.445283,10.614421,9.5,3.37
T04,GL-4396,2026-03-12 07:34:00,7.444731,10.614296,5.5,5.31
T04,GL-4396,2026-03-12 07:35:00,7.444122,10.614182,7.2,4.44
T04,GL-4396,2026-03-12 07:36:00,7.443758,10.614157,5.0,3.99
T04,GL-4396,2026-03-12 07:37:00,7.443109,10.614038,10.0,3.73
T04,GL-4396,2026-03-12 07:38:00,7.442551,10.61391,5.6,2.96
T04,GL-4396,2026-03-12 07:39:00,7.441956,10.613845,,4.09
T04,GL-4396,2026-03-12 07:40:00,7.441498,10.613766,7.9,4.5
T04,GL-4396,2026-03-12 07:41:00,7.440936,10.613627,5.0,3.78
T04,GL-4396,2026-03-12 07:42:00,7.4404,10.613563,4.1,3.27
T04,GL-4396,2026-03-12 07:43:00,7.439717,10.61346,7.7,3.14
T04,GL-4396,2026-03-12 07:44:00,7.439359,10.613376,7.1,5.51
T04,GL-4396,2026-03-12 07:45:00,7.438785,10.613296,5.6,3.58
T04,GL-4396,2026-03-12 07:46:00,7.438302,10.61328,9.3,5.25
T04,GL-4396,2026-03-12 07:47:00,7.437682,10.613071,8.3,5.28
T04,GL-4396,2026-03-12 07:48:00,7.437107,10.612995,6.3,2.9
T04,GL-4396,2026-03-12 07:49:00,7.436751,10.612919,5.9,2.98
T04,GL-4396,2026-03-12 07:50:00,7.436185,10.612816,11.6,4.88
T04,GL-4396,2026-03-12 07:51:00,7.435627,10.612733,6.7,4.68
T04,GL-4396,2026-03-12 07:52:00,7.434981,10.6127,5.8,3.1
T04,GL-4396,2026-03-12 07:53:00,7.434603,10.612596,10.5,4.23
T04,GL-4396,2026-03-12 07:54:00,7.434041,10.612555,7.5,3.51
T04,GL-4396,2026-03-12 07:55:00,7.433471,10.612345,10.9,5.57
T04,GL-4396,2026-03-12 07:56:00,7.432909,10.612321,11.1,3.0
T04,GL-4396,2026-03-12 07:57:00,7.43238,10.61218,7.4,5.53
T04,GL-4396,2026-03-12 07:58:00,7.431934,10.612196,8.0,3.49
T04,GL-4396,2026-03-12 07:59:00,7.431382,10.612079,6.0,4.25
T04,GL-4396,2026-03-12 08:00:00,7.430886,10.61201,,2.85
T04,GL-4396,2026-03-12 08:01:00,7.430298,10.611856,10.3,4.03
T04,GL-4396,2026-03-12 08:02:00,7.429785,10.6118,10.7,3.69
T04,GL-4396,2026-03-12 08:03:00,7.429158,10.611632,6.8,4.8
T04,GL-4396,2026-03-12 08:04:00,7.428681,10.611558,11.9,2.99
T04,GL-4396,2026-03-12 08:05:00,7.428115,10.611579,8.9,3.74
T04,GL-4396,2026-03-12 08:06:00,7.427654,10.611514,12.0,5.2
T04,GL-4396,2026-03-12 08:07:00,7.427057,10.611337,7.4,4.84
T04,GL-4396,2026-03-12 08:08:00,7.426627,10.611266,7.0,2.83
T04,GL-4396,2026-03-12 08:09:00,7.426048,10.6111,7.4,3.18
T04,GL-4396,2026-03-12 08:10:00,7.425428,10.611046,8.2,5.03
T04,GL-4396,2026-03-12 08:11:00,7.424922,10.611047,5.4,4.89
T04,GL-4396,2026-03-12 08:12:00,7.424454,10.610935,6.2,3.8
T04,GL-4396,2026-03-12 08:13:00,7.423832,10.610844,5.0,3.07
T04,GL-4396,2026-03-12 08:14:00,7.423285,10.610763,7.8,3.8
T04,GL-4396,2026-03-12 08:15:00,7.42285,10.610637,11.9,3.08
T04,GL-4396,2026-03-12 08:16:00,7.422256,10.610548,10.8,4.33
T04,GL-4396,2026-03-12 08:17:00,7.421724,10.610384,10.0,3.57
T04,GL-4396,2026-03-12 08:18:00,7.421237,10.610372,9.8,5.58
T04,GL-4396,2026-03-12 08:19:00,7.420696,10.610254,4.3,5.02
T04,GL-4396,2026-03-12 08:20:00,7.420124,10.610222,5.9,4.87
T04,GL-4396,2026-03-12 08:21:00,7.419588,10.60997,6.7,4.91
T04,GL-4396,2026-03-12 08:22:00,7.419144,10.609917,10.1,5.43
T04,GL-4396,2026-03-12 08:23:00,7.418547,10.609962,9.0,5.2
T04,GL-4396,2026-03-12 08:24:00,7.417983,10.609748,4.9,4.36
T04,GL-4396,2026-03-12 08:25:00,7.417461,10.609742,11.4,3.24
T04,GL-4396,2026-03-12 08:26:00,7.416876,10.609709,8.5,3.37
T04,GL-4396,2026-03-12 08:27:00,7.416333,10.609556,8.3,4.73
T04,GL-4396,2026-03-12 08:28:00,7.415865,10.60948,6.3,4.4
T04,GL-4396,2026-03-12 08:29:00,7.415267,10.609344,10.8,5.21
T04,GL-4396,2026-03-12 08:30:00,7.41482,10.609234,7.0,3.44
T04,GL-4396,2026-03-12 08:31:00,7.414194,10.609163,9.5,4.8
T04,GL-4396,2026-03-12 08:32:00,7.413766,10.609196,10.9,4.74
T04,GL-4396,2026-03-12 08:33:00,7.413174,10.609074,,5.21
T04,GL-4396,2026-03-12 08:34:00,7.412598,10.608902,6.5,5.42
T04,GL-4396,2026-03-12 08:35:00,7.412095,10.60887,6.8,4.78
T04,GL-4396,2026-03-12 08:36:00,7.411656,10.608794,4.2,3.37
T04,GL-4396,2026-03-12 08:37:00,7.410993,10.608613,10.6,3.31
T04,GL-4396,2026-03-12 08:38:00,7.4106,10.608584,8.1,3.4
T04,GL-4396,2026-03-12 08:39:00,7.409925,10.608539,5.0,4.73
T04,GL-4396,2026-03-12 08:40:00,7.409455,10.608453,5.6,3.52
T04,GL-4396,2026-03-12 08:41:00,7.408875,10.608335,4.6,3.01
T04,GL-4396,2026-03-12 08:42:00,7.40835,10.608257,4.5,5.33
T04,GL-4396,2026-03-12 08:43:00,7.407761,10.608163,4.4,4.93
T04,GL-4396,2026-03-12 08:44:00,7.407352,10.608135,6.6,3.96
T04,GL-4396,2026-03-12 08:45:00,7.406847,10.607961,10.3,3.6
T04,GL-4396,2026-03-12 08:46:00,7.406227,10.60782,10.3,4.98
T04,GL-4396,2026-03-12 08:47:00,7.40582,10.607904,9.5,3.7
T04,GL-4396,2026-03-12 08:48:00,7.405251,10.607622,8.8,5.54
T04,GL-4396,2026-03-12 08:49:00,7.404717,10.607601,4.1,3.04
T04,GL-4396,2026-03-12 08:50:00,7.404074,10.607547,9.1,3.4
T04,GL-4396,2026-03-12 08:51:00,7.403652,10.607363,6.8,3.92
T04,GL-4396,2026-03-12 08:52:00,7.403135,10.607423,9.3,4.35
T04,GL-4396,2026-03-12 08:53:00,7.402435,10.607259,,3.91
T04,GL-4396,2026-03-12 08:54:00,7.401931,10.607214,10.1,2.94
T04,GL-4396,2026-03-12 08:55:00,7.401521,10.606957,8.4,4.65
T04,GL-4396,2026-03-12 08:56:00,7.400845,10.606796,6.2,4.49
T04,GL-4396,2026-03-12 08:57:00,7.400346,10.606848,11.4,4.68
T04,GL-4396,2026-03-12 08:58:00,7.399783,10.60673,11.8,4.35
T04,GL-4396,2026-03-12 08:59:00,7.399363,10.60665,4.9,4.28
T04,GL-4396,2026-03-12 09:00:00,7.398778,10.606694,11.8,4.0
T04,GL-4396,2026-03-12 09:01:00,7.398218,10.606501,8.7,3.1
T04,GL-4396,2026-03-12 09:02:00,7.397686,10.606389,,4.07
T04,GL-4396,2026-03-12 09:03:00,7.397267,10.606304,8.2,3.34
T04,GL-4396,2026-03-12 09:04:00,7.396573,10.606297,7.8,4.65
T04,GL-4396,2026-03-12 09:05:00,7.396077,10.606313,4.5,3.05
T04,GL-4396,2026-03-12 09:06:00,7.395597,10.606094,7.3,4.63
T04,GL-4396,2026-03-12 09:07:00,7.395082,10.606034,10.9,4.15
T04,GL-4396,2026-03-12 09:08:00,7.394482,10.605814,10.9,3.6
T04,GL-4396,2026-03-12 09:09:00,7.393953,10.605826,8.0,4.88
T04,GL-4396,2026-03-12 09:10:00,7.393457,10.605761,8.7,3.84
T04,GL-4396,2026-03-12 09:11:00,7.392876,10.60556,8.2,4.76
T04,GL-4396,2026-03-12 09:12:00,7.392432,10.605601,5.1,2.98
T04,GL-4396,2026-03-12 09:13:00,7.391788,10.605429,9.9,3.96
T04,GL-4396,2026-03-12 09:14:00,7.391422,10.605354,7.1,5.42
T04,GL-4396,2026-03-12 09:15:00,7.390777,10.605258,10.5,3.27
T04,GL-4396,2026-03-12 09:16:00,7.390223,10.605264,,3.65
T04,GL-4396,2026-03-12 09:17:00,7.389746,10.605064,5.4,4.91
T04,GL-4396,2026-03-12 09:18:00,7.389221,10.604986,7.9,3.05
T04,GL-4396,2026-03-12 09:19:00,7.388645,10.60501,10.8,4.74
T04,GL-4396,2026-03-12 09:20:00,7.388155,10.604816,4.1,3.62
T04,GL-4396,2026-03-12 09:21:00,7.387594,10.604739,6.2,4.49
T04,GL-4396,2026-03-12 09:22:00,7.38701,10.604749,8.3,4.35
T04,GL-4396,2026-03-12 09:23:00,7.386437,10.604595,11.3,5.4
T04,GL-4396,2026-03-12 09:24:00,7.386111,10.604482,11.4,3.32
T04,GL-4396,2026-03-12 09:25:00,7.385445,10.604388,8.8,4.26
T04,GL-4396,2026-03-12 09:26:00,7.384976,10.60436,6.0,5.19
T04,GL-4396,2026-03-12 09:27:00,7.384413,10.604355,11.9,3.07
T04,GL-4396,2026-03-12 09:28:00,7.383809,10.604136,7.6,4.37
T04,GL-4396,2026-03-12 09:29:00,7.383366,10.604011,5.9,4.16
T04,GL-4396,2026-03-12 09:30:00,7.382815,10.603989,9.8,5.11
T04,GL-4396,2026-03-12 09:31:00,7.382109,10.603927,8.5,4.67
T04,GL-4396,2026-03-12 09:32:00,7.381738,10.603697,8.3,4.09
T04,GL-4396,2026-03-12 09:33:00,7.381161,10.603696,6.6,4.75
T04,GL-4396,2026-03-12 09:34:00,7.380682,10.603606,9.5,4.32
T04,GL-4396,2026-03-12 09:35:00,7.380196,10.603508,9.8,3.79
T04,GL-4396,2026-03-12 09:36:00,7.379614,10.603346,10.4,4.48
T04,GL-4396,2026-03-12 09:37:00,7.379014,10.603345,11.5,3.14
T04,GL-4396,2026-03-12 09:38:00,7.378497,10.603291,9.8,4.22
T04,GL-4396,2026-03-12 09:39:00,7.377947,10.603244,4.6,4.47
T04,GL-4396,2026-03-12 09:40:00,7.377388,10.603045,11.3,4.1
T04,GL-4396,2026-03-12 09:41:00,7.376842,10.602942,10.7,5.44
T04,GL-4396,2026-03-12 09:42:00,7.376477,10.602819,4.4,4.59
T04,GL-4396,2026-03-12 09:43:00,7.375768,10.602886,6.5,5.2
T04,GL-4396,2026-03-12 09:44:00,7.375341,10.602781,4.9,5.09
T04,GL-4396,2026-03-12 09:45:00,7.374793,10.602732,8.8,4.88
T04,GL-4396,2026-03-12 09:46:00,7.374317,10.602564,9.5,4.08
T04,GL-4396,2026-03-12 09:47:00,7.373641,10.60234,9.1,3.58
T04,GL-4396,2026-03-12 09:48:00,7.373156,10.602434,8.0,2.87
T04,GL-4396,2026-03-12 09:49:00,7.372691,10.602291,6.5,2.83
T04,GL-4396,2026-03-12 09:50:00,7.372187,10.602241,7.1,2.91
T04,GL-4396,2026-03-12 09:51:00,7.371638,10.602084,9.9,4.23
T04,GL-4396,2026-03-12 09:52:00,7.371049,10.602036,10.1,4.11
T04,GL-4396,2026-03-12 09:53:00,7.370531,10.601783,10.0,4.15
T04,GL-4396,2026-03-12 09:54:00,7.36994,10.601817,4.8,5.17
T04,GL-4396,2026-03-12 09:55:00,7.369448,10.601778,6.6,4.42
T04,GL-4396,2026-03-12 09:56:00,7.36895,10.601699,5.9,4.47
T04,GL-4396,2026-03-12 09:57:00,7.36833,10.601634,5.1,5.02
T04,GL-4396,2026-03-12 09:58:00,7.367786,10.601483,8.1,3.18
T04,GL-4396,2026-03-12 09:59:00,7.367215,10.601411,8.0,4.58
T04,GL-4396,2026-03-12 10:00:00,7.3668,10.601285,11.3,4.9
T04,GL-4396,2026-03-12 10:01:00,7.366201,10.601262,4.1,3.86
T04,GL-4396,2026-03-12 10:02:00,7.365599,10.601007,6.8,2.96
T04,GL-4396,2026-03-12 10:03:00,7.365164,10.601138,9.4,4.55
T04,GL-4396,2026-03-12 10:04:00,7.364678,10.600838,11.9,4.89
T04,GL-4396,2026-03-12 10:05:00,7.364208,10.600867,10.1,5.42
T04,GL-4396,2026-03-12 10:06:00,7.363589,10.600795,11.9,3.49
T04,GL-4396,2026-03-12 10:07:00,7.363094,10.600626,8.0,3.49
T04,GL-4396,2026-03-12 10:08:00,7.36259,10.600447,10.4,3.97
T04,GL-4396,2026-03-12 10:09:00,7.362006,10.600609,5.9,2.99
T04,GL-4396,2026-03-12 10:10:00,7.361383,10.600458,6.6,3.94
T04,GL-4396,2026-03-12 10:11:00,7.360971,10.600323,6.6,4.56
T04,GL-4396,2026-03-12 10:12:00,7.360358,10.600213,5.3,3.78
T04,GL-4396,2026-03-12 10:13:00,7.359777,10.600128,8.5,3.28
T04,GL-4396,2026-03-12 10:14:00,7.359333,10.60002,5.3,3.75
T04,GL-4396,2026-03-12 10:15:00,7.358692,10.60006,8.2,3.79
T04,GL-4396,2026-03-12 10:16:00,7.358244,10.599958,,3.38
T04,GL-4396,2026-03-12 10:17:00,7.357655,10.599738,4.2,4.55
T04,GL-4396,2026-03-12 10:18:00,7.357274,10.59971,10.9,3.17
T04,GL-4396,2026-03-12 10:19:00,7.356673,10.599567,11.5,5.24
T04,GL-4396,2026-03-12 10:20:00,7.356087,10.599394,4.1,5.06
T04,GL-4396,2026-03-12 10:21:00,7.355513,10.599554,8.6,3.33
T04,GL-4396,2026-03-12 10:22:00,7.354915,10.599383,11.8,3.9
T04,GL-4396,2026-03-12 10:23:00,7.354436,10.599085,7.5,5.08
T04,GL-4396,2026-03-12 10:24:00,7.353949,10.599142,11.6,3.96
T04,GL-4396,2026-03-12 10:25:00,7.353384,10.599111,7.1,3.01
T04,GL-4396,2026-03-12 10:26:00,7.352954,10.599113,9.9,5.29
T04,GL-4396,2026-03-12 10:27:00,7.352405,10.598982,10.4,4.62
T04,GL-4396,2026-03-12 10:28:00,7.351913,10.598778,9.5,4.81
T04,GL-4396,2026-03-12 10:29:00,7.351249,10.59877,7.4,4.56
T04,GL-4396,2026-03-12 10:30:00,7.350852,10.598642,8.9,4.46
T04,GL-4396,2026-03-12 10:31:00,7.350274,10.598658,4.2,3.91
T04,GL-4396,2026-03-12 10:32:00,7.349705,10.598421,10.4,4.74
T04,GL-4396,2026-03-12 10:33:00,7.349109,10.598393,6.6,3.31
T04,GL-4396,2026-03-12 10:34:00,7.348614,10.598235,6.8,4.86
T04,GL-4396,2026-03-12 10:35:00,7.34812,10.598123,6.9,3.77
T04,GL-4396,2026-03-12 10:36:00,7.347541,10.59809,5.1,5.19
T04,GL-4396,2026-03-12 10:37:00,7.347015,10.598007,6.4,4.13
T04,GL-4396,2026-03-12 10:38:00,7.346604,10.597918,4.7,5.57
T04,GL-4396,2026-03-12 10:39:00,7.345912,10.597915,9.8,5.11
T04,GL-4396,2026-03-12 10:40:00,7.345313,10.597805,5.7,4.5
T04,GL-4396,2026-03-12 10:41:00,7.344972,10.597606,7.8,3.7
T04,GL-4396,2026-03-12 10:42:00,7.344337,10.597653,10.5,5.5
T04,GL-4396,2026-03-12 10:43:00,7.343973,10.597562,9.8,5.58
T04,GL-4396,2026-03-12 10:44:00,7.343343,10.5974,10.4,4.32
T04,GL-4396,2026-03-12 10:45:00,7.342773,10.597344,11.8,3.8
T04,GL-4396,2026-03-12 10:46:00,7.342245,10.597233,5.1,5.51
T04,GL-4396,2026-03-12 10:47:00,7.341706,10.597191,7.0,5.26
T04,GL-4396,2026-03-12 10:48:00,7.341187,10.596917,7.5,5.1
T04,GL-4396,2026-03-12 10:49:00,7.30659,10.596998,10.3,191.61
T04,GL-4396,2026-03-12 10:50:00,7.340075,10.596868,,4.8
T04,GL-4396,2026-03-12 10:51:00,7.339457,10.596779,11.7,4.1
T04,GL-4396,2026-03-12 10:52:00,7.339075,10.596702,11.0,4.11
T04,GL-4396,2026-03-12 10:53:00,7.338531,10.596609,4.4,4.07
T04,GL-4396,2026-03-12 10:54:00,7.337875,10.596466,5.8,4.65
T04,GL-4396,2026-03-12 10:55:00,7.337321,10.596401,9.6,3.97
T04,GL-4396,2026-03-12 10:56:00,7.336893,10.596272,11.6,3.14
T04,GL-4396,2026-03-12 10:57:00,7.336302,10.596179,10.0,5.12
T04,GL-4396,2026-03-12 10:58:00,7.335817,10.596093,8.1,3.42
T04,GL-4396,2026-03-12 10:59:00,7.335282,10.596018,10.2,3.7
T04,GL-4396,2026-03-12 11:00:00,7.334711,10.596038,7.1,4.6
T04,GL-4396,2026-03-12 11:01:00,7.334191,10.595819,6.8,5.18
T04,GL-4396,2026-03-12 11:02:00,7.333604,10.595772,10.8,4.54
T04,GL-4396,2026-03-12 11:03:00,7.333097,10.595719,6.3,3.41
T04,GL-4396,2026-03-12 11:04:00,7.332588,10.595587,11.0,5.02
T04,GL-4396,2026-03-12 11:05:00,7.33207,10.595416,9.7,5.23
T04,GL-4396,2026-03-12 11:06:00,7.331484,10.59545,6.6,4.52
T04,GL-4396,2026-03-12 11:07:00,7.331011,10.595409,6.5,4.97
T04,GL-4396,2026-03-12 11:08:00,7.33045,10.59524,5.7,5.04
T04,GL-4396,2026-03-12 11:09:00,7.32996,10.595176,5.4,3.97
T04,GL-4396,2026-03-12 11:10:00,7.329401,10.59502,8.0,3.35
T04,GL-4396,2026-03-12 11:11:00,7.328975,10.595026,5.8,3.07
T04,GL-4396,2026-03-12 11:12:00,7.328328,10.594964,5.7,2.8
T04,GL-4396,2026-03-12 11:13:00,7.327721,10.594825,11.6,3.35
T04,GL-4396,2026-03-12 11:14:00,7.32722,10.594708,10.8,5.49
T04,GL-4396,2026-03-12 11:15:00,7.326728,10.594683,4.1,4.7
T04,GL-4396,2026-03-12 11:16:00,7.326303,10.594492,10.3,5.1
T04,GL-4396,2026-03-12 11:17:00,7.325565,10.59444,11.8,4.18
T04,GL-4396,2026-03-12 11:18:00,7.325119,10.594353,10.4,5.6
T04,GL-4396,2026-03-12 11:19:00,7.324543,10.59419,7.3,4.84
T04,GL-4396,2026-03-12 11:20:00,7.324193,10.594205,11.4,5.01
T04,GL-4396,2026-03-12 11:21:00,7.323557,10.594118,10.5,4.76
T04,GL-4396,2026-03-12 11:22:00,7.322907,10.593965,7.6,4.49
T04,GL-4396,2026-03-12 11:23:00,7.322568,10.593982,10.5,4.92
T04,GL-4396,2026-03-12 11:24:00,7.321982,10.593859,9.2,4.14
T04,GL-4396,2026-03-12 11:25:00,7.321523,10.593728,6.4,4.55
T04,GL-4396,2026-03-12 11:26:00,7.320884,10.593579,4.1,4.78
T04,GL-4396,2026-03-12 11:27:00,7.320335,10.593603,10.2,5.17
T04,GL-4396,2026-03-12 11:28:00,7.424382,10.593512,8.0,199.9
T04,GL-4396,2026-03-12 11:29:00,7.319237,10.59331,10.2,5.05
T04,GL-4396,2026-03-12 11:30:00,7.318765,10.593288,7.4,3.73
T04,GL-4396,2026-03-12 11:31:00,7.318246,10.593111,9.6,2.97
T04,GL-4396,2026-03-12 11:32:00,7.317647,10.593238,9.0,3.72
T04,GL-4396,2026-03-12 11:33:00,7.317054,10.592964,4.7,3.01
T04,GL-4396,2026-03-12 11:34:00,7.316585,10.59289,9.8,4.46
T04,GL-4396,2026-03-12 11:35:00,7.316141,10.59283,7.2,4.83
T04,GL-4396,2026-03-12 11:36:00,7.31551,10.592832,10.3,3.06
T04,GL-4396,2026-03-12 11:37:00,7.314977,10.59251,4.2,2.95
T04,GL-4396,2026-03-12 11:38:00,7.314513,10.592651,11.6,4.56
T04,GL-4396,2026-03-12 11:39:00,7.313963,10.592439,5.7,3.57
T04,GL-4396,2026-03-12 11:40:00,7.313411,10.592343,6.1,4.01
T04,GL-4396,2026-03-12 11:41:00,7.312847,10.592364,9.1,4.93
T04,GL-4396,2026-03-12 11:42:00,7.312224,10.592226,4.3,5.35
T04,GL-4396,2026-03-12 11:43:00,7.311853,10.592149,10.7,3.79
T04,GL-4396,2026-03-12 11:44:00,7.311268,10.592115,10.2,3.95
T04,GL-4396,2026-03-12 11:45:00,7.310691,10.591871,11.7,5.38
T04,GL-4396,2026-03-12 11:46:00,7.31016,10.591891,,4.97
T04,GL-4396,2026-03-12 11:47:00,7.309692,10.591761,6.0,3.46
T04,GL-4396,2026-03-12 11:48:00,7.309149,10.591687,7.6,4.17
T04,GL-4396,2026-03-12 11:49:00,7.308456,10.591528,7.6,3.73
T04,GL-4396,2026-03-12 11:50:00,7.308076,10.591487,,5.44
T04,GL-4396,2026-03-12 11:51:00,7.30757,10.591432,11.7,4.74
T04,GL-4396,2026-03-12 11:52:00,7.306885,10.591336,5.4,5.2
T04,GL-4396,2026-03-12 11:53:00,7.306485,10.591311,5.1,4.58
T04,GL-4396,2026-03-12 11:54:00,7.306014,10.591229,9.1,4.07
T04,GL-4396,2026-03-12 11:55:00,7.305393,10.591122,5.6,3.42
T04,GL-4396,2026-03-12 11:56:00,7.304952,10.591025,9.0,4.7
T04,GL-4396,2026-03-12 11:57:00,7.304373,10.590864,9.8,3.81
T04,GL-4396,2026-03-12 11:58:00,7.30382,10.590729,6.4,4.54
T04,GL-4396,2026-03-12 11:59:00,7.303344,10.590729,9.3,3.93
T04,GL-4396,2026-03-12 12:00:00,7.302691,10.590596,10.2,2.93
T04,GL-4396,2026-03-12 12:01:00,7.302252,10.59042,4.6,5.1
T04,GL-4396,2026-03-12 12:02:00,7.301705,10.590559,9.6,4.63
T04,GL-4396,2026-03-12 12:03:00,7.301106,10.59028,8.0,5.1
T04,GL-4396,2026-03-12 12:04:00,7.300641,10.59029,7.7,5.29
T04,GL-4396,2026-03-12 12:05:00,7.299974,10.590104,10.8,2.83
T04,GL-4396,2026-03-12 12:06:00,7.299545,10.590142,7.2,5.26
T04,GL-4396,2026-03-12 12:07:00,7.299081,10.590044,7.1,4.5
T04,GL-4396,2026-03-12 12:08:00,7.298501,10.589914,10.5,5.11
T04,GL-4396,2026-03-12 12:09:00,7.297897,10.589854,8.4,4.75
T04,GL-4396,2026-03-12 12:10:00,7.297367,10.589711,6.1,3.52
T04,GL-4396,2026-03-12 12:11:00,7.296854,10.589759,12.0,3.49
T04,GL-4396,2026-03-12 12:12:00,7.296301,10.589477,7.1,4.27
T04,GL-4396,2026-03-12 12:13:00,7.295799,10.589605,11.7,4.89
T04,GL-4396,2026-03-12 12:14:00,7.295272,10.589436,10.4,5.34
T04,GL-4396,2026-03-12 12:15:00,7.294745,10.589194,7.4,4.93
T04,GL-4396,2026-03-12 12:16:00,7.294163,10.589179,9.7,4.12
T04,GL-4396,2026-03-12 12:17:00,7.293674,10.589127,4.4,3.91
T04,GL-4396,2026-03-12 12:18:00,7.293151,10.589153,6.4,4.48
T04,GL-4396,2026-03-12 12:19:00,7.292478,10.588881,8.3,5.57
T04,GL-4396,2026-03-12 12:20:00,7.292049,10.588855,8.4,5.39
T04,GL-4396,2026-03-12 12:21:00,7.291444,10.588769,6.4,4.54
T04,GL-4396,2026-03-12 12:22:00,7.290971,10.588808,9.6,3.01
T04,GL-4396,2026-03-12 12:23:00,7.290545,10.588669,6.6,4.96
T04,GL-4396,2026-03-12 12:24:00,7.289891,10.588459,9.1,2.82
T04,GL-4396,2026-03-12 12:25:00,7.289367,10.588366,8.5,3.75
T04,GL-4396,2026-03-12 12:26:00,7.288927,10.588274,5.8,5.01
T04,GL-4396,2026-03-12 12:27:00,7.288401,10.588303,7.5,4.03
T04,GL-4396,2026-03-12 12:28:00,7.28779,10.588125,8.7,4.31
T04,GL-4396,2026-03-12 12:29:00,7.287272,10.588196,6.5,3.34
T04,GL-4396,2026-03-12 12:30:00,7.286768,10.587981,9.4,3.98
T04,GL-4396,2026-03-12 12:31:00,7.286148,10.587918,5.9,4.61
T04,GL-4396,2026-03-12 12:32:00,7.28564,10.587692,6.1,4.05
T04,GL-4396,2026-03-12 12:33:00,7.285218,10.587683,10.9,3.21
T04,GL-4396,2026-03-12 12:34:00,7.284566,10.587507,8.4,3.86
T04,GL-4396,2026-03-12 12:35:00,7.28407,10.587564,5.7,3.41
T04,GL-4396,2026-03-12 12:36:00,7.283501,10.587481,4.6,5.31
T04,GL-4396,2026-03-12 12:37:00,7.283016,10.587499,9.4,5.29
T04,GL-4396,2026-03-12 12:38:00,7.282415,10.587293,4.8,3.03
T04,GL-4396,2026-03-12 12:39:00,7.281864,10.587189,10.9,3.68
T04,GL-4396,2026-03-12 12:40:00,7.281294,10.587075,7.2,3.27
T04,GL-4396,2026-03-12 12:41:00,7.280877,10.586968,10.1,3.97
T04,GL-4396,2026-03-12 12:42:00,7.280352,10.58692,8.8,5.6
T04,GL-4396,2026-03-12 12:43:00,7.279815,10.586842,8.7,4.96
T04,GL-4396,2026-03-12 12:44:00,7.279177,10.586743,4.1,4.03
T04,GL-4396,2026-03-12 12:45:00,7.278765,10.586638,4.3,3.36
T04,GL-4396,2026-03-12 12:46:00,7.278192,10.58657,6.9,4.38
T04,GL-4396,2026-03-12 12:47:00,7.277673,10.586519,12.0,4.31
T04,GL-4396,2026-03-12 12:48:00,7.277223,10.586391,9.9,3.63
T04,GL-4396,2026-03-12 12:49:00,7.276684,10.586326,9.0,4.24
T04,GL-4396,2026-03-12 12:50:00,7.276023,10.586259,5.0,5.32
T04,GL-4396,2026-03-12 12:51:00,7.275454,10.586083,11.6,4.85
T04,GL-4396,2026-03-12 12:52:00,7.274956,10.586026,8.0,3.83
T04,GL-4396,2026-03-12 12:53:00,7.274387,10.585879,9.4,3.57
T04,GL-4396,2026-03-12 12:54:00,7.273899,10.585868,8.8,2.93
T04,GL-4396,2026-03-12 12:55:00,7.273301,10.585665,9.9,5.29
T04,GL-4396,2026-03-12 12:56:00,7.2728,10.585627,4.1,4.43
T04,GL-4396,2026-03-12 12:57:00,7.272216,10.585609,8.2,4.0
T04,GL-4396,2026-03-12 12:58:00,7.271847,10.585536,5.8,5.01
T04,GL-4396,2026-03-12 12:59:00,7.271239,10.58539,11.5,2.89
T04,GL-4396,2026-03-12 13:00:00,7.270755,10.585274,9.2,4.54
T04,GL-4396,2026-03-12 13:01:00,7.270191,10.585316,5.8,4.95
T04,GL-4396,2026-03-12 13:02:00,7.269574,10.585125,4.1,2.96
T04,GL-4396,2026-03-12 13:03:00,7.26912,10.585054,7.7,4.02
T04,GL-4396,2026-03-12 13:04:00,7.268748,10.584882,4.5,4.44
T04,GL-4396,2026-03-12 13:05:00,7.268092,10.584743,10.4,5.23
T04,GL-4396,2026-03-12 13:06:00,7.267499,10.584685,7.6,5.11
T04,GL-4396,2026-03-12 13:07:00,7.267072,10.584793,8.6,4.29
T04,GL-4396,2026-03-12 13:08:00,7.266404,10.584506,,4.55
T04,GL-4396,2026-03-12 13:09:00,7.265886,10.584517,7.2,4.49
T04,GL-4396,2026-03-12 13:10:00,7.265459,10.584472,8.4,5.59
T04,GL-4396,2026-03-12 13:11:00,7.26468,10.584299,10.9,2.95
T04,GL-4396,2026-03-12 13:12:00,7.264381,10.584206,5.7,3.24
T04,GL-4396,2026-03-12 13:13:00,7.263674,10.584168,8.2,4.69
T04,GL-4396,2026-03-12 13:14:00,7.263213,10.583973,7.4,3.8
T04,GL-4396,2026-03-12 13:15:00,7.262748,10.583879,5.5,4.33
T04,GL-4396,2026-03-12 13:16:00,7.262207,10.583986,4.4,3.92
T04,GL-4396,2026-03-12 13:17:00,7.261685,10.583862,9.3,4.32
T04,GL-4396,2026-03-12 13:18:00,7.261115,10.583809,9.4,5.34
T04,GL-4396,2026-03-12 13:19:00,7.260462,10.583703,11.2,4.54
T04,GL-4396,2026-03-12 13:20:00,7.259945,10.583595,8.3,2.9
T04,GL-4396,2026-03-12 13:21:00,7.259614,10.583517,5.3,4.41
T04,GL-4396,2026-03-12 13:22:00,7.258939,10.583496,11.1,5.6
T04,GL-4396,2026-03-12 13:23:00,7.258402,10.583188,10.2,4.98
T04,GL-4396,2026-03-12 13:24:00,7.2579,10.583234,7.1,3.87
T04,GL-4396,2026-03-12 13:25:00,7.257375,10.583126,6.7,3.82
T04,GL-4396,2026-03-12 13:26:00,7.256847,10.582968,9.5,4.94
T04,GL-4396,2026-03-12 13:27:00,7.256303,10.582885,10.7,5.11
T04,GL-4396,2026-03-12 13:28:00,7.255799,10.582777,10.8,3.72
T04,GL-4396,2026-03-12 13:29:00,7.255209,10.58267,8.7,3.11
T04,GL-4396,2026-03-12 13:30:00,7.254743,10.582584,7.5,4.07
T04,GL-4396,2026-03-12 13:31:00,7.254022,10.5825,10.1,3.49
T04,GL-4396,2026-03-12 13:32:00,7.253654,10.582444,7.2,4.1
T04,GL-4396,2026-03-12 13:33:00,7.25304,10.582329,5.9,2.95
T04,GL-4396,2026-03-12 13:34:00,7.252591,10.582333,6.4,5.46
T04,GL-4396,2026-03-12 13:35:00,7.252106,10.582116,4.6,4.6
T04,GL-4396,2026-03-12 13:36:00,7.251582,10.582146,6.3,4.15
T04,GL-4396,2026-03-12 13:37:00,7.250934,10.581939,7.0,4.12
T04,GL-4396,2026-03-12 13:38:00,7.250352,10.581896,7.1,4.16
T04,GL-4396,2026-03-12 13:39:00,7.249952,10.581863,6.1,5.58
T04,GL-4396,2026-03-12 13:40:00,7.249463,10.581715,8.6,4.35
T04,GL-4396,2026-03-12 13:41:00,7.248881,10.58167,6.9,4.73
T04,GL-4396,2026-03-12 13:42:00,7.248268,10.58159,8.4,4.85
T04,GL-4396,2026-03-12 13:43:00,7.24777,10.581494,7.3,4.81
T04,GL-4396,2026-03-12 13:44:00,7.247242,10.58148,5.7,4.16
T04,GL-4396,2026-03-12 13:45:00,7.246707,10.581407,7.5,2.98
T04,GL-4396,2026-03-12 13:46:00,7.246132,10.581198,6.8,3.26
T04,GL-4396,2026-03-12 13:47:00,7.245623,10.581128,9.1,4.45
T04,GL-4396,2026-03-12 13:48:00,7.245027,10.581064,5.3,4.25
T04,GL-4396,2026-03-12 13:49:00,7.244488,10.580982,5.7,3.91
T04,GL-4396,2026-03-12 13:50:00,7.244053,10.580812,11.1,5.35
T04,GL-4396,2026-03-12 13:51:00,7.243537,10.580782,9.9,4.69
T04,GL-4396,2026-03-12 13:52:00,7.242967,10.580712,8.0,4.13
T04,GL-4396,2026-03-12 13:53:00,7.242396,10.580535,10.7,3.3
T04,GL-4396,2026-03-12 13:54:00,7.241872,10.580511,9.8,4.94
T04,GL-4396,2026-03-12 13:55:00,7.241234,10.580426,8.9,5.28
T04,GL-4396,2026-03-12 13:56:00,7.240788,10.580343,9.7,2.85
T04,GL-4396,2026-03-12 13:57:00,7.240333,10.580175,4.8,3.13
T04,GL-4396,2026-03-12 13:58:00,7.239731,10.580183,8.8,4.66
T04,GL-4396,2026-03-12 13:59:00,7.239312,10.579996,9.6,2.85
T04,GL-4396,2026-03-12 14:00:00,7.238677,10.579925,6.1,4.36
T04,GL-4396,2026-03-12 14:01:00,7.238151,10.579952,9.0,3.89
T04,GL-4396,2026-03-12 14:02:00,7.237653,10.579759,10.7,4.59
T04,GL-4396,2026-03-12 14:03:00,7.237122,10.579846,10.9,3.79
T04,GL-4396,2026-03-12 14:04:00,7.236583,10.579584,9.3,5.36
T04,GL-4396,2026-03-12 14:05:00,7.235985,10.579527,11.8,3.39
T04,GL-4396,2026-03-12 14:06:00,7.235545,10.579503,11.1,5.49
T04,GL-4396,2026-03-12 14:07:00,7.234983,10.579311,8.1,5.55
T04,GL-4396,2026-03-12 14:08:00,7.234386,10.579259,7.5,5.17
T04,GL-4396,2026-03-12 14:09:00,7.233844,10.579127,6.4,4.13
T04,GL-4396,2026-03-12 14:10:00,7.233346,10.579063,4.4,4.73
T04,GL-4396,2026-03-12 14:11:00,7.232821,10.579014,9.7,5.45
T04,GL-4396,2026-03-12 14:12:00,7.232387,10.578934,10.3,4.71
T04,GL-4396,2026-03-12 14:13:00,7.231794,10.578799,10.8,5.58
T04,GL-4396,2026-03-12 14:14:00,7.231119,10.578712,10.0,5.55
T04,GL-4396,2026-03-12 14:15:00,7.230704,10.578622,8.8,3.83
T04,GL-4396,2026-03-12 14:16:00,7.230173,10.578649,8.7,3.13
T04,GL-4396,2026-03-12 14:17:00,7.229622,10.578428,9.5,3.42
T04,GL-4396,2026-03-12 14:18:00,7.229022,10.578479,8.8,4.92
T04,GL-4396,2026-03-12 14:19:00,7.228523,10.578273,11.7,3.68
T04,GL-4396,2026-03-12 14:20:00,7.228015,10.578142,4.4,5.2
T04,GL-4396,2026-03-12 14:21:00,7.227522,10.578116,11.7,4.93
T04,GL-4396,2026-03-12 14:22:00,7.227243,10.578123,7.7,0.2
T04,GL-4396,2026-03-12 14:23:00,7.227408,10.578216,11.5,0.87
T04,GL-4396,2026-03-12 14:24:00,7.227479,10.578101,4.5,0.77
T04,GL-4396,2026-03-12 14:25:00,7.227359,10.578077,6.4,0.59
T04,GL-4396,2026-03-12 14:26:00,7.227521,10.57822,,0.62
T04,GL-4396,2026-03-12 14:27:00,7.227505,10.578044,5.3,0.62
T04,GL-4396,2026-03-12 14:28:00,7.227608,10.578119,9.1,0.86
T04,GL-4396,2026-03-12 14:29:00,7.227513,10.578011,6.6,0.33
T04,GL-4396,2026-03-12 14:30:00,7.227638,10.578259,7.4,0.19
T04,GL-4396,2026-03-12 14:31:00,7.227388,10.578199,10.4,0.46
T04,GL-4396,2026-03-12 14:32:00,7.227486,10.578245,,0.59
T04,GL-4396,2026-03-12 14:33:00,7.227323,10.578249,6.9,0.48
T04,GL-4396,2026-03-12 14:34:00,7.227481,10.578084,7.0,0.79
T04,GL-4396,2026-03-12 14:35:00,7.227445,10.578197,11.9,0.04
T04,GL-4396,2026-03-12 14:36:00,7.227355,10.578065,7.7,0.0
T04,GL-4396,2026-03-12 14:37:00,7.227478,10.57816,11.4,0.87
T04,GL-4396,2026-03-12 14:38:00,7.227473,10.57816,5.4,0.17
T04,GL-4396,2026-03-12 14:39:00,7.227485,10.578036,9.6,0.53
T04,GL-4396,2026-03-12 14:40:00,7.227524,10.57815,5.8,0.34
T04,GL-4396,2026-03-12 14:41:00,7.227463,10.57815,8.5,0.37
T04,GL-4396,2026-03-12 14:42:00,7.228048,10.578261,4.1,5.0
T04,GL-4396,2026-03-12 14:43:00,7.228681,10.578424,7.7,2.82
T04,GL-4396,2026-03-12 14:44:00,7.22916,10.578382,9.2,5.48
T04,GL-4396,2026-03-12 14:45:00,7.229962,10.578517,,4.3
T04,GL-4396,2026-03-12 14:46:00,7.230382,10.578789,10.2,5.44
T04,GL-4396,2026-03-12 14:47:00,7.231153,10.578939,11.3,3.31
T04,GL-4396,2026-03-12 14:48:00,7.231572,10.578919,10.3,4.93
T04,GL-4396,2026-03-12 14:49:00,7.232217,10.579169,6.9,3.73
T04,GL-4396,2026-03-12 14:50:00,7.232861,10.579194,7.5,3.76
T04,GL-4396,2026-03-12 14:51:00,7.233393,10.579331,4.9,3.95
T04,GL-4396,2026-03-12 14:52:00,7.233993,10.579478,6.9,4.11
T04,GL-4396,2026-03-12 14:53:00,7.234666,10.579649,6.4,3.41
T04,GL-4396,2026-03-12 14:54:00,7.235356,10.579857,6.3,4.44
T04,GL-4396,2026-03-12 14:55:00,7.235935,10.5798,8.9,3.58
T04,GL-4396,2026-03-12 14:56:00,7.236531,10.579982,10.2,4.97
T04,GL-4396,2026-03-12 14:57:00,7.237038,10.580048,5.0,4.98
T04,GL-4396,2026-03-12 14:58:00,7.237709,10.580217,9.2,3.46
T04,GL-4396,2026-03-12 14:59:00,7.238203,10.58037,11.7,3.15
T04,GL-4396,2026-03-12 15:00:00,7.238959,10.580463,,4.82
T04,GL-4396,2026-03-12 15:01:00,7.239463,10.580626,4.7,4.73
T04,GL-4396,2026-03-12 15:02:00,7.240097,10.580907,6.1,4.82
T04,GL-4396,2026-03-12 15:03:00,7.240725,10.58076,4.3,5.48
T04,GL-4396,2026-03-12 15:04:00,7.24127,10.581002,6.3,5.01
T04,GL-4396,2026-03-12 15:05:00,7.241842,10.581153,6.3,3.45
T04,GL-4396,2026-03-12 15:06:00,7.242399,10.581279,9.4,4.74
T04,GL-4396,2026-03-12 15:07:00,7.243106,10.581486,6.6,4.5
T04,GL-4396,2026-03-12 15:08:00,7.243662,10.581457,10.1,4.12
T04,GL-4396,2026-03-12 15:09:00,7.244248,10.581559,7.3,3.14
T04,GL-4396,2026-03-12 15:10:00,7.244821,10.58171,10.2,3.02
T04,GL-4396,2026-03-12 15:11:00,7.245404,10.581877,9.3,4.49
T04,GL-4396,2026-03-12 15:12:00,7.245964,10.581981,5.1,3.47
T04,GL-4396,2026-03-12 15:13:00,7.246626,10.582127,10.7,4.95
T04,GL-4396,2026-03-12 15:14:00,7.247146,10.582281,8.5,2.81
T04,GL-4396,2026-03-12 15:15:00,7.247684,10.582388,7.1,3.96
T04,GL-4396,2026-03-12 15:16:00,7.248371,10.582484,11.0,4.14
T04,GL-4396,2026-03-12 15:17:00,7.248943,10.58268,8.7,5.59
T04,GL-4396,2026-03-12 15:18:00,7.249596,10.582754,9.3,4.55
T04,GL-4396,2026-03-12 15:19:00,7.25024,10.582866,5.8,4.46
T04,GL-4396,2026-03-12 15:20:00,7.25077,10.583133,4.5,5.15
T04,GL-4396,2026-03-12 15:21:00,7.251479,10.583168,,3.08
T04,GL-4396,2026-03-12 15:22:00,7.252093,10.583186,5.6,3.84
T04,GL-4396,2026-03-12 15:23:00,7.252524,10.583305,5.2,4.31
T04,GL-4396,2026-03-12 15:24:00,7.253113,10.583549,5.9,4.06
T04,GL-4396,2026-03-12 15:25:00,7.253813,10.583649,11.0,3.12
T04,GL-4396,2026-03-12 15:26:00,7.254393,10.583739,7.1,4.19
T04,GL-4396,2026-03-12 15:27:00,7.254954,10.583951,7.6,5.28
T04,GL-4396,2026-03-12 15:28:00,7.255496,10.583904,7.4,3.76
T04,GL-4396,2026-03-12 15:29:00,7.256149,10.58426,5.8,2.88
T04,GL-4396,2026-03-12 15:30:00,7.25684,10.584271,6.8,4.25
T04,GL-4396,2026-03-12 15:31:00,7.257399,10.584433,5.4,5.23
T04,GL-4396,2026-03-12 15:32:00,7.258027,10.584558,5.3,4.8
T04,GL-4396,2026-03-12 15:33:00,7.258603,10.58465,9.8,3.92
T04,GL-4396,2026-03-12 15:34:00,7.259158,10.584744,7.9,4.06
T04,GL-4396,2026-03-12 15:35:00,7.259783,10.584831,5.2,3.11
T04,GL-4396,2026-03-12 15:36:00,7.260393,10.585037,8.5,2.83
T04,GL-4396,2026-03-12 15:37:00,7.260962,10.585132,7.1,4.54
T04,GL-4396,2026-03-12 15:38:00,7.261547,10.58526,6.9,5.22
T04,GL-4396,2026-03-12 15:39:00,7.262141,10.585377,9.9,5.43
T04,GL-4396,2026-03-12 15:40:00,7.262894,10.585448,9.8,4.06
T04,GL-4396,2026-03-12 15:41:00,7.263407,10.585501,5.9,3.5
T04,GL-4396,2026-03-12 15:42:00,7.263998,10.585764,5.3,3.78
T04,GL-4396,2026-03-12 15:43:00,7.264646,10.585929,7.3,4.51
T04,GL-4396,2026-03-12 15:44:00,7.265178,10.586009,7.9,4.96
T04,GL-4396,2026-03-12 15:45:00,7.265712,10.586139,7.3,4.71
T04,GL-4396,2026-03-12 15:46:00,7.266287,10.586309,11.4,5.03
T04,GL-4396,2026-03-12 15:47:00,7.266921,10.586368,9.6,5.4
T04,GL-4396,2026-03-12 15:48:00,7.267661,10.586564,9.7,4.96
T04,GL-4396,2026-03-12 15:49:00,7.268149,10.586675,5.0,4.41
T04,GL-4396,2026-03-12 15:50:00,7.268805,10.586748,10.1,3.23
T04,GL-4396,2026-03-12 15:51:00,7.190689,10.586971,9.4,265.2
T04,GL-4396,2026-03-12 15:52:00,7.269987,10.58699,10.5,5.21
T04,GL-4396,2026-03-12 15:53:00,7.270643,10.587127,6.0,4.74
T04,GL-4396,2026-03-12 15:54:00,7.271119,10.587301,11.2,4.38
T04,GL-4396,2026-03-12 15:55:00,7.271749,10.587257,,4.26
T04,GL-4396,2026-03-12 15:56:00,7.272405,10.587518,5.9,3.1
T04,GL-4396,2026-03-12 15:57:00,7.273002,10.587632,10.1,4.72
T04,GL-4396,2026-03-12 15:58:00,7.273582,10.587806,10.3,3.33
T04,GL-4396,2026-03-12 15:59:00,7.274178,10.587949,8.3,4.16
T04,GL-4396,2026-03-12 16:00:00,7.274698,10.588134,4.1,3.39
T04,GL-4396,2026-03-12 16:01:00,7.275305,10.588106,10.8,4.87
T04,GL-4396,2026-03-12 16:02:00,7.275908,10.588293,5.2,5.56
T04,GL-4396,2026-03-12 16:03:00,7.276533,10.588296,8.0,5.04
T04,GL-4396,2026-03-12 16:04:00,7.277061,10.588586,7.1,3.03
T04,GL-4396,2026-03-12 16:05:00,7.277815,10.588703,9.8,5.51
T04,GL-4396,2026-03-12 16:06:00,7.278339,10.588758,4.7,5.39
T04,GL-4396,2026-03-12 16:07:00,7.278909,10.58881,7.1,5.52
T04,GL-4396,2026-03-12 16:08:00,7.279458,10.588991,4.6,5.49
T04,GL-4396,2026-03-12 16:09:00,7.280144,10.589134,6.8,3.39
T04,GL-4396,2026-03-12 16:10:00,7.280774,10.589335,7.3,3.72
T04,GL-4396,2026-03-12 16:11:00,7.281329,10.589348,6.9,5.2
T04,GL-4396,2026-03-12 16:12:00,7.281943,10.589534,6.7,4.0
T04,GL-4396,2026-03-12 16:13:00,7.282457,10.589674,11.1,5.37
T04,GL-4396,2026-03-12 16:14:00,7.28311,10.589804,11.9,4.13
T04,GL-4396,2026-03-12 16:15:00,7.283684,10.589886,8.4,4.92
T04,GL-4396,2026-03-12 16:16:00,7.28426,10.590026,4.8,4.97
T04,GL-4396,2026-03-12 16:17:00,7.284966,10.59018,11.5,4.62
T04,GL-4396,2026-03-12 16:18:00,7.285456,10.590378,8.4,3.12
T04,GL-4396,2026-03-12 16:19:00,7.28612,10.590464,8.6,3.65
T04,GL-4396,2026-03-12 16:20:00,7.28679,10.590557,6.6,4.18
T04,GL-4396,2026-03-12 16:21:00,7.28731,10.590773,7.0,3.87
T04,GL-4396,2026-03-12 16:22:00,7.287887,10.590812,8.0,4.67
T04,GL-4396,2026-03-12 16:23:00,7.288618,10.590817,8.8,3.59
T04,GL-4396,2026-03-12 16:24:00,7.289083,10.591108,4.3,5.28
T04,GL-4396,2026-03-12 16:25:00,7.289782,10.591184,10.3,4.29
T04,GL-4396,2026-03-12 16:26:00,7.290218,10.591217,10.1,3.14
T04,GL-4396,2026-03-12 16:27:00,7.290967,10.591424,6.9,5.21
T04,GL-4396,2026-03-12 16:28:00,7.291529,10.591503,9.8,5.15
T04,GL-4396,2026-03-12 16:29:00,7.292166,10.591577,7.2,3.9
T04,GL-4396,2026-03-12 16:30:00,7.292663,10.591843,5.8,3.28
T04,GL-4396,2026-03-12 16:31:00,7.293319,10.591894,8.2,2.91
T04,GL-4396,2026-03-12 16:32:00,7.29384,10.59207,6.2,3.21
T04,GL-4396,2026-03-12 16:33:00,7.294503,10.59218,11.3,4.23
T04,GL-4396,2026-03-12 16:34:00,7.295153,10.592203,5.2,3.17
T04,GL-4396,2026-03-12 16:35:00,7.295609,10.592306,4.9,5.14
T04,GL-4396,2026-03-12 16:36:00,7.296337,10.592525,4.8,3.08
T04,GL-4396,2026-03-12 16:37:00,7.296817,10.592698,9.4,2.82
T04,GL-4396,2026-03-12 16:38:00,7.297491,10.592813,4.0,4.31
T04,GL-4396,2026-03-12 16:39:00,7.298,10.592918,4.7,2.99
T04,GL-4396,2026-03-12 16:40:00,7.298698,10.593016,6.9,3.42
T04,GL-4396,2026-03-12 16:41:00,7.299245,10.593203,11.1,2.92
T04,GL-4396,2026-03-12 16:42:00,7.299863,10.593288,10.2,4.19
T04,GL-4396,2026-03-12 16:43:00,7.300497,10.593455,10.9,5.22
T04,GL-4396,2026-03-12 16:44:00,7.301071,10.593567,8.1,3.45
T04,GL-4396,2026-03-12 16:45:00,7.301701,10.593598,11.7,3.59
T04,GL-4396,2026-03-12 16:46:00,7.302236,10.593917,4.9,3.05
T04,GL-4396,2026-03-12 16:47:00,7.302822,10.593914,11.7,3.98
T04,GL-4396,2026-03-12 16:48:00,7.303468,10.594096,11.1,4.31
T04,GL-4396,2026-03-12 16:49:00,7.304057,10.594271,4.5,4.91
T04,GL-4396,2026-03-12 16:50:00,7.304653,10.594164,11.8,5.07
T04,GL-4396,2026-03-12 16:51:00,7.30525,10.594327,7.8,5.11
T04,GL-4396,2026-03-12 16:52:00,7.305942,10.594536,4.1,4.56
T04,GL-4396,2026-03-12 16:53:00,7.306588,10.594759,10.1,5.03
T04,GL-4396,2026-03-12 16:54:00,7.307069,10.594875,7.1,3.74
T04,GL-4396,2026-03-12 16:55:00,7.307654,10.594855,7.4,4.64
T04,GL-4396,2026-03-12 16:56:00,7.30829,10.595044,7.6,4.66
T04,GL-4396,2026-03-12 16:57:00,7.308854,10.595313,10.4,4.77
T04,GL-4396,2026-03-12 16:58:00,7.309478,10.595304,6.0,4.15
T04,GL-4396,2026-03-12 16:59:00,7.310134,10.595349,7.4,4.82
T04,GL-4396,2026-03-12 17:00:00,7.310558,10.595494,4.8,5.14
T04,GL-4396,2026-03-12 17:01:00,7.311262,10.595749,5.1,4.26
T04,GL-4396,2026-03-12 17:02:00,7.311768,10.595794,4.6,4.91
T04,GL-4396,2026-03-12 17:03:00,7.312533,10.596047,8.8,4.63
T04,GL-4396,2026-03-12 17:04:00,7.313033,10.596101,6.4,5.54
T04,GL-4396,2026-03-12 17:05:00,7.313604,10.596152,6.5,4.75
T04,GL-4396,2026-03-12 17:06:00,7.314194,10.59638,9.7,5.43
T04,GL-4396,2026-03-12 17:07:00,7.314744,10.596402,9.6,4.94
T04,GL-4396,2026-03-12 17:08:00,7.315473,10.596606,5.1,3.49
T04,GL-4396,2026-03-12 17:09:00,7.31596,10.596706,6.6,4.69
T04,GL-4396,2026-03-12 17:10:00,7.316547,10.596869,4.4,3.43
T04,GL-4396,2026-03-12 17:11:00,7.317236,10.596847,6.0,2.88
T04,GL-4396,2026-03-12 17:12:00,7.317861,10.597057,6.0,5.53
T04,GL-4396,2026-03-12 17:13:00,7.318462,10.597245,10.5,4.11
T04,GL-4396,2026-03-12 17:14:00,7.319041,10.597289,10.5,3.55
T04,GL-4396,2026-03-12 17:15:00,7.319671,10.597496,9.7,4.1
T04,GL-4396,2026-03-12 17:16:00,7.320269,10.597597,10.1,4.48
T04,GL-4396,2026-03-12 17:17:00,7.320782,10.597759,8.1,3.15
T04,GL-4396,2026-03-12 17:18:00,7.321396,10.597814,8.5,5.08
T04,GL-4396,2026-03-12 17:19:00,7.322031,10.59788,5.8,3.22
T04,GL-4396,2026-03-12 17:20:00,7.322586,10.598158,11.4,5.09
T04,GL-4396,2026-03-12 17:21:00,7.323221,10.598112,8.8,4.13
T04,GL-4396,2026-03-12 17:22:00,7.323774,10.598384,8.4,3.36
T04,GL-4396,2026-03-12 17:23:00,7.324354,10.598487,7.4,2.87
T04,GL-4396,2026-03-12 17:24:00,7.324946,10.598452,8.5,5.13
T04,GL-4396,2026-03-12 17:25:00,7.325581,10.598761,10.7,4.04
T04,GL-4396,2026-03-12 17:26:00,7.326197,10.598883,5.3,5.31
T04,GL-4396,2026-03-12 17:27:00,7.326823,10.598878,7.0,4.19
T04,GL-4396,2026-03-12 17:28:00,7.327475,10.599218,9.7,5.59
T04,GL-4396,2026-03-12 17:29:00,7.328008,10.599238,5.2,4.9
T04,GL-4396,2026-03-12 17:30:00,7.32847,10.599319,4.2,3.81
T04,GL-4396,2026-03-12 17:31:00,7.329158,10.599455,8.7,4.73
T04,GL-4396,2026-03-12 17:32:00,7.329797,10.599564,7.5,4.03
T04,GL-4396,2026-03-12 17:33:00,7.330367,10.599683,8.5,3.88
T04,GL-4396,2026-03-12 17:34:00,7.330865,10.599825,10.3,4.35
T04,GL-4396,2026-03-12 17:35:00,7.331612,10.599983,4.4,4.57
T04,GL-4396,2026-03-12 17:36:00,7.332204,10.600029,8.3,3.18
T04,GL-4396,2026-03-12 17:37:00,7.33278,10.600107,9.8,2.91
T04,GL-4396,2026-03-12 17:38:00,7.333385,10.600368,5.9,4.32
T04,GL-4396,2026-03-12 17:39:00,7.333944,10.600443,10.4,2.96
T04,GL-4396,2026-03-12 17:40:00,7.334617,10.600607,6.0,4.24
T04,GL-4396,2026-03-12 17:41:00,7.335124,10.600768,10.4,4.21
T04,GL-4396,2026-03-12 17:42:00,7.335782,10.600795,4.9,3.98
T04,GL-4396,2026-03-12 17:43:00,7.336309,10.60104,7.5,4.92
T04,GL-4396,2026-03-12 17:44:00,7.336968,10.601061,10.2,5.24
T04,GL-4396,2026-03-12 17:45:00,7.337552,10.601277,6.5,4.87
T04,GL-4396,2026-03-12 17:46:00,7.338168,10.601306,10.5,3.86
T04,GL-4396,2026-03-12 17:47:00,7.338809,10.601387,7.2,4.64
T04,GL-4396,2026-03-12 17:48:00,7.33952,10.601654,9.8,3.05
T04,GL-4396,2026-03-12 17:49:00,7.339967,10.601726,9.8,4.26
T04,GL-4396,2026-03-12 17:50:00,7.340583,10.601859,9.7,4.58
T04,GL-4396,2026-03-12 17:51:00,7.341023,10.601935,7.7,4.74
T04,GL-4396,2026-03-12 17:52:00,7.341798,10.602186,11.7,3.32
T04,GL-4396,2026-03-12 17:53:00,7.342357,10.60228,11.8,5.07
T04,GL-4396,2026-03-12 17:54:00,7.342932,10.60222,7.7,5.58
T04,GL-4396,2026-03-12 17:55:00,7.343563,10.602487,5.0,3.94
T04,GL-4396,2026-03-12 17:56:00,7.344166,10.602621,6.4,4.49
T04,GL-4396,2026-03-12 17:57:00,7.344744,10.602729,5.3,3.1
T04,GL-4396,2026-03-12 17:58:00,7.345374,10.602888,8.9,5.05
T04,GL-4396,2026-03-12 17:59:00,7.345998,10.603046,8.2,3.64
T04,GL-4396,2026-03-12 18:00:00,7.346539,10.603127,8.9,5.56
T04,GL-4396,2026-03-12 18:01:00,7.347169,10.603185,10.0,3.65
T04,GL-4396,2026-03-12 18:02:00,7.347695,10.603437,7.9,3.13
T04,GL-4396,2026-03-12 18:03:00,7.34835,10.603516,11.9,3.11
T04,GL-4396,2026-03-12 18:04:00,7.348933,10.603656,6.2,3.35
T04,GL-4396,2026-03-12 18:05:00,7.349521,10.603709,8.4,3.41
T04,GL-4396,2026-03-12 18:06:00,7.350101,10.603845,8.2,2.98
T04,GL-4396,2026-03-12 18:07:00,7.350738,10.603972,5.5,5.46
T04,GL-4396,2026-03-12 18:08:00,7.35141,10.604104,8.0,3.44
T04,GL-4396,2026-03-12 18:09:00,7.351868,10.604212,7.0,4.26
T04,GL-4396,2026-03-12 18:10:00,7.352563,10.604353,4.8,5.47
T04,GL-4396,2026-03-12 18:11:00,7.353148,10.604416,11.8,2.87
T04,GL-4396,2026-03-12 18:12:00,7.353609,10.60457,5.0,5.43
T04,GL-4396,2026-03-12 18:13:00,7.354313,10.604789,4.4,3.73
T04,GL-4396,2026-03-12 18:14:00,7.354899,10.60497,4.8,3.26
T04,GL-4396,2026-03-12 18:15:00,7.355463,10.605007,7.7,4.5
T04,GL-4396,2026-03-12 18:16:00,7.356124,10.605073,6.8,3.4
T04,GL-4396,2026-03-12 18:17:00,7.356849,10.605292,10.2,5.35
T04,GL-4396,2026-03-12 18:18:00,7.357378,10.605484,7.1,4.12
T04,GL-4396,2026-03-12 18:19:00,7.357903,10.605404,,3.41
T04,GL-4396,2026-03-12 18:20:00,7.358445,10.605582,10.2,5.08
T04,GL-4396,2026-03-12 18:21:00,7.359115,10.605798,5.3,4.04
T04,GL-4396,2026-03-12 18:22:00,7.359674,10.6059,9.9,4.79
T04,GL-4396,2026-03-12 18:23:00,7.360286,10.606002,9.9,4.84
T04,GL-4396,2026-03-12 18:24:00,7.360839,10.606106,10.1,3.08
T04,GL-4396,2026-03-12 18:25:00,7.361402,10.606304,10.8,3.53
T04,GL-4396,2026-03-12 18:26:00,7.362077,10.606411,9.0,3.22
T04,GL-4396,2026-03-12 18:27:00,7.36275,10.606475,6.1,2.87
T04,GL-4396,2026-03-12 18:28:00,7.363391,10.60655,8.9,3.13
T04,GL-4396,2026-03-12 18:29:00,7.363858,10.606719,9.8,5.32
T04,GL-4396,2026-03-12 18:30:00,7.364465,10.606792,6.4,5.1
T04,GL-4396,2026-03-12 18:31:00,7.364997,10.607067,11.6,5.11
T04,GL-4396,2026-03-12 18:32:00,7.365683,10.607196,9.0,3.56
T04,GL-4396,2026-03-12 18:33:00,7.366255,10.607191,9.0,2.87
T04,GL-4396,2026-03-12 18:34:00,7.366899,10.607306,10.8,3.17
T04,GL-4396,2026-03-12 18:35:00,7.367485,10.60741,4.1,4.84
T04,GL-4396,2026-03-12 18:36:00,7.080417,10.607617,4.6,251.52
T04,GL-4396,2026-03-12 18:37:00,7.368713,10.607649,9.0,5.5
T04,GL-4396,2026-03-12 18:38:00,7.369284,10.607823,4.0,4.58
T04,GL-4396,2026-03-12 18:39:00,7.369817,10.607939,11.3,2.8
T04,GL-4396,2026-03-12 18:40:00,7.370466,10.608137,10.7,3.76
T04,GL-4396,2026-03-12 18:41:00,7.371075,10.608253,4.0,4.05
T04,GL-4396,2026-03-12 18:42:00,7.371687,10.608439,11.4,5.15
T04,GL-4396,2026-03-12 18:43:00,7.372291,10.608472,6.6,4.1
T04,GL-4396,2026-03-12 18:44:00,7.372809,10.608547,9.0,4.66
T04,GL-4396,2026-03-12 18:45:00,7.37351,10.608827,11.4,3.46
T04,GL-4396,2026-03-12 18:46:00,7.374069,10.608927,,4.44
T04,GL-4396,2026-03-12 18:47:00,7.374604,10.609047,5.6,5.57
T04,GL-4396,2026-03-12 18:48:00,7.375299,10.609214,7.5,3.36
T04,GL-4396,2026-03-12 18:49:00,7.375913,10.609199,10.4,4.45
T04,GL-4396,2026-03-12 18:50:00,7.376416,10.609395,10.6,3.83
T04,GL-4396,2026-03-12 18:51:00,7.376967,10.609439,8.8,5.1
T04,GL-4396,2026-03-12 18:52:00,7.377779,10.609661,4.7,3.12
T04,GL-4396,2026-03-12 18:53:00,7.378249,10.609738,9.8,3.87
T04,GL-4396,2026-03-12 18:54:00,7.378811,10.609839,11.2,4.78
T04,GL-4396,2026-03-12 18:55:00,7.379543,10.610019,6.7,4.19
T04,GL-4396,2026-03-12 18:56:00,7.380057,10.610064,8.2,4.49
T04,GL-4396,2026-03-12 18:57:00,7.380721,10.610214,9.9,2.81
T04,GL-4396,2026-03-12 18:58:00,7.381221,10.610317,6.8,3.25
T04,GL-4396,2026-03-12 18:59:00,7.381809,10.610476,6.4,5.04
T04,GL-4396,2026-03-12 19:00:00,7.38243,10.610726,5.0,5.05
T04,GL-4396,2026-03-12 19:01:00,7.383129,10.610819,9.2,4.99
T04,GL-4396,2026-03-12 19:02:00,7.383614,10.610841,11.7,3.81
T04,GL-4396,2026-03-12 19:03:00,7.384306,10.610972,8.5,4.0
T04,GL-4396,2026-03-12 19:04:00,7.384791,10.611151,11.6,3.97
T04,GL-4396,2026-03-12 19:05:00,7.385564,10.611424,11.1,5.1
T04,GL-4396,2026-03-12 19:06:00,7.385858,10.611476,6.3,5.58
T04,GL-4396,2026-03-12 19:07:00,7.386716,10.611508,,4.69
T04,GL-4396,2026-03-12 19:08:00,7.387358,10.611688,10.8,3.7
T04,GL-4396,2026-03-12 19:09:00,7.387827,10.611806,10.9,3.48
T04,GL-4396,2026-03-12 19:10:00,7.38837,10.611914,9.7,5.06
T04,GL-4396,2026-03-12 19:11:00,7.389002,10.612094,9.8,5.47
T04,GL-4396,2026-03-12 19:12:00,7.38958,10.612172,11.8,4.41
T04,GL-4396,2026-03-12 19:13:00,7.390277,10.612286,9.9,5.41
T04,GL-4396,2026-03-12 19:14:00,7.390883,10.61249,11.1,3.83
T04,GL-4396,2026-03-12 19:15:00,7.391323,10.612544,9.1,5.12
T04,GL-4396,2026-03-12 19:16:00,7.392086,10.612654,5.0,4.24
T04,GL-4396,2026-03-12 19:17:00,7.392602,10.612793,10.6,3.9
T04,GL-4396,2026-03-12 19:18:00,7.393158,10.612809,11.8,5.56
T04,GL-4396,2026-03-12 19:19:00,7.393829,10.613141,7.0,4.61
T04,GL-4396,2026-03-12 19:20:00,7.394461,10.613207,11.0,4.36
T04,GL-4396,2026-03-12 19:21:00,7.395064,10.613384,8.2,3.77
T04,GL-4396,2026-03-12 19:22:00,7.395518,10.613378,9.2,3.67
T04,GL-4396,2026-03-12 19:23:00,7.396308,10.613592,5.7,3.37
T04,GL-4396,2026-03-12 19:24:00,7.396712,10.613697,8.3,2.84
T04,GL-4396,2026-03-12 19:25:00,7.397367,10.613912,6.6,5.15
T04,GL-4396,2026-03-12 19:26:00,7.397952,10.613905,6.3,3.3
T04,GL-4396,2026-03-12 19:27:00,7.398581,10.613877,4.7,4.22
T04,GL-4396,2026-03-12 19:28:00,7.399201,10.614226,8.3,3.69
T04,GL-4396,2026-03-12 19:29:00,7.399839,10.61429,11.0,2.81
T04,GL-4396,2026-03-12 19:30:00,7.400326,10.614503,9.4,4.67
T04,GL-4396,2026-03-12 19:31:00,7.400857,10.614595,10.1,4.62
T04,GL-4396,2026-03-12 19:32:00,7.401569,10.614614,8.6,4.33
T04,GL-4396,2026-03-12 19:33:00,7.402151,10.614712,7.0,5.52
T04,GL-4396,2026-03-12 19:34:00,7.402763,10.614886,10.7,4.15
T04,GL-4396,2026-03-12 19:35:00,7.403392,10.615026,9.5,3.8
T04,GL-4396,2026-03-12 19:36:00,7.404026,10.615189,5.5,2.87
T04,GL-4396,2026-03-12 19:37:00,7.404537,10.615158,7.8,3.77
T04,GL-4396,2026-03-12 19:38:00,7.405161,10.615434,7.2,5.24
T04,GL-4396,2026-03-12 19:39:00,7.405747,10.615519,7.9,4.74
T04,GL-4396,2026-03-12 19:40:00,7.406548,10.615624,10.0,4.84
T04,GL-4396,2026-03-12 19:41:00,7.406985,10.615758,11.8,4.75
T04,GL-4396,2026-03-12 19:42:00,7.40754,10.615959,4.3,3.93
T04,GL-4396,2026-03-12 19:43:00,7.408224,10.615956,8.6,4.88
T04,GL-4396,2026-03-12 19:44:00,7.408771,10.616177,9.8,2.99
T04,GL-4396,2026-03-12 19:45:00,7.409432,10.616377,6.4,5.36
T04,GL-4396,2026-03-12 19:46:00,7.409943,10.616452,4.4,3.82
T04,GL-4396,2026-03-12 19:47:00,7.4106,10.616667,12.0,4.54
T04,GL-4396,2026-03-12 19:48:00,7.411118,10.616545,7.8,4.9
T04,GL-4396,2026-03-12 19:49:00,7.411703,10.616846,9.5,5.08
T04,GL-4396,2026-03-12 19:50:00,7.412274,10.616862,10.3,3.81
T04,GL-4396,2026-03-12 19:51:00,7.412918,10.616997,7.6,4.1
T04,GL-4396,2026-03-12 19:52:00,7.413578,10.617056,11.2,3.11
T04,GL-4396,2026-03-12 19:53:00,7.414121,10.617434,5.4,3.62
T04,GL-4396,2026-03-12 19:54:00,7.414853,10.617345,9.1,2.94
T04,GL-4396,2026-03-12 19:55:00,7.415291,10.617625,9.1,3.6
T04,GL-4396,2026-03-12 19:56:00,7.416008,10.617615,6.1,4.6
T04,GL-4396,2026-03-12 19:57:00,7.416543,10.617776,9.6,5.29
T04,GL-4396,2026-03-12 19:58:00,7.41719,10.617964,10.2,3.71
T04,GL-4396,2026-03-12 19:59:00,7.417778,10.618013,5.6,4.14
T04,GL-4396,2026-03-12 20:00:00,7.418369,10.618108,10.9,3.54
T04,GL-4396,2026-03-12 20:01:00,7.419015,10.618387,7.6,4.03
T04,GL-4396,2026-03-12 20:02:00,7.419465,10.618425,6.6,5.26
T04,GL-4396,2026-03-12 20:03:00,7.420116,10.618603,6.0,2.82
T04,GL-4396,2026-03-12 20:04:00,7.420767,10.618766,4.4,3.42
T04,GL-4396,2026-03-12 20:05:00,7.42125,10.618815,4.1,3.52
T04,GL-4396,2026-03-12 20:06:00,7.42203,10.61892,7.7,4.21
T04,GL-4396,2026-03-12 20:07:00,7.422532,10.61911,4.6,3.83
T04,GL-4396,2026-03-12 20:08:00,7.423218,10.619159,5.6,2.95
T04,GL-4396,2026-03-12 20:09:00,7.423826,10.619227,5.5,4.64
T04,GL-4396,2026-03-12 20:10:00,7.424293,10.61944,8.7,3.54
T04,GL-4396,2026-03-12 20:11:00,7.424927,10.61961,9.9,4.49
T04,GL-4396,2026-03-12 20:12:00,7.425513,10.619772,11.6,4.97
T04,GL-4396,2026-03-12 20:13:00,7.426225,10.619663,7.7,3.79
T04,GL-4396,2026-03-12 20:14:00,7.426625,10.619997,9.5,3.42
T04,GL-4396,2026-03-12 20:15:00,7.427373,10.62009,11.0,4.57
T04,GL-4396,2026-03-12 20:16:00,7.427817,10.620162,7.0,3.87
T04,GL-4396,2026-03-12 20:17:00,7.42851,10.620365,11.3,3.5
T04,GL-4396,2026-03-12 20:18:00,7.429023,10.620434,10.2,3.31
T04,GL-4396,2026-03-12 20:19:00,7.429841,10.620626,9.8,3.98
T04,GL-4396,2026-03-12 20:20:00,7.430347,10.620753,6.4,4.93
T04,GL-4396,2026-03-12 20:21:00,7.430956,10.620765,9.3,2.92
T04,GL-4396,2026-03-12 20:22:00,7.431547,10.620886,5.4,3.27
T04,GL-4396,2026-03-12 20:23:00,7.432138,10.621047,8.8,2.94
T04,GL-4396,2026-03-12 20:24:00,7.432647,10.621211,10.3,3.93
T04,GL-4396,2026-03-12 20:25:00,7.433286,10.621291,4.7,4.14
T04,GL-4396,2026-03-12 20:26:00,7.43387,10.62142,8.2,4.25
T04,GL-4396,2026-03-12 20:27:00,7.434485,10.621539,9.6,3.69
T04,GL-4396,2026-03-12 20:28:00,7.435094,10.621641,7.4,3.63
T04,GL-4396,2026-03-12 20:29:00,7.435766,10.621819,9.6,3.83
T04,GL-4396,2026-03-12 20:30:00,7.436372,10.621943,5.4,3.37
T04,GL-4396,2026-03-12 20:31:00,7.436907,10.622103,6.3,4.94
T04,GL-4396,2026-03-12 20:32:00,7.437449,10.622261,6.4,5.33
T04,GL-4396,2026-03-12 20:33:00,7.438109,10.622152,5.3,4.33
T04,GL-4396,2026-03-12 20:34:00,7.438675,10.622434,8.9,5.52
T04,GL-4396,2026-03-12 20:35:00,7.439226,10.622579,6.7,3.43
T04,GL-4396,2026-03-12 20:36:00,7.439871,10.622582,9.4,2.98
T04,GL-4396,2026-03-12 20:37:00,7.440505,10.622862,10.5,5.09
T04,GL-4396,2026-03-12 20:38:00,7.441013,10.622994,4.0,3.6
T04,GL-4396,2026-03-12 20:39:00,7.441582,10.623146,7.6,3.05
T04,GL-4396,2026-03-12 20:40:00,7.442211,10.623142,6.5,3.79
T04,GL-4396,2026-03-12 20:41:00,7.442886,10.62334,11.2,3.42
T04,GL-4396,2026-03-12 20:42:00,7.443439,10.62343,7.2,4.51
T04,GL-4396,2026-03-12 20:43:00,7.444079,10.623573,5.4,5.6
T04,GL-4396,2026-03-12 20:44:00,7.444738,10.623629,7.5,5.6
T04,GL-4396,2026-03-12 20:45:00,7.445278,10.623849,9.5,2.97
T04,GL-4396,2026-03-12 20:46:00,7.445884,10.623943,8.4,3.4
T04,GL-4396,2026-03-12 20:47:00,7.446536,10.624186,9.1,4.92
T04,GL-4396,2026-03-12 20:48:00,7.447001,10.624132,4.3,3.34
T04,GL-4396,2026-03-12 20:49:00,7.447709,10.624357,7.3,3.91
T04,GL-4396,2026-03-12 20:50:00,7.448152,10.624483,6.4,3.94
T04,GL-4396,2026-03-12 20:51:00,7.448885,10.624695,4.7,2.82
T04,GL-4396,2026-03-12 20:52:00,7.449532,10.624702,7.8,2.93
T04,GL-4396,2026-03-12 20:53:00,7.449938,10.624885,11.2,3.3
T04,GL-4396,2026-03-12 20:54:00,7.450596,10.625006,11.1,4.14
T04,GL-4396,2026-03-12 20:55:00,7.451221,10.625037,4.2,4.72
T04,GL-4396,2026-03-12 20:56:00,7.451855,10.625174,10.0,4.64
T04,GL-4396,2026-03-12 20:57:00,7.452419,10.625233,6.2,5.14
T04,GL-4396,2026-03-12 20:58:00,7.453044,10.625447,6.9,3.29
T04,GL-4396,2026-03-12 20:59:00,7.453648,10.625505,8.1,3.44
T04,GL-4396,2026-03-12 21:00:00,7.454182,10.625818,9.4,4.87
T04,GL-4396,2026-03-12 21:01:00,7.454859,10.625836,4.5,5.15
T04,GL-4396,2026-03-12 21:02:00,7.455496,10.625956,4.7,5.31
T04,GL-4396,2026-03-12 21:03:00,7.456106,10.626135,5.0,4.16
T04,GL-4396,2026-03-12 21:04:00,7.456732,10.626223,10.1,3.44
T04,GL-4396,2026-03-12 21:05:00,7.457159,10.626384,4.3,3.18
T04,GL-4396,2026-03-12 21:06:00,7.457898,10.626474,11.5,4.45
T04,GL-4396,2026-03-12 21:07:00,7.45851,10.62648,7.1,3.43
T04,GL-4396,2026-03-12 21:08:00,7.459058,10.626771,4.7,3.72
T04,GL-4396,2026-03-12 21:09:00,7.459581,10.626879,4.1,3.29
T04,GL-4396,2026-03-12 21:10:00,7.460207,10.626975,10.6,5.59
T04,GL-4396,2026-03-12 21:11:00,7.460861,10.627112,6.4,4.95
T04,GL-4396,2026-03-12 21:12:00,7.461385,10.627162,10.7,3.69
T04,GL-4396,2026-03-12 21:13:00,7.462044,10.627334,8.3,4.67
T04,GL-4396,2026-03-12 21:14:00,7.462564,10.627498,9.2,5.5
T04,GL-4396,2026-03-12 21:15:00,7.463193,10.627594,4.7,5.35
T04,GL-4396,2026-03-12 21:16:00,7.463878,10.627701,7.5,5.24
T04,GL-4396,2026-03-12 21:17:00,7.464349,10.627811,8.5,5.14
T04,GL-4396,2026-03-12 21:18:00,7.465012,10.628005,4.5,3.23
T04,GL-4396,2026-03-12 21:19:00,7.465619,10.628112,11.4,3.51
T04,GL-4396,2026-03-12 21:20:00,7.466206,10.628258,4.7,4.51
T04,GL-4396,2026-03-12 21:21:00,7.466764,10.628415,4.2,2.88
T04,GL-4396,2026-03-12 21:22:00,7.467393,10.628476,9.4,5.19
T04,GL-4396,2026-03-12 21:23:00,7.468063,10.628656,10.2,3.45
T04,GL-4396,2026-03-12 21:24:00,7.46862,10.628719,11.4,5.1
T04,GL-4396,2026-03-12 21:25:00,7.469262,10.628854,10.9,4.25
T04,GL-4396,2026-03-12 21:26:00,7.469762,10.628806,6.7,5.57
T04,GL-4396,2026-03-12 21:27:00,7.470432,10.629163,5.6,2.81
T04,GL-4396,2026-03-12 21:28:00,7.470973,10.62925,4.9,4.26
T04,GL-4396,2026-03-12 21:29:00,7.471614,10.629288,4.4,4.54
T04,GL-4396,2026-03-12 21:30:00,7.472169,10.62946,4.2,4.26
T04,GL-4396,2026-03-12 21:31:00,7.472787,10.629591,6.5,2.92
T04,GL-4396,2026-03-12 21:32:00,7.473389,10.629635,11.9,4.96
T04,GL-4396,2026-03-12 21:33:00,7.47403,10.629821,11.2,5.56
T04,GL-4396,2026-03-12 21:34:00,7.474598,10.629869,5.6,3.56
T04,GL-4396,2026-03-12 21:35:00,7.475109,10.630178,8.0,3.22
T04,GL-4396,2026-03-12 21:36:00,7.475826,10.630184,10.7,3.66
T04,GL-4396,2026-03-12 21:37:00,7.476329,10.630288,7.1,4.35
T04,GL-4396,2026-03-12 21:38:00,7.47696,10.630444,6.2,3.11
T04,GL-4396,2026-03-12 21:39:00,7.477439,10.630588,5.2,3.65
T04,GL-4396,2026-03-12 21:40:00,7.478222,10.630646,9.3,5.22
T04,GL-4396,2026-03-12 21:41:00,7.478733,10.630898,7.7,5.01
T04,GL-4396,2026-03-12 21:42:00,7.479425,10.63098,9.5,2.83
T04,GL-4396,2026-03-12 21:43:00,7.480046,10.631027,11.3,5.14
T04,GL-4396,2026-03-12 21:44:00,7.480521,10.631206,10.6,2.86
T04,GL-4396,2026-03-12 21:45:00,7.481137,10.631369,10.5,3.43
T04,GL-4396,2026-03-12 21:46:00,7.48173,10.631528,7.0,3.89
T04,GL-4396,2026-03-12 21:47:00,7.482376,10.631606,10.9,3.51
T04,GL-4396,2026-03-12 21:48:00,7.482915,10.631823,6.4,4.21
T04,GL-4396,2026-03-12 21:49:00,7.483557,10.631983,8.9,5.11
T04,GL-4396,2026-03-12 21:50:00,7.484182,10.631913,7.5,4.19
T04,GL-4396,2026-03-12 21:51:00,7.48472,10.632134,4.3,3.74
T04,GL-4396,2026-03-12 21:52:00,7.485337,10.632293,9.1,5.01
T04,GL-4396,2026-03-12 21:53:00,7.485934,10.632347,7.1,5.3
T04,GL-4396,2026-03-12 21:54:00,7.48661,10.632498,7.6,3.47
T04,GL-4396,2026-03-12 21:55:00,7.487103,10.632553,7.2,4.36
T04,GL-4396,2026-03-12 21:56:00,7.487689,10.632667,8.0,3.02
T04,GL-4396,2026-03-12 21:57:00,7.488342,10.632916,10.5,3.71
T04,GL-4396,2026-03-12 21:58:00,7.489016,10.633012,5.9,3.48
T04,GL-4396,2026-03-12 21:59:00,7.489521,10.633092,5.3,5.37
T04,GL-4396,2026-03-12 22:00:00,7.490145,10.633262,5.5,4.16
T04,GL-4396,2026-03-12 22:01:00,7.490698,10.633425,9.7,3.3
T04,GL-4396,2026-03-12 22:02:00,7.491397,10.633468,6.7,4.39
T04,GL-4396,2026-03-12 22:03:00,7.491994,10.633568,8.6,5.02
T04,GL-4396,2026-03-12 22:04:00,7.492431,10.633731,7.0,4.15
T04,GL-4396,2026-03-12 22:05:00,7.49314,10.633927,8.6,5.34
T04,GL-4396,2026-03-12 22:06:00,7.493812,10.633903,8.6,3.84
T04,GL-4396,2026-03-12 22:07:00,7.494204,10.63402,11.2,4.42
T04,GL-4396,2026-03-12 22:08:00,7.494829,10.634268,10.4,3.39
T04,GL-4396,2026-03-12 22:09:00,7.495614,10.634452,9.7,4.25
T04,GL-4396,2026-03-12 22:10:00,7.496099,10.634422,10.8,4.6
T04,GL-4396,2026-03-12 22:11:00,7.496728,10.634647,11.0,2.88
T04,GL-4396,2026-03-12 22:12:00,7.497328,10.634718,,2.99
T04,GL-4396,2026-03-12 22:13:00,7.497829,10.634915,8.2,3.46
T04,GL-4396,2026-03-12 22:14:00,7.498508,10.634985,4.4,3.01
T04,GL-4396,2026-03-12 22:15:00,7.499074,10.63522,6.7,5.17
T04,GL-4396,2026-03-12 22:16:00,7.499778,10.635224,7.3,3.98
T04,GL-4396,2026-03-12 22:17:00,7.500326,10.635327,5.5,3.75
T04,GL-4396,2026-03-12 22:18:00,7.500868,10.635485,6.0,3.89
T04,GL-4396,2026-03-12 22:19:00,7.501468,10.635675,4.1,3.54
T04,GL-4396,2026-03-12 22:20:00,7.502086,10.635669,6.6,5.55
T04,GL-4396,2026-03-12 22:21:00,7.502708,10.635936,9.3,5.39
T04,GL-4396,2026-03-12 22:22:00,7.503351,10.635957,8.0,3.72
T04,GL-4396,2026-03-12 22:23:00,7.50389,10.636057,7.0,4.54
T04,GL-4396,2026-03-12 22:24:00,7.504506,10.63631,10.4,4.66
T04,GL-4396,2026-03-12 22:25:00,7.505061,10.636261,10.8,3.51
T04,GL-4396,2026-03-12 22:26:00,7.505655,10.636541,7.2,3.6
T04,GL-4396,2026-03-12 22:27:00,7.50627,10.636634,9.3,4.68
T04,GL-4396,2026-03-12 22:28:00,7.506812,10.636727,8.6,4.3
T04,GL-4396,2026-03-12 22:29:00,7.507543,10.636817,5.8,3.31
T04,GL-4396,2026-03-12 22:30:00,7.508156,10.636982,4.1,3.93
T04,GL-4396,2026-03-12 22:31:00,7.508719,10.637051,4.3,3.51
T04,GL-4396,2026-03-12 22:32:00,7.509372,10.637212,9.2,3.0
T04,GL-4396,2026-03-12 22:33:00,7.509757,10.637338,8.3,3.96
T04,GL-4396,2026-03-12 22:34:00,7.510517,10.637525,9.7,5.39
T04,GL-4396,2026-03-12 22:35:00,7.511075,10.637701,11.0,4.8
T04,GL-4396,2026-03-12 22:36:00,7.511662,10.637831,9.2,3.23
T04,GL-4396,2026-03-12 22:37:00,7.512258,10.6379,10.1,3.1
T04,GL-4396,2026-03-12 22:38:00,7.512817,10.637982,6.1,4.94
T04,GL-4396,2026-03-12 22:39:00,7.513437,10.638125,7.0,3.29
T04,GL-4396,2026-03-12 22:40:00,7.514121,10.638217,5.5,5.57
T04,GL-4396,2026-03-12 22:41:00,7.514642,10.638494,7.1,3.78
T04,GL-4396,2026-03-12 22:42:00,7.515264,10.638582,9.3,3.26
T04,GL-4396,2026-03-12 22:43:00,7.515875,10.638649,7.2,3.94
T04,GL-4396,2026-03-12 22:44:00,7.51648,10.638784,10.0,4.14
T04,GL-4396,2026-03-12 22:45:00,7.51709,10.638844,7.9,4.36
T04,GL-4396,2026-03-12 22:46:00,7.517719,10.638989,11.4,3.5
T04,GL-4396,2026-03-12 22:47:00,7.518362,10.63913,11.4,4.1
T04,GL-4396,2026-03-12 22:48:00,7.518927,10.639206,8.9,5.56
T04,GL-4396,2026-03-12 22:49:00,7.519355,10.63935,11.0,4.1
T04,GL-4396,2026-03-12 22:50:00,7.519987,10.639494,8.1,3.35
T04,GL-4396,2026-03-12 22:51:00,7.520727,10.639643,10.3,4.43
T04,GL-4396,2026-03-12 22:52:00,7.521255,10.639762,5.3,4.08
T04,GL-4396,2026-03-12 22:53:00,7.521852,10.639834,5.5,2.96
T04,GL-4396,2026-03-12 22:54:00,7.522527,10.639965,5.2,3.44
T04,GL-4396,2026-03-12 22:55:00,7.523032,10.640163,6.2,3.86
T04,GL-4396,2026-03-12 22:56:00,7.523534,10.640294,6.6,3.42
T04,GL-4396,2026-03-12 22:57:00,7.524332,10.640367,8.9,4.36
T04,GL-4396,2026-03-12 22:58:00,7.524743,10.640585,6.2,4.53
T04,GL-4396,2026-03-12 22:59:00,7.525495,10.640618,11.3,4.12
T04,GL-4396,2026-03-12 23:00:00,7.526046,10.640767,7.6,4.69
T04,GL-4396,2026-03-12 23:01:00,7.526567,10.640986,8.4,3.63
T04,GL-4396,2026-03-12 23:02:00,7.527183,10.641015,5.2,3.08
T04,GL-4396,2026-03-12 23:03:00,7.527918,10.641175,4.7,3.44
T04,GL-4396,2026-03-12 23:04:00,7.528397,10.641307,4.9,4.63
T04,GL-4396,2026-03-12 23:05:00,7.529031,10.641446,4.1,3.84
T04,GL-4396,2026-03-12 23:06:00,7.529599,10.641519,7.3,3.37
T04,GL-4396,2026-03-12 23:07:00,7.530349,10.64155,11.1,5.48
T04,GL-4396,2026-03-12 23:08:00,7.530869,10.641802,9.5,4.75
T04,GL-4396,2026-03-12 23:09:00,7.531494,10.641978,6.7,2.8
T04,GL-4396,2026-03-12 23:10:00,7.53196,10.641951,7.8,3.87
T04,GL-4396,2026-03-12 23:11:00,7.532619,10.642188,4.8,4.89
T04,GL-4396,2026-03-12 23:12:00,7.533078,10.642277,10.4,4.13
T04,GL-4396,2026-03-12 23:13:00,7.533788,10.642337,11.8,4.39
T04,GL-4396,2026-03-12 23:14:00,7.534354,10.642487,4.3,3.94
T04,GL-4396,2026-03-12 23:15:00,7.535103,10.642739,11.3,4.26
T04,GL-4396,2026-03-12 23:16:00,7.53551,10.642772,11.5,3.12
T04,GL-4396,2026-03-12 23:17:00,7.536124,10.642856,7.4,5.43
T04,GL-4396,2026-03-12 23:18:00,7.536823,10.64301,4.7,3.21
T04,GL-4396,2026-03-12 23:19:00,7.537388,10.643195,9.7,3.33
T04,GL-4396,2026-03-12 23:20:00,7.538056,10.643345,8.2,4.69
T04,GL-4396,2026-03-12 23:21:00,7.538624,10.643413,6.7,3.83
T04,GL-4396,2026-03-12 23:22:00,7.539229,10.643588,9.6,3.92
T04,GL-4396,2026-03-12 23:23:00,7.539778,10.643633,8.6,3.02
T04,GL-4396,2026-03-12 23:24:00,7.540448,10.643808,7.1,4.42
T04,GL-4396,2026-03-12 23:25:00,7.541014,10.643845,10.4,4.44
T04,GL-4396,2026-03-12 23:26:00,7.541687,10.644017,9.2,4.86
T04,GL-4396,2026-03-12 23:27:00,7.542247,10.644112,9.0,4.45
T04,GL-4396,2026-03-12 23:28:00,7.542765,10.644305,11.7,5.14
T04,GL-4396,2026-03-12 23:29:00,7.543373,10.644426,9.5,3.56
T04,GL-4396,2026-03-12 23:30:00,7.543979,10.64451,4.7,3.24
T04,GL-4396,2026-03-12 23:31:00,7.54465,10.644747,10.2,2.93
T04,GL-4396,2026-03-12 23:32:00,7.545273,10.644829,7.2,3.5
T04,GL-4396,2026-03-12 23:33:00,7.54577,10.644889,5.1,3.92
T04,GL-4396,2026-03-12 23:34:00,7.546413,10.645014,11.8,4.07
T04,GL-4396,2026-03-12 23:35:00,7.546942,10.64512,10.1,4.36
T04,GL-4396,2026-03-12 23:36:00,7.547528,10.645263,5.3,3.69
T04,GL-4396,2026-03-12 23:37:00,7.548121,10.64548,10.3,5.4
T04,GL-4396,2026-03-12 23:38:00,7.548715,10.645598,11.6,4.72
T04,GL-4396,2026-03-12 23:39:00,7.549445,10.645591,6.1,3.78
T04,GL-4396,2026-03-12 23:40:00,7.550004,10.645799,11.9,5.49
T04,GL-4396,2026-03-12 23:41:00,7.550649,10.645875,10.2,5.57
T04,GL-4396,2026-03-12 23:42:00,7.55113,10.646078,10.8,4.26
T04,GL-4396,2026-03-12 23:43:00,7.55185,10.646142,11.3,3.01
T04,GL-4396,2026-03-12 23:44:00,7.552326,10.646328,6.6,3.35
T04,GL-4396,2026-03-12 23:45:00,7.553047,10.646449,5.4,4.61
T04,GL-4396,2026-03-12 23:46:00,7.55345,10.646582,6.2,2.91
T04,GL-4396,2026-03-12 23:47:00,7.554078,10.646677,11.2,4.16
T04,GL-4396,2026-03-12 23:48:00,7.554778,10.646775,,2.9
T04,GL-4396,2026-03-12 23:49:00,7.555333,10.646871,6.6,2.87
T04,GL-4396,2026-03-12 23:50:00,7.556014,10.646927,7.4,4.42
T04,GL-4396,2026-03-12 23:51:00,7.556606,10.647132,6.2,5.47
T04,GL-4396,2026-03-12 23:52:00,7.557131,10.647374,10.7,5.51
T04,GL-4396,2026-03-12 23:53:00,7.557712,10.647425,11.8,2.86
T04,GL-4396,2026-03-12 23:54:00,7.55837,10.647549,9.6,5.49
T04,GL-4396,2026-03-12 23:55:00,7.558909,10.647642,8.4,3.74
T04,GL-4396,2026-03-12 23:56:00,7.559568,10.647863,5.3,3.09
T04,GL-4396,2026-03-12 23:57:00,7.5602,10.647903,11.5,3.37
T04,GL-4396,2026-03-12 23:58:00,7.560751,10.648054,8.9,4.04
T04,GL-4396,2026-03-12 23:59:00,7.561431,10.648256,6.8,5.29
T04,GL-4396,2026-03-13 00:00:00,7.561946,10.648243,10.4,5.26
T04,GL-4396,2026-03-13 00:01:00,7.56247,10.648382,4.8,3.88
T04,GL-4396,2026-03-13 00:02:00,7.563067,10.648517,5.6,3.41
T04,GL-4396,2026-03-13 00:03:00,7.563671,10.648662,5.2,3.98
T04,GL-4396,2026-03-13 00:04:00,7.564331,10.648793,8.1,5.15
T04,GL-4396,2026-03-13 00:05:00,7.564854,10.648874,5.7,4.86
T04,GL-4396,2026-03-13 00:06:00,7.565477,10.649055,5.4,4.23
T04,GL-4396,2026-03-13 00:07:00,7.566136,10.649139,8.6,5.38
T04,GL-4396,2026-03-13 00:08:00,7.566843,10.649203,7.2,4.38
T04,GL-4396,2026-03-13 00:09:00,7.567317,10.649597,6.7,3.1
T04,GL-4396,2026-03-13 00:10:00,7.567925,10.64948,6.9,4.25
T04,GL-4396,2026-03-13 00:11:00,7.568538,10.649706,11.2,4.78
T04,GL-4396,2026-03-13 00:12:00,7.569129,10.649822,7.8,3.4
T04,GL-4396,2026-03-13 00:13:00,7.569783,10.64987,5.9,3.79
T04,GL-4396,2026-03-13 00:14:00,7.570221,10.649951,8.3,3.16
T04,GL-4396,2026-03-13 00:15:00,7.795215,10.650239,9.3,186.47
T04,GL-4396,2026-03-13 00:16:00,7.571481,10.650283,8.2,4.48
T04,GL-4396,2026-03-13 00:17:00,7.572073,10.65046,7.9,4.7
T04,GL-4396,2026-03-13 00:18:00,7.572743,10.650457,8.4,4.18
T04,GL-4396,2026-03-13 00:19:00,7.57335,10.650605,5.2,4.56
T04,GL-4396,2026-03-13 00:20:00,7.573861,10.650779,10.1,2.98
T04,GL-4396,2026-03-13 00:21:00,7.574503,10.650972,10.7,4.09
T04,GL-4396,2026-03-13 00:22:00,7.575193,10.651064,5.0,4.06
T04,GL-4396,2026-03-13 00:23:00,7.57555,10.651254,7.5,3.18
T04,GL-4396,2026-03-13 00:24:00,7.576316,10.651276,7.8,3.85
T04,GL-4396,2026-03-13 00:25:00,7.576882,10.651451,6.6,2.92
T04,GL-4396,2026-03-13 00:26:00,7.57755,10.651647,9.5,3.09
T04,GL-4396,2026-03-13 00:27:00,7.578086,10.651664,10.5,5.49
T04,GL-4396,2026-03-13 00:28:00,7.578827,10.651857,8.1,4.01
T04,GL-4396,2026-03-13 00:29:00,7.579218,10.651932,4.3,3.97
T04,GL-4396,2026-03-13 00:30:00,7.579872,10.652169,8.0,3.56
T04,GL-4396,2026-03-13 00:31:00,7.580578,10.652152,6.0,4.93
T04,GL-4396,2026-03-13 00:32:00,7.580973,10.652363,6.3,3.18
T04,GL-4396,2026-03-13 00:33:00,7.581765,10.652493,4.1,5.22
T04,GL-4396,2026-03-13 00:34:00,7.582304,10.652612,8.7,4.39
T04,GL-4396,2026-03-13 00:35:00,7.582886,10.652712,6.2,5.53
T04,GL-4396,2026-03-13 00:36:00,7.583492,10.652707,4.2,3.13
T04,GL-4396,2026-03-13 00:37:00,7.584084,10.652963,10.9,3.3
T04,GL-4396,2026-03-13 00:38:00,7.584648,10.65306,6.1,5.03
T04,GL-4396,2026-03-13 00:39:00,7.585284,10.653069,10.9,3.08
T04,GL-4396,2026-03-13 00:40:00,7.585894,10.653265,5.1,4.47
T04,GL-4396,2026-03-13 00:41:00,7.586574,10.653424,4.1,5.03
T04,GL-4396,2026-03-13 00:42:00,7.587125,10.653607,6.3,4.7
T04,GL-4396,2026-03-13 00:43:00,7.587733,10.653673,8.9,5.35
T04,GL-4396,2026-03-13 00:44:00,7.588254,10.653878,9.0,4.84
T04,GL-4396,2026-03-13 00:45:00,7.588915,10.653936,10.0,4.74
T04,GL-4396,2026-03-13 00:46:00,7.589318,10.654087,7.8,5.51
T04,GL-4396,2026-03-13 00:47:00,7.589966,10.654135,11.0,5.44
T04,GL-4396,2026-03-13 00:48:00,7.590629,10.654288,4.7,3.78
T04,GL-4396,2026-03-13 00:49:00,7.591345,10.654478,10.4,4.82
T04,GL-4396,2026-03-13 00:50:00,7.591899,10.654584,10.1,3.15
T04,GL-4396,2026-03-13 00:51:00,7.592499,10.654825,6.2,2.81
T04,GL-4396,2026-03-13 00:52:00,7.593071,10.654897,11.1,4.9
T04,GL-4396,2026-03-13 00:53:00,7.593618,10.655042,7.2,3.48
T04,GL-4396,2026-03-13 00:54:00,7.594252,10.655191,7.6,4.31
T04,GL-4396,2026-03-13 00:55:00,7.594844,10.655182,10.5,4.49
T04,GL-4396,2026-03-13 00:56:00,7.595496,10.655155,7.6,3.25
T04,GL-4396,2026-03-13 00:57:00,7.596028,10.655453,6.1,3.4
T04,GL-4396,2026-03-13 00:58:00,7.596572,10.65564,11.1,3.0
T04,GL-4396,2026-03-13 00:59:00,7.597191,10.655574,4.6,2.83
T04,GL-4396,2026-03-13 01:00:00,7.597837,10.655759,8.2,4.41
T04,GL-4396,2026-03-13 01:01:00,7.598418,10.656035,6.4,2.86
T04,GL-4396,2026-03-13 01:02:00,7.599017,10.656079,10.1,3.88
T04,GL-4396,2026-03-13 01:03:00,7.599663,10.656203,4.4,5.16
T04,GL-4396,2026-03-13 01:04:00,7.600169,10.656487,8.1,3.79
T04,GL-4396,2026-03-13 01:05:00,7.600774,10.656415,5.8,5.24
T04,GL-4396,2026-03-13 01:06:00,7.601467,10.656461,11.9,2.9
T04,GL-4396,2026-03-13 01:07:00,7.601932,10.656651,6.6,4.91
T04,GL-4396,2026-03-13 01:08:00,7.602654,10.656857,7.5,3.82
T04,GL-4396,2026-03-13 01:09:00,7.603195,10.656933,,4.88
T04,GL-4396,2026-03-13 01:10:00,7.603835,10.656938,4.3,3.4
T04,GL-4396,2026-03-13 01:11:00,7.60444,10.657259,10.6,2.81
T04,GL-4396,2026-03-13 01:12:00,7.604899,10.657372,,4.39
T04,GL-4396,2026-03-13 01:13:00,7.605562,10.65748,9.1,2.89
T04,GL-4396,2026-03-13 01:14:00,7.606254,10.657625,10.8,2.83
T04,GL-4396,2026-03-13 01:15:00,7.606798,10.657756,8.2,4.67
T04,GL-4396,2026-03-13 01:16:00,7.607304,10.65792,11.7,5.27
T04,GL-4396,2026-03-13 01:17:00,7.608046,10.658072,11.2,3.64
T04,GL-4396,2026-03-13 01:18:00,7.608542,10.658125,10.5,3.74
T04,GL-4396,2026-03-13 01:19:00,7.609198,10.6582,5.9,5.16
T04,GL-4396,2026-03-13 01:20:00,7.609801,10.65841,5.6,4.96
T04,GL-4396,2026-03-13 01:21:00,7.610343,10.658597,4.4,4.52
T04,GL-4396,2026-03-13 01:22:00,7.610944,10.658633,9.1,4.24
T04,GL-4396,2026-03-13 01:23:00,7.611614,10.658759,7.8,4.01
T04,GL-4396,2026-03-13 01:24:00,7.61227,10.658837,9.5,3.71
T04,GL-4396,2026-03-13 01:25:00,7.612884,10.658962,10.6,4.17
T04,GL-4396,2026-03-13 01:26:00,7.613431,10.659073,7.5,4.83
T04,GL-4396,2026-03-13 01:27:00,7.613865,10.659224,8.8,4.84
T04,GL-4396,2026-03-13 01:28:00,7.614683,10.659383,11.7,3.77
T04,GL-4396,2026-03-13 01:29:00,7.615172,10.659507,4.4,5.33
T04,GL-4396,2026-03-13 01:30:00,7.615722,10.659647,7.5,5.48
T04,GL-4396,2026-03-13 01:31:00,7.616479,10.659653,6.5,5.49
T04,GL-4396,2026-03-13 01:32:00,7.61684,10.659909,8.3,3.13
T04,GL-4396,2026-03-13 01:33:00,7.617528,10.659946,5.4,4.41
T04,GL-4396,2026-03-13 01:34:00,7.61814,10.660122,10.0,3.42
T04,GL-4396,2026-03-13 01:35:00,7.618745,10.660208,11.1,4.22
T04,GL-4396,2026-03-13 01:36:00,7.619434,10.660353,6.3,3.41
T04,GL-4396,2026-03-13 01:37:00,7.619907,10.660568,4.5,3.69
T04,GL-4396,2026-03-13 01:38:00,7.62067,10.66066,4.8,2.96
T04,GL-4396,2026-03-13 01:39:00,7.621189,10.660693,8.2,3.06
T04,GL-4396,2026-03-13 01:40:00,7.621724,10.660733,4.4,3.49
T04,GL-4396,2026-03-13 01:41:00,7.622277,10.660977,10.4,3.85
T04,GL-4396,2026-03-13 01:42:00,7.622888,10.661142,8.1,4.66
T04,GL-4396,2026-03-13 01:43:00,7.623591,10.661249,4.1,3.31
T04,GL-4396,2026-03-13 01:44:00,7.624176,10.661424,11.7,5.08
T04,GL-4396,2026-03-13 01:45:00,7.62463,10.661431,10.4,4.12
T04,GL-4396,2026-03-13 01:46:00,7.625364,10.661599,9.5,3.23
T04,GL-4396,2026-03-13 01:47:00,7.626021,10.661772,6.3,3.18
T04,GL-4396,2026-03-13 01:48:00,7.626602,10.661736,5.4,2.84
T04,GL-4396,2026-03-13 01:49:00,7.627147,10.662008,10.8,3.58
T04,GL-4396,2026-03-13 01:50:00,7.627704,10.662059,9.4,5.5
T04,GL-4396,2026-03-13 01:51:00,7.628362,10.662157,4.6,3.77
T04,GL-4396,2026-03-13 01:52:00,7.629004,10.662326,10.2,4.57
T04,GL-4396,2026-03-13 01:53:00,7.629568,10.662509,11.6,3.52
T04,GL-4396,2026-03-13 01:54:00,7.630061,10.662599,9.6,4.48
T04,GL-4396,2026-03-13 01:55:00,7.630742,10.662746,5.2,3.61
T04,GL-4396,2026-03-13 01:56:00,7.63147,10.662812,6.7,3.54
T04,GL-4396,2026-03-13 01:57:00,7.632034,10.663057,7.3,4.62
T04,GL-4396,2026-03-13 01:58:00,7.632531,10.663104,5.3,3.75
T04,GL-4396,2026-03-13 01:59:00,7.633131,10.663238,4.4,5.25
T04,GL-4396,2026-03-13 02:00:00,7.633703,10.663502,8.3,4.36
T04,GL-4396,2026-03-13 02:01:00,7.634232,10.66345,6.0,4.03
T04,GL-4396,2026-03-13 02:02:00,7.634782,10.663468,8.7,4.31
T04,GL-4396,2026-03-13 02:03:00,7.635483,10.663734,9.1,5.3
T04,GL-4396,2026-03-13 02:04:00,7.636131,10.663923,11.2,5.58
T04,GL-4396,2026-03-13 02:05:00,7.636784,10.663946,11.6,4.22
T04,GL-4396,2026-03-13 02:06:00,7.637293,10.664126,10.9,5.3
T04,GL-4396,2026-03-13 02:07:00,7.637908,10.66437,10.4,4.94
T04,GL-4396,2026-03-13 02:08:00,7.638447,10.664417,6.0,3.13
T04,GL-4396,2026-03-13 02:09:00,7.639159,10.664523,8.3,3.99
T04,GL-4396,2026-03-13 02:10:00,7.639639,10.664684,8.1,4.46
T04,GL-4396,2026-03-13 02:11:00,7.640361,10.664756,6.4,4.95
T04,GL-4396,2026-03-13 02:12:00,7.640889,10.664914,5.9,4.12
T04,GL-4396,2026-03-13 02:13:00,7.641578,10.665045,9.9,3.44
T04,GL-4396,2026-03-13 02:14:00,7.642024,10.665088,10.4,4.47
T04,GL-4396,2026-03-13 02:15:00,7.642638,10.665296,7.8,4.57
T04,GL-4396,2026-03-13 02:16:00,7.643202,10.665389,8.5,5.49
T04,GL-4396,2026-03-13 02:17:00,7.643883,10.665476,9.9,5.19
T04,GL-4396,2026-03-13 02:18:00,7.644442,10.66555,8.1,3.47
T04,GL-4396,2026-03-13 02:19:00,7.645136,10.66577,8.1,4.47
T04,GL-4396,2026-03-13 02:20:00,7.645761,10.665875,10.8,4.0
T04,GL-4396,2026-03-13 02:21:00,7.646321,10.66597,4.6,4.59
T04,GL-4396,2026-03-13 02:22:00,7.646978,10.666107,10.0,3.1
T04,GL-4396,2026-03-13 02:23:00,7.647437,10.666289,10.4,4.71
T04,GL-4396,2026-03-13 02:24:00,7.648135,10.66637,10.0,3.98
T04,GL-4396,2026-03-13 02:25:00,7.648591,10.666483,6.7,3.24
T04,GL-4396,2026-03-13 02:26:00,7.649275,10.666656,8.0,3.51
T04,GL-4396,2026-03-13 02:27:00,7.649948,10.66683,11.7,4.94
T04,GL-4396,2026-03-13 02:28:00,7.650447,10.666871,10.5,5.49
T04,GL-4396,2026-03-13 02:29:00,7.65101,10.667005,6.9,4.84
T04,GL-4396,2026-03-13 02:30:00,7.651728,10.667096,8.2,5.13
T04,GL-4396,2026-03-13 02:31:00,7.65228,10.667273,,4.56
T04,GL-4396,2026-03-13 02:32:00,7.652792,10.667475,11.4,3.03
T04,GL-4396,2026-03-13 02:33:00,7.653516,10.667533,7.3,4.05
T04,GL-4396,2026-03-13 02:34:00,7.654119,10.667691,7.5,4.39
T04,GL-4396,2026-03-13 02:35:00,7.654715,10.667839,11.3,4.13
T04,GL-4396,2026-03-13 02:36:00,7.655344,10.667868,11.1,4.67
T04,GL-4396,2026-03-13 02:37:00,7.655777,10.668024,8.6,5.58
T04,GL-4396,2026-03-13 02:38:00,7.656433,10.668096,4.4,5.33
T04,GL-4396,2026-03-13 02:39:00,7.657085,10.668247,8.7,2.93
T04,GL-4396,2026-03-13 02:40:00,7.657727,10.668438,8.4,5.38
T04,GL-4396,2026-03-13 02:41:00,7.658223,10.66856,4.4,4.49
T04,GL-4396,2026-03-13 02:42:00,7.658799,10.668692,4.4,3.41
T04,GL-4396,2026-03-13 02:43:00,7.659418,10.668725,9.9,4.34
T04,GL-4396,2026-03-13 02:44:00,7.660064,10.668878,9.8,4.73
T04,GL-4396,2026-03-13 02:45:00,7.660628,10.668969,4.9,4.74
T04,GL-4396,2026-03-13 02:46:00,7.661138,10.669152,11.3,3.71
T04,GL-4396,2026-03-13 02:47:00,7.661804,10.669322,8.3,5.18
T04,GL-4396,2026-03-13 02:48:00,7.662471,10.66941,4.2,4.53
T04,GL-4396,2026-03-13 02:49:00,7.66306,10.6695,5.9,5.46
T04,GL-4396,2026-03-13 02:50:00,7.663598,10.669668,11.0,4.72
T04,GL-4396,2026-03-13 02:51:00,7.664072,10.669764,8.0,3.4
T04,GL-4396,2026-03-13 02:52:00,7.664846,10.669955,7.2,4.96
T04,GL-4396,2026-03-13 02:53:00,7.665434,10.670038,11.2,3.08
T04,GL-4396,2026-03-13 02:54:00,7.666043,10.670202,6.2,2.97
T04,GL-4396,2026-03-13 02:55:00,7.666656,10.670327,11.1,4.4
T04,GL-4396,2026-03-13 02:56:00,7.667282,10.670502,7.0,3.68
T04,GL-4396,2026-03-13 02:57:00,7.667841,10.670553,10.9,4.15
T04,GL-4396,2026-03-13 02:58:00,7.668362,10.670706,5.6,3.66
T04,GL-4396,2026-03-13 02:59:00,7.669114,10.670856,11.9,3.81
T04,GL-4396,2026-03-13 03:00:00,7.669626,10.670879,11.0,4.49
T04,GL-4396,2026-03-13 03:01:00,7.670208,10.671015,6.4,4.84
T04,GL-4396,2026-03-13 03:02:00,7.670869,10.671075,9.7,3.24
T04,GL-4396,2026-03-13 03:03:00,7.67146,10.671195,10.8,5.53
T04,GL-4396,2026-03-13 03:04:00,7.672005,10.671403,6.6,3.66
T04,GL-4396,2026-03-13 03:05:00,7.67264,10.671565,11.3,5.14
T04,GL-4396,2026-03-13 03:06:00,7.673228,10.671669,8.4,5.15
T04,GL-4396,2026-03-13 03:07:00,7.673867,10.671799,6.1,3.45
T04,GL-4396,2026-03-13 03:08:00,7.674354,10.671899,10.5,2.99
T04,GL-4396,2026-03-13 03:09:00,7.674916,10.672159,8.2,3.24
T04,GL-4396,2026-03-13 03:10:00,7.675681,10.672201,6.2,3.97
T04,GL-4396,2026-03-13 03:11:00,7.676178,10.672328,7.5,3.86
T04,GL-4396,2026-03-13 03:12:00,7.676806,10.672365,7.7,3.36
T04,GL-4396,2026-03-13 03:13:00,7.677497,10.672517,8.8,5.19
T04,GL-4396,2026-03-13 03:14:00,7.678018,10.672643,6.0,4.24
T04,GL-4396,2026-03-13 03:15:00,7.678537,10.672742,9.6,3.11
T04,GL-4396,2026-03-13 03:16:00,7.679222,10.672921,9.1,4.0
T04,GL-4396,2026-03-13 03:17:00,7.679765,10.673027,9.0,3.36
T04,GL-4396,2026-03-13 03:18:00,7.68045,10.673075,9.8,3.67
T04,GL-4396,2026-03-13 03:19:00,7.681017,10.673373,10.9,3.63
T04,GL-4396,2026-03-13 03:20:00,7.681567,10.673382,6.9,5.19
T04,GL-4396,2026-03-13 03:21:00,7.682281,10.673574,9.0,3.06
T04,GL-4396,2026-03-13 03:22:00,7.682864,10.673717,6.2,4.51
T04,GL-4396,2026-03-13 03:23:00,7.683362,10.673794,4.4,4.99
T04,GL-4396,2026-03-13 03:24:00,7.684007,10.673837,8.1,3.47
T04,GL-4396,2026-03-13 03:25:00,7.684684,10.67408,7.8,3.25
T04,GL-4396,2026-03-13 03:26:00,7.685097,10.67411,10.5,5.17
T04,GL-4396,2026-03-13 03:27:00,7.685738,10.674291,8.5,2.85
T04,GL-4396,2026-03-13 03:28:00,7.686362,10.674395,9.6,3.89
T04,GL-4396,2026-03-13 03:29:00,7.686985,10.674624,4.4,4.91
T04,GL-4396,2026-03-13 03:30:00,7.68753,10.674721,9.7,4.5
T04,GL-4396,2026-03-13 03:31:00,7.68817,10.674799,10.7,4.77
T04,GL-4396,2026-03-13 03:32:00,7.688791,10.674852,10.7,3.56
T04,GL-4396,2026-03-13 03:33:00,7.689363,10.675137,11.7,4.03
T04,GL-4396,2026-03-13 03:34:00,7.68988,10.675228,5.6,2.82
T04,GL-4396,2026-03-13 03:35:00,7.69057,10.675261,5.9,4.15
T04,GL-4396,2026-03-13 03:36:00,7.691209,10.67541,6.6,3.02
T04,GL-4396,2026-03-13 03:37:00,7.691779,10.675495,10.0,3.53
T04,GL-4396,2026-03-13 03:38:00,7.69232,10.675613,10.1,5.24
T04,GL-4396,2026-03-13 03:39:00,7.692938,10.675747,9.0,3.03
T04,GL-4396,2026-03-13 03:40:00,7.693593,10.676,4.8,4.81
T04,GL-4396,2026-03-13 03:41:00,7.694124,10.676103,10.1,3.13
T04,GL-4396,2026-03-13 03:42:00,7.694684,10.676276,5.8,5.07
T04,GL-4396,2026-03-13 03:43:00,7.695494,10.676249,7.8,5.52
T04,GL-4396,2026-03-13 03:44:00,7.69599,10.676437,5.7,5.57
T04,GL-4396,2026-03-13 03:45:00,7.696636,10.676504,12.0,3.95
T04,GL-4396,2026-03-13 03:46:00,7.697048,10.676667,7.8,4.48
T04,GL-4396,2026-03-13 03:47:00,7.697696,10.676765,6.5,2.89
T04,GL-4396,2026-03-13 03:48:00,7.698314,10.676944,4.4,4.09
T04,GL-4396,2026-03-13 03:49:00,7.698837,10.677075,,4.94
T04,GL-4396,2026-03-13 03:50:00,7.699432,10.677148,5.3,5.11
T04,GL-4396,2026-03-13 03:51:00,7.700207,10.677395,7.3,4.68
T04,GL-4396,2026-03-13 03:52:00,7.700741,10.67747,7.5,3.28
T04,GL-4396,2026-03-13 03:53:00,7.70129,10.67765,5.0,4.19
T04,GL-4396,2026-03-13 03:54:00,7.701812,10.677688,11.3,3.12
T04,GL-4396,2026-03-13 03:55:00,7.702466,10.677782,11.2,3.68
T04,GL-4396,2026-03-13 03:56:00,7.703061,10.677983,4.5,3.84
T04,GL-4396,2026-03-13 03:57:00,7.703794,10.678078,5.6,5.09
T04,GL-4396,2026-03-13 03:58:00,7.704327,10.67823,5.6,4.35
T04,GL-4396,2026-03-13 03:59:00,7.704891,10.6783,10.6,3.13
T04,GL-4396,2026-03-13 04:00:00,7.705521,10.678419,9.9,4.33
T04,GL-4396,2026-03-13 04:01:00,7.706109,10.678567,11.9,4.43
T04,GL-4396,2026-03-13 04:02:00,7.706752,10.678684,4.9,3.0
T04,GL-4396,2026-03-13 04:03:00,7.707315,10.678711,11.3,3.01
T04,GL-4396,2026-03-13 04:04:00,7.707877,10.678893,11.6,5.51
T04,GL-4396,2026-03-13 04:05:00,7.70841,10.679163,11.4,4.57
T04,GL-4396,2026-03-13 04:06:00,7.709005,10.679195,9.2,5.19
T04,GL-4396,2026-03-13 04:07:00,7.709734,10.679234,10.3,3.2
T04,GL-4396,2026-03-13 04:08:00,7.7103,10.679564,6.4,4.29
T04,GL-4396,2026-03-13 04:09:00,7.710858,10.679571,5.2,4.3
T04,GL-4396,2026-03-13 04:10:00,7.711524,10.67972,8.0,5.35
T04,GL-4396,2026-03-13 04:11:00,7.712125,10.679841,5.4,2.87
T04,GL-4396,2026-03-13 04:12:00,7.712669,10.680054,9.0,3.27
T04,GL-4396,2026-03-13 04:13:00,7.713243,10.680077,11.8,4.27
T04,GL-4396,2026-03-13 04:14:00,7.713867,10.68015,8.8,4.88
T04,GL-4396,2026-03-13 04:15:00,7.714532,10.680245,10.9,4.16
T04,GL-4396,2026-03-13 04:16:00,7.715147,10.680424,5.7,3.1
T04,GL-4396,2026-03-13 04:17:00,7.71576,10.680621,10.9,3.78
T04,GL-4396,2026-03-13 04:18:00,7.716365,10.680574,4.3,5.31
T04,GL-4396,2026-03-13 04:19:00,7.716858,10.68083,7.9,5.49
T04,GL-4396,2026-03-13 04:20:00,7.717428,10.680938,7.7,5.12
T04,GL-4396,2026-03-13 04:21:00,7.718138,10.681221,6.0,3.12
T04,GL-4396,2026-03-13 04:22:00,7.718652,10.681169,8.5,3.01
T04,GL-4396,2026-03-13 04:23:00,7.719222,10.68141,9.0,4.18
T04,GL-4396,2026-03-13 04:24:00,7.719895,10.681521,9.1,4.88
T04,GL-4396,2026-03-13 04:25:00,7.720413,10.681577,11.8,2.97
T04,GL-4396,2026-03-13 04:26:00,7.720954,10.681683,5.8,4.82
T04,GL-4396,2026-03-13 04:27:00,7.721631,10.681864,8.7,3.28
T04,GL-4396,2026-03-13 04:28:00,7.722347,10.68193,11.9,3.71
T04,GL-4396,2026-03-13 04:29:00,7.722884,10.682127,11.4,4.97
T04,GL-4396,2026-03-13 04:30:00,7.723491,10.682205,7.8,4.01
T04,GL-4396,2026-03-13 04:31:00,7.724093,10.682213,9.2,5.04
T04,GL-4396,2026-03-13 04:32:00,7.724635,10.682487,10.5,3.39
T04,GL-4396,2026-03-13 04:33:00,7.725277,10.682582,9.2,2.97
T04,GL-4396,2026-03-13 04:34:00,7.725921,10.682797,10.9,3.01
T04,GL-4396,2026-03-13 04:35:00,7.726488,10.682839,6.1,3.73
T04,GL-4396,2026-03-13 04:36:00,7.726994,10.682929,10.5,3.47
T04,GL-4396,2026-03-13 04:37:00,7.727665,10.683045,11.7,4.58
T04,GL-4396,2026-03-13 04:38:00,7.728227,10.68321,4.3,3.15
T04,GL-4396,2026-03-13 04:39:00,7.728818,10.683288,9.2,4.75
T04,GL-4396,2026-03-13 04:40:00,7.729423,10.683589,11.0,3.55
T04,GL-4396,2026-03-13 04:41:00,7.730049,10.683654,7.0,3.63
T04,GL-4396,2026-03-13 04:42:00,7.730645,10.683781,10.2,5.1
T04,GL-4396,2026-03-13 04:43:00,7.731298,10.683772,9.6,4.94
T04,GL-4396,2026-03-13 04:44:00,7.731834,10.683966,10.2,5.53
T04,GL-4396,2026-03-13 04:45:00,7.732363,10.68405,4.8,3.68
T04,GL-4396,2026-03-13 04:46:00,7.732931,10.684316,6.8,4.82
T04,GL-4396,2026-03-13 04:47:00,7.733734,10.684369,11.4,4.79
T04,GL-4396,2026-03-13 04:48:00,7.734239,10.684382,11.7,5.04
T04,GL-4396,2026-03-13 04:49:00,7.734819,10.684637,4.7,5.36
T04,GL-4396,2026-03-13 04:50:00,7.735475,10.684637,10.3,4.73
T04,GL-4396,2026-03-13 04:51:00,7.736032,10.684797,8.3,3.16
T04,GL-4396,2026-03-13 04:52:00,7.736693,10.684944,9.0,4.67
T04,GL-4396,2026-03-13 04:53:00,7.737315,10.685115,4.2,3.15
T04,GL-4396,2026-03-13 04:54:00,7.737939,10.685246,6.8,4.89
T04,GL-4396,2026-03-13 04:55:00,7.73848,10.685405,5.9,5.45
T04,GL-4396,2026-03-13 04:56:00,7.73913,10.685398,5.7,4.39
T04,GL-4396,2026-03-13 04:57:00,7.739509,10.685555,7.6,3.83
T04,GL-4396,2026-03-13 04:58:00,7.740275,10.68574,11.4,5.51
T04,GL-4396,2026-03-13 04:59:00,7.740882,10.685911,,3.37
T04,GL-4396,2026-03-13 05:00:00,7.741379,10.68601,4.7,4.53
T04,GL-4396,2026-03-13 05:01:00,7.741913,10.686121,8.8,4.12
T04,GL-4396,2026-03-13 05:02:00,7.742652,10.686128,4.3,4.84
T04,GL-4396,2026-03-13 05:03:00,7.743115,10.686366,4.2,4.81
T04,GL-4396,2026-03-13 05:04:00,7.743749,10.686478,5.6,4.73
T04,GL-4396,2026-03-13 05:05:00,7.744444,10.68664,7.1,4.36
T04,GL-4396,2026-03-13 05:06:00,7.74499,10.686795,9.7,2.9
T04,GL-4396,2026-03-13 05:07:00,7.745583,10.686841,5.5,4.75
T04,GL-4396,2026-03-13 05:08:00,7.746098,10.686929,11.5,3.63
T04,GL-4396,2026-03-13 05:09:00,7.746835,10.68711,6.5,3.67
T04,GL-4396,2026-03-13 05:10:00,7.747316,10.687224,10.7,3.07
T04,GL-4396,2026-03-13 05:11:00,7.748069,10.687372,8.3,3.22
T04,GL-4396,2026-03-13 05:12:00,7.748573,10.687445,8.0,5.14
T04,GL-4396,2026-03-13 05:13:00,7.749231,10.687614,4.4,3.02
T04,GL-4396,2026-03-13 05:14:00,7.749842,10.687739,12.0,4.06
T04,GL-4396,2026-03-13 05:15:00,7.750309,10.687878,7.6,3.0
T04,GL-4396,2026-03-13 05:16:00,7.751065,10.688031,4.8,5.24
T04,GL-4396,2026-03-13 05:17:00,7.751546,10.688097,9.7,3.44
T04,GL-4396,2026-03-13 05:18:00,7.752131,10.688213,8.5,3.29
T04,GL-4396,2026-03-13 05:19:00,7.752853,10.688323,10.0,3.26
T04,GL-4396,2026-03-13 05:20:00,7.753312,10.688444,10.5,3.41
T04,GL-4396,2026-03-13 05:21:00,7.754068,10.688527,,5.47
T04,GL-4396,2026-03-13 05:22:00,7.754487,10.688834,4.6,3.44
T04,GL-4396,2026-03-13 05:23:00,7.755124,10.688824,5.0,4.89
T04,GL-4396,2026-03-13 05:24:00,7.755822,10.688855,6.1,3.89
T04,GL-4396,2026-03-13 05:25:00,7.756393,10.689145,4.7,4.35
T04,GL-4396,2026-03-13 05:26:00,7.75702,10.689303,7.9,5.14
T04,GL-4396,2026-03-13 05:27:00,7.757451,10.68932,7.9,5.19
T04,GL-4396,2026-03-13 05:28:00,7.758207,10.689381,8.9,3.47
T04,GL-4396,2026-03-13 05:29:00,7.758683,10.689565,7.1,3.1
T04,GL-4396,2026-03-13 05:30:00,7.759342,10.689634,7.3,3.48
T04,GL-4396,2026-03-13 05:31:00,7.759893,10.68982,8.6,3.77
T04,GL-4396,2026-03-13 05:32:00,7.760477,10.690027,6.9,3.72
T04,GL-4396,2026-03-13 05:33:00,7.761075,10.690111,4.5,3.45
T04,GL-4396,2026-03-13 05:34:00,7.761736,10.690243,11.9,3.02
T04,GL-4396,2026-03-13 05:35:00,7.762488,10.69031,9.9,2.86
T04,GL-4396,2026-03-13 05:36:00,7.763037,10.690481,8.4,4.54
T04,GL-4396,2026-03-13 05:37:00,7.763502,10.690498,11.2,3.73
T04,GL-4396,2026-03-13 05:38:00,7.764225,10.690672,5.0,3.19
T04,GL-4396,2026-03-13 05:39:00,7.764743,10.690838,5.1,4.71
T04,GL-4396,2026-03-13 05:40:00,7.765373,10.691016,4.7,4.9
T04,GL-4396,2026-03-13 05:41:00,7.76603,10.691225,6.3,3.79
T04,GL-4396,2026-03-13 05:42:00,7.766605,10.691269,10.6,3.46
T04,GL-4396,2026-03-13 05:43:00,7.767155,10.69143,10.4,5.29
T04,GL-4396,2026-03-13 05:44:00,7.767766,10.691521,5.7,4.81
T04,GL-4396,2026-03-13 05:45:00,7.768319,10.691744,6.2,5.34
T04,GL-4396,2026-03-13 05:46:00,7.769025,10.691624,7.4,4.57
T04,GL-4396,2026-03-13 05:47:00,7.769499,10.691859,10.0,4.24
T04,GL-4396,2026-03-13 05:48:00,7.770086,10.692121,8.7,5.17
T04,GL-4396,2026-03-13 05:49:00,7.77068,10.692088,9.2,5.51
T04,GL-4396,2026-03-13 05:50:00,7.771264,10.692251,4.8,4.73
T04,GL-4396,2026-03-13 05:51:00,7.77193,10.692367,9.3,5.45
T04,GL-4396,2026-03-13 05:52:00,7.772567,10.692509,7.8,3.75
T04,GL-4396,2026-03-13 05:53:00,7.773141,10.692597,10.1,4.91
T04,GL-4396,2026-03-13 05:54:00,7.773794,10.692719,10.7,5.15
T04,GL-4396,2026-03-13 05:55:00,7.774313,10.692927,10.4,4.75
T04,GL-4396,2026-03-13 05:56:00,7.774909,10.693081,7.8,4.59
T04,GL-4396,2026-03-13 05:57:00,7.775592,10.693153,10.8,3.42
T04,GL-4396,2026-03-13 05:58:00,7.776207,10.69331,6.1,3.66
T04,GL-4396,2026-03-13 05:59:00,7.776738,10.693321,12.0,4.74
T04,GL-4396,2026-03-13 06:00:00,7.777321,10.693459,4.6,3.42
T04,GL-4396,2026-03-13 06:01:00,7.777988,10.693559,6.7,4.79
T04,GL-4396,2026-03-13 06:02:00,7.778656,10.69373,11.1,3.72
T04,GL-4396,2026-03-13 06:03:00,7.779037,10.693861,10.2,5.48
T04,GL-4396,2026-03-13 06:04:00,7.779658,10.694048,5.0,5.0
T04,GL-4396,2026-03-13 06:05:00,7.780294,10.694197,4.7,3.68
T04,GL-4396,2026-03-13 06:06:00,7.780922,10.694408,7.4,4.93
T04,GL-4396,2026-03-13 06:07:00,7.78147,10.694361,11.5,4.87
T04,GL-4396,2026-03-13 06:08:00,7.782059,10.694581,5.8,3.0
T04,GL-4396,2026-03-13 06:09:00,7.782644,10.694722,4.0,5.53
T04,GL-4396,2026-03-13 06:10:00,7.783207,10.69478,7.1,5.25
T04,GL-4396,2026-03-13 06:11:00,7.783949,10.694893,8.4,4.62
T04,GL-4396,2026-03-13 06:12:00,7.784545,10.695052,5.1,3.37
T04,GL-4396,2026-03-13 06:13:00,7.785037,10.695178,6.9,3.36
T04,GL-4396,2026-03-13 06:14:00,7.785672,10.695376,10.8,5.23
T04,GL-4396,2026-03-13 06:15:00,7.78632,10.695422,8.3,5.52
T04,GL-4396,2026-03-13 06:16:00,7.786884,10.69549,9.7,4.05
T04,GL-4396,2026-03-13 06:17:00,7.787462,10.695639,11.7,4.43
T04,GL-4396,2026-03-13 06:18:00,7.788012,10.695788,4.8,3.71
T04,GL-4396,2026-03-13 06:19:00,7.788681,10.695889,9.9,4.46
T04,GL-4396,2026-03-13 06:20:00,7.789401,10.69593,5.5,5.49
T04,GL-4396,2026-03-13 06:21:00,7.789972,10.696221,11.8,5.32
T04,GL-4396,2026-03-13 06:22:00,7.790379,10.696199,10.9,3.29
T04,GL-4396,2026-03-13 06:23:00,7.79101,10.696427,10.9,3.54
T04,GL-4396,2026-03-13 06:24:00,7.791796,10.696351,10.1,3.94
T04,GL-4396,2026-03-13 06:25:00,7.792225,10.696719,6.7,5.53
T04,GL-4396,2026-03-13 06:26:00,7.792858,10.696725,7.8,3.9
T04,GL-4396,2026-03-13 06:27:00,7.793544,10.696788,5.9,3.11
T04,GL-4396,2026-03-13 06:28:00,7.794023,10.696995,6.4,5.54
T04,GL-4396,2026-03-13 06:29:00,7.794728,10.697158,7.1,4.61
T04,GL-4396,2026-03-13 06:30:00,7.795304,10.697204,6.2,3.94
T04,GL-4396,2026-03-13 06:31:00,7.79586,10.697538,5.0,4.28
T04,GL-4396,2026-03-13 06:32:00,7.796489,10.697585,6.0,3.48
T04,GL-4396,2026-03-13 06:33:00,7.79714,10.697757,7.6,4.2
T04,GL-4396,2026-03-13 06:34:00,7.797546,10.697801,6.7,5.52
T04,GL-4396,2026-03-13 06:35:00,7.798255,10.697948,9.5,3.09
T04,GL-4396,2026-03-13 06:36:00,7.79887,10.697928,11.8,3.44
T04,GL-4396,2026-03-13 06:37:00,7.799454,10.69823,6.4,3.36
T04,GL-4396,2026-03-13 06:38:00,7.800041,10.698285,4.7,4.07
T04,GL-4396,2026-03-13 06:39:00,7.800615,10.698354,7.9,5.17
T04,GL-4396,2026-03-13 06:40:00,7.801124,10.698613,6.5,3.88
T04,GL-4396,2026-03-13 06:41:00,7.801881,10.698739,8.5,3.51
T04,GL-4396,2026-03-13 06:42:00,7.802518,10.698902,6.2,3.12
T04,GL-4396,2026-03-13 06:43:00,7.802907,10.698804,10.5,4.29
T04,GL-4396,2026-03-13 06:44:00,7.803569,10.699052,11.8,4.59
T04,GL-4396,2026-03-13 06:45:00,7.804309,10.699141,8.7,5.2
T04,GL-4396,2026-03-13 06:46:00,7.804909,10.699284,6.5,3.54
T04,GL-4396,2026-03-13 06:47:00,7.805428,10.699303,5.7,5.49
T04,GL-4396,2026-03-13 06:48:00,7.806088,10.699587,10.2,3.21
T04,GL-4396,2026-03-13 06:49:00,7.806725,10.69965,5.5,5.16
T04,GL-4396,2026-03-13 06:50:00,7.807306,10.699808,4.8,3.12
T04,GL-4396,2026-03-13 06:51:00,7.807793,10.699829,10.0,4.18
T04,GL-4396,2026-03-13 06:52:00,7.808389,10.700004,10.7,4.06
T04,GL-4396,2026-03-13 06:53:00,7.808979,10.700173,6.1,5.01
T04,GL-4396,2026-03-13 06:54:00,7.809573,10.700382,4.6,3.01
T04,GL-4396,2026-03-13 06:55:00,7.810164,10.700417,10.0,3.53
T04,GL-4396,2026-03-13 06:56:00,7.810837,10.700503,8.2,5.4
T04,GL-4396,2026-03-13 06:57:00,7.811459,10.700817,7.0,5.14
T04,GL-4396,2026-03-13 06:58:00,7.811974,10.700839,8.7,4.07
T04,GL-4396,2026-03-13 06:59:00,7.812626,10.700964,4.6,5.11
T04,GL-4396,2026-03-13 07:00:00,7.813306,10.701047,9.9,5.39
T04,GL-4396,2026-03-13 07:01:00,7.813749,10.701107,4.9,3.68
T04,GL-4396,2026-03-13 07:02:00,7.814407,10.701297,9.2,3.21
T04,GL-4396,2026-03-13 07:03:00,7.815011,10.701378,10.3,3.41
T04,GL-4396,2026-03-13 07:04:00,7.815615,10.701524,4.8,3.03
T04,GL-4396,2026-03-13 07:05:00,7.816215,10.701729,9.3,3.92
T04,GL-4396,2026-03-13 07:06:00,7.816838,10.701873,10.7,4.72
T04,GL-4396,2026-03-13 07:07:00,7.817346,10.701915,6.0,3.42
T04,GL-4396,2026-03-13 07:08:00,7.817932,10.702029,7.0,5.53
T04,GL-4396,2026-03-13 07:09:00,7.818663,10.702155,5.0,4.45
T04,GL-4396,2026-03-13 07:10:00,7.819252,10.702266,10.1,5.56
T04,GL-4396,2026-03-13 07:11:00,7.819836,10.702434,4.7,5.09
T04,GL-4396,2026-03-13 07:12:00,7.820385,10.702585,6.0,3.5
T04,GL-4396,2026-03-13 07:13:00,7.82092,10.702758,11.9,3.43
T04,GL-4396,2026-03-13 07:14:00,7.821498,10.702793,6.5,3.54
T04,GL-4396,2026-03-13 07:15:00,7.822099,10.702912,7.4,5.47
T04,GL-4396,2026-03-13 07:16:00,7.822729,10.703176,11.8,3.52
T04,GL-4396,2026-03-13 07:17:00,7.82337,10.70309,8.9,3.83
T04,GL-4396,2026-03-13 07:18:00,7.824029,10.703309,11.1,4.09
T04,GL-4396,2026-03-13 07:19:00,7.824558,10.703474,7.1,4.76
T04,GL-4396,2026-03-13 07:20:00,7.825119,10.703651,11.9,5.03
T04,GL-4396,2026-03-13 07:21:00,7.825752,10.703697,6.5,3.61
T04,GL-4396,2026-03-13 07:22:00,7.826351,10.70382,10.1,4.88
T04,GL-4396,2026-03-13 07:23:00,7.82694,10.703864,5.3,3.48
T04,GL-4396,2026-03-13 07:24:00,7.827506,10.704104,9.2,3.67
T04,GL-4396,2026-03-13 07:25:00,7.828161,10.704247,8.8,5.12
T04,GL-4396,2026-03-13 07:26:00,7.828787,10.704286,6.5,5.24
T04,GL-4396,2026-03-13 07:27:00,7.829396,10.704524,5.8,5.56
T04,GL-4396,2026-03-13 07:28:00,7.829998,10.704541,5.2,5.35
T04,GL-4396,2026-03-13 07:29:00,7.830479,10.704624,10.4,3.85
T04,GL-4396,2026-03-13 07:30:00,7.831166,10.704862,8.4,4.08
T04,GL-4396,2026-03-13 07:31:00,7.831652,10.704899,7.0,5.09
T04,GL-4396,2026-03-13 07:32:00,7.832334,10.705108,8.5,4.63
T04,GL-4396,2026-03-13 07:33:00,7.832873,10.705235,10.8,5.22
T04,GL-4396,2026-03-13 07:34:00,7.833477,10.705289,7.9,2.96
T04,GL-4396,2026-03-13 07:35:00,7.834214,10.705384,6.3,5.02
T04,GL-4396,2026-03-13 07:36:00,7.834739,10.705571,10.9,3.8
T04,GL-4396,2026-03-13 07:37:00,7.835362,10.705704,8.3,4.88
T04,GL-4396,2026-03-13 07:38:00,7.835998,10.70584,11.9,3.87
T04,GL-4396,2026-03-13 07:39:00,7.836632,10.705944,4.1,5.11
T04,GL-4396,2026-03-13 07:40:00,7.83717,10.706084,5.8,3.07
T04,GL-4396,2026-03-13 07:41:00,7.837749,10.706147,8.3,3.98
T04,GL-4396,2026-03-13 07:42:00,7.838305,10.706223,10.3,5.06
T04,GL-4396,2026-03-13 07:43:00,7.838878,10.706383,4.1,5.27
T04,GL-4396,2026-03-13 07:44:00,7.839604,10.706628,11.8,4.47
T04,GL-4396,2026-03-13 07:45:00,7.840238,10.706682,12.0,3.99
T04,GL-4396,2026-03-13 07:46:00,7.840774,10.706924,6.0,4.52
T04,GL-4396,2026-03-13 07:47:00,7.841298,10.706951,10.1,3.8
T04,GL-4396,2026-03-13 07:48:00,7.842028,10.707042,6.8,4.76
T04,GL-4396,2026-03-13 07:49:00,7.842531,10.707199,10.3,3.28
T04,GL-4396,2026-03-13 07:50:00,7.843243,10.707338,11.0,4.99
T04,GL-4396,2026-03-13 07:51:00,7.843668,10.707393,11.7,5.17
T04,GL-4396,2026-03-13 07:52:00,7.844318,10.707528,7.4,5.46
T04,GL-4396,2026-03-13 07:53:00,7.844807,10.707773,4.3,4.92
T04,GL-4396,2026-03-13 07:54:00,7.845531,10.707883,9.1,4.17
T04,GL-4396,2026-03-13 07:55:00,7.846079,10.707891,9.0,4.52
T04,GL-4396,2026-03-13 07:56:00,7.846753,10.708094,8.3,5.16
T04,GL-4396,2026-03-13 07:57:00,7.847289,10.70819,8.4,4.08
T04,GL-4396,2026-03-13 07:58:00,7.847971,10.7083,11.9,3.65
T04,GL-4396,2026-03-13 07:59:00,7.84856,10.708361,8.3,5.06
T04,GL-4396,2026-03-13 08:00:00,7.849177,10.708618,4.8,2.99
T04,GL-4396,2026-03-13 08:01:00,7.849649,10.708775,5.6,3.69
T04,GL-4396,2026-03-13 08:02:00,7.850307,10.708903,7.0,5.15
T04,GL-4396,2026-03-13 08:03:00,7.850811,10.708921,5.9,4.01
T04,GL-4396,2026-03-13 08:04:00,7.851455,10.709074,6.7,3.36
T04,GL-4396,2026-03-13 08:05:00,7.852101,10.709181,,5.46
T04,GL-4396,2026-03-13 08:06:00,7.852663,10.70937,7.5,5.45
T04,GL-4396,2026-03-13 08:07:00,7.853293,10.709465,,2.95
T04,GL-4396,2026-03-13 08:08:00,7.853915,10.709672,5.7,5.19
T04,GL-4396,2026-03-13 08:09:00,7.854491,10.709718,5.3,3.05
T04,GL-4396,2026-03-13 08:10:00,7.855132,10.709842,5.2,4.13
T04,GL-4396,2026-03-13 08:11:00,7.85567,10.710005,8.7,5.03
T04,GL-4396,2026-03-13 08:12:00,7.856226,10.710184,11.0,5.33
T04,GL-4396,2026-03-13 08:13:00,7.856899,10.710187,7.9,4.75
T04,GL-4396,2026-03-13 08:14:00,7.857476,10.710303,6.5,5.03
T04,GL-4396,2026-03-13 08:15:00,7.858114,10.710612,11.1,5.34
T04,GL-4396,2026-03-13 08:16:00,7.858714,10.710491,8.6,4.47
T04,GL-4396,2026-03-13 08:17:00,7.859195,10.71066,11.8,3.26
T04,GL-4396,2026-03-13 08:18:00,7.859907,10.710854,8.2,4.05
T04,GL-4396,2026-03-13 08:19:00,7.860441,10.710987,11.0,5.56
T04,GL-4396,2026-03-13 08:20:00,7.861076,10.711129,5.2,4.08
T04,GL-4396,2026-03-13 08:21:00,7.861783,10.711277,9.9,4.94
T04,GL-4396,2026-03-13 08:22:00,7.862318,10.711329,6.8,3.38
T04,GL-4396,2026-03-13 08:23:00,7.862851,10.711446,6.1,4.17
T04,GL-4396,2026-03-13 08:24:00,7.863478,10.711605,10.6,3.09
T04,GL-4396,2026-03-13 08:25:00,7.864056,10.711716,10.8,5.25
T04,GL-4396,2026-03-13 08:26:00,7.864738,10.71175,4.2,4.0
T04,GL-4396,2026-03-13 08:27:00,7.865253,10.712061,9.4,4.69
T04,GL-4396,2026-03-13 08:28:00,7.865884,10.712112,4.8,5.57
T04,GL-4396,2026-03-13 08:29:00,7.866555,10.712318,8.1,5.54
T04,GL-4396,2026-03-13 08:30:00,7.867098,10.712369,10.6,4.86
T04,GL-4396,2026-03-13 08:31:00,7.867595,10.712476,10.8,3.5
T04,GL-4396,2026-03-13 08:32:00,7.868273,10.712548,5.5,3.18
T04,GL-4396,2026-03-13 08:33:00,7.868876,10.712659,11.2,4.67
T04,GL-4396,2026-03-13 08:34:00,7.869483,10.712898,7.6,3.37
T04,GL-4396,2026-03-13 08:35:00,7.870004,10.712948,9.6,5.14
T04,GL-4396,2026-03-13 08:36:00,7.870656,10.713127,6.6,4.46
T04,GL-4396,2026-03-13 08:37:00,7.871206,10.713318,9.1,3.63
T04,GL-4396,2026-03-13 08:38:00,7.871807,10.71321,4.9,2.83
T04,GL-4396,2026-03-13 08:39:00,7.872547,10.713412,4.6,4.09
T04,GL-4396,2026-03-13 08:40:00,7.873048,10.713598,11.0,2.92
T04,GL-4396,2026-03-13 08:41:00,7.87361,10.713686,9.5,4.61
T04,GL-4396,2026-03-13 08:42:00,7.87424,10.713844,10.5,4.17
T04,GL-4396,2026-03-13 08:43:00,7.874909,10.714022,4.2,4.03
T04,GL-4396,2026-03-13 08:44:00,7.875481,10.714138,10.4,5.33
T04,GL-4396,2026-03-13 08:45:00,7.876006,10.714168,6.9,4.82
T04,GL-4396,2026-03-13 08:46:00,7.876639,10.714394,9.8,5.43
T04,GL-4396,2026-03-13 08:47:00,7.87726,10.714481,11.3,4.04
T04,GL-4396,2026-03-13 08:48:00,7.877854,10.714446,8.2,4.26
T04,GL-4396,2026-03-13 08:49:00,7.878356,10.714688,9.7,3.89
T04,GL-4396,2026-03-13 08:50:00,7.879013,10.714889,4.5,3.5
T04,GL-4396,2026-03-13 08:51:00,7.879691,10.71502,6.8,3.17
T04,GL-4396,2026-03-13 08:52:00,7.880285,10.714988,9.9,5.37
T04,GL-4396,2026-03-13 08:53:00,7.880895,10.715224,10.3,3.01
T04,GL-4396,2026-03-13 08:54:00,7.881385,10.715419,8.9,5.42
T04,GL-4396,2026-03-13 08:55:00,7.882018,10.715517,,5.11
T04,GL-4396,2026-03-13 08:56:00,7.88268,10.715571,11.4,4.37
T04,GL-4396,2026-03-13 08:57:00,7.883309,10.715753,6.8,3.02
T04,GL-4396,2026-03-13 08:58:00,7.883795,10.715835,8.0,5.38
T04,GL-4396,2026-03-13 08:59:00,7.884358,10.715958,5.9,4.51
T04,GL-4396,2026-03-13 09:00:00,7.884952,10.716147,6.7,3.52
T04,GL-4396,2026-03-13 09:01:00,7.88563,10.716258,5.5,3.2
T04,GL-4396,2026-03-13 09:02:00,7.886217,10.716419,8.0,5.6
T04,GL-4396,2026-03-13 09:03:00,7.88675,10.716581,11.4,3.06
T04,GL-4396,2026-03-13 09:04:00,7.887391,10.71675,11.4,5.31
T04,GL-4396,2026-03-13 09:05:00,7.888007,10.716762,10.3,3.04
T04,GL-4396,2026-03-13 09:06:00,7.888565,10.716859,4.7,3.97
T04,GL-4396,2026-03-13 09:07:00,7.889247,10.716886,9.3,5.06
T04,GL-4396,2026-03-13 09:08:00,7.889828,10.717104,5.6,5.43
T04,GL-4396,2026-03-13 09:09:00,7.89036,10.717244,7.2,4.08
T04,GL-4396,2026-03-13 09:10:00,7.891031,10.717364,9.5,3.86
T04,GL-4396,2026-03-13 09:11:00,7.891574,10.717525,7.6,2.98
T04,GL-4396,2026-03-13 09:12:00,7.892279,10.717663,4.1,5.27
T04,GL-4396,2026-03-13 09:13:00,7.892745,10.717705,8.2,3.5
T04,GL-4396,2026-03-13 09:14:00,7.893332,10.71786,10.1,5.35
T04,GL-4396,2026-03-13 09:15:00,7.893852,10.71796,8.8,4.71
T04,GL-4396,2026-03-13 09:16:00,7.894643,10.718207,11.2,4.64
T04,GL-4396,2026-03-13 09:17:00,7.895138,10.71831,8.8,3.08
T04,GL-4396,2026-03-13 09:18:00,7.895806,10.718326,11.2,3.78
T04,GL-4396,2026-03-13 09:19:00,7.896288,10.718529,4.2,4.72
T04,GL-4396,2026-03-13 09:20:00,7.896878,10.718657,11.0,4.07
T04,GL-4396,2026-03-13 09:21:00,7.897553,10.718697,8.6,4.38
T04,GL-4396,2026-03-13 09:22:00,7.89826,10.718901,7.0,3.77
T04,GL-4396,2026-03-13 09:23:00,7.898862,10.719209,7.8,4.27
T04,GL-4396,2026-03-13 09:24:00,7.89933,10.719118,4.6,5.16
T04,GL-4396,2026-03-13 09:25:00,7.899934,10.719204,11.7,5.39
T04,GL-4396,2026-03-13 09:26:00,7.900487,10.719523,7.6,4.24
T04,GL-4396,2026-03-13 09:27:00,7.901192,10.719509,11.8,4.59
T04,GL-4396,2026-03-13 09:28:00,7.901853,10.719651,8.8,3.94
T04,GL-4396,2026-03-13 09:29:00,7.902379,10.719795,6.7,4.73
T04,GL-4396,2026-03-13 09:30:00,7.90291,10.719842,5.8,4.03
T04,GL-4396,2026-03-13 09:31:00,7.903518,10.720012,7.0,4.57
T04,GL-4396,2026-03-13 09:32:00,7.904217,10.720115,11.8,5.56
T04,GL-4396,2026-03-13 09:33:00,7.904835,10.72029,9.4,3.24
T04,GL-4396,2026-03-13 09:34:00,7.905349,10.720396,9.4,4.4
T04,GL-4396,2026-03-13 09:35:00,7.905844,10.720585,9.1,3.99
T04,GL-4396,2026-03-13 09:36:00,7.906487,10.720581,,5.17
T04,GL-4396,2026-03-13 09:37:00,7.907152,10.720851,11.8,3.13
T04,GL-4396,2026-03-13 09:38:00,7.907778,10.720852,5.0,3.35
T04,GL-4396,2026-03-13 09:39:00,7.90837,10.720991,7.8,4.67
T04,GL-4396,2026-03-13 09:40:00,7.909049,10.721144,,3.76
T04,GL-4396,2026-03-13 09:41:00,7.909552,10.721303,11.8,4.26
T04,GL-4396,2026-03-13 09:42:00,7.910152,10.721351,9.4,3.99
T04,GL-4396,2026-03-13 09:43:00,7.910828,10.721447,5.5,3.2
T04,GL-4396,2026-03-13 09:44:00,7.911343,10.721583,7.8,3.88
T04,GL-4396,2026-03-13 09:45:00,7.911944,10.721761,4.1,3.04
T04,GL-4396,2026-03-13 09:46:00,7.9126,10.721907,4.8,4.16
T04,GL-4396,2026-03-13 09:47:00,7.913127,10.72204,4.1,3.34
T04,GL-4396,2026-03-13 09:48:00,7.913736,10.722188,9.2,3.98
T04,GL-4396,2026-03-13 09:49:00,7.914274,10.722275,7.3,3.41
T04,GL-4396,2026-03-13 09:50:00,7.915001,10.722342,11.4,3.51
T04,GL-4396,2026-03-13 09:51:00,7.915638,10.722508,9.8,3.17
T04,GL-4396,2026-03-13 09:52:00,7.916125,10.722607,10.7,3.74
T04,GL-4396,2026-03-13 09:53:00,7.916649,10.722747,6.0,4.33
T04,GL-4396,2026-03-13 09:54:00,7.917381,10.722884,9.7,5.04
T04,GL-4396,2026-03-13 09:55:00,7.918023,10.723063,11.6,4.01
T04,GL-4396,2026-03-13 09:56:00,7.918489,10.723175,10.2,5.42
T04,GL-4396,2026-03-13 09:57:00,7.919114,10.723267,4.4,3.61
T04,GL-4396,2026-03-13 09:58:00,7.919689,10.723361,8.2,5.15
T04,GL-4396,2026-03-13 09:59:00,7.920295,10.723537,6.6,3.11
T04,GL-4396,2026-03-13 10:00:00,7.920821,10.72363,10.9,5.53
T04,GL-4396,2026-03-13 10:01:00,7.921415,10.723875,10.0,3.2
T04,GL-4396,2026-03-13 10:02:00,7.922136,10.723846,4.0,5.57
T04,GL-4396,2026-03-13 10:03:00,7.9226,10.723917,5.2,4.1
T04,GL-4396,2026-03-13 10:04:00,7.923303,10.724224,5.5,5.08
T04,GL-4396,2026-03-13 10:05:00,7.923903,10.724296,6.9,3.21
T04,GL-4396,2026-03-13 10:06:00,7.924505,10.724284,5.5,5.3
T04,GL-4396,2026-03-13 10:07:00,7.925206,10.724497,8.5,2.96
T04,GL-4396,2026-03-13 10:08:00,7.925616,10.724598,7.2,3.58
T04,GL-4396,2026-03-13 10:09:00,7.926187,10.724773,11.0,3.26
T04,GL-4396,2026-03-13 10:10:00,7.926867,10.724896,10.0,2.81
T04,GL-4396,2026-03-13 10:11:00,7.927481,10.7251,11.1,3.13
T04,GL-4396,2026-03-13 10:12:00,7.928012,10.725142,9.4,4.94
T04,GL-4396,2026-03-13 10:13:00,7.928676,10.725218,9.5,3.55
T04,GL-4396,2026-03-13 10:14:00,7.929311,10.725404,8.9,3.81
T04,GL-4396,2026-03-13 10:15:00,7.929845,10.725556,5.8,3.87
T04,GL-4396,2026-03-13 10:16:00,7.930327,10.725621,7.5,3.26
T04,GL-4396,2026-03-13 10:17:00,7.931096,10.725661,4.3,4.64
T04,GL-4396,2026-03-13 10:18:00,7.931681,10.725892,6.9,5.52
T04,GL-4396,2026-03-13 10:19:00,7.932248,10.726084,6.7,3.01
T04,GL-4396,2026-03-13 10:20:00,7.932887,10.726115,6.5,4.98
T04,GL-4396,2026-03-13 10:21:00,7.933435,10.726222,5.7,3.98
T04,GL-4396,2026-03-13 10:22:00,7.934115,10.726447,4.9,5.09
T04,GL-4396,2026-03-13 10:23:00,7.93465,10.726433,10.7,4.25
T04,GL-4396,2026-03-13 10:24:00,7.935286,10.726719,10.4,4.56
T04,GL-4396,2026-03-13 10:25:00,7.935877,10.726686,5.9,4.32
T04,GL-4396,2026-03-13 10:26:00,7.936372,10.72688,10.7,3.99
T04,GL-4396,2026-03-13 10:27:00,7.937071,10.727068,4.8,5.56
T04,GL-4396,2026-03-13 10:28:00,7.937623,10.727248,9.6,5.48
T04,GL-4396,2026-03-13 10:29:00,7.938217,10.727172,6.4,3.4
T04,GL-4396,2026-03-13 10:30:00,7.938817,10.727473,9.0,5.26
T04,GL-4396,2026-03-13 10:31:00,7.939335,10.727491,7.5,4.85
T04,GL-4396,2026-03-13 10:32:00,7.940109,10.72764,5.9,3.63
T04,GL-4396,2026-03-13 10:33:00,7.940654,10.727852,8.8,3.78
T04,GL-4396,2026-03-13 10:34:00,7.941274,10.727912,8.9,3.36
T04,GL-4396,2026-03-13 10:35:00,7.941809,10.727985,5.7,3.45
T04,GL-4396,2026-03-13 10:36:00,7.94237,10.72824,4.0,5.02
T04,GL-4396,2026-03-13 10:37:00,7.943075,10.728328,5.5,3.18
T04,GL-4396,2026-03-13 10:38:00,7.943596,10.728487,10.8,5.11
T04,GL-4396,2026-03-13 10:39:00,7.94431,10.728539,8.6,3.8
T04,GL-4396,2026-03-13 10:40:00,7.94484,10.728705,,2.94
T04,GL-4396,2026-03-13 10:41:00,7.945462,10.728775,8.3,5.39
T04,GL-4396,2026-03-13 10:42:00,7.94601,10.728867,8.0,4.14
T04,GL-4396,2026-03-13 10:43:00,7.946594,10.729086,10.1,4.95
T04,GL-4396,2026-03-13 10:44:00,7.947171,10.729181,5.5,4.35
T04,GL-4396,2026-03-13 10:45:00,7.947864,10.729357,8.1,4.65
T04,GL-4396,2026-03-13 10:46:00,7.948557,10.729448,4.6,3.05
T04,GL-4396,2026-03-13 10:47:00,7.949062,10.729558,11.7,4.53
T04,GL-4396,2026-03-13 10:48:00,7.949671,10.729627,7.5,4.91
T04,GL-4396,2026-03-13 10:49:00,7.950214,10.729763,6.8,4.23
T04,GL-4396,2026-03-13 10:50:00,7.950854,10.729927,6.7,3.24
T04,GL-4396,2026-03-13 10:51:00,7.951357,10.730067,10.8,4.52
T04,GL-4396,2026-03-13 10:52:00,7.951963,10.730112,10.8,4.06
T04,GL-4396,2026-03-13 10:53:00,7.952549,10.730205,5.0,3.69
T04,GL-4396,2026-03-13 10:54:00,7.953248,10.730529,7.7,5.0
T04,GL-4396,2026-03-13 10:55:00,7.953855,10.730667,10.0,2.94
T04,GL-4396,2026-03-13 10:56:00,7.954355,10.730714,7.0,5.31
T04,GL-4396,2026-03-13 10:57:00,7.955085,10.730696,11.8,4.86
T04,GL-4396,2026-03-13 10:58:00,7.955636,10.730961,9.0,3.24
T04,GL-4396,2026-03-13 10:59:00,7.956206,10.73113,6.7,4.43
T04,GL-4396,2026-03-13 11:00:00,7.956785,10.731138,6.6,3.87
T04,GL-4396,2026-03-13 11:01:00,7.957441,10.7313,8.5,3.96
T04,GL-4396,2026-03-13 11:02:00,7.957973,10.731456,7.7,3.32
T04,GL-4396,2026-03-13 11:03:00,7.958588,10.731475,5.3,2.98
T04,GL-4396,2026-03-13 11:04:00,7.959118,10.731722,5.3,3.93
T04,GL-4396,2026-03-13 11:05:00,7.959856,10.731871,10.6,5.51
T04,GL-4396,2026-03-13 11:06:00,7.96024,10.731982,6.2,4.14
T04,GL-4396,2026-03-13 11:07:00,7.96098,10.732072,10.7,4.26
T04,GL-4396,2026-03-13 11:08:00,7.961593,10.732129,9.9,3.13
T04,GL-4396,2026-03-13 11:09:00,7.962156,10.732292,8.8,3.52
T04,GL-4396,2026-03-13 11:10:00,7.962756,10.73249,7.8,3.19
T04,GL-4396,2026-03-13 11:11:00,7.963448,10.73252,7.7,4.06
T04,GL-4396,2026-03-13 11:12:00,7.964037,10.732673,11.9,4.88
T04,GL-4396,2026-03-13 11:13:00,7.964458,10.73274,8.3,4.96
T04,GL-4396,2026-03-13 11:14:00,7.965202,10.732938,5.4,3.4
T04,GL-4396,2026-03-13 11:15:00,7.96576,10.733104,10.7,4.57
T04,GL-4396,2026-03-13 11:16:00,7.966236,10.733202,10.3,4.96
T04,GL-4396,2026-03-13 11:17:00,10.733319,7.966905,6.0,4.98
T04,GL-4396,2026-03-13 11:18:00,7.967631,10.733524,5.3,5.07
T04,GL-4396,2026-03-13 11:19:00,7.968217,10.733553,9.5,4.76
T04,GL-4396,2026-03-13 11:20:00,7.968725,10.733736,7.4,4.54
T04,GL-4396,2026-03-13 11:21:00,7.969328,10.733827,10.2,4.5
T04,GL-4396,2026-03-13 11:22:00,7.970004,10.73394,9.6,4.06
T04,GL-4396,2026-03-13 11:23:00,7.970589,10.734091,6.0,4.47
T04,GL-4396,2026-03-13 11:24:00,7.971153,10.734084,9.4,2.81
T04,GL-4396,2026-03-13 11:25:00,7.971766,10.734346,5.0,4.92
T04,GL-4396,2026-03-13 11:26:00,7.972465,10.734358,9.3,5.53
T04,GL-4396,2026-03-13 11:27:00,7.973006,10.73458,5.8,3.64
T04,GL-4396,2026-03-13 11:28:00,7.973528,10.734778,10.0,3.99
T04,GL-4396,2026-03-13 11:29:00,7.974023,10.7348,11.7,3.93
T04,GL-4396,2026-03-13 11:30:00,7.974797,10.734943,10.9,4.46
T04,GL-4396,2026-03-13 11:31:00,7.975362,10.735039,4.1,5.21
T04,GL-4396,2026-03-13 11:32:00,7.975904,10.735176,8.4,4.94
T04,GL-4396,2026-03-13 11:33:00,7.976486,10.735329,5.5,5.2
T04,GL-4396,2026-03-13 11:34:00,7.977269,10.735393,9.0,3.88
T04,GL-4396,2026-03-13 11:35:00,7.977643,10.735579,6.9,5.29
T04,GL-4396,2026-03-13 11:36:00,7.978319,10.735685,6.6,4.21
T04,GL-4396,2026-03-13 11:37:00,7.979007,10.735868,7.8,5.07
T04,GL-4396,2026-03-13 11:38:00,7.9795,10.736008,12.0,5.42
T04,GL-4396,2026-03-13 11:39:00,7.980159,10.736006,7.0,3.02
T04,GL-4396,2026-03-13 11:40:00,7.980792,10.736304,8.3,5.49
T04,GL-4396,2026-03-13 11:41:00,7.981339,10.73633,5.7,3.12
T04,GL-4396,2026-03-13 11:42:00,7.981917,10.736532,5.7,4.01
T04,GL-4396,2026-03-13 11:43:00,7.982543,10.736523,10.8,4.06
T04,GL-4396,2026-03-13 11:44:00,7.983074,10.736775,4.4,3.94
T04,GL-4396,2026-03-13 11:45:00,7.983803,10.736806,8.9,3.78
T04,GL-4396,2026-03-13 11:46:00,7.984278,10.736813,8.8,4.06
T04,GL-4396,2026-03-13 11:47:00,7.984982,10.737016,9.9,4.84
T04,GL-4396,2026-03-13 11:48:00,7.985439,10.737288,8.6,3.23
T04,GL-4396,2026-03-13 11:49:00,7.986005,10.737331,11.3,3.41
T04,GL-4396,2026-03-13 11:50:00,7.986751,10.737529,11.0,3.52
T04,GL-4396,2026-03-13 11:51:00,7.987363,10.737559,8.4,3.49
T04,GL-4396,2026-03-13 11:52:00,7.987879,10.737691,6.8,3.13
T04,GL-4396,2026-03-13 11:53:00,7.988532,10.737799,4.4,3.81
T04,GL-4396,2026-03-13 11:54:00,7.989183,10.737945,9.1,4.69
T04,GL-4396,2026-03-13 11:55:00,7.989657,10.738085,6.3,3.35
T04,GL-4396,2026-03-13 11:56:00,7.990328,10.738252,9.1,3.25
T04,GL-4396,2026-03-13 11:57:00,7.990844,10.738368,5.1,5.4
T04,GL-4396,2026-03-13 11:58:00,7.991497,10.738467,4.3,5.38
T04,GL-4396,2026-03-13 11:59:00,7.992082,10.738603,4.8,3.09
T04,GL-4396,2026-03-13 12:00:00,7.992677,10.738646,10.2,3.16
T04,GL-4396,2026-03-13 12:01:00,7.993293,10.738749,7.4,3.77
T04,GL-4396,2026-03-13 12:02:00,7.993807,10.738983,9.0,3.25
T04,GL-4396,2026-03-13 12:03:00,7.994449,10.739111,7.3,3.53
T04,GL-4396,2026-03-13 12:04:00,7.994969,10.739146,,3.97
T04,GL-4396,2026-03-13 12:05:00,7.995824,10.739308,8.0,5.46
T04,GL-4396,2026-03-13 12:06:00,7.996416,10.739531,8.1,5.09
T04,GL-4396,2026-03-13 12:07:00,7.996912,10.739569,5.4,3.42
T04,GL-4396,2026-03-13 12:08:00,7.997464,10.739738,11.5,4.09
T04,GL-4396,2026-03-13 12:09:00,7.998043,10.739838,8.9,3.84
T04,GL-4396,2026-03-13 12:10:00,7.998698,10.740008,4.9,4.31
T04,GL-4396,2026-03-13 12:11:00,7.999317,10.74019,11.9,5.57
T04,GL-4396,2026-03-13 12:12:00,7.999786,10.740176,4.6,3.9
T04,GL-4396,2026-03-13 12:13:00,8.000374,10.74027,4.7,5.38
T04,GL-4396,2026-03-13 12:14:00,8.001128,10.740624,8.3,3.0
T04,GL-4396,2026-03-13 12:15:00,8.001651,10.740598,9.0,4.81
T04,GL-4396,2026-03-13 12:16:00,8.002214,10.740661,11.7,3.99
T04,GL-4396,2026-03-13 12:17:00,8.002802,10.740866,11.9,3.77
T04,GL-4396,2026-03-13 12:18:00,8.003508,10.740943,10.7,4.88
T04,GL-4396,2026-03-13 12:19:00,8.004021,10.741103,5.0,3.3
T04,GL-4396,2026-03-13 12:20:00,8.004656,10.741153,7.3,4.57
T04,GL-4396,2026-03-13 12:21:00,8.005294,10.74148,11.3,3.83
T04,GL-4396,2026-03-13 12:22:00,8.0058,10.741437,8.8,5.31
T04,GL-4396,2026-03-13 12:23:00,8.006526,10.741661,8.1,4.77
T04,GL-4396,2026-03-13 12:24:00,8.007101,10.741613,4.3,4.52
T04,GL-4396,2026-03-13 12:25:00,8.00769,10.74175,10.9,3.41
T04,GL-4396,2026-03-13 12:26:00,8.008242,10.741899,8.1,5.32
T04,GL-4396,2026-03-13 12:27:00,8.008866,10.742014,8.1,2.84
T04,GL-4396,2026-03-13 12:28:00,8.009431,10.742255,11.3,3.15
T04,GL-4396,2026-03-13 12:29:00,8.009904,10.742398,6.1,2.99
T04,GL-4396,2026-03-13 12:30:00,8.010665,10.742446,4.2,5.01
T04,GL-4396,2026-03-13 12:31:00,8.011212,10.742589,6.9,5.02
T04,GL-4396,2026-03-13 12:32:00,8.011882,10.742848,9.3,3.45
T04,GL-4396,2026-03-13 12:33:00,8.012398,10.742851,10.7,2.84
T04,GL-4396,2026-03-13 12:34:00,8.013109,10.742922,,2.98
T04,GL-4396,2026-03-13 12:35:00,8.013662,10.743058,5.9,5.28
T04,GL-4396,2026-03-13 12:36:00,8.014233,10.743255,4.1,5.0
T04,GL-4396,2026-03-13 12:37:00,8.014879,10.743361,11.0,4.04
T04,GL-4396,2026-03-13 12:38:00,8.015338,10.743578,6.1,4.82
T04,GL-4396,2026-03-13 12:39:00,8.016035,10.74367,,4.53
T04,GL-4396,2026-03-13 12:40:00,8.016684,10.743785,9.1,5.18
T04,GL-4396,2026-03-13 12:41:00,8.017224,10.743858,4.7,3.74
T04,GL-4396,2026-03-13 12:42:00,8.017834,10.744073,11.5,5.46
T04,GL-4396,2026-03-13 12:43:00,8.018352,10.744149,7.9,4.48
T04,GL-4396,2026-03-13 12:44:00,8.019164,10.744258,8.7,4.94
T04,GL-4396,2026-03-13 12:45:00,8.01957,10.744237,4.6,5.42
T04,GL-4396,2026-03-13 12:46:00,8.020232,10.744515,7.9,3.66
T04,GL-4396,2026-03-13 12:47:00,8.020904,10.74471,7.4,4.0
T04,GL-4396,2026-03-13 12:48:00,8.021503,10.744712,9.6,3.22
T04,GL-4396,2026-03-13 12:49:00,8.021967,10.744857,6.0,4.54
T04,GL-4396,2026-03-13 12:50:00,8.022641,10.744877,9.3,2.85
T04,GL-4396,2026-03-13 12:51:00,8.023116,10.74516,11.2,3.94
T04,GL-4396,2026-03-13 12:52:00,8.023911,10.745318,9.4,2.94
T04,GL-4396,2026-03-13 12:53:00,8.024533,10.74531,5.3,2.93
T04,GL-4396,2026-03-13 12:54:00,8.025058,10.745497,11.0,5.1
T04,GL-4396,2026-03-13 12:55:00,8.02563,10.745622,10.2,4.55
T04,GL-4396,2026-03-13 12:56:00,8.026159,10.745677,9.9,4.08
T04,GL-4396,2026-03-13 12:57:00,8.026797,10.745874,11.4,4.5
T04,GL-4396,2026-03-13 12:58:00,8.02741,10.745997,8.7,4.4
T04,GL-4396,2026-03-13 12:59:00,8.027936,10.746239,10.1,4.17
T04,GL-4396,2026-03-13 13:00:00,8.028517,10.746178,4.2,4.75
T04,GL-4396,2026-03-13 13:01:00,8.029279,10.746436,9.4,3.69
T04,GL-4396,2026-03-13 13:02:00,8.02975,10.74656,9.4,3.21
T04,GL-4396,2026-03-13 13:03:00,8.030427,10.746603,6.8,4.64
T04,GL-4396,2026-03-13 13:04:00,8.031053,10.746853,8.3,4.62
T04,GL-4396,2026-03-13 13:05:00,8.031565,10.746849,,4.77
T04,GL-4396,2026-03-13 13:06:00,8.032089,10.746976,10.2,3.82
T04,GL-4396,2026-03-13 13:07:00,8.032726,10.747001,8.4,4.9
T04,GL-4396,2026-03-13 13:08:00,8.033335,10.747187,9.0,3.04
T04,GL-4396,2026-03-13 13:09:00,8.033962,10.747406,4.9,5.46
T04,GL-4396,2026-03-13 13:10:00,8.034592,10.747585,5.0,3.12
T04,GL-4396,2026-03-13 13:11:00,8.035226,10.747661,11.3,4.1
T04,GL-4396,2026-03-13 13:12:00,8.035751,10.747811,9.3,4.3
T04,GL-4396,2026-03-13 13:13:00,8.03634,10.747753,11.6,3.54
T04,GL-4396,2026-03-13 13:14:00,8.036962,10.74802,4.4,5.11
T04,GL-4396,2026-03-13 13:15:00,8.037653,10.748091,11.6,4.49
T04,GL-4396,2026-03-13 13:16:00,8.038159,10.748247,9.4,3.51
T04,GL-4396,2026-03-13 13:17:00,8.038833,10.748381,4.2,4.48
T04,GL-4396,2026-03-13 13:18:00,8.039372,10.748477,7.6,4.67
T04,GL-4396,2026-03-13 13:19:00,8.039977,10.748622,8.9,3.99
T04,GL-4396,2026-03-13 13:20:00,8.040511,10.748651,9.3,4.96
T04,GL-4396,2026-03-13 13:21:00,8.041184,10.74889,9.7,4.39
T04,GL-4396,2026-03-13 13:22:00,8.041795,10.749024,9.8,5.01
T04,GL-4396,2026-03-13 13:23:00,8.042418,10.749071,4.2,3.7
T04,GL-4396,2026-03-13 13:24:00,8.043045,10.749255,9.1,5.53
T04,GL-4396,2026-03-13 13:25:00,8.04362,10.749389,6.2,3.7
T04,GL-4396,2026-03-13 13:26:00,8.044166,10.749582,11.9,3.76
T04,GL-4396,2026-03-13 13:27:00,8.04477,10.749553,9.1,5.03
T04,GL-4396,2026-03-13 13:28:00,8.045325,10.749747,5.9,4.96
T04,GL-4396,2026-03-13 13:29:00,8.045851,10.749848,5.4,3.41
T04,GL-4396,2026-03-13 13:30:00,8.08643,10.749988,9.4,355.42
T04,GL-4396,2026-03-13 13:31:00,8.047117,10.750134,8.5,4.59
T04,GL-4396,2026-03-13 13:32:00,8.047785,10.750232,8.4,4.05
T04,GL-4396,2026-03-13 13:33:00,8.048378,10.750372,9.5,4.4
T04,GL-4396,2026-03-13 13:34:00,8.048952,10.750494,10.5,3.4
T04,GL-4396,2026-03-13 13:35:00,8.049483,10.750636,10.1,4.52
T04,GL-4396,2026-03-13 13:36:00,8.050188,10.750845,7.6,2.99
T04,GL-4396,2026-03-13 13:37:00,8.05072,10.750996,5.9,3.33
T04,GL-4396,2026-03-13 13:38:00,8.051401,10.750977,11.1,5.25
T04,GL-4396,2026-03-13 13:39:00,8.051897,10.751061,10.0,3.87
T04,GL-4396,2026-03-13 13:40:00,8.052489,10.751262,11.4,5.56
T04,GL-4396,2026-03-13 13:41:00,8.053178,10.751401,11.8,3.63
T04,GL-4396,2026-03-13 13:42:00,8.053675,10.751537,6.3,4.23
T04,GL-4396,2026-03-13 13:43:00,8.054331,10.751645,9.9,4.75
T04,GL-4396,2026-03-13 13:44:00,8.054849,10.751779,5.6,5.02
T04,GL-4396,2026-03-13 13:45:00,8.055504,10.751977,7.7,4.94
T04,GL-4396,2026-03-13 13:46:00,8.056191,10.752084,10.5,3.03
T04,GL-4396,2026-03-13 13:47:00,8.056755,10.752176,8.7,4.12
T04,GL-4396,2026-03-13 13:48:00,8.057286,10.752351,10.3,3.92
T04,GL-4396,2026-03-13 13:49:00,8.05783,10.752481,6.2,3.83
T04,GL-4396,2026-03-13 13:50:00,8.05861,10.752553,6.1,3.58
T04,GL-4396,2026-03-13 13:51:00,8.059112,10.752593,6.3,4.88
T04,GL-4396,2026-03-13 13:52:00,8.059749,10.752824,10.8,4.56
T04,GL-4396,2026-03-13 13:53:00,8.060351,10.752906,5.0,5.07
T04,GL-4396,2026-03-13 13:54:00,8.060938,10.753056,9.9,4.86
T04,GL-4396,2026-03-13 13:55:00,8.061554,10.753061,4.4,5.42
T04,GL-4396,2026-03-13 13:56:00,8.06218,10.753259,9.1,3.51
T04,GL-4396,2026-03-13 13:57:00,8.062685,10.753337,11.9,5.5
T04,GL-4396,2026-03-13 13:58:00,8.063221,10.753475,4.9,3.93
T04,GL-4396,2026-03-13 13:59:00,8.063891,10.753607,,3.2
T04,GL-4396,2026-03-13 14:00:00,8.064515,10.753718,10.9,3.2
T04,GL-4396,2026-03-13 14:01:00,8.064982,10.753926,10.8,5.41
T04,GL-4396,2026-03-13 14:02:00,8.065753,10.754059,4.5,3.15
T04,GL-4396,2026-03-13 14:03:00,8.066308,10.754236,8.9,5.47
T04,GL-4396,2026-03-13 14:04:00,8.066904,10.75422,9.9,4.55
T04,GL-4396,2026-03-13 14:05:00,8.067523,10.754454,8.4,3.86
T04,GL-4396,2026-03-13 14:06:00,8.06819,10.754566,10.0,4.94
T04,GL-4396,2026-03-13 14:07:00,8.068633,10.754583,4.6,3.58
T04,GL-4396,2026-03-13 14:08:00,8.069183,10.754697,11.1,2.81
T04,GL-4396,2026-03-13 14:09:00,8.069913,10.754987,6.4,4.01
T04,GL-4396,2026-03-13 14:10:00,8.070421,10.755089,9.6,2.88
T04,GL-4396,2026-03-13 14:11:00,8.071232,10.755271,8.7,3.34
T04,GL-4396,2026-03-13 14:12:00,8.071762,10.755242,10.2,4.13
T04,GL-4396,2026-03-13 14:13:00,8.072208,10.755433,10.0,3.24
T04,GL-4396,2026-03-13 14:14:00,8.072821,10.755534,8.4,3.42
T04,GL-4396,2026-03-13 14:15:00,8.073487,10.755643,11.2,2.91
T04,GL-4396,2026-03-13 14:16:00,8.074113,10.755835,4.5,5.1
T04,GL-4396,2026-03-13 14:17:00,8.074582,10.75602,10.9,4.55
T04,GL-4396,2026-03-13 14:18:00,8.075234,10.755965,8.1,5.06
T04,GL-4396,2026-03-13 14:19:00,8.076018,10.756112,12.0,5.22
T04,GL-4396,2026-03-13 14:20:00,8.076395,10.756262,4.6,4.5
T04,GL-4396,2026-03-13 14:21:00,8.076972,10.756351,5.6,3.87
T04,GL-4396,2026-03-13 14:22:00,8.077629,10.756405,8.9,4.81
T04,GL-4396,2026-03-13 14:23:00,8.078273,10.756666,11.6,3.66
T04,GL-4396,2026-03-13 14:24:00,8.078948,10.756923,11.1,4.12
T04,GL-4396,2026-03-13 14:25:00,8.07946,10.756866,11.7,3.25
T04,GL-4396,2026-03-13 14:26:00,8.080102,10.757044,10.1,5.24
T04,GL-4396,2026-03-13 14:27:00,8.080665,10.757239,11.3,5.54
T04,GL-4396,2026-03-13 14:28:00,8.081272,10.75733,4.5,4.08
T04,GL-4396,2026-03-13 14:29:00,8.081819,10.757393,11.3,4.03
T04,GL-4396,2026-03-13 14:30:00,8.082413,10.757562,6.1,4.51
T04,GL-4396,2026-03-13 14:31:00,8.082983,10.757628,11.3,4.93
T04,GL-4396,2026-03-13 14:32:00,8.083587,10.757835,,4.38
T04,GL-4396,2026-03-13 14:33:00,8.084297,10.758034,10.5,3.02
T04,GL-4396,2026-03-13 14:34:00,8.084912,10.758003,11.1,4.75
T04,GL-4396,2026-03-13 14:35:00,8.085473,10.758169,8.8,3.23
T04,GL-4396,2026-03-13 14:36:00,8.086027,10.758323,11.9,4.51
T04,GL-4396,2026-03-13 14:37:00,8.086545,10.758435,10.9,5.13
T04,GL-4396,2026-03-13 14:38:00,8.087256,10.758479,8.3,4.65
T04,GL-4396,2026-03-13 14:39:00,8.087759,10.758643,9.6,5.18
T04,GL-4396,2026-03-13 14:40:00,8.088365,10.75883,9.6,3.46
T04,GL-4396,2026-03-13 14:41:00,8.08913,10.758937,5.6,3.65
T04,GL-4396,2026-03-13 14:42:00,8.089604,10.759154,11.9,5.53
T04,GL-4396,2026-03-13 14:43:00,8.09026,10.759136,9.1,4.41
T04,GL-4396,2026-03-13 14:44:00,8.090726,10.759175,,5.05
T04,GL-4396,2026-03-13 14:45:00,8.091483,10.759293,5.2,4.31
T04,GL-4396,2026-03-13 14:46:00,8.092034,10.759389,6.7,4.92
T04,GL-4396,2026-03-13 14:47:00,8.092654,10.759678,7.9,3.47
T04,GL-4396,2026-03-13 14:48:00,8.093156,10.759735,8.7,4.61
T04,GL-4396,2026-03-13 14:49:00,8.093798,10.759877,4.1,4.59
T04,GL-4396,2026-03-13 14:50:00,8.094297,10.760002,8.0,4.28
T04,GL-4396,2026-03-13 14:51:00,8.09489,10.760085,11.9,3.48
T04,GL-4396,2026-03-13 14:52:00,8.095603,10.760378,9.2,4.02
T04,GL-4396,2026-03-13 14:53:00,8.096053,10.760496,11.4,2.83
T04,GL-4396,2026-03-13 14:54:00,8.096839,10.760684,6.1,5.5
T04,GL-4396,2026-03-13 14:55:00,8.09746,10.760625,5.3,4.73
T04,GL-4396,2026-03-13 14:56:00,8.097907,10.760771,6.6,4.42
T04,GL-4396,2026-03-13 14:57:00,8.098572,10.760984,5.0,4.52
T04,GL-4396,2026-03-13 14:58:00,8.099246,10.760991,10.0,3.19
T04,GL-4396,2026-03-13 14:59:00,8.099863,10.761153,6.5,4.08
T04,GL-4396,2026-03-13 15:00:00,8.100295,10.761237,10.9,4.0
T04,GL-4396,2026-03-13 15:01:00,8.10094,10.761441,5.7,5.36
T04,GL-4396,2026-03-13 15:02:00,8.101734,10.761512,9.1,5.32
T04,GL-4396,2026-03-13 15:03:00,8.102163,10.761646,4.6,3.24
T04,GL-4396,2026-03-13 15:04:00,8.102823,10.761813,6.8,5.23
T04,GL-4396,2026-03-13 15:05:00,8.103368,10.761945,9.8,5.28
T04,GL-4396,2026-03-13 15:06:00,8.103808,10.761996,4.3,4.28
T04,GL-4396,2026-03-13 15:07:00,8.104677,10.762195,11.1,4.71
T04,GL-4396,2026-03-13 15:08:00,8.105214,10.762239,11.3,4.54
T04,GL-4396,2026-03-13 15:09:00,8.105767,10.762454,8.7,4.08
T04,GL-4396,2026-03-13 15:10:00,8.106352,10.762518,9.0,4.48
T04,GL-4396,2026-03-13 15:11:00,8.10697,10.76275,5.2,5.59
T04,GL-4396,2026-03-13 15:12:00,8.107567,10.762766,4.6,3.37
T04,GL-4396,2026-03-13 15:13:00,8.10821,10.763021,4.3,3.42
T04,GL-4396,2026-03-13 15:14:00,8.108711,10.763077,4.8,4.64
T04,GL-4396,2026-03-13 15:15:00,8.109354,10.763278,4.9,2.85
T04,GL-4396,2026-03-13 15:16:00,8.109986,10.763278,4.0,3.79
T04,GL-4396,2026-03-13 15:17:00,8.110451,10.763579,7.3,4.4
T04,GL-4396,2026-03-13 15:18:00,8.111148,10.763621,10.9,3.03
T04,GL-4396,2026-03-13 15:19:00,8.111736,10.763658,8.8,3.47
T04,GL-4396,2026-03-13 15:20:00,8.11237,10.763931,7.5,4.11
T04,GL-4396,2026-03-13 15:21:00,8.112824,10.764042,4.2,3.19
T04,GL-4396,2026-03-13 15:22:00,8.113577,10.764093,5.6,5.34
T04,GL-4396,2026-03-13 15:23:00,8.11418,10.764252,9.2,5.06
T04,GL-4396,2026-03-13 15:24:00,8.114693,10.764316,9.5,5.5
T04,GL-4396,2026-03-13 15:25:00,8.115459,10.764431,10.3,5.42
T04,GL-4396,2026-03-13 15:26:00,8.116003,10.764588,8.7,4.01
T04,GL-4396,2026-03-13 15:27:00,8.11656,10.764702,7.0,4.6
T04,GL-4396,2026-03-13 15:28:00,8.117074,10.764787,7.1,2.88
T04,GL-4396,2026-03-13 15:29:00,8.117759,10.764904,10.4,5.01
T04,GL-4396,2026-03-13 15:30:00,8.118436,10.76505,10.8,4.99
T04,GL-4396,2026-03-13 15:31:00,8.118936,10.765262,10.4,2.99
T04,GL-4396,2026-03-13 15:32:00,8.119554,10.765381,11.9,4.94
T04,GL-4396,2026-03-13 15:33:00,8.120099,10.765427,11.0,4.64
T04,GL-4396,2026-03-13 15:34:00,8.120746,10.765505,10.7,4.13
T04,GL-4396,2026-03-13 15:35:00,8.121258,10.765639,10.3,5.39
T04,GL-4396,2026-03-13 15:36:00,8.121951,10.765802,9.8,5.3
T04,GL-4396,2026-03-13 15:37:00,8.122568,10.766114,5.7,4.68
T04,GL-4396,2026-03-13 15:38:00,8.123124,10.766132,8.6,3.48
T04,GL-4396,2026-03-13 15:39:00,8.123689,10.766139,5.4,5.54
T04,GL-4396,2026-03-13 15:40:00,8.124289,10.766326,5.1,3.38
T04,GL-4396,2026-03-13 15:41:00,8.124883,10.766581,6.8,3.37
T04,GL-4396,2026-03-13 15:42:00,8.125595,10.766607,10.5,5.33
T04,GL-4396,2026-03-13 15:43:00,8.126178,10.766685,11.0,4.04
T04,GL-4396,2026-03-13 15:44:00,8.126745,10.766876,8.8,3.84
T04,GL-4396,2026-03-13 15:45:00,8.127275,10.766934,5.4,3.64
T04,GL-4396,2026-03-13 15:46:00,8.127979,10.767143,5.4,5.1
T04,GL-4396,2026-03-13 15:47:00,8.128434,10.76721,5.2,3.6
T04,GL-4396,2026-03-13 15:48:00,8.129169,10.767405,,2.86
T04,GL-4396,2026-03-13 15:49:00,8.129616,10.76754,8.8,3.3
T04,GL-4396,2026-03-13 15:50:00,8.130369,10.767505,9.4,2.85
T04,GL-4396,2026-03-13 15:51:00,8.130834,10.767722,8.8,3.08
T04,GL-4396,2026-03-13 15:52:00,8.13156,10.767816,6.6,3.98
T04,GL-4396,2026-03-13 15:53:00,8.13204,10.767988,5.0,5.13
T04,GL-4396,2026-03-13 15:54:00,8.132613,10.768032,7.4,4.67
T04,GL-4396,2026-03-13 15:55:00,8.133225,10.768318,9.7,4.12
T04,GL-4396,2026-03-13 15:56:00,8.133877,10.7683,7.6,4.66
T04,GL-4396,2026-03-13 15:57:00,8.134605,10.768574,6.5,5.05
T04,GL-4396,2026-03-13 15:58:00,8.135023,10.768703,9.1,3.57
T04,GL-4396,2026-03-13 15:59:00,8.135673,10.768741,4.0,3.12
T04,GL-4396,2026-03-13 16:00:00,8.136294,10.768819,6.3,2.92
T04,GL-4396,2026-03-13 16:01:00,8.136962,10.768883,11.0,3.44
T04,GL-4396,2026-03-13 16:02:00,8.137489,10.769087,10.4,3.86
T04,GL-4396,2026-03-13 16:03:00,8.138062,10.769182,8.0,5.18
T04,GL-4396,2026-03-13 16:04:00,8.138781,10.769384,9.0,3.9
T04,GL-4396,2026-03-13 16:05:00,8.139224,10.769554,6.9,5.32
T04,GL-4396,2026-03-13 16:06:00,8.139945,10.76964,4.9,4.27
T04,GL-4396,2026-03-13 16:07:00,8.140615,10.769637,9.9,3.45
T04,GL-4396,2026-03-13 16:08:00,8.140966,10.769847,4.9,3.36
T04,GL-4396,2026-03-13 16:09:00,8.141679,10.769919,9.6,3.05
T04,GL-4396,2026-03-13 16:10:00,8.14217,10.770155,9.0,5.45
T04,GL-4396,2026-03-13 16:11:00,8.142856,10.770142,5.8,4.48
T04,GL-4396,2026-03-13 16:12:00,8.143537,10.770273,10.1,5.4
T04,GL-4396,2026-03-13 16:13:00,8.144109,10.770483,8.0,5.11
T04,GL-4396,2026-03-13 16:14:00,8.144674,10.770625,11.4,3.02
T04,GL-4396,2026-03-13 16:15:00,8.145229,10.770745,6.0,4.76
T04,GL-4396,2026-03-13 16:16:00,8.145775,10.770838,8.6,2.81
T04,GL-4396,2026-03-13 16:17:00,8.146531,10.770891,6.1,4.31
T04,GL-4396,2026-03-13 16:18:00,8.147063,10.77121,10.8,3.99
T04,GL-4396,2026-03-13 16:19:00,8.147677,10.771201,11.6,5.14
T04,GL-4396,2026-03-13 16:20:00,8.148223,10.771313,9.6,3.25
T04,GL-4396,2026-03-13 16:21:00,8.148811,10.77156,10.7,4.51
T04,GL-4396,2026-03-13 16:22:00,8.149437,10.771607,9.2,3.06
T04,GL-4396,2026-03-13 16:23:00,8.15012,10.771701,9.4,3.24
T04,GL-4396,2026-03-13 16:24:00,8.150668,10.771929,6.5,2.92
T04,GL-4396,2026-03-13 16:25:00,8.151286,10.772002,6.4,5.28
T04,GL-4396,2026-03-13 16:26:00,8.151889,10.77215,8.9,4.28
T04,GL-4396,2026-03-13 16:27:00,8.152576,10.772218,4.5,4.56
T04,GL-4396,2026-03-13 16:28:00,8.153014,10.772336,10.2,3.78
T04,GL-4396,2026-03-13 16:29:00,8.153653,10.772491,9.4,3.66
T04,GL-4396,2026-03-13 16:30:00,8.154237,10.772673,11.1,4.68
T04,GL-4396,2026-03-13 16:31:00,8.154806,10.772908,9.8,2.92
T04,GL-4396,2026-03-13 16:32:00,8.155493,10.77289,11.1,5.36
T04,GL-4396,2026-03-13 16:33:00,8.156018,10.773033,6.6,3.11
T04,GL-4396,2026-03-13 16:34:00,8.156654,10.773058,6.3,5.02
T04,GL-4396,2026-03-13 16:35:00,8.157294,10.773258,7.6,5.54
T04,GL-4396,2026-03-13 16:36:00,8.157895,10.773301,11.6,4.74
T04,GL-4396,2026-03-13 16:37:00,8.158401,10.773566,11.8,3.21
T04,GL-4396,2026-03-13 16:38:00,8.159028,10.773517,10.0,2.88
T04,GL-4396,2026-03-13 16:39:00,8.159599,10.773715,10.7,4.9
T04,GL-4396,2026-03-13 16:40:00,8.160284,10.773876,11.9,3.65
T04,GL-4396,2026-03-13 16:41:00,8.160965,10.77398,10.6,5.26
T04,GL-4396,2026-03-13 16:42:00,8.161408,10.774137,10.6,3.35
T04,GL-4396,2026-03-13 16:43:00,8.162016,10.774309,6.2,4.87
T04,GL-4396,2026-03-13 16:44:00,8.16267,10.774348,5.9,3.79
T04,GL-4396,2026-03-13 16:45:00,8.163129,10.774515,7.8,4.14
T04,GL-4396,2026-03-13 16:46:00,8.163825,10.774622,7.4,4.49
T04,GL-4396,2026-03-13 16:47:00,8.164502,10.774748,4.4,5.46
T04,GL-4396,2026-03-13 16:48:00,8.165032,10.774931,7.3,5.13
T04,GL-4396,2026-03-13 16:49:00,8.165589,10.774998,5.0,5.27
T04,GL-4396,2026-03-13 16:50:00,8.166146,10.775106,5.1,3.08
T04,GL-4396,2026-03-13 16:51:00,8.166782,10.775302,6.2,3.35
T04,GL-4396,2026-03-13 16:52:00,8.167504,10.775482,8.7,5.48
T04,GL-4396,2026-03-13 16:53:00,8.168029,10.775404,5.0,3.32
T04,GL-4396,2026-03-13 16:54:00,8.168594,10.775546,7.4,2.82
T04,GL-4396,2026-03-13 16:55:00,8.16925,10.775872,11.0,4.86
T04,GL-4396,2026-03-13 16:56:00,8.169812,10.775851,9.6,4.91
T04,GL-4396,2026-03-13 16:57:00,8.170401,10.776069,5.0,4.65
T04,GL-4396,2026-03-13 16:58:00,8.170966,10.776231,10.1,4.81
T04,GL-4396,2026-03-13 16:59:00,8.171602,10.776334,4.1,4.85
T04,GL-4396,2026-03-13 17:00:00,8.172177,10.776529,7.6,3.34
T04,GL-4396,2026-03-13 17:01:00,8.172735,10.776381,9.3,3.92
T04,GL-4396,2026-03-13 17:02:00,8.173505,10.776709,6.9,5.28
T04,GL-4396,2026-03-13 17:03:00,8.173957,10.776835,4.3,5.04
T04,GL-4396,2026-03-13 17:04:00,8.174629,10.776807,9.8,3.78
T04,GL-4396,2026-03-13 17:05:00,8.175239,10.777035,9.8,5.57
T04,GL-4396,2026-03-13 17:06:00,8.175751,10.777149,7.8,3.81
T04,GL-4396,2026-03-13 17:07:00,8.176384,10.777356,10.9,5.39
T04,GL-4396,2026-03-13 17:08:00,8.177075,10.777373,4.2,2.92
T04,GL-4396,2026-03-13 17:09:00,8.177534,10.777514,5.0,3.84
T04,GL-4396,2026-03-13 17:10:00,8.178065,10.777566,6.8,3.4
T04,GL-4396,2026-03-13 17:11:00,8.178774,10.77773,6.0,5.25
T04,GL-4396,2026-03-13 17:12:00,8.179439,10.777837,11.2,5.31
T04,GL-4396,2026-03-13 17:13:00,8.180084,10.777988,4.4,5.55
T04,GL-4396,2026-03-13 17:14:00,8.180541,10.778174,8.8,3.13
T04,GL-4396,2026-03-13 17:15:00,8.181208,10.778187,9.7,2.98
T04,GL-4396,2026-03-13 17:16:00,8.181757,10.778451,5.3,2.88
T04,GL-4396,2026-03-13 17:17:00,8.18224,10.778507,4.3,5.33
T04,GL-4396,2026-03-13 17:18:00,8.182957,10.778649,6.0,4.2
T04,GL-4396,2026-03-13 17:19:00,8.183656,10.778711,8.6,2.83
T04,GL-4396,2026-03-13 17:20:00,8.184189,10.778878,5.5,4.08
T04,GL-4396,2026-03-13 17:21:00,8.184801,10.778929,9.6,4.42
T04,GL-4396,2026-03-13 17:22:00,8.185365,10.779205,9.7,2.96
T04,GL-4396,2026-03-13 17:23:00,8.185887,10.779257,5.7,4.48
T04,GL-4396,2026-03-13 17:24:00,8.186517,10.779438,8.5,3.98
T04,GL-4396,2026-03-13 17:25:00,8.187093,10.779519,9.3,5.43
T04,GL-4396,2026-03-13 17:26:00,8.187787,10.779685,8.8,4.29
T04,GL-4396,2026-03-13 17:27:00,8.188366,10.779702,7.1,4.12
T04,GL-4396,2026-03-13 17:28:00,8.188944,10.779905,8.3,2.89
T04,GL-4396,2026-03-13 17:29:00,8.189463,10.78005,5.3,3.4
T04,GL-4396,2026-03-13 17:30:00,8.190106,10.780338,10.8,3.8
T04,GL-4396,2026-03-13 17:31:00,8.190685,10.78032,11.1,4.46
T04,GL-4396,2026-03-13 17:32:00,8.191327,10.780384,8.2,3.17
T04,GL-4396,2026-03-13 17:33:00,8.191901,10.78053,11.1,3.0
T04,GL-4396,2026-03-13 17:34:00,8.192511,10.780695,9.5,2.97
T04,GL-4396,2026-03-13 17:35:00,8.193108,10.780842,4.3,5.47
T04,GL-4396,2026-03-13 17:36:00,8.193735,10.78083,6.9,3.71
T04,GL-4396,2026-03-13 17:37:00,8.194303,10.780927,11.7,3.44
T04,GL-4396,2026-03-13 17:38:00,8.194963,10.781168,10.9,2.84
T04,GL-4396,2026-03-13 17:39:00,8.195485,10.781151,10.1,3.81
T04,GL-4396,2026-03-13 17:40:00,8.196095,10.781378,8.7,3.02
T04,GL-4396,2026-03-13 17:41:00,8.196858,10.781617,8.8,3.85
T04,GL-4396,2026-03-13 17:42:00,8.197443,10.781752,10.5,3.44
T04,GL-4396,2026-03-13 17:43:00,8.19797,10.781745,9.1,3.61
T04,GL-4396,2026-03-13 17:44:00,8.198432,10.781988,8.0,4.39
T04,GL-4396,2026-03-13 17:45:00,8.198462,10.781839,11.0,0.72
T04,GL-4396,2026-03-13 17:46:00,8.198293,10.781829,5.2,0.83
T04,GL-4396,2026-03-13 17:47:00,8.198484,10.781829,5.3,0.29
T04,GL-4396,2026-03-13 17:48:00,8.198392,10.781911,7.6,0.07
T04,GL-4396,2026-03-13 17:49:00,8.198734,10.78188,5.6,0.84
T04,GL-4396,2026-03-13 17:50:00,8.198433,10.781858,7.6,0.81
T04,GL-4396,2026-03-13 17:51:00,8.19849,10.781889,11.3,0.1
T04,GL-4396,2026-03-13 17:52:00,8.19872,10.781938,8.5,0.17
T04,GL-4396,2026-03-13 17:53:00,8.198538,10.781834,7.3,0.47
T04,GL-4396,2026-03-13 17:54:00,8.198483,10.78192,4.9,0.72
T04,GL-4396,2026-03-13 17:55:00,8.198532,10.781912,10.0,0.49
T04,GL-4396,2026-03-13 17:56:00,8.198519,10.781894,5.3,0.65
T04,GL-4396,2026-03-13 17:57:00,8.198549,10.781877,7.4,0.39
T04,GL-4396,2026-03-13 17:58:00,8.198586,10.781941,8.1,0.66
T04,GL-4396,2026-03-13 17:59:00,8.19856,10.781975,9.6,0.19
T04,GL-4396,2026-03-13 18:00:00,8.198636,10.781941,10.5,0.56
T04,GL-4396,2026-03-13 18:01:00,8.198428,10.781939,6.0,0.43
T04,GL-4396,2026-03-13 18:02:00,8.198576,10.781804,11.4,0.2
T04,GL-4396,2026-03-13 18:03:00,8.198595,10.781955,10.1,0.65
T04,GL-4396,2026-03-13 18:04:00,8.19851,10.781725,11.4,0.01
T04,GL-4396,2026-03-13 18:05:00,8.198521,10.781854,4.7,0.32
T04,GL-4396,2026-03-13 18:06:00,8.198383,10.78196,10.8,0.76
T04,GL-4396,2026-03-13 18:07:00,8.19861,10.781875,6.9,0.82
T04,GL-4396,2026-03-13 18:08:00,8.198487,10.78186,9.1,0.31
T04,GL-4396,2026-03-13 18:09:00,8.198487,10.781977,4.1,0.72
T04,GL-4396,2026-03-13 18:10:00,8.198565,10.782039,8.0,0.21
T04,GL-4396,2026-03-13 18:11:00,8.198615,10.781811,5.6,0.31
T04,GL-4396,2026-03-13 18:12:00,8.197927,10.781803,7.0,3.37
T04,GL-4396,2026-03-13 18:13:00,8.197236,10.781826,6.2,3.41
T04,GL-4396,2026-03-13 18:14:00,8.196577,10.781682,5.9,2.86
T04,GL-4396,2026-03-13 18:15:00,8.195929,10.78167,4.5,4.87
T04,GL-4396,2026-03-13 18:16:00,8.195429,10.781488,6.6,3.84
T04,GL-4396,2026-03-13 18:17:00,8.194793,10.781572,5.3,3.27
T04,GL-4396,2026-03-13 18:18:00,8.194037,10.781542,10.4,2.85
T04,GL-4396,2026-03-13 18:19:00,8.193431,10.781298,8.0,3.23
T04,GL-4396,2026-03-13 18:20:00,8.192862,10.781293,10.0,5.46
T04,GL-4396,2026-03-13 18:21:00,8.192196,10.781402,8.8,3.7
T04,GL-4396,2026-03-13 18:22:00,8.191609,10.7812,10.5,2.83
T04,GL-4396,2026-03-13 18:23:00,8.190975,10.781103,4.4,3.1
T04,GL-4396,2026-03-13 18:24:00,8.190376,10.781171,5.8,4.91
T04,GL-4396,2026-03-13 18:25:00,8.189696,10.781098,9.4,3.34
T04,GL-4396,2026-03-13 18:26:00,8.189087,10.78097,5.9,3.25
T04,GL-4396,2026-03-13 18:27:00,8.188521,10.780848,4.1,5.34
T04,GL-4396,2026-03-13 18:28:00,8.187868,10.78088,6.7,3.93
T04,GL-4396,2026-03-13 18:29:00,8.187203,10.780806,6.8,4.11
T04,GL-4396,2026-03-13 18:30:00,8.18653,10.780735,7.8,2.85
T04,GL-4396,2026-03-13 18:31:00,8.185897,10.780644,7.1,5.23
T04,GL-4396,2026-03-13 18:32:00,8.234717,10.780622,10.7,173.08
T04,GL-4396,2026-03-13 18:33:00,8.184807,10.780518,5.6,3.62
T04,GL-4396,2026-03-13 18:34:00,8.184106,10.78055,7.5,2.91
T04,GL-4396,2026-03-13 18:35:00,8.183378,10.780414,6.8,4.45
T04,GL-4396,2026-03-13 18:36:00,8.182874,10.780347,6.8,4.8
T04,GL-4396,2026-03-13 18:37:00,8.18218,10.780387,6.4,4.71
T04,GL-4396,2026-03-13 18:38:00,8.181587,10.780281,7.7,3.86
T04,GL-4396,2026-03-13 18:39:00,8.18106,10.780215,7.9,5.48
T04,GL-4396,2026-03-13 18:40:00,8.180375,10.780041,7.3,4.58
T04,GL-4396,2026-03-13 18:41:00,8.179719,10.780038,5.7,5.15
T04,GL-4396,2026-03-13 18:42:00,8.179094,10.779992,5.8,5.46
T04,GL-4396,2026-03-13 18:43:00,8.178539,10.779975,5.0,2.81
T04,GL-4396,2026-03-13 18:44:00,8.1778,10.780023,11.1,4.4
T04,GL-4396,2026-03-13 18:45:00,8.177292,10.779847,10.9,3.16
T04,GL-4396,2026-03-13 18:46:00,8.17668,10.77977,4.1,3.37
T04,GL-4396,2026-03-13 18:47:00,8.17582,10.779687,6.6,4.42
T04,GL-4396,2026-03-13 18:48:00,8.175264,10.77959,5.4,3.83
T04,GL-4396,2026-03-13 18:49:00,8.1747,10.779605,10.0,3.58
T04,GL-4396,2026-03-13 18:50:00,8.174052,10.779385,4.8,3.01
T04,GL-4396,2026-03-13 18:51:00,8.17358,10.779473,6.9,3.8
T04,GL-4396,2026-03-13 18:52:00,8.172833,10.779334,5.4,4.72
T04,GL-4396,2026-03-13 18:53:00,8.172149,10.7795,4.8,4.63
T04,GL-4396,2026-03-13 18:54:00,8.171649,10.77926,5.4,3.26
T04,GL-4396,2026-03-13 18:55:00,8.17088,10.779229,4.7,3.03
T04,GL-4396,2026-03-13 18:56:00,8.170352,10.779091,10.6,3.59
T04,GL-4396,2026-03-13 18:57:00,8.169658,10.779009,10.6,4.47
T04,GL-4396,2026-03-13 18:58:00,8.169014,10.778976,7.6,2.81
T04,GL-4396,2026-03-13 18:59:00,8.168467,10.778925,7.3,5.18
T04,GL-4396,2026-03-13 19:00:00,8.16779,10.778934,10.2,4.58
T04,GL-4396,2026-03-13 19:01:00,8.167211,10.778769,9.0,3.89
T04,GL-4396,2026-03-13 19:02:00,8.166584,10.778768,4.2,5.27
T04,GL-4396,2026-03-13 19:03:00,8.165933,10.778637,11.1,4.55
T04,GL-4396,2026-03-13 19:04:00,8.165322,10.778602,5.1,5.15
T04,GL-4396,2026-03-13 19:05:00,8.16468,10.778618,7.6,3.86
T04,GL-4396,2026-03-13 19:06:00,8.164144,10.778519,9.7,3.57
T04,GL-4396,2026-03-13 19:07:00,8.163459,10.778538,7.2,2.92
T04,GL-4396,2026-03-13 19:08:00,8.162703,10.778396,7.7,3.95
T04,GL-4396,2026-03-13 19:09:00,8.162158,10.778503,11.6,4.69
T04,GL-4396,2026-03-13 19:10:00,8.16151,10.778339,6.8,3.0
T04,GL-4396,2026-03-13 19:11:00,8.160968,10.778283,5.6,3.89
T04,GL-4396,2026-03-13 19:12:00,8.160363,10.778091,10.8,3.33
T04,GL-4396,2026-03-13 19:13:00,8.15963,10.778088,10.3,4.46
T04,GL-4396,2026-03-13 19:14:00,8.159123,10.778045,8.0,3.75
T04,GL-4396,2026-03-13 19:15:00,8.158326,10.777879,8.4,4.36
T04,GL-4396,2026-03-13 19:16:00,8.157756,10.777955,10.7,4.37
T04,GL-4396,2026-03-13 19:17:00,8.157108,10.777806,4.2,4.87
T04,GL-4396,2026-03-13 19:18:00,8.156565,10.777674,10.7,4.18
T04,GL-4396,2026-03-13 19:19:00,8.155958,10.777709,,4.7
T04,GL-4396,2026-03-13 19:20:00,8.155234,10.777651,7.2,3.18
T04,GL-4396,2026-03-13 19:21:00,8.154591,10.777703,4.9,4.77
T04,GL-4396,2026-03-13 19:22:00,8.154049,10.777564,8.6,3.58
T04,GL-4396,2026-03-13 19:23:00,8.153348,10.777431,6.1,2.81
T04,GL-4396,2026-03-13 19:24:00,8.152867,10.777342,4.4,2.85
T04,GL-4396,2026-03-13 19:25:00,8.152193,10.777466,8.6,2.9
T04,GL-4396,2026-03-13 19:26:00,8.151537,10.777291,5.6,3.75
T04,GL-4396,2026-03-13 19:27:00,8.150979,10.777247,11.0,5.16
T04,GL-4396,2026-03-13 19:28:00,8.150338,10.77721,6.1,2.96
T04,GL-4396,2026-03-13 19:29:00,8.149647,10.777106,5.0,5.09
T04,GL-4396,2026-03-13 19:30:00,8.149055,10.777104,9.2,5.35
T04,GL-4396,2026-03-13 19:31:00,8.148396,10.777008,9.3,3.34
T04,GL-4396,2026-03-13 19:32:00,8.147743,10.776933,4.8,4.59
T04,GL-4396,2026-03-13 19:33:00,8.147206,10.776792,11.2,3.21
T04,GL-4396,2026-03-13 19:34:00,8.146455,10.776774,4.3,4.77
T04,GL-4396,2026-03-13 19:35:00,8.145866,10.776798,9.4,5.57
T04,GL-4396,2026-03-13 19:36:00,8.145314,10.776721,5.6,5.25
T04,GL-4396,2026-03-13 19:37:00,8.144544,10.776568,10.5,3.99
T04,GL-4396,2026-03-13 19:38:00,8.144101,10.776563,10.6,4.86
T04,GL-4396,2026-03-13 19:39:00,8.143351,10.776507,11.5,5.34
T04,GL-4396,2026-03-13 19:40:00,8.142758,10.776471,7.2,3.58
T04,GL-4396,2026-03-13 19:41:00,8.142145,10.776424,7.8,3.23
T04,GL-4396,2026-03-13 19:42:00,8.141491,10.776326,4.0,5.38
T04,GL-4396,2026-03-13 19:43:00,8.140953,10.776326,6.7,3.57
T04,GL-4396,2026-03-13 19:44:00,8.140321,10.776177,8.9,4.22
T04,GL-4396,2026-03-13 19:45:00,8.139578,10.776098,9.0,4.3
T04,GL-4396,2026-03-13 19:46:00,8.139062,10.776088,9.9,2.97
T04,GL-4396,2026-03-13 19:47:00,8.138361,10.775997,4.3,3.42
T04,GL-4396,2026-03-13 19:48:00,8.137783,10.776015,8.6,5.41
T04,GL-4396,2026-03-13 19:49:00,8.137138,10.775895,7.0,5.03
T04,GL-4396,2026-03-13 19:50:00,8.136546,10.775808,5.4,3.54
T04,GL-4396,2026-03-13 19:51:00,8.13584,10.77593,4.2,3.08
T04,GL-4396,2026-03-13 19:52:00,8.135337,10.77585,10.3,3.24
T04,GL-4396,2026-03-13 19:53:00,8.134636,10.775739,6.5,3.55
T04,GL-4396,2026-03-13 19:54:00,8.134052,10.775619,5.7,3.96
T04,GL-4396,2026-03-13 19:55:00,8.133343,10.775586,9.4,4.41
T04,GL-4396,2026-03-13 19:56:00,8.132791,10.775571,11.7,5.39
T04,GL-4396,2026-03-13 19:57:00,8.132153,10.775515,9.7,2.86
T04,GL-4396,2026-03-13 19:58:00,8.131452,10.775419,11.4,4.82
T04,GL-4396,2026-03-13 19:59:00,8.130921,10.775346,11.2,4.8
T04,GL-4396,2026-03-13 20:00:00,8.130217,10.775163,6.1,4.69
T04,GL-4396,2026-03-13 20:01:00,8.129591,10.775256,6.5,5.25
T04,GL-4396,2026-03-13 20:02:00,8.128898,10.775053,10.5,4.56
T04,GL-4396,2026-03-13 20:03:00,8.128328,10.775033,8.4,4.17
T04,GL-4396,2026-03-13 20:04:00,8.127619,10.774897,7.4,3.07
T04,GL-4396,2026-03-13 20:05:00,8.127024,10.774838,7.3,4.96
T04,GL-4396,2026-03-13 20:06:00,8.126428,10.7748,7.4,5.31
T04,GL-4396,2026-03-13 20:07:00,8.125853,10.774692,5.7,3.04
T04,GL-4396,2026-03-13 20:08:00,8.125241,10.774733,8.8,4.06
T04,GL-4396,2026-03-13 20:09:00,8.12454,10.774646,6.3,4.7
T04,GL-4396,2026-03-13 20:10:00,8.123892,10.774693,11.6,4.75
T04,GL-4396,2026-03-13 20:11:00,8.123267,10.774541,4.3,5.52
T04,GL-4396,2026-03-13 20:12:00,8.122681,10.774467,6.8,3.65
T04,GL-4396,2026-03-13 20:13:00,8.122079,10.774347,5.7,5.25
T04,GL-4396,2026-03-13 20:14:00,8.121387,10.774371,8.1,3.86
T04,GL-4396,2026-03-13 20:15:00,8.120712,10.774199,5.2,4.37
T04,GL-4396,2026-03-13 20:16:00,8.120284,10.774272,10.9,3.9
T04,GL-4396,2026-03-13 20:17:00,8.119623,10.774151,11.4,3.5
T04,GL-4396,2026-03-13 20:18:00,8.119051,10.774119,6.4,4.63
T04,GL-4396,2026-03-13 20:19:00,8.118347,10.774164,11.8,4.84
T04,GL-4396,2026-03-13 20:20:00,8.117689,10.774137,11.9,3.72
T04,GL-4396,2026-03-13 20:21:00,8.117071,10.773933,10.9,4.08
T04,GL-4396,2026-03-13 20:22:00,8.116496,10.773853,7.8,4.16
T04,GL-4396,2026-03-13 20:23:00,8.115869,10.773838,6.7,3.04
T04,GL-4396,2026-03-13 20:24:00,8.115177,10.773816,7.0,4.41
T04,GL-4396,2026-03-13 20:25:00,8.1145,10.773694,6.1,4.65
T04,GL-4396,2026-03-13 20:26:00,8.114031,10.773752,6.0,3.62
T04,GL-4396,2026-03-13 20:27:00,8.113347,10.773633,11.6,5.08
T04,GL-4396,2026-03-13 20:28:00,8.112688,10.773487,11.6,4.54
T04,GL-4396,2026-03-13 20:29:00,8.111992,10.773442,6.2,4.24
T04,GL-4396,2026-03-13 20:30:00,8.111525,10.773427,11.2,4.47
T04,GL-4396,2026-03-13 20:31:00,8.110827,10.773347,6.3,4.4
T04,GL-4396,2026-03-13 20:32:00,8.110232,10.773281,6.7,3.06
T04,GL-4396,2026-03-13 20:33:00,8.109529,10.773273,10.6,3.76
T04,GL-4396,2026-03-13 20:34:00,8.108982,10.773081,6.1,4.73
T04,GL-4396,2026-03-13 20:35:00,8.108264,10.773088,9.8,3.22
T04,GL-4396,2026-03-13 20:36:00,8.107562,10.772975,7.6,2.85
T04,GL-4396,2026-03-13 20:37:00,8.107075,10.772965,10.8,3.21
T04,GL-4396,2026-03-13 20:38:00,8.106485,10.772842,9.4,5.45
T04,GL-4396,2026-03-13 20:39:00,8.105751,10.772813,6.7,4.29
T04,GL-4396,2026-03-13 20:40:00,8.10512,10.772784,11.3,4.34
T04,GL-4396,2026-03-13 20:41:00,8.10453,10.772728,4.9,2.92
T04,GL-4396,2026-03-13 20:42:00,8.103925,10.772648,5.5,3.81
T04,GL-4396,2026-03-13 20:43:00,8.103211,10.772476,11.9,4.06
T04,GL-4396,2026-03-13 20:44:00,8.102542,10.772522,7.9,4.8
T04,GL-4396,2026-03-13 20:45:00,8.101982,10.772553,10.0,4.68
T04,GL-4396,2026-03-13 20:46:00,8.10146,10.772392,7.2,4.05
T04,GL-4396,2026-03-13 20:47:00,8.100784,10.772242,4.8,4.85
T04,GL-4396,2026-03-13 20:48:00,8.100039,10.772304,4.9,4.87
T04,GL-4396,2026-03-13 20:49:00,8.099534,10.772276,9.9,2.94
T04,GL-4396,2026-03-13 20:50:00,8.098918,10.772054,7.0,3.92
T04,GL-4396,2026-03-13 20:51:00,8.09827,10.772085,11.9,3.75
T04,GL-4396,2026-03-13 20:52:00,8.097568,10.771992,5.1,3.91
T04,GL-4396,2026-03-13 20:53:00,8.097012,10.771938,4.4,4.73
T04,GL-4396,2026-03-13 20:54:00,8.096448,10.771859,7.9,3.3
T04,GL-4396,2026-03-13 20:55:00,8.09584,10.771818,6.4,3.43
T04,GL-4396,2026-03-13 20:56:00,8.095178,10.771782,5.8,4.33
T04,GL-4396,2026-03-13 20:57:00,8.094535,10.771683,5.0,4.91
T04,GL-4396,2026-03-13 20:58:00,8.093924,10.771719,8.6,5.1
T04,GL-4396,2026-03-13 20:59:00,8.093188,10.771581,10.2,4.31
T04,GL-4396,2026-03-13 21:00:00,8.092733,10.771531,8.7,4.04
T04,GL-4396,2026-03-13 21:01:00,8.091893,10.77146,4.8,3.57
T04,GL-4396,2026-03-13 21:02:00,8.091331,10.771347,7.0,3.1
T04,GL-4396,2026-03-13 21:03:00,8.090797,10.771375,7.3,3.49
T04,GL-4396,2026-03-13 21:04:00,8.090121,10.771219,5.8,4.72
T04,GL-4396,2026-03-13 21:05:00,8.089536,10.77121,5.1,2.83
T04,GL-4396,2026-03-13 21:06:00,8.088992,10.771128,10.0,3.97
T04,GL-4396,2026-03-13 21:07:00,8.088246,10.771065,6.2,3.22
T04,GL-4396,2026-03-13 21:08:00,8.087617,10.771007,4.3,3.56
T04,GL-4396,2026-03-13 21:09:00,8.087066,10.770962,4.9,5.38
T04,GL-4396,2026-03-13 21:10:00,8.086343,10.770963,10.8,4.52
T04,GL-4396,2026-03-13 21:11:00,8.085725,10.770725,11.6,5.23
T04,GL-4396,2026-03-13 21:12:00,8.085165,10.770833,6.2,3.32
T04,GL-4396,2026-03-13 21:13:00,8.084547,10.770782,6.0,5.04
T04,GL-4396,2026-03-13 21:14:00,8.083903,10.770631,6.5,4.74
T04,GL-4396,2026-03-13 21:15:00,8.083216,10.770531,8.7,3.39
T04,GL-4396,2026-03-13 21:16:00,8.082563,10.770575,10.1,5.18
T04,GL-4396,2026-03-13 21:17:00,8.081972,10.770472,10.3,5.39
T04,GL-4396,2026-03-13 21:18:00,8.081347,10.77042,5.0,3.64
T04,GL-4396,2026-03-13 21:19:00,8.080646,10.770366,9.0,5.56
T04,GL-4396,2026-03-13 21:20:00,8.080172,10.770362,7.7,2.95
T04,GL-4396,2026-03-13 21:21:00,8.079535,10.770207,6.4,4.16
T04,GL-4396,2026-03-13 21:22:00,8.078926,10.770167,4.4,3.75
T04,GL-4396,2026-03-13 21:23:00,8.078248,10.770224,5.7,3.73
T04,GL-4396,2026-03-13 21:24:00,8.077672,10.770099,6.0,5.57
T04,GL-4396,2026-03-13 21:25:00,8.077017,10.769999,7.0,5.56
T04,GL-4396,2026-03-13 21:26:00,8.076391,10.769903,6.4,4.07
T04,GL-4396,2026-03-13 21:27:00,8.075756,10.769901,10.8,3.45
T04,GL-4396,2026-03-13 21:28:00,8.075068,10.769845,11.2,4.95
T04,GL-4396,2026-03-13 21:29:00,8.074461,10.769795,7.7,3.73
T04,GL-4396,2026-03-13 21:30:00,8.073858,10.769777,5.9,3.27
T04,GL-4396,2026-03-13 21:31:00,8.073164,10.769605,5.3,5.58
T04,GL-4396,2026-03-13 21:32:00,8.07266,10.769584,6.3,3.16
T04,GL-4396,2026-03-13 21:33:00,8.071976,10.769492,5.6,4.71
T04,GL-4396,2026-03-13 21:34:00,8.071182,10.769451,8.9,4.09
T04,GL-4396,2026-03-13 21:35:00,8.070654,10.769313,7.2,5.23
T04,GL-4396,2026-03-13 21:36:00,8.070174,10.76945,10.1,3.77
T04,GL-4396,2026-03-13 21:37:00,8.069442,10.769285,11.9,3.05
T04,GL-4396,2026-03-13 21:38:00,8.068809,10.769166,8.7,5.57
T04,GL-4396,2026-03-13 21:39:00,8.068221,10.769144,9.6,5.12
T04,GL-4396,2026-03-13 21:40:00,8.06757,10.769048,7.5,3.13
T04,GL-4396,2026-03-13 21:41:00,8.066926,10.769141,4.7,4.94
T04,GL-4396,2026-03-13 21:42:00,8.066234,10.768999,6.3,4.99
T04,GL-4396,2026-03-13 21:43:00,8.065756,10.768928,4.0,4.79
T04,GL-4396,2026-03-13 21:44:00,8.065085,10.768946,8.1,3.47
T04,GL-4396,2026-03-13 21:45:00,8.064424,10.768834,6.3,3.17
T04,GL-4396,2026-03-13 21:46:00,8.063775,10.768709,10.0,5.58
T04,GL-4396,2026-03-13 21:47:00,8.063184,10.768758,4.4,4.19
T04,GL-4396,2026-03-13 21:48:00,8.062496,10.768676,7.5,3.51
T04,GL-4396,2026-03-13 21:49:00,8.061961,10.768601,5.3,3.03
T04,GL-4396,2026-03-13 21:50:00,8.061266,10.768561,6.4,4.57
T04,GL-4396,2026-03-13 21:51:00,8.060754,10.768436,7.0,4.35
T04,GL-4396,2026-03-13 21:52:00,8.060047,10.768399,4.9,4.72
T04,GL-4396,2026-03-13 21:53:00,8.05939,10.768253,8.8,4.22
T04,GL-4396,2026-03-13 21:54:00,8.058827,10.768356,4.4,3.23
T04,GL-4396,2026-03-13 21:55:00,8.058246,10.768171,9.7,5.39
T04,GL-4396,2026-03-13 21:56:00,8.057641,10.768104,4.2,4.59
T04,GL-4396,2026-03-13 21:57:00,8.056874,10.768036,4.9,3.17
T04,GL-4396,2026-03-13 21:58:00,8.056277,10.7679,6.4,5.48
T04,GL-4396,2026-03-13 21:59:00,8.055596,10.767884,6.5,3.06
T04,GL-4396,2026-03-13 22:00:00,8.054998,10.767909,11.3,4.85
T04,GL-4396,2026-03-13 22:01:00,8.054459,10.767781,7.0,3.58
T04,GL-4396,2026-03-13 22:02:00,8.053767,10.767699,4.3,4.44
T04,GL-4396,2026-03-13 22:03:00,8.053058,10.767588,5.4,3.72
T04,GL-4396,2026-03-13 22:04:00,8.052553,10.767673,5.0,5.13
T04,GL-4396,2026-03-13 22:05:00,8.051875,10.767527,7.1,3.45
T04,GL-4396,2026-03-13 22:06:00,8.051276,10.767522,9.2,4.36
T04,GL-4396,2026-03-13 22:07:00,8.050695,10.767459,7.9,4.4
T04,GL-4396,2026-03-13 22:08:00,8.049972,10.767308,11.7,5.3
T04,GL-4396,2026-03-13 22:09:00,8.049398,10.767383,9.6,4.23
T04,GL-4396,2026-03-13 22:10:00,8.048779,10.767215,5.0,2.9
T04,GL-4396,2026-03-13 22:11:00,8.04818,10.767229,4.1,3.86
T04,GL-4396,2026-03-13 22:12:00,8.047471,10.767073,6.3,3.51
T04,GL-4396,2026-03-13 22:13:00,8.046875,10.767057,11.0,4.72
T04,GL-4396,2026-03-13 22:14:00,8.046298,10.767006,7.4,4.79
T04,GL-4396,2026-03-13 22:15:00,8.045604,10.767003,11.4,4.2
T04,GL-4396,2026-03-13 22:16:00,8.044987,10.766969,11.0,2.89
T04,GL-4396,2026-03-13 22:17:00,8.044427,10.766876,9.0,5.21
T04,GL-4396,2026-03-13 22:18:00,8.043784,10.766817,5.6,4.84
T04,GL-4396,2026-03-13 22:19:00,8.043127,10.766752,8.5,3.85
T04,GL-4396,2026-03-13 22:20:00,8.04254,10.766699,6.0,3.89
T04,GL-4396,2026-03-13 22:21:00,8.041886,10.766544,10.7,2.81
T04,GL-4396,2026-03-13 22:22:00,8.041201,10.766576,8.9,4.33
T04,GL-4396,2026-03-13 22:23:00,8.040647,10.766495,9.5,3.43
T04,GL-4396,2026-03-13 22:24:00,8.040031,10.766307,9.7,4.64
T04,GL-4396,2026-03-13 22:25:00,8.039335,10.766292,11.7,4.47
T04,GL-4396,2026-03-13 22:26:00,8.038785,10.76621,,4.78
T04,GL-4396,2026-03-13 22:27:00,8.038214,10.766275,5.8,5.51
T04,GL-4396,2026-03-13 22:28:00,8.037633,10.766182,10.3,3.98
T04,GL-4396,2026-03-13 22:29:00,8.036894,10.766114,7.5,4.45
T04,GL-4396,2026-03-13 22:30:00,8.036227,10.765924,11.7,4.53
T04,GL-4396,2026-03-13 22:31:00,8.035588,10.765921,7.8,4.58
T04,GL-4396,2026-03-13 22:32:00,8.035037,10.76579,4.2,3.72
T04,GL-4396,2026-03-13 22:33:00,8.034416,10.765801,5.1,5.48
T04,GL-4396,2026-03-13 22:34:00,8.033734,10.765742,6.4,4.05
T04,GL-4396,2026-03-13 22:35:00,8.033091,10.765624,7.9,4.24
T04,GL-4396,2026-03-13 22:36:00,8.032582,10.765659,9.7,3.42
T04,GL-4396,2026-03-13 22:37:00,8.031886,10.765621,6.1,3.18
T04,GL-4396,2026-03-13 22:38:00,8.031171,10.765471,8.9,5.59
T04,GL-4396,2026-03-13 22:39:00,8.030594,10.765405,10.4,5.52
T04,GL-4396,2026-03-13 22:40:00,8.029998,10.765415,4.8,3.24
T04,GL-4396,2026-03-13 22:41:00,8.029519,10.765347,4.7,4.78
T04,GL-4396,2026-03-13 22:42:00,8.028699,10.765355,8.7,3.39
T04,GL-4396,2026-03-13 22:43:00,8.028124,10.765251,11.8,3.32
T04,GL-4396,2026-03-13 22:44:00,8.027574,10.7653,7.1,5.13
T04,GL-4396,2026-03-13 22:45:00,8.026966,10.765104,4.2,4.46
T04,GL-4396,2026-03-13 22:46:00,8.026282,10.765077,7.2,5.48
T04,GL-4396,2026-03-13 22:47:00,8.025601,10.765058,10.8,4.77
T04,GL-4396,2026-03-13 22:48:00,8.025064,10.764959,8.3,5.26
T04,GL-4396,2026-03-13 22:49:00,8.024429,10.764935,9.0,2.97
T04,GL-4396,2026-03-13 22:50:00,8.023737,10.764718,11.9,4.04
T04,GL-4396,2026-03-13 22:51:00,8.023165,10.764672,9.6,3.48
T04,GL-4396,2026-03-13 22:52:00,8.022454,10.764752,9.6,4.06
T04,GL-4396,2026-03-13 22:53:00,8.021785,10.764699,6.0,4.35
T04,GL-4396,2026-03-13 22:54:00,8.021228,10.764606,11.3,3.48
T04,GL-4396,2026-03-13 22:55:00,8.020617,10.764311,5.9,3.28
T04,GL-4396,2026-03-13 22:56:00,8.019917,10.764372,8.1,3.58
T04,GL-4396,2026-03-13 22:57:00,8.019416,10.764501,12.0,3.02
T04,GL-4396,2026-03-13 22:58:00,8.018638,10.76436,11.9,3.44
T04,GL-4396,2026-03-13 22:59:00,8.018146,10.764336,5.2,5.08
T04,GL-4396,2026-03-13 23:00:00,8.017344,10.764238,8.3,4.92
T04,GL-4396,2026-03-13 23:01:00,8.016745,10.764202,4.5,4.81
T04,GL-4396,2026-03-13 23:02:00,8.016289,10.764026,10.8,3.85
T04,GL-4396,2026-03-13 23:03:00,8.015547,10.763954,7.6,4.08
T04,GL-4396,2026-03-13 23:04:00,8.014942,10.76391,8.5,3.58
T04,GL-4396,2026-03-13 23:05:00,8.014386,10.763731,9.5,5.37
T04,GL-4396,2026-03-13 23:06:00,8.01365,10.763913,8.0,3.2
T04,GL-4396,2026-03-13 23:07:00,8.013113,10.763622,6.4,3.21
T04,GL-4396,2026-03-13 23:08:00,8.012407,10.763599,10.2,2.98
T04,GL-4396,2026-03-13 23:09:00,8.011726,10.763587,5.8,2.91
T04,GL-4396,2026-03-13 23:10:00,8.011189,10.763477,4.5,5.56
T04,GL-4396,2026-03-13 23:11:00,8.010584,10.763525,7.3,3.05
T04,GL-4396,2026-03-13 23:12:00,8.009906,10.763611,7.0,3.81
T04,GL-4396,2026-03-13 23:13:00,8.009268,10.763404,10.9,5.07
T04,GL-4396,2026-03-13 23:14:00,8.008682,10.763398,7.5,4.8
T04,GL-4396,2026-03-13 23:15:00,8.00806,10.763366,7.4,4.48
T04,GL-4396,2026-03-13 23:16:00,8.007406,10.76328,5.6,5.1
T04,GL-4396,2026-03-13 23:17:00,8.006902,10.763112,6.3,5.1
T04,GL-4396,2026-03-13 23:18:00,8.006268,10.763144,7.8,2.86
T04,GL-4396,2026-03-13 23:19:00,8.005589,10.763011,11.4,4.96
T04,GL-4396,2026-03-13 23:20:00,8.004974,10.762948,5.5,3.0
T04,GL-4396,2026-03-13 23:21:00,8.004303,10.762997,9.9,4.8
T04,GL-4396,2026-03-13 23:22:00,8.003801,10.762755,6.0,3.38
T04,GL-4396,2026-03-13 23:23:00,8.003062,10.762778,5.8,5.12
T04,GL-4396,2026-03-13 23:24:00,8.002365,10.762704,9.9,5.28
T04,GL-4396,2026-03-13 23:25:00,8.001807,10.762691,6.2,4.37
T04,GL-4396,2026-03-13 23:26:00,8.001107,10.762555,9.2,4.96
T04,GL-4396,2026-03-13 23:27:00,8.000566,10.762572,5.0,4.33
T04,GL-4396,2026-03-13 23:28:00,7.999891,10.762395,8.7,3.4
T04,GL-4396,2026-03-13 23:29:00,7.999383,10.762354,4.0,3.61
T04,GL-4396,2026-03-13 23:30:00,7.99867,10.762263,10.7,2.91
T04,GL-4396,2026-03-13 23:31:00,7.998051,10.762296,7.4,4.18
T04,GL-4396,2026-03-13 23:32:00,7.997413,10.76217,6.6,3.52
T04,GL-4396,2026-03-13 23:33:00,7.996818,10.762174,7.5,5.07
T04,GL-4396,2026-03-13 23:34:00,7.996173,10.762099,11.2,3.33
T04,GL-4396,2026-03-13 23:35:00,7.995449,10.762017,5.0,2.81
T04,GL-4396,2026-03-13 23:36:00,7.994891,10.761921,8.9,4.84
T04,GL-4396,2026-03-13 23:37:00,7.994323,10.76187,10.4,3.63
T04,GL-4396,2026-03-13 23:38:00,7.993674,10.762012,9.5,4.61
T04,GL-4396,2026-03-13 23:39:00,7.993082,10.7618,8.5,4.5
T04,GL-4396,2026-03-13 23:40:00,7.992429,10.761785,7.3,2.99
T04,GL-4396,2026-03-13 23:41:00,7.991851,10.761717,8.3,4.06
T04,GL-4396,2026-03-13 23:42:00,7.991135,10.761504,8.6,3.23
T04,GL-4396,2026-03-13 23:43:00,7.990547,10.761563,8.3,5.45
T04,GL-4396,2026-03-13 23:44:00,7.989745,10.761361,10.4,4.89
T04,GL-4396,2026-03-13 23:45:00,7.989358,10.761476,6.8,4.77
T04,GL-4396,2026-03-13 23:46:00,7.988661,10.761321,7.8,5.5
T04,GL-4396,2026-03-13 23:47:00,7.987975,10.761242,6.9,4.2
T04,GL-4396,2026-03-13 23:48:00,7.987402,10.761168,6.5,3.16
T04,GL-4396,2026-03-13 23:49:00,7.986793,10.761154,6.4,3.9
T04,GL-4396,2026-03-13 23:50:00,7.986073,10.7611,5.3,4.21
T04,GL-4396,2026-03-13 23:51:00,7.985524,10.761079,10.6,5.26
T04,GL-4396,2026-03-13 23:52:00,7.984879,10.760987,10.7,4.49
T04,GL-4396,2026-03-13 23:53:00,7.984254,10.760958,5.9,3.63
T04,GL-4396,2026-03-13 23:54:00,7.983644,10.760857,4.9,3.1
T04,GL-4396,2026-03-13 23:55:00,7.982982,10.760819,6.2,5.48
T04,GL-4396,2026-03-13 23:56:00,7.982434,10.760765,8.3,5.13
T04,GL-4396,2026-03-13 23:57:00,7.981648,10.760768,5.3,4.9
T04,GL-4396,2026-03-13 23:58:00,7.981215,10.760643,6.7,5.06
T04,GL-4396,2026-03-13 23:59:00,7.980413,10.760426,6.6,2.95
T04,GL-4396,2026-03-14 00:00:00,7.979749,10.760605,8.9,4.72
T04,GL-4396,2026-03-14 00:01:00,7.979193,10.76049,11.0,3.12
T04,GL-4396,2026-03-14 00:02:00,7.978707,10.760388,4.7,2.99
T04,GL-4396,2026-03-14 00:03:00,7.978022,10.760457,10.9,3.52
T04,GL-4396,2026-03-14 00:04:00,7.977391,10.760208,6.0,4.51
T04,GL-4396,2026-03-14 00:05:00,7.976759,10.760206,9.2,3.42
T04,GL-4396,2026-03-14 00:06:00,7.976155,10.760178,4.9,3.04
T04,GL-4396,2026-03-14 00:07:00,7.975515,10.760142,10.7,4.07
T04,GL-4396,2026-03-14 00:08:00,7.974873,10.760033,8.5,3.6
T04,GL-4396,2026-03-14 00:09:00,7.974103,10.760016,9.7,4.46
T04,GL-4396,2026-03-14 00:10:00,7.97354,10.759859,10.8,2.83
T04,GL-4396,2026-03-14 00:11:00,7.973017,10.75988,6.5,5.59
T04,GL-4396,2026-03-14 00:12:00,7.972292,10.759757,7.6,5.29
T04,GL-4396,2026-03-14 00:13:00,7.971751,10.759819,6.1,3.83
T04,GL-4396,2026-03-14 00:14:00,7.971231,10.759798,9.5,4.28
T04,GL-4396,2026-03-14 00:15:00,7.970517,10.75964,8.2,5.01
T04,GL-4396,2026-03-14 00:16:00,7.969875,10.759499,5.2,5.44
T04,GL-4396,2026-03-14 00:17:00,7.969243,10.759569,10.2,5.05
T04,GL-4396,2026-03-14 00:18:00,7.968597,10.759369,11.3,3.32
T04,GL-4396,2026-03-14 00:19:00,7.96805,10.759334,6.6,4.24
T04,GL-4396,2026-03-14 00:20:00,7.967348,10.759259,9.3,4.63
T04,GL-4396,2026-03-14 00:21:00,7.966628,10.759369,8.3,3.77
T04,GL-4396,2026-03-14 00:22:00,7.966047,10.75917,,5.22
T04,GL-4396,2026-03-14 00:23:00,7.965442,10.759089,8.1,3.12
T04,GL-4396,2026-03-14 00:24:00,7.964894,10.759093,11.8,4.17
T04,GL-4396,2026-03-14 00:25:00,7.964175,10.758901,11.0,3.14
T04,GL-4396,2026-03-14 00:26:00,7.963576,10.758945,9.6,3.79
T04,GL-4396,2026-03-14 00:27:00,7.962998,10.75887,6.4,2.86
T04,GL-4396,2026-03-14 00:28:00,7.962291,10.758814,9.5,4.86
T04,GL-4396,2026-03-14 00:29:00,7.961726,10.758671,6.3,4.88
T04,GL-4396,2026-03-14 00:30:00,7.96113,10.758584,9.4,4.82
T04,GL-4396,2026-03-14 00:31:00,7.960432,10.758596,8.9,4.81
T04,GL-4396,2026-03-14 00:32:00,7.95979,10.758558,11.8,3.02
T04,GL-4396,2026-03-14 00:33:00,7.959182,10.758455,5.5,5.06
T04,GL-4396,2026-03-14 00:34:00,7.958761,10.758482,7.5,4.16
T04,GL-4396,2026-03-14 00:35:00,7.957983,10.758411,11.3,3.86
T04,GL-4396,2026-03-14 00:36:00,7.957349,10.758327,6.4,3.4
T04,GL-4396,2026-03-14 00:37:00,7.956629,10.758237,4.5,3.46
T04,GL-4396,2026-03-14 00:38:00,7.956117,10.75821,9.5,3.52
T04,GL-4396,2026-03-14 00:39:00,7.955395,10.758105,8.5,3.38
T04,GL-4396,2026-03-14 00:40:00,7.95484,10.758101,11.8,5.06
T04,GL-4396,2026-03-14 00:41:00,7.954081,10.757913,11.4,3.23
T04,GL-4396,2026-03-14 00:42:00,7.953451,10.757928,10.7,4.29
T04,GL-4396,2026-03-14 00:43:00,7.952933,10.75791,5.3,3.52
T04,GL-4396,2026-03-14 00:44:00,7.952412,10.757855,7.2,4.2
T04,GL-4396,2026-03-14 00:45:00,7.951745,10.757755,8.4,3.61
T04,GL-4396,2026-03-14 00:46:00,7.951022,10.757707,8.7,5.34
T04,GL-4396,2026-03-14 00:47:00,7.950373,10.757621,10.9,5.52
T04,GL-4396,2026-03-14 00:48:00,7.949706,10.757601,4.3,3.8
T04,GL-4396,2026-03-14 00:49:00,7.949126,10.757445,11.1,3.72
T04,GL-4396,2026-03-14 00:50:00,7.948547,10.757449,4.5,2.87
T04,GL-4396,2026-03-14 00:51:00,7.947983,10.757393,10.7,4.86
T04,GL-4396,2026-03-14 00:52:00,7.947342,10.757366,4.4,4.24
T04,GL-4396,2026-03-14 00:53:00,7.946768,10.757275,,3.49
T04,GL-4396,2026-03-14 00:54:00,7.945908,10.757151,8.9,3.3
T04,GL-4396,2026-03-14 00:55:00,7.94544,10.757252,9.2,4.5
T04,GL-4396,2026-03-14 00:56:00,7.944879,10.757039,8.2,4.82
T04,GL-4396,2026-03-14 00:57:00,7.944223,10.757063,4.8,4.56
T04,GL-4396,2026-03-14 00:58:00,7.943545,10.756884,8.0,3.88
T04,GL-4396,2026-03-14 00:59:00,7.942989,10.756883,6.2,5.24
T04,GL-4396,2026-03-14 01:00:00,7.94216,10.7568,4.0,3.02
T04,GL-4396,2026-03-14 01:01:00,7.941588,10.756725,11.2,5.34
T04,GL-4396,2026-03-14 01:02:00,7.941005,10.756753,8.0,3.8
T04,GL-4396,2026-03-14 01:03:00,7.940407,10.75666,7.2,3.43
T04,GL-4396,2026-03-14 01:04:00,7.939888,10.756614,10.3,5.2
T04,GL-4396,2026-03-14 01:05:00,7.939133,10.756554,11.1,2.95
T04,GL-4396,2026-03-14 01:06:00,7.938471,10.75648,11.7,3.97
T04,GL-4396,2026-03-14 01:07:00,7.938016,10.756416,5.5,3.63
T04,GL-4396,2026-03-14 01:08:00,7.937248,10.756323,8.8,5.16
T04,GL-4396,2026-03-14 01:09:00,7.936728,10.756236,11.1,5.19
T04,GL-4396,2026-03-14 01:10:00,7.936091,10.756193,10.2,5.52
T04,GL-4396,2026-03-14 01:11:00,7.93548,10.756095,7.6,4.1
T04,GL-4396,2026-03-14 01:12:00,7.934745,10.756062,6.7,4.18
T04,GL-4396,2026-03-14 01:13:00,7.934202,10.756062,9.8,5.25
T04,GL-4396,2026-03-14 01:14:00,7.933489,10.756044,8.9,2.87
T04,GL-4396,2026-03-14 01:15:00,7.932872,10.755896,9.1,5.43
T04,GL-4396,2026-03-14 01:16:00,7.932239,10.75595,6.7,3.68
T04,GL-4396,2026-03-14 01:17:00,7.931625,10.755791,4.1,5.39
T04,GL-4396,2026-03-14 01:18:00,7.930905,10.75579,9.1,4.93
T04,GL-4396,2026-03-14 01:19:00,7.930429,10.755622,6.4,5.24
T04,GL-4396,2026-03-14 01:20:00,7.929782,10.755547,7.6,3.02
T04,GL-4396,2026-03-14 01:21:00,7.929271,10.7556,9.0,5.46
T04,GL-4396,2026-03-14 01:22:00,7.928527,10.755537,6.9,2.99
T04,GL-4396,2026-03-14 01:23:00,7.927842,10.755488,5.6,4.58
T04,GL-4396,2026-03-14 01:24:00,7.927234,10.755306,6.2,3.36
T04,GL-4396,2026-03-14 01:25:00,7.926619,10.755336,4.3,4.32
T04,GL-4396,2026-03-14 01:26:00,7.926027,10.755234,6.4,5.58
T04,GL-4396,2026-03-14 01:27:00,7.925365,10.755141,11.2,4.05
T04,GL-4396,2026-03-14 01:28:00,7.924799,10.754967,9.2,3.54
T04,GL-4396,2026-03-14 01:29:00,7.924123,10.755038,,3.59
T04,GL-4396,2026-03-14 01:30:00,7.923524,10.7549,7.7,4.61
T04,GL-4396,2026-03-14 01:31:00,7.922854,10.754846,11.6,4.82
T04,GL-4396,2026-03-14 01:32:00,7.922158,10.754956,6.5,3.11
T04,GL-4396,2026-03-14 01:33:00,7.921708,10.754845,4.2,3.05
T04,GL-4396,2026-03-14 01:34:00,7.920991,10.754704,11.7,4.67
T04,GL-4396,2026-03-14 01:35:00,7.920381,10.754712,6.2,5.6
T04,GL-4396,2026-03-14 01:36:00,7.919782,10.754629,9.4,3.87
T04,GL-4396,2026-03-14 01:37:00,7.919042,10.754525,6.9,3.8
T04,GL-4396,2026-03-14 01:38:00,7.918452,10.754522,11.8,4.68
T04,GL-4396,2026-03-14 01:39:00,7.91791,10.754462,8.9,4.59
T04,GL-4396,2026-03-14 01:40:00,7.917205,10.754415,8.7,5.04
T04,GL-4396,2026-03-14 01:41:00,7.916602,10.754273,5.4,5.57
T04,GL-4396,2026-03-14 01:42:00,7.9159,10.754295,9.1,3.44
T04,GL-4396,2026-03-14 01:43:00,7.915242,10.75424,9.2,4.3
T04,GL-4396,2026-03-14 01:44:00,7.914742,10.754155,7.1,4.7
T04,GL-4396,2026-03-14 01:45:00,7.914121,10.754165,8.7,4.22
T04,GL-4396,2026-03-14 01:46:00,7.913521,10.754023,9.9,4.79
T04,GL-4396,2026-03-14 01:47:00,7.912939,10.754033,4.3,2.91
T04,GL-4396,2026-03-14 01:48:00,7.912241,10.753927,10.1,3.2
T04,GL-4396,2026-03-14 01:49:00,7.911517,10.753784,10.7,5.49
T04,GL-4396,2026-03-14 01:50:00,7.911121,10.753773,6.4,4.68
T04,GL-4396,2026-03-14 01:51:00,7.910355,10.753707,8.6,5.45
T04,GL-4396,2026-03-14 01:52:00,7.909783,10.753682,7.0,5.58
T04,GL-4396,2026-03-14 01:53:00,7.909017,10.753559,4.6,4.85
T04,GL-4396,2026-03-14 01:54:00,7.90853,10.753555,5.3,4.82
T04,GL-4396,2026-03-14 01:55:00,7.907892,10.75346,4.4,3.59
T04,GL-4396,2026-03-14 01:56:00,7.90724,10.753355,4.4,4.91
T04,GL-4396,2026-03-14 01:57:00,7.906618,10.753324,10.0,4.2
T04,GL-4396,2026-03-14 01:58:00,7.890197,10.753293,5.1,413.58
T04,GL-4396,2026-03-14 01:59:00,7.905369,10.753214,7.4,4.76
T04,GL-4396,2026-03-14 02:00:00,7.904689,10.753165,5.9,3.56
T04,GL-4396,2026-03-14 02:01:00,7.904116,10.753018,11.3,4.32
T04,GL-4396,2026-03-14 02:02:00,7.903445,10.753129,6.1,3.23
T04,GL-4396,2026-03-14 02:03:00,7.902817,10.75285,11.0,4.37
T04,GL-4396,2026-03-14 02:04:00,7.902122,10.752875,5.1,4.5
T04,GL-4396,2026-03-14 02:05:00,7.90156,10.752847,10.0,5.04
T04,GL-4396,2026-03-14 02:06:00,7.900922,10.752728,8.3,4.45
T04,GL-4396,2026-03-14 02:07:00,7.900369,10.752749,8.2,3.39
T04,GL-4396,2026-03-14 02:08:00,7.899616,10.752716,10.5,4.66
T04,GL-4396,2026-03-14 02:09:00,7.899071,10.75268,7.7,4.82
T04,GL-4396,2026-03-14 02:10:00,7.898371,10.752612,4.8,3.63
T04,GL-4396,2026-03-14 02:11:00,7.897793,10.752461,7.4,4.71
T04,GL-4396,2026-03-14 02:12:00,7.897119,10.752472,4.4,3.75
T04,GL-4396,2026-03-14 02:13:00,7.896441,10.752396,10.5,4.8
T04,GL-4396,2026-03-14 02:14:00,7.895926,10.752355,6.8,5.3
T04,GL-4396,2026-03-14 02:15:00,7.895352,10.752254,6.4,2.93
T04,GL-4396,2026-03-14 02:16:00,7.894699,10.75215,7.8,2.81
T04,GL-4396,2026-03-14 02:17:00,7.894026,10.75219,10.8,3.63
T04,GL-4396,2026-03-14 02:18:00,7.893417,10.752127,4.2,4.63
T04,GL-4396,2026-03-14 02:19:00,7.892826,10.751886,8.7,3.08
T04,GL-4396,2026-03-14 02:20:00,7.8921,10.751947,7.1,5.49
T04,GL-4396,2026-03-14 02:21:00,7.891605,10.751741,7.7,3.02
T04,GL-4396,2026-03-14 02:22:00,7.890829,10.751783,4.8,2.9
T04,GL-4396,2026-03-14 02:23:00,7.890243,10.751828,8.4,4.84
T04,GL-4396,2026-03-14 02:24:00,7.889747,10.751766,10.0,5.12
T04,GL-4396,2026-03-14 02:25:00,7.888984,10.751562,8.9,4.57
T04,GL-4396,2026-03-14 02:26:00,7.888409,10.751553,8.0,3.72
T04,GL-4396,2026-03-14 02:27:00,7.887782,10.751357,5.5,4.53
T04,GL-4396,2026-03-14 02:28:00,7.887076,10.751412,4.8,5.02
T04,GL-4396,2026-03-14 02:29:00,7.886543,10.751446,6.9,5.48
T04,GL-4396,2026-03-14 02:30:00,7.885953,10.751345,9.2,4.45
T04,GL-4396,2026-03-14 02:31:00,7.977199,10.751257,7.4,186.6
T04,GL-4396,2026-03-14 02:32:00,7.884724,10.75113,11.0,5.51
T04,GL-4396,2026-03-14 02:33:00,7.883932,10.751146,5.6,3.67
T04,GL-4396,2026-03-14 02:34:00,7.883376,10.751102,9.4,5.49
T04,GL-4396,2026-03-14 02:35:00,7.882785,10.751025,12.0,3.22
T04,GL-4396,2026-03-14 02:36:00,7.882263,10.751001,7.1,5.2
T04,GL-4396,2026-03-14 02:37:00,7.881436,10.750794,10.3,3.75
T04,GL-4396,2026-03-14 02:38:00,7.8809,10.750802,9.0,4.35
T04,GL-4396,2026-03-14 02:39:00,7.880361,10.750806,7.4,4.24
T04,GL-4396,2026-03-14 02:40:00,7.879632,10.750705,4.2,4.71
T04,GL-4396,2026-03-14 02:41:00,7.879071,10.750665,8.7,3.75
T04,GL-4396,2026-03-14 02:42:00,7.87845,10.750505,7.1,4.63
T04,GL-4396,2026-03-14 02:43:00,7.877728,10.750564,11.6,3.35
T04,GL-4396,2026-03-14 02:44:00,7.877112,10.75046,10.1,5.07
T04,GL-4396,2026-03-14 02:45:00,7.876512,10.750268,4.5,5.55
T04,GL-4396,2026-03-14 02:46:00,7.875828,10.750257,7.2,3.38
T04,GL-4396,2026-03-14 02:47:00,7.875261,10.750384,11.5,4.41
T04,GL-4396,2026-03-14 02:48:00,7.874632,10.750167,5.7,5.2
T04,GL-4396,2026-03-14 02:49:00,7.873886,10.750128,8.5,4.47
T04,GL-4396,2026-03-14 02:50:00,7.873255,10.750206,8.0,3.2
T04,GL-4396,2026-03-14 02:51:00,7.872791,10.750015,4.1,4.6
T04,GL-4396,2026-03-14 02:52:00,7.872141,10.749918,4.0,3.55
T04,GL-4396,2026-03-14 02:53:00,7.87157,10.749998,7.5,3.38
T04,GL-4396,2026-03-14 02:54:00,7.870789,10.749963,5.8,3.33
T04,GL-4396,2026-03-14 02:55:00,7.870237,10.749782,6.2,4.91
T04,GL-4396,2026-03-14 02:56:00,7.869737,10.749706,10.9,3.8
T04,GL-4396,2026-03-14 02:57:00,7.869001,10.749605,8.3,4.87
T04,GL-4396,2026-03-14 02:58:00,7.86839,10.749707,6.6,5.3
T04,GL-4396,2026-03-14 02:59:00,7.867803,10.749502,7.9,3.52
T04,GL-4396,2026-03-14 03:00:00,7.86699,10.749394,10.2,4.89
T04,GL-4396,2026-03-14 03:01:00,7.866472,10.74951,4.2,3.09
T04,GL-4396,2026-03-14 03:02:00,7.865837,10.749363,7.8,4.8
T04,GL-4396,2026-03-14 03:03:00,7.86534,10.7493,11.6,3.19
T04,GL-4396,2026-03-14 03:04:00,7.864624,10.749175,4.5,3.67
T04,GL-4396,2026-03-14 03:05:00,7.863917,10.749206,7.8,4.02
T04,GL-4396,2026-03-14 03:06:00,7.863304,10.749096,6.2,4.55
T04,GL-4396,2026-03-14 03:07:00,7.862728,10.749054,6.0,4.16
T04,GL-4396,2026-03-14 03:08:00,7.862092,10.749019,9.5,5.34
T04,GL-4396,2026-03-14 03:09:00,7.861466,10.74882,10.1,3.62
T04,GL-4396,2026-03-14 03:10:00,7.860827,10.748836,10.1,5.51
T04,GL-4396,2026-03-14 03:11:00,7.860225,10.748815,6.1,4.12
T04,GL-4396,2026-03-14 03:12:00,7.859648,10.748768,6.5,4.01
T04,GL-4396,2026-03-14 03:13:00,7.858912,10.748728,4.7,5.27
T04,GL-4396,2026-03-14 03:14:00,7.858251,10.748558,4.3,4.26
T04,GL-4396,2026-03-14 03:15:00,7.857696,10.748522,8.0,3.27
T04,GL-4396,2026-03-14 03:16:00,7.857204,10.748507,10.2,5.46
T04,GL-4396,2026-03-14 03:17:00,7.856483,10.748514,11.0,3.57
T04,GL-4396,2026-03-14 03:18:00,7.855855,10.748428,5.0,3.89
T04,GL-4396,2026-03-14 03:19:00,7.855239,10.748354,9.5,4.22
T04,GL-4396,2026-03-14 03:20:00,7.85463,10.74822,6.9,3.28
T04,GL-4396,2026-03-14 03:21:00,7.853916,10.748113,7.1,3.0
T04,GL-4396,2026-03-14 03:22:00,7.85336,10.748014,9.5,3.48
T04,GL-4396,2026-03-14 03:23:00,7.852852,10.748039,10.3,4.32
T04,GL-4396,2026-03-14 03:24:00,7.852101,10.748074,4.7,3.49
T04,GL-4396,2026-03-14 03:25:00,7.851528,10.747847,4.4,3.66
T04,GL-4396,2026-03-14 03:26:00,7.85097,10.747856,4.9,4.09
T04,GL-4396,2026-03-14 03:27:00,7.85018,10.74779,5.8,2.98
T04,GL-4396,2026-03-14 03:28:00,7.849596,10.747692,9.6,3.27
T04,GL-4396,2026-03-14 03:29:00,7.848936,10.747762,11.1,3.9
T04,GL-4396,2026-03-14 03:30:00,7.848437,10.747724,9.3,4.97
T04,GL-4396,2026-03-14 03:31:00,7.84774,10.747644,10.3,4.05
T04,GL-4396,2026-03-14 03:32:00,7.847117,10.747587,9.2,5.42
T04,GL-4396,2026-03-14 03:33:00,7.846479,10.747419,10.3,5.22
T04,GL-4396,2026-03-14 03:34:00,7.845872,10.747377,8.5,4.3
T04,GL-4396,2026-03-14 03:35:00,7.845194,10.747326,8.2,5.29
T04,GL-4396,2026-03-14 03:36:00,7.844586,10.747348,11.0,2.89
T04,GL-4396,2026-03-14 03:37:00,7.843919,10.747166,10.4,4.69
T04,GL-4396,2026-03-14 03:38:00,7.843272,10.747145,9.6,4.94
T04,GL-4396,2026-03-14 03:39:00,7.842642,10.7471,7.1,4.52
T04,GL-4396,2026-03-14 03:40:00,7.842135,10.747029,5.5,3.07
T04,GL-4396,2026-03-14 03:41:00,7.841363,10.747014,10.8,4.13
T04,GL-4396,2026-03-14 03:42:00,7.840921,10.746768,10.9,3.21
T04,GL-4396,2026-03-14 03:43:00,7.840202,10.746835,9.5,4.42
T04,GL-4396,2026-03-14 03:44:00,7.839473,10.746716,4.6,4.96
T04,GL-4396,2026-03-14 03:45:00,7.838936,10.746788,8.4,4.18
T04,GL-4396,2026-03-14 03:46:00,7.838343,10.746638,7.8,4.12
T04,GL-4396,2026-03-14 03:47:00,7.837663,10.746649,5.6,3.97
T04,GL-4396,2026-03-14 03:48:00,7.837066,10.746441,10.3,3.44
T04,GL-4396,2026-03-14 03:49:00,7.836349,10.74646,8.6,2.84
T04,GL-4396,2026-03-14 03:50:00,7.835903,10.746412,7.8,4.2
T04,GL-4396,2026-03-14 03:51:00,7.835114,10.746373,10.3,3.81
T04,GL-4396,2026-03-14 03:52:00,7.834593,10.746259,4.2,2.92
T04,GL-4396,2026-03-14 03:53:00,7.833944,10.746271,8.4,3.42
T04,GL-4396,2026-03-14 03:54:00,7.833264,10.746188,6.2,3.98
T04,GL-4396,2026-03-14 03:55:00,7.832682,10.746236,9.4,3.42
T04,GL-4396,2026-03-14 03:56:00,7.832031,10.746116,5.8,5.14
T04,GL-4396,2026-03-14 03:57:00,7.831433,10.746049,10.3,3.08
T04,GL-4396,2026-03-14 03:58:00,7.830645,10.745795,11.1,5.42
T04,GL-4396,2026-03-14 03:59:00,7.830233,10.745796,11.0,3.11
T04,GL-4396,2026-03-14 04:00:00,7.829575,10.745817,11.6,4.81
T04,GL-4396,2026-03-14 04:01:00,7.828929,10.745688,8.6,4.09
T04,GL-4396,2026-03-14 04:02:00,7.828307,10.745668,8.1,3.5
T04,GL-4396,2026-03-14 04:03:00,7.827685,10.745734,8.8,3.09
T04,GL-4396,2026-03-14 04:04:00,7.827067,10.745553,8.0,4.53
T04,GL-4396,2026-03-14 04:05:00,7.826435,10.745411,8.7,4.12
T04,GL-4396,2026-03-14 04:06:00,7.825826,10.745487,8.9,3.86
T04,GL-4396,2026-03-14 04:07:00,7.825167,10.745381,8.5,4.86
T04,GL-4396,2026-03-14 04:08:00,7.824426,10.745316,11.8,5.36
T04,GL-4396,2026-03-14 04:09:00,7.823879,10.745219,4.3,4.59
T04,GL-4396,2026-03-14 04:10:00,7.823311,10.745184,9.2,3.3
T04,GL-4396,2026-03-14 04:11:00,7.822557,10.745135,11.7,4.33
T04,GL-4396,2026-03-14 04:12:00,7.821995,10.745055,10.8,2.87
T04,GL-4396,2026-03-14 04:13:00,7.821341,10.745025,6.9,4.03
T04,GL-4396,2026-03-14 04:14:00,7.820816,10.744874,8.1,3.74
T04,GL-4396,2026-03-14 04:15:00,7.820205,10.744787,7.6,3.06
T04,GL-4396,2026-03-14 04:16:00,7.819522,10.74485,10.0,5.59
T04,GL-4396,2026-03-14 04:17:00,7.818898,10.744736,5.5,4.8
T04,GL-4396,2026-03-14 04:18:00,7.818316,10.744816,9.0,4.63
T04,GL-4396,2026-03-14 04:19:00,7.817526,10.744691,7.9,5.03
T04,GL-4396,2026-03-14 04:20:00,7.817143,10.74456,8.3,4.83
T04,GL-4396,2026-03-14 04:21:00,7.816392,10.74442,7.4,3.72
T04,GL-4396,2026-03-14 04:22:00,7.815736,10.744395,5.1,3.47
T04,GL-4396,2026-03-14 04:23:00,7.815194,10.74429,5.7,4.92
T04,GL-4396,2026-03-14 04:24:00,7.814507,10.744283,5.5,5.39
T04,GL-4396,2026-03-14 04:25:00,7.813772,10.744252,10.9,3.18
T04,GL-4396,2026-03-14 04:26:00,7.813269,10.744164,11.6,3.52
T04,GL-4396,2026-03-14 04:27:00,7.812572,10.744115,8.9,4.8
T04,GL-4396,2026-03-14 04:28:00,7.811993,10.74398,9.7,4.15
T04,GL-4396,2026-03-14 04:29:00,7.811418,10.744038,10.3,3.89
T04,GL-4396,2026-03-14 04:30:00,7.810655,10.743889,4.3,4.88
T04,GL-4396,2026-03-14 04:31:00,7.810098,10.743955,11.8,3.49
T04,GL-4396,2026-03-14 04:32:00,7.809457,10.743716,9.1,5.53
T04,GL-4396,2026-03-14 04:33:00,7.808882,10.743705,8.5,3.2
T04,GL-4396,2026-03-14 04:34:00,7.808216,10.743751,10.4,2.84
T04,GL-4396,2026-03-14 04:35:00,7.807598,10.743669,,4.26
T04,GL-4396,2026-03-14 04:36:00,7.807005,10.743477,8.5,2.96
T04,GL-4396,2026-03-14 04:37:00,7.806434,10.743319,4.5,3.4
T04,GL-4396,2026-03-14 04:38:00,7.805576,10.743434,4.1,4.74
T04,GL-4396,2026-03-14 04:39:00,7.805134,10.743316,6.0,4.13
T04,GL-4396,2026-03-14 04:40:00,7.804511,10.743365,10.0,3.55
T04,GL-4396,2026-03-14 04:41:00,7.803812,10.743243,11.8,5.07
T04,GL-4396,2026-03-14 04:42:00,7.80322,10.743217,5.9,5.0
T04,GL-4396,2026-03-14 04:43:00,7.802602,10.74313,9.5,3.92
T04,GL-4396,2026-03-14 04:44:00,7.801944,10.743089,9.9,3.48
T04,GL-4396,2026-03-14 04:45:00,7.80131,10.74304,11.0,5.41
T04,GL-4396,2026-03-14 04:46:00,7.800738,10.742954,5.7,3.04
T04,GL-4396,2026-03-14 04:47:00,7.799971,10.742866,10.0,3.54
T04,GL-4396,2026-03-14 04:48:00,7.799431,10.74296,9.9,4.78
T04,GL-4396,2026-03-14 04:49:00,7.798777,10.742748,11.1,3.61
T04,GL-4396,2026-03-14 04:50:00,7.798206,10.742769,10.8,3.19
T04,GL-4396,2026-03-14 04:51:00,7.797587,10.742705,4.9,5.31
T04,GL-4396,2026-03-14 04:52:00,7.797074,10.742599,6.2,5.02
T04,GL-4396,2026-03-14 04:53:00,7.796291,10.742626,4.4,3.44
T04,GL-4396,2026-03-14 04:54:00,7.795835,10.742343,10.2,4.14
T04,GL-4396,2026-03-14 04:55:00,7.795075,10.742588,4.5,3.74
T04,GL-4396,2026-03-14 04:56:00,7.794378,10.742351,11.4,3.54
T04,GL-4396,2026-03-14 04:57:00,7.793757,10.74228,11.0,4.38
T04,GL-4396,2026-03-14 04:58:00,7.793216,10.742139,4.5,3.74
T04,GL-4396,2026-03-14 04:59:00,7.792493,10.742174,6.8,3.9
T04,GL-4396,2026-03-14 05:00:00,7.791916,10.742015,8.0,3.6
T04,GL-4396,2026-03-14 05:01:00,7.791378,10.742041,10.9,4.7
T04,GL-4396,2026-03-14 05:02:00,7.790629,10.741984,8.0,4.18
T04,GL-4396,2026-03-14 05:03:00,7.790029,10.742087,11.6,4.9
T04,GL-4396,2026-03-14 05:04:00,7.789419,10.741792,7.2,3.92
T04,GL-4396,2026-03-14 05:05:00,7.788772,10.741724,6.8,5.06
T04,GL-4396,2026-03-14 05:06:00,7.788173,10.741708,6.7,5.41
T04,GL-4396,2026-03-14 05:07:00,7.787566,10.741748,6.5,4.78
T04,GL-4396,2026-03-14 05:08:00,7.786941,10.741728,8.8,4.25
T04,GL-4396,2026-03-14 05:09:00,7.78618,10.741604,5.8,3.8
T04,GL-4396,2026-03-14 05:10:00,7.785704,10.741531,6.8,4.21
T04,GL-4396,2026-03-14 05:11:00,7.785013,10.741462,7.0,5.51
T04,GL-4396,2026-03-14 05:12:00,7.784541,10.741353,6.8,3.91
T04,GL-4396,2026-03-14 05:13:00,7.78372,10.741267,4.4,3.21
T04,GL-4396,2026-03-14 05:14:00,7.783121,10.741412,8.0,3.12
T04,GL-4396,2026-03-14 05:15:00,7.782532,10.74115,11.9,4.5
T04,GL-4396,2026-03-14 05:16:00,7.781978,10.74114,6.7,5.12
T04,GL-4396,2026-03-14 05:17:00,7.781325,10.741146,6.6,3.73
T04,GL-4396,2026-03-14 05:18:00,7.780502,10.741,4.6,3.67
T04,GL-4396,2026-03-14 05:19:00,7.780016,10.741006,8.2,3.87
T04,GL-4396,2026-03-14 05:20:00,7.779357,10.740924,5.8,3.76
T04,GL-4396,2026-03-14 05:21:00,7.77879,10.74076,10.4,2.85
T04,GL-4396,2026-03-14 05:22:00,7.778141,10.740761,9.1,3.18
T04,GL-4396,2026-03-14 05:23:00,7.777511,10.740671,4.1,4.95
T04,GL-4396,2026-03-14 05:24:00,7.776901,10.740768,10.2,5.23
T04,GL-4396,2026-03-14 05:25:00,7.776299,10.74058,7.0,4.8
T04,GL-4396,2026-03-14 05:26:00,7.775642,10.740492,8.2,3.48
T04,GL-4396,2026-03-14 05:27:00,7.774885,10.740391,11.9,4.47
T04,GL-4396,2026-03-14 05:28:00,7.77446,10.740378,6.8,4.25
T04,GL-4396,2026-03-14 05:29:00,7.773778,10.740488,6.9,3.88
T04,GL-4396,2026-03-14 05:30:00,7.773126,10.740313,8.6,4.26
T04,GL-4396,2026-03-14 05:31:00,7.772549,10.740266,8.1,4.91
T04,GL-4396,2026-03-14 05:32:00,7.771892,10.740158,9.6,3.58
T04,GL-4396,2026-03-14 05:33:00,7.771261,10.740144,7.2,5.03
T04,GL-4396,2026-03-14 05:34:00,7.770607,10.740096,7.7,4.83
T04,GL-4396,2026-03-14 05:35:00,7.76997,10.739941,8.9,3.15
T04,GL-4396,2026-03-14 05:36:00,7.769594,10.739828,9.9,4.25
T04,GL-4396,2026-03-14 05:37:00,7.768822,10.739824,6.1,5.24
T04,GL-4396,2026-03-14 05:38:00,7.768289,10.73971,5.1,3.05
T04,GL-4396,2026-03-14 05:39:00,7.767665,10.739808,11.8,4.19
T04,GL-4396,2026-03-14 05:40:00,7.766832,10.739634,7.5,2.94
T04,GL-4396,2026-03-14 05:41:00,7.766281,10.73946,5.4,5.6
T04,GL-4396,2026-03-14 05:42:00,7.765724,10.739545,10.4,3.65
T04,GL-4396,2026-03-14 05:43:00,7.764996,10.739391,,4.97
T04,GL-4396,2026-03-14 05:44:00,7.764429,10.739363,11.5,3.42
T04,GL-4396,2026-03-14 05:45:00,7.763766,10.739335,8.1,5.34
T04,GL-4396,2026-03-14 05:46:00,7.763109,10.739165,4.9,3.63
T04,GL-4396,2026-03-14 05:47:00,7.762396,10.739172,7.0,3.95
T04,GL-4396,2026-03-14 05:48:00,7.761808,10.739215,10.0,2.94
T04,GL-4396,2026-03-14 05:49:00,7.761253,10.739126,5.2,4.51
T04,GL-4396,2026-03-14 05:50:00,7.760568,10.739011,8.0,4.68
T04,GL-4396,2026-03-14 05:51:00,7.759959,10.73907,7.9,3.7
T04,GL-4396,2026-03-14 05:52:00,7.759345,10.738871,7.0,2.81
T04,GL-4396,2026-03-14 05:53:00,7.758654,10.73888,5.4,3.93
T04,GL-4396,2026-03-14 05:54:00,7.758068,10.738792,10.0,3.32
T04,GL-4396,2026-03-14 05:55:00,7.757492,10.738789,8.1,4.13
T04,GL-4396,2026-03-14 05:56:00,7.756814,10.738675,7.1,2.99
T04,GL-4396,2026-03-14 05:57:00,7.756216,10.738589,11.5,4.15
T04,GL-4396,2026-03-14 05:58:00,7.755492,10.738479,9.0,3.49
T04,GL-4396,2026-03-14 05:59:00,7.754983,10.73846,10.7,3.54
T04,GL-4396,2026-03-14 06:00:00,7.754279,10.738465,7.7,5.38
T04,GL-4396,2026-03-14 06:01:00,7.753798,10.738308,10.7,5.47
T04,GL-4396,2026-03-14 06:02:00,7.753126,10.738288,9.2,3.73
T04,GL-4396,2026-03-14 06:03:00,7.752586,10.738309,5.8,4.38
T04,GL-4396,2026-03-14 06:04:00,7.751936,10.738229,7.6,3.39
T04,GL-4396,2026-03-14 06:05:00,7.751149,10.738084,11.3,5.45
T04,GL-4396,2026-03-14 06:06:00,7.750654,10.738123,7.4,3.19
T04,GL-4396,2026-03-14 06:07:00,7.750039,10.737941,5.3,5.07
T04,GL-4396,2026-03-14 06:08:00,7.749217,10.737877,5.0,3.11
T04,GL-4396,2026-03-14 06:09:00,7.748785,10.737993,9.9,5.58
T04,GL-4396,2026-03-14 06:10:00,7.748155,10.737778,11.7,3.02
T04,GL-4396,2026-03-14 06:11:00,7.747415,10.737686,6.4,5.1
T04,GL-4396,2026-03-14 06:12:00,7.746801,10.737746,9.1,3.07
T04,GL-4396,2026-03-14 06:13:00,7.746231,10.737773,5.7,3.62
T04,GL-4396,2026-03-14 06:14:00,7.745542,10.737534,4.2,5.25
T04,GL-4396,2026-03-14 06:15:00,7.744951,10.737556,8.6,4.6
T04,GL-4396,2026-03-14 06:16:00,7.744444,10.737484,7.3,3.35
T04,GL-4396,2026-03-14 06:17:00,7.74363,10.73735,6.4,3.33
T04,GL-4396,2026-03-14 06:18:00,7.743087,10.737406,9.0,3.88
T04,GL-4396,2026-03-14 06:19:00,7.742496,10.737301,5.8,3.36
T04,GL-4396,2026-03-14 06:20:00,7.741828,10.737261,6.4,2.96
T04,GL-4396,2026-03-14 06:21:00,7.741189,10.737085,5.7,4.95
T04,GL-4396,2026-03-14 06:22:00,7.740688,10.737097,8.2,5.46
T04,GL-4396,2026-03-14 06:23:00,7.740007,10.737094,,4.78
T04,GL-4396,2026-03-14 06:24:00,7.739216,10.737051,4.9,5.0
T04,GL-4396,2026-03-14 06:25:00,7.738795,10.736979,12.0,3.3
T04,GL-4396,2026-03-14 06:26:00,7.738058,10.736676,5.8,4.64
T04,GL-4396,2026-03-14 06:27:00,7.737465,10.736787,5.7,3.71
T04,GL-4396,2026-03-14 06:28:00,7.73681,10.736637,8.1,4.18
T04,GL-4396,2026-03-14 06:29:00,7.73619,10.736534,9.0,4.54
T04,GL-4396,2026-03-14 06:30:00,7.735603,10.736685,5.3,4.62
T04,GL-4396,2026-03-14 06:31:00,7.734974,10.736566,,3.48
T04,GL-4396,2026-03-14 06:32:00,7.734311,10.736475,5.7,3.67
T04,GL-4396,2026-03-14 06:33:00,7.73372,10.736326,11.4,5.21
T04,GL-4396,2026-03-14 06:34:00,7.73305,10.736362,10.4,4.19
T04,GL-4396,2026-03-14 06:35:00,7.712235,10.73617,6.2,386.08
T04,GL-4396,2026-03-14 06:36:00,7.731839,10.736122,6.7,4.66
T04,GL-4396,2026-03-14 06:37:00,7.731203,10.736193,8.6,4.88
T04,GL-4396,2026-03-14 06:38:00,7.730483,10.736203,5.9,4.37
T04,GL-4396,2026-03-14 06:39:00,7.729875,10.736006,8.8,4.65
T04,GL-4396,2026-03-14 06:40:00,7.729378,10.736092,7.6,3.61
T04,GL-4396,2026-03-14 06:41:00,7.728634,10.736022,11.2,4.12
T04,GL-4396,2026-03-14 06:42:00,7.728017,10.735884,8.2,3.45
T04,GL-4396,2026-03-14 06:43:00,7.727519,10.735777,10.0,3.7
T04,GL-4396,2026-03-14 06:44:00,7.726781,10.735778,5.0,5.27
T04,GL-4396,2026-03-14 06:45:00,7.726205,10.735633,7.7,4.45
T04,GL-4396,2026-03-14 06:46:00,7.725486,10.735627,10.2,3.59
T04,GL-4396,2026-03-14 06:47:00,7.724935,10.735635,7.8,4.52
T04,GL-4396,2026-03-14 06:48:00,7.724134,10.735611,10.6,3.98
T04,GL-4396,2026-03-14 06:49:00,7.723611,10.735406,5.8,4.6
T04,GL-4396,2026-03-14 06:50:00,7.723048,10.735309,4.7,3.04
T04,GL-4396,2026-03-14 06:51:00,7.722427,10.73529,5.9,3.94
T04,GL-4396,2026-03-14 06:52:00,7.721785,10.735326,11.6,5.4
T04,GL-4396,2026-03-14 06:53:00,7.721334,10.735213,4.5,3.24
T04,GL-4396,2026-03-14 06:54:00,7.720437,10.735057,7.6,3.27
T04,GL-4396,2026-03-14 06:55:00,7.720067,10.735077,9.9,5.59
T04,GL-4396,2026-03-14 06:56:00,7.719215,10.735004,4.9,3.56
T04,GL-4396,2026-03-14 06:57:00,7.718679,10.735037,10.4,2.94
T04,GL-4396,2026-03-14 06:58:00,7.718066,10.734939,11.7,3.61
T04,GL-4396,2026-03-14 06:59:00,7.717347,10.734774,10.3,4.46
T04,GL-4396,2026-03-14 07:00:00,7.716704,10.734723,7.4,5.02
T04,GL-4396,2026-03-14 07:01:00,7.716178,10.734644,4.0,5.28
T04,GL-4396,2026-03-14 07:02:00,7.715439,10.734601,11.4,4.43
T04,GL-4396,2026-03-14 07:03:00,7.714955,10.73452,4.2,5.55
T04,GL-4396,2026-03-14 07:04:00,7.714316,10.734345,5.1,4.77
T04,GL-4396,2026-03-14 07:05:00,7.71365,10.734439,9.3,4.23
T04,GL-4396,2026-03-14 07:06:00,7.712995,10.734447,7.3,4.97
T04,GL-4396,2026-03-14 07:07:00,7.712318,10.734411,,5.43
T04,GL-4396,2026-03-14 07:08:00,7.711682,10.7343,5.0,3.04
T04,GL-4396,2026-03-14 07:09:00,7.71115,10.734228,8.4,4.63
T04,GL-4396,2026-03-14 07:10:00,7.710608,10.734223,11.2,3.1
T04,GL-4396,2026-03-14 07:11:00,7.70987,10.734042,8.9,3.84
T04,GL-4396,2026-03-14 07:12:00,7.709252,10.734106,11.3,4.31
T04,GL-4396,2026-03-14 07:13:00,7.70868,10.733927,9.4,4.77
T04,GL-4396,2026-03-14 07:14:00,7.708055,10.733934,10.8,4.81
T04,GL-4396,2026-03-14 07:15:00,7.707358,10.733853,8.8,3.02
T04,GL-4396,2026-03-14 07:16:00,7.706743,10.733849,6.7,5.43
T04,GL-4396,2026-03-14 07:17:00,7.706134,10.733726,7.6,4.48
T04,GL-4396,2026-03-14 07:18:00,7.705457,10.733618,11.2,3.77
T04,GL-4396,2026-03-14 07:19:00,7.704813,10.73359,6.3,3.29
T04,GL-4396,2026-03-14 07:20:00,7.704235,10.733594,9.6,3.62
T04,GL-4396,2026-03-14 07:21:00,7.703618,10.733477,5.0,4.18
T04,GL-4396,2026-03-14 07:22:00,7.702934,10.733378,6.6,5.2
T04,GL-4396,2026-03-14 07:23:00,7.702389,10.733401,7.4,2.9
T04,GL-4396,2026-03-14 07:24:00,7.701774,10.733244,10.2,4.85
T04,GL-4396,2026-03-14 07:25:00,7.701021,10.733156,9.0,3.73
T04,GL-4396,2026-03-14 07:26:00,7.700602,10.733125,9.1,4.22
T04,GL-4396,2026-03-14 07:27:00,7.699868,10.733126,7.3,3.85
T04,GL-4396,2026-03-14 07:28:00,7.699236,10.733035,4.7,3.32
T04,GL-4396,2026-03-14 07:29:00,7.698626,10.733065,11.2,4.25
T04,GL-4396,2026-03-14 07:30:00,7.698022,10.732851,9.9,4.51
T04,GL-4396,2026-03-14 07:31:00,7.697406,10.732841,,4.64
T04,GL-4396,2026-03-14 07:32:00,7.696643,10.732706,11.2,5.45
T04,GL-4396,2026-03-14 07:33:00,7.696061,10.732792,5.1,5.43
T04,GL-4396,2026-03-14 07:34:00,7.695419,10.732693,9.2,4.71
T04,GL-4396,2026-03-14 07:35:00,7.69488,10.732623,6.4,3.53
T04,GL-4396,2026-03-14 07:36:00,7.694176,10.732563,6.2,4.53
T04,GL-4396,2026-03-14 07:37:00,7.693635,10.732518,11.2,4.82
T04,GL-4396,2026-03-14 07:38:00,7.692954,10.732457,9.3,4.17
T04,GL-4396,2026-03-14 07:39:00,7.692334,10.732307,7.0,3.12
T04,GL-4396,2026-03-14 07:40:00,7.691705,10.73225,6.7,3.04
T04,GL-4396,2026-03-14 07:41:00,7.691113,10.732204,7.3,4.81
T04,GL-4396,2026-03-14 07:42:00,7.690338,10.732209,11.2,4.31
T04,GL-4396,2026-03-14 07:43:00,7.689934,10.732182,10.2,3.14
T04,GL-4396,2026-03-14 07:44:00,7.689218,10.731907,7.3,3.08
T04,GL-4396,2026-03-14 07:45:00,7.68845,10.731979,10.2,5.57
T04,GL-4396,2026-03-14 07:46:00,7.687931,10.731981,8.5,4.46
T04,GL-4396,2026-03-14 07:47:00,7.687357,10.731848,9.2,4.52
T04,GL-4396,2026-03-14 07:48:00,7.686682,10.731845,7.6,4.81
T04,GL-4396,2026-03-14 07:49:00,7.686042,10.731784,5.1,3.77
T04,GL-4396,2026-03-14 07:50:00,7.685522,10.731758,7.4,5.22
T04,GL-4396,2026-03-14 07:51:00,7.684717,10.731493,7.5,3.1
T04,GL-4396,2026-03-14 07:52:00,7.684144,10.731631,7.2,3.34
T04,GL-4396,2026-03-14 07:53:00,7.683582,10.731497,5.1,5.02
T04,GL-4396,2026-03-14 07:54:00,7.682897,10.731414,9.7,3.93
T04,GL-4396,2026-03-14 07:55:00,7.682395,10.731471,5.0,5.39
T04,GL-4396,2026-03-14 07:56:00,7.681691,10.731302,4.3,5.18
T04,GL-4396,2026-03-14 07:57:00,7.680992,10.731188,8.7,3.09
T04,GL-4396,2026-03-14 07:58:00,7.680429,10.731177,8.2,2.93
T04,GL-4396,2026-03-14 07:59:00,7.679847,10.731273,4.3,4.27
T04,GL-4396,2026-03-14 08:00:00,7.679058,10.731096,8.0,4.6
T04,GL-4396,2026-03-14 08:01:00,7.678607,10.730979,10.6,5.07
T04,GL-4396,2026-03-14 08:02:00,7.677901,10.730957,11.6,5.45
T04,GL-4396,2026-03-14 08:03:00,7.677389,10.731017,5.9,3.73
T04,GL-4396,2026-03-14 08:04:00,7.676705,10.730764,7.6,4.68
T04,GL-4396,2026-03-14 08:05:00,7.676129,10.730786,7.0,5.57
T04,GL-4396,2026-03-14 08:06:00,7.675421,10.73068,5.0,5.11
T04,GL-4396,2026-03-14 08:07:00,7.674906,10.730721,11.4,3.96
T04,GL-4396,2026-03-14 08:08:00,7.674082,10.730609,7.1,5.36
T04,GL-4396,2026-03-14 08:09:00,7.673471,10.730479,11.9,3.7
T04,GL-4396,2026-03-14 08:10:00,7.67291,10.73064,9.3,4.77
T04,GL-4396,2026-03-14 08:11:00,7.67231,10.730333,10.3,4.33
T04,GL-4396,2026-03-14 08:12:00,7.671628,10.730293,11.1,3.46
T04,GL-4396,2026-03-14 08:13:00,7.670935,10.730327,9.2,3.67
T04,GL-4396,2026-03-14 08:14:00,7.67043,10.730166,,2.85
T04,GL-4396,2026-03-14 08:15:00,7.669876,10.730139,11.6,4.92
T04,GL-4396,2026-03-14 08:16:00,7.669173,10.730214,11.1,3.16
T04,GL-4396,2026-03-14 08:17:00,7.668502,10.729994,7.9,5.27
T04,GL-4396,2026-03-14 08:18:00,7.668012,10.72999,7.1,3.25
T04,GL-4396,2026-03-14 08:19:00,7.667252,10.729885,7.5,3.97
T04,GL-4396,2026-03-14 08:20:00,7.666709,10.729838,9.7,4.95
T04,GL-4396,2026-03-14 08:21:00,7.666103,10.729854,7.0,2.87
T04,GL-4396,2026-03-14 08:22:00,7.665305,10.729723,4.5,2.94
T04,GL-4396,2026-03-14 08:23:00,7.664791,10.729594,4.8,5.08
T04,GL-4396,2026-03-14 08:24:00,7.664174,10.729566,7.4,3.97
T04,GL-4396,2026-03-14 08:25:00,7.66349,10.729412,10.4,3.44
T04,GL-4396,2026-03-14 08:26:00,7.662973,10.729569,6.7,4.01
T04,GL-4396,2026-03-14 08:27:00,7.662349,10.729316,5.3,4.99
T04,GL-4396,2026-03-14 08:28:00,7.661607,10.729251,11.8,3.04
T04,GL-4396,2026-03-14 08:29:00,7.660906,10.729236,4.4,3.99
T04,GL-4396,2026-03-14 08:30:00,7.660456,10.729349,10.8,4.97
T04,GL-4396,2026-03-14 08:31:00,7.659834,10.729252,6.1,4.05
T04,GL-4396,2026-03-14 08:32:00,7.659116,10.729034,6.2,3.97
T04,GL-4396,2026-03-14 08:33:00,7.658705,10.729064,11.2,4.83
T04,GL-4396,2026-03-14 08:34:00,7.657891,10.729005,8.8,4.7
T04,GL-4396,2026-03-14 08:35:00,7.657303,10.728918,11.8,5.34
T04,GL-4396,2026-03-14 08:36:00,7.656661,10.728885,10.1,3.93
T04,GL-4396,2026-03-14 08:37:00,7.655883,10.728831,4.4,5.12
T04,GL-4396,2026-03-14 08:38:00,7.655352,10.728758,6.1,3.15
T04,GL-4396,2026-03-14 08:39:00,7.654868,10.728698,5.2,5.53
T04,GL-4396,2026-03-14 08:40:00,7.654084,10.72853,9.2,3.15
T04,GL-4396,2026-03-14 08:41:00,7.653478,10.728393,7.9,4.54
T04,GL-4396,2026-03-14 08:42:00,7.652845,10.728505,11.8,3.16
T04,GL-4396,2026-03-14 08:43:00,7.652351,10.728502,11.3,3.4
T04,GL-4396,2026-03-14 08:44:00,7.65163,10.728399,8.1,3.88
T04,GL-4396,2026-03-14 08:45:00,7.650971,10.728397,6.6,3.78
T04,GL-4396,2026-03-14 08:46:00,7.650435,10.728218,7.0,5.15
T04,GL-4396,2026-03-14 08:47:00,7.649673,10.728197,10.0,4.97
T04,GL-4396,2026-03-14 08:48:00,7.649121,10.728103,9.0,4.66
T04,GL-4396,2026-03-14 08:49:00,7.648443,10.728035,8.2,5.15
T04,GL-4396,2026-03-14 08:50:00,7.647948,10.727911,8.7,4.04
T04,GL-4396,2026-03-14 08:51:00,7.647317,10.727994,9.2,4.74
T04,GL-4396,2026-03-14 08:52:00,7.646555,10.727793,8.3,3.12
T04,GL-4396,2026-03-14 08:53:00,7.645977,10.72788,6.5,5.45
T04,GL-4396,2026-03-14 08:54:00,7.645312,10.727806,11.6,3.49
T04,GL-4396,2026-03-14 08:55:00,7.64477,10.727769,5.1,4.81
T04,GL-4396,2026-03-14 08:56:00,7.644079,10.727616,4.4,3.62
T04,GL-4396,2026-03-14 08:57:00,7.643591,10.727616,7.0,4.71
T04,GL-4396,2026-03-14 08:58:00,7.642799,10.727581,10.2,4.78
T04,GL-4396,2026-03-14 08:59:00,7.642273,10.727517,10.3,3.24
T04,GL-4396,2026-03-14 09:00:00,7.641559,10.727462,7.6,2.94
T04,GL-4396,2026-03-14 09:01:00,7.640926,10.727368,6.6,5.12
T04,GL-4396,2026-03-14 09:02:00,7.640448,10.727307,8.0,4.74
T04,GL-4396,2026-03-14 09:03:00,7.63968,10.727278,4.6,3.7
T04,GL-4396,2026-03-14 09:04:00,7.639146,10.727093,8.9,3.06
T04,GL-4396,2026-03-14 09:05:00,7.63848,10.727059,8.0,5.52
T04,GL-4396,2026-03-14 09:06:00,7.637809,10.727078,9.8,5.6
T04,GL-4396,2026-03-14 09:07:00,7.637283,10.726898,8.2,5.47
T04,GL-4396,2026-03-14 09:08:00,7.636597,10.726976,4.9,4.9
T04,GL-4396,2026-03-14 09:09:00,7.635971,10.726932,10.0,2.85
T04,GL-4396,2026-03-14 09:10:00,7.635415,10.72679,8.6,3.97
T04,GL-4396,2026-03-14 09:11:00,7.63472,10.726729,6.4,3.51
T04,GL-4396,2026-03-14 09:12:00,7.634227,10.726689,4.8,3.83
T04,GL-4396,2026-03-14 09:13:00,7.633544,10.726561,9.7,4.5
T04,GL-4396,2026-03-14 09:14:00,7.632794,10.726507,11.3,3.33
T04,GL-4396,2026-03-14 09:15:00,7.632181,10.726491,4.8,3.66
T04,GL-4396,2026-03-14 09:16:00,7.63162,10.726401,7.2,3.65
T04,GL-4396,2026-03-14 09:17:00,7.630863,10.72641,9.1,4.16
T04,GL-4396,2026-03-14 09:18:00,7.630198,10.726334,5.7,4.86
T04,GL-4396,2026-03-14 09:19:00,7.629748,10.726199,5.9,3.09
T04,GL-4396,2026-03-14 09:20:00,7.629058,10.726265,11.5,4.77
T04,GL-4396,2026-03-14 09:21:00,7.628432,10.726099,6.0,4.29
T04,GL-4396,2026-03-14 09:22:00,7.627888,10.72597,4.8,3.49
T04,GL-4396,2026-03-14 09:23:00,7.627155,10.726031,7.8,5.01
T04,GL-4396,2026-03-14 09:24:00,7.626493,10.72596,7.7,5.17
T04,GL-4396,2026-03-14 09:25:00,7.625859,10.725843,6.9,3.66
T04,GL-4396,2026-03-14 09:26:00,7.625247,10.725826,10.0,2.94
T04,GL-4396,2026-03-14 09:27:00,7.6247,10.725696,11.0,3.47
T04,GL-4396,2026-03-14 09:28:00,7.624082,10.725728,8.7,4.7
T04,GL-4396,2026-03-14 09:29:00,7.623449,10.725529,9.5,3.72
T04,GL-4396,2026-03-14 09:30:00,7.622793,10.72558,8.1,5.53
T04,GL-4396,2026-03-14 09:31:00,7.622208,10.725427,8.1,4.53
T04,GL-4396,2026-03-14 09:32:00,7.621572,10.725412,6.4,4.51
T04,GL-4396,2026-03-14 09:33:00,7.620921,10.72551,7.5,5.02
T04,GL-4396,2026-03-14 09:34:00,7.620309,10.725363,7.8,3.8
T04,GL-4396,2026-03-14 09:35:00,7.619584,10.725202,10.8,3.82
T04,GL-4396,2026-03-14 09:36:00,7.619139,10.725308,11.1,3.71
T04,GL-4396,2026-03-14 09:37:00,7.618488,10.725092,5.8,3.23
T04,GL-4396,2026-03-14 09:38:00,7.617794,10.725098,8.4,4.81
T04,GL-4396,2026-03-14 09:39:00,7.617184,10.72499,9.1,4.08
T04,GL-4396,2026-03-14 09:40:00,7.616576,10.7249,11.9,4.82
T04,GL-4396,2026-03-14 09:41:00,7.615988,10.724904,12.0,4.55
T04,GL-4396,2026-03-14 09:42:00,7.615324,10.724788,4.1,4.64
T04,GL-4396,2026-03-14 09:43:00,7.614686,10.724755,,3.36
T04,GL-4396,2026-03-14 09:44:00,7.614026,10.724643,11.2,4.74
T04,GL-4396,2026-03-14 09:45:00,7.613354,10.72476,9.5,4.87
T04,GL-4396,2026-03-14 09:46:00,7.612833,10.724508,8.4,3.25
T04,GL-4396,2026-03-14 09:47:00,7.612186,10.724517,8.1,4.74
T04,GL-4396,2026-03-14 09:48:00,7.61147,10.72446,10.6,4.25
T04,GL-4396,2026-03-14 09:49:00,7.61092,10.724442,7.6,3.74
T04,GL-4396,2026-03-14 09:50:00,7.610211,10.724261,9.0,4.27
T04,GL-4396,2026-03-14 09:51:00,7.609715,10.724331,10.0,5.09
T04,GL-4396,2026-03-14 09:52:00,7.609061,10.724216,6.6,5.33
T04,GL-4396,2026-03-14 09:53:00,7.608341,10.724107,10.3,4.53
T04,GL-4396,2026-03-14 09:54:00,7.607759,10.724098,6.4,3.88
T04,GL-4396,2026-03-14 09:55:00,7.607253,10.723977,4.7,2.97
T04,GL-4396,2026-03-14 09:56:00,7.60657,10.723918,10.4,2.85
T04,GL-4396,2026-03-14 09:57:00,7.771077,10.723896,8.6,387.56
T04,GL-4396,2026-03-14 09:58:00,7.605281,10.723835,8.9,5.56
T04,GL-4396,2026-03-14 09:59:00,7.604664,10.723853,6.7,3.62
T04,GL-4396,2026-03-14 10:00:00,7.60395,10.723643,10.5,3.87
T04,GL-4396,2026-03-14 10:01:00,7.603459,10.723631,9.7,4.1
T04,GL-4396,2026-03-14 10:02:00,7.60282,10.723609,6.0,4.35
T04,GL-4396,2026-03-14 10:03:00,7.602079,10.723603,7.9,4.48
T04,GL-4396,2026-03-14 10:04:00,7.601551,10.723532,7.0,5.14
T04,GL-4396,2026-03-14 10:05:00,7.600877,10.723476,7.4,4.34
T04,GL-4396,2026-03-14 10:06:00,7.600338,10.723375,4.6,5.26
T04,GL-4396,2026-03-14 10:07:00,7.599689,10.723267,6.5,5.29
T04,GL-4396,2026-03-14 10:08:00,7.599006,10.723336,6.5,4.51
T04,GL-4396,2026-03-14 10:09:00,7.598482,10.723182,5.6,5.36
T04,GL-4396,2026-03-14 10:10:00,7.597698,10.723125,8.0,3.52
T04,GL-4396,2026-03-14 10:11:00,7.597197,10.723082,5.2,4.08
T04,GL-4396,2026-03-14 10:12:00,7.596508,10.722967,11.1,5.24
T04,GL-4396,2026-03-14 10:13:00,7.595793,10.72299,6.1,5.49
T04,GL-4396,2026-03-14 10:14:00,7.595249,10.722823,8.6,4.19
T04,GL-4396,2026-03-14 10:15:00,7.594639,10.722744,4.0,4.45
T04,GL-4396,2026-03-14 10:16:00,7.593936,10.722703,6.4,4.06
T04,GL-4396,2026-03-14 10:17:00,7.593417,10.722614,7.4,4.36
T04,GL-4396,2026-03-14 10:18:00,7.592683,10.722523,8.8,3.89
T04,GL-4396,2026-03-14 10:19:00,7.592059,10.722518,6.9,3.69
T04,GL-4396,2026-03-14 10:20:00,7.59149,10.722528,5.9,2.86
T04,GL-4396,2026-03-14 10:21:00,7.590882,10.722416,5.5,4.43
T04,GL-4396,2026-03-14 10:22:00,7.590201,10.722317,9.2,3.83
T04,GL-4396,2026-03-14 10:23:00,7.589586,10.722367,12.0,4.82
T04,GL-4396,2026-03-14 10:24:00,7.588878,10.722294,7.5,3.88
T04,GL-4396,2026-03-14 10:25:00,7.588431,10.722149,5.1,5.23
T04,GL-4396,2026-03-14 10:26:00,7.571233,10.72219,10.1,226.38
T04,GL-4396,2026-03-14 10:27:00,7.58712,10.722028,5.8,4.14
T04,GL-4396,2026-03-14 10:28:00,7.58637,10.721987,4.7,3.95
T04,GL-4396,2026-03-14 10:29:00,7.585825,10.721902,9.3,3.71
T04,GL-4396,2026-03-14 10:30:00,7.585325,10.721845,9.5,3.85
T04,GL-4396,2026-03-14 10:31:00,7.584585,10.721964,10.8,2.95
T04,GL-4396,2026-03-14 10:32:00,7.584032,10.72176,8.2,5.23
T04,GL-4396,2026-03-14 10:33:00,7.583339,10.721647,7.2,3.15
T04,GL-4396,2026-03-14 10:34:00,7.582701,10.721706,5.3,4.21
T04,GL-4396,2026-03-14 10:35:00,7.582071,10.72155,6.0,3.9
T04,GL-4396,2026-03-14 10:36:00,7.581435,10.721595,6.8,3.23
T04,GL-4396,2026-03-14 10:37:00,7.580881,10.721471,8.8,5.1
T04,GL-4396,2026-03-14 10:38:00,7.580204,10.721445,9.9,2.94
T04,GL-4396,2026-03-14 10:39:00,7.579575,10.721379,8.2,3.37
T04,GL-4396,2026-03-14 10:40:00,7.579084,10.721268,5.1,5.07
T04,GL-4396,2026-03-14 10:41:00,7.57829,10.721117,5.8,2.96
T04,GL-4396,2026-03-14 10:42:00,7.577763,10.721293,11.2,4.92
T04,GL-4396,2026-03-14 10:43:00,7.577103,10.721135,8.6,5.32
T04,GL-4396,2026-03-14 10:44:00,7.576433,10.721075,5.3,4.81
T04,GL-4396,2026-03-14 10:45:00,7.575778,10.720994,8.2,3.92
T04,GL-4396,2026-03-14 10:46:00,7.575296,10.720912,8.0,3.71
T04,GL-4396,2026-03-14 10:47:00,7.574617,10.72088,4.3,5.04
T04,GL-4396,2026-03-14 10:48:00,7.573979,10.720816,5.3,4.35
T04,GL-4396,2026-03-14 10:49:00,7.57331,10.720637,8.5,4.49
T04,GL-4396,2026-03-14 10:50:00,7.572626,10.720733,11.1,3.41
T04,GL-4396,2026-03-14 10:51:00,7.571984,10.720627,7.3,4.83
T04,GL-4396,2026-03-14 10:52:00,7.571307,10.720498,10.6,2.87
T04,GL-4396,2026-03-14 10:53:00,7.570816,10.720457,9.0,4.35
T04,GL-4396,2026-03-14 10:54:00,7.570235,10.720498,6.2,4.05
T04,GL-4396,2026-03-14 10:55:00,7.569625,10.720405,11.6,4.74
T04,GL-4396,2026-03-14 10:56:00,7.568933,10.72032,4.2,4.48
T04,GL-4396,2026-03-14 10:57:00,7.568403,10.720273,6.7,4.15
T04,GL-4396,2026-03-14 10:58:00,7.567628,10.720042,4.5,3.72
T04,GL-4396,2026-03-14 10:59:00,7.566951,10.720199,9.1,4.23
T04,GL-4396,2026-03-14 11:00:00,7.566439,10.720076,5.8,2.95
T04,GL-4396,2026-03-14 11:01:00,7.565843,10.719981,7.0,3.33
T04,GL-4396,2026-03-14 11:02:00,7.565128,10.719965,8.7,3.5
T04,GL-4396,2026-03-14 11:03:00,7.564583,10.719785,5.4,4.01
T04,GL-4396,2026-03-14 11:04:00,7.5639,10.719576,6.6,4.08
T04,GL-4396,2026-03-14 11:05:00,7.563262,10.719738,7.3,2.82
T04,GL-4396,2026-03-14 11:06:00,7.562653,10.719656,4.7,3.02
T04,GL-4396,2026-03-14 11:07:00,7.561956,10.719567,8.8,3.93
T04,GL-4396,2026-03-14 11:08:00,7.561409,10.719554,10.1,4.67
T04,GL-4396,2026-03-14 11:09:00,7.560703,10.719518,7.4,4.08
T04,GL-4396,2026-03-14 11:10:00,7.560221,10.719459,4.1,4.24
T04,GL-4396,2026-03-14 11:11:00,7.559624,10.719253,8.0,4.03
T04,GL-4396,2026-03-14 11:12:00,7.55894,10.719291,10.4,3.57
T04,GL-4396,2026-03-14 11:13:00,7.558379,10.719233,11.1,5.13
T04,GL-4396,2026-03-14 11:14:00,7.557737,10.719153,7.8,3.44
T04,GL-4396,2026-03-14 11:15:00,7.557153,10.719191,9.1,3.4
T04,GL-4396,2026-03-14 11:16:00,7.556349,10.718888,8.6,4.28
T04,GL-4396,2026-03-14 11:17:00,7.555846,10.719032,6.5,3.91
T04,GL-4396,2026-03-14 11:18:00,7.555213,10.718919,5.4,3.26
T04,GL-4396,2026-03-14 11:19:00,7.554487,10.718699,7.5,3.52
T04,GL-4396,2026-03-14 11:20:00,7.553793,10.718842,8.7,3.97
T04,GL-4396,2026-03-14 11:21:00,7.553324,10.718768,9.9,4.21
T04,GL-4396,2026-03-14 11:22:00,7.552597,10.718645,5.4,3.06
T04,GL-4396,2026-03-14 11:23:00,7.552035,10.718641,5.7,4.73
T04,GL-4396,2026-03-14 11:24:00,7.551282,10.718633,7.2,4.56
T04,GL-4396,2026-03-14 11:25:00,7.550784,10.718502,8.7,3.12
T04,GL-4396,2026-03-14 11:26:00,7.550223,10.718592,10.7,5.56
T04,GL-4396,2026-03-14 11:27:00,7.549569,10.718324,10.6,3.79
T04,GL-4396,2026-03-14 11:28:00,7.548839,10.718287,8.6,5.3
T04,GL-4396,2026-03-14 11:29:00,7.548176,10.718357,6.4,3.31
T04,GL-4396,2026-03-14 11:30:00,7.547682,10.718165,5.1,3.0
T04,GL-4396,2026-03-14 11:31:00,7.546946,10.718163,4.5,4.94
T04,GL-4396,2026-03-14 11:32:00,7.546414,10.718113,9.3,5.34
T04,GL-4396,2026-03-14 11:33:00,7.545695,10.717882,5.5,4.11
T04,GL-4396,2026-03-14 11:34:00,7.545187,10.717923,9.2,3.97
T04,GL-4396,2026-03-14 11:35:00,7.544439,10.717917,6.4,5.19
T04,GL-4396,2026-03-14 11:36:00,7.543813,10.717884,10.4,5.28
T04,GL-4396,2026-03-14 11:37:00,7.543244,10.717756,4.1,5.15
T04,GL-4396,2026-03-14 11:38:00,7.542616,10.717741,6.0,3.33
T04,GL-4396,2026-03-14 11:39:00,7.542053,10.717759,11.0,3.34
T04,GL-4396,2026-03-14 11:40:00,7.541392,10.717539,9.6,4.08
T04,GL-4396,2026-03-14 11:41:00,7.540843,10.717459,10.2,5.24
T04,GL-4396,2026-03-14 11:42:00,7.539997,10.717444,11.6,4.65
T04,GL-4396,2026-03-14 11:43:00,7.539576,10.717423,,4.45
T04,GL-4396,2026-03-14 11:44:00,7.538764,10.717382,5.9,2.82
T04,GL-4396,2026-03-14 11:45:00,7.538249,10.717206,10.1,2.87
T04,GL-4396,2026-03-14 11:46:00,7.537685,10.71716,9.8,3.41
T04,GL-4396,2026-03-14 11:47:00,7.537002,10.717193,11.8,3.35
T04,GL-4396,2026-03-14 11:48:00,7.536414,10.717104,4.9,4.33
T04,GL-4396,2026-03-14 11:49:00,7.535644,10.716946,9.3,3.2
T04,GL-4396,2026-03-14 11:50:00,7.53504,10.716977,8.5,3.56
T04,GL-4396,2026-03-14 11:51:00,7.534537,10.717022,10.0,4.99
T04,GL-4396,2026-03-14 11:52:00,7.53378,10.716895,10.7,3.36
T04,GL-4396,2026-03-14 11:53:00,7.533288,10.716809,6.2,3.85
T04,GL-4396,2026-03-14 11:54:00,7.532496,10.716688,8.0,4.25
T04,GL-4396,2026-03-14 11:55:00,7.532051,10.716636,9.9,5.19
T04,GL-4396,2026-03-14 11:56:00,7.531331,10.716597,6.4,4.19
T04,GL-4396,2026-03-14 11:57:00,7.530699,10.716556,11.3,4.88
T04,GL-4396,2026-03-14 11:58:00,7.530022,10.716546,8.8,3.49
T04,GL-4396,2026-03-14 11:59:00,7.529407,10.716458,7.1,2.94
T04,GL-4396,2026-03-14 12:00:00,7.528829,10.716372,4.0,3.37
T04,GL-4396,2026-03-14 12:01:00,7.528225,10.716235,11.7,4.62
T04,GL-4396,2026-03-14 12:02:00,7.527519,10.716135,11.1,2.9
T04,GL-4396,2026-03-14 12:03:00,7.526943,10.716215,10.4,5.37
T04,GL-4396,2026-03-14 12:04:00,7.526321,10.716108,10.6,5.58
T04,GL-4396,2026-03-14 12:05:00,7.525606,10.716114,8.7,3.7
T04,GL-4396,2026-03-14 12:06:00,7.525077,10.716011,10.8,4.63
T04,GL-4396,2026-03-14 12:07:00,7.524507,10.715899,5.0,4.81
T04,GL-4396,2026-03-14 12:08:00,7.523875,10.715854,8.3,2.91
T04,GL-4396,2026-03-14 12:09:00,7.523354,10.715801,11.2,3.37
T04,GL-4396,2026-03-14 12:10:00,7.52255,10.715754,4.2,3.13
T04,GL-4396,2026-03-14 12:11:00,7.521952,10.715649,5.6,5.56
T04,GL-4396,2026-03-14 12:12:00,7.521404,10.715492,6.7,4.54
T04,GL-4396,2026-03-14 12:13:00,7.520739,10.715608,8.2,5.08
T04,GL-4396,2026-03-14 12:14:00,7.520064,10.715384,10.6,4.79
T04,GL-4396,2026-03-14 12:15:00,7.519344,10.715462,10.2,5.32
T04,GL-4396,2026-03-14 12:16:00,7.518839,10.715421,8.4,3.88
T04,GL-4396,2026-03-14 12:17:00,7.518123,10.715319,5.3,4.59
T04,GL-4396,2026-03-14 12:18:00,7.517533,10.715256,11.8,5.54
T04,GL-4396,2026-03-14 12:19:00,7.516941,10.715189,9.8,4.69
T04,GL-4396,2026-03-14 12:20:00,7.516359,10.714979,7.0,4.64
T04,GL-4396,2026-03-14 12:21:00,7.515575,10.715042,7.9,3.48
T04,GL-4396,2026-03-14 12:22:00,7.515,10.714995,7.7,4.72
T04,GL-4396,2026-03-14 12:23:00,7.514473,10.71503,8.3,3.76
T04,GL-4396,2026-03-14 12:24:00,7.513835,10.714841,5.4,3.54
T04,GL-4396,2026-03-14 12:25:00,7.513275,10.714828,11.7,5.15
T04,GL-4396,2026-03-14 12:26:00,7.512622,10.71475,8.0,4.76
T04,GL-4396,2026-03-14 12:27:00,7.511891,10.714699,7.9,4.47
T04,GL-4396,2026-03-14 12:28:00,7.511321,10.714668,6.0,5.24
T04,GL-4396,2026-03-14 12:29:00,7.510716,10.714474,8.7,3.75
T04,GL-4396,2026-03-14 12:30:00,7.510125,10.71451,5.0,3.93
T04,GL-4396,2026-03-14 12:31:00,7.509473,10.714497,8.2,3.26
T04,GL-4396,2026-03-14 12:32:00,7.508695,10.714448,6.6,3.68
T04,GL-4396,2026-03-14 12:33:00,7.508069,10.714301,5.7,5.42
T04,GL-4396,2026-03-14 12:34:00,7.507552,10.714278,5.9,3.5
T04,GL-4396,2026-03-14 12:35:00,7.506916,10.714162,10.9,3.7
T04,GL-4396,2026-03-14 12:36:00,7.506376,10.714089,10.5,4.44
T04,GL-4396,2026-03-14 12:37:00,7.505591,10.714003,6.3,3.05
T04,GL-4396,2026-03-14 12:38:00,7.505112,10.713971,8.7,5.14
T04,GL-4396,2026-03-14 12:39:00,7.504512,10.71396,11.3,4.16
T04,GL-4396,2026-03-14 12:40:00,7.503809,10.71388,9.6,4.47
T04,GL-4396,2026-03-14 12:41:00,7.503243,10.713742,9.0,4.35
T04,GL-4396,2026-03-14 12:42:00,7.502538,10.713835,4.5,5.12
T04,GL-4396,2026-03-14 12:43:00,7.501938,10.713678,9.4,5.26
T04,GL-4396,2026-03-14 12:44:00,7.501294,10.713694,5.6,5.16
T04,GL-4396,2026-03-14 12:45:00,7.500582,10.713561,5.9,4.9
T04,GL-4396,2026-03-14 12:46:00,7.500049,10.713437,8.5,3.89
T04,GL-4396,2026-03-14 12:47:00,7.499577,10.713565,9.6,3.09
T04,GL-4396,2026-03-14 12:48:00,7.498707,10.7135,5.7,4.47
T04,GL-4396,2026-03-14 12:49:00,7.498081,10.713419,6.7,3.68
T04,GL-4396,2026-03-14 12:50:00,7.497435,10.71332,6.9,4.48
T04,GL-4396,2026-03-14 12:51:00,7.49687,10.713098,4.8,5.46
T04,GL-4396,2026-03-14 12:52:00,7.496209,10.713202,11.7,5.6
T04,GL-4396,2026-03-14 12:53:00,7.495608,10.713142,5.3,4.36
T04,GL-4396,2026-03-14 12:54:00,7.495028,10.713072,5.3,2.88
T04,GL-4396,2026-03-14 12:55:00,7.494387,10.713069,5.6,4.65
T04,GL-4396,2026-03-14 12:56:00,7.493813,10.713028,11.2,4.95
T04,GL-4396,2026-03-14 12:57:00,7.493182,10.712949,4.6,4.89
T04,GL-4396,2026-03-14 12:58:00,7.492419,10.712768,5.9,3.54
T04,GL-4396,2026-03-14 12:59:00,7.491832,10.712744,11.4,5.57
T04,GL-4396,2026-03-14 13:00:00,7.491351,10.712696,7.9,4.99
T04,GL-4396,2026-03-14 13:01:00,7.490636,10.712649,7.0,5.5
T04,GL-4396,2026-03-14 13:02:00,7.490107,10.712593,11.9,2.83
T04,GL-4396,2026-03-14 13:03:00,7.489445,10.712456,10.2,3.32
T04,GL-4396,2026-03-14 13:04:00,7.48882,10.712459,5.7,4.9
T04,GL-4396,2026-03-14 13:05:00,7.488144,10.7124,11.0,3.91
T04,GL-4396,2026-03-14 13:06:00,7.487577,10.712349,8.8,3.36
T04,GL-4396,2026-03-14 13:07:00,7.48691,10.712204,4.2,2.9
T04,GL-4396,2026-03-14 13:08:00,7.486249,10.712203,9.5,3.06
T04,GL-4396,2026-03-14 13:09:00,7.485734,10.712029,5.0,3.89
T04,GL-4396,2026-03-14 13:10:00,7.484873,10.711981,11.2,3.07
T04,GL-4396,2026-03-14 13:11:00,7.484432,10.712024,7.4,3.69
T04,GL-4396,2026-03-14 13:12:00,7.483725,10.711894,11.5,5.58
T04,GL-4396,2026-03-14 13:13:00,7.483137,10.711913,5.8,3.82
T04,GL-4396,2026-03-14 13:14:00,7.482337,10.711768,6.1,4.15
T04,GL-4396,2026-03-14 13:15:00,7.481856,10.711781,4.5,2.84
T04,GL-4396,2026-03-14 13:16:00,7.481199,10.711716,8.8,4.11
T04,GL-4396,2026-03-14 13:17:00,7.480606,10.711725,9.3,4.35
T04,GL-4396,2026-03-14 13:18:00,7.480047,10.711571,5.3,5.0
T04,GL-4396,2026-03-14 13:19:00,7.47927,10.711487,9.0,3.32
T04,GL-4396,2026-03-14 13:20:00,7.478687,10.711433,8.8,3.57
T04,GL-4396,2026-03-14 13:21:00,7.478152,10.711461,7.4,3.63
T04,GL-4396,2026-03-14 13:22:00,7.477508,10.71134,9.0,3.52
T04,GL-4396,2026-03-14 13:23:00,7.476924,10.711217,7.2,4.46
T04,GL-4396,2026-03-14 13:24:00,7.476163,10.711194,4.4,3.45
T04,GL-4396,2026-03-14 13:25:00,7.475561,10.711121,7.1,3.39
T04,GL-4396,2026-03-14 13:26:00,7.474995,10.711102,6.8,5.29
T04,GL-4396,2026-03-14 13:27:00,7.474274,10.71107,,5.59
T04,GL-4396,2026-03-14 13:28:00,7.473572,10.710919,10.3,3.38
T04,GL-4396,2026-03-14 13:29:00,7.473019,10.710962,10.3,5.25
T04,GL-4396,2026-03-14 13:30:00,7.472513,10.710842,10.8,3.81
T04,GL-4396,2026-03-14 13:31:00,7.471822,10.710714,7.9,5.48
T04,GL-4396,2026-03-14 13:32:00,7.471094,10.710631,6.3,3.06
T04,GL-4396,2026-03-14 13:33:00,7.470435,10.710608,5.9,4.31
T04,GL-4396,2026-03-14 13:34:00,7.470032,10.710647,10.9,4.18
T04,GL-4396,2026-03-14 13:35:00,7.469452,10.710511,8.0,5.38
T04,GL-4396,2026-03-14 13:36:00,7.468647,10.710518,8.5,3.15
T04,GL-4396,2026-03-14 13:37:00,7.468046,10.710373,6.6,5.38
T04,GL-4396,2026-03-14 13:38:00,7.467392,10.710352,4.6,3.55
T04,GL-4396,2026-03-14 13:39:00,7.466801,10.710309,9.7,3.17
T04,GL-4396,2026-03-14 13:40:00,7.466233,10.710232,6.1,3.56
T04,GL-4396,2026-03-14 13:41:00,7.465614,10.710187,10.5,3.26
T04,GL-4396,2026-03-14 13:42:00,7.464909,10.710201,8.9,4.8
T04,GL-4396,2026-03-14 13:43:00,7.464323,10.710043,10.9,5.03
T04,GL-4396,2026-03-14 13:44:00,7.463691,10.709942,10.7,4.76
T04,GL-4396,2026-03-14 13:45:00,7.463038,10.7099,11.7,3.98
T04,GL-4396,2026-03-14 13:46:00,7.462473,10.709933,8.0,4.41
T04,GL-4396,2026-03-14 13:47:00,7.461837,10.709819,12.0,4.42
T04,GL-4396,2026-03-14 13:48:00,7.461168,10.709696,6.2,3.27
T04,GL-4396,2026-03-14 13:49:00,7.460558,10.709774,7.6,5.53
T04,GL-4396,2026-03-14 13:50:00,7.459956,10.709648,11.5,2.89
T04,GL-4396,2026-03-14 13:51:00,7.459235,10.709505,9.7,4.32
T04,GL-4396,2026-03-14 13:52:00,7.45856,10.709465,10.0,4.59
T04,GL-4396,2026-03-14 13:53:00,7.457985,10.709433,4.8,5.01
T04,GL-4396,2026-03-14 13:54:00,7.457457,10.709458,5.1,3.61
T04,GL-4396,2026-03-14 13:55:00,7.456806,10.709271,11.7,4.58
T04,GL-4396,2026-03-14 13:56:00,7.456206,10.709269,5.3,3.62
T04,GL-4396,2026-03-14 13:57:00,7.455542,10.709164,9.7,4.58
T04,GL-4396,2026-03-14 13:58:00,7.454877,10.709062,5.5,3.8
T04,GL-4396,2026-03-14 13:59:00,7.454283,10.70909,7.6,2.96
T04,GL-4396,2026-03-14 14:00:00,7.453643,10.709012,10.2,3.69
T04,GL-4396,2026-03-14 14:01:00,7.453061,10.708994,10.5,5.18
T04,GL-4396,2026-03-14 14:02:00,7.452322,10.70882,5.3,3.31
T04,GL-4396,2026-03-14 14:03:00,7.451794,10.708824,11.3,3.45
T04,GL-4396,2026-03-14 14:04:00,7.451197,10.708802,10.9,4.23
T04,GL-4396,2026-03-14 14:05:00,7.450518,10.708621,4.8,2.89
T04,GL-4396,2026-03-14 14:06:00,7.449886,10.708643,11.5,3.09
T04,GL-4396,2026-03-14 14:07:00,7.449259,10.708542,7.6,4.21
T04,GL-4396,2026-03-14 14:08:00,7.448581,10.708583,4.9,4.04
T04,GL-4396,2026-03-14 14:09:00,7.447958,10.708412,7.0,3.85
T04,GL-4396,2026-03-14 14:10:00,7.447412,10.708515,8.6,3.39
T04,GL-4396,2026-03-14 14:11:00,7.446782,10.708309,4.5,4.47
T04,GL-4396,2026-03-14 14:12:00,7.44613,10.708199,7.9,3.29
T04,GL-4396,2026-03-14 14:13:00,7.445529,10.708165,7.7,4.07
T04,GL-4396,2026-03-14 14:14:00,7.444928,10.708161,11.0,3.06
T04,GL-4396,2026-03-14 14:15:00,7.444321,10.708089,7.6,4.81
T04,GL-4396,2026-03-14 14:16:00,7.443557,10.707969,,2.94
T04,GL-4396,2026-03-14 14:17:00,7.442969,10.707895,4.2,3.96
T04,GL-4396,2026-03-14 14:18:00,7.442267,10.707933,9.9,2.91
T04,GL-4396,2026-03-14 14:19:00,7.441757,10.708011,10.9,3.09
T04,GL-4396,2026-03-14 14:20:00,7.441181,10.7076,11.8,4.9
T04,GL-4396,2026-03-14 14:21:00,7.440569,10.707745,8.6,4.57
T04,GL-4396,2026-03-14 14:22:00,7.43987,10.70765,6.1,4.57
T04,GL-4396,2026-03-14 14:23:00,7.439304,10.707564,4.1,5.42
T04,GL-4396,2026-03-14 14:24:00,7.438596,10.707556,8.8,3.28
T04,GL-4396,2026-03-14 14:25:00,7.438071,10.707464,7.5,2.84
T04,GL-4396,2026-03-14 14:26:00,7.437411,10.707429,7.8,3.95
T04,GL-4396,2026-03-14 14:27:00,7.436652,10.707382,7.9,3.9
T04,GL-4396,2026-03-14 14:28:00,7.436092,10.707223,7.7,5.4
T04,GL-4396,2026-03-14 14:29:00,7.435576,10.707158,11.4,3.98
T04,GL-4396,2026-03-14 14:30:00,7.434854,10.707226,9.9,5.14
T04,GL-4396,2026-03-14 14:31:00,7.434254,10.707099,8.7,3.64
T04,GL-4396,2026-03-14 14:32:00,7.433515,10.707049,5.7,4.31
T04,GL-4396,2026-03-14 14:33:00,7.432973,10.706945,5.1,2.91
T04,GL-4396,2026-03-14 14:34:00,7.432302,10.707007,6.3,3.99
T04,GL-4396,2026-03-14 14:35:00,7.431817,10.706849,4.2,4.07
T04,GL-4396,2026-03-14 14:36:00,7.431088,10.706681,4.8,4.54
T04,GL-4396,2026-03-14 14:37:00,7.430438,10.706795,6.2,3.56
T04,GL-4396,2026-03-14 14:38:00,7.42987,10.706821,11.5,4.19
T04,GL-4396,2026-03-14 14:39:00,7.429186,10.706591,7.4,4.39
T04,GL-4396,2026-03-14 14:40:00,7.428652,10.706509,9.1,2.93
T04,GL-4396,2026-03-14 14:41:00,7.427953,10.706393,5.6,5.36
T04,GL-4396,2026-03-14 14:42:00,7.427264,10.706457,5.2,4.14
T04,GL-4396,2026-03-14 14:43:00,7.426733,10.706302,8.2,5.3
T04,GL-4396,2026-03-14 14:44:00,7.426019,10.706352,6.5,5.28
T04,GL-4396,2026-03-14 14:45:00,7.425456,10.706346,7.1,4.79
T04,GL-4396,2026-03-14 14:46:00,7.424886,10.706141,11.1,2.87
T04,GL-4396,2026-03-14 14:47:00,7.424139,10.706116,9.8,3.83
T04,GL-4396,2026-03-14 14:48:00,7.423705,10.706026,8.4,3.9
T04,GL-4396,2026-03-14 14:49:00,7.42301,10.706019,6.1,3.58
T04,GL-4396,2026-03-14 14:50:00,7.422382,10.705974,4.5,2.99
T04,GL-4396,2026-03-14 14:51:00,7.421716,10.705998,5.7,3.61
T04,GL-4396,2026-03-14 14:52:00,7.421115,10.705843,9.9,5.49
T04,GL-4396,2026-03-14 14:53:00,7.42047,10.705834,8.2,4.82
T04,GL-4396,2026-03-14 14:54:00,7.419855,10.705624,4.5,4.49
T04,GL-4396,2026-03-14 14:55:00,7.419211,10.705778,5.7,5.39
T04,GL-4396,2026-03-14 14:56:00,7.418536,10.70546,6.6,3.13
T04,GL-4396,2026-03-14 14:57:00,7.417947,10.705501,10.1,4.96
T04,GL-4396,2026-03-14 14:58:00,7.417254,10.70543,8.6,3.28
T04,GL-4396,2026-03-14 14:59:00,7.416723,10.705393,8.6,3.39
T04,GL-4396,2026-03-14 15:00:00,7.416222,10.705354,8.3,3.66
T04,GL-4396,2026-03-14 15:01:00,7.415429,10.705284,8.6,3.95
T04,GL-4396,2026-03-14 15:02:00,7.414787,10.705112,6.8,5.59
T04,GL-4396,2026-03-14 15:03:00,7.414291,10.705083,5.5,3.44
T04,GL-4396,2026-03-14 15:04:00,7.413683,10.705019,10.1,3.87
T04,GL-4396,2026-03-14 15:05:00,7.413035,10.70505,11.1,3.65
T04,GL-4396,2026-03-14 15:06:00,7.412285,10.704837,9.7,5.06
T04,GL-4396,2026-03-14 15:07:00,7.41172,10.704802,10.3,2.91
T04,GL-4396,2026-03-14 15:08:00,7.411075,10.704832,5.8,5.28
T04,GL-4396,2026-03-14 15:09:00,7.410567,10.70484,5.8,4.86
T04,GL-4396,2026-03-14 15:10:00,7.409832,10.704785,7.8,3.05
T04,GL-4396,2026-03-14 15:11:00,7.409253,10.704615,5.3,4.45
T04,GL-4396,2026-03-14 15:12:00,7.408495,10.704558,11.7,3.71
T04,GL-4396,2026-03-14 15:13:00,7.407954,10.704584,9.0,3.68
T04,GL-4396,2026-03-14 15:14:00,7.407326,10.704556,7.8,4.01
T04,GL-4396,2026-03-14 15:15:00,7.406706,10.704426,11.3,5.16
T04,GL-4396,2026-03-14 15:16:00,7.406173,10.704251,6.2,5.07
T04,GL-4396,2026-03-14 15:17:00,7.405435,10.704284,4.4,4.3
T04,GL-4396,2026-03-14 15:18:00,7.404735,10.704204,4.2,5.21
T04,GL-4396,2026-03-14 15:19:00,7.404034,10.704192,5.5,2.97
T04,GL-4396,2026-03-14 15:20:00,7.403524,10.704017,6.1,5.48
T04,GL-4396,2026-03-14 15:21:00,7.402934,10.704003,5.5,5.24
T04,GL-4396,2026-03-14 15:22:00,7.402347,10.703892,6.6,5.16
T04,GL-4396,2026-03-14 15:23:00,7.401745,10.703884,6.0,4.64
T04,GL-4396,2026-03-14 15:24:00,7.401055,10.703825,9.1,5.31
T04,GL-4396,2026-03-14 15:25:00,7.400451,10.70381,8.3,3.93
T04,GL-4396,2026-03-14 15:26:00,7.399861,10.703696,11.2,4.21
T04,GL-4396,2026-03-14 15:27:00,7.399069,10.703693,5.0,4.66
T04,GL-4396,2026-03-14 15:28:00,7.398443,10.703551,10.1,3.26
T04,GL-4396,2026-03-14 15:29:00,7.398015,10.703582,5.8,3.49
T04,GL-4396,2026-03-14 15:30:00,7.397252,10.703494,,5.06
T04,GL-4396,2026-03-14 15:31:00,7.396678,10.703409,10.8,5.4
T04,GL-4396,2026-03-14 15:32:00,7.396089,10.703443,5.4,4.81
T04,GL-4396,2026-03-14 15:33:00,7.395562,10.703111,10.9,3.71
T04,GL-4396,2026-03-14 15:34:00,7.394776,10.703237,6.3,4.16
T04,GL-4396,2026-03-14 15:35:00,7.394172,10.703065,11.2,2.81
T04,GL-4396,2026-03-14 15:36:00,7.3935,10.703236,5.5,5.46
T04,GL-4396,2026-03-14 15:37:00,7.392961,10.702976,9.1,5.26
T04,GL-4396,2026-03-14 15:38:00,7.392233,10.70295,9.7,3.87
T04,GL-4396,2026-03-14 15:39:00,7.391625,10.702937,6.6,5.11
T04,GL-4396,2026-03-14 15:40:00,7.390982,10.702815,,4.96
T04,GL-4396,2026-03-14 15:41:00,7.390476,10.702841,5.7,2.87
T04,GL-4396,2026-03-14 15:42:00,7.389786,10.702833,5.5,4.03
T04,GL-4396,2026-03-14 15:43:00,7.389129,10.702726,10.7,4.45
T04,GL-4396,2026-03-14 15:44:00,7.388494,10.702541,11.3,3.87
T04,GL-4396,2026-03-14 15:45:00,7.387806,10.702457,9.5,3.55
T04,GL-4396,2026-03-14 15:46:00,7.387198,10.702544,5.2,4.62
T04,GL-4396,2026-03-14 15:47:00,7.386651,10.702406,7.5,4.05
T04,GL-4396,2026-03-14 15:48:00,7.386017,10.702382,9.2,3.86
T04,GL-4396,2026-03-14 15:49:00,7.385309,10.702256,10.3,4.23
T04,GL-4396,2026-03-14 15:50:00,7.384702,10.702316,10.9,2.97
T04,GL-4396,2026-03-14 15:51:00,7.384096,10.702225,8.0,2.82
T04,GL-4396,2026-03-14 15:52:00,7.383569,10.702256,6.0,5.6
T04,GL-4396,2026-03-14 15:53:00,7.38296,10.702023,9.6,2.89
T04,GL-4396,2026-03-14 15:54:00,7.382288,10.701998,4.7,5.14
T04,GL-4396,2026-03-14 15:55:00,7.381617,10.701886,6.2,3.37
T04,GL-4396,2026-03-14 15:56:00,7.380996,10.701847,8.7,3.53
T04,GL-4396,2026-03-14 15:57:00,7.380379,10.701766,5.2,3.21
T04,GL-4396,2026-03-14 15:58:00,7.379748,10.7017,7.8,3.93
T04,GL-4396,2026-03-14 15:59:00,7.379074,10.701812,9.3,5.08
T04,GL-4396,2026-03-14 16:00:00,7.378478,10.701744,7.1,3.13
T04,GL-4396,2026-03-14 16:01:00,7.377807,10.701581,7.1,5.18
T04,GL-4396,2026-03-14 16:02:00,7.377324,10.701573,7.8,5.22
T04,GL-4396,2026-03-14 16:03:00,7.376612,10.701439,11.0,5.07
T04,GL-4396,2026-03-14 16:04:00,7.375951,10.70139,11.0,3.67
T04,GL-4396,2026-03-14 16:05:00,7.375413,10.701441,8.1,4.03
T04,GL-4396,2026-03-14 16:06:00,7.37467,10.701205,9.5,4.75
T04,GL-4396,2026-03-14 16:07:00,7.374194,10.701218,7.1,3.27
T04,GL-4396,2026-03-14 16:08:00,7.373487,10.701216,7.7,3.67
T04,GL-4396,2026-03-14 16:09:00,7.372897,10.700991,5.3,4.31
T04,GL-4396,2026-03-14 16:10:00,7.372232,10.700933,8.1,3.46
T04,GL-4396,2026-03-14 16:11:00,7.371678,10.70098,7.5,3.79
T04,GL-4396,2026-03-14 16:12:00,7.370925,10.700911,10.7,4.97
T04,GL-4396,2026-03-14 16:13:00,7.370238,10.700883,,3.12
T04,GL-4396,2026-03-14 16:14:00,7.369739,10.700778,6.2,3.53
T04,GL-4396,2026-03-14 16:15:00,7.369126,10.700781,4.3,3.85
T04,GL-4396,2026-03-14 16:16:00,7.368393,10.700659,7.6,4.61
T04,GL-4396,2026-03-14 16:17:00,7.367833,10.700582,7.9,4.97
T04,GL-4396,2026-03-14 16:18:00,7.367216,10.700565,4.8,4.67
T04,GL-4396,2026-03-14 16:19:00,7.366549,10.700577,5.0,4.01
T04,GL-4396,2026-03-14 16:20:00,7.366043,10.700454,9.1,2.86
T04,GL-4396,2026-03-14 16:21:00,7.365364,10.700338,4.6,3.72
T04,GL-4396,2026-03-14 16:22:00,7.364678,10.700275,11.0,3.26
T04,GL-4396,2026-03-14 16:23:00,7.364063,10.700219,9.9,3.02
T04,GL-4396,2026-03-14 16:24:00,7.363417,10.700152,7.1,4.83
T04,GL-4396,2026-03-14 16:25:00,7.362778,10.699987,11.9,4.83
T04,GL-4396,2026-03-14 16:26:00,7.362241,10.700154,10.7,3.47
T04,GL-4396,2026-03-14 16:27:00,7.361682,10.700093,7.3,5.21
T04,GL-4396,2026-03-14 16:28:00,7.360933,10.699859,8.0,3.72
T04,GL-4396,2026-03-14 16:29:00,7.360263,10.699801,6.2,3.28
T04,GL-4396,2026-03-14 16:30:00,7.359622,10.699885,9.3,3.9
T04,GL-4396,2026-03-14 16:31:00,7.359045,10.699516,11.3,3.63
T04,GL-4396,2026-03-14 16:32:00,7.358455,10.699771,8.1,3.38
T04,GL-4396,2026-03-14 16:33:00,7.357778,10.699589,4.3,5.36
T04,GL-4396,2026-03-14 16:34:00,7.35724,10.699529,11.3,4.15
T04,GL-4396,2026-03-14 16:35:00,7.356606,10.699406,7.7,5.6
T04,GL-4396,2026-03-14 16:36:00,7.355952,10.699491,8.1,4.15
T04,GL-4396,2026-03-14 16:37:00,7.355335,10.699373,4.3,5.18
T04,GL-4396,2026-03-14 16:38:00,7.354759,10.699305,11.6,3.6
T04,GL-4396,2026-03-14 16:39:00,7.354164,10.699255,4.0,3.63
T04,GL-4396,2026-03-14 16:40:00,7.353509,10.699147,4.8,4.59
T04,GL-4396,2026-03-14 16:41:00,7.352844,10.69912,9.9,3.4
T04,GL-4396,2026-03-14 16:42:00,7.186736,10.699061,4.2,370.01
T04,GL-4396,2026-03-14 16:43:00,7.351614,10.698895,6.5,5.08
T04,GL-4396,2026-03-14 16:44:00,7.350853,10.69896,9.7,4.25
T04,GL-4396,2026-03-14 16:45:00,7.350382,10.698875,11.5,5.33
T04,GL-4396,2026-03-14 16:46:00,7.349517,10.69892,8.6,4.16
T04,GL-4396,2026-03-14 16:47:00,7.348985,10.698774,7.7,4.58
T04,GL-4396,2026-03-14 16:48:00,7.348481,10.698651,5.4,2.81
T04,GL-4396,2026-03-14 16:49:00,7.347681,10.698649,10.3,4.04
T04,GL-4396,2026-03-14 16:50:00,7.34724,10.69866,8.8,4.74
T04,GL-4396,2026-03-14 16:51:00,7.346543,10.698623,11.5,3.84
T04,GL-4396,2026-03-14 16:52:00,7.34593,10.698393,6.3,2.8
T04,GL-4396,2026-03-14 16:53:00,7.345189,10.698389,4.0,4.6
T04,GL-4396,2026-03-14 16:54:00,7.344571,10.698317,8.6,4.54
T04,GL-4396,2026-03-14 16:55:00,7.185194,10.698228,6.6,339.09
T04,GL-4396,2026-03-14 16:56:00,7.343477,10.698231,11.0,3.44
T04,GL-4396,2026-03-14 16:57:00,7.342805,10.698168,10.5,4.2
T04,GL-4396,2026-03-14 16:58:00,7.342168,10.698122,5.3,4.28
T04,GL-4396,2026-03-14 16:59:00,7.34154,10.698043,6.2,4.82
T04,GL-4396,2026-03-14 17:00:00,7.340945,10.69793,11.5,4.17
T04,GL-4396,2026-03-14 17:01:00,7.340274,10.69798,10.9,5.42
T04,GL-4396,2026-03-14 17:02:00,7.339641,10.69782,10.3,3.66
T04,GL-4396,2026-03-14 17:03:00,7.339009,10.69784,10.3,4.48
T04,GL-4396,2026-03-14 17:04:00,7.338404,10.697819,9.2,5.45
T04,GL-4396,2026-03-14 17:05:00,7.337883,10.697618,4.4,4.45
T04,GL-4396,2026-03-14 17:06:00,7.337167,10.697627,6.7,4.79
T04,GL-4396,2026-03-14 17:07:00,7.336549,10.69758,7.8,3.23
T04,GL-4396,2026-03-14 17:08:00,7.335868,10.697481,11.3,3.86
T04,GL-4396,2026-03-14 17:09:00,7.335259,10.697505,8.9,5.25
T04,GL-4396,2026-03-14 17:10:00,7.334617,10.6974,8.4,5.15
T04,GL-4396,2026-03-14 17:11:00,7.334131,10.697269,4.6,3.6
T04,GL-4396,2026-03-14 17:12:00,7.333445,10.697318,9.9,3.42
T04,GL-4396,2026-03-14 17:13:00,7.332789,10.697157,5.0,2.89
T04,GL-4396,2026-03-14 17:14:00,7.332193,10.697158,9.0,5.31
T04,GL-4396,2026-03-14 17:15:00,7.331545,10.697116,7.1,4.74
T04,GL-4396,2026-03-14 17:16:00,7.330932,10.696977,7.0,4.77
T04,GL-4396,2026-03-14 17:17:00,7.330244,10.696898,6.3,4.71
T04,GL-4396,2026-03-14 17:18:00,7.329638,10.696915,4.6,2.87
T04,GL-4396,2026-03-14 17:19:00,7.329053,10.696836,6.8,4.39
T04,GL-4396,2026-03-14 17:20:00,7.32844,10.696676,7.9,3.8
T04,GL-4396,2026-03-14 17:21:00,7.327711,10.696735,5.5,4.77
T04,GL-4396,2026-03-14 17:22:00,7.327203,10.696626,10.4,4.45
T04,GL-4396,2026-03-14 17:23:00,7.326572,10.696627,8.4,4.98
T04,GL-4396,2026-03-14 17:24:00,7.325739,10.696485,4.8,4.54
T04,GL-4396,2026-03-14 17:25:00,7.325179,10.696448,4.3,4.69
T04,GL-4396,2026-03-14 17:26:00,7.32461,10.69643,9.8,4.83
T04,GL-4396,2026-03-14 17:27:00,7.324003,10.696303,9.7,4.92
T04,GL-4396,2026-03-14 17:28:00,7.323331,10.69617,11.5,5.4
T04,GL-4396,2026-03-14 17:29:00,7.322777,10.69611,5.4,2.82
T04,GL-4396,2026-03-14 17:30:00,7.322115,10.696164,5.2,4.97
T04,GL-4396,2026-03-14 17:31:00,7.321449,10.69606,10.0,2.91
T04,GL-4396,2026-03-14 17:32:00,7.320863,10.69596,7.6,5.15
T04,GL-4396,2026-03-14 17:33:00,7.320266,10.695998,8.6,5.03
T04,GL-4396,2026-03-14 17:34:00,7.319586,10.695936,4.4,4.39
T04,GL-4396,2026-03-14 17:35:00,7.319004,10.69585,11.4,4.0
T04,GL-4396,2026-03-14 17:36:00,7.318399,10.695692,11.2,4.87
T04,GL-4396,2026-03-14 17:37:00,7.317674,10.695665,5.1,4.74
T04,GL-4396,2026-03-14 17:38:00,7.317183,10.69564,10.8,3.36
T04,GL-4396,2026-03-14 17:39:00,7.31646,10.695568,11.4,5.49
T04,GL-4396,2026-03-14 17:40:00,7.315848,10.695455,4.6,3.58
T04,GL-4396,2026-03-14 17:41:00,7.315219,10.695497,10.1,3.45
T04,GL-4396,2026-03-14 17:42:00,7.314569,10.695493,10.5,3.9
T04,GL-4396,2026-03-14 17:43:00,7.313947,10.69527,5.1,3.44
T04,GL-4396,2026-03-14 17:44:00,7.31328,10.695142,6.3,5.1
T04,GL-4396,2026-03-14 17:45:00,7.312812,10.69528,5.8,2.87
T04,GL-4396,2026-03-14 17:46:00,7.312069,10.695189,4.9,3.48
T04,GL-4396,2026-03-14 17:47:00,7.311463,10.695149,11.3,3.57
T04,GL-4396,2026-03-14 17:48:00,7.310941,10.69502,5.1,2.82
T04,GL-4396,2026-03-14 17:49:00,7.310211,10.694804,8.7,4.6
T04,GL-4396,2026-03-14 17:50:00,7.309536,10.694893,,3.53
T04,GL-4396,2026-03-14 17:51:00,7.309012,10.694773,7.4,5.59
T04,GL-4396,2026-03-14 17:52:00,7.308452,10.694829,5.1,3.2
T04,GL-4396,2026-03-14 17:53:00,7.307714,10.694802,9.7,3.53
T04,GL-4396,2026-03-14 17:54:00,7.306968,10.694649,9.0,4.27
T04,GL-4396,2026-03-14 17:55:00,7.306496,10.694581,11.6,4.15
T04,GL-4396,2026-03-14 17:56:00,7.305826,10.694635,5.8,5.35
T04,GL-4396,2026-03-14 17:57:00,7.305188,10.694425,11.0,3.38
T04,GL-4396,2026-03-14 17:58:00,7.304511,10.694385,4.9,5.54
T04,GL-4396,2026-03-14 17:59:00,7.303969,10.69432,5.0,5.13
T04,GL-4396,2026-03-14 18:00:00,7.303254,10.694267,5.9,3.99
T04,GL-4396,2026-03-14 18:01:00,7.302617,10.69421,9.1,3.92
T04,GL-4396,2026-03-14 18:02:00,7.302023,10.694138,7.0,3.34
T04,GL-4396,2026-03-14 18:03:00,7.301504,10.694076,4.7,2.96
T04,GL-4396,2026-03-14 18:04:00,7.300763,10.694023,10.8,3.94
T04,GL-4396,2026-03-14 18:05:00,7.300071,10.694043,7.1,4.4
T04,GL-4396,2026-03-14 18:06:00,7.299487,10.693922,4.9,4.36
T04,GL-4396,2026-03-14 18:07:00,7.298999,10.693844,5.7,3.21
T04,GL-4396,2026-03-14 18:08:00,7.298251,10.693772,7.3,4.46
T04,GL-4396,2026-03-14 18:09:00,7.297693,10.693716,8.0,4.83
T04,GL-4396,2026-03-14 18:10:00,7.297074,10.693729,7.7,3.56
T04,GL-4396,2026-03-14 18:11:00,7.296387,10.693584,5.1,3.52
T04,GL-4396,2026-03-14 18:12:00,7.295773,10.693491,7.5,3.62
T04,GL-4396,2026-03-14 18:13:00,7.29527,10.693514,5.6,4.87
T04,GL-4396,2026-03-14 18:14:00,7.294583,10.693486,,4.87
T04,GL-4396,2026-03-14 18:15:00,7.293854,10.693288,9.0,5.26
T04,GL-4396,2026-03-14 18:16:00,7.293274,10.693258,7.7,3.84
T04,GL-4396,2026-03-14 18:17:00,7.292592,10.693353,7.9,4.44
T04,GL-4396,2026-03-14 18:18:00,7.292049,10.693173,8.2,3.13
T04,GL-4396,2026-03-14 18:19:00,7.291325,10.693159,8.1,2.97
T04,GL-4396,2026-03-14 18:20:00,7.290862,10.693034,8.9,5.01
T04,GL-4396,2026-03-14 18:21:00,7.290089,10.692985,8.5,4.48
T04,GL-4396,2026-03-14 18:22:00,7.289646,10.692925,7.3,3.98
T04,GL-4396,2026-03-14 18:23:00,7.288926,10.69289,,4.81
T04,GL-4396,2026-03-14 18:24:00,7.288198,10.692831,5.4,4.16
T04,GL-4396,2026-03-14 18:25:00,7.287685,10.692717,7.5,4.01
T04,GL-4396,2026-03-14 18:26:00,7.287073,10.692646,12.0,5.01
T04,GL-4396,2026-03-14 18:27:00,7.286465,10.692531,11.0,4.72
T04,GL-4396,2026-03-14 18:28:00,7.285768,10.692578,10.4,3.31
T04,GL-4396,2026-03-14 18:29:00,7.285103,10.692582,10.5,3.24
T04,GL-4396,2026-03-14 18:30:00,7.284635,10.692379,11.5,3.95
T04,GL-4396,2026-03-14 18:31:00,7.283755,10.692397,11.3,4.86
T04,GL-4396,2026-03-14 18:32:00,7.283334,10.692335,11.3,3.45
T04,GL-4396,2026-03-14 18:33:00,7.2826,10.692246,4.9,5.02
T04,GL-4396,2026-03-14 18:34:00,7.282032,10.692269,10.4,4.41
T04,GL-4396,2026-03-14 18:35:00,7.281391,10.692164,,2.93
T04,GL-4396,2026-03-14 18:36:00,7.280716,10.692032,9.8,2.94
T04,GL-4396,2026-03-14 18:37:00,7.280141,10.692095,8.5,4.45
T04,GL-4396,2026-03-14 18:38:00,7.279496,10.691909,6.6,5.57
T04,GL-4396,2026-03-14 18:39:00,7.278887,10.69207,9.3,3.59
T04,GL-4396,2026-03-14 18:40:00,7.278226,10.691811,8.7,3.28
T04,GL-4396,2026-03-14 18:41:00,7.277647,10.691729,10.3,4.99
T04,GL-4396,2026-03-14 18:42:00,7.276983,10.6917,11.4,5.23
T04,GL-4396,2026-03-14 18:43:00,7.27634,10.6916,7.4,4.63
T04,GL-4396,2026-03-14 18:44:00,7.275841,10.691621,9.0,3.8
T04,GL-4396,2026-03-14 18:45:00,7.274941,10.691542,7.9,3.07
T04,GL-4396,2026-03-14 18:46:00,7.274448,10.691599,5.5,3.66
T04,GL-4396,2026-03-14 18:47:00,7.273815,10.691379,9.1,4.65
T04,GL-4396,2026-03-14 18:48:00,7.27328,10.691365,6.2,3.11
T04,GL-4396,2026-03-14 18:49:00,7.272564,10.691341,7.8,3.02
T04,GL-4396,2026-03-14 18:50:00,7.272035,10.691326,7.4,3.58
T04,GL-4396,2026-03-14 18:51:00,7.271369,10.691099,5.7,4.65
T04,GL-4396,2026-03-14 18:52:00,7.270697,10.691104,7.4,4.75
T04,GL-4396,2026-03-14 18:53:00,7.270136,10.691106,10.6,4.28
T04,GL-4396,2026-03-14 18:54:00,7.269536,10.690958,10.1,4.82
T04,GL-4396,2026-03-14 18:55:00,7.268831,10.691046,10.8,4.06
T04,GL-4396,2026-03-14 18:56:00,7.268169,10.690918,6.2,4.48
T04,GL-4396,2026-03-14 18:57:00,7.267633,10.690745,9.1,5.17
T04,GL-4396,2026-03-14 18:58:00,7.266985,10.690803,11.7,3.67
T04,GL-4396,2026-03-14 18:59:00,7.266364,10.690725,5.4,2.99
T04,GL-4396,2026-03-14 19:00:00,7.265666,10.690595,6.6,3.37
T04,GL-4396,2026-03-14 19:01:00,7.265061,10.690492,5.5,5.23
T04,GL-4396,2026-03-14 19:02:00,7.264512,10.690533,8.0,4.97
T04,GL-4396,2026-03-14 19:03:00,7.26373,10.69046,4.7,4.52
T04,GL-4396,2026-03-14 19:04:00,7.263276,10.690313,4.2,3.67
T04,GL-4396,2026-03-14 19:05:00,7.262642,10.69028,8.8,5.01
T04,GL-4396,2026-03-14 19:06:00,7.032968,10.690113,10.4,446.7
T04,GL-4396,2026-03-14 19:07:00,7.261262,10.690288,4.5,3.77
T04,GL-4396,2026-03-14 19:08:00,7.260764,10.68999,6.8,5.01
T04,GL-4396,2026-03-14 19:09:00,7.260132,10.689963,10.2,4.63
T04,GL-4396,2026-03-14 19:10:00,7.259428,10.690112,5.8,2.86
T04,GL-4396,2026-03-14 19:11:00,7.258772,10.689873,9.9,5.43
T04,GL-4396,2026-03-14 19:12:00,7.258203,10.689902,10.2,3.44
T04,GL-4396,2026-03-14 19:13:00,7.25749,10.689775,8.0,4.47
T04,GL-4396,2026-03-14 19:14:00,7.256969,10.689766,6.8,5.02
T04,GL-4396,2026-03-14 19:15:00,7.256292,10.689751,11.1,3.27
T04,GL-4396,2026-03-14 19:16:00,7.255691,10.68969,7.3,3.06
T04,GL-4396,2026-03-14 19:17:00,7.255193,10.689641,10.0,2.86
T04,GL-4396,2026-03-14 19:18:00,7.254419,10.689589,9.5,4.42
T04,GL-4396,2026-03-14 19:19:00,7.253842,10.689479,11.1,5.55
T04,GL-4396,2026-03-14 19:20:00,7.253227,10.689395,4.1,3.03
T04,GL-4396,2026-03-14 19:21:00,7.252484,10.689338,11.6,3.81
T04,GL-4396,2026-03-14 19:22:00,7.251909,10.68927,11.5,4.05
T04,GL-4396,2026-03-14 19:23:00,7.251319,10.689154,,3.02
T04,GL-4396,2026-03-14 19:24:00,7.250774,10.689089,4.8,3.69
T04,GL-4396,2026-03-14 19:25:00,7.250055,10.68904,6.7,3.58
T04,GL-4396,2026-03-14 19:26:00,7.24953,10.68899,6.3,5.08
T04,GL-4396,2026-03-14 19:27:00,7.248768,10.688892,4.5,4.81
T04,GL-4396,2026-03-14 19:28:00,7.248259,10.68881,6.8,5.53
T04,GL-4396,2026-03-14 19:29:00,7.24765,10.688746,9.0,5.16
T04,GL-4396,2026-03-14 19:30:00,7.247075,10.688834,9.4,4.72
T04,GL-4396,2026-03-14 19:31:00,7.246437,10.688648,11.9,3.14
T04,GL-4396,2026-03-14 19:32:00,7.245611,10.68852,11.5,3.6
T04,GL-4396,2026-03-14 19:33:00,7.245119,10.688623,9.3,3.13
T04,GL-4396,2026-03-14 19:34:00,7.244527,10.688549,6.5,3.71
T04,GL-4396,2026-03-14 19:35:00,7.243779,10.688422,11.4,3.17
T04,GL-4396,2026-03-14 19:36:00,7.243289,10.688435,10.1,5.21
T04,GL-4396,2026-03-14 19:37:00,7.242507,10.68836,5.3,4.24
T04,GL-4396,2026-03-14 19:38:00,7.241962,10.688264,8.5,4.87
T04,GL-4396,2026-03-14 19:39:00,7.241339,10.688188,6.6,3.52
T04,GL-4396,2026-03-14 19:40:00,7.240667,10.688155,10.1,4.5
T04,GL-4396,2026-03-14 19:41:00,7.240069,10.688075,7.7,3.78
T04,GL-4396,2026-03-14 19:42:00,7.239373,10.688079,6.7,3.73
T04,GL-4396,2026-03-14 19:43:00,7.238716,10.687954,7.8,3.54
T04,GL-4396,2026-03-14 19:44:00,7.238108,10.687906,5.7,4.64
T04,GL-4396,2026-03-14 19:45:00,7.237603,10.687817,11.7,5.26
T04,GL-4396,2026-03-14 19:46:00,7.236965,10.687721,6.7,3.43
T04,GL-4396,2026-03-14 19:47:00,7.2363,10.687826,8.8,5.17
T04,GL-4396,2026-03-14 19:48:00,7.235641,10.687701,5.3,5.44
T04,GL-4396,2026-03-14 19:49:00,7.234976,10.687584,11.7,3.34
T04,GL-4396,2026-03-14 19:50:00,7.234455,10.687507,10.7,5.48
T04,GL-4396,2026-03-14 19:51:00,7.233776,10.687421,5.0,3.6
T04,GL-4396,2026-03-14 19:52:00,7.233131,10.68731,11.2,5.21
T04,GL-4396,2026-03-14 19:53:00,7.232533,10.687459,11.3,5.33
T04,GL-4396,2026-03-14 19:54:00,7.23189,10.687242,6.1,4.5
T04,GL-4396,2026-03-14 19:55:00,7.231364,10.687235,8.5,3.84
T04,GL-4396,2026-03-14 19:56:00,7.230692,10.687171,4.3,4.35
T04,GL-4396,2026-03-14 19:57:00,7.230119,10.687175,5.0,2.86
T04,GL-4396,2026-03-14 19:58:00,7.229346,10.686938,7.8,2.89
T04,GL-4396,2026-03-14 19:59:00,7.228728,10.68714,6.9,3.07
T04,GL-4396,2026-03-14 20:00:00,7.228216,10.686894,10.8,3.5
T04,GL-4396,2026-03-14 20:01:00,7.227423,10.686828,10.0,3.83
T04,GL-4396,2026-03-14 20:02:00,7.226943,10.686826,9.7,4.57
T04,GL-4396,2026-03-14 20:03:00,7.226224,10.686672,8.3,2.9
T04,GL-4396,2026-03-14 20:04:00,7.225663,10.686712,11.5,5.09
T04,GL-4396,2026-03-14 20:05:00,7.224964,10.686712,9.3,3.45
T04,GL-4396,2026-03-14 20:06:00,7.224341,10.686697,7.5,4.63
T04,GL-4396,2026-03-14 20:07:00,7.223731,10.686445,9.6,3.85
T04,GL-4396,2026-03-14 20:08:00,7.223151,10.686484,7.9,4.87
T04,GL-4396,2026-03-14 20:09:00,7.22266,10.686359,8.3,3.02
T04,GL-4396,2026-03-14 20:10:00,7.221959,10.686319,6.7,3.91
T04,GL-4396,2026-03-14 20:11:00,7.221223,10.686352,4.5,3.06
T04,GL-4396,2026-03-14 20:12:00,7.220754,10.686244,9.4,2.89
T04,GL-4396,2026-03-14 20:13:00,7.219903,10.686087,7.8,3.28
T04,GL-4396,2026-03-14 20:14:00,7.219332,10.686028,7.6,5.03
T04,GL-4396,2026-03-14 20:15:00,7.218806,10.685953,9.2,4.96
T04,GL-4396,2026-03-14 20:16:00,7.218154,10.685999,11.3,5.36
T04,GL-4396,2026-03-14 20:17:00,7.217515,10.685845,11.1,5.4
T04,GL-4396,2026-03-14 20:18:00,7.21678,10.685742,7.4,5.4
T04,GL-4396,2026-03-14 20:19:00,7.216182,10.685758,5.5,5.5
T04,GL-4396,2026-03-14 20:20:00,7.215532,10.685826,11.1,3.77
T04,GL-4396,2026-03-14 20:21:00,7.214962,10.685593,5.2,2.91
T04,GL-4396,2026-03-14 20:22:00,7.214319,10.68552,12.0,4.63
T04,GL-4396,2026-03-14 20:23:00,7.213729,10.685458,9.5,3.06
T04,GL-4396,2026-03-14 20:24:00,7.213131,10.685503,7.1,3.22
T04,GL-4396,2026-03-14 20:25:00,7.212495,10.685324,5.9,4.45
T04,GL-4396,2026-03-14 20:26:00,7.211913,10.685406,7.2,5.44
T04,GL-4396,2026-03-14 20:27:00,7.211251,10.685226,9.9,4.71
T04,GL-4396,2026-03-14 20:28:00,7.21064,10.68524,9.3,3.36
T04,GL-4396,2026-03-14 20:29:00,7.210058,10.684981,4.1,5.28
T04,GL-4396,2026-03-14 20:30:00,7.209393,10.685148,4.5,4.92
T04,GL-4396,2026-03-14 20:31:00,7.208749,10.68502,8.9,3.89
T04,GL-4396,2026-03-14 20:32:00,7.208057,10.684964,10.1,4.13
T04,GL-4396,2026-03-14 20:33:00,7.207451,10.685001,7.4,4.68
T04,GL-4396,2026-03-14 20:34:00,7.206891,10.685005,6.6,3.05
T04,GL-4396,2026-03-14 20:35:00,7.206149,10.684833,9.7,5.53
T04,GL-4396,2026-03-14 20:36:00,7.20561,10.684649,9.5,3.75
T04,GL-4396,2026-03-14 20:37:00,7.205019,10.684615,8.5,3.62
T04,GL-4396,2026-03-14 20:38:00,7.204272,10.684662,7.3,2.9
T04,GL-4396,2026-03-14 20:39:00,7.20368,10.684438,10.9,3.39
T04,GL-4396,2026-03-14 20:40:00,7.203006,10.684445,11.5,3.99
T04,GL-4396,2026-03-14 20:41:00,7.202466,10.68448,7.5,4.51
T04,GL-4396,2026-03-14 20:42:00,7.20175,10.684454,10.4,5.56
T04,GL-4396,2026-03-14 20:43:00,7.201294,10.684225,10.6,3.19
T04,GL-4396,2026-03-14 20:44:00,7.200553,10.68418,6.9,4.62
T04,GL-4396,2026-03-14 20:45:00,7.19987,10.684221,6.1,5.57
T04,GL-4396,2026-03-14 20:46:00,7.199374,10.684016,,2.97
T04,GL-4396,2026-03-14 20:47:00,7.198642,10.684082,8.0,3.77
T04,GL-4396,2026-03-14 20:48:00,7.198082,10.684031,11.0,2.95
T04,GL-4396,2026-03-14 20:49:00,7.197494,10.6839,6.7,4.0
T04,GL-4396,2026-03-14 20:50:00,7.196782,10.683828,6.7,4.7
T04,GL-4396,2026-03-14 20:51:00,7.19617,10.683714,6.7,4.3
T04,GL-4396,2026-03-14 20:52:00,7.195503,10.683817,5.0,3.17
T04,GL-4396,2026-03-14 20:53:00,7.194927,10.683622,8.5,3.96
T04,GL-4396,2026-03-14 20:54:00,7.194946,10.683732,8.8,0.16
T04,GL-4396,2026-03-14 20:55:00,7.194748,10.683833,11.4,0.22
T04,GL-4396,2026-03-14 20:56:00,7.194871,10.683859,5.3,0.57
T04,GL-4396,2026-03-14 20:57:00,7.19505,10.683674,6.4,0.18
T04,GL-4396,2026-03-14 20:58:00,7.195029,10.683627,8.0,0.42
T04,GL-4396,2026-03-14 20:59:00,7.194899,10.683659,6.1,0.86
T04,GL-4396,2026-03-14 21:00:00,7.19484,10.683595,11.7,0.22
T04,GL-4396,2026-03-14 21:01:00,7.194859,10.68377,8.2,0.65
T04,GL-4396,2026-03-14 21:02:00,7.195014,10.683668,11.2,0.82
T04,GL-4396,2026-03-14 21:03:00,7.194933,10.683533,10.3,0.5
T04,GL-4396,2026-03-14 21:04:00,7.194994,10.683687,10.4,0.86
T04,GL-4396,2026-03-14 21:05:00,7.194933,10.683562,4.7,0.87
T04,GL-4396,2026-03-14 21:06:00,7.19517,10.683664,4.8,0.89
T04,GL-4396,2026-03-14 21:07:00,7.195024,10.683623,4.4,0.1
T04,GL-4396,2026-03-14 21:08:00,7.195026,10.683025,5.9,3.71
T04,GL-4396,2026-03-14 21:09:00,7.195103,10.682435,5.9,5.32
T04,GL-4396,2026-03-14 21:10:00,7.195168,10.681763,8.8,3.76
T04,GL-4396,2026-03-14 21:11:00,7.195257,10.681188,6.6,5.27
T04,GL-4396,2026-03-14 21:12:00,7.195279,10.680504,11.9,4.25
T04,GL-4396,2026-03-14 21:13:00,7.195341,10.679948,4.3,2.98
T04,GL-4396,2026-03-14 21:14:00,7.195502,10.679391,9.1,5.21
T04,GL-4396,2026-03-14 21:15:00,7.195404,10.67873,5.7,4.08
T04,GL-4396,2026-03-14 21:16:00,7.195625,10.678219,10.2,4.71
T04,GL-4396,2026-03-14 21:17:00,7.195712,10.67734,8.5,5.08
T04,GL-4396,2026-03-14 21:18:00,7.195775,10.676794,8.0,4.35
T04,GL-4396,2026-03-14 21:19:00,7.195754,10.676184,4.7,3.65
T04,GL-4396,2026-03-14 21:20:00,7.19593,10.675505,10.8,3.85
T04,GL-4396,2026-03-14 21:21:00,7.195998,10.675001,10.3,4.5
T04,GL-4396,2026-03-14 21:22:00,7.196083,10.674284,11.4,4.91
T04,GL-4396,2026-03-14 21:23:00,7.196001,10.673716,6.0,4.47
T04,GL-4396,2026-03-14 21:24:00,7.196123,10.673098,5.5,3.85
T04,GL-4396,2026-03-14 21:25:00,7.1962,10.672384,7.6,5.51
T04,GL-4396,2026-03-14 21:26:00,7.196258,10.671855,10.9,4.44
T04,GL-4396,2026-03-14 21:27:00,7.196368,10.671318,5.5,4.3
T04,GL-4396,2026-03-14 21:28:00,7.19645,10.670425,5.7,4.37
T04,GL-4396,2026-03-14 21:29:00,7.196479,10.670052,8.4,2.93
T04,GL-4396,2026-03-14 21:30:00,7.196594,10.669409,9.4,3.39
T04,GL-4396,2026-03-14 21:31:00,7.196589,10.668666,6.5,3.37
T04,GL-4396,2026-03-14 21:32:00,7.196789,10.668098,10.0,3.89
T04,GL-4396,2026-03-14 21:33:00,7.196782,10.667409,,5.24
T04,GL-4396,2026-03-14 21:34:00,7.196814,10.666739,4.8,5.05
T04,GL-4396,2026-03-14 21:35:00,7.196857,10.666201,6.2,4.07
T04,GL-4396,2026-03-14 21:36:00,7.196959,10.665639,5.3,3.06
T04,GL-4396,2026-03-14 21:37:00,7.197111,10.664926,,4.25
T04,GL-4396,2026-03-14 21:38:00,7.197148,10.664302,11.4,4.53
T04,GL-4396,2026-03-14 21:39:00,7.197197,10.663727,5.3,3.71
T04,GL-4396,2026-03-14 21:40:00,7.197267,10.663062,9.7,3.72
T04,GL-4396,2026-03-14 21:41:00,7.1974,10.662431,9.6,3.07
T04,GL-4396,2026-03-14 21:42:00,7.197302,10.661894,6.6,2.86
T04,GL-4396,2026-03-14 21:43:00,7.197527,10.661154,6.4,4.8
T04,GL-4396,2026-03-14 21:44:00,7.197453,10.660578,6.8,5.24
T04,GL-4396,2026-03-14 21:45:00,7.197663,10.659976,7.9,5.18
T04,GL-4396,2026-03-14 21:46:00,7.197708,10.659413,7.8,3.14
T04,GL-4396,2026-03-14 21:47:00,7.197762,10.658667,10.0,4.99
T04,GL-4396,2026-03-14 21:48:00,7.197823,10.658146,10.7,5.15
T04,GL-4396,2026-03-14 21:49:00,7.197985,10.657504,,3.11
T04,GL-4396,2026-03-14 21:50:00,7.197873,10.656841,7.3,4.53
T04,GL-4396,2026-03-14 21:51:00,7.197987,10.656289,9.6,4.46
T04,GL-4396,2026-03-14 21:52:00,7.198035,10.655651,8.7,3.27
T04,GL-4396,2026-03-14 21:53:00,7.198182,10.654966,4.5,3.87
T04,GL-4396,2026-03-14 21:54:00,7.198246,10.654403,5.1,3.22
T04,GL-4396,2026-03-14 21:55:00,7.19827,10.653783,9.7,4.64
T04,GL-4396,2026-03-14 21:56:00,7.198445,10.653092,8.4,5.54
T04,GL-4396,2026-03-14 21:57:00,7.1984,10.652524,6.9,5.25
T04,GL-4396,2026-03-14 21:58:00,7.198571,10.651813,6.5,4.44
T04,GL-4396,2026-03-14 21:59:00,7.198559,10.651167,8.7,3.12
T04,GL-4396,2026-03-14 22:00:00,7.198654,10.650696,9.2,3.65
T04,GL-4396,2026-03-14 22:01:00,7.198666,10.650014,4.1,4.24
T04,GL-4396,2026-03-14 22:02:00,7.198812,10.649434,4.7,3.58
T04,GL-4396,2026-03-14 22:03:00,7.198744,10.648782,9.7,4.94
T04,GL-4396,2026-03-14 22:04:00,7.198939,10.648109,10.8,3.72
T04,GL-4396,2026-03-14 22:05:00,7.199046,10.647552,9.0,4.02
T04,GL-4396,2026-03-14 22:06:00,7.199137,10.646884,6.7,3.55
T04,GL-4396,2026-03-14 22:07:00,7.199184,10.646368,6.9,3.34
T04,GL-4396,2026-03-14 22:08:00,7.199194,10.645602,10.4,5.51
T04,GL-4396,2026-03-14 22:09:00,7.199255,10.645057,8.0,3.84
T04,GL-4396,2026-03-14 22:10:00,7.19938,10.644399,5.1,2.82
T04,GL-4396,2026-03-14 22:11:00,7.199421,10.643796,8.7,3.2
T04,GL-4396,2026-03-14 22:12:00,7.199349,10.643105,6.9,4.08
T04,GL-4396,2026-03-14 22:13:00,7.199572,10.642463,8.0,3.59
T04,GL-4396,2026-03-14 22:14:00,7.199603,10.642049,11.7,3.68
T04,GL-4396,2026-03-14 22:15:00,7.199665,10.641376,7.4,5.4
T04,GL-4396,2026-03-14 22:16:00,7.199672,10.640679,10.3,4.84
T04,GL-4396,2026-03-14 22:17:00,7.199859,10.64007,9.9,5.52
T04,GL-4396,2026-03-14 22:18:00,7.199801,10.639376,6.6,4.06
T04,GL-4396,2026-03-14 22:19:00,7.200039,10.638824,11.5,3.24
T04,GL-4396,2026-03-14 22:20:00,7.2,10.638203,4.4,5.46
T04,GL-4396,2026-03-14 22:21:00,7.200017,10.637685,10.9,4.59
T04,GL-4396,2026-03-14 22:22:00,7.200111,10.637083,5.0,5.24
T04,GL-4396,2026-03-14 22:23:00,7.200252,10.636315,5.3,4.12
T04,GL-4396,2026-03-14 22:24:00,7.200442,10.63564,7.2,3.8
T04,GL-4396,2026-03-14 22:25:00,7.200463,10.635106,6.9,3.22
T04,GL-4396,2026-03-14 22:26:00,7.200443,10.63457,10.7,4.34
T04,GL-4396,2026-03-14 22:27:00,7.20058,10.633784,6.0,3.98
T04,GL-4396,2026-03-14 22:28:00,7.200532,10.633289,5.1,3.29
T04,GL-4396,2026-03-14 22:29:00,7.200754,10.632592,11.2,5.6
T04,GL-4396,2026-03-14 22:30:00,7.200746,10.631928,11.3,5.4
T04,GL-4396,2026-03-14 22:31:00,7.200817,10.631323,4.2,3.35
T04,GL-4396,2026-03-14 22:32:00,7.200893,10.630695,9.8,4.87
T04,GL-4396,2026-03-14 22:33:00,7.200947,10.63011,7.8,3.42
T04,GL-4396,2026-03-14 22:34:00,7.201008,10.629386,6.0,4.26
T04,GL-4396,2026-03-14 22:35:00,7.201098,10.628776,5.0,3.34
T04,GL-4396,2026-03-14 22:36:00,7.201189,10.628147,6.9,4.33
T04,GL-4396,2026-03-14 22:37:00,7.20114,10.627684,8.5,4.62
T04,GL-4396,2026-03-14 22:38:00,7.201378,10.627031,8.1,3.6
T04,GL-4396,2026-03-14 22:39:00,7.201401,10.626308,8.5,3.23
T04,GL-4396,2026-03-14 22:40:00,7.201355,10.625704,10.2,3.97
T04,GL-4396,2026-03-14 22:41:00,7.201465,10.625104,5.0,5.17
T04,GL-4396,2026-03-14 22:42:00,7.201627,10.624545,8.1,4.21
T04,GL-4396,2026-03-14 22:43:00,7.201528,10.623895,7.6,4.9
T04,GL-4396,2026-03-14 22:44:00,7.201737,10.623241,4.3,3.23
T04,GL-4396,2026-03-14 22:45:00,7.201841,10.622622,7.4,3.87
T04,GL-4396,2026-03-14 22:46:00,7.201757,10.621979,,4.67
T04,GL-4396,2026-03-14 22:47:00,7.201968,10.621432,6.8,4.28
T04,GL-4396,2026-03-14 22:48:00,7.202059,10.620816,5.3,4.22
T04,GL-4396,2026-03-14 22:49:00,7.202049,10.620152,6.8,4.92
T04,GL-4396,2026-03-14 22:50:00,7.20219,10.619414,7.3,5.33
T04,GL-4396,2026-03-14 22:51:00,7.202192,10.618881,9.6,3.37
T04,GL-4396,2026-03-14 22:52:00,7.202394,10.618289,9.4,4.71
T04,GL-4396,2026-03-14 22:53:00,7.20251,10.61774,9.3,4.32
T04,GL-4396,2026-03-14 22:54:00,7.202345,10.616945,11.4,3.78
T04,GL-4396,2026-03-14 22:55:00,7.202508,10.616442,10.2,3.47
T04,GL-4396,2026-03-14 22:56:00,7.202546,10.615789,5.7,4.99
T04,GL-4396,2026-03-14 22:57:00,7.20259,10.615145,9.9,3.34
T04,GL-4396,2026-03-14 22:58:00,7.202764,10.614631,10.1,3.73
T04,GL-4396,2026-03-14 22:59:00,7.202813,10.613876,11.0,4.88
T04,GL-4396,2026-03-14 23:00:00,7.202915,10.613215,8.4,3.65
T04,GL-4396,2026-03-14 23:01:00,7.202808,10.612582,6.3,4.16
T04,GL-4396,2026-03-14 23:02:00,7.203033,10.611987,5.1,5.24
T04,GL-4396,2026-03-14 23:03:00,7.203063,10.611456,10.8,2.95
T04,GL-4396,2026-03-14 23:04:00,7.203149,10.610834,10.6,3.01
T04,GL-4396,2026-03-14 23:05:00,6.805323,10.610089,6.8,241.46
T04,GL-4396,2026-03-14 23:06:00,7.203231,10.609621,10.1,5.14
T04,GL-4396,2026-03-14 23:07:00,7.203353,10.608883,8.4,3.5
T04,GL-4396,2026-03-14 23:08:00,7.203505,10.608252,9.8,4.24
T04,GL-4396,2026-03-14 23:09:00,7.203571,10.607717,5.4,2.9
T04,GL-4396,2026-03-14 23:10:00,7.203575,10.606978,11.0,5.23
T04,GL-4396,2026-03-14 23:11:00,7.203707,10.6064,11.2,3.1
T04,GL-4396,2026-03-14 23:12:00,7.203645,10.605885,4.3,3.76
T04,GL-4396,2026-03-14 23:13:00,7.203747,10.605203,6.2,4.22
T04,GL-4396,2026-03-14 23:14:00,7.203864,10.604592,9.8,4.21
T04,GL-4396,2026-03-14 23:15:00,7.203825,10.604043,5.5,5.37
T04,GL-4396,2026-03-14 23:16:00,7.203979,10.603264,,3.35
T04,GL-4396,2026-03-14 23:17:00,7.203967,10.602725,6.9,4.25
T04,GL-4396,2026-03-14 23:18:00,7.204137,10.601958,,5.43
T04,GL-4396,2026-03-14 23:19:00,7.204129,10.601482,9.8,2.9
T04,GL-4396,2026-03-14 23:20:00,7.204229,10.600792,4.7,4.87
T04,GL-4396,2026-03-14 23:21:00,7.204332,10.60022,6.6,5.48
T04,GL-4396,2026-03-14 23:22:00,7.204465,10.599522,11.6,4.45
T04,GL-4396,2026-03-14 23:23:00,7.204466,10.598845,8.1,5.41
T04,GL-4396,2026-03-14 23:24:00,7.204439,10.598377,4.6,4.55
T04,GL-4396,2026-03-14 23:25:00,7.204649,10.597666,10.5,4.43
T04,GL-4396,2026-03-14 23:26:00,7.204712,10.596967,6.3,4.84
T04,GL-4396,2026-03-14 23:27:00,7.204722,10.596462,4.2,5.43
T04,GL-4396,2026-03-14 23:28:00,7.204763,10.595743,8.9,3.66
T04,GL-4396,2026-03-14 23:29:00,7.204852,10.595155,8.6,3.83
T04,GL-4396,2026-03-14 23:30:00,7.204961,10.594692,8.4,3.79
T04,GL-4396,2026-03-14 23:31:00,7.205019,10.594579,5.2,0.09
T04,GL-4396,2026-03-14 23:32:00,7.685117,10.594638,7.1,374.12
T04,GL-4396,2026-03-14 23:33:00,7.205009,10.594606,9.9,0.49
T04,GL-4396,2026-03-14 23:34:00,7.204932,10.594571,8.6,0.57
T04,GL-4396,2026-03-14 23:35:00,7.204836,10.594613,7.5,0.76
T04,GL-4396,2026-03-14 23:36:00,7.205026,10.594614,9.2,0.24
T04,GL-4396,2026-03-14 23:37:00,7.205021,10.594609,8.1,0.32
T04,GL-4396,2026-03-14 23:38:00,7.20508,10.594567,4.2,0.05
T04,GL-4396,2026-03-14 23:39:00,7.204997,10.594526,6.0,0.26
T04,GL-4396,2026-03-14 23:40:00,7.204936,10.594621,8.1,0.68
T04,GL-4396,2026-03-14 23:41:00,7.205096,10.594404,8.1,0.53
T04,GL-4396,2026-03-14 23:42:00,7.204765,10.594494,9.6,0.27
T04,GL-4396,2026-03-14 23:43:00,7.204956,10.594622,,0.01
T04,GL-4396,2026-03-14 23:44:00,7.205058,10.594523,10.4,0.38
T04,GL-4396,2026-03-14 23:45:00,7.204789,10.594576,6.6,0.19
T04,GL-4396,2026-03-14 23:46:00,7.204934,10.594606,4.8,0.22
T04,GL-4396,2026-03-14 23:47:00,7.204882,10.594515,11.9,0.3
T04,GL-4396,2026-03-14 23:48:00,7.205074,10.594585,8.1,0.82
T04,GL-4396,2026-03-14 23:49:00,7.204996,10.594531,7.2,0.08
T04,GL-4396,2026-03-14 23:50:00,7.20489,10.594545,8.4,0.76
T04,GL-4396,2026-03-14 23:51:00,7.204915,10.59464,11.6,0.75
T04,GL-4396,2026-03-14 23:52:00,7.205093,10.594645,8.0,0.19
T04,GL-4396,2026-03-14 23:53:00,7.205725,10.594764,6.1,3.78
T04,GL-4396,2026-03-14 23:54:00,7.206481,10.594777,6.4,3.49
T04,GL-4396,2026-03-14 23:55:00,7.207264,10.594917,,3.94
T04,GL-4396,2026-03-14 23:56:00,7.208048,10.594999,11.7,5.16
T04,GL-4396,2026-03-14 23:57:00,7.208775,10.595117,,4.55
T04,GL-4396,2026-03-14 23:58:00,7.209461,10.595222,12.0,3.24
T04,GL-4396,2026-03-14 23:59:00,7.210224,10.59538,10.5,5.29
T04,GL-4396,2026-03-15 00:00:00,7.211085,10.595485,11.3,5.47
T04,GL-4396,2026-03-15 00:01:00,7.211785,10.595539,10.9,3.79
T04,GL-4396,2026-03-15 00:02:00,7.212559,10.595646,10.7,4.07
T04,GL-4396,2026-03-15 00:03:00,7.213399,10.5958,10.6,5.53
T04,GL-4396,2026-03-15 00:04:00,7.2141,10.595903,8.9,4.59
T04,GL-4396,2026-03-15 00:05:00,7.214908,10.596023,5.0,4.12
T04,GL-4396,2026-03-15 00:06:00,7.215632,10.596196,11.9,4.5
T04,GL-4396,2026-03-15 00:07:00,7.216396,10.596258,,4.59
T04,GL-4396,2026-03-15 00:08:00,7.217062,10.596346,7.2,3.39
T04,GL-4396,2026-03-15 00:09:00,7.217973,10.596613,8.8,4.84
T04,GL-4396,2026-03-15 00:10:00,7.218671,10.596469,6.7,4.37
T04,GL-4396,2026-03-15 00:11:00,7.219411,10.596668,6.3,4.87
T04,GL-4396,2026-03-15 00:12:00,7.220157,10.596893,9.1,4.39
T04,GL-4396,2026-03-15 00:13:00,7.221048,10.596981,7.5,5.13
T04,GL-4396,2026-03-15 00:14:00,7.221737,10.596915,5.3,5.48
T04,GL-4396,2026-03-15 00:15:00,7.222375,10.59718,6.9,4.94
T04,GL-4396,2026-03-15 00:16:00,7.223233,10.59724,4.8,4.41
T04,GL-4396,2026-03-15 00:17:00,7.224027,10.597344,5.5,5.18
T04,GL-4396,2026-03-15 00:18:00,7.224733,10.5975,11.0,5.3
T04,GL-4396,2026-03-15 00:19:00,7.225508,10.597554,11.9,3.91
T04,GL-4396,2026-03-15 00:20:00,7.226355,10.597755,9.0,3.54
T04,GL-4396,2026-03-15 00:21:00,7.227087,10.597862,7.4,3.69
T04,GL-4396,2026-03-15 00:22:00,7.227909,10.597995,5.6,3.44
T04,GL-4396,2026-03-15 00:23:00,7.228582,10.59803,6.8,4.86
T04,GL-4396,2026-03-15 00:24:00,7.229428,10.598166,6.7,4.38
T04,GL-4396,2026-03-15 00:25:00,7.230194,10.598268,8.2,3.06
T04,GL-4396,2026-03-15 00:26:00,7.230965,10.598379,9.8,4.33
T04,GL-4396,2026-03-15 00:27:00,7.231744,10.598565,4.3,3.09
T04,GL-4396,2026-03-15 00:28:00,7.23233,10.598536,,3.54
T04,GL-4396,2026-03-15 00:29:00,7.233058,10.598764,10.8,3.95
T04,GL-4396,2026-03-15 00:30:00,7.233868,10.598812,6.6,5.07
T04,GL-4396,2026-03-15 00:31:00,7.234735,10.5989,9.0,4.84
T04,GL-4396,2026-03-15 00:32:00,7.235456,10.598997,11.0,3.51
T04,GL-4396,2026-03-15 00:33:00,7.236228,10.599182,4.4,3.05
T04,GL-4396,2026-03-15 00:34:00,7.237036,10.599251,10.4,3.0
T04,GL-4396,2026-03-15 00:35:00,7.237815,10.599428,10.1,3.1
T04,GL-4396,2026-03-15 00:36:00,7.238491,10.599302,6.8,4.72
T04,GL-4396,2026-03-15 00:37:00,7.239338,10.599589,10.4,4.97
T04,GL-4396,2026-03-15 00:38:00,7.240114,10.599758,7.3,3.61
T04,GL-4396,2026-03-15 00:39:00,7.240893,10.599751,5.9,4.9
T04,GL-4396,2026-03-15 00:40:00,7.241647,10.599942,5.5,3.34
T04,GL-4396,2026-03-15 00:41:00,7.242516,10.600002,8.6,3.54
T04,GL-4396,2026-03-15 00:42:00,7.243136,10.600031,8.4,5.19
T04,GL-4396,2026-03-15 00:43:00,7.243811,10.600174,9.3,5.46
T04,GL-4396,2026-03-15 00:44:00,7.244625,10.600482,,4.74
T04,GL-4396,2026-03-15 00:45:00,7.245418,10.600494,4.2,3.3
T04,GL-4396,2026-03-15 00:46:00,7.246261,10.600661,11.0,4.06
T04,GL-4396,2026-03-15 00:47:00,7.246922,10.600771,10.0,3.53
T04,GL-4396,2026-03-15 00:48:00,7.247728,10.600957,10.8,3.17
T04,GL-4396,2026-03-15 00:49:00,7.24854,10.601001,5.9,4.98
T04,GL-4396,2026-03-15 00:50:00,7.249261,10.601136,11.9,4.68
T04,GL-4396,2026-03-15 00:51:00,7.249997,10.601114,7.4,3.67
T04,GL-4396,2026-03-15 00:52:00,7.250721,10.601216,7.9,5.48
T04,GL-4396,2026-03-15 00:53:00,7.25144,10.601471,5.7,3.61
T04,GL-4396,2026-03-15 00:54:00,7.252438,10.601581,11.2,3.18
T04,GL-4396,2026-03-15 00:55:00,7.253063,10.601636,10.6,2.82
T04,GL-4396,2026-03-15 00:56:00,7.253745,10.60175,11.0,3.72
T04,GL-4396,2026-03-15 00:57:00,7.254561,10.601726,9.5,4.12
T04,GL-4396,2026-03-15 00:58:00,7.255327,10.601945,10.2,4.15
T04,GL-4396,2026-03-15 00:59:00,7.256063,10.602124,11.0,5.17
T04,GL-4396,2026-03-15 01:00:00,7.256844,10.602228,9.4,2.95
T04,GL-4396,2026-03-15 01:01:00,7.25771,10.602383,8.4,4.78
T04,GL-4396,2026-03-15 01:02:00,7.258362,10.602418,9.1,4.8
T04,GL-4396,2026-03-15 01:03:00,7.259065,10.602454,8.3,4.03
T04,GL-4396,2026-03-15 01:04:00,7.259944,10.602681,8.7,3.82
T04,GL-4396,2026-03-15 01:05:00,7.260705,10.602769,6.8,3.84
T04,GL-4396,2026-03-15 01:06:00,7.26143,10.602841,5.6,3.58
T04,GL-4396,2026-03-15 01:07:00,7.262239,10.60296,4.5,3.96
T04,GL-4396,2026-03-15 01:08:00,7.263042,10.603081,5.5,4.91
T04,GL-4396,2026-03-15 01:09:00,7.263689,10.603142,6.5,5.42
T04,GL-4396,2026-03-15 01:10:00,7.264394,10.603264,8.2,4.73
T04,GL-4396,2026-03-15 01:11:00,7.265269,10.60341,6.2,3.26
T04,GL-4396,2026-03-15 01:12:00,7.266108,10.603581,6.0,5.35
T04,GL-4396,2026-03-15 01:13:00,7.266858,10.603584,4.3,5.14
T04,GL-4396,2026-03-15 01:14:00,7.267522,10.603764,5.9,3.42
T04,GL-4396,2026-03-15 01:15:00,7.268234,10.603823,10.5,5.19
T04,GL-4396,2026-03-15 01:16:00,7.26907,10.603919,10.7,3.8
T04,GL-4396,2026-03-15 01:17:00,7.269861,10.604076,10.7,2.87
T04,GL-4396,2026-03-15 01:18:00,7.270693,10.604183,5.9,3.94
T04,GL-4396,2026-03-15 01:19:00,7.271334,10.604216,7.7,4.61
T04,GL-4396,2026-03-15 01:20:00,7.272169,10.604394,7.2,4.09
T04,GL-4396,2026-03-15 01:21:00,7.272956,10.604564,4.9,4.07
T04,GL-4396,2026-03-15 01:22:00,7.273602,10.604473,8.4,4.11
T04,GL-4396,2026-03-15 01:23:00,7.274365,10.604697,11.0,4.09
T04,GL-4396,2026-03-15 01:24:00,7.275178,10.604927,7.7,3.17
T04,GL-4396,2026-03-15 01:25:00,7.276,10.605062,4.6,5.01
T04,GL-4396,2026-03-15 01:26:00,7.276707,10.605096,9.0,4.63
T04,GL-4396,2026-03-15 01:27:00,7.277367,10.605137,6.6,5.29
T04,GL-4396,2026-03-15 01:28:00,7.278232,10.605265,5.4,4.2
T04,GL-4396,2026-03-15 01:29:00,7.279059,10.605455,9.6,3.15
T04,GL-4396,2026-03-15 01:30:00,7.279804,10.605415,5.6,4.32
T04,GL-4396,2026-03-15 01:31:00,7.280599,10.605656,8.9,2.91
T04,GL-4396,2026-03-15 01:32:00,7.281263,10.605622,8.6,4.62
T04,GL-4396,2026-03-15 01:33:00,7.282052,10.60585,7.8,3.51
T04,GL-4396,2026-03-15 01:34:00,7.282786,10.605923,9.4,5.02
T04,GL-4396,2026-03-15 01:35:00,7.283486,10.606098,7.3,3.6
T04,GL-4396,2026-03-15 01:36:00,7.284225,10.606206,6.6,3.99
T04,GL-4396,2026-03-15 01:37:00,7.285235,10.606267,4.5,5.41
T04,GL-4396,2026-03-15 01:38:00,7.285977,10.606458,6.2,3.37
T04,GL-4396,2026-03-15 01:39:00,7.286633,10.606494,5.3,4.15
T04,GL-4396,2026-03-15 01:40:00,7.287306,10.60668,9.6,5.27
T04,GL-4396,2026-03-15 01:41:00,7.288251,10.606774,10.3,5.43
T04,GL-4396,2026-03-15 01:42:00,7.28896,10.606822,9.3,2.9
T04,GL-4396,2026-03-15 01:43:00,7.289778,10.607033,7.2,3.92
T04,GL-4396,2026-03-15 01:44:00,7.290535,10.607022,7.4,3.17
T04,GL-4396,2026-03-15 01:45:00,7.291212,10.607242,6.6,3.24
T04,GL-4396,2026-03-15 01:46:00,7.291968,10.607378,6.3,3.01
T04,GL-4396,2026-03-15 01:47:00,7.292731,10.607384,7.0,3.99
T04,GL-4396,2026-03-15 01:48:00,7.293503,10.607493,4.8,5.04
T04,GL-4396,2026-03-15 01:49:00,7.294284,10.607626,10.2,4.83
T04,GL-4396,2026-03-15 01:50:00,7.295021,10.607826,7.5,4.17
T04,GL-4396,2026-03-15 01:51:00,7.295829,10.607795,5.4,4.31
T04,GL-4396,2026-03-15 01:52:00,7.296622,10.607936,10.4,5.26
T04,GL-4396,2026-03-15 01:53:00,7.297431,10.608122,11.3,3.98
T04,GL-4396,2026-03-15 01:54:00,7.298078,10.608376,8.1,2.93
T04,GL-4396,2026-03-15 01:55:00,7.298799,10.608293,5.8,3.9
T04,GL-4396,2026-03-15 01:56:00,7.299693,10.608293,4.0,3.57
T04,GL-4396,2026-03-15 01:57:00,7.300463,10.608521,8.7,5.01
T04,GL-4396,2026-03-15 01:58:00,7.301141,10.608649,4.3,4.79
T04,GL-4396,2026-03-15 01:59:00,7.301942,10.608746,4.6,4.24
T04,GL-4396,2026-03-15 02:00:00,7.302629,10.608919,9.1,3.88
T04,GL-4396,2026-03-15 02:01:00,7.303447,10.608989,8.2,4.58
T04,GL-4396,2026-03-15 02:02:00,7.304225,10.60916,10.3,3.65
T04,GL-4396,2026-03-15 02:03:00,7.305002,10.609129,9.8,5.47
T04,GL-4396,2026-03-15 02:04:00,7.305713,10.60938,11.8,3.04
T04,GL-4396,2026-03-15 02:05:00,7.306536,10.609351,5.0,4.52
T04,GL-4396,2026-03-15 02:06:00,7.307308,10.609494,5.6,4.3
T04,GL-4396,2026-03-15 02:07:00,7.307978,10.609612,8.6,5.09
T04,GL-4396,2026-03-15 02:08:00,7.308741,10.609796,5.4,3.08
T04,GL-4396,2026-03-15 02:09:00,7.30954,10.609948,11.3,4.88
T04,GL-4396,2026-03-15 02:10:00,7.310345,10.609902,6.2,5.5
T04,GL-4396,2026-03-15 02:11:00,7.31106,10.610117,10.3,2.83
T04,GL-4396,2026-03-15 02:12:00,7.311818,10.610214,7.0,3.19
T04,GL-4396,2026-03-15 02:13:00,7.312511,10.610286,7.3,4.37
T04,GL-4396,2026-03-15 02:14:00,7.313329,10.610348,11.8,4.7
T04,GL-4396,2026-03-15 02:15:00,7.314271,10.61062,10.7,4.4
T04,GL-4396,2026-03-15 02:16:00,7.314947,10.610681,5.5,3.11
T04,GL-4396,2026-03-15 02:17:00,7.315659,10.610724,5.7,4.88
T04,GL-4396,2026-03-15 02:18:00,7.316455,10.610807,11.2,5.2
T04,GL-4396,2026-03-15 02:19:00,7.317097,10.611075,8.7,3.76
T04,GL-4396,2026-03-15 02:20:00,7.317969,10.611048,7.5,4.67
T04,GL-4396,2026-03-15 02:21:00,7.318678,10.611207,9.0,4.3
T04,GL-4396,2026-03-15 02:22:00,7.319439,10.611283,7.2,3.87
T04,GL-4396,2026-03-15 02:23:00,7.320219,10.611382,10.3,3.17
T04,GL-4396,2026-03-15 02:24:00,7.321072,10.611573,11.9,3.0
T04,GL-4396,2026-03-15 02:25:00,7.3217,10.611649,8.5,4.77
T04,GL-4396,2026-03-15 02:26:00,7.322544,10.611763,10.5,4.61
T04,GL-4396,2026-03-15 02:27:00,7.323276,10.611957,6.5,3.44
T04,GL-4396,2026-03-15 02:28:00,7.324005,10.611981,11.4,4.11
T04,GL-4396,2026-03-15 02:29:00,7.324908,10.612007,11.9,3.43
T04,GL-4396,2026-03-15 02:30:00,7.325496,10.612228,9.1,2.93
T04,GL-4396,2026-03-15 02:31:00,7.326288,10.612279,9.6,4.14
T04,GL-4396,2026-03-15 02:32:00,7.326966,10.612526,6.0,3.08
T04,GL-4396,2026-03-15 02:33:00,7.327921,10.612466,9.8,4.46
T04,GL-4396,2026-03-15 02:34:00,7.328681,10.612782,4.9,3.94
T04,GL-4396,2026-03-15 02:35:00,7.329318,10.612777,6.9,3.36
T04,GL-4396,2026-03-15 02:36:00,7.330189,10.612886,,2.91
T04,GL-4396,2026-03-15 02:37:00,7.330904,10.612966,8.9,4.06
T04,GL-4396,2026-03-15 02:38:00,7.33171,10.61304,8.7,2.82
T04,GL-4396,2026-03-15 02:39:00,7.332334,10.613218,10.7,4.34
T04,GL-4396,2026-03-15 02:40:00,7.333155,10.6133,9.9,2.87
T04,GL-4396,2026-03-15 02:41:00,7.334055,10.613465,11.0,3.91
T04,GL-4396,2026-03-15 02:42:00,7.334724,10.613538,6.8,4.22
T04,GL-4396,2026-03-15 02:43:00,7.335488,10.613646,5.4,3.07
T04,GL-4396,2026-03-15 02:44:00,7.336291,10.61377,9.0,5.16
T04,GL-4396,2026-03-15 02:45:00,7.336935,10.61405,8.1,3.08
T04,GL-4396,2026-03-15 02:46:00,7.337872,10.614094,7.1,4.88
T04,GL-4396,2026-03-15 02:47:00,7.338589,10.614107,4.9,3.8
T04,GL-4396,2026-03-15 02:48:00,7.339154,10.614147,6.6,5.26
T04,GL-4396,2026-03-15 02:49:00,7.340068,10.614308,9.3,4.94
T04,GL-4396,2026-03-15 02:50:00,7.340866,10.61445,9.9,3.48
T04,GL-4396,2026-03-15 02:51:00,7.341545,10.61464,6.5,2.87
T04,GL-4396,2026-03-15 02:52:00,7.342385,10.614637,5.8,5.25
T04,GL-4396,2026-03-15 02:53:00,7.343066,10.614673,5.8,5.23
T04,GL-4396,2026-03-15 02:54:00,7.343899,10.614903,11.7,4.85
T04,GL-4396,2026-03-15 02:55:00,7.344687,10.614991,11.0,4.23
T04,GL-4396,2026-03-15 02:56:00,7.345418,10.615066,9.2,3.34
T04,GL-4396,2026-03-15 02:57:00,7.346247,10.615363,4.3,3.32
T04,GL-4396,2026-03-15 02:58:00,7.34691,10.615383,11.7,2.82
T04,GL-4396,2026-03-15 02:59:00,7.347663,10.615436,11.6,5.37
T04,GL-4396,2026-03-15 03:00:00,7.348506,10.615681,9.8,3.85
T04,GL-4396,2026-03-15 03:01:00,7.349291,10.615708,7.4,5.4
T04,GL-4396,2026-03-15 03:02:00,7.350013,10.61571,4.0,3.28
T04,GL-4396,2026-03-15 03:03:00,7.350791,10.615829,8.1,4.31
T04,GL-4396,2026-03-15 03:04:00,7.351625,10.615947,5.7,3.26
T04,GL-4396,2026-03-15 03:05:00,7.352299,10.616158,9.1,3.93
T04,GL-4396,2026-03-15 03:06:00,7.35304,10.616332,8.8,3.15
T04,GL-4396,2026-03-15 03:07:00,7.353831,10.616342,8.9,4.16
T04,GL-4396,2026-03-15 03:08:00,7.354545,10.616541,7.5,3.03
T04,GL-4396,2026-03-15 03:09:00,7.355368,10.616661,5.1,3.89
T04,GL-4396,2026-03-15 03:10:00,7.355997,10.616703,6.7,5.55
T04,GL-4396,2026-03-15 03:11:00,7.356901,10.616784,6.2,4.05
T04,GL-4396,2026-03-15 03:12:00,7.357617,10.616696,9.3,4.48
T04,GL-4396,2026-03-15 03:13:00,7.358477,10.616935,9.4,4.66
T04,GL-4396,2026-03-15 03:14:00,7.359238,10.617053,6.1,3.5
T04,GL-4396,2026-03-15 03:15:00,7.359916,10.617231,5.8,5.02
T04,GL-4396,2026-03-15 03:16:00,7.360721,10.617319,10.8,4.61
T04,GL-4396,2026-03-15 03:17:00,7.36144,10.617498,4.4,5.31
T04,GL-4396,2026-03-15 03:18:00,7.362199,10.617609,6.0,5.11
T04,GL-4396,2026-03-15 03:19:00,7.363059,10.617663,9.4,3.5
T04,GL-4396,2026-03-15 03:20:00,7.363799,10.617882,11.7,3.21
T04,GL-4396,2026-03-15 03:21:00,7.364552,10.617873,8.6,4.45
T04,GL-4396,2026-03-15 03:22:00,7.365283,10.618044,11.8,3.1
T04,GL-4396,2026-03-15 03:23:00,7.365987,10.618086,7.2,3.32
T04,GL-4396,2026-03-15 03:24:00,7.366907,10.618248,6.9,3.18
T04,GL-4396,2026-03-15 03:25:00,7.367527,10.618438,9.2,5.51
T04,GL-4396,2026-03-15 03:26:00,7.368273,10.618537,5.6,4.49
T04,GL-4396,2026-03-15 03:27:00,7.369104,10.618635,9.0,5.18
T04,GL-4396,2026-03-15 03:28:00,7.369813,10.618756,4.4,3.38
T04,GL-4396,2026-03-15 03:29:00,7.37071,10.618822,9.4,4.31
T04,GL-4396,2026-03-15 03:30:00,7.371261,10.618878,8.9,5.25
T04,GL-4396,2026-03-15 03:31:00,7.372165,10.618997,6.5,4.46
T04,GL-4396,2026-03-15 03:32:00,7.372854,10.619153,6.1,3.96
T04,GL-4396,2026-03-15 03:33:00,7.373805,10.619269,7.8,3.05
T04,GL-4396,2026-03-15 03:34:00,7.37449,10.619381,9.0,2.94
T04,GL-4396,2026-03-15 03:35:00,7.375221,10.619418,,3.79
T04,GL-4396,2026-03-15 03:36:00,7.376039,10.619559,4.8,4.78
T04,GL-4396,2026-03-15 03:37:00,7.376731,10.619784,6.2,4.28
T04,GL-4396,2026-03-15 03:38:00,7.377505,10.61992,,4.61
T04,GL-4396,2026-03-15 03:39:00,7.378239,10.619921,5.9,4.45
T04,GL-4396,2026-03-15 03:40:00,7.379083,10.619939,6.8,4.2
T04,GL-4396,2026-03-15 03:41:00,7.379877,10.62015,10.8,3.55
T04,GL-4396,2026-03-15 03:42:00,7.380646,10.620274,8.5,3.64
T04,GL-4396,2026-03-15 03:43:00,7.381338,10.620474,7.4,3.31
T04,GL-4396,2026-03-15 03:44:00,7.382027,10.620432,6.8,4.01
T04,GL-4396,2026-03-15 03:45:00,7.382834,10.620669,8.0,4.15
T04,GL-4396,2026-03-15 03:46:00,7.383574,10.620592,7.9,4.06
T04,GL-4396,2026-03-15 03:47:00,7.384371,10.620905,4.9,4.19
T04,GL-4396,2026-03-15 03:48:00,7.385179,10.62086,9.3,3.79
T04,GL-4396,2026-03-15 03:49:00,7.385843,10.621074,10.1,4.33
T04,GL-4396,2026-03-15 03:50:00,7.386595,10.621094,11.0,2.83
T04,GL-4396,2026-03-15 03:51:00,7.387326,10.621287,7.2,3.04
T04,GL-4396,2026-03-15 03:52:00,7.388176,10.621368,4.4,2.95
T04,GL-4396,2026-03-15 03:53:00,7.388966,10.621436,6.5,4.21
T04,GL-4396,2026-03-15 03:54:00,7.389834,10.621678,8.9,4.37
T04,GL-4396,2026-03-15 03:55:00,7.390422,10.621805,6.5,4.0
T04,GL-4396,2026-03-15 03:56:00,7.391289,10.621818,9.7,4.79
T04,GL-4396,2026-03-15 03:57:00,7.392089,10.621845,10.0,4.23
T04,GL-4396,2026-03-15 03:58:00,7.392789,10.622041,6.4,3.27
T04,GL-4396,2026-03-15 03:59:00,7.393448,10.622157,7.5,3.98
T04,GL-4396,2026-03-15 04:00:00,7.394286,10.622248,9.0,3.62
T04,GL-4396,2026-03-15 04:01:00,7.394995,10.622348,6.3,3.16
T04,GL-4396,2026-03-15 04:02:00,7.3959,10.622556,10.3,4.16
T04,GL-4396,2026-03-15 04:03:00,7.396551,10.622537,5.3,3.65
T04,GL-4396,2026-03-15 04:04:00,7.397304,10.622666,,3.15
T04,GL-4396,2026-03-15 04:05:00,7.398028,10.622878,10.5,4.35
T04,GL-4396,2026-03-15 04:06:00,7.398895,10.622922,10.3,4.67
T04,GL-4396,2026-03-15 04:07:00,7.39957,10.623095,7.3,4.51
T04,GL-4396,2026-03-15 04:08:00,7.400384,10.623145,8.0,4.28
T04,GL-4396,2026-03-15 04:09:00,7.401082,10.623283,10.8,4.74
T04,GL-4396,2026-03-15 04:10:00,7.401955,10.623322,10.8,3.82
T04,GL-4396,2026-03-15 04:11:00,7.402746,10.623449,7.8,4.34
T04,GL-4396,2026-03-15 04:12:00,7.403548,10.623538,5.9,4.0
T04,GL-4396,2026-03-15 04:13:00,7.404288,10.623761,6.6,4.04
T04,GL-4396,2026-03-15 04:14:00,7.404953,10.623736,6.0,4.45
T04,GL-4396,2026-03-15 04:15:00,7.4057,10.623973,5.5,4.59
T04,GL-4396,2026-03-15 04:16:00,7.406414,10.624084,9.5,5.51
T04,GL-4396,2026-03-15 04:17:00,7.407333,10.624222,5.2,3.58
T04,GL-4396,2026-03-15 04:18:00,7.407927,10.624312,8.7,3.08
T04,GL-4396,2026-03-15 04:19:00,7.408837,10.624378,5.4,3.43
T04,GL-4396,2026-03-15 04:20:00,7.409562,10.624582,8.1,5.0
T04,GL-4396,2026-03-15 04:21:00,7.410359,10.62465,6.9,3.03
T04,GL-4396,2026-03-15 04:22:00,7.411113,10.624737,9.4,4.83
T04,GL-4396,2026-03-15 04:23:00,7.41181,10.624831,4.2,3.88
T04,GL-4396,2026-03-15 04:24:00,7.412691,10.624961,4.1,5.05
T04,GL-4396,2026-03-15 04:25:00,7.413347,10.62494,8.9,3.46
T04,GL-4396,2026-03-15 04:26:00,7.414193,10.625267,5.6,3.14
T04,GL-4396,2026-03-15 04:27:00,7.414877,10.625323,4.1,5.25
T04,GL-4396,2026-03-15 04:28:00,7.415662,10.625389,6.4,3.47
T04,GL-4396,2026-03-15 04:29:00,7.416387,10.625635,4.3,3.63
T04,GL-4396,2026-03-15 04:30:00,7.417051,10.625524,5.0,4.19
T04,GL-4396,2026-03-15 04:31:00,7.418014,10.625785,7.6,4.36
T04,GL-4396,2026-03-15 04:32:00,7.418812,10.625856,5.5,4.65
T04,GL-4396,2026-03-15 04:33:00,7.41947,10.625914,4.5,3.43
T04,GL-4396,2026-03-15 04:34:00,7.420283,10.62608,4.2,3.38
T04,GL-4396,2026-03-15 04:35:00,7.421001,10.626123,4.5,4.83
T04,GL-4396,2026-03-15 04:36:00,7.421785,10.6264,5.8,3.94
T04,GL-4396,2026-03-15 04:37:00,7.422542,10.626377,5.4,4.19
T04,GL-4396,2026-03-15 04:38:00,7.423209,10.626517,10.2,4.9
T04,GL-4396,2026-03-15 04:39:00,7.424104,10.626587,4.7,3.52
T04,GL-4396,2026-03-15 04:40:00,7.424934,10.626757,11.6,3.87
T04,GL-4396,2026-03-15 04:41:00,7.425461,10.626855,6.8,5.5
T04,GL-4396,2026-03-15 04:42:00,7.426408,10.627038,11.1,4.5
T04,GL-4396,2026-03-15 04:43:00,7.4271,10.627124,8.0,4.01
T04,GL-4396,2026-03-15 04:44:00,7.427783,10.627181,4.6,3.84
T04,GL-4396,2026-03-15 04:45:00,7.428656,10.627255,4.8,4.7
T04,GL-4396,2026-03-15 04:46:00,7.429472,10.627401,9.6,5.39
T04,GL-4396,2026-03-15 04:47:00,7.430165,10.62759,9.8,4.25
T04,GL-4396,2026-03-15 04:48:00,7.430982,10.627598,6.0,4.38
T04,GL-4396,2026-03-15 04:49:00,7.588385,10.627716,4.9,245.26
T04,GL-4396,2026-03-15 04:50:00,7.432451,10.627824,9.5,4.57
T04,GL-4396,2026-03-15 04:51:00,7.433273,10.627947,10.2,4.09
T04,GL-4396,2026-03-15 04:52:00,7.433962,10.628005,7.1,3.3
T04,GL-4396,2026-03-15 04:53:00,7.434764,10.628047,6.3,4.01
T04,GL-4396,2026-03-15 04:54:00,7.435512,10.6284,10.4,3.47
T04,GL-4396,2026-03-15 04:55:00,7.436292,10.628467,8.1,4.03
T04,GL-4396,2026-03-15 04:56:00,7.437076,10.628501,9.6,5.34
T04,GL-4396,2026-03-15 04:57:00,7.197627,10.628636,9.7,436.57
T04,GL-4396,2026-03-15 04:58:00,7.43864,10.628767,6.2,3.91
T04,GL-4396,2026-03-15 04:59:00,7.439218,10.62877,4.3,4.03
T04,GL-4396,2026-03-15 05:00:00,7.440131,10.629,7.2,3.79
T04,GL-4396,2026-03-15 05:01:00,7.440872,10.629144,10.7,3.96
T04,GL-4396,2026-03-15 05:02:00,7.441637,10.629218,10.0,4.53
T04,GL-4396,2026-03-15 05:03:00,7.442429,10.629336,4.0,4.39
T04,GL-4396,2026-03-15 05:04:00,7.443078,10.62943,5.8,5.59
T04,GL-4396,2026-03-15 05:05:00,7.443885,10.629501,6.7,4.13
T04,GL-4396,2026-03-15 05:06:00,7.444683,10.629631,8.1,5.15
T04,GL-4396,2026-03-15 05:07:00,7.445344,10.629661,6.9,3.12
T04,GL-4396,2026-03-15 05:08:00,7.446247,10.629828,10.4,4.95
T04,GL-4396,2026-03-15 05:09:00,7.447012,10.630044,8.6,3.83
T04,GL-4396,2026-03-15 05:10:00,7.447736,10.630111,10.1,3.52
T04,GL-4396,2026-03-15 05:11:00,7.448472,10.630306,4.0,5.47
T04,GL-4396,2026-03-15 05:12:00,7.44924,10.630371,6.8,3.77
T04,GL-4396,2026-03-15 05:13:00,7.450068,10.630433,7.4,3.88
T04,GL-4396,2026-03-15 05:14:00,7.450768,10.630476,11.5,4.76
T04,GL-4396,2026-03-15 05:15:00,7.451592,10.630689,,4.85
T04,GL-4396,2026-03-15 05:16:00,7.452224,10.630889,9.6,5.06
T04,GL-4396,2026-03-15 05:17:00,7.453141,10.630817,7.8,3.2
T04,GL-4396,2026-03-15 05:18:00,7.453871,10.630819,7.3,4.6
T04,GL-4396,2026-03-15 05:19:00,7.454607,10.631095,8.5,5.54
T04,GL-4396,2026-03-15 05:20:00,7.455375,10.631144,11.9,4.29
T04,GL-4396,2026-03-15 05:21:00,7.456074,10.631389,6.6,5.58
T04,GL-4396,2026-03-15 05:22:00,7.45691,10.63141,10.2,3.92
T04,GL-4396,2026-03-15 05:23:00,7.457659,10.631613,9.9,5.02
T04,GL-4396,2026-03-15 05:24:00,7.458399,10.631672,9.4,3.13
T04,GL-4396,2026-03-15 05:25:00,7.45904,10.631743,8.3,4.29
T04,GL-4396,2026-03-15 05:26:00,7.460028,10.631921,5.2,4.31
T04,GL-4396,2026-03-15 05:27:00,7.460626,10.63198,10.6,3.77
T04,GL-4396,2026-03-15 05:28:00,7.461502,10.632112,11.8,2.89
T04,GL-4396,2026-03-15 05:29:00,7.462175,10.632233,7.9,3.04
T04,GL-4396,2026-03-15 05:30:00,7.46297,10.63226,8.2,4.56
T04,GL-4396,2026-03-15 05:31:00,7.463764,10.632325,4.5,4.49
T04,GL-4396,2026-03-15 05:32:00,7.464579,10.632542,11.5,4.69
T04,GL-4396,2026-03-15 05:33:00,7.46527,10.632712,11.9,4.86
T04,GL-4396,2026-03-15 05:34:00,7.465916,10.632895,11.5,2.87
T04,GL-4396,2026-03-15 05:35:00,7.466709,10.632891,5.7,4.54
T04,GL-4396,2026-03-15 05:36:00,7.467696,10.633046,7.2,4.72
T04,GL-4396,2026-03-15 05:37:00,7.468241,10.633093,7.6,5.44
T04,GL-4396,2026-03-15 05:38:00,7.469205,10.633189,7.6,4.32
T04,GL-4396,2026-03-15 05:39:00,7.469872,10.633381,11.4,4.49
T04,GL-4396,2026-03-15 05:40:00,7.470578,10.633379,11.4,4.72
T04,GL-4396,2026-03-15 05:41:00,7.471386,10.633538,10.0,4.45
T04,GL-4396,2026-03-15 05:42:00,7.472178,10.633616,8.3,5.32
T04,GL-4396,2026-03-15 05:43:00,7.472883,10.633769,10.7,4.31
T04,GL-4396,2026-03-15 05:44:00,7.473712,10.633829,10.7,5.25
T04,GL-4396,2026-03-15 05:45:00,7.474516,10.634027,11.0,4.64
T04,GL-4396,2026-03-15 05:46:00,7.475123,10.634131,5.0,5.56
T04,GL-4396,2026-03-15 05:47:00,7.476037,10.63413,9.9,5.34
T04,GL-4396,2026-03-15 05:48:00,7.476835,10.634332,10.8,5.35
T04,GL-4396,2026-03-15 05:49:00,7.477507,10.634429,10.6,4.61
T04,GL-4396,2026-03-15 05:50:00,7.478253,10.634474,8.5,5.04
T04,GL-4396,2026-03-15 05:51:00,7.479012,10.634729,8.3,4.06
T04,GL-4396,2026-03-15 05:52:00,7.479672,10.634729,7.8,4.05
T04,GL-4396,2026-03-15 05:53:00,7.480579,10.634848,8.8,5.56
T04,GL-4396,2026-03-15 05:54:00,7.481323,10.635057,,3.6
T04,GL-4396,2026-03-15 05:55:00,7.482081,10.635126,4.8,5.52
T04,GL-4396,2026-03-15 05:56:00,7.482793,10.635173,,3.94
T04,GL-4396,2026-03-15 05:57:00,7.483623,10.635349,11.0,4.46
T04,GL-4396,2026-03-15 05:58:00,7.484268,10.635412,8.6,3.4
T04,GL-4396,2026-03-15 05:59:00,7.485107,10.63547,5.5,3.24
T04,GL-4396,2026-03-15 06:00:00,7.485869,10.635616,11.1,5.08
T04,GL-4396,2026-03-15 06:01:00,7.486711,10.635745,10.5,5.43
T04,GL-4396,2026-03-15 06:02:00,7.487444,10.635861,9.1,5.13
T04,GL-4396,2026-03-15 06:03:00,7.488223,10.636066,4.3,5.23
T04,GL-4396,2026-03-15 06:04:00,7.488927,10.636147,5.8,4.68
T04,GL-4396,2026-03-15 06:05:00,7.489708,10.63622,5.3,4.86
T04,GL-4396,2026-03-15 06:06:00,7.490517,10.636299,7.8,3.85
T04,GL-4396,2026-03-15 06:07:00,7.491253,10.636435,5.0,4.24
T04,GL-4396,2026-03-15 06:08:00,7.491965,10.636605,9.3,3.75
T04,GL-4396,2026-03-15 06:09:00,7.492722,10.636618,10.9,5.4
T04,GL-4396,2026-03-15 06:10:00,7.493507,10.636757,11.5,3.41
T04,GL-4396,2026-03-15 06:11:00,7.494392,10.637035,6.7,4.79
T04,GL-4396,2026-03-15 06:12:00,7.495008,10.636894,6.0,4.39
T04,GL-4396,2026-03-15 06:13:00,7.495827,10.637077,11.2,2.86
T04,GL-4396,2026-03-15 06:14:00,7.496601,10.637178,4.1,5.43
T04,GL-4396,2026-03-15 06:15:00,7.497361,10.637304,11.8,4.17
T04,GL-4396,2026-03-15 06:16:00,7.498095,10.637446,11.4,5.43
T04,GL-4396,2026-03-15 06:17:00,7.498924,10.637448,6.0,5.57
T04,GL-4396,2026-03-15 06:18:00,7.499555,10.637712,7.1,3.42
T04,GL-4396,2026-03-15 06:19:00,7.500379,10.637758,11.4,3.01
T04,GL-4396,2026-03-15 06:20:00,7.501134,10.637812,7.5,5.11
T04,GL-4396,2026-03-15 06:21:00,7.501989,10.637998,9.8,2.83
T04,GL-4396,2026-03-15 06:22:00,7.502736,10.638199,11.6,2.81
T04,GL-4396,2026-03-15 06:23:00,7.503465,10.638193,7.6,4.18
T04,GL-4396,2026-03-15 06:24:00,7.504215,10.638371,11.5,4.37
T04,GL-4396,2026-03-15 06:25:00,7.50501,10.638479,6.4,3.43
T04,GL-4396,2026-03-15 06:26:00,7.505745,10.638541,7.2,3.72
T04,GL-4396,2026-03-15 06:27:00,7.506536,10.638711,10.5,5.22
T04,GL-4396,2026-03-15 06:28:00,7.507363,10.638725,9.0,4.28
T04,GL-4396,2026-03-15 06:29:00,7.507983,10.638929,10.2,4.27
T04,GL-4396,2026-03-15 06:30:00,7.508826,10.638974,10.0,5.06
T04,GL-4396,2026-03-15 06:31:00,7.509647,10.639108,4.6,3.22
T04,GL-4396,2026-03-15 06:32:00,7.510388,10.639304,5.9,4.28
T04,GL-4396,2026-03-15 06:33:00,7.511193,10.639474,5.6,3.09
T04,GL-4396,2026-03-15 06:34:00,7.511894,10.639395,8.1,3.13
T04,GL-4396,2026-03-15 06:35:00,7.512603,10.639615,11.3,3.54
T04,GL-4396,2026-03-15 06:36:00,7.513267,10.639669,5.0,3.77
T04,GL-4396,2026-03-15 06:37:00,7.514154,10.639737,4.8,3.95
T04,GL-4396,2026-03-15 06:38:00,7.514859,10.639846,8.1,3.54
T04,GL-4396,2026-03-15 06:39:00,7.515668,10.64007,4.0,2.83
T04,GL-4396,2026-03-15 06:40:00,7.516411,10.640038,11.2,3.63
T04,GL-4396,2026-03-15 06:41:00,7.517086,10.640235,8.2,4.15
T04,GL-4396,2026-03-15 06:42:00,7.517869,10.640507,5.6,3.88
T04,GL-4396,2026-03-15 06:43:00,7.518772,10.640439,10.9,5.38
T04,GL-4396,2026-03-15 06:44:00,7.519472,10.640673,11.7,3.76
T04,GL-4396,2026-03-15 06:45:00,7.520255,10.640741,7.1,3.31
T04,GL-4396,2026-03-15 06:46:00,7.520981,10.640718,11.9,4.75
T04,GL-4396,2026-03-15 06:47:00,7.521822,10.640972,9.1,5.39
T04,GL-4396,2026-03-15 06:48:00,7.522529,10.641092,5.7,3.1
T04,GL-4396,2026-03-15 06:49:00,7.523312,10.641095,8.1,3.41
T04,GL-4396,2026-03-15 06:50:00,7.52397,10.641166,10.0,4.78
T04,GL-4396,2026-03-15 06:51:00,7.524829,10.641389,,3.86
T04,GL-4396,2026-03-15 06:52:00,7.525731,10.64159,10.9,3.48
T04,GL-4396,2026-03-15 06:53:00,7.52631,10.641628,6.8,2.97
T04,GL-4396,2026-03-15 06:54:00,7.527131,10.641588,8.0,5.42
T04,GL-4396,2026-03-15 06:55:00,7.527882,10.641846,5.8,3.25
T04,GL-4396,2026-03-15 06:56:00,7.528762,10.64184,10.7,5.15
T04,GL-4396,2026-03-15 06:57:00,7.529425,10.641982,11.5,5.56
T04,GL-4396,2026-03-15 06:58:00,7.530249,10.642091,4.4,3.09
T04,GL-4396,2026-03-15 06:59:00,7.530932,10.6423,8.4,5.31
T04,GL-4396,2026-03-15 07:00:00,7.531697,10.642414,7.8,4.19
T04,GL-4396,2026-03-15 07:01:00,7.532492,10.642435,10.2,2.95
T04,GL-4396,2026-03-15 07:02:00,7.533134,10.642603,4.1,5.15
T04,GL-4396,2026-03-15 07:03:00,7.533949,10.642632,5.2,5.35
T04,GL-4396,2026-03-15 07:04:00,7.534786,10.642737,10.2,4.3
T04,GL-4396,2026-03-15 07:05:00,7.535421,10.642915,6.6,3.26
T04,GL-4396,2026-03-15 07:06:00,7.536339,10.643111,4.5,3.06
T04,GL-4396,2026-03-15 07:07:00,7.537103,10.643079,10.2,3.8
T04,GL-4396,2026-03-15 07:08:00,7.537802,10.643332,10.9,4.38
T04,GL-4396,2026-03-15 07:09:00,7.538616,10.643404,4.7,4.79
T04,GL-4396,2026-03-15 07:10:00,7.539316,10.643441,8.9,3.52
T04,GL-4396,2026-03-15 07:11:00,7.540258,10.643523,,4.94
T04,GL-4396,2026-03-15 07:12:00,7.540833,10.643657,4.1,5.25
T04,GL-4396,2026-03-15 07:13:00,7.541603,10.643821,8.8,5.21
T04,GL-4396,2026-03-15 07:14:00,7.542338,10.643883,8.1,4.99
T04,GL-4396,2026-03-15 07:15:00,7.543289,10.64402,7.4,3.04
T04,GL-4396,2026-03-15 07:16:00,7.543834,10.644127,8.8,3.17
T04,GL-4396,2026-03-15 07:17:00,7.544667,10.644265,11.7,3.88
T04,GL-4396,2026-03-15 07:18:00,7.545495,10.644443,9.2,4.74
T04,GL-4396,2026-03-15 07:19:00,7.546149,10.644607,,3.96
T04,GL-4396,2026-03-15 07:20:00,7.546919,10.644545,9.9,4.68
T04,GL-4396,2026-03-15 07:21:00,7.547745,10.644778,9.8,4.45
T04,GL-4396,2026-03-15 07:22:00,7.548486,10.644826,8.3,2.84
T04,GL-4396,2026-03-15 07:23:00,7.549302,10.644894,7.6,5.47
T04,GL-4396,2026-03-15 07:24:00,7.550117,10.645061,5.3,4.64
T04,GL-4396,2026-03-15 07:25:00,7.550765,10.645156,10.1,4.41
T04,GL-4396,2026-03-15 07:26:00,7.551597,10.645245,4.9,2.85
T04,GL-4396,2026-03-15 07:27:00,7.5524,10.645453,6.7,3.87
T04,GL-4396,2026-03-15 07:28:00,7.553137,10.645592,8.9,5.53
T04,GL-4396,2026-03-15 07:29:00,7.553869,10.645538,8.6,3.3
T04,GL-4396,2026-03-15 07:30:00,7.554627,10.645805,9.2,4.31
T04,GL-4396,2026-03-15 07:31:00,7.555336,10.645806,9.1,3.82
T04,GL-4396,2026-03-15 07:32:00,7.556117,10.645997,5.2,4.46
T04,GL-4396,2026-03-15 07:33:00,7.556922,10.646043,4.1,3.4
T04,GL-4396,2026-03-15 07:34:00,7.55763,10.646048,7.2,4.97
T04,GL-4396,2026-03-15 07:35:00,7.55845,10.646286,6.0,3.83
T04,GL-4396,2026-03-15 07:36:00,7.559197,10.64643,5.7,4.04
T04,GL-4396,2026-03-15 07:37:00,7.560047,10.646513,10.2,4.44
T04,GL-4396,2026-03-15 07:38:00,7.560818,10.646621,9.0,3.95
T04,GL-4396,2026-03-15 07:39:00,7.561526,10.646723,10.1,5.27
T04,GL-4396,2026-03-15 07:40:00,7.562394,10.646888,10.1,3.73
T04,GL-4396,2026-03-15 07:41:00,7.563038,10.646926,7.6,4.27
T04,GL-4396,2026-03-15 07:42:00,7.563773,10.647093,10.8,3.38
T04,GL-4396,2026-03-15 07:43:00,7.564631,10.647059,5.6,3.9
T04,GL-4396,2026-03-15 07:44:00,7.565239,10.647282,7.6,4.0
T04,GL-4396,2026-03-15 07:45:00,7.566053,10.647495,11.1,5.25
T04,GL-4396,2026-03-15 07:46:00,7.566903,10.64751,8.4,3.73
T04,GL-4396,2026-03-15 07:47:00,7.312047,10.647593,6.9,174.61
T04,GL-4396,2026-03-15 07:48:00,7.56842,10.647626,11.7,5.06
T04,GL-4396,2026-03-15 07:49:00,7.569121,10.647747,5.2,4.18
T04,GL-4396,2026-03-15 07:50:00,7.569848,10.648058,10.4,3.57
T04,GL-4396,2026-03-15 07:51:00,7.570701,10.648019,7.1,4.97
T04,GL-4396,2026-03-15 07:52:00,7.571448,10.648142,8.5,4.75
T04,GL-4396,2026-03-15 07:53:00,7.572238,10.648355,6.6,4.44
T04,GL-4396,2026-03-15 07:54:00,7.572952,10.648423,6.2,4.7
T04,GL-4396,2026-03-15 07:55:00,7.573757,10.648484,9.6,4.23
T04,GL-4396,2026-03-15 07:56:00,7.574485,10.648712,5.3,4.15
T04,GL-4396,2026-03-15 07:57:00,7.575247,10.648713,4.8,5.54
T04,GL-4396,2026-03-15 07:58:00,7.575977,10.64885,10.3,4.91
T04,GL-4396,2026-03-15 07:59:00,7.576829,10.64888,9.5,5.11
T04,GL-4396,2026-03-15 08:00:00,7.577579,10.649149,8.0,3.62
T04,GL-4396,2026-03-15 08:01:00,7.57825,10.649183,11.9,5.31
T04,GL-4396,2026-03-15 08:02:00,7.57895,10.649405,11.4,5.04
T04,GL-4396,2026-03-15 08:03:00,7.579753,10.649434,8.4,3.55
T04,GL-4396,2026-03-15 08:04:00,7.58062,10.649568,9.6,3.16
T04,GL-4396,2026-03-15 08:05:00,7.581238,10.649597,10.6,3.19
T04,GL-4396,2026-03-15 08:06:00,7.582148,10.64975,4.2,5.37
T04,GL-4396,2026-03-15 08:07:00,7.582901,10.64993,10.5,4.99
T04,GL-4396,2026-03-15 08:08:00,7.583521,10.650009,4.9,3.39
T04,GL-4396,2026-03-15 08:09:00,7.584414,10.649937,10.1,5.28
T04,GL-4396,2026-03-15 08:10:00,7.585068,10.650126,9.0,4.07
T04,GL-4396,2026-03-15 08:11:00,7.585918,10.650467,5.0,4.53
T04,GL-4396,2026-03-15 08:12:00,7.586659,10.650349,6.5,5.41
T04,GL-4396,2026-03-15 08:13:00,7.587391,10.650467,9.0,4.76
T04,GL-4396,2026-03-15 08:14:00,7.588137,10.650633,5.0,3.45
T04,GL-4396,2026-03-15 08:15:00,7.588947,10.650772,6.9,4.91
T04,GL-4396,2026-03-15 08:16:00,7.589681,10.650889,11.4,3.56
T04,GL-4396,2026-03-15 08:17:00,7.590449,10.651042,9.1,2.93
T04,GL-4396,2026-03-15 08:18:00,7.591304,10.651032,4.1,3.63
T04,GL-4396,2026-03-15 08:19:00,7.591994,10.651244,5.3,4.27
T04,GL-4396,2026-03-15 08:20:00,7.592756,10.651227,9.7,4.25
T04,GL-4396,2026-03-15 08:21:00,7.593593,10.651444,7.7,4.75
T04,GL-4396,2026-03-15 08:22:00,7.594377,10.651694,4.1,4.39
T04,GL-4396,2026-03-15 08:23:00,7.595151,10.65165,7.3,2.87
T04,GL-4396,2026-03-15 08:24:00,7.595824,10.651721,5.6,4.13
T04,GL-4396,2026-03-15 08:25:00,7.59661,10.651846,9.5,3.24
T04,GL-4396,2026-03-15 08:26:00,7.597363,10.652035,6.3,3.93
T04,GL-4396,2026-03-15 08:27:00,7.598115,10.652025,4.7,5.52
T04,GL-4396,2026-03-15 08:28:00,7.598844,10.652196,11.3,5.44
T04,GL-4396,2026-03-15 08:29:00,7.599607,10.652251,7.0,5.18
T04,GL-4396,2026-03-15 08:30:00,7.600496,10.652454,11.8,3.89
T04,GL-4396,2026-03-15 08:31:00,7.601249,10.652482,7.6,3.97
T04,GL-4396,2026-03-15 08:32:00,7.602009,10.652554,6.3,4.58
T04,GL-4396,2026-03-15 08:33:00,7.602797,10.652722,4.1,5.48
T04,GL-4396,2026-03-15 08:34:00,7.603506,10.652877,6.2,3.73
T04,GL-4396,2026-03-15 08:35:00,7.60426,10.652993,10.5,4.93
T04,GL-4396,2026-03-15 08:36:00,7.60493,10.653233,9.0,4.96
T04,GL-4396,2026-03-15 08:37:00,7.605581,10.653161,10.8,3.46
T04,GL-4396,2026-03-15 08:38:00,7.606524,10.653272,7.9,5.07
T04,GL-4396,2026-03-15 08:39:00,7.607338,10.653283,5.9,3.53
T04,GL-4396,2026-03-15 08:40:00,7.608055,10.653504,4.9,2.86
T04,GL-4396,2026-03-15 08:41:00,7.608794,10.653725,9.1,5.2
T04,GL-4396,2026-03-15 08:42:00,7.60962,10.653715,8.9,3.92
T04,GL-4396,2026-03-15 08:43:00,7.610327,10.653905,9.8,3.7
T04,GL-4396,2026-03-15 08:44:00,7.611081,10.653961,9.9,3.06
T04,GL-4396,2026-03-15 08:45:00,7.611797,10.654052,6.3,5.03
T04,GL-4396,2026-03-15 08:46:00,7.612632,10.654062,9.7,4.98
T04,GL-4396,2026-03-15 08:47:00,7.613383,10.654324,10.9,4.13
T04,GL-4396,2026-03-15 08:48:00,7.614164,10.654428,9.1,3.72
T04,GL-4396,2026-03-15 08:49:00,7.61502,10.654505,7.1,4.37
T04,GL-4396,2026-03-15 08:50:00,7.615763,10.654609,6.9,4.51
T04,GL-4396,2026-03-15 08:51:00,7.616579,10.654717,10.5,2.94
T04,GL-4396,2026-03-15 08:52:00,7.617269,10.654801,7.9,3.55
T04,GL-4396,2026-03-15 08:53:00,7.618007,10.654862,8.3,5.14
T04,GL-4396,2026-03-15 08:54:00,7.618774,10.654906,4.9,4.77
T04,GL-4396,2026-03-15 08:55:00,7.619536,10.655203,9.4,5.04
T04,GL-4396,2026-03-15 08:56:00,7.62031,10.65537,8.4,5.3
T04,GL-4396,2026-03-15 08:57:00,7.621084,10.655453,9.0,4.16
T04,GL-4396,2026-03-15 08:58:00,7.62179,10.655569,8.0,3.79
T04,GL-4396,2026-03-15 08:59:00,7.622574,10.655597,6.2,5.07
T04,GL-4396,2026-03-15 09:00:00,7.623323,10.6558,5.8,3.99
T04,GL-4396,2026-03-15 09:01:00,7.624116,10.655816,11.1,4.21
T04,GL-4396,2026-03-15 09:02:00,7.625019,10.655981,6.8,3.81
T04,GL-4396,2026-03-15 09:03:00,7.62563,10.656087,11.9,3.15
T04,GL-4396,2026-03-15 09:04:00,7.626337,10.656165,8.6,2.92
T04,GL-4396,2026-03-15 09:05:00,7.627176,10.656404,11.4,3.4
T04,GL-4396,2026-03-15 09:06:00,7.627903,10.656443,8.8,3.82
T04,GL-4396,2026-03-15 09:07:00,7.628748,10.656547,10.7,4.82
T04,GL-4396,2026-03-15 09:08:00,7.629433,10.656586,11.7,5.45
T04,GL-4396,2026-03-15 09:09:00,7.63019,10.656863,7.8,4.39
T04,GL-4396,2026-03-15 09:10:00,7.630926,10.65669,5.6,4.17
T04,GL-4396,2026-03-15 09:11:00,7.631739,10.656942,,5.09
T04,GL-4396,2026-03-15 09:12:00,7.632578,10.657024,6.9,3.95
T04,GL-4396,2026-03-15 09:13:00,7.633303,10.657143,4.3,5.6
T04,GL-4396,2026-03-15 09:14:00,7.634033,10.657304,,4.17
T04,GL-4396,2026-03-15 09:15:00,7.634833,10.6575,11.6,3.78
T04,GL-4396,2026-03-15 09:16:00,7.635522,10.657512,10.5,3.67
T04,GL-4396,2026-03-15 09:17:00,7.636266,10.657627,4.3,3.44
T04,GL-4396,2026-03-15 09:18:00,7.637138,10.657749,7.3,3.71
T04,GL-4396,2026-03-15 09:19:00,7.637894,10.657844,9.1,3.09
T04,GL-4396,2026-03-15 09:20:00,7.638595,10.658071,4.8,4.74
T04,GL-4396,2026-03-15 09:21:00,7.639344,10.658124,8.1,2.8
T04,GL-4396,2026-03-15 09:22:00,7.640141,10.658313,,5.3
T04,GL-4396,2026-03-15 09:23:00,7.640812,10.658289,9.1,4.49
T04,GL-4396,2026-03-15 09:24:00,7.641642,10.658396,10.9,4.28
T04,GL-4396,2026-03-15 09:25:00,7.64241,10.658543,8.6,4.64
T04,GL-4396,2026-03-15 09:26:00,7.643279,10.658652,7.3,5.49
T04,GL-4396,2026-03-15 09:27:00,7.643996,10.658739,6.7,5.05
T04,GL-4396,2026-03-15 09:28:00,7.644697,10.658939,4.6,4.2
T04,GL-4396,2026-03-15 09:29:00,7.645496,10.658873,9.6,5.5
T04,GL-4396,2026-03-15 09:30:00,7.646282,10.659162,7.5,4.6
T04,GL-4396,2026-03-15 09:31:00,7.646983,10.659162,11.9,3.62
T04,GL-4396,2026-03-15 09:32:00,7.647759,10.659232,10.1,3.66
T04,GL-4396,2026-03-15 09:33:00,7.648531,10.659452,7.0,5.07
T04,GL-4396,2026-03-15 09:34:00,7.649308,10.659426,10.1,5.37
T04,GL-4396,2026-03-15 09:35:00,7.649971,10.659768,5.3,5.44
T04,GL-4396,2026-03-15 09:36:00,7.650869,10.659815,10.0,4.24
T04,GL-4396,2026-03-15 09:37:00,7.651533,10.659993,7.3,5.52
T04,GL-4396,2026-03-15 09:38:00,7.652265,10.659894,7.0,4.99
T04,GL-4396,2026-03-15 09:39:00,7.653126,10.660068,9.8,3.94
T04,GL-4396,2026-03-15 09:40:00,7.653859,10.660268,6.4,5.54
T04,GL-4396,2026-03-15 09:41:00,7.654602,10.660329,11.0,2.87
T04,GL-4396,2026-03-15 09:42:00,7.655305,10.660318,11.0,2.95
T04,GL-4396,2026-03-15 09:43:00,7.656118,10.660575,9.3,3.62
T04,GL-4396,2026-03-15 09:44:00,7.656855,10.660715,9.6,4.98
T04,GL-4396,2026-03-15 09:45:00,7.65757,10.660794,9.2,4.03
T04,GL-4396,2026-03-15 09:46:00,7.658438,10.660916,8.8,3.85
T04,GL-4396,2026-03-15 09:47:00,7.659162,10.661076,6.1,4.23
T04,GL-4396,2026-03-15 09:48:00,7.659894,10.661098,7.6,2.87
T04,GL-4396,2026-03-15 09:49:00,7.660791,10.661247,5.0,4.94
T04,GL-4396,2026-03-15 09:50:00,7.661665,10.661276,5.5,3.58
T04,GL-4396,2026-03-15 09:51:00,7.662353,10.661505,10.9,3.35
T04,GL-4396,2026-03-15 09:52:00,7.66299,10.661547,10.0,5.24
T04,GL-4396,2026-03-15 09:53:00,7.663821,10.661646,4.8,2.94
T04,GL-4396,2026-03-15 09:54:00,7.664625,10.661788,8.1,5.43
T04,GL-4396,2026-03-15 09:55:00,7.665273,10.661896,11.5,4.96
T04,GL-4396,2026-03-15 09:56:00,7.666158,10.662103,11.0,4.93
T04,GL-4396,2026-03-15 09:57:00,7.666795,10.66213,5.7,5.5
T04,GL-4396,2026-03-15 09:58:00,7.667605,10.662304,8.3,3.0
T04,GL-4396,2026-03-15 09:59:00,7.668365,10.662426,11.9,4.21
T04,GL-4396,2026-03-15 10:00:00,7.669142,10.662423,6.5,4.28
T04,GL-4396,2026-03-15 10:01:00,7.669905,10.662579,4.2,5.41
T04,GL-4396,2026-03-15 10:02:00,7.670641,10.662705,4.2,4.45
T04,GL-4396,2026-03-15 10:03:00,7.671429,10.662739,9.4,3.73
T04,GL-4396,2026-03-15 10:04:00,7.672132,10.662992,4.8,3.85
T04,GL-4396,2026-03-15 10:05:00,7.672907,10.662996,5.6,3.29
T04,GL-4396,2026-03-15 10:06:00,7.673756,10.663112,8.3,4.0
T04,GL-4396,2026-03-15 10:07:00,7.674499,10.663197,8.8,3.7
T04,GL-4396,2026-03-15 10:08:00,7.675261,10.663268,8.1,3.33
T04,GL-4396,2026-03-15 10:09:00,7.676034,10.663355,6.8,3.38
T04,GL-4396,2026-03-15 10:10:00,7.676783,10.663607,6.7,4.98
T04,GL-4396,2026-03-15 10:11:00,7.677619,10.663678,5.9,4.53
T04,GL-4396,2026-03-15 10:12:00,7.678292,10.663726,10.9,4.15
T04,GL-4396,2026-03-15 10:13:00,7.678978,10.663868,10.1,3.41
T04,GL-4396,2026-03-15 10:14:00,7.679776,10.664072,6.8,4.26
T04,GL-4396,2026-03-15 10:15:00,7.680524,10.664126,5.5,3.11
T04,GL-4396,2026-03-15 10:16:00,7.681393,10.664196,9.2,4.13
T04,GL-4396,2026-03-15 10:17:00,7.68205,10.664363,9.1,4.77
T04,GL-4396,2026-03-15 10:18:00,7.68291,10.664423,11.9,4.06
T04,GL-4396,2026-03-15 10:19:00,7.683695,10.664541,9.2,4.59
T04,GL-4396,2026-03-15 10:20:00,7.684469,10.664724,7.6,3.27
T04,GL-4396,2026-03-15 10:21:00,7.685251,10.664829,8.0,5.42
T04,GL-4396,2026-03-15 10:22:00,7.685933,10.664977,9.3,3.96
T04,GL-4396,2026-03-15 10:23:00,7.686667,10.664967,9.4,5.29
T04,GL-4396,2026-03-15 10:24:00,7.687478,10.665145,11.6,3.5
T04,GL-4396,2026-03-15 10:25:00,7.688118,10.66524,11.8,4.62
T04,GL-4396,2026-03-15 10:26:00,7.689034,10.665351,9.7,4.11
T04,GL-4396,2026-03-15 10:27:00,7.689747,10.665463,4.5,4.84
T04,GL-4396,2026-03-15 10:28:00,7.690624,10.665469,4.2,5.08
T04,GL-4396,2026-03-15 10:29:00,7.691255,10.665679,9.8,3.65
T04,GL-4396,2026-03-15 10:30:00,7.691979,10.665826,4.1,4.61
T04,GL-4396,2026-03-15 10:31:00,7.692737,10.665852,11.4,3.11
T04,GL-4396,2026-03-15 10:32:00,7.693635,10.666103,7.2,5.57
T04,GL-4396,2026-03-15 10:33:00,7.694382,10.666064,6.0,5.45
T04,GL-4396,2026-03-15 10:34:00,7.69517,10.666329,,4.49
T04,GL-4396,2026-03-15 10:35:00,7.695825,10.666401,7.4,4.26
T04,GL-4396,2026-03-15 10:36:00,7.696545,10.66633,10.5,3.8
T04,GL-4396,2026-03-15 10:37:00,7.697325,10.666645,9.0,2.94
T04,GL-4396,2026-03-15 10:38:00,7.698188,10.666765,7.0,3.33
T04,GL-4396,2026-03-15 10:39:00,7.69888,10.666757,7.8,3.1
T04,GL-4396,2026-03-15 10:40:00,7.69955,10.666747,6.7,4.92
T04,GL-4396,2026-03-15 10:41:00,7.700467,10.667014,8.2,3.06
T04,GL-4396,2026-03-15 10:42:00,7.701221,10.667114,6.7,4.94
T04,GL-4396,2026-03-15 10:43:00,7.701961,10.667278,11.5,5.59
T04,GL-4396,2026-03-15 10:44:00,7.702795,10.667414,5.6,3.74
T04,GL-4396,2026-03-15 10:45:00,7.7035,10.667441,10.4,5.45
T04,GL-4396,2026-03-15 10:46:00,7.704305,10.667579,9.4,4.06
T04,GL-4396,2026-03-15 10:47:00,7.704848,10.667696,8.0,5.04
T04,GL-4396,2026-03-15 10:48:00,7.705883,10.667749,9.7,4.25
T04,GL-4396,2026-03-15 10:49:00,7.706547,10.667951,4.3,3.1
T04,GL-4396,2026-03-15 10:50:00,7.707464,10.66806,10.7,5.2
T04,GL-4396,2026-03-15 10:51:00,7.7081,10.668194,11.7,3.1
T04,GL-4396,2026-03-15 10:52:00,7.708864,10.66819,6.7,5.39
T04,GL-4396,2026-03-15 10:53:00,7.709599,10.668262,11.9,4.98
T04,GL-4396,2026-03-15 10:54:00,7.7103,10.668525,11.5,3.47
T04,GL-4396,2026-03-15 10:55:00,7.711124,10.668638,6.3,3.64
T04,GL-4396,2026-03-15 10:56:00,7.711855,10.66867,8.4,5.0
T04,GL-4396,2026-03-15 10:57:00,7.712671,10.668856,10.8,5.26
T04,GL-4396,2026-03-15 10:58:00,7.713435,10.668964,9.3,4.24
T04,GL-4396,2026-03-15 10:59:00,7.714127,10.668999,5.1,5.18
T04,GL-4396,2026-03-15 11:00:00,7.714991,10.669098,9.7,3.68
T04,GL-4396,2026-03-15 11:01:00,7.715689,10.669284,10.4,3.02
T04,GL-4396,2026-03-15 11:02:00,7.716498,10.66938,5.5,3.29
T04,GL-4396,2026-03-15 11:03:00,7.717203,10.669537,10.3,3.23
T04,GL-4396,2026-03-15 11:04:00,7.718082,10.669586,8.6,4.57
T04,GL-4396,2026-03-15 11:05:00,7.718825,10.669678,5.7,5.09
T04,GL-4396,2026-03-15 11:06:00,7.719564,10.669792,7.4,4.54
T04,GL-4396,2026-03-15 11:07:00,7.720366,10.669928,9.2,3.66
T04,GL-4396,2026-03-15 11:08:00,7.721113,10.670144,7.9,2.94
T04,GL-4396,2026-03-15 11:09:00,7.721923,10.670147,9.1,4.81
T04,GL-4396,2026-03-15 11:10:00,7.72258,10.670244,7.9,3.06
T04,GL-4396,2026-03-15 11:11:00,7.723319,10.670421,8.1,3.36
T04,GL-4396,2026-03-15 11:12:00,7.724162,10.670471,10.2,3.52
T04,GL-4396,2026-03-15 11:13:00,7.724836,10.670543,7.7,3.42
T04,GL-4396,2026-03-15 11:14:00,7.725624,10.670642,8.3,4.49
T04,GL-4396,2026-03-15 11:15:00,7.726378,10.670796,11.8,4.02
T04,GL-4396,2026-03-15 11:16:00,7.727092,10.670882,7.7,4.34
T04,GL-4396,2026-03-15 11:17:00,7.727984,10.671006,9.3,5.12
T04,GL-4396,2026-03-15 11:18:00,7.728707,10.671206,10.3,3.74
T04,GL-4396,2026-03-15 11:19:00,7.729471,10.671306,10.8,3.31
T04,GL-4396,2026-03-15 11:20:00,7.730162,10.671362,6.8,3.6
T04,GL-4396,2026-03-15 11:21:00,7.731061,10.671519,5.0,5.49
T04,GL-4396,2026-03-15 11:22:00,7.731856,10.671551,7.6,3.45
T04,GL-4396,2026-03-15 11:23:00,7.73248,10.67172,6.2,3.42
T04,GL-4396,2026-03-15 11:24:00,7.733291,10.671883,8.1,4.27
T04,GL-4396,2026-03-15 11:25:00,7.734013,10.671803,9.1,4.14
T04,GL-4396,2026-03-15 11:26:00,7.734812,10.671984,6.3,3.98
T04,GL-4396,2026-03-15 11:27:00,7.735535,10.672123,10.5,4.97
T04,GL-4396,2026-03-15 11:28:00,7.736189,10.67227,9.2,3.81
T04,GL-4396,2026-03-15 11:29:00,7.737064,10.672431,9.1,4.18
T04,GL-4396,2026-03-15 11:30:00,7.737744,10.672551,6.6,5.06
T04,GL-4396,2026-03-15 11:31:00,7.738652,10.672621,5.7,4.71
T04,GL-4396,2026-03-15 11:32:00,7.739365,10.672717,10.8,4.41
T04,GL-4396,2026-03-15 11:33:00,7.740162,10.672908,6.9,4.7
T04,GL-4396,2026-03-15 11:34:00,7.740948,10.672897,9.0,3.94
T04,GL-4396,2026-03-15 11:35:00,7.741673,10.673038,4.3,3.5
T04,GL-4396,2026-03-15 11:36:00,7.742438,10.673161,10.4,3.06
T04,GL-4396,2026-03-15 11:37:00,7.743184,10.673213,6.6,4.36
T04,GL-4396,2026-03-15 11:38:00,7.743973,10.673428,8.5,3.25
T04,GL-4396,2026-03-15 11:39:00,7.744641,10.673563,9.0,3.67
T04,GL-4396,2026-03-15 11:40:00,7.74535,10.673651,7.0,3.42
T04,GL-4396,2026-03-15 11:41:00,7.746225,10.673734,5.9,4.19
T04,GL-4396,2026-03-15 11:42:00,7.746958,10.673849,8.9,3.82
T04,GL-4396,2026-03-15 11:43:00,7.747852,10.673946,7.1,3.43
T04,GL-4396,2026-03-15 11:44:00,7.748609,10.673946,11.0,3.62
T04,GL-4396,2026-03-15 11:45:00,7.749292,10.674108,8.5,2.83
T04,GL-4396,2026-03-15 11:46:00,7.750067,10.674298,11.8,4.09
T04,GL-4396,2026-03-15 11:47:00,7.750853,10.674418,5.3,5.28
T04,GL-4396,2026-03-15 11:48:00,7.75162,10.674572,6.3,4.06
T04,GL-4396,2026-03-15 11:49:00,7.752336,10.674557,8.2,5.16
T04,GL-4396,2026-03-15 11:50:00,7.753221,10.67475,9.4,3.15
T04,GL-4396,2026-03-15 11:51:00,7.753842,10.674822,11.7,2.88
T04,GL-4396,2026-03-15 11:52:00,7.754695,10.674947,4.5,5.42
T04,GL-4396,2026-03-15 11:53:00,7.755341,10.675082,10.8,3.59
T04,GL-4396,2026-03-15 11:54:00,7.756192,10.675057,9.4,3.2
T04,GL-4396,2026-03-15 11:55:00,7.756872,10.67522,6.7,4.34
T04,GL-4396,2026-03-15 11:56:00,7.757737,10.675476,10.9,2.98
T04,GL-4396,2026-03-15 11:57:00,7.758617,10.67545,10.0,5.06
T04,GL-4396,2026-03-15 11:58:00,7.759347,10.675607,7.3,4.07
T04,GL-4396,2026-03-15 11:59:00,7.759969,10.675699,7.0,3.05
T04,GL-4396,2026-03-15 12:00:00,7.76072,10.675911,5.5,4.91
T04,GL-4396,2026-03-15 12:01:00,7.761501,10.676011,6.9,3.81
T04,GL-4396,2026-03-15 12:02:00,7.762288,10.676102,8.7,3.22
T04,GL-4396,2026-03-15 12:03:00,7.762976,10.676237,6.9,2.83
T04,GL-4396,2026-03-15 12:04:00,7.763798,10.676322,4.8,3.59
T04,GL-4396,2026-03-15 12:05:00,7.764647,10.676385,5.1,5.4
T04,GL-4396,2026-03-15 12:06:00,7.765346,10.676501,5.0,4.06
T04,GL-4396,2026-03-15 12:07:00,7.766114,10.676712,10.1,4.31
T04,GL-4396,2026-03-15 12:08:00,7.766877,10.676808,5.1,5.34
T04,GL-4396,2026-03-15 12:09:00,7.767662,10.676966,5.3,3.15
T04,GL-4396,2026-03-15 12:10:00,7.768361,10.677083,7.6,4.37
T04,GL-4396,2026-03-15 12:11:00,7.769048,10.677129,7.6,4.65
T04,GL-4396,2026-03-15 12:12:00,7.769961,10.67728,5.6,3.55
T04,GL-4396,2026-03-15 12:13:00,7.770708,10.67733,4.7,4.51
T04,GL-4396,2026-03-15 12:14:00,7.771429,10.677388,6.6,2.82
T04,GL-4396,2026-03-15 12:15:00,7.772231,10.677484,10.6,5.29
T04,GL-4396,2026-03-15 12:16:00,7.772995,10.67758,10.6,3.57
T04,GL-4396,2026-03-15 12:17:00,7.773842,10.6777,6.5,3.56
T04,GL-4396,2026-03-15 12:18:00,7.774552,10.67787,7.3,4.1
T04,GL-4396,2026-03-15 12:19:00,7.775256,10.678018,8.3,3.68
T04,GL-4396,2026-03-15 12:20:00,7.776088,10.678177,9.3,3.63
T04,GL-4396,2026-03-15 12:21:00,7.77675,10.678261,10.8,5.31
T04,GL-4396,2026-03-15 12:22:00,7.777558,10.678411,5.5,2.93
T04,GL-4396,2026-03-15 12:23:00,7.778284,10.678458,11.9,5.19
T04,GL-4396,2026-03-15 12:24:00,7.779102,10.678566,8.2,5.35
T04,GL-4396,2026-03-15 12:25:00,7.779884,10.678639,7.4,3.93
T04,GL-4396,2026-03-15 12:26:00,7.780643,10.678769,9.4,5.47
T04,GL-4396,2026-03-15 12:27:00,7.78138,10.67885,10.4,5.15
T04,GL-4396,2026-03-15 12:28:00,7.782196,10.678917,10.8,4.79
T04,GL-4396,2026-03-15 12:29:00,7.782963,10.679049,5.0,5.19
T04,GL-4396,2026-03-15 12:30:00,7.783623,10.679201,7.6,4.13
T04,GL-4396,2026-03-15 12:31:00,7.784454,10.679284,4.0,3.3
T04,GL-4396,2026-03-15 12:32:00,7.785124,10.679501,4.8,4.51
T04,GL-4396,2026-03-15 12:33:00,7.785878,10.679585,10.7,5.01
T04,GL-4396,2026-03-15 12:34:00,7.786681,10.6797,4.1,5.35
T04,GL-4396,2026-03-15 12:35:00,7.787466,10.679825,6.5,3.04
T04,GL-4396,2026-03-15 12:36:00,7.788248,10.679826,7.6,4.97
T04,GL-4396,2026-03-15 12:37:00,7.789125,10.680001,9.8,4.74
T04,GL-4396,2026-03-15 12:38:00,7.789727,10.680199,10.5,5.36
T04,GL-4396,2026-03-15 12:39:00,7.790477,10.680144,5.0,5.42
T04,GL-4396,2026-03-15 12:40:00,7.791273,10.680356,11.9,5.42
T04,GL-4396,2026-03-15 12:41:00,7.792124,10.680508,9.2,5.14
T04,GL-4396,2026-03-15 12:42:00,7.792818,10.680565,7.1,4.26
T04,GL-4396,2026-03-15 12:43:00,7.793615,10.680596,8.5,2.9
T04,GL-4396,2026-03-15 12:44:00,7.794347,10.680711,4.1,3.74
T04,GL-4396,2026-03-15 12:45:00,7.795082,10.680864,9.6,3.64
T04,GL-4396,2026-03-15 12:46:00,7.795962,10.680953,11.5,4.75
T04,GL-4396,2026-03-15 12:47:00,7.796627,10.681136,11.6,3.31
T04,GL-4396,2026-03-15 12:48:00,7.797365,10.681268,6.1,4.75
T04,GL-4396,2026-03-15 12:49:00,7.798087,10.68139,11.4,2.85
T04,GL-4396,2026-03-15 12:50:00,7.798901,10.681479,4.0,4.49
T04,GL-4396,2026-03-15 12:51:00,7.799781,10.681529,10.5,4.02
T04,GL-4396,2026-03-15 12:52:00,7.80038,10.681755,4.4,4.9
T04,GL-4396,2026-03-15 12:53:00,7.801219,10.681811,10.6,3.72
T04,GL-4396,2026-03-15 12:54:00,7.801934,10.681864,8.2,4.45
T04,GL-4396,2026-03-15 12:55:00,7.802758,10.681976,4.4,4.16
T04,GL-4396,2026-03-15 12:56:00,7.803469,10.682097,7.0,3.39
T04,GL-4396,2026-03-15 12:57:00,7.804314,10.682197,7.9,3.47
T04,GL-4396,2026-03-15 12:58:00,7.804948,10.682429,,3.37
T04,GL-4396,2026-03-15 12:59:00,7.805722,10.682392,9.1,5.21
T04,GL-4396,2026-03-15 13:00:00,7.806531,10.682573,7.3,5.33
T04,GL-4396,2026-03-15 13:01:00,7.807322,10.682712,10.6,3.01
T04,GL-4396,2026-03-15 13:02:00,7.808173,10.682791,11.6,3.06
T04,GL-4396,2026-03-15 13:03:00,7.80889,10.682948,4.9,3.84
T04,GL-4396,2026-03-15 13:04:00,7.809627,10.683008,10.8,4.38
T04,GL-4396,2026-03-15 13:05:00,7.810443,10.683046,5.3,4.9
T04,GL-4396,2026-03-15 13:06:00,7.811107,10.683131,7.6,5.13
T04,GL-4396,2026-03-15 13:07:00,7.811992,10.683274,10.4,4.48
T04,GL-4396,2026-03-15 13:08:00,7.812663,10.68328,4.9,4.39
T04,GL-4396,2026-03-15 13:09:00,7.813295,10.683422,9.7,4.66
T04,GL-4396,2026-03-15 13:10:00,7.814243,10.683702,9.0,5.49
T04,GL-4396,2026-03-15 13:11:00,7.815004,10.683751,,4.68
T04,GL-4396,2026-03-15 13:12:00,7.815826,10.683801,11.4,4.59
T04,GL-4396,2026-03-15 13:13:00,7.816515,10.684034,6.8,5.21
T04,GL-4396,2026-03-15 13:14:00,7.817211,10.683994,11.3,3.49
T04,GL-4396,2026-03-15 13:15:00,7.818095,10.684273,4.7,3.0
T04,GL-4396,2026-03-15 13:16:00,7.818739,10.684456,8.1,3.38
T04,GL-4396,2026-03-15 13:17:00,7.819547,10.684531,10.5,3.21
T04,GL-4396,2026-03-15 13:18:00,7.820343,10.684471,9.3,5.56
T04,GL-4396,2026-03-15 13:19:00,7.821118,10.684719,5.9,5.39
T04,GL-4396,2026-03-15 13:20:00,7.821846,10.684751,5.9,3.56
T04,GL-4396,2026-03-15 13:21:00,7.822656,10.684875,,5.35
T04,GL-4396,2026-03-15 13:22:00,7.823292,10.685025,8.6,4.45
T04,GL-4396,2026-03-15 13:23:00,7.824077,10.685179,4.3,3.91
T04,GL-4396,2026-03-15 13:24:00,7.824937,10.68511,11.3,4.32
T04,GL-4396,2026-03-15 13:25:00,7.825701,10.685337,10.3,3.79
T04,GL-4396,2026-03-15 13:26:00,7.826424,10.685455,10.8,4.26
T04,GL-4396,2026-03-15 13:27:00,7.827177,10.685571,7.3,3.28
T04,GL-4396,2026-03-15 13:28:00,7.828014,10.685757,9.7,3.54
T04,GL-4396,2026-03-15 13:29:00,7.828668,10.685816,10.4,3.2
T04,GL-4396,2026-03-15 13:30:00,7.829495,10.685934,9.8,3.62
T04,GL-4396,2026-03-15 13:31:00,7.974584,10.685996,9.3,202.51
T04,GL-4396,2026-03-15 13:32:00,7.831002,10.686089,7.4,5.28
T04,GL-4396,2026-03-15 13:33:00,7.831783,10.68627,11.9,4.32
T04,GL-4396,2026-03-15 13:34:00,7.832554,10.686265,11.7,3.34
T04,GL-4396,2026-03-15 13:35:00,7.833334,10.686472,8.4,4.22
T04,GL-4396,2026-03-15 13:36:00,7.834028,10.686463,6.6,3.4
T04,GL-4396,2026-03-15 13:37:00,7.83484,10.686781,4.3,3.65
T04,GL-4396,2026-03-15 13:38:00,7.83552,10.686874,11.8,5.22
T04,GL-4396,2026-03-15 13:39:00,7.836362,10.686896,7.7,4.52
T04,GL-4396,2026-03-15 13:40:00,7.837035,10.68699,6.4,3.19
T04,GL-4396,2026-03-15 13:41:00,7.837921,10.687208,9.6,3.34
T04,GL-4396,2026-03-15 13:42:00,7.83875,10.687174,10.8,4.37
T04,GL-4396,2026-03-15 13:43:00,7.839401,10.687275,10.0,4.55
T04,GL-4396,2026-03-15 13:44:00,7.840243,10.687447,10.1,3.23
T04,GL-4396,2026-03-15 13:45:00,7.840919,10.687517,9.0,3.11
T04,GL-4396,2026-03-15 13:46:00,7.841669,10.68767,9.7,4.37
T04,GL-4396,2026-03-15 13:47:00,7.842468,10.687831,10.2,4.03
T04,GL-4396,2026-03-15 13:48:00,7.843172,10.68798,12.0,3.88
T04,GL-4396,2026-03-15 13:49:00,7.844021,10.688058,11.4,2.82
T04,GL-4396,2026-03-15 13:50:00,7.84485,10.688074,9.3,5.3
T04,GL-4396,2026-03-15 13:51:00,7.845589,10.688349,5.1,2.87
T04,GL-4396,2026-03-15 13:52:00,7.846208,10.688313,6.8,3.61
T04,GL-4396,2026-03-15 13:53:00,7.847065,10.688502,4.2,4.62
T04,GL-4396,2026-03-15 13:54:00,7.847785,10.688541,9.3,3.74
T04,GL-4396,2026-03-15 13:55:00,7.848532,10.688757,10.8,3.25
T04,GL-4396,2026-03-15 13:56:00,7.849253,10.688788,8.0,4.19
T04,GL-4396,2026-03-15 13:57:00,7.850025,10.688912,4.3,4.25
T04,GL-4396,2026-03-15 13:58:00,7.850828,10.688921,8.6,4.65
T04,GL-4396,2026-03-15 13:59:00,7.851616,10.689203,9.4,5.13
T04,GL-4396,2026-03-15 14:00:00,7.852341,10.689312,,4.61
T04,GL-4396,2026-03-15 14:01:00,7.853125,10.689438,9.8,5.05
T04,GL-4396,2026-03-15 14:02:00,7.853948,10.689519,4.0,4.06
T04,GL-4396,2026-03-15 14:03:00,7.854683,10.689614,7.8,4.52
T04,GL-4396,2026-03-15 14:04:00,7.855433,10.689736,7.2,5.07
T04,GL-4396,2026-03-15 14:05:00,7.856208,10.689811,10.8,4.4
T04,GL-4396,2026-03-15 14:06:00,7.856856,10.689929,4.6,3.07
T04,GL-4396,2026-03-15 14:07:00,7.857759,10.690083,8.9,4.84
T04,GL-4396,2026-03-15 14:08:00,7.858522,10.69014,8.5,5.32
T04,GL-4396,2026-03-15 14:09:00,7.859189,10.690294,11.6,4.03
T04,GL-4396,2026-03-15 14:10:00,7.860036,10.690397,4.3,5.08
T04,GL-4396,2026-03-15 14:11:00,7.860832,10.690532,11.6,3.1
T04,GL-4396,2026-03-15 14:12:00,7.861517,10.690691,10.2,3.65
T04,GL-4396,2026-03-15 14:13:00,7.862353,10.690654,8.7,5.22
T04,GL-4396,2026-03-15 14:14:00,7.862984,10.690787,4.9,3.84
T04,GL-4396,2026-03-15 14:15:00,7.86386,10.690899,5.6,5.31
T04,GL-4396,2026-03-15 14:16:00,7.86456,10.690958,6.5,4.11
T04,GL-4396,2026-03-15 14:17:00,7.865308,10.691225,8.1,5.25
T04,GL-4396,2026-03-15 14:18:00,7.866177,10.69127,9.0,3.7
T04,GL-4396,2026-03-15 14:19:00,7.866849,10.69133,7.4,3.25
T04,GL-4396,2026-03-15 14:20:00,7.867669,10.6914,6.3,3.29
T04,GL-4396,2026-03-15 14:21:00,7.868341,10.691618,4.3,4.85
T04,GL-4396,2026-03-15 14:22:00,7.869089,10.691763,11.0,4.13
T04,GL-4396,2026-03-15 14:23:00,7.869976,10.69178,10.3,5.13
T04,GL-4396,2026-03-15 14:24:00,7.870667,10.691862,5.3,3.63
T04,GL-4396,2026-03-15 14:25:00,7.871521,10.692012,11.0,4.4
T04,GL-4396,2026-03-15 14:26:00,7.87212,10.692277,11.9,5.0
T04,GL-4396,2026-03-15 14:27:00,8.107225,10.692374,11.3,183.5
T04,GL-4396,2026-03-15 14:28:00,7.873849,10.692403,,4.83
T04,GL-4396,2026-03-15 14:29:00,7.874477,10.692547,4.3,4.67
T04,GL-4396,2026-03-15 14:30:00,7.875236,10.692526,4.9,5.3
T04,GL-4396,2026-03-15 14:31:00,7.875974,10.692701,9.8,4.19
T04,GL-4396,2026-03-15 14:32:00,7.876777,10.692701,9.0,4.59
T04,GL-4396,2026-03-15 14:33:00,7.877651,10.69288,9.3,5.41
T04,GL-4396,2026-03-15 14:34:00,7.878277,10.693046,11.7,4.69
T04,GL-4396,2026-03-15 14:35:00,7.879136,10.69315,4.6,5.23
T04,GL-4396,2026-03-15 14:36:00,7.879934,10.693258,9.2,2.93
T04,GL-4396,2026-03-15 14:37:00,7.880636,10.693406,9.2,5.33
T04,GL-4396,2026-03-15 14:38:00,7.881397,10.693565,10.6,3.14
T04,GL-4396,2026-03-15 14:39:00,7.88217,10.693625,10.9,3.37
T04,GL-4396,2026-03-15 14:40:00,7.882883,10.693766,8.8,4.42
T04,GL-4396,2026-03-15 14:41:00,7.883758,10.693913,10.5,3.19
T04,GL-4396,2026-03-15 14:42:00,7.884501,10.694019,6.3,3.58
T04,GL-4396,2026-03-15 14:43:00,7.885154,10.694037,7.9,3.92
T04,GL-4396,2026-03-15 14:44:00,7.885969,10.694209,7.7,4.85
T04,GL-4396,2026-03-15 14:45:00,7.886731,10.694295,7.2,3.31
T04,GL-4396,2026-03-15 14:46:00,7.887459,10.694476,8.6,3.38
T04,GL-4396,2026-03-15 14:47:00,7.888235,10.694541,10.4,3.46
T04,GL-4396,2026-03-15 14:48:00,7.889012,10.694609,7.7,4.49
T04,GL-4396,2026-03-15 14:49:00,7.889819,10.694662,7.4,2.94
T04,GL-4396,2026-03-15 14:50:00,7.890536,10.694783,4.9,3.48
T04,GL-4396,2026-03-15 14:51:00,7.891324,10.694953,6.2,4.01
T04,GL-4396,2026-03-15 14:52:00,7.892092,10.695036,7.2,5.09
T04,GL-4396,2026-03-15 14:53:00,7.892845,10.695268,7.7,4.09
T04,GL-4396,2026-03-15 14:54:00,7.893586,10.695273,10.3,4.59
T04,GL-4396,2026-03-15 14:55:00,7.894409,10.695253,4.4,3.04
T04,GL-4396,2026-03-15 14:56:00,7.895069,10.695486,5.1,3.44
T04,GL-4396,2026-03-15 14:57:00,7.895883,10.695615,11.9,4.16
T04,GL-4396,2026-03-15 14:58:00,7.896688,10.695788,9.2,4.42
T04,GL-4396,2026-03-15 14:59:00,7.897389,10.695875,9.2,4.85
T04,GL-4396,2026-03-15 15:00:00,7.898059,10.695989,9.4,5.45
T04,GL-4396,2026-03-15 15:01:00,7.899008,10.696057,10.9,5.11
T04,GL-4396,2026-03-15 15:02:00,7.899643,10.696247,4.8,5.5
T04,GL-4396,2026-03-15 15:03:00,7.900465,10.696257,6.5,2.92
T04,GL-4396,2026-03-15 15:04:00,7.901279,10.696334,4.8,4.56
T04,GL-4396,2026-03-15 15:05:00,7.901964,10.696507,5.0,4.6
T04,GL-4396,2026-03-15 15:06:00,7.902831,10.696683,5.1,3.23
T04,GL-4396,2026-03-15 15:07:00,7.903592,10.696697,7.7,3.33
T04,GL-4396,2026-03-15 15:08:00,7.904288,10.696847,8.5,5.39
T04,GL-4396,2026-03-15 15:09:00,7.904953,10.696958,8.7,3.29
T04,GL-4396,2026-03-15 15:10:00,7.9059,10.697138,6.3,3.64
T04,GL-4396,2026-03-15 15:11:00,7.906632,10.697265,11.7,3.6
T04,GL-4396,2026-03-15 15:12:00,7.907288,10.697301,6.7,3.33
T04,GL-4396,2026-03-15 15:13:00,7.908239,10.697325,5.9,3.86
T04,GL-4396,2026-03-15 15:14:00,7.908831,10.697521,5.4,4.75
T04,GL-4396,2026-03-15 15:15:00,7.909607,10.697642,11.7,3.13
T04,GL-4396,2026-03-15 15:16:00,7.91045,10.697835,4.4,3.24
T04,GL-4396,2026-03-15 15:17:00,7.911126,10.697843,7.2,4.3
T04,GL-4396,2026-03-15 15:18:00,7.911962,10.697963,5.8,5.56
T04,GL-4396,2026-03-15 15:19:00,7.912676,10.698083,10.2,5.45
T04,GL-4396,2026-03-15 15:20:00,7.91343,10.698201,6.4,5.26
T04,GL-4396,2026-03-15 15:21:00,7.914299,10.698261,7.1,4.27
T04,GL-4396,2026-03-15 15:22:00,7.914961,10.69841,4.9,5.58
T04,GL-4396,2026-03-15 15:23:00,7.915739,10.698519,6.6,3.25
T04,GL-4396,2026-03-15 15:24:00,7.916626,10.698626,7.2,3.02
T04,GL-4396,2026-03-15 15:25:00,7.917133,10.698751,5.6,3.72
T04,GL-4396,2026-03-15 15:26:00,7.918091,10.6988,4.9,4.02
T04,GL-4396,2026-03-15 15:27:00,7.918797,10.698988,11.1,5.08
T04,GL-4396,2026-03-15 15:28:00,7.919507,10.699025,7.3,3.91
T04,GL-4396,2026-03-15 15:29:00,7.920348,10.699197,5.9,3.57
T04,GL-4396,2026-03-15 15:30:00,7.920996,10.699346,5.6,2.86
T04,GL-4396,2026-03-15 15:31:00,7.921887,10.699351,6.4,5.01
T04,GL-4396,2026-03-15 15:32:00,7.922629,10.699449,10.0,5.43
T04,GL-4396,2026-03-15 15:33:00,7.923311,10.6997,9.9,4.58
T04,GL-4396,2026-03-15 15:34:00,7.924118,10.699803,7.4,4.97
T04,GL-4396,2026-03-15 15:35:00,7.924828,10.699942,8.9,3.26
T04,GL-4396,2026-03-15 15:36:00,7.925634,10.700006,7.2,4.28
T04,GL-4396,2026-03-15 15:37:00,7.926414,10.700181,8.2,3.1
T04,GL-4396,2026-03-15 15:38:00,7.927194,10.700203,11.1,3.44
T04,GL-4396,2026-03-15 15:39:00,7.927928,10.700302,7.2,3.29
T04,GL-4396,2026-03-15 15:40:00,7.928666,10.700481,8.7,3.49
T04,GL-4396,2026-03-15 15:41:00,7.929438,10.700629,5.8,3.05
T04,GL-4396,2026-03-15 15:42:00,7.930235,10.70062,11.0,4.69
T04,GL-4396,2026-03-15 15:43:00,7.931039,10.700669,5.4,3.94
T04,GL-4396,2026-03-15 15:44:00,7.931753,10.700881,9.1,3.1
T04,GL-4396,2026-03-15 15:45:00,7.932495,10.701002,11.2,5.29
T04,GL-4396,2026-03-15 15:46:00,7.933258,10.701076,9.6,3.62
T04,GL-4396,2026-03-15 15:47:00,7.933976,10.701329,4.1,3.02
T04,GL-4396,2026-03-15 15:48:00,7.934787,10.7013,4.3,4.59
T04,GL-4396,2026-03-15 15:49:00,7.93561,10.70138,5.4,5.53
T04,GL-4396,2026-03-15 15:50:00,7.936306,10.701607,11.2,4.53
T04,GL-4396,2026-03-15 15:51:00,7.937169,10.701678,10.7,3.28
T04,GL-4396,2026-03-15 15:52:00,7.93782,10.70171,8.0,3.46
T04,GL-4396,2026-03-15 15:53:00,7.938628,10.701804,6.3,3.5
T04,GL-4396,2026-03-15 15:54:00,7.939435,10.702002,6.6,4.53
T04,GL-4396,2026-03-15 15:55:00,7.940139,10.702124,6.9,2.85
T04,GL-4396,2026-03-15 15:56:00,7.940987,10.702228,7.8,3.24
T04,GL-4396,2026-03-15 15:57:00,7.941737,10.702174,10.9,4.9
T04,GL-4396,2026-03-15 15:58:00,7.942511,10.702383,5.5,4.56
T04,GL-4396,2026-03-15 15:59:00,7.943158,10.702584,9.6,3.56
T04,GL-4396,2026-03-15 16:00:00,7.944061,10.702651,6.3,3.81
T04,GL-4396,2026-03-15 16:01:00,7.944779,10.702803,,3.53
T04,GL-4396,2026-03-15 16:02:00,7.945532,10.70295,5.3,3.74
T04,GL-4396,2026-03-15 16:03:00,7.946261,10.70297,9.8,5.44
T04,GL-4396,2026-03-15 16:04:00,7.947072,10.703187,11.1,3.46
T04,GL-4396,2026-03-15 16:05:00,7.947803,10.703166,6.3,3.31
T04,GL-4396,2026-03-15 16:06:00,7.948567,10.703288,5.3,2.99
T04,GL-4396,2026-03-15 16:07:00,7.949397,10.703427,7.4,4.68
T04,GL-4396,2026-03-15 16:08:00,7.950124,10.703516,8.9,3.08
T04,GL-4396,2026-03-15 16:09:00,7.950866,10.70375,6.7,3.07
T04,GL-4396,2026-03-15 16:10:00,7.951518,10.703742,9.9,4.34
T04,GL-4396,2026-03-15 16:11:00,7.952426,10.703896,5.8,3.61
T04,GL-4396,2026-03-15 16:12:00,7.953099,10.703981,5.6,3.36
T04,GL-4396,2026-03-15 16:13:00,7.953917,10.704143,6.1,3.84
T04,GL-4396,2026-03-15 16:14:00,7.954692,10.704209,8.8,2.85
T04,GL-4396,2026-03-15 16:15:00,7.955463,10.704298,7.9,4.83
T04,GL-4396,2026-03-15 16:16:00,7.956204,10.704417,4.9,5.13
T04,GL-4396,2026-03-15 16:17:00,7.956966,10.70461,11.4,4.16
T04,GL-4396,2026-03-15 16:18:00,7.957751,10.70468,4.5,4.06
T04,GL-4396,2026-03-15 16:19:00,7.958538,10.704737,6.4,4.98
T04,GL-4396,2026-03-15 16:20:00,7.959302,10.704936,9.1,3.13
T04,GL-4396,2026-03-15 16:21:00,7.960041,10.704966,7.8,4.43
T04,GL-4396,2026-03-15 16:22:00,7.960834,10.705109,8.7,4.11
T04,GL-4396,2026-03-15 16:23:00,7.961493,10.705218,8.7,5.1
T04,GL-4396,2026-03-15 16:24:00,7.96229,10.705312,10.7,2.94
T04,GL-4396,2026-03-15 16:25:00,7.963096,10.705463,6.4,2.97
T04,GL-4396,2026-03-15 16:26:00,7.963799,10.705568,6.5,4.12
T04,GL-4396,2026-03-15 16:27:00,7.964564,10.705512,6.6,4.62
T04,GL-4396,2026-03-15 16:28:00,7.965344,10.705784,8.6,4.93
T04,GL-4396,2026-03-15 16:29:00,7.966122,10.705853,5.2,4.83
T04,GL-4396,2026-03-15 16:30:00,7.966838,10.706045,6.3,3.1
T04,GL-4396,2026-03-15 16:31:00,7.967418,10.706221,7.4,4.72
T04,GL-4396,2026-03-15 16:32:00,7.968447,10.706186,10.2,3.81
T04,GL-4396,2026-03-15 16:33:00,7.96919,10.706432,9.3,4.26
T04,GL-4396,2026-03-15 16:34:00,7.969944,10.706364,9.2,4.3
T04,GL-4396,2026-03-15 16:35:00,7.970644,10.706571,6.8,5.01
T04,GL-4396,2026-03-15 16:36:00,7.971448,10.706655,,3.21
T04,GL-4396,2026-03-15 16:37:00,7.595856,10.706834,6.4,234.12
T04,GL-4396,2026-03-15 16:38:00,7.973063,10.7069,8.8,2.91
T04,GL-4396,2026-03-15 16:39:00,7.973695,10.707113,5.3,4.68
T04,GL-4396,2026-03-15 16:40:00,7.974549,10.707087,11.2,3.13
T04,GL-4396,2026-03-15 16:41:00,7.975379,10.707327,7.8,4.94
T04,GL-4396,2026-03-15 16:42:00,7.975938,10.707351,10.2,4.53
T04,GL-4396,2026-03-15 16:43:00,7.976829,10.707421,5.8,4.45
T04,GL-4396,2026-03-15 16:44:00,7.977566,10.707523,11.0,3.5
T04,GL-4396,2026-03-15 16:45:00,7.978468,10.707723,6.8,4.8
T04,GL-4396,2026-03-15 16:46:00,7.979192,10.707927,10.3,5.36
T04,GL-4396,2026-03-15 16:47:00,7.979869,10.707904,11.1,3.43
T04,GL-4396,2026-03-15 16:48:00,7.980682,10.708033,5.0,4.46
T04,GL-4396,2026-03-15 16:49:00,7.98144,10.708088,11.6,3.84
T04,GL-4396,2026-03-15 16:50:00,7.98211,10.708183,7.9,5.2
T04,GL-4396,2026-03-15 16:51:00,7.982943,10.708249,5.5,4.97
T04,GL-4396,2026-03-15 16:52:00,7.983722,10.708477,9.2,3.32
T04,GL-4396,2026-03-15 16:53:00,7.984331,10.708562,11.0,4.56
T04,GL-4396,2026-03-15 16:54:00,7.985202,10.708547,11.3,3.92
T04,GL-4396,2026-03-15 16:55:00,7.985987,10.708738,11.9,3.45
T04,GL-4396,2026-03-15 16:56:00,7.986685,10.708958,8.0,5.51
T04,GL-4396,2026-03-15 16:57:00,7.987525,10.709002,7.4,3.67
T04,GL-4396,2026-03-15 16:58:00,7.9883,10.709101,,3.26
T04,GL-4396,2026-03-15 16:59:00,7.98908,10.709187,5.4,5.48
T04,GL-4396,2026-03-15 17:00:00,7.98973,10.709328,9.6,5.59
T04,GL-4396,2026-03-15 17:01:00,7.990585,10.709441,10.6,3.18
T04,GL-4396,2026-03-15 17:02:00,7.991367,10.709532,4.1,5.05
T04,GL-4396,2026-03-15 17:03:00,7.992074,10.709842,6.0,5.17
T04,GL-4396,2026-03-15 17:04:00,7.992783,10.70978,8.7,3.17
T04,GL-4396,2026-03-15 17:05:00,7.993568,10.709965,8.8,5.6
T04,GL-4396,2026-03-15 17:06:00,7.994374,10.710022,6.5,3.49
T04,GL-4396,2026-03-15 17:07:00,7.99519,10.710146,8.2,3.02
T04,GL-4396,2026-03-15 17:08:00,7.995898,10.710293,5.9,3.91
T04,GL-4396,2026-03-15 17:09:00,7.996552,10.710383,4.5,5.39
T04,GL-4396,2026-03-15 17:10:00,7.997487,10.710456,9.1,5.54
T04,GL-4396,2026-03-15 17:11:00,7.998208,10.71066,8.9,4.49
T04,GL-4396,2026-03-15 17:12:00,7.998974,10.710707,11.7,4.45
T04,GL-4396,2026-03-15 17:13:00,7.999832,10.710873,10.7,4.89
T04,GL-4396,2026-03-15 17:14:00,8.000548,10.710864,10.1,4.37
T04,GL-4396,2026-03-15 17:15:00,8.001232,10.711014,,5.35
T04,GL-4396,2026-03-15 17:16:00,8.001935,10.711104,11.4,5.05
T04,GL-4396,2026-03-15 17:17:00,8.002759,10.711248,8.5,5.34
T04,GL-4396,2026-03-15 17:18:00,8.003438,10.711366,11.5,4.35
T04,GL-4396,2026-03-15 17:19:00,8.004227,10.71141,5.0,3.43
T04,GL-4396,2026-03-15 17:20:00,8.005126,10.711584,10.0,3.23
T04,GL-4396,2026-03-15 17:21:00,8.005893,10.711849,8.5,3.08
T04,GL-4396,2026-03-15 17:22:00,8.006527,10.711765,7.3,3.73
T04,GL-4396,2026-03-15 17:23:00,8.007383,10.711829,6.2,4.26
T04,GL-4396,2026-03-15 17:24:00,8.008073,10.711986,5.8,4.16
T04,GL-4396,2026-03-15 17:25:00,8.008864,10.712187,4.4,3.62
T04,GL-4396,2026-03-15 17:26:00,8.009686,10.712221,4.6,3.48
T04,GL-4396,2026-03-15 17:27:00,8.010461,10.712442,4.2,4.33
T04,GL-4396,2026-03-15 17:28:00,8.011228,10.7125,11.9,3.94
T04,GL-4396,2026-03-15 17:29:00,8.011939,10.712509,4.3,4.44
T04,GL-4396,2026-03-15 17:30:00,8.012626,10.712768,4.5,3.74
T04,GL-4396,2026-03-15 17:31:00,8.013544,10.712713,8.4,3.14
T04,GL-4396,2026-03-15 17:32:00,8.014157,10.712907,7.3,4.68
T04,GL-4396,2026-03-15 17:33:00,8.015086,10.713024,4.6,5.16
T04,GL-4396,2026-03-15 17:34:00,8.015824,10.713223,6.0,4.84
T04,GL-4396,2026-03-15 17:35:00,8.016468,10.713182,8.8,3.48
T04,GL-4396,2026-03-15 17:36:00,8.017199,10.71332,8.1,3.19
T04,GL-4396,2026-03-15 17:37:00,8.018124,10.713521,5.3,4.49
T04,GL-4396,2026-03-15 17:38:00,8.018727,10.713518,10.1,5.56
T04,GL-4396,2026-03-15 17:39:00,8.019612,10.713626,5.9,3.35
T04,GL-4396,2026-03-15 17:40:00,8.020282,10.713828,11.3,5.1
T04,GL-4396,2026-03-15 17:41:00,8.021016,10.713969,4.5,4.13
T04,GL-4396,2026-03-15 17:42:00,8.02182,10.713903,11.3,4.0
T04,GL-4396,2026-03-15 17:43:00,8.022665,10.7141,9.2,3.82
T04,GL-4396,2026-03-15 17:44:00,8.023346,10.714284,4.6,4.08
T04,GL-4396,2026-03-15 17:45:00,8.024068,10.714498,10.1,5.43
T04,GL-4396,2026-03-15 17:46:00,8.02487,10.714549,8.7,2.98
T04,GL-4396,2026-03-15 17:47:00,8.025659,10.714536,11.0,3.44
T04,GL-4396,2026-03-15 17:48:00,8.026532,10.714751,7.3,3.54
T04,GL-4396,2026-03-15 17:49:00,8.027233,10.714842,4.8,5.07
T04,GL-4396,2026-03-15 17:50:00,8.02801,10.714948,9.8,4.23
T04,GL-4396,2026-03-15 17:51:00,8.028708,10.714948,7.4,4.68
T04,GL-4396,2026-03-15 17:52:00,8.35649,10.715131,8.1,310.74
T04,GL-4396,2026-03-15 17:53:00,8.030307,10.715192,9.6,4.69
T04,GL-4396,2026-03-15 17:54:00,8.03095,10.715333,5.5,5.15
T04,GL-4396,2026-03-15 17:55:00,8.031676,10.715517,10.6,4.5
T04,GL-4396,2026-03-15 17:56:00,8.032564,10.71563,7.6,4.39
T04,GL-4396,2026-03-15 17:57:00,8.033274,10.715741,5.8,5.07
T04,GL-4396,2026-03-15 17:58:00,8.034003,10.715912,,4.38
T04,GL-4396,2026-03-15 17:59:00,8.034779,10.715985,9.6,4.69
T04,GL-4396,2026-03-15 18:00:00,8.035493,10.715961,11.1,4.15
T04,GL-4396,2026-03-15 18:01:00,8.036364,10.716177,4.7,3.7
T04,GL-4396,2026-03-15 18:02:00,8.037097,10.716201,6.9,5.04
T04,GL-4396,2026-03-15 18:03:00,8.037871,10.716404,4.3,4.44
T04,GL-4396,2026-03-15 18:04:00,8.038666,10.716467,5.5,2.91
T04,GL-4396,2026-03-15 18:05:00,8.039468,10.716556,10.3,5.39
T04,GL-4396,2026-03-15 18:06:00,8.040096,10.716837,5.1,3.56
T04,GL-4396,2026-03-15 18:07:00,8.040941,10.716817,9.1,4.65
T04,GL-4396,2026-03-15 18:08:00,8.041669,10.716925,6.9,5.05
T04,GL-4396,2026-03-15 18:09:00,8.042516,10.716985,,5.04
T04,GL-4396,2026-03-15 18:10:00,8.043233,10.717162,9.9,4.25
T04,GL-4396,2026-03-15 18:11:00,8.044013,10.71732,7.6,4.9
T04,GL-4396,2026-03-15 18:12:00,8.044713,10.717307,8.6,4.23
T04,GL-4396,2026-03-15 18:13:00,8.045586,10.717394,4.9,5.23
T04,GL-4396,2026-03-15 18:14:00,8.046322,10.717532,4.4,3.57
T04,GL-4396,2026-03-15 18:15:00,8.047022,10.717531,10.7,3.79
T04,GL-4396,2026-03-15 18:16:00,8.047857,10.717829,7.7,4.53
T04,GL-4396,2026-03-15 18:17:00,8.048581,10.717892,10.5,4.36
T04,GL-4396,2026-03-15 18:18:00,8.049363,10.718048,8.7,5.51
T04,GL-4396,2026-03-15 18:19:00,8.050132,10.718222,11.8,5.04
T04,GL-4396,2026-03-15 18:20:00,8.050727,10.71828,9.2,4.94
T04,GL-4396,2026-03-15 18:21:00,8.051658,10.718411,7.7,3.23
T04,GL-4396,2026-03-15 18:22:00,8.052469,10.718515,5.3,3.55
T04,GL-4396,2026-03-15 18:23:00,8.053171,10.7187,4.2,3.81
T04,GL-4396,2026-03-15 18:24:00,8.053901,10.718715,8.1,3.71
T04,GL-4396,2026-03-15 18:25:00,8.054652,10.718822,8.2,3.69
T04,GL-4396,2026-03-15 18:26:00,8.055445,10.718997,4.5,3.65
T04,GL-4396,2026-03-15 18:27:00,8.056292,10.719077,6.0,3.49
T04,GL-4396,2026-03-15 18:28:00,8.056936,10.719219,4.6,4.03
T04,GL-4396,2026-03-15 18:29:00,8.057734,10.719238,5.9,2.81
T04,GL-4396,2026-03-15 18:30:00,8.058517,10.719386,7.3,4.67
T04,GL-4396,2026-03-15 18:31:00,8.059331,10.719498,8.7,3.53
T04,GL-4396,2026-03-15 18:32:00,8.059948,10.719627,6.2,4.65
T04,GL-4396,2026-03-15 18:33:00,8.06074,10.71976,8.5,3.82
T04,GL-4396,2026-03-15 18:34:00,8.061565,10.719837,10.4,3.2
T04,GL-4396,2026-03-15 18:35:00,8.062401,10.71994,4.0,4.11
T04,GL-4396,2026-03-15 18:36:00,8.063114,10.720116,8.0,3.7
T04,GL-4396,2026-03-15 18:37:00,8.063975,10.720191,7.3,5.48
T04,GL-4396,2026-03-15 18:38:00,8.064597,10.720283,10.8,4.67
T04,GL-4396,2026-03-15 18:39:00,8.065443,10.720461,4.9,3.79
T04,GL-4396,2026-03-15 18:40:00,8.066186,10.720453,6.5,3.66
T04,GL-4396,2026-03-15 18:41:00,8.066879,10.720656,9.3,5.55
T04,GL-4396,2026-03-15 18:42:00,8.067654,10.720848,7.4,4.89
T04,GL-4396,2026-03-15 18:43:00,8.068439,10.721007,8.8,4.42
T04,GL-4396,2026-03-15 18:44:00,8.069176,10.721022,4.4,5.18
T04,GL-4396,2026-03-15 18:45:00,8.069887,10.72112,4.4,3.46
T04,GL-4396,2026-03-15 18:46:00,8.070736,10.721174,9.4,3.59
T04,GL-4396,2026-03-15 18:47:00,8.071584,10.721265,5.4,5.19
T04,GL-4396,2026-03-15 18:48:00,8.072173,10.721359,6.9,3.11
T04,GL-4396,2026-03-15 18:49:00,8.072939,10.72144,4.2,4.3
T04,GL-4396,2026-03-15 18:50:00,8.073837,10.721563,5.7,2.9
T04,GL-4396,2026-03-15 18:51:00,8.074501,10.72171,4.7,4.77
T04,GL-4396,2026-03-15 18:52:00,8.075289,10.7218,5.0,3.0
T04,GL-4396,2026-03-15 18:53:00,8.076142,10.722,7.6,5.46
T04,GL-4396,2026-03-15 18:54:00,8.076765,10.722091,11.3,3.42
T04,GL-4396,2026-03-15 18:55:00,8.07749,10.722276,9.9,3.4
T04,GL-4396,2026-03-15 18:56:00,8.078332,10.722253,9.9,4.42
T04,GL-4396,2026-03-15 18:57:00,8.079084,10.722407,7.6,4.87
T04,GL-4396,2026-03-15 18:58:00,8.079886,10.722577,12.0,3.59
T04,GL-4396,2026-03-15 18:59:00,8.080589,10.722637,10.6,3.66
T04,GL-4396,2026-03-15 19:00:00,8.081257,10.722731,11.1,5.45
T04,GL-4396,2026-03-15 19:01:00,8.0822,10.722806,11.3,4.75
T04,GL-4396,2026-03-15 19:02:00,8.082951,10.722965,10.2,3.02
T04,GL-4396,2026-03-15 19:03:00,8.083591,10.723101,8.1,4.3
T04,GL-4396,2026-03-15 19:04:00,8.084596,10.723147,9.2,3.16
T04,GL-4396,2026-03-15 19:05:00,8.085126,10.723353,9.0,4.38
T04,GL-4396,2026-03-15 19:06:00,8.086126,10.723471,11.8,3.04
T04,GL-4396,2026-03-15 19:07:00,8.086827,10.723568,6.3,3.67
T04,GL-4396,2026-03-15 19:08:00,8.087516,10.723593,7.4,4.29
T04,GL-4396,2026-03-15 19:09:00,8.088332,10.723772,6.6,4.35
T04,GL-4396,2026-03-15 19:10:00,8.089094,10.723881,6.1,5.49
T04,GL-4396,2026-03-15 19:11:00,8.0897,10.723857,10.6,4.95
T04,GL-4396,2026-03-15 19:12:00,8.090644,10.723957,8.7,4.3
T04,GL-4396,2026-03-15 19:13:00,8.091312,10.724182,6.8,3.37
T04,GL-4396,2026-03-15 19:14:00,8.092092,10.724337,5.7,4.3
T04,GL-4396,2026-03-15 19:15:00,8.092867,10.724372,6.3,3.6
T04,GL-4396,2026-03-15 19:16:00,8.093562,10.724438,10.7,3.02
T04,GL-4396,2026-03-15 19:17:00,8.094311,10.724611,10.0,4.96
T04,GL-4396,2026-03-15 19:18:00,8.095167,10.724681,7.5,4.95
T04,GL-4396,2026-03-15 19:19:00,8.095938,10.724858,8.3,4.13
T04,GL-4396,2026-03-15 19:20:00,8.09669,10.724935,6.1,4.52
T04,GL-4396,2026-03-15 19:21:00,8.097487,10.725114,6.4,4.42
T04,GL-4396,2026-03-15 19:22:00,8.098307,10.725196,5.7,3.88
T04,GL-4396,2026-03-15 19:23:00,8.098899,10.725335,4.7,2.88
T04,GL-4396,2026-03-15 19:24:00,8.099644,10.725361,7.9,5.02
T04,GL-4396,2026-03-15 19:25:00,8.100554,10.725569,5.0,5.13
T04,GL-4396,2026-03-15 19:26:00,8.101356,10.725669,,4.19
T04,GL-4396,2026-03-15 19:27:00,8.101996,10.725829,10.5,4.99
T04,GL-4396,2026-03-15 19:28:00,8.102727,10.725905,4.7,5.58
T04,GL-4396,2026-03-15 19:29:00,8.10348,10.72598,9.6,3.64
T04,GL-4396,2026-03-15 19:30:00,8.104333,10.726122,6.7,3.1
T04,GL-4396,2026-03-15 19:31:00,8.105014,10.726196,8.7,3.76
T04,GL-4396,2026-03-15 19:32:00,8.105905,10.726325,11.2,3.17
T04,GL-4396,2026-03-15 19:33:00,8.10661,10.726378,9.3,5.23
T04,GL-4396,2026-03-15 19:34:00,8.107379,10.726636,9.2,3.88
T04,GL-4396,2026-03-15 19:35:00,8.108194,10.726717,11.8,3.97
T04,GL-4396,2026-03-15 19:36:00,8.108913,10.726831,8.0,4.2
T04,GL-4396,2026-03-15 19:37:00,8.109623,10.726855,6.0,3.06
T04,GL-4396,2026-03-15 19:38:00,8.110429,10.726985,4.1,4.06
T04,GL-4396,2026-03-15 19:39:00,8.111228,10.727145,4.3,3.28
T04,GL-4396,2026-03-15 19:40:00,8.112047,10.727038,7.5,5.6
T04,GL-4396,2026-03-15 19:41:00,8.112607,10.727283,4.1,5.07
T04,GL-4396,2026-03-15 19:42:00,8.11358,10.727487,5.3,2.94
T04,GL-4396,2026-03-15 19:43:00,8.114259,10.727648,11.1,2.84
T04,GL-4396,2026-03-15 19:44:00,8.11488,10.72763,9.3,3.57
T04,GL-4396,2026-03-15 19:45:00,8.11579,10.72782,7.4,2.96
T04,GL-4396,2026-03-15 19:46:00,8.116508,10.727904,9.8,4.44
T04,GL-4396,2026-03-15 19:47:00,8.117249,10.728031,9.8,5.37
T04,GL-4396,2026-03-15 19:48:00,8.118112,10.72808,11.9,4.74
T04,GL-4396,2026-03-15 19:49:00,8.118796,10.728192,6.5,3.64
T04,GL-4396,2026-03-15 19:50:00,8.119608,10.728249,8.3,5.46
T04,GL-4396,2026-03-15 19:51:00,8.120223,10.728401,8.0,3.22
T04,GL-4396,2026-03-15 19:52:00,8.121131,10.728426,9.7,3.57
T04,GL-4396,2026-03-15 19:53:00,8.121826,10.728619,7.5,3.54
T04,GL-4396,2026-03-15 19:54:00,8.122605,10.728805,10.0,4.31
T04,GL-4396,2026-03-15 19:55:00,8.123386,10.728879,9.6,5.44
T04,GL-4396,2026-03-15 19:56:00,8.12418,10.729128,5.1,3.5
T04,GL-4396,2026-03-15 19:57:00,8.125003,10.729142,7.2,3.4
T04,GL-4396,2026-03-15 19:58:00,8.12572,10.729167,11.1,4.27
T04,GL-4396,2026-03-15 19:59:00,8.126409,10.729221,6.6,5.48
T04,GL-4396,2026-03-15 20:00:00,8.127125,10.729484,10.8,4.65
T04,GL-4396,2026-03-15 20:01:00,8.127958,10.729468,5.7,3.37
T04,GL-4396,2026-03-15 20:02:00,8.128703,10.729763,9.3,3.32
T04,GL-4396,2026-03-15 20:03:00,8.129477,10.729849,9.9,3.39
T04,GL-4396,2026-03-15 20:04:00,8.130308,10.729971,10.1,4.54
T04,GL-4396,2026-03-15 20:05:00,8.130988,10.729909,4.5,4.14
T04,GL-4396,2026-03-15 20:06:00,8.131818,10.730074,5.8,4.98
T04,GL-4396,2026-03-15 20:07:00,8.132508,10.730243,4.7,4.33
T04,GL-4396,2026-03-15 20:08:00,8.133275,10.730282,8.7,3.06
T04,GL-4396,2026-03-15 20:09:00,8.133978,10.730441,9.8,3.91
T04,GL-4396,2026-03-15 20:10:00,8.134814,10.730517,5.4,4.13
T04,GL-4396,2026-03-15 20:11:00,8.135621,10.730608,7.9,3.23
T04,GL-4396,2026-03-15 20:12:00,8.136371,10.730784,9.5,3.17
T04,GL-4396,2026-03-15 20:13:00,8.137097,10.730842,5.1,4.25
T04,GL-4396,2026-03-15 20:14:00,8.137968,10.731032,7.2,5.24
T04,GL-4396,2026-03-15 20:15:00,8.138635,10.731163,4.4,3.26
T04,GL-4396,2026-03-15 20:16:00,8.139417,10.73128,7.3,3.76
T04,GL-4396,2026-03-15 20:17:00,8.140211,10.731458,11.8,3.8
T04,GL-4396,2026-03-15 20:18:00,8.140957,10.731484,11.2,4.66
T04,GL-4396,2026-03-15 20:19:00,8.14167,10.731506,4.6,3.93
T04,GL-4396,2026-03-15 20:20:00,8.142417,10.731677,10.5,5.16
T04,GL-4396,2026-03-15 20:21:00,8.143227,10.731796,5.4,4.75
T04,GL-4396,2026-03-15 20:22:00,8.143976,10.731849,11.8,4.6
T04,GL-4396,2026-03-15 20:23:00,8.144813,10.731979,5.0,4.87
T04,GL-4396,2026-03-15 20:24:00,8.145518,10.732124,5.0,3.35
T04,GL-4396,2026-03-15 20:25:00,8.146406,10.732234,6.3,4.2
T04,GL-4396,2026-03-15 20:26:00,8.146952,10.732301,7.1,5.31
T04,GL-4396,2026-03-15 20:27:00,8.147779,10.732555,8.7,4.44
T04,GL-4396,2026-03-15 20:28:00,8.148584,10.732606,5.1,4.35
T04,GL-4396,2026-03-15 20:29:00,8.149351,10.732673,11.3,3.4
T04,GL-4396,2026-03-15 20:30:00,8.150151,10.732751,9.0,3.77
T04,GL-4396,2026-03-15 20:31:00,8.150862,10.732869,10.8,4.52
T04,GL-4396,2026-03-15 20:32:00,8.151647,10.732884,9.1,4.34
T04,GL-4396,2026-03-15 20:33:00,8.152378,10.733106,11.8,4.04
T04,GL-4396,2026-03-15 20:34:00,8.153085,10.733276,5.3,3.85
T04,GL-4396,2026-03-15 20:35:00,8.153946,10.733412,8.9,4.58
T04,GL-4396,2026-03-15 20:36:00,8.154754,10.733459,10.0,3.42
T04,GL-4396,2026-03-15 20:37:00,8.155544,10.733489,4.6,4.14
T04,GL-4396,2026-03-15 20:38:00,8.156337,10.733686,7.5,3.27
T04,GL-4396,2026-03-15 20:39:00,8.157027,10.733808,5.2,5.33
T04,GL-4396,2026-03-15 20:40:00,8.157691,10.733868,10.2,3.37
T04,GL-4396,2026-03-15 20:41:00,8.158497,10.734031,11.5,3.03
T04,GL-4396,2026-03-15 20:42:00,8.159223,10.734038,5.5,4.8
T04,GL-4396,2026-03-15 20:43:00,8.160012,10.73427,6.1,4.17
T04,GL-4396,2026-03-15 20:44:00,8.16089,10.734271,8.4,4.86
T04,GL-4396,2026-03-15 20:45:00,8.161558,10.734522,8.3,4.25
T04,GL-4396,2026-03-15 20:46:00,8.161626,10.734416,4.9,0.58
T04,GL-4396,2026-03-15 20:47:00,8.161709,10.734523,11.0,0.19
T04,GL-4396,2026-03-15 20:48:00,8.161589,10.73459,5.1,0.83
T04,GL-4396,2026-03-15 20:49:00,8.161543,10.734543,6.5,0.52
T04,GL-4396,2026-03-15 20:50:00,8.16166,10.734458,4.6,0.0
T04,GL-4396,2026-03-15 20:51:00,8.161587,10.73451,9.1,0.6
T04,GL-4396,2026-03-15 20:52:00,8.161627,10.734446,4.6,0.89
T04,GL-4396,2026-03-15 20:53:00,8.161508,10.734383,7.3,0.22
T04,GL-4396,2026-03-15 20:54:00,8.161639,10.734501,11.9,0.39
T04,GL-4396,2026-03-15 20:55:00,8.161519,10.734466,7.5,0.04
T04,GL-4396,2026-03-15 20:56:00,8.161714,10.734399,7.7,0.29
T04,GL-4396,2026-03-15 20:57:00,8.161542,10.734591,10.4,0.17
T04,GL-4396,2026-03-15 20:58:00,8.161456,10.734454,5.4,0.22
T04,GL-4396,2026-03-15 20:59:00,8.16167,10.734386,5.5,0.01
T04,GL-4396,2026-03-15 21:00:00,8.161667,10.734375,11.7,0.02
T04,GL-4396,2026-03-15 21:01:00,8.161551,10.734487,11.1,0.51
T04,GL-4396,2026-03-15 21:02:00,8.161471,10.734464,6.7,0.53
T04,GL-4396,2026-03-15 21:03:00,8.161632,10.734382,8.7,0.82
T04,GL-4396,2026-03-15 21:04:00,8.161623,10.734445,6.9,0.5
T04,GL-4396,2026-03-15 21:05:00,8.161484,10.734485,4.4,0.66
T04,GL-4396,2026-03-15 21:06:00,8.161531,10.734462,9.8,0.79
T04,GL-4396,2026-03-15 21:07:00,8.161609,10.734438,5.8,0.82
T04,GL-4396,2026-03-15 21:08:00,8.161531,10.734387,9.6,0.0
T04,GL-4396,2026-03-15 21:09:00,8.161498,10.734548,6.9,0.69
T04,GL-4396,2026-03-15 21:10:00,8.161475,10.734451,11.2,0.29
T04,GL-4396,2026-03-15 21:11:00,8.161563,10.734532,9.2,0.71
T04,GL-4396,2026-03-15 21:12:00,8.161611,10.734463,8.6,0.41
T04,GL-4396,2026-03-15 21:13:00,8.161561,10.734527,10.0,0.35
T04,GL-4396,2026-03-15 21:14:00,8.161647,10.734551,6.8,0.35
T04,GL-4396,2026-03-15 21:15:00,8.160997,10.73414,8.3,3.06
T04,GL-4396,2026-03-15 21:16:00,8.16043,10.733668,4.0,4.97
T04,GL-4396,2026-03-15 21:17:00,8.159882,10.733245,7.8,3.33
T04,GL-4396,2026-03-15 21:18:00,8.159307,10.732861,7.1,3.45
T04,GL-4396,2026-03-15 21:19:00,8.158885,10.732339,8.4,3.0
T04,GL-4396,2026-03-15 21:20:00,8.158362,10.732047,7.3,4.6
T04,GL-4396,2026-03-15 21:21:00,8.157841,10.731637,5.2,4.8
T04,GL-4396,2026-03-15 21:22:00,8.157408,10.731095,9.1,3.47
T04,GL-4396,2026-03-15 21:23:00,8.156737,10.730846,4.7,5.54
T04,GL-4396,2026-03-15 21:24:00,8.156137,10.730364,9.6,5.01
T04,GL-4396,2026-03-15 21:25:00,8.155719,10.730034,5.5,3.1
T04,GL-4396,2026-03-15 21:26:00,8.155186,10.729518,7.3,2.99
T04,GL-4396,2026-03-15 21:27:00,8.15462,10.729137,8.8,4.73
T04,GL-4396,2026-03-15 21:28:00,8.154077,10.728656,,3.06
T04,GL-4396,2026-03-15 21:29:00,8.153434,10.728254,10.1,4.8
T04,GL-4396,2026-03-15 21:30:00,8.152978,10.727934,10.7,3.66
T04,GL-4396,2026-03-15 21:31:00,8.152488,10.727478,6.4,3.93
T04,GL-4396,2026-03-15 21:32:00,8.152004,10.727111,6.6,4.87
T04,GL-4396,2026-03-15 21:33:00,8.151481,10.726664,10.0,5.41
T04,GL-4396,2026-03-15 21:34:00,8.150914,10.726228,10.9,5.36
T04,GL-4396,2026-03-15 21:35:00,8.150305,10.725922,8.5,5.52
T04,GL-4396,2026-03-15 21:36:00,8.149807,10.725477,5.7,3.72
T04,GL-4396,2026-03-15 21:37:00,8.149306,10.725004,6.9,3.42
T04,GL-4396,2026-03-15 21:38:00,8.148631,10.724593,8.1,4.45
T04,GL-4396,2026-03-15 21:39:00,8.148169,10.724116,4.2,4.06
T04,GL-4396,2026-03-15 21:40:00,8.147716,10.723716,7.5,4.62
T04,GL-4396,2026-03-15 21:41:00,8.147092,10.723283,,3.25
T04,GL-4396,2026-03-15 21:42:00,8.146591,10.722834,4.3,3.68
T04,GL-4396,2026-03-15 21:43:00,8.146032,10.722546,11.3,3.81
T04,GL-4396,2026-03-15 21:44:00,8.145406,10.722111,4.9,4.28
T04,GL-4396,2026-03-15 21:45:00,8.145159,10.721819,10.7,4.4
T04,GL-4396,2026-03-15 21:46:00,8.144597,10.721439,4.1,3.31
T04,GL-4396,2026-03-15 21:47:00,8.143907,10.720816,9.4,3.44
T04,GL-4396,2026-03-15 21:48:00,8.143316,10.7206,4.1,3.25
T04,GL-4396,2026-03-15 21:49:00,8.142754,10.720106,4.9,2.91
T04,GL-4396,2026-03-15 21:50:00,8.142262,10.719664,9.4,5.42
T04,GL-4396,2026-03-15 21:51:00,8.141667,10.719385,11.6,3.74
T04,GL-4396,2026-03-15 21:52:00,8.141233,10.718987,11.2,4.78
T04,GL-4396,2026-03-15 21:53:00,8.14072,10.71845,7.2,5.41
T04,GL-4396,2026-03-15 21:54:00,8.14008,10.718101,9.7,5.5
T04,GL-4396,2026-03-15 21:55:00,8.139709,10.717632,7.8,3.21
T04,GL-4396,2026-03-15 21:56:00,8.138983,10.717206,9.8,5.56
T04,GL-4396,2026-03-15 21:57:00,8.138605,10.716754,6.3,3.96
T04,GL-4396,2026-03-15 21:58:00,8.138003,10.716467,8.0,3.04
T04,GL-4396,2026-03-15 21:59:00,8.137502,10.716027,4.2,3.26
T04,GL-4396,2026-03-15 22:00:00,8.136924,10.715524,10.3,3.45
T04,GL-4396,2026-03-15 22:01:00,8.136296,10.715123,5.3,3.62
T04,GL-4396,2026-03-15 22:02:00,8.135829,10.714869,11.4,5.05
T04,GL-4396,2026-03-15 22:03:00,8.13528,10.714373,6.2,4.8
T04,GL-4396,2026-03-15 22:04:00,8.134803,10.713852,11.9,3.51
T04,GL-4396,2026-03-15 22:05:00,8.134316,10.713591,8.9,4.34
T04,GL-4396,2026-03-15 22:06:00,8.13358,10.713177,5.9,4.45
T04,GL-4396,2026-03-15 22:07:00,7.982194,10.712798,7.6,207.86
T04,GL-4396,2026-03-15 22:08:00,8.132595,10.712353,10.1,4.75
T04,GL-4396,2026-03-15 22:09:00,8.132096,10.711872,6.9,4.79
T04,GL-4396,2026-03-15 22:10:00,8.131605,10.71148,11.5,3.36
T04,GL-4396,2026-03-15 22:11:00,8.130889,10.711061,8.9,5.15
T04,GL-4396,2026-03-15 22:12:00,8.130512,10.710615,9.6,5.49
T04,GL-4396,2026-03-15 22:13:00,8.129955,10.710195,7.9,5.17
T04,GL-4396,2026-03-15 22:14:00,8.129413,10.709758,10.7,4.62
T04,GL-4396,2026-03-15 22:15:00,8.128842,10.709447,4.8,3.47
T04,GL-4396,2026-03-15 22:16:00,8.128378,10.709067,8.7,4.8
T04,GL-4396,2026-03-15 22:17:00,8.127756,10.708482,9.4,5.56
T04,GL-4396,2026-03-15 22:18:00,8.127253,10.708111,5.3,4.0
T04,GL-4396,2026-03-15 22:19:00,8.126702,10.707892,11.0,4.44
T04,GL-4396,2026-03-15 22:20:00,8.126263,10.707393,6.1,5.37
T04,GL-4396,2026-03-15 22:21:00,8.125728,10.707005,11.0,5.39
T04,GL-4396,2026-03-15 22:22:00,8.125204,10.706587,6.2,5.11
T04,GL-4396,2026-03-15 22:23:00,8.12459,10.706095,4.6,4.25
T04,GL-4396,2026-03-15 22:24:00,8.124051,10.70571,9.4,4.5
T04,GL-4396,2026-03-15 22:25:00,8.123503,10.705312,5.9,4.88
T04,GL-4396,2026-03-15 22:26:00,8.12297,10.704898,8.5,5.36
T04,GL-4396,2026-03-15 22:27:00,8.122482,10.704536,11.9,4.39
T04,GL-4396,2026-03-15 22:28:00,8.121875,10.704114,8.8,4.61
T04,GL-4396,2026-03-15 22:29:00,8.121406,10.703639,8.7,2.94
T04,GL-4396,2026-03-15 22:30:00,8.120814,10.703276,7.6,4.53
T04,GL-4396,2026-03-15 22:31:00,8.120392,10.702821,11.3,3.8
T04,GL-4396,2026-03-15 22:32:00,8.119833,10.702517,6.2,3.91
T04,GL-4396,2026-03-15 22:33:00,8.119319,10.702024,8.9,4.18
T04,GL-4396,2026-03-15 22:34:00,8.118673,10.701656,10.7,5.59
T04,GL-4396,2026-03-15 22:35:00,8.11812,10.701238,7.4,4.91
T04,GL-4396,2026-03-15 22:36:00,8.117671,10.700759,9.3,3.2
T04,GL-4396,2026-03-15 22:37:00,8.117089,10.700342,9.8,4.53
T04,GL-4396,2026-03-15 22:38:00,8.116485,10.69997,10.7,5.18
T04,GL-4396,2026-03-15 22:39:00,8.116018,10.699585,4.8,3.28
T04,GL-4396,2026-03-15 22:40:00,8.115493,10.699099,7.4,3.42
T04,GL-4396,2026-03-15 22:41:00,8.114922,10.698771,8.8,4.15
T04,GL-4396,2026-03-15 22:42:00,8.11434,10.698444,7.6,4.54
T04,GL-4396,2026-03-15 22:43:00,8.113913,10.697889,8.2,4.67
T04,GL-4396,2026-03-15 22:44:00,8.113286,10.697444,8.6,4.13
T04,GL-4396,2026-03-15 22:45:00,8.112786,10.697066,6.8,4.12
T04,GL-4396,2026-03-15 22:46:00,8.112337,10.696703,7.7,5.27
T04,GL-4396,2026-03-15 22:47:00,8.111755,10.696379,4.5,4.26
T04,GL-4396,2026-03-15 22:48:00,8.111692,10.696255,6.4,0.69
T04,GL-4396,2026-03-15 22:49:00,8.111719,10.696291,4.0,0.17
T04,GL-4396,2026-03-15 22:50:00,8.111759,10.696297,5.7,0.34
T04,GL-4396,2026-03-15 22:51:00,8.111834,10.69628,12.0,0.35
T04,GL-4396,2026-03-15 22:52:00,8.11164,10.696138,5.4,0.48
T04,GL-4396,2026-03-15 22:53:00,8.111732,10.696567,10.4,0.51
T04,GL-4396,2026-03-15 22:54:00,8.111713,10.696381,4.8,0.63
T04,GL-4396,2026-03-15 22:55:00,8.111681,10.696387,8.0,0.36
T04,GL-4396,2026-03-15 22:56:00,8.111697,10.696196,9.3,0.55
T04,GL-4396,2026-03-15 22:57:00,8.111733,10.696213,10.4,0.56
T04,GL-4396,2026-03-15 22:58:00,8.111811,10.696298,10.9,0.41
T04,GL-4396,2026-03-15 22:59:00,8.111775,10.696192,5.3,0.68
T04,GL-4396,2026-03-15 23:00:00,8.111714,10.69624,10.7,0.5
T04,GL-4396,2026-03-15 23:01:00,8.11176,10.696256,11.9,0.47
T04,GL-4396,2026-03-15 23:02:00,8.111786,10.69623,6.4,0.65
T04,GL-4396,2026-03-15 23:03:00,8.111702,10.696291,9.8,0.18
T04,GL-4396,2026-03-15 23:04:00,8.111853,10.696453,5.4,0.72
T04,GL-4396,2026-03-15 23:05:00,8.111606,10.696293,10.4,0.38
T04,GL-4396,2026-03-15 23:06:00,8.111828,10.696334,4.6,0.24
T04,GL-4396,2026-03-15 23:07:00,8.11178,10.696332,9.8,0.51
T04,GL-4396,2026-03-15 23:08:00,8.111651,10.696125,6.4,0.24
T04,GL-4396,2026-03-15 23:09:00,8.111859,10.696111,6.6,0.47
T04,GL-4396,2026-03-15 23:10:00,8.11176,10.696264,11.4,0.02
T04,GL-4396,2026-03-15 23:11:00,8.111557,10.696363,,0.79
T04,GL-4396,2026-03-15 23:12:00,8.111929,10.696341,9.8,0.87
T04,GL-4396,2026-03-15 23:13:00,8.111633,10.69633,7.6,0.37
T04,GL-4396,2026-03-15 23:14:00,8.111828,10.696304,10.9,0.04
T04,GL-4396,2026-03-15 23:15:00,8.111706,10.696381,9.0,0.56
T04,GL-4396,2026-03-15 23:16:00,8.111859,10.696455,6.9,0.42
T04,GL-4396,2026-03-15 23:17:00,8.11172,10.696317,6.7,0.55
T04,GL-4396,2026-03-15 23:18:00,8.111555,10.696252,7.4,0.33
T04,GL-4396,2026-03-15 23:19:00,8.111732,10.696313,11.1,0.25
T04,GL-4396,2026-03-15 23:20:00,8.111746,10.696265,4.7,0.34
T04,GL-4396,2026-03-15 23:21:00,8.111741,10.696258,7.3,0.12
T04,GL-4396,2026-03-15 23:22:00,8.111737,10.696358,7.0,0.26
T04,GL-4396,2026-03-15 23:23:00,8.111706,10.696262,8.8,0.04
T04,GL-4396,2026-03-15 23:24:00,8.111731,10.696278,9.6,0.06
T04,GL-4396,2026-03-15 23:25:00,8.111738,10.696315,4.4,0.08
T04,GL-4396,2026-03-15 23:26:00,8.111671,10.696339,5.8,0.0
T04,GL-4396,2026-03-15 23:27:00,8.111716,10.696283,9.0,0.25
T04,GL-4396,2026-03-15 23:28:00,8.111731,10.696271,10.6,0.25
T04,GL-4396,2026-03-15 23:29:00,8.111677,10.6963,6.6,0.22
T04,GL-4396,2026-03-15 23:30:00,8.111736,10.696236,7.9,0.25
T04,GL-4396,2026-03-15 23:31:00,8.111715,10.696315,8.8,0.16
T04,GL-4396,2026-03-15 23:32:00,8.111725,10.696298,9.4,0.12
T04,GL-4396,2026-03-15 23:33:00,8.111716,10.696325,7.4,0.19
T04,GL-4396,2026-03-15 23:34:00,8.111725,10.696294,6.0,0.01
T04,GL-4396,2026-03-15 23:35:00,8.111806,10.69628,4.7,0.1
T04,GL-4396,2026-03-15 23:36:00,8.111729,10.696292,11.0,0.4
T04,GL-4396,2026-03-15 23:37:00,8.1117,10.696319,11.2,0.02
T04,GL-4396,2026-03-15 23:38:00,8.111791,10.696323,4.4,0.01
T04,GL-4396,2026-03-15 23:39:00,8.111728,10.696306,7.9,0.36
T04,GL-4396,2026-03-15 23:40:00,8.111773,10.696319,11.0,0.13
T04,GL-4396,2026-03-15 23:41:00,8.111805,10.696261,8.8,0.32
T04,GL-4396,2026-03-15 23:42:00,8.111724,10.696297,4.7,0.14
T04,GL-4396,2026-03-15 23:43:00,8.11169,10.69631,11.2,0.2
T04,GL-4396,2026-03-15 23:44:00,8.111737,10.696253,4.3,0.33
T04,GL-4396,2026-03-15 23:45:00,8.111719,10.696313,7.2,0.05
T04,GL-4396,2026-03-15 23:46:00,8.177555,10.696321,10.4,380.06
T04,GL-4396,2026-03-15 23:47:00,8.111726,10.696291,8.1,0.35
T04,GL-4396,2026-03-15 23:48:00,8.111748,10.696349,6.9,0.24
T04,GL-4396,2026-03-15 23:49:00,8.111739,10.696354,4.4,0.26
T04,GL-4396,2026-03-15 23:50:00,8.111741,10.696333,8.0,0.01
T04,GL-4396,2026-03-15 23:51:00,8.111715,10.696293,5.2,0.16
T04,GL-4396,2026-03-15 23:52:00,8.111722,10.696264,9.5,0.17
T04,GL-4396,2026-03-15 23:53:00,8.111766,10.696263,5.8,0.36
T04,GL-4396,2026-03-15 23:54:00,8.111736,10.696305,11.2,0.25
T04,GL-4396,2026-03-15 23:55:00,8.111729,10.696312,7.3,0.24
T04,GL-4396,2026-03-15 23:56:00,8.111768,10.696323,8.2,0.02
T04,GL-4396,2026-03-15 23:57:00,8.111735,10.69627,8.5,0.38
T04,GL-4396,2026-03-15 23:58:00,8.111768,10.696278,4.8,0.26
T04,GL-4396,2026-03-15 23:59:00,8.111738,10.696333,10.9,0.08
T04,GL-4396,2026-03-16 00:00:00,8.111706,10.696334,6.7,0.35
T04,GL-4396,2026-03-16 00:01:00,8.111749,10.69631,11.8,0.01
T04,GL-4396,2026-03-16 00:02:00,8.111756,10.696319,9.5,0.27
T04,GL-4396,2026-03-16 00:03:00,8.111703,10.696349,4.7,0.31
T04,GL-4396,2026-03-16 00:04:00,8.111788,10.696309,7.2,0.22
T04,GL-4396,2026-03-16 00:05:00,8.111683,10.696331,10.5,0.02
T04,GL-4396,2026-03-16 00:06:00,8.111685,10.696309,9.1,0.13
T04,GL-4396,2026-03-16 00:07:00,8.111748,10.696259,10.3,0.24
T04,GL-4396,2026-03-16 00:08:00,8.111764,10.696282,6.5,0.26
T04,GL-4396,2026-03-16 00:09:00,8.111677,10.69627,9.9,0.24
T04,GL-4396,2026-03-16 00:10:00,8.111678,10.696334,5.7,0.33
T04,GL-4396,2026-03-16 00:11:00,8.11172,10.696273,8.0,0.02
T04,GL-4396,2026-03-16 00:12:00,8.111799,10.696267,6.0,0.3
T04,GL-4396,2026-03-16 00:13:00,8.111777,10.696309,10.3,0.33
T04,GL-4396,2026-03-16 00:14:00,8.111728,10.696277,7.9,0.04
T04,GL-4396,2026-03-16 00:15:00,8.111718,10.696298,6.4,0.17
T04,GL-4396,2026-03-16 00:16:00,8.111747,10.696341,7.7,0.12
T04,GL-4396,2026-03-16 00:17:00,8.111755,10.696243,9.7,0.31
T04,GL-4396,2026-03-16 00:18:00,8.111713,10.696322,6.3,0.03
T04,GL-4396,2026-03-16 00:19:00,8.111681,10.696288,4.1,0.16
T04,GL-4396,2026-03-16 00:20:00,8.111776,10.696288,5.7,0.38
T04,GL-4396,2026-03-16 00:21:00,8.111738,10.696285,4.7,0.18
T04,GL-4396,2026-03-16 00:22:00,8.111668,10.696255,7.1,0.37
T04,GL-4396,2026-03-16 00:23:00,8.111751,10.696323,8.4,0.12
T04,GL-4396,2026-03-16 00:24:00,8.111724,10.696338,5.2,0.3
T04,GL-4396,2026-03-16 00:25:00,8.111769,10.696313,6.3,0.3
T04,GL-4396,2026-03-16 00:26:00,8.111763,10.696347,11.3,0.15
T04,GL-4396,2026-03-16 00:27:00,8.111688,10.696275,9.5,0.13
T04,GL-4396,2026-03-16 00:28:00,8.111781,10.696298,11.2,0.07
T04,GL-4396,2026-03-16 00:29:00,8.111772,10.696304,9.2,0.32
T04,GL-4396,2026-03-16 00:30:00,8.11173,10.696251,6.8,0.15
T04,GL-4396,2026-03-16 00:31:00,8.111733,10.696241,11.3,0.31
T04,GL-4396,2026-03-16 00:32:00,8.11173,10.696305,6.7,0.16
T04,GL-4396,2026-03-16 00:33:00,8.1117,10.696325,4.8,0.2
T04,GL-4396,2026-03-16 00:34:00,8.111714,10.696304,6.4,0.27
T04,GL-4396,2026-03-16 00:35:00,8.111699,10.696291,9.3,0.24
T04,GL-4396,2026-03-16 00:36:00,8.111729,10.696297,9.4,0.09
T04,GL-4396,2026-03-16 00:37:00,8.111778,10.696311,4.9,0.36
T04,GL-4396,2026-03-16 00:38:00,8.111693,10.696308,11.1,0.15
T04,GL-4396,2026-03-16 00:39:00,8.111726,10.696224,4.9,0.3
T04,GL-4396,2026-03-16 00:40:00,8.111734,10.696304,10.7,0.28
T04,GL-4396,2026-03-16 00:41:00,8.111736,10.69623,6.5,0.21
T04,GL-4396,2026-03-16 00:42:00,8.111755,10.696304,10.8,0.28
T04,GL-4396,2026-03-16 00:43:00,8.111729,10.696304,5.4,0.05
T04,GL-4396,2026-03-16 00:44:00,8.111804,10.696312,4.2,0.11
T04,GL-4396,2026-03-16 00:45:00,8.111709,10.696318,5.0,0.23
T04,GL-4396,2026-03-16 00:46:00,8.111767,10.696316,9.7,0.17
T04,GL-4396,2026-03-16 00:47:00,8.111788,10.696295,4.3,0.05
T04,GL-4396,2026-03-16 00:48:00,8.111737,10.696343,7.1,0.08
T04,GL-4396,2026-03-16 00:49:00,8.111704,10.69629,5.3,0.2
T04,GL-4396,2026-03-16 00:50:00,8.111734,10.69625,10.6,0.03
T04,GL-4396,2026-03-16 00:51:00,8.111732,10.696241,7.5,0.39
T04,GL-4396,2026-03-16 00:52:00,8.111746,10.696233,4.8,0.1
T04,GL-4396,2026-03-16 00:53:00,8.111718,10.696258,7.9,0.35
T04,GL-4396,2026-03-16 00:54:00,8.11174,10.696246,5.3,0.31
T04,GL-4396,2026-03-16 00:55:00,8.111734,10.696325,6.7,0.21
T04,GL-4396,2026-03-16 00:56:00,8.11194,10.69699,11.8,2.85
T04,GL-4396,2026-03-16 00:57:00,8.112138,10.697488,6.3,5.22
T04,GL-4396,2026-03-16 00:58:00,8.112265,10.698074,8.2,4.18
T04,GL-4396,2026-03-16 00:59:00,8.112573,10.698702,8.6,4.63
T04,GL-4396,2026-03-16 01:00:00,8.11285,10.699356,6.0,4.9
T04,GL-4396,2026-03-16 01:01:00,8.112946,10.699773,5.9,4.66
T04,GL-4396,2026-03-16 01:02:00,8.113305,10.700639,9.0,3.86
T04,GL-4396,2026-03-16 01:03:00,8.113437,10.701052,5.2,3.47
T04,GL-4396,2026-03-16 01:04:00,8.113654,10.701584,6.2,2.96
T04,GL-4396,2026-03-16 01:05:00,8.113794,10.702213,11.2,3.03
T04,GL-4396,2026-03-16 01:06:00,8.114057,10.702873,6.8,4.84
T04,GL-4396,2026-03-16 01:07:00,8.114323,10.703582,,2.97
T04,GL-4396,2026-03-16 01:08:00,8.114622,10.703998,9.4,4.43
T04,GL-4396,2026-03-16 01:09:00,8.114849,10.70471,10.4,4.13
T04,GL-4396,2026-03-16 01:10:00,8.11487,10.705294,10.5,3.79
T04,GL-4396,2026-03-16 01:11:00,8.115153,10.705845,5.5,3.72
T04,GL-4396,2026-03-16 01:12:00,8.115282,10.706445,8.1,3.54
T04,GL-4396,2026-03-16 01:13:00,8.115483,10.70708,11.5,3.3
T04,GL-4396,2026-03-16 01:14:00,8.11585,10.707642,10.9,4.37
T04,GL-4396,2026-03-16 01:15:00,8.116024,10.708257,8.8,4.72
T04,GL-4396,2026-03-16 01:16:00,8.116268,10.709008,8.4,4.89
T04,GL-4396,2026-03-16 01:17:00,8.116549,10.70939,5.4,4.2
T04,GL-4396,2026-03-16 01:18:00,8.116713,10.709932,11.3,3.36
T04,GL-4396,2026-03-16 01:19:00,8.116958,10.710629,5.5,2.85
T04,GL-4396,2026-03-16 01:20:00,8.117172,10.711282,8.6,5.59
T04,GL-4396,2026-03-16 01:21:00,8.117373,10.711879,9.9,4.43
T04,GL-4396,2026-03-16 01:22:00,8.117629,10.712449,10.0,5.12
T04,GL-4396,2026-03-16 01:23:00,8.117716,10.713013,7.5,5.06
T04,GL-4396,2026-03-16 01:24:00,8.118033,10.713594,9.3,5.38
T04,GL-4396,2026-03-16 01:25:00,8.118152,10.714328,6.8,3.2
T04,GL-4396,2026-03-16 01:26:00,8.118447,10.714902,6.8,2.9
T04,GL-4396,2026-03-16 01:27:00,8.118674,10.715469,10.2,4.12
T04,GL-4396,2026-03-16 01:28:00,8.118863,10.716053,,5.1
T04,GL-4396,2026-03-16 01:29:00,8.119089,10.716651,5.3,3.22
T04,GL-4396,2026-03-16 01:30:00,8.11933,10.717171,5.0,5.05
T04,GL-4396,2026-03-16 01:31:00,8.119553,10.717835,8.4,4.7
T04,GL-4396,2026-03-16 01:32:00,8.119709,10.718332,5.5,2.92
T04,GL-4396,2026-03-16 01:33:00,8.119979,10.719203,6.0,4.87
T04,GL-4396,2026-03-16 01:34:00,8.120109,10.719551,7.9,5.19
T04,GL-4396,2026-03-16 01:35:00,8.120335,10.720151,5.9,4.79
T04,GL-4396,2026-03-16 01:36:00,8.120514,10.72087,7.0,3.86
T04,GL-4396,2026-03-16 01:37:00,8.12085,10.721383,5.4,3.76
T04,GL-4396,2026-03-16 01:38:00,8.121093,10.721974,8.0,4.92
T04,GL-4396,2026-03-16 01:39:00,8.121216,10.722469,11.0,4.39
T04,GL-4396,2026-03-16 01:40:00,8.121509,10.723211,7.4,5.05
T04,GL-4396,2026-03-16 01:41:00,8.121697,10.723786,4.8,3.96
T04,GL-4396,2026-03-16 01:42:00,8.121924,10.724313,10.6,2.96
T04,GL-4396,2026-03-16 01:43:00,8.122185,10.724919,8.8,5.39
T04,GL-4396,2026-03-16 01:44:00,8.12247,10.72556,6.4,3.3
T04,GL-4396,2026-03-16 01:45:00,8.122551,10.726089,8.4,3.76
T04,GL-4396,2026-03-16 01:46:00,8.122807,10.726778,9.1,5.28
T04,GL-4396,2026-03-16 01:47:00,8.123055,10.727298,9.8,4.24
T04,GL-4396,2026-03-16 01:48:00,8.123187,10.727872,6.0,5.54
T04,GL-4396,2026-03-16 01:49:00,8.123375,10.728486,9.1,5.32
T04,GL-4396,2026-03-16 01:50:00,8.123609,10.729106,10.9,4.77
T04,GL-4396,2026-03-16 01:51:00,8.1239,10.729717,6.0,3.44
T04,GL-4396,2026-03-16 01:52:00,8.12402,10.730308,8.9,4.38
T04,GL-4396,2026-03-16 01:53:00,8.124333,10.730921,6.5,4.71
T04,GL-4396,2026-03-16 01:54:00,8.124442,10.731545,6.6,5.43
T04,GL-4396,2026-03-16 01:55:00,8.124702,10.732175,8.0,5.21
T04,GL-4396,2026-03-16 01:56:00,8.124892,10.732747,4.6,5.15
T04,GL-4396,2026-03-16 01:57:00,8.125041,10.733426,6.2,5.51
T04,GL-4396,2026-03-16 01:58:00,8.125318,10.733895,9.2,2.9
T04,GL-4396,2026-03-16 01:59:00,8.12555,10.734587,4.4,3.8
T04,GL-4396,2026-03-16 02:00:00,8.125802,10.73512,6.3,4.22
T04,GL-4396,2026-03-16 02:01:00,8.126124,10.735689,9.4,2.85
T04,GL-4396,2026-03-16 02:02:00,8.126397,10.736326,9.9,4.58
T04,GL-4396,2026-03-16 02:03:00,8.126516,10.736951,8.5,2.87
T04,GL-4396,2026-03-16 02:04:00,8.126708,10.737508,8.2,2.86
T04,GL-4396,2026-03-16 02:05:00,8.126953,10.738054,4.2,5.07
T04,GL-4396,2026-03-16 02:06:00,8.127112,10.73859,5.5,5.03
T04,GL-4396,2026-03-16 02:07:00,8.127241,10.73934,10.8,3.15
T04,GL-4396,2026-03-16 02:08:00,8.127592,10.739796,6.7,5.56
T04,GL-4396,2026-03-16 02:09:00,8.127832,10.740517,9.0,4.36
T04,GL-4396,2026-03-16 02:10:00,8.128013,10.74112,9.2,5.34
T04,GL-4396,2026-03-16 02:11:00,8.128198,10.741654,5.8,4.0
T04,GL-4396,2026-03-16 02:12:00,8.128417,10.742302,6.0,4.3
T04,GL-4396,2026-03-16 02:13:00,8.128715,10.742922,4.2,3.4
T04,GL-4396,2026-03-16 02:14:00,8.128865,10.743553,8.3,5.24
T04,GL-4396,2026-03-16 02:15:00,8.129064,10.744013,7.9,4.88
T04,GL-4396,2026-03-16 02:16:00,8.129255,10.74474,8.1,4.5
T04,GL-4396,2026-03-16 02:17:00,8.129456,10.745339,5.6,5.57
T04,GL-4396,2026-03-16 02:18:00,8.12974,10.745989,5.3,5.53
T04,GL-4396,2026-03-16 02:19:00,8.129958,10.746444,5.1,4.64
T04,GL-4396,2026-03-16 02:20:00,8.130111,10.747092,9.1,3.83
T04,GL-4396,2026-03-16 02:21:00,8.130284,10.747123,9.7,0.64
T04,GL-4396,2026-03-16 02:22:00,8.130287,10.747002,,0.84
T04,GL-4396,2026-03-16 02:23:00,8.130199,10.747009,5.8,0.6
T04,GL-4396,2026-03-16 02:24:00,8.130229,10.747019,7.8,0.75
T04,GL-4396,2026-03-16 02:25:00,8.130227,10.747168,9.7,0.76
T04,GL-4396,2026-03-16 02:26:00,8.130104,10.746906,8.9,0.46
T04,GL-4396,2026-03-16 02:27:00,8.130058,10.746977,8.9,0.83
T04,GL-4396,2026-03-16 02:28:00,8.130143,10.747135,4.4,0.42
T04,GL-4396,2026-03-16 02:29:00,8.130103,10.747153,4.6,0.08
T04,GL-4396,2026-03-16 02:30:00,8.130266,10.746947,7.7,0.28
T04,GL-4396,2026-03-16 02:31:00,8.130226,10.747015,8.5,0.41
T04,GL-4396,2026-03-16 02:32:00,8.129997,10.74705,6.8,0.55
T04,GL-4396,2026-03-16 02:33:00,8.130114,10.747224,11.0,0.54
T04,GL-4396,2026-03-16 02:34:00,8.13022,10.747021,5.5,0.73
T04,GL-4396,2026-03-16 02:35:00,8.130116,10.747193,11.4,0.77
T04,GL-4396,2026-03-16 02:36:00,8.130178,10.74701,10.6,0.53
T04,GL-4396,2026-03-16 02:37:00,8.130185,10.747098,11.7,0.36
T04,GL-4396,2026-03-16 02:38:00,8.130109,10.747022,9.4,0.51
T04,GL-4396,2026-03-16 02:39:00,8.130231,10.747165,11.4,0.2
T04,GL-4396,2026-03-16 02:40:00,8.130067,10.747248,5.3,0.36
T04,GL-4396,2026-03-16 02:41:00,8.130116,10.747056,7.2,0.69
T04,GL-4396,2026-03-16 02:42:00,8.130099,10.747199,5.7,0.75
T04,GL-4396,2026-03-16 02:43:00,8.130092,10.747103,8.0,0.27
T04,GL-4396,2026-03-16 02:44:00,8.13002,10.747198,4.1,0.72
T04,GL-4396,2026-03-16 02:45:00,8.129973,10.74717,10.8,0.18
T04,GL-4396,2026-03-16 02:46:00,8.130034,10.747096,11.1,0.71
T04,GL-4396,2026-03-16 02:47:00,8.130041,10.747016,4.8,0.12
T04,GL-4396,2026-03-16 02:48:00,8.129479,10.747035,10.9,3.28
T04,GL-4396,2026-03-16 02:49:00,8.128758,10.746853,6.2,5.19
T04,GL-4396,2026-03-16 02:50:00,8.128012,10.746669,10.0,3.71
T04,GL-4396,2026-03-16 02:51:00,8.127214,10.746508,4.6,5.29
T04,GL-4396,2026-03-16 02:52:00,8.126491,10.746426,10.3,5.4
T04,GL-4396,2026-03-16 02:53:00,8.125766,10.746344,,4.6
T04,GL-4396,2026-03-16 02:54:00,8.125141,10.74618,10.1,5.37
T04,GL-4396,2026-03-16 02:55:00,8.12442,10.746026,,3.69
T04,GL-4396,2026-03-16 02:56:00,8.123752,10.745856,5.4,4.49
T04,GL-4396,2026-03-16 02:57:00,8.12302,10.745857,10.2,4.24
T04,GL-4396,2026-03-16 02:58:00,8.122263,10.745633,11.6,4.11
T04,GL-4396,2026-03-16 02:59:00,8.121595,10.745498,5.6,3.48
T04,GL-4396,2026-03-16 03:00:00,8.120822,10.745371,10.2,3.46
T04,GL-4396,2026-03-16 03:01:00,8.120056,10.745278,5.9,3.7
T04,GL-4396,2026-03-16 03:02:00,8.11943,10.745124,10.1,4.69
T04,GL-4396,2026-03-16 03:03:00,8.118664,10.745034,8.4,4.15
T04,GL-4396,2026-03-16 03:04:00,8.117874,10.744861,8.5,4.42
T04,GL-4396,2026-03-16 03:05:00,8.117226,10.744804,4.4,3.43
T04,GL-4396,2026-03-16 03:06:00,8.116496,10.744664,4.5,3.5
T04,GL-4396,2026-03-16 03:07:00,8.115893,10.744589,5.5,5.56
T04,GL-4396,2026-03-16 03:08:00,8.115065,10.744368,11.6,3.54
T04,GL-4396,2026-03-16 03:09:00,8.114409,10.744336,9.6,3.71
T04,GL-4396,2026-03-16 03:10:00,8.113668,10.744114,8.9,2.92
T04,GL-4396,2026-03-16 03:11:00,8.11289,10.744063,6.7,3.69
T04,GL-4396,2026-03-16 03:12:00,8.112277,10.743824,6.9,5.32
T04,GL-4396,2026-03-16 03:13:00,8.111509,10.743783,10.8,4.84
T04,GL-4396,2026-03-16 03:14:00,8.110781,10.743675,6.6,3.33
T04,GL-4396,2026-03-16 03:15:00,8.110073,10.743596,6.4,4.63
T04,GL-4396,2026-03-16 03:16:00,8.109332,10.743337,8.6,3.07
T04,GL-4396,2026-03-16 03:17:00,8.108653,10.743243,11.3,5.0
T04,GL-4396,2026-03-16 03:18:00,8.107913,10.743113,8.5,3.49
T04,GL-4396,2026-03-16 03:19:00,8.107268,10.743028,8.2,2.83
T04,GL-4396,2026-03-16 03:20:00,8.106453,10.742856,4.5,4.39
T04,GL-4396,2026-03-16 03:21:00,8.105713,10.742739,5.3,5.08
T04,GL-4396,2026-03-16 03:22:00,8.105066,10.742566,6.7,2.97
T04,GL-4396,2026-03-16 03:23:00,8.104362,10.742433,6.1,5.58
T04,GL-4396,2026-03-16 03:24:00,8.103533,10.742272,5.7,5.0
T04,GL-4396,2026-03-16 03:25:00,8.102853,10.742204,7.3,3.53
T04,GL-4396,2026-03-16 03:26:00,8.102154,10.741975,10.5,4.71
T04,GL-4396,2026-03-16 03:27:00,8.1015,10.742024,8.3,4.51
T04,GL-4396,2026-03-16 03:28:00,8.100902,10.741929,5.5,3.52
T04,GL-4396,2026-03-16 03:29:00,8.100158,10.74163,8.2,3.74
T04,GL-4396,2026-03-16 03:30:00,8.09934,10.741609,11.0,4.87
T04,GL-4396,2026-03-16 03:31:00,8.098584,10.74139,7.7,3.19
T04,GL-4396,2026-03-16 03:32:00,8.097956,10.741274,10.9,4.38
T04,GL-4396,2026-03-16 03:33:00,8.097239,10.74119,6.8,4.06
T04,GL-4396,2026-03-16 03:34:00,8.096517,10.741073,5.6,5.45
T04,GL-4396,2026-03-16 03:35:00,8.095823,10.740996,6.9,4.2
T04,GL-4396,2026-03-16 03:36:00,8.095077,10.740822,5.2,5.11
T04,GL-4396,2026-03-16 03:37:00,8.094419,10.740609,9.7,3.98
T04,GL-4396,2026-03-16 03:38:00,8.09359,10.740658,11.0,3.49
T04,GL-4396,2026-03-16 03:39:00,8.09284,10.740443,11.9,3.42
T04,GL-4396,2026-03-16 03:40:00,8.09223,10.740269,7.6,5.33
T04,GL-4396,2026-03-16 03:41:00,8.091433,10.740215,5.5,4.44
T04,GL-4396,2026-03-16 03:42:00,8.090631,10.740035,11.7,5.53
T04,GL-4396,2026-03-16 03:43:00,8.089986,10.739877,4.5,5.21
T04,GL-4396,2026-03-16 03:44:00,8.08929,10.739744,8.2,4.29
T04,GL-4396,2026-03-16 03:45:00,8.088517,10.739608,11.9,3.84
T04,GL-4396,2026-03-16 03:46:00,8.087875,10.739438,8.3,3.68
T04,GL-4396,2026-03-16 03:47:00,8.087165,10.739411,11.7,4.0
T04,GL-4396,2026-03-16 03:48:00,8.086566,10.739314,10.9,4.38
T04,GL-4396,2026-03-16 03:49:00,8.085774,10.739188,10.0,5.12
T04,GL-4396,2026-03-16 03:50:00,8.08502,10.739048,9.1,3.91
T04,GL-4396,2026-03-16 03:51:00,8.084338,10.739012,4.5,3.49
T04,GL-4396,2026-03-16 03:52:00,8.083567,10.738816,6.4,5.1
T04,GL-4396,2026-03-16 03:53:00,8.082768,10.738683,11.6,5.09
T04,GL-4396,2026-03-16 03:54:00,8.082161,10.738489,6.7,2.81
T04,GL-4396,2026-03-16 03:55:00,8.081448,10.738361,7.2,4.97
T04,GL-4396,2026-03-16 03:56:00,8.080732,10.738338,6.6,2.96
T04,GL-4396,2026-03-16 03:57:00,8.080034,10.7381,10.7,4.13
T04,GL-4396,2026-03-16 03:58:00,8.079222,10.737974,5.7,3.08
T04,GL-4396,2026-03-16 03:59:00,8.07856,10.737832,5.1,5.41
T04,GL-4396,2026-03-16 04:00:00,8.077812,10.737818,11.0,3.3
T04,GL-4396,2026-03-16 04:01:00,8.07718,10.737633,11.9,2.89
T04,GL-4396,2026-03-16 04:02:00,8.076478,10.737527,8.7,4.06
T04,GL-4396,2026-03-16 04:03:00,8.075729,10.737349,8.5,3.13
T04,GL-4396,2026-03-16 04:04:00,8.07499,10.737284,8.0,4.76
T04,GL-4396,2026-03-16 04:05:00,8.07438,10.737014,7.6,4.63
T04,GL-4396,2026-03-16 04:06:00,8.073592,10.736968,8.1,5.05
T04,GL-4396,2026-03-16 04:07:00,8.072857,10.73687,5.5,2.86
T04,GL-4396,2026-03-16 04:08:00,8.072071,10.736755,4.6,5.36
T04,GL-4396,2026-03-16 04:09:00,8.071446,10.736615,6.7,4.98
T04,GL-4396,2026-03-16 04:10:00,8.070707,10.736528,11.1,5.38
T04,GL-4396,2026-03-16 04:11:00,8.069969,10.736373,5.1,3.62
T04,GL-4396,2026-03-16 04:12:00,8.069347,10.736218,10.8,5.33
T04,GL-4396,2026-03-16 04:13:00,8.068714,10.73605,4.2,3.16
T04,GL-4396,2026-03-16 04:14:00,8.06785,10.735973,5.4,4.99
T04,GL-4396,2026-03-16 04:15:00,8.067204,10.735814,9.2,3.54
T04,GL-4396,2026-03-16 04:16:00,8.066396,10.735589,5.9,3.92
T04,GL-4396,2026-03-16 04:17:00,8.065654,10.735507,9.6,4.59
T04,GL-4396,2026-03-16 04:18:00,8.064888,10.73553,9.9,4.65
T04,GL-4396,2026-03-16 04:19:00,8.06415,10.73526,10.2,3.82
T04,GL-4396,2026-03-16 04:20:00,8.063647,10.735153,11.8,4.08
T04,GL-4396,2026-03-16 04:21:00,8.062837,10.735103,5.2,4.01
T04,GL-4396,2026-03-16 04:22:00,8.062116,10.734918,8.1,3.05
T04,GL-4396,2026-03-16 04:23:00,8.061296,10.734857,9.3,4.09
T04,GL-4396,2026-03-16 04:24:00,8.060584,10.734614,7.7,4.78
T04,GL-4396,2026-03-16 04:25:00,8.059998,10.734529,10.8,3.14
T04,GL-4396,2026-03-16 04:26:00,8.059226,10.734288,,2.92
T04,GL-4396,2026-03-16 04:27:00,8.058578,10.734339,8.0,3.06
T04,GL-4396,2026-03-16 04:28:00,8.05785,10.734044,6.1,2.97
T04,GL-4396,2026-03-16 04:29:00,8.056984,10.733968,10.1,4.36
T04,GL-4396,2026-03-16 04:30:00,8.056404,10.733842,10.9,5.48
T04,GL-4396,2026-03-16 04:31:00,8.055739,10.733749,5.2,4.89
T04,GL-4396,2026-03-16 04:32:00,8.054912,10.733565,7.9,4.37
T04,GL-4396,2026-03-16 04:33:00,8.054228,10.733534,8.4,3.53
T04,GL-4396,2026-03-16 04:34:00,8.053515,10.733345,11.8,4.17
T04,GL-4396,2026-03-16 04:35:00,8.052708,10.733228,10.9,3.16
T04,GL-4396,2026-03-16 04:36:00,8.052042,10.733216,10.0,5.43
T04,GL-4396,2026-03-16 04:37:00,8.051344,10.733096,5.9,5.45
T04,GL-4396,2026-03-16 04:38:00,8.050653,10.732859,10.2,3.47
T04,GL-4396,2026-03-16 04:39:00,8.049823,10.73273,10.3,5.28
T04,GL-4396,2026-03-16 04:40:00,8.049283,10.732567,6.7,5.01
T04,GL-4396,2026-03-16 04:41:00,8.04851,10.732421,4.3,3.43
T04,GL-4396,2026-03-16 04:42:00,8.047811,10.732396,,4.66
T04,GL-4396,2026-03-16 04:43:00,8.047002,10.732221,6.4,3.57
T04,GL-4396,2026-03-16 04:44:00,8.04645,10.732135,10.4,5.58
T04,GL-4396,2026-03-16 04:45:00,8.045578,10.732038,8.1,4.28
T04,GL-4396,2026-03-16 04:46:00,8.044894,10.731832,7.8,4.9
T04,GL-4396,2026-03-16 04:47:00,8.044179,10.731714,7.3,4.74
T04,GL-4396,2026-03-16 04:48:00,8.043514,10.731533,8.2,3.29
T04,GL-4396,2026-03-16 04:49:00,8.042801,10.7315,4.8,4.04
T04,GL-4396,2026-03-16 04:50:00,8.042038,10.731347,,3.47
T04,GL-4396,2026-03-16 04:51:00,7.650156,10.731243,8.0,267.72
T04,GL-4396,2026-03-16 04:52:00,8.040679,10.731089,8.1,5.33
T04,GL-4396,2026-03-16 04:53:00,8.03982,10.730928,6.0,5.32
T04,GL-4396,2026-03-16 04:54:00,8.039279,10.730964,8.7,5.48
T04,GL-4396,2026-03-16 04:55:00,8.038434,10.730775,6.9,3.36
T04,GL-4396,2026-03-16 04:56:00,8.037752,10.730605,4.2,4.03
T04,GL-4396,2026-03-16 04:57:00,8.037048,10.730453,5.1,4.63
T04,GL-4396,2026-03-16 04:58:00,8.036357,10.730303,9.4,3.08
T04,GL-4396,2026-03-16 04:59:00,8.035496,10.730292,10.6,4.93
T04,GL-4396,2026-03-16 05:00:00,8.035001,10.73008,4.2,3.65
T04,GL-4396,2026-03-16 05:01:00,8.034144,10.730025,,5.5
T04,GL-4396,2026-03-16 05:02:00,8.033493,10.729869,9.2,3.64
T04,GL-4396,2026-03-16 05:03:00,8.032724,10.729566,4.3,3.08
T04,GL-4396,2026-03-16 05:04:00,8.032041,10.729599,10.5,3.94
T04,GL-4396,2026-03-16 05:05:00,8.031336,10.729408,6.0,4.74
T04,GL-4396,2026-03-16 05:06:00,8.030559,10.729357,9.4,4.31
T04,GL-4396,2026-03-16 05:07:00,8.029866,10.729158,8.2,3.6
T04,GL-4396,2026-03-16 05:08:00,8.029142,10.729008,9.4,5.27
T04,GL-4396,2026-03-16 05:09:00,8.028437,10.728999,4.2,4.13
T04,GL-4396,2026-03-16 05:10:00,8.027775,10.728831,7.5,4.91
T04,GL-4396,2026-03-16 05:11:00,8.026964,10.728727,9.2,4.21
T04,GL-4396,2026-03-16 05:12:00,8.026369,10.728525,8.0,5.15
T04,GL-4396,2026-03-16 05:13:00,8.025654,10.728339,9.2,5.54
T04,GL-4396,2026-03-16 05:14:00,8.024812,10.728242,10.2,4.95
T04,GL-4396,2026-03-16 05:15:00,8.024205,10.728117,6.7,3.8
T04,GL-4396,2026-03-16 05:16:00,8.023399,10.728076,9.4,3.49
T04,GL-4396,2026-03-16 05:17:00,8.022722,10.72777,11.1,5.27
T04,GL-4396,2026-03-16 05:18:00,8.021938,10.727848,4.2,5.51
T04,GL-4396,2026-03-16 05:19:00,8.021263,10.727665,7.5,4.33
T04,GL-4396,2026-03-16 05:20:00,8.020592,10.727498,7.5,4.67
T04,GL-4396,2026-03-16 05:21:00,8.019907,10.727378,11.8,4.39
T04,GL-4396,2026-03-16 05:22:00,8.019186,10.727211,4.3,3.19
T04,GL-4396,2026-03-16 05:23:00,8.018408,10.727195,5.7,3.8
T04,GL-4396,2026-03-16 05:24:00,8.017749,10.726862,8.2,3.14
T04,GL-4396,2026-03-16 05:25:00,8.017047,10.726869,8.5,5.06
T04,GL-4396,2026-03-16 05:26:00,8.016309,10.726727,6.4,3.62
T04,GL-4396,2026-03-16 05:27:00,8.015559,10.726698,10.5,3.33
T04,GL-4396,2026-03-16 05:28:00,8.014769,10.726555,,3.45
T04,GL-4396,2026-03-16 05:29:00,8.014079,10.726443,4.3,3.86
T04,GL-4396,2026-03-16 05:30:00,8.013475,10.72631,7.6,4.58
T04,GL-4396,2026-03-16 05:31:00,8.012604,10.726082,9.7,3.72
T04,GL-4396,2026-03-16 05:32:00,8.011892,10.725932,4.8,4.38
T04,GL-4396,2026-03-16 05:33:00,8.011246,10.725808,11.0,4.86
T04,GL-4396,2026-03-16 05:34:00,8.010555,10.725795,5.0,4.81
T04,GL-4396,2026-03-16 05:35:00,8.009708,10.725593,6.2,5.58
T04,GL-4396,2026-03-16 05:36:00,8.009135,10.725392,4.6,5.53
T04,GL-4396,2026-03-16 05:37:00,8.008472,10.725298,7.2,4.06
T04,GL-4396,2026-03-16 05:38:00,8.007563,10.725247,8.1,3.69
T04,GL-4396,2026-03-16 05:39:00,8.007095,10.725164,9.3,3.44
T04,GL-4396,2026-03-16 05:40:00,8.006275,10.725009,10.6,4.25
T04,GL-4396,2026-03-16 05:41:00,8.005502,10.724756,6.9,5.37
T04,GL-4396,2026-03-16 05:42:00,8.00493,10.724717,5.4,5.44
T04,GL-4396,2026-03-16 05:43:00,8.004273,10.724622,4.9,3.31
T04,GL-4396,2026-03-16 05:44:00,8.003345,10.724434,9.5,3.22
T04,GL-4396,2026-03-16 05:45:00,8.002635,10.724341,6.6,5.27
T04,GL-4396,2026-03-16 05:46:00,8.00199,10.724262,4.7,2.96
T04,GL-4396,2026-03-16 05:47:00,8.001223,10.723979,9.5,3.11
T04,GL-4396,2026-03-16 05:48:00,8.00045,10.723899,11.0,3.65
T04,GL-4396,2026-03-16 05:49:00,7.999759,10.723883,7.5,3.9
T04,GL-4396,2026-03-16 05:50:00,7.999011,10.723684,10.2,4.42
T04,GL-4396,2026-03-16 05:51:00,7.998482,10.723554,6.0,5.29
T04,GL-4396,2026-03-16 05:52:00,7.997698,10.723475,4.4,5.1
T04,GL-4396,2026-03-16 05:53:00,7.996908,10.723341,8.6,5.49
T04,GL-4396,2026-03-16 05:54:00,7.996318,10.723134,7.8,3.63
T04,GL-4396,2026-03-16 05:55:00,7.995441,10.72295,5.5,4.73
T04,GL-4396,2026-03-16 05:56:00,7.994787,10.722908,8.5,3.9
T04,GL-4396,2026-03-16 05:57:00,7.994215,10.722889,9.9,3.07
T04,GL-4396,2026-03-16 05:58:00,7.993278,10.722824,9.6,3.07
T04,GL-4396,2026-03-16 05:59:00,7.992629,10.722597,6.8,3.34
T04,GL-4396,2026-03-16 06:00:00,7.991881,10.722289,4.3,2.98
T04,GL-4396,2026-03-16 06:01:00,7.991173,10.722361,11.4,4.74
T04,GL-4396,2026-03-16 06:02:00,7.990533,10.722253,7.6,4.0
T04,GL-4396,2026-03-16 06:03:00,7.989715,10.722001,6.2,3.26
T04,GL-4396,2026-03-16 06:04:00,7.989105,10.721941,5.4,5.05
T04,GL-4396,2026-03-16 06:05:00,7.98833,10.721792,7.1,4.42
T04,GL-4396,2026-03-16 06:06:00,7.987765,10.72156,8.1,3.23
T04,GL-4396,2026-03-16 06:07:00,7.986998,10.721592,7.8,4.38
T04,GL-4396,2026-03-16 06:08:00,7.986145,10.721428,9.6,4.02
T04,GL-4396,2026-03-16 06:09:00,7.985506,10.721241,8.1,3.32
T04,GL-4396,2026-03-16 06:10:00,7.984803,10.721203,4.7,4.43
T04,GL-4396,2026-03-16 06:11:00,7.983987,10.721011,8.4,3.89
T04,GL-4396,2026-03-16 06:12:00,7.983169,10.720856,7.3,3.39
T04,GL-4396,2026-03-16 06:13:00,7.982542,10.7208,10.3,3.47
T04,GL-4396,2026-03-16 06:14:00,7.981908,10.720576,6.4,4.4
T04,GL-4396,2026-03-16 06:15:00,7.98129,10.720582,9.7,4.21
T04,GL-4396,2026-03-16 06:16:00,7.98049,10.720259,7.0,4.56
T04,GL-4396,2026-03-16 06:17:00,7.97967,10.720334,5.2,2.88
T04,GL-4396,2026-03-16 06:18:00,7.979053,10.720139,5.7,2.93
T04,GL-4396,2026-03-16 06:19:00,7.978259,10.720113,10.7,3.6
T04,GL-4396,2026-03-16 06:20:00,7.977593,10.719849,10.3,3.26
T04,GL-4396,2026-03-16 06:21:00,7.97686,10.719762,6.7,5.48
T04,GL-4396,2026-03-16 06:22:00,7.976139,10.719746,10.6,5.15
T04,GL-4396,2026-03-16 06:23:00,7.975384,10.719546,,4.22
T04,GL-4396,2026-03-16 06:24:00,7.974658,10.719338,8.5,4.76
T04,GL-4396,2026-03-16 06:25:00,7.974091,10.719239,,4.91
T04,GL-4396,2026-03-16 06:26:00,7.973364,10.719099,5.7,5.36
T04,GL-4396,2026-03-16 06:27:00,7.972635,10.719056,8.1,4.96
T04,GL-4396,2026-03-16 06:28:00,7.97193,10.718782,11.3,5.2
T04,GL-4396,2026-03-16 06:29:00,7.97112,10.718715,10.4,4.03
T04,GL-4396,2026-03-16 06:30:00,7.970396,10.718605,10.3,3.43
T04,GL-4396,2026-03-16 06:31:00,7.969607,10.718484,9.0,3.54
T04,GL-4396,2026-03-16 06:32:00,7.968895,10.718375,7.9,5.44
T04,GL-4396,2026-03-16 06:33:00,7.968344,10.718118,10.2,5.31
T04,GL-4396,2026-03-16 06:34:00,7.967614,10.718094,8.2,5.32
T04,GL-4396,2026-03-16 06:35:00,7.966736,10.71803,8.2,3.64
T04,GL-4396,2026-03-16 06:36:00,7.966041,10.71782,10.1,4.63
T04,GL-4396,2026-03-16 06:37:00,7.965358,10.717713,9.6,4.42
T04,GL-4396,2026-03-16 06:38:00,7.964692,10.71757,6.7,3.71
T04,GL-4396,2026-03-16 06:39:00,7.964,10.717492,9.9,4.75
T04,GL-4396,2026-03-16 06:40:00,7.963269,10.717252,9.1,4.64
T04,GL-4396,2026-03-16 06:41:00,7.962621,10.717228,9.3,3.26
T04,GL-4396,2026-03-16 06:42:00,7.961867,10.717041,5.6,3.08
T04,GL-4396,2026-03-16 06:43:00,7.961152,10.717033,9.8,4.61
T04,GL-4396,2026-03-16 06:44:00,7.9604,10.716688,8.9,5.55
T04,GL-4396,2026-03-16 06:45:00,7.959789,10.716645,5.1,4.25
T04,GL-4396,2026-03-16 06:46:00,7.958961,10.716535,8.7,4.85
T04,GL-4396,2026-03-16 06:47:00,7.958139,10.716368,11.1,4.46
T04,GL-4396,2026-03-16 06:48:00,7.957615,10.716184,6.2,4.66
T04,GL-4396,2026-03-16 06:49:00,7.956892,10.716085,5.3,3.67
T04,GL-4396,2026-03-16 06:50:00,7.956113,10.716024,7.7,3.65
T04,GL-4396,2026-03-16 06:51:00,7.955409,10.715883,8.6,5.49
T04,GL-4396,2026-03-16 06:52:00,7.954634,10.715792,7.9,4.94
T04,GL-4396,2026-03-16 06:53:00,7.953947,10.715762,5.0,3.58
T04,GL-4396,2026-03-16 06:54:00,7.95323,10.715561,7.0,5.14
T04,GL-4396,2026-03-16 06:55:00,7.952604,10.715356,4.4,3.78
T04,GL-4396,2026-03-16 06:56:00,7.951739,10.715256,9.8,5.49
T04,GL-4396,2026-03-16 06:57:00,7.951165,10.715111,10.5,4.35
T04,GL-4396,2026-03-16 06:58:00,7.950495,10.714942,11.4,3.9
T04,GL-4396,2026-03-16 06:59:00,7.949706,10.714958,4.1,3.42
T04,GL-4396,2026-03-16 07:00:00,7.948915,10.714653,6.8,2.94
T04,GL-4396,2026-03-16 07:01:00,7.948296,10.714642,8.6,4.96
T04,GL-4396,2026-03-16 07:02:00,7.947613,10.714545,10.9,3.7
T04,GL-4396,2026-03-16 07:03:00,7.946839,10.714369,8.5,4.06
T04,GL-4396,2026-03-16 07:04:00,7.946095,10.714247,8.6,4.78
T04,GL-4396,2026-03-16 07:05:00,7.945461,10.713994,7.9,3.0
T04,GL-4396,2026-03-16 07:06:00,7.944694,10.713978,8.0,3.24
T04,GL-4396,2026-03-16 07:07:00,7.943963,10.713775,6.0,4.7
T04,GL-4396,2026-03-16 07:08:00,7.943254,10.713747,4.6,5.56
T04,GL-4396,2026-03-16 07:09:00,7.942423,10.713627,11.2,5.13
T04,GL-4396,2026-03-16 07:10:00,7.94184,10.713503,9.6,4.85
T04,GL-4396,2026-03-16 07:11:00,7.940972,10.713325,11.6,3.51
T04,GL-4396,2026-03-16 07:12:00,7.940253,10.713168,7.5,5.08
T04,GL-4396,2026-03-16 07:13:00,7.939693,10.71306,4.7,3.84
T04,GL-4396,2026-03-16 07:14:00,7.938983,10.712949,8.8,3.55
T04,GL-4396,2026-03-16 07:15:00,7.938227,10.712726,7.6,2.94
T04,GL-4396,2026-03-16 07:16:00,7.937374,10.712648,8.2,3.94
T04,GL-4396,2026-03-16 07:17:00,7.936843,10.71258,5.5,4.38
T04,GL-4396,2026-03-16 07:18:00,7.936151,10.712565,10.9,4.35
T04,GL-4396,2026-03-16 07:19:00,7.935317,10.712228,6.9,5.36
T04,GL-4396,2026-03-16 07:20:00,7.934602,10.712222,7.6,5.54
T04,GL-4396,2026-03-16 07:21:00,7.934042,10.712084,4.4,4.99
T04,GL-4396,2026-03-16 07:22:00,7.933278,10.711917,11.3,5.51
T04,GL-4396,2026-03-16 07:23:00,7.932472,10.711793,9.5,4.3
T04,GL-4396,2026-03-16 07:24:00,7.931756,10.711595,5.1,4.05
T04,GL-4396,2026-03-16 07:25:00,7.931038,10.7116,6.3,3.91
T04,GL-4396,2026-03-16 07:26:00,7.930242,10.711438,4.7,4.74
T04,GL-4396,2026-03-16 07:27:00,7.929576,10.711258,5.2,2.87
T04,GL-4396,2026-03-16 07:28:00,7.928932,10.711171,,2.97
T04,GL-4396,2026-03-16 07:29:00,7.92826,10.711067,,4.45
T04,GL-4396,2026-03-16 07:30:00,7.927497,10.710921,8.1,5.35
T04,GL-4396,2026-03-16 07:31:00,7.926722,10.7107,12.0,5.55
T04,GL-4396,2026-03-16 07:32:00,7.926146,10.710584,11.0,5.3
T04,GL-4396,2026-03-16 07:33:00,7.925457,10.710566,5.0,4.6
T04,GL-4396,2026-03-16 07:34:00,7.924562,10.710449,9.5,4.6
T04,GL-4396,2026-03-16 07:35:00,7.923955,10.710298,5.1,5.38
T04,GL-4396,2026-03-16 07:36:00,7.923246,10.710164,5.9,3.78
T04,GL-4396,2026-03-16 07:37:00,7.922458,10.71001,9.7,4.04
T04,GL-4396,2026-03-16 07:38:00,7.921716,10.709922,7.5,4.86
T04,GL-4396,2026-03-16 07:39:00,7.921093,10.709785,10.7,4.36
T04,GL-4396,2026-03-16 07:40:00,7.92028,10.709662,6.3,5.23
T04,GL-4396,2026-03-16 07:41:00,7.919641,10.709544,10.8,5.54
T04,GL-4396,2026-03-16 07:42:00,7.918858,10.709415,4.1,5.49
T04,GL-4396,2026-03-16 07:43:00,7.918108,10.709295,5.7,3.62
T04,GL-4396,2026-03-16 07:44:00,7.917429,10.709072,7.0,4.91
T04,GL-4396,2026-03-16 07:45:00,7.916699,10.709003,7.9,3.79
T04,GL-4396,2026-03-16 07:46:00,7.916082,10.70886,,4.28
T04,GL-4396,2026-03-16 07:47:00,7.915328,10.708803,10.6,4.72
T04,GL-4396,2026-03-16 07:48:00,7.914604,10.708692,4.5,4.28
T04,GL-4396,2026-03-16 07:49:00,7.913902,10.708505,6.2,3.58
T04,GL-4396,2026-03-16 07:50:00,7.91318,10.708323,7.4,3.13
T04,GL-4396,2026-03-16 07:51:00,7.912459,10.708246,9.4,5.44
T04,GL-4396,2026-03-16 07:52:00,7.91171,10.708263,8.3,3.66
T04,GL-4396,2026-03-16 07:53:00,7.910966,10.708032,9.6,3.27
T04,GL-4396,2026-03-16 07:54:00,7.910219,10.707877,5.9,3.01
T04,GL-4396,2026-03-16 07:55:00,7.909666,10.707619,7.9,5.21
T04,GL-4396,2026-03-16 07:56:00,7.90891,10.707638,11.3,4.57
T04,GL-4396,2026-03-16 07:57:00,7.908145,10.707421,9.1,5.59
T04,GL-4396,2026-03-16 07:58:00,7.907502,10.707377,7.0,4.85
T04,GL-4396,2026-03-16 07:59:00,7.906674,10.707202,9.1,3.58
T04,GL-4396,2026-03-16 08:00:00,7.90598,10.707083,6.6,4.0
T04,GL-4396,2026-03-16 08:01:00,7.905335,10.706939,5.9,3.57
T04,GL-4396,2026-03-16 08:02:00,7.904636,10.706844,10.5,3.83
T04,GL-4396,2026-03-16 08:03:00,7.903842,10.706777,6.1,3.85
T04,GL-4396,2026-03-16 08:04:00,7.903173,10.706483,5.9,2.92
T04,GL-4396,2026-03-16 08:05:00,7.902418,10.706432,6.0,3.33
T04,GL-4396,2026-03-16 08:06:00,7.901636,10.706356,9.3,4.02
T04,GL-4396,2026-03-16 08:07:00,7.900972,10.706213,11.1,4.4
T04,GL-4396,2026-03-16 08:08:00,7.900249,10.70608,6.0,5.38
T04,GL-4396,2026-03-16 08:09:00,7.89967,10.705995,11.5,4.79
T04,GL-4396,2026-03-16 08:10:00,7.898826,10.705715,8.2,5.06
T04,GL-4396,2026-03-16 08:11:00,7.89812,10.705718,7.0,3.66
T04,GL-4396,2026-03-16 08:12:00,7.897424,10.705586,8.4,3.94
T04,GL-4396,2026-03-16 08:13:00,7.896569,10.705405,10.4,5.11
T04,GL-4396,2026-03-16 08:14:00,7.895983,10.705293,11.0,3.98
T04,GL-4396,2026-03-16 08:15:00,7.895307,10.705137,10.3,4.05
T04,GL-4396,2026-03-16 08:16:00,7.894546,10.705077,11.5,3.82
T04,GL-4396,2026-03-16 08:17:00,7.893774,10.705002,7.0,4.26
T04,GL-4396,2026-03-16 08:18:00,7.893122,10.70492,4.1,3.81
T04,GL-4396,2026-03-16 08:19:00,7.892384,10.704676,4.9,4.2
T04,GL-4396,2026-03-16 08:20:00,7.891557,10.704456,6.0,3.86
T04,GL-4396,2026-03-16 08:21:00,7.89098,10.704437,5.8,4.55
T04,GL-4396,2026-03-16 08:22:00,7.890252,10.704392,9.7,5.06
T04,GL-4396,2026-03-16 08:23:00,7.889529,10.704105,8.5,4.08
T04,GL-4396,2026-03-16 08:24:00,7.888774,10.703989,11.2,4.94
T04,GL-4396,2026-03-16 08:25:00,7.88812,10.703993,,4.18
T04,GL-4396,2026-03-16 08:26:00,7.887411,10.703685,4.0,3.45
T04,GL-4396,2026-03-16 08:27:00,7.886749,10.703734,10.7,3.39
T04,GL-4396,2026-03-16 08:28:00,7.88595,10.703481,9.2,4.49
T04,GL-4396,2026-03-16 08:29:00,7.885211,10.703299,5.2,3.8
T04,GL-4396,2026-03-16 08:30:00,7.88475,10.703153,5.5,3.88
T04,GL-4396,2026-03-16 08:31:00,7.883756,10.703051,10.5,3.55
T04,GL-4396,2026-03-16 08:32:00,7.88306,10.702927,8.9,4.68
T04,GL-4396,2026-03-16 08:33:00,7.882347,10.702852,10.7,5.07
T04,GL-4396,2026-03-16 08:34:00,7.881709,10.702796,10.8,5.13
T04,GL-4396,2026-03-16 08:35:00,7.880948,10.702603,6.4,3.41
T04,GL-4396,2026-03-16 08:36:00,7.880218,10.702599,9.1,4.38
T04,GL-4396,2026-03-16 08:37:00,7.879498,10.702276,9.2,4.88
T04,GL-4396,2026-03-16 08:38:00,7.878803,10.702211,5.9,4.38
T04,GL-4396,2026-03-16 08:39:00,7.878091,10.702112,7.6,4.27
T04,GL-4396,2026-03-16 08:40:00,7.877345,10.702005,4.7,4.06
T04,GL-4396,2026-03-16 08:41:00,7.876707,10.701909,7.6,3.62
T04,GL-4396,2026-03-16 08:42:00,7.875924,10.701692,,4.38
T04,GL-4396,2026-03-16 08:43:00,7.875187,10.701633,6.5,3.86
T04,GL-4396,2026-03-16 08:44:00,7.874566,10.701512,7.8,3.21
T04,GL-4396,2026-03-16 08:45:00,7.873799,10.701362,5.0,4.21
T04,GL-4396,2026-03-16 08:46:00,7.872975,10.70124,4.1,4.13
T04,GL-4396,2026-03-16 08:47:00,7.872293,10.70108,7.4,3.87
T04,GL-4396,2026-03-16 08:48:00,7.871653,10.700899,5.1,4.72
T04,GL-4396,2026-03-16 08:49:00,7.870902,10.700792,8.1,4.62
T04,GL-4396,2026-03-16 08:50:00,7.870115,10.700765,6.7,5.31
T04,GL-4396,2026-03-16 08:51:00,7.86959,10.700541,11.1,3.16
T04,GL-4396,2026-03-16 08:52:00,7.868693,10.700461,4.6,5.12
T04,GL-4396,2026-03-16 08:53:00,7.867954,10.700276,6.6,5.25
T04,GL-4396,2026-03-16 08:54:00,7.867483,10.700011,12.0,4.93
T04,GL-4396,2026-03-16 08:55:00,7.866661,10.700177,11.9,4.09
T04,GL-4396,2026-03-16 08:56:00,7.865957,10.700014,6.3,4.55
T04,GL-4396,2026-03-16 08:57:00,7.865167,10.699916,4.3,3.73
T04,GL-4396,2026-03-16 08:58:00,7.864318,10.699756,10.5,5.2
T04,GL-4396,2026-03-16 08:59:00,7.863629,10.699448,11.5,3.55
T04,GL-4396,2026-03-16 09:00:00,7.862954,10.699469,7.2,2.85
T04,GL-4396,2026-03-16 09:01:00,7.86237,10.69933,7.8,2.93
T04,GL-4396,2026-03-16 09:02:00,7.86154,10.699152,8.4,5.11
T04,GL-4396,2026-03-16 09:03:00,7.860909,10.699057,9.2,3.57
T04,GL-4396,2026-03-16 09:04:00,7.860249,10.698896,9.8,4.38
T04,GL-4396,2026-03-16 09:05:00,7.859425,10.698854,11.0,4.61
T04,GL-4396,2026-03-16 09:06:00,7.858741,10.698691,6.1,4.39
T04,GL-4396,2026-03-16 09:07:00,7.858023,10.698569,7.0,5.33
T04,GL-4396,2026-03-16 09:08:00,7.857367,10.698336,8.4,2.87
T04,GL-4396,2026-03-16 09:09:00,7.856535,10.698264,4.7,3.95
T04,GL-4396,2026-03-16 09:10:00,7.855876,10.698239,6.2,5.56
T04,GL-4396,2026-03-16 09:11:00,7.855087,10.69812,7.3,4.78
T04,GL-4396,2026-03-16 09:12:00,7.854418,10.697955,9.8,4.31
T04,GL-4396,2026-03-16 09:13:00,7.85368,10.697718,9.7,4.5
T04,GL-4396,2026-03-16 09:14:00,7.852979,10.697623,7.0,4.07
T04,GL-4396,2026-03-16 09:15:00,7.852158,10.697498,6.8,3.06
T04,GL-4396,2026-03-16 09:16:00,7.851687,10.697455,5.6,3.8
T04,GL-4396,2026-03-16 09:17:00,7.850803,10.697198,10.9,4.49
T04,GL-4396,2026-03-16 09:18:00,7.850201,10.697199,4.9,3.74
T04,GL-4396,2026-03-16 09:19:00,7.849472,10.696957,7.0,4.0
T04,GL-4396,2026-03-16 09:20:00,7.848714,10.69694,6.2,3.94
T04,GL-4396,2026-03-16 09:21:00,7.848066,10.696715,4.5,4.28
T04,GL-4396,2026-03-16 09:22:00,7.847188,10.696575,5.8,3.19
T04,GL-4396,2026-03-16 09:23:00,7.846547,10.696517,5.6,5.21
T04,GL-4396,2026-03-16 09:24:00,7.845889,10.69631,11.0,4.97
T04,GL-4396,2026-03-16 09:25:00,7.845215,10.696276,6.5,3.66
T04,GL-4396,2026-03-16 09:26:00,7.84442,10.696079,4.7,4.86
T04,GL-4396,2026-03-16 09:27:00,7.843665,10.696021,10.8,5.29
T04,GL-4396,2026-03-16 09:28:00,7.843007,10.6958,4.2,3.06
T04,GL-4396,2026-03-16 09:29:00,7.842282,10.695798,11.0,4.03
T04,GL-4396,2026-03-16 09:30:00,7.841584,10.695523,8.0,4.32
T04,GL-4396,2026-03-16 09:31:00,7.840802,10.695595,8.4,4.52
T04,GL-4396,2026-03-16 09:32:00,7.840063,10.695404,11.2,3.52
T04,GL-4396,2026-03-16 09:33:00,7.839402,10.69516,5.3,5.44
T04,GL-4396,2026-03-16 09:34:00,7.838717,10.695097,6.8,3.05
T04,GL-4396,2026-03-16 09:35:00,7.838007,10.694974,5.5,4.12
T04,GL-4396,2026-03-16 09:36:00,7.837224,10.694872,6.3,5.37
T04,GL-4396,2026-03-16 09:37:00,7.836537,10.69466,10.9,5.46
T04,GL-4396,2026-03-16 09:38:00,7.835743,10.694601,7.4,3.37
T04,GL-4396,2026-03-16 09:39:00,7.834989,10.694536,8.9,5.08
T04,GL-4396,2026-03-16 09:40:00,7.834408,10.69437,7.9,2.95
T04,GL-4396,2026-03-16 09:41:00,7.833594,10.694221,4.1,3.88
T04,GL-4396,2026-03-16 09:42:00,7.832981,10.693998,9.0,3.89
T04,GL-4396,2026-03-16 09:43:00,7.832228,10.693961,7.3,2.94
T04,GL-4396,2026-03-16 09:44:00,7.831592,10.693751,5.6,5.21
T04,GL-4396,2026-03-16 09:45:00,7.830875,10.693647,8.9,2.87
T04,GL-4396,2026-03-16 09:46:00,7.830053,10.693532,10.7,4.27
T04,GL-4396,2026-03-16 09:47:00,7.829393,10.693564,8.3,3.74
T04,GL-4396,2026-03-16 09:48:00,7.828675,10.693254,9.0,4.79
T04,GL-4396,2026-03-16 09:49:00,7.827788,10.693141,6.2,4.01
T04,GL-4396,2026-03-16 09:50:00,7.827121,10.693028,4.9,4.18
T04,GL-4396,2026-03-16 09:51:00,7.826579,10.692925,8.8,4.89
T04,GL-4396,2026-03-16 09:52:00,7.825826,10.692873,11.0,4.24
T04,GL-4396,2026-03-16 09:53:00,7.825021,10.692526,10.2,3.3
T04,GL-4396,2026-03-16 09:54:00,7.824451,10.692571,4.9,5.47
T04,GL-4396,2026-03-16 09:55:00,7.82372,10.692443,11.6,2.8
T04,GL-4396,2026-03-16 09:56:00,7.822992,10.69232,4.3,4.74
T04,GL-4396,2026-03-16 09:57:00,7.822275,10.692134,11.8,4.97
T04,GL-4396,2026-03-16 09:58:00,7.821466,10.692007,8.3,2.94
T04,GL-4396,2026-03-16 09:59:00,7.820732,10.691845,10.8,5.42
T04,GL-4396,2026-03-16 10:00:00,7.820192,10.691664,11.2,3.42
T04,GL-4396,2026-03-16 10:01:00,7.819328,10.691753,7.3,4.32
T04,GL-4396,2026-03-16 10:02:00,7.818663,10.691357,9.0,3.29
T04,GL-4396,2026-03-16 10:03:00,7.817925,10.691277,10.6,4.26
T04,GL-4396,2026-03-16 10:04:00,7.817081,10.69122,4.6,4.06
T04,GL-4396,2026-03-16 10:05:00,7.81667,10.691124,10.5,2.92
T04,GL-4396,2026-03-16 10:06:00,7.815715,10.691034,6.2,3.68
T04,GL-4396,2026-03-16 10:07:00,7.815119,10.690795,9.5,5.58
T04,GL-4396,2026-03-16 10:08:00,7.814445,10.690778,11.7,3.84
T04,GL-4396,2026-03-16 10:09:00,7.813652,10.690556,4.2,5.3
T04,GL-4396,2026-03-16 10:10:00,7.812938,10.690427,9.4,3.13
T04,GL-4396,2026-03-16 10:11:00,7.812212,10.690386,4.6,3.15
T04,GL-4396,2026-03-16 10:12:00,7.811434,10.69017,5.1,3.4
T04,GL-4396,2026-03-16 10:13:00,7.810777,10.690047,7.1,4.78
T04,GL-4396,2026-03-16 10:14:00,7.810034,10.689955,7.5,3.68
T04,GL-4396,2026-03-16 10:15:00,7.809255,10.689883,8.3,5.14
T04,GL-4396,2026-03-16 10:16:00,7.808545,10.689575,11.4,4.1
T04,GL-4396,2026-03-16 10:17:00,7.807913,10.689623,6.9,4.23
T04,GL-4396,2026-03-16 10:18:00,7.807061,10.689562,6.2,5.05
T04,GL-4396,2026-03-16 10:19:00,7.806482,10.689459,4.7,3.88
T04,GL-4396,2026-03-16 10:20:00,7.805782,10.689165,11.3,4.12
T04,GL-4396,2026-03-16 10:21:00,7.805116,10.688926,8.3,5.38
T04,GL-4396,2026-03-16 10:22:00,7.804467,10.688932,10.9,3.21
T04,GL-4396,2026-03-16 10:23:00,7.803617,10.688738,6.6,4.98
T04,GL-4396,2026-03-16 10:24:00,7.802913,10.688689,7.6,4.77
T04,GL-4396,2026-03-16 10:25:00,7.802125,10.688558,4.3,5.15
T04,GL-4396,2026-03-16 10:26:00,7.801445,10.688421,7.8,5.02
T04,GL-4396,2026-03-16 10:27:00,7.800683,10.688315,5.3,3.02
T04,GL-4396,2026-03-16 10:28:00,7.800036,10.688163,4.5,4.18
T04,GL-4396,2026-03-16 10:29:00,7.799304,10.687985,6.1,4.42
T04,GL-4396,2026-03-16 10:30:00,7.798562,10.68784,11.5,4.32
T04,GL-4396,2026-03-16 10:31:00,7.797899,10.687833,5.7,4.26
T04,GL-4396,2026-03-16 10:32:00,7.797109,10.687698,9.7,2.89
T04,GL-4396,2026-03-16 10:33:00,7.796435,10.687458,10.3,5.26
T04,GL-4396,2026-03-16 10:34:00,7.795701,10.687391,5.4,3.8
T04,GL-4396,2026-03-16 10:35:00,7.794962,10.687362,4.4,4.77
T04,GL-4396,2026-03-16 10:36:00,7.794246,10.687181,11.6,3.43
T04,GL-4396,2026-03-16 10:37:00,7.793589,10.686913,7.6,5.26
T04,GL-4396,2026-03-16 10:38:00,7.792842,10.686865,10.7,3.06
T04,GL-4396,2026-03-16 10:39:00,7.792239,10.686752,8.8,4.9
T04,GL-4396,2026-03-16 10:40:00,7.79145,10.686583,11.6,3.72
T04,GL-4396,2026-03-16 10:41:00,7.790758,10.686475,11.5,5.02
T04,GL-4396,2026-03-16 10:42:00,7.789937,10.686501,11.3,4.48
T04,GL-4396,2026-03-16 10:43:00,7.789325,10.686227,4.9,4.69
T04,GL-4396,2026-03-16 10:44:00,7.187196,10.686017,7.3,270.58
T04,GL-4396,2026-03-16 10:45:00,7.787826,10.686017,11.1,3.71
T04,GL-4396,2026-03-16 10:46:00,7.787121,10.685872,6.7,3.03
T04,GL-4396,2026-03-16 10:47:00,7.786465,10.685724,10.2,5.1
T04,GL-4396,2026-03-16 10:48:00,7.785729,10.685672,7.3,3.89
T04,GL-4396,2026-03-16 10:49:00,7.684659,10.685605,7.3,273.95
T04,GL-4396,2026-03-16 10:50:00,7.784259,10.685309,4.2,4.16
T04,GL-4396,2026-03-16 10:51:00,7.783514,10.685351,8.7,3.7
T04,GL-4396,2026-03-16 10:52:00,7.782752,10.685139,11.4,5.08
T04,GL-4396,2026-03-16 10:53:00,7.782067,10.685015,11.2,3.62
T04,GL-4396,2026-03-16 10:54:00,7.781436,10.684846,11.7,4.96
T04,GL-4396,2026-03-16 10:55:00,7.780732,10.684793,6.5,2.83
T04,GL-4396,2026-03-16 10:56:00,7.779952,10.684551,5.6,5.13
T04,GL-4396,2026-03-16 10:57:00,7.779189,10.6845,7.1,5.51
T04,GL-4396,2026-03-16 10:58:00,7.778455,10.684353,5.8,5.29
T04,GL-4396,2026-03-16 10:59:00,7.777771,10.684258,8.7,4.2
T04,GL-4396,2026-03-16 11:00:00,7.777058,10.684052,6.1,3.95
T04,GL-4396,2026-03-16 11:01:00,7.77642,10.683989,6.4,4.43
T04,GL-4396,2026-03-16 11:02:00,7.775618,10.683908,8.5,3.72
T04,GL-4396,2026-03-16 11:03:00,7.774976,10.683823,6.1,4.11
T04,GL-4396,2026-03-16 11:04:00,7.774262,10.683529,7.3,4.65
T04,GL-4396,2026-03-16 11:05:00,7.773534,10.68344,4.2,5.38
T04,GL-4396,2026-03-16 11:06:00,7.77286,10.683223,9.2,5.14
T04,GL-4396,2026-03-16 11:07:00,7.77209,10.683182,11.2,3.2
T04,GL-4396,2026-03-16 11:08:00,7.771362,10.683003,4.8,4.51
T04,GL-4396,2026-03-16 11:09:00,7.770545,10.682923,5.4,3.85
T04,GL-4396,2026-03-16 11:10:00,7.769904,10.682892,11.8,3.42
T04,GL-4396,2026-03-16 11:11:00,7.769286,10.682693,5.2,3.94
T04,GL-4396,2026-03-16 11:12:00,7.561705,10.682523,10.1,211.01
T04,GL-4396,2026-03-16 11:13:00,7.76783,10.682494,8.7,4.51
T04,GL-4396,2026-03-16 11:14:00,7.767089,10.682347,11.5,3.7
T04,GL-4396,2026-03-16 11:15:00,7.766465,10.682169,8.4,4.33
T04,GL-4396,2026-03-16 11:16:00,7.765639,10.682132,4.7,3.42
T04,GL-4396,2026-03-16 11:17:00,7.765016,10.681883,8.5,5.17
T04,GL-4396,2026-03-16 11:18:00,7.764209,10.681807,6.5,5.01
T04,GL-4396,2026-03-16 11:19:00,7.763569,10.681569,10.2,4.84
T04,GL-4396,2026-03-16 11:20:00,7.762765,10.681586,11.6,3.6
T04,GL-4396,2026-03-16 11:21:00,7.762077,10.681334,4.6,2.81
T04,GL-4396,2026-03-16 11:22:00,7.761399,10.681375,6.2,2.93
T04,GL-4396,2026-03-16 11:23:00,7.760605,10.681239,9.1,5.01
T04,GL-4396,2026-03-16 11:24:00,7.759958,10.680984,8.4,2.91
T04,GL-4396,2026-03-16 11:25:00,7.759188,10.680854,7.5,5.12
T04,GL-4396,2026-03-16 11:26:00,7.758437,10.680853,4.8,3.21
T04,GL-4396,2026-03-16 11:27:00,7.757643,10.680633,9.6,4.85
T04,GL-4396,2026-03-16 11:28:00,7.757098,10.680437,5.9,4.3
T04,GL-4396,2026-03-16 11:29:00,7.756282,10.680431,7.7,4.39
T04,GL-4396,2026-03-16 11:30:00,7.755656,10.680391,,5.05
T04,GL-4396,2026-03-16 11:31:00,7.754922,10.680134,5.4,4.77
T04,GL-4396,2026-03-16 11:32:00,7.75417,10.68001,8.1,4.78
T04,GL-4396,2026-03-16 11:33:00,7.753457,10.679902,11.7,4.75
T04,GL-4396,2026-03-16 11:34:00,7.752759,10.679775,4.3,3.5
T04,GL-4396,2026-03-16 11:35:00,7.752092,10.679651,5.9,3.12
T04,GL-4396,2026-03-16 11:36:00,7.7513,10.679596,4.0,5.5
T04,GL-4396,2026-03-16 11:37:00,7.750603,10.679353,11.6,3.7
T04,GL-4396,2026-03-16 11:38:00,7.750014,10.679136,11.5,5.06
T04,GL-4396,2026-03-16 11:39:00,7.749201,10.679064,6.4,3.13
T04,GL-4396,2026-03-16 11:40:00,7.748398,10.678986,10.4,4.64
T04,GL-4396,2026-03-16 11:41:00,7.747708,10.6788,7.4,4.6
T04,GL-4396,2026-03-16 11:42:00,7.747011,10.678674,5.3,3.45
T04,GL-4396,2026-03-16 11:43:00,7.746322,10.678637,10.0,5.25
T04,GL-4396,2026-03-16 11:44:00,7.745556,10.678464,4.8,4.34
T04,GL-4396,2026-03-16 11:45:00,7.744818,10.678345,4.1,4.97
T04,GL-4396,2026-03-16 11:46:00,7.74417,10.678255,4.7,3.26
T04,GL-4396,2026-03-16 11:47:00,7.74349,10.6782,10.7,3.97
T04,GL-4396,2026-03-16 11:48:00,7.7428,10.678018,10.0,5.14
T04,GL-4396,2026-03-16 11:49:00,7.742084,10.677788,6.9,4.45
T04,GL-4396,2026-03-16 11:50:00,7.741335,10.677697,7.3,4.41
T04,GL-4396,2026-03-16 11:51:00,7.740701,10.677457,11.1,3.89
T04,GL-4396,2026-03-16 11:52:00,7.739815,10.677445,5.4,3.34
T04,GL-4396,2026-03-16 11:53:00,7.739223,10.677288,7.3,4.31
T04,GL-4396,2026-03-16 11:54:00,7.738465,10.677305,7.3,3.91
T04,GL-4396,2026-03-16 11:55:00,7.737658,10.677086,6.5,4.59
T04,GL-4396,2026-03-16 11:56:00,7.737167,10.677013,7.1,4.3
T04,GL-4396,2026-03-16 11:57:00,7.736347,10.676796,7.0,3.04
T04,GL-4396,2026-03-16 11:58:00,7.735651,10.67663,8.6,4.27
T04,GL-4396,2026-03-16 11:59:00,7.734949,10.67651,10.8,4.88
T04,GL-4396,2026-03-16 12:00:00,7.734158,10.676362,11.4,5.35
T04,GL-4396,2026-03-16 12:01:00,7.733442,10.67633,6.3,5.12
T04,GL-4396,2026-03-16 12:02:00,7.732681,10.676131,11.4,3.06
T04,GL-4396,2026-03-16 12:03:00,7.731998,10.676052,7.8,4.79
T04,GL-4396,2026-03-16 12:04:00,7.731288,10.675884,4.0,3.42
T04,GL-4396,2026-03-16 12:05:00,7.730586,10.67588,6.8,4.59
T04,GL-4396,2026-03-16 12:06:00,7.729906,10.675697,7.4,4.21
T04,GL-4396,2026-03-16 12:07:00,7.729207,10.675587,4.7,4.06
T04,GL-4396,2026-03-16 12:08:00,7.728411,10.675354,11.0,5.54
T04,GL-4396,2026-03-16 12:09:00,7.727763,10.675315,8.2,3.43
T04,GL-4396,2026-03-16 12:10:00,7.726944,10.675075,10.8,5.47
T04,GL-4396,2026-03-16 12:11:00,7.726235,10.675104,8.5,3.29
T04,GL-4396,2026-03-16 12:12:00,7.72556,10.675009,9.5,4.91
T04,GL-4396,2026-03-16 12:13:00,7.724869,10.674692,6.8,4.93
T04,GL-4396,2026-03-16 12:14:00,7.724114,10.674557,10.7,3.2
T04,GL-4396,2026-03-16 12:15:00,7.723335,10.67451,9.2,3.39
T04,GL-4396,2026-03-16 12:16:00,7.722741,10.674405,11.4,5.2
T04,GL-4396,2026-03-16 12:17:00,7.722023,10.674378,8.5,4.06
T04,GL-4396,2026-03-16 12:18:00,7.721266,10.674111,7.5,4.72
T04,GL-4396,2026-03-16 12:19:00,7.720509,10.673945,10.2,4.79
T04,GL-4396,2026-03-16 12:20:00,7.719712,10.673821,6.9,3.97
T04,GL-4396,2026-03-16 12:21:00,7.71909,10.673764,4.7,4.18
T04,GL-4396,2026-03-16 12:22:00,7.718439,10.673538,7.0,3.43
T04,GL-4396,2026-03-16 12:23:00,7.71769,10.673475,6.1,5.04
T04,GL-4396,2026-03-16 12:24:00,7.716886,10.673307,11.6,3.1
T04,GL-4396,2026-03-16 12:25:00,7.716365,10.673124,4.1,2.9
T04,GL-4396,2026-03-16 12:26:00,7.715568,10.67306,10.9,4.99
T04,GL-4396,2026-03-16 12:27:00,7.714861,10.672877,10.3,3.85
T04,GL-4396,2026-03-16 12:28:00,7.714187,10.672944,,4.84
T04,GL-4396,2026-03-16 12:29:00,7.713417,10.672669,8.4,3.56
T04,GL-4396,2026-03-16 12:30:00,7.712596,10.672554,6.2,4.71
T04,GL-4396,2026-03-16 12:31:00,7.711876,10.67246,9.4,4.16
T04,GL-4396,2026-03-16 12:32:00,7.711165,10.672389,9.7,5.26
T04,GL-4396,2026-03-16 12:33:00,7.710512,10.672246,11.8,3.46
T04,GL-4396,2026-03-16 12:34:00,7.709751,10.672102,9.6,3.08
T04,GL-4396,2026-03-16 12:35:00,7.709159,10.67204,,4.01
T04,GL-4396,2026-03-16 12:36:00,7.708357,10.671827,10.8,3.76
T04,GL-4396,2026-03-16 12:37:00,7.707535,10.671637,4.3,4.0
T04,GL-4396,2026-03-16 12:38:00,7.706904,10.671628,8.4,3.93
T04,GL-4396,2026-03-16 12:39:00,7.70623,10.671463,7.1,3.12
T04,GL-4396,2026-03-16 12:40:00,7.705414,10.671396,4.0,3.73
T04,GL-4396,2026-03-16 12:41:00,7.704637,10.671247,9.8,3.22
T04,GL-4396,2026-03-16 12:42:00,7.704175,10.670996,10.4,5.39
T04,GL-4396,2026-03-16 12:43:00,7.70337,10.670868,9.9,4.61
T04,GL-4396,2026-03-16 12:44:00,7.702639,10.670861,7.9,5.38
T04,GL-4396,2026-03-16 12:45:00,7.701852,10.670747,10.5,4.04
T04,GL-4396,2026-03-16 12:46:00,7.70126,10.670575,6.7,4.25
T04,GL-4396,2026-03-16 12:47:00,7.700385,10.670409,10.8,4.43
T04,GL-4396,2026-03-16 12:48:00,7.699686,10.670204,6.4,3.98
T04,GL-4396,2026-03-16 12:49:00,7.699059,10.67012,11.3,3.04
T04,GL-4396,2026-03-16 12:50:00,7.69837,10.670128,6.8,4.94
T04,GL-4396,2026-03-16 12:51:00,7.697635,10.669974,8.2,5.27
T04,GL-4396,2026-03-16 12:52:00,7.696953,10.669703,7.7,4.99
T04,GL-4396,2026-03-16 12:53:00,7.696168,10.669774,9.9,4.29
T04,GL-4396,2026-03-16 12:54:00,7.69551,10.669515,12.0,3.85
T04,GL-4396,2026-03-16 12:55:00,7.694814,10.669375,7.7,4.76
T04,GL-4396,2026-03-16 12:56:00,7.693963,10.66918,6.2,5.2
T04,GL-4396,2026-03-16 12:57:00,7.693359,10.669156,9.0,5.28
T04,GL-4396,2026-03-16 12:58:00,7.692587,10.668991,8.0,5.0
T04,GL-4396,2026-03-16 12:59:00,7.691955,10.668993,7.5,4.54
T04,GL-4396,2026-03-16 13:00:00,7.691255,10.668857,6.8,3.41
T04,GL-4396,2026-03-16 13:01:00,7.690447,10.668752,4.8,4.25
T04,GL-4396,2026-03-16 13:02:00,7.689827,10.668528,9.3,4.92
T04,GL-4396,2026-03-16 13:03:00,7.68909,10.668382,10.3,5.55
T04,GL-4396,2026-03-16 13:04:00,7.688314,10.668209,7.7,5.0
T04,GL-4396,2026-03-16 13:05:00,7.687578,10.668092,11.7,4.18
T04,GL-4396,2026-03-16 13:06:00,7.686914,10.667989,10.8,2.8
T04,GL-4396,2026-03-16 13:07:00,7.686125,10.667847,6.1,4.13
T04,GL-4396,2026-03-16 13:08:00,7.685399,10.667771,6.3,2.96
T04,GL-4396,2026-03-16 13:09:00,7.684737,10.667637,9.9,3.96
T04,GL-4396,2026-03-16 13:10:00,7.684041,10.6675,9.0,3.98
T04,GL-4396,2026-03-16 13:11:00,7.683251,10.667283,11.6,4.01
T04,GL-4396,2026-03-16 13:12:00,7.682565,10.667254,7.4,4.69
T04,GL-4396,2026-03-16 13:13:00,7.681952,10.667021,11.5,3.22
T04,GL-4396,2026-03-16 13:14:00,7.681167,10.666914,8.4,5.3
T04,GL-4396,2026-03-16 13:15:00,7.680409,10.666944,9.3,3.36
T04,GL-4396,2026-03-16 13:16:00,7.679712,10.666701,9.8,5.29
T04,GL-4396,2026-03-16 13:17:00,7.679025,10.666622,9.4,5.43
T04,GL-4396,2026-03-16 13:18:00,7.678341,10.666399,9.1,3.86
T04,GL-4396,2026-03-16 13:19:00,7.67762,10.666448,6.3,3.09
T04,GL-4396,2026-03-16 13:20:00,7.67674,10.666198,5.0,5.15
T04,GL-4396,2026-03-16 13:21:00,7.676096,10.666136,7.3,4.2
T04,GL-4396,2026-03-16 13:22:00,7.675394,10.666017,4.2,4.91
T04,GL-4396,2026-03-16 13:23:00,7.674638,10.665867,8.5,3.24
T04,GL-4396,2026-03-16 13:24:00,7.67394,10.66572,11.0,3.84
T04,GL-4396,2026-03-16 13:25:00,7.673267,10.665553,7.6,4.26
T04,GL-4396,2026-03-16 13:26:00,7.672564,10.665523,8.5,5.4
T04,GL-4396,2026-03-16 13:27:00,7.671955,10.665295,9.9,2.94
T04,GL-4396,2026-03-16 13:28:00,7.67106,10.665162,10.6,5.27
T04,GL-4396,2026-03-16 13:29:00,7.670349,10.665079,7.1,5.58
T04,GL-4396,2026-03-16 13:30:00,7.669609,10.664966,5.3,5.28
T04,GL-4396,2026-03-16 13:31:00,7.66894,10.664752,4.2,4.49
T04,GL-4396,2026-03-16 13:32:00,7.668221,10.664627,6.6,4.68
T04,GL-4396,2026-03-16 13:33:00,7.667595,10.664547,9.3,4.61
T04,GL-4396,2026-03-16 13:34:00,7.666798,10.664356,12.0,3.81
T04,GL-4396,2026-03-16 13:35:00,7.666116,10.664255,5.1,4.19
T04,GL-4396,2026-03-16 13:36:00,7.6655,10.664087,10.8,4.67
T04,GL-4396,2026-03-16 13:37:00,7.664718,10.664137,10.5,4.16
T04,GL-4396,2026-03-16 13:38:00,7.663967,10.663948,,3.6
T04,GL-4396,2026-03-16 13:39:00,7.663304,10.663801,6.8,4.69
T04,GL-4396,2026-03-16 13:40:00,7.662486,10.663568,4.9,4.68
T04,GL-4396,2026-03-16 13:41:00,7.661794,10.663513,6.9,4.81
T04,GL-4396,2026-03-16 13:42:00,7.661048,10.663438,11.2,4.71
T04,GL-4396,2026-03-16 13:43:00,7.660372,10.6632,11.9,3.43
T04,GL-4396,2026-03-16 13:44:00,7.659685,10.663137,4.7,4.84
T04,GL-4396,2026-03-16 13:45:00,7.659002,10.663002,10.9,4.04
T04,GL-4396,2026-03-16 13:46:00,7.658261,10.662936,9.4,2.8
T04,GL-4396,2026-03-16 13:47:00,7.657482,10.662688,8.4,3.92
T04,GL-4396,2026-03-16 13:48:00,7.656715,10.662632,6.7,4.76
T04,GL-4396,2026-03-16 13:49:00,7.656141,10.662561,6.2,3.01
T04,GL-4396,2026-03-16 13:50:00,7.655441,10.662368,11.7,3.95
T04,GL-4396,2026-03-16 13:51:00,7.654703,10.662336,8.9,4.46
T04,GL-4396,2026-03-16 13:52:00,7.653932,10.662059,9.7,4.32
T04,GL-4396,2026-03-16 13:53:00,7.653197,10.662047,11.4,4.11
T04,GL-4396,2026-03-16 13:54:00,7.652456,10.661878,6.1,4.22
T04,GL-4396,2026-03-16 13:55:00,7.651983,10.66168,5.3,4.32
T04,GL-4396,2026-03-16 13:56:00,7.651059,10.661517,5.6,3.78
T04,GL-4396,2026-03-16 13:57:00,7.650336,10.661471,10.4,3.68
T04,GL-4396,2026-03-16 13:58:00,7.649659,10.661289,10.4,5.09
T04,GL-4396,2026-03-16 13:59:00,7.64882,10.661215,8.4,4.2
T04,GL-4396,2026-03-16 14:00:00,7.648224,10.661145,7.1,5.56
T04,GL-4396,2026-03-16 14:01:00,7.647375,10.66109,7.0,4.2
T04,GL-4396,2026-03-16 14:02:00,7.646773,10.660872,10.4,4.76
T04,GL-4396,2026-03-16 14:03:00,7.646058,10.660641,10.5,4.86
T04,GL-4396,2026-03-16 14:04:00,7.645361,10.660577,6.6,2.82
T04,GL-4396,2026-03-16 14:05:00,7.644564,10.660497,8.8,3.08
T04,GL-4396,2026-03-16 14:06:00,7.64388,10.660359,10.3,4.47
T04,GL-4396,2026-03-16 14:07:00,7.643164,10.660194,11.5,3.62
T04,GL-4396,2026-03-16 14:08:00,7.642564,10.660117,11.7,3.37
T04,GL-4396,2026-03-16 14:09:00,7.641816,10.65999,5.4,3.08
T04,GL-4396,2026-03-16 14:10:00,7.640979,10.659746,7.3,3.61
T04,GL-4396,2026-03-16 14:11:00,7.640264,10.659702,6.1,4.44
T04,GL-4396,2026-03-16 14:12:00,7.639647,10.659623,8.8,4.68
T04,GL-4396,2026-03-16 14:13:00,7.638929,10.65942,7.2,2.94
T04,GL-4396,2026-03-16 14:14:00,7.638137,10.65922,8.9,3.06
T04,GL-4396,2026-03-16 14:15:00,7.637403,10.659228,8.3,4.42
T04,GL-4396,2026-03-16 14:16:00,7.636765,10.659165,10.9,5.56
T04,GL-4396,2026-03-16 14:17:00,7.635985,10.659038,9.2,4.1
T04,GL-4396,2026-03-16 14:18:00,7.635459,10.658727,8.5,3.1
T04,GL-4396,2026-03-16 14:19:00,7.634459,10.6587,8.3,4.8
T04,GL-4396,2026-03-16 14:20:00,7.633841,10.658596,6.8,3.88
T04,GL-4396,2026-03-16 14:21:00,7.633252,10.658286,6.9,2.97
T04,GL-4396,2026-03-16 14:22:00,7.632581,10.658342,7.4,3.79
T04,GL-4396,2026-03-16 14:23:00,7.631808,10.658192,11.9,3.87
T04,GL-4396,2026-03-16 14:24:00,7.631174,10.658024,8.8,3.87
T04,GL-4396,2026-03-16 14:25:00,7.630276,10.657911,4.5,4.81
T04,GL-4396,2026-03-16 14:26:00,7.629582,10.657843,9.8,3.69
T04,GL-4396,2026-03-16 14:27:00,7.628831,10.657649,6.5,4.8
T04,GL-4396,2026-03-16 14:28:00,7.628018,10.657523,6.3,5.11
T04,GL-4396,2026-03-16 14:29:00,7.627407,10.65739,7.4,3.81
T04,GL-4396,2026-03-16 14:30:00,7.626687,10.657331,7.0,5.09
T04,GL-4396,2026-03-16 14:31:00,7.626105,10.657214,7.2,4.13
T04,GL-4396,2026-03-16 14:32:00,7.625241,10.657046,6.6,4.13
T04,GL-4396,2026-03-16 14:33:00,7.624617,10.656843,9.8,2.88
T04,GL-4396,2026-03-16 14:34:00,7.623801,10.656708,10.0,4.65
T04,GL-4396,2026-03-16 14:35:00,7.623231,10.656644,6.4,5.4
T04,GL-4396,2026-03-16 14:36:00,7.622353,10.656636,9.9,5.19
T04,GL-4396,2026-03-16 14:37:00,7.621781,10.656266,9.4,4.12
T04,GL-4396,2026-03-16 14:38:00,7.62107,10.656225,11.3,3.4
T04,GL-4396,2026-03-16 14:39:00,7.620287,10.656137,5.1,5.52
T04,GL-4396,2026-03-16 14:40:00,7.619577,10.655988,5.3,3.1
T04,GL-4396,2026-03-16 14:41:00,7.618847,10.655842,8.7,4.35
T04,GL-4396,2026-03-16 14:42:00,7.617977,10.655699,11.1,3.47
T04,GL-4396,2026-03-16 14:43:00,7.617384,10.655495,5.0,4.75
T04,GL-4396,2026-03-16 14:44:00,7.616669,10.655408,,2.88
T04,GL-4396,2026-03-16 14:45:00,7.616027,10.655274,11.0,5.59
T04,GL-4396,2026-03-16 14:46:00,7.61527,10.655226,11.2,5.37
T04,GL-4396,2026-03-16 14:47:00,7.614556,10.655005,11.2,4.88
T04,GL-4396,2026-03-16 14:48:00,7.613862,10.654937,8.5,3.61
T04,GL-4396,2026-03-16 14:49:00,7.613152,10.654861,5.3,4.1
T04,GL-4396,2026-03-16 14:50:00,7.612296,10.654682,11.4,4.46
T04,GL-4396,2026-03-16 14:51:00,7.611582,10.654549,6.2,4.4
T04,GL-4396,2026-03-16 14:52:00,7.610929,10.654507,8.6,3.86
T04,GL-4396,2026-03-16 14:53:00,7.610192,10.654402,8.4,3.4
T04,GL-4396,2026-03-16 14:54:00,7.609527,10.654242,9.2,4.85
T04,GL-4396,2026-03-16 14:55:00,7.608899,10.654073,4.3,3.83
T04,GL-4396,2026-03-16 14:56:00,7.608139,10.653979,5.7,5.18
T04,GL-4396,2026-03-16 14:57:00,7.607342,10.653888,7.5,3.23
T04,GL-4396,2026-03-16 14:58:00,7.606641,10.653678,12.0,5.33
T04,GL-4396,2026-03-16 14:59:00,7.606032,10.653531,10.9,4.2
T04,GL-4396,2026-03-16 15:00:00,7.605217,10.653492,7.9,4.58
T04,GL-4396,2026-03-16 15:01:00,7.604489,10.653372,8.5,3.79
T04,GL-4396,2026-03-16 15:02:00,7.603839,10.653093,6.0,3.91
T04,GL-4396,2026-03-16 15:03:00,7.603172,10.652946,6.8,4.15
T04,GL-4396,2026-03-16 15:04:00,7.602337,10.652971,5.1,5.59
T04,GL-4396,2026-03-16 15:05:00,7.601655,10.652855,8.3,4.37
T04,GL-4396,2026-03-16 15:06:00,7.600966,10.652729,10.1,5.56
T04,GL-4396,2026-03-16 15:07:00,7.600186,10.652523,9.0,3.39
T04,GL-4396,2026-03-16 15:08:00,7.59946,10.652394,5.7,3.27
T04,GL-4396,2026-03-16 15:09:00,7.598834,10.652283,7.0,4.03
T04,GL-4396,2026-03-16 15:10:00,7.59813,10.652147,8.6,5.42
T04,GL-4396,2026-03-16 15:11:00,7.597209,10.652172,5.8,3.08
T04,GL-4396,2026-03-16 15:12:00,7.596581,10.651825,7.1,4.53
T04,GL-4396,2026-03-16 15:13:00,7.595984,10.65182,8.3,4.89
T04,GL-4396,2026-03-16 15:14:00,7.595174,10.651751,5.9,4.25
T04,GL-4396,2026-03-16 15:15:00,7.594534,10.651544,6.3,4.84
T04,GL-4396,2026-03-16 15:16:00,7.593751,10.651351,11.0,3.09
T04,GL-4396,2026-03-16 15:17:00,7.593017,10.65119,6.6,3.91
T04,GL-4396,2026-03-16 15:18:00,7.592315,10.651218,5.2,3.69
T04,GL-4396,2026-03-16 15:19:00,7.591629,10.650919,8.0,3.77
T04,GL-4396,2026-03-16 15:20:00,7.590823,10.650864,10.5,4.27
T04,GL-4396,2026-03-16 15:21:00,7.590248,10.650689,,3.24
T04,GL-4396,2026-03-16 15:22:00,7.589494,10.650548,4.0,3.96
T04,GL-4396,2026-03-16 15:23:00,7.588887,10.650491,8.2,2.88
T04,GL-4396,2026-03-16 15:24:00,7.588096,10.650445,12.0,3.03
T04,GL-4396,2026-03-16 15:25:00,7.587371,10.650175,8.1,3.34
T04,GL-4396,2026-03-16 15:26:00,7.586715,10.650126,5.7,3.5
T04,GL-4396,2026-03-16 15:27:00,7.585875,10.649962,11.8,3.96
T04,GL-4396,2026-03-16 15:28:00,7.585236,10.64991,9.1,3.02
T04,GL-4396,2026-03-16 15:29:00,7.584328,10.649747,10.1,3.34
T04,GL-4396,2026-03-16 15:30:00,7.583775,10.649474,8.4,5.09
T04,GL-4396,2026-03-16 15:31:00,7.5831,10.649421,9.5,4.39
T04,GL-4396,2026-03-16 15:32:00,7.582276,10.649338,6.3,3.48
T04,GL-4396,2026-03-16 15:33:00,7.581571,10.649181,10.9,2.84
T04,GL-4396,2026-03-16 15:34:00,7.580825,10.649126,9.7,3.35
T04,GL-4396,2026-03-16 15:35:00,7.580166,10.648969,5.2,4.87
T04,GL-4396,2026-03-16 15:36:00,7.579581,10.648758,8.1,4.27
T04,GL-4396,2026-03-16 15:37:00,7.578884,10.648764,7.6,4.51
T04,GL-4396,2026-03-16 15:38:00,7.578045,10.648614,7.6,2.96
T04,GL-4396,2026-03-16 15:39:00,7.577283,10.648445,11.9,5.27
T04,GL-4396,2026-03-16 15:40:00,7.576585,10.648319,4.0,4.99
T04,GL-4396,2026-03-16 15:41:00,7.575871,10.64826,7.3,4.94
T04,GL-4396,2026-03-16 15:42:00,7.575197,10.64802,5.5,4.52
T04,GL-4396,2026-03-16 15:43:00,7.574388,10.647909,9.7,3.15
T04,GL-4396,2026-03-16 15:44:00,7.573665,10.647741,10.3,5.29
T04,GL-4396,2026-03-16 15:45:00,7.573041,10.647725,11.9,3.96
T04,GL-4396,2026-03-16 15:46:00,7.572242,10.647541,5.2,5.32
T04,GL-4396,2026-03-16 15:47:00,7.571503,10.647461,10.4,4.44
T04,GL-4396,2026-03-16 15:48:00,7.570919,10.647292,8.3,2.92
T04,GL-4396,2026-03-16 15:49:00,7.57015,10.647113,5.7,3.89
T04,GL-4396,2026-03-16 15:50:00,7.569493,10.647013,,2.9
T04,GL-4396,2026-03-16 15:51:00,7.568701,10.646968,4.2,4.28
T04,GL-4396,2026-03-16 15:52:00,7.568035,10.646689,5.3,3.0
T04,GL-4396,2026-03-16 15:53:00,7.567298,10.646667,5.8,5.47
T04,GL-4396,2026-03-16 15:54:00,7.566488,10.646486,5.7,4.96
T04,GL-4396,2026-03-16 15:55:00,7.565806,10.646499,4.1,5.12
T04,GL-4396,2026-03-16 15:56:00,7.565246,10.646328,7.9,2.93
T04,GL-4396,2026-03-16 15:57:00,7.564451,10.646155,7.5,5.56
T04,GL-4396,2026-03-16 15:58:00,7.56364,10.646043,5.2,4.68
T04,GL-4396,2026-03-16 15:59:00,7.562978,10.645931,7.7,5.22
T04,GL-4396,2026-03-16 16:00:00,7.562247,10.645743,6.3,2.92
T04,GL-4396,2026-03-16 16:01:00,7.561511,10.645751,8.3,3.06
T04,GL-4396,2026-03-16 16:02:00,7.560842,10.645572,9.1,4.85
T04,GL-4396,2026-03-16 16:03:00,7.560128,10.645362,11.3,5.11
T04,GL-4396,2026-03-16 16:04:00,7.559373,10.645277,6.7,5.11
T04,GL-4396,2026-03-16 16:05:00,7.558634,10.645062,9.3,5.4
T04,GL-4396,2026-03-16 16:06:00,7.557975,10.644969,8.4,3.58
T04,GL-4396,2026-03-16 16:07:00,7.557301,10.644881,8.7,4.46
T04,GL-4396,2026-03-16 16:08:00,7.556432,10.64474,11.3,5.42
T04,GL-4396,2026-03-16 16:09:00,7.555862,10.644656,4.9,5.53
T04,GL-4396,2026-03-16 16:10:00,7.555118,10.644488,8.2,4.36
T04,GL-4396,2026-03-16 16:11:00,7.554411,10.644418,10.0,3.28
T04,GL-4396,2026-03-16 16:12:00,7.553672,10.644242,10.1,2.85
T04,GL-4396,2026-03-16 16:13:00,7.55295,10.64404,8.9,4.09
T04,GL-4396,2026-03-16 16:14:00,7.55225,10.643971,11.9,5.59
T04,GL-4396,2026-03-16 16:15:00,7.55164,10.643773,7.1,2.87
T04,GL-4396,2026-03-16 16:16:00,7.550886,10.643846,6.0,4.35
T04,GL-4396,2026-03-16 16:17:00,7.550079,10.643573,5.6,3.46
T04,GL-4396,2026-03-16 16:18:00,7.549384,10.643446,7.4,3.35
T04,GL-4396,2026-03-16 16:19:00,7.548699,10.643455,6.0,4.48
T04,GL-4396,2026-03-16 16:20:00,7.547828,10.643289,10.8,3.31
T04,GL-4396,2026-03-16 16:21:00,7.547248,10.643014,4.5,3.89
T04,GL-4396,2026-03-16 16:22:00,7.546434,10.642969,7.8,5.33
T04,GL-4396,2026-03-16 16:23:00,7.545752,10.642754,6.2,4.96
T04,GL-4396,2026-03-16 16:24:00,7.545133,10.64267,11.3,5.07
T04,GL-4396,2026-03-16 16:25:00,7.544429,10.642543,11.4,4.33
T04,GL-4396,2026-03-16 16:26:00,7.54366,10.642472,9.5,2.88
T04,GL-4396,2026-03-16 16:27:00,7.543064,10.64233,5.8,4.94
T04,GL-4396,2026-03-16 16:28:00,7.542231,10.64224,11.1,2.86
T04,GL-4396,2026-03-16 16:29:00,7.541593,10.642118,7.3,4.12
T04,GL-4396,2026-03-16 16:30:00,7.54078,10.641865,5.6,3.13
T04,GL-4396,2026-03-16 16:31:00,7.54018,10.64182,11.4,4.75
T04,GL-4396,2026-03-16 16:32:00,7.53931,10.641803,8.3,5.09
T04,GL-4396,2026-03-16 16:33:00,7.538618,10.641507,6.4,5.52
T04,GL-4396,2026-03-16 16:34:00,7.538055,10.641397,10.2,4.76
T04,GL-4396,2026-03-16 16:35:00,7.537193,10.641304,5.8,4.2
T04,GL-4396,2026-03-16 16:36:00,7.536648,10.641135,4.3,3.3
T04,GL-4396,2026-03-16 16:37:00,7.535817,10.641017,8.5,2.83
T04,GL-4396,2026-03-16 16:38:00,7.535056,10.64085,11.0,3.02
T04,GL-4396,2026-03-16 16:39:00,7.53445,10.640799,7.7,5.57
T04,GL-4396,2026-03-16 16:40:00,7.533672,10.640649,11.9,3.66
T04,GL-4396,2026-03-16 16:41:00,7.532927,10.640604,6.4,4.34
T04,GL-4396,2026-03-16 16:42:00,7.532207,10.640406,,4.23
T04,GL-4396,2026-03-16 16:43:00,7.531525,10.640087,6.5,5.09
T04,GL-4396,2026-03-16 16:44:00,7.530835,10.640232,11.6,4.98
T04,GL-4396,2026-03-16 16:45:00,7.530106,10.640041,4.3,4.67
T04,GL-4396,2026-03-16 16:46:00,7.529379,10.639919,4.3,3.3
T04,GL-4396,2026-03-16 16:47:00,7.528676,10.639794,10.8,3.58
T04,GL-4396,2026-03-16 16:48:00,7.52797,10.639738,9.4,3.01
T04,GL-4396,2026-03-16 16:49:00,7.527128,10.639534,9.4,3.19
T04,GL-4396,2026-03-16 16:50:00,7.526553,10.639379,7.5,5.11
T04,GL-4396,2026-03-16 16:51:00,7.525841,10.63922,11.4,3.8
T04,GL-4396,2026-03-16 16:52:00,7.525033,10.639353,4.9,3.74
T04,GL-4396,2026-03-16 16:53:00,7.524351,10.639022,6.2,4.36
T04,GL-4396,2026-03-16 16:54:00,7.523561,10.638761,7.1,3.93
T04,GL-4396,2026-03-16 16:55:00,7.522903,10.638766,12.0,3.26
T04,GL-4396,2026-03-16 16:56:00,7.522289,10.638624,5.6,4.17
T04,GL-4396,2026-03-16 16:57:00,7.521475,10.638407,11.3,3.55
T04,GL-4396,2026-03-16 16:58:00,7.52077,10.638369,4.3,2.84
T04,GL-4396,2026-03-16 16:59:00,7.520017,10.638208,10.4,4.57
T04,GL-4396,2026-03-16 17:00:00,7.519226,10.638076,8.5,5.46
T04,GL-4396,2026-03-16 17:01:00,7.518604,10.637948,7.2,5.42
T04,GL-4396,2026-03-16 17:02:00,7.517957,10.637892,9.8,3.93
T04,GL-4396,2026-03-16 17:03:00,7.51727,10.637749,9.3,3.05
T04,GL-4396,2026-03-16 17:04:00,7.516418,10.637595,8.9,5.46
T04,GL-4396,2026-03-16 17:05:00,7.515712,10.637408,5.6,4.04
T04,GL-4396,2026-03-16 17:06:00,7.515055,10.637292,6.5,3.98
T04,GL-4396,2026-03-16 17:07:00,7.51418,10.63716,4.8,4.32
T04,GL-4396,2026-03-16 17:08:00,7.513686,10.63714,9.5,4.96
T04,GL-4396,2026-03-16 17:09:00,7.512926,10.636844,5.3,4.37
T04,GL-4396,2026-03-16 17:10:00,7.512227,10.636831,4.6,2.85
T04,GL-4396,2026-03-16 17:11:00,7.511402,10.636737,9.0,4.02
T04,GL-4396,2026-03-16 17:12:00,7.510703,10.63657,8.2,4.77
T04,GL-4396,2026-03-16 17:13:00,7.50994,10.636444,10.0,5.08
T04,GL-4396,2026-03-16 17:14:00,7.509243,10.636308,10.7,5.35
T04,GL-4396,2026-03-16 17:15:00,7.508534,10.636191,5.6,5.05
T04,GL-4396,2026-03-16 17:16:00,7.507871,10.636114,4.8,3.97
T04,GL-4396,2026-03-16 17:17:00,7.507179,10.635959,6.9,5.17
T04,GL-4396,2026-03-16 17:18:00,7.50639,10.63579,8.9,3.74
T04,GL-4396,2026-03-16 17:19:00,7.505628,10.635653,11.0,5.42
T04,GL-4396,2026-03-16 17:20:00,7.504849,10.63549,6.5,4.23
T04,GL-4396,2026-03-16 17:21:00,7.504354,10.635384,6.8,3.92
T04,GL-4396,2026-03-16 17:22:00,7.503502,10.635297,8.8,4.51
T04,GL-4396,2026-03-16 17:23:00,7.50272,10.635146,7.8,5.05
T04,GL-4396,2026-03-16 17:24:00,7.502086,10.635156,7.9,3.04
T04,GL-4396,2026-03-16 17:25:00,7.501408,10.634908,7.9,4.64
T04,GL-4396,2026-03-16 17:26:00,7.500755,10.634804,8.5,4.36
T04,GL-4396,2026-03-16 17:27:00,7.500075,10.634611,4.1,4.63
T04,GL-4396,2026-03-16 17:28:00,7.499256,10.63454,9.4,3.18
T04,GL-4396,2026-03-16 17:29:00,7.498604,10.634429,7.4,3.95
T04,GL-4396,2026-03-16 17:30:00,7.497841,10.634218,6.8,3.98
T04,GL-4396,2026-03-16 17:31:00,7.497215,10.634241,8.8,5.14
T04,GL-4396,2026-03-16 17:32:00,7.496597,10.634012,4.0,4.96
T04,GL-4396,2026-03-16 17:33:00,7.495744,10.633975,10.8,3.17
T04,GL-4396,2026-03-16 17:34:00,7.494924,10.63383,9.8,5.1
T04,GL-4396,2026-03-16 17:35:00,7.494258,10.633673,9.5,4.79
T04,GL-4396,2026-03-16 17:36:00,7.493538,10.633471,4.8,3.31
T04,GL-4396,2026-03-16 17:37:00,7.492895,10.633401,8.2,4.46
T04,GL-4396,2026-03-16 17:38:00,7.49206,10.633273,4.5,4.62
T04,GL-4396,2026-03-16 17:39:00,7.491337,10.633172,6.1,5.42
T04,GL-4396,2026-03-16 17:40:00,7.490615,10.632859,7.6,3.35
T04,GL-4396,2026-03-16 17:41:00,7.489921,10.63297,9.4,5.18
T04,GL-4396,2026-03-16 17:42:00,7.489316,10.63265,11.9,3.62
T04,GL-4396,2026-03-16 17:43:00,7.488517,10.632602,11.7,4.65
T04,GL-4396,2026-03-16 17:44:00,7.487922,10.632402,5.1,2.96
T04,GL-4396,2026-03-16 17:45:00,7.48716,10.63233,5.5,3.84
T04,GL-4396,2026-03-16 17:46:00,7.486361,10.632251,4.8,3.99
T04,GL-4396,2026-03-16 17:47:00,7.485676,10.632153,11.7,5.14
T04,GL-4396,2026-03-16 17:48:00,7.4849,10.631977,7.9,4.44
T04,GL-4396,2026-03-16 17:49:00,7.484276,10.631766,9.1,4.51
T04,GL-4396,2026-03-16 17:50:00,7.483515,10.631836,10.2,4.73
T04,GL-4396,2026-03-16 17:51:00,7.482793,10.631499,,4.73
T04,GL-4396,2026-03-16 17:52:00,7.481997,10.631468,7.2,3.92
T04,GL-4396,2026-03-16 17:53:00,7.481401,10.63133,9.4,4.81
T04,GL-4396,2026-03-16 17:54:00,7.480519,10.631198,6.7,3.03
T04,GL-4396,2026-03-16 17:55:00,7.479925,10.631201,6.0,3.77
T04,GL-4396,2026-03-16 17:56:00,7.479153,10.630933,5.7,3.9
T04,GL-4396,2026-03-16 17:57:00,7.478428,10.630815,7.7,4.21
T04,GL-4396,2026-03-16 17:58:00,7.47774,10.630746,7.2,4.82
T04,GL-4396,2026-03-16 17:59:00,7.477059,10.63053,7.7,5.57
T04,GL-4396,2026-03-16 18:00:00,7.476264,10.630361,9.6,4.11
T04,GL-4396,2026-03-16 18:01:00,7.475564,10.63029,4.7,3.19
T04,GL-4396,2026-03-16 18:02:00,7.474935,10.630247,7.3,5.24
T04,GL-4396,2026-03-16 18:03:00,7.474294,10.630046,7.5,3.69
T04,GL-4396,2026-03-16 18:04:00,7.473444,10.630101,11.1,3.71
T04,GL-4396,2026-03-16 18:05:00,7.472737,10.629761,11.0,3.44
T04,GL-4396,2026-03-16 18:06:00,7.47203,10.629655,8.2,3.89
T04,GL-4396,2026-03-16 18:07:00,7.47132,10.629521,7.3,4.5
T04,GL-4396,2026-03-16 18:08:00,7.470619,10.629422,4.8,4.83
T04,GL-4396,2026-03-16 18:09:00,7.469896,10.629241,5.6,5.27
T04,GL-4396,2026-03-16 18:10:00,7.469251,10.629273,4.5,5.37
T04,GL-4396,2026-03-16 18:11:00,7.468341,10.628971,5.0,4.01
T04,GL-4396,2026-03-16 18:12:00,7.467673,10.628898,8.4,3.12
T04,GL-4396,2026-03-16 18:13:00,7.467162,10.628735,11.8,3.6
T04,GL-4396,2026-03-16 18:14:00,7.466268,10.628604,8.1,4.31
T04,GL-4396,2026-03-16 18:15:00,7.4657,10.628448,,5.48
T04,GL-4396,2026-03-16 18:16:00,7.464922,10.628494,5.7,3.44
T04,GL-4396,2026-03-16 18:17:00,7.464126,10.628219,7.3,4.54
T04,GL-4396,2026-03-16 18:18:00,7.463531,10.628189,11.0,5.26
T04,GL-4396,2026-03-16 18:19:00,7.462884,10.628087,10.9,5.33
T04,GL-4396,2026-03-16 18:20:00,7.462133,10.627876,11.5,4.93
T04,GL-4396,2026-03-16 18:21:00,7.461347,10.627898,9.6,4.48
T04,GL-4396,2026-03-16 18:22:00,7.460549,10.627594,11.7,4.16
T04,GL-4396,2026-03-16 18:23:00,7.459822,10.627606,4.2,3.19
T04,GL-4396,2026-03-16 18:24:00,7.459203,10.627396,10.8,4.56
T04,GL-4396,2026-03-16 18:25:00,7.458341,10.627233,11.5,4.79
T04,GL-4396,2026-03-16 18:26:00,7.457763,10.627051,8.7,5.4
T04,GL-4396,2026-03-16 18:27:00,7.45696,10.627027,9.0,5.26
T04,GL-4396,2026-03-16 18:28:00,7.456337,10.626845,11.6,4.39
T04,GL-4396,2026-03-16 18:29:00,7.455639,10.626706,5.7,4.91
T04,GL-4396,2026-03-16 18:30:00,7.454878,10.626572,9.2,5.49
T04,GL-4396,2026-03-16 18:31:00,7.454142,10.626467,4.9,3.13
T04,GL-4396,2026-03-16 18:32:00,7.453455,10.626268,7.9,4.13
T04,GL-4396,2026-03-16 18:33:00,7.452721,10.626223,7.2,5.28
T04,GL-4396,2026-03-16 18:34:00,7.452005,10.626049,9.2,5.03
T04,GL-4396,2026-03-16 18:35:00,7.451409,10.625958,6.0,3.37
T04,GL-4396,2026-03-16 18:36:00,7.450545,10.625854,6.7,3.74
T04,GL-4396,2026-03-16 18:37:00,7.449826,10.625674,9.4,5.18
T04,GL-4396,2026-03-16 18:38:00,7.449098,10.625601,7.1,5.35
T04,GL-4396,2026-03-16 18:39:00,7.448383,10.625422,4.7,4.03
T04,GL-4396,2026-03-16 18:40:00,7.447756,10.62531,9.7,3.31
T04,GL-4396,2026-03-16 18:41:00,7.446958,10.625251,9.1,3.48
T04,GL-4396,2026-03-16 18:42:00,7.446228,10.625058,11.3,5.52
T04,GL-4396,2026-03-16 18:43:00,7.445415,10.624997,11.7,5.32
T04,GL-4396,2026-03-16 18:44:00,7.44489,10.624879,9.1,3.69
T04,GL-4396,2026-03-16 18:45:00,7.444135,10.624692,6.2,3.1
T04,GL-4396,2026-03-16 18:46:00,7.443476,10.624592,7.2,3.21
T04,GL-4396,2026-03-16 18:47:00,7.442612,10.624192,4.0,3.85
T04,GL-4396,2026-03-16 18:48:00,7.441916,10.624202,7.1,4.75
T04,GL-4396,2026-03-16 18:49:00,7.441286,10.624269,6.2,3.62
T04,GL-4396,2026-03-16 18:50:00,7.440481,10.624053,7.8,4.79
T04,GL-4396,2026-03-16 18:51:00,7.439845,10.623853,10.2,3.74
T04,GL-4396,2026-03-16 18:52:00,7.439061,10.623907,10.9,2.98
T04,GL-4396,2026-03-16 18:53:00,7.43835,10.623777,11.4,3.54
T04,GL-4396,2026-03-16 18:54:00,7.437747,10.623517,4.3,5.5
T04,GL-4396,2026-03-16 18:55:00,7.437006,10.623445,4.7,5.19
T04,GL-4396,2026-03-16 18:56:00,7.436346,10.623381,8.6,2.97
T04,GL-4396,2026-03-16 18:57:00,7.435491,10.62319,5.8,4.4
T04,GL-4396,2026-03-16 18:58:00,7.43477,10.623088,9.6,3.74
T04,GL-4396,2026-03-16 18:59:00,7.434143,10.622974,6.9,4.4
T04,GL-4396,2026-03-16 19:00:00,7.433498,10.622802,9.3,4.58
T04,GL-4396,2026-03-16 19:01:00,7.432658,10.622669,6.9,3.89
T04,GL-4396,2026-03-16 19:02:00,7.431972,10.62248,8.8,3.84
T04,GL-4396,2026-03-16 19:03:00,7.431229,10.622285,9.8,4.98
T04,GL-4396,2026-03-16 19:04:00,7.430506,10.622288,11.6,3.67
T04,GL-4396,2026-03-16 19:05:00,7.429725,10.622126,6.8,4.97
T04,GL-4396,2026-03-16 19:06:00,7.429122,10.621933,7.7,3.07
T04,GL-4396,2026-03-16 19:07:00,7.428449,10.621869,7.1,3.92
T04,GL-4396,2026-03-16 19:08:00,7.427701,10.621869,4.2,4.1
T04,GL-4396,2026-03-16 19:09:00,7.426904,10.621739,6.3,5.06
T04,GL-4396,2026-03-16 19:10:00,7.426189,10.621486,7.0,5.17
T04,GL-4396,2026-03-16 19:11:00,7.425524,10.621368,5.4,3.28
T04,GL-4396,2026-03-16 19:12:00,7.42471,10.621303,8.3,5.39
T04,GL-4396,2026-03-16 19:13:00,7.424035,10.621133,,3.33
T04,GL-4396,2026-03-16 19:14:00,7.423294,10.621028,9.3,5.22
T04,GL-4396,2026-03-16 19:15:00,7.422649,10.62084,4.1,5.32
T04,GL-4396,2026-03-16 19:16:00,7.422024,10.62067,7.6,3.24
T04,GL-4396,2026-03-16 19:17:00,7.421272,10.620629,9.0,4.31
T04,GL-4396,2026-03-16 19:18:00,7.420578,10.620432,9.8,2.84
T04,GL-4396,2026-03-16 19:19:00,7.419703,10.62032,5.2,3.04
T04,GL-4396,2026-03-16 19:20:00,7.419081,10.620231,11.3,4.32
T04,GL-4396,2026-03-16 19:21:00,7.418371,10.62008,4.5,4.47
T04,GL-4396,2026-03-16 19:22:00,7.417594,10.619922,11.0,4.0
T04,GL-4396,2026-03-16 19:23:00,7.416963,10.61989,9.3,3.05
T04,GL-4396,2026-03-16 19:24:00,7.416162,10.61971,5.0,5.42
T04,GL-4396,2026-03-16 19:25:00,7.415462,10.619463,10.9,4.74
T04,GL-4396,2026-03-16 19:26:00,7.414778,10.619478,9.8,2.89
T04,GL-4396,2026-03-16 19:27:00,7.414019,10.619339,7.7,5.13
T04,GL-4396,2026-03-16 19:28:00,7.413283,10.619216,5.8,5.49
T04,GL-4396,2026-03-16 19:29:00,7.412624,10.619029,11.3,3.39
T04,GL-4396,2026-03-16 19:30:00,7.411902,10.619003,7.9,5.38
T04,GL-4396,2026-03-16 19:31:00,7.411196,10.618767,5.1,2.9
T04,GL-4396,2026-03-16 19:32:00,7.410648,10.618702,7.4,3.6
T04,GL-4396,2026-03-16 19:33:00,7.409768,10.618445,11.2,4.25
T04,GL-4396,2026-03-16 19:34:00,7.409039,10.618453,9.5,3.37
T04,GL-4396,2026-03-16 19:35:00,7.408337,10.618283,11.5,5.51
T04,GL-4396,2026-03-16 19:36:00,7.40762,10.618163,6.4,3.13
T04,GL-4396,2026-03-16 19:37:00,7.406867,10.618024,9.7,3.29
T04,GL-4396,2026-03-16 19:38:00,7.406203,10.617887,10.3,3.52
T04,GL-4396,2026-03-16 19:39:00,7.405509,10.617797,6.3,4.39
T04,GL-4396,2026-03-16 19:40:00,7.404624,10.617635,9.0,4.09
T04,GL-4396,2026-03-16 19:41:00,7.404082,10.617553,7.8,3.84
T04,GL-4396,2026-03-16 19:42:00,7.403326,10.617326,5.0,4.79
T04,GL-4396,2026-03-16 19:43:00,7.402511,10.617165,8.4,4.33
T04,GL-4396,2026-03-16 19:44:00,7.401728,10.617237,10.0,3.0
T04,GL-4396,2026-03-16 19:45:00,7.40121,10.616986,11.9,3.35
T04,GL-4396,2026-03-16 19:46:00,7.400347,10.616936,6.6,3.84
T04,GL-4396,2026-03-16 19:47:00,7.399711,10.616793,4.8,4.25
T04,GL-4396,2026-03-16 19:48:00,7.398983,10.616655,7.8,3.17
T04,GL-4396,2026-03-16 19:49:00,7.398228,10.61655,9.0,4.69
T04,GL-4396,2026-03-16 19:50:00,7.397498,10.616441,5.4,4.57
T04,GL-4396,2026-03-16 19:51:00,7.396947,10.61639,6.8,3.5
T04,GL-4396,2026-03-16 19:52:00,7.396178,10.616207,10.8,4.7
T04,GL-4396,2026-03-16 19:53:00,7.395504,10.615926,8.3,5.49
T04,GL-4396,2026-03-16 19:54:00,7.394733,10.615892,10.3,2.96
T04,GL-4396,2026-03-16 19:55:00,7.393934,10.615718,4.3,4.26
T04,GL-4396,2026-03-16 19:56:00,7.393332,10.615584,11.2,4.1
T04,GL-4396,2026-03-16 19:57:00,7.392626,10.615576,5.1,3.64
T04,GL-4396,2026-03-16 19:58:00,7.391763,10.615331,6.5,4.67
T04,GL-4396,2026-03-16 19:59:00,7.391096,10.615205,7.4,3.77
T04,GL-4396,2026-03-16 20:00:00,7.390477,10.615187,7.7,4.93
T04,GL-4396,2026-03-16 20:01:00,7.389616,10.614983,4.8,3.04
T04,GL-4396,2026-03-16 20:02:00,7.388857,10.614894,7.1,2.93
T04,GL-4396,2026-03-16 20:03:00,7.388323,10.614856,8.3,3.38
T04,GL-4396,2026-03-16 20:04:00,7.387569,10.614654,,5.13
T04,GL-4396,2026-03-16 20:05:00,7.386853,10.61448,10.8,3.59
T04,GL-4396,2026-03-16 20:06:00,7.386119,10.614334,7.1,4.05
T04,GL-4396,2026-03-16 20:07:00,7.385423,10.614214,7.7,3.08
T04,GL-4396,2026-03-16 20:08:00,7.384707,10.614157,5.5,3.48
T04,GL-4396,2026-03-16 20:09:00,7.383923,10.614028,4.6,3.21
T04,GL-4396,2026-03-16 20:10:00,7.383283,10.61388,9.5,4.9
T04,GL-4396,2026-03-16 20:11:00,7.382452,10.613685,7.0,4.37
T04,GL-4396,2026-03-16 20:12:00,7.381835,10.613696,4.9,3.27
T04,GL-4396,2026-03-16 20:13:00,7.381125,10.613367,9.1,5.29
T04,GL-4396,2026-03-16 20:14:00,7.380415,10.613351,8.2,5.26
T04,GL-4396,2026-03-16 20:15:00,7.379668,10.613223,10.8,3.65
T04,GL-4396,2026-03-16 20:16:00,7.378954,10.613065,5.6,4.96
T04,GL-4396,2026-03-16 20:17:00,7.378211,10.612878,11.5,2.82
T04,GL-4396,2026-03-16 20:18:00,7.377571,10.612842,7.2,5.07
T04,GL-4396,2026-03-16 20:19:00,7.376875,10.612717,8.6,5.57
T04,GL-4396,2026-03-16 20:20:00,7.376128,10.612518,5.1,3.41
T04,GL-4396,2026-03-16 20:21:00,7.3754,10.612363,6.3,5.49
T04,GL-4396,2026-03-16 20:22:00,7.374602,10.612342,10.0,3.12
T04,GL-4396,2026-03-16 20:23:00,7.37393,10.612181,10.1,4.02
T04,GL-4396,2026-03-16 20:24:00,7.373188,10.612027,4.2,4.52
T04,GL-4396,2026-03-16 20:25:00,7.372542,10.611927,9.6,4.97
T04,GL-4396,2026-03-16 20:26:00,7.37167,10.611688,12.0,4.26
T04,GL-4396,2026-03-16 20:27:00,7.37103,10.611734,4.2,4.76
T04,GL-4396,2026-03-16 20:28:00,7.370448,10.61152,9.6,3.42
T04,GL-4396,2026-03-16 20:29:00,7.369625,10.611423,6.2,4.66
T04,GL-4396,2026-03-16 20:30:00,7.368875,10.611292,11.1,3.81
T04,GL-4396,2026-03-16 20:31:00,7.368201,10.611146,11.6,3.47
T04,GL-4396,2026-03-16 20:32:00,7.367514,10.611004,10.9,4.73
T04,GL-4396,2026-03-16 20:33:00,7.366819,10.61075,8.8,5.58
T04,GL-4396,2026-03-16 20:34:00,7.366151,10.610744,6.8,4.8
T04,GL-4396,2026-03-16 20:35:00,7.365385,10.610721,10.9,4.9
T04,GL-4396,2026-03-16 20:36:00,7.364678,10.610554,6.7,2.8
T04,GL-4396,2026-03-16 20:37:00,7.363934,10.610363,8.3,3.13
T04,GL-4396,2026-03-16 20:38:00,7.363204,10.610296,11.9,4.35
T04,GL-4396,2026-03-16 20:39:00,7.362665,10.610106,4.1,4.78
T04,GL-4396,2026-03-16 20:40:00,7.361691,10.610057,10.2,5.55
T04,GL-4396,2026-03-16 20:41:00,7.361084,10.609987,4.0,3.34
T04,GL-4396,2026-03-16 20:42:00,7.36025,10.609764,8.0,5.46
T04,GL-4396,2026-03-16 20:43:00,7.359522,10.609635,8.0,4.19
T04,GL-4396,2026-03-16 20:44:00,7.358833,10.609469,11.9,3.65
T04,GL-4396,2026-03-16 20:45:00,7.358199,10.609328,4.8,5.31
T04,GL-4396,2026-03-16 20:46:00,7.3575,10.609171,7.0,5.2
T04,GL-4396,2026-03-16 20:47:00,7.35674,10.60906,8.7,4.56
T04,GL-4396,2026-03-16 20:48:00,7.356049,10.609054,4.3,4.28
T04,GL-4396,2026-03-16 20:49:00,7.355303,10.608903,4.7,4.52
T04,GL-4396,2026-03-16 20:50:00,7.354579,10.608695,7.9,4.63
T04,GL-4396,2026-03-16 20:51:00,7.353936,10.608746,,5.38
T04,GL-4396,2026-03-16 20:52:00,7.353136,10.60851,5.6,4.18
T04,GL-4396,2026-03-16 20:53:00,7.352557,10.608407,8.5,4.45
T04,GL-4396,2026-03-16 20:54:00,7.351785,10.608256,,3.41
T04,GL-4396,2026-03-16 20:55:00,7.351188,10.608136,11.3,4.79
T04,GL-4396,2026-03-16 20:56:00,7.350274,10.607867,4.6,2.88
T04,GL-4396,2026-03-16 20:57:00,7.349596,10.607795,11.8,5.0
T04,GL-4396,2026-03-16 20:58:00,7.348888,10.607664,8.4,5.59
T04,GL-4396,2026-03-16 20:59:00,7.348132,10.607537,6.4,3.22
T04,GL-4396,2026-03-16 21:00:00,7.347473,10.607415,5.5,3.43
T04,GL-4396,2026-03-16 21:01:00,7.346744,10.607215,11.2,5.01
T04,GL-4396,2026-03-16 21:02:00,7.346063,10.607153,6.2,3.78
T04,GL-4396,2026-03-16 21:03:00,7.345292,10.607096,,3.09
T04,GL-4396,2026-03-16 21:04:00,7.344656,10.606904,10.7,4.48
T04,GL-4396,2026-03-16 21:05:00,7.343917,10.606788,10.0,4.23
T04,GL-4396,2026-03-16 21:06:00,7.343198,10.606745,6.3,3.11
T04,GL-4396,2026-03-16 21:07:00,7.342526,10.606544,4.3,3.15
T04,GL-4396,2026-03-16 21:08:00,7.341658,10.606407,9.1,4.22
T04,GL-4396,2026-03-16 21:09:00,7.341101,10.606321,4.8,4.56
T04,GL-4396,2026-03-16 21:10:00,7.340364,10.606206,5.4,3.06
T04,GL-4396,2026-03-16 21:11:00,7.339608,10.606015,7.7,3.19
T04,GL-4396,2026-03-16 21:12:00,7.338792,10.605957,9.5,5.59
T04,GL-4396,2026-03-16 21:13:00,7.338127,10.605699,4.5,5.52
T04,GL-4396,2026-03-16 21:14:00,7.337473,10.605718,5.8,3.64
T04,GL-4396,2026-03-16 21:15:00,7.336778,10.605597,6.7,4.59
T04,GL-4396,2026-03-16 21:16:00,7.335928,10.605337,8.2,3.63
T04,GL-4396,2026-03-16 21:17:00,7.335326,10.605242,6.4,4.7
T04,GL-4396,2026-03-16 21:18:00,7.334554,10.605118,10.2,5.29
T04,GL-4396,2026-03-16 21:19:00,7.333851,10.605018,11.6,4.17
T04,GL-4396,2026-03-16 21:20:00,7.333126,10.604907,6.8,4.06
T04,GL-4396,2026-03-16 21:21:00,7.33248,10.604788,6.4,4.05
T04,GL-4396,2026-03-16 21:22:00,7.331709,10.604559,5.0,5.06
T04,GL-4396,2026-03-16 21:23:00,7.331047,10.604583,9.4,3.09
T04,GL-4396,2026-03-16 21:24:00,7.330356,10.604337,8.2,4.05
T04,GL-4396,2026-03-16 21:25:00,7.329643,10.604379,9.9,3.88
T04,GL-4396,2026-03-16 21:26:00,7.328758,10.604075,9.4,5.51
T04,GL-4396,2026-03-16 21:27:00,7.328068,10.604005,6.2,5.02
T04,GL-4396,2026-03-16 21:28:00,7.327456,10.603793,5.6,3.6
T04,GL-4396,2026-03-16 21:29:00,7.326655,10.6037,10.7,3.89
T04,GL-4396,2026-03-16 21:30:00,7.325947,10.603539,7.1,2.89
T04,GL-4396,2026-03-16 21:31:00,7.325254,10.60346,7.1,3.38
T04,GL-4396,2026-03-16 21:32:00,7.324652,10.603386,8.4,4.25
T04,GL-4396,2026-03-16 21:33:00,7.323772,10.603217,7.2,2.85
T04,GL-4396,2026-03-16 21:34:00,7.323117,10.603151,7.3,5.34
T04,GL-4396,2026-03-16 21:35:00,7.322436,10.602947,7.2,2.9
T04,GL-4396,2026-03-16 21:36:00,7.321617,10.602774,4.8,4.55
T04,GL-4396,2026-03-16 21:37:00,7.320862,10.602804,9.8,3.04
T04,GL-4396,2026-03-16 21:38:00,7.320187,10.602684,11.5,3.27
T04,GL-4396,2026-03-16 21:39:00,7.319444,10.602474,10.8,3.66
T04,GL-4396,2026-03-16 21:40:00,7.318899,10.602369,6.8,3.5
T04,GL-4396,2026-03-16 21:41:00,7.318141,10.602269,7.0,5.08
T04,GL-4396,2026-03-16 21:42:00,7.317423,10.602095,5.4,4.69
T04,GL-4396,2026-03-16 21:43:00,7.316643,10.601991,7.6,3.19
T04,GL-4396,2026-03-16 21:44:00,7.315954,10.601823,10.2,5.32
T04,GL-4396,2026-03-16 21:45:00,7.315166,10.601693,6.8,3.36
T04,GL-4396,2026-03-16 21:46:00,7.314493,10.601621,4.4,3.83
T04,GL-4396,2026-03-16 21:47:00,7.313789,10.601439,7.0,5.19
T04,GL-4396,2026-03-16 21:48:00,7.313133,10.601243,10.7,3.54
T04,GL-4396,2026-03-16 21:49:00,7.312383,10.601143,8.8,3.66
T04,GL-4396,2026-03-16 21:50:00,7.311596,10.601076,6.1,4.54
T04,GL-4396,2026-03-16 21:51:00,7.310926,10.600985,5.0,4.2
T04,GL-4396,2026-03-16 21:52:00,7.310257,10.600832,10.5,4.08
T04,GL-4396,2026-03-16 21:53:00,7.309535,10.600707,5.9,4.0
T04,GL-4396,2026-03-16 21:54:00,7.30881,10.600558,,4.29
T04,GL-4396,2026-03-16 21:55:00,7.308092,10.60046,8.3,3.79
T04,GL-4396,2026-03-16 21:56:00,7.307373,10.600246,5.3,2.94
T04,GL-4396,2026-03-16 21:57:00,7.306645,10.600173,7.5,3.28
T04,GL-4396,2026-03-16 21:58:00,7.305881,10.6001,9.6,2.8
T04,GL-4396,2026-03-16 21:59:00,7.305202,10.599962,8.3,5.15
T04,GL-4396,2026-03-16 22:00:00,7.304561,10.59983,5.9,5.39
T04,GL-4396,2026-03-16 22:01:00,7.303803,10.599634,10.8,4.63
T04,GL-4396,2026-03-16 22:02:00,7.303137,10.599595,11.1,4.35
T04,GL-4396,2026-03-16 22:03:00,7.30231,10.599411,6.9,4.75
T04,GL-4396,2026-03-16 22:04:00,7.301631,10.599323,4.9,3.6
T04,GL-4396,2026-03-16 22:05:00,7.301044,10.599024,9.1,5.57
T04,GL-4396,2026-03-16 22:06:00,7.300116,10.598969,6.8,3.6
T04,GL-4396,2026-03-16 22:07:00,7.299455,10.598885,11.9,4.84
T04,GL-4396,2026-03-16 22:08:00,7.298641,10.598778,7.7,3.7
T04,GL-4396,2026-03-16 22:09:00,7.298045,10.598611,8.9,3.76
T04,GL-4396,2026-03-16 22:10:00,7.297347,10.598489,6.0,4.21
T04,GL-4396,2026-03-16 22:11:00,7.29669,10.598428,5.9,4.1
T04,GL-4396,2026-03-16 22:12:00,7.296122,10.598229,8.2,2.97
T04,GL-4396,2026-03-16 22:13:00,7.295225,10.598135,11.1,5.28
T04,GL-4396,2026-03-16 22:14:00,7.294522,10.598064,9.1,3.98
T04,GL-4396,2026-03-16 22:15:00,7.293544,10.597807,6.6,3.98
T04,GL-4396,2026-03-16 22:16:00,7.29305,10.597725,6.4,3.73
T04,GL-4396,2026-03-16 22:17:00,7.292345,10.597555,4.5,4.91
T04,GL-4396,2026-03-16 22:18:00,7.291806,10.597498,11.2,3.66
T04,GL-4396,2026-03-16 22:19:00,7.29085,10.597351,5.5,3.58
T04,GL-4396,2026-03-16 22:20:00,7.290153,10.597146,6.4,2.87
T04,GL-4396,2026-03-16 22:21:00,7.289407,10.597128,8.0,3.11
T04,GL-4396,2026-03-16 22:22:00,7.288756,10.596881,8.2,3.22
T04,GL-4396,2026-03-16 22:23:00,7.288021,10.596849,10.3,3.09
T04,GL-4396,2026-03-16 22:24:00,7.28746,10.596758,10.7,2.81
T04,GL-4396,2026-03-16 22:25:00,7.286602,10.59664,11.8,5.43
T04,GL-4396,2026-03-16 22:26:00,7.285801,10.596496,8.0,2.89
T04,GL-4396,2026-03-16 22:27:00,7.285126,10.596324,10.2,3.93
T04,GL-4396,2026-03-16 22:28:00,7.284419,10.596258,5.4,5.25
T04,GL-4396,2026-03-16 22:29:00,7.283728,10.596124,7.0,3.59
T04,GL-4396,2026-03-16 22:30:00,7.283016,10.595929,10.1,4.1
T04,GL-4396,2026-03-16 22:31:00,7.282194,10.595905,11.2,2.96
T04,GL-4396,2026-03-16 22:32:00,7.281579,10.595665,5.7,4.24
T04,GL-4396,2026-03-16 22:33:00,7.280955,10.595488,4.8,4.22
T04,GL-4396,2026-03-16 22:34:00,7.28025,10.595495,8.5,3.45
T04,GL-4396,2026-03-16 22:35:00,7.279397,10.595223,11.2,5.07
T04,GL-4396,2026-03-16 22:36:00,7.278674,10.595149,11.0,4.61
T04,GL-4396,2026-03-16 22:37:00,7.277931,10.594989,4.2,5.1
T04,GL-4396,2026-03-16 22:38:00,7.277273,10.594907,4.5,5.19
T04,GL-4396,2026-03-16 22:39:00,7.276683,10.594771,12.0,4.77
T04,GL-4396,2026-03-16 22:40:00,7.275791,10.594664,8.1,2.86
T04,GL-4396,2026-03-16 22:41:00,7.275891,10.594565,6.5,0.59
T04,GL-4396,2026-03-16 22:42:00,7.275932,10.594657,7.3,0.7
T04,GL-4396,2026-03-16 22:43:00,7.276095,10.594825,4.1,0.76
T04,GL-4396,2026-03-16 22:44:00,7.275751,10.594731,7.9,0.26
T04,GL-4396,2026-03-16 22:45:00,7.275981,10.594493,8.6,0.54
T04,GL-4396,2026-03-16 22:46:00,7.275805,10.594719,10.2,0.05
T04,GL-4396,2026-03-16 22:47:00,7.27573,10.594643,7.5,0.53
T04,GL-4396,2026-03-16 22:48:00,7.276016,10.594629,7.4,0.07
T04,GL-4396,2026-03-16 22:49:00,7.275734,10.594688,4.2,0.71
T04,GL-4396,2026-03-16 22:50:00,7.275899,10.594548,8.2,0.78
T04,GL-4396,2026-03-16 22:51:00,7.275784,10.59459,11.6,0.75
T04,GL-4396,2026-03-16 22:52:00,7.275862,10.594759,6.2,0.45
T04,GL-4396,2026-03-16 22:53:00,7.275742,10.594639,7.1,0.83
T04,GL-4396,2026-03-16 22:54:00,7.275895,10.594647,4.3,0.77
T04,GL-4396,2026-03-16 22:55:00,7.27565,10.594778,10.4,0.67
T04,GL-4396,2026-03-16 22:56:00,7.275812,10.594501,5.9,0.67
T04,GL-4396,2026-03-16 22:57:00,7.275697,10.594559,8.2,0.41
T04,GL-4396,2026-03-16 22:58:00,7.275872,10.594659,4.8,0.87
T04,GL-4396,2026-03-16 22:59:00,7.275825,10.59466,7.6,0.05
T04,GL-4396,2026-03-16 23:00:00,7.27591,10.594663,9.1,0.11
T04,GL-4396,2026-03-16 23:01:00,7.275828,10.594655,8.6,0.86
T04,GL-4396,2026-03-16 23:02:00,7.275867,10.594543,6.9,0.7
T04,GL-4396,2026-03-16 23:03:00,7.275418,10.595169,10.6,3.76
T04,GL-4396,2026-03-16 23:04:00,7.275002,10.59559,10.7,3.67
T04,GL-4396,2026-03-16 23:05:00,7.274549,10.595897,7.4,4.96
T04,GL-4396,2026-03-16 23:06:00,7.274181,10.596433,9.7,4.39
T04,GL-4396,2026-03-16 23:07:00,7.273722,10.596721,12.0,3.51
T04,GL-4396,2026-03-16 23:08:00,7.27327,10.597138,10.7,3.83
T04,GL-4396,2026-03-16 23:09:00,7.272766,10.59747,10.4,4.47
T04,GL-4396,2026-03-16 23:10:00,7.272437,10.597961,6.7,4.17
T04,GL-4396,2026-03-16 23:11:00,7.271943,10.598321,11.1,3.49
T04,GL-4396,2026-03-16 23:12:00,7.271387,10.598677,10.0,3.82
T04,GL-4396,2026-03-16 23:13:00,7.271031,10.599231,8.5,3.74
T04,GL-4396,2026-03-16 23:14:00,7.270617,10.599585,8.6,5.52
T04,GL-4396,2026-03-16 23:15:00,7.270194,10.599952,7.4,3.83
T04,GL-4396,2026-03-16 23:16:00,7.269787,10.600326,6.6,4.26
T04,GL-4396,2026-03-16 23:17:00,7.269391,10.600915,9.2,3.85
T04,GL-4396,2026-03-16 23:18:00,7.268917,10.601257,8.2,4.54
T04,GL-4396,2026-03-16 23:19:00,7.268405,10.601621,10.4,4.98
T04,GL-4396,2026-03-16 23:20:00,7.268041,10.602088,6.2,5.49
T04,GL-4396,2026-03-16 23:21:00,7.267536,10.602478,7.7,3.28
T04,GL-4396,2026-03-16 23:22:00,7.267207,10.602848,11.3,2.91
T04,GL-4396,2026-03-16 23:23:00,7.266723,10.603197,6.4,2.86
T04,GL-4396,2026-03-16 23:24:00,7.266264,10.603786,8.7,4.21
T04,GL-4396,2026-03-16 23:25:00,7.265864,10.604058,7.5,5.09
T04,GL-4396,2026-03-16 23:26:00,7.265387,10.604494,8.5,5.22
T04,GL-4396,2026-03-16 23:27:00,7.264951,10.604893,11.1,5.53
T04,GL-4396,2026-03-16 23:28:00,7.264579,10.605267,6.1,4.48
T04,GL-4396,2026-03-16 23:29:00,7.264093,10.605776,11.4,2.82
T04,GL-4396,2026-03-16 23:30:00,7.26369,10.606143,11.5,5.0
T04,GL-4396,2026-03-16 23:31:00,7.263251,10.606625,7.9,3.9
T04,GL-4396,2026-03-16 23:32:00,7.262928,10.607014,9.9,4.83
T04,GL-4396,2026-03-16 23:33:00,7.262447,10.607346,6.7,5.27
T04,GL-4396,2026-03-16 23:34:00,7.261936,10.607813,11.3,4.8
T04,GL-4396,2026-03-16 23:35:00,7.261496,10.608328,7.6,3.67
T04,GL-4396,2026-03-16 23:36:00,7.261056,10.608657,10.4,5.48
T04,GL-4396,2026-03-16 23:37:00,7.260748,10.60902,5.7,3.83
T04,GL-4396,2026-03-16 23:38:00,7.260171,10.609419,4.2,4.99
T04,GL-4396,2026-03-16 23:39:00,7.259737,10.609827,5.7,5.27
T04,GL-4396,2026-03-16 23:40:00,7.259316,10.610267,10.8,3.91
T04,GL-4396,2026-03-16 23:41:00,7.258786,10.610583,7.0,5.26
T04,GL-4396,2026-03-16 23:42:00,7.258367,10.61108,6.9,3.76
T04,GL-4396,2026-03-16 23:43:00,7.257999,10.611419,6.5,5.3
T04,GL-4396,2026-03-16 23:44:00,7.257609,10.611775,9.3,3.45
T04,GL-4396,2026-03-16 23:45:00,7.25719,10.612407,7.8,3.17
T04,GL-4396,2026-03-16 23:46:00,7.256749,10.612718,6.6,3.21
T04,GL-4396,2026-03-16 23:47:00,7.256205,10.612923,5.0,4.25
T04,GL-4396,2026-03-16 23:48:00,7.255791,10.61349,6.0,4.96
T04,GL-4396,2026-03-16 23:49:00,7.255355,10.613956,7.9,4.44
T04,GL-4396,2026-03-16 23:50:00,7.25499,10.614322,4.2,3.95
T04,GL-4396,2026-03-16 23:51:00,7.254486,10.614645,,4.65
T04,GL-4396,2026-03-16 23:52:00,7.254042,10.615196,10.1,5.48
T04,GL-4396,2026-03-16 23:53:00,7.25376,10.615493,4.2,5.27
T04,GL-4396,2026-03-16 23:54:00,7.253254,10.61602,10.1,3.58
T04,GL-4396,2026-03-16 23:55:00,7.252756,10.616397,6.6,5.02
T04,GL-4396,2026-03-16 23:56:00,7.252416,10.616751,5.9,4.86
T04,GL-4396,2026-03-16 23:57:00,7.251976,10.617172,10.4,5.15
T04,GL-4396,2026-03-16 23:58:00,7.251542,10.61764,7.2,3.89
T04,GL-4396,2026-03-16 23:59:00,7.25104,10.617989,11.3,3.8
T04,GL-4396,2026-03-17 00:00:00,7.250592,10.618316,7.5,5.34
T04,GL-4396,2026-03-17 00:01:00,7.250285,10.618781,4.8,2.83
T04,GL-4396,2026-03-17 00:02:00,7.249763,10.619254,9.2,3.41
T04,GL-4396,2026-03-17 00:03:00,7.249389,10.619626,6.7,4.2
T04,GL-4396,2026-03-17 00:04:00,7.248975,10.620073,11.9,2.92
T04,GL-4396,2026-03-17 00:05:00,7.248448,10.62043,10.6,4.83
T04,GL-4396,2026-03-17 00:06:00,7.248034,10.620867,4.2,4.73
T04,GL-4396,2026-03-17 00:07:00,7.247616,10.621298,9.1,2.86
T04,GL-4396,2026-03-17 00:08:00,7.247194,10.621751,6.8,3.32
T04,GL-4396,2026-03-17 00:09:00,7.24674,10.622153,5.1,3.21
T04,GL-4396,2026-03-17 00:10:00,7.246315,10.622462,6.2,3.75
T04,GL-4396,2026-03-17 00:11:00,7.245966,10.622975,9.1,4.49
T04,GL-4396,2026-03-17 00:12:00,7.245392,10.623304,11.8,3.45
T04,GL-4396,2026-03-17 00:13:00,7.244904,10.623827,11.9,2.88
T04,GL-4396,2026-03-17 00:14:00,7.244559,10.624207,11.8,5.16
T04,GL-4396,2026-03-17 00:15:00,7.244265,10.624501,8.6,5.05
T04,GL-4396,2026-03-17 00:16:00,7.24382,10.624836,10.1,4.47
T04,GL-4396,2026-03-17 00:17:00,7.243262,10.625397,,5.33
T04,GL-4396,2026-03-17 00:18:00,7.242852,10.625878,4.6,5.21
T04,GL-4396,2026-03-17 00:19:00,7.242325,10.626126,10.3,3.13
T04,GL-4396,2026-03-17 00:20:00,7.242024,10.626547,5.1,3.84
T04,GL-4396,2026-03-17 00:21:00,7.241559,10.627029,7.0,3.86
T04,GL-4396,2026-03-17 00:22:00,7.241165,10.62743,11.0,4.25
T04,GL-4396,2026-03-17 00:23:00,7.240738,10.627724,10.8,4.46
T04,GL-4396,2026-03-17 00:24:00,7.240215,10.628301,4.9,3.77
T04,GL-4396,2026-03-17 00:25:00,7.239698,10.628662,6.2,3.28
T04,GL-4396,2026-03-17 00:26:00,7.239365,10.629112,8.4,4.35
T04,GL-4396,2026-03-17 00:27:00,7.238931,10.629374,9.5,2.81
T04,GL-4396,2026-03-17 00:28:00,7.238518,10.62963,10.4,4.18
T04,GL-4396,2026-03-17 00:29:00,7.237946,10.630291,7.6,5.41
T04,GL-4396,2026-03-17 00:30:00,7.237601,10.630633,11.0,3.95
T04,GL-4396,2026-03-17 00:31:00,7.237182,10.631109,7.8,3.49
T04,GL-4396,2026-03-17 00:32:00,7.236677,10.631539,10.4,4.24
T04,GL-4396,2026-03-17 00:33:00,7.236176,10.631971,4.5,4.63
T04,GL-4396,2026-03-17 00:34:00,7.235709,10.632363,9.6,4.43
T04,GL-4396,2026-03-17 00:35:00,7.235502,10.632649,7.8,5.49
T04,GL-4396,2026-03-17 00:36:00,7.235122,10.633129,4.4,4.95
T04,GL-4396,2026-03-17 00:37:00,7.234455,10.633584,5.2,3.86
T04,GL-4396,2026-03-17 00:38:00,7.234131,10.63396,4.2,2.86
T04,GL-4396,2026-03-17 00:39:00,7.233853,10.634308,8.8,3.84
T04,GL-4396,2026-03-17 00:40:00,7.23326,10.634883,9.5,4.97
T04,GL-4396,2026-03-17 00:41:00,7.232851,10.635288,7.1,5.59
T04,GL-4396,2026-03-17 00:42:00,7.232468,10.635592,8.4,4.36
T04,GL-4396,2026-03-17 00:43:00,7.231974,10.635911,9.5,3.29
T04,GL-4396,2026-03-17 00:44:00,7.2315,10.636445,10.6,4.2
T04,GL-4396,2026-03-17 00:45:00,7.231127,10.636913,5.6,4.01
T04,GL-4396,2026-03-17 00:46:00,7.23075,10.637261,6.9,4.8
T04,GL-4396,2026-03-17 00:47:00,7.230225,10.637726,5.2,3.43
T04,GL-4396,2026-03-17 00:48:00,7.229796,10.63803,7.2,3.75
T04,GL-4396,2026-03-17 00:49:00,7.229435,10.638398,8.3,3.78
T04,GL-4396,2026-03-17 00:50:00,7.228969,10.63896,10.9,5.1
T04,GL-4396,2026-03-17 00:51:00,7.228401,10.639278,10.3,4.53
T04,GL-4396,2026-03-17 00:52:00,7.228155,10.639552,6.7,3.14
T04,GL-4396,2026-03-17 00:53:00,7.2277,10.640096,10.9,4.48
T04,GL-4396,2026-03-17 00:54:00,7.227185,10.640471,7.9,5.07
T04,GL-4396,2026-03-17 00:55:00,7.226756,10.640916,4.5,4.94
T04,GL-4396,2026-03-17 00:56:00,7.226254,10.641388,11.0,5.03
T04,GL-4396,2026-03-17 00:57:00,7.225811,10.641782,5.6,5.47
T04,GL-4396,2026-03-17 00:58:00,7.225448,10.642172,4.0,5.35
T04,GL-4396,2026-03-17 00:59:00,7.225162,10.642504,5.2,3.58
T04,GL-4396,2026-03-17 01:00:00,7.22468,10.642952,,4.44
T04,GL-4396,2026-03-17 01:01:00,7.224014,10.643423,8.9,3.08
T04,GL-4396,2026-03-17 01:02:00,7.223782,10.643697,10.3,3.71
T04,GL-4396,2026-03-17 01:03:00,7.223251,10.644177,8.8,5.11
T04,GL-4396,2026-03-17 01:04:00,7.222892,10.644631,11.4,5.1
T04,GL-4396,2026-03-17 01:05:00,7.222448,10.644932,8.7,4.59
T04,GL-4396,2026-03-17 01:06:00,7.222008,10.645472,8.9,5.33
T04,GL-4396,2026-03-17 01:07:00,7.221497,10.645832,6.8,3.59
T04,GL-4396,2026-03-17 01:08:00,7.221229,10.64619,4.8,4.87
T04,GL-4396,2026-03-17 01:09:00,7.220687,10.646615,11.9,3.51
T04,GL-4396,2026-03-17 01:10:00,7.220296,10.647069,4.1,4.97
T04,GL-4396,2026-03-17 01:11:00,7.21979,10.647546,4.4,4.08
T04,GL-4396,2026-03-17 01:12:00,7.219385,10.647906,8.3,4.83
T04,GL-4396,2026-03-17 01:13:00,7.218999,10.648226,5.0,3.78
T04,GL-4396,2026-03-17 01:14:00,7.218466,10.648788,8.0,4.29
T04,GL-4396,2026-03-17 01:15:00,7.218123,10.649172,11.6,4.72
T04,GL-4396,2026-03-17 01:16:00,7.217689,10.649435,11.0,3.6
T04,GL-4396,2026-03-17 01:17:00,7.217299,10.649911,11.7,4.07
T04,GL-4396,2026-03-17 01:18:00,7.216795,10.650329,9.8,3.78
T04,GL-4396,2026-03-17 01:19:00,7.216347,10.650844,10.9,4.24
T04,GL-4396,2026-03-17 01:20:00,7.215974,10.651119,11.2,4.23
T04,GL-4396,2026-03-17 01:21:00,7.215391,10.651483,4.0,4.5
T04,GL-4396,2026-03-17 01:22:00,7.214932,10.651986,8.0,5.36
T04,GL-4396,2026-03-17 01:23:00,7.214609,10.652395,7.5,4.8
T04,GL-4396,2026-03-17 01:24:00,7.21415,10.652756,11.7,2.99
T04,GL-4396,2026-03-17 01:25:00,7.213678,10.65317,7.0,3.65
T04,GL-4396,2026-03-17 01:26:00,7.213317,10.653512,11.8,4.79
T04,GL-4396,2026-03-17 01:27:00,7.212905,10.65412,5.5,3.76
T04,GL-4396,2026-03-17 01:28:00,7.212444,10.654411,9.2,4.6
T04,GL-4396,2026-03-17 01:29:00,7.211968,10.654872,5.8,5.52
T04,GL-4396,2026-03-17 01:30:00,7.211594,10.655215,7.7,3.33
T04,GL-4396,2026-03-17 01:31:00,7.211222,10.655558,4.1,4.83
T04,GL-4396,2026-03-17 01:32:00,7.210657,10.656066,10.0,4.35
T04,GL-4396,2026-03-17 01:33:00,7.21017,10.656329,10.3,4.76
T04,GL-4396,2026-03-17 01:34:00,7.209868,10.656782,5.1,4.78
T04,GL-4396,2026-03-17 01:35:00,7.20943,10.657215,4.8,4.24
T04,GL-4396,2026-03-17 01:36:00,7.208964,10.657715,9.4,4.81
T04,GL-4396,2026-03-17 01:37:00,7.208468,10.658211,5.9,5.06
T04,GL-4396,2026-03-17 01:38:00,7.208086,10.658575,9.9,4.86
T04,GL-4396,2026-03-17 01:39:00,7.207641,10.658961,11.0,3.86
T04,GL-4396,2026-03-17 01:40:00,7.207198,10.659323,8.3,5.05
T04,GL-4396,2026-03-17 01:41:00,7.20673,10.659689,6.9,4.15
T04,GL-4396,2026-03-17 01:42:00,7.20631,10.660232,6.2,3.61
T04,GL-4396,2026-03-17 01:43:00,7.205873,10.660626,10.4,5.06
T04,GL-4396,2026-03-17 01:44:00,7.205412,10.660997,7.9,2.84
T04,GL-4396,2026-03-17 01:45:00,7.205081,10.661361,8.4,3.16
T04,GL-4396,2026-03-17 01:46:00,7.204672,10.661769,4.8,5.13
T04,GL-4396,2026-03-17 01:47:00,7.204226,10.662221,11.4,2.85
T04,GL-4396,2026-03-17 01:48:00,7.203863,10.662633,10.0,5.26
T04,GL-4396,2026-03-17 01:49:00,7.203269,10.663007,5.3,5.26
T04,GL-4396,2026-03-17 01:50:00,7.202849,10.663571,5.0,2.98
T04,GL-4396,2026-03-17 01:51:00,7.202352,10.663774,7.4,2.94
T04,GL-4396,2026-03-17 01:52:00,7.20213,10.664333,10.9,5.1
T04,GL-4396,2026-03-17 01:53:00,7.201641,10.664763,6.9,3.29
T04,GL-4396,2026-03-17 01:54:00,7.201104,10.665123,5.8,5.09
T04,GL-4396,2026-03-17 01:55:00,7.200701,10.665592,5.3,4.17
T04,GL-4396,2026-03-17 01:56:00,7.20026,10.665925,11.1,3.3
T04,GL-4396,2026-03-17 01:57:00,7.199801,10.666265,4.7,3.35
T04,GL-4396,2026-03-17 01:58:00,7.199436,10.666692,8.5,4.15
T04,GL-4396,2026-03-17 01:59:00,7.19896,10.66714,11.6,3.99
T04,GL-4396,2026-03-17 02:00:00,7.19859,10.66756,11.4,3.39
T04,GL-4396,2026-03-17 02:01:00,7.197987,10.667904,9.9,4.78
T04,GL-4396,2026-03-17 02:02:00,7.197606,10.668397,8.3,3.39
T04,GL-4396,2026-03-17 02:03:00,7.197213,10.668781,11.0,4.08
T04,GL-4396,2026-03-17 02:04:00,7.196854,10.669106,5.1,4.05
T04,GL-4396,2026-03-17 02:05:00,7.196333,10.669596,9.5,3.21
T04,GL-4396,2026-03-17 02:06:00,7.195965,10.66999,10.1,3.61
T04,GL-4396,2026-03-17 02:07:00,6.616313,10.670473,4.3,285.35
T04,GL-4396,2026-03-17 02:08:00,7.195011,10.670829,10.7,5.47
T04,GL-4396,2026-03-17 02:09:00,7.194623,10.671344,8.4,5.51
T04,GL-4396,2026-03-17 02:10:00,7.194197,10.671606,11.5,5.45
T04,GL-4396,2026-03-17 02:11:00,7.193788,10.672067,5.0,2.87
T04,GL-4396,2026-03-17 02:12:00,7.193369,10.672412,8.1,5.17
T04,GL-4396,2026-03-17 02:13:00,7.19281,10.672838,5.0,2.86
T04,GL-4396,2026-03-17 02:14:00,7.192413,10.673318,8.2,5.28
T04,GL-4396,2026-03-17 02:15:00,7.192023,10.673675,7.7,4.58
T04,GL-4396,2026-03-17 02:16:00,7.191693,10.674097,8.9,3.3
T04,GL-4396,2026-03-17 02:17:00,7.1911,10.674513,9.3,4.77
T04,GL-4396,2026-03-17 02:18:00,7.190657,10.674824,4.8,3.27
T04,GL-4396,2026-03-17 02:19:00,7.190224,10.675295,7.6,4.52
T04,GL-4396,2026-03-17 02:20:00,7.189863,10.675694,4.6,4.86
T04,GL-4396,2026-03-17 02:21:00,7.189434,10.676157,10.7,4.66
T04,GL-4396,2026-03-17 02:22:00,7.188985,10.676443,6.7,5.0
T04,GL-4396,2026-03-17 02:23:00,7.188542,10.676942,9.4,4.42
T04,GL-4396,2026-03-17 02:24:00,7.188124,10.677395,11.2,5.54
T04,GL-4396,2026-03-17 02:25:00,7.187646,10.677733,7.0,4.28
T04,GL-4396,2026-03-17 02:26:00,7.187197,10.678239,11.4,3.88
T04,GL-4396,2026-03-17 02:27:00,7.186734,10.678614,4.9,4.74
T04,GL-4396,2026-03-17 02:28:00,7.186356,10.679062,5.3,4.77
T04,GL-4396,2026-03-17 02:29:00,7.185936,10.679438,5.7,3.35
T04,GL-4396,2026-03-17 02:30:00,7.185538,10.679821,12.0,3.76
T04,GL-4396,2026-03-17 02:31:00,7.185036,10.680279,8.4,3.11
T04,GL-4396,2026-03-17 02:32:00,7.184597,10.680763,7.7,3.29
T04,GL-4396,2026-03-17 02:33:00,7.18417,10.681081,6.8,4.02
T04,GL-4396,2026-03-17 02:34:00,7.183801,10.681507,,4.85
T04,GL-4396,2026-03-17 02:35:00,7.183303,10.68191,4.7,3.07
T04,GL-4396,2026-03-17 02:36:00,7.182976,10.68224,10.8,5.36
T04,GL-4396,2026-03-17 02:37:00,7.182452,10.682649,11.1,4.28
T04,GL-4396,2026-03-17 02:38:00,7.182047,10.683087,7.0,5.0
T04,GL-4396,2026-03-17 02:39:00,7.18197,10.683056,10.4,0.16
T04,GL-4396,2026-03-17 02:40:00,7.182119,10.683204,6.2,0.62
T04,GL-4396,2026-03-17 02:41:00,7.182075,10.683107,7.8,0.31
T04,GL-4396,2026-03-17 02:42:00,7.182258,10.683101,7.3,0.04
T04,GL-4396,2026-03-17 02:43:00,7.181912,10.683157,6.1,0.17
T04,GL-4396,2026-03-17 02:44:00,7.182023,10.683163,5.1,0.56
T04,GL-4396,2026-03-17 02:45:00,7.182003,10.683032,6.4,0.22
T04,GL-4396,2026-03-17 02:46:00,7.182048,10.682968,10.1,0.21
T04,GL-4396,2026-03-17 02:47:00,7.181929,10.683184,4.1,0.83
T04,GL-4396,2026-03-17 02:48:00,7.181942,10.683268,4.3,0.57
T04,GL-4396,2026-03-17 02:49:00,7.181932,10.683111,10.2,0.62
T04,GL-4396,2026-03-17 02:50:00,7.182014,10.683046,10.0,0.71
T04,GL-4396,2026-03-17 02:51:00,7.182054,10.683067,10.8,0.61
T04,GL-4396,2026-03-17 02:52:00,7.181924,10.68312,10.8,0.39
T04,GL-4396,2026-03-17 02:53:00,7.182016,10.683089,5.9,0.31
T04,GL-4396,2026-03-17 02:54:00,7.182051,10.683179,4.9,0.43
T04,GL-4396,2026-03-17 02:55:00,7.182143,10.683057,9.4,0.68
T04,GL-4396,2026-03-17 02:56:00,7.182029,10.683262,9.2,0.25
T04,GL-4396,2026-03-17 02:57:00,7.181955,10.683094,10.4,0.61
T04,GL-4396,2026-03-17 02:58:00,7.181917,10.683129,11.4,0.34
T04,GL-4396,2026-03-17 02:59:00,7.182013,10.683309,4.1,0.44
T04,GL-4396,2026-03-17 03:00:00,7.182021,10.683145,8.1,0.02
T04,GL-4396,2026-03-17 03:01:00,7.181998,10.683134,5.4,0.68
T04,GL-4396,2026-03-17 03:02:00,7.181963,10.683074,6.6,0.14
T04,GL-4396,2026-03-17 03:03:00,7.182082,10.683112,7.0,0.76
T04,GL-4396,2026-03-17 03:04:00,7.18186,10.6831,8.6,0.02
T04,GL-4396,2026-03-17 03:05:00,7.181933,10.682961,6.4,0.8
T04,GL-4396,2026-03-17 03:06:00,7.181972,10.683029,4.1,0.59
T04,GL-4396,2026-03-17 03:07:00,7.182095,10.683069,7.4,0.68
T04,GL-4396,2026-03-17 03:08:00,7.182009,10.683054,11.9,0.67
T04,GL-4396,2026-03-17 03:09:00,7.181928,10.682934,11.7,0.51
T04,GL-4396,2026-03-17 03:10:00,7.182049,10.683214,6.2,0.07
T04,GL-4396,2026-03-17 03:11:00,7.182548,10.682611,11.3,4.4
T04,GL-4396,2026-03-17 03:12:00,7.183233,10.682012,12.0,5.18
T04,GL-4396,2026-03-17 03:13:00,7.183719,10.681424,10.5,4.37
T04,GL-4396,2026-03-17 03:14:00,7.184305,10.680868,6.3,2.91
T04,GL-4396,2026-03-17 03:15:00,7.184809,10.680447,10.2,5.34
T04,GL-4396,2026-03-17 03:16:00,7.185354,10.679849,10.5,4.51
T04,GL-4396,2026-03-17 03:17:00,7.18586,10.679222,7.4,4.21
T04,GL-4396,2026-03-17 03:18:00,7.186533,10.678792,11.6,3.4
T04,GL-4396,2026-03-17 03:19:00,7.187145,10.67817,9.0,2.91
T04,GL-4396,2026-03-17 03:20:00,7.187587,10.677604,9.4,5.46
T04,GL-4396,2026-03-17 03:21:00,7.188352,10.677027,7.2,5.22
T04,GL-4396,2026-03-17 03:22:00,7.188669,10.676561,7.2,4.18
T04,GL-4396,2026-03-17 03:23:00,7.189353,10.676086,12.0,3.75
T04,GL-4396,2026-03-17 03:24:00,7.189803,10.675461,11.3,5.06
T04,GL-4396,2026-03-17 03:25:00,7.190321,10.674862,7.5,4.21
T04,GL-4396,2026-03-17 03:26:00,7.190942,10.674335,7.7,4.21
T04,GL-4396,2026-03-17 03:27:00,7.191602,10.673803,9.5,5.44
T04,GL-4396,2026-03-17 03:28:00,7.192026,10.673348,5.9,3.81
T04,GL-4396,2026-03-17 03:29:00,7.192652,10.672791,6.6,4.65
T04,GL-4396,2026-03-17 03:30:00,7.193193,10.672244,10.1,5.5
T04,GL-4396,2026-03-17 03:31:00,7.193809,10.671692,7.2,4.59
T04,GL-4396,2026-03-17 03:32:00,7.194241,10.671066,8.0,5.52
T04,GL-4396,2026-03-17 03:33:00,7.194996,10.670518,8.7,4.43
T04,GL-4396,2026-03-17 03:34:00,7.19543,10.669945,5.7,4.33
T04,GL-4396,2026-03-17 03:35:00,7.195408,10.67011,4.5,0.77
T04,GL-4396,2026-03-17 03:36:00,7.195376,10.669906,6.1,0.78
T04,GL-4396,2026-03-17 03:37:00,7.195532,10.66993,10.4,0.13
T04,GL-4396,2026-03-17 03:38:00,7.195394,10.670054,4.6,0.35
T04,GL-4396,2026-03-17 03:39:00,7.195524,10.670079,8.7,0.74
T04,GL-4396,2026-03-17 03:40:00,7.19554,10.66993,12.0,0.07
T04,GL-4396,2026-03-17 03:41:00,7.195364,10.669951,10.0,0.46
T04,GL-4396,2026-03-17 03:42:00,7.195528,10.670022,8.1,0.44
T04,GL-4396,2026-03-17 03:43:00,7.195398,10.669946,9.6,0.85
T04,GL-4396,2026-03-17 03:44:00,7.195464,10.670052,12.0,0.12
T04,GL-4396,2026-03-17 03:45:00,7.195365,10.66988,7.8,0.65
T04,GL-4396,2026-03-17 03:46:00,7.195423,10.670099,8.7,0.29
T04,GL-4396,2026-03-17 03:47:00,7.195397,10.669846,11.3,0.2
T04,GL-4396,2026-03-17 03:48:00,7.195414,10.669855,11.0,0.72
T04,GL-4396,2026-03-17 03:49:00,7.195623,10.670012,11.0,0.11
T04,GL-4396,2026-03-17 03:50:00,7.195447,10.67,8.1,0.23
T04,GL-4396,2026-03-17 03:51:00,7.195315,10.669903,5.9,0.85
T04,GL-4396,2026-03-17 03:52:00,7.195481,10.670028,4.6,0.49
T04,GL-4396,2026-03-17 03:53:00,7.195535,10.669995,9.9,0.14
T04,GL-4396,2026-03-17 03:54:00,7.195341,10.669905,6.5,0.7
T04,GL-4396,2026-03-17 03:55:00,7.195528,10.669948,7.3,0.76
T04,GL-4396,2026-03-17 03:56:00,7.195559,10.669875,8.9,0.06
T04,GL-4396,2026-03-17 03:57:00,7.195334,10.669894,4.7,0.59
T04,GL-4396,2026-03-17 03:58:00,7.19526,10.67018,8.3,0.25
T04,GL-4396,2026-03-17 03:59:00,7.19598,10.670047,8.9,3.07
T04,GL-4396,2026-03-17 04:00:00,7.196591,10.67005,4.4,5.44
T04,GL-4396,2026-03-17 04:01:00,7.197195,10.670061,9.7,3.57
T04,GL-4396,2026-03-17 04:02:00,7.197642,10.670164,5.9,5.08
T04,GL-4396,2026-03-17 04:03:00,7.198194,10.670254,10.6,3.94
T04,GL-4396,2026-03-17 04:04:00,7.198904,10.670338,10.7,4.82
T04,GL-4396,2026-03-17 04:05:00,7.199462,10.670371,8.5,4.16
T04,GL-4396,2026-03-17 04:06:00,7.199968,10.670331,9.6,3.44
T04,GL-4396,2026-03-17 04:07:00,7.200674,10.670525,4.5,2.89
T04,GL-4396,2026-03-17 04:08:00,7.201196,10.670424,4.4,4.11
T04,GL-4396,2026-03-17 04:09:00,7.201768,10.670481,6.6,3.84
T04,GL-4396,2026-03-17 04:10:00,7.202279,10.670551,6.5,4.19
T04,GL-4396,2026-03-17 04:11:00,7.202858,10.67057,10.9,5.56
T04,GL-4396,2026-03-17 04:12:00,7.203682,10.670624,5.7,4.93
T04,GL-4396,2026-03-17 04:13:00,7.203967,10.670835,11.2,5.18
T04,GL-4396,2026-03-17 04:14:00,7.204736,10.670664,4.5,4.1
T04,GL-4396,2026-03-17 04:15:00,7.205216,10.670895,8.0,3.76
T04,GL-4396,2026-03-17 04:16:00,7.20581,10.670782,9.0,4.73
T04,GL-4396,2026-03-17 04:17:00,7.206401,10.670789,5.6,4.41
T04,GL-4396,2026-03-17 04:18:00,7.206955,10.670961,8.4,5.24
T04,GL-4396,2026-03-17 04:19:00,7.207498,10.670961,9.2,2.81
T04,GL-4396,2026-03-17 04:20:00,7.208138,10.670998,8.8,5.33
T04,GL-4396,2026-03-17 04:21:00,7.208732,10.671025,5.1,4.84
T04,GL-4396,2026-03-17 04:22:00,7.209315,10.671166,4.1,3.75
T04,GL-4396,2026-03-17 04:23:00,7.209872,10.671228,5.7,4.91
T04,GL-4396,2026-03-17 04:24:00,7.21046,10.671122,10.5,4.68
T04,GL-4396,2026-03-17 04:25:00,7.210889,10.67123,5.0,5.03
T04,GL-4396,2026-03-17 04:26:00,7.211506,10.671268,7.2,3.27
T04,GL-4396,2026-03-17 04:27:00,7.212092,10.671345,10.5,3.81
T04,GL-4396,2026-03-17 04:28:00,7.21265,10.67148,10.0,3.16
T04,GL-4396,2026-03-17 04:29:00,7.213204,10.671442,4.0,4.76
T04,GL-4396,2026-03-17 04:30:00,7.213896,10.671586,4.1,3.54
T04,GL-4396,2026-03-17 04:31:00,7.214458,10.671446,7.1,4.16
T04,GL-4396,2026-03-17 04:32:00,7.215078,10.671485,11.5,4.48
T04,GL-4396,2026-03-17 04:33:00,7.215641,10.671579,7.5,3.02
T04,GL-4396,2026-03-17 04:34:00,7.216248,10.671611,5.6,4.07
T04,GL-4396,2026-03-17 04:35:00,7.216806,10.671713,4.9,3.09
T04,GL-4396,2026-03-17 04:36:00,7.217386,10.671811,6.1,4.15
T04,GL-4396,2026-03-17 04:37:00,7.217866,10.671781,5.2,3.4
T04,GL-4396,2026-03-17 04:38:00,7.218329,10.671902,5.1,2.92
T04,GL-4396,2026-03-17 04:39:00,7.219053,10.671913,8.1,3.27
T04,GL-4396,2026-03-17 04:40:00,7.219663,10.672082,6.6,2.81
T04,GL-4396,2026-03-17 04:41:00,7.220176,10.671962,4.4,3.88
T04,GL-4396,2026-03-17 04:42:00,7.220796,10.672016,9.1,5.3
T04,GL-4396,2026-03-17 04:43:00,7.221405,10.672247,9.5,3.16
T04,GL-4396,2026-03-17 04:44:00,7.221847,10.672182,8.2,2.91
T04,GL-4396,2026-03-17 04:45:00,7.222514,10.672221,8.5,5.14
T04,GL-4396,2026-03-17 04:46:00,7.223017,10.672281,6.3,4.74
T04,GL-4396,2026-03-17 04:47:00,7.223617,10.672449,11.8,3.42
T04,GL-4396,2026-03-17 04:48:00,7.224189,10.672403,6.9,3.7
T04,GL-4396,2026-03-17 04:49:00,7.224853,10.672495,5.5,4.85
T04,GL-4396,2026-03-17 04:50:00,7.225361,10.672486,10.5,5.12
T04,GL-4396,2026-03-17 04:51:00,7.225891,10.672525,8.2,4.17
T04,GL-4396,2026-03-17 04:52:00,7.22655,10.67253,5.3,4.19
T04,GL-4396,2026-03-17 04:53:00,7.227186,10.672583,7.7,4.55
T04,GL-4396,2026-03-17 04:54:00,7.22772,10.672726,7.9,2.85
T04,GL-4396,2026-03-17 04:55:00,7.228237,10.672732,4.5,3.59
T04,GL-4396,2026-03-17 04:56:00,7.228876,10.672789,6.6,3.62
T04,GL-4396,2026-03-17 04:57:00,7.229349,10.672672,11.7,2.8
T04,GL-4396,2026-03-17 04:58:00,7.229936,10.672757,6.6,2.94
T04,GL-4396,2026-03-17 04:59:00,7.230476,10.672924,5.1,3.05
T04,GL-4396,2026-03-17 05:00:00,7.231275,10.672932,6.2,3.82
T04,GL-4396,2026-03-17 05:01:00,7.231694,10.672897,8.1,4.99
T04,GL-4396,2026-03-17 05:02:00,7.232212,10.673092,,5.46
T04,GL-4396,2026-03-17 05:03:00,7.232971,10.673119,11.8,5.03
T04,GL-4396,2026-03-17 05:04:00,7.233404,10.673068,5.8,4.21
T04,GL-4396,2026-03-17 05:05:00,7.233972,10.673184,9.7,5.01
T04,GL-4396,2026-03-17 05:06:00,7.234634,10.6732,4.7,4.35
T04,GL-4396,2026-03-17 05:07:00,7.235229,10.673318,,4.27
T04,GL-4396,2026-03-17 05:08:00,7.235812,10.673351,7.4,4.1
T04,GL-4396,2026-03-17 05:09:00,7.236339,10.673357,6.4,2.97
T04,GL-4396,2026-03-17 05:10:00,7.236962,10.673336,,4.38
T04,GL-4396,2026-03-17 05:11:00,7.237549,10.673407,9.1,4.67
T04,GL-4396,2026-03-17 05:12:00,7.238109,10.673457,5.1,4.77
T04,GL-4396,2026-03-17 05:13:00,7.238599,10.673581,10.5,5.48
T04,GL-4396,2026-03-17 05:14:00,7.239195,10.673618,5.8,4.64
T04,GL-4396,2026-03-17 05:15:00,7.239845,10.673592,6.9,5.43
T04,GL-4396,2026-03-17 05:16:00,7.240492,10.673641,7.6,3.1
T04,GL-4396,2026-03-17 05:17:00,7.240941,10.673783,4.3,4.04
T04,GL-4396,2026-03-17 05:18:00,7.241566,10.673669,7.2,5.58
T04,GL-4396,2026-03-17 05:19:00,7.242164,10.673817,7.8,2.82
T04,GL-4396,2026-03-17 05:20:00,7.242682,10.673873,10.2,5.23
T04,GL-4396,2026-03-17 05:21:00,7.243159,10.673872,11.5,3.5
T04,GL-4396,2026-03-17 05:22:00,7.243708,10.673935,11.1,3.64
T04,GL-4396,2026-03-17 05:23:00,7.244422,10.674055,6.9,3.68
T04,GL-4396,2026-03-17 05:24:00,7.244996,10.674125,10.7,2.91
T04,GL-4396,2026-03-17 05:25:00,7.245535,10.674109,11.2,3.94
T04,GL-4396,2026-03-17 05:26:00,7.246206,10.674183,,4.2
T04,GL-4396,2026-03-17 05:27:00,7.246709,10.674221,7.8,3.49
T04,GL-4396,2026-03-17 05:28:00,7.247281,10.674216,7.6,4.75
T04,GL-4396,2026-03-17 05:29:00,7.247918,10.674232,12.0,3.25
T04,GL-4396,2026-03-17 05:30:00,7.248402,10.674361,11.9,3.21
T04,GL-4396,2026-03-17 05:31:00,7.249068,10.674443,7.3,5.33
T04,GL-4396,2026-03-17 05:32:00,7.249577,10.674456,4.3,3.21
T04,GL-4396,2026-03-17 05:33:00,7.250286,10.674456,5.9,5.4
T04,GL-4396,2026-03-17 05:34:00,7.250787,10.674557,6.4,3.2
T04,GL-4396,2026-03-17 05:35:00,7.251321,10.674546,10.6,4.5
T04,GL-4396,2026-03-17 05:36:00,7.251914,10.674486,8.5,2.92
T04,GL-4396,2026-03-17 05:37:00,7.252435,10.674608,9.4,3.47
T04,GL-4396,2026-03-17 05:38:00,7.253111,10.674681,10.6,5.44
T04,GL-4396,2026-03-17 05:39:00,7.253598,10.674773,5.6,3.02
T04,GL-4396,2026-03-17 05:40:00,7.254144,10.674772,7.3,3.51
T04,GL-4396,2026-03-17 05:41:00,7.254709,10.674869,8.2,4.06
T04,GL-4396,2026-03-17 05:42:00,7.255444,10.674743,9.6,5.02
T04,GL-4396,2026-03-17 05:43:00,7.25592,10.674891,4.4,4.7
T04,GL-4396,2026-03-17 05:44:00,7.256533,10.675012,4.7,4.26
T04,GL-4396,2026-03-17 05:45:00,7.257055,10.675095,6.0,3.2
T04,GL-4396,2026-03-17 05:46:00,7.257645,10.675089,4.7,3.84
T04,GL-4396,2026-03-17 05:47:00,7.258346,10.675143,10.0,4.99
T04,GL-4396,2026-03-17 05:48:00,7.258792,10.675196,11.1,5.19
T04,GL-4396,2026-03-17 05:49:00,7.259443,10.675227,10.0,4.63
T04,GL-4396,2026-03-17 05:50:00,7.260003,10.675338,10.1,3.87
T04,GL-4396,2026-03-17 05:51:00,7.260596,10.675269,10.9,5.46
T04,GL-4396,2026-03-17 05:52:00,7.26113,10.675423,11.3,3.06
T04,GL-4396,2026-03-17 05:53:00,7.261648,10.675509,8.6,4.19
T04,GL-4396,2026-03-17 05:54:00,7.262201,10.675533,10.8,3.65
T04,GL-4396,2026-03-17 05:55:00,7.262711,10.675463,8.0,4.9
T04,GL-4396,2026-03-17 05:56:00,7.263428,10.675574,10.5,5.49
T04,GL-4396,2026-03-17 05:57:00,7.263916,10.675708,10.3,5.46
T04,GL-4396,2026-03-17 05:58:00,7.264643,10.675754,9.8,4.37
T04,GL-4396,2026-03-17 05:59:00,7.265234,10.675712,11.3,4.17
T04,GL-4396,2026-03-17 06:00:00,7.265772,10.675796,5.0,3.6
T04,GL-4396,2026-03-17 06:01:00,7.266247,10.67596,11.4,4.47
T04,GL-4396,2026-03-17 06:02:00,7.266863,10.675959,9.6,4.4
T04,GL-4396,2026-03-17 06:03:00,7.267559,10.676028,5.3,4.61
T04,GL-4396,2026-03-17 06:04:00,7.268049,10.67589,10.7,3.35
T04,GL-4396,2026-03-17 06:05:00,7.268549,10.676044,8.2,4.6
T04,GL-4396,2026-03-17 06:06:00,7.269099,10.676121,7.9,5.1
T04,GL-4396,2026-03-17 06:07:00,7.269804,10.676093,6.5,4.06
T04,GL-4396,2026-03-17 06:08:00,7.270364,10.676149,9.5,5.19
T04,GL-4396,2026-03-17 06:09:00,7.270835,10.67627,10.7,5.33
T04,GL-4396,2026-03-17 06:10:00,7.271419,10.676222,5.5,5.46
T04,GL-4396,2026-03-17 06:11:00,7.272092,10.676222,8.6,4.86
T04,GL-4396,2026-03-17 06:12:00,7.272623,10.676409,6.3,3.78
T04,GL-4396,2026-03-17 06:13:00,7.273249,10.676348,,3.48
T04,GL-4396,2026-03-17 06:14:00,7.273812,10.676498,9.1,4.21
T04,GL-4396,2026-03-17 06:15:00,7.27431,10.676462,10.1,4.28
T04,GL-4396,2026-03-17 06:16:00,7.274857,10.67657,10.2,3.0
T04,GL-4396,2026-03-17 06:17:00,7.275554,10.676596,11.4,5.04
T04,GL-4396,2026-03-17 06:18:00,7.276016,10.676518,8.2,3.95
T04,GL-4396,2026-03-17 06:19:00,7.276574,10.676564,5.1,4.71
T04,GL-4396,2026-03-17 06:20:00,7.27725,10.676742,7.8,3.19
T04,GL-4396,2026-03-17 06:21:00,7.277867,10.676975,9.7,4.77
T04,GL-4396,2026-03-17 06:22:00,7.27831,10.676767,4.1,3.05
T04,GL-4396,2026-03-17 06:23:00,7.278973,10.67681,9.4,4.63
T04,GL-4396,2026-03-17 06:24:00,7.279494,10.676903,6.0,2.86
T04,GL-4396,2026-03-17 06:25:00,7.280152,10.676995,7.6,3.1
T04,GL-4396,2026-03-17 06:26:00,7.280688,10.676994,9.7,4.26
T04,GL-4396,2026-03-17 06:27:00,7.281307,10.677062,6.9,4.68
T04,GL-4396,2026-03-17 06:28:00,7.281876,10.677105,4.1,4.25
T04,GL-4396,2026-03-17 06:29:00,7.282372,10.677139,11.0,5.03
T04,GL-4396,2026-03-17 06:30:00,7.283014,10.677121,9.8,5.0
T04,GL-4396,2026-03-17 06:31:00,7.283584,10.677179,6.3,5.57
T04,GL-4396,2026-03-17 06:32:00,7.284091,10.677241,8.7,3.23
T04,GL-4396,2026-03-17 06:33:00,7.284838,10.677391,9.9,4.06
T04,GL-4396,2026-03-17 06:34:00,7.285317,10.677444,8.1,5.15
T04,GL-4396,2026-03-17 06:35:00,7.28594,10.677472,6.8,3.1
T04,GL-4396,2026-03-17 06:36:00,7.286524,10.677432,8.8,5.43
T04,GL-4396,2026-03-17 06:37:00,7.28693,10.677492,,3.48
T04,GL-4396,2026-03-17 06:38:00,7.28764,10.677644,9.9,4.81
T04,GL-4396,2026-03-17 06:39:00,7.288208,10.677533,5.3,4.96
T04,GL-4396,2026-03-17 06:40:00,7.288753,10.677699,5.1,4.54
T04,GL-4396,2026-03-17 06:41:00,7.289436,10.677805,6.9,2.82
T04,GL-4396,2026-03-17 06:42:00,7.289959,10.677741,8.4,4.44
T04,GL-4396,2026-03-17 06:43:00,7.29048,10.677695,6.7,4.46
T04,GL-4396,2026-03-17 06:44:00,7.291028,10.677881,11.3,4.25
T04,GL-4396,2026-03-17 06:45:00,7.291682,10.677802,10.9,4.71
T04,GL-4396,2026-03-17 06:46:00,7.29226,10.677986,4.4,3.1
T04,GL-4396,2026-03-17 06:47:00,7.292862,10.678036,6.2,5.33
T04,GL-4396,2026-03-17 06:48:00,7.293375,10.678018,7.9,5.29
T04,GL-4396,2026-03-17 06:49:00,7.294008,10.678061,4.9,5.26
T04,GL-4396,2026-03-17 06:50:00,7.294478,10.678075,6.4,4.24
T04,GL-4396,2026-03-17 06:51:00,7.295208,10.678135,6.0,5.36
T04,GL-4396,2026-03-17 06:52:00,7.295713,10.678164,5.3,3.52
T04,GL-4396,2026-03-17 06:53:00,7.296241,10.67826,9.4,3.72
T04,GL-4396,2026-03-17 06:54:00,7.296853,10.678399,6.3,5.39
T04,GL-4396,2026-03-17 06:55:00,7.297456,10.678389,4.6,4.63
T04,GL-4396,2026-03-17 06:56:00,7.297962,10.678504,4.9,4.22
T04,GL-4396,2026-03-17 06:57:00,7.298538,10.678624,7.5,3.38
T04,GL-4396,2026-03-17 06:58:00,7.299166,10.6785,8.5,3.41
T04,GL-4396,2026-03-17 06:59:00,7.299754,10.678481,7.2,5.12
T04,GL-4396,2026-03-17 07:00:00,7.300333,10.678623,6.6,3.98
T04,GL-4396,2026-03-17 07:01:00,7.30099,10.678552,5.6,3.48
T04,GL-4396,2026-03-17 07:02:00,7.301574,10.678715,7.6,4.7
T04,GL-4396,2026-03-17 07:03:00,7.301995,10.678693,9.8,3.08
T04,GL-4396,2026-03-17 07:04:00,7.302586,10.678723,8.7,3.46
T04,GL-4396,2026-03-17 07:05:00,7.303218,10.678888,,3.87
T04,GL-4396,2026-03-17 07:06:00,7.303775,10.678921,11.1,4.88
T04,GL-4396,2026-03-17 07:07:00,7.304279,10.678838,6.9,3.08
T04,GL-4396,2026-03-17 07:08:00,7.304912,10.67903,4.5,3.38
T04,GL-4396,2026-03-17 07:09:00,7.305513,10.679136,8.2,3.54
T04,GL-4396,2026-03-17 07:10:00,7.30602,10.67908,11.6,4.93
T04,GL-4396,2026-03-17 07:11:00,7.306668,10.679181,7.4,5.03
T04,GL-4396,2026-03-17 07:12:00,7.307299,10.679135,8.9,2.95
T04,GL-4396,2026-03-17 07:13:00,7.30779,10.679218,6.9,5.45
T04,GL-4396,2026-03-17 07:14:00,7.308365,10.679276,10.7,2.96
T04,GL-4396,2026-03-17 07:15:00,7.308882,10.679268,8.9,3.83
T04,GL-4396,2026-03-17 07:16:00,7.309539,10.679393,8.3,5.01
T04,GL-4396,2026-03-17 07:17:00,7.310073,10.679483,8.3,5.08
T04,GL-4396,2026-03-17 07:18:00,7.310728,10.679455,11.5,3.17
T04,GL-4396,2026-03-17 07:19:00,7.311221,10.679477,5.5,3.74
T04,GL-4396,2026-03-17 07:20:00,7.311893,10.67954,8.8,3.97
T04,GL-4396,2026-03-17 07:21:00,7.312407,10.679509,5.2,4.64
T04,GL-4396,2026-03-17 07:22:00,7.31305,10.679653,8.2,3.26
T04,GL-4396,2026-03-17 07:23:00,7.313535,10.679711,4.9,4.99
T04,GL-4396,2026-03-17 07:24:00,7.314095,10.679755,10.8,2.97
T04,GL-4396,2026-03-17 07:35:00,7.320443,10.680209,9.1,5.6
T04,GL-4396,2026-03-17 07:36:00,7.321082,10.680374,8.7,5.3
T04,GL-4396,2026-03-17 07:37:00,7.321613,10.680409,6.0,5.36
T04,GL-4396,2026-03-17 07:38:00,7.322228,10.680276,5.5,4.7
T04,GL-4396,2026-03-17 07:39:00,7.322784,10.68046,5.0,3.99
T04,GL-4396,2026-03-17 07:40:00,7.323355,10.680549,8.3,3.39
T04,GL-4396,2026-03-17 07:41:00,7.323929,10.680684,4.9,4.59
T04,GL-4396,2026-03-17 07:42:00,7.324502,10.680652,10.1,3.45
T04,GL-4396,2026-03-17 07:43:00,7.324884,10.680616,4.5,5.14
T04,GL-4396,2026-03-17 07:44:00,7.325688,10.680581,5.1,2.97
T04,GL-4396,2026-03-17 07:45:00,7.326171,10.680614,8.6,4.87
T04,GL-4396,2026-03-17 07:46:00,7.326725,10.680793,9.6,3.92
T04,GL-4396,2026-03-17 07:47:00,7.327501,10.680777,9.6,4.74
T04,GL-4396,2026-03-17 07:48:00,7.328028,10.680869,4.5,4.94
T04,GL-4396,2026-03-17 07:49:00,7.328524,10.680977,6.8,5.38
T04,GL-4396,2026-03-17 07:50:00,7.329126,10.680892,8.9,3.94
T04,GL-4396,2026-03-17 07:51:00,7.329689,10.681047,11.7,4.93
T04,GL-4396,2026-03-17 07:52:00,7.330148,10.681263,4.7,3.8
T04,GL-4396,2026-03-17 07:53:00,7.330866,10.681146,6.5,4.13
T04,GL-4396,2026-03-17 07:54:00,7.331467,10.681222,5.9,3.04
T04,GL-4396,2026-03-17 07:55:00,7.331978,10.681226,9.4,4.08
T04,GL-4396,2026-03-17 07:56:00,7.332628,10.681174,8.0,4.12
T04,GL-4396,2026-03-17 07:57:00,7.333278,10.681293,10.8,4.53
T04,GL-4396,2026-03-17 07:58:00,7.33366,10.681252,10.5,5.41
T04,GL-4396,2026-03-17 07:59:00,7.334331,10.681443,8.2,3.88
T04,GL-4396,2026-03-17 08:00:00,7.33485,10.681374,6.1,5.41
T04,GL-4396,2026-03-17 08:01:00,7.335454,10.68155,7.7,3.68
T04,GL-4396,2026-03-17 08:02:00,7.336142,10.681444,5.3,2.91
T04,GL-4396,2026-03-17 08:03:00,7.336599,10.681534,6.7,4.03
T04,GL-4396,2026-03-17 08:04:00,7.337202,10.681655,6.5,2.91
T04,GL-4396,2026-03-17 08:05:00,7.337893,10.681701,9.8,3.53
T04,GL-4396,2026-03-17 08:06:00,7.338334,10.681766,8.3,3.55
T04,GL-4396,2026-03-17 08:07:00,7.338913,10.681747,12.0,3.89
T04,GL-4396,2026-03-17 08:08:00,7.339537,10.681838,8.6,5.44
T04,GL-4396,2026-03-17 08:09:00,7.340038,10.681902,10.0,5.31
T04,GL-4396,2026-03-17 08:10:00,7.340608,10.681947,11.9,3.34
T04,GL-4396,2026-03-17 08:11:00,7.341206,10.681987,5.1,4.3
T04,GL-4396,2026-03-17 08:12:00,7.341746,10.682028,5.3,4.79
T04,GL-4396,2026-03-17 08:13:00,7.342375,10.682079,7.6,3.08
T04,GL-4396,2026-03-17 08:14:00,7.342955,10.682009,5.1,4.72
T04,GL-4396,2026-03-17 08:15:00,7.343594,10.682234,8.8,4.98
T04,GL-4396,2026-03-17 08:16:00,7.344083,10.682173,6.4,4.48
T04,GL-4396,2026-03-17 08:17:00,7.344694,10.682229,8.9,3.88
T04,GL-4396,2026-03-17 08:18:00,7.345358,10.682241,9.6,4.67
T04,GL-4396,2026-03-17 08:19:00,7.345817,10.682263,8.7,2.94
T04,GL-4396,2026-03-17 08:20:00,7.34628,10.682443,10.0,4.78
T04,GL-4396,2026-03-17 08:21:00,7.346966,10.682493,8.6,3.39
T04,GL-4396,2026-03-17 08:22:00,7.347612,10.682411,5.1,4.95
T04,GL-4396,2026-03-17 08:23:00,7.348046,10.682572,10.9,3.31
T04,GL-4396,2026-03-17 08:24:00,7.348764,10.682521,8.4,5.11
T04,GL-4396,2026-03-17 08:25:00,7.349249,10.682636,5.0,5.46
T04,GL-4396,2026-03-17 08:26:00,7.349851,10.682721,7.7,4.95
T04,GL-4396,2026-03-17 08:27:00,7.350465,10.682676,8.7,4.36
T04,GL-4396,2026-03-17 08:28:00,7.351012,10.682813,4.2,3.35
T04,GL-4396,2026-03-17 08:29:00,7.351554,10.68278,9.8,3.11
T04,GL-4396,2026-03-17 08:30:00,7.3522,10.682853,6.8,4.36
T04,GL-4396,2026-03-17 08:31:00,7.352669,10.682911,4.2,3.74
T04,GL-4396,2026-03-17 08:32:00,7.353281,10.68294,7.7,4.09
T04,GL-4396,2026-03-17 08:33:00,7.353919,10.682917,9.7,2.94
T04,GL-4396,2026-03-17 08:34:00,7.354467,10.683127,5.0,3.81
T04,GL-4396,2026-03-17 08:35:00,7.355,10.683067,9.3,4.02
T04,GL-4396,2026-03-17 08:36:00,7.355691,10.683167,5.7,3.54
T04,GL-4396,2026-03-17 08:37:00,7.356271,10.68314,8.5,3.05
T04,GL-4396,2026-03-17 08:38:00,7.356788,10.683239,7.9,3.1
T04,GL-4396,2026-03-17 08:39:00,7.357467,10.683352,6.8,4.92
T04,GL-4396,2026-03-17 08:40:00,7.357858,10.683331,11.2,5.47
T04,GL-4396,2026-03-17 08:41:00,7.358565,10.683452,6.6,4.71
T04,GL-4396,2026-03-17 08:42:00,7.359178,10.683403,7.5,4.82
T04,GL-4396,2026-03-17 08:43:00,7.359713,10.683427,8.9,5.47
T04,GL-4396,2026-03-17 08:44:00,7.360191,10.683476,6.6,4.13
T04,GL-4396,2026-03-17 08:45:00,7.360797,10.683543,5.5,4.96
T04,GL-4396,2026-03-17 08:46:00,7.36139,10.68356,6.9,3.34
T04,GL-4396,2026-03-17 08:47:00,7.362086,10.683762,7.4,3.48
T04,GL-4396,2026-03-17 08:48:00,7.362531,10.683677,8.5,5.39
T04,GL-4396,2026-03-17 08:49:00,7.3631,10.683865,10.7,5.39
T04,GL-4396,2026-03-17 08:50:00,7.363604,10.683889,5.3,5.33
T04,GL-4396,2026-03-17 08:51:00,7.364187,10.683892,6.1,2.88
T04,GL-4396,2026-03-17 08:52:00,7.364836,10.683896,7.2,4.22
T04,GL-4396,2026-03-17 08:53:00,7.365329,10.683969,10.9,4.07
T04,GL-4396,2026-03-17 08:54:00,7.365935,10.683912,5.3,5.4
T04,GL-4396,2026-03-17 08:55:00,7.366546,10.683994,4.6,3.71
T04,GL-4396,2026-03-17 08:56:00,7.367182,10.684125,4.3,4.12
T04,GL-4396,2026-03-17 08:57:00,7.367691,10.684185,10.2,4.28
T04,GL-4396,2026-03-17 08:58:00,7.368211,10.68413,7.5,4.18
T04,GL-4396,2026-03-17 08:59:00,7.368897,10.684191,5.4,3.8
T04,GL-4396,2026-03-17 09:00:00,7.369457,10.684146,5.1,4.95
T04,GL-4396,2026-03-17 09:01:00,7.370013,10.684319,8.3,2.94
T04,GL-4396,2026-03-17 09:02:00,7.370576,10.684418,6.0,3.49
T04,GL-4396,2026-03-17 09:03:00,7.371161,10.684389,6.6,4.8
T04,GL-4396,2026-03-17 09:04:00,7.371767,10.684464,10.8,4.6
T04,GL-4396,2026-03-17 09:05:00,7.372363,10.684581,11.9,3.49
T04,GL-4396,2026-03-17 09:06:00,7.372887,10.684563,11.7,4.0
T04,GL-4396,2026-03-17 09:07:00,7.373418,10.684733,8.8,3.09
T04,GL-4396,2026-03-17 09:08:00,7.374045,10.684643,7.7,4.7
T04,GL-4396,2026-03-17 09:09:00,7.37458,10.684694,10.7,3.53
T04,GL-4396,2026-03-17 09:10:00,7.375161,10.6848,6.8,4.7
T04,GL-4396,2026-03-17 09:11:00,7.375873,10.684854,6.6,3.02
T04,GL-4396,2026-03-17 09:12:00,7.376378,10.684855,8.1,4.19
T04,GL-4396,2026-03-17 09:13:00,7.377012,10.685017,5.0,3.68
T04,GL-4396,2026-03-17 09:14:00,7.377497,10.685067,10.1,3.95
T04,GL-4396,2026-03-17 09:15:00,7.378045,10.68512,11.2,5.33
T04,GL-4396,2026-03-17 09:16:00,7.3786,10.685081,4.1,3.97
T04,GL-4396,2026-03-17 09:17:00,7.379261,10.685156,10.5,5.16
T04,GL-4396,2026-03-17 09:18:00,7.379876,10.685188,9.5,3.66
T04,GL-4396,2026-03-17 09:19:00,7.380326,10.685293,7.0,5.38
T04,GL-4396,2026-03-17 09:20:00,7.380913,10.685172,9.1,3.93
T04,GL-4396,2026-03-17 09:21:00,7.381501,10.685306,9.7,4.66
T04,GL-4396,2026-03-17 09:22:00,7.382084,10.685318,11.6,3.5
T04,GL-4396,2026-03-17 09:23:00,7.382802,10.685411,6.3,5.06
T04,GL-4396,2026-03-17 09:24:00,7.38327,10.685423,10.8,5.26
T04,GL-4396,2026-03-17 09:25:00,7.383759,10.685452,4.7,3.72
T04,GL-4396,2026-03-17 09:26:00,7.384534,10.685501,4.2,3.88
T04,GL-4396,2026-03-17 09:27:00,7.384947,10.685527,8.1,3.57
T04,GL-4396,2026-03-17 09:28:00,7.385714,10.685539,5.2,3.16
T04,GL-4396,2026-03-17 09:29:00,7.386169,10.685589,7.9,4.37
T04,GL-4396,2026-03-17 09:30:00,10.685744,7.386781,9.7,3.64
T04,GL-4396,2026-03-17 09:31:00,7.387355,10.685806,6.1,5.07
T04,GL-4396,2026-03-17 09:32:00,7.387873,10.6858,8.7,2.84
T04,GL-4396,2026-03-17 09:33:00,7.388524,10.685858,10.7,5.24
T04,GL-4396,2026-03-17 09:34:00,7.389014,10.68585,7.1,4.24
T04,GL-4396,2026-03-17 09:35:00,7.389579,10.6859,11.3,4.86
T04,GL-4396,2026-03-17 09:36:00,7.39023,10.685957,7.9,4.13
T04,GL-4396,2026-03-17 09:37:00,7.39078,10.686054,6.5,5.08
T04,GL-4396,2026-03-17 09:38:00,7.391469,10.686178,7.9,3.66
T04,GL-4396,2026-03-17 09:39:00,7.391956,10.686164,10.1,4.87
T04,GL-4396,2026-03-17 09:40:00,7.392545,10.686068,4.1,5.42
T04,GL-4396,2026-03-17 09:41:00,7.393049,10.686349,9.6,4.92
T04,GL-4396,2026-03-17 09:42:00,7.39367,10.686194,10.5,3.63
T04,GL-4396,2026-03-17 09:43:00,7.394309,10.686272,7.0,3.05
T04,GL-4396,2026-03-17 09:44:00,7.394791,10.686373,7.7,5.53
T04,GL-4396,2026-03-17 09:45:00,7.395392,10.686354,11.6,4.5
T04,GL-4396,2026-03-17 09:46:00,7.396015,10.686559,4.9,3.33
T04,GL-4396,2026-03-17 09:47:00,7.396424,10.686524,11.6,4.05
T04,GL-4396,2026-03-17 09:48:00,7.397111,10.68657,6.9,4.81
T04,GL-4396,2026-03-17 09:49:00,7.397572,10.686616,5.2,5.01
T04,GL-4396,2026-03-17 09:50:00,7.398217,10.686725,7.4,4.65
T04,GL-4396,2026-03-17 09:51:00,7.398902,10.686619,5.7,4.84
T04,GL-4396,2026-03-17 09:52:00,7.399342,10.686732,9.9,4.45
T04,GL-4396,2026-03-17 09:53:00,7.400066,10.686801,6.9,3.53
T04,GL-4396,2026-03-17 09:54:00,7.400565,10.686856,8.7,3.39
T04,GL-4396,2026-03-17 09:55:00,7.401195,10.686833,6.0,4.84
T04,GL-4396,2026-03-17 09:56:00,7.40171,10.686885,10.6,3.37
T04,GL-4396,2026-03-17 09:57:00,7.402421,10.686979,9.3,4.09
T04,GL-4396,2026-03-17 09:58:00,7.402818,10.687054,7.3,5.17
T04,GL-4396,2026-03-17 09:59:00,7.403396,10.687028,5.9,3.23
T04,GL-4396,2026-03-17 10:00:00,7.404118,10.687184,8.5,5.06
T04,GL-4396,2026-03-17 10:01:00,7.404604,10.687192,6.1,4.6
T04,GL-4396,2026-03-17 10:02:00,7.405086,10.68723,10.2,5.17
T04,GL-4396,2026-03-17 10:03:00,7.405802,10.687264,9.7,5.04
T04,GL-4396,2026-03-17 10:04:00,7.406252,10.687312,6.5,3.21
T04,GL-4396,2026-03-17 10:05:00,7.406789,10.687406,11.3,2.82
T04,GL-4396,2026-03-17 10:06:00,7.407477,10.687387,4.9,3.09
T04,GL-4396,2026-03-17 10:07:00,7.408024,10.687515,11.7,3.87
T04,GL-4396,2026-03-17 10:08:00,7.408636,10.687628,8.5,5.26
T04,GL-4396,2026-03-17 10:09:00,7.409177,10.687541,6.8,4.18
T04,GL-4396,2026-03-17 10:10:00,7.409795,10.687544,11.7,4.47
T04,GL-4396,2026-03-17 10:11:00,7.410402,10.687782,4.8,5.0
T04,GL-4396,2026-03-17 10:12:00,7.410926,10.687613,4.6,2.83
T04,GL-4396,2026-03-17 10:13:00,7.411469,10.687761,9.4,4.98
T04,GL-4396,2026-03-17 10:14:00,7.412145,10.687775,10.8,5.39
T04,GL-4396,2026-03-17 10:15:00,7.412628,10.687803,7.2,4.79
T04,GL-4396,2026-03-17 10:16:00,7.41313,10.687799,4.7,5.49
T04,GL-4396,2026-03-17 10:17:00,7.413859,10.687967,6.7,3.91
T04,GL-4396,2026-03-17 10:18:00,7.414464,10.688059,4.3,4.72
T04,GL-4396,2026-03-17 10:19:00,7.414985,10.688036,4.5,5.19
T04,GL-4396,2026-03-17 10:20:00,7.415562,10.688075,4.3,5.53
T04,GL-4396,2026-03-17 10:21:00,7.416152,10.688252,10.4,4.39
T04,GL-4396,2026-03-17 10:22:00,7.416796,10.688095,9.1,4.92
T04,GL-4396,2026-03-17 10:23:00,7.417295,10.688216,9.5,3.62
T04,GL-4396,2026-03-17 10:24:00,7.417893,10.688241,5.1,4.45
T04,GL-4396,2026-03-17 10:25:00,7.418468,10.688179,,4.14
T04,GL-4396,2026-03-17 10:26:00,7.419064,10.688303,8.7,4.26
T04,GL-4396,2026-03-17 10:27:00,7.419505,10.68836,5.1,3.0
T04,GL-4396,2026-03-17 10:28:00,7.420224,10.688479,4.8,4.34
T04,GL-4396,2026-03-17 10:29:00,7.420785,10.688534,8.5,3.45
T04,GL-4396,2026-03-17 10:30:00,7.421389,10.688518,4.4,5.54
T04,GL-4396,2026-03-17 10:31:00,7.421957,10.688625,11.5,3.42
T04,GL-4396,2026-03-17 10:32:00,7.422442,10.688673,4.8,3.26
T04,GL-4396,2026-03-17 10:33:00,7.423134,10.688747,8.0,4.68
T04,GL-4396,2026-03-17 10:34:00,7.423634,10.688672,,5.21
T04,GL-4396,2026-03-17 10:35:00,7.424214,10.688854,4.4,5.17
T04,GL-4396,2026-03-17 10:36:00,7.424736,10.688807,9.8,5.4
T04,GL-4396,2026-03-17 10:37:00,7.425408,10.68887,11.8,3.95
T04,GL-4396,2026-03-17 10:38:00,7.425925,10.689005,11.8,3.22
T04,GL-4396,2026-03-17 10:39:00,7.426574,10.688926,5.2,5.19
T04,GL-4396,2026-03-17 10:40:00,7.427084,10.689053,6.1,3.02
T04,GL-4396,2026-03-17 10:41:00,7.427786,10.689122,7.6,3.27
T04,GL-4396,2026-03-17 10:42:00,7.428155,10.689063,10.5,5.4
T04,GL-4396,2026-03-17 10:43:00,7.428767,10.689208,6.1,2.96
T04,GL-4396,2026-03-17 10:44:00,7.429374,10.689177,6.7,3.41
T04,GL-4396,2026-03-17 10:45:00,7.430062,10.689158,4.7,5.52
T04,GL-4396,2026-03-17 10:46:00,7.430519,10.689312,10.5,5.27
T04,GL-4396,2026-03-17 10:47:00,7.431134,10.689372,9.0,5.08
T04,GL-4396,2026-03-17 10:48:00,7.431692,10.689425,5.6,3.28
T04,GL-4396,2026-03-17 10:49:00,7.432279,10.68939,11.2,4.83
T04,GL-4396,2026-03-17 10:50:00,7.432851,10.689476,5.1,3.0
T04,GL-4396,2026-03-17 10:51:00,7.433456,10.689537,4.1,3.47
T04,GL-4396,2026-03-17 10:52:00,7.434078,10.689665,7.8,5.0
T04,GL-4396,2026-03-17 10:53:00,7.43458,10.689578,9.4,3.13
T04,GL-4396,2026-03-17 10:54:00,7.435134,10.689703,7.0,4.96
T04,GL-4396,2026-03-17 10:55:00,7.435769,10.689742,10.6,3.03
T04,GL-4396,2026-03-17 10:56:00,7.436295,10.68983,4.3,4.25
T04,GL-4396,2026-03-17 10:57:00,7.436893,10.689684,5.1,3.33
T04,GL-4396,2026-03-17 10:58:00,7.4374,10.68986,9.8,4.35
T04,GL-4396,2026-03-17 10:59:00,7.438027,10.689901,9.2,4.4
T04,GL-4396,2026-03-17 11:00:00,7.438614,10.689883,11.7,3.87
T04,GL-4396,2026-03-17 11:01:00,7.439236,10.690063,7.8,5.59
T04,GL-4396,2026-03-17 11:02:00,7.439804,10.690038,6.1,3.03
T04,GL-4396,2026-03-17 11:03:00,7.440365,10.690144,6.9,3.2
T04,GL-4396,2026-03-17 11:04:00,7.440861,10.690187,10.3,3.74
T04,GL-4396,2026-03-17 11:05:00,7.441404,10.690213,8.4,4.21
T04,GL-4396,2026-03-17 11:06:00,7.442026,10.690256,5.0,2.83
T04,GL-4396,2026-03-17 11:07:00,7.442559,10.690187,7.8,5.57
T04,GL-4396,2026-03-17 11:08:00,7.443262,10.690352,5.9,3.94
T04,GL-4396,2026-03-17 11:09:00,7.443769,10.690368,7.7,5.27
T04,GL-4396,2026-03-17 11:10:00,7.444322,10.690472,6.6,5.01
T04,GL-4396,2026-03-17 11:11:00,7.444938,10.690471,9.5,5.59
T04,GL-4396,2026-03-17 11:12:00,7.445484,10.690615,8.8,5.4
T04,GL-4396,2026-03-17 11:13:00,7.446189,10.690549,10.3,4.66
T04,GL-4396,2026-03-17 11:14:00,7.446719,10.690492,,3.04
T04,GL-4396,2026-03-17 11:15:00,7.447229,10.690728,8.3,5.56
T04,GL-4396,2026-03-17 11:16:00,7.447804,10.690768,5.0,3.24
T04,GL-4396,2026-03-17 11:17:00,7.448363,10.690606,8.7,4.42
T04,GL-4396,2026-03-17 11:18:00,7.448898,10.690807,4.5,4.68
T04,GL-4396,2026-03-17 11:19:00,7.449597,10.690826,4.5,3.15
T04,GL-4396,2026-03-17 11:20:00,7.450115,10.690927,9.6,3.88
T04,GL-4396,2026-03-17 11:21:00,7.450702,10.690934,9.4,4.97
T04,GL-4396,2026-03-17 11:22:00,7.451381,10.691031,7.5,3.68
T04,GL-4396,2026-03-17 11:23:00,7.451739,10.690976,4.5,3.31
T04,GL-4396,2026-03-17 11:24:00,7.452474,10.691023,6.8,3.44
T04,GL-4396,2026-03-17 11:25:00,7.45309,10.691007,11.5,4.97
T04,GL-4396,2026-03-17 11:26:00,7.453518,10.691223,5.0,4.29
T04,GL-4396,2026-03-17 11:27:00,7.454142,10.691247,5.6,3.19
T04,GL-4396,2026-03-17 11:28:00,7.454856,10.691209,8.8,4.31
T04,GL-4396,2026-03-17 11:29:00,7.455271,10.691419,8.2,4.57
T04,GL-4396,2026-03-17 11:30:00,7.455914,10.691358,10.9,5.49
T04,GL-4396,2026-03-17 11:31:00,7.456486,10.691491,6.8,2.83
T04,GL-4396,2026-03-17 11:32:00,7.457073,10.691483,4.9,5.28
T04,GL-4396,2026-03-17 11:33:00,7.45762,10.691539,4.8,5.59
T04,GL-4396,2026-03-17 11:34:00,7.458297,10.691552,10.7,5.37
T04,GL-4396,2026-03-17 11:35:00,7.458823,10.691509,,5.35
T04,GL-4396,2026-03-17 11:36:00,7.459352,10.69165,8.9,4.59
T04,GL-4396,2026-03-17 11:37:00,7.459931,10.691674,6.2,2.9
T04,GL-4396,2026-03-17 11:38:00,7.460538,10.691847,11.2,5.37
T04,GL-4396,2026-03-17 11:39:00,7.461167,10.691821,9.6,5.2
T04,GL-4396,2026-03-17 11:40:00,7.461616,10.691914,7.1,3.3
T04,GL-4396,2026-03-17 11:41:00,7.462285,10.691898,5.8,3.94
T04,GL-4396,2026-03-17 11:42:00,7.462768,10.692019,8.9,3.91
T04,GL-4396,2026-03-17 11:43:00,7.463343,10.692014,7.7,4.68
T04,GL-4396,2026-03-17 11:44:00,7.463899,10.69204,7.6,3.53
T04,GL-4396,2026-03-17 11:45:00,7.464471,10.692024,6.6,5.13
T04,GL-4396,2026-03-17 11:46:00,7.465136,10.692153,6.3,4.0
T04,GL-4396,2026-03-17 11:47:00,7.465619,10.692213,4.3,3.33
T04,GL-4396,2026-03-17 11:48:00,7.466268,10.692188,8.9,4.96
T04,GL-4396,2026-03-17 11:49:00,7.466874,10.692382,11.3,3.37
T04,GL-4396,2026-03-17 11:50:00,7.467326,10.692323,6.5,4.52
T04,GL-4396,2026-03-17 11:51:00,7.467991,10.692357,10.1,5.44
T04,GL-4396,2026-03-17 11:52:00,7.468632,10.692393,9.8,4.92
T04,GL-4396,2026-03-17 11:53:00,7.469089,10.692474,6.8,4.02
T04,GL-4396,2026-03-17 11:54:00,7.469738,10.692593,9.4,4.32
T04,GL-4396,2026-03-17 11:55:00,7.470331,10.692628,11.5,3.81
T04,GL-4396,2026-03-17 11:56:00,7.470782,10.692517,7.1,5.56
T04,GL-4396,2026-03-17 11:57:00,7.471458,10.692669,6.9,4.55
T04,GL-4396,2026-03-17 11:58:00,7.471971,10.692685,10.0,5.59
T04,GL-4396,2026-03-17 11:59:00,7.472654,10.692803,5.4,4.03
T04,GL-4396,2026-03-17 12:00:00,7.473256,10.692835,6.4,2.94
T04,GL-4396,2026-03-17 12:01:00,7.473798,10.692857,6.3,3.89
T04,GL-4396,2026-03-17 12:02:00,7.474233,10.692823,9.9,3.42
T04,GL-4396,2026-03-17 12:03:00,7.474938,10.693003,9.4,3.51
T04,GL-4396,2026-03-17 12:04:00,7.475473,10.693036,4.3,4.96
T04,GL-4396,2026-03-17 12:05:00,7.47598,10.692909,6.2,4.09
T04,GL-4396,2026-03-17 12:06:00,7.476769,10.693169,4.1,2.9
T04,GL-4396,2026-03-17 12:07:00,7.477366,10.693179,8.2,3.46
T04,GL-4396,2026-03-17 12:08:00,7.477771,10.693189,5.0,3.55
T04,GL-4396,2026-03-17 12:09:00,7.478311,10.693275,7.8,4.42
T04,GL-4396,2026-03-17 12:10:00,7.478907,10.693084,8.3,4.54
T04,GL-4396,2026-03-17 12:11:00,7.479543,10.693401,8.4,5.09
T04,GL-4396,2026-03-17 12:12:00,7.480106,10.693428,7.0,4.3
T04,GL-4396,2026-03-17 12:13:00,7.480617,10.693464,11.5,3.69
T04,GL-4396,2026-03-17 12:14:00,7.481197,10.693491,11.8,4.72
T04,GL-4396,2026-03-17 12:15:00,7.481763,10.693595,8.6,4.34
T04,GL-4396,2026-03-17 12:16:00,7.482369,10.693635,7.1,2.85
T04,GL-4396,2026-03-17 12:17:00,7.482941,10.693617,,4.49
T04,GL-4396,2026-03-17 12:18:00,7.483571,10.693667,4.0,4.83
T04,GL-4396,2026-03-17 12:19:00,7.484212,10.69377,,4.79
T04,GL-4396,2026-03-17 12:20:00,7.484739,10.693699,6.8,3.47
T04,GL-4396,2026-03-17 12:21:00,8.002648,10.693839,5.6,306.53
T04,GL-4396,2026-03-17 12:22:00,7.485845,10.693918,8.9,2.95
T04,GL-4396,2026-03-17 12:23:00,7.486371,10.693897,10.5,4.7
T04,GL-4396,2026-03-17 12:24:00,7.487048,10.693915,9.1,5.56
T04,GL-4396,2026-03-17 12:25:00,7.487626,10.694055,5.9,4.52
T04,GL-4396,2026-03-17 12:26:00,7.488213,10.694185,4.2,5.23
T04,GL-4396,2026-03-17 12:27:00,7.48874,10.694058,7.7,5.01
T04,GL-4396,2026-03-17 12:28:00,7.489319,10.694097,4.1,4.5
T04,GL-4396,2026-03-17 12:29:00,7.489943,10.694125,8.5,5.27
T04,GL-4396,2026-03-17 12:30:00,7.490515,10.694324,8.9,4.77
T04,GL-4396,2026-03-17 12:31:00,7.49099,10.694268,5.0,4.82
T04,GL-4396,2026-03-17 12:32:00,7.491645,10.694246,4.9,4.43
T04,GL-4396,2026-03-17 12:33:00,7.492176,10.694335,7.9,5.56
T04,GL-4396,2026-03-17 12:34:00,7.492725,10.694437,11.2,5.26
T04,GL-4396,2026-03-17 12:35:00,7.493392,10.694489,9.9,3.12
T04,GL-4396,2026-03-17 12:36:00,7.493764,10.694545,4.1,5.27
T04,GL-4396,2026-03-17 12:37:00,7.494382,10.69456,6.0,3.93
T04,GL-4396,2026-03-17 12:38:00,7.495089,10.694609,5.6,4.38
T04,GL-4396,2026-03-17 12:39:00,7.495676,10.694659,4.3,3.39
T04,GL-4396,2026-03-17 12:40:00,7.496208,10.694729,7.9,3.2
T04,GL-4396,2026-03-17 12:41:00,7.496774,10.694729,9.6,3.34
T04,GL-4396,2026-03-17 12:42:00,7.497308,10.694808,7.6,4.62
T04,GL-4396,2026-03-17 12:43:00,7.497877,10.694914,10.8,4.03
T04,GL-4396,2026-03-17 12:44:00,7.498564,10.694912,11.9,4.16
T04,GL-4396,2026-03-17 12:45:00,7.499065,10.694971,5.5,4.06
T04,GL-4396,2026-03-17 12:46:00,7.499643,10.695124,8.3,4.0
T04,GL-4396,2026-03-17 12:47:00,7.500208,10.69505,10.6,5.16
T04,GL-4396,2026-03-17 12:48:00,7.500818,10.695012,8.5,5.41
T04,GL-4396,2026-03-17 12:49:00,7.501401,10.695185,4.8,5.27
T04,GL-4396,2026-03-17 12:50:00,7.501959,10.6953,11.4,3.69
T04,GL-4396,2026-03-17 12:51:00,7.50257,10.695215,4.3,5.39
T04,GL-4396,2026-03-17 12:52:00,7.503214,10.695214,,3.47
T04,GL-4396,2026-03-17 12:53:00,7.503758,10.695213,4.8,5.17
T04,GL-4396,2026-03-17 12:54:00,7.504292,10.695389,6.2,4.63
T04,GL-4396,2026-03-17 12:55:00,7.504936,10.69545,10.4,4.41
T04,GL-4396,2026-03-17 12:56:00,7.505441,10.695377,8.3,4.29
T04,GL-4396,2026-03-17 12:57:00,7.506094,10.695499,7.5,3.89
T04,GL-4396,2026-03-17 12:58:00,7.506659,10.695497,6.1,4.42
T04,GL-4396,2026-03-17 12:59:00,7.507252,10.695508,8.7,3.52
T04,GL-4396,2026-03-17 13:00:00,7.507778,10.695691,8.5,4.3
T04,GL-4396,2026-03-17 13:01:00,7.508421,10.695608,8.2,5.6
T04,GL-4396,2026-03-17 13:02:00,7.508891,10.695667,6.8,4.79
T04,GL-4396,2026-03-17 13:03:00,7.509549,10.695827,11.3,5.39
T04,GL-4396,2026-03-17 13:04:00,7.510065,10.695721,9.1,3.61
T04,GL-4396,2026-03-17 13:05:00,7.510634,10.695893,9.1,4.07
T04,GL-4396,2026-03-17 13:06:00,7.511227,10.695894,11.2,5.47
T04,GL-4396,2026-03-17 13:07:00,7.51167,10.695963,8.1,3.74
T04,GL-4396,2026-03-17 13:08:00,7.512415,10.696025,10.1,3.83
T04,GL-4396,2026-03-17 13:09:00,7.512935,10.696103,4.2,3.85
T04,GL-4396,2026-03-17 13:10:00,7.51352,10.696129,6.2,3.7
T04,GL-4396,2026-03-17 13:11:00,7.514167,10.696158,5.2,3.8
T04,GL-4396,2026-03-17 13:12:00,7.514744,10.696166,11.9,5.45
T04,GL-4396,2026-03-17 13:13:00,7.515305,10.696213,4.2,5.33
T04,GL-4396,2026-03-17 13:14:00,7.51576,10.696269,6.2,3.46
T04,GL-4396,2026-03-17 13:15:00,7.516325,10.696408,7.7,2.9
T04,GL-4396,2026-03-17 13:16:00,7.516958,10.69636,7.9,5.19
T04,GL-4396,2026-03-17 13:17:00,7.517541,10.696363,8.5,3.65
T04,GL-4396,2026-03-17 13:18:00,7.518115,10.696662,6.0,5.44
T04,GL-4396,2026-03-17 13:19:00,7.518629,10.696491,4.5,5.28
T04,GL-4396,2026-03-17 13:20:00,7.519316,10.696725,5.9,4.9
T04,GL-4396,2026-03-17 13:21:00,7.519894,10.6967,9.2,4.72
T04,GL-4396,2026-03-17 13:22:00,7.520359,10.69669,8.0,3.36
T04,GL-4396,2026-03-17 13:23:00,7.521065,10.696678,5.1,4.42
T04,GL-4396,2026-03-17 13:24:00,7.521513,10.696705,7.4,3.27
T04,GL-4396,2026-03-17 13:25:00,7.522051,10.696753,8.9,3.78
T04,GL-4396,2026-03-17 13:26:00,7.522826,10.696855,7.3,2.9
T04,GL-4396,2026-03-17 13:27:00,7.523279,10.696918,11.5,5.14
T04,GL-4396,2026-03-17 13:28:00,7.523919,10.696969,10.5,3.43
T04,GL-4396,2026-03-17 13:29:00,7.524581,10.696979,10.6,3.37
T04,GL-4396,2026-03-17 13:30:00,7.525119,10.697011,6.5,3.11
T04,GL-4396,2026-03-17 13:31:00,7.525511,10.697193,6.3,3.49
T04,GL-4396,2026-03-17 13:32:00,7.526173,10.697157,8.6,4.13
T04,GL-4396,2026-03-17 13:33:00,7.526854,10.697289,9.7,4.44
T04,GL-4396,2026-03-17 13:34:00,7.527491,10.697287,6.6,4.2
T04,GL-4396,2026-03-17 13:35:00,7.527943,10.697223,9.4,3.81
T04,GL-4396,2026-03-17 13:36:00,7.52853,10.697326,11.0,3.88
T04,GL-4396,2026-03-17 13:37:00,7.529091,10.697472,11.8,4.79
T04,GL-4396,2026-03-17 13:38:00,7.529715,10.697394,4.8,3.02
T04,GL-4396,2026-03-17 13:39:00,7.530221,10.697442,9.0,4.75
T04,GL-4396,2026-03-17 13:40:00,7.530755,10.69749,5.4,5.55
T04,GL-4396,2026-03-17 13:41:00,7.531411,10.697583,4.3,4.1
T04,GL-4396,2026-03-17 13:42:00,7.531886,10.697608,11.0,3.74
T04,GL-4396,2026-03-17 13:43:00,7.53244,10.69758,10.4,4.52
T04,GL-4396,2026-03-17 13:44:00,7.533091,10.697674,6.8,4.32
T04,GL-4396,2026-03-17 13:45:00,7.533703,10.697788,6.5,5.37
T04,GL-4396,2026-03-17 13:46:00,7.534113,10.697804,9.3,5.58
T04,GL-4396,2026-03-17 13:47:00,7.534837,10.69792,11.4,4.66
T04,GL-4396,2026-03-17 13:48:00,7.535368,10.697868,9.8,2.8
T04,GL-4396,2026-03-17 13:49:00,7.535954,10.697908,10.6,4.77
T04,GL-4396,2026-03-17 13:50:00,7.536463,10.698022,9.1,4.9
T04,GL-4396,2026-03-17 13:51:00,7.537274,10.698083,4.2,4.05
T04,GL-4396,2026-03-17 13:52:00,7.537729,10.69812,6.0,3.24
T04,GL-4396,2026-03-17 13:53:00,7.538228,10.698138,5.9,3.67
T04,GL-4396,2026-03-17 13:54:00,7.538949,10.698254,5.1,4.92
T04,GL-4396,2026-03-17 13:55:00,7.53947,10.698197,7.2,4.57
T04,GL-4396,2026-03-17 13:56:00,7.539893,10.698217,4.2,4.26
T04,GL-4396,2026-03-17 13:57:00,7.540587,10.698325,7.9,5.5
T04,GL-4396,2026-03-17 13:58:00,7.541261,10.698297,9.5,5.25
T04,GL-4396,2026-03-17 13:59:00,7.541894,10.698371,11.4,3.13
T04,GL-4396,2026-03-17 14:00:00,7.542362,10.698542,5.8,4.52
T04,GL-4396,2026-03-17 14:01:00,7.542905,10.698557,4.6,3.24
T04,GL-4396,2026-03-17 14:02:00,7.543432,10.698562,6.5,4.39
T04,GL-4396,2026-03-17 14:03:00,7.544018,10.698627,5.7,3.61
T04,GL-4396,2026-03-17 14:04:00,7.54463,10.698706,8.0,3.61
T04,GL-4396,2026-03-17 14:05:00,7.545199,10.698715,7.7,3.85
T04,GL-4396,2026-03-17 14:06:00,7.545683,10.698751,9.4,5.0
T04,GL-4396,2026-03-17 14:07:00,7.546482,10.698827,10.8,2.81
T04,GL-4396,2026-03-17 14:08:00,7.546978,10.698848,10.1,4.85
T04,GL-4396,2026-03-17 14:09:00,7.547442,10.699006,8.7,2.86
T04,GL-4396,2026-03-17 14:10:00,7.548128,10.699093,,3.53
T04,GL-4396,2026-03-17 14:11:00,7.548706,10.698956,4.6,3.91
T04,GL-4396,2026-03-17 14:12:00,7.54921,10.699018,8.0,3.49
T04,GL-4396,2026-03-17 14:13:00,7.549815,10.699158,6.8,4.04
T04,GL-4396,2026-03-17 14:14:00,7.550485,10.699175,9.4,4.53
T04,GL-4396,2026-03-17 14:15:00,7.550952,10.699212,11.3,2.93
T04,GL-4396,2026-03-17 14:16:00,7.551683,10.699232,6.0,3.54
T04,GL-4396,2026-03-17 14:17:00,7.552131,10.699388,8.1,3.65
T04,GL-4396,2026-03-17 14:18:00,7.552718,10.69937,6.9,3.16
T04,GL-4396,2026-03-17 14:19:00,7.553289,10.699365,11.2,4.15
T04,GL-4396,2026-03-17 14:20:00,7.553951,10.699416,5.9,4.98
T04,GL-4396,2026-03-17 14:21:00,7.554412,10.699478,11.9,4.31
T04,GL-4396,2026-03-17 14:22:00,7.554965,10.699476,10.9,4.38
T04,GL-4396,2026-03-17 14:23:00,7.555565,10.699571,10.2,5.22
T04,GL-4396,2026-03-17 14:24:00,7.556155,10.699614,6.6,4.95
T04,GL-4396,2026-03-17 14:25:00,7.55667,10.699743,4.9,5.31
T04,GL-4396,2026-03-17 14:26:00,7.557377,10.699701,7.1,3.73
T04,GL-4396,2026-03-17 14:27:00,7.55784,10.699769,5.9,4.3
T04,GL-4396,2026-03-17 14:28:00,7.558494,10.699752,8.9,3.55
T04,GL-4396,2026-03-17 14:29:00,7.559016,10.699796,5.9,4.36
T04,GL-4396,2026-03-17 14:30:00,7.559579,10.699934,,3.58
T04,GL-4396,2026-03-17 14:31:00,7.560336,10.699866,4.9,5.58
T04,GL-4396,2026-03-17 14:32:00,7.560816,10.700073,10.6,5.48
T04,GL-4396,2026-03-17 14:33:00,7.561399,10.700076,7.5,4.89
T04,GL-4396,2026-03-17 14:34:00,7.56199,10.700128,9.7,5.55
T04,GL-4396,2026-03-17 14:35:00,7.562485,10.700123,6.0,4.66
T04,GL-4396,2026-03-17 14:36:00,7.563086,10.700211,7.3,2.9
T04,GL-4396,2026-03-17 14:37:00,7.56369,10.700131,11.0,3.93
T04,GL-4396,2026-03-17 14:38:00,7.564153,10.700302,9.3,3.13
T04,GL-4396,2026-03-17 14:39:00,7.564955,10.70038,8.8,4.08
T04,GL-4396,2026-03-17 14:40:00,7.56538,10.700378,11.0,4.2
T04,GL-4396,2026-03-17 14:41:00,7.565929,10.700507,5.8,3.46
T04,GL-4396,2026-03-17 14:42:00,7.566413,10.700354,5.7,3.8
T04,GL-4396,2026-03-17 14:43:00,7.567036,10.700501,7.0,3.41
T04,GL-4396,2026-03-17 14:44:00,7.567714,10.700552,11.2,5.43
T04,GL-4396,2026-03-17 14:45:00,7.568203,10.700492,6.3,2.99
T04,GL-4396,2026-03-17 14:46:00,7.568844,10.700655,6.5,4.16
T04,GL-4396,2026-03-17 14:47:00,7.569486,10.700682,4.9,5.35
T04,GL-4396,2026-03-17 14:48:00,7.570008,10.700741,6.4,5.16
T04,GL-4396,2026-03-17 14:49:00,7.570525,10.700698,8.3,3.93
T04,GL-4396,2026-03-17 14:50:00,7.571215,10.700778,4.5,4.3
T04,GL-4396,2026-03-17 14:51:00,7.571726,10.700897,8.1,3.68
T04,GL-4396,2026-03-17 14:52:00,7.572326,10.700842,4.2,3.97
T04,GL-4396,2026-03-17 14:53:00,7.572922,10.700983,4.7,3.44
T04,GL-4396,2026-03-17 14:54:00,7.573556,10.701048,11.7,4.34
T04,GL-4396,2026-03-17 14:55:00,7.573999,10.701086,8.9,5.55
T04,GL-4396,2026-03-17 14:56:00,7.574761,10.701192,9.3,3.67
T04,GL-4396,2026-03-17 14:57:00,7.575184,10.70123,4.0,3.18
T04,GL-4396,2026-03-17 14:58:00,7.575735,10.701222,11.9,3.52
T04,GL-4396,2026-03-17 14:59:00,7.576332,10.701195,8.4,4.15
T04,GL-4396,2026-03-17 15:00:00,7.576863,10.701331,10.8,2.91
T04,GL-4396,2026-03-17 15:01:00,7.577369,10.701347,8.5,5.0
T04,GL-4396,2026-03-17 15:02:00,7.578084,10.701326,10.5,4.06
T04,GL-4396,2026-03-17 15:03:00,7.578595,10.701419,9.4,3.55
T04,GL-4396,2026-03-17 15:04:00,7.579217,10.701537,8.4,4.77
T04,GL-4396,2026-03-17 15:05:00,7.579756,10.701542,7.5,4.45
T04,GL-4396,2026-03-17 15:06:00,7.580324,10.701659,7.4,3.59
T04,GL-4396,2026-03-17 15:07:00,7.580965,10.701764,10.6,3.89
T04,GL-4396,2026-03-17 15:08:00,7.581465,10.701736,8.4,3.29
T04,GL-4396,2026-03-17 15:09:00,7.582184,10.701723,6.6,3.99
T04,GL-4396,2026-03-17 15:10:00,7.582607,10.701738,9.1,5.07
T04,GL-4396,2026-03-17 15:11:00,7.583239,10.701822,4.2,4.46
T04,GL-4396,2026-03-17 15:12:00,7.583736,10.701907,7.7,4.14
T04,GL-4396,2026-03-17 15:13:00,7.584338,10.701937,10.9,3.4
T04,GL-4396,2026-03-17 15:14:00,7.584996,10.702041,11.0,2.86
T04,GL-4396,2026-03-17 15:15:00,7.585511,10.702013,8.7,4.7
T04,GL-4396,2026-03-17 15:16:00,7.586119,10.702016,7.9,4.13
T04,GL-4396,2026-03-17 15:17:00,7.58678,10.702093,9.6,5.38
T04,GL-4396,2026-03-17 15:18:00,7.587349,10.702189,11.1,4.58
T04,GL-4396,2026-03-17 15:19:00,7.587737,10.702137,8.5,5.18
T04,GL-4396,2026-03-17 15:20:00,7.588412,10.702387,10.1,4.93
T04,GL-4396,2026-03-17 15:21:00,7.589005,10.702278,7.9,4.79
T04,GL-4396,2026-03-17 15:22:00,7.589579,10.702306,11.6,5.13
T04,GL-4396,2026-03-17 15:23:00,7.59027,10.70242,5.1,3.94
T04,GL-4396,2026-03-17 15:24:00,7.590652,10.702428,11.7,3.76
T04,GL-4396,2026-03-17 15:25:00,7.591341,10.702516,7.5,3.18
T04,GL-4396,2026-03-17 15:26:00,7.591876,10.702514,7.6,3.84
T04,GL-4396,2026-03-17 15:27:00,7.592449,10.702575,8.4,3.04
T04,GL-4396,2026-03-17 15:28:00,7.593018,10.702741,10.0,3.07
T04,GL-4396,2026-03-17 15:29:00,7.593623,10.702728,8.2,3.04
T04,GL-4396,2026-03-17 15:30:00,7.594084,10.702721,5.2,5.58
T04,GL-4396,2026-03-17 15:31:00,7.594723,10.70279,10.4,4.14
T04,GL-4396,2026-03-17 15:32:00,7.595294,10.702866,,4.59
T04,GL-4396,2026-03-17 15:33:00,7.595843,10.702855,5.6,4.04
T04,GL-4396,2026-03-17 15:34:00,7.596424,10.702896,7.6,4.9
T04,GL-4396,2026-03-17 15:35:00,7.597153,10.702895,11.4,5.58
T04,GL-4396,2026-03-17 15:36:00,7.597683,10.702957,9.7,3.41
T04,GL-4396,2026-03-17 15:37:00,7.598223,10.703095,11.0,4.44
T04,GL-4396,2026-03-17 15:38:00,7.598681,10.703,6.0,3.27
T04,GL-4396,2026-03-17 15:39:00,7.599319,10.703163,4.1,4.04
T04,GL-4396,2026-03-17 15:40:00,7.599975,10.703247,,5.24
T04,GL-4396,2026-03-17 15:41:00,7.600505,10.703191,4.0,4.8
T04,GL-4396,2026-03-17 15:42:00,7.60101,10.703311,6.6,5.23
T04,GL-4396,2026-03-17 15:43:00,7.60164,10.70336,,3.16
T04,GL-4396,2026-03-17 15:44:00,7.602321,10.703462,8.1,5.36
T04,GL-4396,2026-03-17 15:45:00,7.602887,10.703573,5.6,4.2
T04,GL-4396,2026-03-17 15:46:00,7.603483,10.70351,7.4,4.28
T04,GL-4396,2026-03-17 15:47:00,7.604109,10.703537,6.5,2.95
T04,GL-4396,2026-03-17 15:48:00,7.604592,10.703492,11.1,5.51
T04,GL-4396,2026-03-17 15:49:00,7.605135,10.703665,8.8,4.91
T04,GL-4396,2026-03-17 15:50:00,7.605755,10.703763,5.1,4.77
T04,GL-4396,2026-03-17 15:51:00,7.606394,10.703723,5.2,3.12
T04,GL-4396,2026-03-17 15:52:00,7.606891,10.703874,7.1,3.12
T04,GL-4396,2026-03-17 15:53:00,7.607422,10.703784,6.6,3.7
T04,GL-4396,2026-03-17 15:54:00,7.607998,10.703879,7.6,2.89
T04,GL-4396,2026-03-17 15:55:00,7.608573,10.703835,5.8,5.22
T04,GL-4396,2026-03-17 15:56:00,7.60914,10.703959,7.0,4.73
T04,GL-4396,2026-03-17 15:57:00,7.609767,10.704104,4.7,3.04
T04,GL-4396,2026-03-17 15:58:00,7.61035,10.704068,6.6,2.91
T04,GL-4396,2026-03-17 15:59:00,7.610894,10.70408,9.1,3.28
T04,GL-4396,2026-03-17 16:00:00,7.611478,10.704269,6.0,2.82
T04,GL-4396,2026-03-17 16:01:00,7.612101,10.704217,7.9,5.04
T04,GL-4396,2026-03-17 16:02:00,7.612606,10.704181,6.8,3.06
T04,GL-4396,2026-03-17 16:03:00,7.613106,10.704253,7.8,4.17
T04,GL-4396,2026-03-17 16:04:00,7.613844,10.704244,8.2,4.36
T04,GL-4396,2026-03-17 16:05:00,7.614305,10.70435,7.8,4.44
T04,GL-4396,2026-03-17 16:06:00,7.614956,10.704375,11.9,3.27
T04,GL-4396,2026-03-17 16:07:00,7.615487,10.704512,8.6,2.92
T04,GL-4396,2026-03-17 16:08:00,7.616082,10.704636,9.7,3.82
T04,GL-4396,2026-03-17 16:09:00,7.616771,10.704552,11.8,3.03
T04,GL-4396,2026-03-17 16:10:00,7.617254,10.704565,6.1,4.16
T04,GL-4396,2026-03-17 16:11:00,7.61782,10.704698,11.2,3.24
T04,GL-4396,2026-03-17 16:12:00,7.618473,10.704698,8.2,5.08
T04,GL-4396,2026-03-17 16:13:00,7.618922,10.704812,5.8,5.34
T04,GL-4396,2026-03-17 16:14:00,7.619531,10.704826,6.0,3.02
T04,GL-4396,2026-03-17 16:15:00,7.620066,10.704921,11.8,5.01
T04,GL-4396,2026-03-17 16:16:00,7.62071,10.705025,7.6,3.78
T04,GL-4396,2026-03-17 16:17:00,7.621207,10.705042,7.2,3.7
T04,GL-4396,2026-03-17 16:18:00,7.621809,10.704939,11.2,5.02
T04,GL-4396,2026-03-17 16:19:00,7.62246,10.705096,8.4,5.21
T04,GL-4396,2026-03-17 16:20:00,7.623019,10.705101,,4.19
T04,GL-4396,2026-03-17 16:21:00,7.623645,10.705118,6.1,4.36
T04,GL-4396,2026-03-17 16:22:00,7.624172,10.705128,6.4,3.52
T04,GL-4396,2026-03-17 16:23:00,7.62473,10.705235,4.4,2.93
T04,GL-4396,2026-03-17 16:24:00,7.625169,10.705137,9.9,3.71
T04,GL-4396,2026-03-17 16:25:00,7.625935,10.705444,10.4,3.92
T04,GL-4396,2026-03-17 16:26:00,7.626464,10.70532,7.7,4.4
T04,GL-4396,2026-03-17 16:27:00,7.627064,10.705378,10.2,3.96
T04,GL-4396,2026-03-17 16:28:00,7.627535,10.70546,9.2,2.82
T04,GL-4396,2026-03-17 16:29:00,7.628208,10.705479,10.9,4.29
T04,GL-4396,2026-03-17 16:30:00,7.62868,10.705618,11.5,4.34
T04,GL-4396,2026-03-17 16:31:00,7.629442,10.705587,6.0,3.32
T04,GL-4396,2026-03-17 16:32:00,7.62995,10.705607,10.7,4.21
T04,GL-4396,2026-03-17 16:33:00,7.630601,10.705735,4.2,4.3
T04,GL-4396,2026-03-17 16:34:00,7.631126,10.705643,10.8,3.53
T04,GL-4396,2026-03-17 16:35:00,7.63163,10.70586,7.0,5.22
T04,GL-4396,2026-03-17 16:36:00,7.632269,10.705844,7.6,4.17
T04,GL-4396,2026-03-17 16:37:00,7.6329,10.705843,11.3,4.58
T04,GL-4396,2026-03-17 16:38:00,7.633494,10.705945,10.7,5.39
T04,GL-4396,2026-03-17 16:39:00,7.633937,10.706048,11.4,3.16
T04,GL-4396,2026-03-17 16:40:00,7.634528,10.705985,,4.31
T04,GL-4396,2026-03-17 16:41:00,7.635091,10.705973,5.1,5.37
T04,GL-4396,2026-03-17 16:42:00,7.635753,10.706237,7.6,5.38
T04,GL-4396,2026-03-17 16:43:00,7.636346,10.706207,4.8,4.63
T04,GL-4396,2026-03-17 16:44:00,7.636751,10.706189,5.8,2.8
T04,GL-4396,2026-03-17 16:45:00,7.637356,10.706279,6.9,4.75
T04,GL-4396,2026-03-17 16:46:00,7.637934,10.706353,11.6,3.57
T04,GL-4396,2026-03-17 16:47:00,7.638549,10.706376,5.8,3.81
T04,GL-4396,2026-03-17 16:48:00,7.639085,10.706471,9.7,4.59
T04,GL-4396,2026-03-17 16:49:00,7.639613,10.706548,9.1,3.91
T04,GL-4396,2026-03-17 16:50:00,7.640361,10.706455,11.0,4.23
T04,GL-4396,2026-03-17 16:51:00,7.640799,10.706583,7.1,5.25
T04,GL-4396,2026-03-17 16:52:00,7.641544,10.706691,7.2,4.42
T04,GL-4396,2026-03-17 16:53:00,7.64202,10.706678,11.5,4.68
T04,GL-4396,2026-03-17 16:54:00,7.642695,10.706749,9.0,3.55
T04,GL-4396,2026-03-17 16:55:00,7.643217,10.706693,11.1,3.66
T04,GL-4396,2026-03-17 16:56:00,7.643778,10.706716,4.2,5.21
T04,GL-4396,2026-03-17 16:57:00,7.644329,10.706831,7.8,3.08
T04,GL-4396,2026-03-17 16:58:00,7.644948,10.706841,10.4,2.89
T04,GL-4396,2026-03-17 16:59:00,7.645441,10.706885,6.7,4.7
T04,GL-4396,2026-03-17 17:00:00,7.646028,10.706999,11.7,3.96
T04,GL-4396,2026-03-17 17:01:00,7.646585,10.707151,4.6,4.03
T04,GL-4396,2026-03-17 17:02:00,7.647307,10.707073,7.2,3.05
T04,GL-4396,2026-03-17 17:03:00,7.647732,10.707117,,3.04
T04,GL-4396,2026-03-17 17:04:00,7.648422,10.707139,6.2,4.64
T04,GL-4396,2026-03-17 17:05:00,7.648952,10.707249,11.0,3.9
T04,GL-4396,2026-03-17 17:06:00,7.649538,10.707332,6.8,4.32
T04,GL-4396,2026-03-17 17:07:00,7.650032,10.707378,10.9,3.39
T04,GL-4396,2026-03-17 17:08:00,7.650622,10.707358,9.6,4.02
T04,GL-4396,2026-03-17 17:09:00,7.651234,10.707483,4.6,3.65
T04,GL-4396,2026-03-17 17:10:00,7.651834,10.707459,9.5,5.41
T04,GL-4396,2026-03-17 17:11:00,7.65239,10.707575,8.3,4.48
T04,GL-4396,2026-03-17 17:12:00,7.653004,10.707576,5.6,4.97
T04,GL-4396,2026-03-17 17:13:00,7.653544,10.707624,6.5,4.54
T04,GL-4396,2026-03-17 17:14:00,7.654107,10.707677,4.4,3.09
T04,GL-4396,2026-03-17 17:15:00,7.32324,10.707773,4.3,173.94
T04,GL-4396,2026-03-17 17:16:00,7.655287,10.707773,6.0,5.42
T04,GL-4396,2026-03-17 17:17:00,7.655918,10.70779,5.7,4.96
T04,GL-4396,2026-03-17 17:18:00,7.656489,10.707802,5.6,3.9
T04,GL-4396,2026-03-17 17:19:00,7.657025,10.707906,11.6,3.52
T04,GL-4396,2026-03-17 17:20:00,7.657575,10.707897,7.8,4.27
T04,GL-4396,2026-03-17 17:21:00,7.658171,10.707977,10.8,4.19
T04,GL-4396,2026-03-17 17:22:00,7.658726,10.708044,8.4,5.16
T04,GL-4396,2026-03-17 17:23:00,7.659435,10.70806,5.0,3.69
T04,GL-4396,2026-03-17 17:24:00,7.659765,10.708221,4.6,3.06
T04,GL-4396,2026-03-17 17:25:00,7.660522,10.708192,10.4,5.29
T04,GL-4396,2026-03-17 17:26:00,7.661026,10.708194,8.4,5.3
T04,GL-4396,2026-03-17 17:27:00,7.661634,10.708301,8.9,4.03
T04,GL-4396,2026-03-17 17:28:00,7.66216,10.708325,5.3,4.9
T04,GL-4396,2026-03-17 17:29:00,7.662749,10.708383,4.3,5.29
T04,GL-4396,2026-03-17 17:30:00,7.663341,10.708435,10.6,4.27
T04,GL-4396,2026-03-17 17:31:00,7.663945,10.708505,8.4,5.33
T04,GL-4396,2026-03-17 17:32:00,7.664442,10.708596,11.1,4.12
T04,GL-4396,2026-03-17 17:33:00,7.665024,10.708508,8.1,4.83
T04,GL-4396,2026-03-17 17:34:00,7.665583,10.708663,8.9,4.11
T04,GL-4396,2026-03-17 17:35:00,7.6662,10.70879,11.3,4.12
T04,GL-4396,2026-03-17 17:36:00,7.666838,10.708736,10.9,2.89
T04,GL-4396,2026-03-17 17:37:00,7.667436,10.708767,10.8,3.99
T04,GL-4396,2026-03-17 17:38:00,7.668024,10.708801,6.8,3.64
T04,GL-4396,2026-03-17 17:39:00,7.668518,10.708774,9.5,4.6
T04,GL-4396,2026-03-17 17:40:00,7.66909,10.708982,9.9,5.56
T04,GL-4396,2026-03-17 17:41:00,7.669653,10.708842,11.1,3.58
T04,GL-4396,2026-03-17 17:42:00,7.670298,10.708973,6.5,3.91
T04,GL-4396,2026-03-17 17:43:00,7.670794,10.709065,5.1,4.87
T04,GL-4396,2026-03-17 17:44:00,7.671409,10.709071,11.8,4.2
T04,GL-4396,2026-03-17 17:45:00,7.671912,10.709252,4.7,3.2
T04,GL-4396,2026-03-17 17:46:00,7.672452,10.709082,7.9,3.38
T04,GL-4396,2026-03-17 17:47:00,7.673199,10.709207,7.4,3.32
T04,GL-4396,2026-03-17 17:48:00,7.67375,10.709348,5.1,3.17
T04,GL-4396,2026-03-17 17:49:00,7.674259,10.709437,4.2,4.46
T04,GL-4396,2026-03-17 17:50:00,7.674872,10.709429,4.9,4.64
T04,GL-4396,2026-03-17 17:51:00,7.675414,10.70947,8.4,4.88
T04,GL-4396,2026-03-17 17:52:00,7.67611,10.709485,9.0,2.87
T04,GL-4396,2026-03-17 17:53:00,7.676607,10.709621,11.2,5.35
T04,GL-4396,2026-03-17 17:54:00,7.677203,10.709551,11.3,3.46
T04,GL-4396,2026-03-17 17:55:00,7.677771,10.70968,7.0,2.86
T04,GL-4396,2026-03-17 17:56:00,7.678284,10.70968,9.2,3.76
T04,GL-4396,2026-03-17 17:57:00,7.67893,10.709663,8.1,4.5
T04,GL-4396,2026-03-17 17:58:00,7.679496,10.709891,11.6,4.93
T04,GL-4396,2026-03-17 17:59:00,7.680143,10.709721,10.4,3.12
T04,GL-4396,2026-03-17 18:00:00,7.680629,10.709812,5.7,3.15
T04,GL-4396,2026-03-17 18:01:00,7.681284,10.709983,10.3,5.21
T04,GL-4396,2026-03-17 18:02:00,7.681736,10.709832,8.9,4.61
T04,GL-4396,2026-03-17 18:03:00,7.682346,10.709861,11.4,5.41
T04,GL-4396,2026-03-17 18:04:00,7.682903,10.709917,5.1,4.51
T04,GL-4396,2026-03-17 18:05:00,7.683474,10.710108,5.2,3.68
T04,GL-4396,2026-03-17 18:06:00,7.684104,10.710035,10.0,3.68
T04,GL-4396,2026-03-17 18:07:00,7.68473,10.710128,7.8,5.29
T04,GL-4396,2026-03-17 18:08:00,7.685147,10.710246,6.1,3.32
T04,GL-4396,2026-03-17 18:09:00,7.685756,10.710316,9.8,3.95
T04,GL-4396,2026-03-17 18:10:00,7.686418,10.710289,4.3,4.58
T04,GL-4396,2026-03-17 18:11:00,7.686924,10.710537,8.0,2.92
T04,GL-4396,2026-03-17 18:12:00,7.687528,10.710342,4.1,3.72
T04,GL-4396,2026-03-17 18:13:00,7.687973,10.710485,10.3,4.83
T04,GL-4396,2026-03-17 18:14:00,7.688611,10.710435,4.9,3.66
T04,GL-4396,2026-03-17 18:15:00,7.689224,10.710465,11.1,3.07
T04,GL-4396,2026-03-17 18:16:00,7.689846,10.710662,6.3,3.07
T04,GL-4396,2026-03-17 18:17:00,7.690418,10.710678,9.0,5.51
T04,GL-4396,2026-03-17 18:18:00,7.69097,10.71072,4.2,5.35
T04,GL-4396,2026-03-17 18:19:00,7.691555,10.710757,11.6,4.37
T04,GL-4396,2026-03-17 18:20:00,7.692293,10.710806,4.2,5.38
T04,GL-4396,2026-03-17 18:21:00,7.692797,10.710798,5.7,3.27
T04,GL-4396,2026-03-17 18:22:00,7.693218,10.710968,4.8,5.39
T04,GL-4396,2026-03-17 18:23:00,7.693846,10.710841,4.2,4.81
T04,GL-4396,2026-03-17 18:24:00,7.694401,10.711037,7.5,3.34
T04,GL-4396,2026-03-17 18:25:00,7.694956,10.711036,10.3,3.83
T04,GL-4396,2026-03-17 18:26:00,7.695564,10.711134,5.4,5.39
T04,GL-4396,2026-03-17 18:27:00,7.696097,10.711135,4.3,4.21
T04,GL-4396,2026-03-17 18:28:00,7.696773,10.711117,4.0,5.08
T04,GL-4396,2026-03-17 18:29:00,7.697321,10.711194,11.7,2.82
T04,GL-4396,2026-03-17 18:30:00,7.697988,10.711161,5.3,4.43
T04,GL-4396,2026-03-17 18:31:00,7.698648,10.711307,9.8,3.1
T04,GL-4396,2026-03-17 18:32:00,7.699102,10.711278,9.9,3.27
T04,GL-4396,2026-03-17 18:33:00,7.699668,10.711398,10.1,4.56
T04,GL-4396,2026-03-17 18:34:00,7.70023,10.711408,11.8,3.92
T04,GL-4396,2026-03-17 18:35:00,7.700698,10.711451,4.3,5.01
T04,GL-4396,2026-03-17 18:36:00,7.701393,10.711543,8.0,4.27
T04,GL-4396,2026-03-17 18:37:00,7.701929,10.711467,10.6,3.6
T04,GL-4396,2026-03-17 18:38:00,7.702527,10.711684,11.0,4.6
T04,GL-4396,2026-03-17 18:39:00,7.703055,10.711757,6.5,3.5
T04,GL-4396,2026-03-17 18:40:00,7.703728,10.711637,10.4,3.12
T04,GL-4396,2026-03-17 18:41:00,7.704273,10.711785,6.2,2.84
T04,GL-4396,2026-03-17 18:42:00,7.704833,10.711708,10.3,4.13
T04,GL-4396,2026-03-17 18:43:00,7.705489,10.711801,11.8,2.99
T04,GL-4396,2026-03-17 18:44:00,7.705846,10.711873,5.6,3.91
T04,GL-4396,2026-03-17 18:45:00,7.706545,10.712037,7.6,4.24
T04,GL-4396,2026-03-17 18:46:00,7.707169,10.712079,10.9,4.11
T04,GL-4396,2026-03-17 18:47:00,7.707677,10.712116,5.2,4.32
T04,GL-4396,2026-03-17 18:48:00,7.708285,10.712117,8.9,4.55
T04,GL-4396,2026-03-17 18:49:00,7.708911,10.712188,7.2,3.03
T04,GL-4396,2026-03-17 18:50:00,7.709476,10.712199,4.9,3.08
T04,GL-4396,2026-03-17 18:51:00,7.710003,10.712329,5.9,5.56
T04,GL-4396,2026-03-17 18:52:00,7.710658,10.712303,9.3,4.74
T04,GL-4396,2026-03-17 18:53:00,7.711145,10.712359,7.9,3.32
T04,GL-4396,2026-03-17 18:54:00,7.711707,10.71239,11.0,5.57
T04,GL-4396,2026-03-17 18:55:00,7.7123,10.712371,5.9,4.29
T04,GL-4396,2026-03-17 18:56:00,7.71291,10.712479,8.4,3.5
T04,GL-4396,2026-03-17 18:57:00,7.713409,10.712545,6.2,3.23
T04,GL-4396,2026-03-17 18:58:00,7.714007,10.712479,11.6,5.02
T04,GL-4396,2026-03-17 18:59:00,7.714573,10.712645,11.7,3.66
T04,GL-4396,2026-03-17 19:00:00,7.71532,10.712814,9.4,5.53
T04,GL-4396,2026-03-17 19:01:00,7.715817,10.712634,9.7,3.74
T04,GL-4396,2026-03-17 19:02:00,7.71632,10.712717,7.8,3.42
T04,GL-4396,2026-03-17 19:03:00,7.716942,10.712758,5.9,4.99
T04,GL-4396,2026-03-17 19:04:00,7.717454,10.712928,9.5,3.23
T04,GL-4396,2026-03-17 19:05:00,7.71808,10.712935,4.1,4.13
T04,GL-4396,2026-03-17 19:06:00,7.718703,10.712886,9.8,4.72
T04,GL-4396,2026-03-17 19:07:00,7.719287,10.712949,6.6,4.77
T04,GL-4396,2026-03-17 19:08:00,7.719908,10.713158,8.2,5.39
T04,GL-4396,2026-03-17 19:09:00,7.720342,10.71303,4.4,3.24
T04,GL-4396,2026-03-17 19:10:00,7.720871,10.713113,4.9,4.83
T04,GL-4396,2026-03-17 19:11:00,7.721534,10.713184,10.9,4.74
T04,GL-4396,2026-03-17 19:12:00,7.722182,10.713316,5.4,3.09
T04,GL-4396,2026-03-17 19:13:00,7.722692,10.713191,6.2,3.9
T04,GL-4396,2026-03-17 19:14:00,7.723342,10.713345,8.9,4.68
T04,GL-4396,2026-03-17 19:15:00,7.723841,10.713277,5.1,4.62
T04,GL-4396,2026-03-17 19:16:00,7.724503,10.713521,8.9,3.13
T04,GL-4396,2026-03-17 19:17:00,7.724975,10.713453,7.3,3.48
T04,GL-4396,2026-03-17 19:18:00,7.725399,10.713474,7.7,3.29
T04,GL-4396,2026-03-17 19:19:00,7.726166,10.713585,6.5,5.02
T04,GL-4396,2026-03-17 19:20:00,7.7267,10.71363,6.9,2.91
T04,GL-4396,2026-03-17 19:21:00,7.72738,10.713588,10.3,4.74
T04,GL-4396,2026-03-17 19:22:00,7.727888,10.71381,10.7,5.34
T04,GL-4396,2026-03-17 19:23:00,7.728502,10.713662,4.2,5.05
T04,GL-4396,2026-03-17 19:24:00,7.729005,10.713843,7.1,5.51
T04,GL-4396,2026-03-17 19:25:00,7.729513,10.713929,6.8,4.2
T04,GL-4396,2026-03-17 19:26:00,7.730203,10.713751,10.1,5.03
T04,GL-4396,2026-03-17 19:27:00,7.730805,10.71392,11.1,3.86
T04,GL-4396,2026-03-17 19:28:00,7.731358,10.71398,9.3,3.57
T04,GL-4396,2026-03-17 19:29:00,7.73184,10.71411,8.9,3.57
T04,GL-4396,2026-03-17 19:30:00,7.732465,10.714116,9.6,2.83
T04,GL-4396,2026-03-17 19:31:00,7.733087,10.714219,5.1,4.27
T04,GL-4396,2026-03-17 19:32:00,7.733642,10.714202,8.7,3.16
T04,GL-4396,2026-03-17 19:33:00,7.734311,10.714166,10.0,4.16
T04,GL-4396,2026-03-17 19:34:00,7.73479,10.714248,6.0,2.81
T04,GL-4396,2026-03-17 19:35:00,7.735434,10.714267,11.6,2.87
T04,GL-4396,2026-03-17 19:36:00,7.735946,10.714366,6.0,5.56
T04,GL-4396,2026-03-17 19:37:00,7.736497,10.714432,6.0,4.19
T04,GL-4396,2026-03-17 19:38:00,7.737132,10.714587,11.9,4.93
T04,GL-4396,2026-03-17 19:39:00,7.737665,10.714531,5.9,3.06
T04,GL-4396,2026-03-17 19:40:00,7.738315,10.714608,4.9,4.7
T04,GL-4396,2026-03-17 19:41:00,7.738869,10.714586,11.3,4.73
T04,GL-4396,2026-03-17 19:42:00,7.739374,10.714667,11.5,3.15
T04,GL-4396,2026-03-17 19:43:00,7.739965,10.71461,11.2,3.27
T04,GL-4396,2026-03-17 19:44:00,7.740466,10.714814,6.4,4.79
T04,GL-4396,2026-03-17 19:45:00,7.741047,10.714842,9.3,5.1
T04,GL-4396,2026-03-17 19:46:00,7.741832,10.714836,5.1,4.73
T04,GL-4396,2026-03-17 19:47:00,7.74242,10.714902,11.3,3.08
T04,GL-4396,2026-03-17 19:48:00,7.742889,10.714943,4.4,4.79
T04,GL-4396,2026-03-17 19:49:00,7.743435,10.715059,4.4,4.24
T04,GL-4396,2026-03-17 19:50:00,7.744026,10.715132,11.5,4.08
T04,GL-4396,2026-03-17 19:51:00,7.744602,10.715059,8.3,3.98
T04,GL-4396,2026-03-17 19:52:00,7.745161,10.715126,9.4,4.71
T04,GL-4396,2026-03-17 19:53:00,7.745847,10.715205,7.9,5.08
T04,GL-4396,2026-03-17 19:54:00,7.746445,10.715303,,3.88
T04,GL-4396,2026-03-17 19:55:00,7.746924,10.715258,11.9,5.56
T04,GL-4396,2026-03-17 19:56:00,7.747453,10.715331,10.5,3.01
T04,GL-4396,2026-03-17 19:57:00,7.636424,10.715287,4.0,294.32
T04,GL-4396,2026-03-17 19:58:00,7.58236,10.715351,5.9,280.03
T04,GL-4396,2026-03-17 19:59:00,7.749112,10.715446,5.4,3.54
T04,GL-4396,2026-03-17 20:00:00,7.749767,10.715503,8.8,3.72
T04,GL-4396,2026-03-17 20:01:00,7.750387,10.715517,4.4,4.37
T04,GL-4396,2026-03-17 20:02:00,7.750975,10.715594,5.3,4.31
T04,GL-4396,2026-03-17 20:03:00,7.751562,10.715681,6.5,3.77
T04,GL-4396,2026-03-17 20:04:00,7.312546,10.715777,8.6,386.41
T04,GL-4396,2026-03-17 20:05:00,7.75266,10.715844,5.9,3.64
T04,GL-4396,2026-03-17 20:06:00,7.753271,10.715676,5.2,3.85
T04,GL-4396,2026-03-17 20:07:00,7.753873,10.715772,8.8,3.91
T04,GL-4396,2026-03-17 20:08:00,7.754332,10.715793,4.3,5.55
T04,GL-4396,2026-03-17 20:09:00,7.755061,10.715927,6.1,3.89
T04,GL-4396,2026-03-17 20:10:00,7.75539,10.715937,4.9,4.46
T04,GL-4396,2026-03-17 20:11:00,7.756147,10.715995,8.8,3.13
T04,GL-4396,2026-03-17 20:12:00,7.756644,10.716104,8.1,4.25
T04,GL-4396,2026-03-17 20:13:00,7.757269,10.716101,10.2,3.16
T04,GL-4396,2026-03-17 20:14:00,7.757864,10.716176,4.3,4.06
T04,GL-4396,2026-03-17 20:15:00,7.758581,10.71626,5.7,5.53
T04,GL-4396,2026-03-17 20:16:00,7.759081,10.716252,8.8,4.01
T04,GL-4396,2026-03-17 20:17:00,7.759505,10.716235,4.5,4.52
T04,GL-4396,2026-03-17 20:18:00,7.760253,10.7163,4.1,4.8
T04,GL-4396,2026-03-17 20:19:00,7.760706,10.716312,9.1,3.69
T04,GL-4396,2026-03-17 20:20:00,7.761297,10.716448,10.8,3.77
T04,GL-4396,2026-03-17 20:21:00,7.761817,10.716548,7.9,4.97
T04,GL-4396,2026-03-17 20:22:00,7.762452,10.716608,10.2,5.56
T04,GL-4396,2026-03-17 20:23:00,7.762968,10.716599,5.5,4.02
T04,GL-4396,2026-03-17 20:24:00,7.763615,10.71657,6.0,4.94
T04,GL-4396,2026-03-17 20:25:00,7.764227,10.716713,10.9,3.77
T04,GL-4396,2026-03-17 20:26:00,7.764817,10.716721,6.9,5.5
T04,GL-4396,2026-03-17 20:27:00,7.765365,10.71677,4.1,5.11
T04,GL-4396,2026-03-17 20:28:00,7.766024,10.716787,8.6,5.55
T04,GL-4396,2026-03-17 20:29:00,7.766537,10.716794,10.2,3.3
T04,GL-4396,2026-03-17 20:30:00,7.767077,10.716922,8.1,5.45
T04,GL-4396,2026-03-17 20:31:00,7.767647,10.71701,6.7,4.12
T04,GL-4396,2026-03-17 20:32:00,7.768195,10.716898,7.1,5.15
T04,GL-4396,2026-03-17 20:33:00,7.768794,10.717049,8.9,4.61
T04,GL-4396,2026-03-17 20:34:00,7.769434,10.717066,6.2,4.24
T04,GL-4396,2026-03-17 20:35:00,7.769919,10.71731,8.5,3.39
T04,GL-4396,2026-03-17 20:36:00,7.770532,10.717256,6.9,5.45
T04,GL-4396,2026-03-17 20:37:00,7.771169,10.717305,4.2,4.85
T04,GL-4396,2026-03-17 20:38:00,7.771734,10.71738,5.3,5.45
T04,GL-4396,2026-03-17 20:39:00,7.772234,10.717416,7.3,2.88
T04,GL-4396,2026-03-17 20:40:00,7.772774,10.717386,11.5,4.43
T04,GL-4396,2026-03-17 20:41:00,7.773334,10.717422,6.1,3.87
T04,GL-4396,2026-03-17 20:42:00,7.773984,10.717495,10.7,4.26
T04,GL-4396,2026-03-17 20:43:00,7.774673,10.717515,5.1,3.71
T04,GL-4396,2026-03-17 20:44:00,7.775121,10.717575,8.0,5.36
T04,GL-4396,2026-03-17 20:45:00,7.775689,10.717527,11.8,3.74
T04,GL-4396,2026-03-17 20:46:00,7.776216,10.717728,8.4,5.2
T04,GL-4396,2026-03-17 20:47:00,7.776746,10.717681,9.8,4.74
T04,GL-4396,2026-03-17 20:48:00,7.777443,10.717711,5.2,5.06
T04,GL-4396,2026-03-17 20:49:00,7.778044,10.717873,8.3,4.27
T04,GL-4396,2026-03-17 20:50:00,7.778673,10.717903,11.5,3.07
T04,GL-4396,2026-03-17 20:51:00,7.779199,10.717949,8.7,5.2
T04,GL-4396,2026-03-17 20:52:00,7.779782,10.717976,8.1,3.81
T04,GL-4396,2026-03-17 20:53:00,7.780306,10.717999,10.6,2.87
T04,GL-4396,2026-03-17 20:54:00,7.780838,10.717978,5.0,4.43
T04,GL-4396,2026-03-17 20:55:00,7.781428,10.718183,8.3,3.23
T04,GL-4396,2026-03-17 20:56:00,7.782104,10.718235,5.8,5.48
T04,GL-4396,2026-03-17 20:57:00,7.78257,10.718091,8.1,2.87
T04,GL-4396,2026-03-17 20:58:00,7.783126,10.718303,8.8,3.47
T04,GL-4396,2026-03-17 20:59:00,7.783747,10.718367,8.3,2.83
T04,GL-4396,2026-03-17 21:00:00,7.784301,10.71838,10.1,3.88
T04,GL-4396,2026-03-17 21:01:00,7.784987,10.718361,4.6,4.55
T04,GL-4396,2026-03-17 21:02:00,7.785524,10.718395,9.6,4.23
T04,GL-4396,2026-03-17 21:03:00,7.786158,10.718627,10.7,2.85
T04,GL-4396,2026-03-17 21:04:00,7.786612,10.718574,11.4,4.53
T04,GL-4396,2026-03-17 21:05:00,7.78723,10.718525,7.1,3.47
T04,GL-4396,2026-03-17 21:06:00,7.78792,10.718596,11.1,3.66
T04,GL-4396,2026-03-17 21:07:00,7.78839,10.718709,7.8,4.67
T04,GL-4396,2026-03-17 21:08:00,7.788994,10.718633,10.4,4.22
T04,GL-4396,2026-03-17 21:09:00,7.78956,10.718842,11.2,3.01
T04,GL-4396,2026-03-17 21:10:00,7.790172,10.718869,7.0,4.75
T04,GL-4396,2026-03-17 21:11:00,7.7907,10.718949,11.6,4.6
T04,GL-4396,2026-03-17 21:12:00,7.791254,10.718949,7.7,5.48
T04,GL-4396,2026-03-17 21:13:00,7.791812,10.719067,11.4,3.03
T04,GL-4396,2026-03-17 21:14:00,7.792477,10.718913,11.4,4.69
T04,GL-4396,2026-03-17 21:15:00,7.792953,10.719004,10.5,5.12
T04,GL-4396,2026-03-17 21:16:00,7.793617,10.71907,8.2,3.4
T04,GL-4396,2026-03-17 21:17:00,7.794087,10.71917,6.4,3.41
T04,GL-4396,2026-03-17 21:18:00,7.794728,10.719258,10.4,3.92
T04,GL-4396,2026-03-17 21:19:00,7.755248,10.719157,6.9,250.25
T04,GL-4396,2026-03-17 21:20:00,7.795974,10.719299,10.8,3.28
T04,GL-4396,2026-03-17 21:21:00,7.796484,10.719332,6.8,3.93
T04,GL-4396,2026-03-17 21:22:00,7.797108,10.719343,6.8,3.02
T04,GL-4396,2026-03-17 21:23:00,7.797595,10.719436,11.9,3.52
T04,GL-4396,2026-03-17 21:24:00,7.798088,10.719551,9.3,5.47
T04,GL-4396,2026-03-17 21:25:00,7.798721,10.719599,9.9,5.13
T04,GL-4396,2026-03-17 21:26:00,7.799364,10.719625,8.6,4.18
T04,GL-4396,2026-03-17 21:27:00,7.79984,10.719625,10.1,4.44
T04,GL-4396,2026-03-17 21:28:00,7.800559,10.71963,10.7,2.85
T04,GL-4396,2026-03-17 21:29:00,7.801096,10.719618,9.1,5.54
T04,GL-4396,2026-03-17 21:30:00,7.801584,10.719643,5.8,4.44
T04,GL-4396,2026-03-17 21:31:00,7.802202,10.719893,10.7,2.9
T04,GL-4396,2026-03-17 21:32:00,7.802818,10.719903,4.9,4.58
T04,GL-4396,2026-03-17 21:33:00,7.803331,10.719983,11.9,5.02
T04,GL-4396,2026-03-17 21:34:00,7.803908,10.719918,8.7,2.94
T04,GL-4396,2026-03-17 21:35:00,7.804475,10.720038,8.3,3.23
T04,GL-4396,2026-03-17 21:36:00,7.80519,10.720009,7.7,3.36
T04,GL-4396,2026-03-17 21:37:00,7.805674,10.720153,5.0,4.79
T04,GL-4396,2026-03-17 21:38:00,7.80623,10.720089,9.6,2.95
T04,GL-4396,2026-03-17 21:39:00,7.806815,10.720128,9.1,5.02
T04,GL-4396,2026-03-17 21:40:00,7.807389,10.720166,11.0,4.88
T04,GL-4396,2026-03-17 21:41:00,7.807968,10.720378,7.8,4.61
T04,GL-4396,2026-03-17 21:42:00,7.808543,10.720353,5.3,5.05
T04,GL-4396,2026-03-17 21:43:00,7.809155,10.720389,4.3,5.22
T04,GL-4396,2026-03-17 21:44:00,7.809759,10.720385,11.0,5.19
T04,GL-4396,2026-03-17 21:45:00,7.810334,10.720484,,2.88
T04,GL-4396,2026-03-17 21:46:00,7.810769,10.7205,4.3,4.46
T04,GL-4396,2026-03-17 21:47:00,7.811446,10.720475,5.8,2.95
T04,GL-4396,2026-03-17 21:48:00,7.812048,10.720624,6.2,4.35
T04,GL-4396,2026-03-17 21:49:00,7.812531,10.72069,11.1,3.12
T04,GL-4396,2026-03-17 21:50:00,7.813189,10.72074,4.1,4.56
T04,GL-4396,2026-03-17 21:51:00,7.813666,10.720718,9.2,3.6
T04,GL-4396,2026-03-17 21:52:00,7.814369,10.720875,5.5,5.45
T04,GL-4396,2026-03-17 21:53:00,7.814801,10.720801,6.0,3.82
T04,GL-4396,2026-03-17 21:54:00,7.815457,10.720897,9.3,4.65
T04,GL-4396,2026-03-17 21:55:00,7.816067,10.720872,7.2,3.91
T04,GL-4396,2026-03-17 21:56:00,7.816645,10.721055,5.9,3.65
T04,GL-4396,2026-03-17 21:57:00,7.817202,10.720973,9.4,4.16
T04,GL-4396,2026-03-17 21:58:00,7.817775,10.72107,8.9,4.69
T04,GL-4396,2026-03-17 21:59:00,7.818286,10.721194,5.0,4.86
T04,GL-4396,2026-03-17 22:00:00,7.818821,10.721131,10.8,4.8
T04,GL-4396,2026-03-17 22:01:00,7.81956,10.721218,9.8,3.86
T04,GL-4396,2026-03-17 22:02:00,7.820053,10.72127,9.1,5.11
T04,GL-4396,2026-03-17 22:03:00,7.820586,10.721345,8.7,4.99
T04,GL-4396,2026-03-17 22:04:00,7.821242,10.721346,9.0,4.98
T04,GL-4396,2026-03-17 22:05:00,7.821776,10.721403,8.9,4.37
T04,GL-4396,2026-03-17 22:06:00,7.822438,10.721576,9.8,5.37
T04,GL-4396,2026-03-17 22:07:00,7.822989,10.721612,4.7,4.4
T04,GL-4396,2026-03-17 22:08:00,7.823596,10.721501,7.9,2.83
T04,GL-4396,2026-03-17 22:09:00,7.824099,10.721677,9.0,5.34
T04,GL-4396,2026-03-17 22:10:00,7.824664,10.721676,5.0,5.58
T04,GL-4396,2026-03-17 22:11:00,7.825138,10.721801,11.7,3.27
T04,GL-4396,2026-03-17 22:12:00,7.825924,10.721738,4.0,4.53
T04,GL-4396,2026-03-17 22:13:00,7.826399,10.721856,5.1,5.08
T04,GL-4396,2026-03-17 22:14:00,7.826931,10.721748,8.1,4.17
T04,GL-4396,2026-03-17 22:15:00,7.827534,10.721955,8.6,4.47
T04,GL-4396,2026-03-17 22:16:00,7.828042,10.72187,10.8,2.95
T04,GL-4396,2026-03-17 22:17:00,7.828738,10.722097,5.5,3.9
T04,GL-4396,2026-03-17 22:18:00,7.829433,10.722159,7.1,4.88
T04,GL-4396,2026-03-17 22:19:00,7.829902,10.722161,4.7,3.6
T04,GL-4396,2026-03-17 22:20:00,7.830458,10.722017,4.9,4.52
T04,GL-4396,2026-03-17 22:21:00,7.830965,10.722247,11.7,3.41
T04,GL-4396,2026-03-17 22:22:00,7.831639,10.722245,6.3,2.82
T04,GL-4396,2026-03-17 22:23:00,7.832103,10.72236,9.2,4.87
T04,GL-4396,2026-03-17 22:24:00,7.832727,10.722395,8.5,4.28
T04,GL-4396,2026-03-17 22:25:00,7.833369,10.722438,6.8,4.88
T04,GL-4396,2026-03-17 22:26:00,7.833998,10.72245,7.8,4.07
T04,GL-4396,2026-03-17 22:27:00,7.834498,10.722468,9.7,3.98
T04,GL-4396,2026-03-17 22:28:00,7.835087,10.722542,9.8,2.9
T04,GL-4396,2026-03-17 22:29:00,7.835655,10.72268,6.1,5.22
T04,GL-4396,2026-03-17 22:30:00,7.836242,10.722588,8.7,3.57
T04,GL-4396,2026-03-17 22:31:00,7.836749,10.722734,9.6,5.53
T04,GL-4396,2026-03-17 22:32:00,7.837336,10.722646,6.4,4.01
T04,GL-4396,2026-03-17 22:33:00,7.837881,10.722757,8.4,4.98
T04,GL-4396,2026-03-17 22:34:00,7.838486,10.722813,11.4,4.73
T04,GL-4396,2026-03-17 22:35:00,7.839084,10.722865,10.3,3.0
T04,GL-4396,2026-03-17 22:36:00,7.839695,10.722903,5.1,3.51
T04,GL-4396,2026-03-17 22:37:00,7.840182,10.723047,8.6,3.69
T04,GL-4396,2026-03-17 22:38:00,7.84067,10.72306,8.5,5.57
T04,GL-4396,2026-03-17 22:39:00,7.841314,10.723006,8.5,3.31
T04,GL-4396,2026-03-17 22:40:00,7.841931,10.723054,9.2,5.02
T04,GL-4396,2026-03-17 22:41:00,7.84248,10.723123,7.8,3.58
T04,GL-4396,2026-03-17 22:42:00,7.84317,10.723144,6.2,3.15
T04,GL-4396,2026-03-17 22:43:00,7.84362,10.72324,7.7,3.53
T04,GL-4396,2026-03-17 22:44:00,7.844249,10.723277,6.8,3.58
T04,GL-4396,2026-03-17 22:45:00,7.844936,10.723334,10.7,3.22
T04,GL-4396,2026-03-17 22:46:00,7.845413,10.72342,,3.57
T04,GL-4396,2026-03-17 22:47:00,7.845918,10.723509,9.2,5.52
T04,GL-4396,2026-03-17 22:48:00,7.846574,10.723505,9.9,3.34
T04,GL-4396,2026-03-17 22:49:00,7.847238,10.723544,9.3,4.18
T04,GL-4396,2026-03-17 22:50:00,7.847785,10.723578,11.5,4.78
T04,GL-4396,2026-03-17 22:51:00,7.848304,10.723667,,5.28
T04,GL-4396,2026-03-17 22:52:00,7.848912,10.723707,9.9,2.8
T04,GL-4396,2026-03-17 22:53:00,7.84943,10.723576,7.6,4.0
T04,GL-4396,2026-03-17 22:54:00,7.850161,10.723711,6.3,5.43
T04,GL-4396,2026-03-17 22:55:00,7.850537,10.723889,10.0,4.36
T04,GL-4396,2026-03-17 22:56:00,7.851235,10.723784,8.0,4.12
T04,GL-4396,2026-03-17 22:57:00,7.851801,10.723979,7.9,4.87
T04,GL-4396,2026-03-17 22:58:00,7.852311,10.723928,9.3,3.66
T04,GL-4396,2026-03-17 22:59:00,7.852899,10.723973,11.7,3.01
T04,GL-4396,2026-03-17 23:00:00,7.853554,10.724094,6.6,3.0
T04,GL-4396,2026-03-17 23:01:00,7.854113,10.72408,7.9,5.2
T04,GL-4396,2026-03-17 23:02:00,7.854772,10.724015,7.3,4.02
T04,GL-4396,2026-03-17 23:03:00,7.855237,10.724247,7.2,5.57
T04,GL-4396,2026-03-17 23:04:00,7.484187,10.724223,4.8,312.33
T04,GL-4396,2026-03-17 23:05:00,7.856374,10.724211,11.9,4.75
T04,GL-4396,2026-03-17 23:06:00,7.857034,10.724399,10.9,3.19
T04,GL-4396,2026-03-17 23:07:00,7.857476,10.724344,11.2,3.58
T04,GL-4396,2026-03-17 23:08:00,7.858077,10.724375,7.1,5.6
T04,GL-4396,2026-03-17 23:09:00,7.858708,10.724474,8.0,5.3
T04,GL-4396,2026-03-17 23:10:00,7.859241,10.724525,6.0,5.42
T04,GL-4396,2026-03-17 23:11:00,7.859824,10.724496,11.1,4.56
T04,GL-4396,2026-03-17 23:12:00,7.860444,10.724614,7.7,4.13
T04,GL-4396,2026-03-17 23:13:00,7.861024,10.724656,4.1,3.07
T04,GL-4396,2026-03-17 23:14:00,7.861526,10.724578,11.9,3.45
T04,GL-4396,2026-03-17 23:15:00,7.532968,10.724667,7.5,354.51
T04,GL-4396,2026-03-17 23:16:00,7.862719,10.724898,8.6,3.96
T04,GL-4396,2026-03-17 23:17:00,7.863402,10.724793,11.5,3.28
T04,GL-4396,2026-03-17 23:18:00,7.863925,10.724861,10.7,2.93
T04,GL-4396,2026-03-17 23:19:00,7.864506,10.724964,11.1,4.99
T04,GL-4396,2026-03-17 23:20:00,7.865004,10.724977,11.3,3.28
T04,GL-4396,2026-03-17 23:21:00,7.865613,10.725114,5.5,5.39
T04,GL-4396,2026-03-17 23:22:00,7.866145,10.725113,11.0,4.42
T04,GL-4396,2026-03-17 23:23:00,7.866791,10.72518,9.6,2.84
T04,GL-4396,2026-03-17 23:24:00,7.867139,10.725112,6.5,4.61
T04,GL-4396,2026-03-17 23:25:00,7.867892,10.725254,5.4,3.96
T04,GL-4396,2026-03-17 23:26:00,7.868416,10.725321,11.0,2.86
T04,GL-4396,2026-03-17 23:27:00,7.869096,10.725342,8.3,3.84
T04,GL-4396,2026-03-17 23:28:00,7.869629,10.725303,9.5,5.46
T04,GL-4396,2026-03-17 23:29:00,7.87014,10.725385,4.9,4.84
T04,GL-4396,2026-03-17 23:30:00,7.870754,10.725527,8.3,5.07
T04,GL-4396,2026-03-17 23:31:00,7.871395,10.725506,8.1,5.52
T04,GL-4396,2026-03-17 23:32:00,7.871953,10.725597,7.6,3.12
T04,GL-4396,2026-03-17 23:33:00,7.872471,10.725558,7.9,5.55
T04,GL-4396,2026-03-17 23:34:00,7.873082,10.725649,5.4,4.34
T04,GL-4396,2026-03-17 23:35:00,7.873657,10.725556,4.2,4.68
T04,GL-4396,2026-03-17 23:36:00,7.874337,10.725737,5.3,2.88
T04,GL-4396,2026-03-17 23:37:00,7.874819,10.72577,7.9,5.5
T04,GL-4396,2026-03-17 23:38:00,7.875443,10.72586,10.6,3.34
T04,GL-4396,2026-03-17 23:39:00,7.875954,10.725887,7.9,3.16
T04,GL-4396,2026-03-17 23:40:00,7.876582,10.725863,8.7,3.5
T04,GL-4396,2026-03-17 23:41:00,7.877129,10.726073,9.5,4.35
T04,GL-4396,2026-03-17 23:42:00,7.877709,10.725919,10.0,3.5
T04,GL-4396,2026-03-17 23:43:00,7.878303,10.725997,9.7,5.22
T04,GL-4396,2026-03-17 23:44:00,7.878871,10.726185,7.6,5.47
T04,GL-4396,2026-03-17 23:45:00,7.879345,10.72614,8.9,3.83
T04,GL-4396,2026-03-17 23:46:00,7.880123,10.726232,8.3,3.28
T04,GL-4396,2026-03-17 23:47:00,7.880648,10.726184,7.4,5.05
T04,GL-4396,2026-03-17 23:48:00,7.881119,10.726313,8.4,5.33
T04,GL-4396,2026-03-17 23:49:00,7.88177,10.726474,5.5,3.63
T04,GL-4396,2026-03-17 23:50:00,7.88235,10.726351,4.4,4.41
T04,GL-4396,2026-03-17 23:51:00,7.882916,10.726435,4.7,5.48
T04,GL-4396,2026-03-17 23:52:00,7.883547,10.726582,9.6,3.77
T04,GL-4396,2026-03-17 23:53:00,7.884227,10.726558,7.7,3.24
T04,GL-4396,2026-03-17 23:54:00,7.884633,10.72657,8.3,4.99
T04,GL-4396,2026-03-17 23:55:00,7.885261,10.726679,9.4,4.8
T04,GL-4396,2026-03-17 23:56:00,7.885737,10.726747,6.9,3.2
T04,GL-4396,2026-03-17 23:57:00,7.886382,10.726716,7.4,3.4
T04,GL-4396,2026-03-17 23:58:00,7.886913,10.726742,5.7,4.21
T04,GL-4396,2026-03-17 23:59:00,7.887455,10.726822,12.0,4.81
T04,GL-4396,2026-03-18 00:00:00,7.888001,10.726913,7.1,3.18
T04,GL-4396,2026-03-18 00:01:00,7.888666,10.72704,8.3,2.94
T04,GL-4396,2026-03-18 00:02:00,7.889188,10.726982,6.3,4.31
T04,GL-4396,2026-03-18 00:03:00,7.889778,10.726992,6.2,5.34
T04,GL-4396,2026-03-18 00:04:00,7.890351,10.727127,7.3,4.89
T04,GL-4396,2026-03-18 00:05:00,7.624562,10.727092,8.9,240.39
T04,GL-4396,2026-03-18 00:06:00,7.891662,10.72717,6.8,5.0
T04,GL-4396,2026-03-18 00:07:00,7.89207,10.727187,5.9,4.41
T04,GL-4396,2026-03-18 00:08:00,7.892779,10.727281,8.1,4.89
T04,GL-4396,2026-03-18 00:09:00,7.893211,10.727279,4.2,3.31
T04,GL-4396,2026-03-18 00:10:00,7.893804,10.727413,10.0,4.43
T04,GL-4396,2026-03-18 00:11:00,7.894504,10.727441,9.6,5.1
T04,GL-4396,2026-03-18 00:12:00,7.895081,10.727459,5.0,3.68
T04,GL-4396,2026-03-18 00:13:00,7.895655,10.727439,4.8,5.02
T04,GL-4396,2026-03-18 00:14:00,7.896152,10.727602,5.0,3.11
T04,GL-4396,2026-03-18 00:15:00,7.896649,10.727659,4.8,4.76
T04,GL-4396,2026-03-18 00:16:00,7.897269,10.727672,7.3,5.45
T04,GL-4396,2026-03-18 00:17:00,7.89777,10.727653,9.1,3.16
T04,GL-4396,2026-03-18 00:18:00,7.898555,10.727662,5.5,4.11
T04,GL-4396,2026-03-18 00:19:00,7.89908,10.727702,6.7,2.99
T04,GL-4396,2026-03-18 00:20:00,7.899584,10.727882,10.6,4.54
T04,GL-4396,2026-03-18 00:21:00,7.900205,10.727827,8.2,3.65
T04,GL-4396,2026-03-18 00:22:00,7.900817,10.727981,10.6,3.97
T04,GL-4396,2026-03-18 00:23:00,7.901311,10.727971,7.7,3.37
T04,GL-4396,2026-03-18 00:24:00,7.901791,10.728108,7.0,4.08
T04,GL-4396,2026-03-18 00:25:00,7.902501,10.728011,5.8,3.88
T04,GL-4396,2026-03-18 00:26:00,7.903014,10.728047,7.8,4.21
T04,GL-4396,2026-03-18 00:27:00,7.903691,10.728109,9.4,3.49
T04,GL-4396,2026-03-18 00:28:00,7.904244,10.728181,6.6,4.89
T04,GL-4396,2026-03-18 00:29:00,7.904817,10.728218,7.9,5.29
T04,GL-4396,2026-03-18 00:30:00,7.905337,10.728331,5.5,3.29
T04,GL-4396,2026-03-18 00:31:00,7.905931,10.728336,7.5,3.01
T04,GL-4396,2026-03-18 00:32:00,7.906509,10.728284,9.0,4.44
T04,GL-4396,2026-03-18 00:33:00,7.907111,10.728472,5.5,5.0
T04,GL-4396,2026-03-18 00:34:00,7.907647,10.728562,6.4,3.29
T04,GL-4396,2026-03-18 00:35:00,7.908291,10.728562,6.6,2.95
T04,GL-4396,2026-03-18 00:36:00,7.908731,10.728558,11.5,5.01
T04,GL-4396,2026-03-18 00:37:00,7.909405,10.728565,11.9,4.45
T04,GL-4396,2026-03-18 00:38:00,7.909964,10.728678,5.5,4.54
T04,GL-4396,2026-03-18 00:39:00,7.910576,10.728756,8.2,4.26
T04,GL-4396,2026-03-18 00:40:00,7.911109,10.728755,4.2,3.02
T04,GL-4396,2026-03-18 00:41:00,7.911825,10.728851,10.3,3.86
T04,GL-4396,2026-03-18 00:42:00,7.912228,10.728881,6.8,4.38
T04,GL-4396,2026-03-18 00:43:00,7.912781,10.728948,11.6,4.17
T04,GL-4396,2026-03-18 00:44:00,7.913375,10.728936,9.9,3.1
T04,GL-4396,2026-03-18 00:45:00,7.914083,10.728987,11.7,3.21
T04,GL-4396,2026-03-18 00:46:00,7.914614,10.728981,8.6,4.88
T04,GL-4396,2026-03-18 00:47:00,7.915294,10.729068,9.6,4.63
T04,GL-4396,2026-03-18 00:48:00,7.91578,10.72915,8.1,5.39
T04,GL-4396,2026-03-18 00:49:00,7.916352,10.729048,9.8,4.0
T04,GL-4396,2026-03-18 00:50:00,7.916775,10.729271,11.7,4.84
T04,GL-4396,2026-03-18 00:51:00,7.917418,10.72921,8.2,3.88
T04,GL-4396,2026-03-18 00:52:00,7.918095,10.729316,7.0,3.79
T04,GL-4396,2026-03-18 00:53:00,7.918653,10.729333,7.2,3.27
T04,GL-4396,2026-03-18 00:54:00,7.919141,10.729562,6.5,3.98
T04,GL-4396,2026-03-18 00:55:00,7.919794,10.729322,10.8,3.05
T04,GL-4396,2026-03-18 00:56:00,7.920379,10.729516,9.8,3.71
T04,GL-4396,2026-03-18 00:57:00,7.920906,10.72942,4.8,4.99
T04,GL-4396,2026-03-18 00:58:00,7.921553,10.729558,10.4,3.29
T04,GL-4396,2026-03-18 00:59:00,7.922218,10.729733,9.1,2.81
T04,GL-4396,2026-03-18 01:00:00,7.922788,10.72976,5.8,4.34
T04,GL-4396,2026-03-18 01:01:00,7.923251,10.729733,10.3,3.9
T04,GL-4396,2026-03-18 01:02:00,7.923974,10.729738,6.7,5.46
T04,GL-4396,2026-03-18 01:03:00,7.924489,10.729913,7.7,4.34
T04,GL-4396,2026-03-18 01:04:00,7.925007,10.729777,9.1,5.13
T04,GL-4396,2026-03-18 01:05:00,7.925522,10.729939,10.3,4.62
T04,GL-4396,2026-03-18 01:06:00,7.926175,10.729993,11.9,3.95
T04,GL-4396,2026-03-18 01:07:00,7.926638,10.730096,11.8,4.54
T04,GL-4396,2026-03-18 01:08:00,7.927212,10.730116,7.2,3.57
T04,GL-4396,2026-03-18 01:09:00,7.927891,10.730216,10.2,4.88
T04,GL-4396,2026-03-18 01:10:00,7.928396,10.730252,10.1,3.77
T04,GL-4396,2026-03-18 01:11:00,7.929047,10.730165,6.3,4.97
T04,GL-4396,2026-03-18 01:12:00,7.929619,10.730302,8.7,4.54
T04,GL-4396,2026-03-18 01:13:00,7.930084,10.730358,8.3,3.91
T04,GL-4396,2026-03-18 01:14:00,7.930717,10.730328,4.1,5.49
T04,GL-4396,2026-03-18 01:15:00,7.931311,10.730382,9.1,3.47
T04,GL-4396,2026-03-18 01:16:00,7.931791,10.73053,4.8,3.44
T04,GL-4396,2026-03-18 01:17:00,7.932496,10.730619,5.1,2.89
T04,GL-4396,2026-03-18 01:18:00,7.933064,10.730592,5.1,4.35
T04,GL-4396,2026-03-18 01:19:00,7.933581,10.730523,4.3,3.01
T04,GL-4396,2026-03-18 01:20:00,7.934191,10.730586,7.6,5.39
T04,GL-4396,2026-03-18 01:21:00,7.934707,10.730821,11.1,3.77
T04,GL-4396,2026-03-18 01:22:00,7.935414,10.73087,5.9,3.04
T04,GL-4396,2026-03-18 01:23:00,7.935849,10.730714,5.3,5.55
T04,GL-4396,2026-03-18 01:24:00,7.936506,10.730891,6.6,5.26
T04,GL-4396,2026-03-18 01:25:00,7.93713,10.731065,5.5,3.98
T04,GL-4396,2026-03-18 01:26:00,7.937618,10.730951,4.0,3.87
T04,GL-4396,2026-03-18 01:27:00,7.938247,10.73093,8.3,3.05
T04,GL-4396,2026-03-18 01:28:00,7.938782,10.731037,8.5,3.46
T04,GL-4396,2026-03-18 01:29:00,7.939414,10.731061,8.2,3.12
T04,GL-4396,2026-03-18 01:30:00,7.940001,10.731109,8.6,3.34
T04,GL-4396,2026-03-18 01:31:00,7.940595,10.731224,,4.7
T04,GL-4396,2026-03-18 01:32:00,7.941119,10.731284,6.2,4.42
T04,GL-4396,2026-03-18 01:33:00,7.941724,10.731289,7.8,3.42
T04,GL-4396,2026-03-18 01:34:00,7.942221,10.731405,11.2,3.28
T04,GL-4396,2026-03-18 01:35:00,7.942899,10.731267,7.1,5.16
T04,GL-4396,2026-03-18 01:36:00,7.943459,10.731369,6.2,4.01
T04,GL-4396,2026-03-18 01:37:00,7.943927,10.731481,4.9,5.11
T04,GL-4396,2026-03-18 01:38:00,7.944621,10.731629,10.0,5.39
T04,GL-4396,2026-03-18 01:39:00,7.945036,10.731541,6.5,3.6
T04,GL-4396,2026-03-18 01:40:00,7.94562,10.731611,6.5,4.65
T04,GL-4396,2026-03-18 01:41:00,7.946285,10.731711,4.1,4.03
T04,GL-4396,2026-03-18 01:42:00,7.946855,10.731786,8.1,3.17
T04,GL-4396,2026-03-18 01:43:00,7.947394,10.731747,11.6,3.34
T04,GL-4396,2026-03-18 01:44:00,7.948101,10.731757,8.4,4.3
T04,GL-4396,2026-03-18 01:45:00,7.948693,10.731861,7.1,3.22
T04,GL-4396,2026-03-18 01:46:00,7.949245,10.731909,7.0,5.55
T04,GL-4396,2026-03-18 01:47:00,7.949802,10.73208,8.3,4.41
T04,GL-4396,2026-03-18 01:48:00,7.950279,10.731923,10.8,4.83
T04,GL-4396,2026-03-18 01:49:00,7.950834,10.731985,4.1,4.26
T04,GL-4396,2026-03-18 01:50:00,7.951421,10.732067,4.1,5.41
T04,GL-4396,2026-03-18 01:51:00,7.952103,10.732062,6.1,5.32
T04,GL-4396,2026-03-18 01:52:00,7.952573,10.73221,9.8,4.27
T04,GL-4396,2026-03-18 01:53:00,7.953166,10.73222,5.8,4.1
T04,GL-4396,2026-03-18 01:54:00,7.953869,10.73227,10.1,3.39
T04,GL-4396,2026-03-18 01:55:00,7.954292,10.732278,6.0,4.47
T04,GL-4396,2026-03-18 01:56:00,7.954895,10.732385,4.4,3.84
T04,GL-4396,2026-03-18 01:57:00,7.955478,10.732397,7.5,4.65
T04,GL-4396,2026-03-18 01:58:00,7.956054,10.732514,6.7,3.06
T04,GL-4396,2026-03-18 01:59:00,7.956646,10.732593,6.1,2.91
T04,GL-4396,2026-03-18 02:00:00,7.957286,10.732554,5.1,5.11
T04,GL-4396,2026-03-18 02:01:00,7.957788,10.732614,4.5,5.07
T04,GL-4396,2026-03-18 02:02:00,7.95839,10.732606,11.5,4.79
T04,GL-4396,2026-03-18 02:03:00,7.958953,10.732567,6.1,3.67
T04,GL-4396,2026-03-18 02:04:00,7.9595,10.732754,6.4,3.76
T04,GL-4396,2026-03-18 02:05:00,7.96015,10.732722,9.4,5.16
T04,GL-4396,2026-03-18 02:06:00,7.960687,10.732954,10.1,2.95
T04,GL-4396,2026-03-18 02:07:00,7.961295,10.732885,9.9,3.86
T04,GL-4396,2026-03-18 02:08:00,7.961796,10.732843,8.8,3.75
T04,GL-4396,2026-03-18 02:09:00,7.962461,10.732928,5.2,2.98
T04,GL-4396,2026-03-18 02:10:00,7.96301,10.73309,9.0,3.92
T04,GL-4396,2026-03-18 02:11:00,7.963582,10.733041,10.2,5.29
T04,GL-4396,2026-03-18 02:12:00,7.964111,10.733112,11.7,3.2
T04,GL-4396,2026-03-18 02:13:00,7.964695,10.733129,5.4,5.29
T04,GL-4396,2026-03-18 02:14:00,8.188717,10.733158,6.1,226.93
T04,GL-4396,2026-03-18 02:15:00,7.965818,10.733204,7.7,5.27
T04,GL-4396,2026-03-18 02:16:00,7.966435,10.73334,6.9,3.03
T04,GL-4396,2026-03-18 02:17:00,7.967029,10.733381,4.5,4.64
T04,GL-4396,2026-03-18 02:18:00,7.967506,10.733432,4.5,3.79
T04,GL-4396,2026-03-18 02:19:00,7.96807,10.733448,7.5,2.94
T04,GL-4396,2026-03-18 02:20:00,7.968756,10.733515,4.7,3.67
T04,GL-4396,2026-03-18 02:21:00,7.969383,10.7335,5.7,4.08
T04,GL-4396,2026-03-18 02:22:00,7.969866,10.73356,11.3,4.25
T04,GL-4396,2026-03-18 02:23:00,7.970404,10.733697,8.7,5.14
T04,GL-4396,2026-03-18 02:24:00,7.971049,10.733659,4.8,5.2
T04,GL-4396,2026-03-18 02:25:00,7.971635,10.733719,4.4,4.14
T04,GL-4396,2026-03-18 02:26:00,7.972268,10.733763,7.0,3.04
T04,GL-4396,2026-03-18 02:27:00,7.972761,10.733942,7.4,5.52
T04,GL-4396,2026-03-18 02:28:00,7.97344,10.734007,5.4,3.68
T04,GL-4396,2026-03-18 02:29:00,7.973811,10.733826,7.3,4.0
T04,GL-4396,2026-03-18 02:30:00,7.974589,10.733846,9.7,4.33
T04,GL-4396,2026-03-18 02:31:00,7.975039,10.733866,10.9,3.25
T04,GL-4396,2026-03-18 02:32:00,8.025063,10.734029,9.5,398.02
T04,GL-4396,2026-03-18 02:33:00,7.976247,10.73419,6.9,4.35
T04,GL-4396,2026-03-18 02:34:00,7.976965,10.734154,8.7,3.5
T04,GL-4396,2026-03-18 02:35:00,7.977366,10.734296,8.8,5.38
T04,GL-4396,2026-03-18 02:36:00,7.977994,10.734198,5.2,5.07
T04,GL-4396,2026-03-18 02:37:00,7.978589,10.734245,4.4,4.42
T04,GL-4396,2026-03-18 02:38:00,7.979214,10.734332,5.3,3.79
T04,GL-4396,2026-03-18 02:39:00,7.979664,10.734336,6.7,3.89
T04,GL-4396,2026-03-18 02:40:00,7.980309,10.734449,4.5,3.91
T04,GL-4396,2026-03-18 02:41:00,7.980795,10.734467,11.7,3.5
T04,GL-4396,2026-03-18 02:42:00,7.981438,10.734573,5.4,3.92
T04,GL-4396,2026-03-18 02:43:00,7.981993,10.734612,9.7,3.69
T04,GL-4396,2026-03-18 02:44:00,7.982412,10.734611,11.5,3.66
T04,GL-4396,2026-03-18 02:45:00,7.983265,10.734722,6.5,5.49
T04,GL-4396,2026-03-18 02:46:00,7.983721,10.73461,4.9,5.29
T04,GL-4396,2026-03-18 02:47:00,7.984334,10.734652,9.1,5.13
T04,GL-4396,2026-03-18 02:48:00,7.984879,10.734895,5.4,3.46
T04,GL-4396,2026-03-18 02:49:00,7.985528,10.734996,5.5,4.25
T04,GL-4396,2026-03-18 02:50:00,7.986133,10.734959,11.7,2.94
T04,GL-4396,2026-03-18 02:51:00,7.986564,10.734862,4.8,5.25
T04,GL-4396,2026-03-18 02:52:00,7.987093,10.735158,5.5,2.89
T04,GL-4396,2026-03-18 02:53:00,7.987738,10.73495,8.3,3.5
T04,GL-4396,2026-03-18 02:54:00,7.988368,10.735033,12.0,4.56
T04,GL-4396,2026-03-18 02:55:00,7.544005,10.735097,5.4,413.76
T04,GL-4396,2026-03-18 02:56:00,7.98952,10.735314,7.4,4.47
T04,GL-4396,2026-03-18 02:57:00,7.990054,10.73526,4.4,4.71
T04,GL-4396,2026-03-18 02:58:00,7.99064,10.735348,4.4,5.52
T04,GL-4396,2026-03-18 02:59:00,7.99125,10.735402,7.6,3.03
T04,GL-4396,2026-03-18 03:00:00,7.991837,10.735513,4.4,3.49
T04,GL-4396,2026-03-18 03:01:00,7.992354,10.735457,,3.05
T04,GL-4396,2026-03-18 03:02:00,7.992974,10.73554,5.8,3.61
T04,GL-4396,2026-03-18 03:03:00,7.993505,10.735454,9.6,5.03
T04,GL-4396,2026-03-18 03:04:00,7.994021,10.735536,8.2,5.0
T04,GL-4396,2026-03-18 03:05:00,7.994725,10.735675,5.6,5.27
T04,GL-4396,2026-03-18 03:06:00,7.995293,10.735665,9.5,4.25
T04,GL-4396,2026-03-18 03:07:00,7.99575,10.735677,8.4,4.29
T04,GL-4396,2026-03-18 03:08:00,7.996496,10.73578,7.9,4.04
T04,GL-4396,2026-03-18 03:09:00,7.996973,10.735845,10.7,3.0
T04,GL-4396,2026-03-18 03:10:00,7.997549,10.735996,7.5,4.75
T04,GL-4396,2026-03-18 03:11:00,7.99813,10.73591,6.4,3.65
T04,GL-4396,2026-03-18 03:12:00,7.998628,10.735887,7.3,4.97
T04,GL-4396,2026-03-18 03:13:00,7.999215,10.736009,10.2,3.36
T04,GL-4396,2026-03-18 03:14:00,7.99994,10.736032,8.2,5.24
T04,GL-4396,2026-03-18 03:15:00,8.000391,10.736086,8.2,4.23
T04,GL-4396,2026-03-18 03:16:00,8.00093,10.736198,7.3,2.97
T04,GL-4396,2026-03-18 03:17:00,8.001657,10.736303,8.8,4.34
T04,GL-4396,2026-03-18 03:18:00,8.002234,10.736231,8.8,3.4
T04,GL-4396,2026-03-18 03:19:00,8.002824,10.736227,8.9,3.3
T04,GL-4396,2026-03-18 03:20:00,8.003308,10.736331,4.3,5.36
T04,GL-4396,2026-03-18 03:21:00,8.003876,10.736312,4.8,5.11
T04,GL-4396,2026-03-18 03:22:00,8.004477,10.736391,10.8,3.95
T04,GL-4396,2026-03-18 03:23:00,8.005097,10.736497,5.7,3.72
T04,GL-4396,2026-03-18 03:24:00,8.005609,10.736369,6.1,3.61
T04,GL-4396,2026-03-18 03:25:00,8.006166,10.736635,7.4,5.42
T04,GL-4396,2026-03-18 03:26:00,8.006697,10.736575,11.7,4.8
T04,GL-4396,2026-03-18 03:27:00,8.007387,10.736639,8.9,4.72
T04,GL-4396,2026-03-18 03:28:00,8.008003,10.736678,5.7,2.9
T04,GL-4396,2026-03-18 03:29:00,8.008522,10.736731,9.7,4.72
T04,GL-4396,2026-03-18 03:30:00,8.009025,10.736732,5.3,4.4
T04,GL-4396,2026-03-18 03:31:00,8.00978,10.736916,9.8,4.89
T04,GL-4396,2026-03-18 03:32:00,8.010264,10.736836,5.6,3.75
T04,GL-4396,2026-03-18 03:33:00,8.010799,10.737054,7.7,4.19
T04,GL-4396,2026-03-18 03:34:00,8.011485,10.737058,6.9,3.47
T04,GL-4396,2026-03-18 03:35:00,8.012051,10.737072,5.3,3.36
T04,GL-4396,2026-03-18 03:36:00,8.012492,10.737121,6.1,3.66
T04,GL-4396,2026-03-18 03:37:00,8.01314,10.737218,8.4,5.54
T04,GL-4396,2026-03-18 03:38:00,8.013622,10.737049,10.6,4.36
T04,GL-4396,2026-03-18 03:39:00,8.014302,10.737285,11.1,2.84
T04,GL-4396,2026-03-18 03:40:00,8.014853,10.737277,11.2,3.5
T04,GL-4396,2026-03-18 03:41:00,8.015486,10.737296,11.3,3.98
T04,GL-4396,2026-03-18 03:42:00,8.016024,10.737464,9.6,2.99
T04,GL-4396,2026-03-18 03:43:00,8.016571,10.737413,6.1,5.54
T04,GL-4396,2026-03-18 03:44:00,8.017136,10.73747,4.6,3.63
T04,GL-4396,2026-03-18 03:45:00,8.017772,10.737439,6.7,4.38
T04,GL-4396,2026-03-18 03:46:00,8.018312,10.737447,10.0,4.48
T04,GL-4396,2026-03-18 03:47:00,8.01884,10.737443,7.7,3.16
T04,GL-4396,2026-03-18 03:48:00,8.019406,10.737654,10.4,3.32
T04,GL-4396,2026-03-18 03:49:00,8.020042,10.73782,8.3,4.28
T04,GL-4396,2026-03-18 03:50:00,8.020742,10.73768,9.6,5.45
T04,GL-4396,2026-03-18 03:51:00,8.021297,10.73775,10.4,5.04
T04,GL-4396,2026-03-18 03:52:00,8.021737,10.737938,7.8,3.84
T04,GL-4396,2026-03-18 03:53:00,8.022286,10.73792,4.5,3.14
T04,GL-4396,2026-03-18 03:54:00,8.022954,10.737947,6.2,4.92
T04,GL-4396,2026-03-18 03:55:00,8.023466,10.737984,8.8,2.85
T04,GL-4396,2026-03-18 03:56:00,8.024006,10.738052,6.7,4.7
T04,GL-4396,2026-03-18 03:57:00,8.024643,10.73809,7.2,2.96
T04,GL-4396,2026-03-18 03:58:00,8.025257,10.738128,4.7,4.68
T04,GL-4396,2026-03-18 03:59:00,8.025771,10.738146,8.1,5.38
T04,GL-4396,2026-03-18 04:00:00,8.02638,10.738269,11.1,5.55
T04,GL-4396,2026-03-18 04:01:00,8.026965,10.738213,10.4,5.33
T04,GL-4396,2026-03-18 04:02:00,8.027577,10.738372,7.8,3.53
T04,GL-4396,2026-03-18 04:03:00,8.02812,10.738487,12.0,5.56
T04,GL-4396,2026-03-18 04:04:00,8.028696,10.738458,9.9,4.87
T04,GL-4396,2026-03-18 04:05:00,8.029242,10.738551,10.7,4.45
T04,GL-4396,2026-03-18 04:06:00,8.029808,10.738477,7.7,4.45
T04,GL-4396,2026-03-18 04:07:00,8.030542,10.738582,10.2,3.72
T04,GL-4396,2026-03-18 04:08:00,8.030997,10.738648,4.9,2.93
T04,GL-4396,2026-03-18 04:09:00,8.0316,10.738694,11.0,2.87
T04,GL-4396,2026-03-18 04:10:00,8.03219,10.738634,10.9,4.84
T04,GL-4396,2026-03-18 04:11:00,8.032814,10.738751,6.8,3.34
T04,GL-4396,2026-03-18 04:12:00,8.03327,10.738836,10.7,3.41
T04,GL-4396,2026-03-18 04:13:00,8.033856,10.738897,10.9,4.39
T04,GL-4396,2026-03-18 04:14:00,8.034294,10.73892,5.8,3.84
T04,GL-4396,2026-03-18 04:15:00,8.035083,10.738901,8.2,3.71
T04,GL-4396,2026-03-18 04:16:00,8.035552,10.73894,8.4,3.0
T04,GL-4396,2026-03-18 04:17:00,8.036147,10.739055,5.6,3.95
T04,GL-4396,2026-03-18 04:18:00,8.036711,10.739033,5.8,3.78
T04,GL-4396,2026-03-18 04:19:00,8.037364,10.739143,6.0,4.36
T04,GL-4396,2026-03-18 04:20:00,8.037974,10.739164,7.0,5.13
T04,GL-4396,2026-03-18 04:21:00,8.038507,10.739194,10.4,5.39
T04,GL-4396,2026-03-18 04:22:00,8.03915,10.739245,8.2,3.42
T04,GL-4396,2026-03-18 04:23:00,8.039649,10.739259,4.1,5.03
T04,GL-4396,2026-03-18 04:24:00,8.040142,10.739302,11.2,3.43
T04,GL-4396,2026-03-18 04:25:00,8.0408,10.73944,8.5,4.16
T04,GL-4396,2026-03-18 04:26:00,8.041563,10.739514,9.9,3.87
T04,GL-4396,2026-03-18 04:27:00,8.042056,10.739493,9.3,3.05
T04,GL-4396,2026-03-18 04:28:00,8.042488,10.739614,10.5,4.44
T04,GL-4396,2026-03-18 04:29:00,8.043048,10.739657,4.2,3.11
T04,GL-4396,2026-03-18 04:30:00,8.043642,10.73964,,4.1
T04,GL-4396,2026-03-18 04:31:00,8.044166,10.739727,6.8,4.25
T04,GL-4396,2026-03-18 04:32:00,8.044837,10.739761,7.9,4.96
T04,GL-4396,2026-03-18 04:33:00,8.045368,10.739749,6.8,3.39
T04,GL-4396,2026-03-18 04:34:00,8.045907,10.739849,9.3,3.4
T04,GL-4396,2026-03-18 04:35:00,8.046518,10.739782,11.1,4.29
T04,GL-4396,2026-03-18 04:36:00,8.047165,10.739974,9.2,3.62
T04,GL-4396,2026-03-18 04:37:00,8.047761,10.739935,8.2,5.07
T04,GL-4396,2026-03-18 04:38:00,8.048291,10.740064,7.9,3.52
T04,GL-4396,2026-03-18 04:39:00,8.048909,10.740072,7.1,5.3
T04,GL-4396,2026-03-18 04:40:00,8.049489,10.740107,4.6,3.4
T04,GL-4396,2026-03-18 04:41:00,8.049992,10.740261,9.8,3.65
T04,GL-4396,2026-03-18 04:42:00,8.050567,10.74019,4.9,4.47
T04,GL-4396,2026-03-18 04:43:00,8.05113,10.740276,6.1,4.32
T04,GL-4396,2026-03-18 04:44:00,8.051693,10.740375,,3.64
T04,GL-4396,2026-03-18 04:45:00,8.052483,10.740393,7.7,5.29
T04,GL-4396,2026-03-18 04:46:00,8.052858,10.740334,8.8,3.31
T04,GL-4396,2026-03-18 04:47:00,8.053474,10.740516,5.9,3.24
T04,GL-4396,2026-03-18 04:48:00,8.054059,10.740561,,4.01
T04,GL-4396,2026-03-18 04:49:00,8.05461,10.740548,6.6,5.14
T04,GL-4396,2026-03-18 04:50:00,8.055163,10.740618,11.1,3.01
T04,GL-4396,2026-03-18 04:51:00,8.055741,10.740628,5.1,4.42
T04,GL-4396,2026-03-18 04:52:00,8.056453,10.740663,11.9,4.84
T04,GL-4396,2026-03-18 04:53:00,8.056857,10.740735,4.0,5.1
T04,GL-4396,2026-03-18 04:54:00,8.05751,10.740713,4.8,5.32
T04,GL-4396,2026-03-18 04:55:00,8.058177,10.740873,11.8,4.54
T04,GL-4396,2026-03-18 04:56:00,8.058693,10.740807,11.9,5.37
T04,GL-4396,2026-03-18 04:57:00,8.059107,10.740899,9.3,4.38
T04,GL-4396,2026-03-18 04:58:00,8.059857,10.740957,10.6,4.22
T04,GL-4396,2026-03-18 04:59:00,8.060407,10.740962,6.9,4.2
T04,GL-4396,2026-03-18 05:00:00,8.060909,10.741098,7.9,2.96
T04,GL-4396,2026-03-18 05:01:00,8.061501,10.741207,5.1,4.81
T04,GL-4396,2026-03-18 05:02:00,8.062045,10.741288,4.7,2.93
T04,GL-4396,2026-03-18 05:03:00,8.062734,10.741147,4.1,4.9
T04,GL-4396,2026-03-18 05:04:00,8.063392,10.741311,11.5,4.11
T04,GL-4396,2026-03-18 05:05:00,8.063854,10.741345,8.6,4.02
T04,GL-4396,2026-03-18 05:06:00,8.064447,10.741281,9.3,4.91
T04,GL-4396,2026-03-18 05:07:00,8.065074,10.741273,9.6,4.12
T04,GL-4396,2026-03-18 05:08:00,8.065478,10.74151,7.5,4.42
T04,GL-4396,2026-03-18 05:09:00,8.066108,10.741461,9.8,4.18
T04,GL-4396,2026-03-18 05:10:00,8.066638,10.74157,7.9,4.13
T04,GL-4396,2026-03-18 05:11:00,8.067321,10.74161,4.4,4.41
T04,GL-4396,2026-03-18 05:12:00,8.067916,10.741532,5.3,4.86
T04,GL-4396,2026-03-18 05:13:00,8.068407,10.741577,5.3,3.71
T04,GL-4396,2026-03-18 05:14:00,8.069034,10.741687,11.8,5.49
T04,GL-4396,2026-03-18 05:15:00,8.069655,10.741684,10.8,3.17
T04,GL-4396,2026-03-18 05:16:00,8.070094,10.742021,11.6,4.17
T04,GL-4396,2026-03-18 05:17:00,8.070705,10.74198,12.0,3.97
T04,GL-4396,2026-03-18 05:18:00,8.071324,10.741829,8.5,5.12
T04,GL-4396,2026-03-18 05:19:00,8.071946,10.741973,10.1,3.36
T04,GL-4396,2026-03-18 05:20:00,8.072424,10.742003,5.3,3.53
T04,GL-4396,2026-03-18 05:21:00,8.073104,10.742116,5.6,3.87
T04,GL-4396,2026-03-18 05:22:00,8.073682,10.742054,7.7,5.58
T04,GL-4396,2026-03-18 05:23:00,8.074118,10.741976,7.1,4.26
T04,GL-4396,2026-03-18 05:24:00,8.074773,10.742286,10.5,3.95
T04,GL-4396,2026-03-18 05:25:00,8.075457,10.742362,9.0,4.95
T04,GL-4396,2026-03-18 05:26:00,8.075972,10.742249,8.0,3.79
T04,GL-4396,2026-03-18 05:27:00,8.076505,10.742287,11.6,3.47
T04,GL-4396,2026-03-18 05:28:00,8.077191,10.74244,7.9,3.88
T04,GL-4396,2026-03-18 05:29:00,8.077667,10.742468,5.1,3.51
T04,GL-4396,2026-03-18 05:30:00,8.078146,10.742463,4.9,4.22
T04,GL-4396,2026-03-18 05:31:00,8.078822,10.74254,8.4,5.41
T04,GL-4396,2026-03-18 05:32:00,8.079401,10.74259,5.8,3.53
T04,GL-4396,2026-03-18 05:33:00,8.08005,10.742665,12.0,3.37
T04,GL-4396,2026-03-18 05:34:00,8.080492,10.742715,9.3,4.89
T04,GL-4396,2026-03-18 05:35:00,8.081176,10.742664,11.8,3.41
T04,GL-4396,2026-03-18 05:36:00,8.081654,10.74276,7.5,3.83
T04,GL-4396,2026-03-18 05:37:00,8.082331,10.742834,9.3,4.24
T04,GL-4396,2026-03-18 05:38:00,8.082828,10.742922,5.5,3.46
T04,GL-4396,2026-03-18 05:39:00,8.083476,10.742983,9.0,3.48
T04,GL-4396,2026-03-18 05:40:00,8.084014,10.742969,4.6,3.2
T04,GL-4396,2026-03-18 05:41:00,8.084566,10.743051,10.8,5.49
T04,GL-4396,2026-03-18 05:42:00,8.08518,10.743041,5.4,4.82
T04,GL-4396,2026-03-18 05:43:00,8.085798,10.742968,10.3,5.54
T04,GL-4396,2026-03-18 05:44:00,8.08625,10.743216,9.1,4.83
T04,GL-4396,2026-03-18 05:45:00,8.086875,10.743352,7.3,4.85
T04,GL-4396,2026-03-18 05:46:00,8.087355,10.74327,11.9,3.83
T04,GL-4396,2026-03-18 05:47:00,8.087967,10.743338,5.1,3.56
T04,GL-4396,2026-03-18 05:48:00,8.088623,10.743403,6.4,3.87
T04,GL-4396,2026-03-18 05:49:00,8.089218,10.74338,8.9,3.79
T04,GL-4396,2026-03-18 05:50:00,8.089751,10.743475,5.7,4.31
T04,GL-4396,2026-03-18 05:51:00,8.090394,10.743394,10.1,4.41
T04,GL-4396,2026-03-18 05:52:00,8.090969,10.743592,5.7,4.07
T04,GL-4396,2026-03-18 05:53:00,8.091455,10.743529,11.8,4.2
T04,GL-4396,2026-03-18 05:54:00,8.092058,10.743675,11.8,4.39
T04,GL-4396,2026-03-18 05:55:00,8.092689,10.743685,7.8,3.81
T04,GL-4396,2026-03-18 05:56:00,8.09315,10.743717,7.3,3.3
T04,GL-4396,2026-03-18 05:57:00,8.093728,10.743728,9.5,5.28
T04,GL-4396,2026-03-18 05:58:00,8.094416,10.743878,7.2,3.14
T04,GL-4396,2026-03-18 05:59:00,8.094889,10.743875,4.9,3.1
T04,GL-4396,2026-03-18 06:00:00,8.095567,10.743848,9.1,4.32
T04,GL-4396,2026-03-18 06:01:00,8.096027,10.743955,9.7,4.92
T04,GL-4396,2026-03-18 06:02:00,8.096733,10.743995,7.9,5.3
T04,GL-4396,2026-03-18 06:03:00,8.097221,10.743988,6.8,5.5
T04,GL-4396,2026-03-18 06:04:00,8.097852,10.744138,6.5,4.09
T04,GL-4396,2026-03-18 06:05:00,8.098537,10.744193,7.6,4.39
T04,GL-4396,2026-03-18 06:06:00,8.099016,10.744305,8.3,3.68
T04,GL-4396,2026-03-18 06:07:00,8.099508,10.744229,8.1,3.9
T04,GL-4396,2026-03-18 06:08:00,8.100121,10.744304,4.7,5.33
T04,GL-4396,2026-03-18 06:09:00,8.100748,10.744169,8.7,4.78
T04,GL-4396,2026-03-18 06:10:00,8.10131,10.74442,10.0,2.91
T04,GL-4396,2026-03-18 06:11:00,8.101988,10.744492,7.9,4.78
T04,GL-4396,2026-03-18 06:12:00,8.102299,10.744538,11.6,4.19
T04,GL-4396,2026-03-18 06:13:00,8.103141,10.74456,7.5,4.65
T04,GL-4396,2026-03-18 06:14:00,8.103515,10.744586,10.8,4.2
T04,GL-4396,2026-03-18 06:15:00,8.104334,10.744633,6.7,3.89
T04,GL-4396,2026-03-18 06:16:00,8.104784,10.744649,8.2,3.15
T04,GL-4396,2026-03-18 06:17:00,8.105322,10.744761,4.7,5.43
T04,GL-4396,2026-03-18 06:18:00,8.105855,10.744752,5.4,5.36
T04,GL-4396,2026-03-18 06:19:00,8.106411,10.7448,4.2,4.17
T04,GL-4396,2026-03-18 06:20:00,8.107121,10.744866,6.2,5.26
T04,GL-4396,2026-03-18 06:21:00,8.10775,10.744934,6.7,5.55
T04,GL-4396,2026-03-18 06:22:00,8.10807,10.744883,5.2,4.7
T04,GL-4396,2026-03-18 06:23:00,8.108871,10.745006,9.6,4.85
T04,GL-4396,2026-03-18 06:24:00,8.109408,10.745054,10.6,3.71
T04,GL-4396,2026-03-18 06:25:00,8.109911,10.745138,5.0,4.01
T04,GL-4396,2026-03-18 06:26:00,8.110464,10.745126,5.9,3.59
T04,GL-4396,2026-03-18 06:27:00,8.110979,10.74517,11.9,4.53
T04,GL-4396,2026-03-18 06:28:00,8.111617,10.745266,7.5,3.39
T04,GL-4396,2026-03-18 06:29:00,8.112287,10.745297,10.2,4.49
T04,GL-4396,2026-03-18 06:30:00,8.112902,10.74539,4.1,3.95
T04,GL-4396,2026-03-18 06:31:00,8.113447,10.745458,7.0,3.26
T04,GL-4396,2026-03-18 06:32:00,8.114013,10.745346,11.5,4.0
T04,GL-4396,2026-03-18 06:33:00,8.114599,10.74549,6.2,4.07
T04,GL-4396,2026-03-18 06:34:00,8.115018,10.745558,5.4,3.21
T04,GL-4396,2026-03-18 06:35:00,8.115792,10.745611,11.3,5.56
T04,GL-4396,2026-03-18 06:36:00,8.116173,10.745594,8.5,3.21
T04,GL-4396,2026-03-18 06:37:00,8.11692,10.745661,11.2,5.08
T04,GL-4396,2026-03-18 06:38:00,8.117395,10.745758,,4.11
T04,GL-4396,2026-03-18 06:39:00,8.118029,10.745777,7.5,3.42
T04,GL-4396,2026-03-18 06:40:00,8.118597,10.745974,6.2,2.92
T04,GL-4396,2026-03-18 06:41:00,8.119135,10.745859,6.2,5.13
T04,GL-4396,2026-03-18 06:42:00,8.119709,10.74596,7.8,4.4
T04,GL-4396,2026-03-18 06:43:00,8.120265,10.745951,5.0,4.03
T04,GL-4396,2026-03-18 06:44:00,8.120878,10.746007,10.8,3.23
T04,GL-4396,2026-03-18 06:45:00,8.121417,10.746014,4.7,5.55
T04,GL-4396,2026-03-18 06:46:00,8.122061,10.746124,7.5,4.37
T04,GL-4396,2026-03-18 06:47:00,8.12252,10.74618,7.8,4.68
T04,GL-4396,2026-03-18 06:48:00,8.123207,10.746208,11.5,4.8
T04,GL-4396,2026-03-18 06:49:00,8.123786,10.746277,5.4,3.06
T04,GL-4396,2026-03-18 06:50:00,8.124365,10.746308,10.2,2.91
T04,GL-4396,2026-03-18 06:51:00,8.124995,10.746432,7.0,3.86
T04,GL-4396,2026-03-18 06:52:00,8.125532,10.746423,7.5,5.02
T04,GL-4396,2026-03-18 06:53:00,8.126015,10.746454,5.1,3.63
T04,GL-4396,2026-03-18 06:54:00,8.126777,10.746425,11.3,5.34
T04,GL-4396,2026-03-18 06:55:00,8.127299,10.746667,5.3,4.91
T04,GL-4396,2026-03-18 06:56:00,8.127907,10.746548,10.8,3.7
T04,GL-4396,2026-03-18 06:57:00,8.12828,10.746662,10.2,3.86
T04,GL-4396,2026-03-18 06:58:00,8.129006,10.746513,4.8,5.21
T04,GL-4396,2026-03-18 06:59:00,8.129576,10.746718,11.1,5.11
T04,GL-4396,2026-03-18 07:00:00,8.13018,10.74662,5.6,5.32
T04,GL-4396,2026-03-18 07:01:00,8.130661,10.746839,4.2,5.19
T04,GL-4396,2026-03-18 07:02:00,8.131304,10.746853,5.2,4.46
T04,GL-4396,2026-03-18 07:03:00,8.131828,10.746861,7.6,3.47
T04,GL-4396,2026-03-18 07:04:00,8.132462,10.746933,10.4,3.46
T04,GL-4396,2026-03-18 07:05:00,8.132927,10.746986,11.5,3.31
T04,GL-4396,2026-03-18 07:06:00,8.133595,10.747035,9.7,3.07
T04,GL-4396,2026-03-18 07:07:00,8.134121,10.747115,11.5,4.03
T04,GL-4396,2026-03-18 07:08:00,8.134588,10.747123,6.6,3.05
T04,GL-4396,2026-03-18 07:09:00,8.135269,10.747158,4.7,4.81
T04,GL-4396,2026-03-18 07:10:00,8.135906,10.747372,9.9,5.2
T04,GL-4396,2026-03-18 07:11:00,8.136308,10.74726,5.3,3.69
T04,GL-4396,2026-03-18 07:12:00,8.137056,10.747265,5.3,3.7
T04,GL-4396,2026-03-18 07:13:00,8.137707,10.747444,7.4,5.18
T04,GL-4396,2026-03-18 07:14:00,8.138172,10.747543,10.2,5.12
T04,GL-4396,2026-03-18 07:15:00,8.138782,10.747462,11.0,3.63
T04,GL-4396,2026-03-18 07:16:00,8.139311,10.747435,10.9,5.43
T04,GL-4396,2026-03-18 07:17:00,8.139952,10.747506,8.5,3.24
T04,GL-4396,2026-03-18 07:18:00,8.140654,10.747615,11.6,4.59
T04,GL-4396,2026-03-18 07:19:00,8.14103,10.747638,4.8,5.42
T04,GL-4396,2026-03-18 07:20:00,8.141698,10.74774,7.1,5.38
T04,GL-4396,2026-03-18 07:21:00,8.142293,10.747752,9.0,5.4
T04,GL-4396,2026-03-18 07:22:00,8.142786,10.747819,11.5,4.91
T04,GL-4396,2026-03-18 07:23:00,8.143354,10.747836,10.9,4.64
T04,GL-4396,2026-03-18 07:24:00,8.143875,10.747825,9.1,4.44
T04,GL-4396,2026-03-18 07:25:00,8.144649,10.747925,8.8,2.92
T04,GL-4396,2026-03-18 07:26:00,8.145156,10.747958,10.3,3.83
T04,GL-4396,2026-03-18 07:27:00,8.145651,10.748031,9.9,4.62
T04,GL-4396,2026-03-18 07:28:00,8.146331,10.748015,6.3,3.27
T04,GL-4396,2026-03-18 07:29:00,8.146838,10.748154,8.7,4.39
T04,GL-4396,2026-03-18 07:30:00,8.147387,10.74807,4.5,2.91
T04,GL-4396,2026-03-18 07:31:00,8.147932,10.748164,,3.31
T04,GL-4396,2026-03-18 07:32:00,8.148516,10.748267,8.8,3.74
T04,GL-4396,2026-03-18 07:33:00,8.149259,10.748449,8.3,5.36
T04,GL-4396,2026-03-18 07:34:00,8.149696,10.748327,7.4,3.49
T04,GL-4396,2026-03-18 07:35:00,8.150256,10.74834,5.0,3.36
T04,GL-4396,2026-03-18 07:36:00,8.150948,10.748485,4.2,5.09
T04,GL-4396,2026-03-18 07:37:00,8.151514,10.748526,7.3,3.63
T04,GL-4396,2026-03-18 07:38:00,8.152101,10.748579,8.2,5.11
T04,GL-4396,2026-03-18 07:39:00,8.152579,10.748671,10.7,3.11
T04,GL-4396,2026-03-18 07:40:00,8.153126,10.748657,11.0,5.09
T04,GL-4396,2026-03-18 07:41:00,8.153801,10.748635,11.5,2.88
T04,GL-4396,2026-03-18 07:42:00,8.154327,10.748698,6.5,2.81
T04,GL-4396,2026-03-18 07:43:00,8.154867,10.748741,6.6,5.01
T04,GL-4396,2026-03-18 07:44:00,8.155448,10.748894,5.8,4.49
T04,GL-4396,2026-03-18 07:45:00,8.155984,10.748974,8.0,3.96
T04,GL-4396,2026-03-18 07:46:00,8.156644,10.748921,11.1,3.2
T04,GL-4396,2026-03-18 07:47:00,8.157341,10.748988,4.8,5.35
T04,GL-4396,2026-03-18 07:48:00,8.157747,10.7489,7.3,4.49
T04,GL-4396,2026-03-18 07:49:00,8.158267,10.749097,6.3,4.7
T04,GL-4396,2026-03-18 07:50:00,8.158997,10.749165,6.8,5.03
T04,GL-4396,2026-03-18 07:51:00,8.15943,10.749103,7.4,3.11
T04,GL-4396,2026-03-18 07:52:00,8.160067,10.749141,8.2,4.73
T04,GL-4396,2026-03-18 07:53:00,8.160669,10.749234,10.3,3.68
T04,GL-4396,2026-03-18 07:54:00,8.161231,10.749359,10.5,4.1
T04,GL-4396,2026-03-18 07:55:00,8.161712,10.749379,10.5,4.05
T04,GL-4396,2026-03-18 07:56:00,8.162507,10.749355,5.8,4.17
T04,GL-4396,2026-03-18 07:57:00,8.16292,10.749461,9.2,3.45
T04,GL-4396,2026-03-18 07:58:00,8.16359,10.749607,6.1,5.29
T04,GL-4396,2026-03-18 07:59:00,8.164125,10.749509,4.3,3.42
T04,GL-4396,2026-03-18 08:00:00,8.164657,10.749531,9.5,4.51
T04,GL-4396,2026-03-18 08:01:00,8.165222,10.749656,7.9,3.63
T04,GL-4396,2026-03-18 08:02:00,8.165905,10.749674,10.6,4.25
T04,GL-4396,2026-03-18 08:03:00,8.166398,10.749872,4.7,3.74
T04,GL-4396,2026-03-18 08:04:00,8.166937,10.74965,12.0,3.15
T04,GL-4396,2026-03-18 08:05:00,8.167564,10.749821,5.9,4.15
T04,GL-4396,2026-03-18 08:06:00,8.168107,10.749867,11.0,4.17
T04,GL-4396,2026-03-18 08:07:00,8.168679,10.749937,,4.93
T04,GL-4396,2026-03-18 08:08:00,8.169452,10.75004,11.5,4.18
T04,GL-4396,2026-03-18 08:09:00,8.169891,10.750135,7.9,5.0
T04,GL-4396,2026-03-18 08:10:00,8.170405,10.750049,5.8,3.99
T04,GL-4396,2026-03-18 08:11:00,8.171019,10.749994,8.2,3.81
T04,GL-4396,2026-03-18 08:12:00,8.171651,10.750148,9.7,2.95
T04,GL-4396,2026-03-18 08:13:00,8.172232,10.750211,9.6,5.24
T04,GL-4396,2026-03-18 08:14:00,8.172608,10.750244,7.6,4.7
T04,GL-4396,2026-03-18 08:15:00,8.173281,10.75035,,5.19
T04,GL-4396,2026-03-18 08:16:00,8.173876,10.750359,6.2,3.21
T04,GL-4396,2026-03-18 08:17:00,8.174445,10.750362,11.9,3.52
T04,GL-4396,2026-03-18 08:18:00,8.175081,10.750468,11.3,4.87
T04,GL-4396,2026-03-18 08:19:00,8.175638,10.750463,9.8,4.52
T04,GL-4396,2026-03-18 08:20:00,8.1762,10.750568,6.8,3.47
T04,GL-4396,2026-03-18 08:21:00,8.176852,10.750592,11.6,3.35
T04,GL-4396,2026-03-18 08:22:00,8.177399,10.750651,9.0,3.23
T04,GL-4396,2026-03-18 08:23:00,8.17797,10.750668,6.8,4.2
T04,GL-4396,2026-03-18 08:24:00,8.17846,10.750759,,5.51
T04,GL-4396,2026-03-18 08:25:00,8.17902,10.750745,10.5,3.86
T04,GL-4396,2026-03-18 08:26:00,8.179655,10.750941,8.2,3.35
T04,GL-4396,2026-03-18 08:27:00,8.180222,10.750914,9.3,3.42
T04,GL-4396,2026-03-18 08:28:00,8.18079,10.750924,10.9,4.36
T04,GL-4396,2026-03-18 08:29:00,8.181301,10.750985,8.7,4.79
T04,GL-4396,2026-03-18 08:30:00,8.18202,10.751016,4.8,3.43
T04,GL-4396,2026-03-18 08:31:00,8.182533,10.751014,6.3,5.33
T04,GL-4396,2026-03-18 08:32:00,8.183119,10.751104,8.9,5.13
T04,GL-4396,2026-03-18 08:33:00,8.18376,10.751131,11.4,5.16
T04,GL-4396,2026-03-18 08:34:00,8.184232,10.751128,11.4,4.19
T04,GL-4396,2026-03-18 08:35:00,8.184815,10.751305,8.7,3.31
T04,GL-4396,2026-03-18 08:36:00,8.185389,10.751198,9.1,5.03
T04,GL-4396,2026-03-18 08:37:00,8.186005,10.751327,4.8,3.93
T04,GL-4396,2026-03-18 08:38:00,8.186632,10.75135,4.0,4.6
T04,GL-4396,2026-03-18 08:39:00,8.187111,10.751348,11.4,4.02
T04,GL-4396,2026-03-18 08:40:00,8.18774,10.751642,4.9,2.93
T04,GL-4396,2026-03-18 08:41:00,8.188427,10.751443,8.7,4.9
T04,GL-4396,2026-03-18 08:42:00,8.188899,10.751505,8.5,3.51
T04,GL-4396,2026-03-18 08:43:00,8.188885,10.751584,9.5,0.67
T04,GL-4396,2026-03-18 08:44:00,8.188869,10.751515,10.0,0.44
T04,GL-4396,2026-03-18 08:45:00,8.188904,10.751665,4.7,0.24
T04,GL-4396,2026-03-18 08:46:00,8.188804,10.751641,11.2,0.24
T04,GL-4396,2026-03-18 08:47:00,8.188857,10.751493,10.4,0.35
T04,GL-4396,2026-03-18 08:48:00,8.188995,10.751676,10.1,0.47
T04,GL-4396,2026-03-18 08:49:00,8.188907,10.751652,5.9,0.59
T04,GL-4396,2026-03-18 08:50:00,8.188925,10.751672,8.9,0.42
T04,GL-4396,2026-03-18 08:51:00,8.18887,10.751674,4.4,0.01
T04,GL-4396,2026-03-18 08:52:00,8.188892,10.751681,7.8,0.3
T04,GL-4396,2026-03-18 08:53:00,8.18886,10.751648,7.1,0.23
T04,GL-4396,2026-03-18 08:54:00,8.18883,10.751477,11.4,0.31
T04,GL-4396,2026-03-18 08:55:00,8.188882,10.751606,9.1,0.51
T04,GL-4396,2026-03-18 08:56:00,8.188808,10.751749,12.0,0.24
T04,GL-4396,2026-03-18 08:57:00,8.188891,10.751566,9.6,0.52
T04,GL-4396,2026-03-18 08:58:00,8.189044,10.751619,8.9,0.32
T04,GL-4396,2026-03-18 08:59:00,8.188881,10.751577,11.8,0.38
T04,GL-4396,2026-03-18 09:00:00,8.188281,10.751493,8.5,3.22
T04,GL-4396,2026-03-18 09:01:00,8.187707,10.751534,7.1,3.78
T04,GL-4396,2026-03-18 09:02:00,8.186986,10.751453,9.2,3.86
T04,GL-4396,2026-03-18 09:03:00,8.18641,10.751477,4.7,3.76
T04,GL-4396,2026-03-18 09:04:00,8.185878,10.751477,,3.5
T04,GL-4396,2026-03-18 09:05:00,8.18517,10.751376,9.1,4.18
T04,GL-4396,2026-03-18 09:06:00,8.184669,10.751324,11.6,4.37
T04,GL-4396,2026-03-18 09:07:00,8.183905,10.751273,8.3,4.09
T04,GL-4396,2026-03-18 09:08:00,8.183387,10.751294,9.6,4.65
T04,GL-4396,2026-03-18 09:09:00,8.18278,10.751301,5.3,3.7
T04,GL-4396,2026-03-18 09:10:00,8.18215,10.751286,8.9,2.87
T04,GL-4396,2026-03-18 09:11:00,8.181493,10.75128,10.9,4.67
T04,GL-4396,2026-03-18 09:12:00,8.180985,10.75127,9.8,3.97
T04,GL-4396,2026-03-18 09:13:00,8.180373,10.751134,5.3,3.86
T04,GL-4396,2026-03-18 09:14:00,8.179719,10.751127,5.5,3.68
T04,GL-4396,2026-03-18 09:15:00,8.179132,10.751027,8.2,3.9
T04,GL-4396,2026-03-18 09:16:00,8.178482,10.751102,6.7,4.25
T04,GL-4396,2026-03-18 09:17:00,8.17786,10.751032,6.4,5.49
T04,GL-4396,2026-03-18 09:18:00,8.177313,10.751149,9.5,3.77
T04,GL-4396,2026-03-18 09:19:00,8.176696,10.75091,5.8,4.38
T04,GL-4396,2026-03-18 09:20:00,8.176052,10.750971,11.4,3.95
T04,GL-4396,2026-03-18 09:21:00,8.175461,10.75087,11.7,3.58
T04,GL-4396,2026-03-18 09:22:00,8.17487,10.750865,10.2,5.54
T04,GL-4396,2026-03-18 09:23:00,8.174171,10.750918,8.0,5.41
T04,GL-4396,2026-03-18 09:24:00,8.173609,10.750856,10.6,5.36
T04,GL-4396,2026-03-18 09:25:00,8.172954,10.750869,6.8,5.59
T04,GL-4396,2026-03-18 09:26:00,8.172413,10.750731,9.1,4.83
T04,GL-4396,2026-03-18 09:27:00,8.171682,10.750776,9.0,5.03
T04,GL-4396,2026-03-18 09:28:00,8.171133,10.750775,6.7,5.35
T04,GL-4396,2026-03-18 09:29:00,8.170516,10.750705,5.3,2.96
T04,GL-4396,2026-03-18 09:30:00,8.17003,10.750684,8.8,4.13
T04,GL-4396,2026-03-18 09:31:00,8.169307,10.750623,11.6,4.68
T04,GL-4396,2026-03-18 09:32:00,8.168805,10.7505,8.7,4.53
T04,GL-4396,2026-03-18 09:33:00,8.168108,10.750621,5.0,4.76
T04,GL-4396,2026-03-18 09:34:00,8.167575,10.750387,9.0,3.97
T04,GL-4396,2026-03-18 09:35:00,8.166904,10.750514,6.9,3.51
T04,GL-4396,2026-03-18 09:36:00,8.166308,10.750646,8.3,5.08
T04,GL-4396,2026-03-18 09:37:00,8.165722,10.750471,11.6,5.31
T04,GL-4396,2026-03-18 09:38:00,8.164922,10.750368,9.5,2.93
T04,GL-4396,2026-03-18 09:39:00,8.164416,10.750428,5.8,4.67
T04,GL-4396,2026-03-18 09:40:00,8.163882,10.750355,8.8,4.96
T04,GL-4396,2026-03-18 09:41:00,8.163198,10.750268,9.9,3.63
T04,GL-4396,2026-03-18 09:42:00,8.162632,10.750293,11.0,3.31
T04,GL-4396,2026-03-18 09:43:00,8.161995,10.750259,8.3,5.4
T04,GL-4396,2026-03-18 09:44:00,8.161429,10.750191,4.3,3.99
T04,GL-4396,2026-03-18 09:45:00,8.160722,10.750104,8.8,4.05
T04,GL-4396,2026-03-18 09:46:00,8.160136,10.750161,11.0,4.11
T04,GL-4396,2026-03-18 09:47:00,8.159472,10.750196,7.3,4.71
T04,GL-4396,2026-03-18 09:48:00,8.158964,10.750174,6.2,3.37
T04,GL-4396,2026-03-18 09:49:00,8.158284,10.750115,6.3,4.71
T04,GL-4396,2026-03-18 09:50:00,8.157671,10.75011,4.8,3.46
T04,GL-4396,2026-03-18 09:51:00,8.157069,10.750114,8.7,4.85
T04,GL-4396,2026-03-18 09:52:00,8.156561,10.749992,11.5,4.62
T04,GL-4396,2026-03-18 09:53:00,8.155809,10.749933,8.8,5.37
T04,GL-4396,2026-03-18 09:54:00,8.155303,10.749922,6.1,5.55
T04,GL-4396,2026-03-18 09:55:00,8.154753,10.750049,6.1,5.51
T04,GL-4396,2026-03-18 09:56:00,8.154041,10.749912,4.5,3.64
T04,GL-4396,2026-03-18 09:57:00,8.15347,10.749911,9.3,4.86
T04,GL-4396,2026-03-18 09:58:00,8.152871,10.74992,10.9,3.3
T04,GL-4396,2026-03-18 09:59:00,8.152238,10.749839,10.8,5.19
T04,GL-4396,2026-03-18 10:00:00,8.151623,10.749744,9.3,3.44
T04,GL-4396,2026-03-18 10:01:00,8.150974,10.74972,9.1,3.39
T04,GL-4396,2026-03-18 10:02:00,8.150443,10.749764,9.4,3.77
T04,GL-4396,2026-03-18 10:03:00,8.149774,10.749644,7.4,5.36
T04,GL-4396,2026-03-18 10:04:00,8.149282,10.749659,6.0,3.59
T04,GL-4396,2026-03-18 10:05:00,8.148548,10.749699,11.7,2.95
T04,GL-4396,2026-03-18 10:06:00,8.147954,10.749548,11.0,4.82
T04,GL-4396,2026-03-18 10:07:00,8.147389,10.749588,4.8,3.4
T04,GL-4396,2026-03-18 10:08:00,8.146699,10.749642,6.9,4.96
T04,GL-4396,2026-03-18 10:09:00,8.146053,10.749416,5.6,2.88
T04,GL-4396,2026-03-18 10:10:00,8.145555,10.749347,5.9,5.46
T04,GL-4396,2026-03-18 10:11:00,8.144934,10.749388,9.8,3.89
T04,GL-4396,2026-03-18 10:12:00,8.144305,10.749321,5.7,3.48
T04,GL-4396,2026-03-18 10:13:00,8.143804,10.749305,8.9,3.99
T04,GL-4396,2026-03-18 10:14:00,8.14305,10.749393,11.6,3.51
T04,GL-4396,2026-03-18 10:15:00,8.142387,10.74932,9.7,4.1
T04,GL-4396,2026-03-18 10:16:00,8.141815,10.749343,6.9,5.53
T04,GL-4396,2026-03-18 10:17:00,8.141266,10.74936,5.8,3.14
T04,GL-4396,2026-03-18 10:18:00,8.110631,10.749228,11.5,398.19
T04,GL-4396,2026-03-18 10:19:00,8.1401,10.749225,11.3,5.5
T04,GL-4396,2026-03-18 10:20:00,8.139471,10.749224,5.7,5.0
T04,GL-4396,2026-03-18 10:21:00,8.138784,10.749156,6.2,5.51
T04,GL-4396,2026-03-18 10:22:00,8.138209,10.749111,9.9,3.73
T04,GL-4396,2026-03-18 10:23:00,8.137546,10.749128,6.7,3.94
T04,GL-4396,2026-03-18 10:24:00,8.136911,10.749124,10.4,3.14
T04,GL-4396,2026-03-18 10:25:00,8.13635,10.749074,10.1,3.84
T04,GL-4396,2026-03-18 10:26:00,8.135671,10.748995,9.0,2.83
T04,GL-4396,2026-03-18 10:27:00,8.135048,10.749041,5.0,3.09
T04,GL-4396,2026-03-18 10:28:00,8.134381,10.749036,6.7,4.28
T04,GL-4396,2026-03-18 10:29:00,8.133841,10.748878,7.9,4.24
T04,GL-4396,2026-03-18 10:30:00,8.133234,10.748875,9.9,3.5
T04,GL-4396,2026-03-18 10:31:00,8.132488,10.748804,9.5,4.74
T04,GL-4396,2026-03-18 10:32:00,8.132139,10.748846,11.8,4.97
T04,GL-4396,2026-03-18 10:33:00,8.131462,10.748824,10.4,4.22
T04,GL-4396,2026-03-18 10:34:00,8.130793,10.748856,,4.42
T04,GL-4396,2026-03-18 10:35:00,8.130125,10.748851,5.5,3.2
T04,GL-4396,2026-03-18 10:36:00,8.129724,10.748626,10.2,3.64
T04,GL-4396,2026-03-18 10:37:00,8.128972,10.748716,7.0,3.07
T04,GL-4396,2026-03-18 10:38:00,8.128322,10.748617,,3.12
T04,GL-4396,2026-03-18 10:39:00,8.12773,10.748486,8.0,4.83
T04,GL-4396,2026-03-18 10:40:00,8.127164,10.748544,11.5,3.34
T04,GL-4396,2026-03-18 10:41:00,8.126503,10.748563,10.9,3.32
T04,GL-4396,2026-03-18 10:42:00,8.126,10.748484,7.7,2.89
T04,GL-4396,2026-03-18 10:43:00,8.125267,10.748426,9.8,5.4
T04,GL-4396,2026-03-18 10:44:00,8.124715,10.748432,11.8,3.06
T04,GL-4396,2026-03-18 10:45:00,8.124164,10.748389,,4.44
T04,GL-4396,2026-03-18 10:46:00,8.123551,10.748392,9.2,2.9
T04,GL-4396,2026-03-18 10:47:00,8.122837,10.748342,8.5,3.55
T04,GL-4396,2026-03-18 10:48:00,8.122306,10.748433,11.7,3.49
T04,GL-4396,2026-03-18 10:49:00,8.121595,10.748369,8.7,4.3
T04,GL-4396,2026-03-18 10:50:00,8.121054,10.748256,11.3,4.04
T04,GL-4396,2026-03-18 10:51:00,8.120479,10.748175,4.6,3.97
T04,GL-4396,2026-03-18 10:52:00,8.126758,10.748216,10.7,178.79
T04,GL-4396,2026-03-18 10:53:00,8.119271,10.748152,8.1,3.82
T04,GL-4396,2026-03-18 10:54:00,8.118587,10.748127,6.2,4.13
T04,GL-4396,2026-03-18 10:55:00,8.117914,10.748225,7.9,5.29
T04,GL-4396,2026-03-18 10:56:00,8.117397,10.748079,7.7,3.22
T04,GL-4396,2026-03-18 10:57:00,8.116732,10.748027,9.1,3.54
T04,GL-4396,2026-03-18 10:58:00,8.116016,10.74806,10.4,4.71
T04,GL-4396,2026-03-18 10:59:00,8.115525,10.747982,5.5,4.58
T04,GL-4396,2026-03-18 11:00:00,8.115001,10.747918,4.4,4.14
T04,GL-4396,2026-03-18 11:01:00,8.114308,10.74801,5.8,4.58
T04,GL-4396,2026-03-18 11:02:00,8.113655,10.747986,11.7,3.56
T04,GL-4396,2026-03-18 11:03:00,8.113126,10.747947,8.7,4.45
T04,GL-4396,2026-03-18 11:04:00,8.112465,10.747862,11.1,3.36
T04,GL-4396,2026-03-18 11:05:00,8.11187,10.747892,,4.24
T04,GL-4396,2026-03-18 11:06:00,8.11131,10.747866,9.5,3.56
T04,GL-4396,2026-03-18 11:07:00,8.110648,10.747745,8.4,5.09
T04,GL-4396,2026-03-18 11:08:00,8.109942,10.747707,5.4,5.25
T04,GL-4396,2026-03-18 11:09:00,8.109507,10.747676,11.2,4.92
T04,GL-4396,2026-03-18 11:10:00,8.108606,10.747676,7.4,4.84
T04,GL-4396,2026-03-18 11:11:00,8.108251,10.747674,5.9,3.16
T04,GL-4396,2026-03-18 11:12:00,8.107598,10.747625,8.7,5.56
T04,GL-4396,2026-03-18 11:13:00,8.106951,10.747594,5.0,4.52
T04,GL-4396,2026-03-18 11:14:00,8.106363,10.74753,11.8,4.44
T04,GL-4396,2026-03-18 11:15:00,8.105725,10.747663,6.0,3.59
T04,GL-4396,2026-03-18 11:16:00,8.105103,10.747595,8.1,4.12
T04,GL-4396,2026-03-18 11:17:00,8.104566,10.747458,7.9,4.15
T04,GL-4396,2026-03-18 11:18:00,8.104017,10.747499,9.2,5.48
T04,GL-4396,2026-03-18 11:19:00,8.103345,10.747359,5.7,4.58
T04,GL-4396,2026-03-18 11:20:00,8.102804,10.747483,7.5,4.31
T04,GL-4396,2026-03-18 11:21:00,8.10215,10.747295,9.2,3.38
T04,GL-4396,2026-03-18 11:22:00,8.101473,10.747426,7.7,3.53
T04,GL-4396,2026-03-18 11:23:00,8.100927,10.747257,4.6,5.55
T04,GL-4396,2026-03-18 11:24:00,8.100191,10.747319,9.7,4.18
T04,GL-4396,2026-03-18 11:25:00,8.099659,10.747234,9.5,5.12
T04,GL-4396,2026-03-18 11:26:00,8.098955,10.747178,11.0,4.56
T04,GL-4396,2026-03-18 11:27:00,8.098464,10.747228,11.2,5.02
T04,GL-4396,2026-03-18 11:28:00,8.097881,10.747178,11.6,5.5
T04,GL-4396,2026-03-18 11:29:00,8.097231,10.747188,6.6,3.24
T04,GL-4396,2026-03-18 11:30:00,8.096644,10.747174,4.4,3.12
T04,GL-4396,2026-03-18 11:31:00,8.096065,10.747172,5.6,3.85
T04,GL-4396,2026-03-18 11:32:00,8.095312,10.746991,10.4,3.51
T04,GL-4396,2026-03-18 11:33:00,8.094788,10.746995,5.2,3.7
T04,GL-4396,2026-03-18 11:34:00,8.094182,10.746972,4.2,3.94
T04,GL-4396,2026-03-18 11:35:00,8.093643,10.747031,8.8,5.26
T04,GL-4396,2026-03-18 11:36:00,8.092908,10.746921,10.0,4.68
T04,GL-4396,2026-03-18 11:37:00,8.092291,10.746865,4.1,5.43
T04,GL-4396,2026-03-18 11:38:00,8.091726,10.746907,4.0,4.77
T04,GL-4396,2026-03-18 11:39:00,8.09115,10.746886,10.5,3.79
T04,GL-4396,2026-03-18 11:40:00,8.090515,10.746849,10.7,2.87
T04,GL-4396,2026-03-18 11:41:00,8.08989,10.746721,6.0,3.85
T04,GL-4396,2026-03-18 11:42:00,8.089232,10.746708,6.1,4.24
T04,GL-4396,2026-03-18 11:43:00,8.088709,10.746768,4.6,5.55
T04,GL-4396,2026-03-18 11:44:00,8.088011,10.746681,5.3,3.4
T04,GL-4396,2026-03-18 11:45:00,8.087456,10.746696,8.7,4.33
T04,GL-4396,2026-03-18 11:46:00,8.086819,10.746731,4.5,4.99
T04,GL-4396,2026-03-18 11:47:00,8.086192,10.746638,10.5,5.54
T04,GL-4396,2026-03-18 11:48:00,8.085524,10.746585,8.6,3.41
T04,GL-4396,2026-03-18 11:49:00,8.084891,10.746538,10.9,3.27
T04,GL-4396,2026-03-18 11:50:00,8.084375,10.746568,11.8,3.43
T04,GL-4396,2026-03-18 11:51:00,8.08368,10.746572,6.4,4.11
T04,GL-4396,2026-03-18 11:52:00,8.083145,10.746467,11.9,3.51
T04,GL-4396,2026-03-18 11:53:00,8.082574,10.74642,11.9,3.72
T04,GL-4396,2026-03-18 11:54:00,8.081907,10.746403,5.9,4.94
T04,GL-4396,2026-03-18 11:55:00,10.746398,8.081179,5.8,3.29
T04,GL-4396,2026-03-18 11:56:00,8.080625,10.746269,9.6,4.02
T04,GL-4396,2026-03-18 11:57:00,8.080048,10.746279,9.8,5.15
T04,GL-4396,2026-03-18 11:58:00,8.079484,10.74626,8.6,5.19
T04,GL-4396,2026-03-18 11:59:00,8.078884,10.746232,6.3,3.69
T04,GL-4396,2026-03-18 12:00:00,8.078282,10.746198,11.1,4.45
T04,GL-4396,2026-03-18 12:01:00,8.077648,10.746173,6.6,3.39
T04,GL-4396,2026-03-18 12:02:00,8.077041,10.74617,8.4,3.44
T04,GL-4396,2026-03-18 12:03:00,8.076569,10.746085,8.9,4.08
T04,GL-4396,2026-03-18 12:04:00,8.075824,10.746097,5.1,3.93
T04,GL-4396,2026-03-18 12:05:00,8.075218,10.746146,7.0,3.43
T04,GL-4396,2026-03-18 12:06:00,8.074562,10.746025,7.4,4.08
T04,GL-4396,2026-03-18 12:07:00,8.073987,10.746078,7.8,3.54
T04,GL-4396,2026-03-18 12:08:00,8.073444,10.745991,9.2,3.84
T04,GL-4396,2026-03-18 12:09:00,8.072787,10.745965,5.2,3.56
T04,GL-4396,2026-03-18 12:10:00,8.072106,10.745984,9.0,4.08
T04,GL-4396,2026-03-18 12:11:00,8.071433,10.745782,10.1,4.14
T04,GL-4396,2026-03-18 12:12:00,8.070831,10.745929,7.5,4.44
T04,GL-4396,2026-03-18 12:13:00,8.070309,10.745907,7.9,4.63
T04,GL-4396,2026-03-18 12:14:00,8.069704,10.745804,4.5,3.41
T04,GL-4396,2026-03-18 12:15:00,8.068973,10.745707,7.8,3.51
T04,GL-4396,2026-03-18 12:16:00,8.06852,10.745749,5.4,5.47
T04,GL-4396,2026-03-18 12:17:00,8.067836,10.745738,8.1,5.19
T04,GL-4396,2026-03-18 12:18:00,8.067265,10.745677,6.8,5.33
T04,GL-4396,2026-03-18 12:19:00,8.066658,10.745712,8.2,4.55
T04,GL-4396,2026-03-18 12:20:00,8.066085,10.7457,6.6,5.08
T04,GL-4396,2026-03-18 12:21:00,8.065476,10.745608,10.5,3.01
T04,GL-4396,2026-03-18 12:22:00,8.064727,10.74556,7.5,5.42
T04,GL-4396,2026-03-18 12:23:00,8.064133,10.745457,11.4,3.88
T04,GL-4396,2026-03-18 12:24:00,8.063525,10.745531,5.1,3.63
T04,GL-4396,2026-03-18 12:25:00,8.062961,10.745502,11.7,4.34
T04,GL-4396,2026-03-18 12:26:00,8.062154,10.745519,5.5,5.44
T04,GL-4396,2026-03-18 12:27:00,8.061662,10.745336,8.5,2.81
T04,GL-4396,2026-03-18 12:28:00,8.061091,10.745222,11.6,3.12
T04,GL-4396,2026-03-18 12:29:00,8.060478,10.745393,5.7,4.12
T04,GL-4396,2026-03-18 12:30:00,8.059859,10.745279,8.0,5.45
T04,GL-4396,2026-03-18 12:31:00,8.059336,10.745373,10.1,3.99
T04,GL-4396,2026-03-18 12:32:00,8.058647,10.745303,7.5,3.78
T04,GL-4396,2026-03-18 12:33:00,8.058024,10.745243,8.4,3.07
T04,GL-4396,2026-03-18 12:34:00,8.057383,10.745267,4.2,2.97
T04,GL-4396,2026-03-18 12:35:00,8.056871,10.74525,11.7,3.46
T04,GL-4396,2026-03-18 12:36:00,8.056198,10.745066,4.9,5.51
T04,GL-4396,2026-03-18 12:37:00,8.055613,10.745115,6.8,4.15
T04,GL-4396,2026-03-18 12:38:00,8.055035,10.745149,6.2,4.89
T04,GL-4396,2026-03-18 12:39:00,8.05435,10.745179,9.1,3.28
T04,GL-4396,2026-03-18 12:40:00,8.053817,10.744948,10.8,4.11
T04,GL-4396,2026-03-18 12:41:00,8.053159,10.744922,10.1,3.95
T04,GL-4396,2026-03-18 12:42:00,8.052591,10.744997,6.3,3.93
T04,GL-4396,2026-03-18 12:43:00,8.051914,10.744891,7.5,3.99
T04,GL-4396,2026-03-18 12:44:00,8.051458,10.744969,10.0,4.36
T04,GL-4396,2026-03-18 12:45:00,8.050826,10.744905,7.4,3.75
T04,GL-4396,2026-03-18 12:46:00,8.050138,10.744903,5.4,3.91
T04,GL-4396,2026-03-18 12:47:00,8.049457,10.744729,11.1,3.94
T04,GL-4396,2026-03-18 12:48:00,8.048991,10.744803,5.2,2.88
T04,GL-4396,2026-03-18 12:49:00,8.048367,10.744783,10.5,2.96
T04,GL-4396,2026-03-18 12:50:00,8.047666,10.74473,9.6,3.56
T04,GL-4396,2026-03-18 12:51:00,8.047098,10.744732,9.4,5.46
T04,GL-4396,2026-03-18 12:52:00,8.046532,10.744585,6.0,5.33
T04,GL-4396,2026-03-18 12:53:00,8.045746,10.744638,5.0,2.87
T04,GL-4396,2026-03-18 12:54:00,8.045177,10.744599,11.5,3.06
T04,GL-4396,2026-03-18 12:55:00,8.044583,10.744493,11.1,3.4
T04,GL-4396,2026-03-18 12:56:00,8.044034,10.74457,9.0,4.69
T04,GL-4396,2026-03-18 12:57:00,8.043368,10.744422,10.3,3.37
T04,GL-4396,2026-03-18 12:58:00,8.042738,10.744577,4.7,5.54
T04,GL-4396,2026-03-18 12:59:00,8.042199,10.74443,10.6,3.52
T04,GL-4396,2026-03-18 13:00:00,8.041514,10.744452,8.1,5.24
T04,GL-4396,2026-03-18 13:01:00,8.040988,10.744541,5.4,4.42
T04,GL-4396,2026-03-18 13:02:00,8.040427,10.744356,8.7,3.0
T04,GL-4396,2026-03-18 13:03:00,8.039746,10.744333,8.3,3.45
T04,GL-4396,2026-03-18 13:04:00,8.039009,10.74436,5.1,3.63
T04,GL-4396,2026-03-18 13:05:00,8.038554,10.744247,7.3,4.94
T04,GL-4396,2026-03-18 13:06:00,8.037921,10.74425,7.8,3.47
T04,GL-4396,2026-03-18 13:07:00,8.037333,10.744266,11.7,3.07
T04,GL-4396,2026-03-18 13:08:00,8.036566,10.744167,6.9,5.53
T04,GL-4396,2026-03-18 13:09:00,8.036096,10.744135,8.0,4.66
T04,GL-4396,2026-03-18 13:10:00,8.0354,10.744102,10.4,5.08
T04,GL-4396,2026-03-18 13:11:00,8.034794,10.74422,7.9,5.07
T04,GL-4396,2026-03-18 13:12:00,8.034179,10.744095,11.7,3.12
T04,GL-4396,2026-03-18 13:13:00,8.033507,10.744114,11.3,4.8
T04,GL-4396,2026-03-18 13:14:00,8.032972,10.743903,7.0,4.15
T04,GL-4396,2026-03-18 13:15:00,8.0325,10.744029,6.7,3.05
T04,GL-4396,2026-03-18 13:16:00,8.031768,10.743904,4.1,4.29
T04,GL-4396,2026-03-18 13:17:00,8.031195,10.743939,5.6,4.96
T04,GL-4396,2026-03-18 13:18:00,8.030522,10.743844,10.0,3.6
T04,GL-4396,2026-03-18 13:19:00,8.029926,10.743795,6.6,2.95
T04,GL-4396,2026-03-18 13:20:00,8.029351,10.743758,5.4,4.36
T04,GL-4396,2026-03-18 13:21:00,8.028641,10.743847,11.1,3.36
T04,GL-4396,2026-03-18 13:22:00,8.028156,10.743721,8.6,3.4
T04,GL-4396,2026-03-18 13:23:00,8.027573,10.743764,11.7,3.49
T04,GL-4396,2026-03-18 13:24:00,8.026807,10.743696,7.1,3.95
T04,GL-4396,2026-03-18 13:25:00,8.026156,10.743669,6.0,4.32
T04,GL-4396,2026-03-18 13:26:00,8.025671,10.743639,9.0,3.25
T04,GL-4396,2026-03-18 13:27:00,8.025167,10.74363,4.1,2.95
T04,GL-4396,2026-03-18 13:28:00,8.024505,10.743628,5.2,5.13
T04,GL-4396,2026-03-18 13:29:00,8.023829,10.743621,4.4,4.55
T04,GL-4396,2026-03-18 13:30:00,8.023183,10.743516,7.8,3.57
T04,GL-4396,2026-03-18 13:31:00,8.022633,10.743498,4.8,3.4
T04,GL-4396,2026-03-18 13:32:00,8.02202,10.743467,5.2,3.02
T04,GL-4396,2026-03-18 13:33:00,8.021425,10.743449,7.4,4.28
T04,GL-4396,2026-03-18 13:34:00,8.020778,10.743496,8.3,4.72
T04,GL-4396,2026-03-18 13:35:00,8.019988,10.743443,9.2,4.7
T04,GL-4396,2026-03-18 13:36:00,8.019541,10.74336,4.5,3.71
T04,GL-4396,2026-03-18 13:37:00,8.018929,10.743224,7.3,3.09
T04,GL-4396,2026-03-18 13:38:00,8.018275,10.743323,7.8,4.36
T04,GL-4396,2026-03-18 13:39:00,8.017786,10.743267,4.6,5.12
T04,GL-4396,2026-03-18 13:40:00,8.017001,10.743161,6.9,4.37
T04,GL-4396,2026-03-18 13:41:00,8.016534,10.743224,10.3,3.87
T04,GL-4396,2026-03-18 13:42:00,8.015882,10.743086,9.7,4.03
T04,GL-4396,2026-03-18 13:43:00,8.015317,10.743231,9.1,2.83
T04,GL-4396,2026-03-18 13:44:00,8.014816,10.743149,8.2,4.33
T04,GL-4396,2026-03-18 13:45:00,8.013989,10.742996,5.3,4.99
T04,GL-4396,2026-03-18 13:46:00,8.013558,10.743099,8.6,5.21
T04,GL-4396,2026-03-18 13:47:00,8.012924,10.743123,6.2,3.67
T04,GL-4396,2026-03-18 13:48:00,8.01226,10.742988,4.1,3.29
T04,GL-4396,2026-03-18 13:49:00,8.011613,10.742912,8.3,5.0
T04,GL-4396,2026-03-18 13:50:00,8.010992,10.742938,6.6,5.44
T04,GL-4396,2026-03-18 13:51:00,8.010318,10.743008,11.3,3.05
T04,GL-4396,2026-03-18 13:52:00,8.00976,10.742854,8.9,4.4
T04,GL-4396,2026-03-18 13:53:00,8.009164,10.742913,10.4,5.1
T04,GL-4396,2026-03-18 13:54:00,8.008554,10.742973,11.8,3.86
T04,GL-4396,2026-03-18 13:55:00,8.008013,10.742798,6.5,5.48
T04,GL-4396,2026-03-18 13:56:00,8.007363,10.742799,5.5,4.81
T04,GL-4396,2026-03-18 13:57:00,8.006808,10.742712,5.8,4.44
T04,GL-4396,2026-03-18 13:58:00,8.006085,10.742655,6.8,3.08
T04,GL-4396,2026-03-18 13:59:00,8.005503,10.742727,5.9,3.06
T04,GL-4396,2026-03-18 14:00:00,8.004888,10.742646,6.5,4.05
T04,GL-4396,2026-03-18 14:01:00,8.004285,10.742589,11.6,4.42
T04,GL-4396,2026-03-18 14:02:00,8.003665,10.742556,10.3,3.06
T04,GL-4396,2026-03-18 14:03:00,8.003137,10.742423,9.8,4.05
T04,GL-4396,2026-03-18 14:04:00,8.002384,10.742418,7.9,2.9
T04,GL-4396,2026-03-18 14:05:00,8.001891,10.742549,8.8,3.6
T04,GL-4396,2026-03-18 14:06:00,8.001272,10.742449,11.9,5.09
T04,GL-4396,2026-03-18 14:07:00,8.000644,10.742563,4.2,4.78
T04,GL-4396,2026-03-18 14:08:00,7.999973,10.74253,9.4,4.74
T04,GL-4396,2026-03-18 14:09:00,7.999368,10.742334,8.1,3.38
T04,GL-4396,2026-03-18 14:10:00,7.998744,10.742369,9.2,4.59
T04,GL-4396,2026-03-18 14:11:00,7.998193,10.742476,5.4,3.48
T04,GL-4396,2026-03-18 14:12:00,7.997485,10.742224,8.2,3.49
T04,GL-4396,2026-03-18 14:13:00,7.996805,10.742184,8.9,4.64
T04,GL-4396,2026-03-18 14:14:00,7.996256,10.742146,8.0,3.73
T04,GL-4396,2026-03-18 14:15:00,7.995636,10.742145,8.1,4.04
T04,GL-4396,2026-03-18 14:16:00,7.995154,10.742154,10.6,5.44
T04,GL-4396,2026-03-18 14:17:00,7.99449,10.742207,5.6,3.36
T04,GL-4396,2026-03-18 14:18:00,7.993825,10.74202,,2.99
T04,GL-4396,2026-03-18 14:19:00,7.99322,10.742053,9.7,5.4
T04,GL-4396,2026-03-18 14:20:00,7.992622,10.742082,4.8,4.99
T04,GL-4396,2026-03-18 14:21:00,7.991987,10.742051,9.4,4.66
T04,GL-4396,2026-03-18 14:22:00,7.991398,10.742005,11.0,5.32
T04,GL-4396,2026-03-18 14:23:00,7.990889,10.741994,10.2,3.13
T04,GL-4396,2026-03-18 14:24:00,7.99022,10.741977,7.0,5.2
T04,GL-4396,2026-03-18 14:25:00,7.989599,10.742003,,5.16
T04,GL-4396,2026-03-18 14:26:00,7.988918,10.741782,5.4,4.78
T04,GL-4396,2026-03-18 14:27:00,7.988518,10.741896,5.8,5.23
T04,GL-4396,2026-03-18 14:28:00,7.987891,10.741796,8.0,3.47
T04,GL-4396,2026-03-18 14:29:00,7.98713,10.741791,5.4,4.12
T04,GL-4396,2026-03-18 14:30:00,7.986426,10.741592,4.9,3.04
T04,GL-4396,2026-03-18 14:31:00,7.985957,10.741804,5.2,4.43
T04,GL-4396,2026-03-18 14:32:00,7.985321,10.741726,11.7,5.15
T04,GL-4396,2026-03-18 14:33:00,7.984842,10.741687,11.6,4.18
T04,GL-4396,2026-03-18 14:34:00,7.984029,10.741673,10.9,4.32
T04,GL-4396,2026-03-18 14:35:00,7.983479,10.741574,8.4,3.19
T04,GL-4396,2026-03-18 14:36:00,7.9829,10.741631,11.0,5.41
T04,GL-4396,2026-03-18 14:37:00,7.982176,10.741592,11.0,5.32
T04,GL-4396,2026-03-18 14:38:00,7.981554,10.741518,11.0,4.55
T04,GL-4396,2026-03-18 14:39:00,7.981056,10.741373,9.8,4.84
T04,GL-4396,2026-03-18 14:40:00,7.980508,10.7414,7.7,3.51
T04,GL-4396,2026-03-18 14:41:00,7.979718,10.741536,5.7,5.01
T04,GL-4396,2026-03-18 14:42:00,7.979213,10.741335,4.5,4.13
T04,GL-4396,2026-03-18 14:43:00,7.978634,10.741397,5.9,5.04
T04,GL-4396,2026-03-18 14:44:00,7.978031,10.741387,4.8,3.2
T04,GL-4396,2026-03-18 14:45:00,7.977348,10.741257,5.6,4.46
T04,GL-4396,2026-03-18 14:46:00,7.976793,10.741256,5.7,3.78
T04,GL-4396,2026-03-18 14:47:00,7.976205,10.741299,8.1,3.81
T04,GL-4396,2026-03-18 14:48:00,7.975539,10.741217,9.7,2.94
T04,GL-4396,2026-03-18 14:49:00,7.975007,10.741208,8.8,5.42
T04,GL-4396,2026-03-18 14:50:00,7.974385,10.741145,6.3,3.03
T04,GL-4396,2026-03-18 14:51:00,7.973749,10.740985,9.9,3.58
T04,GL-4396,2026-03-18 14:52:00,7.973106,10.741074,7.6,4.23
T04,GL-4396,2026-03-18 14:53:00,7.972539,10.741126,5.9,5.09
T04,GL-4396,2026-03-18 14:54:00,7.971878,10.741132,11.2,5.42
T04,GL-4396,2026-03-18 14:55:00,7.971211,10.741017,6.7,3.2
T04,GL-4396,2026-03-18 14:56:00,7.97071,10.740992,7.6,3.18
T04,GL-4396,2026-03-18 14:57:00,7.970148,10.740922,4.0,3.18
T04,GL-4396,2026-03-18 14:58:00,7.969465,10.741035,10.3,5.59
T04,GL-4396,2026-03-18 14:59:00,7.96887,10.74091,7.9,4.64
T04,GL-4396,2026-03-18 15:00:00,7.968301,10.740919,4.5,4.1
T04,GL-4396,2026-03-18 15:01:00,7.96763,10.740849,9.2,3.42
T04,GL-4396,2026-03-18 15:02:00,7.966941,10.740782,8.0,3.59
T04,GL-4396,2026-03-18 15:03:00,7.966388,10.740905,6.7,3.19
T04,GL-4396,2026-03-18 15:04:00,7.965786,10.74081,8.3,3.76
T04,GL-4396,2026-03-18 15:05:00,7.965163,10.740853,5.1,4.75
T04,GL-4396,2026-03-18 15:06:00,7.964514,10.740607,11.1,3.67
T04,GL-4396,2026-03-18 15:07:00,7.963883,10.740582,11.8,3.26
T04,GL-4396,2026-03-18 15:08:00,7.963389,10.740628,11.8,3.83
T04,GL-4396,2026-03-18 15:09:00,7.962674,10.740539,6.6,5.31
T04,GL-4396,2026-03-18 15:10:00,7.962131,10.740667,9.8,4.02
T04,GL-4396,2026-03-18 15:11:00,7.961464,10.740518,10.3,4.26
T04,GL-4396,2026-03-18 15:12:00,7.960814,10.740571,8.0,4.8
T04,GL-4396,2026-03-18 15:13:00,7.960269,10.740542,6.9,5.32
T04,GL-4396,2026-03-18 15:14:00,7.959638,10.740418,6.1,2.88
T04,GL-4396,2026-03-18 15:15:00,7.958939,10.740418,10.2,3.24
T04,GL-4396,2026-03-18 15:16:00,7.958321,10.740426,11.8,2.82
T04,GL-4396,2026-03-18 15:17:00,7.957729,10.740429,11.0,2.96
T04,GL-4396,2026-03-18 15:18:00,7.957269,10.740337,8.2,4.0
T04,GL-4396,2026-03-18 15:19:00,7.95666,10.74031,4.9,4.23
T04,GL-4396,2026-03-18 15:20:00,7.956004,10.740257,6.0,5.44
T04,GL-4396,2026-03-18 15:21:00,7.955455,10.740268,8.5,3.78
T04,GL-4396,2026-03-18 15:22:00,7.954804,10.740189,10.4,2.88
T04,GL-4396,2026-03-18 15:23:00,7.954216,10.740228,8.3,4.08
T04,GL-4396,2026-03-18 15:24:00,7.953608,10.740126,10.4,4.95
T04,GL-4396,2026-03-18 15:25:00,7.952879,10.740129,7.7,4.11
T04,GL-4396,2026-03-18 15:26:00,7.952252,10.740066,4.6,3.27
T04,GL-4396,2026-03-18 15:27:00,7.951834,10.740088,9.2,4.87
T04,GL-4396,2026-03-18 15:28:00,7.951153,10.739936,11.0,4.35
T04,GL-4396,2026-03-18 15:29:00,7.950438,10.739971,7.1,5.4
T04,GL-4396,2026-03-18 15:30:00,7.949828,10.740004,8.6,3.51
T04,GL-4396,2026-03-18 15:31:00,7.949178,10.739917,9.2,5.44
T04,GL-4396,2026-03-18 15:32:00,7.948638,10.739912,6.4,3.83
T04,GL-4396,2026-03-18 15:33:00,7.94805,10.739869,11.9,3.69
T04,GL-4396,2026-03-18 15:34:00,7.947498,10.739839,8.3,3.91
T04,GL-4396,2026-03-18 15:35:00,7.946685,10.739805,9.9,4.14
T04,GL-4396,2026-03-18 15:36:00,7.946155,10.73974,5.2,3.67
T04,GL-4396,2026-03-18 15:37:00,7.94559,10.739892,5.2,2.92
T04,GL-4396,2026-03-18 15:38:00,7.944944,10.739797,9.7,5.24
T04,GL-4396,2026-03-18 15:39:00,7.944394,10.739785,9.8,3.99
T04,GL-4396,2026-03-18 15:40:00,7.943688,10.739745,7.4,5.38
T04,GL-4396,2026-03-18 15:41:00,7.943071,10.739633,8.4,2.89
T04,GL-4396,2026-03-18 15:42:00,7.942573,10.73962,7.1,4.11
T04,GL-4396,2026-03-18 15:43:00,7.941915,10.739562,5.8,5.29
T04,GL-4396,2026-03-18 15:44:00,7.941404,10.739595,9.5,4.95
T04,GL-4396,2026-03-18 15:45:00,7.940701,10.739548,7.0,3.92
T04,GL-4396,2026-03-18 15:46:00,7.940084,10.739562,10.9,4.44
T04,GL-4396,2026-03-18 15:47:00,7.939409,10.739496,4.5,3.16
T04,GL-4396,2026-03-18 15:48:00,7.93885,10.739446,11.0,3.06
T04,GL-4396,2026-03-18 15:49:00,7.938285,10.739365,4.2,4.45
T04,GL-4396,2026-03-18 15:50:00,7.937658,10.739373,9.3,5.41
T04,GL-4396,2026-03-18 15:51:00,7.937032,10.739249,10.8,3.92
T04,GL-4396,2026-03-18 15:52:00,7.936527,10.739362,7.1,3.18
T04,GL-4396,2026-03-18 15:53:00,7.935845,10.739214,9.3,3.68
T04,GL-4396,2026-03-18 15:54:00,7.93517,10.739339,8.8,4.09
T04,GL-4396,2026-03-18 15:55:00,7.934528,10.739238,10.7,3.21
T04,GL-4396,2026-03-18 15:56:00,7.933961,10.739201,11.1,4.94
T04,GL-4396,2026-03-18 15:57:00,7.933341,10.739084,10.3,3.89
T04,GL-4396,2026-03-18 15:58:00,7.932796,10.739204,8.9,4.33
T04,GL-4396,2026-03-18 15:59:00,7.932091,10.739132,8.5,4.37
T04,GL-4396,2026-03-18 16:00:00,7.931489,10.739033,10.1,2.87
T04,GL-4396,2026-03-18 16:01:00,7.930849,10.739127,5.4,4.37
T04,GL-4396,2026-03-18 16:02:00,7.930402,10.739051,10.0,4.78
T04,GL-4396,2026-03-18 16:03:00,7.929779,10.739033,5.8,3.98
T04,GL-4396,2026-03-18 16:04:00,7.929152,10.738994,6.9,5.53
T04,GL-4396,2026-03-18 16:05:00,7.928603,10.739008,9.9,4.09
T04,GL-4396,2026-03-18 16:06:00,7.927897,10.738905,9.3,5.43
T04,GL-4396,2026-03-18 16:07:00,7.927282,10.738819,10.1,3.01
T04,GL-4396,2026-03-18 16:08:00,7.926719,10.738961,5.3,5.18
T04,GL-4396,2026-03-18 16:09:00,7.925929,10.738689,11.6,5.47
T04,GL-4396,2026-03-18 16:10:00,7.925492,10.738719,6.9,3.53
T04,GL-4396,2026-03-18 16:11:00,7.924818,10.738705,11.3,3.37
T04,GL-4396,2026-03-18 16:12:00,7.924253,10.73872,7.5,4.49
T04,GL-4396,2026-03-18 16:13:00,7.923594,10.738669,6.4,5.54
T04,GL-4396,2026-03-18 16:14:00,7.923038,10.738698,9.4,3.49
T04,GL-4396,2026-03-18 16:15:00,7.92235,10.738719,11.4,4.71
T04,GL-4396,2026-03-18 16:16:00,7.921733,10.738567,6.2,4.33
T04,GL-4396,2026-03-18 16:17:00,7.921083,10.738542,10.6,5.53
T04,GL-4396,2026-03-18 16:18:00,7.92058,10.738559,5.6,4.42
T04,GL-4396,2026-03-18 16:19:00,7.919918,10.73858,4.7,3.46
T04,GL-4396,2026-03-18 16:20:00,7.919426,10.738515,7.5,3.21
T04,GL-4396,2026-03-18 16:21:00,7.918697,10.738313,9.3,4.14
T04,GL-4396,2026-03-18 16:22:00,7.91809,10.73849,11.4,5.08
T04,GL-4396,2026-03-18 16:23:00,7.917425,10.738433,6.3,3.07
T04,GL-4396,2026-03-18 16:24:00,7.916866,10.73841,5.3,4.47
T04,GL-4396,2026-03-18 16:25:00,7.916297,10.738272,7.1,3.03
T04,GL-4396,2026-03-18 16:26:00,7.915554,10.738352,9.2,4.51
T04,GL-4396,2026-03-18 16:27:00,7.915055,10.738257,7.6,5.14
T04,GL-4396,2026-03-18 16:28:00,7.9144,10.738342,5.7,5.03
T04,GL-4396,2026-03-18 16:29:00,7.913759,10.738201,7.9,5.41
T04,GL-4396,2026-03-18 16:30:00,7.91315,10.738148,10.7,5.14
T04,GL-4396,2026-03-18 16:31:00,7.912655,10.738136,9.9,4.32
T04,GL-4396,2026-03-18 16:32:00,7.911912,10.738142,7.5,4.05
T04,GL-4396,2026-03-18 16:33:00,7.911389,10.738087,8.3,4.6
T04,GL-4396,2026-03-18 16:34:00,7.910715,10.738068,5.5,4.26
T04,GL-4396,2026-03-18 16:35:00,7.910144,10.738097,6.7,3.02
T04,GL-4396,2026-03-18 16:36:00,7.909523,10.738086,7.6,3.21
T04,GL-4396,2026-03-18 16:37:00,7.908924,10.737973,6.3,5.13
T04,GL-4396,2026-03-18 16:38:00,7.908267,10.737899,8.2,4.16
T04,GL-4396,2026-03-18 16:39:00,7.907676,10.737953,6.6,2.94
T04,GL-4396,2026-03-18 16:40:00,7.907061,10.737861,9.1,3.13
T04,GL-4396,2026-03-18 16:41:00,7.90644,10.737892,10.9,5.23
T04,GL-4396,2026-03-18 16:42:00,7.905819,10.737809,10.5,3.62
T04,GL-4396,2026-03-18 16:43:00,7.905275,10.737803,5.3,4.26
T04,GL-4396,2026-03-18 16:44:00,7.904641,10.737863,11.3,3.92
T04,GL-4396,2026-03-18 16:45:00,7.903933,10.737762,8.0,5.5
T04,GL-4396,2026-03-18 16:46:00,7.903425,10.737652,5.1,4.25
T04,GL-4396,2026-03-18 16:47:00,7.902822,10.737686,7.3,5.13
T04,GL-4396,2026-03-18 16:48:00,7.902137,10.737741,8.5,4.23
T04,GL-4396,2026-03-18 16:49:00,7.901557,10.737713,11.8,4.16
T04,GL-4396,2026-03-18 16:50:00,7.900836,10.737512,4.2,3.87
T04,GL-4396,2026-03-18 16:51:00,7.900408,10.737608,5.4,4.95
T04,GL-4396,2026-03-18 16:52:00,7.899682,10.737531,6.4,2.9
T04,GL-4396,2026-03-18 16:53:00,7.899152,10.737466,11.8,4.72
T04,GL-4396,2026-03-18 16:54:00,7.898483,10.737501,10.3,4.12
T04,GL-4396,2026-03-18 16:55:00,7.897883,10.737506,6.3,4.64
T04,GL-4396,2026-03-18 16:56:00,7.897327,10.737505,9.9,3.96
T04,GL-4396,2026-03-18 16:57:00,7.896836,10.737368,8.3,3.42
T04,GL-4396,2026-03-18 16:58:00,7.896146,10.737365,6.6,3.87
T04,GL-4396,2026-03-18 16:59:00,7.895438,10.73741,8.8,3.0
T04,GL-4396,2026-03-18 17:00:00,7.894813,10.737375,4.9,3.12
T04,GL-4396,2026-03-18 17:01:00,7.894084,10.737252,6.1,2.88
T04,GL-4396,2026-03-18 17:02:00,7.893627,10.737231,7.0,2.94
T04,GL-4396,2026-03-18 17:03:00,7.892951,10.737186,8.9,4.59
T04,GL-4396,2026-03-18 17:04:00,7.892379,10.737197,10.4,5.49
T04,GL-4396,2026-03-18 17:05:00,7.89183,10.737156,4.1,4.83
T04,GL-4396,2026-03-18 17:06:00,7.891247,10.737146,5.9,5.59
T04,GL-4396,2026-03-18 17:07:00,7.890616,10.737091,8.3,5.25
T04,GL-4396,2026-03-18 17:08:00,7.889943,10.737061,5.4,4.33
T04,GL-4396,2026-03-18 17:09:00,7.889428,10.737052,7.9,4.26
T04,GL-4396,2026-03-18 17:10:00,7.888804,10.73707,4.1,5.27
T04,GL-4396,2026-03-18 17:11:00,7.888177,10.736968,12.0,3.89
T04,GL-4396,2026-03-18 17:12:00,7.887528,10.736968,11.9,5.05
T04,GL-4396,2026-03-18 17:13:00,7.886948,10.736953,7.1,4.93
T04,GL-4396,2026-03-18 17:14:00,7.886352,10.736993,5.3,4.01
T04,GL-4396,2026-03-18 17:15:00,7.885721,10.736857,7.3,3.69
T04,GL-4396,2026-03-18 17:16:00,7.885131,10.736775,9.0,5.13
T04,GL-4396,2026-03-18 17:17:00,7.884447,10.736776,10.0,4.71
T04,GL-4396,2026-03-18 17:18:00,7.883824,10.736656,5.4,5.56
T04,GL-4396,2026-03-18 17:19:00,7.883173,10.73675,11.8,4.13
T04,GL-4396,2026-03-18 17:20:00,7.882598,10.736803,6.3,5.04
T04,GL-4396,2026-03-18 17:21:00,7.88206,10.736741,10.9,4.28
T04,GL-4396,2026-03-18 17:22:00,7.881362,10.736664,8.0,4.39
T04,GL-4396,2026-03-18 17:23:00,7.880774,10.736585,6.4,5.2
T04,GL-4396,2026-03-18 17:24:00,7.880267,10.736501,6.0,4.21
T04,GL-4396,2026-03-18 17:25:00,7.879544,10.736671,5.1,3.94
T04,GL-4396,2026-03-18 17:26:00,7.878961,10.736561,5.5,4.03
T04,GL-4396,2026-03-18 17:27:00,7.878231,10.736499,4.5,3.0
T04,GL-4396,2026-03-18 17:28:00,7.877751,10.736587,6.5,5.24
T04,GL-4396,2026-03-18 17:29:00,7.877094,10.7364,6.0,4.86
T04,GL-4396,2026-03-18 17:30:00,7.87647,10.736276,11.7,5.43
T04,GL-4396,2026-03-18 17:31:00,7.876008,10.736409,5.7,3.97
T04,GL-4396,2026-03-18 17:32:00,7.875251,10.736458,4.3,3.7
T04,GL-4396,2026-03-18 17:33:00,7.874643,10.736329,6.9,4.31
T04,GL-4396,2026-03-18 17:34:00,7.874141,10.736183,10.8,3.39
T04,GL-4396,2026-03-18 17:35:00,7.873509,10.736366,11.0,2.87
T04,GL-4396,2026-03-18 17:36:00,7.872824,10.736196,4.8,3.86
T04,GL-4396,2026-03-18 17:37:00,7.872283,10.736137,8.4,5.38
T04,GL-4396,2026-03-18 17:38:00,7.871608,10.736211,10.9,4.19
T04,GL-4396,2026-03-18 17:39:00,7.870993,10.736139,5.6,5.03
T04,GL-4396,2026-03-18 17:40:00,7.870338,10.736188,10.4,4.06
T04,GL-4396,2026-03-18 17:41:00,7.869853,10.736071,8.1,3.85
T04,GL-4396,2026-03-18 17:42:00,7.869307,10.736039,7.2,3.89
T04,GL-4396,2026-03-18 17:43:00,7.868642,10.736138,8.2,4.36
T04,GL-4396,2026-03-18 17:44:00,7.867947,10.735968,5.2,4.19
T04,GL-4396,2026-03-18 17:45:00,7.867425,10.735971,11.9,3.82
T04,GL-4396,2026-03-18 17:46:00,7.866754,10.736055,5.7,3.9
T04,GL-4396,2026-03-18 17:47:00,7.866129,10.735975,6.3,3.09
T04,GL-4396,2026-03-18 17:48:00,7.865508,10.73585,10.5,2.92
T04,GL-4396,2026-03-18 17:49:00,7.864927,10.735841,9.0,4.53
T04,GL-4396,2026-03-18 17:50:00,7.864244,10.735798,7.2,2.92
T04,GL-4396,2026-03-18 17:51:00,7.863656,10.735748,8.1,3.41
T04,GL-4396,2026-03-18 17:52:00,7.863099,10.735793,11.9,4.83
T04,GL-4396,2026-03-18 17:53:00,7.862443,10.735758,4.0,5.45
T04,GL-4396,2026-03-18 17:54:00,7.861751,10.735716,8.6,3.25
T04,GL-4396,2026-03-18 17:55:00,7.861246,10.735694,7.9,3.86
T04,GL-4396,2026-03-18 17:56:00,7.860617,10.735675,10.9,3.4
T04,GL-4396,2026-03-18 17:57:00,7.859925,10.735586,4.9,4.0
T04,GL-4396,2026-03-18 17:58:00,7.859452,10.735567,6.7,3.25
T04,GL-4396,2026-03-18 17:59:00,7.858786,10.735544,10.3,2.87
T04,GL-4396,2026-03-18 18:00:00,7.85821,10.735438,4.2,3.8
T04,GL-4396,2026-03-18 18:01:00,7.857534,10.735381,11.1,4.92
T04,GL-4396,2026-03-18 18:02:00,7.856936,10.735484,5.7,4.78
T04,GL-4396,2026-03-18 18:03:00,7.856399,10.735418,11.6,3.21
T04,GL-4396,2026-03-18 18:04:00,7.855777,10.73543,8.5,4.81
T04,GL-4396,2026-03-18 18:05:00,7.85508,10.735446,10.1,4.73
T04,GL-4396,2026-03-18 18:06:00,7.854454,10.735263,9.2,2.91
T04,GL-4396,2026-03-18 18:07:00,7.853731,10.735234,6.7,4.8
T04,GL-4396,2026-03-18 18:08:00,7.853292,10.735272,8.2,3.42
T04,GL-4396,2026-03-18 18:09:00,7.852709,10.735315,5.1,3.34
T04,GL-4396,2026-03-18 18:10:00,7.851946,10.735193,11.9,5.41
T04,GL-4396,2026-03-18 18:11:00,7.851597,10.735265,6.0,3.78
T04,GL-4396,2026-03-18 18:12:00,7.850896,10.735193,11.1,5.33
T04,GL-4396,2026-03-18 18:13:00,7.850364,10.735091,5.1,3.34
T04,GL-4396,2026-03-18 18:14:00,7.84968,10.735129,4.6,3.32
T04,GL-4396,2026-03-18 18:15:00,7.849049,10.735038,10.7,5.42
T04,GL-4396,2026-03-18 18:16:00,7.848318,10.735071,11.0,3.52
T04,GL-4396,2026-03-18 18:17:00,7.847791,10.735056,11.0,4.6
T04,GL-4396,2026-03-18 18:18:00,7.847108,10.735068,11.5,4.77
T04,GL-4396,2026-03-18 18:19:00,7.84662,10.734984,8.1,3.87
T04,GL-4396,2026-03-18 18:20:00,7.846019,10.735023,4.7,4.55
T04,GL-4396,2026-03-18 18:21:00,7.845414,10.734776,6.4,3.08
T04,GL-4396,2026-03-18 18:22:00,7.844636,10.734944,4.1,4.24
T04,GL-4396,2026-03-18 18:23:00,7.844173,10.734843,5.9,5.47
T04,GL-4396,2026-03-18 18:24:00,7.843592,10.734856,6.7,5.4
T04,GL-4396,2026-03-18 18:25:00,7.842781,10.734784,8.0,4.88
T04,GL-4396,2026-03-18 18:26:00,7.842316,10.734747,7.4,4.18
T04,GL-4396,2026-03-18 18:27:00,7.841591,10.734661,6.9,4.51
T04,GL-4396,2026-03-18 18:28:00,7.841041,10.734689,8.2,4.04
T04,GL-4396,2026-03-18 18:29:00,7.840402,10.734736,6.9,5.38
T04,GL-4396,2026-03-18 18:30:00,7.839877,10.734643,7.6,4.73
T04,GL-4396,2026-03-18 18:31:00,7.839277,10.734605,8.3,3.62
T04,GL-4396,2026-03-18 18:32:00,7.838531,10.734591,11.1,3.72
T04,GL-4396,2026-03-18 18:33:00,8.105502,10.734542,5.4,416.75
T04,GL-4396,2026-03-18 18:34:00,7.837352,10.734426,5.0,3.16
T04,GL-4396,2026-03-18 18:35:00,7.836844,10.73447,9.8,3.37
T04,GL-4396,2026-03-18 18:36:00,7.836183,10.734333,4.2,5.14
T04,GL-4396,2026-03-18 18:37:00,7.835407,10.734503,6.1,5.33
T04,GL-4396,2026-03-18 18:38:00,7.834801,10.734342,7.0,4.81
T04,GL-4396,2026-03-18 18:39:00,7.834369,10.734277,10.2,5.32
T04,GL-4396,2026-03-18 18:40:00,7.83374,10.73434,7.6,2.83
T04,GL-4396,2026-03-18 18:41:00,7.833121,10.73425,7.8,3.88
T04,GL-4396,2026-03-18 18:42:00,7.832526,10.734191,5.8,4.61
T04,GL-4396,2026-03-18 18:43:00,7.83194,10.734143,5.8,3.04
T04,GL-4396,2026-03-18 18:44:00,7.831214,10.734266,9.3,4.05
T04,GL-4396,2026-03-18 18:45:00,7.830675,10.73415,4.1,3.69
T04,GL-4396,2026-03-18 18:46:00,7.829975,10.734246,9.6,5.46
T04,GL-4396,2026-03-18 18:47:00,7.829528,10.734185,9.4,5.18
T04,GL-4396,2026-03-18 18:48:00,7.828928,10.734088,8.3,3.21
T04,GL-4396,2026-03-18 18:49:00,7.828128,10.734015,5.5,5.09
T04,GL-4396,2026-03-18 18:50:00,7.827606,10.734063,8.2,4.27
T04,GL-4396,2026-03-18 18:51:00,7.827076,10.734037,6.0,5.25
T04,GL-4396,2026-03-18 18:52:00,7.826381,10.733944,12.0,3.31
T04,GL-4396,2026-03-18 18:53:00,7.825723,10.733995,6.2,5.09
T04,GL-4396,2026-03-18 18:54:00,7.82514,10.733973,5.0,5.3
T04,GL-4396,2026-03-18 18:55:00,7.824576,10.733951,5.9,5.11
T04,GL-4396,2026-03-18 18:56:00,7.823932,10.733864,4.4,3.58
T04,GL-4396,2026-03-18 18:57:00,7.823323,10.73381,,4.83
T04,GL-4396,2026-03-18 18:58:00,7.822596,10.733829,5.3,3.66
T04,GL-4396,2026-03-18 18:59:00,7.8221,10.733801,5.6,5.18
T04,GL-4396,2026-03-18 19:00:00,7.82152,10.73376,4.8,4.38
T04,GL-4396,2026-03-18 19:01:00,7.820892,10.733701,4.4,4.08
T04,GL-4396,2026-03-18 19:02:00,7.820294,10.733738,8.1,5.22
T04,GL-4396,2026-03-18 19:03:00,7.819647,10.733561,4.7,3.22
T04,GL-4396,2026-03-18 19:04:00,7.81903,10.733672,10.5,2.89
T04,GL-4396,2026-03-18 19:05:00,7.818457,10.733466,10.0,4.55
T04,GL-4396,2026-03-18 19:06:00,7.817803,10.733579,7.3,3.58
T04,GL-4396,2026-03-18 19:07:00,7.817205,10.733469,10.1,4.89
T04,GL-4396,2026-03-18 19:08:00,7.816682,10.733544,8.0,4.98
T04,GL-4396,2026-03-18 19:09:00,7.816025,10.733466,7.9,3.94
T04,GL-4396,2026-03-18 19:10:00,7.815424,10.733455,9.3,3.54
T04,GL-4396,2026-03-18 19:11:00,7.814749,10.733381,8.1,3.61
T04,GL-4396,2026-03-18 19:12:00,7.814153,10.733343,8.6,4.28
T04,GL-4396,2026-03-18 19:13:00,7.813566,10.73333,4.7,5.46
T04,GL-4396,2026-03-18 19:14:00,7.812948,10.733334,9.9,3.89
T04,GL-4396,2026-03-18 19:15:00,7.812333,10.733249,8.5,3.37
T04,GL-4396,2026-03-18 19:16:00,7.811661,10.733348,10.8,4.39
T04,GL-4396,2026-03-18 19:17:00,7.811093,10.733173,7.5,4.64
T04,GL-4396,2026-03-18 19:18:00,7.810463,10.733318,11.0,3.99
T04,GL-4396,2026-03-18 19:19:00,7.809922,10.733152,5.0,5.46
T04,GL-4396,2026-03-18 19:20:00,7.80927,10.733081,8.4,3.92
T04,GL-4396,2026-03-18 19:21:00,7.80868,10.733003,6.9,2.8
T04,GL-4396,2026-03-18 19:22:00,7.808031,10.733007,9.2,3.12
T04,GL-4396,2026-03-18 19:23:00,7.807459,10.733128,8.6,4.86
T04,GL-4396,2026-03-18 19:24:00,7.806821,10.733124,6.0,4.69
T04,GL-4396,2026-03-18 19:25:00,7.80613,10.732966,7.2,4.94
T04,GL-4396,2026-03-18 19:26:00,7.805543,10.732881,10.1,5.47
T04,GL-4396,2026-03-18 19:27:00,7.805008,10.732946,4.4,4.59
T04,GL-4396,2026-03-18 19:28:00,7.804401,10.732894,6.0,4.66
T04,GL-4396,2026-03-18 19:29:00,7.803892,10.73283,4.7,3.02
T04,GL-4396,2026-03-18 19:30:00,7.803186,10.732914,10.9,5.29
T04,GL-4396,2026-03-18 19:31:00,7.802546,10.732878,7.0,4.61
T04,GL-4396,2026-03-18 19:32:00,7.80198,10.732819,5.8,4.01
T04,GL-4396,2026-03-18 19:33:00,7.801439,10.732753,5.3,4.55
T04,GL-4396,2026-03-18 19:34:00,7.800714,10.732636,11.8,5.4
T04,GL-4396,2026-03-18 19:35:00,7.80007,10.732692,5.7,5.37
T04,GL-4396,2026-03-18 19:36:00,7.799441,10.732577,10.3,5.03
T04,GL-4396,2026-03-18 19:37:00,7.798884,10.732713,11.1,5.54
T04,GL-4396,2026-03-18 19:38:00,7.798306,10.7326,8.5,5.01
T04,GL-4396,2026-03-18 19:39:00,7.797646,10.732507,4.4,5.07
T04,GL-4396,2026-03-18 19:40:00,7.79696,10.732422,11.8,4.62
T04,GL-4396,2026-03-18 19:41:00,7.79647,10.732441,4.3,3.15
T04,GL-4396,2026-03-18 19:42:00,7.795902,10.732553,11.7,5.18
T04,GL-4396,2026-03-18 19:43:00,7.795222,10.73244,4.7,5.41
T04,GL-4396,2026-03-18 19:44:00,7.794603,10.732498,7.0,5.05
T04,GL-4396,2026-03-18 19:45:00,7.79392,10.732327,9.9,3.83
T04,GL-4396,2026-03-18 19:46:00,7.793294,10.732363,6.5,4.95
T04,GL-4396,2026-03-18 19:47:00,7.792861,10.732219,7.5,4.36
T04,GL-4396,2026-03-18 19:48:00,7.792083,10.73222,10.2,4.46
T04,GL-4396,2026-03-18 19:49:00,7.791516,10.732261,10.1,4.27
T04,GL-4396,2026-03-18 19:50:00,7.790928,10.732161,10.7,3.16
T04,GL-4396,2026-03-18 19:51:00,7.790243,10.732196,8.9,5.36
T04,GL-4396,2026-03-18 19:52:00,7.789698,10.732225,4.6,3.92
T04,GL-4396,2026-03-18 19:53:00,7.789243,10.732232,9.1,4.31
T04,GL-4396,2026-03-18 19:54:00,7.78854,10.732153,11.9,5.03
T04,GL-4396,2026-03-18 19:55:00,7.787782,10.732147,10.3,3.39
T04,GL-4396,2026-03-18 19:56:00,7.787295,10.732089,8.3,4.33
T04,GL-4396,2026-03-18 19:57:00,7.786587,10.732073,8.4,4.73
T04,GL-4396,2026-03-18 19:58:00,7.786015,10.731929,4.1,3.77
T04,GL-4396,2026-03-18 19:59:00,7.785453,10.732119,4.1,4.65
T04,GL-4396,2026-03-18 20:00:00,7.784758,10.731955,4.8,5.37
T04,GL-4396,2026-03-18 20:01:00,7.784253,10.73205,4.1,4.22
T04,GL-4396,2026-03-18 20:02:00,7.783639,10.731901,5.6,3.9
T04,GL-4396,2026-03-18 20:03:00,7.782912,10.731919,10.2,2.93
T04,GL-4396,2026-03-18 20:04:00,7.782437,10.731815,10.5,2.99
T04,GL-4396,2026-03-18 20:05:00,7.781798,10.731785,7.7,3.76
T04,GL-4396,2026-03-18 20:06:00,7.781221,10.731746,7.0,3.9
T04,GL-4396,2026-03-18 20:07:00,7.780522,10.731816,10.9,5.48
T04,GL-4396,2026-03-18 20:08:00,7.779919,10.731688,9.0,4.03
T04,GL-4396,2026-03-18 20:09:00,7.779348,10.731747,9.7,5.11
T04,GL-4396,2026-03-18 20:10:00,7.778702,10.731682,8.2,2.89
T04,GL-4396,2026-03-18 20:11:00,7.778119,10.73173,9.0,3.09
T04,GL-4396,2026-03-18 20:12:00,7.77752,10.731529,7.5,4.96
T04,GL-4396,2026-03-18 20:13:00,7.776949,10.731572,6.2,4.43
T04,GL-4396,2026-03-18 20:14:00,7.776343,10.731616,11.5,5.57
T04,GL-4396,2026-03-18 20:15:00,7.775702,10.731466,10.7,3.16
T04,GL-4396,2026-03-18 20:16:00,7.774982,10.731467,4.4,4.46
T04,GL-4396,2026-03-18 20:17:00,7.774461,10.731479,7.2,4.46
T04,GL-4396,2026-03-18 20:18:00,7.773813,10.731444,7.7,4.59
T04,GL-4396,2026-03-18 20:19:00,7.773221,10.731297,4.1,3.36
T04,GL-4396,2026-03-18 20:20:00,7.772694,10.73146,4.6,3.88
T04,GL-4396,2026-03-18 20:21:00,7.772021,10.731509,11.0,3.68
T04,GL-4396,2026-03-18 20:22:00,7.771438,10.731247,9.1,3.28
T04,GL-4396,2026-03-18 20:23:00,7.770781,10.731348,6.1,3.36
T04,GL-4396,2026-03-18 20:24:00,7.77018,10.731246,6.5,3.03
T04,GL-4396,2026-03-18 20:25:00,7.769445,10.731162,8.2,3.62
T04,GL-4396,2026-03-18 20:26:00,7.768892,10.73112,7.9,3.69
T04,GL-4396,2026-03-18 20:27:00,7.768365,10.731082,5.2,5.48
T04,GL-4396,2026-03-18 20:28:00,7.767693,10.731062,10.7,3.77
T04,GL-4396,2026-03-18 20:29:00,7.767106,10.731067,5.3,3.48
T04,GL-4396,2026-03-18 20:30:00,7.766562,10.731103,10.3,5.31
T04,GL-4396,2026-03-18 20:31:00,7.765857,10.731134,9.7,4.96
T04,GL-4396,2026-03-18 20:32:00,7.765309,10.731028,7.1,5.07
T04,GL-4396,2026-03-18 20:33:00,7.764566,10.730954,6.8,3.42
T04,GL-4396,2026-03-18 20:34:00,7.76405,10.730868,7.4,5.33
T04,GL-4396,2026-03-18 20:35:00,7.763396,10.730908,6.9,3.4
T04,GL-4396,2026-03-18 20:36:00,7.76287,10.730876,9.1,3.6
T04,GL-4396,2026-03-18 20:37:00,7.762224,10.730806,5.5,3.8
T04,GL-4396,2026-03-18 20:38:00,7.76157,10.730847,11.4,3.18
T04,GL-4396,2026-03-18 20:39:00,7.761096,10.730792,,3.21
T04,GL-4396,2026-03-18 20:40:00,7.760386,10.730727,10.9,2.99
T04,GL-4396,2026-03-18 20:41:00,7.759751,10.730735,11.0,4.82
T04,GL-4396,2026-03-18 20:42:00,7.75933,10.730669,8.3,5.54
T04,GL-4396,2026-03-18 20:43:00,7.758377,10.730626,11.1,5.28
T04,GL-4396,2026-03-18 20:44:00,7.757901,10.730757,6.3,3.81
T04,GL-4396,2026-03-18 20:45:00,7.757065,10.730672,6.1,3.78
T04,GL-4396,2026-03-18 20:46:00,7.756677,10.730693,9.2,3.59
T04,GL-4396,2026-03-18 20:47:00,7.756054,10.73055,10.7,5.47
T04,GL-4396,2026-03-18 20:48:00,7.755456,10.730458,11.3,2.88
T04,GL-4396,2026-03-18 20:49:00,7.754851,10.73047,4.3,4.02
T04,GL-4396,2026-03-18 20:50:00,7.754294,10.730499,10.5,4.54
T04,GL-4396,2026-03-18 20:51:00,7.753655,10.730449,7.5,3.57
T04,GL-4396,2026-03-18 20:52:00,7.752997,10.730439,6.3,3.53
T04,GL-4396,2026-03-18 20:53:00,7.752504,10.730306,9.3,3.89
T04,GL-4396,2026-03-18 20:54:00,7.751808,10.730362,5.2,4.01
T04,GL-4396,2026-03-18 20:55:00,7.751145,10.730385,6.7,2.92
T04,GL-4396,2026-03-18 20:56:00,7.750554,10.730238,6.0,4.31
T04,GL-4396,2026-03-18 20:57:00,7.74988,10.730144,11.3,5.33
T04,GL-4396,2026-03-18 20:58:00,7.749267,10.730204,11.5,4.73
T04,GL-4396,2026-03-18 20:59:00,7.748843,10.730229,9.5,5.37
T04,GL-4396,2026-03-18 21:00:00,7.748114,10.73006,7.4,2.95
T04,GL-4396,2026-03-18 21:01:00,7.747452,10.730244,7.8,2.96
T04,GL-4396,2026-03-18 21:02:00,7.747017,10.730089,7.8,2.94
T04,GL-4396,2026-03-18 21:03:00,7.74639,10.730073,11.1,4.53
T04,GL-4396,2026-03-18 21:04:00,7.745597,10.730097,5.2,4.17
T04,GL-4396,2026-03-18 21:05:00,7.744961,10.730029,5.0,5.44
T04,GL-4396,2026-03-18 21:06:00,7.744576,10.730011,9.8,2.8
T04,GL-4396,2026-03-18 21:07:00,7.743955,10.729989,11.9,4.02
T04,GL-4396,2026-03-18 21:08:00,7.743189,10.729996,6.6,4.57
T04,GL-4396,2026-03-18 21:09:00,7.74272,10.729874,4.6,4.79
T04,GL-4396,2026-03-18 21:10:00,7.742065,10.729904,5.3,4.93
T04,GL-4396,2026-03-18 21:11:00,7.741439,10.729847,8.7,4.15
T04,GL-4396,2026-03-18 21:12:00,7.740796,10.729707,10.6,4.62
T04,GL-4396,2026-03-18 21:13:00,7.740207,10.729732,,5.28
T04,GL-4396,2026-03-18 21:14:00,7.739558,10.729826,11.1,3.52
T04,GL-4396,2026-03-18 21:15:00,7.738904,10.729619,7.1,2.98
T04,GL-4396,2026-03-18 21:16:00,7.738392,10.729804,5.7,5.55
T04,GL-4396,2026-03-18 21:17:00,7.737688,10.729594,6.1,5.57
T04,GL-4396,2026-03-18 21:18:00,7.73716,10.729629,10.4,3.6
T04,GL-4396,2026-03-18 21:19:00,7.736563,10.729601,9.4,4.97
T04,GL-4396,2026-03-18 21:20:00,7.735845,10.729552,6.5,5.07
T04,GL-4396,2026-03-18 21:21:00,7.735317,10.729593,9.0,4.29
T04,GL-4396,2026-03-18 21:22:00,7.734667,10.729721,11.7,5.08
T04,GL-4396,2026-03-18 21:23:00,7.734042,10.729522,,3.69
T04,GL-4396,2026-03-18 21:24:00,7.733399,10.729551,6.8,4.6
T04,GL-4396,2026-03-18 21:25:00,7.733018,10.729372,6.0,4.84
T04,GL-4396,2026-03-18 21:26:00,7.732128,10.729421,9.8,3.0
T04,GL-4396,2026-03-18 21:27:00,7.731607,10.729355,9.0,3.8
T04,GL-4396,2026-03-18 21:28:00,7.731018,10.7293,6.5,5.46
T04,GL-4396,2026-03-18 21:29:00,7.730421,10.729356,7.5,5.15
T04,GL-4396,2026-03-18 21:30:00,7.729739,10.729392,10.6,3.67
T04,GL-4396,2026-03-18 21:31:00,7.729282,10.729363,11.6,3.11
T04,GL-4396,2026-03-18 21:32:00,7.728555,10.729159,8.7,4.73
T04,GL-4396,2026-03-18 21:33:00,7.727921,10.729251,4.8,5.07
T04,GL-4396,2026-03-18 21:34:00,7.727408,10.729183,7.9,3.6
T04,GL-4396,2026-03-18 21:35:00,7.726674,10.729122,5.1,5.4
T04,GL-4396,2026-03-18 21:36:00,7.726108,10.729162,5.8,5.34
T04,GL-4396,2026-03-18 21:37:00,7.725531,10.729056,5.5,4.99
T04,GL-4396,2026-03-18 21:38:00,7.724975,10.729096,5.2,4.72
T04,GL-4396,2026-03-18 21:39:00,7.724312,10.729036,8.9,4.84
T04,GL-4396,2026-03-18 21:40:00,7.723752,10.72889,8.3,3.05
T04,GL-4396,2026-03-18 21:41:00,7.722908,10.728974,9.7,3.95
T04,GL-4396,2026-03-18 21:42:00,7.722473,10.728933,11.5,4.22
T04,GL-4396,2026-03-18 21:43:00,7.721873,10.728877,6.1,3.41
T04,GL-4396,2026-03-18 21:44:00,7.721258,10.728896,8.0,3.08
T04,GL-4396,2026-03-18 21:45:00,7.720697,10.728812,11.5,4.36
T04,GL-4396,2026-03-18 21:46:00,7.719967,10.728778,5.7,5.16
T04,GL-4396,2026-03-18 21:47:00,7.719375,10.728717,9.9,3.63
T04,GL-4396,2026-03-18 21:48:00,7.718892,10.728804,11.4,4.19
T04,GL-4396,2026-03-18 21:49:00,7.718134,10.728827,10.3,4.69
T04,GL-4396,2026-03-18 21:50:00,7.717546,10.728689,9.4,5.05
T04,GL-4396,2026-03-18 21:51:00,7.71706,10.728701,4.5,4.68
T04,GL-4396,2026-03-18 21:52:00,7.716339,10.728741,9.0,5.46
T04,GL-4396,2026-03-18 21:53:00,7.715755,10.728562,11.4,4.2
T04,GL-4396,2026-03-18 21:54:00,7.715136,10.728622,5.8,3.4
T04,GL-4396,2026-03-18 21:55:00,7.714446,10.728511,7.5,2.93
T04,GL-4396,2026-03-18 21:56:00,7.713822,10.728514,,2.8
T04,GL-4396,2026-03-18 21:57:00,7.713251,10.728497,10.8,3.1
T04,GL-4396,2026-03-18 21:58:00,7.712692,10.728401,10.9,2.86
T04,GL-4396,2026-03-18 21:59:00,7.712127,10.728496,7.8,4.16
T04,GL-4396,2026-03-18 22:00:00,7.711421,10.728464,5.9,4.87
T04,GL-4396,2026-03-18 22:01:00,7.710883,10.728434,9.3,4.19
T04,GL-4396,2026-03-18 22:02:00,7.710209,10.728214,8.0,4.52
T04,GL-4396,2026-03-18 22:03:00,7.709656,10.72841,10.0,3.75
T04,GL-4396,2026-03-18 22:04:00,7.709044,10.728269,6.0,4.89
T04,GL-4396,2026-03-18 22:05:00,7.708295,10.728268,4.9,3.77
T04,GL-4396,2026-03-18 22:06:00,7.707868,10.728198,5.6,3.9
T04,GL-4396,2026-03-18 22:07:00,7.707273,10.728136,10.1,2.9
T04,GL-4396,2026-03-18 22:08:00,7.706598,10.72824,6.9,4.83
T04,GL-4396,2026-03-18 22:09:00,7.705984,10.728025,4.9,3.05
T04,GL-4396,2026-03-18 22:10:00,7.705298,10.728107,6.6,3.86
T04,GL-4396,2026-03-18 22:11:00,7.704779,10.728139,4.2,3.93
T04,GL-4396,2026-03-18 22:12:00,7.704135,10.728157,4.8,3.63
T04,GL-4396,2026-03-18 22:13:00,7.703521,10.728025,10.2,4.61
T04,GL-4396,2026-03-18 22:14:00,7.702945,10.727978,11.1,4.54
T04,GL-4396,2026-03-18 22:15:00,7.702249,10.728016,8.9,4.0
T04,GL-4396,2026-03-18 22:16:00,7.701663,10.728057,4.5,4.37
T04,GL-4396,2026-03-18 22:17:00,7.701132,10.727906,5.4,4.06
T04,GL-4396,2026-03-18 22:18:00,7.700559,10.727863,10.1,3.39
T04,GL-4396,2026-03-18 22:19:00,7.699891,10.727854,5.2,3.14
T04,GL-4396,2026-03-18 22:20:00,7.699199,10.727837,5.7,3.33
T04,GL-4396,2026-03-18 22:21:00,7.698581,10.727736,7.7,5.21
T04,GL-4396,2026-03-18 22:22:00,7.697997,10.727772,4.1,3.06
T04,GL-4396,2026-03-18 22:23:00,7.697359,10.727575,8.2,4.99
T04,GL-4396,2026-03-18 22:24:00,7.696768,10.727769,8.2,4.76
T04,GL-4396,2026-03-18 22:25:00,7.696125,10.72763,5.0,3.9
T04,GL-4396,2026-03-18 22:26:00,7.695473,10.727677,7.2,3.8
T04,GL-4396,2026-03-18 22:27:00,7.694946,10.72762,4.5,3.53
T04,GL-4396,2026-03-18 22:28:00,7.694268,10.727582,10.7,4.24
T04,GL-4396,2026-03-18 22:29:00,7.693651,10.727577,5.9,4.82
T04,GL-4396,2026-03-18 22:30:00,7.693104,10.727463,7.7,3.95
T04,GL-4396,2026-03-18 22:31:00,7.692536,10.727511,11.3,3.9
T04,GL-4396,2026-03-18 22:32:00,7.691856,10.727438,5.8,2.94
T04,GL-4396,2026-03-18 22:33:00,7.691216,10.727421,4.9,4.03
T04,GL-4396,2026-03-18 22:34:00,7.69073,10.727356,10.3,5.55
T04,GL-4396,2026-03-18 22:35:00,7.690173,10.72734,11.1,3.47
T04,GL-4396,2026-03-18 22:36:00,7.689375,10.727344,10.0,4.8
T04,GL-4396,2026-03-18 22:37:00,7.68885,10.72736,,4.68
T04,GL-4396,2026-03-18 22:38:00,7.688284,10.727209,,2.83
T04,GL-4396,2026-03-18 22:39:00,7.687585,10.7272,6.4,3.71
T04,GL-4396,2026-03-18 22:40:00,7.687009,10.727233,11.8,5.35
T04,GL-4396,2026-03-18 22:41:00,7.686347,10.727163,7.1,3.61
T04,GL-4396,2026-03-18 22:42:00,7.685806,10.727256,11.5,4.14
T04,GL-4396,2026-03-18 22:43:00,7.685124,10.727082,6.2,3.73
T04,GL-4396,2026-03-18 22:44:00,7.684611,10.726843,9.2,3.09
T04,GL-4396,2026-03-18 22:45:00,7.683933,10.727086,10.6,5.44
T04,GL-4396,2026-03-18 22:46:00,7.683223,10.726993,4.7,4.67
T04,GL-4396,2026-03-18 22:47:00,7.682699,10.727001,7.2,2.92
T04,GL-4396,2026-03-18 22:48:00,7.682123,10.727045,11.1,4.85
T04,GL-4396,2026-03-18 22:49:00,7.681607,10.726995,8.2,5.18
T04,GL-4396,2026-03-18 22:50:00,7.6809,10.726802,5.9,3.39
T04,GL-4396,2026-03-18 22:51:00,7.680351,10.726829,5.1,4.9
T04,GL-4396,2026-03-18 22:52:00,7.679783,10.726812,5.5,4.3
T04,GL-4396,2026-03-18 22:53:00,7.679083,10.726829,11.7,3.63
T04,GL-4396,2026-03-18 22:54:00,7.678372,10.726827,7.5,4.05
T04,GL-4396,2026-03-18 22:55:00,7.677916,10.726811,11.1,4.08
T04,GL-4396,2026-03-18 22:56:00,7.677203,10.72684,11.0,4.54
T04,GL-4396,2026-03-18 22:57:00,7.676671,10.72673,8.1,3.91
T04,GL-4396,2026-03-18 22:58:00,7.675934,10.726698,9.2,4.07
T04,GL-4396,2026-03-18 22:59:00,7.675304,10.726656,10.3,5.41
T04,GL-4396,2026-03-18 23:00:00,7.67489,10.726696,5.5,5.11
T04,GL-4396,2026-03-18 23:01:00,7.674182,10.726553,9.2,3.45
T04,GL-4396,2026-03-18 23:02:00,7.673518,10.726576,4.5,4.63
T04,GL-4396,2026-03-18 23:03:00,7.67294,10.72643,7.8,5.46
T04,GL-4396,2026-03-18 23:04:00,7.672331,10.726483,4.1,5.17
T04,GL-4396,2026-03-18 23:05:00,7.671722,10.726496,5.2,4.03
T04,GL-4396,2026-03-18 23:06:00,7.671124,10.726348,6.1,3.13
T04,GL-4396,2026-03-18 23:07:00,7.670485,10.72634,8.9,5.19
T04,GL-4396,2026-03-18 23:08:00,7.669838,10.726417,8.1,4.18
T04,GL-4396,2026-03-18 23:09:00,7.669171,10.726358,9.5,4.91
T04,GL-4396,2026-03-18 23:10:00,7.668554,10.726311,4.3,5.53
T04,GL-4396,2026-03-18 23:11:00,7.668105,10.726318,8.1,3.87
T04,GL-4396,2026-03-18 23:12:00,7.667475,10.726246,11.2,5.29
T04,GL-4396,2026-03-18 23:13:00,7.666897,10.726117,5.4,5.37
T04,GL-4396,2026-03-18 23:14:00,7.666288,10.726281,6.7,4.84
T04,GL-4396,2026-03-18 23:15:00,7.665651,10.726194,8.3,4.94
T04,GL-4396,2026-03-18 23:16:00,7.665052,10.726092,4.3,4.04
T04,GL-4396,2026-03-18 23:17:00,7.66446,10.726078,5.3,5.16
T04,GL-4396,2026-03-18 23:18:00,7.663793,10.726109,10.0,4.37
T04,GL-4396,2026-03-18 23:19:00,7.663279,10.726008,5.3,4.65
T04,GL-4396,2026-03-18 23:20:00,7.662609,10.726073,6.9,4.97
T04,GL-4396,2026-03-18 23:21:00,7.661938,10.726029,7.6,4.03
T04,GL-4396,2026-03-18 23:22:00,7.661351,10.726107,7.1,4.36
T04,GL-4396,2026-03-18 23:23:00,7.660669,10.725996,8.4,3.29
T04,GL-4396,2026-03-18 23:24:00,7.66016,10.725986,8.9,5.19
T04,GL-4396,2026-03-18 23:25:00,7.659446,10.725851,9.4,3.12
T04,GL-4396,2026-03-18 23:26:00,7.658835,10.725958,9.9,5.06
T04,GL-4396,2026-03-18 23:27:00,7.658301,10.725854,5.4,3.06
T04,GL-4396,2026-03-18 23:28:00,7.657716,10.725842,9.0,4.63
T04,GL-4396,2026-03-18 23:29:00,7.656946,10.725774,9.9,4.81
T04,GL-4396,2026-03-18 23:30:00,7.656481,10.725728,7.7,5.44
T04,GL-4396,2026-03-18 23:31:00,7.655798,10.725771,6.3,4.76
T04,GL-4396,2026-03-18 23:32:00,7.655307,10.7257,7.0,4.65
T04,GL-4396,2026-03-18 23:33:00,7.654658,10.725734,12.0,5.39
T04,GL-4396,2026-03-18 23:34:00,7.653963,10.725598,5.1,4.38
T04,GL-4396,2026-03-18 23:35:00,7.653438,10.725543,11.6,3.61
T04,GL-4396,2026-03-18 23:36:00,7.65273,10.725484,6.5,4.41
T04,GL-4396,2026-03-18 23:37:00,7.65211,10.725448,11.2,4.67
T04,GL-4396,2026-03-18 23:38:00,7.651649,10.725436,8.7,3.62
T04,GL-4396,2026-03-18 23:39:00,7.650984,10.725376,7.7,4.67
T04,GL-4396,2026-03-18 23:40:00,7.650314,10.725495,9.8,3.94
T04,GL-4396,2026-03-18 23:41:00,7.649692,10.725447,8.4,4.79
T04,GL-4396,2026-03-18 23:42:00,7.649136,10.725402,10.9,5.27
T04,GL-4396,2026-03-18 23:43:00,7.648458,10.725229,7.2,3.74
T04,GL-4396,2026-03-18 23:44:00,7.647867,10.725338,5.9,3.89
T04,GL-4396,2026-03-18 23:45:00,7.647349,10.725255,11.7,4.06
T04,GL-4396,2026-03-18 23:46:00,7.646656,10.725204,7.3,3.64
T04,GL-4396,2026-03-18 23:47:00,7.645939,10.725232,6.6,4.46
T04,GL-4396,2026-03-18 23:48:00,7.645448,10.725132,7.7,4.63
T04,GL-4396,2026-03-18 23:49:00,7.64476,10.725113,10.7,3.7
T04,GL-4396,2026-03-18 23:50:00,7.644228,10.725172,11.6,3.51
T04,GL-4396,2026-03-18 23:51:00,7.643675,10.725005,6.9,4.82
T04,GL-4396,2026-03-18 23:52:00,7.643031,10.7251,4.6,4.39
T04,GL-4396,2026-03-18 23:53:00,7.642346,10.724942,,3.56
T04,GL-4396,2026-03-18 23:54:00,7.302737,10.724993,11.7,253.66
T04,GL-4396,2026-03-18 23:55:00,7.641145,10.724922,10.9,3.89
T04,GL-4396,2026-03-18 23:56:00,7.640588,10.724986,7.2,4.43
T04,GL-4396,2026-03-18 23:57:00,7.63993,10.724899,4.6,5.4
T04,GL-4396,2026-03-18 23:58:00,7.639264,10.724882,9.9,5.24
T04,GL-4396,2026-03-18 23:59:00,7.638686,10.724788,10.3,3.86
T04,GL-4396,2026-03-19 00:00:00,7.638144,10.724823,5.7,3.12
T04,GL-4396,2026-03-19 00:01:00,7.637618,10.724845,5.5,3.09
T04,GL-4396,2026-03-19 00:02:00,7.636889,10.724843,10.7,4.03
T04,GL-4396,2026-03-19 00:03:00,7.636318,10.724847,8.6,3.8
T04,GL-4396,2026-03-19 00:04:00,7.635756,10.724662,9.9,4.09
T04,GL-4396,2026-03-19 00:05:00,7.635007,10.724699,8.0,4.22
T04,GL-4396,2026-03-19 00:06:00,7.634357,10.724619,6.4,5.49
T04,GL-4396,2026-03-19 00:07:00,7.633765,10.724627,5.2,4.13
T04,GL-4396,2026-03-19 00:08:00,7.633274,10.724669,9.6,3.37
T04,GL-4396,2026-03-19 00:09:00,7.632635,10.724558,4.5,5.09
T04,GL-4396,2026-03-19 00:10:00,7.631953,10.724455,11.2,4.83
T04,GL-4396,2026-03-19 00:11:00,7.631383,10.724504,5.2,3.34
T04,GL-4396,2026-03-19 00:12:00,7.630746,10.724466,4.3,4.89
T04,GL-4396,2026-03-19 00:13:00,7.630153,10.724459,5.1,5.23
T04,GL-4396,2026-03-19 00:14:00,7.629676,10.724468,6.6,4.02
T04,GL-4396,2026-03-19 00:15:00,7.628977,10.724457,11.2,4.62
T04,GL-4396,2026-03-19 00:16:00,7.62832,10.724403,10.6,4.28
T04,GL-4396,2026-03-19 00:17:00,7.627752,10.724375,11.1,3.96
T04,GL-4396,2026-03-19 00:18:00,7.627091,10.724258,10.3,3.53
T04,GL-4396,2026-03-19 00:19:00,7.626562,10.724286,6.5,4.57
T04,GL-4396,2026-03-19 00:20:00,7.625942,10.724198,8.6,4.01
T04,GL-4396,2026-03-19 00:21:00,7.625223,10.72413,10.5,4.94
T04,GL-4396,2026-03-19 00:22:00,7.624649,10.724182,9.1,3.75
T04,GL-4396,2026-03-19 00:23:00,7.624171,10.724195,11.0,5.59
T04,GL-4396,2026-03-19 00:24:00,7.62345,10.724148,6.9,5.23
T04,GL-4396,2026-03-19 00:25:00,7.622887,10.724073,5.4,4.42
T04,GL-4396,2026-03-19 00:26:00,7.622241,10.723988,6.3,4.51
T04,GL-4396,2026-03-19 00:27:00,7.621565,10.724061,6.7,3.89
T04,GL-4396,2026-03-19 00:28:00,7.621094,10.724036,6.8,4.82
T04,GL-4396,2026-03-19 00:29:00,7.620446,10.72403,11.7,4.51
T04,GL-4396,2026-03-19 00:30:00,7.619813,10.723935,4.9,4.16
T04,GL-4396,2026-03-19 00:31:00,7.619199,10.724005,11.9,3.8
T04,GL-4396,2026-03-19 00:32:00,7.618596,10.723886,8.9,4.84
T04,GL-4396,2026-03-19 00:33:00,7.617916,10.723801,7.5,5.07
T04,GL-4396,2026-03-19 00:34:00,7.617274,10.723794,5.4,3.14
T04,GL-4396,2026-03-19 00:35:00,7.616714,10.723729,7.2,3.19
T04,GL-4396,2026-03-19 00:36:00,7.616074,10.723826,4.1,4.12
T04,GL-4396,2026-03-19 00:37:00,7.615598,10.723775,11.6,2.81
T04,GL-4396,2026-03-19 00:38:00,7.61486,10.723701,7.1,3.38
T04,GL-4396,2026-03-19 00:39:00,7.614222,10.723698,11.8,4.81
T04,GL-4396,2026-03-19 00:40:00,7.613728,10.723674,10.8,3.45
T04,GL-4396,2026-03-19 00:41:00,7.613145,10.723668,5.3,3.03
T04,GL-4396,2026-03-19 00:42:00,7.612528,10.723663,7.0,4.18
T04,GL-4396,2026-03-19 00:43:00,7.611719,10.723547,6.1,3.02
T04,GL-4396,2026-03-19 00:44:00,7.611173,10.723477,11.4,3.48
T04,GL-4396,2026-03-19 00:45:00,7.610674,10.723503,10.2,3.57
T04,GL-4396,2026-03-19 00:46:00,7.609975,10.723447,10.4,5.07
T04,GL-4396,2026-03-19 00:47:00,7.609285,10.72348,10.3,4.37
T04,GL-4396,2026-03-19 00:48:00,7.60871,10.723407,7.1,3.87
T04,GL-4396,2026-03-19 00:49:00,7.608194,10.723331,10.6,3.09
T04,GL-4396,2026-03-19 00:50:00,7.607509,10.723396,9.9,4.26
T04,GL-4396,2026-03-19 00:51:00,7.607066,10.723346,6.4,5.12
T04,GL-4396,2026-03-19 00:52:00,7.606377,10.723177,8.9,4.37
T04,GL-4396,2026-03-19 00:53:00,7.605783,10.723351,9.9,3.3
T04,GL-4396,2026-03-19 00:54:00,7.605122,10.723231,4.9,3.41
T04,GL-4396,2026-03-19 00:55:00,7.60444,10.72322,9.6,5.54
T04,GL-4396,2026-03-19 00:56:00,7.603838,10.72315,8.4,4.99
T04,GL-4396,2026-03-19 00:57:00,7.603248,10.723121,10.6,3.66
T04,GL-4396,2026-03-19 00:58:00,7.602596,10.723085,8.2,3.21
T04,GL-4396,2026-03-19 00:59:00,7.602015,10.723104,11.2,2.88
T04,GL-4396,2026-03-19 01:00:00,7.601367,10.723123,10.4,4.13
T04,GL-4396,2026-03-19 01:01:00,7.600865,10.722945,11.7,3.2
T04,GL-4396,2026-03-19 01:02:00,7.600246,10.722952,8.7,3.81
T04,GL-4396,2026-03-19 01:03:00,7.918177,10.722957,4.4,339.54
T04,GL-4396,2026-03-19 01:04:00,7.598915,10.722907,4.9,5.27
T04,GL-4396,2026-03-19 01:05:00,7.598243,10.722862,6.0,3.81
T04,GL-4396,2026-03-19 01:06:00,7.597774,10.723,8.3,4.4
T04,GL-4396,2026-03-19 01:07:00,7.597163,10.722908,9.5,4.82
T04,GL-4396,2026-03-19 01:08:00,7.596496,10.722789,11.2,5.43
T04,GL-4396,2026-03-19 01:09:00,7.595944,10.722921,8.5,4.92
T04,GL-4396,2026-03-19 01:10:00,7.59543,10.722768,7.6,3.03
T04,GL-4396,2026-03-19 01:11:00,7.594677,10.722616,7.9,4.25
T04,GL-4396,2026-03-19 01:12:00,7.593956,10.722595,4.9,4.03
T04,GL-4396,2026-03-19 01:13:00,7.5935,10.722633,11.5,4.79
T04,GL-4396,2026-03-19 01:14:00,7.592921,10.722646,8.1,3.21
T04,GL-4396,2026-03-19 01:15:00,7.592246,10.722665,11.6,4.09
T04,GL-4396,2026-03-19 01:16:00,7.591686,10.722592,4.0,3.7
T04,GL-4396,2026-03-19 01:17:00,7.591109,10.722597,10.6,3.9
T04,GL-4396,2026-03-19 01:18:00,7.590375,10.722524,9.0,3.12
T04,GL-4396,2026-03-19 01:19:00,7.589852,10.722476,7.6,4.78
T04,GL-4396,2026-03-19 01:20:00,7.589263,10.722353,6.7,3.99
T04,GL-4396,2026-03-19 01:21:00,7.588474,10.722491,7.2,3.6
T04,GL-4396,2026-03-19 01:22:00,7.587995,10.722408,9.4,5.04
T04,GL-4396,2026-03-19 01:23:00,7.58749,10.722384,11.3,3.79
T04,GL-4396,2026-03-19 01:24:00,7.586914,10.72224,5.5,4.59
T04,GL-4396,2026-03-19 01:25:00,7.586153,10.722365,4.9,4.8
T04,GL-4396,2026-03-19 01:26:00,7.585594,10.722333,11.2,4.99
T04,GL-4396,2026-03-19 01:27:00,7.584909,10.722351,6.7,4.12
T04,GL-4396,2026-03-19 01:28:00,7.5843,10.722245,6.5,3.08
T04,GL-4396,2026-03-19 01:29:00,7.583667,10.722196,10.6,4.81
T04,GL-4396,2026-03-19 01:30:00,7.58303,10.722096,5.1,5.0
T04,GL-4396,2026-03-19 01:31:00,7.582547,10.722117,5.8,2.93
T04,GL-4396,2026-03-19 01:32:00,7.581902,10.722145,11.2,4.61
T04,GL-4396,2026-03-19 01:33:00,7.581306,10.722018,8.6,4.73
T04,GL-4396,2026-03-19 01:34:00,7.580649,10.722044,9.8,3.13
T04,GL-4396,2026-03-19 01:35:00,7.579946,10.72212,6.4,3.3
T04,GL-4396,2026-03-19 01:36:00,7.57943,10.721903,8.0,5.6
T04,GL-4396,2026-03-19 01:37:00,7.578736,10.721995,8.5,4.78
T04,GL-4396,2026-03-19 01:38:00,7.578159,10.721992,6.2,3.64
T04,GL-4396,2026-03-19 01:39:00,7.577579,10.721954,8.6,4.61
T04,GL-4396,2026-03-19 01:40:00,7.577009,10.721776,8.6,3.05
T04,GL-4396,2026-03-19 01:41:00,7.576366,10.721777,10.2,4.34
T04,GL-4396,2026-03-19 01:42:00,7.57578,10.721815,7.0,5.55
T04,GL-4396,2026-03-19 01:43:00,7.575202,10.721777,8.3,5.06
T04,GL-4396,2026-03-19 01:44:00,7.574558,10.721763,10.0,5.53
T04,GL-4396,2026-03-19 01:45:00,7.57393,10.72177,5.8,4.47
T04,GL-4396,2026-03-19 01:46:00,7.573299,10.721762,9.7,4.0
T04,GL-4396,2026-03-19 01:47:00,7.57265,10.72157,7.3,3.64
T04,GL-4396,2026-03-19 01:48:00,7.572042,10.721792,8.7,5.18
T04,GL-4396,2026-03-19 01:49:00,7.571513,10.721589,5.7,5.58
T04,GL-4396,2026-03-19 01:50:00,7.570834,10.721579,5.2,4.33
T04,GL-4396,2026-03-19 01:51:00,7.570214,10.721536,4.2,4.87
T04,GL-4396,2026-03-19 01:52:00,7.569645,10.721463,11.7,4.25
T04,GL-4396,2026-03-19 01:53:00,7.569063,10.721501,5.3,4.85
T04,GL-4396,2026-03-19 01:54:00,7.568473,10.721462,7.1,3.57
T04,GL-4396,2026-03-19 01:55:00,7.567838,10.721443,6.8,4.19
T04,GL-4396,2026-03-19 01:56:00,7.567227,10.721492,4.5,5.16
T04,GL-4396,2026-03-19 01:57:00,7.566588,10.721555,11.5,4.15
T04,GL-4396,2026-03-19 01:58:00,7.56594,10.72128,5.7,4.49
T04,GL-4396,2026-03-19 01:59:00,7.565326,10.721228,8.5,3.01
T04,GL-4396,2026-03-19 02:00:00,7.564741,10.721241,10.4,5.51
T04,GL-4396,2026-03-19 02:01:00,7.564096,10.721297,6.4,3.2
T04,GL-4396,2026-03-19 02:02:00,7.563571,10.721269,8.1,4.0
T04,GL-4396,2026-03-19 02:03:00,7.562853,10.721206,9.4,4.7
T04,GL-4396,2026-03-19 02:04:00,7.562318,10.721137,6.4,3.41
T04,GL-4396,2026-03-19 02:05:00,7.561795,10.721119,4.8,4.27
T04,GL-4396,2026-03-19 02:06:00,7.561008,10.721135,11.7,4.5
T04,GL-4396,2026-03-19 02:07:00,7.560537,10.721131,11.4,4.09
T04,GL-4396,2026-03-19 02:08:00,7.559905,10.721064,4.9,3.81
T04,GL-4396,2026-03-19 02:09:00,7.559184,10.720993,7.6,3.57
T04,GL-4396,2026-03-19 02:10:00,7.558557,10.721001,8.4,4.08
T04,GL-4396,2026-03-19 02:11:00,7.557977,10.720837,9.4,3.24
T04,GL-4396,2026-03-19 02:12:00,7.557431,10.720895,9.8,4.51
T04,GL-4396,2026-03-19 02:13:00,7.556798,10.720873,8.0,5.27
T04,GL-4396,2026-03-19 02:14:00,7.556249,10.720842,6.7,3.41
T04,GL-4396,2026-03-19 02:15:00,7.555575,10.720785,5.7,3.4
T04,GL-4396,2026-03-19 02:16:00,7.555012,10.720743,8.5,3.41
T04,GL-4396,2026-03-19 02:17:00,7.554297,10.720861,5.1,4.11
T04,GL-4396,2026-03-19 02:18:00,7.553659,10.720781,9.6,3.57
T04,GL-4396,2026-03-19 02:19:00,7.553169,10.720835,11.7,4.53
T04,GL-4396,2026-03-19 02:20:00,7.552571,10.720695,7.0,5.53
T04,GL-4396,2026-03-19 02:21:00,7.551839,10.720677,5.1,5.22
T04,GL-4396,2026-03-19 02:22:00,7.551219,10.720662,6.7,5.18
T04,GL-4396,2026-03-19 02:23:00,7.550678,10.720535,8.2,3.33
T04,GL-4396,2026-03-19 02:24:00,7.550092,10.720516,11.7,4.11
T04,GL-4396,2026-03-19 02:25:00,7.549398,10.720531,11.7,4.73
T04,GL-4396,2026-03-19 02:26:00,7.548814,10.720526,10.2,2.85
T04,GL-4396,2026-03-19 02:27:00,7.548198,10.720457,6.6,3.23
T04,GL-4396,2026-03-19 02:28:00,7.547548,10.720486,6.7,4.55
T04,GL-4396,2026-03-19 02:29:00,7.547094,10.720479,7.7,4.43
T04,GL-4396,2026-03-19 02:30:00,7.546483,10.720333,7.8,3.48
T04,GL-4396,2026-03-19 02:31:00,7.545773,10.720348,6.4,5.08
T04,GL-4396,2026-03-19 02:32:00,7.54519,10.720319,8.2,4.83
T04,GL-4396,2026-03-19 02:33:00,7.544639,10.720314,7.1,4.63
T04,GL-4396,2026-03-19 02:34:00,7.543941,10.720253,5.5,4.92
T04,GL-4396,2026-03-19 02:35:00,7.543341,10.720246,,4.7
T04,GL-4396,2026-03-19 02:36:00,7.542664,10.720293,11.6,3.15
T04,GL-4396,2026-03-19 02:37:00,7.542139,10.720124,11.0,5.19
T04,GL-4396,2026-03-19 02:38:00,7.541547,10.720053,6.2,5.13
T04,GL-4396,2026-03-19 02:39:00,7.540839,10.720164,5.5,2.92
T04,GL-4396,2026-03-19 02:40:00,7.540363,10.719952,9.8,4.55
T04,GL-4396,2026-03-19 02:41:00,7.539615,10.720076,5.0,4.37
T04,GL-4396,2026-03-19 02:42:00,7.539,10.720131,9.7,4.08
T04,GL-4396,2026-03-19 02:43:00,7.538465,10.720052,11.1,5.55
T04,GL-4396,2026-03-19 02:44:00,7.537881,10.719992,,5.29
T04,GL-4396,2026-03-19 02:45:00,7.537112,10.719904,11.7,3.81
T04,GL-4396,2026-03-19 02:46:00,7.536562,10.719841,7.4,3.7
T04,GL-4396,2026-03-19 02:47:00,7.536153,10.719836,7.4,4.51
T04,GL-4396,2026-03-19 02:48:00,7.535425,10.719914,9.6,2.91
T04,GL-4396,2026-03-19 02:49:00,7.534807,10.719821,7.9,4.38
T04,GL-4396,2026-03-19 02:50:00,7.53423,10.71973,8.0,4.18
T04,GL-4396,2026-03-19 02:51:00,7.533583,10.719777,5.0,4.66
T04,GL-4396,2026-03-19 02:52:00,7.532975,10.719756,4.7,2.88
T04,GL-4396,2026-03-19 02:53:00,7.532406,10.719655,4.0,2.84
T04,GL-4396,2026-03-19 02:54:00,7.531754,10.719735,4.0,2.85
T04,GL-4396,2026-03-19 02:55:00,7.531121,10.71964,8.4,3.13
T04,GL-4396,2026-03-19 02:56:00,7.530529,10.719564,10.6,4.89
T04,GL-4396,2026-03-19 02:57:00,7.529904,10.719592,9.6,4.87
T04,GL-4396,2026-03-19 02:58:00,7.529394,10.719569,6.0,5.52
T04,GL-4396,2026-03-19 02:59:00,7.528745,10.719397,8.0,5.47
T04,GL-4396,2026-03-19 03:00:00,7.527934,10.719601,7.4,4.03
T04,GL-4396,2026-03-19 03:01:00,7.527372,10.719433,9.2,3.09
T04,GL-4396,2026-03-19 03:02:00,7.526883,10.719507,8.9,3.31
T04,GL-4396,2026-03-19 03:03:00,7.526201,10.719478,4.5,3.98
T04,GL-4396,2026-03-19 03:04:00,7.525581,10.719249,6.4,3.33
T04,GL-4396,2026-03-19 03:05:00,7.525059,10.719322,5.6,4.06
T04,GL-4396,2026-03-19 03:06:00,7.524438,10.719332,7.0,5.0
T04,GL-4396,2026-03-19 03:07:00,7.523746,10.719181,5.8,4.75
T04,GL-4396,2026-03-19 03:08:00,7.523182,10.719328,7.4,5.28
T04,GL-4396,2026-03-19 03:09:00,7.522621,10.719209,6.0,5.06
T04,GL-4396,2026-03-19 03:10:00,7.522015,10.719108,7.0,2.95
T04,GL-4396,2026-03-19 03:11:00,7.521292,10.719043,11.1,3.85
T04,GL-4396,2026-03-19 03:12:00,7.520718,10.719218,,3.18
T04,GL-4396,2026-03-19 03:13:00,7.520109,10.719195,11.5,4.58
T04,GL-4396,2026-03-19 03:14:00,7.519561,10.719107,10.8,5.49
T04,GL-4396,2026-03-19 03:15:00,7.518808,10.719152,5.2,3.86
T04,GL-4396,2026-03-19 03:16:00,7.518321,10.719055,8.0,3.76
T04,GL-4396,2026-03-19 03:17:00,7.517753,10.718984,6.9,4.73
T04,GL-4396,2026-03-19 03:18:00,7.517037,10.718873,,4.4
T04,GL-4396,2026-03-19 03:19:00,7.516493,10.718915,7.3,4.35
T04,GL-4396,2026-03-19 03:20:00,7.515857,10.718941,4.0,5.1
T04,GL-4396,2026-03-19 03:21:00,7.515203,10.718909,9.4,4.63
T04,GL-4396,2026-03-19 03:22:00,7.514611,10.718757,11.9,3.46
T04,GL-4396,2026-03-19 03:23:00,7.51391,10.718824,5.6,4.05
T04,GL-4396,2026-03-19 03:24:00,7.513444,10.718659,4.5,4.03
T04,GL-4396,2026-03-19 03:25:00,7.512798,10.718748,5.0,5.2
T04,GL-4396,2026-03-19 03:26:00,7.512191,10.718745,8.5,3.84
T04,GL-4396,2026-03-19 03:27:00,7.511658,10.718783,7.8,2.86
T04,GL-4396,2026-03-19 03:28:00,7.510849,10.718682,9.0,4.19
T04,GL-4396,2026-03-19 03:29:00,7.510396,10.718674,5.3,5.58
T04,GL-4396,2026-03-19 03:30:00,7.509736,10.718747,6.7,3.31
T04,GL-4396,2026-03-19 03:31:00,7.509094,10.718633,8.6,4.11
T04,GL-4396,2026-03-19 03:32:00,7.50856,10.718577,10.6,5.13
T04,GL-4396,2026-03-19 03:33:00,7.507864,10.718527,6.0,2.92
T04,GL-4396,2026-03-19 03:34:00,7.507233,10.718517,7.4,3.63
T04,GL-4396,2026-03-19 03:35:00,7.506701,10.718423,11.1,3.43
T04,GL-4396,2026-03-19 03:36:00,7.505998,10.718398,5.9,4.76
T04,GL-4396,2026-03-19 03:37:00,7.505517,10.718432,8.5,5.01
T04,GL-4396,2026-03-19 03:38:00,7.504961,10.718347,8.9,4.45
T04,GL-4396,2026-03-19 03:39:00,7.50432,10.718285,10.4,3.24
T04,GL-4396,2026-03-19 03:40:00,7.503562,10.718233,5.3,5.21
T04,GL-4396,2026-03-19 03:41:00,7.502953,10.718304,8.8,3.99
T04,GL-4396,2026-03-19 03:42:00,7.502399,10.718254,9.9,4.66
T04,GL-4396,2026-03-19 03:43:00,7.501779,10.71824,11.2,5.55
T04,GL-4396,2026-03-19 03:44:00,7.501055,10.71828,5.4,4.91
T04,GL-4396,2026-03-19 03:45:00,7.500558,10.718195,6.2,3.58
T04,GL-4396,2026-03-19 03:46:00,7.499987,10.71815,8.9,3.88
T04,GL-4396,2026-03-19 03:47:00,7.499398,10.71808,6.3,3.37
T04,GL-4396,2026-03-19 03:48:00,7.498782,10.718113,11.1,2.94
T04,GL-4396,2026-03-19 03:49:00,7.498156,10.718085,5.6,3.75
T04,GL-4396,2026-03-19 03:50:00,7.49755,10.718069,7.6,5.33
T04,GL-4396,2026-03-19 03:51:00,7.496973,10.717969,9.0,3.5
T04,GL-4396,2026-03-19 03:52:00,7.496349,10.717898,10.2,5.06
T04,GL-4396,2026-03-19 03:53:00,7.495722,10.717933,11.0,3.82
T04,GL-4396,2026-03-19 03:54:00,7.494982,10.717939,7.4,4.19
T04,GL-4396,2026-03-19 03:55:00,7.494486,10.717832,11.4,4.57
T04,GL-4396,2026-03-19 03:56:00,7.493845,10.717712,8.5,5.46
T04,GL-4396,2026-03-19 03:57:00,7.493252,10.71781,10.4,4.59
T04,GL-4396,2026-03-19 03:58:00,7.492588,10.717752,5.0,5.44
T04,GL-4396,2026-03-19 03:59:00,7.492038,10.717805,9.3,5.09
T04,GL-4396,2026-03-19 04:00:00,7.491397,10.717794,4.8,5.06
T04,GL-4396,2026-03-19 04:01:00,7.490848,10.717682,10.3,4.87
T04,GL-4396,2026-03-19 04:02:00,7.49019,10.717671,10.0,4.7
T04,GL-4396,2026-03-19 04:03:00,7.489615,10.717612,5.4,4.24
T04,GL-4396,2026-03-19 04:04:00,7.488878,10.717591,4.5,3.63
T04,GL-4396,2026-03-19 04:05:00,7.488451,10.717483,4.7,4.06
T04,GL-4396,2026-03-19 04:06:00,7.487746,10.717508,9.9,3.05
T04,GL-4396,2026-03-19 04:07:00,7.487084,10.717517,4.7,3.9
T04,GL-4396,2026-03-19 04:08:00,7.486535,10.717473,11.6,3.72
T04,GL-4396,2026-03-19 04:09:00,7.485914,10.717503,11.4,4.25
T04,GL-4396,2026-03-19 04:10:00,7.485297,10.717489,11.7,5.36
T04,GL-4396,2026-03-19 04:11:00,7.484752,10.717338,9.0,3.52
T04,GL-4396,2026-03-19 04:12:00,7.484074,10.71734,9.0,2.99
T04,GL-4396,2026-03-19 04:13:00,7.483374,10.717332,7.2,5.01
T04,GL-4396,2026-03-19 04:14:00,7.482845,10.717162,8.8,5.2
T04,GL-4396,2026-03-19 04:15:00,7.482287,10.717294,8.7,3.78
T04,GL-4396,2026-03-19 04:16:00,7.481637,10.717246,8.9,4.97
T04,GL-4396,2026-03-19 04:17:00,7.480923,10.717164,9.9,3.16
T04,GL-4396,2026-03-19 04:18:00,7.480389,10.717212,8.0,5.13
T04,GL-4396,2026-03-19 04:19:00,7.47965,10.717058,10.5,3.28
T04,GL-4396,2026-03-19 04:20:00,7.479121,10.717207,11.1,4.51
T04,GL-4396,2026-03-19 04:21:00,7.478528,10.71716,4.7,3.87
T04,GL-4396,2026-03-19 04:22:00,7.477956,10.717101,5.3,5.11
T04,GL-4396,2026-03-19 04:23:00,7.477338,10.716945,7.6,4.86
T04,GL-4396,2026-03-19 04:24:00,7.476741,10.717051,7.2,3.61
T04,GL-4396,2026-03-19 04:25:00,7.475986,10.716943,5.9,5.08
T04,GL-4396,2026-03-19 04:26:00,7.475584,10.71684,4.6,4.73
T04,GL-4396,2026-03-19 04:27:00,7.474873,10.716905,11.3,3.91
T04,GL-4396,2026-03-19 04:28:00,7.47429,10.716894,7.9,5.59
T04,GL-4396,2026-03-19 04:29:00,7.473602,10.716901,11.8,3.23
T04,GL-4396,2026-03-19 04:30:00,7.473033,10.71681,7.4,3.07
T04,GL-4396,2026-03-19 04:31:00,7.472469,10.716862,8.2,5.45
T04,GL-4396,2026-03-19 04:32:00,7.471834,10.716912,8.8,3.44
T04,GL-4396,2026-03-19 04:33:00,7.471133,10.71682,6.8,5.34
T04,GL-4396,2026-03-19 04:34:00,7.470689,10.716756,9.5,4.16
T04,GL-4396,2026-03-19 04:35:00,7.470091,10.716666,5.0,4.67
T04,GL-4396,2026-03-19 04:36:00,7.469437,10.716691,9.1,4.38
T04,GL-4396,2026-03-19 04:37:00,7.468687,10.716632,5.5,4.55
T04,GL-4396,2026-03-19 04:38:00,7.468234,10.716631,11.4,4.88
T04,GL-4396,2026-03-19 04:39:00,7.467579,10.71653,9.9,3.0
T04,GL-4396,2026-03-19 04:40:00,7.466929,10.716549,4.7,3.68
T04,GL-4396,2026-03-19 04:41:00,7.466399,10.716541,9.7,3.26
T04,GL-4396,2026-03-19 04:42:00,7.465636,10.716589,7.0,5.3
T04,GL-4396,2026-03-19 04:43:00,7.465103,10.71648,8.4,4.91
T04,GL-4396,2026-03-19 04:44:00,7.464487,10.716408,8.7,3.69
T04,GL-4396,2026-03-19 04:45:00,7.463884,10.716414,10.8,3.23
T04,GL-4396,2026-03-19 04:46:00,7.46326,10.716287,10.8,4.31
T04,GL-4396,2026-03-19 04:47:00,7.462637,10.716274,5.5,3.86
T04,GL-4396,2026-03-19 04:48:00,7.461921,10.716399,5.1,4.63
T04,GL-4396,2026-03-19 04:49:00,7.461403,10.71618,4.4,4.27
T04,GL-4396,2026-03-19 04:50:00,7.460714,10.716132,5.3,3.93
T04,GL-4396,2026-03-19 04:51:00,7.46022,10.716131,4.1,4.54
T04,GL-4396,2026-03-19 04:52:00,7.459686,10.716226,6.2,5.31
T04,GL-4396,2026-03-19 04:53:00,7.459065,10.716165,9.8,2.8
T04,GL-4396,2026-03-19 04:54:00,7.458405,10.716158,7.3,3.37
T04,GL-4396,2026-03-19 04:55:00,7.45777,10.715926,9.2,5.15
T04,GL-4396,2026-03-19 04:56:00,7.45722,10.716141,7.3,3.66
T04,GL-4396,2026-03-19 04:57:00,7.456448,10.715966,8.9,3.62
T04,GL-4396,2026-03-19 04:58:00,7.455919,10.715969,9.3,3.42
T04,GL-4396,2026-03-19 04:59:00,7.455381,10.715985,11.2,3.98
T04,GL-4396,2026-03-19 05:00:00,7.45469,10.715841,10.0,3.08
T04,GL-4396,2026-03-19 05:01:00,7.454072,10.715911,5.0,3.07
T04,GL-4396,2026-03-19 05:02:00,7.453483,10.715924,9.3,3.76
T04,GL-4396,2026-03-19 05:03:00,7.452922,10.715872,5.9,3.96
T04,GL-4396,2026-03-19 05:04:00,7.452322,10.715823,5.9,3.32
T04,GL-4396,2026-03-19 05:05:00,7.451624,10.715754,7.4,3.07
T04,GL-4396,2026-03-19 05:06:00,7.451197,10.715787,5.0,5.02
T04,GL-4396,2026-03-19 05:07:00,7.450424,10.715725,8.0,5.31
T04,GL-4396,2026-03-19 05:08:00,7.449918,10.715777,9.8,4.52
T04,GL-4396,2026-03-19 05:09:00,7.449163,10.715853,9.2,4.27
T04,GL-4396,2026-03-19 05:10:00,7.448627,10.71558,8.1,5.14
T04,GL-4396,2026-03-19 05:11:00,7.448106,10.715592,7.5,5.56
T04,GL-4396,2026-03-19 05:12:00,7.447474,10.715648,8.3,4.97
T04,GL-4396,2026-03-19 05:13:00,7.446692,10.715519,6.6,4.92
T04,GL-4396,2026-03-19 05:14:00,7.446298,10.715591,4.7,3.12
T04,GL-4396,2026-03-19 05:15:00,7.445574,10.715508,8.2,5.21
T04,GL-4396,2026-03-19 05:16:00,7.444962,10.715443,11.7,2.84
T04,GL-4396,2026-03-19 05:17:00,7.444401,10.715303,8.8,3.56
T04,GL-4396,2026-03-19 05:18:00,7.443716,10.715473,4.5,4.07
T04,GL-4396,2026-03-19 05:19:00,7.443199,10.715337,6.4,5.17
T04,GL-4396,2026-03-19 05:20:00,7.442608,10.715339,8.8,4.3
T04,GL-4396,2026-03-19 05:21:00,7.441838,10.715232,10.7,4.11
T04,GL-4396,2026-03-19 05:22:00,7.441372,10.715285,7.9,3.13
T04,GL-4396,2026-03-19 05:23:00,7.440675,10.715284,7.4,3.28
T04,GL-4396,2026-03-19 05:24:00,7.440108,10.715262,5.3,5.45
T04,GL-4396,2026-03-19 05:25:00,7.439379,10.715167,9.2,3.74
T04,GL-4396,2026-03-19 05:26:00,7.438751,10.715154,10.3,3.57
T04,GL-4396,2026-03-19 05:27:00,7.438276,10.715141,6.4,4.06
T04,GL-4396,2026-03-19 05:28:00,7.437617,10.715137,5.2,5.19
T04,GL-4396,2026-03-19 05:29:00,7.43704,10.715152,6.4,4.44
T04,GL-4396,2026-03-19 05:30:00,7.436314,10.715164,5.8,3.82
T04,GL-4396,2026-03-19 05:31:00,7.435745,10.715084,5.3,4.28
T04,GL-4396,2026-03-19 05:32:00,7.435207,10.714963,8.0,3.36
T04,GL-4396,2026-03-19 05:33:00,7.434485,10.714916,8.3,5.26
T04,GL-4396,2026-03-19 05:34:00,7.433868,10.714944,8.2,4.59
T04,GL-4396,2026-03-19 05:35:00,7.433337,10.714967,5.8,4.43
T04,GL-4396,2026-03-19 05:36:00,7.432747,10.714964,7.2,5.42
T04,GL-4396,2026-03-19 05:37:00,7.432037,10.714799,11.5,3.35
T04,GL-4396,2026-03-19 05:38:00,7.431462,10.714715,5.5,3.3
T04,GL-4396,2026-03-19 05:39:00,7.430937,10.714783,8.7,5.16
T04,GL-4396,2026-03-19 05:40:00,7.4303,10.714745,7.0,4.65
T04,GL-4396,2026-03-19 05:41:00,7.429611,10.714822,9.5,5.43
T04,GL-4396,2026-03-19 05:42:00,7.428979,10.714715,6.5,3.49
T04,GL-4396,2026-03-19 05:43:00,7.428536,10.71464,11.2,3.49
T04,GL-4396,2026-03-19 05:44:00,7.427944,10.714625,9.8,4.04
T04,GL-4396,2026-03-19 05:45:00,7.427168,10.714586,11.5,4.26
T04,GL-4396,2026-03-19 05:46:00,7.426609,10.714529,9.0,4.35
T04,GL-4396,2026-03-19 05:47:00,7.425984,10.714455,6.3,3.9
T04,GL-4396,2026-03-19 05:48:00,7.425334,10.714479,7.8,4.37
T04,GL-4396,2026-03-19 05:49:00,7.424788,10.714541,4.3,4.67
T04,GL-4396,2026-03-19 05:50:00,7.424029,10.7145,8.8,5.28
T04,GL-4396,2026-03-19 05:51:00,7.423523,10.714441,10.8,4.86
T04,GL-4396,2026-03-19 05:52:00,7.422935,10.714427,8.5,4.02
T04,GL-4396,2026-03-19 05:53:00,7.422304,10.714282,9.6,4.55
T04,GL-4396,2026-03-19 05:54:00,7.421688,10.714293,8.6,3.2
T04,GL-4396,2026-03-19 05:55:00,7.420968,10.714354,5.2,5.37
T04,GL-4396,2026-03-19 05:56:00,7.420437,10.714282,11.8,4.39
T04,GL-4396,2026-03-19 05:57:00,7.419944,10.714222,7.1,3.02
T04,GL-4396,2026-03-19 05:58:00,7.419235,10.714233,10.3,4.34
T04,GL-4396,2026-03-19 05:59:00,7.418674,10.714111,6.0,3.18
T04,GL-4396,2026-03-19 06:00:00,7.418004,10.714143,7.1,3.71
T04,GL-4396,2026-03-19 06:01:00,7.41755,10.714238,11.0,5.53
T04,GL-4396,2026-03-19 06:02:00,7.416885,10.714076,11.1,4.07
T04,GL-4396,2026-03-19 06:03:00,7.416275,10.714203,7.1,3.24
T04,GL-4396,2026-03-19 06:04:00,7.415632,10.713984,12.0,3.95
T04,GL-4396,2026-03-19 06:05:00,7.414838,10.713964,9.8,5.56
T04,GL-4396,2026-03-19 06:06:00,7.414504,10.713915,9.6,3.16
T04,GL-4396,2026-03-19 06:07:00,7.413829,10.713997,10.5,4.99
T04,GL-4396,2026-03-19 06:08:00,7.413124,10.713964,6.9,3.08
T04,GL-4396,2026-03-19 06:09:00,7.41263,10.713942,11.5,3.35
T04,GL-4396,2026-03-19 06:10:00,7.411946,10.713908,10.4,3.62
T04,GL-4396,2026-03-19 06:11:00,7.411269,10.713925,11.7,4.95
T04,GL-4396,2026-03-19 06:12:00,7.410798,10.713837,8.7,5.56
T04,GL-4396,2026-03-19 06:13:00,7.410061,10.71386,5.8,3.13
T04,GL-4396,2026-03-19 06:14:00,7.409421,10.713698,4.2,3.99
T04,GL-4396,2026-03-19 06:15:00,7.408969,10.713711,4.6,3.16
T04,GL-4396,2026-03-19 06:16:00,7.40824,10.713676,10.3,3.24
T04,GL-4396,2026-03-19 06:17:00,7.407674,10.713746,6.6,4.62
T04,GL-4396,2026-03-19 06:18:00,7.407133,10.713554,5.2,4.6
T04,GL-4396,2026-03-19 06:19:00,7.40633,10.713561,6.1,4.4
T04,GL-4396,2026-03-19 06:20:00,7.405842,10.71355,11.4,5.24
T04,GL-4396,2026-03-19 06:21:00,7.405235,10.713531,4.1,5.34
T04,GL-4396,2026-03-19 06:22:00,7.404518,10.713581,4.6,3.45
T04,GL-4396,2026-03-19 06:23:00,7.404,10.713399,9.2,4.65
T04,GL-4396,2026-03-19 06:24:00,7.403296,10.713432,11.1,4.63
T04,GL-4396,2026-03-19 06:25:00,7.402713,10.713479,6.3,3.74
T04,GL-4396,2026-03-19 06:26:00,7.402114,10.71346,6.9,3.14
T04,GL-4396,2026-03-19 06:27:00,7.537699,10.713361,,434.95
T04,GL-4396,2026-03-19 06:28:00,7.400915,10.71332,5.4,5.4
T04,GL-4396,2026-03-19 06:29:00,7.400252,10.713231,6.9,4.52
T04,GL-4396,2026-03-19 06:30:00,7.399777,10.713198,10.1,4.68
T04,GL-4396,2026-03-19 06:31:00,7.399007,10.71326,5.9,3.32
T04,GL-4396,2026-03-19 06:32:00,7.398565,10.713217,5.1,5.05
T04,GL-4396,2026-03-19 06:33:00,7.397897,10.713179,10.7,3.76
T04,GL-4396,2026-03-19 06:34:00,7.397243,10.71315,9.7,4.16
T04,GL-4396,2026-03-19 06:35:00,7.396657,10.713141,10.1,2.99
T04,GL-4396,2026-03-19 06:36:00,7.396135,10.713121,11.7,5.35
T04,GL-4396,2026-03-19 06:37:00,7.395436,10.713113,10.4,5.3
T04,GL-4396,2026-03-19 06:38:00,7.394804,10.713056,7.7,4.13
T04,GL-4396,2026-03-19 06:39:00,7.394178,10.713056,7.3,3.86
T04,GL-4396,2026-03-19 06:40:00,7.393652,10.713055,9.5,3.97
T04,GL-4396,2026-03-19 06:41:00,7.393068,10.712974,10.1,2.95
T04,GL-4396,2026-03-19 06:42:00,7.392374,10.712794,6.1,4.03
T04,GL-4396,2026-03-19 06:43:00,7.391771,10.712832,9.9,3.4
T04,GL-4396,2026-03-19 06:44:00,7.391072,10.71282,5.1,3.31
T04,GL-4396,2026-03-19 06:45:00,7.390497,10.712807,8.2,3.14
T04,GL-4396,2026-03-19 06:46:00,7.389974,10.712828,5.7,5.04
T04,GL-4396,2026-03-19 06:47:00,7.389282,10.71274,9.8,3.43
T04,GL-4396,2026-03-19 06:48:00,7.388666,10.7128,8.8,3.77
T04,GL-4396,2026-03-19 06:49:00,7.388081,10.712628,8.5,4.41
T04,GL-4396,2026-03-19 06:50:00,7.387545,10.712687,7.7,4.87
T04,GL-4396,2026-03-19 06:51:00,7.386899,10.712655,7.3,2.92
T04,GL-4396,2026-03-19 06:52:00,7.3864,10.712657,6.2,4.46
T04,GL-4396,2026-03-19 06:53:00,7.385685,10.712591,7.4,4.06
T04,GL-4396,2026-03-19 06:54:00,7.38503,10.712638,9.3,4.95
T04,GL-4396,2026-03-19 06:55:00,7.384463,10.712523,9.7,4.63
T04,GL-4396,2026-03-19 06:56:00,7.383865,10.712485,7.6,3.72
T04,GL-4396,2026-03-19 06:57:00,7.383117,10.712429,7.3,4.37
T04,GL-4396,2026-03-19 06:58:00,7.382667,10.712483,6.6,3.88
T04,GL-4396,2026-03-19 06:59:00,7.381964,10.712373,5.0,4.47
T04,GL-4396,2026-03-19 07:00:00,7.381269,10.712394,8.5,4.34
T04,GL-4396,2026-03-19 07:01:00,7.380781,10.712334,6.1,2.93
T04,GL-4396,2026-03-19 07:02:00,7.380111,10.712324,6.9,5.54
T04,GL-4396,2026-03-19 07:03:00,7.379539,10.712293,6.3,3.9
T04,GL-4396,2026-03-19 07:04:00,7.378867,10.712328,9.2,3.83
T04,GL-4396,2026-03-19 07:05:00,7.378274,10.712407,10.2,4.09
T04,GL-4396,2026-03-19 07:06:00,7.377705,10.712261,8.3,4.34
T04,GL-4396,2026-03-19 07:07:00,7.377051,10.712151,5.4,2.98
T04,GL-4396,2026-03-19 07:08:00,7.376451,10.712239,10.3,5.42
T04,GL-4396,2026-03-19 07:09:00,7.375955,10.71216,9.2,4.25
T04,GL-4396,2026-03-19 07:10:00,7.375211,10.712064,7.4,4.22
T04,GL-4396,2026-03-19 07:11:00,7.374721,10.712106,5.6,3.42
T04,GL-4396,2026-03-19 07:12:00,7.374042,10.712023,11.5,4.28
T04,GL-4396,2026-03-19 07:13:00,7.373485,10.711873,9.6,4.57
T04,GL-4396,2026-03-19 07:14:00,7.372769,10.711934,8.1,3.41
T04,GL-4396,2026-03-19 07:15:00,7.372203,10.711875,6.8,5.02
T04,GL-4396,2026-03-19 07:16:00,7.371701,10.711963,8.0,3.38
T04,GL-4396,2026-03-19 07:17:00,7.370958,10.711793,5.4,3.16
T04,GL-4396,2026-03-19 07:18:00,7.370414,10.71177,6.9,4.2
T04,GL-4396,2026-03-19 07:19:00,7.369747,10.711701,4.7,4.16
T04,GL-4396,2026-03-19 07:20:00,7.369216,10.71175,11.1,4.12
T04,GL-4396,2026-03-19 07:21:00,7.368501,10.71177,11.0,5.46
T04,GL-4396,2026-03-19 07:22:00,7.367933,10.711725,6.8,3.11
T04,GL-4396,2026-03-19 07:23:00,7.367313,10.711672,4.8,5.48
T04,GL-4396,2026-03-19 07:24:00,7.366648,10.71156,9.6,4.77
T04,GL-4396,2026-03-19 07:25:00,7.366054,10.711655,8.8,2.83
T04,GL-4396,2026-03-19 07:26:00,7.365466,10.711461,9.5,4.22
T04,GL-4396,2026-03-19 07:27:00,7.364827,10.711481,9.1,3.58
T04,GL-4396,2026-03-19 07:28:00,7.364183,10.711442,9.3,4.99
T04,GL-4396,2026-03-19 07:29:00,7.363678,10.711451,8.5,4.22
T04,GL-4396,2026-03-19 07:30:00,7.362974,10.711538,5.6,4.67
T04,GL-4396,2026-03-19 07:31:00,7.362496,10.711494,8.8,5.17
T04,GL-4396,2026-03-19 07:32:00,7.361808,10.711391,9.4,3.89
T04,GL-4396,2026-03-19 07:33:00,7.361176,10.711409,5.8,4.06
T04,GL-4396,2026-03-19 07:34:00,7.360497,10.711262,5.7,4.84
T04,GL-4396,2026-03-19 07:35:00,7.359995,10.711329,8.1,5.47
T04,GL-4396,2026-03-19 07:36:00,7.359294,10.711309,7.8,5.2
T04,GL-4396,2026-03-19 07:37:00,7.358725,10.711277,5.5,5.31
T04,GL-4396,2026-03-19 07:38:00,7.358062,10.711195,9.0,3.08
T04,GL-4396,2026-03-19 07:39:00,7.357566,10.711225,8.8,4.51
T04,GL-4396,2026-03-19 07:40:00,7.356944,10.711095,9.6,5.4
T04,GL-4396,2026-03-19 07:41:00,7.356319,10.71121,5.6,5.32
T04,GL-4396,2026-03-19 07:42:00,7.355697,10.711018,6.6,4.47
T04,GL-4396,2026-03-19 07:43:00,7.355056,10.711151,10.3,3.18
T04,GL-4396,2026-03-19 07:44:00,7.354501,10.711081,11.1,5.2
T04,GL-4396,2026-03-19 07:45:00,7.353735,10.710994,,5.27
T04,GL-4396,2026-03-19 07:46:00,7.353207,10.71089,8.6,3.18
T04,GL-4396,2026-03-19 07:47:00,7.352659,10.710875,8.9,5.06
T04,GL-4396,2026-03-19 07:48:00,7.351993,10.71108,5.7,3.67
T04,GL-4396,2026-03-19 07:49:00,7.351399,10.710959,5.3,3.38
T04,GL-4396,2026-03-19 07:50:00,7.350758,10.710851,7.5,5.17
T04,GL-4396,2026-03-19 07:51:00,7.350264,10.71088,11.5,3.05
T04,GL-4396,2026-03-19 07:52:00,7.349525,10.710687,7.0,3.51
T04,GL-4396,2026-03-19 07:53:00,7.348875,10.710815,6.9,3.02
T04,GL-4396,2026-03-19 07:54:00,7.348344,10.710772,10.0,3.21
T04,GL-4396,2026-03-19 07:55:00,7.347573,10.710793,10.4,5.45
T04,GL-4396,2026-03-19 07:56:00,7.347189,10.710699,10.9,4.23
T04,GL-4396,2026-03-19 07:57:00,7.346495,10.710683,8.5,4.39
T04,GL-4396,2026-03-19 07:58:00,7.345912,10.710572,5.8,5.21
T04,GL-4396,2026-03-19 07:59:00,7.345253,10.710656,6.7,3.14
T04,GL-4396,2026-03-19 08:00:00,7.344686,10.710458,11.9,3.28
T04,GL-4396,2026-03-19 08:01:00,7.344081,10.710557,4.9,5.16
T04,GL-4396,2026-03-19 08:02:00,7.343471,10.710389,4.3,5.08
T04,GL-4396,2026-03-19 08:03:00,7.342872,10.710499,,3.13
T04,GL-4396,2026-03-19 08:04:00,7.342226,10.71044,7.1,5.35
T04,GL-4396,2026-03-19 08:05:00,7.341628,10.710528,5.0,4.8
T04,GL-4396,2026-03-19 08:06:00,7.341031,10.710444,7.6,3.62
T04,GL-4396,2026-03-19 08:07:00,7.340374,10.710285,10.8,4.28
T04,GL-4396,2026-03-19 08:08:00,7.339904,10.710289,5.2,5.46
T04,GL-4396,2026-03-19 08:09:00,7.339289,10.710309,4.9,4.46
T04,GL-4396,2026-03-19 08:10:00,7.338617,10.710219,11.3,4.62
T04,GL-4396,2026-03-19 08:11:00,7.33794,10.71027,8.0,5.27
T04,GL-4396,2026-03-19 08:12:00,7.337336,10.710292,10.4,2.85
T04,GL-4396,2026-03-19 08:13:00,7.336755,10.710296,10.4,3.57
T04,GL-4396,2026-03-19 08:14:00,7.336092,10.710192,4.5,4.44
T04,GL-4396,2026-03-19 08:15:00,7.335425,10.710154,4.5,3.64
T04,GL-4396,2026-03-19 08:16:00,7.334938,10.710032,11.6,3.79
T04,GL-4396,2026-03-19 08:17:00,7.334285,10.710177,9.3,4.19
T04,GL-4396,2026-03-19 08:18:00,7.333722,10.710153,6.6,3.56
T04,GL-4396,2026-03-19 08:19:00,7.333069,10.710005,5.1,3.27
T04,GL-4396,2026-03-19 08:20:00,7.332626,10.709852,11.5,5.33
T04,GL-4396,2026-03-19 08:21:00,7.331746,10.709918,9.9,3.31
T04,GL-4396,2026-03-19 08:22:00,7.331246,10.709987,4.6,3.27
T04,GL-4396,2026-03-19 08:23:00,7.330614,10.710029,10.5,4.25
T04,GL-4396,2026-03-19 08:24:00,7.330079,10.70994,4.7,4.01
T04,GL-4396,2026-03-19 08:25:00,7.32941,10.709885,7.7,3.04
T04,GL-4396,2026-03-19 08:26:00,7.328794,10.709969,9.0,3.8
T04,GL-4396,2026-03-19 08:27:00,7.32816,10.709832,6.3,5.49
T04,GL-4396,2026-03-19 08:28:00,7.327576,10.709701,11.3,3.66
T04,GL-4396,2026-03-19 08:29:00,7.326824,10.709774,7.7,3.3
T04,GL-4396,2026-03-19 08:30:00,7.326315,10.709658,4.8,4.5
T04,GL-4396,2026-03-19 08:31:00,7.325773,10.709704,8.1,2.96
T04,GL-4396,2026-03-19 08:32:00,7.325119,10.709626,10.8,5.35
T04,GL-4396,2026-03-19 08:33:00,7.32448,10.709581,9.6,4.92
T04,GL-4396,2026-03-19 08:34:00,7.32385,10.709553,6.2,3.18
T04,GL-4396,2026-03-19 08:35:00,7.323267,10.709477,8.9,5.19
T04,GL-4396,2026-03-19 08:36:00,7.322716,10.709569,6.1,4.83
T04,GL-4396,2026-03-19 08:37:00,7.322085,10.709491,8.8,3.83
T04,GL-4396,2026-03-19 08:38:00,7.321566,10.709422,5.4,2.9
T04,GL-4396,2026-03-19 08:39:00,7.320916,10.709435,11.5,3.09
T04,GL-4396,2026-03-19 08:40:00,7.320229,10.709416,9.6,4.08
T04,GL-4396,2026-03-19 08:41:00,7.31961,10.709385,6.0,3.38
T04,GL-4396,2026-03-19 08:42:00,7.319001,10.709336,6.3,4.81
T04,GL-4396,2026-03-19 08:43:00,7.318431,10.709282,10.7,2.98
T04,GL-4396,2026-03-19 08:44:00,7.317683,10.709159,7.0,3.91
T04,GL-4396,2026-03-19 08:45:00,7.317276,10.709248,4.5,3.17
T04,GL-4396,2026-03-19 08:46:00,7.316561,10.709209,8.8,4.29
T04,GL-4396,2026-03-19 08:47:00,7.315954,10.709243,9.5,2.92
T04,GL-4396,2026-03-19 08:48:00,7.315303,10.70914,4.7,4.97
T04,GL-4396,2026-03-19 08:49:00,7.314749,10.709077,4.6,3.77
T04,GL-4396,2026-03-19 08:50:00,7.314066,10.70913,11.9,4.85
T04,GL-4396,2026-03-19 08:51:00,7.313505,10.709045,12.0,4.6
T04,GL-4396,2026-03-19 08:52:00,7.312941,10.709093,8.4,5.29
T04,GL-4396,2026-03-19 08:53:00,7.312283,10.709003,11.7,3.87
T04,GL-4396,2026-03-19 08:54:00,7.311605,10.709073,11.2,5.07
T04,GL-4396,2026-03-19 08:55:00,7.311106,10.708977,9.1,4.47
T04,GL-4396,2026-03-19 08:56:00,7.310417,10.708998,10.1,3.92
T04,GL-4396,2026-03-19 08:57:00,7.309753,10.70888,5.4,4.75
T04,GL-4396,2026-03-19 08:58:00,7.309209,10.708841,11.0,4.5
T04,GL-4396,2026-03-19 08:59:00,7.308602,10.708787,7.5,3.43
T04,GL-4396,2026-03-19 09:00:00,7.307978,10.708915,10.9,4.4
T04,GL-4396,2026-03-19 09:01:00,7.3074,10.708718,10.5,3.65
T04,GL-4396,2026-03-19 09:02:00,7.306802,10.708694,4.8,2.97
T04,GL-4396,2026-03-19 09:03:00,7.306107,10.708765,6.7,4.51
T04,GL-4396,2026-03-19 09:04:00,7.305548,10.708714,6.5,3.69
T04,GL-4396,2026-03-19 09:05:00,7.333113,10.708625,4.6,414.89
T04,GL-4396,2026-03-19 09:06:00,7.304265,10.708644,6.5,2.8
T04,GL-4396,2026-03-19 09:07:00,7.303764,10.708676,11.4,3.8
T04,GL-4396,2026-03-19 09:08:00,7.303144,10.70851,7.8,3.97
T04,GL-4396,2026-03-19 09:09:00,7.302384,10.708531,6.0,3.48
T04,GL-4396,2026-03-19 09:10:00,7.301878,10.70862,8.9,4.4
T04,GL-4396,2026-03-19 09:11:00,7.301301,10.70853,10.9,4.3
T04,GL-4396,2026-03-19 09:12:00,7.300706,10.708422,8.7,4.74
T04,GL-4396,2026-03-19 09:13:00,7.300041,10.708358,4.8,4.31
T04,GL-4396,2026-03-19 09:14:00,7.299548,10.708295,5.7,3.05
T04,GL-4396,2026-03-19 09:15:00,7.298809,10.708387,6.9,4.54
T04,GL-4396,2026-03-19 09:16:00,7.298175,10.708257,11.0,3.42
T04,GL-4396,2026-03-19 09:17:00,7.297605,10.708317,10.9,5.59
T04,GL-4396,2026-03-19 09:18:00,7.297119,10.708298,11.6,3.85
T04,GL-4396,2026-03-19 09:19:00,7.296305,10.708277,6.5,5.06
T04,GL-4396,2026-03-19 09:20:00,7.29564,10.708177,11.1,4.03
T04,GL-4396,2026-03-19 09:21:00,7.295153,10.708224,6.0,3.78
T04,GL-4396,2026-03-19 09:22:00,7.294581,10.708148,5.7,4.39
T04,GL-4396,2026-03-19 09:23:00,7.293911,10.708121,11.9,4.15
T04,GL-4396,2026-03-19 09:24:00,7.293288,10.708114,8.7,3.34
T04,GL-4396,2026-03-19 09:25:00,7.29277,10.708066,5.4,5.1
T04,GL-4396,2026-03-19 09:26:00,7.292086,10.707997,7.5,5.1
T04,GL-4396,2026-03-19 09:27:00,7.291571,10.70796,9.3,4.61
T04,GL-4396,2026-03-19 09:28:00,7.290955,10.707972,10.5,4.44
T04,GL-4396,2026-03-19 09:29:00,7.290271,10.707944,8.2,4.34
T04,GL-4396,2026-03-19 09:30:00,7.289706,10.707948,4.8,3.66
T04,GL-4396,2026-03-19 09:31:00,7.289095,10.70783,5.1,3.9
T04,GL-4396,2026-03-19 09:32:00,7.288444,10.707859,9.6,2.99
T04,GL-4396,2026-03-19 09:33:00,7.287858,10.707779,4.5,3.66
T04,GL-4396,2026-03-19 09:34:00,7.287258,10.707839,5.2,4.06
T04,GL-4396,2026-03-19 09:35:00,7.286577,10.707718,5.1,4.59
T04,GL-4396,2026-03-19 09:36:00,7.28608,10.707856,10.5,3.97
T04,GL-4396,2026-03-19 09:37:00,7.285476,10.707701,7.6,4.82
T04,GL-4396,2026-03-19 09:38:00,7.284795,10.707739,11.2,3.49
T04,GL-4396,2026-03-19 09:39:00,7.284168,10.707611,8.6,4.15
T04,GL-4396,2026-03-19 09:40:00,7.283527,10.707662,11.2,3.59
T04,GL-4396,2026-03-19 09:41:00,7.282955,10.707617,8.2,5.36
T04,GL-4396,2026-03-19 09:42:00,7.282335,10.707666,10.0,5.18
T04,GL-4396,2026-03-19 09:43:00,7.281703,10.707579,4.4,3.44
T04,GL-4396,2026-03-19 09:44:00,7.28109,10.707535,8.8,4.88
T04,GL-4396,2026-03-19 09:45:00,7.280561,10.707536,7.3,5.58
T04,GL-4396,2026-03-19 09:46:00,7.279892,10.707458,12.0,3.77
T04,GL-4396,2026-03-19 09:47:00,7.279143,10.707389,9.4,5.26
T04,GL-4396,2026-03-19 09:48:00,7.278609,10.707429,,4.42
T04,GL-4396,2026-03-19 09:49:00,7.371835,10.707407,10.0,280.22
T04,GL-4396,2026-03-19 09:50:00,7.277462,10.707352,7.8,3.73
T04,GL-4396,2026-03-19 09:51:00,7.276764,10.707212,9.5,3.43
T04,GL-4396,2026-03-19 09:52:00,7.276247,10.70737,7.6,3.46
T04,GL-4396,2026-03-19 09:53:00,7.275718,10.707209,4.8,4.02
T04,GL-4396,2026-03-19 09:54:00,7.275024,10.707209,11.8,4.83
T04,GL-4396,2026-03-19 09:55:00,7.274347,10.707171,6.3,4.9
T04,GL-4396,2026-03-19 09:56:00,7.273746,10.707099,5.5,2.85
T04,GL-4396,2026-03-19 09:57:00,7.2732,10.707141,5.5,3.66
T04,GL-4396,2026-03-19 09:58:00,7.27257,10.707099,6.4,3.22
T04,GL-4396,2026-03-19 09:59:00,7.271922,10.706981,5.9,4.32
T04,GL-4396,2026-03-19 10:00:00,7.271317,10.707179,11.0,5.41
T04,GL-4396,2026-03-19 10:01:00,7.270785,10.706929,6.7,5.21
T04,GL-4396,2026-03-19 10:02:00,7.270207,10.706955,9.0,2.9
T04,GL-4396,2026-03-19 10:03:00,7.269493,10.706948,6.4,3.53
T04,GL-4396,2026-03-19 10:04:00,7.268872,10.706896,10.6,5.42
T04,GL-4396,2026-03-19 10:05:00,7.268246,10.706814,8.7,5.32
T04,GL-4396,2026-03-19 10:06:00,7.267623,10.706947,5.5,3.4
T04,GL-4396,2026-03-19 10:07:00,7.266984,10.706727,5.8,3.5
T04,GL-4396,2026-03-19 10:08:00,7.266498,10.70675,9.4,5.2
T04,GL-4396,2026-03-19 10:09:00,7.265837,10.706817,8.0,3.13
T04,GL-4396,2026-03-19 10:10:00,7.26526,10.706711,7.6,4.56
T04,GL-4396,2026-03-19 10:11:00,7.264582,10.706738,9.4,3.64
T04,GL-4396,2026-03-19 10:12:00,7.263945,10.706691,4.6,3.53
T04,GL-4396,2026-03-19 10:13:00,7.263447,10.706691,8.8,5.2
T04,GL-4396,2026-03-19 10:14:00,7.262733,10.706748,6.0,3.45
T04,GL-4396,2026-03-19 10:15:00,7.262164,10.706582,4.9,3.57
T04,GL-4396,2026-03-19 10:16:00,7.261497,10.706597,6.6,4.55
T04,GL-4396,2026-03-19 10:17:00,7.261034,10.706549,8.8,3.49
T04,GL-4396,2026-03-19 10:18:00,7.260283,10.706433,11.7,2.87
T04,GL-4396,2026-03-19 10:19:00,7.259662,10.706455,5.4,3.42
T04,GL-4396,2026-03-19 10:20:00,7.259104,10.706448,11.9,4.49
T04,GL-4396,2026-03-19 10:21:00,7.258597,10.706409,6.6,4.98
T04,GL-4396,2026-03-19 10:22:00,7.257918,10.706372,8.2,4.35
T04,GL-4396,2026-03-19 10:23:00,7.257307,10.706176,5.2,4.93
T04,GL-4396,2026-03-19 10:24:00,7.256736,10.706347,8.4,3.15
T04,GL-4396,2026-03-19 10:25:00,7.255969,10.706171,7.4,5.05
T04,GL-4396,2026-03-19 10:26:00,7.255437,10.706177,11.7,4.3
T04,GL-4396,2026-03-19 10:27:00,7.254737,10.706253,9.6,4.96
T04,GL-4396,2026-03-19 10:28:00,7.254133,10.706223,7.5,3.96
T04,GL-4396,2026-03-19 10:29:00,7.253577,10.706195,9.9,2.96
T04,GL-4396,2026-03-19 10:30:00,7.252952,10.706204,9.8,4.44
T04,GL-4396,2026-03-19 10:31:00,7.252364,10.706,8.9,4.56
T04,GL-4396,2026-03-19 10:32:00,7.251822,10.706105,12.0,3.16
T04,GL-4396,2026-03-19 10:33:00,7.250996,10.705986,11.4,3.93
T04,GL-4396,2026-03-19 10:34:00,7.250424,10.706022,10.8,4.0
T04,GL-4396,2026-03-19 10:35:00,7.249858,10.706041,5.9,2.8
T04,GL-4396,2026-03-19 10:36:00,7.249242,10.705889,6.5,3.64
T04,GL-4396,2026-03-19 10:37:00,7.248757,10.705945,4.5,2.81
T04,GL-4396,2026-03-19 10:38:00,7.248043,10.705885,9.4,3.47
T04,GL-4396,2026-03-19 10:39:00,7.24752,10.705926,10.2,5.15
T04,GL-4396,2026-03-19 10:40:00,7.246939,10.70582,8.5,4.93
T04,GL-4396,2026-03-19 10:41:00,7.246325,10.705934,11.3,5.59
T04,GL-4396,2026-03-19 10:42:00,7.245604,10.705813,7.1,2.95
T04,GL-4396,2026-03-19 10:43:00,7.244991,10.705706,11.6,3.15
T04,GL-4396,2026-03-19 10:44:00,7.244397,10.705699,6.7,4.89
T04,GL-4396,2026-03-19 10:45:00,7.243698,10.705817,4.9,5.35
T04,GL-4396,2026-03-19 10:46:00,7.243101,10.705783,11.3,3.86
T04,GL-4396,2026-03-19 10:47:00,7.242568,10.705586,11.2,4.83
T04,GL-4396,2026-03-19 10:48:00,7.242047,10.705573,11.0,5.45
T04,GL-4396,2026-03-19 10:49:00,7.241358,10.705536,4.7,5.16
T04,GL-4396,2026-03-19 10:50:00,7.24059,10.705542,8.2,5.43
T04,GL-4396,2026-03-19 10:51:00,7.240269,10.705489,9.0,3.53
T04,GL-4396,2026-03-19 10:52:00,7.239666,10.70549,9.8,5.41
T04,GL-4396,2026-03-19 10:53:00,7.238808,10.705443,5.0,3.2
T04,GL-4396,2026-03-19 10:54:00,7.238264,10.705506,11.6,4.53
T04,GL-4396,2026-03-19 10:55:00,7.237743,10.705379,8.6,4.86
T04,GL-4396,2026-03-19 10:56:00,7.236973,10.705331,6.7,4.31
T04,GL-4396,2026-03-19 10:57:00,7.236522,10.705243,4.1,3.83
T04,GL-4396,2026-03-19 10:58:00,7.235843,10.705318,10.3,5.3
T04,GL-4396,2026-03-19 10:59:00,7.235252,10.705216,4.4,2.84
T04,GL-4396,2026-03-19 11:00:00,7.234621,10.705304,10.4,3.23
T04,GL-4396,2026-03-19 11:01:00,7.23399,10.705326,8.2,3.84
T04,GL-4396,2026-03-19 11:02:00,7.233446,10.705245,5.8,4.4
T04,GL-4396,2026-03-19 11:03:00,7.232782,10.705284,6.7,3.06
T04,GL-4396,2026-03-19 11:04:00,7.232135,10.705208,9.4,4.74
T04,GL-4396,2026-03-19 11:05:00,7.231561,10.705122,5.5,5.07
T04,GL-4396,2026-03-19 11:06:00,7.23106,10.70505,9.3,5.21
T04,GL-4396,2026-03-19 11:07:00,7.230316,10.705048,9.0,3.38
T04,GL-4396,2026-03-19 11:08:00,7.229766,10.704999,7.9,5.05
T04,GL-4396,2026-03-19 11:09:00,7.229103,10.704948,8.5,4.06
T04,GL-4396,2026-03-19 11:10:00,7.228522,10.704932,6.6,3.35
T04,GL-4396,2026-03-19 11:11:00,7.227999,10.70493,7.8,5.39
T04,GL-4396,2026-03-19 11:12:00,7.227346,10.70485,11.3,5.28
T04,GL-4396,2026-03-19 11:13:00,7.226689,10.704838,9.5,3.37
T04,GL-4396,2026-03-19 11:14:00,7.226177,10.704703,11.8,3.86
T04,GL-4396,2026-03-19 11:15:00,7.225358,10.704822,5.0,3.66
T04,GL-4396,2026-03-19 11:16:00,7.224817,10.704874,7.3,3.51
T04,GL-4396,2026-03-19 11:17:00,7.224272,10.70485,9.7,2.84
T04,GL-4396,2026-03-19 11:18:00,7.360624,10.704724,7.1,304.18
T04,GL-4396,2026-03-19 11:19:00,7.223095,10.704687,11.2,3.32
T04,GL-4396,2026-03-19 11:20:00,7.22235,10.704607,10.1,5.47
T04,GL-4396,2026-03-19 11:21:00,7.221753,10.704609,11.1,5.49
T04,GL-4396,2026-03-19 11:22:00,7.221268,10.704577,9.7,4.53
T04,GL-4396,2026-03-19 11:23:00,7.220587,10.704616,11.6,2.84
T04,GL-4396,2026-03-19 11:24:00,7.219962,10.704615,7.4,5.22
T04,GL-4396,2026-03-19 11:25:00,7.219376,10.704525,8.1,3.14
T04,GL-4396,2026-03-19 11:26:00,7.218733,10.704507,4.4,2.87
T04,GL-4396,2026-03-19 11:27:00,7.218163,10.704497,5.5,3.31
T04,GL-4396,2026-03-19 11:28:00,7.217465,10.70448,9.8,3.45
T04,GL-4396,2026-03-19 11:29:00,7.216852,10.704346,5.7,4.64
T04,GL-4396,2026-03-19 11:30:00,7.216394,10.70431,9.5,4.45
T04,GL-4396,2026-03-19 11:31:00,7.215778,10.704459,5.7,3.93
T04,GL-4396,2026-03-19 11:32:00,7.214991,10.704265,5.8,3.06
T04,GL-4396,2026-03-19 11:33:00,7.214418,10.704212,9.5,4.0
T04,GL-4396,2026-03-19 11:34:00,7.213876,10.704262,7.8,3.41
T04,GL-4396,2026-03-19 11:35:00,7.213225,10.704294,7.3,5.14
T04,GL-4396,2026-03-19 11:36:00,7.212647,10.70415,4.6,3.32
T04,GL-4396,2026-03-19 11:37:00,7.212033,10.704127,8.2,3.8
T04,GL-4396,2026-03-19 11:38:00,7.21137,10.704106,4.2,2.87
T04,GL-4396,2026-03-19 11:39:00,7.21078,10.703998,9.7,5.11
T04,GL-4396,2026-03-19 11:40:00,7.210091,10.704008,6.1,3.71
T04,GL-4396,2026-03-19 11:41:00,7.209672,10.703954,6.0,3.21
T04,GL-4396,2026-03-19 11:42:00,7.208967,10.704012,5.6,3.26
T04,GL-4396,2026-03-19 11:43:00,7.208312,10.704024,9.3,5.18
T04,GL-4396,2026-03-19 11:44:00,7.207744,10.703908,11.3,3.43
T04,GL-4396,2026-03-19 11:45:00,7.207156,10.703992,4.6,5.44
T04,GL-4396,2026-03-19 11:46:00,7.206424,10.703795,8.5,3.69
T04,GL-4396,2026-03-19 11:47:00,7.205967,10.703975,4.2,5.11
T04,GL-4396,2026-03-19 11:48:00,7.205336,10.703765,4.6,2.85
T04,GL-4396,2026-03-19 11:49:00,7.204687,10.703752,8.8,4.62
T04,GL-4396,2026-03-19 11:50:00,7.204085,10.703698,9.3,5.59
T04,GL-4396,2026-03-19 11:51:00,7.203455,10.703754,6.8,5.07
T04,GL-4396,2026-03-19 11:52:00,7.202867,10.703686,9.2,3.98
T04,GL-4396,2026-03-19 11:53:00,7.202236,10.703726,6.0,3.49
T04,GL-4396,2026-03-19 11:54:00,7.201601,10.703583,11.1,3.64
T04,GL-4396,2026-03-19 11:55:00,7.201021,10.703635,7.1,4.65
T04,GL-4396,2026-03-19 11:56:00,7.200308,10.703633,6.2,4.58
T04,GL-4396,2026-03-19 11:57:00,7.199773,10.703603,5.4,4.56
T04,GL-4396,2026-03-19 11:58:00,7.199233,10.703564,5.6,4.53
T04,GL-4396,2026-03-19 11:59:00,7.198635,10.703529,,4.28
T04,GL-4396,2026-03-19 12:00:00,7.197884,10.703449,6.1,4.39
T04,GL-4396,2026-03-19 12:01:00,7.19738,10.703417,9.7,3.61
T04,GL-4396,2026-03-19 12:02:00,7.196693,10.703358,7.2,4.16
T04,GL-4396,2026-03-19 12:03:00,7.196156,10.703392,7.6,5.49
T04,GL-4396,2026-03-19 12:04:00,7.195576,10.703422,11.1,5.6
T04,GL-4396,2026-03-19 12:05:00,7.194906,10.703419,10.5,3.42
T04,GL-4396,2026-03-19 12:06:00,7.194354,10.703322,7.8,4.56
T04,GL-4396,2026-03-19 12:07:00,7.193661,10.703202,8.9,4.39
T04,GL-4396,2026-03-19 12:08:00,7.19304,10.703289,9.1,4.34
T04,GL-4396,2026-03-19 12:09:00,7.192447,10.703216,10.8,3.45
T04,GL-4396,2026-03-19 12:10:00,7.191805,10.703229,5.0,4.8
T04,GL-4396,2026-03-19 12:11:00,7.191261,10.703208,5.3,4.41
T04,GL-4396,2026-03-19 12:12:00,7.190502,10.70309,9.0,3.73
T04,GL-4396,2026-03-19 12:13:00,7.190101,10.703184,6.7,5.19
T04,GL-4396,2026-03-19 12:14:00,7.18943,10.703095,4.4,2.9
T04,GL-4396,2026-03-19 12:15:00,7.188883,10.702977,7.7,2.96
T04,GL-4396,2026-03-19 12:16:00,7.188244,10.702971,8.8,5.49
T04,GL-4396,2026-03-19 12:17:00,7.187483,10.702989,8.0,4.94
T04,GL-4396,2026-03-19 12:18:00,7.186908,10.702935,10.5,2.83
T04,GL-4396,2026-03-19 12:19:00,7.186304,10.702942,5.4,3.99
T04,GL-4396,2026-03-19 12:20:00,7.185644,10.702809,10.8,4.63
T04,GL-4396,2026-03-19 12:21:00,7.185159,10.70275,11.2,4.69
T04,GL-4396,2026-03-19 12:22:00,7.18448,10.702876,7.1,4.41
T04,GL-4396,2026-03-19 12:23:00,7.183837,10.702745,4.0,4.72
T04,GL-4396,2026-03-19 12:24:00,7.183273,10.70283,6.7,4.97
T04,GL-4396,2026-03-19 12:25:00,7.182805,10.70279,11.9,5.53
T04,GL-4396,2026-03-19 12:26:00,7.182141,10.702791,4.8,3.94
T04,GL-4396,2026-03-19 12:27:00,7.181478,10.702665,10.1,5.13
T04,GL-4396,2026-03-19 12:28:00,7.180841,10.702675,9.5,3.96
T04,GL-4396,2026-03-19 12:29:00,7.180793,10.702669,10.2,0.2
T04,GL-4396,2026-03-19 12:30:00,7.180925,10.702545,6.5,0.61
T04,GL-4396,2026-03-19 12:31:00,7.180951,10.702554,8.2,0.14
T04,GL-4396,2026-03-19 12:32:00,7.180817,10.702649,11.5,0.35
T04,GL-4396,2026-03-19 12:33:00,7.180832,10.702528,6.1,0.79
T04,GL-4396,2026-03-19 12:34:00,7.180987,10.702529,5.6,0.37
T04,GL-4396,2026-03-19 12:35:00,7.180897,10.702595,6.5,0.85
T04,GL-4396,2026-03-19 12:36:00,7.180892,10.702626,10.5,0.24
T04,GL-4396,2026-03-19 12:37:00,7.180838,10.702681,10.9,0.82
T04,GL-4396,2026-03-19 12:38:00,7.180968,10.702643,7.0,0.42
T04,GL-4396,2026-03-19 12:39:00,7.18085,10.702594,6.2,0.46
T04,GL-4396,2026-03-19 12:40:00,7.180763,10.702659,11.6,0.49
T04,GL-4396,2026-03-19 12:41:00,7.180764,10.702661,6.4,0.38
T04,GL-4396,2026-03-19 12:42:00,7.18073,10.702733,7.4,0.36
