team_id,logger_id,timestamp,longitude,latitude,accuracy_m,speed_kmh
T04,GL-4396,2026-03-12 07:34:00,8.083311,10.725523,7.6,4.87
T04,GL-4396,2026-03-12 07:35:00,8.083483,10.724778,8.8,5.12
T04,GL-4396,2026-03-12 07:36:00,8.083485,10.724065,10.2,4.99
T04,GL-4396,2026-03-12 07:37:00,8.083581,10.723457,,2.8
T04,GL-4396,2026-03-12 07:38:00,8.083699,10.722785,11.5,3.32
T04,GL-4396,2026-03-12 07:39:00,8.083874,10.721905,5.9,5.31
T04,GL-4396,2026-03-12 07:40:00,8.083868,10.7213,11.3,3.83
T04,GL-4396,2026-03-12 07:41:00,8.084009,10.720622,7.5,5.26
T04,GL-4396,2026-03-12 07:42:00,8.084204,10.719932,8.3,5.01
T04,GL-4396,2026-03-12 07:43:00,8.084253,10.719132,8.5,4.98
T04,GL-4396,2026-03-12 07:44:00,8.084448,10.718558,9.9,3.5
T04,GL-4396,2026-03-12 07:45:00,8.084561,10.717769,10.9,3.46
T04,GL-4396,2026-03-12 07:46:00,8.084483,10.717845,5.1,0.16
T04,GL-4396,2026-03-12 07:47:00,8.084499,10.71787,11.8,0.04
T04,GL-4396,2026-03-12 07:48:00,8.084486,10.717939,11.4,0.57
T04,GL-4396,2026-03-12 07:49:00,8.084404,10.717876,7.1,0.14
T04,GL-4396,2026-03-12 07:50:00,8.084561,10.717902,8.1,0.5
T04,GL-4396,2026-03-12 07:51:00,8.084509,10.717882,9.4,0.77
T04,GL-4396,2026-03-12 07:52:00,8.084693,10.717863,4.7,0.58
T04,GL-4396,2026-03-12 07:53:00,8.084488,10.717714,4.4,0.38
T04,GL-4396,2026-03-12 07:54:00,8.08441,10.717959,11.0,0.07
T04,GL-4396,2026-03-12 07:55:00,8.084512,10.717911,4.7,0.71
T04,GL-4396,2026-03-12 07:56:00,8.036463,10.717896,8.6,475.27
T04,GL-4396,2026-03-12 07:57:00,8.084499,10.717724,10.6,0.68
T04,GL-4396,2026-03-12 07:58:00,8.084464,10.71773,8.3,0.9
T04,GL-4396,2026-03-12 07:59:00,8.08447,10.717735,7.7,0.62
T04,GL-4396,2026-03-12 08:00:00,8.0847,10.717801,8.6,0.05
T04,GL-4396,2026-03-12 08:01:00,8.084493,10.717776,6.5,0.34
T04,GL-4396,2026-03-12 08:02:00,8.08456,10.717825,12.0,0.24
T04,GL-4396,2026-03-12 08:03:00,8.083933,10.717873,5.4,2.84
T04,GL-4396,2026-03-12 08:04:00,8.083398,10.717832,10.4,3.49
T04,GL-4396,2026-03-12 08:05:00,8.083004,10.71778,6.9,3.79
T04,GL-4396,2026-03-12 08:06:00,8.08232,10.717669,4.6,3.84
T04,GL-4396,2026-03-12 08:07:00,8.08167,10.717655,7.1,5.2
T04,GL-4396,2026-03-12 08:08:00,8.081213,10.717644,10.6,4.67
T04,GL-4396,2026-03-12 08:09:00,8.080702,10.717645,7.8,4.61
T04,GL-4396,2026-03-12 08:10:00,8.080104,10.717649,4.1,3.18
T04,GL-4396,2026-03-12 08:11:00,8.079542,10.71746,10.6,4.16
T04,GL-4396,2026-03-12 08:12:00,8.079049,10.717552,11.3,3.94
T04,GL-4396,2026-03-12 08:13:00,8.078532,10.717582,7.7,3.81
T04,GL-4396,2026-03-12 08:14:00,8.077928,10.717361,7.2,3.72
T04,GL-4396,2026-03-12 08:15:00,8.077249,10.717426,9.7,4.13
T04,GL-4396,2026-03-12 08:16:00,8.076814,10.71731,7.1,3.06
T04,GL-4396,2026-03-12 08:17:00,8.076283,10.717368,11.1,4.13
T04,GL-4396,2026-03-12 08:18:00,8.075608,10.717232,6.5,4.32
T04,GL-4396,2026-03-12 08:19:00,8.075166,10.717261,4.0,3.63
T04,GL-4396,2026-03-12 08:20:00,8.074595,10.71726,7.1,4.97
T04,GL-4396,2026-03-12 08:21:00,8.074148,10.717158,8.6,4.79
T04,GL-4396,2026-03-12 08:22:00,8.073562,10.717143,8.9,3.55
T04,GL-4396,2026-03-12 08:23:00,8.072987,10.717019,5.9,5.56
T04,GL-4396,2026-03-12 08:24:00,8.072353,10.717071,8.7,2.93
T04,GL-4396,2026-03-12 08:25:00,8.07179,10.71705,5.4,3.52
T04,GL-4396,2026-03-12 08:26:00,8.071167,10.716903,6.0,4.87
T04,GL-4396,2026-03-12 08:27:00,8.070771,10.716923,7.9,4.16
T04,GL-4396,2026-03-12 08:28:00,8.070236,10.716971,6.8,3.77
T04,GL-4396,2026-03-12 08:29:00,8.069537,10.716859,11.6,3.65
T04,GL-4396,2026-03-12 08:30:00,8.069111,10.716876,6.6,5.58
T04,GL-4396,2026-03-12 08:31:00,8.068508,10.716785,10.8,3.6
T04,GL-4396,2026-03-12 08:32:00,8.067998,10.716677,7.7,4.48
T04,GL-4396,2026-03-12 08:33:00,8.067422,10.716687,8.1,2.86
T04,GL-4396,2026-03-12 08:34:00,8.066915,10.716744,10.0,4.77
T04,GL-4396,2026-03-12 08:35:00,8.066429,10.71674,7.1,4.17
T04,GL-4396,2026-03-12 08:36:00,8.06574,10.716668,4.9,5.11
T04,GL-4396,2026-03-12 08:37:00,8.065294,10.716631,8.9,3.49
T04,GL-4396,2026-03-12 08:38:00,8.064668,10.716624,5.6,3.49
T04,GL-4396,2026-03-12 08:39:00,8.064126,10.716511,9.3,4.61
T04,GL-4396,2026-03-12 08:40:00,8.06352,10.716643,6.9,4.56
T04,GL-4396,2026-03-12 08:41:00,8.063059,10.716533,10.8,5.42
T04,GL-4396,2026-03-12 08:42:00,8.062422,10.716473,7.3,4.46
T04,GL-4396,2026-03-12 08:43:00,8.061981,10.716359,11.3,2.97
T04,GL-4396,2026-03-12 08:44:00,8.061293,10.716309,4.0,3.61
T04,GL-4396,2026-03-12 08:45:00,8.06075,10.716359,4.6,3.85
T04,GL-4396,2026-03-12 08:46:00,8.060302,10.716391,10.7,5.37
T04,GL-4396,2026-03-12 08:47:00,8.05973,10.716288,4.6,2.94
T04,GL-4396,2026-03-12 08:48:00,8.05919,10.716222,11.8,4.39
T04,GL-4396,2026-03-12 08:49:00,8.058649,10.716158,11.3,5.32
T04,GL-4396,2026-03-12 08:50:00,8.058074,10.716169,9.1,4.44
T04,GL-4396,2026-03-12 08:51:00,8.057473,10.716195,7.6,4.02
T04,GL-4396,2026-03-12 08:52:00,8.05692,10.716206,5.2,4.48
T04,GL-4396,2026-03-12 08:53:00,8.056412,10.716013,10.9,3.38
T04,GL-4396,2026-03-12 08:54:00,8.055948,10.716123,10.2,3.49
T04,GL-4396,2026-03-12 08:55:00,8.055298,10.716069,11.6,3.41
T04,GL-4396,2026-03-12 08:56:00,8.054653,10.71605,10.0,4.96
T04,GL-4396,2026-03-12 08:57:00,8.05424,10.715972,11.5,2.84
T04,GL-4396,2026-03-12 08:58:00,8.05369,10.715976,5.0,5.05
T04,GL-4396,2026-03-12 08:59:00,8.053123,10.7159,4.9,3.32
T04,GL-4396,2026-03-12 09:00:00,8.052658,10.715857,11.5,5.59
T04,GL-4396,2026-03-12 09:01:00,8.051944,10.715704,5.2,4.3
T04,GL-4396,2026-03-12 09:02:00,8.051484,10.715751,10.6,5.28
T04,GL-4396,2026-03-12 09:03:00,8.050875,10.715691,7.7,5.14
T04,GL-4396,2026-03-12 09:04:00,8.050335,10.715746,7.0,3.25
T04,GL-4396,2026-03-12 09:05:00,8.049834,10.715716,11.8,3.99
T04,GL-4396,2026-03-12 09:06:00,8.049152,10.715733,8.1,2.89
T04,GL-4396,2026-03-12 09:07:00,8.048763,10.715658,5.0,3.3
T04,GL-4396,2026-03-12 09:08:00,8.048063,10.715561,9.4,4.67
T04,GL-4396,2026-03-12 09:09:00,8.047637,10.715547,8.1,4.7
T04,GL-4396,2026-03-12 09:10:00,8.047144,10.715576,8.4,4.89
T04,GL-4396,2026-03-12 09:11:00,8.046408,10.715515,10.4,4.24
T04,GL-4396,2026-03-12 09:12:00,8.045962,10.715516,10.4,4.3
T04,GL-4396,2026-03-12 09:13:00,8.045486,10.715409,6.6,3.38
T04,GL-4396,2026-03-12 09:14:00,8.04486,10.715441,8.9,5.06
T04,GL-4396,2026-03-12 09:15:00,8.044312,10.715272,11.9,4.14
T04,GL-4396,2026-03-12 09:16:00,8.043695,10.715302,11.5,5.56
T04,GL-4396,2026-03-12 09:17:00,8.043176,10.715313,7.4,5.44
T04,GL-4396,2026-03-12 09:18:00,8.042626,10.715236,10.8,4.16
T04,GL-4396,2026-03-12 09:19:00,8.041985,10.715209,10.5,4.34
T04,GL-4396,2026-03-12 09:20:00,8.041511,10.715164,8.6,4.27
T04,GL-4396,2026-03-12 09:21:00,8.041024,10.715153,9.6,4.61
T04,GL-4396,2026-03-12 09:22:00,8.040401,10.71502,11.2,3.16
T04,GL-4396,2026-03-12 09:23:00,8.039711,10.715033,7.9,3.49
T04,GL-4396,2026-03-12 09:24:00,8.039269,10.715,5.4,4.81
T04,GL-4396,2026-03-12 09:25:00,8.038775,10.714969,7.0,3.23
T04,GL-4396,2026-03-12 09:26:00,8.038229,10.71503,7.7,3.19
T04,GL-4396,2026-03-12 09:27:00,8.037753,10.714963,11.3,4.62
T04,GL-4396,2026-03-12 09:28:00,8.03706,10.714875,11.5,5.48
T04,GL-4396,2026-03-12 09:29:00,8.036531,10.714888,10.7,3.16
T04,GL-4396,2026-03-12 09:30:00,8.036046,10.714849,6.4,4.2
T04,GL-4396,2026-03-12 09:31:00,8.035476,10.714843,5.8,4.85
T04,GL-4396,2026-03-12 09:32:00,8.034918,10.714745,11.3,4.03
T04,GL-4396,2026-03-12 09:33:00,8.034404,10.714725,9.1,2.98
T04,GL-4396,2026-03-12 09:34:00,8.033824,10.714642,11.4,4.69
T04,GL-4396,2026-03-12 09:35:00,8.033236,10.714716,11.3,4.99
T04,GL-4396,2026-03-12 09:36:00,8.032844,10.714698,8.0,5.51
T04,GL-4396,2026-03-12 09:37:00,8.032128,10.714669,6.2,4.72
T04,GL-4396,2026-03-12 09:38:00,8.03159,10.714581,6.5,4.1
T04,GL-4396,2026-03-12 09:39:00,8.030995,10.714497,6.6,5.07
T04,GL-4396,2026-03-12 09:40:00,8.030543,10.714493,6.2,3.43
T04,GL-4396,2026-03-12 09:41:00,8.030043,10.714422,7.6,3.82
T04,GL-4396,2026-03-12 09:42:00,8.029414,10.714476,10.7,5.03
T04,GL-4396,2026-03-12 09:43:00,8.028885,10.714373,11.1,4.76
T04,GL-4396,2026-03-12 09:44:00,8.028322,10.714348,7.8,5.05
T04,GL-4396,2026-03-12 09:45:00,8.027775,10.714475,7.2,3.16
T04,GL-4396,2026-03-12 09:46:00,8.027136,10.714303,5.7,4.3
T04,GL-4396,2026-03-12 09:47:00,8.026645,10.714329,7.2,4.17
T04,GL-4396,2026-03-12 09:48:00,8.026083,10.714227,6.6,4.53
T04,GL-4396,2026-03-12 09:49:00,8.025591,10.714294,11.7,4.77
T04,GL-4396,2026-03-12 09:50:00,8.025146,10.714132,6.6,4.15
T04,GL-4396,2026-03-12 09:51:00,8.024482,10.714124,7.2,5.12
T04,GL-4396,2026-03-12 09:52:00,8.023858,10.714005,,2.87
T04,GL-4396,2026-03-12 09:53:00,8.023418,10.714113,8.2,4.79
T04,GL-4396,2026-03-12 09:54:00,8.022817,10.714086,4.6,5.43
T04,GL-4396,2026-03-12 09:55:00,8.022239,10.714018,4.1,5.46
T04,GL-4396,2026-03-12 09:56:00,8.021691,10.713895,6.5,4.28
T04,GL-4396,2026-03-12 09:57:00,8.02108,10.713796,11.8,4.94
T04,GL-4396,2026-03-12 09:58:00,8.020512,10.714005,4.9,3.03
T04,GL-4396,2026-03-12 09:59:00,8.020023,10.713662,7.3,4.33
T04,GL-4396,2026-03-12 10:00:00,8.019477,10.713782,5.6,3.01
T04,GL-4396,2026-03-12 10:01:00,8.018928,10.713734,10.1,5.04
T04,GL-4396,2026-03-12 10:02:00,8.018362,10.713693,10.4,3.41
T04,GL-4396,2026-03-12 10:03:00,8.017997,10.713698,9.1,4.6
T04,GL-4396,2026-03-12 10:04:00,8.017234,10.713616,9.3,4.31
T04,GL-4396,2026-03-12 10:05:00,8.016686,10.713585,11.1,4.77
T04,GL-4396,2026-03-12 10:06:00,8.016211,10.71363,5.1,4.71
T04,GL-4396,2026-03-12 10:07:00,8.015738,10.713569,5.0,3.17
T04,GL-4396,2026-03-12 10:08:00,8.015145,10.713596,7.1,5.58
T04,GL-4396,2026-03-12 10:09:00,8.014557,10.71348,5.3,4.45
T04,GL-4396,2026-03-12 10:10:00,8.014003,10.713448,6.9,3.03
T04,GL-4396,2026-03-12 10:11:00,8.013459,10.71344,7.4,5.12
T04,GL-4396,2026-03-12 10:12:00,8.012868,10.7134,12.0,4.66
T04,GL-4396,2026-03-12 10:13:00,8.012306,10.71338,4.1,3.69
T04,GL-4396,2026-03-12 10:14:00,8.011691,10.713279,8.5,4.58
T04,GL-4396,2026-03-12 10:15:00,8.011281,10.713328,7.3,4.16
T04,GL-4396,2026-03-12 10:16:00,8.010716,10.713215,4.1,4.15
T04,GL-4396,2026-03-12 10:17:00,8.010154,10.713208,8.0,4.22
T04,GL-4396,2026-03-12 10:18:00,8.009514,10.713165,10.9,3.34
T04,GL-4396,2026-03-12 10:19:00,8.009101,10.713131,7.4,4.39
T04,GL-4396,2026-03-12 10:20:00,8.008444,10.713182,10.6,3.31
T04,GL-4396,2026-03-12 10:21:00,8.007907,10.713225,10.9,4.89
T04,GL-4396,2026-03-12 10:22:00,8.007426,10.713128,5.9,4.59
T04,GL-4396,2026-03-12 10:23:00,8.006878,10.713057,10.2,4.55
T04,GL-4396,2026-03-12 10:24:00,8.006367,10.712963,6.8,3.05
T04,GL-4396,2026-03-12 10:25:00,8.005711,10.712969,11.7,2.96
T04,GL-4396,2026-03-12 10:26:00,8.005197,10.712814,7.9,5.26
T04,GL-4396,2026-03-12 10:27:00,8.004651,10.712839,11.0,4.46
T04,GL-4396,2026-03-12 10:28:00,8.00408,10.712866,9.1,4.66
T04,GL-4396,2026-03-12 10:29:00,8.003537,10.712868,8.0,2.93
T04,GL-4396,2026-03-12 10:30:00,8.002994,10.712753,7.8,4.23
T04,GL-4396,2026-03-12 10:31:00,8.002384,10.71291,10.3,4.44
T04,GL-4396,2026-03-12 10:32:00,8.001819,10.712692,5.8,5.02
T04,GL-4396,2026-03-12 10:33:00,8.001273,10.712759,9.9,3.86
T04,GL-4396,2026-03-12 10:34:00,8.000703,10.712577,10.9,3.07
T04,GL-4396,2026-03-12 10:35:00,8.000226,10.712601,6.7,4.85
T04,GL-4396,2026-03-12 10:36:00,7.999608,10.712552,9.1,2.93
T04,GL-4396,2026-03-12 10:37:00,7.999134,10.712636,4.4,4.66
T04,GL-4396,2026-03-12 10:38:00,7.998529,10.712632,9.4,3.92
T04,GL-4396,2026-03-12 10:39:00,7.998052,10.712501,6.1,3.7
T04,GL-4396,2026-03-12 10:40:00,7.997459,10.712577,10.8,5.27
T04,GL-4396,2026-03-12 10:41:00,7.996915,10.712356,6.8,4.05
T04,GL-4396,2026-03-12 10:42:00,7.996396,10.712364,5.8,3.84
T04,GL-4396,2026-03-12 10:43:00,7.995838,10.712306,11.3,3.84
T04,GL-4396,2026-03-12 10:44:00,7.995238,10.712335,6.0,4.61
T04,GL-4396,2026-03-12 10:45:00,7.99464,10.71222,5.1,5.55
T04,GL-4396,2026-03-12 10:46:00,7.994138,10.712208,11.4,3.07
T04,GL-4396,2026-03-12 10:47:00,7.993566,10.712239,4.5,2.86
T04,GL-4396,2026-03-12 10:48:00,7.993061,10.712197,7.3,3.65
T04,GL-4396,2026-03-12 10:49:00,7.992474,10.712166,8.4,5.12
T04,GL-4396,2026-03-12 10:50:00,7.991952,10.712164,6.4,3.73
T04,GL-4396,2026-03-12 10:51:00,7.991439,10.712116,8.7,3.57
T04,GL-4396,2026-03-12 10:52:00,7.990811,10.712075,8.2,5.33
T04,GL-4396,2026-03-12 10:53:00,7.990352,10.711938,4.5,4.0
T04,GL-4396,2026-03-12 10:54:00,7.989726,10.711968,5.5,3.15
T04,GL-4396,2026-03-12 10:55:00,7.989253,10.711974,9.6,4.9
T04,GL-4396,2026-03-12 10:56:00,7.988768,10.711889,5.5,3.47
T04,GL-4396,2026-03-12 10:57:00,7.988108,10.71197,8.0,3.87
T04,GL-4396,2026-03-12 10:58:00,7.987509,10.711968,8.4,4.24
T04,GL-4396,2026-03-12 10:59:00,7.987007,10.711802,6.1,3.98
T04,GL-4396,2026-03-12 11:00:00,7.986448,10.711836,10.3,4.54
T04,GL-4396,2026-03-12 11:01:00,7.985975,10.711732,8.1,5.04
T04,GL-4396,2026-03-12 11:02:00,7.985407,10.711691,10.9,5.38
T04,GL-4396,2026-03-12 11:03:00,7.98484,10.711656,7.6,5.29
T04,GL-4396,2026-03-12 11:04:00,7.984293,10.711548,10.6,3.66
T04,GL-4396,2026-03-12 11:05:00,7.983697,10.711587,11.7,4.21
T04,GL-4396,2026-03-12 11:06:00,7.983201,10.711549,10.1,4.51
T04,GL-4396,2026-03-12 11:07:00,7.982549,10.711459,8.3,2.96
T04,GL-4396,2026-03-12 11:08:00,7.981955,10.711438,5.1,2.92
T04,GL-4396,2026-03-12 11:09:00,7.981474,10.711438,7.1,2.92
T04,GL-4396,2026-03-12 11:10:00,7.980956,10.711433,10.5,4.01
T04,GL-4396,2026-03-12 11:11:00,7.980397,10.711445,11.3,3.78
T04,GL-4396,2026-03-12 11:12:00,7.979843,10.711283,8.4,5.43
T04,GL-4396,2026-03-12 11:13:00,7.979208,10.711304,6.6,4.8
T04,GL-4396,2026-03-12 11:14:00,7.978823,10.711305,8.1,2.96
T04,GL-4396,2026-03-12 11:15:00,7.978244,10.711252,9.1,3.79
T04,GL-4396,2026-03-12 11:16:00,7.977552,10.711185,9.0,4.69
T04,GL-4396,2026-03-12 11:17:00,7.977103,10.711207,5.1,4.27
T04,GL-4396,2026-03-12 11:18:00,7.976548,10.71122,10.9,3.36
T04,GL-4396,2026-03-12 11:19:00,7.975952,10.711138,5.5,4.74
T04,GL-4396,2026-03-12 11:20:00,7.975365,10.711155,7.9,3.15
T04,GL-4396,2026-03-12 11:21:00,7.974904,10.711099,6.7,4.87
T04,GL-4396,2026-03-12 11:22:00,7.974317,10.711075,5.1,5.24
T04,GL-4396,2026-03-12 11:23:00,7.9737,10.711036,4.1,5.08
T04,GL-4396,2026-03-12 11:24:00,7.973078,10.710876,8.8,5.19
T04,GL-4396,2026-03-12 11:25:00,7.972756,10.710873,11.7,4.1
T04,GL-4396,2026-03-12 11:26:00,7.972168,10.710909,7.6,3.82
T04,GL-4396,2026-03-12 11:27:00,7.971593,10.710862,4.5,3.13
T04,GL-4396,2026-03-12 11:28:00,7.971042,10.710741,7.0,4.83
T04,GL-4396,2026-03-12 11:29:00,7.970369,10.710849,11.7,4.71
T04,GL-4396,2026-03-12 11:30:00,7.969941,10.710707,5.5,4.36
T04,GL-4396,2026-03-12 11:31:00,7.969395,10.71071,5.1,3.6
T04,GL-4396,2026-03-12 11:32:00,7.968792,10.710695,7.7,3.16
T04,GL-4396,2026-03-12 11:33:00,7.968324,10.710548,7.8,2.84
T04,GL-4396,2026-03-12 11:34:00,7.967733,10.710635,11.9,3.54
T04,GL-4396,2026-03-12 11:35:00,7.96714,10.710605,8.9,4.15
T04,GL-4396,2026-03-12 11:36:00,7.966656,10.710451,10.6,3.58
T04,GL-4396,2026-03-12 11:37:00,7.966145,10.710555,9.6,5.57
T04,GL-4396,2026-03-12 11:38:00,7.965575,10.710469,8.3,3.12
T04,GL-4396,2026-03-12 11:39:00,7.964941,10.71046,11.4,2.9
T04,GL-4396,2026-03-12 11:40:00,7.96434,10.710364,7.2,4.64
T04,GL-4396,2026-03-12 11:41:00,7.963832,10.710327,6.7,5.28
T04,GL-4396,2026-03-12 11:42:00,7.963247,10.710368,11.0,4.51
T04,GL-4396,2026-03-12 11:43:00,7.962633,10.710302,11.0,3.36
T04,GL-4396,2026-03-12 11:44:00,7.962299,10.710298,4.3,5.57
T04,GL-4396,2026-03-12 11:45:00,7.961742,10.710275,10.8,4.82
T04,GL-4396,2026-03-12 11:46:00,7.961151,10.710092,7.3,4.13
T04,GL-4396,2026-03-12 11:47:00,7.960505,10.710214,9.4,3.86
T04,GL-4396,2026-03-12 11:48:00,7.960027,10.710106,4.3,5.26
T04,GL-4396,2026-03-12 11:49:00,7.959428,10.71014,7.7,5.15
T04,GL-4396,2026-03-12 11:50:00,7.958878,10.710085,11.7,3.58
T04,GL-4396,2026-03-12 11:51:00,7.958387,10.710034,7.8,4.95
T04,GL-4396,2026-03-12 11:52:00,7.957772,10.710076,6.7,3.74
T04,GL-4396,2026-03-12 11:53:00,7.957226,10.710039,11.0,3.29
T04,GL-4396,2026-03-12 11:54:00,7.956714,10.709952,8.4,3.93
T04,GL-4396,2026-03-12 11:55:00,7.95606,10.709923,10.4,3.07
T04,GL-4396,2026-03-12 11:56:00,7.955586,10.709918,11.4,2.93
T04,GL-4396,2026-03-12 11:57:00,7.955032,10.709812,10.3,2.89
T04,GL-4396,2026-03-12 11:58:00,7.954452,10.709834,6.7,4.15
T04,GL-4396,2026-03-12 11:59:00,7.953987,10.709687,10.0,4.17
T04,GL-4396,2026-03-12 12:00:00,7.953385,10.709647,7.5,4.68
T04,GL-4396,2026-03-12 12:01:00,7.952696,10.709688,9.6,3.52
T04,GL-4396,2026-03-12 12:02:00,7.952316,10.709632,8.2,3.13
T04,GL-4396,2026-03-12 12:03:00,7.951779,10.709591,6.1,3.54
T04,GL-4396,2026-03-12 12:04:00,7.951237,10.709644,8.7,4.04
T04,GL-4396,2026-03-12 12:05:00,7.950622,10.709542,6.7,4.08
T04,GL-4396,2026-03-12 12:06:00,7.95015,10.70951,7.6,2.84
T04,GL-4396,2026-03-12 12:07:00,7.949481,10.709471,10.2,4.26
T04,GL-4396,2026-03-12 12:08:00,7.948909,10.70945,10.3,5.0
T04,GL-4396,2026-03-12 12:09:00,7.948398,10.709312,10.8,4.11
T04,GL-4396,2026-03-12 12:10:00,7.94791,10.709471,10.9,3.37
T04,GL-4396,2026-03-12 12:11:00,7.947292,10.709267,5.6,3.69
T04,GL-4396,2026-03-12 12:12:00,7.946842,10.709332,6.4,3.06
T04,GL-4396,2026-03-12 12:13:00,7.946163,10.709301,12.0,5.38
T04,GL-4396,2026-03-12 12:14:00,7.94578,10.709145,8.8,3.81
T04,GL-4396,2026-03-12 12:15:00,7.945179,10.709187,9.0,3.32
T04,GL-4396,2026-03-12 12:16:00,7.944658,10.70926,4.5,4.01
T04,GL-4396,2026-03-12 12:17:00,7.94393,10.709152,10.0,2.94
T04,GL-4396,2026-03-12 12:18:00,7.943483,10.709055,11.5,2.88
T04,GL-4396,2026-03-12 12:19:00,7.942893,10.709062,5.6,5.55
T04,GL-4396,2026-03-12 12:20:00,7.94249,10.709137,6.9,4.24
T04,GL-4396,2026-03-12 12:21:00,7.941832,10.709017,9.1,3.48
T04,GL-4396,2026-03-12 12:22:00,7.941292,10.70908,8.3,4.84
T04,GL-4396,2026-03-12 12:23:00,7.940732,10.70887,4.1,3.75
T04,GL-4396,2026-03-12 12:24:00,7.940266,10.70884,6.6,3.57
T04,GL-4396,2026-03-12 12:25:00,7.939486,10.70881,4.6,3.52
T04,GL-4396,2026-03-12 12:26:00,7.939055,10.708797,8.9,5.57
T04,GL-4396,2026-03-12 12:27:00,7.938523,10.708824,7.9,3.58
T04,GL-4396,2026-03-12 12:28:00,7.93787,10.708727,5.1,5.04
T04,GL-4396,2026-03-12 12:29:00,7.937446,10.708676,5.4,5.56
T04,GL-4396,2026-03-12 12:30:00,7.937029,10.708672,5.6,5.08
T04,GL-4396,2026-03-12 12:31:00,7.936376,10.708616,7.8,5.0
T04,GL-4396,2026-03-12 12:32:00,7.935774,10.708455,8.4,5.38
T04,GL-4396,2026-03-12 12:33:00,7.935291,10.708578,6.6,2.88
T04,GL-4396,2026-03-12 12:34:00,7.934696,10.708582,10.3,4.59
T04,GL-4396,2026-03-12 12:35:00,7.934173,10.70855,4.5,4.84
T04,GL-4396,2026-03-12 12:36:00,7.933535,10.708492,11.6,3.0
T04,GL-4396,2026-03-12 12:37:00,7.933162,10.708551,6.8,4.53
T04,GL-4396,2026-03-12 12:38:00,7.932455,10.708446,8.5,5.14
T04,GL-4396,2026-03-12 12:39:00,7.931931,10.708394,6.3,3.17
T04,GL-4396,2026-03-12 12:40:00,7.931355,10.708395,9.3,2.98
T04,GL-4396,2026-03-12 12:41:00,7.930789,10.708352,9.8,5.03
T04,GL-4396,2026-03-12 12:42:00,7.930207,10.708325,6.6,4.07
T04,GL-4396,2026-03-12 12:43:00,7.929688,10.708127,6.9,3.53
T04,GL-4396,2026-03-12 12:44:00,7.929057,10.708321,10.7,5.3
T04,GL-4396,2026-03-12 12:45:00,7.928724,10.708259,11.3,3.76
T04,GL-4396,2026-03-12 12:46:00,7.928136,10.708203,9.5,5.3
T04,GL-4396,2026-03-12 12:47:00,7.927464,10.708104,11.7,2.97
T04,GL-4396,2026-03-12 12:48:00,7.926932,10.708155,,5.16
T04,GL-4396,2026-03-12 12:49:00,7.926352,10.708081,5.9,5.3
T04,GL-4396,2026-03-12 12:50:00,7.925884,10.707838,6.7,5.2
T04,GL-4396,2026-03-12 12:51:00,7.925243,10.708009,11.9,4.92
T04,GL-4396,2026-03-12 12:52:00,7.924791,10.708029,6.0,3.56
T04,GL-4396,2026-03-12 12:53:00,7.924217,10.707933,6.3,4.91
T04,GL-4396,2026-03-12 12:54:00,7.923642,10.707859,7.1,3.32
T04,GL-4396,2026-03-12 12:55:00,7.923006,10.707907,6.2,4.38
T04,GL-4396,2026-03-12 12:56:00,7.922607,10.707828,10.8,3.82
T04,GL-4396,2026-03-12 12:57:00,7.921982,10.70778,8.2,5.11
T04,GL-4396,2026-03-12 12:58:00,7.921466,10.707789,8.3,5.04
T04,GL-4396,2026-03-12 12:59:00,7.920896,10.707708,10.1,2.89
T04,GL-4396,2026-03-12 13:00:00,7.920224,10.707699,5.4,4.37
T04,GL-4396,2026-03-12 13:01:00,7.919758,10.707677,11.1,3.41
T04,GL-4396,2026-03-12 13:02:00,7.919143,10.707583,10.7,3.16
T04,GL-4396,2026-03-12 13:03:00,7.918672,10.707609,4.2,4.22
T04,GL-4396,2026-03-12 13:04:00,7.918211,10.70749,9.6,5.06
T04,GL-4396,2026-03-12 13:05:00,7.917589,10.707603,10.4,4.3
T04,GL-4396,2026-03-12 13:06:00,7.917051,10.707506,9.9,3.47
T04,GL-4396,2026-03-12 13:07:00,7.916496,10.707495,11.4,4.9
T04,GL-4396,2026-03-12 13:08:00,7.915974,10.707338,11.0,3.42
T04,GL-4396,2026-03-12 13:09:00,7.915364,10.707361,10.1,2.98
T04,GL-4396,2026-03-12 13:10:00,7.914784,10.707272,10.0,3.47
T04,GL-4396,2026-03-12 13:11:00,7.914193,10.707226,8.9,4.24
T04,GL-4396,2026-03-12 13:12:00,7.913654,10.707255,8.1,5.16
T04,GL-4396,2026-03-12 13:13:00,7.913214,10.707265,7.2,4.76
T04,GL-4396,2026-03-12 13:14:00,7.912539,10.707154,5.9,3.77
T04,GL-4396,2026-03-12 13:15:00,7.911992,10.707188,9.8,4.24
T04,GL-4396,2026-03-12 13:16:00,7.911499,10.707107,12.0,4.96
T04,GL-4396,2026-03-12 13:17:00,7.9111,10.707156,6.0,5.46
T04,GL-4396,2026-03-12 13:18:00,7.910481,10.707114,9.7,3.9
T04,GL-4396,2026-03-12 13:19:00,7.90992,10.707103,10.7,5.31
T04,GL-4396,2026-03-12 13:20:00,7.909254,10.707032,8.4,5.02
T04,GL-4396,2026-03-12 13:21:00,7.908674,10.706904,4.6,3.68
T04,GL-4396,2026-03-12 13:22:00,7.908162,10.706996,8.7,4.69
T04,GL-4396,2026-03-12 13:23:00,7.907583,10.706953,4.2,2.91
T04,GL-4396,2026-03-12 13:24:00,7.907194,10.706937,6.1,4.46
T04,GL-4396,2026-03-12 13:25:00,7.906502,10.706942,7.2,3.16
T04,GL-4396,2026-03-12 13:26:00,7.905992,10.706801,10.6,5.42
T04,GL-4396,2026-03-12 13:27:00,7.905588,10.706797,5.7,3.87
T04,GL-4396,2026-03-12 13:28:00,7.905047,10.706746,7.9,5.4
T04,GL-4396,2026-03-12 13:29:00,7.904293,10.70668,11.5,3.21
T04,GL-4396,2026-03-12 13:30:00,7.903838,10.706646,6.9,5.55
T04,GL-4396,2026-03-12 13:31:00,7.903258,10.706715,6.6,5.1
T04,GL-4396,2026-03-12 13:32:00,7.902661,10.706517,6.2,3.98
T04,GL-4396,2026-03-12 13:33:00,7.902143,10.706468,9.7,3.01
T04,GL-4396,2026-03-12 13:34:00,7.901678,10.706561,4.4,4.66
T04,GL-4396,2026-03-12 13:35:00,7.900977,10.70658,6.5,4.82
T04,GL-4396,2026-03-12 13:36:00,7.900526,10.706537,4.7,3.35
T04,GL-4396,2026-03-12 13:37:00,7.899945,10.706338,11.6,4.03
T04,GL-4396,2026-03-12 13:38:00,7.899331,10.706379,8.7,3.73
T04,GL-4396,2026-03-12 13:39:00,7.898736,10.70632,7.5,3.92
T04,GL-4396,2026-03-12 13:40:00,7.898273,10.70636,5.1,4.28
T04,GL-4396,2026-03-12 13:41:00,7.897761,10.706192,11.2,2.87
T04,GL-4396,2026-03-12 13:42:00,7.897022,10.706239,4.7,5.27
T04,GL-4396,2026-03-12 13:43:00,7.896617,10.706298,11.0,4.15
T04,GL-4396,2026-03-12 13:44:00,8.379125,10.706139,10.3,242.2
T04,GL-4396,2026-03-12 13:45:00,7.895519,10.706142,10.6,4.03
T04,GL-4396,2026-03-12 13:46:00,7.895098,10.706263,5.2,3.04
T04,GL-4396,2026-03-12 13:47:00,7.89446,10.706165,8.2,4.89
T04,GL-4396,2026-03-12 13:48:00,7.893802,10.706039,10.7,3.54
T04,GL-4396,2026-03-12 13:49:00,7.893311,10.70601,11.9,4.52
T04,GL-4396,2026-03-12 13:50:00,7.892776,10.705905,9.2,4.68
T04,GL-4396,2026-03-12 13:51:00,7.892212,10.706015,4.4,3.02
T04,GL-4396,2026-03-12 13:52:00,7.891539,10.705885,8.0,3.06
T04,GL-4396,2026-03-12 13:53:00,7.891159,10.705882,6.8,5.1
T04,GL-4396,2026-03-12 13:54:00,7.890634,10.705826,4.0,3.11
T04,GL-4396,2026-03-12 13:55:00,7.88994,10.705843,10.7,3.01
T04,GL-4396,2026-03-12 13:56:00,7.889516,10.705699,5.7,3.99
T04,GL-4396,2026-03-12 13:57:00,7.888905,10.705659,8.4,3.66
T04,GL-4396,2026-03-12 13:58:00,7.888412,10.70569,4.3,5.53
T04,GL-4396,2026-03-12 13:59:00,7.887743,10.705773,6.9,4.12
T04,GL-4396,2026-03-12 14:00:00,7.887409,10.705603,6.5,4.17
T04,GL-4396,2026-03-12 14:01:00,7.886564,10.705675,8.0,4.62
T04,GL-4396,2026-03-12 14:02:00,7.886158,10.705461,11.9,4.97
T04,GL-4396,2026-03-12 14:03:00,7.885597,10.705473,7.0,3.25
T04,GL-4396,2026-03-12 14:04:00,7.885143,10.705544,5.8,5.1
T04,GL-4396,2026-03-12 14:05:00,7.884518,10.705404,5.0,3.07
T04,GL-4396,2026-03-12 14:06:00,7.883946,10.705358,8.4,5.58
T04,GL-4396,2026-03-12 14:07:00,7.883443,10.705258,11.2,4.21
T04,GL-4396,2026-03-12 14:08:00,7.882862,10.705373,4.7,4.75
T04,GL-4396,2026-03-12 14:09:00,7.882263,10.705346,5.6,3.68
T04,GL-4396,2026-03-12 14:10:00,7.881743,10.705321,8.6,2.91
T04,GL-4396,2026-03-12 14:11:00,7.881267,10.705277,8.1,3.0
T04,GL-4396,2026-03-12 14:12:00,7.880684,10.705297,11.7,3.0
T04,GL-4396,2026-03-12 14:13:00,7.880048,10.705162,7.6,5.01
T04,GL-4396,2026-03-12 14:14:00,7.879518,10.705229,8.7,4.48
T04,GL-4396,2026-03-12 14:15:00,7.879034,10.705062,7.6,4.01
T04,GL-4396,2026-03-12 14:16:00,7.878442,10.705001,8.5,5.05
T04,GL-4396,2026-03-12 14:17:00,7.877906,10.704929,9.7,4.21
T04,GL-4396,2026-03-12 14:18:00,7.877345,10.705013,9.0,4.91
T04,GL-4396,2026-03-12 14:19:00,7.876909,10.705009,7.7,3.37
T04,GL-4396,2026-03-12 14:20:00,7.876219,10.704986,7.2,5.18
T04,GL-4396,2026-03-12 14:21:00,7.875593,10.704992,10.0,3.97
T04,GL-4396,2026-03-12 14:22:00,7.875143,10.70479,6.3,4.37
T04,GL-4396,2026-03-12 14:23:00,7.874634,10.704796,4.3,4.43
T04,GL-4396,2026-03-12 14:24:00,7.8739,10.704888,6.4,3.63
T04,GL-4396,2026-03-12 14:25:00,7.87345,10.704762,8.1,5.44
T04,GL-4396,2026-03-12 14:26:00,7.872969,10.704796,10.9,5.06
T04,GL-4396,2026-03-12 14:27:00,7.872361,10.704705,9.8,5.5
T04,GL-4396,2026-03-12 14:28:00,7.871811,10.704634,8.6,5.53
T04,GL-4396,2026-03-12 14:29:00,7.871227,10.704619,5.3,3.78
T04,GL-4396,2026-03-12 14:30:00,7.870589,10.70459,8.1,3.47
T04,GL-4396,2026-03-12 14:31:00,7.870223,10.70464,4.6,4.68
T04,GL-4396,2026-03-12 14:32:00,7.869541,10.704604,5.1,4.87
T04,GL-4396,2026-03-12 14:33:00,7.869095,10.704567,9.0,3.24
T04,GL-4396,2026-03-12 14:34:00,7.868534,10.704541,4.8,3.48
T04,GL-4396,2026-03-12 14:35:00,7.867925,10.704479,9.9,5.57
T04,GL-4396,2026-03-12 14:36:00,7.867525,10.704333,4.1,2.86
T04,GL-4396,2026-03-12 14:37:00,7.86686,10.704351,4.7,3.67
T04,GL-4396,2026-03-12 14:38:00,7.86634,10.70442,4.5,4.62
T04,GL-4396,2026-03-12 14:39:00,7.865829,10.704171,10.3,5.5
T04,GL-4396,2026-03-12 14:40:00,7.865256,10.704278,7.5,4.97
T04,GL-4396,2026-03-12 14:41:00,7.864809,10.704277,6.1,4.74
T04,GL-4396,2026-03-12 14:42:00,7.864174,10.704218,4.4,4.25
T04,GL-4396,2026-03-12 14:43:00,7.863544,10.704173,11.9,2.9
T04,GL-4396,2026-03-12 14:44:00,7.863039,10.704117,10.4,4.95
T04,GL-4396,2026-03-12 14:45:00,7.862396,10.704029,11.8,4.16
T04,GL-4396,2026-03-12 14:46:00,7.861851,10.704128,5.1,4.37
T04,GL-4396,2026-03-12 14:47:00,7.861427,10.70402,8.3,4.57
T04,GL-4396,2026-03-12 14:48:00,7.860843,10.704017,9.8,3.25
T04,GL-4396,2026-03-12 14:49:00,7.860251,10.703957,6.1,3.51
T04,GL-4396,2026-03-12 14:50:00,7.859735,10.703907,10.2,3.54
T04,GL-4396,2026-03-12 14:51:00,7.859219,10.703911,6.1,5.26
T04,GL-4396,2026-03-12 14:52:00,7.858704,10.703898,7.5,3.26
T04,GL-4396,2026-03-12 14:53:00,7.858066,10.703933,8.2,5.31
T04,GL-4396,2026-03-12 14:54:00,7.857536,10.703836,11.7,5.39
T04,GL-4396,2026-03-12 14:55:00,7.856929,10.703765,8.4,3.61
T04,GL-4396,2026-03-12 14:56:00,7.856481,10.703767,4.8,3.21
T04,GL-4396,2026-03-12 14:57:00,7.855941,10.703757,9.1,5.01
T04,GL-4396,2026-03-12 14:58:00,7.855253,10.703611,10.2,3.87
T04,GL-4396,2026-03-12 14:59:00,7.854833,10.703657,7.7,2.98
T04,GL-4396,2026-03-12 15:00:00,7.854259,10.703568,6.2,4.2
T04,GL-4396,2026-03-12 15:01:00,7.853623,10.703596,6.0,3.83
T04,GL-4396,2026-03-12 15:02:00,7.853146,10.703547,9.9,4.48
T04,GL-4396,2026-03-12 15:03:00,7.852552,10.703474,11.4,3.84
T04,GL-4396,2026-03-12 15:04:00,7.851898,10.703425,5.2,3.38
T04,GL-4396,2026-03-12 15:05:00,7.851474,10.703347,4.5,5.34
T04,GL-4396,2026-03-12 15:06:00,7.850924,10.703393,11.1,3.78
T04,GL-4396,2026-03-12 15:07:00,7.850372,10.703339,7.9,2.99
T04,GL-4396,2026-03-12 15:08:00,7.849817,10.70336,7.1,3.98
T04,GL-4396,2026-03-12 15:09:00,7.849195,10.703256,6.7,4.09
T04,GL-4396,2026-03-12 15:10:00,7.848749,10.703216,6.8,4.53
T04,GL-4396,2026-03-12 15:11:00,7.848175,10.703317,11.4,3.05
T04,GL-4396,2026-03-12 15:12:00,7.8476,10.703287,4.8,3.13
T04,GL-4396,2026-03-12 15:13:00,7.847054,10.703238,5.7,5.12
T04,GL-4396,2026-03-12 15:14:00,7.846438,10.703238,11.9,5.52
T04,GL-4396,2026-03-12 15:15:00,7.845937,10.703048,11.9,5.25
T04,GL-4396,2026-03-12 15:16:00,7.845394,10.703058,7.7,3.0
T04,GL-4396,2026-03-12 15:17:00,7.844849,10.70311,9.2,4.63
T04,GL-4396,2026-03-12 15:18:00,7.84428,10.702991,11.6,4.1
T04,GL-4396,2026-03-12 15:19:00,7.843688,10.702867,10.6,4.13
T04,GL-4396,2026-03-12 15:20:00,7.843197,10.702947,11.9,3.7
T04,GL-4396,2026-03-12 15:21:00,7.842698,10.702907,10.8,4.93
T04,GL-4396,2026-03-12 15:22:00,7.842074,10.702752,4.4,5.59
T04,GL-4396,2026-03-12 15:23:00,7.841514,10.702756,6.3,5.22
T04,GL-4396,2026-03-12 15:24:00,7.841107,10.702729,11.7,2.95
T04,GL-4396,2026-03-12 15:25:00,7.840376,10.702723,11.4,3.83
T04,GL-4396,2026-03-12 15:26:00,7.839923,10.702762,5.3,3.88
T04,GL-4396,2026-03-12 15:27:00,7.839361,10.702684,10.5,5.54
T04,GL-4396,2026-03-12 15:28:00,7.838752,10.702626,4.3,4.76
T04,GL-4396,2026-03-12 15:29:00,7.838156,10.702618,6.9,3.81
T04,GL-4396,2026-03-12 15:30:00,7.837764,10.702595,6.2,3.06
T04,GL-4396,2026-03-12 15:31:00,7.837098,10.702566,5.3,4.73
T04,GL-4396,2026-03-12 15:32:00,7.836566,10.702484,5.4,3.84
T04,GL-4396,2026-03-12 15:33:00,7.836055,10.702503,6.6,2.92
T04,GL-4396,2026-03-12 15:34:00,7.835534,10.702386,6.1,4.05
T04,GL-4396,2026-03-12 15:35:00,7.834968,10.702419,4.3,5.49
T04,GL-4396,2026-03-12 15:36:00,7.834428,10.702322,5.1,3.17
T04,GL-4396,2026-03-12 15:37:00,7.833889,10.702292,5.5,4.66
T04,GL-4396,2026-03-12 15:38:00,7.833283,10.702293,8.3,3.17
T04,GL-4396,2026-03-12 15:39:00,7.83268,10.702202,9.3,4.53
T04,GL-4396,2026-03-12 15:40:00,7.832175,10.702247,11.7,5.16
T04,GL-4396,2026-03-12 15:41:00,7.831596,10.702145,10.3,4.4
T04,GL-4396,2026-03-12 15:42:00,7.830976,10.702168,7.8,3.06
T04,GL-4396,2026-03-12 15:43:00,7.830441,10.702207,8.3,4.98
T04,GL-4396,2026-03-12 15:44:00,7.83004,10.70221,11.3,4.56
T04,GL-4396,2026-03-12 15:45:00,8.161338,10.70214,4.2,236.18
T04,GL-4396,2026-03-12 15:46:00,7.828897,10.702036,11.8,4.55
T04,GL-4396,2026-03-12 15:47:00,7.828273,10.702064,7.1,3.92
T04,GL-4396,2026-03-12 15:48:00,7.82783,10.702044,9.5,3.6
T04,GL-4396,2026-03-12 15:49:00,7.82724,10.701826,4.9,2.85
T04,GL-4396,2026-03-12 15:50:00,7.826682,10.701843,9.2,3.4
T04,GL-4396,2026-03-12 15:51:00,7.82612,10.701882,6.5,3.94
T04,GL-4396,2026-03-12 15:52:00,7.825542,10.701707,9.7,3.88
T04,GL-4396,2026-03-12 15:53:00,7.825012,10.701854,5.2,4.01
T04,GL-4396,2026-03-12 15:54:00,7.824545,10.701769,6.1,3.74
T04,GL-4396,2026-03-12 15:55:00,7.823954,10.701774,,2.97
T04,GL-4396,2026-03-12 15:56:00,7.539058,10.701871,7.9,260.67
T04,GL-4396,2026-03-12 15:57:00,7.822833,10.701763,8.9,4.64
T04,GL-4396,2026-03-12 15:58:00,7.822274,10.701732,8.5,3.18
T04,GL-4396,2026-03-12 15:59:00,7.821714,10.701671,9.6,3.14
T04,GL-4396,2026-03-12 16:00:00,7.821196,10.70162,,3.62
T04,GL-4396,2026-03-12 16:01:00,7.820623,10.701487,4.9,5.0
T04,GL-4396,2026-03-12 16:02:00,7.820052,10.701426,7.7,4.47
T04,GL-4396,2026-03-12 16:03:00,7.819579,10.701455,6.5,3.43
T04,GL-4396,2026-03-12 16:04:00,7.819004,10.701433,11.5,4.46
T04,GL-4396,2026-03-12 16:05:00,7.818333,10.701336,7.6,4.22
T04,GL-4396,2026-03-12 16:06:00,7.817862,10.701365,9.6,2.96
T04,GL-4396,2026-03-12 16:07:00,7.817249,10.701321,4.5,5.11
T04,GL-4396,2026-03-12 16:08:00,7.816812,10.70125,10.4,2.9
T04,GL-4396,2026-03-12 16:09:00,7.816131,10.70117,10.4,5.42
T04,GL-4396,2026-03-12 16:10:00,7.815758,10.701181,5.9,5.44
T04,GL-4396,2026-03-12 16:11:00,7.815137,10.701124,9.1,5.49
T04,GL-4396,2026-03-12 16:12:00,7.814659,10.701228,4.1,2.85
T04,GL-4396,2026-03-12 16:13:00,7.813993,10.701131,5.3,4.59
T04,GL-4396,2026-03-12 16:14:00,7.813394,10.700962,8.3,4.57
T04,GL-4396,2026-03-12 16:15:00,7.812906,10.700945,7.1,5.22
T04,GL-4396,2026-03-12 16:16:00,7.81227,10.700998,4.9,4.66
T04,GL-4396,2026-03-12 16:17:00,7.811779,10.700992,11.7,3.6
T04,GL-4396,2026-03-12 16:18:00,7.811213,10.700893,7.3,4.16
T04,GL-4396,2026-03-12 16:19:00,7.810598,10.700834,9.6,4.34
T04,GL-4396,2026-03-12 16:20:00,7.810285,10.700868,10.4,3.03
T04,GL-4396,2026-03-12 16:21:00,7.809613,10.700838,10.0,5.01
T04,GL-4396,2026-03-12 16:22:00,7.809044,10.700821,6.7,5.03
T04,GL-4396,2026-03-12 16:23:00,7.808472,10.700683,6.8,3.33
T04,GL-4396,2026-03-12 16:24:00,7.807914,10.700739,9.8,2.88
T04,GL-4396,2026-03-12 16:25:00,7.807289,10.700706,5.6,4.12
T04,GL-4396,2026-03-12 16:26:00,7.806816,10.700821,7.5,5.49
T04,GL-4396,2026-03-12 16:27:00,7.8063,10.700576,11.6,4.29
T04,GL-4396,2026-03-12 16:28:00,7.805651,10.700653,4.2,5.39
T04,GL-4396,2026-03-12 16:29:00,7.805218,10.700511,5.2,3.4
T04,GL-4396,2026-03-12 16:30:00,7.804626,10.700499,6.4,4.0
T04,GL-4396,2026-03-12 16:31:00,7.804194,10.700452,4.0,5.28
T04,GL-4396,2026-03-12 16:32:00,7.803477,10.700566,10.8,4.45
T04,GL-4396,2026-03-12 16:33:00,7.802977,10.700395,5.1,3.28
T04,GL-4396,2026-03-12 16:34:00,7.802545,10.700366,9.5,4.38
T04,GL-4396,2026-03-12 16:35:00,7.801851,10.700406,7.2,4.87
T04,GL-4396,2026-03-12 16:36:00,7.801329,10.700351,5.0,5.38
T04,GL-4396,2026-03-12 16:37:00,7.800776,10.70029,9.7,3.19
T04,GL-4396,2026-03-12 16:38:00,7.800224,10.700371,10.2,4.32
T04,GL-4396,2026-03-12 16:39:00,7.799717,10.700093,9.6,5.3
T04,GL-4396,2026-03-12 16:40:00,7.799143,10.700275,4.0,3.88
T04,GL-4396,2026-03-12 16:41:00,7.798542,10.700237,9.8,3.17
T04,GL-4396,2026-03-12 16:42:00,7.798075,10.700097,4.8,4.06
T04,GL-4396,2026-03-12 16:43:00,7.797463,10.700065,8.3,5.52
T04,GL-4396,2026-03-12 16:44:00,7.796828,10.700046,9.4,5.14
T04,GL-4396,2026-03-12 16:45:00,7.796235,10.700073,6.7,5.16
T04,GL-4396,2026-03-12 16:46:00,7.795884,10.700073,7.8,3.23
T04,GL-4396,2026-03-12 16:47:00,7.795109,10.699926,6.1,3.13
T04,GL-4396,2026-03-12 16:48:00,7.794674,10.700094,11.8,4.46
T04,GL-4396,2026-03-12 16:49:00,7.794227,10.699867,9.1,3.01
T04,GL-4396,2026-03-12 16:50:00,7.793668,10.699704,4.1,4.13
T04,GL-4396,2026-03-12 16:51:00,7.79293,10.699733,6.9,3.46
T04,GL-4396,2026-03-12 16:52:00,7.792593,10.699765,9.5,2.93
T04,GL-4396,2026-03-12 16:53:00,7.792023,10.699743,8.5,4.22
T04,GL-4396,2026-03-12 16:54:00,7.791414,10.699697,11.1,3.16
T04,GL-4396,2026-03-12 16:55:00,7.790852,10.699733,9.3,4.88
T04,GL-4396,2026-03-12 16:56:00,7.790338,10.699559,10.8,4.36
T04,GL-4396,2026-03-12 16:57:00,7.78973,10.699632,5.1,3.83
T04,GL-4396,2026-03-12 16:58:00,7.789202,10.699545,4.2,5.31
T04,GL-4396,2026-03-12 16:59:00,7.788589,10.699555,9.5,4.84
T04,GL-4396,2026-03-12 17:00:00,7.788068,10.699611,4.7,3.38
T04,GL-4396,2026-03-12 17:01:00,7.787385,10.699478,6.0,3.65
T04,GL-4396,2026-03-12 17:02:00,7.786909,10.699446,,3.2
T04,GL-4396,2026-03-12 17:03:00,7.786484,10.699436,10.0,4.85
T04,GL-4396,2026-03-12 17:04:00,7.785858,10.69944,11.7,5.42
T04,GL-4396,2026-03-12 17:05:00,7.785263,10.699369,4.3,5.49
T04,GL-4396,2026-03-12 17:06:00,7.784861,10.699303,7.3,2.93
T04,GL-4396,2026-03-12 17:07:00,7.784174,10.699157,6.7,4.4
T04,GL-4396,2026-03-12 17:08:00,7.783758,10.699215,10.3,5.39
T04,GL-4396,2026-03-12 17:09:00,7.783136,10.699124,6.8,5.03
T04,GL-4396,2026-03-12 17:10:00,7.7825,10.699114,10.2,5.15
T04,GL-4396,2026-03-12 17:11:00,7.782065,10.699071,8.3,4.4
T04,GL-4396,2026-03-12 17:12:00,7.781532,10.699108,4.8,4.29
T04,GL-4396,2026-03-12 17:13:00,7.780786,10.699098,5.8,4.46
T04,GL-4396,2026-03-12 17:14:00,7.780499,10.69899,5.6,5.05
T04,GL-4396,2026-03-12 17:15:00,7.77978,10.698991,6.0,2.86
T04,GL-4396,2026-03-12 17:16:00,7.779244,10.698951,5.5,5.54
T04,GL-4396,2026-03-12 17:17:00,7.778785,10.698883,4.1,4.42
T04,GL-4396,2026-03-12 17:18:00,7.778248,10.698985,8.7,4.8
T04,GL-4396,2026-03-12 17:19:00,7.77757,10.698833,11.7,3.11
T04,GL-4396,2026-03-12 17:20:00,7.777027,10.69884,11.7,5.01
T04,GL-4396,2026-03-12 17:21:00,7.776493,10.698727,6.5,4.37
T04,GL-4396,2026-03-12 17:22:00,7.7759,10.698811,4.1,2.98
T04,GL-4396,2026-03-12 17:23:00,7.77541,10.698639,5.1,4.3
T04,GL-4396,2026-03-12 17:24:00,7.774891,10.698717,7.0,3.3
T04,GL-4396,2026-03-12 17:25:00,7.774314,10.698664,8.1,2.92
T04,GL-4396,2026-03-12 17:26:00,7.773808,10.698532,9.6,3.34
T04,GL-4396,2026-03-12 17:27:00,7.773211,10.698468,4.7,4.11
T04,GL-4396,2026-03-12 17:28:00,7.772705,10.698676,4.9,5.53
T04,GL-4396,2026-03-12 17:29:00,7.772162,10.698472,9.1,4.47
T04,GL-4396,2026-03-12 17:30:00,7.771574,10.698473,8.4,5.43
T04,GL-4396,2026-03-12 17:31:00,7.771069,10.698418,8.8,4.77
T04,GL-4396,2026-03-12 17:32:00,7.7705,10.698386,7.4,3.82
T04,GL-4396,2026-03-12 17:33:00,7.769851,10.698429,5.5,3.83
T04,GL-4396,2026-03-12 17:34:00,7.769309,10.698331,7.0,3.0
T04,GL-4396,2026-03-12 17:35:00,7.768786,10.698307,11.3,4.04
T04,GL-4396,2026-03-12 17:36:00,7.768311,10.698188,11.8,5.46
T04,GL-4396,2026-03-12 17:37:00,7.76768,10.69821,8.2,4.19
T04,GL-4396,2026-03-12 17:38:00,7.767108,10.698274,9.5,3.31
T04,GL-4396,2026-03-12 17:39:00,7.766633,10.698216,10.9,4.28
T04,GL-4396,2026-03-12 17:40:00,7.766091,10.698216,10.0,5.59
T04,GL-4396,2026-03-12 17:41:00,7.76547,10.698032,5.7,3.89
T04,GL-4396,2026-03-12 17:42:00,7.764917,10.698048,7.2,3.35
T04,GL-4396,2026-03-12 17:43:00,7.76438,10.698039,9.9,3.68
T04,GL-4396,2026-03-12 17:44:00,7.763888,10.697904,7.9,3.39
T04,GL-4396,2026-03-12 17:45:00,7.763289,10.697948,4.5,4.51
T04,GL-4396,2026-03-12 17:46:00,7.762718,10.69798,11.8,3.42
T04,GL-4396,2026-03-12 17:47:00,7.762217,10.697821,6.6,5.55
T04,GL-4396,2026-03-12 17:48:00,7.761624,10.697876,4.6,5.16
T04,GL-4396,2026-03-12 17:49:00,7.761047,10.697942,8.7,2.98
T04,GL-4396,2026-03-12 17:50:00,7.760608,10.697914,5.5,3.79
T04,GL-4396,2026-03-12 17:51:00,7.76,10.697685,8.1,3.28
T04,GL-4396,2026-03-12 17:52:00,7.759406,10.697715,6.9,3.53
T04,GL-4396,2026-03-12 17:53:00,7.758838,10.697635,7.4,3.95
T04,GL-4396,2026-03-12 17:54:00,7.758389,10.697622,6.6,4.93
T04,GL-4396,2026-03-12 17:55:00,7.757672,10.69769,6.9,3.93
T04,GL-4396,2026-03-12 17:56:00,7.757155,10.697654,10.8,3.4
T04,GL-4396,2026-03-12 17:57:00,7.756769,10.697543,4.6,4.17
T04,GL-4396,2026-03-12 17:58:00,7.756137,10.697507,5.8,5.41
T04,GL-4396,2026-03-12 17:59:00,7.75558,10.697438,8.7,5.36
T04,GL-4396,2026-03-12 18:00:00,7.754906,10.697423,6.9,4.7
T04,GL-4396,2026-03-12 18:01:00,7.754521,10.697445,8.3,3.63
T04,GL-4396,2026-03-12 18:02:00,7.75399,10.697429,11.6,5.04
T04,GL-4396,2026-03-12 18:03:00,7.753442,10.697476,4.2,3.25
T04,GL-4396,2026-03-12 18:04:00,7.752879,10.697305,8.5,5.49
T04,GL-4396,2026-03-12 18:05:00,7.752311,10.697201,11.2,3.93
T04,GL-4396,2026-03-12 18:06:00,7.75177,10.697355,4.9,4.17
T04,GL-4396,2026-03-12 18:07:00,7.751215,10.697209,4.1,5.4
T04,GL-4396,2026-03-12 18:08:00,7.750629,10.697196,5.5,4.32
T04,GL-4396,2026-03-12 18:09:00,7.750082,10.697184,11.8,4.23
T04,GL-4396,2026-03-12 18:10:00,7.749513,10.697151,7.3,4.5
T04,GL-4396,2026-03-12 18:11:00,7.749098,10.697167,4.3,2.92
T04,GL-4396,2026-03-12 18:12:00,7.748408,10.697105,5.1,4.53
T04,GL-4396,2026-03-12 18:13:00,7.747904,10.697017,4.2,3.9
T04,GL-4396,2026-03-12 18:14:00,7.747337,10.697,10.6,5.49
T04,GL-4396,2026-03-12 18:15:00,7.746803,10.697,11.8,4.32
T04,GL-4396,2026-03-12 18:16:00,7.746238,10.696969,11.5,3.3
T04,GL-4396,2026-03-12 18:17:00,7.745772,10.696888,4.9,5.45
T04,GL-4396,2026-03-12 18:18:00,7.74518,10.696891,10.1,4.62
T04,GL-4396,2026-03-12 18:19:00,7.744608,10.696714,11.5,3.26
T04,GL-4396,2026-03-12 18:20:00,7.744037,10.696698,8.7,2.89
T04,GL-4396,2026-03-12 18:21:00,7.743522,10.696738,6.9,5.56
T04,GL-4396,2026-03-12 18:22:00,7.74279,10.696757,10.2,4.58
T04,GL-4396,2026-03-12 18:23:00,7.742329,10.696663,6.9,5.37
T04,GL-4396,2026-03-12 18:24:00,7.741805,10.696776,5.5,4.75
T04,GL-4396,2026-03-12 18:25:00,7.741241,10.696702,4.8,3.47
T04,GL-4396,2026-03-12 18:26:00,7.740752,10.696604,5.5,3.5
T04,GL-4396,2026-03-12 18:27:00,7.740244,10.696504,8.1,5.09
T04,GL-4396,2026-03-12 18:28:00,7.739597,10.696578,6.0,3.32
T04,GL-4396,2026-03-12 18:29:00,7.739153,10.696493,10.6,3.68
T04,GL-4396,2026-03-12 18:30:00,7.73852,10.696465,4.4,3.91
T04,GL-4396,2026-03-12 18:31:00,7.737987,10.696542,,4.46
T04,GL-4396,2026-03-12 18:32:00,7.73747,10.696409,,5.36
T04,GL-4396,2026-03-12 18:33:00,7.736844,10.696443,4.5,4.59
T04,GL-4396,2026-03-12 18:34:00,7.73634,10.696384,4.1,4.96
T04,GL-4396,2026-03-12 18:35:00,8.039378,10.696255,9.3,233.78
T04,GL-4396,2026-03-12 18:36:00,7.735189,10.696166,10.5,3.03
T04,GL-4396,2026-03-12 18:37:00,7.734714,10.696209,10.5,3.78
T04,GL-4396,2026-03-12 18:38:00,7.734165,10.696191,9.0,4.19
T04,GL-4396,2026-03-12 18:39:00,7.733542,10.696216,6.2,5.09
T04,GL-4396,2026-03-12 18:40:00,7.732981,10.696079,10.4,5.35
T04,GL-4396,2026-03-12 18:41:00,7.732539,10.695992,10.8,4.6
T04,GL-4396,2026-03-12 18:42:00,7.731845,10.696192,11.8,4.21
T04,GL-4396,2026-03-12 18:43:00,7.731336,10.695995,11.3,4.82
T04,GL-4396,2026-03-12 18:44:00,7.730851,10.695944,8.4,5.27
T04,GL-4396,2026-03-12 18:45:00,7.730259,10.695886,7.8,5.32
T04,GL-4396,2026-03-12 18:46:00,7.729523,10.695931,11.5,4.92
T04,GL-4396,2026-03-12 18:47:00,7.729166,10.695937,5.7,3.48
T04,GL-4396,2026-03-12 18:48:00,7.728661,10.695855,,2.95
T04,GL-4396,2026-03-12 18:49:00,7.728094,10.695718,7.0,5.43
T04,GL-4396,2026-03-12 18:50:00,7.727534,10.695801,10.3,5.1
T04,GL-4396,2026-03-12 18:51:00,7.726926,10.695792,6.7,3.36
T04,GL-4396,2026-03-12 18:52:00,7.726348,10.695652,6.6,3.96
T04,GL-4396,2026-03-12 18:53:00,7.725847,10.695634,10.1,3.98
T04,GL-4396,2026-03-12 18:54:00,7.725341,10.695769,5.7,3.92
T04,GL-4396,2026-03-12 18:55:00,7.724895,10.695611,9.2,3.02
T04,GL-4396,2026-03-12 18:56:00,7.724214,10.695565,10.9,4.76
T04,GL-4396,2026-03-12 18:57:00,7.723616,10.69548,4.0,4.51
T04,GL-4396,2026-03-12 18:58:00,7.72308,10.695433,7.7,3.81
T04,GL-4396,2026-03-12 18:59:00,7.722481,10.695507,5.4,3.61
T04,GL-4396,2026-03-12 19:00:00,7.722054,10.695413,7.1,4.52
T04,GL-4396,2026-03-12 19:01:00,7.721565,10.695414,6.9,4.07
T04,GL-4396,2026-03-12 19:02:00,7.720905,10.69535,9.9,5.52
T04,GL-4396,2026-03-12 19:03:00,7.720478,10.69536,10.1,3.63
T04,GL-4396,2026-03-12 19:04:00,7.719794,10.695232,9.0,4.22
T04,GL-4396,2026-03-12 19:05:00,7.719174,10.695197,11.0,4.13
T04,GL-4396,2026-03-12 19:06:00,7.718703,10.695294,7.2,3.47
T04,GL-4396,2026-03-12 19:07:00,7.718214,10.695218,11.3,5.0
T04,GL-4396,2026-03-12 19:08:00,7.717508,10.695114,6.9,4.0
T04,GL-4396,2026-03-12 19:09:00,7.717062,10.695107,6.5,2.96
T04,GL-4396,2026-03-12 19:10:00,7.716476,10.695046,,5.36
T04,GL-4396,2026-03-12 19:11:00,7.71597,10.695013,8.0,4.83
T04,GL-4396,2026-03-12 19:12:00,7.715429,10.69496,10.1,3.63
T04,GL-4396,2026-03-12 19:13:00,7.71476,10.694952,7.5,5.57
T04,GL-4396,2026-03-12 19:14:00,7.714239,10.694833,7.3,4.87
T04,GL-4396,2026-03-12 19:15:00,7.713692,10.694959,4.1,3.24
T04,GL-4396,2026-03-12 19:16:00,7.713146,10.694881,,4.75
T04,GL-4396,2026-03-12 19:17:00,7.712614,10.694826,11.1,4.69
T04,GL-4396,2026-03-12 19:18:00,7.712167,10.69478,6.3,5.09
T04,GL-4396,2026-03-12 19:19:00,7.711454,10.694756,8.6,4.49
T04,GL-4396,2026-03-12 19:20:00,7.710978,10.694809,10.5,3.29
T04,GL-4396,2026-03-12 19:21:00,7.710473,10.694693,8.2,2.81
T04,GL-4396,2026-03-12 19:22:00,7.709808,10.694664,12.0,4.54
T04,GL-4396,2026-03-12 19:23:00,7.709304,10.694603,8.4,3.42
T04,GL-4396,2026-03-12 19:24:00,7.708712,10.694643,8.7,4.72
T04,GL-4396,2026-03-12 19:25:00,7.708227,10.694568,8.1,4.47
T04,GL-4396,2026-03-12 19:26:00,7.707681,10.694542,4.8,4.17
T04,GL-4396,2026-03-12 19:27:00,7.70721,10.694486,5.5,3.45
T04,GL-4396,2026-03-12 19:28:00,7.706559,10.694351,5.3,5.41
T04,GL-4396,2026-03-12 19:29:00,7.706016,10.694365,8.6,5.53
T04,GL-4396,2026-03-12 19:30:00,7.705333,10.694299,9.2,2.93
T04,GL-4396,2026-03-12 19:31:00,7.705023,10.694344,6.6,5.06
T04,GL-4396,2026-03-12 19:32:00,7.70432,10.694311,11.1,4.07
T04,GL-4396,2026-03-12 19:33:00,7.703778,10.694414,9.9,3.21
T04,GL-4396,2026-03-12 19:34:00,7.703262,10.694243,10.1,5.48
T04,GL-4396,2026-03-12 19:35:00,7.702622,10.694233,5.8,4.4
T04,GL-4396,2026-03-12 19:36:00,7.702265,10.69422,6.4,4.0
T04,GL-4396,2026-03-12 19:37:00,7.701746,10.694209,5.6,4.16
T04,GL-4396,2026-03-12 19:38:00,7.701052,10.694152,4.6,3.41
T04,GL-4396,2026-03-12 19:39:00,7.700588,10.694076,5.2,4.36
T04,GL-4396,2026-03-12 19:40:00,7.700007,10.69406,5.5,5.26
T04,GL-4396,2026-03-12 19:41:00,7.699508,10.69407,,3.2
T04,GL-4396,2026-03-12 19:42:00,7.698844,10.694015,5.1,4.45
T04,GL-4396,2026-03-12 19:43:00,7.698267,10.693993,4.7,4.34
T04,GL-4396,2026-03-12 19:44:00,7.697748,10.693915,5.5,3.08
T04,GL-4396,2026-03-12 19:45:00,7.697142,10.693802,11.2,3.56
T04,GL-4396,2026-03-12 19:46:00,7.69669,10.6939,8.2,4.31
T04,GL-4396,2026-03-12 19:47:00,7.696151,10.693955,7.0,3.91
T04,GL-4396,2026-03-12 19:48:00,7.695595,10.693785,6.9,4.95
T04,GL-4396,2026-03-12 19:49:00,7.695041,10.693726,7.4,5.2
T04,GL-4396,2026-03-12 19:50:00,7.6944,10.693633,,4.5
T04,GL-4396,2026-03-12 19:51:00,7.693844,10.693734,8.5,3.67
T04,GL-4396,2026-03-12 19:52:00,7.693411,10.693665,7.5,3.12
T04,GL-4396,2026-03-12 19:53:00,7.69287,10.69371,5.1,3.76
T04,GL-4396,2026-03-12 19:54:00,7.692222,10.693569,11.7,3.49
T04,GL-4396,2026-03-12 19:55:00,7.691681,10.693572,7.7,4.89
T04,GL-4396,2026-03-12 19:56:00,7.691176,10.693425,8.9,3.49
T04,GL-4396,2026-03-12 19:57:00,7.690624,10.693477,5.9,5.51
T04,GL-4396,2026-03-12 19:58:00,7.690047,10.693362,4.7,3.77
T04,GL-4396,2026-03-12 19:59:00,7.689442,10.693471,6.7,2.84
T04,GL-4396,2026-03-12 20:00:00,7.688909,10.69336,7.9,3.61
T04,GL-4396,2026-03-12 20:01:00,7.688463,10.693367,9.5,3.94
T04,GL-4396,2026-03-12 20:02:00,7.687891,10.693346,4.8,4.11
T04,GL-4396,2026-03-12 20:03:00,7.687242,10.693204,4.0,3.31
T04,GL-4396,2026-03-12 20:04:00,7.627258,10.693271,9.3,213.22
T04,GL-4396,2026-03-12 20:05:00,7.686148,10.693114,8.4,2.99
T04,GL-4396,2026-03-12 20:06:00,7.685635,10.693118,11.8,3.54
T04,GL-4396,2026-03-12 20:07:00,7.685017,10.693184,7.6,4.33
T04,GL-4396,2026-03-12 20:08:00,7.684606,10.693079,10.5,4.73
T04,GL-4396,2026-03-12 20:09:00,7.684005,10.6931,11.6,4.41
T04,GL-4396,2026-03-12 20:10:00,7.683434,10.693022,4.4,4.53
T04,GL-4396,2026-03-12 20:11:00,7.682837,10.692957,9.4,5.24
T04,GL-4396,2026-03-12 20:12:00,7.682341,10.692959,10.2,4.76
T04,GL-4396,2026-03-12 20:13:00,7.681773,10.692958,8.9,4.11
T04,GL-4396,2026-03-12 20:14:00,7.681225,10.692858,5.9,4.2
T04,GL-4396,2026-03-12 20:15:00,7.680743,10.692861,4.4,2.83
T04,GL-4396,2026-03-12 20:16:00,7.680192,10.692794,11.8,4.57
T04,GL-4396,2026-03-12 20:17:00,7.679569,10.69285,5.9,3.43
T04,GL-4396,2026-03-12 20:18:00,7.679097,10.692757,10.4,3.11
T04,GL-4396,2026-03-12 20:19:00,7.678546,10.692642,11.2,5.45
T04,GL-4396,2026-03-12 20:20:00,7.67794,10.692803,5.4,4.85
T04,GL-4396,2026-03-12 20:21:00,7.677331,10.692674,9.3,4.7
T04,GL-4396,2026-03-12 20:22:00,7.676838,10.692587,11.7,4.34
T04,GL-4396,2026-03-12 20:23:00,7.676205,10.692546,12.0,4.26
T04,GL-4396,2026-03-12 20:24:00,7.675691,10.692605,10.8,5.03
T04,GL-4396,2026-03-12 20:25:00,7.675172,10.69254,9.8,3.87
T04,GL-4396,2026-03-12 20:26:00,7.674616,10.692371,8.7,5.32
T04,GL-4396,2026-03-12 20:27:00,7.674123,10.692369,4.0,4.94
T04,GL-4396,2026-03-12 20:28:00,7.673495,10.692424,12.0,4.81
T04,GL-4396,2026-03-12 20:29:00,7.672976,10.692385,5.3,3.87
T04,GL-4396,2026-03-12 20:30:00,7.672352,10.692347,4.8,3.98
T04,GL-4396,2026-03-12 20:31:00,7.671846,10.692353,5.1,3.07
T04,GL-4396,2026-03-12 20:32:00,7.671308,10.692308,11.3,4.09
T04,GL-4396,2026-03-12 20:33:00,7.670842,10.69231,11.2,3.42
T04,GL-4396,2026-03-12 20:34:00,7.670355,10.692142,8.5,4.6
T04,GL-4396,2026-03-12 20:35:00,7.669619,10.692147,9.7,5.3
T04,GL-4396,2026-03-12 20:36:00,7.669071,10.692161,10.9,4.77
T04,GL-4396,2026-03-12 20:37:00,7.668505,10.692166,5.6,4.48
T04,GL-4396,2026-03-12 20:38:00,7.668001,10.691979,4.9,5.57
T04,GL-4396,2026-03-12 20:39:00,7.667445,10.692063,11.1,3.33
T04,GL-4396,2026-03-12 20:40:00,7.666862,10.692041,5.7,3.09
T04,GL-4396,2026-03-12 20:41:00,7.666375,10.692049,6.5,4.5
T04,GL-4396,2026-03-12 20:42:00,7.665823,10.691903,8.2,4.82
T04,GL-4396,2026-03-12 20:43:00,7.665159,10.691794,11.0,4.64
T04,GL-4396,2026-03-12 20:44:00,7.664661,10.69196,11.5,5.4
T04,GL-4396,2026-03-12 20:45:00,7.664057,10.691841,6.6,3.5
T04,GL-4396,2026-03-12 20:46:00,7.663628,10.691816,10.2,3.52
T04,GL-4396,2026-03-12 20:47:00,7.663006,10.691769,10.6,2.82
T04,GL-4396,2026-03-12 20:48:00,7.662439,10.691636,8.9,5.29
T04,GL-4396,2026-03-12 20:49:00,7.66201,10.691634,5.5,4.42
T04,GL-4396,2026-03-12 20:50:00,7.661484,10.691787,4.6,3.01
T04,GL-4396,2026-03-12 20:51:00,7.660794,10.691611,6.7,4.78
T04,GL-4396,2026-03-12 20:52:00,7.660229,10.691653,11.3,5.48
T04,GL-4396,2026-03-12 20:53:00,7.659684,10.691544,,2.84
T04,GL-4396,2026-03-12 20:54:00,7.659225,10.691517,6.8,3.91
T04,GL-4396,2026-03-12 20:55:00,7.658675,10.69155,11.7,4.96
T04,GL-4396,2026-03-12 20:56:00,7.65819,10.691531,5.4,4.62
T04,GL-4396,2026-03-12 20:57:00,7.657515,10.691337,8.8,4.59
T04,GL-4396,2026-03-12 20:58:00,7.656906,10.691427,11.4,4.51
T04,GL-4396,2026-03-12 20:59:00,7.656468,10.691257,9.3,4.53
T04,GL-4396,2026-03-12 21:00:00,7.655964,10.691277,9.2,3.34
T04,GL-4396,2026-03-12 21:01:00,7.655387,10.691362,11.4,4.78
T04,GL-4396,2026-03-12 21:02:00,7.654788,10.691159,11.2,5.18
T04,GL-4396,2026-03-12 21:03:00,7.654211,10.691224,8.3,2.99
T04,GL-4396,2026-03-12 21:04:00,7.653644,10.691188,7.3,3.96
T04,GL-4396,2026-03-12 21:05:00,7.653147,10.691115,11.6,5.07
T04,GL-4396,2026-03-12 21:06:00,7.652543,10.691201,9.3,4.92
T04,GL-4396,2026-03-12 21:07:00,7.65202,10.691124,10.1,5.44
T04,GL-4396,2026-03-12 21:08:00,7.651454,10.691022,5.1,4.68
T04,GL-4396,2026-03-12 21:09:00,7.650829,10.69108,4.9,3.21
T04,GL-4396,2026-03-12 21:10:00,7.650401,10.690978,11.7,2.88
T04,GL-4396,2026-03-12 21:11:00,7.649757,10.690966,11.6,5.08
T04,GL-4396,2026-03-12 21:12:00,7.649266,10.690986,7.4,5.23
T04,GL-4396,2026-03-12 21:13:00,7.648842,10.690955,9.8,2.96
T04,GL-4396,2026-03-12 21:14:00,7.648192,10.690886,5.3,5.0
T04,GL-4396,2026-03-12 21:15:00,7.647555,10.690813,9.6,4.86
T04,GL-4396,2026-03-12 21:16:00,7.647089,10.690699,6.4,5.38
T04,GL-4396,2026-03-12 21:17:00,7.646531,10.69069,6.0,4.86
T04,GL-4396,2026-03-12 21:18:00,7.645866,10.690721,9.6,2.96
T04,GL-4396,2026-03-12 21:19:00,7.645337,10.690732,8.8,2.95
T04,GL-4396,2026-03-12 21:20:00,7.644885,10.690621,7.4,5.0
T04,GL-4396,2026-03-12 21:21:00,7.644316,10.690589,5.2,4.36
T04,GL-4396,2026-03-12 21:22:00,7.643885,10.69052,9.9,5.24
T04,GL-4396,2026-03-12 21:23:00,7.643356,10.690547,7.8,3.06
T04,GL-4396,2026-03-12 21:24:00,7.642678,10.690437,6.1,2.94
T04,GL-4396,2026-03-12 21:25:00,7.642079,10.690329,9.1,4.77
T04,GL-4396,2026-03-12 21:26:00,7.641436,10.690445,9.4,3.35
T04,GL-4396,2026-03-12 21:27:00,7.64113,10.69043,9.8,3.97
T04,GL-4396,2026-03-12 21:28:00,7.640515,10.690295,8.9,3.35
T04,GL-4396,2026-03-12 21:29:00,7.639812,10.690284,8.6,3.51
T04,GL-4396,2026-03-12 21:30:00,7.639333,10.690257,6.9,5.02
T04,GL-4396,2026-03-12 21:31:00,7.638799,10.690175,9.1,5.58
T04,GL-4396,2026-03-12 21:32:00,7.638337,10.690334,4.5,4.81
T04,GL-4396,2026-03-12 21:33:00,7.637687,10.690325,4.1,4.71
T04,GL-4396,2026-03-12 21:34:00,7.637175,10.690292,8.8,3.04
T04,GL-4396,2026-03-12 21:35:00,7.636577,10.690129,9.1,4.66
T04,GL-4396,2026-03-12 21:36:00,7.636063,10.690198,11.5,2.97
T04,GL-4396,2026-03-12 21:37:00,7.63553,10.69017,,5.57
T04,GL-4396,2026-03-12 21:38:00,7.634939,10.69001,7.9,4.7
T04,GL-4396,2026-03-12 21:39:00,7.634311,10.689989,7.4,4.03
T04,GL-4396,2026-03-12 21:40:00,7.633834,10.689897,4.0,4.26
T04,GL-4396,2026-03-12 21:41:00,7.633244,10.689834,11.2,3.97
T04,GL-4396,2026-03-12 21:42:00,7.632664,10.689917,7.7,4.41
T04,GL-4396,2026-03-12 21:43:00,7.632126,10.689841,10.1,2.89
T04,GL-4396,2026-03-12 21:44:00,7.63163,10.689821,10.2,5.14
T04,GL-4396,2026-03-12 21:45:00,7.631133,10.689782,11.3,4.48
T04,GL-4396,2026-03-12 21:46:00,7.630543,10.689717,6.1,5.02
T04,GL-4396,2026-03-12 21:47:00,7.630026,10.689717,6.6,4.23
T04,GL-4396,2026-03-12 21:48:00,7.629456,10.689646,6.5,5.25
T04,GL-4396,2026-03-12 21:49:00,7.628858,10.689674,7.6,3.78
T04,GL-4396,2026-03-12 21:50:00,7.628404,10.689541,5.4,3.65
T04,GL-4396,2026-03-12 21:51:00,7.627721,10.689491,11.2,3.46
T04,GL-4396,2026-03-12 21:52:00,7.627245,10.68966,4.2,3.68
T04,GL-4396,2026-03-12 21:53:00,7.626688,10.689464,8.1,3.5
T04,GL-4396,2026-03-12 21:54:00,7.626167,10.689505,5.0,3.29
T04,GL-4396,2026-03-12 21:55:00,7.625534,10.689435,7.8,4.61
T04,GL-4396,2026-03-12 21:56:00,7.625101,10.689476,,3.93
T04,GL-4396,2026-03-12 21:57:00,7.624525,10.68946,9.2,4.7
T04,GL-4396,2026-03-12 21:58:00,7.623828,10.689286,,3.16
T04,GL-4396,2026-03-12 21:59:00,7.623277,10.689361,8.1,3.08
T04,GL-4396,2026-03-12 22:00:00,7.62282,10.689215,8.9,4.43
T04,GL-4396,2026-03-12 22:01:00,7.622282,10.689215,8.6,5.27
T04,GL-4396,2026-03-12 22:02:00,7.621778,10.689165,10.4,3.27
T04,GL-4396,2026-03-12 22:03:00,7.621247,10.689168,4.0,4.48
T04,GL-4396,2026-03-12 22:04:00,7.620619,10.689168,11.8,5.58
T04,GL-4396,2026-03-12 22:05:00,7.620076,10.6892,5.8,5.48
T04,GL-4396,2026-03-12 22:06:00,7.619504,10.689097,8.1,4.48
T04,GL-4396,2026-03-12 22:07:00,7.619023,10.688983,4.8,4.48
T04,GL-4396,2026-03-12 22:08:00,7.618435,10.689066,9.0,5.06
T04,GL-4396,2026-03-12 22:09:00,7.617929,10.689071,7.8,4.86
T04,GL-4396,2026-03-12 22:10:00,7.617196,10.688944,7.2,4.22
T04,GL-4396,2026-03-12 22:11:00,7.616834,10.688978,7.8,3.82
T04,GL-4396,2026-03-12 22:12:00,7.616204,10.688795,11.4,3.79
T04,GL-4396,2026-03-12 22:13:00,7.615692,10.688865,5.4,4.25
T04,GL-4396,2026-03-12 22:14:00,7.615179,10.688804,4.3,3.82
T04,GL-4396,2026-03-12 22:15:00,7.614576,10.688871,7.3,3.55
T04,GL-4396,2026-03-12 22:16:00,7.614038,10.688739,10.7,5.41
T04,GL-4396,2026-03-12 22:17:00,7.613503,10.688553,7.0,4.45
T04,GL-4396,2026-03-12 22:18:00,7.612839,10.688689,8.0,3.03
T04,GL-4396,2026-03-12 22:19:00,7.612375,10.688741,10.3,5.23
T04,GL-4396,2026-03-12 22:20:00,7.611763,10.68857,6.6,3.77
T04,GL-4396,2026-03-12 22:21:00,7.61125,10.688558,5.2,4.97
T04,GL-4396,2026-03-12 22:22:00,7.610663,10.688577,10.0,4.47
T04,GL-4396,2026-03-12 22:23:00,7.610063,10.688486,7.8,5.54
T04,GL-4396,2026-03-12 22:24:00,7.609609,10.688591,4.4,4.75
T04,GL-4396,2026-03-12 22:25:00,7.609175,10.68834,8.7,3.59
T04,GL-4396,2026-03-12 22:26:00,7.608558,10.688505,7.8,4.38
T04,GL-4396,2026-03-12 22:27:00,7.608014,10.688294,8.6,3.02
T04,GL-4396,2026-03-12 22:28:00,7.607446,10.688342,8.7,3.76
T04,GL-4396,2026-03-12 22:29:00,7.606751,10.688206,11.0,4.52
T04,GL-4396,2026-03-12 22:30:00,7.606265,10.688153,8.6,3.42
T04,GL-4396,2026-03-12 22:31:00,7.605638,10.688169,4.4,4.81
T04,GL-4396,2026-03-12 22:32:00,7.605099,10.688185,7.2,3.08
T04,GL-4396,2026-03-12 22:33:00,7.604663,10.688173,4.4,4.25
T04,GL-4396,2026-03-12 22:34:00,7.604152,10.688033,6.9,3.67
T04,GL-4396,2026-03-12 22:35:00,7.603498,10.688055,5.2,3.68
T04,GL-4396,2026-03-12 22:36:00,7.602898,10.688022,8.9,4.2
T04,GL-4396,2026-03-12 22:37:00,7.602458,10.688063,6.2,4.31
T04,GL-4396,2026-03-12 22:38:00,7.601882,10.687878,5.0,5.49
T04,GL-4396,2026-03-12 22:39:00,7.601252,10.687918,10.0,4.38
T04,GL-4396,2026-03-12 22:40:00,7.600839,10.687901,6.8,3.2
T04,GL-4396,2026-03-12 22:41:00,7.600155,10.687799,11.9,4.17
T04,GL-4396,2026-03-12 22:42:00,7.599765,10.687731,6.4,4.74
T04,GL-4396,2026-03-12 22:43:00,7.599159,10.687855,10.0,5.0
T04,GL-4396,2026-03-12 22:44:00,7.598572,10.687788,4.5,3.19
T04,GL-4396,2026-03-12 22:45:00,7.598039,10.687828,11.6,5.41
T04,GL-4396,2026-03-12 22:46:00,7.597474,10.687755,8.8,2.84
T04,GL-4396,2026-03-12 22:47:00,7.59683,10.687697,,4.76
T04,GL-4396,2026-03-12 22:48:00,7.596315,10.687637,4.8,3.84
T04,GL-4396,2026-03-12 22:49:00,7.595823,10.687566,7.8,2.92
T04,GL-4396,2026-03-12 22:50:00,7.595243,10.687518,10.8,5.07
T04,GL-4396,2026-03-12 22:51:00,7.59474,10.687599,10.5,4.76
T04,GL-4396,2026-03-12 22:52:00,7.594125,10.687479,9.0,5.1
T04,GL-4396,2026-03-12 22:53:00,7.593666,10.687484,10.0,3.44
T04,GL-4396,2026-03-12 22:54:00,7.593125,10.687415,10.6,5.02
T04,GL-4396,2026-03-12 22:55:00,7.592532,10.687459,5.5,4.89
T04,GL-4396,2026-03-12 22:56:00,7.592037,10.687454,4.7,3.67
T04,GL-4396,2026-03-12 22:57:00,7.591428,10.687349,5.2,3.08
T04,GL-4396,2026-03-12 22:58:00,7.590876,10.687235,9.9,3.88
T04,GL-4396,2026-03-12 22:59:00,7.590301,10.687284,5.8,4.79
T04,GL-4396,2026-03-12 23:00:00,7.589791,10.687253,8.8,4.87
T04,GL-4396,2026-03-12 23:01:00,7.589162,10.687264,9.9,3.41
T04,GL-4396,2026-03-12 23:02:00,7.588567,10.687174,9.2,4.27
T04,GL-4396,2026-03-12 23:03:00,7.58805,10.687119,4.4,4.36
T04,GL-4396,2026-03-12 23:04:00,7.587547,10.68719,4.4,5.34
T04,GL-4396,2026-03-12 23:05:00,7.587041,10.687112,11.9,2.93
T04,GL-4396,2026-03-12 23:06:00,7.586493,10.687081,8.2,3.53
T04,GL-4396,2026-03-12 23:07:00,7.585931,10.686932,5.7,5.36
T04,GL-4396,2026-03-12 23:08:00,7.585384,10.686906,6.5,2.86
T04,GL-4396,2026-03-12 23:09:00,7.584837,10.686978,8.9,4.24
T04,GL-4396,2026-03-12 23:10:00,7.584271,10.686994,6.4,4.64
T04,GL-4396,2026-03-12 23:11:00,7.583687,10.686984,6.3,5.36
T04,GL-4396,2026-03-12 23:12:00,7.583162,10.686732,6.0,3.85
T04,GL-4396,2026-03-12 23:13:00,7.582485,10.686844,11.0,5.45
T04,GL-4396,2026-03-12 23:14:00,7.581991,10.686731,7.4,4.42
T04,GL-4396,2026-03-12 23:15:00,7.581523,10.686827,8.0,4.88
T04,GL-4396,2026-03-12 23:16:00,7.580991,10.686693,6.8,4.75
T04,GL-4396,2026-03-12 23:17:00,7.580385,10.686675,9.7,4.87
T04,GL-4396,2026-03-12 23:18:00,7.57986,10.686639,4.7,4.39
T04,GL-4396,2026-03-12 23:19:00,7.579309,10.686524,5.0,5.08
T04,GL-4396,2026-03-12 23:20:00,7.578794,10.686547,11.4,3.99
T04,GL-4396,2026-03-12 23:21:00,7.578166,10.686481,4.9,4.63
T04,GL-4396,2026-03-12 23:22:00,7.577607,10.686535,5.7,4.56
T04,GL-4396,2026-03-12 23:23:00,7.57711,10.686517,11.5,5.16
T04,GL-4396,2026-03-12 23:24:00,7.576525,10.686388,11.0,4.87
T04,GL-4396,2026-03-12 23:25:00,7.575918,10.686362,7.9,4.69
T04,GL-4396,2026-03-12 23:26:00,7.575443,10.686432,6.4,5.53
T04,GL-4396,2026-03-12 23:27:00,7.574918,10.686251,9.4,3.47
T04,GL-4396,2026-03-12 23:28:00,7.574389,10.68638,4.6,5.1
T04,GL-4396,2026-03-12 23:29:00,7.57373,10.686391,10.9,4.43
T04,GL-4396,2026-03-12 23:30:00,7.573295,10.686161,7.6,4.8
T04,GL-4396,2026-03-12 23:31:00,7.572776,10.686189,8.5,3.7
T04,GL-4396,2026-03-12 23:32:00,7.572143,10.6862,5.5,4.37
T04,GL-4396,2026-03-12 23:33:00,7.571624,10.686077,4.6,5.47
T04,GL-4396,2026-03-12 23:34:00,7.570991,10.686053,10.1,5.17
T04,GL-4396,2026-03-12 23:35:00,7.570484,10.686127,7.8,3.31
T04,GL-4396,2026-03-12 23:36:00,7.569829,10.685911,6.4,3.76
T04,GL-4396,2026-03-12 23:37:00,7.569302,10.685908,10.2,5.33
T04,GL-4396,2026-03-12 23:38:00,7.568796,10.685997,10.2,3.92
T04,GL-4396,2026-03-12 23:39:00,7.56834,10.685979,9.8,3.2
T04,GL-4396,2026-03-12 23:40:00,7.567741,10.685904,11.4,4.01
T04,GL-4396,2026-03-12 23:41:00,7.567126,10.685815,9.2,4.8
T04,GL-4396,2026-03-12 23:42:00,7.566718,10.685737,5.0,3.73
T04,GL-4396,2026-03-12 23:43:00,7.566016,10.685816,8.2,3.83
T04,GL-4396,2026-03-12 23:44:00,7.565481,10.685747,10.7,4.37
T04,GL-4396,2026-03-12 23:45:00,7.565053,10.685723,10.2,4.46
T04,GL-4396,2026-03-12 23:46:00,7.564373,10.68563,8.3,3.57
T04,GL-4396,2026-03-12 23:47:00,7.563928,10.685622,11.0,5.48
T04,GL-4396,2026-03-12 23:48:00,7.563363,10.685578,5.3,2.84
T04,GL-4396,2026-03-12 23:49:00,7.562747,10.68556,6.7,2.9
T04,GL-4396,2026-03-12 23:50:00,7.562284,10.68548,11.2,2.89
T04,GL-4396,2026-03-12 23:51:00,7.561741,10.685482,11.0,3.39
T04,GL-4396,2026-03-12 23:52:00,7.561023,10.685488,9.5,5.47
T04,GL-4396,2026-03-12 23:53:00,7.560617,10.685502,10.8,4.41
T04,GL-4396,2026-03-12 23:54:00,7.559898,10.685364,11.2,3.72
T04,GL-4396,2026-03-12 23:55:00,7.559448,10.685393,6.1,4.88
T04,GL-4396,2026-03-12 23:56:00,7.558795,10.685316,,4.81
T04,GL-4396,2026-03-12 23:57:00,7.558288,10.685314,10.4,5.05
T04,GL-4396,2026-03-12 23:58:00,7.557829,10.685297,8.5,2.85
T04,GL-4396,2026-03-12 23:59:00,7.557213,10.685195,5.6,4.69
T04,GL-4396,2026-03-13 00:00:00,7.55678,10.685064,5.1,4.34
T04,GL-4396,2026-03-13 00:01:00,7.556051,10.685245,7.9,3.83
T04,GL-4396,2026-03-13 00:02:00,7.555593,10.685134,7.8,4.48
T04,GL-4396,2026-03-13 00:03:00,7.554995,10.685057,6.1,5.03
T04,GL-4396,2026-03-13 00:04:00,7.554456,10.685026,5.8,3.43
T04,GL-4396,2026-03-13 00:05:00,7.554004,10.685016,9.0,4.21
T04,GL-4396,2026-03-13 00:06:00,7.553458,10.684962,11.7,5.0
T04,GL-4396,2026-03-13 00:07:00,7.552864,10.684907,,3.74
T04,GL-4396,2026-03-13 00:08:00,7.552435,10.684987,8.6,5.26
T04,GL-4396,2026-03-13 00:09:00,7.551729,10.684841,4.9,3.03
T04,GL-4396,2026-03-13 00:10:00,7.551109,10.684887,10.7,2.96
T04,GL-4396,2026-03-13 00:11:00,7.55075,10.684774,9.4,3.7
T04,GL-4396,2026-03-13 00:12:00,7.550125,10.684945,8.3,4.07
T04,GL-4396,2026-03-13 00:13:00,7.549574,10.684728,10.5,3.32
T04,GL-4396,2026-03-13 00:14:00,7.548992,10.684728,7.8,5.59
T04,GL-4396,2026-03-13 00:15:00,7.548331,10.684566,5.7,3.84
T04,GL-4396,2026-03-13 00:16:00,7.547962,10.684659,4.7,3.58
T04,GL-4396,2026-03-13 00:17:00,7.54728,10.684567,8.1,4.67
T04,GL-4396,2026-03-13 00:18:00,7.54683,10.684602,4.2,4.82
T04,GL-4396,2026-03-13 00:19:00,7.546223,10.684576,,5.56
T04,GL-4396,2026-03-13 00:20:00,7.545654,10.684599,7.0,4.54
T04,GL-4396,2026-03-13 00:21:00,7.545101,10.684445,11.4,3.97
T04,GL-4396,2026-03-13 00:22:00,7.54455,10.684613,11.6,3.73
T04,GL-4396,2026-03-13 00:23:00,7.544037,10.68442,9.7,4.92
T04,GL-4396,2026-03-13 00:24:00,8.242229,10.684477,8.4,293.1
T04,GL-4396,2026-03-13 00:25:00,7.542966,10.684266,9.6,4.09
T04,GL-4396,2026-03-13 00:26:00,7.542482,10.684315,8.5,4.6
T04,GL-4396,2026-03-13 00:27:00,7.541853,10.684256,9.5,4.06
T04,GL-4396,2026-03-13 00:28:00,7.541283,10.684199,,2.97
T04,GL-4396,2026-03-13 00:29:00,7.540656,10.684234,5.9,4.41
T04,GL-4396,2026-03-13 00:30:00,7.540125,10.68412,,3.33
T04,GL-4396,2026-03-13 00:31:00,7.539557,10.684175,9.7,4.46
T04,GL-4396,2026-03-13 00:32:00,7.538996,10.684162,6.1,4.45
T04,GL-4396,2026-03-13 00:33:00,7.538573,10.684091,4.4,3.37
T04,GL-4396,2026-03-13 00:34:00,7.537832,10.684002,5.4,4.62
T04,GL-4396,2026-03-13 00:35:00,7.53741,10.683959,11.8,3.92
T04,GL-4396,2026-03-13 00:36:00,7.536792,10.683912,10.2,5.16
T04,GL-4396,2026-03-13 00:37:00,7.536332,10.683926,10.4,4.76
T04,GL-4396,2026-03-13 00:38:00,7.535739,10.683895,11.4,3.84
T04,GL-4396,2026-03-13 00:39:00,7.535258,10.683933,8.4,5.08
T04,GL-4396,2026-03-13 00:40:00,7.534801,10.683924,7.8,3.19
T04,GL-4396,2026-03-13 00:41:00,7.533977,10.683775,5.4,4.51
T04,GL-4396,2026-03-13 00:42:00,7.533671,10.683688,5.0,4.12
T04,GL-4396,2026-03-13 00:43:00,7.532986,10.683873,11.1,3.4
T04,GL-4396,2026-03-13 00:44:00,7.532445,10.683727,6.4,4.04
T04,GL-4396,2026-03-13 00:45:00,7.531899,10.683711,10.0,4.37
T04,GL-4396,2026-03-13 00:46:00,7.531421,10.683532,11.9,5.43
T04,GL-4396,2026-03-13 00:47:00,7.530862,10.683656,5.1,4.99
T04,GL-4396,2026-03-13 00:48:00,7.530337,10.683578,8.7,3.61
T04,GL-4396,2026-03-13 00:49:00,7.529765,10.683438,7.0,5.36
T04,GL-4396,2026-03-13 00:50:00,7.529117,10.683457,5.1,4.35
T04,GL-4396,2026-03-13 00:51:00,7.528617,10.683401,10.2,3.56
T04,GL-4396,2026-03-13 00:52:00,7.5281,10.683454,6.2,3.63
T04,GL-4396,2026-03-13 00:53:00,7.52758,10.683368,8.8,3.54
T04,GL-4396,2026-03-13 00:54:00,7.526999,10.683453,7.4,4.59
T04,GL-4396,2026-03-13 00:55:00,7.526411,10.683332,10.1,4.74
T04,GL-4396,2026-03-13 00:56:00,7.525758,10.683306,11.2,4.7
T04,GL-4396,2026-03-13 00:57:00,7.525294,10.683288,11.0,4.5
T04,GL-4396,2026-03-13 00:58:00,7.524754,10.683181,11.4,4.65
T04,GL-4396,2026-03-13 00:59:00,7.524107,10.683259,6.9,3.32
T04,GL-4396,2026-03-13 01:00:00,7.523617,10.683108,9.2,4.65
T04,GL-4396,2026-03-13 01:01:00,7.523129,10.683034,8.2,3.28
T04,GL-4396,2026-03-13 01:02:00,7.522526,10.683042,4.1,4.87
T04,GL-4396,2026-03-13 01:03:00,7.521944,10.683151,7.7,2.85
T04,GL-4396,2026-03-13 01:04:00,7.521419,10.682998,11.4,3.12
T04,GL-4396,2026-03-13 01:05:00,7.521064,10.682999,6.6,5.45
T04,GL-4396,2026-03-13 01:06:00,7.520243,10.682916,10.3,5.3
T04,GL-4396,2026-03-13 01:07:00,7.519726,10.683007,9.3,4.89
T04,GL-4396,2026-03-13 01:08:00,7.51928,10.682908,10.5,3.51
T04,GL-4396,2026-03-13 01:09:00,7.518625,10.682835,10.1,2.84
T04,GL-4396,2026-03-13 01:10:00,7.518097,10.682712,10.4,4.63
T04,GL-4396,2026-03-13 01:11:00,7.517615,10.68272,8.2,4.85
T04,GL-4396,2026-03-13 01:12:00,7.516994,10.682787,8.2,4.96
T04,GL-4396,2026-03-13 01:13:00,7.516443,10.68275,5.7,3.81
T04,GL-4396,2026-03-13 01:14:00,7.515946,10.682687,4.3,4.45
T04,GL-4396,2026-03-13 01:15:00,7.515426,10.682819,4.8,3.99
T04,GL-4396,2026-03-13 01:16:00,7.514899,10.682635,11.7,4.98
T04,GL-4396,2026-03-13 01:17:00,7.514284,10.682616,9.5,2.96
T04,GL-4396,2026-03-13 01:18:00,7.513698,10.682573,6.6,4.59
T04,GL-4396,2026-03-13 01:19:00,7.513129,10.682558,4.9,3.27
T04,GL-4396,2026-03-13 01:20:00,7.512526,10.682415,8.1,4.04
T04,GL-4396,2026-03-13 01:21:00,7.511984,10.68247,9.8,2.9
T04,GL-4396,2026-03-13 01:22:00,7.440171,10.682386,11.7,201.78
T04,GL-4396,2026-03-13 01:23:00,7.511013,10.682355,10.8,4.95
T04,GL-4396,2026-03-13 01:24:00,7.510434,10.682375,12.0,4.35
T04,GL-4396,2026-03-13 01:25:00,7.509839,10.682313,9.2,5.08
T04,GL-4396,2026-03-13 01:26:00,7.509259,10.682226,,5.5
T04,GL-4396,2026-03-13 01:27:00,7.50884,10.682239,5.9,5.5
T04,GL-4396,2026-03-13 01:28:00,7.508208,10.682223,7.8,4.57
T04,GL-4396,2026-03-13 01:29:00,7.507701,10.682118,10.5,3.41
T04,GL-4396,2026-03-13 01:30:00,7.507119,10.682124,9.6,2.97
T04,GL-4396,2026-03-13 01:31:00,7.506553,10.682153,10.1,3.55
T04,GL-4396,2026-03-13 01:32:00,7.50603,10.682089,6.4,4.04
T04,GL-4396,2026-03-13 01:33:00,7.505601,10.681986,4.1,4.32
T04,GL-4396,2026-03-13 01:34:00,7.504988,10.68195,5.5,3.18
T04,GL-4396,2026-03-13 01:35:00,7.504388,10.681939,5.2,4.74
T04,GL-4396,2026-03-13 01:36:00,7.503806,10.681901,4.6,3.45
T04,GL-4396,2026-03-13 01:37:00,7.503197,10.681816,8.8,5.27
T04,GL-4396,2026-03-13 01:38:00,7.502669,10.681927,11.8,4.94
T04,GL-4396,2026-03-13 01:39:00,7.502213,10.681857,10.3,5.05
T04,GL-4396,2026-03-13 01:40:00,7.501648,10.681849,11.2,5.29
T04,GL-4396,2026-03-13 01:41:00,7.501151,10.681722,11.5,4.9
T04,GL-4396,2026-03-13 01:42:00,7.500463,10.681701,10.0,3.86
T04,GL-4396,2026-03-13 01:43:00,7.500024,10.681794,6.7,3.58
T04,GL-4396,2026-03-13 01:44:00,7.49941,10.68167,6.8,3.79
T04,GL-4396,2026-03-13 01:45:00,7.498929,10.68155,9.3,3.46
T04,GL-4396,2026-03-13 01:46:00,7.498221,10.681545,4.6,5.41
T04,GL-4396,2026-03-13 01:47:00,7.497774,10.681508,10.7,5.12
T04,GL-4396,2026-03-13 01:48:00,7.497238,10.681514,11.2,5.55
T04,GL-4396,2026-03-13 01:49:00,7.496637,10.681535,6.8,4.99
T04,GL-4396,2026-03-13 01:50:00,7.496055,10.681316,10.4,5.36
T04,GL-4396,2026-03-13 01:51:00,7.495532,10.681359,6.4,2.95
T04,GL-4396,2026-03-13 01:52:00,7.494997,10.681323,8.3,5.16
T04,GL-4396,2026-03-13 01:53:00,7.494333,10.681419,6.3,3.43
T04,GL-4396,2026-03-13 01:54:00,7.493915,10.681275,10.5,5.42
T04,GL-4396,2026-03-13 01:55:00,7.493215,10.681315,8.3,3.65
T04,GL-4396,2026-03-13 01:56:00,7.492869,10.681224,8.5,3.98
T04,GL-4396,2026-03-13 01:57:00,7.492312,10.681171,7.5,3.56
T04,GL-4396,2026-03-13 01:58:00,7.491636,10.681218,5.7,3.95
T04,GL-4396,2026-03-13 01:59:00,7.491197,10.681245,8.1,5.11
T04,GL-4396,2026-03-13 02:00:00,7.490607,10.681151,6.8,3.02
T04,GL-4396,2026-03-13 02:01:00,7.489995,10.681089,11.7,4.37
T04,GL-4396,2026-03-13 02:02:00,7.489466,10.680996,8.4,4.11
T04,GL-4396,2026-03-13 02:03:00,7.488916,10.681037,6.2,3.77
T04,GL-4396,2026-03-13 02:04:00,7.488433,10.680951,7.6,5.05
T04,GL-4396,2026-03-13 02:05:00,7.487737,10.680854,10.9,4.88
T04,GL-4396,2026-03-13 02:06:00,7.487239,10.680946,10.7,3.91
T04,GL-4396,2026-03-13 02:07:00,7.486638,10.680783,4.3,2.8
T04,GL-4396,2026-03-13 02:08:00,7.486231,10.680841,8.0,5.57
T04,GL-4396,2026-03-13 02:09:00,7.485659,10.68085,,3.48
T04,GL-4396,2026-03-13 02:10:00,7.485182,10.680675,10.5,4.37
T04,GL-4396,2026-03-13 02:11:00,7.484483,10.680806,8.6,3.5
T04,GL-4396,2026-03-13 02:12:00,7.484043,10.680697,4.9,3.54
T04,GL-4396,2026-03-13 02:13:00,7.483469,10.680762,6.5,3.55
T04,GL-4396,2026-03-13 02:14:00,7.482876,10.680583,9.7,4.73
T04,GL-4396,2026-03-13 02:15:00,7.48242,10.680658,11.2,2.82
T04,GL-4396,2026-03-13 02:16:00,7.48176,10.680541,6.0,3.07
T04,GL-4396,2026-03-13 02:17:00,7.481219,10.680439,10.8,4.16
T04,GL-4396,2026-03-13 02:18:00,7.480639,10.680566,5.7,3.09
T04,GL-4396,2026-03-13 02:19:00,7.480106,10.680434,11.8,3.49
T04,GL-4396,2026-03-13 02:20:00,7.479443,10.680388,10.0,5.53
T04,GL-4396,2026-03-13 02:21:00,7.47907,10.680435,,4.06
T04,GL-4396,2026-03-13 02:22:00,7.478446,10.680397,9.2,5.47
T04,GL-4396,2026-03-13 02:23:00,7.477908,10.680406,5.1,5.35
T04,GL-4396,2026-03-13 02:24:00,7.477341,10.680247,11.5,4.2
T04,GL-4396,2026-03-13 02:25:00,7.476826,10.680249,7.4,3.53
T04,GL-4396,2026-03-13 02:26:00,7.47624,10.680244,7.9,4.97
T04,GL-4396,2026-03-13 02:27:00,7.475728,10.68024,10.9,4.42
T04,GL-4396,2026-03-13 02:28:00,7.475196,10.680072,11.5,3.8
T04,GL-4396,2026-03-13 02:29:00,7.474604,10.680085,7.8,4.39
T04,GL-4396,2026-03-13 02:30:00,7.474151,10.680138,10.2,2.88
T04,GL-4396,2026-03-13 02:31:00,7.473501,10.680141,6.8,4.75
T04,GL-4396,2026-03-13 02:32:00,7.472979,10.679949,5.2,4.03
T04,GL-4396,2026-03-13 02:33:00,7.472444,10.680011,8.2,4.35
T04,GL-4396,2026-03-13 02:34:00,7.471874,10.679941,7.3,3.41
T04,GL-4396,2026-03-13 02:35:00,7.47127,10.680004,6.3,3.34
T04,GL-4396,2026-03-13 02:36:00,7.470702,10.67983,7.6,3.96
T04,GL-4396,2026-03-13 02:37:00,7.470214,10.679848,9.4,5.2
T04,GL-4396,2026-03-13 02:38:00,7.469682,10.679784,10.1,5.42
T04,GL-4396,2026-03-13 02:39:00,7.469163,10.679751,11.8,3.97
T04,GL-4396,2026-03-13 02:40:00,7.468517,10.679764,6.2,3.39
T04,GL-4396,2026-03-13 02:41:00,7.46802,10.679629,5.2,5.25
T04,GL-4396,2026-03-13 02:42:00,7.467504,10.679827,9.1,3.65
T04,GL-4396,2026-03-13 02:43:00,7.466846,10.679665,9.2,3.86
T04,GL-4396,2026-03-13 02:44:00,7.466351,10.67964,5.2,3.69
T04,GL-4396,2026-03-13 02:45:00,7.465756,10.67965,10.6,3.26
T04,GL-4396,2026-03-13 02:46:00,7.465186,10.679574,10.1,5.59
T04,GL-4396,2026-03-13 02:47:00,7.464745,10.679513,4.5,3.06
T04,GL-4396,2026-03-13 02:48:00,7.464107,10.679389,10.2,3.62
T04,GL-4396,2026-03-13 02:49:00,7.463572,10.679441,7.4,5.08
T04,GL-4396,2026-03-13 02:50:00,7.463065,10.679423,7.7,3.87
T04,GL-4396,2026-03-13 02:51:00,7.462436,10.679347,5.3,3.18
T04,GL-4396,2026-03-13 02:52:00,7.461975,10.679303,8.0,4.52
T04,GL-4396,2026-03-13 02:53:00,7.461473,10.679271,11.2,3.13
T04,GL-4396,2026-03-13 02:54:00,7.460893,10.6793,9.2,3.51
T04,GL-4396,2026-03-13 02:55:00,7.460225,10.679209,7.8,4.81
T04,GL-4396,2026-03-13 02:56:00,7.459627,10.679164,6.0,4.36
T04,GL-4396,2026-03-13 02:57:00,7.459192,10.679195,5.3,3.44
T04,GL-4396,2026-03-13 02:58:00,7.458734,10.67902,7.3,5.01
T04,GL-4396,2026-03-13 02:59:00,7.458095,10.679183,6.8,5.31
T04,GL-4396,2026-03-13 03:00:00,7.457636,10.679049,11.1,4.42
T04,GL-4396,2026-03-13 03:01:00,7.456925,10.679003,6.1,5.14
T04,GL-4396,2026-03-13 03:02:00,7.456463,10.678919,11.5,4.5
T04,GL-4396,2026-03-13 03:03:00,7.455944,10.679024,9.1,5.33
T04,GL-4396,2026-03-13 03:04:00,7.455374,10.678931,9.4,3.69
T04,GL-4396,2026-03-13 03:05:00,7.454807,10.678957,9.6,2.98
T04,GL-4396,2026-03-13 03:06:00,7.454177,10.678888,8.0,4.64
T04,GL-4396,2026-03-13 03:07:00,7.453675,10.678693,7.0,2.84
T04,GL-4396,2026-03-13 03:08:00,7.453112,10.67882,10.0,2.98
T04,GL-4396,2026-03-13 03:09:00,7.452504,10.678771,4.9,5.09
T04,GL-4396,2026-03-13 03:10:00,7.452021,10.678772,10.4,4.3
T04,GL-4396,2026-03-13 03:11:00,7.451523,10.678797,7.4,3.62
T04,GL-4396,2026-03-13 03:12:00,7.450897,10.678624,9.9,3.98
T04,GL-4396,2026-03-13 03:13:00,7.450348,10.678671,10.9,4.59
T04,GL-4396,2026-03-13 03:14:00,7.44974,10.67863,4.8,3.8
T04,GL-4396,2026-03-13 03:15:00,7.449286,10.678497,4.1,2.81
T04,GL-4396,2026-03-13 03:16:00,7.448775,10.67838,6.8,2.99
T04,GL-4396,2026-03-13 03:17:00,7.448159,10.678577,8.1,4.1
T04,GL-4396,2026-03-13 03:18:00,7.447583,10.678486,11.8,3.57
T04,GL-4396,2026-03-13 03:19:00,7.44713,10.678426,9.8,3.79
T04,GL-4396,2026-03-13 03:20:00,7.446599,10.678452,6.6,5.15
T04,GL-4396,2026-03-13 03:21:00,7.446053,10.678398,10.3,5.37
T04,GL-4396,2026-03-13 03:22:00,7.445413,10.678203,7.6,2.9
T04,GL-4396,2026-03-13 03:23:00,7.444817,10.678246,7.3,3.8
T04,GL-4396,2026-03-13 03:24:00,7.444292,10.678191,7.6,5.11
T04,GL-4396,2026-03-13 03:25:00,7.443866,10.678232,8.5,4.15
T04,GL-4396,2026-03-13 03:26:00,7.443037,10.678131,7.5,5.06
T04,GL-4396,2026-03-13 03:27:00,7.442671,10.67816,4.2,4.38
T04,GL-4396,2026-03-13 03:28:00,7.44211,10.678102,11.6,3.73
T04,GL-4396,2026-03-13 03:29:00,7.441512,10.678133,11.4,3.01
T04,GL-4396,2026-03-13 03:30:00,7.440967,10.678071,10.7,5.35
T04,GL-4396,2026-03-13 03:31:00,7.440528,10.678093,,3.06
T04,GL-4396,2026-03-13 03:32:00,7.439965,10.677991,5.4,3.89
T04,GL-4396,2026-03-13 03:33:00,7.439322,10.677978,5.7,4.15
T04,GL-4396,2026-03-13 03:34:00,7.43877,10.678036,8.1,4.32
T04,GL-4396,2026-03-13 03:35:00,7.438256,10.677864,6.4,3.93
T04,GL-4396,2026-03-13 03:36:00,7.43757,10.677736,7.2,3.52
T04,GL-4396,2026-03-13 03:37:00,7.437142,10.677772,9.7,3.23
T04,GL-4396,2026-03-13 03:38:00,7.436564,10.677836,11.2,5.56
T04,GL-4396,2026-03-13 03:39:00,7.436084,10.677756,6.2,4.47
T04,GL-4396,2026-03-13 03:40:00,7.435423,10.67765,9.2,4.54
T04,GL-4396,2026-03-13 03:41:00,7.434914,10.677489,8.4,4.89
T04,GL-4396,2026-03-13 03:42:00,7.434326,10.677671,10.4,4.58
T04,GL-4396,2026-03-13 03:43:00,7.433717,10.677678,10.9,5.4
T04,GL-4396,2026-03-13 03:44:00,7.433234,10.67764,5.0,5.18
T04,GL-4396,2026-03-13 03:45:00,7.432842,10.677502,7.5,4.8
T04,GL-4396,2026-03-13 03:46:00,7.432251,10.677478,5.9,2.97
T04,GL-4396,2026-03-13 03:47:00,7.431737,10.677419,4.0,5.11
T04,GL-4396,2026-03-13 03:48:00,7.431165,10.677332,5.5,3.34
T04,GL-4396,2026-03-13 03:49:00,7.43055,10.677438,8.5,4.81
T04,GL-4396,2026-03-13 03:50:00,7.429972,10.677412,9.5,3.53
T04,GL-4396,2026-03-13 03:51:00,7.429427,10.677324,9.9,4.41
T04,GL-4396,2026-03-13 03:52:00,7.428826,10.677248,10.5,4.54
T04,GL-4396,2026-03-13 03:53:00,7.428366,10.677262,11.0,3.99
T04,GL-4396,2026-03-13 03:54:00,7.427756,10.677235,5.3,3.26
T04,GL-4396,2026-03-13 03:55:00,7.427253,10.677097,5.0,3.21
T04,GL-4396,2026-03-13 03:56:00,7.426611,10.677139,11.7,5.5
T04,GL-4396,2026-03-13 03:57:00,7.426112,10.677137,8.2,5.59
T04,GL-4396,2026-03-13 03:58:00,7.425511,10.677062,7.4,3.63
T04,GL-4396,2026-03-13 03:59:00,7.425028,10.676983,9.6,4.99
T04,GL-4396,2026-03-13 04:00:00,7.424429,10.677045,4.7,3.33
T04,GL-4396,2026-03-13 04:01:00,7.423952,10.676997,10.6,3.6
T04,GL-4396,2026-03-13 04:02:00,7.423383,10.676862,8.4,3.66
T04,GL-4396,2026-03-13 04:03:00,7.422895,10.676987,8.0,4.3
T04,GL-4396,2026-03-13 04:04:00,7.422236,10.676859,6.2,3.11
T04,GL-4396,2026-03-13 04:05:00,7.42164,10.676839,5.9,5.52
T04,GL-4396,2026-03-13 04:06:00,7.421141,10.676786,9.0,4.57
T04,GL-4396,2026-03-13 04:07:00,7.420689,10.676688,9.7,3.31
T04,GL-4396,2026-03-13 04:08:00,7.420164,10.676828,5.6,5.33
T04,GL-4396,2026-03-13 04:09:00,7.41947,10.676733,5.2,4.78
T04,GL-4396,2026-03-13 04:10:00,7.418942,10.676669,6.2,4.93
T04,GL-4396,2026-03-13 04:11:00,7.418409,10.676649,10.6,3.74
T04,GL-4396,2026-03-13 04:12:00,7.418013,10.676674,5.7,2.99
T04,GL-4396,2026-03-13 04:13:00,7.417352,10.676657,4.7,4.77
T04,GL-4396,2026-03-13 04:14:00,7.416738,10.676584,8.9,5.14
T04,GL-4396,2026-03-13 04:15:00,7.41622,10.676574,7.8,5.0
T04,GL-4396,2026-03-13 04:16:00,7.415614,10.676438,10.2,3.72
T04,GL-4396,2026-03-13 04:17:00,7.415242,10.676487,6.8,3.04
T04,GL-4396,2026-03-13 04:18:00,7.414558,10.676314,10.5,2.83
T04,GL-4396,2026-03-13 04:19:00,7.413954,10.676446,7.1,3.86
T04,GL-4396,2026-03-13 04:20:00,7.413406,10.676336,8.5,3.85
T04,GL-4396,2026-03-13 04:21:00,7.412815,10.67623,9.4,4.4
T04,GL-4396,2026-03-13 04:22:00,7.412329,10.676346,8.8,4.82
T04,GL-4396,2026-03-13 04:23:00,7.411888,10.67629,6.0,3.28
T04,GL-4396,2026-03-13 04:24:00,7.411252,10.676159,5.3,2.92
T04,GL-4396,2026-03-13 04:25:00,7.41069,10.676144,4.3,5.41
T04,GL-4396,2026-03-13 04:26:00,7.41021,10.67618,4.9,4.26
T04,GL-4396,2026-03-13 04:27:00,7.4096,10.676119,10.4,4.03
T04,GL-4396,2026-03-13 04:28:00,7.408987,10.676202,8.2,4.22
T04,GL-4396,2026-03-13 04:29:00,7.408629,10.676033,11.0,5.47
T04,GL-4396,2026-03-13 04:30:00,7.408028,10.675984,4.6,3.25
T04,GL-4396,2026-03-13 04:31:00,7.407345,10.676003,5.2,3.34
T04,GL-4396,2026-03-13 04:32:00,7.406914,10.675906,9.1,4.32
T04,GL-4396,2026-03-13 04:33:00,7.406211,10.675825,5.8,2.94
T04,GL-4396,2026-03-13 04:34:00,7.405707,10.675827,8.8,4.53
T04,GL-4396,2026-03-13 04:35:00,7.405158,10.675863,10.8,5.01
T04,GL-4396,2026-03-13 04:36:00,7.404688,10.675825,10.8,3.61
T04,GL-4396,2026-03-13 04:37:00,7.404099,10.675689,8.5,3.27
T04,GL-4396,2026-03-13 04:38:00,7.403679,10.675552,10.5,3.48
T04,GL-4396,2026-03-13 04:39:00,7.403059,10.675777,8.7,4.33
T04,GL-4396,2026-03-13 04:40:00,7.402606,10.675712,8.0,3.3
T04,GL-4396,2026-03-13 04:41:00,7.401874,10.675649,9.2,2.93
T04,GL-4396,2026-03-13 04:42:00,7.401397,10.675577,8.7,4.09
T04,GL-4396,2026-03-13 04:43:00,7.400879,10.67555,9.0,3.56
T04,GL-4396,2026-03-13 04:44:00,7.400278,10.675607,11.2,4.76
T04,GL-4396,2026-03-13 04:45:00,7.399669,10.675452,8.3,3.05
T04,GL-4396,2026-03-13 04:46:00,7.399075,10.675432,7.5,3.93
T04,GL-4396,2026-03-13 04:47:00,7.398597,10.67542,4.7,3.48
T04,GL-4396,2026-03-13 04:48:00,7.398106,10.675356,7.1,5.6
T04,GL-4396,2026-03-13 04:49:00,7.397451,10.675359,6.8,5.27
T04,GL-4396,2026-03-13 04:50:00,7.396877,10.675358,6.7,2.94
T04,GL-4396,2026-03-13 04:51:00,7.396468,10.675305,11.6,3.08
T04,GL-4396,2026-03-13 04:52:00,7.395834,10.675299,8.9,5.37
T04,GL-4396,2026-03-13 04:53:00,7.395326,10.675294,4.9,5.48
T04,GL-4396,2026-03-13 04:54:00,7.394769,10.675154,10.1,5.4
T04,GL-4396,2026-03-13 04:55:00,7.394245,10.675245,4.8,5.35
T04,GL-4396,2026-03-13 04:56:00,7.393645,10.675133,11.3,3.22
T04,GL-4396,2026-03-13 04:57:00,7.393102,10.675071,11.1,5.43
T04,GL-4396,2026-03-13 04:58:00,7.392584,10.675013,8.9,4.91
T04,GL-4396,2026-03-13 04:59:00,7.391982,10.674906,4.6,4.96
T04,GL-4396,2026-03-13 05:00:00,7.391446,10.675028,7.7,4.64
T04,GL-4396,2026-03-13 05:01:00,7.390876,10.675,5.1,3.43
T04,GL-4396,2026-03-13 05:02:00,7.390398,10.674794,6.7,4.4
T04,GL-4396,2026-03-13 05:03:00,7.389771,10.67492,6.5,4.05
T04,GL-4396,2026-03-13 05:04:00,7.389258,10.674866,7.3,4.57
T04,GL-4396,2026-03-13 05:05:00,7.388663,10.674789,5.4,4.75
T04,GL-4396,2026-03-13 05:06:00,7.388102,10.674879,5.5,4.47
T04,GL-4396,2026-03-13 05:07:00,7.387424,10.674781,10.1,2.9
T04,GL-4396,2026-03-13 05:08:00,7.386975,10.674686,9.0,4.7
T04,GL-4396,2026-03-13 05:09:00,7.386462,10.674713,9.0,3.54
T04,GL-4396,2026-03-13 05:10:00,7.385983,10.674598,5.8,4.21
T04,GL-4396,2026-03-13 05:11:00,7.38532,10.674621,11.1,4.8
T04,GL-4396,2026-03-13 05:12:00,7.38485,10.674529,,3.67
T04,GL-4396,2026-03-13 05:13:00,7.384364,10.674461,7.3,4.5
T04,GL-4396,2026-03-13 05:14:00,7.383702,10.674444,9.0,3.68
T04,GL-4396,2026-03-13 05:15:00,7.383122,10.674422,7.0,3.33
T04,GL-4396,2026-03-13 05:16:00,7.382541,10.674514,11.3,4.46
T04,GL-4396,2026-03-13 05:17:00,7.382073,10.674361,11.8,4.42
T04,GL-4396,2026-03-13 05:18:00,7.381425,10.674452,6.9,4.56
T04,GL-4396,2026-03-13 05:19:00,7.380877,10.674311,4.1,4.04
T04,GL-4396,2026-03-13 05:20:00,7.380455,10.674325,9.7,3.45
T04,GL-4396,2026-03-13 05:21:00,7.379849,10.674217,6.3,3.34
T04,GL-4396,2026-03-13 05:22:00,7.379335,10.674285,4.7,3.08
T04,GL-4396,2026-03-13 05:23:00,7.378804,10.674261,7.8,3.1
T04,GL-4396,2026-03-13 05:24:00,7.378246,10.67412,11.2,4.4
T04,GL-4396,2026-03-13 05:25:00,7.377632,10.674112,7.8,2.83
T04,GL-4396,2026-03-13 05:26:00,7.376948,10.674161,10.3,4.06
T04,GL-4396,2026-03-13 05:27:00,7.376519,10.674032,9.0,2.97
T04,GL-4396,2026-03-13 05:28:00,7.375921,10.674033,9.9,5.34
T04,GL-4396,2026-03-13 05:29:00,7.375343,10.673956,10.4,4.09
T04,GL-4396,2026-03-13 05:30:00,7.374907,10.674038,4.9,3.59
T04,GL-4396,2026-03-13 05:31:00,7.374383,10.674007,8.8,4.66
T04,GL-4396,2026-03-13 05:32:00,7.373817,10.673809,9.0,4.21
T04,GL-4396,2026-03-13 05:33:00,7.373281,10.673962,7.9,3.16
T04,GL-4396,2026-03-13 05:34:00,7.37272,10.673802,9.7,5.25
T04,GL-4396,2026-03-13 05:35:00,7.372038,10.673819,5.4,3.69
T04,GL-4396,2026-03-13 05:36:00,7.371525,10.67384,7.8,3.37
T04,GL-4396,2026-03-13 05:37:00,7.370974,10.673663,6.4,4.94
T04,GL-4396,2026-03-13 05:38:00,7.370526,10.673742,8.8,3.16
T04,GL-4396,2026-03-13 05:39:00,7.369975,10.673635,5.8,3.73
T04,GL-4396,2026-03-13 05:40:00,7.369442,10.673549,7.2,5.6
T04,GL-4396,2026-03-13 05:41:00,7.368814,10.673574,4.9,4.14
T04,GL-4396,2026-03-13 05:42:00,7.368306,10.673543,11.3,4.53
T04,GL-4396,2026-03-13 05:43:00,7.367745,10.673412,5.3,3.12
T04,GL-4396,2026-03-13 05:44:00,7.367113,10.673398,5.6,5.39
T04,GL-4396,2026-03-13 05:45:00,7.366745,10.673472,5.0,5.12
T04,GL-4396,2026-03-13 05:46:00,7.36612,10.673379,12.0,3.84
T04,GL-4396,2026-03-13 05:47:00,7.365615,10.673382,5.4,4.5
T04,GL-4396,2026-03-13 05:48:00,7.365047,10.673377,10.7,4.06
T04,GL-4396,2026-03-13 05:49:00,7.364334,10.673393,10.4,3.88
T04,GL-4396,2026-03-13 05:50:00,7.363891,10.673347,4.0,3.33
T04,GL-4396,2026-03-13 05:51:00,7.363355,10.673274,7.3,3.28
T04,GL-4396,2026-03-13 05:52:00,7.362746,10.673157,8.6,4.25
T04,GL-4396,2026-03-13 05:53:00,7.362171,10.673205,7.4,3.38
T04,GL-4396,2026-03-13 05:54:00,7.361578,10.673244,4.2,4.5
T04,GL-4396,2026-03-13 05:55:00,7.361133,10.673117,4.2,4.19
T04,GL-4396,2026-03-13 05:56:00,7.360635,10.673129,7.9,5.4
T04,GL-4396,2026-03-13 05:57:00,7.36006,10.673045,10.1,4.28
T04,GL-4396,2026-03-13 05:58:00,7.359529,10.672914,4.8,5.1
T04,GL-4396,2026-03-13 05:59:00,7.358879,10.67296,9.2,4.39
T04,GL-4396,2026-03-13 06:00:00,7.358418,10.672993,10.7,3.15
T04,GL-4396,2026-03-13 06:01:00,7.357824,10.672905,8.4,4.28
T04,GL-4396,2026-03-13 06:02:00,7.357268,10.67286,5.0,3.37
T04,GL-4396,2026-03-13 06:03:00,7.356871,10.672812,6.8,4.6
T04,GL-4396,2026-03-13 06:04:00,7.356058,10.672888,5.2,4.4
T04,GL-4396,2026-03-13 06:05:00,7.355707,10.67276,4.4,4.61
T04,GL-4396,2026-03-13 06:06:00,7.355005,10.672684,5.2,5.3
T04,GL-4396,2026-03-13 06:07:00,7.354452,10.672777,8.3,5.45
T04,GL-4396,2026-03-13 06:08:00,7.353926,10.672675,7.8,3.69
T04,GL-4396,2026-03-13 06:09:00,7.353396,10.672591,7.3,4.68
T04,GL-4396,2026-03-13 06:10:00,7.352868,10.672557,4.8,3.6
T04,GL-4396,2026-03-13 06:11:00,7.35238,10.672545,11.0,4.7
T04,GL-4396,2026-03-13 06:12:00,7.351784,10.672544,4.3,3.13
T04,GL-4396,2026-03-13 06:13:00,7.351299,10.672432,6.8,5.45
T04,GL-4396,2026-03-13 06:14:00,7.350587,10.672364,4.6,5.22
T04,GL-4396,2026-03-13 06:15:00,7.350113,10.672445,7.6,4.34
T04,GL-4396,2026-03-13 06:16:00,7.349584,10.672434,5.0,4.91
T04,GL-4396,2026-03-13 06:17:00,7.349066,10.672425,5.0,3.6
T04,GL-4396,2026-03-13 06:18:00,7.348549,10.672219,4.3,4.42
T04,GL-4396,2026-03-13 06:19:00,7.347877,10.672252,11.4,5.35
T04,GL-4396,2026-03-13 06:20:00,7.347331,10.672152,10.3,3.4
T04,GL-4396,2026-03-13 06:21:00,7.346793,10.672321,6.9,5.54
T04,GL-4396,2026-03-13 06:22:00,7.346148,10.672172,11.5,4.11
T04,GL-4396,2026-03-13 06:23:00,7.345636,10.672178,11.2,4.11
T04,GL-4396,2026-03-13 06:24:00,7.345118,10.672102,5.0,2.8
T04,GL-4396,2026-03-13 06:25:00,7.344574,10.67203,6.9,4.93
T04,GL-4396,2026-03-13 06:26:00,7.344018,10.672027,10.3,2.86
T04,GL-4396,2026-03-13 06:27:00,7.343531,10.671978,9.3,3.6
T04,GL-4396,2026-03-13 06:28:00,7.342913,10.671922,7.2,3.55
T04,GL-4396,2026-03-13 06:29:00,7.342295,10.671847,11.0,3.48
T04,GL-4396,2026-03-13 06:30:00,7.341819,10.671971,4.1,3.41
T04,GL-4396,2026-03-13 06:31:00,7.34118,10.671897,9.9,4.05
T04,GL-4396,2026-03-13 06:32:00,7.340751,10.6718,11.1,5.29
T04,GL-4396,2026-03-13 06:33:00,7.340164,10.671847,11.8,3.72
T04,GL-4396,2026-03-13 06:34:00,7.339628,10.671754,4.1,3.29
T04,GL-4396,2026-03-13 06:35:00,7.339031,10.671812,8.2,3.79
T04,GL-4396,2026-03-13 06:36:00,7.338575,10.671662,10.2,3.11
T04,GL-4396,2026-03-13 06:37:00,7.458676,10.671634,4.4,393.39
T04,GL-4396,2026-03-13 06:38:00,7.337444,10.671647,10.0,3.12
T04,GL-4396,2026-03-13 06:39:00,7.336857,10.671611,6.8,3.59
T04,GL-4396,2026-03-13 06:40:00,7.336381,10.671707,6.3,5.02
T04,GL-4396,2026-03-13 06:41:00,7.33587,10.671538,11.0,5.51
T04,GL-4396,2026-03-13 06:42:00,7.335229,10.67155,5.9,4.24
T04,GL-4396,2026-03-13 06:43:00,7.334768,10.671405,6.1,2.93
T04,GL-4396,2026-03-13 06:44:00,7.334186,10.671417,6.9,3.67
T04,GL-4396,2026-03-13 06:45:00,7.333572,10.6714,5.5,4.88
T04,GL-4396,2026-03-13 06:46:00,7.332988,10.671344,10.3,3.81
T04,GL-4396,2026-03-13 06:47:00,7.332534,10.67131,8.3,4.54
T04,GL-4396,2026-03-13 06:48:00,7.331835,10.671259,5.9,4.26
T04,GL-4396,2026-03-13 06:49:00,7.331368,10.671259,9.4,3.69
T04,GL-4396,2026-03-13 06:50:00,7.330789,10.671207,5.2,5.22
T04,GL-4396,2026-03-13 06:51:00,7.330255,10.67118,6.1,2.94
T04,GL-4396,2026-03-13 06:52:00,7.329725,10.671201,,3.49
T04,GL-4396,2026-03-13 06:53:00,7.329213,10.671042,10.7,3.52
T04,GL-4396,2026-03-13 06:54:00,7.328499,10.670993,5.2,3.72
T04,GL-4396,2026-03-13 06:55:00,7.328061,10.671025,9.3,3.41
T04,GL-4396,2026-03-13 06:56:00,7.327585,10.670955,8.8,3.32
T04,GL-4396,2026-03-13 06:57:00,7.327016,10.670943,5.4,3.45
T04,GL-4396,2026-03-13 06:58:00,7.326453,10.671104,7.6,5.03
T04,GL-4396,2026-03-13 06:59:00,7.325846,10.670996,7.3,4.87
T04,GL-4396,2026-03-13 07:00:00,7.325523,10.670867,8.2,3.26
T04,GL-4396,2026-03-13 07:01:00,7.324697,10.670811,11.8,4.83
T04,GL-4396,2026-03-13 07:02:00,7.324203,10.670818,9.0,3.45
T04,GL-4396,2026-03-13 07:03:00,7.323513,10.670818,5.5,5.51
T04,GL-4396,2026-03-13 07:04:00,7.323226,10.670779,4.8,4.17
T04,GL-4396,2026-03-13 07:05:00,7.322481,10.67072,11.9,5.32
T04,GL-4396,2026-03-13 07:06:00,7.321961,10.670659,7.2,5.31
T04,GL-4396,2026-03-13 07:07:00,7.321508,10.670605,5.6,3.52
T04,GL-4396,2026-03-13 07:08:00,7.320966,10.67066,9.5,5.34
T04,GL-4396,2026-03-13 07:09:00,7.32029,10.670665,7.9,3.44
T04,GL-4396,2026-03-13 07:10:00,7.319895,10.670461,8.1,5.15
T04,GL-4396,2026-03-13 07:11:00,7.319272,10.670507,8.7,2.82
T04,GL-4396,2026-03-13 07:12:00,7.318719,10.670562,11.2,4.55
T04,GL-4396,2026-03-13 07:13:00,7.318212,10.670481,,4.06
T04,GL-4396,2026-03-13 07:14:00,7.317571,10.670411,4.9,3.89
T04,GL-4396,2026-03-13 07:15:00,7.316947,10.670368,4.6,4.93
T04,GL-4396,2026-03-13 07:16:00,7.316516,10.670397,10.9,5.54
T04,GL-4396,2026-03-13 07:17:00,7.315896,10.6703,6.1,3.64
T04,GL-4396,2026-03-13 07:18:00,7.315437,10.670275,9.8,3.27
T04,GL-4396,2026-03-13 07:19:00,7.314883,10.670381,5.9,5.14
T04,GL-4396,2026-03-13 07:20:00,7.314253,10.670253,11.0,4.6
T04,GL-4396,2026-03-13 07:21:00,7.313823,10.670171,11.2,5.18
T04,GL-4396,2026-03-13 07:22:00,7.313357,10.670192,11.5,4.71
T04,GL-4396,2026-03-13 07:23:00,7.312599,10.670176,9.7,5.19
T04,GL-4396,2026-03-13 07:24:00,7.312141,10.670223,8.4,2.88
T04,GL-4396,2026-03-13 07:25:00,7.311492,10.670029,6.4,3.28
T04,GL-4396,2026-03-13 07:26:00,7.311056,10.669938,11.8,3.92
T04,GL-4396,2026-03-13 07:27:00,7.310468,10.669948,7.6,5.48
T04,GL-4396,2026-03-13 07:28:00,7.30993,10.670049,6.9,3.09
T04,GL-4396,2026-03-13 07:29:00,7.30946,10.669914,,4.24
T04,GL-4396,2026-03-13 07:30:00,7.30879,10.669869,9.1,4.56
T04,GL-4396,2026-03-13 07:31:00,7.308259,10.669861,11.7,4.25
T04,GL-4396,2026-03-13 07:32:00,7.307618,10.66975,10.4,5.12
T04,GL-4396,2026-03-13 07:33:00,7.30709,10.669837,7.3,3.58
T04,GL-4396,2026-03-13 07:34:00,7.306503,10.669727,9.1,3.46
T04,GL-4396,2026-03-13 07:35:00,7.306014,10.669631,10.4,4.59
T04,GL-4396,2026-03-13 07:36:00,7.305415,10.669814,4.3,3.89
T04,GL-4396,2026-03-13 07:37:00,7.305017,10.669686,7.1,4.74
T04,GL-4396,2026-03-13 07:38:00,7.304377,10.669584,5.9,4.01
T04,GL-4396,2026-03-13 07:39:00,7.303856,10.669524,11.0,4.82
T04,GL-4396,2026-03-13 07:40:00,7.303384,10.669487,7.0,4.58
T04,GL-4396,2026-03-13 07:41:00,7.302722,10.669527,6.1,3.1
T04,GL-4396,2026-03-13 07:42:00,7.302281,10.669399,8.4,4.18
T04,GL-4396,2026-03-13 07:43:00,7.301774,10.669357,8.5,3.19
T04,GL-4396,2026-03-13 07:44:00,7.301084,10.669389,4.9,5.0
T04,GL-4396,2026-03-13 07:45:00,7.300476,10.669377,11.8,3.87
T04,GL-4396,2026-03-13 07:46:00,7.30007,10.669287,10.7,2.86
T04,GL-4396,2026-03-13 07:47:00,7.299386,10.669221,4.1,3.58
T04,GL-4396,2026-03-13 07:48:00,7.298877,10.669277,7.1,3.64
T04,GL-4396,2026-03-13 07:49:00,7.298301,10.669187,10.4,3.13
T04,GL-4396,2026-03-13 07:50:00,7.297809,10.669114,12.0,4.5
T04,GL-4396,2026-03-13 07:51:00,7.297105,10.669122,5.3,4.32
T04,GL-4396,2026-03-13 07:52:00,7.296685,10.669089,8.3,5.31
T04,GL-4396,2026-03-13 07:53:00,7.295974,10.669148,4.0,3.08
T04,GL-4396,2026-03-13 07:54:00,7.295499,10.669083,7.4,3.88
T04,GL-4396,2026-03-13 07:55:00,7.295122,10.668893,6.8,3.98
T04,GL-4396,2026-03-13 07:56:00,7.294445,10.668963,9.9,4.73
T04,GL-4396,2026-03-13 07:57:00,7.293914,10.669041,7.0,3.07
T04,GL-4396,2026-03-13 07:58:00,7.293385,10.668874,6.2,4.27
T04,GL-4396,2026-03-13 07:59:00,7.292919,10.668955,9.5,3.28
T04,GL-4396,2026-03-13 08:00:00,7.292312,10.668825,8.4,4.29
T04,GL-4396,2026-03-13 08:01:00,7.291646,10.668815,9.2,4.41
T04,GL-4396,2026-03-13 08:02:00,7.291191,10.668815,11.3,3.68
T04,GL-4396,2026-03-13 08:03:00,7.290741,10.668742,5.2,5.41
T04,GL-4396,2026-03-13 08:04:00,7.289987,10.66872,10.8,5.57
T04,GL-4396,2026-03-13 08:05:00,7.2894,10.668694,7.9,5.2
T04,GL-4396,2026-03-13 08:06:00,7.288902,10.668568,9.1,4.49
T04,GL-4396,2026-03-13 08:07:00,7.288417,10.668558,11.9,3.85
T04,GL-4396,2026-03-13 08:08:00,7.287887,10.668559,7.2,4.85
T04,GL-4396,2026-03-13 08:09:00,6.970236,10.668552,8.2,393.1
T04,GL-4396,2026-03-13 08:10:00,7.286709,10.668512,6.5,4.77
T04,GL-4396,2026-03-13 08:11:00,7.286226,10.668497,10.2,3.5
T04,GL-4396,2026-03-13 08:12:00,7.285439,10.668409,9.9,3.8
T04,GL-4396,2026-03-13 08:13:00,7.285017,10.668464,11.3,4.39
T04,GL-4396,2026-03-13 08:14:00,7.284585,10.668432,11.0,4.91
T04,GL-4396,2026-03-13 08:15:00,7.283982,10.668307,8.4,4.19
T04,GL-4396,2026-03-13 08:16:00,7.283379,10.668308,7.0,5.35
T04,GL-4396,2026-03-13 08:17:00,7.282938,10.668378,8.5,4.99
T04,GL-4396,2026-03-13 08:18:00,7.282351,10.668283,8.6,3.95
T04,GL-4396,2026-03-13 08:19:00,7.281819,10.668035,6.2,3.99
T04,GL-4396,2026-03-13 08:20:00,7.281144,10.66817,7.4,4.33
T04,GL-4396,2026-03-13 08:21:00,7.280683,10.668098,11.2,4.04
T04,GL-4396,2026-03-13 08:22:00,7.280082,10.668092,7.8,3.79
T04,GL-4396,2026-03-13 08:23:00,7.279605,10.66809,10.5,3.61
T04,GL-4396,2026-03-13 08:24:00,7.278957,10.667959,8.6,3.2
T04,GL-4396,2026-03-13 08:25:00,7.278439,10.667965,9.8,4.48
T04,GL-4396,2026-03-13 08:26:00,7.27791,10.668029,11.4,4.15
T04,GL-4396,2026-03-13 08:27:00,7.277331,10.667875,6.8,4.22
T04,GL-4396,2026-03-13 08:28:00,7.276855,10.667834,7.3,5.23
T04,GL-4396,2026-03-13 08:29:00,7.2762,10.667793,10.5,4.1
T04,GL-4396,2026-03-13 08:30:00,7.275793,10.667963,5.6,5.35
T04,GL-4396,2026-03-13 08:31:00,7.275283,10.667941,9.7,5.57
T04,GL-4396,2026-03-13 08:32:00,7.274607,10.667725,8.0,4.21
T04,GL-4396,2026-03-13 08:33:00,7.274093,10.66765,4.4,3.37
T04,GL-4396,2026-03-13 08:34:00,7.273601,10.667664,11.5,3.99
T04,GL-4396,2026-03-13 08:35:00,7.272928,10.667653,11.5,3.2
T04,GL-4396,2026-03-13 08:36:00,7.272309,10.667669,5.8,3.53
T04,GL-4396,2026-03-13 08:37:00,7.271819,10.667635,9.0,4.17
T04,GL-4396,2026-03-13 08:38:00,7.271315,10.66753,4.3,5.03
T04,GL-4396,2026-03-13 08:39:00,7.270644,10.667507,5.1,3.2
T04,GL-4396,2026-03-13 08:40:00,7.270225,10.667588,10.3,4.64
T04,GL-4396,2026-03-13 08:41:00,7.26963,10.667607,7.1,3.45
T04,GL-4396,2026-03-13 08:42:00,7.269078,10.667419,6.9,3.8
T04,GL-4396,2026-03-13 08:43:00,7.268602,10.667412,9.3,5.33
T04,GL-4396,2026-03-13 08:44:00,7.268017,10.66746,6.4,5.39
T04,GL-4396,2026-03-13 08:45:00,7.267545,10.667408,9.0,3.75
T04,GL-4396,2026-03-13 08:46:00,7.266878,10.667217,4.6,3.31
T04,GL-4396,2026-03-13 08:47:00,7.266333,10.667148,7.3,4.64
T04,GL-4396,2026-03-13 08:48:00,7.265866,10.667212,6.3,5.16
T04,GL-4396,2026-03-13 08:49:00,7.265209,10.667277,9.0,4.07
T04,GL-4396,2026-03-13 08:50:00,7.264752,10.66706,8.8,3.01
T04,GL-4396,2026-03-13 08:51:00,7.264152,10.667078,5.1,4.61
T04,GL-4396,2026-03-13 08:52:00,7.263576,10.667135,10.4,4.56
T04,GL-4396,2026-03-13 08:53:00,7.263154,10.667051,6.3,5.59
T04,GL-4396,2026-03-13 08:54:00,7.262461,10.666969,6.8,4.1
T04,GL-4396,2026-03-13 08:55:00,7.261841,10.666978,11.9,4.11
T04,GL-4396,2026-03-13 08:56:00,7.26132,10.66703,9.1,3.83
T04,GL-4396,2026-03-13 08:57:00,7.26082,10.66697,9.4,3.32
T04,GL-4396,2026-03-13 08:58:00,7.260314,10.666816,8.4,3.21
T04,GL-4396,2026-03-13 08:59:00,7.259672,10.666969,11.3,2.82
T04,GL-4396,2026-03-13 09:00:00,7.259203,10.666776,6.5,3.05
T04,GL-4396,2026-03-13 09:01:00,7.258681,10.666783,7.1,4.7
T04,GL-4396,2026-03-13 09:02:00,7.258085,10.666772,8.2,4.22
T04,GL-4396,2026-03-13 09:03:00,7.257539,10.666731,6.2,5.0
T04,GL-4396,2026-03-13 09:04:00,7.256987,10.666766,9.5,5.23
T04,GL-4396,2026-03-13 09:05:00,7.256401,10.666647,11.6,3.88
T04,GL-4396,2026-03-13 09:06:00,7.255905,10.666711,11.6,3.79
T04,GL-4396,2026-03-13 09:07:00,7.255353,10.666684,8.3,3.53
T04,GL-4396,2026-03-13 09:08:00,7.254829,10.666536,4.2,5.22
T04,GL-4396,2026-03-13 09:09:00,7.254273,10.66647,8.7,4.8
T04,GL-4396,2026-03-13 09:10:00,7.253691,10.666491,8.1,4.71
T04,GL-4396,2026-03-13 09:11:00,7.253039,10.666503,7.3,3.8
T04,GL-4396,2026-03-13 09:12:00,7.252568,10.666356,9.6,5.25
T04,GL-4396,2026-03-13 09:13:00,7.252028,10.666313,9.9,5.29
T04,GL-4396,2026-03-13 09:14:00,7.251518,10.666303,7.2,4.76
T04,GL-4396,2026-03-13 09:15:00,7.25092,10.666241,,3.1
T04,GL-4396,2026-03-13 09:16:00,7.250343,10.666262,11.3,5.17
T04,GL-4396,2026-03-13 09:17:00,7.249731,10.666223,4.1,5.4
T04,GL-4396,2026-03-13 09:18:00,7.249323,10.666189,5.7,4.48
T04,GL-4396,2026-03-13 09:19:00,7.248734,10.666163,8.6,4.11
T04,GL-4396,2026-03-13 09:20:00,7.248128,10.666169,11.8,5.19
T04,GL-4396,2026-03-13 09:21:00,7.284291,10.66602,11.8,280.57
T04,GL-4396,2026-03-13 09:22:00,7.247109,10.666046,9.6,4.16
T04,GL-4396,2026-03-13 09:23:00,7.246538,10.665982,12.0,3.3
T04,GL-4396,2026-03-13 09:24:00,7.245966,10.665829,4.1,4.51
T04,GL-4396,2026-03-13 09:25:00,7.245359,10.665935,7.8,4.43
T04,GL-4396,2026-03-13 09:26:00,7.244826,10.665938,8.0,5.23
T04,GL-4396,2026-03-13 09:27:00,7.244394,10.666008,8.5,3.0
T04,GL-4396,2026-03-13 09:28:00,7.243862,10.665886,10.7,5.56
T04,GL-4396,2026-03-13 09:29:00,7.24321,10.665741,6.0,4.94
T04,GL-4396,2026-03-13 09:30:00,7.242602,10.665903,7.0,4.03
T04,GL-4396,2026-03-13 09:31:00,6.933205,10.665708,11.1,478.34
T04,GL-4396,2026-03-13 09:32:00,7.241607,10.665801,11.3,4.29
T04,GL-4396,2026-03-13 09:33:00,7.241103,10.665793,8.0,3.51
T04,GL-4396,2026-03-13 09:34:00,7.240414,10.665525,8.7,5.58
T04,GL-4396,2026-03-13 09:35:00,7.239927,10.665685,8.7,4.45
T04,GL-4396,2026-03-13 09:36:00,7.239333,10.665619,11.9,4.99
T04,GL-4396,2026-03-13 09:37:00,7.238929,10.665524,6.8,4.88
T04,GL-4396,2026-03-13 09:38:00,7.238307,10.665567,6.9,5.02
T04,GL-4396,2026-03-13 09:39:00,7.237788,10.665505,10.1,5.1
T04,GL-4396,2026-03-13 09:40:00,7.237208,10.665524,11.6,3.73
T04,GL-4396,2026-03-13 09:41:00,7.236597,10.665502,7.7,3.19
T04,GL-4396,2026-03-13 09:42:00,7.236134,10.665421,10.3,2.96
T04,GL-4396,2026-03-13 09:43:00,7.235623,10.665358,4.6,3.47
T04,GL-4396,2026-03-13 09:44:00,7.234977,10.665299,10.8,3.92
T04,GL-4396,2026-03-13 09:45:00,7.234491,10.665247,5.5,3.76
T04,GL-4396,2026-03-13 09:46:00,7.233812,10.665291,5.1,3.11
T04,GL-4396,2026-03-13 09:47:00,7.233307,10.665068,6.2,3.65
T04,GL-4396,2026-03-13 09:48:00,7.232833,10.665177,11.7,3.24
T04,GL-4396,2026-03-13 09:49:00,7.232251,10.665215,10.6,5.55
T04,GL-4396,2026-03-13 09:50:00,7.231632,10.665061,8.3,4.83
T04,GL-4396,2026-03-13 09:51:00,7.231039,10.665134,11.5,5.51
T04,GL-4396,2026-03-13 09:52:00,7.23057,10.665113,11.3,4.12
T04,GL-4396,2026-03-13 09:53:00,7.229981,10.665022,10.8,4.8
T04,GL-4396,2026-03-13 09:54:00,7.229441,10.664972,11.3,5.1
T04,GL-4396,2026-03-13 09:55:00,7.228918,10.664895,6.9,4.7
T04,GL-4396,2026-03-13 09:56:00,7.228383,10.664922,7.3,2.91
T04,GL-4396,2026-03-13 09:57:00,7.227897,10.664717,6.8,3.36
T04,GL-4396,2026-03-13 09:58:00,7.227259,10.664784,5.3,5.35
T04,GL-4396,2026-03-13 09:59:00,7.226751,10.664769,9.5,5.4
T04,GL-4396,2026-03-13 10:00:00,7.226146,10.664684,9.5,4.15
T04,GL-4396,2026-03-13 10:01:00,7.225726,10.664807,7.1,5.14
T04,GL-4396,2026-03-13 10:02:00,7.225058,10.664693,4.2,3.72
T04,GL-4396,2026-03-13 10:03:00,7.224447,10.664676,6.2,5.16
T04,GL-4396,2026-03-13 10:04:00,7.223881,10.664653,8.5,2.96
T04,GL-4396,2026-03-13 10:05:00,7.223453,10.664625,11.1,4.11
T04,GL-4396,2026-03-13 10:06:00,7.222893,10.664502,5.2,3.55
T04,GL-4396,2026-03-13 10:07:00,7.222298,10.664653,7.2,4.49
T04,GL-4396,2026-03-13 10:08:00,7.221672,10.664504,9.7,4.35
T04,GL-4396,2026-03-13 10:09:00,7.221176,10.664468,5.0,5.24
T04,GL-4396,2026-03-13 10:10:00,7.220641,10.664488,9.2,3.33
T04,GL-4396,2026-03-13 10:11:00,7.220083,10.664441,8.9,3.93
T04,GL-4396,2026-03-13 10:12:00,7.219486,10.66439,9.9,4.0
T04,GL-4396,2026-03-13 10:13:00,7.219037,10.664237,5.2,3.38
T04,GL-4396,2026-03-13 10:14:00,7.21837,10.66438,5.9,3.98
T04,GL-4396,2026-03-13 10:15:00,7.217811,10.664253,10.0,4.04
T04,GL-4396,2026-03-13 10:16:00,7.217341,10.664173,8.4,3.67
T04,GL-4396,2026-03-13 10:17:00,7.216813,10.664239,8.1,4.26
T04,GL-4396,2026-03-13 10:18:00,7.216255,10.664145,7.5,4.02
T04,GL-4396,2026-03-13 10:19:00,7.215767,10.66415,7.1,4.6
T04,GL-4396,2026-03-13 10:20:00,7.215162,10.664086,7.4,3.4
T04,GL-4396,2026-03-13 10:21:00,7.214706,10.664108,11.0,3.22
T04,GL-4396,2026-03-13 10:22:00,7.213993,10.66404,10.5,3.98
T04,GL-4396,2026-03-13 10:23:00,7.213483,10.663836,6.7,4.98
T04,GL-4396,2026-03-13 10:24:00,7.212801,10.664039,9.0,4.75
T04,GL-4396,2026-03-13 10:25:00,7.212386,10.663919,8.6,4.2
T04,GL-4396,2026-03-13 10:26:00,7.211861,10.663904,5.8,3.89
T04,GL-4396,2026-03-13 10:27:00,7.21128,10.663791,11.9,3.1
T04,GL-4396,2026-03-13 10:28:00,7.210745,10.663702,6.4,4.28
T04,GL-4396,2026-03-13 10:29:00,7.210205,10.663797,5.3,3.52
T04,GL-4396,2026-03-13 10:30:00,7.209572,10.66372,11.2,4.07
T04,GL-4396,2026-03-13 10:31:00,7.208938,10.66372,9.6,3.76
T04,GL-4396,2026-03-13 10:32:00,7.208549,10.663663,9.2,3.97
T04,GL-4396,2026-03-13 10:33:00,7.20797,10.663578,5.6,3.59
T04,GL-4396,2026-03-13 10:34:00,7.207512,10.663558,7.6,3.37
T04,GL-4396,2026-03-13 10:35:00,7.206772,10.663624,4.7,5.49
T04,GL-4396,2026-03-13 10:36:00,7.206448,10.663525,8.5,5.55
T04,GL-4396,2026-03-13 10:37:00,7.20576,10.663476,10.0,4.25
T04,GL-4396,2026-03-13 10:38:00,7.205186,10.663475,5.5,4.87
T04,GL-4396,2026-03-13 10:39:00,7.204743,10.663439,4.6,3.17
T04,GL-4396,2026-03-13 10:40:00,7.204169,10.663313,9.7,4.32
T04,GL-4396,2026-03-13 10:41:00,7.203495,10.663312,4.4,3.7
T04,GL-4396,2026-03-13 10:42:00,7.20306,10.66333,5.1,5.2
T04,GL-4396,2026-03-13 10:43:00,7.202443,10.663294,11.0,4.6
T04,GL-4396,2026-03-13 10:44:00,7.201856,10.663383,5.2,3.07
T04,GL-4396,2026-03-13 10:45:00,7.20127,10.663188,5.6,4.64
T04,GL-4396,2026-03-13 10:46:00,7.200768,10.663234,7.1,4.37
T04,GL-4396,2026-03-13 10:47:00,7.200335,10.66305,7.8,5.47
T04,GL-4396,2026-03-13 10:48:00,7.19966,10.66314,10.8,3.26
T04,GL-4396,2026-03-13 10:49:00,7.199154,10.6631,11.8,3.94
T04,GL-4396,2026-03-13 10:50:00,7.198619,10.663046,9.8,3.48
T04,GL-4396,2026-03-13 10:51:00,7.198117,10.662907,6.4,4.63
T04,GL-4396,2026-03-13 10:52:00,7.197488,10.662974,9.3,5.21
T04,GL-4396,2026-03-13 10:53:00,7.196912,10.662948,11.3,4.64
T04,GL-4396,2026-03-13 10:54:00,7.196295,10.663025,11.0,4.02
T04,GL-4396,2026-03-13 10:55:00,7.195807,10.66297,10.4,4.55
T04,GL-4396,2026-03-13 10:56:00,7.195227,10.662903,11.5,5.25
T04,GL-4396,2026-03-13 10:57:00,7.194683,10.662866,11.3,5.34
T04,GL-4396,2026-03-13 10:58:00,7.194278,10.662826,11.4,5.22
T04,GL-4396,2026-03-13 10:59:00,7.193719,10.662696,4.8,4.92
T04,GL-4396,2026-03-13 11:00:00,7.193105,10.662702,,3.51
T04,GL-4396,2026-03-13 11:01:00,7.192605,10.662687,7.6,4.51
T04,GL-4396,2026-03-13 11:02:00,7.192088,10.662592,4.1,3.71
T04,GL-4396,2026-03-13 11:03:00,7.191414,10.662677,10.8,4.73
T04,GL-4396,2026-03-13 11:04:00,7.1908,10.662616,11.9,4.54
T04,GL-4396,2026-03-13 11:05:00,7.190328,10.662599,5.7,4.99
T04,GL-4396,2026-03-13 11:06:00,7.189768,10.662484,11.6,5.54
T04,GL-4396,2026-03-13 11:07:00,7.189292,10.662492,5.5,3.78
T04,GL-4396,2026-03-13 11:08:00,7.189221,10.662532,4.3,0.09
T04,GL-4396,2026-03-13 11:09:00,7.189263,10.662642,10.4,0.48
T04,GL-4396,2026-03-13 11:10:00,7.189355,10.662525,6.7,0.54
T04,GL-4396,2026-03-13 11:11:00,7.18918,10.662497,10.5,0.07
T04,GL-4396,2026-03-13 11:12:00,7.189085,10.662576,4.3,0.75
T04,GL-4396,2026-03-13 11:13:00,7.189314,10.662453,11.6,0.67
T04,GL-4396,2026-03-13 11:14:00,7.189255,10.662475,8.5,0.46
T04,GL-4396,2026-03-13 11:15:00,7.189195,10.662386,5.7,0.31
T04,GL-4396,2026-03-13 11:16:00,7.189098,10.662625,5.4,0.1
T04,GL-4396,2026-03-13 11:17:00,7.189163,10.662571,8.9,0.21
T04,GL-4396,2026-03-13 11:18:00,7.189282,10.662292,9.0,0.76
T04,GL-4396,2026-03-13 11:19:00,7.189249,10.662552,6.5,0.29
T04,GL-4396,2026-03-13 11:20:00,7.189068,10.662538,8.2,0.62
T04,GL-4396,2026-03-13 11:21:00,7.189059,10.662518,8.1,0.53
T04,GL-4396,2026-03-13 11:22:00,7.189428,10.662408,8.9,0.3
T04,GL-4396,2026-03-13 11:23:00,7.189265,10.662496,11.1,0.53
T04,GL-4396,2026-03-13 11:24:00,7.189126,10.662611,9.3,0.53
T04,GL-4396,2026-03-13 11:25:00,7.189261,10.66246,10.1,0.73
T04,GL-4396,2026-03-13 11:26:00,7.189153,10.662545,8.0,0.89
T04,GL-4396,2026-03-13 11:27:00,7.189197,10.662578,8.5,0.72
T04,GL-4396,2026-03-13 11:28:00,7.189948,10.662613,9.0,3.47
T04,GL-4396,2026-03-13 11:29:00,7.190896,10.662589,9.2,4.43
T04,GL-4396,2026-03-13 11:30:00,7.191543,10.662646,6.6,4.91
T04,GL-4396,2026-03-13 11:31:00,7.192411,10.662656,7.7,4.14
T04,GL-4396,2026-03-13 11:32:00,7.193185,10.662605,10.4,3.11
T04,GL-4396,2026-03-13 11:33:00,7.194058,10.662823,11.4,3.42
T04,GL-4396,2026-03-13 11:34:00,7.19468,10.662899,8.3,3.24
T04,GL-4396,2026-03-13 11:35:00,7.195477,10.662869,8.0,3.92
T04,GL-4396,2026-03-13 11:36:00,7.196266,10.66296,4.5,3.97
T04,GL-4396,2026-03-13 11:37:00,7.196967,10.662992,9.6,5.31
T04,GL-4396,2026-03-13 11:38:00,7.197842,10.662954,7.1,3.46
T04,GL-4396,2026-03-13 11:39:00,7.198585,10.663078,6.2,4.43
T04,GL-4396,2026-03-13 11:40:00,7.199333,10.663199,10.7,4.4
T04,GL-4396,2026-03-13 11:41:00,7.200144,10.663173,6.0,2.88
T04,GL-4396,2026-03-13 11:42:00,7.200937,10.663301,5.7,5.41
T04,GL-4396,2026-03-13 11:43:00,7.201771,10.663416,6.5,4.66
T04,GL-4396,2026-03-13 11:44:00,7.202699,10.663425,7.8,3.14
T04,GL-4396,2026-03-13 11:45:00,7.203467,10.663347,6.2,3.3
T04,GL-4396,2026-03-13 11:46:00,7.204101,10.663447,5.0,2.95
T04,GL-4396,2026-03-13 11:47:00,7.204923,10.663564,10.7,4.05
T04,GL-4396,2026-03-13 11:48:00,7.205727,10.663647,4.7,3.12
T04,GL-4396,2026-03-13 11:49:00,7.206449,10.663652,4.1,5.09
T04,GL-4396,2026-03-13 11:50:00,7.2072,10.66362,4.6,4.9
T04,GL-4396,2026-03-13 11:51:00,7.208154,10.66367,4.1,4.64
T04,GL-4396,2026-03-13 11:52:00,7.208765,10.663825,5.8,4.22
T04,GL-4396,2026-03-13 11:53:00,7.209586,10.663804,6.2,5.16
T04,GL-4396,2026-03-13 11:54:00,7.210342,10.663831,4.4,3.91
T04,GL-4396,2026-03-13 11:55:00,7.21125,10.663983,11.7,3.63
T04,GL-4396,2026-03-13 11:56:00,7.211992,10.663882,10.1,4.66
T04,GL-4396,2026-03-13 11:57:00,7.21276,10.663988,9.7,4.68
T04,GL-4396,2026-03-13 11:58:00,7.213565,10.664134,10.7,4.37
T04,GL-4396,2026-03-13 11:59:00,7.214265,10.66406,11.1,4.05
T04,GL-4396,2026-03-13 12:00:00,7.215072,10.664045,12.0,5.54
T04,GL-4396,2026-03-13 12:01:00,7.215881,10.664116,6.0,3.98
T04,GL-4396,2026-03-13 12:02:00,7.216575,10.664314,5.1,4.96
T04,GL-4396,2026-03-13 12:03:00,7.217332,10.664348,6.4,5.3
T04,GL-4396,2026-03-13 12:04:00,7.218295,10.664536,8.6,4.6
T04,GL-4396,2026-03-13 12:05:00,7.219045,10.664414,10.0,5.33
T04,GL-4396,2026-03-13 12:06:00,7.219763,10.664625,4.8,5.26
T04,GL-4396,2026-03-13 12:07:00,7.220542,10.664485,4.5,4.5
T04,GL-4396,2026-03-13 12:08:00,7.221327,10.664536,10.8,4.89
T04,GL-4396,2026-03-13 12:09:00,7.222056,10.664627,9.1,5.03
T04,GL-4396,2026-03-13 12:10:00,7.222914,10.664709,8.7,3.48
T04,GL-4396,2026-03-13 12:11:00,7.223713,10.664645,6.0,4.79
T04,GL-4396,2026-03-13 12:12:00,7.224518,10.664784,7.2,3.05
T04,GL-4396,2026-03-13 12:13:00,7.225355,10.664905,,5.05
T04,GL-4396,2026-03-13 12:14:00,7.226083,10.664958,11.5,3.61
T04,GL-4396,2026-03-13 12:15:00,7.226779,10.664867,6.9,4.15
T04,GL-4396,2026-03-13 12:16:00,7.22756,10.665023,10.0,3.47
T04,GL-4396,2026-03-13 12:17:00,7.22839,10.665009,11.0,4.8
T04,GL-4396,2026-03-13 12:18:00,7.229156,10.665166,7.1,3.88
T04,GL-4396,2026-03-13 12:19:00,7.229883,10.665231,9.4,3.17
T04,GL-4396,2026-03-13 12:20:00,7.230718,10.665176,8.1,2.97
T04,GL-4396,2026-03-13 12:21:00,7.231422,10.665242,8.3,3.29
T04,GL-4396,2026-03-13 12:22:00,7.232289,10.665375,7.5,3.78
T04,GL-4396,2026-03-13 12:23:00,7.233014,10.665362,8.1,3.02
T04,GL-4396,2026-03-13 12:24:00,7.233901,10.665407,7.9,5.51
T04,GL-4396,2026-03-13 12:25:00,7.234609,10.665494,9.6,4.67
T04,GL-4396,2026-03-13 12:26:00,7.235405,10.66557,7.2,5.27
T04,GL-4396,2026-03-13 12:27:00,7.236245,10.665591,7.6,3.49
T04,GL-4396,2026-03-13 12:28:00,7.23689,10.665598,5.5,2.94
T04,GL-4396,2026-03-13 12:29:00,7.237852,10.665594,4.4,3.61
T04,GL-4396,2026-03-13 12:30:00,7.238595,10.665703,8.8,3.89
T04,GL-4396,2026-03-13 12:31:00,7.239272,10.665878,6.1,4.46
T04,GL-4396,2026-03-13 12:32:00,7.240187,10.665922,10.8,5.49
T04,GL-4396,2026-03-13 12:33:00,7.240963,10.665846,9.1,4.16
T04,GL-4396,2026-03-13 12:34:00,7.241612,10.665762,6.5,4.53
T04,GL-4396,2026-03-13 12:35:00,7.242495,10.665947,10.4,3.55
T04,GL-4396,2026-03-13 12:36:00,7.243181,10.665948,6.6,3.05
T04,GL-4396,2026-03-13 12:37:00,7.243985,10.666153,7.3,5.18
T04,GL-4396,2026-03-13 12:38:00,7.244862,10.666141,10.1,2.82
T04,GL-4396,2026-03-13 12:39:00,7.245535,10.666174,6.2,4.65
T04,GL-4396,2026-03-13 12:40:00,7.246299,10.6662,11.2,4.96
T04,GL-4396,2026-03-13 12:41:00,7.247095,10.666267,7.8,3.01
T04,GL-4396,2026-03-13 12:42:00,7.247862,10.666259,9.8,3.76
T04,GL-4396,2026-03-13 12:43:00,7.248843,10.666288,7.5,3.09
T04,GL-4396,2026-03-13 12:44:00,7.249591,10.66641,7.1,3.66
T04,GL-4396,2026-03-13 12:45:00,7.250355,10.666434,7.5,3.66
T04,GL-4396,2026-03-13 12:46:00,7.250915,10.666652,5.7,5.15
T04,GL-4396,2026-03-13 12:47:00,7.251938,10.666631,9.2,4.37
T04,GL-4396,2026-03-13 12:48:00,7.252689,10.66662,9.0,3.72
T04,GL-4396,2026-03-13 12:49:00,7.253441,10.666704,6.2,4.76
T04,GL-4396,2026-03-13 12:50:00,7.254115,10.666801,4.7,3.92
T04,GL-4396,2026-03-13 12:51:00,7.254983,10.666957,5.8,3.38
T04,GL-4396,2026-03-13 12:52:00,7.255666,10.66692,11.3,4.57
T04,GL-4396,2026-03-13 12:53:00,7.256645,10.666984,5.6,3.27
T04,GL-4396,2026-03-13 12:54:00,7.257249,10.666956,7.5,3.37
T04,GL-4396,2026-03-13 12:55:00,7.258179,10.666937,9.5,5.56
T04,GL-4396,2026-03-13 12:56:00,7.258957,10.667091,7.9,3.39
T04,GL-4396,2026-03-13 12:57:00,7.259696,10.667124,4.9,4.36
T04,GL-4396,2026-03-13 12:58:00,7.260447,10.667242,6.2,4.7
T04,GL-4396,2026-03-13 12:59:00,7.261321,10.667247,6.3,4.61
T04,GL-4396,2026-03-13 13:00:00,7.262124,10.667365,8.9,3.14
T04,GL-4396,2026-03-13 13:01:00,7.262953,10.66735,8.3,3.96
T04,GL-4396,2026-03-13 13:02:00,7.263488,10.667321,9.4,5.44
T04,GL-4396,2026-03-13 13:03:00,7.264385,10.667494,7.2,4.6
T04,GL-4396,2026-03-13 13:04:00,7.265047,10.667438,8.3,3.59
T04,GL-4396,2026-03-13 13:05:00,7.266041,10.667469,11.4,4.33
T04,GL-4396,2026-03-13 13:06:00,7.266834,10.667504,4.7,3.63
T04,GL-4396,2026-03-13 13:07:00,7.267472,10.667606,4.5,5.16
T04,GL-4396,2026-03-13 13:08:00,7.268331,10.667795,6.0,3.84
T04,GL-4396,2026-03-13 13:09:00,7.269027,10.667742,11.0,3.18
T04,GL-4396,2026-03-13 13:10:00,7.269993,10.667827,10.1,3.53
T04,GL-4396,2026-03-13 13:11:00,7.270511,10.66793,11.9,3.29
T04,GL-4396,2026-03-13 13:12:00,7.271423,10.667852,11.5,4.56
T04,GL-4396,2026-03-13 13:13:00,7.272127,10.667991,12.0,5.51
T04,GL-4396,2026-03-13 13:14:00,7.272952,10.668153,11.5,2.98
T04,GL-4396,2026-03-13 13:15:00,7.27379,10.668021,9.6,2.84
T04,GL-4396,2026-03-13 13:16:00,7.274567,10.668018,10.2,3.98
T04,GL-4396,2026-03-13 13:17:00,7.275376,10.668272,6.5,4.48
T04,GL-4396,2026-03-13 13:18:00,7.276093,10.668275,4.3,5.45
T04,GL-4396,2026-03-13 13:19:00,7.276983,10.668239,8.0,4.26
T04,GL-4396,2026-03-13 13:20:00,7.277636,10.668217,7.6,5.51
T04,GL-4396,2026-03-13 13:21:00,7.278462,10.668379,12.0,5.57
T04,GL-4396,2026-03-13 13:22:00,7.279251,10.66829,4.4,3.08
T04,GL-4396,2026-03-13 13:23:00,7.280052,10.668477,4.6,5.49
T04,GL-4396,2026-03-13 13:24:00,7.280934,10.668545,7.2,5.04
T04,GL-4396,2026-03-13 13:25:00,7.281588,10.668546,7.3,5.43
T04,GL-4396,2026-03-13 13:26:00,7.282526,10.668767,11.9,5.09
T04,GL-4396,2026-03-13 13:27:00,7.283253,10.668628,11.1,5.05
T04,GL-4396,2026-03-13 13:28:00,7.283992,10.668721,7.2,3.26
T04,GL-4396,2026-03-13 13:29:00,7.28471,10.668739,11.4,3.86
T04,GL-4396,2026-03-13 13:30:00,7.28552,10.668771,9.7,2.99
T04,GL-4396,2026-03-13 13:31:00,7.286291,10.668796,4.2,4.06
T04,GL-4396,2026-03-13 13:32:00,7.287077,10.66891,5.5,4.24
T04,GL-4396,2026-03-13 13:33:00,7.287832,10.668964,6.3,4.21
T04,GL-4396,2026-03-13 13:34:00,7.288627,10.669184,10.9,3.4
T04,GL-4396,2026-03-13 13:35:00,7.289412,10.669057,7.0,4.97
T04,GL-4396,2026-03-13 13:36:00,7.290164,10.669144,4.6,5.37
T04,GL-4396,2026-03-13 13:37:00,7.291026,10.669161,5.5,3.98
T04,GL-4396,2026-03-13 13:38:00,7.291815,10.669228,9.7,5.01
T04,GL-4396,2026-03-13 13:39:00,7.292553,10.669253,6.3,3.66
T04,GL-4396,2026-03-13 13:40:00,7.293374,10.66935,12.0,4.45
T04,GL-4396,2026-03-13 13:41:00,7.294072,10.669444,10.4,3.21
T04,GL-4396,2026-03-13 13:42:00,7.294964,10.669354,4.8,4.61
T04,GL-4396,2026-03-13 13:43:00,7.295779,10.669469,9.6,5.52
T04,GL-4396,2026-03-13 13:44:00,7.296433,10.66941,10.8,5.45
T04,GL-4396,2026-03-13 13:45:00,7.29721,10.669655,11.0,2.93
T04,GL-4396,2026-03-13 13:46:00,7.298195,10.66964,5.5,2.88
T04,GL-4396,2026-03-13 13:47:00,7.298863,10.669695,4.8,3.12
T04,GL-4396,2026-03-13 13:48:00,7.299583,10.669758,11.5,5.08
T04,GL-4396,2026-03-13 13:49:00,7.300427,10.669744,7.0,3.18
T04,GL-4396,2026-03-13 13:50:00,7.301174,10.669847,8.5,4.43
T04,GL-4396,2026-03-13 13:51:00,7.30199,10.669956,6.3,4.6
T04,GL-4396,2026-03-13 13:52:00,7.302767,10.669996,9.9,3.8
T04,GL-4396,2026-03-13 13:53:00,7.303652,10.669944,9.5,3.9
T04,GL-4396,2026-03-13 13:54:00,7.304465,10.670128,7.0,4.02
T04,GL-4396,2026-03-13 13:55:00,7.30511,10.670112,5.9,3.26
T04,GL-4396,2026-03-13 13:56:00,7.3058,10.670205,4.5,4.9
T04,GL-4396,2026-03-13 13:57:00,7.306589,10.670214,9.3,2.88
T04,GL-4396,2026-03-13 13:58:00,7.307326,10.670352,7.4,3.71
T04,GL-4396,2026-03-13 13:59:00,7.308259,10.670366,4.8,3.21
T04,GL-4396,2026-03-13 14:00:00,7.308968,10.670442,10.6,4.91
T04,GL-4396,2026-03-13 14:01:00,7.309942,10.670326,6.0,2.87
T04,GL-4396,2026-03-13 14:02:00,7.310556,10.670565,5.2,3.12
T04,GL-4396,2026-03-13 14:03:00,7.311298,10.670495,8.0,5.58
T04,GL-4396,2026-03-13 14:04:00,7.312092,10.67056,8.0,5.6
T04,GL-4396,2026-03-13 14:05:00,7.312909,10.670578,6.5,5.52
T04,GL-4396,2026-03-13 14:06:00,7.313733,10.67079,5.6,4.14
T04,GL-4396,2026-03-13 14:07:00,7.31449,10.670773,12.0,4.64
T04,GL-4396,2026-03-13 14:08:00,7.315329,10.670785,8.5,4.92
T04,GL-4396,2026-03-13 14:09:00,7.31616,10.670867,6.0,3.0
T04,GL-4396,2026-03-13 14:10:00,7.316808,10.670775,5.3,2.89
T04,GL-4396,2026-03-13 14:11:00,7.31772,10.670822,4.1,3.18
T04,GL-4396,2026-03-13 14:12:00,7.318324,10.671015,9.7,4.5
T04,GL-4396,2026-03-13 14:13:00,7.319233,10.671156,11.2,5.31
T04,GL-4396,2026-03-13 14:14:00,7.31996,10.671023,5.4,2.81
T04,GL-4396,2026-03-13 14:15:00,7.320706,10.671155,7.3,3.77
T04,GL-4396,2026-03-13 14:16:00,7.321552,10.671084,8.3,4.96
T04,GL-4396,2026-03-13 14:17:00,7.322378,10.671213,6.0,4.38
T04,GL-4396,2026-03-13 14:18:00,7.323081,10.671499,6.3,3.65
T04,GL-4396,2026-03-13 14:19:00,7.323896,10.671361,6.3,5.51
T04,GL-4396,2026-03-13 14:20:00,7.324561,10.671342,4.0,4.06
T04,GL-4396,2026-03-13 14:21:00,7.325467,10.67144,9.6,4.4
T04,GL-4396,2026-03-13 14:22:00,7.326211,10.67141,10.9,5.31
T04,GL-4396,2026-03-13 14:23:00,7.326978,10.671575,8.0,5.42
T04,GL-4396,2026-03-13 14:24:00,7.327874,10.671701,7.0,5.47
T04,GL-4396,2026-03-13 14:25:00,7.328641,10.671604,6.8,2.81
T04,GL-4396,2026-03-13 14:26:00,7.329352,10.671749,5.2,3.68
T04,GL-4396,2026-03-13 14:27:00,7.330103,10.671805,9.9,4.62
T04,GL-4396,2026-03-13 14:28:00,7.330944,10.671824,9.6,4.96
T04,GL-4396,2026-03-13 14:29:00,7.331503,10.671951,8.7,3.34
T04,GL-4396,2026-03-13 14:30:00,7.33259,10.671968,12.0,4.24
T04,GL-4396,2026-03-13 14:31:00,7.333337,10.672016,4.9,3.4
T04,GL-4396,2026-03-13 14:32:00,7.334117,10.672019,11.0,5.14
T04,GL-4396,2026-03-13 14:33:00,7.334882,10.672041,10.5,5.53
T04,GL-4396,2026-03-13 14:34:00,7.335613,10.672196,8.6,3.84
T04,GL-4396,2026-03-13 14:35:00,7.336428,10.672198,9.4,3.21
T04,GL-4396,2026-03-13 14:36:00,7.337162,10.672229,4.1,2.98
T04,GL-4396,2026-03-13 14:37:00,7.337901,10.672318,10.8,4.93
T04,GL-4396,2026-03-13 14:38:00,7.338856,10.67232,10.9,2.92
T04,GL-4396,2026-03-13 14:39:00,7.339529,10.672371,7.6,2.85
T04,GL-4396,2026-03-13 14:40:00,7.340266,10.672442,4.8,3.91
T04,GL-4396,2026-03-13 14:41:00,7.341067,10.67248,11.7,3.86
T04,GL-4396,2026-03-13 14:42:00,7.341861,10.672562,8.4,3.72
T04,GL-4396,2026-03-13 14:43:00,7.342846,10.67264,10.8,4.51
T04,GL-4396,2026-03-13 14:44:00,7.343454,10.672648,8.9,4.05
T04,GL-4396,2026-03-13 14:45:00,7.344304,10.672665,10.2,4.71
T04,GL-4396,2026-03-13 14:46:00,7.344957,10.672829,6.8,4.25
T04,GL-4396,2026-03-13 14:47:00,7.345827,10.672716,4.6,2.97
T04,GL-4396,2026-03-13 14:48:00,7.346684,10.672825,5.2,4.61
T04,GL-4396,2026-03-13 14:49:00,7.347331,10.672926,4.1,5.58
T04,GL-4396,2026-03-13 14:50:00,7.348111,10.672992,6.0,2.9
T04,GL-4396,2026-03-13 14:51:00,7.348933,10.673029,5.2,4.76
T04,GL-4396,2026-03-13 14:52:00,7.336008,10.673001,6.1,371.56
T04,GL-4396,2026-03-13 14:53:00,7.350497,10.67315,7.4,3.77
T04,GL-4396,2026-03-13 14:54:00,7.351319,10.673197,8.9,4.87
T04,GL-4396,2026-03-13 14:55:00,7.351988,10.673224,5.0,5.43
T04,GL-4396,2026-03-13 14:56:00,7.352801,10.673278,9.5,5.51
T04,GL-4396,2026-03-13 14:57:00,7.353601,10.673324,10.8,3.71
T04,GL-4396,2026-03-13 14:58:00,7.354425,10.673437,4.9,3.44
T04,GL-4396,2026-03-13 14:59:00,7.355141,10.673368,5.3,5.18
T04,GL-4396,2026-03-13 15:00:00,7.356057,10.673373,6.8,5.23
T04,GL-4396,2026-03-13 15:01:00,7.356778,10.673598,7.8,4.06
T04,GL-4396,2026-03-13 15:02:00,7.35757,10.673472,5.9,4.94
T04,GL-4396,2026-03-13 15:03:00,7.358304,10.673579,4.7,5.36
T04,GL-4396,2026-03-13 15:04:00,7.359088,10.673734,6.2,4.29
T04,GL-4396,2026-03-13 15:05:00,7.359942,10.67365,9.9,3.65
T04,GL-4396,2026-03-13 15:06:00,7.360608,10.673731,8.2,4.41
T04,GL-4396,2026-03-13 15:07:00,7.361449,10.673779,8.7,3.35
T04,GL-4396,2026-03-13 15:08:00,7.362288,10.673847,10.1,5.44
T04,GL-4396,2026-03-13 15:09:00,7.363058,10.674036,4.5,4.2
T04,GL-4396,2026-03-13 15:10:00,7.363797,10.674073,6.4,3.75
T04,GL-4396,2026-03-13 15:11:00,7.364516,10.674033,5.3,4.16
T04,GL-4396,2026-03-13 15:12:00,7.365327,10.673963,4.7,4.76
T04,GL-4396,2026-03-13 15:13:00,7.366134,10.674196,10.8,3.5
T04,GL-4396,2026-03-13 15:14:00,7.3669,10.674192,9.6,2.95
T04,GL-4396,2026-03-13 15:15:00,7.367703,10.674277,6.8,3.8
T04,GL-4396,2026-03-13 15:16:00,7.368518,10.674233,10.1,4.3
T04,GL-4396,2026-03-13 15:17:00,7.369333,10.67428,7.4,5.01
T04,GL-4396,2026-03-13 15:18:00,7.370163,10.674373,8.6,4.55
T04,GL-4396,2026-03-13 15:19:00,7.37082,10.674461,6.6,4.37
T04,GL-4396,2026-03-13 15:20:00,7.371632,10.67455,8.0,4.43
T04,GL-4396,2026-03-13 15:21:00,7.372349,10.674537,7.6,3.72
T04,GL-4396,2026-03-13 15:22:00,7.373235,10.674637,,3.89
T04,GL-4396,2026-03-13 15:23:00,7.373943,10.674633,4.6,3.05
T04,GL-4396,2026-03-13 15:24:00,7.374736,10.674728,8.7,5.01
T04,GL-4396,2026-03-13 15:25:00,7.37554,10.674694,5.3,3.49
T04,GL-4396,2026-03-13 15:26:00,7.376387,10.674734,11.4,3.06
T04,GL-4396,2026-03-13 15:27:00,7.377089,10.67479,5.9,3.43
T04,GL-4396,2026-03-13 15:28:00,7.377916,10.674851,8.0,4.93
T04,GL-4396,2026-03-13 15:29:00,7.378668,10.674997,8.2,3.32
T04,GL-4396,2026-03-13 15:30:00,7.379575,10.674945,4.1,3.61
T04,GL-4396,2026-03-13 15:31:00,7.380241,10.675058,6.7,3.11
T04,GL-4396,2026-03-13 15:32:00,7.380942,10.675219,,5.32
T04,GL-4396,2026-03-13 15:33:00,7.381882,10.675109,5.6,3.21
T04,GL-4396,2026-03-13 15:34:00,7.382533,10.675125,10.5,3.73
T04,GL-4396,2026-03-13 15:35:00,7.383328,10.675333,5.9,2.85
T04,GL-4396,2026-03-13 15:36:00,7.384127,10.675347,6.9,3.41
T04,GL-4396,2026-03-13 15:37:00,7.384824,10.675363,8.7,4.74
T04,GL-4396,2026-03-13 15:38:00,7.38574,10.675427,10.9,3.98
T04,GL-4396,2026-03-13 15:39:00,7.38648,10.675474,5.7,5.2
T04,GL-4396,2026-03-13 15:40:00,7.387248,10.675623,9.8,2.87
T04,GL-4396,2026-03-13 15:41:00,7.388095,10.675636,10.7,3.47
T04,GL-4396,2026-03-13 15:42:00,7.388836,10.67551,5.1,5.33
T04,GL-4396,2026-03-13 15:43:00,7.389657,10.675628,11.9,4.44
T04,GL-4396,2026-03-13 15:44:00,7.390614,10.675698,8.6,2.86
T04,GL-4396,2026-03-13 15:45:00,7.391192,10.675812,10.2,2.83
T04,GL-4396,2026-03-13 15:46:00,7.391958,10.675719,11.6,4.03
T04,GL-4396,2026-03-13 15:47:00,7.392857,10.675969,,4.28
T04,GL-4396,2026-03-13 15:48:00,7.393603,10.675937,8.8,3.95
T04,GL-4396,2026-03-13 15:49:00,7.394237,10.675893,5.5,2.99
T04,GL-4396,2026-03-13 15:50:00,7.394971,10.676115,8.3,3.87
T04,GL-4396,2026-03-13 15:51:00,7.395917,10.67606,6.1,5.13
T04,GL-4396,2026-03-13 15:52:00,7.396711,10.676004,9.0,3.75
T04,GL-4396,2026-03-13 15:53:00,7.397375,10.676236,11.0,5.05
T04,GL-4396,2026-03-13 15:54:00,7.398158,10.676343,9.0,5.28
T04,GL-4396,2026-03-13 15:55:00,7.399055,10.676307,5.7,4.61
T04,GL-4396,2026-03-13 15:56:00,7.399626,10.676347,4.1,3.59
T04,GL-4396,2026-03-13 15:57:00,7.400607,10.676371,9.4,4.33
T04,GL-4396,2026-03-13 15:58:00,7.401371,10.676456,4.1,5.07
T04,GL-4396,2026-03-13 15:59:00,7.402175,10.676377,4.1,4.35
T04,GL-4396,2026-03-13 16:00:00,7.402867,10.676618,8.5,3.97
T04,GL-4396,2026-03-13 16:01:00,7.403778,10.676577,6.8,3.26
T04,GL-4396,2026-03-13 16:02:00,7.404511,10.676614,10.3,4.03
T04,GL-4396,2026-03-13 16:03:00,7.405187,10.676653,7.1,5.28
T04,GL-4396,2026-03-13 16:04:00,7.406107,10.676697,9.6,4.88
T04,GL-4396,2026-03-13 16:05:00,7.406859,10.676863,6.6,5.59
T04,GL-4396,2026-03-13 16:06:00,7.407584,10.676819,4.6,5.39
T04,GL-4396,2026-03-13 16:07:00,7.408372,10.676891,8.4,3.59
T04,GL-4396,2026-03-13 16:08:00,7.409229,10.677041,5.7,2.95
T04,GL-4396,2026-03-13 16:09:00,7.409949,10.677047,4.3,4.06
T04,GL-4396,2026-03-13 16:10:00,7.410684,10.677055,5.0,3.06
T04,GL-4396,2026-03-13 16:11:00,7.411535,10.67703,4.0,2.98
T04,GL-4396,2026-03-13 16:12:00,7.412455,10.677078,5.6,4.7
T04,GL-4396,2026-03-13 16:13:00,7.413208,10.6772,10.0,4.41
T04,GL-4396,2026-03-13 16:14:00,7.413798,10.677292,9.2,3.18
T04,GL-4396,2026-03-13 16:15:00,7.414695,10.67738,7.5,5.57
T04,GL-4396,2026-03-13 16:16:00,7.415441,10.677393,9.6,3.23
T04,GL-4396,2026-03-13 16:17:00,7.416192,10.677473,6.7,4.09
T04,GL-4396,2026-03-13 16:18:00,7.416967,10.677524,5.8,5.33
T04,GL-4396,2026-03-13 16:19:00,7.417942,10.677519,5.6,5.25
T04,GL-4396,2026-03-13 16:20:00,7.418556,10.677551,7.8,5.41
T04,GL-4396,2026-03-13 16:21:00,7.419358,10.677586,7.4,4.76
T04,GL-4396,2026-03-13 16:22:00,7.420258,10.677668,8.7,3.13
T04,GL-4396,2026-03-13 16:23:00,7.420859,10.677762,9.1,5.11
T04,GL-4396,2026-03-13 16:24:00,7.421699,10.677852,6.4,2.99
T04,GL-4396,2026-03-13 16:25:00,7.422577,10.677816,11.9,3.33
T04,GL-4396,2026-03-13 16:26:00,7.423289,10.677783,11.1,5.51
T04,GL-4396,2026-03-13 16:27:00,7.424205,10.677898,6.4,2.88
T04,GL-4396,2026-03-13 16:28:00,7.42477,10.677972,4.7,4.64
T04,GL-4396,2026-03-13 16:29:00,7.425556,10.678022,6.5,2.98
T04,GL-4396,2026-03-13 16:30:00,7.426373,10.677959,6.8,4.01
T04,GL-4396,2026-03-13 16:31:00,7.427279,10.678151,5.9,5.08
T04,GL-4396,2026-03-13 16:32:00,7.428005,10.67827,7.4,4.56
T04,GL-4396,2026-03-13 16:33:00,7.428738,10.678306,10.8,5.04
T04,GL-4396,2026-03-13 16:34:00,7.429538,10.678316,6.0,4.47
T04,GL-4396,2026-03-13 16:35:00,7.430328,10.678395,7.4,3.1
T04,GL-4396,2026-03-13 16:36:00,7.43108,10.678403,10.0,3.4
T04,GL-4396,2026-03-13 16:37:00,7.431872,10.678437,7.8,4.62
T04,GL-4396,2026-03-13 16:38:00,7.432597,10.678486,10.4,5.06
T04,GL-4396,2026-03-13 16:39:00,7.433516,10.678581,8.0,4.54
T04,GL-4396,2026-03-13 16:40:00,7.434124,10.67864,5.8,3.66
T04,GL-4396,2026-03-13 16:41:00,7.435048,10.678569,7.6,3.77
T04,GL-4396,2026-03-13 16:42:00,7.435806,10.678804,6.4,4.08
T04,GL-4396,2026-03-13 16:43:00,7.436755,10.678838,6.4,3.29
T04,GL-4396,2026-03-13 16:44:00,7.437365,10.678731,4.6,4.54
T04,GL-4396,2026-03-13 16:45:00,7.438105,10.678831,9.1,4.84
T04,GL-4396,2026-03-13 16:46:00,7.438953,10.678886,8.4,4.28
T04,GL-4396,2026-03-13 16:47:00,7.439647,10.678979,5.8,2.87
T04,GL-4396,2026-03-13 16:48:00,7.440469,10.679048,7.5,4.06
T04,GL-4396,2026-03-13 16:49:00,7.441287,10.679125,4.2,2.81
T04,GL-4396,2026-03-13 16:50:00,7.441987,10.679196,6.7,3.21
T04,GL-4396,2026-03-13 16:51:00,7.442852,10.679227,7.0,5.3
T04,GL-4396,2026-03-13 16:52:00,7.443559,10.679312,6.6,5.03
T04,GL-4396,2026-03-13 16:53:00,7.444442,10.679282,6.0,4.89
T04,GL-4396,2026-03-13 16:54:00,7.445212,10.679335,7.5,4.09
T04,GL-4396,2026-03-13 16:55:00,7.446015,10.679396,9.2,5.23
T04,GL-4396,2026-03-13 16:56:00,7.446742,10.679352,10.1,4.46
T04,GL-4396,2026-03-13 16:57:00,7.447548,10.679451,10.0,3.9
T04,GL-4396,2026-03-13 16:58:00,7.448389,10.679541,8.0,4.88
T04,GL-4396,2026-03-13 16:59:00,7.448932,10.679732,6.6,3.51
T04,GL-4396,2026-03-13 17:00:00,7.449868,10.679592,4.9,3.76
T04,GL-4396,2026-03-13 17:01:00,7.450747,10.679695,9.8,3.1
T04,GL-4396,2026-03-13 17:02:00,7.451454,10.679729,7.4,3.38
T04,GL-4396,2026-03-13 17:03:00,7.452283,10.679742,11.3,4.67
T04,GL-4396,2026-03-13 17:04:00,7.453072,10.679901,6.6,3.33
T04,GL-4396,2026-03-13 17:05:00,7.453818,10.679961,8.1,4.04
T04,GL-4396,2026-03-13 17:06:00,7.454605,10.67997,11.3,4.23
T04,GL-4396,2026-03-13 17:07:00,7.455351,10.680012,11.2,3.82
T04,GL-4396,2026-03-13 17:08:00,7.455983,10.679927,5.9,4.09
T04,GL-4396,2026-03-13 17:09:00,7.456915,10.68004,6.4,3.11
T04,GL-4396,2026-03-13 17:10:00,7.457831,10.680162,6.5,4.24
T04,GL-4396,2026-03-13 17:11:00,7.458575,10.680248,,3.54
T04,GL-4396,2026-03-13 17:12:00,7.459301,10.680192,,3.42
T04,GL-4396,2026-03-13 17:13:00,7.460131,10.680164,9.8,3.11
T04,GL-4396,2026-03-13 17:14:00,7.460906,10.680452,9.1,3.9
T04,GL-4396,2026-03-13 17:15:00,7.461698,10.680453,10.7,4.39
T04,GL-4396,2026-03-13 17:16:00,7.462393,10.680473,5.5,3.84
T04,GL-4396,2026-03-13 17:17:00,7.463209,10.680575,11.9,4.63
T04,GL-4396,2026-03-13 17:18:00,7.463985,10.680651,9.2,3.31
T04,GL-4396,2026-03-13 17:19:00,7.464773,10.680647,8.0,4.36
T04,GL-4396,2026-03-13 17:20:00,7.465561,10.680681,7.0,4.03
T04,GL-4396,2026-03-13 17:21:00,7.466358,10.68069,7.4,3.77
T04,GL-4396,2026-03-13 17:22:00,7.467137,10.68083,4.1,5.27
T04,GL-4396,2026-03-13 17:23:00,7.467887,10.68087,8.2,5.1
T04,GL-4396,2026-03-13 17:24:00,7.468739,10.680973,10.7,5.12
T04,GL-4396,2026-03-13 17:25:00,7.469335,10.680859,5.0,3.05
T04,GL-4396,2026-03-13 17:26:00,7.470204,10.681069,6.3,3.38
T04,GL-4396,2026-03-13 17:27:00,7.470991,10.681012,6.1,4.84
T04,GL-4396,2026-03-13 17:28:00,7.471811,10.681103,7.8,4.52
T04,GL-4396,2026-03-13 17:29:00,7.472697,10.680976,9.2,3.2
T04,GL-4396,2026-03-13 17:30:00,7.47337,10.681263,10.1,4.48
T04,GL-4396,2026-03-13 17:31:00,7.474146,10.681319,6.6,3.4
T04,GL-4396,2026-03-13 17:32:00,7.474911,10.681341,8.5,4.23
T04,GL-4396,2026-03-13 17:33:00,7.475755,10.681309,9.8,4.54
T04,GL-4396,2026-03-13 17:34:00,7.476483,10.681417,7.3,3.79
T04,GL-4396,2026-03-13 17:35:00,7.477235,10.6814,6.8,5.43
T04,GL-4396,2026-03-13 17:36:00,7.478003,10.68149,10.9,2.95
T04,GL-4396,2026-03-13 17:37:00,7.478873,10.681618,8.3,4.3
T04,GL-4396,2026-03-13 17:38:00,7.479608,10.681619,8.8,3.17
T04,GL-4396,2026-03-13 17:39:00,7.48041,10.681543,8.4,4.51
T04,GL-4396,2026-03-13 17:40:00,7.48121,10.681762,9.3,5.29
T04,GL-4396,2026-03-13 17:41:00,7.482014,10.681763,4.8,4.63
T04,GL-4396,2026-03-13 17:42:00,7.482777,10.681888,5.4,3.62
T04,GL-4396,2026-03-13 17:43:00,7.483576,10.681947,5.6,3.29
T04,GL-4396,2026-03-13 17:44:00,7.484329,10.681893,4.1,3.99
T04,GL-4396,2026-03-13 17:45:00,7.4851,10.681894,4.0,4.28
T04,GL-4396,2026-03-13 17:46:00,7.485881,10.682031,8.8,2.94
T04,GL-4396,2026-03-13 17:47:00,7.48667,10.682064,10.9,4.92
T04,GL-4396,2026-03-13 17:48:00,7.487563,10.682133,9.9,3.55
T04,GL-4396,2026-03-13 17:49:00,7.488397,10.682135,5.8,5.18
T04,GL-4396,2026-03-13 17:50:00,7.489043,10.682322,4.5,3.35
T04,GL-4396,2026-03-13 17:51:00,7.489903,10.682194,11.9,3.99
T04,GL-4396,2026-03-13 17:52:00,7.490606,10.682272,4.6,3.58
T04,GL-4396,2026-03-13 17:53:00,7.491349,10.682479,6.0,3.11
T04,GL-4396,2026-03-13 17:54:00,7.492145,10.682533,4.7,3.52
T04,GL-4396,2026-03-13 17:55:00,7.492979,10.682444,11.3,5.09
T04,GL-4396,2026-03-13 17:56:00,7.493758,10.682588,10.1,4.1
T04,GL-4396,2026-03-13 17:57:00,7.49452,10.682514,11.7,4.69
T04,GL-4396,2026-03-13 17:58:00,7.495254,10.682685,7.6,3.64
T04,GL-4396,2026-03-13 17:59:00,7.496062,10.682739,12.0,4.43
T04,GL-4396,2026-03-13 18:00:00,7.496827,10.682794,6.9,5.25
T04,GL-4396,2026-03-13 18:01:00,7.497718,10.682743,5.6,3.32
T04,GL-4396,2026-03-13 18:02:00,7.498383,10.682791,9.7,4.5
T04,GL-4396,2026-03-13 18:03:00,7.499236,10.682845,,4.51
T04,GL-4396,2026-03-13 18:04:00,7.499937,10.68301,7.8,4.73
T04,GL-4396,2026-03-13 18:05:00,7.500782,10.683026,8.4,3.73
T04,GL-4396,2026-03-13 18:06:00,7.501459,10.683103,9.3,4.91
T04,GL-4396,2026-03-13 18:07:00,7.502409,10.683096,5.3,3.05
T04,GL-4396,2026-03-13 18:08:00,7.503079,10.683109,6.8,3.67
T04,GL-4396,2026-03-13 18:09:00,7.503898,10.683144,10.7,3.11
T04,GL-4396,2026-03-13 18:10:00,7.504661,10.683264,7.4,3.78
T04,GL-4396,2026-03-13 18:11:00,7.505442,10.683377,11.4,4.7
T04,GL-4396,2026-03-13 18:12:00,7.506284,10.683363,5.1,4.26
T04,GL-4396,2026-03-13 18:13:00,7.507122,10.683479,11.1,4.91
T04,GL-4396,2026-03-13 18:14:00,7.507772,10.683417,6.1,3.69
T04,GL-4396,2026-03-13 18:15:00,7.508614,10.683551,10.4,3.63
T04,GL-4396,2026-03-13 18:16:00,7.509482,10.68367,4.2,3.27
T04,GL-4396,2026-03-13 18:17:00,7.510355,10.683629,6.1,4.51
T04,GL-4396,2026-03-13 18:18:00,7.510865,10.683613,10.0,3.91
T04,GL-4396,2026-03-13 18:19:00,7.511714,10.683661,10.4,5.5
T04,GL-4396,2026-03-13 18:20:00,7.512617,10.683797,8.8,2.83
T04,GL-4396,2026-03-13 18:21:00,7.513255,10.683738,8.6,4.68
T04,GL-4396,2026-03-13 18:22:00,7.514073,10.683822,11.0,3.28
T04,GL-4396,2026-03-13 18:23:00,7.514898,10.683825,5.9,5.06
T04,GL-4396,2026-03-13 18:24:00,7.515686,10.683917,8.6,2.87
T04,GL-4396,2026-03-13 18:25:00,7.516356,10.684009,7.0,5.56
T04,GL-4396,2026-03-13 18:26:00,7.517282,10.68414,6.2,3.53
T04,GL-4396,2026-03-13 18:27:00,7.518011,10.684066,10.3,4.3
T04,GL-4396,2026-03-13 18:28:00,7.51873,10.684249,6.0,2.94
T04,GL-4396,2026-03-13 18:29:00,7.519551,10.684167,11.5,3.51
T04,GL-4396,2026-03-13 18:30:00,7.520352,10.684325,10.9,4.17
T04,GL-4396,2026-03-13 18:31:00,7.521244,10.684378,7.2,3.02
T04,GL-4396,2026-03-13 18:32:00,7.521864,10.684365,8.8,4.24
T04,GL-4396,2026-03-13 18:33:00,7.522716,10.684439,11.2,3.18
T04,GL-4396,2026-03-13 18:34:00,7.52343,10.684554,8.9,3.58
T04,GL-4396,2026-03-13 18:35:00,7.524289,10.684562,10.4,4.22
T04,GL-4396,2026-03-13 18:36:00,7.525136,10.684581,9.6,3.81
T04,GL-4396,2026-03-13 18:37:00,7.525797,10.68469,5.4,5.09
T04,GL-4396,2026-03-13 18:38:00,7.526662,10.684787,7.6,4.29
T04,GL-4396,2026-03-13 18:39:00,7.527409,10.684873,6.0,5.12
T04,GL-4396,2026-03-13 18:40:00,7.528078,10.684886,5.5,5.1
T04,GL-4396,2026-03-13 18:41:00,7.52896,10.684769,11.7,3.13
T04,GL-4396,2026-03-13 18:42:00,7.529753,10.68487,7.2,4.11
T04,GL-4396,2026-03-13 18:43:00,7.530438,10.684868,10.4,4.26
T04,GL-4396,2026-03-13 18:44:00,7.531299,10.684905,7.0,5.23
T04,GL-4396,2026-03-13 18:45:00,7.532186,10.685203,8.3,3.22
T04,GL-4396,2026-03-13 18:46:00,7.532908,10.685118,6.1,4.01
T04,GL-4396,2026-03-13 18:47:00,7.533589,10.685079,6.7,4.64
T04,GL-4396,2026-03-13 18:48:00,7.534503,10.685169,7.8,5.26
T04,GL-4396,2026-03-13 18:49:00,7.535209,10.685306,9.2,4.53
T04,GL-4396,2026-03-13 18:50:00,7.535986,10.685445,11.6,5.23
T04,GL-4396,2026-03-13 18:51:00,7.536726,10.685351,8.7,4.21
T04,GL-4396,2026-03-13 18:52:00,7.537567,10.685491,9.3,3.59
T04,GL-4396,2026-03-13 18:53:00,7.538384,10.685332,9.1,4.66
T04,GL-4396,2026-03-13 18:54:00,7.539135,10.685446,9.1,4.95
T04,GL-4396,2026-03-13 18:55:00,7.539994,10.685521,7.1,4.98
T04,GL-4396,2026-03-13 18:56:00,7.540759,10.685655,4.2,5.1
T04,GL-4396,2026-03-13 18:57:00,7.541561,10.685562,9.1,5.49
T04,GL-4396,2026-03-13 18:58:00,7.542226,10.685639,5.1,4.09
T04,GL-4396,2026-03-13 18:59:00,7.542991,10.685828,9.1,4.44
T04,GL-4396,2026-03-13 19:00:00,7.543869,10.685798,10.9,3.6
T04,GL-4396,2026-03-13 19:01:00,7.544593,10.685827,5.4,4.87
T04,GL-4396,2026-03-13 19:02:00,7.545344,10.685902,5.0,3.16
T04,GL-4396,2026-03-13 19:03:00,7.546281,10.68598,7.7,3.77
T04,GL-4396,2026-03-13 19:04:00,7.546924,10.686022,7.2,4.68
T04,GL-4396,2026-03-13 19:05:00,7.547752,10.686077,10.3,4.32
T04,GL-4396,2026-03-13 19:06:00,7.548477,10.686129,10.3,3.77
T04,GL-4396,2026-03-13 19:07:00,7.549295,10.686214,8.6,3.32
T04,GL-4396,2026-03-13 19:08:00,7.550154,10.686121,4.4,5.26
T04,GL-4396,2026-03-13 19:09:00,7.550918,10.686336,5.1,4.76
T04,GL-4396,2026-03-13 19:10:00,7.551706,10.686337,9.2,5.16
T04,GL-4396,2026-03-13 19:11:00,7.552418,10.686322,7.4,4.38
T04,GL-4396,2026-03-13 19:12:00,7.553189,10.686392,11.7,5.17
T04,GL-4396,2026-03-13 19:13:00,7.554019,10.686466,7.4,2.89
T04,GL-4396,2026-03-13 19:14:00,7.554765,10.686634,4.6,3.65
T04,GL-4396,2026-03-13 19:15:00,7.555561,10.686582,8.0,5.07
T04,GL-4396,2026-03-13 19:16:00,7.556283,10.686645,8.3,3.84
T04,GL-4396,2026-03-13 19:17:00,7.557049,10.686658,7.8,5.03
T04,GL-4396,2026-03-13 19:18:00,7.557906,10.686802,9.3,3.41
T04,GL-4396,2026-03-13 19:19:00,7.558641,10.686806,11.8,4.39
T04,GL-4396,2026-03-13 19:20:00,7.55952,10.686966,8.2,3.24
T04,GL-4396,2026-03-13 19:21:00,7.560287,10.687033,5.9,3.65
T04,GL-4396,2026-03-13 19:22:00,7.561046,10.686894,6.1,4.15
T04,GL-4396,2026-03-13 19:23:00,7.56187,10.686949,4.7,4.29
T04,GL-4396,2026-03-13 19:24:00,7.562582,10.687073,10.9,4.75
T04,GL-4396,2026-03-13 19:25:00,7.563349,10.687169,4.7,4.92
T04,GL-4396,2026-03-13 19:26:00,7.564306,10.687036,8.0,4.78
T04,GL-4396,2026-03-13 19:27:00,7.564963,10.687169,5.6,5.32
T04,GL-4396,2026-03-13 19:28:00,7.565771,10.687177,4.3,4.54
T04,GL-4396,2026-03-13 19:29:00,7.566489,10.687317,5.9,4.52
T04,GL-4396,2026-03-13 19:30:00,7.567331,10.687424,11.7,5.48
T04,GL-4396,2026-03-13 19:31:00,7.568128,10.687509,11.5,3.67
T04,GL-4396,2026-03-13 19:32:00,7.568867,10.687418,6.1,3.7
T04,GL-4396,2026-03-13 19:33:00,7.569648,10.687507,10.5,5.2
T04,GL-4396,2026-03-13 19:34:00,7.570505,10.687536,5.1,5.56
T04,GL-4396,2026-03-13 19:35:00,7.571122,10.687627,5.6,4.3
T04,GL-4396,2026-03-13 19:36:00,7.572034,10.687746,7.7,3.91
T04,GL-4396,2026-03-13 19:37:00,7.572837,10.687736,11.8,4.71
T04,GL-4396,2026-03-13 19:38:00,7.573635,10.687649,11.8,4.79
T04,GL-4396,2026-03-13 19:39:00,7.574393,10.687837,10.2,5.17
T04,GL-4396,2026-03-13 19:40:00,7.575186,10.68791,5.1,4.1
T04,GL-4396,2026-03-13 19:41:00,7.575874,10.687978,8.5,3.9
T04,GL-4396,2026-03-13 19:42:00,7.576582,10.687968,5.1,4.78
T04,GL-4396,2026-03-13 19:43:00,7.577567,10.68798,8.3,4.94
T04,GL-4396,2026-03-13 19:44:00,7.57822,10.688078,6.6,3.85
T04,GL-4396,2026-03-13 19:45:00,7.579043,10.688131,11.0,5.35
T04,GL-4396,2026-03-13 19:46:00,7.579902,10.688249,6.1,4.74
T04,GL-4396,2026-03-13 19:47:00,7.580716,10.6883,11.8,4.57
T04,GL-4396,2026-03-13 19:48:00,7.581295,10.688308,5.8,3.75
T04,GL-4396,2026-03-13 19:49:00,7.582113,10.688416,8.1,3.88
T04,GL-4396,2026-03-13 19:50:00,7.583049,10.688414,9.4,5.58
T04,GL-4396,2026-03-13 19:51:00,7.583821,10.688361,6.5,2.99
T04,GL-4396,2026-03-13 19:52:00,7.584588,10.688492,5.0,3.63
T04,GL-4396,2026-03-13 19:53:00,7.585244,10.688569,5.1,4.33
T04,GL-4396,2026-03-13 19:54:00,7.586053,10.688533,10.2,2.85
T04,GL-4396,2026-03-13 19:55:00,7.586957,10.688666,9.5,3.1
T04,GL-4396,2026-03-13 19:56:00,7.587724,10.688757,9.1,4.06
T04,GL-4396,2026-03-13 19:57:00,7.588409,10.688756,6.3,3.56
T04,GL-4396,2026-03-13 19:58:00,7.589323,10.68886,9.7,5.41
T04,GL-4396,2026-03-13 19:59:00,7.590062,10.688918,6.3,3.95
T04,GL-4396,2026-03-13 20:00:00,7.5908,10.68886,9.6,4.29
T04,GL-4396,2026-03-13 20:01:00,7.591593,10.689044,9.3,3.53
T04,GL-4396,2026-03-13 20:02:00,7.592323,10.689067,7.7,3.37
T04,GL-4396,2026-03-13 20:03:00,7.593208,10.689115,4.6,3.21
T04,GL-4396,2026-03-13 20:04:00,7.593912,10.689226,8.4,4.43
T04,GL-4396,2026-03-13 20:05:00,7.594776,10.689169,7.9,5.12
T04,GL-4396,2026-03-13 20:06:00,7.595469,10.689261,6.4,5.48
T04,GL-4396,2026-03-13 20:07:00,7.596226,10.689222,4.5,4.28
T04,GL-4396,2026-03-13 20:08:00,7.59699,10.689299,8.2,4.86
T04,GL-4396,2026-03-13 20:09:00,7.597751,10.689343,6.0,4.3
T04,GL-4396,2026-03-13 20:10:00,7.598584,10.689372,8.8,3.18
T04,GL-4396,2026-03-13 20:11:00,7.59958,10.689559,10.7,2.84
T04,GL-4396,2026-03-13 20:12:00,7.600096,10.689513,11.9,3.16
T04,GL-4396,2026-03-13 20:13:00,7.60098,10.689571,7.3,4.9
T04,GL-4396,2026-03-13 20:14:00,7.601801,10.689592,10.9,3.4
T04,GL-4396,2026-03-13 20:15:00,7.602458,10.689763,7.5,2.84
T04,GL-4396,2026-03-13 20:16:00,7.603262,10.689626,11.8,5.11
T04,GL-4396,2026-03-13 20:17:00,7.604128,10.689789,11.6,3.75
T04,GL-4396,2026-03-13 20:18:00,7.605028,10.689877,8.4,4.59
T04,GL-4396,2026-03-13 20:19:00,7.605592,10.689854,10.1,3.39
T04,GL-4396,2026-03-13 20:20:00,7.606535,10.689873,9.9,5.51
T04,GL-4396,2026-03-13 20:21:00,7.607151,10.689925,10.9,3.8
T04,GL-4396,2026-03-13 20:22:00,7.607986,10.689943,6.9,5.05
T04,GL-4396,2026-03-13 20:23:00,7.608768,10.69,7.0,4.63
T04,GL-4396,2026-03-13 20:24:00,7.609483,10.690015,,3.28
T04,GL-4396,2026-03-13 20:25:00,7.610379,10.6902,11.6,5.18
T04,GL-4396,2026-03-13 20:26:00,7.611178,10.690313,9.6,4.64
T04,GL-4396,2026-03-13 20:27:00,7.611951,10.690404,5.8,4.21
T04,GL-4396,2026-03-13 20:28:00,7.612648,10.690367,4.6,4.18
T04,GL-4396,2026-03-13 20:29:00,7.613476,10.690431,11.0,3.69
T04,GL-4396,2026-03-13 20:30:00,7.614265,10.690459,9.1,4.74
T04,GL-4396,2026-03-13 20:31:00,7.615158,10.690444,9.1,5.08
T04,GL-4396,2026-03-13 20:32:00,7.615734,10.690528,9.2,4.13
T04,GL-4396,2026-03-13 20:33:00,7.61674,10.690595,11.0,4.32
T04,GL-4396,2026-03-13 20:34:00,7.617487,10.690699,12.0,4.23
T04,GL-4396,2026-03-13 20:35:00,7.618121,10.690717,4.9,3.82
T04,GL-4396,2026-03-13 20:36:00,7.61901,10.690873,11.0,4.05
T04,GL-4396,2026-03-13 20:37:00,7.619731,10.69083,6.8,5.59
T04,GL-4396,2026-03-13 20:38:00,7.620624,10.690855,9.4,4.5
T04,GL-4396,2026-03-13 20:39:00,7.621199,10.691019,11.5,3.95
T04,GL-4396,2026-03-13 20:40:00,7.622035,10.690876,6.7,3.78
T04,GL-4396,2026-03-13 20:41:00,7.622952,10.690932,10.4,4.27
T04,GL-4396,2026-03-13 20:42:00,7.623618,10.691086,11.3,4.88
T04,GL-4396,2026-03-13 20:43:00,7.624605,10.69114,9.2,4.28
T04,GL-4396,2026-03-13 20:44:00,7.625268,10.691144,5.1,4.71
T04,GL-4396,2026-03-13 20:45:00,7.626087,10.69128,7.9,3.13
T04,GL-4396,2026-03-13 20:46:00,7.62676,10.69134,5.4,4.08
T04,GL-4396,2026-03-13 20:47:00,7.627537,10.691333,10.8,5.38
T04,GL-4396,2026-03-13 20:48:00,7.628405,10.691363,4.4,5.34
T04,GL-4396,2026-03-13 20:49:00,7.629137,10.691366,8.5,4.46
T04,GL-4396,2026-03-13 20:50:00,7.629878,10.691546,8.2,5.21
T04,GL-4396,2026-03-13 20:51:00,7.630859,10.691635,5.1,4.1
T04,GL-4396,2026-03-13 20:52:00,7.631559,10.691581,10.2,2.8
T04,GL-4396,2026-03-13 20:53:00,7.632291,10.691621,4.2,3.41
T04,GL-4396,2026-03-13 20:54:00,7.633089,10.691647,9.9,3.85
T04,GL-4396,2026-03-13 20:55:00,7.63376,10.691742,11.7,3.24
T04,GL-4396,2026-03-13 20:56:00,7.634598,10.6918,10.6,3.88
T04,GL-4396,2026-03-13 20:57:00,7.635396,10.691986,,3.03
T04,GL-4396,2026-03-13 20:58:00,7.636123,10.691937,5.2,4.53
T04,GL-4396,2026-03-13 20:59:00,7.637,10.691944,7.9,3.44
T04,GL-4396,2026-03-13 21:00:00,7.63773,10.69211,6.0,4.96
T04,GL-4396,2026-03-13 21:01:00,7.638528,10.692111,8.5,4.78
T04,GL-4396,2026-03-13 21:02:00,7.63937,10.692097,5.0,4.54
T04,GL-4396,2026-03-13 21:03:00,7.640221,10.692171,5.7,4.61
T04,GL-4396,2026-03-13 21:04:00,7.640923,10.692213,10.6,3.93
T04,GL-4396,2026-03-13 21:05:00,7.641799,10.692336,4.6,3.18
T04,GL-4396,2026-03-13 21:06:00,7.642407,10.692258,,5.55
T04,GL-4396,2026-03-13 21:07:00,7.643215,10.692435,6.6,4.57
T04,GL-4396,2026-03-13 21:08:00,7.64413,10.692459,11.4,4.12
T04,GL-4396,2026-03-13 21:09:00,7.644901,10.692398,11.7,2.89
T04,GL-4396,2026-03-13 21:10:00,7.645693,10.69256,11.6,3.29
T04,GL-4396,2026-03-13 21:11:00,7.646404,10.692552,8.7,5.39
T04,GL-4396,2026-03-13 21:12:00,7.647153,10.692717,7.8,4.09
T04,GL-4396,2026-03-13 21:13:00,7.647981,10.692652,11.2,3.14
T04,GL-4396,2026-03-13 21:14:00,7.648746,10.692725,8.5,5.09
T04,GL-4396,2026-03-13 21:15:00,7.649379,10.692801,6.7,3.67
T04,GL-4396,2026-03-13 21:16:00,7.650318,10.692911,4.4,4.35
T04,GL-4396,2026-03-13 21:17:00,7.651042,10.692731,10.0,4.95
T04,GL-4396,2026-03-13 21:18:00,7.651895,10.692875,10.0,4.98
T04,GL-4396,2026-03-13 21:19:00,7.652645,10.693064,11.1,3.83
T04,GL-4396,2026-03-13 21:20:00,7.653401,10.692936,7.3,3.89
T04,GL-4396,2026-03-13 21:21:00,7.654243,10.692958,11.6,2.95
T04,GL-4396,2026-03-13 21:22:00,7.655036,10.693108,6.9,5.25
T04,GL-4396,2026-03-13 21:23:00,7.655756,10.693108,,4.54
T04,GL-4396,2026-03-13 21:24:00,7.656599,10.693384,9.3,4.73
T04,GL-4396,2026-03-13 21:25:00,7.657349,10.693315,6.5,5.37
T04,GL-4396,2026-03-13 21:26:00,7.658094,10.693277,4.5,5.59
T04,GL-4396,2026-03-13 21:27:00,7.658971,10.693518,7.3,4.94
T04,GL-4396,2026-03-13 21:28:00,7.659689,10.693505,7.4,5.37
T04,GL-4396,2026-03-13 21:29:00,7.660477,10.693436,11.8,5.04
T04,GL-4396,2026-03-13 21:30:00,7.66121,10.693699,4.0,4.21
T04,GL-4396,2026-03-13 21:31:00,7.662028,10.693587,11.3,4.9
T04,GL-4396,2026-03-13 21:32:00,7.66281,10.693646,6.5,3.37
T04,GL-4396,2026-03-13 21:33:00,7.663625,10.693701,4.5,3.85
T04,GL-4396,2026-03-13 21:34:00,7.664416,10.69385,5.0,4.3
T04,GL-4396,2026-03-13 21:35:00,7.665117,10.693852,10.8,4.32
T04,GL-4396,2026-03-13 21:36:00,7.665845,10.69393,11.1,4.94
T04,GL-4396,2026-03-13 21:37:00,7.666757,10.693969,8.7,5.15
T04,GL-4396,2026-03-13 21:38:00,7.667554,10.693867,8.3,4.74
T04,GL-4396,2026-03-13 21:39:00,7.668273,10.693992,6.5,4.94
T04,GL-4396,2026-03-13 21:40:00,7.669001,10.69401,11.0,2.9
T04,GL-4396,2026-03-13 21:41:00,7.669902,10.694143,4.8,4.81
T04,GL-4396,2026-03-13 21:42:00,7.670646,10.694249,7.0,5.14
T04,GL-4396,2026-03-13 21:43:00,7.671459,10.694107,10.0,3.59
T04,GL-4396,2026-03-13 21:44:00,7.672238,10.694237,9.3,3.22
T04,GL-4396,2026-03-13 21:45:00,7.673018,10.694319,8.6,3.21
T04,GL-4396,2026-03-13 21:46:00,7.67393,10.694361,10.6,2.91
T04,GL-4396,2026-03-13 21:47:00,7.674553,10.694466,9.9,4.04
T04,GL-4396,2026-03-13 21:48:00,7.675267,10.69447,7.1,5.16
T04,GL-4396,2026-03-13 21:49:00,7.67613,10.69451,10.5,4.99
T04,GL-4396,2026-03-13 21:50:00,7.996205,10.694554,9.0,251.96
T04,GL-4396,2026-03-13 21:51:00,7.677674,10.694753,5.7,4.93
T04,GL-4396,2026-03-13 21:52:00,7.678462,10.694686,4.7,3.0
T04,GL-4396,2026-03-13 21:53:00,7.679213,10.694787,4.3,4.94
T04,GL-4396,2026-03-13 21:54:00,7.680017,10.694714,4.9,4.17
T04,GL-4396,2026-03-13 21:55:00,7.68081,10.694855,6.7,5.25
T04,GL-4396,2026-03-13 21:56:00,7.681675,10.694927,4.1,3.18
T04,GL-4396,2026-03-13 21:57:00,7.682388,10.694923,11.8,3.82
T04,GL-4396,2026-03-13 21:58:00,7.683156,10.695028,4.2,2.89
T04,GL-4396,2026-03-13 21:59:00,7.683922,10.695017,9.5,3.28
T04,GL-4396,2026-03-13 22:00:00,7.684732,10.695121,10.7,3.4
T04,GL-4396,2026-03-13 22:01:00,7.685524,10.695111,4.7,4.34
T04,GL-4396,2026-03-13 22:02:00,7.686325,10.695077,11.9,3.93
T04,GL-4396,2026-03-13 22:03:00,7.687098,10.695299,6.3,3.9
T04,GL-4396,2026-03-13 22:04:00,7.687864,10.695261,7.3,5.56
T04,GL-4396,2026-03-13 22:05:00,7.688705,10.695328,5.4,3.64
T04,GL-4396,2026-03-13 22:06:00,7.68945,10.695389,4.8,5.12
T04,GL-4396,2026-03-13 22:07:00,7.690262,10.695442,10.9,4.32
T04,GL-4396,2026-03-13 22:08:00,7.691026,10.69557,7.6,4.33
T04,GL-4396,2026-03-13 22:09:00,7.691865,10.695609,8.5,5.03
T04,GL-4396,2026-03-13 22:10:00,7.692604,10.695508,8.8,4.12
T04,GL-4396,2026-03-13 22:11:00,7.693344,10.695707,7.9,2.99
T04,GL-4396,2026-03-13 22:12:00,7.694068,10.69567,8.6,4.6
T04,GL-4396,2026-03-13 22:13:00,7.694873,10.695745,5.3,4.3
T04,GL-4396,2026-03-13 22:14:00,7.695741,10.695803,6.2,3.47
T04,GL-4396,2026-03-13 22:15:00,7.696494,10.695981,9.2,5.02
T04,GL-4396,2026-03-13 22:16:00,7.697251,10.695967,5.2,4.47
T04,GL-4396,2026-03-13 22:17:00,7.698053,10.695859,4.8,3.8
T04,GL-4396,2026-03-13 22:18:00,7.698906,10.695901,9.5,5.45
T04,GL-4396,2026-03-13 22:19:00,7.699682,10.69618,11.7,5.24
T04,GL-4396,2026-03-13 22:20:00,7.700402,10.696268,11.3,4.84
T04,GL-4396,2026-03-13 22:21:00,7.701187,10.696003,7.4,3.57
T04,GL-4396,2026-03-13 22:22:00,7.702004,10.696191,8.4,3.11
T04,GL-4396,2026-03-13 22:23:00,7.702645,10.696292,12.0,3.49
T04,GL-4396,2026-03-13 22:24:00,7.703521,10.696391,10.0,3.61
T04,GL-4396,2026-03-13 22:25:00,7.704364,10.696262,6.7,4.96
T04,GL-4396,2026-03-13 22:26:00,7.705169,10.696557,11.2,5.46
T04,GL-4396,2026-03-13 22:27:00,7.705954,10.696504,6.2,3.72
T04,GL-4396,2026-03-13 22:28:00,7.706788,10.696587,10.5,2.84
T04,GL-4396,2026-03-13 22:29:00,7.707443,10.696559,4.7,5.27
T04,GL-4396,2026-03-13 22:30:00,7.708198,10.696721,5.8,4.18
T04,GL-4396,2026-03-13 22:31:00,7.709037,10.696711,11.9,3.01
T04,GL-4396,2026-03-13 22:32:00,7.709752,10.696696,6.2,4.98
T04,GL-4396,2026-03-13 22:33:00,7.710599,10.69672,5.8,2.87
T04,GL-4396,2026-03-13 22:34:00,7.711434,10.696779,7.4,3.81
T04,GL-4396,2026-03-13 22:35:00,7.712008,10.696867,4.0,5.28
T04,GL-4396,2026-03-13 22:36:00,7.71293,10.696962,8.7,5.47
T04,GL-4396,2026-03-13 22:37:00,7.713572,10.697013,7.9,4.87
T04,GL-4396,2026-03-13 22:38:00,7.714519,10.697042,8.7,5.24
T04,GL-4396,2026-03-13 22:39:00,7.715248,10.697005,7.9,4.1
T04,GL-4396,2026-03-13 22:40:00,7.71602,10.69717,11.9,5.18
T04,GL-4396,2026-03-13 22:41:00,7.716838,10.697307,8.8,4.67
T04,GL-4396,2026-03-13 22:42:00,7.717654,10.697264,9.0,3.93
T04,GL-4396,2026-03-13 22:43:00,7.718382,10.697215,11.4,4.6
T04,GL-4396,2026-03-13 22:44:00,7.719203,10.697374,8.4,3.14
T04,GL-4396,2026-03-13 22:45:00,7.719956,10.697402,4.9,3.24
T04,GL-4396,2026-03-13 22:46:00,7.720755,10.697441,5.7,3.62
T04,GL-4396,2026-03-13 22:47:00,7.721503,10.697479,7.7,4.74
T04,GL-4396,2026-03-13 22:48:00,7.722316,10.69763,10.1,5.39
T04,GL-4396,2026-03-13 22:49:00,7.72312,10.697569,9.8,4.68
T04,GL-4396,2026-03-13 22:50:00,7.723856,10.697733,10.5,5.4
T04,GL-4396,2026-03-13 22:51:00,7.724684,10.69787,11.7,3.85
T04,GL-4396,2026-03-13 22:52:00,7.725534,10.697835,8.4,5.03
T04,GL-4396,2026-03-13 22:53:00,7.726182,10.69787,11.7,4.95
T04,GL-4396,2026-03-13 22:54:00,7.727101,10.697955,9.2,5.07
T04,GL-4396,2026-03-13 22:55:00,7.727795,10.698027,6.0,4.27
T04,GL-4396,2026-03-13 22:56:00,7.728528,10.697976,7.4,5.2
T04,GL-4396,2026-03-13 22:57:00,7.7295,10.69791,4.4,4.57
T04,GL-4396,2026-03-13 22:58:00,7.730085,10.698044,7.7,3.15
T04,GL-4396,2026-03-13 22:59:00,7.730874,10.698215,11.2,5.37
T04,GL-4396,2026-03-13 23:00:00,7.731734,10.698188,10.9,5.22
T04,GL-4396,2026-03-13 23:01:00,7.732518,10.698173,6.9,5.47
T04,GL-4396,2026-03-13 23:02:00,7.73322,10.698312,6.8,3.89
T04,GL-4396,2026-03-13 23:03:00,7.734034,10.69841,5.1,3.2
T04,GL-4396,2026-03-13 23:04:00,7.734885,10.698434,9.1,5.21
T04,GL-4396,2026-03-13 23:05:00,7.735563,10.698406,8.0,4.84
T04,GL-4396,2026-03-13 23:06:00,7.736308,10.69851,10.9,4.81
T04,GL-4396,2026-03-13 23:07:00,7.73718,10.698486,5.2,4.42
T04,GL-4396,2026-03-13 23:08:00,7.738052,10.698633,7.5,4.62
T04,GL-4396,2026-03-13 23:09:00,7.73877,10.698557,6.1,3.22
T04,GL-4396,2026-03-13 23:10:00,7.739485,10.69871,11.2,5.36
T04,GL-4396,2026-03-13 23:11:00,7.740325,10.698881,6.0,5.03
T04,GL-4396,2026-03-13 23:12:00,7.740989,10.698779,5.7,4.52
T04,GL-4396,2026-03-13 23:13:00,7.74182,10.698661,7.5,3.43
T04,GL-4396,2026-03-13 23:14:00,7.74271,10.69883,4.2,3.17
T04,GL-4396,2026-03-13 23:15:00,7.743379,10.698982,9.5,3.95
T04,GL-4396,2026-03-13 23:16:00,7.744288,10.699103,10.7,3.46
T04,GL-4396,2026-03-13 23:17:00,7.74501,10.699109,4.8,3.66
T04,GL-4396,2026-03-13 23:18:00,7.745756,10.699182,9.9,5.57
T04,GL-4396,2026-03-13 23:19:00,7.746567,10.699085,10.9,5.39
T04,GL-4396,2026-03-13 23:20:00,7.747383,10.699251,7.5,5.46
T04,GL-4396,2026-03-13 23:21:00,7.748211,10.699196,7.2,3.74
T04,GL-4396,2026-03-13 23:22:00,7.749017,10.699215,4.6,4.2
T04,GL-4396,2026-03-13 23:23:00,7.749766,10.699428,8.8,3.03
T04,GL-4396,2026-03-13 23:24:00,7.750439,10.699363,7.2,4.38
T04,GL-4396,2026-03-13 23:25:00,7.751237,10.699565,,4.8
T04,GL-4396,2026-03-13 23:26:00,7.752014,10.699508,9.6,4.82
T04,GL-4396,2026-03-13 23:27:00,7.752897,10.699591,9.4,4.07
T04,GL-4396,2026-03-13 23:28:00,7.753591,10.699669,8.8,5.27
T04,GL-4396,2026-03-13 23:29:00,7.754398,10.699674,8.4,3.29
T04,GL-4396,2026-03-13 23:30:00,7.75529,10.69979,5.7,5.0
T04,GL-4396,2026-03-13 23:31:00,7.756037,10.69979,5.4,4.93
T04,GL-4396,2026-03-13 23:32:00,7.756756,10.69984,6.3,3.4
T04,GL-4396,2026-03-13 23:33:00,7.757562,10.699756,6.0,4.61
T04,GL-4396,2026-03-13 23:34:00,7.758294,10.699954,11.5,3.14
T04,GL-4396,2026-03-13 23:35:00,7.759035,10.700066,11.4,3.69
T04,GL-4396,2026-03-13 23:36:00,7.759929,10.700097,10.9,5.23
T04,GL-4396,2026-03-13 23:37:00,7.760712,10.699958,5.9,2.81
T04,GL-4396,2026-03-13 23:38:00,7.761455,10.7003,6.2,4.18
T04,GL-4396,2026-03-13 23:39:00,7.762166,10.700213,4.3,3.32
T04,GL-4396,2026-03-13 23:40:00,7.762946,10.700245,10.0,3.33
T04,GL-4396,2026-03-13 23:41:00,7.763829,10.7003,4.6,3.97
T04,GL-4396,2026-03-13 23:42:00,7.764524,10.700324,7.1,4.12
T04,GL-4396,2026-03-13 23:43:00,7.765364,10.700429,9.7,4.41
T04,GL-4396,2026-03-13 23:44:00,7.766245,10.700364,10.3,4.35
T04,GL-4396,2026-03-13 23:45:00,7.766996,10.700501,6.9,4.4
T04,GL-4396,2026-03-13 23:46:00,7.767642,10.700449,6.0,4.01
T04,GL-4396,2026-03-13 23:47:00,7.768542,10.700599,5.5,3.8
T04,GL-4396,2026-03-13 23:48:00,7.769349,10.700703,5.2,4.34
T04,GL-4396,2026-03-13 23:49:00,7.770083,10.700647,11.1,3.74
T04,GL-4396,2026-03-13 23:50:00,7.770833,10.700776,9.3,5.31
T04,GL-4396,2026-03-13 23:51:00,7.771549,10.700851,4.6,4.52
T04,GL-4396,2026-03-13 23:52:00,7.772452,10.700912,10.6,4.83
T04,GL-4396,2026-03-13 23:53:00,7.773175,10.700845,9.1,2.99
T04,GL-4396,2026-03-13 23:54:00,7.773962,10.700878,6.1,3.3
T04,GL-4396,2026-03-13 23:55:00,7.774801,10.700951,8.2,2.86
T04,GL-4396,2026-03-13 23:56:00,7.775534,10.70108,11.2,5.16
T04,GL-4396,2026-03-13 23:57:00,7.776238,10.701068,11.6,4.4
T04,GL-4396,2026-03-13 23:58:00,7.777109,10.701132,6.8,4.78
T04,GL-4396,2026-03-13 23:59:00,7.777969,10.701285,11.2,3.38
T04,GL-4396,2026-03-14 00:00:00,7.778659,10.701302,10.9,3.65
T04,GL-4396,2026-03-14 00:01:00,7.779349,10.701365,6.1,3.53
T04,GL-4396,2026-03-14 00:02:00,7.780213,10.701412,4.8,5.37
T04,GL-4396,2026-03-14 00:03:00,7.781021,10.701315,8.1,4.88
T04,GL-4396,2026-03-14 00:04:00,7.781922,10.701448,,2.84
T04,GL-4396,2026-03-14 00:05:00,7.782593,10.701482,7.1,4.59
T04,GL-4396,2026-03-14 00:06:00,7.783344,10.701524,7.0,4.98
T04,GL-4396,2026-03-14 00:07:00,7.784156,10.701629,,3.74
T04,GL-4396,2026-03-14 00:08:00,7.785017,10.701644,,4.62
T04,GL-4396,2026-03-14 00:09:00,7.785654,10.701798,4.3,2.92
T04,GL-4396,2026-03-14 00:10:00,7.786501,10.701719,5.4,3.79
T04,GL-4396,2026-03-14 00:11:00,7.787173,10.701866,5.7,3.62
T04,GL-4396,2026-03-14 00:12:00,7.788083,10.701839,4.1,3.21
T04,GL-4396,2026-03-14 00:13:00,7.788939,10.702028,7.3,3.82
T04,GL-4396,2026-03-14 00:14:00,7.789501,10.701974,6.7,5.17
T04,GL-4396,2026-03-14 00:15:00,7.790424,10.702051,9.7,4.86
T04,GL-4396,2026-03-14 00:16:00,7.791183,10.7021,8.7,3.09
T04,GL-4396,2026-03-14 00:17:00,7.792044,10.70218,5.4,3.03
T04,GL-4396,2026-03-14 00:18:00,7.7927,10.702292,10.1,2.86
T04,GL-4396,2026-03-14 00:19:00,7.793488,10.702284,11.4,4.74
T04,GL-4396,2026-03-14 00:20:00,7.794284,10.70224,8.8,5.03
T04,GL-4396,2026-03-14 00:21:00,7.795083,10.702356,9.1,3.49
T04,GL-4396,2026-03-14 00:22:00,7.795946,10.70239,4.9,3.41
T04,GL-4396,2026-03-14 00:23:00,7.796713,10.70244,6.6,3.17
T04,GL-4396,2026-03-14 00:24:00,7.797532,10.702555,10.7,3.93
T04,GL-4396,2026-03-14 00:25:00,7.798178,10.702568,7.6,4.32
T04,GL-4396,2026-03-14 00:26:00,7.798955,10.702625,4.4,4.07
T04,GL-4396,2026-03-14 00:27:00,7.799777,10.702648,5.3,3.05
T04,GL-4396,2026-03-14 00:28:00,7.800623,10.70268,4.4,4.88
T04,GL-4396,2026-03-14 00:29:00,7.801326,10.70273,10.3,5.4
T04,GL-4396,2026-03-14 00:30:00,7.802238,10.702908,4.4,5.24
T04,GL-4396,2026-03-14 00:31:00,7.802937,10.702929,11.4,5.14
T04,GL-4396,2026-03-14 00:32:00,7.803637,10.70286,7.3,4.34
T04,GL-4396,2026-03-14 00:33:00,7.804452,10.702965,7.3,4.11
T04,GL-4396,2026-03-14 00:34:00,7.805398,10.703084,9.3,2.91
T04,GL-4396,2026-03-14 00:35:00,7.806146,10.703088,11.3,5.29
T04,GL-4396,2026-03-14 00:36:00,7.806904,10.703038,9.5,5.09
T04,GL-4396,2026-03-14 00:37:00,7.807605,10.7033,7.4,3.66
T04,GL-4396,2026-03-14 00:38:00,7.808343,10.703271,5.6,4.5
T04,GL-4396,2026-03-14 00:39:00,7.809121,10.703353,8.3,5.14
T04,GL-4396,2026-03-14 00:40:00,7.810017,10.703298,6.3,5.05
T04,GL-4396,2026-03-14 00:41:00,7.810873,10.703344,4.2,2.91
T04,GL-4396,2026-03-14 00:42:00,7.811552,10.703457,10.4,5.29
T04,GL-4396,2026-03-14 00:43:00,7.812367,10.703561,8.2,4.91
T04,GL-4396,2026-03-14 00:44:00,7.813153,10.703536,8.6,5.35
T04,GL-4396,2026-03-14 00:45:00,7.813845,10.703657,4.9,4.11
T04,GL-4396,2026-03-14 00:46:00,7.814641,10.70364,5.3,3.48
T04,GL-4396,2026-03-14 00:47:00,7.815463,10.703808,7.3,5.53
T04,GL-4396,2026-03-14 00:48:00,7.816342,10.703746,4.8,2.99
T04,GL-4396,2026-03-14 00:49:00,7.817078,10.703784,4.7,4.31
T04,GL-4396,2026-03-14 00:50:00,7.817868,10.703893,5.3,4.37
T04,GL-4396,2026-03-14 00:51:00,7.818574,10.703952,5.0,4.47
T04,GL-4396,2026-03-14 00:52:00,7.819288,10.70384,7.8,2.96
T04,GL-4396,2026-03-14 00:53:00,7.691385,10.703931,7.6,205.41
T04,GL-4396,2026-03-14 00:54:00,7.820947,10.704139,8.0,2.87
T04,GL-4396,2026-03-14 00:55:00,7.821754,10.704114,6.1,3.3
T04,GL-4396,2026-03-14 00:56:00,7.822542,10.704169,6.8,5.08
T04,GL-4396,2026-03-14 00:57:00,7.823293,10.704244,11.8,4.93
T04,GL-4396,2026-03-14 00:58:00,7.824004,10.704227,4.5,5.07
T04,GL-4396,2026-03-14 00:59:00,7.824981,10.704237,4.9,5.57
T04,GL-4396,2026-03-14 01:00:00,7.825684,10.704236,9.5,3.76
T04,GL-4396,2026-03-14 01:01:00,7.826431,10.70453,4.6,3.82
T04,GL-4396,2026-03-14 01:02:00,7.827266,10.704558,5.4,4.73
T04,GL-4396,2026-03-14 01:03:00,7.827919,10.704577,6.2,5.55
T04,GL-4396,2026-03-14 01:04:00,7.828775,10.704515,10.3,3.61
T04,GL-4396,2026-03-14 01:05:00,7.829476,10.704624,5.8,2.84
T04,GL-4396,2026-03-14 01:06:00,7.830276,10.704695,5.4,4.06
T04,GL-4396,2026-03-14 01:07:00,7.831145,10.70473,7.8,3.18
T04,GL-4396,2026-03-14 01:08:00,7.831938,10.7047,4.7,3.74
T04,GL-4396,2026-03-14 01:09:00,7.832633,10.704862,5.0,3.46
T04,GL-4396,2026-03-14 01:10:00,7.833356,10.704927,4.1,4.7
T04,GL-4396,2026-03-14 01:11:00,7.834338,10.704945,6.8,3.47
T04,GL-4396,2026-03-14 01:12:00,7.834899,10.705081,7.0,5.46
T04,GL-4396,2026-03-14 01:13:00,7.835871,10.705163,11.5,5.34
T04,GL-4396,2026-03-14 01:14:00,7.836555,10.705109,10.6,3.51
T04,GL-4396,2026-03-14 01:15:00,7.83741,10.705208,8.0,3.62
T04,GL-4396,2026-03-14 01:16:00,7.838155,10.705063,7.6,5.0
T04,GL-4396,2026-03-14 01:17:00,7.838862,10.705185,10.9,3.76
T04,GL-4396,2026-03-14 01:18:00,7.839697,10.705294,7.3,5.33
T04,GL-4396,2026-03-14 01:19:00,7.840492,10.705313,4.3,3.46
T04,GL-4396,2026-03-14 01:20:00,7.841365,10.705481,7.7,5.24
T04,GL-4396,2026-03-14 01:21:00,7.84212,10.705466,11.8,5.02
T04,GL-4396,2026-03-14 01:22:00,7.842832,10.705379,5.4,3.32
T04,GL-4396,2026-03-14 01:23:00,7.84356,10.705524,6.3,2.94
T04,GL-4396,2026-03-14 01:24:00,7.844486,10.705614,11.1,5.43
T04,GL-4396,2026-03-14 01:25:00,7.84518,10.705657,9.5,3.41
T04,GL-4396,2026-03-14 01:26:00,7.845957,10.705651,5.5,3.86
T04,GL-4396,2026-03-14 01:27:00,7.8467,10.705732,6.8,5.0
T04,GL-4396,2026-03-14 01:28:00,7.847576,10.705765,,2.8
T04,GL-4396,2026-03-14 01:29:00,7.848427,10.705935,10.8,3.6
T04,GL-4396,2026-03-14 01:30:00,7.849087,10.705904,6.2,3.57
T04,GL-4396,2026-03-14 01:31:00,7.849868,10.706001,10.3,3.74
T04,GL-4396,2026-03-14 01:32:00,7.850592,10.706074,6.9,3.93
T04,GL-4396,2026-03-14 01:33:00,7.851438,10.706034,5.9,5.11
T04,GL-4396,2026-03-14 01:34:00,7.852224,10.706101,11.5,3.98
T04,GL-4396,2026-03-14 01:35:00,7.85296,10.706145,4.5,4.87
T04,GL-4396,2026-03-14 01:36:00,7.8538,10.706222,10.4,5.42
T04,GL-4396,2026-03-14 01:37:00,7.854574,10.706162,8.9,4.42
T04,GL-4396,2026-03-14 01:38:00,7.855331,10.706346,11.8,2.8
T04,GL-4396,2026-03-14 01:39:00,7.856219,10.706331,11.8,4.29
T04,GL-4396,2026-03-14 01:40:00,7.856969,10.706448,10.4,4.63
T04,GL-4396,2026-03-14 01:41:00,7.857692,10.706423,6.8,5.3
T04,GL-4396,2026-03-14 01:42:00,7.858572,10.706555,4.3,4.09
T04,GL-4396,2026-03-14 01:43:00,7.859336,10.706594,8.7,2.99
T04,GL-4396,2026-03-14 01:44:00,7.860066,10.706591,9.9,3.93
T04,GL-4396,2026-03-14 01:45:00,7.860779,10.70672,11.9,4.57
T04,GL-4396,2026-03-14 01:46:00,7.861564,10.706739,5.6,3.05
T04,GL-4396,2026-03-14 01:47:00,7.862425,10.70678,11.6,3.95
T04,GL-4396,2026-03-14 01:48:00,7.863314,10.70683,9.4,5.2
T04,GL-4396,2026-03-14 01:49:00,7.863925,10.706929,4.2,3.1
T04,GL-4396,2026-03-14 01:50:00,7.864774,10.706941,10.3,4.34
T04,GL-4396,2026-03-14 01:51:00,7.865527,10.706996,6.5,4.77
T04,GL-4396,2026-03-14 01:52:00,7.866336,10.707094,10.5,5.54
T04,GL-4396,2026-03-14 01:53:00,7.867206,10.707072,5.2,3.58
T04,GL-4396,2026-03-14 01:54:00,7.867927,10.707176,9.6,4.31
T04,GL-4396,2026-03-14 01:55:00,7.868776,10.707235,4.6,4.25
T04,GL-4396,2026-03-14 01:56:00,7.869423,10.70723,11.2,3.99
T04,GL-4396,2026-03-14 01:57:00,7.870196,10.707211,5.2,5.47
T04,GL-4396,2026-03-14 01:58:00,7.871056,10.707276,10.2,5.16
T04,GL-4396,2026-03-14 01:59:00,7.871833,10.707334,11.9,3.43
T04,GL-4396,2026-03-14 02:00:00,7.872654,10.707438,10.0,5.38
T04,GL-4396,2026-03-14 02:01:00,7.873343,10.707581,11.6,3.56
T04,GL-4396,2026-03-14 02:02:00,7.874128,10.707551,5.3,3.41
T04,GL-4396,2026-03-14 02:03:00,7.874908,10.707525,7.0,5.1
T04,GL-4396,2026-03-14 02:04:00,7.87577,10.707641,7.3,5.37
T04,GL-4396,2026-03-14 02:05:00,7.87654,10.707822,6.2,5.55
T04,GL-4396,2026-03-14 02:06:00,7.877235,10.707837,10.3,4.79
T04,GL-4396,2026-03-14 02:07:00,7.878086,10.707984,7.4,4.04
T04,GL-4396,2026-03-14 02:08:00,7.878881,10.707882,5.6,5.51
T04,GL-4396,2026-03-14 02:09:00,7.87964,10.707862,7.9,5.09
T04,GL-4396,2026-03-14 02:10:00,7.88036,10.707885,9.0,3.72
T04,GL-4396,2026-03-14 02:11:00,7.881156,10.708023,5.1,4.33
T04,GL-4396,2026-03-14 02:12:00,7.881853,10.708064,8.6,4.81
T04,GL-4396,2026-03-14 02:13:00,7.882846,10.708219,7.4,4.04
T04,GL-4396,2026-03-14 02:14:00,7.883673,10.708173,5.9,3.02
T04,GL-4396,2026-03-14 02:15:00,7.884427,10.70817,4.8,3.21
T04,GL-4396,2026-03-14 02:16:00,7.885173,10.708277,6.7,3.82
T04,GL-4396,2026-03-14 02:17:00,7.885849,10.708404,10.0,3.15
T04,GL-4396,2026-03-14 02:18:00,7.886657,10.708298,7.6,5.4
T04,GL-4396,2026-03-14 02:19:00,7.887474,10.708437,9.1,4.13
T04,GL-4396,2026-03-14 02:20:00,7.888345,10.708484,,4.22
T04,GL-4396,2026-03-14 02:21:00,7.888958,10.70856,4.2,2.92
T04,GL-4396,2026-03-14 02:22:00,7.889823,10.708567,4.2,3.07
T04,GL-4396,2026-03-14 02:23:00,7.890634,10.708682,8.3,3.84
T04,GL-4396,2026-03-14 02:24:00,7.891418,10.708656,5.7,3.58
T04,GL-4396,2026-03-14 02:25:00,7.892176,10.708679,5.2,4.08
T04,GL-4396,2026-03-14 02:26:00,7.892984,10.708759,6.2,4.88
T04,GL-4396,2026-03-14 02:27:00,7.893657,10.708885,9.4,4.26
T04,GL-4396,2026-03-14 02:28:00,7.894428,10.708916,9.6,3.3
T04,GL-4396,2026-03-14 02:29:00,7.895399,10.708972,7.5,5.21
T04,GL-4396,2026-03-14 02:30:00,7.896027,10.709066,6.6,3.13
T04,GL-4396,2026-03-14 02:31:00,7.896942,10.709071,7.6,5.24
T04,GL-4396,2026-03-14 02:32:00,7.897583,10.709101,8.4,4.22
T04,GL-4396,2026-03-14 02:33:00,7.898427,10.7092,5.4,3.53
T04,GL-4396,2026-03-14 02:34:00,7.899236,10.709109,4.8,4.52
T04,GL-4396,2026-03-14 02:35:00,7.899968,10.709168,6.9,4.98
T04,GL-4396,2026-03-14 02:36:00,7.900747,10.709376,10.7,5.57
T04,GL-4396,2026-03-14 02:37:00,7.901634,10.709433,5.0,3.07
T04,GL-4396,2026-03-14 02:38:00,7.902239,10.70939,7.0,5.07
T04,GL-4396,2026-03-14 02:39:00,7.903095,10.709423,10.6,3.06
T04,GL-4396,2026-03-14 02:40:00,7.903893,10.70947,7.5,2.88
T04,GL-4396,2026-03-14 02:41:00,7.90472,10.709529,5.0,3.5
T04,GL-4396,2026-03-14 02:42:00,7.905377,10.709558,4.2,2.97
T04,GL-4396,2026-03-14 02:43:00,7.906312,10.709637,6.5,3.33
T04,GL-4396,2026-03-14 02:44:00,7.907081,10.709763,7.2,3.17
T04,GL-4396,2026-03-14 02:45:00,7.907863,10.709811,6.2,3.5
T04,GL-4396,2026-03-14 02:46:00,7.908732,10.709841,9.0,5.41
T04,GL-4396,2026-03-14 02:47:00,7.909426,10.709822,7.9,5.33
T04,GL-4396,2026-03-14 02:48:00,7.910132,10.709935,6.5,5.19
T04,GL-4396,2026-03-14 02:49:00,7.910947,10.709965,9.5,3.41
T04,GL-4396,2026-03-14 02:50:00,7.911813,10.709997,4.4,4.33
T04,GL-4396,2026-03-14 02:51:00,7.912593,10.710065,11.8,3.11
T04,GL-4396,2026-03-14 02:52:00,7.913304,10.710156,11.8,4.81
T04,GL-4396,2026-03-14 02:53:00,7.91417,10.710259,9.2,2.84
T04,GL-4396,2026-03-14 02:54:00,7.91492,10.71021,10.6,4.7
T04,GL-4396,2026-03-14 02:55:00,7.91568,10.710299,10.2,3.23
T04,GL-4396,2026-03-14 02:56:00,7.916353,10.710484,10.5,3.27
T04,GL-4396,2026-03-14 02:57:00,7.917281,10.710395,11.3,3.36
T04,GL-4396,2026-03-14 02:58:00,7.918011,10.710373,5.9,5.03
T04,GL-4396,2026-03-14 02:59:00,7.918667,10.710498,5.8,4.49
T04,GL-4396,2026-03-14 03:00:00,7.919642,10.710618,7.0,3.05
T04,GL-4396,2026-03-14 03:01:00,7.920356,10.710569,6.8,4.93
T04,GL-4396,2026-03-14 03:02:00,7.921137,10.710651,10.9,3.34
T04,GL-4396,2026-03-14 03:03:00,7.921852,10.710635,4.7,5.07
T04,GL-4396,2026-03-14 03:04:00,7.922752,10.710782,4.7,3.16
T04,GL-4396,2026-03-14 03:05:00,7.923476,10.710803,5.1,5.33
T04,GL-4396,2026-03-14 03:06:00,7.924311,10.710816,8.2,3.88
T04,GL-4396,2026-03-14 03:07:00,7.925128,10.710913,7.9,3.63
T04,GL-4396,2026-03-14 03:08:00,7.92592,10.710952,9.0,5.5
T04,GL-4396,2026-03-14 03:09:00,7.92667,10.711015,5.4,3.18
T04,GL-4396,2026-03-14 03:10:00,7.927395,10.710926,8.6,4.56
T04,GL-4396,2026-03-14 03:11:00,7.928223,10.711156,9.3,4.05
T04,GL-4396,2026-03-14 03:12:00,7.928978,10.711203,5.3,3.28
T04,GL-4396,2026-03-14 03:13:00,7.929741,10.711111,7.3,3.44
T04,GL-4396,2026-03-14 03:14:00,7.930505,10.711315,7.3,3.38
T04,GL-4396,2026-03-14 03:15:00,7.931336,10.711177,5.6,4.25
T04,GL-4396,2026-03-14 03:16:00,7.932142,10.71138,9.4,4.79
T04,GL-4396,2026-03-14 03:17:00,7.932895,10.711357,8.6,4.24
T04,GL-4396,2026-03-14 03:18:00,7.933586,10.711418,6.1,4.79
T04,GL-4396,2026-03-14 03:19:00,7.93442,10.711475,6.2,3.45
T04,GL-4396,2026-03-14 03:20:00,7.935248,10.71144,8.8,5.42
T04,GL-4396,2026-03-14 03:21:00,7.935986,10.711741,,5.3
T04,GL-4396,2026-03-14 03:22:00,7.936757,10.711672,4.2,4.69
T04,GL-4396,2026-03-14 03:23:00,7.937495,10.711875,7.5,3.64
T04,GL-4396,2026-03-14 03:24:00,7.938332,10.711901,9.8,4.26
T04,GL-4396,2026-03-14 03:25:00,7.939186,10.711854,10.1,3.68
T04,GL-4396,2026-03-14 03:26:00,7.939926,10.711889,8.5,5.59
T04,GL-4396,2026-03-14 03:27:00,7.940747,10.712021,9.6,4.59
T04,GL-4396,2026-03-14 03:28:00,7.941528,10.712088,11.5,3.49
T04,GL-4396,2026-03-14 03:29:00,7.942255,10.712016,10.5,4.27
T04,GL-4396,2026-03-14 03:30:00,7.943118,10.712149,6.8,5.43
T04,GL-4396,2026-03-14 03:31:00,7.943821,10.712088,11.1,4.36
T04,GL-4396,2026-03-14 03:32:00,7.944705,10.712278,7.2,4.16
T04,GL-4396,2026-03-14 03:33:00,7.945379,10.71234,10.8,3.59
T04,GL-4396,2026-03-14 03:34:00,7.946203,10.712238,4.2,4.0
T04,GL-4396,2026-03-14 03:35:00,7.946915,10.71234,5.3,3.79
T04,GL-4396,2026-03-14 03:36:00,7.947594,10.712389,7.9,4.19
T04,GL-4396,2026-03-14 03:37:00,7.948635,10.712384,,2.84
T04,GL-4396,2026-03-14 03:38:00,7.949353,10.712598,9.2,3.66
T04,GL-4396,2026-03-14 03:39:00,7.950058,10.712557,9.9,5.34
T04,GL-4396,2026-03-14 03:40:00,7.950784,10.712562,11.3,3.42
T04,GL-4396,2026-03-14 03:41:00,7.951718,10.712726,7.8,4.51
T04,GL-4396,2026-03-14 03:42:00,7.952429,10.712754,8.8,3.64
T04,GL-4396,2026-03-14 03:43:00,7.953212,10.712683,8.5,5.4
T04,GL-4396,2026-03-14 03:44:00,7.95398,10.71292,4.3,3.7
T04,GL-4396,2026-03-14 03:45:00,7.954811,10.712842,10.7,4.69
T04,GL-4396,2026-03-14 03:46:00,7.955499,10.71289,8.8,3.48
T04,GL-4396,2026-03-14 03:47:00,7.956375,10.7129,8.3,3.14
T04,GL-4396,2026-03-14 03:48:00,7.957174,10.713006,10.0,3.41
T04,GL-4396,2026-03-14 03:49:00,7.957959,10.713097,10.2,4.48
T04,GL-4396,2026-03-14 03:50:00,7.958706,10.713131,6.8,4.5
T04,GL-4396,2026-03-14 03:51:00,7.959448,10.713168,8.5,4.02
T04,GL-4396,2026-03-14 03:52:00,7.960259,10.713234,7.0,5.38
T04,GL-4396,2026-03-14 03:53:00,7.961082,10.713276,7.5,2.89
T04,GL-4396,2026-03-14 03:54:00,7.961926,10.713253,11.2,4.15
T04,GL-4396,2026-03-14 03:55:00,7.962611,10.71326,10.9,5.17
T04,GL-4396,2026-03-14 03:56:00,7.963432,10.713393,4.2,2.8
T04,GL-4396,2026-03-14 03:57:00,7.964074,10.713656,11.5,5.31
T04,GL-4396,2026-03-14 03:58:00,7.964924,10.713485,7.1,3.75
T04,GL-4396,2026-03-14 03:59:00,7.96578,10.713671,4.8,4.93
T04,GL-4396,2026-03-14 04:00:00,7.966622,10.713689,10.3,4.56
T04,GL-4396,2026-03-14 04:01:00,7.96733,10.713716,4.2,5.27
T04,GL-4396,2026-03-14 04:02:00,7.968129,10.713808,7.6,4.16
T04,GL-4396,2026-03-14 04:03:00,7.96889,10.713857,6.4,3.19
T04,GL-4396,2026-03-14 04:04:00,7.969596,10.713816,7.0,5.08
T04,GL-4396,2026-03-14 04:05:00,7.970466,10.713947,9.8,2.89
T04,GL-4396,2026-03-14 04:06:00,7.971301,10.714044,5.4,4.24
T04,GL-4396,2026-03-14 04:07:00,7.972076,10.714059,5.7,4.85
T04,GL-4396,2026-03-14 04:08:00,7.972845,10.714037,5.9,3.89
T04,GL-4396,2026-03-14 04:09:00,7.973493,10.713986,5.2,5.05
T04,GL-4396,2026-03-14 04:10:00,7.974287,10.71425,9.3,3.85
T04,GL-4396,2026-03-14 04:11:00,7.975143,10.714202,7.2,3.22
T04,GL-4396,2026-03-14 04:12:00,7.976047,10.714225,7.5,3.61
T04,GL-4396,2026-03-14 04:13:00,7.976834,10.71434,5.2,3.15
T04,GL-4396,2026-03-14 04:14:00,7.977482,10.714386,6.0,3.11
T04,GL-4396,2026-03-14 04:15:00,7.978259,10.714479,7.1,3.65
T04,GL-4396,2026-03-14 04:16:00,7.979115,10.714482,11.9,3.27
T04,GL-4396,2026-03-14 04:17:00,7.979848,10.714557,5.3,3.36
T04,GL-4396,2026-03-14 04:18:00,7.980604,10.714574,8.1,3.73
T04,GL-4396,2026-03-14 04:19:00,7.981454,10.714542,10.9,4.2
T04,GL-4396,2026-03-14 04:20:00,7.982248,10.714671,4.9,5.47
T04,GL-4396,2026-03-14 04:21:00,7.983002,10.714677,10.5,5.21
T04,GL-4396,2026-03-14 04:22:00,7.983807,10.714725,8.0,4.19
T04,GL-4396,2026-03-14 04:23:00,7.984556,10.714853,11.5,4.0
T04,GL-4396,2026-03-14 04:24:00,7.985325,10.714911,11.4,2.83
T04,GL-4396,2026-03-14 04:25:00,7.986252,10.715083,11.9,2.9
T04,GL-4396,2026-03-14 04:26:00,7.987022,10.715051,8.9,3.12
T04,GL-4396,2026-03-14 04:27:00,7.987718,10.71511,10.1,4.22
T04,GL-4396,2026-03-14 04:28:00,7.9884,10.71505,10.8,2.89
T04,GL-4396,2026-03-14 04:29:00,7.989241,10.715154,9.6,3.53
T04,GL-4396,2026-03-14 04:30:00,7.990047,10.715144,4.8,2.96
T04,GL-4396,2026-03-14 04:31:00,7.990864,10.715282,6.7,3.79
T04,GL-4396,2026-03-14 04:32:00,7.991521,10.715225,7.9,5.12
T04,GL-4396,2026-03-14 04:33:00,7.992264,10.715348,5.4,5.0
T04,GL-4396,2026-03-14 04:34:00,7.993157,10.715482,7.3,2.91
T04,GL-4396,2026-03-14 04:35:00,7.994004,10.715392,8.8,4.58
T04,GL-4396,2026-03-14 04:36:00,7.994748,10.715507,7.6,3.66
T04,GL-4396,2026-03-14 04:37:00,7.995435,10.715557,6.7,5.59
T04,GL-4396,2026-03-14 04:38:00,7.996233,10.715594,,3.95
T04,GL-4396,2026-03-14 04:39:00,7.997041,10.715696,7.2,5.48
T04,GL-4396,2026-03-14 04:40:00,7.997722,10.715724,10.5,5.56
T04,GL-4396,2026-03-14 04:41:00,7.998722,10.71578,6.2,5.56
T04,GL-4396,2026-03-14 04:42:00,7.99949,10.715806,9.8,3.38
T04,GL-4396,2026-03-14 04:43:00,8.000194,10.715894,8.2,3.21
T04,GL-4396,2026-03-14 04:44:00,8.001106,10.715882,4.2,5.41
T04,GL-4396,2026-03-14 04:45:00,8.001743,10.715995,11.0,3.41
T04,GL-4396,2026-03-14 04:46:00,8.002597,10.715994,4.4,4.52
T04,GL-4396,2026-03-14 04:47:00,8.003352,10.715964,9.1,3.85
T04,GL-4396,2026-03-14 04:48:00,8.004129,10.716025,4.1,3.67
T04,GL-4396,2026-03-14 04:49:00,8.004816,10.716205,8.6,4.25
T04,GL-4396,2026-03-14 04:50:00,8.005706,10.716237,11.8,5.48
T04,GL-4396,2026-03-14 04:51:00,8.006524,10.716263,4.5,4.24
T04,GL-4396,2026-03-14 04:52:00,8.007324,10.716349,8.4,3.25
T04,GL-4396,2026-03-14 04:53:00,8.007997,10.716381,6.2,3.04
T04,GL-4396,2026-03-14 04:54:00,8.008841,10.716453,7.0,3.98
T04,GL-4396,2026-03-14 04:55:00,8.009626,10.716488,11.8,5.39
T04,GL-4396,2026-03-14 04:56:00,8.010316,10.716436,10.4,4.58
T04,GL-4396,2026-03-14 04:57:00,8.011138,10.716579,10.2,5.58
T04,GL-4396,2026-03-14 04:58:00,8.011937,10.716564,10.1,5.03
T04,GL-4396,2026-03-14 04:59:00,8.01272,10.716675,6.0,3.39
T04,GL-4396,2026-03-14 05:00:00,8.013499,10.716645,6.1,2.99
T04,GL-4396,2026-03-14 05:01:00,8.014289,10.716826,6.2,3.28
T04,GL-4396,2026-03-14 05:02:00,8.015016,10.716945,11.4,4.33
T04,GL-4396,2026-03-14 05:03:00,8.015864,10.716727,11.4,3.43
T04,GL-4396,2026-03-14 05:04:00,8.016698,10.716966,8.0,4.45
T04,GL-4396,2026-03-14 05:05:00,8.017297,10.717013,4.5,4.35
T04,GL-4396,2026-03-14 05:06:00,8.018198,10.717074,4.5,3.29
T04,GL-4396,2026-03-14 05:07:00,8.019051,10.716948,7.5,4.3
T04,GL-4396,2026-03-14 05:08:00,8.019794,10.717041,10.6,5.52
T04,GL-4396,2026-03-14 05:09:00,8.020538,10.717153,11.6,5.18
T04,GL-4396,2026-03-14 05:10:00,8.021404,10.717108,8.3,4.85
T04,GL-4396,2026-03-14 05:11:00,8.022014,10.717242,5.9,3.72
T04,GL-4396,2026-03-14 05:12:00,8.022904,10.717384,7.0,2.99
T04,GL-4396,2026-03-14 05:13:00,8.023739,10.717405,7.1,3.47
T04,GL-4396,2026-03-14 05:14:00,8.024497,10.717533,7.6,3.32
T04,GL-4396,2026-03-14 05:15:00,8.025265,10.717585,6.9,3.78
T04,GL-4396,2026-03-14 05:16:00,8.026035,10.717524,4.4,3.69
T04,GL-4396,2026-03-14 05:17:00,8.02669,10.717795,5.0,4.54
T04,GL-4396,2026-03-14 05:18:00,8.02758,10.717634,5.0,5.17
T04,GL-4396,2026-03-14 05:19:00,8.028376,10.717811,11.6,5.32
T04,GL-4396,2026-03-14 05:20:00,8.029093,10.717805,4.9,5.41
T04,GL-4396,2026-03-14 05:21:00,8.029912,10.717897,8.6,4.75
T04,GL-4396,2026-03-14 05:22:00,8.030768,10.717835,11.3,3.4
T04,GL-4396,2026-03-14 05:23:00,8.031435,10.717955,,4.85
T04,GL-4396,2026-03-14 05:24:00,8.032403,10.717962,4.4,5.51
T04,GL-4396,2026-03-14 05:25:00,8.033151,10.718041,5.6,5.06
T04,GL-4396,2026-03-14 05:26:00,8.03391,10.718094,5.1,4.37
T04,GL-4396,2026-03-14 05:27:00,8.03468,10.718183,7.8,3.0
T04,GL-4396,2026-03-14 05:28:00,8.035494,10.718091,6.3,4.29
T04,GL-4396,2026-03-14 05:29:00,8.036184,10.718097,9.3,3.79
T04,GL-4396,2026-03-14 05:30:00,8.036929,10.718297,,2.83
T04,GL-4396,2026-03-14 05:31:00,8.037716,10.718451,4.5,2.91
T04,GL-4396,2026-03-14 05:32:00,8.038468,10.718357,7.1,4.39
T04,GL-4396,2026-03-14 05:33:00,8.039368,10.718422,,5.26
T04,GL-4396,2026-03-14 05:34:00,8.040059,10.718453,10.6,5.04
T04,GL-4396,2026-03-14 05:35:00,8.040791,10.718498,7.1,5.01
T04,GL-4396,2026-03-14 05:36:00,8.041649,10.718611,6.8,4.34
T04,GL-4396,2026-03-14 05:37:00,8.042479,10.718593,10.1,4.52
T04,GL-4396,2026-03-14 05:38:00,8.043253,10.718734,11.8,5.55
T04,GL-4396,2026-03-14 05:39:00,8.043999,10.718711,8.2,3.68
T04,GL-4396,2026-03-14 05:40:00,8.044834,10.718916,10.5,3.06
T04,GL-4396,2026-03-14 05:41:00,8.045562,10.718697,12.0,5.29
T04,GL-4396,2026-03-14 05:42:00,8.046406,10.718855,9.2,3.59
T04,GL-4396,2026-03-14 05:43:00,8.047115,10.718989,11.4,5.34
T04,GL-4396,2026-03-14 05:44:00,8.04802,10.719109,4.7,3.56
T04,GL-4396,2026-03-14 05:45:00,8.048748,10.719124,7.2,5.46
T04,GL-4396,2026-03-14 05:46:00,8.049486,10.719178,10.7,4.82
T04,GL-4396,2026-03-14 05:47:00,8.050261,10.719197,10.1,5.0
T04,GL-4396,2026-03-14 05:48:00,8.051123,10.71934,4.7,2.93
T04,GL-4396,2026-03-14 05:49:00,8.051788,10.719208,7.3,4.22
T04,GL-4396,2026-03-14 05:50:00,8.052536,10.71925,5.7,5.21
T04,GL-4396,2026-03-14 05:51:00,8.053451,10.719338,7.9,4.25
T04,GL-4396,2026-03-14 05:52:00,8.054094,10.719441,6.0,3.62
T04,GL-4396,2026-03-14 05:53:00,8.055,10.719375,11.4,4.82
T04,GL-4396,2026-03-14 05:54:00,8.055801,10.71946,10.6,5.29
T04,GL-4396,2026-03-14 05:55:00,8.056605,10.719421,6.1,4.24
T04,GL-4396,2026-03-14 05:56:00,8.057375,10.719575,8.4,4.62
T04,GL-4396,2026-03-14 05:57:00,8.058062,10.71959,9.2,3.94
T04,GL-4396,2026-03-14 05:58:00,8.058831,10.71968,6.2,3.95
T04,GL-4396,2026-03-14 05:59:00,8.05968,10.719634,10.4,2.81
T04,GL-4396,2026-03-14 06:00:00,8.060472,10.719813,11.0,2.96
T04,GL-4396,2026-03-14 06:01:00,8.061291,10.719895,5.1,2.85
T04,GL-4396,2026-03-14 06:02:00,8.062046,10.719975,6.0,3.16
T04,GL-4396,2026-03-14 06:03:00,8.062842,10.720099,10.6,3.65
T04,GL-4396,2026-03-14 06:04:00,8.063547,10.720039,6.8,5.35
T04,GL-4396,2026-03-14 06:05:00,8.064427,10.720072,8.6,3.03
T04,GL-4396,2026-03-14 06:06:00,8.065118,10.72002,6.1,5.58
T04,GL-4396,2026-03-14 06:07:00,8.065974,10.720113,10.7,5.39
T04,GL-4396,2026-03-14 06:08:00,8.066678,10.720191,8.5,4.48
T04,GL-4396,2026-03-14 06:09:00,8.067505,10.720391,9.1,5.07
T04,GL-4396,2026-03-14 06:10:00,8.068268,10.720235,8.2,3.52
T04,GL-4396,2026-03-14 06:11:00,8.069027,10.720397,6.3,4.53
T04,GL-4396,2026-03-14 06:12:00,8.069785,10.72051,5.1,4.09
T04,GL-4396,2026-03-14 06:13:00,8.070625,10.720547,10.4,2.9
T04,GL-4396,2026-03-14 06:14:00,8.071374,10.720573,7.9,3.9
T04,GL-4396,2026-03-14 06:15:00,8.072167,10.720581,5.2,3.46
T04,GL-4396,2026-03-14 06:16:00,8.073074,10.720703,10.5,3.33
T04,GL-4396,2026-03-14 06:17:00,8.073738,10.72076,7.1,2.95
T04,GL-4396,2026-03-14 06:18:00,8.07458,10.720636,10.1,5.24
T04,GL-4396,2026-03-14 06:19:00,8.075287,10.72079,,3.29
T04,GL-4396,2026-03-14 06:20:00,8.076064,10.72088,10.9,3.87
T04,GL-4396,2026-03-14 06:21:00,8.076935,10.720986,11.6,2.95
T04,GL-4396,2026-03-14 06:22:00,8.077562,10.720912,5.5,4.42
T04,GL-4396,2026-03-14 06:23:00,8.07845,10.721125,11.4,3.88
T04,GL-4396,2026-03-14 06:24:00,8.079296,10.72111,,3.39
T04,GL-4396,2026-03-14 06:25:00,8.079944,10.721061,6.6,4.57
T04,GL-4396,2026-03-14 06:26:00,8.080837,10.721109,9.6,5.59
T04,GL-4396,2026-03-14 06:27:00,8.08151,10.721186,11.6,4.03
T04,GL-4396,2026-03-14 06:28:00,8.082354,10.721181,7.8,5.2
T04,GL-4396,2026-03-14 06:29:00,8.083081,10.721292,6.7,5.36
T04,GL-4396,2026-03-14 06:30:00,8.083856,10.721361,8.0,4.73
T04,GL-4396,2026-03-14 06:31:00,8.084776,10.721397,11.7,3.64
T04,GL-4396,2026-03-14 06:32:00,8.085533,10.721368,4.5,4.38
T04,GL-4396,2026-03-14 06:33:00,8.086219,10.721554,11.2,4.36
T04,GL-4396,2026-03-14 06:34:00,8.08707,10.721565,4.1,4.69
T04,GL-4396,2026-03-14 06:35:00,8.087994,10.721671,6.3,3.02
T04,GL-4396,2026-03-14 06:36:00,8.088654,10.721745,5.5,4.6
T04,GL-4396,2026-03-14 06:37:00,8.089439,10.721676,11.1,3.0
T04,GL-4396,2026-03-14 06:38:00,8.089494,10.721638,4.4,0.55
T04,GL-4396,2026-03-14 06:39:00,8.089349,10.721708,4.8,0.77
T04,GL-4396,2026-03-14 06:40:00,8.08956,10.721713,11.9,0.48
T04,GL-4396,2026-03-14 06:41:00,8.089268,10.721762,5.8,0.67
T04,GL-4396,2026-03-14 06:42:00,8.089386,10.721783,4.2,0.12
T04,GL-4396,2026-03-14 06:43:00,8.08952,10.721729,4.8,0.76
T04,GL-4396,2026-03-14 06:44:00,8.089402,10.721762,9.2,0.05
T04,GL-4396,2026-03-14 06:45:00,8.089547,10.721696,4.6,0.25
T04,GL-4396,2026-03-14 06:46:00,8.089495,10.721848,10.6,0.61
T04,GL-4396,2026-03-14 06:47:00,8.08937,10.721871,10.8,0.37
T04,GL-4396,2026-03-14 06:48:00,8.089464,10.721577,11.0,0.34
T04,GL-4396,2026-03-14 06:49:00,8.08942,10.721619,9.1,0.49
T04,GL-4396,2026-03-14 06:50:00,8.089418,10.721639,8.8,0.28
T04,GL-4396,2026-03-14 06:51:00,8.089568,10.72174,9.8,0.83
T04,GL-4396,2026-03-14 06:52:00,8.08947,10.721795,4.3,0.37
T04,GL-4396,2026-03-14 06:53:00,8.089445,10.721788,7.9,0.75
T04,GL-4396,2026-03-14 06:54:00,8.089517,10.721733,8.1,0.82
T04,GL-4396,2026-03-14 06:55:00,8.089437,10.721706,10.8,0.37
T04,GL-4396,2026-03-14 06:56:00,8.089372,10.721698,7.4,0.62
T04,GL-4396,2026-03-14 06:57:00,8.089355,10.721579,8.9,0.13
T04,GL-4396,2026-03-14 06:58:00,8.089372,10.721757,4.6,0.12
T04,GL-4396,2026-03-14 06:59:00,8.089468,10.72183,5.3,0.71
T04,GL-4396,2026-03-14 07:00:00,8.089516,10.721626,6.2,0.38
T04,GL-4396,2026-03-14 07:01:00,8.08936,10.721801,8.7,0.78
T04,GL-4396,2026-03-14 07:02:00,8.089432,10.721768,10.6,0.36
T04,GL-4396,2026-03-14 07:03:00,8.089082,10.721834,7.7,4.67
T04,GL-4396,2026-03-14 07:04:00,8.088468,10.722091,6.3,3.45
T04,GL-4396,2026-03-14 07:05:00,8.087917,10.722302,5.5,3.01
T04,GL-4396,2026-03-14 07:06:00,8.087484,10.722533,9.2,5.21
T04,GL-4396,2026-03-14 07:07:00,8.087022,10.722572,10.5,2.85
T04,GL-4396,2026-03-14 07:08:00,8.086534,10.722757,9.2,4.93
T04,GL-4396,2026-03-14 07:09:00,8.086017,10.722948,10.8,4.16
T04,GL-4396,2026-03-14 07:10:00,8.085562,10.723239,7.7,4.69
T04,GL-4396,2026-03-14 07:11:00,8.085119,10.723344,6.3,4.64
T04,GL-4396,2026-03-14 07:12:00,8.084583,10.723462,5.9,3.51
T04,GL-4396,2026-03-14 07:13:00,8.084166,10.723694,12.0,5.18
T04,GL-4396,2026-03-14 07:14:00,8.08364,10.723774,5.3,5.43
T04,GL-4396,2026-03-14 07:15:00,8.083186,10.72407,11.2,3.16
T04,GL-4396,2026-03-14 07:16:00,8.082793,10.724291,10.0,5.4
T04,GL-4396,2026-03-14 07:17:00,8.129192,10.724524,6.9,323.97
T04,GL-4396,2026-03-14 07:18:00,8.081706,10.724546,9.5,4.05
T04,GL-4396,2026-03-14 07:19:00,8.081261,10.724887,9.2,5.59
T04,GL-4396,2026-03-14 07:20:00,8.080946,10.725032,11.6,5.04
T04,GL-4396,2026-03-14 07:21:00,8.080396,10.725189,4.2,5.38
T04,GL-4396,2026-03-14 07:22:00,8.079876,10.725332,11.7,3.37
T04,GL-4396,2026-03-14 07:23:00,8.079346,10.725605,5.1,3.47
T04,GL-4396,2026-03-14 07:24:00,8.078903,10.725658,4.5,4.2
T04,GL-4396,2026-03-14 07:25:00,8.078379,10.725935,6.4,4.15
T04,GL-4396,2026-03-14 07:26:00,8.078063,10.726034,10.7,5.5
T04,GL-4396,2026-03-14 07:27:00,8.077503,10.726243,6.4,3.08
T04,GL-4396,2026-03-14 07:28:00,8.077035,10.726495,9.1,5.08
T04,GL-4396,2026-03-14 07:29:00,8.076523,10.726743,6.3,4.19
T04,GL-4396,2026-03-14 07:30:00,8.076181,10.726784,6.4,4.42
T04,GL-4396,2026-03-14 07:31:00,8.075704,10.726889,5.3,4.59
T04,GL-4396,2026-03-14 07:32:00,8.075068,10.727248,6.6,3.9
T04,GL-4396,2026-03-14 07:33:00,8.074644,10.727367,9.6,4.57
T04,GL-4396,2026-03-14 07:34:00,8.074202,10.727665,5.9,3.6
T04,GL-4396,2026-03-14 07:35:00,8.07373,10.727573,6.7,4.12
T04,GL-4396,2026-03-14 07:36:00,8.073205,10.727961,10.7,5.59
T04,GL-4396,2026-03-14 07:37:00,8.072697,10.728077,4.5,3.94
T04,GL-4396,2026-03-14 07:38:00,8.07233,10.728313,6.6,4.58
T04,GL-4396,2026-03-14 07:39:00,8.071774,10.728409,9.8,2.94
T04,GL-4396,2026-03-14 07:40:00,8.071146,10.728572,10.5,3.88
T04,GL-4396,2026-03-14 07:41:00,8.07093,10.728806,6.3,3.61
T04,GL-4396,2026-03-14 07:42:00,8.070365,10.729003,8.2,2.96
T04,GL-4396,2026-03-14 07:43:00,8.069898,10.729174,11.5,5.45
T04,GL-4396,2026-03-14 07:44:00,8.069414,10.729272,8.8,3.01
T04,GL-4396,2026-03-14 07:45:00,8.068835,10.729418,8.0,3.14
T04,GL-4396,2026-03-14 07:46:00,8.068473,10.72965,4.4,5.39
T04,GL-4396,2026-03-14 07:47:00,8.06794,10.72988,8.1,5.34
T04,GL-4396,2026-03-14 07:48:00,8.067406,10.730071,10.0,3.64
T04,GL-4396,2026-03-14 07:49:00,8.066953,10.730255,10.8,3.23
T04,GL-4396,2026-03-14 07:50:00,8.066555,10.730393,5.2,4.65
T04,GL-4396,2026-03-14 07:51:00,8.06597,10.730626,7.6,3.4
T04,GL-4396,2026-03-14 07:52:00,8.065568,10.730741,10.9,3.74
T04,GL-4396,2026-03-14 07:53:00,8.065019,10.731033,6.1,3.36
T04,GL-4396,2026-03-14 07:54:00,8.06467,10.73127,11.0,4.82
T04,GL-4396,2026-03-14 07:55:00,8.064238,10.731323,9.7,3.17
T04,GL-4396,2026-03-14 07:56:00,8.063634,10.731576,6.9,5.53
T04,GL-4396,2026-03-14 07:57:00,8.06317,10.731817,8.6,4.8
T04,GL-4396,2026-03-14 07:58:00,8.062651,10.731898,4.7,3.41
T04,GL-4396,2026-03-14 07:59:00,8.062123,10.732108,7.2,5.09
T04,GL-4396,2026-03-14 08:00:00,8.061794,10.732275,8.5,2.82
T04,GL-4396,2026-03-14 08:01:00,8.061174,10.732435,4.0,3.45
T04,GL-4396,2026-03-14 08:02:00,8.060757,10.73268,6.2,3.27
T04,GL-4396,2026-03-14 08:03:00,8.060299,10.732801,8.9,4.78
T04,GL-4396,2026-03-14 08:04:00,8.059719,10.73304,9.7,5.06
T04,GL-4396,2026-03-14 08:05:00,8.059295,10.733149,8.0,3.45
T04,GL-4396,2026-03-14 08:06:00,8.058861,10.733277,7.4,4.52
T04,GL-4396,2026-03-14 08:07:00,8.058318,10.733422,5.0,2.93
T04,GL-4396,2026-03-14 08:08:00,8.057862,10.73367,4.3,5.15
T04,GL-4396,2026-03-14 08:09:00,8.057447,10.733815,4.2,3.05
T04,GL-4396,2026-03-14 08:10:00,8.057056,10.73403,10.9,4.07
T04,GL-4396,2026-03-14 08:11:00,8.056471,10.734321,,4.64
T04,GL-4396,2026-03-14 08:12:00,8.055963,10.734497,10.6,3.72
T04,GL-4396,2026-03-14 08:13:00,8.055548,10.734658,11.8,5.47
T04,GL-4396,2026-03-14 08:14:00,8.055107,10.73481,11.8,4.02
T04,GL-4396,2026-03-14 08:15:00,8.05467,10.734883,8.9,5.09
T04,GL-4396,2026-03-14 08:16:00,8.054022,10.735214,11.8,3.05
T04,GL-4396,2026-03-14 08:17:00,8.053652,10.735254,10.8,3.86
T04,GL-4396,2026-03-14 08:18:00,8.053187,10.735485,,5.54
T04,GL-4396,2026-03-14 08:19:00,8.052667,10.735694,6.0,3.1
T04,GL-4396,2026-03-14 08:20:00,8.052155,10.735856,6.8,3.45
T04,GL-4396,2026-03-14 08:21:00,8.051758,10.736143,8.1,3.6
T04,GL-4396,2026-03-14 08:22:00,8.051195,10.736294,5.9,5.44
T04,GL-4396,2026-03-14 08:23:00,8.050817,10.736399,8.2,3.79
T04,GL-4396,2026-03-14 08:24:00,8.050309,10.736559,7.3,3.46
T04,GL-4396,2026-03-14 08:25:00,8.049764,10.736822,5.5,5.24
T04,GL-4396,2026-03-14 08:26:00,8.049297,10.737032,8.8,3.93
T04,GL-4396,2026-03-14 08:27:00,8.04886,10.737142,10.6,4.1
T04,GL-4396,2026-03-14 08:28:00,8.048396,10.737334,11.3,3.39
T04,GL-4396,2026-03-14 08:29:00,8.047773,10.737619,6.3,4.17
T04,GL-4396,2026-03-14 08:30:00,8.047315,10.737723,9.4,3.0
T04,GL-4396,2026-03-14 08:31:00,8.046913,10.737884,11.2,3.37
T04,GL-4396,2026-03-14 08:32:00,8.04651,10.738129,5.8,3.21
T04,GL-4396,2026-03-14 08:33:00,8.045967,10.738199,8.2,2.84
T04,GL-4396,2026-03-14 08:34:00,8.045507,10.738435,9.2,3.09
T04,GL-4396,2026-03-14 08:35:00,8.044957,10.738569,6.3,3.65
T04,GL-4396,2026-03-14 08:36:00,8.044599,10.738763,4.1,3.44
T04,GL-4396,2026-03-14 08:37:00,8.044084,10.739031,4.5,4.96
T04,GL-4396,2026-03-14 08:38:00,8.043608,10.739087,8.3,5.0
T04,GL-4396,2026-03-14 08:39:00,8.043141,10.739328,10.1,5.06
T04,GL-4396,2026-03-14 08:40:00,8.042668,10.739536,7.5,5.02
T04,GL-4396,2026-03-14 08:41:00,8.042061,10.739645,10.2,4.17
T04,GL-4396,2026-03-14 08:42:00,8.041592,10.73996,4.6,2.95
T04,GL-4396,2026-03-14 08:43:00,8.041235,10.739995,5.6,3.7
T04,GL-4396,2026-03-14 08:44:00,8.040796,10.740077,,3.29
T04,GL-4396,2026-03-14 08:45:00,8.040331,10.740488,6.4,3.86
T04,GL-4396,2026-03-14 08:46:00,8.039781,10.740552,11.1,4.27
T04,GL-4396,2026-03-14 08:47:00,8.039238,10.740774,5.5,4.92
T04,GL-4396,2026-03-14 08:48:00,8.038729,10.740878,5.4,3.55
T04,GL-4396,2026-03-14 08:49:00,8.038289,10.741163,4.1,2.86
T04,GL-4396,2026-03-14 08:50:00,8.037951,10.74133,9.6,4.65
T04,GL-4396,2026-03-14 08:51:00,8.037466,10.741524,6.9,5.45
T04,GL-4396,2026-03-14 08:52:00,8.0369,10.741678,4.3,4.89
T04,GL-4396,2026-03-14 08:53:00,8.036479,10.741918,6.9,4.23
T04,GL-4396,2026-03-14 08:54:00,8.035865,10.741945,10.0,4.9
T04,GL-4396,2026-03-14 08:55:00,8.035435,10.742147,6.1,4.26
T04,GL-4396,2026-03-14 08:56:00,8.03494,10.742426,7.2,5.34
T04,GL-4396,2026-03-14 08:57:00,8.034431,10.742693,5.9,3.9
T04,GL-4396,2026-03-14 08:58:00,8.033975,10.742792,5.2,3.72
T04,GL-4396,2026-03-14 08:59:00,8.033524,10.742906,12.0,5.2
T04,GL-4396,2026-03-14 09:00:00,8.033019,10.743155,5.3,4.09
T04,GL-4396,2026-03-14 09:01:00,8.032573,10.743368,7.4,3.74
T04,GL-4396,2026-03-14 09:02:00,8.03216,10.743536,6.5,3.07
T04,GL-4396,2026-03-14 09:03:00,8.031585,10.743778,9.0,3.46
T04,GL-4396,2026-03-14 09:04:00,8.031122,10.743778,7.7,5.03
T04,GL-4396,2026-03-14 09:05:00,8.030642,10.744076,8.2,4.74
T04,GL-4396,2026-03-14 09:06:00,8.030696,10.743949,11.6,0.71
T04,GL-4396,2026-03-14 09:07:00,8.030496,10.744124,6.7,0.65
T04,GL-4396,2026-03-14 09:08:00,8.030662,10.744083,11.9,0.28
T04,GL-4396,2026-03-14 09:09:00,8.030738,10.744135,11.7,0.05
T04,GL-4396,2026-03-14 09:10:00,8.030714,10.744155,10.0,0.79
T04,GL-4396,2026-03-14 09:11:00,8.030585,10.744108,8.3,0.4
T04,GL-4396,2026-03-14 09:12:00,8.030742,10.744072,6.1,0.85
T04,GL-4396,2026-03-14 09:13:00,8.030831,10.744069,5.2,0.2
T04,GL-4396,2026-03-14 09:14:00,8.030688,10.743951,5.7,0.18
T04,GL-4396,2026-03-14 09:15:00,8.030632,10.744075,7.7,0.13
T04,GL-4396,2026-03-14 09:16:00,8.030594,10.743983,7.9,0.61
T04,GL-4396,2026-03-14 09:17:00,8.030563,10.743985,5.4,0.68
T04,GL-4396,2026-03-14 09:18:00,8.030615,10.744106,8.0,0.6
T04,GL-4396,2026-03-14 09:19:00,8.03071,10.744013,9.1,0.35
T04,GL-4396,2026-03-14 09:20:00,8.030675,10.744117,9.7,0.51
T04,GL-4396,2026-03-14 09:21:00,8.030576,10.744008,5.8,0.61
T04,GL-4396,2026-03-14 09:22:00,8.030667,10.743894,5.3,0.53
T04,GL-4396,2026-03-14 09:23:00,8.030536,10.74414,9.5,0.85
T04,GL-4396,2026-03-14 09:24:00,8.030668,10.744057,10.8,0.61
T04,GL-4396,2026-03-14 09:25:00,8.030687,10.744051,11.4,0.6
T04,GL-4396,2026-03-14 09:26:00,8.030641,10.744125,5.8,0.52
T04,GL-4396,2026-03-14 09:27:00,8.030524,10.744094,7.9,0.64
T04,GL-4396,2026-03-14 09:28:00,8.030646,10.743943,6.3,0.51
T04,GL-4396,2026-03-14 09:29:00,8.030688,10.744126,4.9,0.23
T04,GL-4396,2026-03-14 09:30:00,8.030741,10.744171,8.2,0.57
T04,GL-4396,2026-03-14 09:31:00,8.030733,10.744001,5.2,0.63
T04,GL-4396,2026-03-14 09:32:00,8.030684,10.744113,10.8,0.34
T04,GL-4396,2026-03-14 09:33:00,8.030745,10.744026,8.2,0.53
T04,GL-4396,2026-03-14 09:34:00,8.030838,10.744236,9.1,0.72
T04,GL-4396,2026-03-14 09:35:00,8.030585,10.744057,4.3,0.18
T04,GL-4396,2026-03-14 09:36:00,8.030766,10.744047,6.7,0.72
T04,GL-4396,2026-03-14 09:37:00,8.030682,10.744144,10.2,0.58
T04,GL-4396,2026-03-14 09:38:00,8.03061,10.744093,6.2,0.65
T04,GL-4396,2026-03-14 09:39:00,8.0301,10.743965,10.4,4.83
T04,GL-4396,2026-03-14 09:40:00,8.029407,10.743902,9.4,5.01
T04,GL-4396,2026-03-14 09:41:00,8.028583,10.743828,7.3,4.21
T04,GL-4396,2026-03-14 09:42:00,8.028111,10.743714,11.8,4.39
T04,GL-4396,2026-03-14 09:43:00,8.027489,10.743577,8.2,3.64
T04,GL-4396,2026-03-14 09:44:00,8.026644,10.743628,6.4,3.05
T04,GL-4396,2026-03-14 09:45:00,8.026075,10.743314,,4.78
T04,GL-4396,2026-03-14 09:46:00,8.0255,10.74336,4.4,4.55
T04,GL-4396,2026-03-14 09:47:00,8.024786,10.743298,5.1,5.21
T04,GL-4396,2026-03-14 09:48:00,8.024093,10.743174,8.4,3.1
T04,GL-4396,2026-03-14 09:49:00,8.023465,10.743021,8.1,4.94
T04,GL-4396,2026-03-14 09:50:00,8.022763,10.742921,10.6,3.73
T04,GL-4396,2026-03-14 09:51:00,8.022108,10.742848,4.3,5.33
T04,GL-4396,2026-03-14 09:52:00,8.021431,10.742745,6.6,4.1
T04,GL-4396,2026-03-14 09:53:00,8.020697,10.742589,7.2,4.7
T04,GL-4396,2026-03-14 09:54:00,8.020118,10.742552,9.5,4.68
T04,GL-4396,2026-03-14 09:55:00,8.019387,10.742444,5.0,3.59
T04,GL-4396,2026-03-14 09:56:00,8.018828,10.742485,9.8,3.8
T04,GL-4396,2026-03-14 09:57:00,8.018176,10.742416,,4.12
T04,GL-4396,2026-03-14 09:58:00,8.017411,10.742195,11.3,4.5
T04,GL-4396,2026-03-14 09:59:00,8.016987,10.742167,6.3,5.36
T04,GL-4396,2026-03-14 10:00:00,8.016105,10.742061,6.5,3.25
T04,GL-4396,2026-03-14 10:01:00,8.015435,10.741921,5.8,4.3
T04,GL-4396,2026-03-14 10:02:00,8.01482,10.741796,4.1,4.53
T04,GL-4396,2026-03-14 10:03:00,8.01411,10.741784,5.4,3.05
T04,GL-4396,2026-03-14 10:04:00,8.013479,10.741647,8.0,4.15
T04,GL-4396,2026-03-14 10:05:00,8.012849,10.741541,7.2,3.88
T04,GL-4396,2026-03-14 10:06:00,8.012238,10.741486,6.6,3.57
T04,GL-4396,2026-03-14 10:07:00,8.011523,10.741415,6.2,3.19
T04,GL-4396,2026-03-14 10:08:00,8.010917,10.741264,4.1,3.06
T04,GL-4396,2026-03-14 10:09:00,8.01018,10.741162,7.0,5.5
T04,GL-4396,2026-03-14 10:10:00,8.009553,10.741141,7.8,3.56
T04,GL-4396,2026-03-14 10:11:00,8.008907,10.740841,4.5,5.24
T04,GL-4396,2026-03-14 10:12:00,8.008318,10.740982,5.5,5.32
T04,GL-4396,2026-03-14 10:13:00,8.007633,10.740696,9.5,4.25
T04,GL-4396,2026-03-14 10:14:00,8.006962,10.740752,9.9,4.31
T04,GL-4396,2026-03-14 10:15:00,8.006329,10.740697,8.4,4.85
T04,GL-4396,2026-03-14 10:16:00,8.005731,10.740555,7.6,4.82
T04,GL-4396,2026-03-14 10:17:00,8.00495,10.740326,5.2,3.42
T04,GL-4396,2026-03-14 10:18:00,8.004343,10.740335,4.2,5.14
T04,GL-4396,2026-03-14 10:19:00,8.003576,10.740271,4.1,4.39
T04,GL-4396,2026-03-14 10:20:00,8.002998,10.740178,5.7,3.38
T04,GL-4396,2026-03-14 10:21:00,8.002378,10.740012,10.5,3.39
T04,GL-4396,2026-03-14 10:22:00,8.001604,10.739991,11.6,5.56
T04,GL-4396,2026-03-14 10:23:00,8.001081,10.739995,7.1,5.4
T04,GL-4396,2026-03-14 10:24:00,8.000457,10.739761,5.1,5.07
T04,GL-4396,2026-03-14 10:25:00,7.999765,10.739711,11.9,5.21
T04,GL-4396,2026-03-14 10:26:00,7.998938,10.739618,9.3,2.96
T04,GL-4396,2026-03-14 10:27:00,7.998339,10.739539,8.6,5.28
T04,GL-4396,2026-03-14 10:28:00,7.99778,10.739323,10.9,3.79
T04,GL-4396,2026-03-14 10:29:00,7.997132,10.739285,8.1,5.04
T04,GL-4396,2026-03-14 10:30:00,7.996402,10.739318,5.1,5.27
T04,GL-4396,2026-03-14 10:31:00,7.995752,10.739216,10.3,5.18
T04,GL-4396,2026-03-14 10:32:00,7.995122,10.739009,4.9,4.12
T04,GL-4396,2026-03-14 10:33:00,7.994386,10.738922,5.6,4.95
T04,GL-4396,2026-03-14 10:34:00,7.993651,10.738792,6.1,4.55
T04,GL-4396,2026-03-14 10:35:00,7.993152,10.738836,5.9,4.45
T04,GL-4396,2026-03-14 10:36:00,7.99242,10.738626,10.6,3.94
T04,GL-4396,2026-03-14 10:37:00,7.99178,10.738543,5.4,3.35
T04,GL-4396,2026-03-14 10:38:00,7.991191,10.738517,7.2,4.89
T04,GL-4396,2026-03-14 10:39:00,7.990484,10.738339,6.0,3.99
T04,GL-4396,2026-03-14 10:40:00,7.989707,10.73831,10.2,2.83
T04,GL-4396,2026-03-14 10:41:00,7.989216,10.738196,11.7,3.0
T04,GL-4396,2026-03-14 10:42:00,7.988506,10.738035,6.9,3.19
T04,GL-4396,2026-03-14 10:43:00,7.987868,10.737975,6.2,3.36
T04,GL-4396,2026-03-14 10:44:00,7.987213,10.737875,8.5,3.42
T04,GL-4396,2026-03-14 10:45:00,7.986593,10.737809,11.0,4.9
T04,GL-4396,2026-03-14 10:46:00,7.985928,10.737668,7.2,3.69
T04,GL-4396,2026-03-14 10:47:00,7.985185,10.737698,9.5,4.75
T04,GL-4396,2026-03-14 10:48:00,7.984651,10.737526,11.2,5.39
T04,GL-4396,2026-03-14 10:49:00,7.983821,10.737463,4.4,3.08
T04,GL-4396,2026-03-14 10:50:00,7.98317,10.737362,6.3,4.81
T04,GL-4396,2026-03-14 10:51:00,7.982603,10.737275,10.9,5.31
T04,GL-4396,2026-03-14 10:52:00,7.982036,10.737164,7.7,2.97
T04,GL-4396,2026-03-14 10:53:00,7.981265,10.736976,8.0,3.8
T04,GL-4396,2026-03-14 10:54:00,7.980689,10.736985,8.9,4.25
T04,GL-4396,2026-03-14 10:55:00,7.979976,10.73694,4.3,5.1
T04,GL-4396,2026-03-14 10:56:00,7.979308,10.736794,8.4,4.12
T04,GL-4396,2026-03-14 10:57:00,7.97864,10.736802,5.6,4.86
T04,GL-4396,2026-03-14 10:58:00,7.977943,10.736639,7.5,5.26
T04,GL-4396,2026-03-14 10:59:00,7.977424,10.73654,6.0,5.09
T04,GL-4396,2026-03-14 11:00:00,7.976723,10.736388,6.2,4.36
T04,GL-4396,2026-03-14 11:01:00,7.975996,10.736341,7.3,4.94
T04,GL-4396,2026-03-14 11:02:00,7.97535,10.736189,11.3,5.54
T04,GL-4396,2026-03-14 11:03:00,7.97464,10.736123,5.0,4.07
T04,GL-4396,2026-03-14 11:04:00,7.974162,10.736146,10.6,3.39
T04,GL-4396,2026-03-14 11:05:00,7.9734,10.736069,10.7,4.2
T04,GL-4396,2026-03-14 11:06:00,7.972712,10.735886,7.2,3.27
T04,GL-4396,2026-03-14 11:07:00,7.972012,10.735764,6.8,3.26
T04,GL-4396,2026-03-14 11:08:00,7.971354,10.73573,6.3,5.07
T04,GL-4396,2026-03-14 11:09:00,7.970722,10.735608,11.8,3.05
T04,GL-4396,2026-03-14 11:10:00,7.969893,10.735537,8.8,3.66
T04,GL-4396,2026-03-14 11:11:00,7.969596,10.735428,10.0,4.03
T04,GL-4396,2026-03-14 11:12:00,7.968756,10.735345,9.8,3.73
T04,GL-4396,2026-03-14 11:13:00,7.968067,10.735163,10.6,5.33
T04,GL-4396,2026-03-14 11:14:00,7.967489,10.735133,10.5,3.9
T04,GL-4396,2026-03-14 11:15:00,7.966719,10.735079,9.4,3.85
T04,GL-4396,2026-03-14 11:16:00,7.966126,10.734931,9.2,4.13
T04,GL-4396,2026-03-14 11:17:00,7.9655,10.734857,5.1,4.43
T04,GL-4396,2026-03-14 11:18:00,7.964918,10.734754,11.5,5.56
T04,GL-4396,2026-03-14 11:19:00,7.964029,10.734715,6.1,3.36
T04,GL-4396,2026-03-14 11:20:00,7.963535,10.734614,4.3,4.07
T04,GL-4396,2026-03-14 11:21:00,7.962799,10.734484,9.7,4.54
T04,GL-4396,2026-03-14 11:22:00,7.962174,10.73427,5.8,3.95
T04,GL-4396,2026-03-14 11:23:00,7.961465,10.734226,11.3,4.38
T04,GL-4396,2026-03-14 11:24:00,7.960818,10.73416,6.3,3.49
T04,GL-4396,2026-03-14 11:25:00,7.960238,10.734031,9.6,4.94
T04,GL-4396,2026-03-14 11:26:00,7.959413,10.733965,7.9,4.77
T04,GL-4396,2026-03-14 11:27:00,7.958966,10.733789,8.2,4.04
T04,GL-4396,2026-03-14 11:28:00,7.95837,10.733855,8.1,4.13
T04,GL-4396,2026-03-14 11:29:00,7.957529,10.733666,4.4,3.16
T04,GL-4396,2026-03-14 11:30:00,7.956835,10.733546,7.3,4.88
T04,GL-4396,2026-03-14 11:31:00,7.956192,10.733677,6.1,3.02
T04,GL-4396,2026-03-14 11:32:00,7.955554,10.733532,8.7,5.06
T04,GL-4396,2026-03-14 11:33:00,7.95488,10.733341,4.8,3.68
T04,GL-4396,2026-03-14 11:34:00,7.954196,10.73331,7.3,3.0
T04,GL-4396,2026-03-14 11:35:00,7.953484,10.733117,7.9,4.63
T04,GL-4396,2026-03-14 11:36:00,7.953033,10.733124,6.6,5.47
T04,GL-4396,2026-03-14 11:37:00,7.952317,10.73301,7.8,3.84
T04,GL-4396,2026-03-14 11:38:00,7.95161,10.732803,11.8,2.87
T04,GL-4396,2026-03-14 11:39:00,7.950998,10.732765,8.5,3.44
T04,GL-4396,2026-03-14 11:40:00,7.95032,10.732804,8.7,5.01
T04,GL-4396,2026-03-14 11:41:00,7.949619,10.732548,5.9,3.18
T04,GL-4396,2026-03-14 11:42:00,7.948931,10.73249,10.8,3.12
T04,GL-4396,2026-03-14 11:43:00,7.948382,10.732387,7.5,4.24
T04,GL-4396,2026-03-14 11:44:00,7.947702,10.732267,9.0,5.03
T04,GL-4396,2026-03-14 11:45:00,7.947045,10.732224,7.4,2.94
T04,GL-4396,2026-03-14 11:46:00,7.946331,10.732159,6.6,4.12
T04,GL-4396,2026-03-14 11:47:00,7.945537,10.732042,10.3,4.76
T04,GL-4396,2026-03-14 11:48:00,7.945053,10.731978,11.3,3.01
T04,GL-4396,2026-03-14 11:49:00,7.944425,10.731844,9.8,4.12
T04,GL-4396,2026-03-14 11:50:00,7.943753,10.73165,10.0,2.89
T04,GL-4396,2026-03-14 11:51:00,7.943084,10.731714,10.5,3.87
T04,GL-4396,2026-03-14 11:52:00,7.942482,10.731531,6.4,2.96
T04,GL-4396,2026-03-14 11:53:00,7.941784,10.731377,7.3,5.39
T04,GL-4396,2026-03-14 11:54:00,7.941215,10.731438,6.0,4.25
T04,GL-4396,2026-03-14 11:55:00,7.940492,10.73128,6.6,3.79
T04,GL-4396,2026-03-14 11:56:00,7.939766,10.731252,9.4,5.22
T04,GL-4396,2026-03-14 11:57:00,7.939069,10.731042,4.8,3.13
T04,GL-4396,2026-03-14 11:58:00,7.938547,10.731016,5.7,4.28
T04,GL-4396,2026-03-14 11:59:00,7.937832,10.730849,4.4,3.55
T04,GL-4396,2026-03-14 12:00:00,7.937083,10.730854,7.0,3.65
T04,GL-4396,2026-03-14 12:01:00,7.936497,10.730749,9.4,4.05
T04,GL-4396,2026-03-14 12:02:00,7.93586,10.73072,8.6,3.04
T04,GL-4396,2026-03-14 12:03:00,7.935106,10.730587,7.4,3.32
T04,GL-4396,2026-03-14 12:04:00,7.934491,10.730419,7.3,3.24
T04,GL-4396,2026-03-14 12:05:00,7.933955,10.730339,4.9,5.3
T04,GL-4396,2026-03-14 12:06:00,7.933193,10.730171,8.6,3.71
T04,GL-4396,2026-03-14 12:07:00,7.932633,10.730102,7.5,4.47
T04,GL-4396,2026-03-14 12:08:00,7.931844,10.730186,8.4,5.33
T04,GL-4396,2026-03-14 12:09:00,7.931199,10.729926,4.3,4.75
T04,GL-4396,2026-03-14 12:10:00,7.930614,10.729697,9.8,4.57
T04,GL-4396,2026-03-14 12:11:00,7.929886,10.729804,9.3,4.58
T04,GL-4396,2026-03-14 12:12:00,7.929204,10.729723,4.4,3.0
T04,GL-4396,2026-03-14 12:13:00,7.928707,10.72961,8.6,5.58
T04,GL-4396,2026-03-14 12:14:00,7.927881,10.729599,4.3,4.19
T04,GL-4396,2026-03-14 12:15:00,7.927318,10.729428,6.0,2.86
T04,GL-4396,2026-03-14 12:16:00,7.926683,10.729358,8.9,5.07
T04,GL-4396,2026-03-14 12:17:00,7.925984,10.729209,5.8,3.67
T04,GL-4396,2026-03-14 12:18:00,7.925375,10.72927,6.2,2.99
T04,GL-4396,2026-03-14 12:19:00,7.924556,10.729045,10.1,3.88
T04,GL-4396,2026-03-14 12:20:00,7.924041,10.728964,11.8,2.97
T04,GL-4396,2026-03-14 12:21:00,7.923353,10.728889,10.2,5.01
T04,GL-4396,2026-03-14 12:22:00,7.922658,10.728812,4.9,5.45
T04,GL-4396,2026-03-14 12:23:00,7.921979,10.728693,7.8,4.12
T04,GL-4396,2026-03-14 12:24:00,7.921311,10.728666,10.2,4.8
T04,GL-4396,2026-03-14 12:25:00,7.920659,10.728504,6.1,3.58
T04,GL-4396,2026-03-14 12:26:00,7.91998,10.728304,10.3,3.95
T04,GL-4396,2026-03-14 12:27:00,7.919321,10.728335,8.3,4.61
T04,GL-4396,2026-03-14 12:28:00,7.918764,10.728244,6.1,5.27
T04,GL-4396,2026-03-14 12:29:00,7.917951,10.728096,6.9,3.35
T04,GL-4396,2026-03-14 12:30:00,7.917361,10.7281,6.5,2.93
T04,GL-4396,2026-03-14 12:31:00,7.916758,10.728008,7.0,4.6
T04,GL-4396,2026-03-14 12:32:00,7.916094,10.727888,4.0,5.14
T04,GL-4396,2026-03-14 12:33:00,7.915329,10.727748,5.2,3.5
T04,GL-4396,2026-03-14 12:34:00,7.914616,10.727768,8.6,4.23
T04,GL-4396,2026-03-14 12:35:00,7.914036,10.727528,4.1,2.85
T04,GL-4396,2026-03-14 12:36:00,7.913436,10.727494,10.6,4.24
T04,GL-4396,2026-03-14 12:37:00,7.912756,10.727386,6.5,4.59
T04,GL-4396,2026-03-14 12:38:00,7.912179,10.727276,5.2,2.99
T04,GL-4396,2026-03-14 12:39:00,7.911559,10.727255,5.5,4.38
T04,GL-4396,2026-03-14 12:40:00,7.910707,10.727152,4.3,3.38
T04,GL-4396,2026-03-14 12:41:00,7.910121,10.727023,10.8,3.24
T04,GL-4396,2026-03-14 12:42:00,7.909535,10.726871,6.4,5.35
T04,GL-4396,2026-03-14 12:43:00,7.908864,10.72687,4.9,4.89
T04,GL-4396,2026-03-14 12:44:00,7.908142,10.726671,11.7,3.06
T04,GL-4396,2026-03-14 12:45:00,7.907424,10.726584,4.7,4.21
T04,GL-4396,2026-03-14 12:46:00,7.906789,10.726524,5.1,4.12
T04,GL-4396,2026-03-14 12:47:00,7.906145,10.726384,7.4,4.01
T04,GL-4396,2026-03-14 12:48:00,7.905502,10.726455,11.0,4.9
T04,GL-4396,2026-03-14 12:49:00,7.904818,10.726215,5.0,4.68
T04,GL-4396,2026-03-14 12:50:00,7.904234,10.726185,11.2,4.91
T04,GL-4396,2026-03-14 12:51:00,7.903568,10.726087,10.7,3.98
T04,GL-4396,2026-03-14 12:52:00,7.902933,10.725953,10.6,4.88
T04,GL-4396,2026-03-14 12:53:00,7.90216,10.725889,11.3,4.5
T04,GL-4396,2026-03-14 12:54:00,7.90157,10.725764,9.8,3.22
T04,GL-4396,2026-03-14 12:55:00,7.900923,10.725792,6.3,4.48
T04,GL-4396,2026-03-14 12:56:00,7.90027,10.725652,,4.15
T04,GL-4396,2026-03-14 12:57:00,7.899651,10.725573,7.9,5.1
T04,GL-4396,2026-03-14 12:58:00,7.898981,10.725445,7.3,4.82
T04,GL-4396,2026-03-14 12:59:00,7.898214,10.725372,7.5,4.37
T04,GL-4396,2026-03-14 13:00:00,7.897601,10.725311,10.8,4.69
T04,GL-4396,2026-03-14 13:01:00,7.896945,10.725072,11.1,5.16
T04,GL-4396,2026-03-14 13:02:00,7.896253,10.725135,10.6,3.99
T04,GL-4396,2026-03-14 13:03:00,7.895616,10.724958,9.0,4.21
T04,GL-4396,2026-03-14 13:04:00,7.895088,10.724886,10.6,4.25
T04,GL-4396,2026-03-14 13:05:00,7.89442,10.724852,8.5,4.98
T04,GL-4396,2026-03-14 13:06:00,7.89368,10.7247,5.8,2.99
T04,GL-4396,2026-03-14 13:07:00,7.892987,10.7246,7.8,3.99
T04,GL-4396,2026-03-14 13:08:00,7.892382,10.724446,7.2,4.02
T04,GL-4396,2026-03-14 13:09:00,7.891745,10.724294,7.2,3.59
T04,GL-4396,2026-03-14 13:10:00,7.89111,10.724473,6.9,4.02
T04,GL-4396,2026-03-14 13:11:00,7.890451,10.724217,8.5,4.41
T04,GL-4396,2026-03-14 13:12:00,7.889804,10.724174,9.8,3.34
T04,GL-4396,2026-03-14 13:13:00,7.889189,10.724045,7.8,4.39
T04,GL-4396,2026-03-14 13:14:00,7.88842,10.723906,9.5,4.77
T04,GL-4396,2026-03-14 13:15:00,7.88777,10.723882,6.0,3.79
T04,GL-4396,2026-03-14 13:16:00,7.887155,10.723733,4.3,4.58
T04,GL-4396,2026-03-14 13:17:00,7.886521,10.723668,6.6,5.12
T04,GL-4396,2026-03-14 13:18:00,7.885815,10.723566,8.8,3.66
T04,GL-4396,2026-03-14 13:19:00,7.885151,10.723502,8.1,3.0
T04,GL-4396,2026-03-14 13:20:00,7.88445,10.723328,7.0,3.52
T04,GL-4396,2026-03-14 13:21:00,7.883668,10.723256,4.8,3.77
T04,GL-4396,2026-03-14 13:22:00,7.883101,10.723195,6.9,4.29
T04,GL-4396,2026-03-14 13:23:00,7.882449,10.723061,7.6,3.11
T04,GL-4396,2026-03-14 13:24:00,7.88175,10.723022,10.8,3.5
T04,GL-4396,2026-03-14 13:25:00,7.881129,10.722891,8.5,3.99
T04,GL-4396,2026-03-14 13:26:00,7.880443,10.722749,5.9,3.06
T04,GL-4396,2026-03-14 13:27:00,7.879882,10.72276,7.9,4.9
T04,GL-4396,2026-03-14 13:28:00,7.879054,10.722545,11.5,4.77
T04,GL-4396,2026-03-14 13:29:00,7.878501,10.72251,11.0,3.42
T04,GL-4396,2026-03-14 13:30:00,7.877821,10.722533,4.6,4.85
T04,GL-4396,2026-03-14 13:31:00,7.877236,10.722329,11.6,5.2
T04,GL-4396,2026-03-14 13:32:00,7.876601,10.722213,,3.88
T04,GL-4396,2026-03-14 13:33:00,7.875936,10.722241,6.8,4.23
T04,GL-4396,2026-03-14 13:34:00,7.87527,10.722106,6.7,3.22
T04,GL-4396,2026-03-14 13:35:00,7.874553,10.721953,11.8,5.48
T04,GL-4396,2026-03-14 13:36:00,7.873911,10.721865,9.9,3.1
T04,GL-4396,2026-03-14 13:37:00,7.873203,10.721653,11.5,3.38
T04,GL-4396,2026-03-14 13:38:00,7.872655,10.721749,7.8,2.84
T04,GL-4396,2026-03-14 13:39:00,7.871877,10.721461,8.8,5.04
T04,GL-4396,2026-03-14 13:40:00,7.871254,10.721465,11.4,5.24
T04,GL-4396,2026-03-14 13:41:00,7.870565,10.721309,11.4,3.7
T04,GL-4396,2026-03-14 13:42:00,7.870004,10.72131,4.5,4.78
T04,GL-4396,2026-03-14 13:43:00,7.869416,10.721347,11.9,4.59
T04,GL-4396,2026-03-14 13:44:00,7.868652,10.721187,9.3,3.41
T04,GL-4396,2026-03-14 13:45:00,7.867928,10.721064,8.6,4.6
T04,GL-4396,2026-03-14 13:46:00,7.867444,10.720976,7.1,3.61
T04,GL-4396,2026-03-14 13:47:00,7.86667,10.720776,,3.87
T04,GL-4396,2026-03-14 13:48:00,7.865945,10.720805,6.4,4.03
T04,GL-4396,2026-03-14 13:49:00,7.865279,10.7207,8.1,3.53
T04,GL-4396,2026-03-14 13:50:00,7.864654,10.720558,8.9,5.11
T04,GL-4396,2026-03-14 13:51:00,7.86408,10.72055,7.2,2.9
T04,GL-4396,2026-03-14 13:52:00,7.863365,10.720405,11.9,5.35
T04,GL-4396,2026-03-14 13:53:00,7.86268,10.720276,9.8,4.91
T04,GL-4396,2026-03-14 13:54:00,7.861962,10.720216,6.0,5.34
T04,GL-4396,2026-03-14 13:55:00,7.861427,10.720083,9.2,5.28
T04,GL-4396,2026-03-14 13:56:00,7.860624,10.720092,9.5,3.58
T04,GL-4396,2026-03-14 13:57:00,7.86003,10.719895,11.6,4.24
T04,GL-4396,2026-03-14 13:58:00,7.859352,10.719838,5.3,5.0
T04,GL-4396,2026-03-14 13:59:00,7.858779,10.719715,11.7,5.0
T04,GL-4396,2026-03-14 14:00:00,7.858133,10.719663,6.5,3.99
T04,GL-4396,2026-03-14 14:01:00,7.857357,10.719592,7.4,5.48
T04,GL-4396,2026-03-14 14:02:00,7.856847,10.719441,10.1,4.13
T04,GL-4396,2026-03-14 14:03:00,7.856066,10.719398,11.4,3.09
T04,GL-4396,2026-03-14 14:04:00,7.85546,10.719246,11.4,5.55
T04,GL-4396,2026-03-14 14:05:00,7.854866,10.719235,6.6,4.16
T04,GL-4396,2026-03-14 14:06:00,7.854162,10.71912,11.9,5.4
T04,GL-4396,2026-03-14 14:07:00,7.853538,10.719,10.0,3.56
T04,GL-4396,2026-03-14 14:08:00,7.852806,10.718915,7.8,4.56
T04,GL-4396,2026-03-14 14:09:00,7.852223,10.71878,4.5,3.22
T04,GL-4396,2026-03-14 14:10:00,7.85146,10.718597,11.3,3.6
T04,GL-4396,2026-03-14 14:11:00,7.850825,10.718674,11.2,5.07
T04,GL-4396,2026-03-14 14:12:00,7.85023,10.718523,6.1,4.56
T04,GL-4396,2026-03-14 14:13:00,7.849555,10.718362,6.9,4.92
T04,GL-4396,2026-03-14 14:14:00,7.848829,10.71827,10.3,2.92
T04,GL-4396,2026-03-14 14:15:00,7.848152,10.718127,8.8,3.1
T04,GL-4396,2026-03-14 14:16:00,7.847652,10.718209,11.6,3.91
T04,GL-4396,2026-03-14 14:17:00,7.847101,10.718091,8.3,3.16
T04,GL-4396,2026-03-14 14:18:00,7.846282,10.717955,11.4,3.76
T04,GL-4396,2026-03-14 14:19:00,7.845619,10.717863,9.8,2.93
T04,GL-4396,2026-03-14 14:20:00,7.844907,10.717781,8.9,5.46
T04,GL-4396,2026-03-14 14:21:00,7.844304,10.717667,10.4,3.92
T04,GL-4396,2026-03-14 14:22:00,7.843588,10.717712,6.9,3.83
T04,GL-4396,2026-03-14 14:23:00,7.842916,10.717574,7.5,4.13
T04,GL-4396,2026-03-14 14:24:00,7.842271,10.717419,5.5,3.77
T04,GL-4396,2026-03-14 14:25:00,7.841548,10.717304,8.3,2.94
T04,GL-4396,2026-03-14 14:26:00,7.840953,10.717327,6.6,3.16
T04,GL-4396,2026-03-14 14:27:00,7.840268,10.717199,7.3,4.08
T04,GL-4396,2026-03-14 14:28:00,7.839611,10.717045,11.6,4.69
T04,GL-4396,2026-03-14 14:29:00,7.839023,10.716872,5.8,2.96
T04,GL-4396,2026-03-14 14:30:00,7.8383,10.716873,7.8,3.99
T04,GL-4396,2026-03-14 14:31:00,7.837789,10.716857,4.1,3.09
T04,GL-4396,2026-03-14 14:32:00,7.836977,10.716751,8.4,4.39
T04,GL-4396,2026-03-14 14:33:00,7.836336,10.716669,9.2,4.79
T04,GL-4396,2026-03-14 14:34:00,7.835809,10.716611,11.1,5.23
T04,GL-4396,2026-03-14 14:35:00,7.835091,10.716422,8.7,5.42
T04,GL-4396,2026-03-14 14:36:00,7.834312,10.716183,4.8,5.39
T04,GL-4396,2026-03-14 14:37:00,7.833781,10.7162,5.5,3.53
T04,GL-4396,2026-03-14 14:38:00,7.833069,10.716116,9.4,4.21
T04,GL-4396,2026-03-14 14:39:00,7.832428,10.716011,9.3,4.21
T04,GL-4396,2026-03-14 14:40:00,7.831786,10.715872,11.6,4.16
T04,GL-4396,2026-03-14 14:41:00,7.831134,10.715781,10.6,5.04
T04,GL-4396,2026-03-14 14:42:00,7.830438,10.715763,8.2,5.39
T04,GL-4396,2026-03-14 14:43:00,7.829787,10.715715,6.2,3.89
T04,GL-4396,2026-03-14 14:44:00,7.829116,10.715545,10.8,3.81
T04,GL-4396,2026-03-14 14:45:00,7.828376,10.715503,7.1,5.09
T04,GL-4396,2026-03-14 14:46:00,7.827739,10.715411,5.3,4.95
T04,GL-4396,2026-03-14 14:47:00,7.827209,10.715284,4.1,4.28
T04,GL-4396,2026-03-14 14:48:00,7.826448,10.715089,,3.56
T04,GL-4396,2026-03-14 14:49:00,7.825831,10.715069,5.1,4.09
T04,GL-4396,2026-03-14 14:50:00,7.825228,10.715019,7.8,3.98
T04,GL-4396,2026-03-14 14:51:00,7.824466,10.714873,7.1,4.9
T04,GL-4396,2026-03-14 14:52:00,7.823935,10.714728,5.7,3.32
T04,GL-4396,2026-03-14 14:53:00,7.823189,10.714748,4.6,4.01
T04,GL-4396,2026-03-14 14:54:00,7.822555,10.714564,9.7,4.58
T04,GL-4396,2026-03-14 14:55:00,7.821847,10.714641,11.4,4.2
T04,GL-4396,2026-03-14 14:56:00,7.821242,10.714402,6.5,3.7
T04,GL-4396,2026-03-14 14:57:00,7.82052,10.714282,6.4,2.89
T04,GL-4396,2026-03-14 14:58:00,7.819881,10.714208,5.8,4.42
T04,GL-4396,2026-03-14 14:59:00,7.819194,10.714145,9.9,4.0
T04,GL-4396,2026-03-14 15:00:00,7.818608,10.714034,8.2,3.3
T04,GL-4396,2026-03-14 15:01:00,7.817855,10.713965,7.9,3.72
T04,GL-4396,2026-03-14 15:02:00,7.817266,10.713842,4.8,3.11
T04,GL-4396,2026-03-14 15:03:00,7.816572,10.713749,11.2,2.9
T04,GL-4396,2026-03-14 15:04:00,7.815939,10.71366,5.3,3.03
T04,GL-4396,2026-03-14 15:05:00,7.815265,10.713629,10.7,3.41
T04,GL-4396,2026-03-14 15:06:00,7.814503,10.713476,7.5,5.41
T04,GL-4396,2026-03-14 15:07:00,7.813975,10.713342,7.0,4.02
T04,GL-4396,2026-03-14 15:08:00,7.81333,10.713326,6.6,3.54
T04,GL-4396,2026-03-14 15:09:00,7.812809,10.713057,9.4,5.25
T04,GL-4396,2026-03-14 15:10:00,7.811995,10.713274,8.8,4.33
T04,GL-4396,2026-03-14 15:11:00,7.811317,10.713056,4.3,3.33
T04,GL-4396,2026-03-14 15:12:00,7.810757,10.712962,4.6,3.16
T04,GL-4396,2026-03-14 15:13:00,7.810043,10.712859,5.6,3.84
T04,GL-4396,2026-03-14 15:14:00,7.809426,10.712729,9.2,4.42
T04,GL-4396,2026-03-14 15:15:00,7.808711,10.712745,11.8,2.91
T04,GL-4396,2026-03-14 15:16:00,7.808104,10.71252,4.5,3.03
T04,GL-4396,2026-03-14 15:17:00,7.807366,10.712548,8.5,4.41
T04,GL-4396,2026-03-14 15:18:00,7.806693,10.712408,6.7,5.21
T04,GL-4396,2026-03-14 15:19:00,7.806047,10.712342,6.8,5.46
T04,GL-4396,2026-03-14 15:20:00,7.805355,10.712266,5.7,2.89
T04,GL-4396,2026-03-14 15:21:00,7.804747,10.712064,7.4,3.7
T04,GL-4396,2026-03-14 15:22:00,7.804068,10.711966,9.9,4.14
T04,GL-4396,2026-03-14 15:23:00,7.80352,10.711896,8.5,4.53
T04,GL-4396,2026-03-14 15:24:00,7.802761,10.711884,7.7,3.92
T04,GL-4396,2026-03-14 15:25:00,7.802152,10.711745,,3.08
T04,GL-4396,2026-03-14 15:26:00,7.801471,10.71169,8.2,4.21
T04,GL-4396,2026-03-14 15:27:00,7.800777,10.711567,10.8,5.37
T04,GL-4396,2026-03-14 15:28:00,7.800254,10.711345,8.0,4.18
T04,GL-4396,2026-03-14 15:29:00,7.799478,10.711374,7.5,5.6
T04,GL-4396,2026-03-14 15:30:00,7.798648,10.711251,11.7,2.81
T04,GL-4396,2026-03-14 15:31:00,7.79809,10.711166,6.7,5.31
T04,GL-4396,2026-03-14 15:32:00,7.797662,10.711171,6.0,5.36
T04,GL-4396,2026-03-14 15:33:00,7.796814,10.711016,10.5,3.41
T04,GL-4396,2026-03-14 15:34:00,7.796235,10.710818,10.5,3.42
T04,GL-4396,2026-03-14 15:35:00,7.795509,10.710809,10.5,5.15
T04,GL-4396,2026-03-14 15:36:00,7.794857,10.710735,8.0,3.23
T04,GL-4396,2026-03-14 15:37:00,7.79427,10.710576,9.0,5.19
T04,GL-4396,2026-03-14 15:38:00,7.793629,10.710533,8.2,5.58
T04,GL-4396,2026-03-14 15:39:00,7.792848,10.710391,11.2,2.89
T04,GL-4396,2026-03-14 15:40:00,7.792265,10.710493,7.7,4.61
T04,GL-4396,2026-03-14 15:41:00,7.79144,10.710238,12.0,3.56
T04,GL-4396,2026-03-14 15:42:00,7.790947,10.710113,7.8,3.09
T04,GL-4396,2026-03-14 15:43:00,7.790295,10.710151,6.7,3.72
T04,GL-4396,2026-03-14 15:44:00,7.789585,10.710041,,5.21
T04,GL-4396,2026-03-14 15:45:00,7.789071,10.709842,7.6,4.6
T04,GL-4396,2026-03-14 15:46:00,7.788308,10.709784,4.4,3.84
T04,GL-4396,2026-03-14 15:47:00,7.787695,10.709635,7.9,4.99
T04,GL-4396,2026-03-14 15:48:00,7.787056,10.709567,7.6,3.26
T04,GL-4396,2026-03-14 15:49:00,7.786362,10.709509,11.5,5.2
T04,GL-4396,2026-03-14 15:50:00,7.785674,10.709379,11.6,3.99
T04,GL-4396,2026-03-14 15:51:00,7.784965,10.709301,5.7,5.54
T04,GL-4396,2026-03-14 15:52:00,7.784473,10.709106,7.4,4.37
T04,GL-4396,2026-03-14 15:53:00,7.78364,10.709094,5.9,4.26
T04,GL-4396,2026-03-14 15:54:00,7.783065,10.709123,,3.05
T04,GL-4396,2026-03-14 15:55:00,7.782317,10.708958,8.0,4.03
T04,GL-4396,2026-03-14 15:56:00,7.781713,10.708793,8.1,2.96
T04,GL-4396,2026-03-14 15:57:00,7.781014,10.70873,4.0,3.32
T04,GL-4396,2026-03-14 15:58:00,7.780374,10.708663,11.3,3.89
T04,GL-4396,2026-03-14 15:59:00,7.779621,10.7086,11.8,5.59
T04,GL-4396,2026-03-14 16:00:00,7.779225,10.708397,4.8,5.04
T04,GL-4396,2026-03-14 16:01:00,7.778485,10.708391,9.4,3.59
T04,GL-4396,2026-03-14 16:02:00,7.777829,10.708257,11.4,4.39
T04,GL-4396,2026-03-14 16:03:00,7.777015,10.708214,,4.88
T04,GL-4396,2026-03-14 16:04:00,7.77652,10.70808,8.6,5.44
T04,GL-4396,2026-03-14 16:05:00,7.775762,10.707942,6.5,2.8
T04,GL-4396,2026-03-14 16:06:00,7.775089,10.707862,9.0,3.65
T04,GL-4396,2026-03-14 16:07:00,7.774525,10.707825,10.3,3.65
T04,GL-4396,2026-03-14 16:08:00,7.773867,10.70771,4.4,3.76
T04,GL-4396,2026-03-14 16:09:00,7.77315,10.707678,5.5,3.58
T04,GL-4396,2026-03-14 16:10:00,7.772488,10.707564,6.3,5.16
T04,GL-4396,2026-03-14 16:11:00,7.771805,10.707341,7.5,4.14
T04,GL-4396,2026-03-14 16:12:00,7.771209,10.707407,6.9,3.82
T04,GL-4396,2026-03-14 16:13:00,7.770541,10.707196,10.8,2.88
T04,GL-4396,2026-03-14 16:14:00,7.769888,10.707232,5.4,5.52
T04,GL-4396,2026-03-14 16:15:00,7.76914,10.707121,6.7,4.91
T04,GL-4396,2026-03-14 16:16:00,7.768505,10.706881,4.1,3.01
T04,GL-4396,2026-03-14 16:17:00,7.767948,10.706808,10.7,3.91
T04,GL-4396,2026-03-14 16:18:00,7.76725,10.70675,4.6,4.09
T04,GL-4396,2026-03-14 16:19:00,7.766453,10.706631,4.1,4.85
T04,GL-4396,2026-03-14 16:20:00,7.765924,10.706599,6.6,3.57
T04,GL-4396,2026-03-14 16:21:00,7.765257,10.706536,11.9,2.87
T04,GL-4396,2026-03-14 16:22:00,7.764629,10.706393,5.0,3.75
T04,GL-4396,2026-03-14 16:23:00,7.763821,10.706208,8.6,5.51
T04,GL-4396,2026-03-14 16:33:00,7.757367,10.705488,7.1,3.54
T04,GL-4396,2026-03-14 16:34:00,7.756545,10.705295,12.0,4.11
T04,GL-4396,2026-03-14 16:35:00,7.755957,10.705284,10.6,3.28
T04,GL-4396,2026-03-14 16:36:00,7.755425,10.705037,9.4,3.42
T04,GL-4396,2026-03-14 16:37:00,7.754788,10.704995,10.7,5.14
T04,GL-4396,2026-03-14 16:38:00,7.754023,10.70483,5.1,3.52
T04,GL-4396,2026-03-14 16:39:00,7.753421,10.704832,10.4,3.95
T04,GL-4396,2026-03-14 16:40:00,7.752713,10.704711,9.0,4.65
T04,GL-4396,2026-03-14 16:41:00,7.752123,10.704691,8.5,5.57
T04,GL-4396,2026-03-14 16:42:00,7.751457,10.704567,,3.21
T04,GL-4396,2026-03-14 16:43:00,7.750708,10.704571,9.8,3.88
T04,GL-4396,2026-03-14 16:44:00,7.750029,10.704352,4.2,5.05
T04,GL-4396,2026-03-14 16:45:00,7.749387,10.704323,10.5,3.16
T04,GL-4396,2026-03-14 16:46:00,7.748797,10.704161,8.4,4.33
T04,GL-4396,2026-03-14 16:47:00,7.748107,10.704052,9.2,5.26
T04,GL-4396,2026-03-14 16:48:00,7.747482,10.704014,5.3,3.38
T04,GL-4396,2026-03-14 16:49:00,7.746927,10.703888,,3.56
T04,GL-4396,2026-03-14 16:50:00,7.746113,10.703711,6.1,3.28
T04,GL-4396,2026-03-14 16:51:00,7.745475,10.70373,7.0,4.72
T04,GL-4396,2026-03-14 16:52:00,7.744835,10.703696,6.4,5.47
T04,GL-4396,2026-03-14 16:53:00,7.744137,10.703385,,3.72
T04,GL-4396,2026-03-14 16:54:00,7.743432,10.703475,11.9,3.84
T04,GL-4396,2026-03-14 16:55:00,7.742785,10.703344,9.8,3.47
T04,GL-4396,2026-03-14 16:56:00,7.742132,10.703237,9.7,5.31
T04,GL-4396,2026-03-14 16:57:00,7.741516,10.703137,11.4,4.01
T04,GL-4396,2026-03-14 16:58:00,7.74089,10.703093,9.9,4.33
T04,GL-4396,2026-03-14 16:59:00,7.740233,10.702979,10.2,5.44
T04,GL-4396,2026-03-14 17:00:00,7.739598,10.702899,10.0,5.08
T04,GL-4396,2026-03-14 17:01:00,7.738863,10.702815,5.3,3.88
T04,GL-4396,2026-03-14 17:02:00,7.738284,10.702842,6.9,5.4
T04,GL-4396,2026-03-14 17:03:00,7.737584,10.702634,6.7,3.75
T04,GL-4396,2026-03-14 17:04:00,7.736913,10.702566,4.7,4.85
T04,GL-4396,2026-03-14 17:05:00,7.736278,10.70245,7.9,3.28
T04,GL-4396,2026-03-14 17:06:00,7.735571,10.702307,10.4,4.98
T04,GL-4396,2026-03-14 17:07:00,7.73492,10.70212,5.6,3.04
T04,GL-4396,2026-03-14 17:08:00,7.73429,10.702211,7.5,3.1
T04,GL-4396,2026-03-14 17:09:00,7.733508,10.702168,8.4,3.5
T04,GL-4396,2026-03-14 17:10:00,7.732955,10.701967,8.3,5.23
T04,GL-4396,2026-03-14 17:11:00,7.732223,10.70184,6.6,4.86
T04,GL-4396,2026-03-14 17:12:00,7.73168,10.701751,5.2,4.53
T04,GL-4396,2026-03-14 17:13:00,7.731047,10.7017,7.7,3.76
T04,GL-4396,2026-03-14 17:14:00,7.730309,10.701617,6.2,2.91
T04,GL-4396,2026-03-14 17:15:00,7.729632,10.701498,5.9,5.46
T04,GL-4396,2026-03-14 17:16:00,7.729058,10.701433,5.2,5.21
T04,GL-4396,2026-03-14 17:17:00,7.728285,10.70132,7.8,2.97
T04,GL-4396,2026-03-14 17:18:00,7.727739,10.701121,7.4,3.27
T04,GL-4396,2026-03-14 17:19:00,7.726882,10.701113,11.4,5.39
T04,GL-4396,2026-03-14 17:20:00,7.726301,10.700936,6.3,4.93
T04,GL-4396,2026-03-14 17:21:00,7.725756,10.700944,7.3,4.51
T04,GL-4396,2026-03-14 17:22:00,7.72503,10.700775,5.7,4.31
T04,GL-4396,2026-03-14 17:23:00,7.724465,10.700779,9.5,3.41
T04,GL-4396,2026-03-14 17:24:00,7.723734,10.700724,4.3,5.13
T04,GL-4396,2026-03-14 17:25:00,7.723131,10.700657,5.6,3.98
T04,GL-4396,2026-03-14 17:26:00,7.722537,10.700428,10.9,3.74
T04,GL-4396,2026-03-14 17:27:00,7.721762,10.700317,9.3,5.53
T04,GL-4396,2026-03-14 17:28:00,7.721063,10.700259,8.9,4.79
T04,GL-4396,2026-03-14 17:29:00,7.720446,10.700189,9.8,4.07
T04,GL-4396,2026-03-14 17:30:00,7.719755,10.699993,4.3,3.01
T04,GL-4396,2026-03-14 17:31:00,7.719083,10.700011,6.2,3.76
T04,GL-4396,2026-03-14 17:32:00,7.718448,10.699754,11.9,5.33
T04,GL-4396,2026-03-14 17:33:00,7.717916,10.69982,5.9,4.78
T04,GL-4396,2026-03-14 17:34:00,7.717153,10.699661,10.4,5.21
T04,GL-4396,2026-03-14 17:35:00,7.716399,10.699647,4.4,3.88
T04,GL-4396,2026-03-14 17:36:00,7.715853,10.69946,9.3,4.26
T04,GL-4396,2026-03-14 17:37:00,7.715289,10.699364,8.2,4.36
T04,GL-4396,2026-03-14 17:38:00,7.71451,10.699424,4.8,3.22
T04,GL-4396,2026-03-14 17:39:00,7.713961,10.699302,11.5,5.03
T04,GL-4396,2026-03-14 17:40:00,7.713092,10.699124,6.5,3.04
T04,GL-4396,2026-03-14 17:41:00,7.712618,10.698961,4.6,3.42
T04,GL-4396,2026-03-14 17:42:00,7.711931,10.699037,11.6,3.75
T04,GL-4396,2026-03-14 17:43:00,7.711257,10.698942,6.8,5.08
T04,GL-4396,2026-03-14 17:44:00,7.710597,10.698721,9.7,3.63
T04,GL-4396,2026-03-14 17:45:00,7.709895,10.698711,7.7,3.69
T04,GL-4396,2026-03-14 17:46:00,7.709166,10.698607,5.2,3.22
T04,GL-4396,2026-03-14 17:47:00,7.708483,10.698435,11.5,4.17
T04,GL-4396,2026-03-14 17:48:00,7.707896,10.698427,8.2,4.82
T04,GL-4396,2026-03-14 17:49:00,7.707258,10.698389,4.8,4.34
T04,GL-4396,2026-03-14 17:50:00,7.706597,10.698276,6.7,3.28
T04,GL-4396,2026-03-14 17:51:00,7.706091,10.698016,4.8,4.0
T04,GL-4396,2026-03-14 17:52:00,7.70534,10.698058,8.0,4.7
T04,GL-4396,2026-03-14 17:53:00,7.704651,10.697904,,3.9
T04,GL-4396,2026-03-14 17:54:00,7.703975,10.697913,5.8,3.34
T04,GL-4396,2026-03-14 17:55:00,7.703314,10.697739,11.6,4.17
T04,GL-4396,2026-03-14 17:56:00,7.702683,10.697648,11.1,4.15
T04,GL-4396,2026-03-14 17:57:00,7.702039,10.697589,10.5,4.66
T04,GL-4396,2026-03-14 17:58:00,7.701353,10.697603,8.2,4.95
T04,GL-4396,2026-03-14 17:59:00,7.700736,10.697415,4.0,4.44
T04,GL-4396,2026-03-14 18:00:00,7.699981,10.697319,10.8,4.94
T04,GL-4396,2026-03-14 18:01:00,7.699406,10.697215,10.9,3.2
T04,GL-4396,2026-03-14 18:02:00,7.698665,10.697086,8.2,5.3
T04,GL-4396,2026-03-14 18:03:00,7.698031,10.697004,7.1,5.08
T04,GL-4396,2026-03-14 18:04:00,7.697495,10.696926,7.3,3.57
T04,GL-4396,2026-03-14 18:05:00,7.696693,10.696767,6.9,3.07
T04,GL-4396,2026-03-14 18:06:00,7.696003,10.696657,5.4,3.02
T04,GL-4396,2026-03-14 18:07:00,7.69547,10.69664,5.9,4.59
T04,GL-4396,2026-03-14 18:08:00,7.69479,10.696633,7.2,4.84
T04,GL-4396,2026-03-14 18:09:00,7.694132,10.696475,8.5,5.51
T04,GL-4396,2026-03-14 18:10:00,7.69346,10.696384,7.1,5.21
T04,GL-4396,2026-03-14 18:11:00,7.692752,10.696239,10.6,4.82
T04,GL-4396,2026-03-14 18:12:00,7.692136,10.696182,5.2,5.32
T04,GL-4396,2026-03-14 18:13:00,7.691456,10.696064,7.0,4.65
T04,GL-4396,2026-03-14 18:14:00,7.690923,10.69602,10.1,4.43
T04,GL-4396,2026-03-14 18:15:00,7.690206,10.695897,6.0,3.07
T04,GL-4396,2026-03-14 18:16:00,7.68949,10.695728,10.8,4.54
T04,GL-4396,2026-03-14 18:17:00,7.688892,10.695703,5.3,5.45
T04,GL-4396,2026-03-14 18:18:00,7.688178,10.69553,10.3,3.74
T04,GL-4396,2026-03-14 18:19:00,7.68749,10.69552,6.0,2.98
T04,GL-4396,2026-03-14 18:20:00,7.68697,10.695419,11.1,5.0
T04,GL-4396,2026-03-14 18:21:00,7.686231,10.695275,9.1,4.47
T04,GL-4396,2026-03-14 18:22:00,7.685516,10.695321,11.8,2.95
T04,GL-4396,2026-03-14 18:23:00,7.684813,10.695069,10.8,5.39
T04,GL-4396,2026-03-14 18:24:00,7.684313,10.695053,11.2,4.49
T04,GL-4396,2026-03-14 18:25:00,7.683694,10.694937,9.2,3.5
T04,GL-4396,2026-03-14 18:26:00,7.682911,10.694897,6.0,4.99
T04,GL-4396,2026-03-14 18:27:00,7.682288,10.694777,10.3,2.84
T04,GL-4396,2026-03-14 18:28:00,7.68167,10.694624,10.6,4.99
T04,GL-4396,2026-03-14 18:29:00,7.680968,10.694554,4.2,3.7
T04,GL-4396,2026-03-14 18:30:00,7.680341,10.694419,8.3,4.53
T04,GL-4396,2026-03-14 18:31:00,7.679617,10.694512,8.6,3.7
T04,GL-4396,2026-03-14 18:32:00,7.678901,10.694193,4.5,3.59
T04,GL-4396,2026-03-14 18:33:00,7.678386,10.694203,7.8,3.71
T04,GL-4396,2026-03-14 18:34:00,7.677635,10.69406,9.2,3.81
T04,GL-4396,2026-03-14 18:35:00,7.676908,10.694074,7.3,4.07
T04,GL-4396,2026-03-14 18:36:00,7.676409,10.693965,4.0,4.37
T04,GL-4396,2026-03-14 18:37:00,7.675725,10.69384,5.8,4.62
T04,GL-4396,2026-03-14 18:38:00,7.674901,10.693726,6.2,3.48
T04,GL-4396,2026-03-14 18:39:00,7.674354,10.693681,9.4,5.07
T04,GL-4396,2026-03-14 18:40:00,7.673654,10.693513,11.2,3.16
T04,GL-4396,2026-03-14 18:41:00,7.672922,10.693527,6.4,3.47
T04,GL-4396,2026-03-14 18:42:00,7.672466,10.693348,5.8,3.51
T04,GL-4396,2026-03-14 18:43:00,7.671739,10.693345,,4.98
T04,GL-4396,2026-03-14 18:44:00,7.671055,10.693237,7.0,3.66
T04,GL-4396,2026-03-14 18:45:00,7.670434,10.693108,5.6,5.22
T04,GL-4396,2026-03-14 18:46:00,7.669784,10.693098,4.8,4.29
T04,GL-4396,2026-03-14 18:47:00,7.669192,10.692909,7.5,3.3
T04,GL-4396,2026-03-14 18:48:00,7.668418,10.692843,9.8,3.76
T04,GL-4396,2026-03-14 18:49:00,7.667711,10.692752,7.3,3.97
T04,GL-4396,2026-03-14 18:50:00,7.66713,10.692614,9.2,3.87
T04,GL-4396,2026-03-14 18:51:00,7.666451,10.692644,8.9,3.74
T04,GL-4396,2026-03-14 18:52:00,7.665862,10.692423,6.1,3.6
T04,GL-4396,2026-03-14 18:53:00,7.665158,10.692427,8.2,3.85
T04,GL-4396,2026-03-14 18:54:00,7.66448,10.692245,7.9,4.8
T04,GL-4396,2026-03-14 18:55:00,7.663894,10.692228,6.6,4.73
T04,GL-4396,2026-03-14 18:56:00,7.663016,10.692069,11.1,4.91
T04,GL-4396,2026-03-14 18:57:00,7.662553,10.692003,,2.96
T04,GL-4396,2026-03-14 18:58:00,7.661742,10.691898,5.6,4.68
T04,GL-4396,2026-03-14 18:59:00,7.66122,10.691763,8.8,5.44
T04,GL-4396,2026-03-14 19:00:00,7.660528,10.691719,9.2,3.47
T04,GL-4396,2026-03-14 19:01:00,7.659844,10.691615,8.9,4.37
T04,GL-4396,2026-03-14 19:02:00,7.659213,10.69143,5.7,2.92
T04,GL-4396,2026-03-14 19:03:00,7.658633,10.691425,7.6,3.17
T04,GL-4396,2026-03-14 19:04:00,7.657885,10.691231,5.9,3.74
T04,GL-4396,2026-03-14 19:05:00,7.657164,10.691222,11.1,5.45
T04,GL-4396,2026-03-14 19:06:00,7.656658,10.691264,10.2,4.32
T04,GL-4396,2026-03-14 19:07:00,7.655907,10.691047,5.0,3.91
T04,GL-4396,2026-03-14 19:08:00,7.655228,10.690978,4.8,3.17
T04,GL-4396,2026-03-14 19:09:00,7.65457,10.690839,9.2,2.93
T04,GL-4396,2026-03-14 19:10:00,7.653913,10.690767,6.0,5.55
T04,GL-4396,2026-03-14 19:11:00,7.653271,10.690722,5.6,3.69
T04,GL-4396,2026-03-14 19:12:00,7.652678,10.690547,11.8,3.44
T04,GL-4396,2026-03-14 19:13:00,7.6519,10.690468,10.7,2.89
T04,GL-4396,2026-03-14 19:14:00,7.651377,10.690399,4.9,3.01
T04,GL-4396,2026-03-14 19:15:00,7.65067,10.690328,5.7,4.55
T04,GL-4396,2026-03-14 19:16:00,7.650026,10.690114,11.7,5.52
T04,GL-4396,2026-03-14 19:17:00,7.649337,10.690111,8.9,2.9
T04,GL-4396,2026-03-14 19:18:00,7.648788,10.689851,10.8,4.46
T04,GL-4396,2026-03-14 19:19:00,7.648115,10.689925,7.6,3.46
T04,GL-4396,2026-03-14 19:20:00,7.647354,10.689809,11.0,4.51
T04,GL-4396,2026-03-14 19:21:00,7.646764,10.689775,5.4,3.84
T04,GL-4396,2026-03-14 19:22:00,7.64603,10.689594,6.6,5.48
T04,GL-4396,2026-03-14 19:23:00,7.645415,10.689642,5.4,3.57
T04,GL-4396,2026-03-14 19:24:00,7.644654,10.689451,5.3,3.09
T04,GL-4396,2026-03-14 19:25:00,7.644099,10.689341,10.9,3.65
T04,GL-4396,2026-03-14 19:26:00,7.643495,10.689364,9.1,3.1
T04,GL-4396,2026-03-14 19:27:00,7.642755,10.689184,4.1,5.34
T04,GL-4396,2026-03-14 19:28:00,7.642105,10.689091,5.4,4.98
T04,GL-4396,2026-03-14 19:29:00,7.641401,10.688914,7.3,5.39
T04,GL-4396,2026-03-14 19:30:00,7.640847,10.688956,5.8,4.12
T04,GL-4396,2026-03-14 19:31:00,7.64013,10.688845,5.2,3.26
T04,GL-4396,2026-03-14 19:32:00,7.639397,10.688709,4.3,4.38
T04,GL-4396,2026-03-14 19:33:00,7.638778,10.688494,5.0,4.16
T04,GL-4396,2026-03-14 19:34:00,7.638122,10.688449,7.5,4.83
T04,GL-4396,2026-03-14 19:35:00,7.637426,10.688434,5.1,5.32
T04,GL-4396,2026-03-14 19:36:00,7.636794,10.688297,11.2,3.98
T04,GL-4396,2026-03-14 19:37:00,7.636038,10.688264,5.7,5.12
T04,GL-4396,2026-03-14 19:38:00,7.635357,10.688242,7.0,3.73
T04,GL-4396,2026-03-14 19:39:00,7.634722,10.687991,4.6,5.29
T04,GL-4396,2026-03-14 19:40:00,7.634175,10.68807,7.2,4.32
T04,GL-4396,2026-03-14 19:41:00,7.633556,10.687865,9.7,5.28
T04,GL-4396,2026-03-14 19:42:00,7.632806,10.68774,10.4,4.46
T04,GL-4396,2026-03-14 19:43:00,7.63219,10.687612,8.2,4.46
T04,GL-4396,2026-03-14 19:44:00,7.631663,10.687665,4.6,4.37
T04,GL-4396,2026-03-14 19:45:00,7.630897,10.687542,7.6,5.22
T04,GL-4396,2026-03-14 19:46:00,7.630227,10.687429,5.1,3.34
T04,GL-4396,2026-03-14 19:47:00,7.629544,10.687332,6.5,5.48
T04,GL-4396,2026-03-14 19:48:00,7.628942,10.687236,11.2,5.31
T04,GL-4396,2026-03-14 19:49:00,7.628248,10.687123,5.3,4.46
T04,GL-4396,2026-03-14 19:50:00,7.627642,10.686952,7.2,4.34
T04,GL-4396,2026-03-14 19:51:00,7.626923,10.686997,4.8,4.45
T04,GL-4396,2026-03-14 19:52:00,7.6263,10.686913,6.9,4.34
T04,GL-4396,2026-03-14 19:53:00,7.62572,10.68681,11.5,4.02
T04,GL-4396,2026-03-14 19:54:00,7.624975,10.686674,11.3,3.62
T04,GL-4396,2026-03-14 19:55:00,7.624274,10.686612,4.2,3.03
T04,GL-4396,2026-03-14 19:56:00,7.623535,10.686378,11.7,5.02
T04,GL-4396,2026-03-14 19:57:00,7.623049,10.686451,7.0,4.28
T04,GL-4396,2026-03-14 19:58:00,7.622245,10.686326,6.0,4.15
T04,GL-4396,2026-03-14 19:59:00,7.621744,10.686241,4.6,4.05
T04,GL-4396,2026-03-14 20:00:00,7.621041,10.686073,10.0,3.22
T04,GL-4396,2026-03-14 20:01:00,7.620331,10.685999,8.3,5.39
T04,GL-4396,2026-03-14 20:02:00,7.619654,10.685842,11.7,3.39
T04,GL-4396,2026-03-14 20:03:00,7.619072,10.685774,9.8,3.22
T04,GL-4396,2026-03-14 20:04:00,7.618388,10.685702,5.9,4.23
T04,GL-4396,2026-03-14 20:05:00,7.617721,10.685541,7.0,2.89
T04,GL-4396,2026-03-14 20:06:00,7.61701,10.685508,11.5,3.85
T04,GL-4396,2026-03-14 20:07:00,7.616286,10.685495,7.1,5.13
T04,GL-4396,2026-03-14 20:08:00,7.615695,10.685285,6.9,4.85
T04,GL-4396,2026-03-14 20:09:00,7.615116,10.685311,8.8,4.99
T04,GL-4396,2026-03-14 20:10:00,7.614483,10.685196,7.6,4.46
T04,GL-4396,2026-03-14 20:11:00,7.61371,10.685092,4.7,4.01
T04,GL-4396,2026-03-14 20:12:00,7.61312,10.684929,8.8,2.94
T04,GL-4396,2026-03-14 20:13:00,7.612411,10.684923,5.5,3.04
T04,GL-4396,2026-03-14 20:14:00,7.611719,10.684864,5.8,5.0
T04,GL-4396,2026-03-14 20:15:00,7.611143,10.684799,7.3,3.21
T04,GL-4396,2026-03-14 20:16:00,7.610469,10.684613,9.6,5.44
T04,GL-4396,2026-03-14 20:17:00,7.609806,10.684503,5.3,2.9
T04,GL-4396,2026-03-14 20:18:00,7.60908,10.684354,6.7,5.08
T04,GL-4396,2026-03-14 20:19:00,7.608324,10.68426,6.8,4.41
T04,GL-4396,2026-03-14 20:20:00,7.607885,10.684219,8.7,4.05
T04,GL-4396,2026-03-14 20:21:00,7.607171,10.684226,5.2,4.56
T04,GL-4396,2026-03-14 20:22:00,7.606627,10.684069,7.5,4.62
T04,GL-4396,2026-03-14 20:23:00,7.605938,10.683879,5.0,3.87
T04,GL-4396,2026-03-14 20:24:00,7.605214,10.68389,10.3,4.91
T04,GL-4396,2026-03-14 20:25:00,7.604534,10.683739,4.2,4.67
T04,GL-4396,2026-03-14 20:26:00,7.603952,10.68367,8.5,4.58
T04,GL-4396,2026-03-14 20:27:00,7.603201,10.68358,10.9,4.28
T04,GL-4396,2026-03-14 20:28:00,7.602614,10.683428,6.5,2.89
T04,GL-4396,2026-03-14 20:29:00,7.601878,10.683491,10.7,3.92
T04,GL-4396,2026-03-14 20:30:00,7.601236,10.683349,11.6,4.43
T04,GL-4396,2026-03-14 20:31:00,7.600592,10.683183,6.1,4.11
T04,GL-4396,2026-03-14 20:32:00,7.600041,10.683035,9.5,3.29
T04,GL-4396,2026-03-14 20:33:00,7.599293,10.683025,6.8,4.67
T04,GL-4396,2026-03-14 20:34:00,7.598573,10.682965,5.6,3.64
T04,GL-4396,2026-03-14 20:35:00,7.597978,10.682875,5.8,5.52
T04,GL-4396,2026-03-14 20:36:00,7.597335,10.682725,8.0,3.8
T04,GL-4396,2026-03-14 20:37:00,7.596638,10.682683,6.5,5.25
T04,GL-4396,2026-03-14 20:38:00,7.596,10.682599,9.0,3.23
T04,GL-4396,2026-03-14 20:39:00,7.595319,10.682439,11.1,3.84
T04,GL-4396,2026-03-14 20:40:00,7.594617,10.682314,9.4,5.34
T04,GL-4396,2026-03-14 20:41:00,7.593872,10.682309,9.5,5.46
T04,GL-4396,2026-03-14 20:42:00,7.593461,10.682118,11.0,4.14
T04,GL-4396,2026-03-14 20:43:00,7.592769,10.682209,8.9,5.44
T04,GL-4396,2026-03-14 20:44:00,7.592001,10.68198,5.4,2.96
T04,GL-4396,2026-03-14 20:45:00,7.591388,10.681956,,4.33
T04,GL-4396,2026-03-14 20:46:00,7.590799,10.681883,8.0,5.09
T04,GL-4396,2026-03-14 20:47:00,7.590042,10.681795,9.0,4.84
T04,GL-4396,2026-03-14 20:48:00,7.589406,10.681611,6.2,5.39
T04,GL-4396,2026-03-14 20:49:00,7.588783,10.681579,6.0,3.45
T04,GL-4396,2026-03-14 20:50:00,7.588069,10.681464,10.0,5.45
T04,GL-4396,2026-03-14 20:51:00,7.58744,10.681323,5.3,5.19
T04,GL-4396,2026-03-14 20:52:00,7.960586,10.681235,6.7,393.57
T04,GL-4396,2026-03-14 20:53:00,7.586219,10.681139,8.1,3.98
T04,GL-4396,2026-03-14 20:54:00,7.585342,10.68088,11.6,4.82
T04,GL-4396,2026-03-14 20:55:00,7.584782,10.68102,10.7,4.87
T04,GL-4396,2026-03-14 20:56:00,7.583963,10.680883,9.3,4.1
T04,GL-4396,2026-03-14 20:57:00,7.583406,10.68084,9.0,2.97
T04,GL-4396,2026-03-14 20:58:00,7.58283,10.680756,6.9,5.27
T04,GL-4396,2026-03-14 20:59:00,7.582206,10.680709,6.4,4.7
T04,GL-4396,2026-03-14 21:00:00,7.581498,10.680565,10.7,5.42
T04,GL-4396,2026-03-14 21:01:00,7.580948,10.680369,9.8,5.35
T04,GL-4396,2026-03-14 21:02:00,7.580091,10.680365,9.7,3.13
T04,GL-4396,2026-03-14 21:03:00,7.579525,10.680146,4.2,4.61
T04,GL-4396,2026-03-14 21:04:00,7.578897,10.680156,6.2,5.09
T04,GL-4396,2026-03-14 21:05:00,7.578174,10.680016,5.3,4.89
T04,GL-4396,2026-03-14 21:06:00,7.577511,10.679958,10.3,3.89
T04,GL-4396,2026-03-14 21:07:00,7.576953,10.679865,8.0,3.6
T04,GL-4396,2026-03-14 21:08:00,7.576183,10.679875,4.0,3.57
T04,GL-4396,2026-03-14 21:09:00,7.575662,10.67962,4.3,3.33
T04,GL-4396,2026-03-14 21:10:00,7.574879,10.67958,8.1,3.0
T04,GL-4396,2026-03-14 21:11:00,7.574083,10.679531,8.9,4.18
T04,GL-4396,2026-03-14 21:12:00,7.573544,10.679372,9.2,3.28
T04,GL-4396,2026-03-14 21:13:00,7.572885,10.679284,6.3,3.12
T04,GL-4396,2026-03-14 21:14:00,7.572274,10.679169,6.3,3.7
T04,GL-4396,2026-03-14 21:15:00,7.571568,10.679111,6.9,3.0
T04,GL-4396,2026-03-14 21:16:00,7.57092,10.679026,6.0,3.04
T04,GL-4396,2026-03-14 21:17:00,7.570284,10.678947,7.8,4.49
T04,GL-4396,2026-03-14 21:18:00,7.569617,10.678958,10.2,4.32
T04,GL-4396,2026-03-14 21:19:00,7.568813,10.678787,7.8,3.64
T04,GL-4396,2026-03-14 21:20:00,7.568317,10.678639,11.7,4.35
T04,GL-4396,2026-03-14 21:21:00,7.567586,10.678519,10.6,4.4
T04,GL-4396,2026-03-14 21:22:00,7.567036,10.678546,8.7,5.45
T04,GL-4396,2026-03-14 21:23:00,7.566204,10.678391,6.4,5.14
T04,GL-4396,2026-03-14 21:24:00,7.565623,10.678318,7.2,4.5
T04,GL-4396,2026-03-14 21:25:00,7.565036,10.678158,11.0,3.61
T04,GL-4396,2026-03-14 21:26:00,7.564465,10.678138,6.9,4.62
T04,GL-4396,2026-03-14 21:27:00,7.563723,10.678038,7.6,5.3
T04,GL-4396,2026-03-14 21:28:00,7.56309,10.677903,5.9,4.67
T04,GL-4396,2026-03-14 21:29:00,7.562459,10.677856,8.6,4.52
T04,GL-4396,2026-03-14 21:30:00,7.561741,10.677709,11.5,4.82
T04,GL-4396,2026-03-14 21:31:00,7.561168,10.677665,4.6,3.68
T04,GL-4396,2026-03-14 21:32:00,7.56038,10.677467,4.9,3.29
T04,GL-4396,2026-03-14 21:33:00,7.559728,10.677382,6.8,3.71
T04,GL-4396,2026-03-14 21:34:00,7.559161,10.6774,5.6,4.53
T04,GL-4396,2026-03-14 21:35:00,7.558369,10.677173,8.5,5.45
T04,GL-4396,2026-03-14 21:36:00,7.557785,10.677146,5.8,3.29
T04,GL-4396,2026-03-14 21:37:00,7.557175,10.676918,10.4,5.43
T04,GL-4396,2026-03-14 21:38:00,7.556416,10.676865,11.7,3.4
T04,GL-4396,2026-03-14 21:39:00,7.555897,10.676917,6.8,3.42
T04,GL-4396,2026-03-14 21:40:00,7.555167,10.676846,10.5,3.74
T04,GL-4396,2026-03-14 21:41:00,7.554509,10.676693,9.9,4.48
T04,GL-4396,2026-03-14 21:42:00,7.553802,10.676501,7.7,3.17
T04,GL-4396,2026-03-14 21:43:00,7.553157,10.676633,10.6,2.84
T04,GL-4396,2026-03-14 21:44:00,7.552511,10.676366,10.9,4.5
T04,GL-4396,2026-03-14 21:45:00,7.551924,10.676382,8.5,3.14
T04,GL-4396,2026-03-14 21:46:00,7.551156,10.67628,11.9,3.27
T04,GL-4396,2026-03-14 21:47:00,7.550588,10.67608,5.9,4.37
T04,GL-4396,2026-03-14 21:48:00,7.549819,10.675994,9.0,3.52
T04,GL-4396,2026-03-14 21:49:00,7.549213,10.675969,4.4,2.99
T04,GL-4396,2026-03-14 21:50:00,7.548526,10.675937,10.5,3.32
T04,GL-4396,2026-03-14 21:51:00,7.547887,10.675746,7.3,4.88
T04,GL-4396,2026-03-14 21:52:00,7.547121,10.675568,4.5,4.94
T04,GL-4396,2026-03-14 21:53:00,7.546636,10.675491,10.6,3.13
T04,GL-4396,2026-03-14 21:54:00,7.545825,10.675444,9.0,3.18
T04,GL-4396,2026-03-14 21:55:00,7.545381,10.675426,11.9,3.3
T04,GL-4396,2026-03-14 21:56:00,7.544653,10.675367,11.9,2.98
T04,GL-4396,2026-03-14 21:57:00,7.544013,10.67529,7.9,4.89
T04,GL-4396,2026-03-14 21:58:00,7.543297,10.675019,7.5,4.32
T04,GL-4396,2026-03-14 21:59:00,7.542682,10.67504,10.3,3.54
T04,GL-4396,2026-03-14 22:00:00,7.54195,10.674877,8.0,5.44
T04,GL-4396,2026-03-14 22:01:00,7.541285,10.674855,6.1,2.95
T04,GL-4396,2026-03-14 22:02:00,7.540606,10.674686,4.5,3.44
T04,GL-4396,2026-03-14 22:03:00,7.540026,10.674609,8.6,3.14
T04,GL-4396,2026-03-14 22:04:00,7.539301,10.674637,10.1,3.47
T04,GL-4396,2026-03-14 22:05:00,7.538657,10.674565,8.1,3.07
T04,GL-4396,2026-03-14 22:06:00,7.537976,10.674387,9.7,4.0
T04,GL-4396,2026-03-14 22:07:00,7.53731,10.674237,11.5,4.49
T04,GL-4396,2026-03-14 22:08:00,7.536777,10.674217,4.2,4.38
T04,GL-4396,2026-03-14 22:09:00,7.53623,10.674132,9.0,4.22
T04,GL-4396,2026-03-14 22:10:00,7.535437,10.674016,11.8,5.58
T04,GL-4396,2026-03-14 22:11:00,7.534788,10.6739,11.9,3.78
T04,GL-4396,2026-03-14 22:12:00,7.534039,10.673913,9.1,2.99
T04,GL-4396,2026-03-14 22:13:00,7.533408,10.673607,8.7,5.45
T04,GL-4396,2026-03-14 22:14:00,7.532685,10.673651,6.3,4.22
T04,GL-4396,2026-03-14 22:15:00,7.532189,10.67353,,5.41
T04,GL-4396,2026-03-14 22:16:00,7.531537,10.673442,11.4,3.32
T04,GL-4396,2026-03-14 22:17:00,7.530779,10.673409,4.0,3.78
T04,GL-4396,2026-03-14 22:18:00,7.530269,10.673283,5.6,5.31
T04,GL-4396,2026-03-14 22:19:00,7.529488,10.673156,8.5,3.74
T04,GL-4396,2026-03-14 22:20:00,7.528823,10.673115,6.8,4.67
T04,GL-4396,2026-03-14 22:21:00,7.528114,10.67299,9.9,3.71
T04,GL-4396,2026-03-14 22:22:00,7.527368,10.672838,11.8,4.22
T04,GL-4396,2026-03-14 22:23:00,7.526881,10.672703,6.9,4.75
T04,GL-4396,2026-03-14 22:24:00,7.526202,10.672694,7.9,5.2
T04,GL-4396,2026-03-14 22:25:00,7.525576,10.672567,11.4,5.03
T04,GL-4396,2026-03-14 22:26:00,7.524773,10.672543,7.7,3.13
T04,GL-4396,2026-03-14 22:27:00,7.524188,10.672354,5.2,5.26
T04,GL-4396,2026-03-14 22:28:00,7.523535,10.672366,11.8,4.01
T04,GL-4396,2026-03-14 22:29:00,7.522953,10.672253,5.2,3.33
T04,GL-4396,2026-03-14 22:30:00,7.522201,10.672069,,3.98
T04,GL-4396,2026-03-14 22:31:00,7.521507,10.672121,10.6,5.28
T04,GL-4396,2026-03-14 22:32:00,7.52089,10.672093,9.5,3.95
T04,GL-4396,2026-03-14 22:33:00,7.520267,10.671857,11.4,4.5
T04,GL-4396,2026-03-14 22:34:00,7.519516,10.671731,4.1,3.29
T04,GL-4396,2026-03-14 22:35:00,7.518968,10.671583,7.4,3.64
T04,GL-4396,2026-03-14 22:36:00,7.518236,10.671653,8.7,3.91
T04,GL-4396,2026-03-14 22:37:00,7.517594,10.671428,11.5,3.21
T04,GL-4396,2026-03-14 22:38:00,7.517013,10.671495,5.3,5.6
T04,GL-4396,2026-03-14 22:39:00,7.51628,10.671297,12.0,4.73
T04,GL-4396,2026-03-14 22:40:00,7.515633,10.671247,8.0,4.18
T04,GL-4396,2026-03-14 22:41:00,7.514971,10.671174,7.2,3.4
T04,GL-4396,2026-03-14 22:42:00,7.514252,10.671131,5.8,4.71
T04,GL-4396,2026-03-14 22:43:00,7.513709,10.670904,6.8,4.0
T04,GL-4396,2026-03-14 22:44:00,7.512916,10.670807,11.8,2.96
T04,GL-4396,2026-03-14 22:45:00,7.512293,10.670779,4.3,5.39
T04,GL-4396,2026-03-14 22:46:00,7.511659,10.67061,10.6,4.55
T04,GL-4396,2026-03-14 22:47:00,7.511123,10.670485,9.7,3.71
T04,GL-4396,2026-03-14 22:48:00,7.510307,10.670362,5.3,3.73
T04,GL-4396,2026-03-14 22:49:00,7.509767,10.67038,7.3,3.95
T04,GL-4396,2026-03-14 22:50:00,7.509,10.670079,4.3,4.4
T04,GL-4396,2026-03-14 22:51:00,7.508378,10.670149,11.3,3.64
T04,GL-4396,2026-03-14 22:52:00,7.507702,10.670098,4.8,3.26
T04,GL-4396,2026-03-14 22:53:00,7.507056,10.670045,7.0,4.02
T04,GL-4396,2026-03-14 22:54:00,7.50632,10.66989,11.7,3.41
T04,GL-4396,2026-03-14 22:55:00,7.505783,10.669765,10.9,3.76
T04,GL-4396,2026-03-14 22:56:00,7.505197,10.669671,4.8,4.72
T04,GL-4396,2026-03-14 22:57:00,7.504452,10.669604,12.0,3.11
T04,GL-4396,2026-03-14 22:58:00,7.503787,10.669532,6.5,2.86
T04,GL-4396,2026-03-14 22:59:00,7.503168,10.669542,7.3,5.25
T04,GL-4396,2026-03-14 23:00:00,7.502459,10.669285,,4.17
T04,GL-4396,2026-03-14 23:01:00,7.501856,10.669162,7.3,5.22
T04,GL-4396,2026-03-14 23:02:00,7.50113,10.669027,8.9,5.19
T04,GL-4396,2026-03-14 23:03:00,7.50059,10.669191,4.4,4.16
T04,GL-4396,2026-03-14 23:04:00,7.49984,10.669019,5.3,5.26
T04,GL-4396,2026-03-14 23:05:00,7.499054,10.668918,6.3,5.48
T04,GL-4396,2026-03-14 23:06:00,7.498595,10.668826,6.5,4.44
T04,GL-4396,2026-03-14 23:07:00,7.497796,10.668643,8.8,3.72
T04,GL-4396,2026-03-14 23:08:00,7.497272,10.668526,5.2,3.79
T04,GL-4396,2026-03-14 23:09:00,7.496571,10.668415,11.8,5.48
T04,GL-4396,2026-03-14 23:10:00,7.495796,10.668422,6.9,4.64
T04,GL-4396,2026-03-14 23:11:00,7.495259,10.668362,11.3,2.83
T04,GL-4396,2026-03-14 23:12:00,7.494589,10.668164,10.9,5.02
T04,GL-4396,2026-03-14 23:13:00,7.493782,10.6681,10.3,4.36
T04,GL-4396,2026-03-14 23:14:00,7.493184,10.66796,9.6,4.21
T04,GL-4396,2026-03-14 23:15:00,7.492533,10.667917,4.5,4.62
T04,GL-4396,2026-03-14 23:16:00,7.491852,10.667706,4.8,3.84
T04,GL-4396,2026-03-14 23:17:00,7.49129,10.667732,5.6,5.18
T04,GL-4396,2026-03-14 23:18:00,7.490596,10.667673,7.5,5.45
T04,GL-4396,2026-03-14 23:19:00,7.489943,10.667666,7.9,4.56
T04,GL-4396,2026-03-14 23:20:00,7.489324,10.667375,4.9,4.06
T04,GL-4396,2026-03-14 23:21:00,7.488673,10.667176,11.7,3.9
T04,GL-4396,2026-03-14 23:22:00,7.488015,10.667215,,3.93
T04,GL-4396,2026-03-14 23:23:00,7.487285,10.667217,9.3,3.36
T04,GL-4396,2026-03-14 23:24:00,7.48672,10.667008,4.4,4.18
T04,GL-4396,2026-03-14 23:25:00,7.485846,10.66705,11.0,4.5
T04,GL-4396,2026-03-14 23:26:00,7.485461,10.666887,7.6,4.46
T04,GL-4396,2026-03-14 23:27:00,7.484735,10.666839,7.0,4.57
T04,GL-4396,2026-03-14 23:28:00,7.483955,10.666603,10.1,5.36
T04,GL-4396,2026-03-14 23:29:00,7.483331,10.66652,6.7,3.21
T04,GL-4396,2026-03-14 23:30:00,7.482709,10.666601,5.3,3.47
T04,GL-4396,2026-03-14 23:31:00,7.482034,10.666475,9.7,3.94
T04,GL-4396,2026-03-14 23:32:00,7.48138,10.666378,6.6,3.16
T04,GL-4396,2026-03-14 23:33:00,7.480694,10.666375,8.7,3.94
T04,GL-4396,2026-03-14 23:34:00,7.480027,10.666126,10.7,3.09
T04,GL-4396,2026-03-14 23:35:00,7.479349,10.665999,8.6,2.98
T04,GL-4396,2026-03-14 23:36:00,7.478808,10.665973,9.8,3.75
T04,GL-4396,2026-03-14 23:37:00,7.478013,10.665951,9.3,4.96
T04,GL-4396,2026-03-14 23:38:00,7.477495,10.665797,5.0,3.06
T04,GL-4396,2026-03-14 23:39:00,7.476784,10.665719,4.5,2.87
T04,GL-4396,2026-03-14 23:40:00,7.476094,10.665686,11.4,5.57
T04,GL-4396,2026-03-14 23:41:00,7.475442,10.665545,5.2,4.21
T04,GL-4396,2026-03-14 23:42:00,7.47479,10.66548,7.5,4.22
T04,GL-4396,2026-03-14 23:43:00,7.474207,10.66536,4.9,5.34
T04,GL-4396,2026-03-14 23:44:00,7.473413,10.665185,8.4,3.19
T04,GL-4396,2026-03-14 23:45:00,7.472903,10.665119,11.3,4.37
T04,GL-4396,2026-03-14 23:46:00,7.472106,10.664882,6.2,4.88
T04,GL-4396,2026-03-14 23:47:00,7.471372,10.664942,8.3,3.25
T04,GL-4396,2026-03-14 23:48:00,7.470794,10.664917,4.5,4.82
T04,GL-4396,2026-03-14 23:49:00,7.47017,10.664822,9.5,3.33
T04,GL-4396,2026-03-14 23:50:00,7.46946,10.664737,11.2,5.25
T04,GL-4396,2026-03-14 23:51:00,7.46881,10.664525,9.3,4.85
T04,GL-4396,2026-03-14 23:52:00,7.468197,10.664557,5.3,2.96
T04,GL-4396,2026-03-14 23:53:00,7.467458,10.664331,7.6,2.83
T04,GL-4396,2026-03-14 23:54:00,7.466837,10.664309,4.0,3.2
T04,GL-4396,2026-03-14 23:55:00,7.466374,10.664181,5.0,4.82
T04,GL-4396,2026-03-14 23:56:00,7.465464,10.664157,5.5,3.25
T04,GL-4396,2026-03-14 23:57:00,7.464916,10.663978,8.1,4.01
T04,GL-4396,2026-03-14 23:58:00,7.464269,10.663962,7.0,3.51
T04,GL-4396,2026-03-14 23:59:00,7.463561,10.663974,5.2,4.81
T04,GL-4396,2026-03-15 00:00:00,7.463079,10.663776,9.8,3.94
T04,GL-4396,2026-03-15 00:01:00,7.462298,10.663605,10.1,3.89
T04,GL-4396,2026-03-15 00:02:00,7.461698,10.663516,5.9,5.12
T04,GL-4396,2026-03-15 00:03:00,7.4608,10.663505,11.7,4.15
T04,GL-4396,2026-03-15 00:04:00,7.460363,10.663335,6.4,5.46
T04,GL-4396,2026-03-15 00:05:00,7.459647,10.663395,11.6,4.62
T04,GL-4396,2026-03-15 00:06:00,7.459031,10.663242,5.1,4.52
T04,GL-4396,2026-03-15 00:07:00,7.458319,10.663135,4.7,5.43
T04,GL-4396,2026-03-15 00:08:00,7.457774,10.662896,8.4,3.93
T04,GL-4396,2026-03-15 00:09:00,7.457032,10.662932,11.8,3.91
T04,GL-4396,2026-03-15 00:10:00,7.45632,10.66295,5.8,3.48
T04,GL-4396,2026-03-15 00:11:00,7.455681,10.662726,4.2,4.86
T04,GL-4396,2026-03-15 00:12:00,7.455172,10.662653,9.6,3.97
T04,GL-4396,2026-03-15 00:13:00,7.45443,10.662516,7.6,4.66
T04,GL-4396,2026-03-15 00:14:00,7.453741,10.662354,10.9,3.26
T04,GL-4396,2026-03-15 00:15:00,7.453057,10.662354,9.8,3.89
T04,GL-4396,2026-03-15 00:16:00,7.452499,10.662205,9.5,4.51
T04,GL-4396,2026-03-15 00:17:00,7.451781,10.66209,5.1,3.63
T04,GL-4396,2026-03-15 00:18:00,7.451102,10.661967,7.2,3.58
T04,GL-4396,2026-03-15 00:19:00,7.4504,10.662011,11.2,3.23
T04,GL-4396,2026-03-15 00:20:00,7.449676,10.661899,7.9,4.18
T04,GL-4396,2026-03-15 00:21:00,7.449134,10.661822,10.7,2.89
T04,GL-4396,2026-03-15 00:22:00,7.448425,10.661694,11.9,3.67
T04,GL-4396,2026-03-15 00:23:00,7.447923,10.661642,7.5,3.21
T04,GL-4396,2026-03-15 00:24:00,7.447,10.661692,4.2,4.67
T04,GL-4396,2026-03-15 00:25:00,7.446305,10.661458,9.9,4.21
T04,GL-4396,2026-03-15 00:26:00,7.445869,10.661311,10.9,4.25
T04,GL-4396,2026-03-15 00:27:00,7.445286,10.661211,9.0,5.16
T04,GL-4396,2026-03-15 00:28:00,7.444495,10.661131,7.6,4.22
T04,GL-4396,2026-03-15 00:29:00,7.44397,10.661053,10.0,3.29
T04,GL-4396,2026-03-15 00:30:00,7.44321,10.660921,11.9,5.23
T04,GL-4396,2026-03-15 00:31:00,7.442541,10.660882,11.2,2.95
T04,GL-4396,2026-03-15 00:32:00,7.441872,10.660559,8.1,3.57
T04,GL-4396,2026-03-15 00:33:00,7.44123,10.660664,7.1,4.75
T04,GL-4396,2026-03-15 00:34:00,7.440631,10.660471,7.5,4.1
T04,GL-4396,2026-03-15 00:35:00,7.439823,10.660438,6.8,4.05
T04,GL-4396,2026-03-15 00:36:00,7.43923,10.660428,9.9,5.2
T04,GL-4396,2026-03-15 00:37:00,7.438645,10.660385,6.4,4.67
T04,GL-4396,2026-03-15 00:38:00,7.437849,10.660208,,3.94
T04,GL-4396,2026-03-15 00:39:00,7.437276,10.660044,8.0,3.78
T04,GL-4396,2026-03-15 00:40:00,7.436572,10.660104,6.6,5.27
T04,GL-4396,2026-03-15 00:41:00,7.435863,10.659954,10.1,3.5
T04,GL-4396,2026-03-15 00:42:00,7.435219,10.659783,5.1,4.73
T04,GL-4396,2026-03-15 00:43:00,7.434579,10.659714,4.2,5.33
T04,GL-4396,2026-03-15 00:44:00,7.434006,10.659682,6.6,3.9
T04,GL-4396,2026-03-15 00:45:00,7.433352,10.659492,7.8,4.17
T04,GL-4396,2026-03-15 00:46:00,7.432731,10.659516,8.5,5.06
T04,GL-4396,2026-03-15 00:47:00,7.432026,10.659398,5.8,2.85
T04,GL-4396,2026-03-15 00:48:00,7.431168,10.65918,9.0,4.53
T04,GL-4396,2026-03-15 00:49:00,7.430669,10.659205,6.0,4.16
T04,GL-4396,2026-03-15 00:50:00,7.430047,10.658959,5.3,3.79
T04,GL-4396,2026-03-15 00:51:00,7.42937,10.658961,8.8,4.74
T04,GL-4396,2026-03-15 00:52:00,7.428707,10.658838,11.0,4.77
T04,GL-4396,2026-03-15 00:53:00,7.428071,10.658887,9.0,3.31
T04,GL-4396,2026-03-15 00:54:00,7.427354,10.658594,10.6,3.91
T04,GL-4396,2026-03-15 00:55:00,7.426653,10.658589,5.5,4.9
T04,GL-4396,2026-03-15 00:56:00,7.426086,10.658636,7.7,5.49
T04,GL-4396,2026-03-15 00:57:00,7.425438,10.658437,9.9,4.28
T04,GL-4396,2026-03-15 00:58:00,7.4247,10.658354,8.0,4.34
T04,GL-4396,2026-03-15 00:59:00,7.424039,10.658394,11.6,3.0
T04,GL-4396,2026-03-15 01:00:00,7.423404,10.658113,5.0,4.1
T04,GL-4396,2026-03-15 01:01:00,7.422825,10.65813,10.6,5.41
T04,GL-4396,2026-03-15 01:02:00,7.422153,10.657969,11.5,3.55
T04,GL-4396,2026-03-15 01:03:00,7.421431,10.657925,5.9,2.95
T04,GL-4396,2026-03-15 01:04:00,7.420823,10.657846,11.6,3.93
T04,GL-4396,2026-03-15 01:05:00,7.420188,10.657815,6.3,3.48
T04,GL-4396,2026-03-15 01:06:00,7.419455,10.65765,8.5,4.07
T04,GL-4396,2026-03-15 01:07:00,7.418808,10.657483,11.1,4.19
T04,GL-4396,2026-03-15 01:08:00,7.418196,10.657399,5.8,5.38
T04,GL-4396,2026-03-15 01:09:00,7.417652,10.657297,10.5,3.88
T04,GL-4396,2026-03-15 01:10:00,7.416901,10.657269,9.6,3.17
T04,GL-4396,2026-03-15 01:11:00,7.416179,10.657103,6.2,3.08
T04,GL-4396,2026-03-15 01:12:00,7.415541,10.657065,,4.12
T04,GL-4396,2026-03-15 01:13:00,7.41486,10.657015,9.7,3.89
T04,GL-4396,2026-03-15 01:14:00,7.414076,10.656818,7.6,4.42
T04,GL-4396,2026-03-15 01:15:00,7.413662,10.656703,9.8,4.3
T04,GL-4396,2026-03-15 01:16:00,7.412738,10.656575,10.8,4.69
T04,GL-4396,2026-03-15 01:17:00,7.412274,10.656557,5.7,3.32
T04,GL-4396,2026-03-15 01:18:00,7.411579,10.656551,4.3,2.83
T04,GL-4396,2026-03-15 01:19:00,7.410851,10.656353,5.0,3.17
T04,GL-4396,2026-03-15 01:20:00,7.410299,10.656212,7.9,2.87
T04,GL-4396,2026-03-15 01:21:00,7.409699,10.656137,6.7,3.08
T04,GL-4396,2026-03-15 01:22:00,7.408896,10.656061,5.3,2.82
T04,GL-4396,2026-03-15 01:23:00,7.408258,10.656159,9.4,4.4
T04,GL-4396,2026-03-15 01:24:00,7.407641,10.655933,11.4,4.43
T04,GL-4396,2026-03-15 01:25:00,7.406897,10.655942,10.8,4.47
T04,GL-4396,2026-03-15 01:26:00,7.406292,10.655715,8.7,4.23
T04,GL-4396,2026-03-15 01:27:00,7.405466,10.655672,8.6,3.55
T04,GL-4396,2026-03-15 01:28:00,7.405051,10.6555,11.7,4.12
T04,GL-4396,2026-03-15 01:29:00,7.404291,10.655507,9.3,3.1
T04,GL-4396,2026-03-15 01:30:00,7.403663,10.65543,11.4,4.72
T04,GL-4396,2026-03-15 01:31:00,7.403025,10.655253,4.3,3.51
T04,GL-4396,2026-03-15 01:32:00,7.40232,10.655175,6.3,3.11
T04,GL-4396,2026-03-15 01:33:00,7.401584,10.655175,10.8,3.75
T04,GL-4396,2026-03-15 01:34:00,7.401043,10.654952,5.3,4.89
T04,GL-4396,2026-03-15 01:35:00,7.400408,10.65502,7.5,5.08
T04,GL-4396,2026-03-15 01:36:00,7.399784,10.65481,,4.06
T04,GL-4396,2026-03-15 01:37:00,7.399072,10.654713,11.2,5.31
T04,GL-4396,2026-03-15 01:38:00,7.398456,10.654625,8.0,5.13
T04,GL-4396,2026-03-15 01:39:00,7.397702,10.654487,5.3,4.83
T04,GL-4396,2026-03-15 01:40:00,7.397043,10.654443,9.2,4.28
T04,GL-4396,2026-03-15 01:41:00,7.396384,10.654274,6.1,3.93
T04,GL-4396,2026-03-15 01:42:00,7.395675,10.654201,10.1,4.59
T04,GL-4396,2026-03-15 01:43:00,7.395062,10.654137,4.9,3.88
T04,GL-4396,2026-03-15 01:44:00,7.394471,10.654059,4.7,4.52
T04,GL-4396,2026-03-15 01:45:00,7.393785,10.654045,9.3,5.25
T04,GL-4396,2026-03-15 01:46:00,7.393118,10.654004,8.0,3.78
T04,GL-4396,2026-03-15 01:47:00,7.392502,10.653784,9.5,4.33
T04,GL-4396,2026-03-15 01:48:00,7.39188,10.653628,7.3,5.05
T04,GL-4396,2026-03-15 01:49:00,7.391073,10.653548,11.8,3.54
T04,GL-4396,2026-03-15 01:50:00,7.39057,10.653428,10.1,3.9
T04,GL-4396,2026-03-15 01:51:00,7.389917,10.653412,9.6,3.79
T04,GL-4396,2026-03-15 01:52:00,7.389034,10.653268,11.8,5.3
T04,GL-4396,2026-03-15 01:53:00,7.388521,10.653223,9.9,4.78
T04,GL-4396,2026-03-15 01:54:00,7.387914,10.653153,11.3,5.16
T04,GL-4396,2026-03-15 01:55:00,7.387188,10.652874,5.1,4.41
T04,GL-4396,2026-03-15 01:56:00,7.386536,10.653014,4.5,4.03
T04,GL-4396,2026-03-15 01:57:00,7.385879,10.652754,9.0,4.28
T04,GL-4396,2026-03-15 01:58:00,7.385151,10.65275,9.4,4.51
T04,GL-4396,2026-03-15 01:59:00,7.384663,10.652671,6.6,5.43
T04,GL-4396,2026-03-15 02:00:00,7.383861,10.652624,6.1,3.75
T04,GL-4396,2026-03-15 02:01:00,7.383273,10.652368,7.9,5.45
T04,GL-4396,2026-03-15 02:02:00,7.382537,10.652435,7.7,4.17
T04,GL-4396,2026-03-15 02:03:00,7.381929,10.652362,9.4,3.17
T04,GL-4396,2026-03-15 02:04:00,7.381292,10.65218,,3.92
T04,GL-4396,2026-03-15 02:05:00,7.380653,10.652107,4.6,4.82
T04,GL-4396,2026-03-15 02:06:00,7.379945,10.652036,11.8,4.06
T04,GL-4396,2026-03-15 02:07:00,7.379284,10.651932,10.9,3.95
T04,GL-4396,2026-03-15 02:08:00,7.378652,10.651904,10.5,4.89
T04,GL-4396,2026-03-15 02:09:00,7.378051,10.651746,7.6,4.77
T04,GL-4396,2026-03-15 02:10:00,7.377241,10.65162,10.4,5.23
T04,GL-4396,2026-03-15 02:11:00,7.376655,10.651444,10.8,5.33
T04,GL-4396,2026-03-15 02:12:00,7.375931,10.651477,7.5,3.09
T04,GL-4396,2026-03-15 02:13:00,7.375326,10.651376,4.5,3.92
T04,GL-4396,2026-03-15 02:14:00,7.374613,10.651327,4.9,4.14
T04,GL-4396,2026-03-15 02:15:00,7.373952,10.651232,10.5,5.2
T04,GL-4396,2026-03-15 02:16:00,7.373384,10.65101,9.1,3.46
T04,GL-4396,2026-03-15 02:17:00,7.372766,10.650881,5.7,3.89
T04,GL-4396,2026-03-15 02:18:00,7.371995,10.650862,6.1,3.15
T04,GL-4396,2026-03-15 02:19:00,7.371379,10.65078,4.1,3.2
T04,GL-4396,2026-03-15 02:20:00,7.370701,10.650808,9.0,5.04
T04,GL-4396,2026-03-15 02:21:00,7.370187,10.650663,6.3,5.48
T04,GL-4396,2026-03-15 02:22:00,7.369408,10.650366,10.6,3.51
T04,GL-4396,2026-03-15 02:23:00,7.368784,10.650414,8.3,5.42
T04,GL-4396,2026-03-15 02:24:00,7.368088,10.650408,4.3,3.79
T04,GL-4396,2026-03-15 02:25:00,7.367326,10.650349,8.4,5.37
T04,GL-4396,2026-03-15 02:26:00,7.366692,10.650109,8.0,4.21
T04,GL-4396,2026-03-15 02:27:00,7.36612,10.650093,10.2,3.79
T04,GL-4396,2026-03-15 02:28:00,7.365434,10.650013,5.9,3.45
T04,GL-4396,2026-03-15 02:29:00,7.364893,10.649774,11.1,4.41
T04,GL-4396,2026-03-15 02:30:00,7.364158,10.649736,6.0,4.75
T04,GL-4396,2026-03-15 02:31:00,7.363574,10.649592,9.8,5.32
T04,GL-4396,2026-03-15 02:32:00,7.362866,10.649566,11.3,4.55
T04,GL-4396,2026-03-15 02:33:00,7.362111,10.649529,10.7,3.72
T04,GL-4396,2026-03-15 02:34:00,7.361425,10.64942,,5.28
T04,GL-4396,2026-03-15 02:35:00,7.360875,10.649281,11.4,3.81
T04,GL-4396,2026-03-15 02:36:00,7.360174,10.649243,4.7,3.54
T04,GL-4396,2026-03-15 02:37:00,7.359556,10.64915,5.8,3.07
T04,GL-4396,2026-03-15 02:38:00,7.358953,10.64901,5.4,3.74
T04,GL-4396,2026-03-15 02:39:00,7.358359,10.648837,6.0,4.86
T04,GL-4396,2026-03-15 02:40:00,7.357435,10.648844,11.4,5.25
T04,GL-4396,2026-03-15 02:41:00,7.356875,10.648765,7.9,3.73
T04,GL-4396,2026-03-15 02:42:00,7.356252,10.648642,8.1,3.97
T04,GL-4396,2026-03-15 02:43:00,7.355626,10.648634,9.4,3.36
T04,GL-4396,2026-03-15 02:44:00,7.354851,10.648561,11.3,4.89
T04,GL-4396,2026-03-15 02:45:00,7.354394,10.648219,4.5,3.85
T04,GL-4396,2026-03-15 02:46:00,7.353606,10.648368,11.7,3.47
T04,GL-4396,2026-03-15 02:47:00,7.352928,10.648143,5.7,4.8
T04,GL-4396,2026-03-15 02:48:00,7.352303,10.648124,10.6,3.04
T04,GL-4396,2026-03-15 02:49:00,7.351639,10.647958,9.0,3.29
T04,GL-4396,2026-03-15 02:50:00,7.350912,10.647928,5.2,4.08
T04,GL-4396,2026-03-15 02:51:00,7.350323,10.647787,6.7,4.98
T04,GL-4396,2026-03-15 02:52:00,7.349574,10.647719,11.4,3.1
T04,GL-4396,2026-03-15 02:53:00,7.349062,10.6477,4.5,3.71
T04,GL-4396,2026-03-15 02:54:00,7.348303,10.647514,9.0,5.27
T04,GL-4396,2026-03-15 02:55:00,7.347636,10.647469,5.2,3.23
T04,GL-4396,2026-03-15 02:56:00,7.347036,10.647222,11.2,3.69
T04,GL-4396,2026-03-15 02:57:00,7.346425,10.647225,6.1,3.7
T04,GL-4396,2026-03-15 02:58:00,7.345735,10.647198,6.6,3.82
T04,GL-4396,2026-03-15 02:59:00,7.344936,10.647218,5.7,5.22
T04,GL-4396,2026-03-15 03:00:00,7.344391,10.64698,7.5,3.84
T04,GL-4396,2026-03-15 03:01:00,7.343791,10.646769,8.4,3.03
T04,GL-4396,2026-03-15 03:02:00,7.342998,10.646817,4.0,4.88
T04,GL-4396,2026-03-15 03:03:00,7.342383,10.646597,11.2,3.04
T04,GL-4396,2026-03-15 03:04:00,7.341742,10.646698,5.0,4.72
T04,GL-4396,2026-03-15 03:05:00,7.341119,10.646509,10.3,4.21
T04,GL-4396,2026-03-15 03:06:00,7.340517,10.646401,5.6,4.6
T04,GL-4396,2026-03-15 03:07:00,7.339871,10.646343,9.3,4.49
T04,GL-4396,2026-03-15 03:08:00,7.339129,10.6462,10.5,2.93
T04,GL-4396,2026-03-15 03:09:00,7.338427,10.646188,10.9,3.14
T04,GL-4396,2026-03-15 03:10:00,7.337762,10.646068,11.4,5.2
T04,GL-4396,2026-03-15 03:11:00,7.337213,10.646028,4.7,2.8
T04,GL-4396,2026-03-15 03:12:00,7.336677,10.645939,11.0,5.44
T04,GL-4396,2026-03-15 03:13:00,7.335842,10.645657,9.8,5.47
T04,GL-4396,2026-03-15 03:14:00,7.335132,10.64568,10.6,3.39
T04,GL-4396,2026-03-15 03:15:00,7.334469,10.645621,6.1,5.31
T04,GL-4396,2026-03-15 03:16:00,7.333796,10.645478,7.4,5.08
T04,GL-4396,2026-03-15 03:17:00,7.33312,10.645438,10.4,3.07
T04,GL-4396,2026-03-15 03:18:00,7.33244,10.645379,8.1,5.01
T04,GL-4396,2026-03-15 03:19:00,7.331876,10.645166,4.1,3.66
T04,GL-4396,2026-03-15 03:20:00,7.331235,10.645115,9.5,3.26
T04,GL-4396,2026-03-15 03:21:00,7.330682,10.644933,5.0,2.99
T04,GL-4396,2026-03-15 03:22:00,7.329848,10.644882,9.1,4.51
T04,GL-4396,2026-03-15 03:23:00,7.32924,10.644895,10.5,2.83
T04,GL-4396,2026-03-15 03:24:00,7.328635,10.644722,9.5,5.57
T04,GL-4396,2026-03-15 03:25:00,7.327855,10.644634,7.5,5.47
T04,GL-4396,2026-03-15 03:26:00,7.32737,10.64465,11.4,4.81
T04,GL-4396,2026-03-15 03:27:00,7.326654,10.644415,4.5,5.38
T04,GL-4396,2026-03-15 03:28:00,7.325944,10.644329,10.8,4.27
T04,GL-4396,2026-03-15 03:29:00,7.325317,10.644241,11.4,5.1
T04,GL-4396,2026-03-15 03:30:00,7.324599,10.644139,4.8,3.96
T04,GL-4396,2026-03-15 03:31:00,7.323954,10.643983,10.4,5.19
T04,GL-4396,2026-03-15 03:32:00,7.323337,10.643933,9.3,4.75
T04,GL-4396,2026-03-15 03:33:00,7.322609,10.644012,11.0,3.62
T04,GL-4396,2026-03-15 03:34:00,7.322036,10.643802,8.0,3.31
T04,GL-4396,2026-03-15 03:35:00,7.321368,10.643627,,4.21
T04,GL-4396,2026-03-15 03:36:00,7.320638,10.643676,6.2,4.68
T04,GL-4396,2026-03-15 03:37:00,7.320104,10.643446,4.7,5.4
T04,GL-4396,2026-03-15 03:38:00,7.319397,10.643477,9.4,4.84
T04,GL-4396,2026-03-15 03:39:00,7.318655,10.643315,4.7,5.36
T04,GL-4396,2026-03-15 03:40:00,7.317983,10.64326,6.6,5.17
T04,GL-4396,2026-03-15 03:41:00,7.317372,10.643178,10.2,4.52
T04,GL-4396,2026-03-15 03:42:00,7.316705,10.643063,11.3,3.88
T04,GL-4396,2026-03-15 03:43:00,7.316135,10.643001,5.0,4.44
T04,GL-4396,2026-03-15 03:44:00,7.315427,10.642948,9.6,5.07
T04,GL-4396,2026-03-15 03:45:00,7.314784,10.642808,8.4,5.09
T04,GL-4396,2026-03-15 03:46:00,7.314226,10.64275,10.6,4.52
T04,GL-4396,2026-03-15 03:47:00,7.313352,10.642533,,4.02
T04,GL-4396,2026-03-15 03:48:00,7.312708,10.642469,9.9,3.36
T04,GL-4396,2026-03-15 03:49:00,7.312091,10.642466,11.2,3.21
T04,GL-4396,2026-03-15 03:50:00,7.311429,10.642279,5.5,5.07
T04,GL-4396,2026-03-15 03:51:00,7.310853,10.642277,4.8,4.39
T04,GL-4396,2026-03-15 03:52:00,7.310168,10.642054,6.1,2.99
T04,GL-4396,2026-03-15 03:53:00,7.309569,10.642042,8.3,2.84
T04,GL-4396,2026-03-15 03:54:00,7.308787,10.642003,11.0,5.35
T04,GL-4396,2026-03-15 03:55:00,7.308167,10.641859,4.2,4.8
T04,GL-4396,2026-03-15 03:56:00,7.307462,10.641813,4.3,5.51
T04,GL-4396,2026-03-15 03:57:00,7.306885,10.641733,4.5,5.12
T04,GL-4396,2026-03-15 03:58:00,7.306214,10.641482,6.7,4.59
T04,GL-4396,2026-03-15 03:59:00,7.305526,10.641433,9.0,5.49
T04,GL-4396,2026-03-15 04:00:00,7.304927,10.641424,4.5,4.36
T04,GL-4396,2026-03-15 04:01:00,7.304263,10.641299,4.9,4.15
T04,GL-4396,2026-03-15 04:02:00,7.303534,10.641234,9.5,3.57
T04,GL-4396,2026-03-15 04:03:00,7.302879,10.641166,9.0,3.28
T04,GL-4396,2026-03-15 04:04:00,7.30224,10.641028,7.3,4.1
T04,GL-4396,2026-03-15 04:05:00,7.301542,10.640941,7.1,2.91
T04,GL-4396,2026-03-15 04:06:00,7.300926,10.640828,4.6,3.26
T04,GL-4396,2026-03-15 04:07:00,7.300299,10.640845,5.9,5.25
T04,GL-4396,2026-03-15 04:08:00,7.299564,10.640637,11.7,3.51
T04,GL-4396,2026-03-15 04:09:00,7.298925,10.640541,6.0,4.95
T04,GL-4396,2026-03-15 04:10:00,7.298302,10.64044,10.5,4.46
T04,GL-4396,2026-03-15 04:11:00,7.297601,10.640369,9.3,3.4
T04,GL-4396,2026-03-15 04:12:00,7.297056,10.640335,4.0,4.13
T04,GL-4396,2026-03-15 04:13:00,7.296262,10.64019,11.9,2.92
T04,GL-4396,2026-03-15 04:14:00,7.295582,10.640118,9.4,5.57
T04,GL-4396,2026-03-15 04:15:00,7.294984,10.639988,6.0,3.37
T04,GL-4396,2026-03-15 04:16:00,7.294398,10.639959,4.3,5.22
T04,GL-4396,2026-03-15 04:17:00,7.293657,10.639801,4.7,3.46
T04,GL-4396,2026-03-15 04:18:00,7.293061,10.639623,8.1,5.52
T04,GL-4396,2026-03-15 04:19:00,7.292278,10.639601,4.8,5.53
T04,GL-4396,2026-03-15 04:20:00,7.291622,10.639436,4.4,4.86
T04,GL-4396,2026-03-15 04:21:00,7.290992,10.639367,6.4,4.75
T04,GL-4396,2026-03-15 04:22:00,7.290327,10.639422,8.3,5.07
T04,GL-4396,2026-03-15 04:23:00,7.289746,10.63918,7.5,5.17
T04,GL-4396,2026-03-15 04:24:00,7.289069,10.639215,4.8,5.29
T04,GL-4396,2026-03-15 04:25:00,7.288276,10.638934,8.7,3.53
T04,GL-4396,2026-03-15 04:26:00,7.287665,10.638975,10.5,3.55
T04,GL-4396,2026-03-15 04:27:00,7.287119,10.638975,10.5,4.77
T04,GL-4396,2026-03-15 04:28:00,7.286462,10.638866,8.7,3.82
T04,GL-4396,2026-03-15 04:29:00,7.285766,10.638813,8.2,5.31
T04,GL-4396,2026-03-15 04:30:00,7.285099,10.63856,11.0,3.82
T04,GL-4396,2026-03-15 04:31:00,7.28442,10.638547,4.0,3.7
T04,GL-4396,2026-03-15 04:32:00,7.28387,10.638429,4.3,3.64
T04,GL-4396,2026-03-15 04:33:00,7.283133,10.638373,10.2,5.47
T04,GL-4396,2026-03-15 04:34:00,7.282527,10.638277,6.9,3.09
T04,GL-4396,2026-03-15 04:35:00,7.281812,10.638084,8.1,3.16
T04,GL-4396,2026-03-15 04:36:00,7.281104,10.638032,9.6,3.77
T04,GL-4396,2026-03-15 04:37:00,7.280418,10.637974,4.9,3.58
T04,GL-4396,2026-03-15 04:38:00,7.279914,10.637982,8.9,3.9
T04,GL-4396,2026-03-15 04:39:00,7.279267,10.637756,4.5,4.66
T04,GL-4396,2026-03-15 04:40:00,7.278442,10.637616,11.5,3.72
T04,GL-4396,2026-03-15 04:41:00,7.278006,10.637566,8.2,4.58
T04,GL-4396,2026-03-15 04:42:00,7.277196,10.637524,6.3,3.86
T04,GL-4396,2026-03-15 04:43:00,7.276607,10.637365,6.2,3.27
T04,GL-4396,2026-03-15 04:44:00,7.275726,10.637399,10.1,4.04
T04,GL-4396,2026-03-15 04:45:00,7.275078,10.637233,5.4,5.54
T04,GL-4396,2026-03-15 04:46:00,7.274553,10.637057,7.3,4.94
T04,GL-4396,2026-03-15 04:47:00,7.273795,10.636998,9.8,4.41
T04,GL-4396,2026-03-15 04:48:00,7.273162,10.636879,6.3,3.44
T04,GL-4396,2026-03-15 04:49:00,7.2726,10.636793,11.6,5.51
T04,GL-4396,2026-03-15 04:50:00,7.272001,10.636787,8.6,3.31
T04,GL-4396,2026-03-15 04:51:00,7.271348,10.636635,4.6,5.07
T04,GL-4396,2026-03-15 04:52:00,7.27059,10.636544,10.5,4.25
T04,GL-4396,2026-03-15 04:53:00,7.270036,10.636351,4.9,4.95
T04,GL-4396,2026-03-15 04:54:00,7.269284,10.636357,4.2,5.47
T04,GL-4396,2026-03-15 04:55:00,7.268624,10.636308,7.2,5.56
T04,GL-4396,2026-03-15 04:56:00,7.267925,10.636162,11.3,2.92
T04,GL-4396,2026-03-15 04:57:00,7.267372,10.636008,10.8,5.0
T04,GL-4396,2026-03-15 04:58:00,7.266626,10.636015,9.0,3.81
T04,GL-4396,2026-03-15 04:59:00,7.266083,10.635815,9.8,4.59
T04,GL-4396,2026-03-15 05:00:00,7.265294,10.635806,10.0,3.5
T04,GL-4396,2026-03-15 05:01:00,7.264679,10.635658,7.7,3.13
T04,GL-4396,2026-03-15 05:02:00,7.264115,10.635538,4.1,3.62
T04,GL-4396,2026-03-15 05:03:00,7.263475,10.635497,6.1,3.19
T04,GL-4396,2026-03-15 05:04:00,7.262678,10.635479,10.0,5.48
T04,GL-4396,2026-03-15 05:05:00,7.262103,10.635408,10.2,3.2
T04,GL-4396,2026-03-15 05:06:00,7.26151,10.635307,10.4,3.58
T04,GL-4396,2026-03-15 05:07:00,7.260747,10.635128,9.0,3.28
T04,GL-4396,2026-03-15 05:08:00,7.260039,10.635039,4.8,4.82
T04,GL-4396,2026-03-15 05:09:00,7.259356,10.635029,11.3,3.47
T04,GL-4396,2026-03-15 05:10:00,7.258764,10.634943,8.9,5.15
T04,GL-4396,2026-03-15 05:11:00,7.257994,10.634809,11.4,3.77
T04,GL-4396,2026-03-15 05:12:00,7.257337,10.634612,5.1,5.31
T04,GL-4396,2026-03-15 05:13:00,7.25677,10.634595,10.1,3.71
T04,GL-4396,2026-03-15 05:14:00,7.25609,10.634517,8.8,5.07
T04,GL-4396,2026-03-15 05:15:00,7.255412,10.634418,11.3,5.23
T04,GL-4396,2026-03-15 05:16:00,7.254761,10.634264,10.5,5.21
T04,GL-4396,2026-03-15 05:17:00,7.254121,10.634259,9.6,3.18
T04,GL-4396,2026-03-15 05:18:00,7.253483,10.634199,7.3,3.77
T04,GL-4396,2026-03-15 05:19:00,7.252788,10.63408,5.2,4.08
T04,GL-4396,2026-03-15 05:20:00,7.25218,10.633824,5.0,5.36
T04,GL-4396,2026-03-15 05:21:00,7.251583,10.63387,11.5,4.66
T04,GL-4396,2026-03-15 05:22:00,7.250749,10.633695,10.9,4.08
T04,GL-4396,2026-03-15 05:23:00,7.250153,10.63359,5.7,3.8
T04,GL-4396,2026-03-15 05:24:00,7.249479,10.633601,8.2,3.71
T04,GL-4396,2026-03-15 05:25:00,7.248946,10.633538,5.8,3.69
T04,GL-4396,2026-03-15 05:26:00,7.248224,10.633374,10.6,5.17
T04,GL-4396,2026-03-15 05:27:00,7.247546,10.633246,6.5,4.08
T04,GL-4396,2026-03-15 05:28:00,7.246882,10.633088,6.9,2.81
T04,GL-4396,2026-03-15 05:29:00,7.246222,10.633053,6.9,3.13
T04,GL-4396,2026-03-15 05:30:00,7.245595,10.633026,10.3,4.28
T04,GL-4396,2026-03-15 05:31:00,7.244919,10.632889,5.5,5.13
T04,GL-4396,2026-03-15 05:32:00,7.244356,10.63281,11.7,5.31
T04,GL-4396,2026-03-15 05:33:00,7.24356,10.632803,10.8,3.07
T04,GL-4396,2026-03-15 05:34:00,7.242963,10.632607,11.4,4.81
T04,GL-4396,2026-03-15 05:35:00,7.24232,10.632444,7.7,4.35
T04,GL-4396,2026-03-15 05:36:00,7.241568,10.632456,4.8,4.56
T04,GL-4396,2026-03-15 05:37:00,7.240987,10.632335,9.7,4.16
T04,GL-4396,2026-03-15 05:38:00,7.24033,10.632285,6.5,3.26
T04,GL-4396,2026-03-15 05:39:00,7.239622,10.63211,8.4,3.33
T04,GL-4396,2026-03-15 05:40:00,7.23891,10.632086,5.4,4.23
T04,GL-4396,2026-03-15 05:41:00,7.238435,10.631971,4.5,3.03
T04,GL-4396,2026-03-15 05:42:00,7.237711,10.631922,6.4,3.71
T04,GL-4396,2026-03-15 05:43:00,7.237036,10.631795,5.6,3.82
T04,GL-4396,2026-03-15 05:44:00,7.236353,10.631587,8.2,5.58
T04,GL-4396,2026-03-15 05:45:00,7.235735,10.631813,10.4,5.45
T04,GL-4396,2026-03-15 05:46:00,7.235111,10.631559,6.0,3.54
T04,GL-4396,2026-03-15 05:47:00,7.234411,10.63143,4.8,4.33
T04,GL-4396,2026-03-15 05:48:00,7.233871,10.631274,11.0,4.66
T04,GL-4396,2026-03-15 05:49:00,7.233076,10.631314,8.3,4.93
T04,GL-4396,2026-03-15 05:50:00,7.232487,10.631071,10.4,5.3
T04,GL-4396,2026-03-15 05:51:00,7.231794,10.631036,10.6,3.2
T04,GL-4396,2026-03-15 05:52:00,7.231689,10.630986,5.3,0.12
T04,GL-4396,2026-03-15 05:53:00,7.231756,10.630926,9.7,0.2
T04,GL-4396,2026-03-15 05:54:00,7.23168,10.630983,10.8,0.38
T04,GL-4396,2026-03-15 05:55:00,7.23175,10.631068,8.0,0.72
T04,GL-4396,2026-03-15 05:56:00,7.231908,10.630875,9.9,0.46
T04,GL-4396,2026-03-15 05:57:00,7.231889,10.63092,4.6,0.54
T04,GL-4396,2026-03-15 05:58:00,7.23169,10.630979,6.4,0.82
T04,GL-4396,2026-03-15 05:59:00,7.23191,10.631181,9.1,0.55
T04,GL-4396,2026-03-15 06:00:00,7.23196,10.631104,11.9,0.52
T04,GL-4396,2026-03-15 06:01:00,7.231686,10.630939,4.7,0.26
T04,GL-4396,2026-03-15 06:02:00,7.231568,10.6311,9.9,0.71
T04,GL-4396,2026-03-15 06:03:00,7.231793,10.631132,8.8,0.7
T04,GL-4396,2026-03-15 06:04:00,7.231686,10.631123,6.7,0.84
T04,GL-4396,2026-03-15 06:05:00,7.231728,10.630983,8.8,0.79
T04,GL-4396,2026-03-15 06:06:00,7.231662,10.631125,9.0,0.76
T04,GL-4396,2026-03-15 06:07:00,7.231732,10.630951,10.9,0.88
T04,GL-4396,2026-03-15 06:08:00,7.231711,10.631041,5.4,0.57
T04,GL-4396,2026-03-15 06:09:00,7.231698,10.631101,5.7,0.85
T04,GL-4396,2026-03-15 06:10:00,7.23183,10.631035,5.0,0.28
T04,GL-4396,2026-03-15 06:11:00,7.231766,10.631158,11.6,0.42
T04,GL-4396,2026-03-15 06:12:00,7.231746,10.631097,8.3,0.0
T04,GL-4396,2026-03-15 06:13:00,7.231787,10.631168,5.7,0.81
T04,GL-4396,2026-03-15 06:14:00,7.231713,10.631134,11.4,0.77
T04,GL-4396,2026-03-15 06:15:00,7.231702,10.631079,11.5,0.77
T04,GL-4396,2026-03-15 06:16:00,7.231765,10.630995,5.2,0.36
T04,GL-4396,2026-03-15 06:17:00,7.231804,10.630991,11.5,0.62
T04,GL-4396,2026-03-15 06:18:00,7.231761,10.631141,7.1,0.16
T04,GL-4396,2026-03-15 06:19:00,7.232333,10.631057,,2.95
T04,GL-4396,2026-03-15 06:20:00,7.232876,10.631007,11.7,3.39
T04,GL-4396,2026-03-15 06:21:00,7.233508,10.631179,5.5,5.35
T04,GL-4396,2026-03-15 06:22:00,7.233939,10.631222,8.2,5.3
T04,GL-4396,2026-03-15 06:23:00,7.234605,10.631327,10.3,4.01
T04,GL-4396,2026-03-15 06:24:00,7.235188,10.631191,11.7,4.83
T04,GL-4396,2026-03-15 06:25:00,7.235608,10.631344,7.1,4.77
T04,GL-4396,2026-03-15 06:26:00,7.236163,10.631392,11.7,4.22
T04,GL-4396,2026-03-15 06:27:00,7.236819,10.631414,7.7,5.57
T04,GL-4396,2026-03-15 06:28:00,7.237421,10.631503,7.4,3.19
T04,GL-4396,2026-03-15 06:29:00,7.237873,10.631459,11.7,4.46
T04,GL-4396,2026-03-15 06:30:00,7.238533,10.631498,5.1,5.48
T04,GL-4396,2026-03-15 06:31:00,7.238995,10.631622,8.6,4.13
T04,GL-4396,2026-03-15 06:32:00,7.239464,10.631624,9.6,5.13
T04,GL-4396,2026-03-15 06:33:00,7.240039,10.631596,7.0,3.14
T04,GL-4396,2026-03-15 06:34:00,7.240679,10.631667,7.6,4.1
T04,GL-4396,2026-03-15 06:35:00,7.24117,10.631874,6.6,3.21
T04,GL-4396,2026-03-15 06:36:00,7.241737,10.63182,8.0,5.36
T04,GL-4396,2026-03-15 06:37:00,7.242394,10.631861,7.3,4.73
T04,GL-4396,2026-03-15 06:38:00,7.24296,10.631823,11.2,3.21
T04,GL-4396,2026-03-15 06:39:00,7.243422,10.63192,10.4,5.36
T04,GL-4396,2026-03-15 06:40:00,7.24405,10.631877,6.1,4.81
T04,GL-4396,2026-03-15 06:41:00,7.244527,10.632127,7.1,3.51
T04,GL-4396,2026-03-15 06:42:00,7.245097,10.632043,6.6,3.64
T04,GL-4396,2026-03-15 06:43:00,7.245644,10.632055,11.4,5.34
T04,GL-4396,2026-03-15 06:44:00,7.246179,10.632141,7.1,3.6
T04,GL-4396,2026-03-15 06:45:00,7.246862,10.632199,,4.56
T04,GL-4396,2026-03-15 06:46:00,7.247393,10.632272,11.9,4.39
T04,GL-4396,2026-03-15 06:47:00,7.247916,10.632324,7.4,5.08
T04,GL-4396,2026-03-15 06:48:00,7.248422,10.632301,5.5,4.12
T04,GL-4396,2026-03-15 06:49:00,7.249023,10.632451,8.7,5.09
T04,GL-4396,2026-03-15 06:50:00,7.249688,10.632387,10.7,4.99
T04,GL-4396,2026-03-15 06:51:00,7.25012,10.632423,4.2,4.82
T04,GL-4396,2026-03-15 06:52:00,7.250772,10.632527,10.2,4.65
T04,GL-4396,2026-03-15 06:53:00,7.251101,10.632476,4.5,4.57
T04,GL-4396,2026-03-15 06:54:00,7.251842,10.63253,7.7,3.67
T04,GL-4396,2026-03-15 06:55:00,7.252366,10.632504,7.5,3.55
T04,GL-4396,2026-03-15 06:56:00,7.253016,10.632691,5.3,4.01
T04,GL-4396,2026-03-15 06:57:00,7.253388,10.632637,10.7,3.4
T04,GL-4396,2026-03-15 06:58:00,7.254094,10.6327,9.1,4.57
T04,GL-4396,2026-03-15 06:59:00,7.254605,10.632807,7.5,5.05
T04,GL-4396,2026-03-15 07:00:00,7.255236,10.632809,7.1,3.12
T04,GL-4396,2026-03-15 07:01:00,7.255707,10.632793,11.0,2.86
T04,GL-4396,2026-03-15 07:02:00,7.256387,10.6329,6.3,5.37
T04,GL-4396,2026-03-15 07:03:00,7.256762,10.633056,5.9,4.54
T04,GL-4396,2026-03-15 07:04:00,7.257395,10.633042,10.9,5.25
T04,GL-4396,2026-03-15 07:05:00,7.25792,10.63302,6.1,3.76
T04,GL-4396,2026-03-15 07:06:00,7.258528,10.633136,8.7,3.35
T04,GL-4396,2026-03-15 07:07:00,7.259003,10.63315,5.4,3.71
T04,GL-4396,2026-03-15 07:08:00,7.259575,10.633189,8.1,4.55
T04,GL-4396,2026-03-15 07:09:00,7.260124,10.633197,8.9,4.38
T04,GL-4396,2026-03-15 07:10:00,7.260733,10.633222,4.0,5.17
T04,GL-4396,2026-03-15 07:11:00,7.26134,10.633334,10.4,5.32
T04,GL-4396,2026-03-15 07:12:00,7.261838,10.633383,11.8,5.52
T04,GL-4396,2026-03-15 07:13:00,7.262501,10.633423,11.1,3.93
T04,GL-4396,2026-03-15 07:14:00,7.263006,10.6334,6.7,3.72
T04,GL-4396,2026-03-15 07:15:00,7.263576,10.633445,10.7,4.79
T04,GL-4396,2026-03-15 07:16:00,7.264024,10.633518,8.1,5.18
T04,GL-4396,2026-03-15 07:17:00,7.264695,10.633518,10.0,5.26
T04,GL-4396,2026-03-15 07:18:00,7.265152,10.633581,8.6,3.19
T04,GL-4396,2026-03-15 07:19:00,7.265688,10.633748,8.7,5.51
T04,GL-4396,2026-03-15 07:20:00,7.26634,10.633724,6.4,4.31
T04,GL-4396,2026-03-15 07:21:00,7.266995,10.63378,4.6,5.24
T04,GL-4396,2026-03-15 07:22:00,7.26751,10.633799,9.9,4.57
T04,GL-4396,2026-03-15 07:23:00,7.267929,10.633792,6.1,4.59
T04,GL-4396,2026-03-15 07:24:00,7.268577,10.633836,5.8,4.75
T04,GL-4396,2026-03-15 07:25:00,7.269072,10.633935,10.1,5.57
T04,GL-4396,2026-03-15 07:26:00,7.269533,10.633908,10.2,3.63
T04,GL-4396,2026-03-15 07:27:00,7.270197,10.633925,9.9,4.64
T04,GL-4396,2026-03-15 07:28:00,7.270734,10.633993,4.1,2.89
T04,GL-4396,2026-03-15 07:29:00,7.271333,10.634051,10.2,4.28
T04,GL-4396,2026-03-15 07:30:00,7.27195,10.634039,7.6,3.96
T04,GL-4396,2026-03-15 07:31:00,7.272424,10.634125,6.6,3.1
T04,GL-4396,2026-03-15 07:32:00,7.272927,10.634141,11.0,2.98
T04,GL-4396,2026-03-15 07:33:00,7.273511,10.634211,6.1,3.44
T04,GL-4396,2026-03-15 07:34:00,7.274014,10.63422,4.5,5.26
T04,GL-4396,2026-03-15 07:35:00,7.274662,10.634326,11.5,4.09
T04,GL-4396,2026-03-15 07:36:00,7.275173,10.634438,10.7,5.12
T04,GL-4396,2026-03-15 07:37:00,7.275809,10.634413,5.0,4.64
T04,GL-4396,2026-03-15 07:38:00,7.27635,10.63444,7.9,3.53
T04,GL-4396,2026-03-15 07:39:00,7.276914,10.634511,5.6,4.39
T04,GL-4396,2026-03-15 07:40:00,7.277409,10.634465,4.4,3.51
T04,GL-4396,2026-03-15 07:41:00,7.277943,10.634566,10.2,2.87
T04,GL-4396,2026-03-15 07:42:00,7.278548,10.634545,8.5,2.87
T04,GL-4396,2026-03-15 07:43:00,7.279021,10.634641,4.0,4.43
T04,GL-4396,2026-03-15 07:44:00,7.279745,10.634644,4.9,5.49
T04,GL-4396,2026-03-15 07:45:00,7.280204,10.634675,4.1,5.54
T04,GL-4396,2026-03-15 07:46:00,7.280851,10.634838,7.5,5.38
T04,GL-4396,2026-03-15 07:47:00,7.281251,10.634705,6.3,3.28
T04,GL-4396,2026-03-15 07:48:00,7.281855,10.634834,5.9,3.49
T04,GL-4396,2026-03-15 07:49:00,7.282562,10.634983,7.0,4.24
T04,GL-4396,2026-03-15 07:50:00,7.283099,10.63484,4.2,4.77
T04,GL-4396,2026-03-15 07:51:00,7.283606,10.634984,7.6,5.36
T04,GL-4396,2026-03-15 07:52:00,7.284218,10.635032,7.1,4.88
T04,GL-4396,2026-03-15 07:53:00,7.284735,10.635117,9.2,3.96
T04,GL-4396,2026-03-15 07:54:00,7.285349,10.635081,10.7,4.59
T04,GL-4396,2026-03-15 07:55:00,7.285792,10.6351,7.7,3.01
T04,GL-4396,2026-03-15 07:56:00,7.286467,10.635252,8.8,3.59
T04,GL-4396,2026-03-15 07:57:00,7.286902,10.635236,11.9,4.72
T04,GL-4396,2026-03-15 07:58:00,7.28753,10.635233,7.7,3.39
T04,GL-4396,2026-03-15 07:59:00,7.288024,10.635393,9.6,5.58
T04,GL-4396,2026-03-15 08:00:00,7.288584,10.63534,8.4,4.03
T04,GL-4396,2026-03-15 08:01:00,7.289138,10.635367,11.3,3.06
T04,GL-4396,2026-03-15 08:02:00,7.289742,10.635438,7.1,3.62
T04,GL-4396,2026-03-15 08:03:00,7.290287,10.635454,5.2,3.34
T04,GL-4396,2026-03-15 08:04:00,7.290798,10.635416,11.7,5.49
T04,GL-4396,2026-03-15 08:05:00,7.291408,10.635605,8.8,3.16
T04,GL-4396,2026-03-15 08:06:00,7.291936,10.635636,10.2,5.41
T04,GL-4396,2026-03-15 08:07:00,7.292416,10.635739,11.1,2.89
T04,GL-4396,2026-03-15 08:08:00,7.292974,10.635719,5.0,3.38
T04,GL-4396,2026-03-15 08:09:00,7.293679,10.635679,5.3,4.02
T04,GL-4396,2026-03-15 08:10:00,7.294189,10.635781,6.5,3.68
T04,GL-4396,2026-03-15 08:11:00,7.294754,10.635883,10.1,3.25
T04,GL-4396,2026-03-15 08:12:00,7.295252,10.635848,10.3,5.12
T04,GL-4396,2026-03-15 08:13:00,7.295869,10.635995,4.4,3.0
T04,GL-4396,2026-03-15 08:14:00,7.296442,10.635923,,4.89
T04,GL-4396,2026-03-15 08:15:00,7.296905,10.636018,7.6,3.25
T04,GL-4396,2026-03-15 08:16:00,7.297406,10.636087,5.9,3.03
T04,GL-4396,2026-03-15 08:17:00,7.29813,10.636016,8.7,4.71
T04,GL-4396,2026-03-15 08:18:00,7.298572,10.636116,7.0,2.93
T04,GL-4396,2026-03-15 08:19:00,7.299099,10.636228,9.2,4.53
T04,GL-4396,2026-03-15 08:20:00,7.299826,10.636227,9.4,4.89
T04,GL-4396,2026-03-15 08:21:00,7.300285,10.636224,11.0,4.12
T04,GL-4396,2026-03-15 08:22:00,7.300761,10.636327,6.1,4.33
T04,GL-4396,2026-03-15 08:23:00,7.301492,10.636328,9.2,3.7
T04,GL-4396,2026-03-15 08:24:00,7.301908,10.636385,10.2,5.0
T04,GL-4396,2026-03-15 08:25:00,7.302509,10.63645,5.8,5.38
T04,GL-4396,2026-03-15 08:26:00,7.303084,10.636482,9.7,3.96
T04,GL-4396,2026-03-15 08:27:00,7.30369,10.636559,5.5,4.05
T04,GL-4396,2026-03-15 08:28:00,7.304093,10.636608,4.8,5.19
T04,GL-4396,2026-03-15 08:29:00,7.3048,10.636633,10.5,3.08
T04,GL-4396,2026-03-15 08:30:00,7.305349,10.636625,7.6,4.37
T04,GL-4396,2026-03-15 08:31:00,7.305977,10.636667,8.0,4.43
T04,GL-4396,2026-03-15 08:32:00,7.306456,10.636756,9.0,5.5
T04,GL-4396,2026-03-15 08:33:00,7.306982,10.63674,4.3,3.48
T04,GL-4396,2026-03-15 08:34:00,7.307472,10.636879,10.9,3.38
T04,GL-4396,2026-03-15 08:35:00,7.308059,10.636906,11.9,5.34
T04,GL-4396,2026-03-15 08:36:00,7.308581,10.6368,8.0,4.68
T04,GL-4396,2026-03-15 08:37:00,7.309203,10.636867,11.6,5.25
T04,GL-4396,2026-03-15 08:38:00,7.309732,10.636921,6.8,2.95
T04,GL-4396,2026-03-15 08:39:00,7.310332,10.637023,4.2,4.16
T04,GL-4396,2026-03-15 08:40:00,7.310827,10.636973,6.7,4.35
T04,GL-4396,2026-03-15 08:41:00,7.311445,10.637137,8.1,5.0
T04,GL-4396,2026-03-15 08:42:00,7.31205,10.637171,8.5,2.9
T04,GL-4396,2026-03-15 08:43:00,7.31246,10.637052,9.6,5.28
T04,GL-4396,2026-03-15 08:44:00,7.312989,10.637112,5.7,3.75
T04,GL-4396,2026-03-15 08:45:00,7.313599,10.637209,9.6,3.66
T04,GL-4396,2026-03-15 08:46:00,7.314283,10.637367,6.4,4.91
T04,GL-4396,2026-03-15 08:47:00,7.314699,10.637272,5.9,3.59
T04,GL-4396,2026-03-15 08:48:00,7.315281,10.637449,7.4,5.54
T04,GL-4396,2026-03-15 08:49:00,7.315926,10.637356,6.0,4.76
T04,GL-4396,2026-03-15 08:50:00,7.316515,10.637447,7.4,5.43
T04,GL-4396,2026-03-15 08:51:00,7.317086,10.637515,11.9,3.03
T04,GL-4396,2026-03-15 08:52:00,7.317479,10.637531,6.4,3.23
T04,GL-4396,2026-03-15 08:53:00,7.318047,10.637578,8.3,3.32
T04,GL-4396,2026-03-15 08:54:00,7.318689,10.637607,8.5,3.69
T04,GL-4396,2026-03-15 08:55:00,7.319266,10.637674,5.0,5.45
T04,GL-4396,2026-03-15 08:56:00,7.319838,10.6378,4.6,5.0
T04,GL-4396,2026-03-15 08:57:00,7.320326,10.637718,8.5,3.69
T04,GL-4396,2026-03-15 08:58:00,7.320846,10.637769,11.0,4.94
T04,GL-4396,2026-03-15 08:59:00,7.321519,10.637879,9.4,3.02
T04,GL-4396,2026-03-15 09:00:00,7.322007,10.637893,10.9,2.94
T04,GL-4396,2026-03-15 09:01:00,7.322562,10.637936,5.7,3.13
T04,GL-4396,2026-03-15 09:02:00,7.323155,10.638027,6.0,2.92
T04,GL-4396,2026-03-15 09:03:00,7.323653,10.638056,4.7,4.31
T04,GL-4396,2026-03-15 09:04:00,7.324264,10.63814,5.3,5.58
T04,GL-4396,2026-03-15 09:05:00,7.324694,10.638131,5.3,4.66
T04,GL-4396,2026-03-15 09:06:00,7.325471,10.638068,8.8,4.35
T04,GL-4396,2026-03-15 09:07:00,7.325919,10.638086,9.9,3.25
T04,GL-4396,2026-03-15 09:08:00,7.326447,10.638319,12.0,3.87
T04,GL-4396,2026-03-15 09:09:00,7.327045,10.638466,7.4,3.14
T04,GL-4396,2026-03-15 09:10:00,7.327516,10.638347,6.8,5.46
T04,GL-4396,2026-03-15 09:11:00,7.328193,10.638507,11.2,5.03
T04,GL-4396,2026-03-15 09:12:00,7.328615,10.638385,7.0,3.83
T04,GL-4396,2026-03-15 09:13:00,7.32928,10.638371,8.9,3.16
T04,GL-4396,2026-03-15 09:14:00,7.329766,10.638596,9.6,5.21
T04,GL-4396,2026-03-15 09:15:00,7.330331,10.638454,10.7,4.47
T04,GL-4396,2026-03-15 09:16:00,7.330929,10.638522,9.5,5.13
T04,GL-4396,2026-03-15 09:17:00,7.331457,10.638588,11.1,4.29
T04,GL-4396,2026-03-15 09:18:00,7.332051,10.638774,5.9,5.38
T04,GL-4396,2026-03-15 09:19:00,7.332639,10.638623,9.8,4.38
T04,GL-4396,2026-03-15 09:20:00,7.519335,10.638713,6.2,249.86
T04,GL-4396,2026-03-15 09:21:00,7.333679,10.638864,9.0,4.31
T04,GL-4396,2026-03-15 09:22:00,7.334298,10.638825,5.5,2.83
T04,GL-4396,2026-03-15 09:23:00,7.334764,10.638867,7.0,3.38
T04,GL-4396,2026-03-15 09:24:00,7.335354,10.638859,10.3,3.27
T04,GL-4396,2026-03-15 09:25:00,7.335941,10.638971,10.3,3.08
T04,GL-4396,2026-03-15 09:26:00,7.336459,10.638934,10.3,4.96
T04,GL-4396,2026-03-15 09:27:00,7.337106,10.63906,4.7,3.01
T04,GL-4396,2026-03-15 09:28:00,7.337704,10.639164,11.6,3.2
T04,GL-4396,2026-03-15 09:29:00,7.33817,10.639108,4.1,4.48
T04,GL-4396,2026-03-15 09:30:00,7.338743,10.639134,11.2,5.39
T04,GL-4396,2026-03-15 09:31:00,7.339301,10.63922,4.1,3.02
T04,GL-4396,2026-03-15 09:32:00,7.339785,10.639153,8.8,4.88
T04,GL-4396,2026-03-15 09:33:00,7.340409,10.639251,9.1,5.25
T04,GL-4396,2026-03-15 09:34:00,7.340954,10.639239,11.4,3.36
T04,GL-4396,2026-03-15 09:35:00,7.341432,10.639317,10.5,5.2
T04,GL-4396,2026-03-15 09:36:00,7.342034,10.639414,10.8,4.06
T04,GL-4396,2026-03-15 09:37:00,7.342606,10.63943,6.3,2.87
T04,GL-4396,2026-03-15 09:38:00,7.343311,10.639626,6.2,4.17
T04,GL-4396,2026-03-15 09:39:00,7.343802,10.639535,5.2,3.43
T04,GL-4396,2026-03-15 09:40:00,7.344269,10.639557,4.9,5.53
T04,GL-4396,2026-03-15 09:41:00,7.344886,10.639704,9.2,4.25
T04,GL-4396,2026-03-15 09:42:00,7.345369,10.639621,5.6,3.86
T04,GL-4396,2026-03-15 09:43:00,7.345865,10.63964,10.8,3.4
T04,GL-4396,2026-03-15 09:44:00,7.346585,10.639742,,4.51
T04,GL-4396,2026-03-15 09:45:00,7.347062,10.639894,5.1,3.09
T04,GL-4396,2026-03-15 09:46:00,7.347715,10.639778,5.2,5.27
T04,GL-4396,2026-03-15 09:47:00,7.348198,10.63982,6.4,3.8
T04,GL-4396,2026-03-15 09:48:00,7.348905,10.639828,7.9,3.47
T04,GL-4396,2026-03-15 09:49:00,7.349376,10.639967,6.1,4.71
T04,GL-4396,2026-03-15 09:50:00,7.349927,10.640018,8.1,3.35
T04,GL-4396,2026-03-15 09:51:00,7.350429,10.639988,9.2,5.46
T04,GL-4396,2026-03-15 09:52:00,7.350991,10.640117,6.3,3.0
T04,GL-4396,2026-03-15 09:53:00,7.351433,10.640051,11.5,5.44
T04,GL-4396,2026-03-15 09:54:00,7.352104,10.640202,8.9,5.33
T04,GL-4396,2026-03-15 09:55:00,7.352632,10.640192,8.3,3.91
T04,GL-4396,2026-03-15 09:56:00,7.459045,10.640282,6.6,319.83
T04,GL-4396,2026-03-15 09:57:00,7.353744,10.640145,,3.14
T04,GL-4396,2026-03-15 09:58:00,7.354312,10.640314,10.8,3.26
T04,GL-4396,2026-03-15 09:59:00,7.354973,10.640466,11.0,4.43
T04,GL-4396,2026-03-15 10:00:00,7.355487,10.640422,5.0,2.84
T04,GL-4396,2026-03-15 10:01:00,7.355993,10.640354,5.1,4.72
T04,GL-4396,2026-03-15 10:02:00,7.356612,10.64053,9.0,4.76
T04,GL-4396,2026-03-15 10:03:00,7.357143,10.640424,6.0,5.27
T04,GL-4396,2026-03-15 10:04:00,7.357694,10.640488,8.1,4.98
T04,GL-4396,2026-03-15 10:05:00,7.35827,10.640657,6.8,4.16
T04,GL-4396,2026-03-15 10:06:00,7.358822,10.640811,8.0,5.47
T04,GL-4396,2026-03-15 10:07:00,7.35934,10.640762,7.4,5.34
T04,GL-4396,2026-03-15 10:08:00,7.360054,10.640853,7.1,3.44
T04,GL-4396,2026-03-15 10:09:00,7.36051,10.640774,10.3,4.22
T04,GL-4396,2026-03-15 10:10:00,7.361087,10.640902,4.2,3.81
T04,GL-4396,2026-03-15 10:11:00,7.361605,10.6408,6.4,2.84
T04,GL-4396,2026-03-15 10:12:00,7.362198,10.640954,10.8,4.54
T04,GL-4396,2026-03-15 10:13:00,7.362779,10.640914,5.6,4.44
T04,GL-4396,2026-03-15 10:14:00,7.363264,10.641101,10.7,5.19
T04,GL-4396,2026-03-15 10:15:00,7.363836,10.641136,9.5,5.23
T04,GL-4396,2026-03-15 10:16:00,7.364334,10.641048,9.2,4.29
T04,GL-4396,2026-03-15 10:17:00,7.364944,10.64117,9.0,5.18
T04,GL-4396,2026-03-15 10:18:00,7.365515,10.641194,7.3,4.09
T04,GL-4396,2026-03-15 10:19:00,7.366078,10.641277,6.8,5.46
T04,GL-4396,2026-03-15 10:20:00,7.366588,10.641207,10.1,3.28
T04,GL-4396,2026-03-15 10:21:00,7.367176,10.64129,6.6,2.86
T04,GL-4396,2026-03-15 10:22:00,7.367751,10.641399,9.6,5.33
T04,GL-4396,2026-03-15 10:23:00,7.368185,10.641375,10.4,4.21
T04,GL-4396,2026-03-15 10:24:00,7.368699,10.641475,11.7,5.32
T04,GL-4396,2026-03-15 10:25:00,7.369509,10.641454,10.0,4.8
T04,GL-4396,2026-03-15 10:26:00,7.369886,10.641561,4.1,3.62
T04,GL-4396,2026-03-15 10:27:00,7.370411,10.64155,8.4,4.67
T04,GL-4396,2026-03-15 10:28:00,7.371102,10.641644,5.8,5.12
T04,GL-4396,2026-03-15 10:29:00,7.371591,10.641699,9.2,2.99
T04,GL-4396,2026-03-15 10:30:00,7.372127,10.641659,8.2,5.41
T04,GL-4396,2026-03-15 10:31:00,7.372717,10.641741,7.0,4.29
T04,GL-4396,2026-03-15 10:32:00,7.373413,10.641847,4.9,4.21
T04,GL-4396,2026-03-15 10:33:00,7.373852,10.641703,8.5,3.08
T04,GL-4396,2026-03-15 10:34:00,7.374384,10.641865,9.8,4.12
T04,GL-4396,2026-03-15 10:35:00,7.374977,10.641912,5.0,3.37
T04,GL-4396,2026-03-15 10:36:00,7.375573,10.642023,4.3,4.14
T04,GL-4396,2026-03-15 10:37:00,7.375996,10.642051,9.3,3.21
T04,GL-4396,2026-03-15 10:38:00,7.376677,10.642129,7.6,4.92
T04,GL-4396,2026-03-15 10:39:00,7.377269,10.642155,5.1,3.96
T04,GL-4396,2026-03-15 10:40:00,7.377667,10.642127,4.6,5.45
T04,GL-4396,2026-03-15 10:41:00,7.37825,10.642128,9.8,3.59
T04,GL-4396,2026-03-15 10:42:00,7.378917,10.642133,7.4,4.95
T04,GL-4396,2026-03-15 10:43:00,7.379577,10.642206,11.0,4.34
T04,GL-4396,2026-03-15 10:44:00,7.379986,10.64235,7.9,5.17
T04,GL-4396,2026-03-15 10:45:00,7.380558,10.642276,6.1,3.51
T04,GL-4396,2026-03-15 10:46:00,7.381143,10.64245,5.9,5.08
T04,GL-4396,2026-03-15 10:47:00,7.381702,10.64243,5.3,5.46
T04,GL-4396,2026-03-15 10:48:00,7.382188,10.642487,8.5,4.94
T04,GL-4396,2026-03-15 10:49:00,7.382779,10.642556,6.3,4.03
T04,GL-4396,2026-03-15 10:50:00,7.383268,10.642511,5.2,3.11
T04,GL-4396,2026-03-15 10:51:00,7.383905,10.642679,4.8,2.93
T04,GL-4396,2026-03-15 10:52:00,7.384281,10.642627,11.9,3.8
T04,GL-4396,2026-03-15 10:53:00,7.384971,10.642676,6.1,3.92
T04,GL-4396,2026-03-15 10:54:00,7.385565,10.642687,10.1,4.0
T04,GL-4396,2026-03-15 10:55:00,7.386263,10.642736,,5.34
T04,GL-4396,2026-03-15 10:56:00,7.386691,10.642826,8.5,5.17
T04,GL-4396,2026-03-15 10:57:00,7.387229,10.642938,6.7,3.33
T04,GL-4396,2026-03-15 10:58:00,7.387708,10.64285,8.3,4.83
T04,GL-4396,2026-03-15 10:59:00,7.388313,10.643017,6.7,5.55
T04,GL-4396,2026-03-15 11:00:00,7.388884,10.642994,9.8,4.22
T04,GL-4396,2026-03-15 11:01:00,7.389385,10.642973,,5.32
T04,GL-4396,2026-03-15 11:02:00,7.389982,10.643105,8.6,2.81
T04,GL-4396,2026-03-15 11:03:00,7.390666,10.643142,5.7,4.59
T04,GL-4396,2026-03-15 11:04:00,7.391154,10.643163,9.3,4.58
T04,GL-4396,2026-03-15 11:05:00,7.391576,10.643297,8.3,4.58
T04,GL-4396,2026-03-15 11:06:00,7.39222,10.64312,5.3,3.92
T04,GL-4396,2026-03-15 11:07:00,7.392749,10.643258,5.5,5.36
T04,GL-4396,2026-03-15 11:08:00,7.393293,10.643303,7.0,2.88
T04,GL-4396,2026-03-15 11:09:00,7.393991,10.643411,4.8,3.87
T04,GL-4396,2026-03-15 11:10:00,7.394657,10.643386,7.0,4.96
T04,GL-4396,2026-03-15 11:11:00,7.395072,10.643471,8.7,5.04
T04,GL-4396,2026-03-15 11:12:00,7.395569,10.643489,7.6,2.88
T04,GL-4396,2026-03-15 11:13:00,7.396069,10.643584,10.6,3.51
T04,GL-4396,2026-03-15 11:14:00,7.396735,10.64352,4.5,2.86
T04,GL-4396,2026-03-15 11:15:00,7.3973,10.643648,7.8,5.04
T04,GL-4396,2026-03-15 11:16:00,7.397838,10.643662,9.0,5.32
T04,GL-4396,2026-03-15 11:17:00,7.398419,10.643708,7.6,4.06
T04,GL-4396,2026-03-15 11:18:00,7.398793,10.643805,5.0,3.26
T04,GL-4396,2026-03-15 11:19:00,7.399493,10.643841,11.3,3.79
T04,GL-4396,2026-03-15 11:20:00,7.399996,10.643807,7.6,3.14
T04,GL-4396,2026-03-15 11:21:00,7.400598,10.643771,6.7,4.23
T04,GL-4396,2026-03-15 11:22:00,7.401175,10.643843,10.4,3.36
T04,GL-4396,2026-03-15 11:23:00,7.401554,10.643929,12.0,3.9
T04,GL-4396,2026-03-15 11:24:00,7.402212,10.643993,9.4,4.02
T04,GL-4396,2026-03-15 11:25:00,7.402701,10.643883,9.5,5.59
T04,GL-4396,2026-03-15 11:26:00,7.403424,10.644093,7.8,4.76
T04,GL-4396,2026-03-15 11:27:00,7.240496,10.644194,10.1,384.28
T04,GL-4396,2026-03-15 11:28:00,7.404494,10.644183,9.0,3.71
T04,GL-4396,2026-03-15 11:29:00,7.40506,10.644213,10.1,2.97
T04,GL-4396,2026-03-15 11:30:00,7.405571,10.644195,4.7,3.67
T04,GL-4396,2026-03-15 11:31:00,7.406104,10.644261,8.9,5.18
T04,GL-4396,2026-03-15 11:32:00,7.406707,10.644246,10.1,3.78
T04,GL-4396,2026-03-15 11:33:00,7.407263,10.644387,10.5,3.86
T04,GL-4396,2026-03-15 11:34:00,7.407753,10.644435,4.9,3.83
T04,GL-4396,2026-03-15 11:35:00,7.408374,10.644435,4.9,5.05
T04,GL-4396,2026-03-15 11:36:00,7.408893,10.644419,4.6,3.3
T04,GL-4396,2026-03-15 11:37:00,7.409402,10.644557,8.3,2.84
T04,GL-4396,2026-03-15 11:38:00,7.410031,10.644575,6.7,5.41
T04,GL-4396,2026-03-15 11:39:00,7.410626,10.644659,5.9,5.03
T04,GL-4396,2026-03-15 11:40:00,7.411179,10.644515,6.6,3.98
T04,GL-4396,2026-03-15 11:41:00,7.411654,10.644676,9.1,4.72
T04,GL-4396,2026-03-15 11:42:00,7.412133,10.644833,6.6,4.17
T04,GL-4396,2026-03-15 11:43:00,7.412923,10.644723,11.3,5.02
T04,GL-4396,2026-03-15 11:44:00,7.413446,10.644892,6.9,3.23
T04,GL-4396,2026-03-15 11:45:00,7.413864,10.644832,7.2,4.14
T04,GL-4396,2026-03-15 11:46:00,7.414425,10.644967,10.0,4.26
T04,GL-4396,2026-03-15 11:47:00,7.415117,10.64498,11.9,4.7
T04,GL-4396,2026-03-15 11:48:00,7.415587,10.645051,6.3,2.81
T04,GL-4396,2026-03-15 11:49:00,7.416224,10.645053,9.3,3.67
T04,GL-4396,2026-03-15 11:50:00,7.416794,10.645085,10.5,2.8
T04,GL-4396,2026-03-15 11:51:00,7.417312,10.645149,11.4,4.58
T04,GL-4396,2026-03-15 11:52:00,7.417867,10.645177,4.1,4.42
T04,GL-4396,2026-03-15 11:53:00,7.418347,10.6452,11.9,4.24
T04,GL-4396,2026-03-15 11:54:00,7.418863,10.645224,5.9,3.12
T04,GL-4396,2026-03-15 11:55:00,7.419359,10.645311,10.5,3.54
T04,GL-4396,2026-03-15 11:56:00,7.420107,10.645406,11.4,3.21
T04,GL-4396,2026-03-15 11:57:00,7.420567,10.645396,9.1,3.19
T04,GL-4396,2026-03-15 11:58:00,7.421265,10.645443,9.6,3.47
T04,GL-4396,2026-03-15 11:59:00,7.4217,10.645457,9.5,4.72
T04,GL-4396,2026-03-15 12:00:00,7.422341,10.645467,6.0,4.44
T04,GL-4396,2026-03-15 12:01:00,7.422939,10.64556,5.0,3.57
T04,GL-4396,2026-03-15 12:02:00,7.423403,10.645676,4.5,3.16
T04,GL-4396,2026-03-15 12:03:00,7.423877,10.645713,6.2,2.93
T04,GL-4396,2026-03-15 12:04:00,7.424538,10.645701,4.6,4.0
T04,GL-4396,2026-03-15 12:05:00,7.425207,10.645653,11.6,3.98
T04,GL-4396,2026-03-15 12:06:00,7.442224,10.64576,8.0,232.44
T04,GL-4396,2026-03-15 12:07:00,7.426277,10.645777,4.3,4.31
T04,GL-4396,2026-03-15 12:08:00,7.426788,10.645855,8.1,3.24
T04,GL-4396,2026-03-15 12:09:00,7.427324,10.645899,6.5,5.02
T04,GL-4396,2026-03-15 12:10:00,7.427884,10.645949,9.0,4.9
T04,GL-4396,2026-03-15 12:11:00,7.428478,10.645908,11.8,4.12
T04,GL-4396,2026-03-15 12:12:00,7.429014,10.645952,,5.56
T04,GL-4396,2026-03-15 12:13:00,7.429578,10.646106,4.1,5.57
T04,GL-4396,2026-03-15 12:14:00,7.430142,10.646087,8.5,3.86
T04,GL-4396,2026-03-15 12:15:00,7.430624,10.646174,5.4,5.44
T04,GL-4396,2026-03-15 12:16:00,7.431319,10.646185,5.4,4.33
T04,GL-4396,2026-03-15 12:17:00,7.431789,10.64632,10.6,4.43
T04,GL-4396,2026-03-15 12:18:00,7.432391,10.646255,4.2,4.27
T04,GL-4396,2026-03-15 12:19:00,7.432887,10.646261,,4.97
T04,GL-4396,2026-03-15 12:20:00,7.433466,10.646334,9.3,5.21
T04,GL-4396,2026-03-15 12:21:00,7.434037,10.646404,6.3,3.91
T04,GL-4396,2026-03-15 12:22:00,7.434634,10.646422,11.6,3.07
T04,GL-4396,2026-03-15 12:23:00,7.43511,10.646391,5.5,3.9
T04,GL-4396,2026-03-15 12:24:00,7.435641,10.64651,8.3,4.55
T04,GL-4396,2026-03-15 12:25:00,7.43632,10.646534,7.4,4.94
T04,GL-4396,2026-03-15 12:26:00,7.436832,10.646663,11.1,3.15
T04,GL-4396,2026-03-15 12:27:00,7.437341,10.646586,11.2,5.14
T04,GL-4396,2026-03-15 12:28:00,7.438036,10.646743,5.7,2.91
T04,GL-4396,2026-03-15 12:29:00,7.438322,10.646754,4.7,3.23
T04,GL-4396,2026-03-15 12:30:00,7.438969,10.646774,10.7,4.74
T04,GL-4396,2026-03-15 12:31:00,7.439613,10.646796,8.5,5.0
T04,GL-4396,2026-03-15 12:32:00,7.440164,10.646845,9.2,4.75
T04,GL-4396,2026-03-15 12:33:00,7.440743,10.646882,10.0,5.25
T04,GL-4396,2026-03-15 12:34:00,7.441206,10.646914,7.8,5.55
T04,GL-4396,2026-03-15 12:35:00,7.441894,10.647064,11.8,3.65
T04,GL-4396,2026-03-15 12:36:00,7.44252,10.646909,10.1,4.63
T04,GL-4396,2026-03-15 12:37:00,7.398855,10.647107,6.5,271.09
T04,GL-4396,2026-03-15 12:38:00,7.443461,10.64714,8.6,3.97
T04,GL-4396,2026-03-15 12:39:00,7.444091,10.647125,11.6,5.33
T04,GL-4396,2026-03-15 12:40:00,7.444575,10.647272,4.2,4.14
T04,GL-4396,2026-03-15 12:41:00,7.445079,10.647371,9.6,3.87
T04,GL-4396,2026-03-15 12:42:00,7.445716,10.647231,11.3,5.54
T04,GL-4396,2026-03-15 12:43:00,7.446224,10.647263,11.0,5.56
T04,GL-4396,2026-03-15 12:44:00,7.446838,10.647435,9.0,2.98
T04,GL-4396,2026-03-15 12:45:00,7.447377,10.647384,8.0,5.5
T04,GL-4396,2026-03-15 12:46:00,7.447989,10.647503,10.3,3.82
T04,GL-4396,2026-03-15 12:47:00,7.448548,10.647535,9.0,4.19
T04,GL-4396,2026-03-15 12:48:00,7.449127,10.647524,10.7,4.68
T04,GL-4396,2026-03-15 12:49:00,7.449605,10.64755,6.7,5.22
T04,GL-4396,2026-03-15 12:50:00,7.450155,10.647584,4.8,2.87
T04,GL-4396,2026-03-15 12:51:00,7.450778,10.647519,6.3,4.2
T04,GL-4396,2026-03-15 12:52:00,7.451252,10.647714,9.8,3.68
T04,GL-4396,2026-03-15 12:53:00,7.451712,10.647795,9.4,3.7
T04,GL-4396,2026-03-15 12:54:00,7.452381,10.647711,4.2,4.59
T04,GL-4396,2026-03-15 12:55:00,7.452864,10.647777,5.8,3.66
T04,GL-4396,2026-03-15 12:56:00,7.453601,10.647819,7.2,4.22
T04,GL-4396,2026-03-15 12:57:00,7.454027,10.647952,10.4,5.49
T04,GL-4396,2026-03-15 12:58:00,7.45469,10.647987,11.0,3.19
T04,GL-4396,2026-03-15 12:59:00,7.45512,10.648038,11.6,4.18
T04,GL-4396,2026-03-15 13:00:00,7.455636,10.648033,5.7,2.89
T04,GL-4396,2026-03-15 13:01:00,7.456271,10.648203,6.2,2.91
T04,GL-4396,2026-03-15 13:02:00,7.456868,10.648126,6.0,3.48
T04,GL-4396,2026-03-15 13:03:00,7.457351,10.648255,9.8,4.39
T04,GL-4396,2026-03-15 13:04:00,7.45807,10.648052,7.2,3.3
T04,GL-4396,2026-03-15 13:05:00,7.458585,10.648309,5.9,4.12
T04,GL-4396,2026-03-15 13:06:00,7.459063,10.648358,4.9,3.87
T04,GL-4396,2026-03-15 13:07:00,7.459664,10.648379,8.4,5.22
T04,GL-4396,2026-03-15 13:08:00,7.460219,10.648464,11.5,5.16
T04,GL-4396,2026-03-15 13:09:00,7.460768,10.648395,6.1,4.18
T04,GL-4396,2026-03-15 13:10:00,7.461296,10.648476,5.3,3.69
T04,GL-4396,2026-03-15 13:11:00,7.461848,10.648433,6.4,3.86
T04,GL-4396,2026-03-15 13:12:00,7.462511,10.648609,6.9,2.96
T04,GL-4396,2026-03-15 13:13:00,7.4631,10.648661,11.1,3.86
T04,GL-4396,2026-03-15 13:14:00,7.463525,10.64871,8.6,3.45
T04,GL-4396,2026-03-15 13:15:00,7.464162,10.648707,4.9,4.25
T04,GL-4396,2026-03-15 13:16:00,7.464588,10.648709,11.9,3.71
T04,GL-4396,2026-03-15 13:17:00,7.465139,10.648666,11.8,5.54
T04,GL-4396,2026-03-15 13:18:00,7.46583,10.64891,4.2,4.43
T04,GL-4396,2026-03-15 13:19:00,7.466288,10.648763,6.2,5.25
T04,GL-4396,2026-03-15 13:20:00,7.466815,10.648999,11.8,4.71
T04,GL-4396,2026-03-15 13:21:00,7.467539,10.648986,,4.2
T04,GL-4396,2026-03-15 13:22:00,7.468037,10.648945,7.5,3.95
T04,GL-4396,2026-03-15 13:23:00,7.468517,10.648918,9.2,4.86
T04,GL-4396,2026-03-15 13:24:00,7.469086,10.649123,6.6,4.35
T04,GL-4396,2026-03-15 13:25:00,7.469658,10.649072,6.3,3.08
T04,GL-4396,2026-03-15 13:26:00,7.470122,10.649094,5.1,4.15
T04,GL-4396,2026-03-15 13:27:00,7.470786,10.649191,9.5,4.41
T04,GL-4396,2026-03-15 13:28:00,7.471283,10.649278,9.1,2.97
T04,GL-4396,2026-03-15 13:29:00,7.472072,10.649309,11.8,4.86
T04,GL-4396,2026-03-15 13:30:00,7.472417,10.649289,11.8,5.22
T04,GL-4396,2026-03-15 13:31:00,7.473057,10.649309,11.2,4.62
T04,GL-4396,2026-03-15 13:32:00,7.473444,10.649324,9.8,5.49
T04,GL-4396,2026-03-15 13:33:00,7.474125,10.649457,8.8,4.73
T04,GL-4396,2026-03-15 13:34:00,7.474694,10.649467,6.0,5.25
T04,GL-4396,2026-03-15 13:35:00,7.475108,10.649565,5.0,3.3
T04,GL-4396,2026-03-15 13:36:00,7.475859,10.649529,6.5,3.75
T04,GL-4396,2026-03-15 13:37:00,7.476339,10.649568,5.3,3.88
T04,GL-4396,2026-03-15 13:38:00,7.476974,10.649654,8.4,5.19
T04,GL-4396,2026-03-15 13:39:00,7.477425,10.649637,,4.46
T04,GL-4396,2026-03-15 13:40:00,7.478053,10.649744,10.2,5.42
T04,GL-4396,2026-03-15 13:41:00,7.478569,10.649774,7.7,3.79
T04,GL-4396,2026-03-15 13:42:00,7.479216,10.649829,11.6,4.92
T04,GL-4396,2026-03-15 13:43:00,7.47958,10.649831,9.1,5.2
T04,GL-4396,2026-03-15 13:44:00,7.480224,10.649921,11.0,5.56
T04,GL-4396,2026-03-15 13:45:00,7.480868,10.649898,5.9,4.23
T04,GL-4396,2026-03-15 13:46:00,7.481398,10.650079,11.6,4.79
T04,GL-4396,2026-03-15 13:47:00,7.481844,10.650072,7.9,4.3
T04,GL-4396,2026-03-15 13:48:00,7.482488,10.650048,4.6,3.01
T04,GL-4396,2026-03-15 13:49:00,7.48302,10.650087,8.2,3.67
T04,GL-4396,2026-03-15 13:50:00,7.483687,10.650219,7.7,3.3
T04,GL-4396,2026-03-15 13:51:00,7.484211,10.650116,11.6,4.77
T04,GL-4396,2026-03-15 13:52:00,7.484634,10.650279,6.3,5.21
T04,GL-4396,2026-03-15 13:53:00,7.485252,10.650331,4.8,5.49
T04,GL-4396,2026-03-15 13:54:00,7.48586,10.650424,6.6,4.07
T04,GL-4396,2026-03-15 13:55:00,7.4863,10.650314,5.4,2.97
T04,GL-4396,2026-03-15 13:56:00,7.486941,10.650454,9.8,2.95
T04,GL-4396,2026-03-15 13:57:00,7.487467,10.650441,5.3,4.21
T04,GL-4396,2026-03-15 13:58:00,7.488116,10.650627,5.1,2.9
T04,GL-4396,2026-03-15 13:59:00,7.488558,10.650483,8.4,4.81
T04,GL-4396,2026-03-15 14:00:00,7.489216,10.650645,8.7,3.26
T04,GL-4396,2026-03-15 14:01:00,7.48966,10.650629,7.6,3.29
T04,GL-4396,2026-03-15 14:02:00,7.490283,10.6506,9.9,5.46
T04,GL-4396,2026-03-15 14:03:00,7.490844,10.650725,7.6,4.73
T04,GL-4396,2026-03-15 14:04:00,7.491402,10.650735,8.3,4.22
T04,GL-4396,2026-03-15 14:05:00,7.491997,10.650736,4.7,5.3
T04,GL-4396,2026-03-15 14:06:00,7.492502,10.650891,8.0,4.45
T04,GL-4396,2026-03-15 14:07:00,7.493145,10.65091,10.7,2.95
T04,GL-4396,2026-03-15 14:08:00,7.493648,10.650979,5.8,4.7
T04,GL-4396,2026-03-15 14:09:00,7.494333,10.650921,5.6,3.59
T04,GL-4396,2026-03-15 14:10:00,7.494698,10.651058,6.9,4.36
T04,GL-4396,2026-03-15 14:11:00,7.495206,10.65113,10.0,4.3
T04,GL-4396,2026-03-15 14:12:00,7.495881,10.651159,11.8,3.78
T04,GL-4396,2026-03-15 14:13:00,7.496407,10.651205,10.9,5.45
T04,GL-4396,2026-03-15 14:14:00,7.497026,10.65107,10.1,5.22
T04,GL-4396,2026-03-15 14:15:00,7.497548,10.651284,9.7,3.31
T04,GL-4396,2026-03-15 14:16:00,7.4981,10.651199,9.0,5.14
T04,GL-4396,2026-03-15 14:17:00,7.498682,10.651317,9.9,2.84
T04,GL-4396,2026-03-15 14:18:00,7.499251,10.65133,7.8,5.26
T04,GL-4396,2026-03-15 14:19:00,7.499715,10.651335,10.5,3.08
T04,GL-4396,2026-03-15 14:20:00,7.50044,10.651408,8.2,5.25
T04,GL-4396,2026-03-15 14:21:00,7.50084,10.651373,6.2,3.65
T04,GL-4396,2026-03-15 14:22:00,7.501398,10.651469,4.5,4.31
T04,GL-4396,2026-03-15 14:23:00,7.501918,10.651649,7.4,3.28
T04,GL-4396,2026-03-15 14:24:00,7.502488,10.651608,10.2,5.34
T04,GL-4396,2026-03-15 14:25:00,7.503132,10.651707,4.3,4.36
T04,GL-4396,2026-03-15 14:26:00,7.028523,10.651745,7.7,408.12
T04,GL-4396,2026-03-15 14:27:00,7.504307,10.651811,6.2,4.48
T04,GL-4396,2026-03-15 14:28:00,7.504799,10.651806,6.6,3.14
T04,GL-4396,2026-03-15 14:29:00,7.505312,10.651896,5.5,4.55
T04,GL-4396,2026-03-15 14:30:00,7.50589,10.651825,6.6,5.16
T04,GL-4396,2026-03-15 14:31:00,7.506469,10.651883,7.0,3.8
T04,GL-4396,2026-03-15 14:32:00,7.507021,10.651994,8.6,3.81
T04,GL-4396,2026-03-15 14:33:00,7.507601,10.651976,8.2,3.33
T04,GL-4396,2026-03-15 14:34:00,7.508133,10.651987,10.4,3.71
T04,GL-4396,2026-03-15 14:35:00,7.803044,10.652083,10.6,292.08
T04,GL-4396,2026-03-15 14:36:00,7.509249,10.652259,8.5,5.32
T04,GL-4396,2026-03-15 14:37:00,7.509867,10.652125,5.3,3.41
T04,GL-4396,2026-03-15 14:38:00,7.510376,10.652108,6.6,2.93
T04,GL-4396,2026-03-15 14:39:00,7.510928,10.652242,4.9,3.26
T04,GL-4396,2026-03-15 14:40:00,7.511439,10.652309,11.2,4.96
T04,GL-4396,2026-03-15 14:41:00,7.512041,10.652336,7.3,4.18
T04,GL-4396,2026-03-15 14:42:00,7.512679,10.652445,7.3,4.85
T04,GL-4396,2026-03-15 14:43:00,7.513116,10.652482,6.3,3.37
T04,GL-4396,2026-03-15 14:44:00,7.51372,10.652391,9.0,3.27
T04,GL-4396,2026-03-15 14:45:00,7.514192,10.652435,5.4,5.34
T04,GL-4396,2026-03-15 14:46:00,7.51469,10.652526,8.9,4.42
T04,GL-4396,2026-03-15 14:47:00,7.515281,10.652476,8.5,3.75
T04,GL-4396,2026-03-15 14:48:00,7.515939,10.65265,5.5,3.83
T04,GL-4396,2026-03-15 14:49:00,7.516491,10.652713,9.8,3.18
T04,GL-4396,2026-03-15 14:50:00,7.517057,10.652775,9.4,4.93
T04,GL-4396,2026-03-15 14:51:00,7.517486,10.652688,9.4,3.13
T04,GL-4396,2026-03-15 14:52:00,7.518046,10.652817,7.7,5.06
T04,GL-4396,2026-03-15 14:53:00,7.518848,10.652702,10.9,4.28
T04,GL-4396,2026-03-15 14:54:00,7.519266,10.652882,8.6,3.51
T04,GL-4396,2026-03-15 14:55:00,7.519747,10.652872,6.8,3.75
T04,GL-4396,2026-03-15 14:56:00,7.520412,10.652926,10.0,4.45
T04,GL-4396,2026-03-15 14:57:00,7.520902,10.653013,9.8,3.17
T04,GL-4396,2026-03-15 14:58:00,7.521453,10.653069,7.6,4.93
T04,GL-4396,2026-03-15 14:59:00,7.522021,10.653089,,5.14
T04,GL-4396,2026-03-15 15:00:00,7.522623,10.653129,8.6,4.35
T04,GL-4396,2026-03-15 15:01:00,7.523152,10.653134,6.4,3.33
T04,GL-4396,2026-03-15 15:02:00,7.52366,10.653244,8.9,5.51
T04,GL-4396,2026-03-15 15:03:00,7.524338,10.653239,11.4,3.07
T04,GL-4396,2026-03-15 15:04:00,7.524724,10.653215,8.8,5.2
T04,GL-4396,2026-03-15 15:05:00,7.525417,10.653295,11.8,4.75
T04,GL-4396,2026-03-15 15:06:00,7.525865,10.653365,10.7,5.33
T04,GL-4396,2026-03-15 15:07:00,7.526594,10.653367,9.9,5.48
T04,GL-4396,2026-03-15 15:08:00,7.52708,10.653522,6.3,3.84
T04,GL-4396,2026-03-15 15:09:00,7.527667,10.653429,8.6,3.91
T04,GL-4396,2026-03-15 15:10:00,7.528169,10.653525,4.2,3.07
T04,GL-4396,2026-03-15 15:11:00,7.52884,10.653606,7.7,3.9
T04,GL-4396,2026-03-15 15:12:00,7.52923,10.653679,11.6,4.53
T04,GL-4396,2026-03-15 15:13:00,7.529809,10.653616,9.9,2.95
T04,GL-4396,2026-03-15 15:14:00,7.530322,10.653652,5.6,4.38
T04,GL-4396,2026-03-15 15:15:00,7.530898,10.653722,4.9,5.28
T04,GL-4396,2026-03-15 15:16:00,7.531483,10.653907,10.9,5.58
T04,GL-4396,2026-03-15 15:17:00,7.532187,10.653786,6.4,3.6
T04,GL-4396,2026-03-15 15:18:00,7.532591,10.653888,5.4,4.86
T04,GL-4396,2026-03-15 15:19:00,7.533128,10.653959,8.6,5.04
T04,GL-4396,2026-03-15 15:20:00,7.533711,10.65399,7.6,4.81
T04,GL-4396,2026-03-15 15:21:00,7.534326,10.653972,8.2,4.76
T04,GL-4396,2026-03-15 15:22:00,7.534971,10.65401,8.1,3.64
T04,GL-4396,2026-03-15 15:23:00,7.535539,10.654182,6.8,4.79
T04,GL-4396,2026-03-15 15:24:00,7.535977,10.654188,11.1,3.41
T04,GL-4396,2026-03-15 15:25:00,7.536426,10.654198,11.0,4.72
T04,GL-4396,2026-03-15 15:26:00,7.537078,10.654161,,4.72
T04,GL-4396,2026-03-15 15:27:00,7.537623,10.654239,11.0,3.48
T04,GL-4396,2026-03-15 15:28:00,7.538227,10.654457,7.6,3.05
T04,GL-4396,2026-03-15 15:29:00,7.538767,10.65429,8.2,4.64
T04,GL-4396,2026-03-15 15:30:00,7.539302,10.654393,5.5,3.34
T04,GL-4396,2026-03-15 15:31:00,7.539918,10.654444,5.3,4.57
T04,GL-4396,2026-03-15 15:32:00,7.540396,10.654448,5.3,3.93
T04,GL-4396,2026-03-15 15:33:00,7.540916,10.654514,11.5,5.04
T04,GL-4396,2026-03-15 15:34:00,7.541542,10.654569,5.7,3.33
T04,GL-4396,2026-03-15 15:35:00,7.542032,10.654694,9.3,2.97
T04,GL-4396,2026-03-15 15:36:00,7.542666,10.654648,6.0,5.41
T04,GL-4396,2026-03-15 15:37:00,7.543227,10.654707,11.5,3.0
T04,GL-4396,2026-03-15 15:38:00,7.543749,10.654683,5.7,5.52
T04,GL-4396,2026-03-15 15:39:00,7.544388,10.654837,9.0,5.36
T04,GL-4396,2026-03-15 15:40:00,7.544895,10.654832,7.9,4.64
T04,GL-4396,2026-03-15 15:41:00,7.545464,10.654782,11.9,3.89
T04,GL-4396,2026-03-15 15:42:00,7.545991,10.65493,4.3,5.51
T04,GL-4396,2026-03-15 15:43:00,7.546538,10.655072,11.1,3.16
T04,GL-4396,2026-03-15 15:44:00,7.547059,10.655004,6.3,3.12
T04,GL-4396,2026-03-15 15:45:00,7.547669,10.65509,4.1,3.8
T04,GL-4396,2026-03-15 15:46:00,7.548297,10.655047,4.4,4.06
T04,GL-4396,2026-03-15 15:47:00,7.548649,10.655143,8.8,3.74
T04,GL-4396,2026-03-15 15:48:00,7.5493,10.655064,6.9,4.62
T04,GL-4396,2026-03-15 15:49:00,7.549847,10.655087,4.8,3.86
T04,GL-4396,2026-03-15 15:50:00,7.550491,10.655226,9.5,5.39
T04,GL-4396,2026-03-15 15:51:00,7.55095,10.655292,4.4,5.24
T04,GL-4396,2026-03-15 15:52:00,7.55167,10.65525,11.2,3.85
T04,GL-4396,2026-03-15 15:53:00,7.552143,10.655335,11.3,3.33
T04,GL-4396,2026-03-15 15:54:00,7.552733,10.655442,6.3,4.9
T04,GL-4396,2026-03-15 15:55:00,7.553244,10.655471,4.8,3.48
T04,GL-4396,2026-03-15 15:56:00,7.553724,10.655437,8.7,5.01
T04,GL-4396,2026-03-15 15:57:00,7.554308,10.655507,5.4,4.59
T04,GL-4396,2026-03-15 15:58:00,7.55484,10.655608,8.1,3.46
T04,GL-4396,2026-03-15 15:59:00,7.555446,10.655663,5.2,4.46
T04,GL-4396,2026-03-15 16:00:00,7.556062,10.655579,6.3,5.35
T04,GL-4396,2026-03-15 16:01:00,7.556449,10.655707,10.9,5.07
T04,GL-4396,2026-03-15 16:02:00,7.55711,10.655731,8.9,2.93
T04,GL-4396,2026-03-15 16:03:00,7.557741,10.655757,10.4,4.19
T04,GL-4396,2026-03-15 16:04:00,7.558231,10.655796,5.2,2.89
T04,GL-4396,2026-03-15 16:05:00,7.558779,10.65587,9.0,4.96
T04,GL-4396,2026-03-15 16:06:00,7.559404,10.655935,9.1,3.15
T04,GL-4396,2026-03-15 16:07:00,7.559948,10.656048,11.2,5.55
T04,GL-4396,2026-03-15 16:08:00,7.560528,10.656062,5.3,4.65
T04,GL-4396,2026-03-15 16:09:00,7.561022,10.656069,4.1,4.7
T04,GL-4396,2026-03-15 16:10:00,7.561603,10.656026,7.1,5.06
T04,GL-4396,2026-03-15 16:11:00,7.562184,10.656148,10.6,4.96
T04,GL-4396,2026-03-15 16:12:00,7.56276,10.656103,10.4,3.67
T04,GL-4396,2026-03-15 16:13:00,7.563284,10.656185,5.3,4.53
T04,GL-4396,2026-03-15 16:14:00,7.563866,10.656209,8.8,4.81
T04,GL-4396,2026-03-15 16:15:00,7.564467,10.656284,7.7,4.81
T04,GL-4396,2026-03-15 16:16:00,7.564869,10.656326,7.1,4.38
T04,GL-4396,2026-03-15 16:17:00,7.565622,10.656316,4.4,4.08
T04,GL-4396,2026-03-15 16:18:00,7.566007,10.656437,8.9,4.84
T04,GL-4396,2026-03-15 16:19:00,7.566625,10.656444,11.4,3.55
T04,GL-4396,2026-03-15 16:20:00,7.567232,10.656478,4.0,4.35
T04,GL-4396,2026-03-15 16:21:00,7.567784,10.65654,5.0,4.16
T04,GL-4396,2026-03-15 16:22:00,7.568308,10.656613,10.9,3.31
T04,GL-4396,2026-03-15 16:23:00,7.568811,10.656632,7.9,4.81
T04,GL-4396,2026-03-15 16:24:00,7.569479,10.656755,8.9,3.82
T04,GL-4396,2026-03-15 16:25:00,7.569875,10.656876,7.1,5.3
T04,GL-4396,2026-03-15 16:26:00,7.5704,10.656833,11.9,4.31
T04,GL-4396,2026-03-15 16:27:00,7.571152,10.65684,5.3,4.75
T04,GL-4396,2026-03-15 16:28:00,7.571724,10.656794,10.9,3.99
T04,GL-4396,2026-03-15 16:29:00,7.572156,10.656872,5.3,3.46
T04,GL-4396,2026-03-15 16:30:00,7.572778,10.656911,9.5,5.2
T04,GL-4396,2026-03-15 16:31:00,7.57334,10.656983,8.9,4.96
T04,GL-4396,2026-03-15 16:32:00,7.573725,10.656964,9.9,4.88
T04,GL-4396,2026-03-15 16:33:00,7.574466,10.657211,7.5,4.89
T04,GL-4396,2026-03-15 16:34:00,7.575008,10.657056,6.8,3.63
T04,GL-4396,2026-03-15 16:35:00,7.575534,10.657143,9.8,3.97
T04,GL-4396,2026-03-15 16:36:00,7.576142,10.657218,11.4,5.48
T04,GL-4396,2026-03-15 16:37:00,7.576702,10.657225,,4.66
T04,GL-4396,2026-03-15 16:38:00,7.577229,10.657145,5.3,4.95
T04,GL-4396,2026-03-15 16:39:00,7.577772,10.657252,,3.1
T04,GL-4396,2026-03-15 16:40:00,7.578308,10.657362,5.9,3.71
T04,GL-4396,2026-03-15 16:41:00,7.57891,10.657352,10.5,3.88
T04,GL-4396,2026-03-15 16:42:00,7.579486,10.657334,11.0,4.92
T04,GL-4396,2026-03-15 16:43:00,7.579967,10.657458,11.6,3.3
T04,GL-4396,2026-03-15 16:44:00,7.580474,10.657504,9.5,3.43
T04,GL-4396,2026-03-15 16:45:00,7.58111,10.65755,4.9,4.64
T04,GL-4396,2026-03-15 16:46:00,7.58157,10.657608,5.8,3.94
T04,GL-4396,2026-03-15 16:47:00,7.58224,10.657674,9.7,2.83
T04,GL-4396,2026-03-15 16:48:00,7.582774,10.657745,7.7,5.31
T04,GL-4396,2026-03-15 16:49:00,7.58341,10.657761,4.2,3.58
T04,GL-4396,2026-03-15 16:50:00,7.583908,10.657837,7.3,4.48
T04,GL-4396,2026-03-15 16:51:00,7.58446,10.657823,5.0,5.59
T04,GL-4396,2026-03-15 16:52:00,7.584989,10.657783,5.6,4.68
T04,GL-4396,2026-03-15 16:53:00,7.585535,10.657876,7.2,5.3
T04,GL-4396,2026-03-15 16:54:00,7.586144,10.657859,6.2,3.55
T04,GL-4396,2026-03-15 16:55:00,7.586762,10.657988,7.8,5.4
T04,GL-4396,2026-03-15 16:56:00,7.587267,10.65805,6.2,3.87
T04,GL-4396,2026-03-15 16:57:00,7.587765,10.658078,7.8,5.24
T04,GL-4396,2026-03-15 16:58:00,7.588334,10.658068,9.4,4.62
T04,GL-4396,2026-03-15 16:59:00,7.588874,10.65819,12.0,5.51
T04,GL-4396,2026-03-15 17:00:00,7.589513,10.658211,5.4,2.99
T04,GL-4396,2026-03-15 17:01:00,7.590073,10.658227,9.8,5.39
T04,GL-4396,2026-03-15 17:02:00,7.590627,10.658325,6.3,5.34
T04,GL-4396,2026-03-15 17:03:00,7.591081,10.658337,7.3,4.79
T04,GL-4396,2026-03-15 17:04:00,7.59161,10.658382,8.7,5.47
T04,GL-4396,2026-03-15 17:05:00,7.592248,10.658432,5.2,3.58
T04,GL-4396,2026-03-15 17:06:00,7.592776,10.658558,6.7,4.84
T04,GL-4396,2026-03-15 17:07:00,7.593391,10.658524,8.5,4.2
T04,GL-4396,2026-03-15 17:08:00,7.594012,10.658486,10.4,5.46
T04,GL-4396,2026-03-15 17:09:00,7.594417,10.658589,6.4,4.26
T04,GL-4396,2026-03-15 17:10:00,7.595068,10.658618,7.0,5.32
T04,GL-4396,2026-03-15 17:11:00,7.595671,10.658578,8.3,5.38
T04,GL-4396,2026-03-15 17:12:00,7.596129,10.658696,9.2,4.74
T04,GL-4396,2026-03-15 17:13:00,7.596647,10.658738,10.0,2.96
T04,GL-4396,2026-03-15 17:14:00,7.597292,10.658773,6.8,5.09
T04,GL-4396,2026-03-15 17:15:00,7.597734,10.658876,5.0,5.05
T04,GL-4396,2026-03-15 17:16:00,7.59833,10.658896,6.7,5.35
T04,GL-4396,2026-03-15 17:17:00,7.599002,10.658858,6.7,3.54
T04,GL-4396,2026-03-15 17:18:00,7.599528,10.65886,8.1,2.94
T04,GL-4396,2026-03-15 17:19:00,7.60004,10.659022,5.4,4.88
T04,GL-4396,2026-03-15 17:20:00,7.600606,10.659068,4.8,3.56
T04,GL-4396,2026-03-15 17:21:00,7.601118,10.659066,9.9,4.76
T04,GL-4396,2026-03-15 17:22:00,7.601774,10.659023,7.1,3.07
T04,GL-4396,2026-03-15 17:23:00,7.602236,10.659098,4.0,4.06
T04,GL-4396,2026-03-15 17:24:00,7.602937,10.659272,7.3,3.84
T04,GL-4396,2026-03-15 17:25:00,7.603321,10.659193,9.6,3.66
T04,GL-4396,2026-03-15 17:26:00,7.603963,10.659323,10.9,2.97
T04,GL-4396,2026-03-15 17:27:00,7.604507,10.659269,6.4,3.42
T04,GL-4396,2026-03-15 17:28:00,7.605108,10.659286,7.5,5.09
T04,GL-4396,2026-03-15 17:29:00,7.605508,10.659294,8.3,4.04
T04,GL-4396,2026-03-15 17:30:00,7.606175,10.659483,10.8,5.27
T04,GL-4396,2026-03-15 17:31:00,7.606712,10.659492,4.7,3.94
T04,GL-4396,2026-03-15 17:32:00,7.607231,10.659513,8.4,5.29
T04,GL-4396,2026-03-15 17:33:00,7.607878,10.659636,9.8,2.95
T04,GL-4396,2026-03-15 17:34:00,7.608447,10.659746,4.4,4.73
T04,GL-4396,2026-03-15 17:35:00,7.608983,10.659733,4.1,4.87
T04,GL-4396,2026-03-15 17:36:00,7.609569,10.659624,11.7,5.09
T04,GL-4396,2026-03-15 17:37:00,7.609958,10.659767,9.7,5.24
T04,GL-4396,2026-03-15 17:38:00,7.610641,10.659959,9.4,5.0
T04,GL-4396,2026-03-15 17:39:00,7.611215,10.659775,10.9,3.91
T04,GL-4396,2026-03-15 17:40:00,7.611718,10.659876,8.3,5.25
T04,GL-4396,2026-03-15 17:41:00,7.612381,10.659892,8.2,4.65
T04,GL-4396,2026-03-15 17:42:00,7.612964,10.659864,9.2,3.69
T04,GL-4396,2026-03-15 17:43:00,7.613469,10.659971,8.4,4.33
T04,GL-4396,2026-03-15 17:44:00,7.613941,10.660034,7.9,3.46
T04,GL-4396,2026-03-15 17:45:00,7.614595,10.65997,7.0,3.97
T04,GL-4396,2026-03-15 17:46:00,7.615197,10.66017,8.1,4.47
T04,GL-4396,2026-03-15 17:47:00,7.615622,10.660265,11.9,4.97
T04,GL-4396,2026-03-15 17:48:00,7.616168,10.660201,5.0,3.15
T04,GL-4396,2026-03-15 17:49:00,7.616655,10.660246,10.6,2.91
T04,GL-4396,2026-03-15 17:50:00,7.617366,10.660275,11.2,4.68
T04,GL-4396,2026-03-15 17:51:00,7.617836,10.660363,8.3,5.54
T04,GL-4396,2026-03-15 17:52:00,7.618394,10.660303,8.4,4.39
T04,GL-4396,2026-03-15 17:53:00,7.618893,10.66051,7.9,3.38
T04,GL-4396,2026-03-15 17:54:00,7.619553,10.660566,7.3,4.1
T04,GL-4396,2026-03-15 17:55:00,7.620133,10.660549,7.9,5.34
T04,GL-4396,2026-03-15 17:56:00,7.620759,10.660633,8.5,5.48
T04,GL-4396,2026-03-15 17:57:00,7.621195,10.660637,11.3,4.66
T04,GL-4396,2026-03-15 17:58:00,7.621791,10.660587,6.9,5.43
T04,GL-4396,2026-03-15 17:59:00,7.622341,10.660685,7.3,5.25
T04,GL-4396,2026-03-15 18:00:00,7.622842,10.660817,4.6,4.25
T04,GL-4396,2026-03-15 18:01:00,7.623577,10.660892,9.6,5.53
T04,GL-4396,2026-03-15 18:02:00,7.624081,10.660868,8.0,5.45
T04,GL-4396,2026-03-15 18:03:00,7.624571,10.660876,4.3,3.16
T04,GL-4396,2026-03-15 18:04:00,7.625123,10.660938,11.3,3.79
T04,GL-4396,2026-03-15 18:05:00,7.625572,10.661022,6.0,3.11
T04,GL-4396,2026-03-15 18:06:00,7.626291,10.660952,9.4,4.64
T04,GL-4396,2026-03-15 18:07:00,7.626783,10.661041,10.9,5.27
T04,GL-4396,2026-03-15 18:08:00,7.627356,10.661064,9.5,3.33
T04,GL-4396,2026-03-15 18:09:00,7.627791,10.661105,7.8,5.38
T04,GL-4396,2026-03-15 18:10:00,7.62844,10.66117,4.1,5.28
T04,GL-4396,2026-03-15 18:11:00,7.628903,10.66118,11.9,4.58
T04,GL-4396,2026-03-15 18:12:00,7.629573,10.661219,6.9,2.91
T04,GL-4396,2026-03-15 18:13:00,7.63019,10.661289,5.5,3.15
T04,GL-4396,2026-03-15 18:14:00,7.630646,10.661283,11.4,4.12
T04,GL-4396,2026-03-15 18:15:00,7.631251,10.661447,11.0,4.9
T04,GL-4396,2026-03-15 18:16:00,7.631892,10.661417,10.7,4.2
T04,GL-4396,2026-03-15 18:17:00,7.632377,10.661497,5.3,3.04
T04,GL-4396,2026-03-15 18:18:00,7.6329,10.661339,7.9,4.1
T04,GL-4396,2026-03-15 18:19:00,7.633434,10.661622,7.0,3.28
T04,GL-4396,2026-03-15 18:20:00,7.634093,10.661549,7.8,3.91
T04,GL-4396,2026-03-15 18:21:00,7.634568,10.661667,10.2,4.89
T04,GL-4396,2026-03-15 18:22:00,7.635203,10.661579,8.9,3.06
T04,GL-4396,2026-03-15 18:23:00,7.635612,10.661682,11.8,4.33
T04,GL-4396,2026-03-15 18:24:00,7.63629,10.661752,6.1,4.48
T04,GL-4396,2026-03-15 18:25:00,7.636867,10.661724,6.2,5.51
T04,GL-4396,2026-03-15 18:26:00,7.637313,10.661912,6.9,5.03
T04,GL-4396,2026-03-15 18:27:00,7.638024,10.661934,8.6,3.51
T04,GL-4396,2026-03-15 18:28:00,7.638496,10.661941,8.0,3.42
T04,GL-4396,2026-03-15 18:29:00,7.639072,10.661962,11.0,4.68
T04,GL-4396,2026-03-15 18:30:00,7.639612,10.66195,5.9,3.65
T04,GL-4396,2026-03-15 18:31:00,7.640225,10.662022,4.2,2.98
T04,GL-4396,2026-03-15 18:32:00,7.640643,10.662136,4.7,3.45
T04,GL-4396,2026-03-15 18:33:00,7.641379,10.662077,9.9,3.72
T04,GL-4396,2026-03-15 18:34:00,7.641843,10.662269,4.4,4.2
T04,GL-4396,2026-03-15 18:35:00,7.642389,10.662188,10.0,5.58
T04,GL-4396,2026-03-15 18:36:00,7.643024,10.662303,6.1,3.67
T04,GL-4396,2026-03-15 18:37:00,7.643569,10.662296,4.7,3.24
T04,GL-4396,2026-03-15 18:38:00,7.644086,10.662332,10.3,4.99
T04,GL-4396,2026-03-15 18:39:00,7.644709,10.662463,7.6,3.49
T04,GL-4396,2026-03-15 18:40:00,7.645254,10.662402,6.8,3.53
T04,GL-4396,2026-03-15 18:41:00,7.645685,10.662536,10.0,5.15
T04,GL-4396,2026-03-15 18:42:00,7.64621,10.662436,5.6,3.49
T04,GL-4396,2026-03-15 18:43:00,7.646754,10.66258,9.1,5.5
T04,GL-4396,2026-03-15 18:44:00,7.647394,10.662622,7.5,5.55
T04,GL-4396,2026-03-15 18:45:00,7.64799,10.662582,5.4,3.22
T04,GL-4396,2026-03-15 18:46:00,7.648497,10.662772,6.0,5.21
T04,GL-4396,2026-03-15 18:47:00,7.649068,10.66274,7.1,3.69
T04,GL-4396,2026-03-15 18:48:00,7.649609,10.66277,5.8,4.46
T04,GL-4396,2026-03-15 18:49:00,7.650194,10.662758,8.6,5.37
T04,GL-4396,2026-03-15 18:50:00,7.650853,10.662875,4.5,4.42
T04,GL-4396,2026-03-15 18:51:00,7.651247,10.66289,5.8,4.69
T04,GL-4396,2026-03-15 18:52:00,7.651967,10.662934,11.2,4.12
T04,GL-4396,2026-03-15 18:53:00,7.652426,10.66291,7.7,4.69
T04,GL-4396,2026-03-15 18:54:00,7.652962,10.663023,8.2,5.28
T04,GL-4396,2026-03-15 18:55:00,7.653436,10.663049,8.7,3.72
T04,GL-4396,2026-03-15 18:56:00,7.654149,10.663096,7.2,3.99
T04,GL-4396,2026-03-15 18:57:00,7.654628,10.663153,8.9,5.37
T04,GL-4396,2026-03-15 18:58:00,7.655212,10.663209,10.6,4.31
T04,GL-4396,2026-03-15 18:59:00,7.655731,10.663266,4.6,4.99
T04,GL-4396,2026-03-15 19:00:00,7.656217,10.663276,5.2,5.3
T04,GL-4396,2026-03-15 19:01:00,7.656906,10.663247,8.4,4.36
T04,GL-4396,2026-03-15 19:02:00,7.657454,10.663382,8.1,3.8
T04,GL-4396,2026-03-15 19:03:00,7.658017,10.663348,6.5,4.6
T04,GL-4396,2026-03-15 19:04:00,7.658481,10.663597,9.0,3.41
T04,GL-4396,2026-03-15 19:05:00,7.659207,10.663406,9.8,4.59
T04,GL-4396,2026-03-15 19:06:00,7.659718,10.663523,9.2,5.37
T04,GL-4396,2026-03-15 19:07:00,7.66024,10.663612,5.9,5.59
T04,GL-4396,2026-03-15 19:08:00,7.660785,10.663643,7.7,4.48
T04,GL-4396,2026-03-15 19:09:00,7.661293,10.663656,10.2,3.1
T04,GL-4396,2026-03-15 19:10:00,7.661834,10.663587,7.3,5.49
T04,GL-4396,2026-03-15 19:11:00,7.662554,10.663787,9.9,3.48
T04,GL-4396,2026-03-15 19:12:00,7.662907,10.663785,6.6,4.9
T04,GL-4396,2026-03-15 19:13:00,7.663644,10.663751,6.9,5.49
T04,GL-4396,2026-03-15 19:14:00,7.664242,10.663881,10.8,2.86
T04,GL-4396,2026-03-15 19:15:00,7.664655,10.663814,10.2,4.48
T04,GL-4396,2026-03-15 19:16:00,7.665224,10.663904,6.9,3.4
T04,GL-4396,2026-03-15 19:17:00,7.66577,10.663984,5.0,2.86
T04,GL-4396,2026-03-15 19:18:00,7.666287,10.664004,11.9,4.79
T04,GL-4396,2026-03-15 19:19:00,7.666942,10.66407,10.7,3.83
T04,GL-4396,2026-03-15 19:20:00,7.667456,10.66419,4.1,3.66
T04,GL-4396,2026-03-15 19:21:00,7.668035,10.664092,10.7,4.92
T04,GL-4396,2026-03-15 19:22:00,7.668604,10.664268,6.5,4.73
T04,GL-4396,2026-03-15 19:23:00,7.669053,10.664239,6.8,3.2
T04,GL-4396,2026-03-15 19:24:00,7.669724,10.664408,6.0,3.17
T04,GL-4396,2026-03-15 19:25:00,7.670199,10.664406,7.2,3.21
T04,GL-4396,2026-03-15 19:26:00,7.670933,10.664474,7.2,3.71
T04,GL-4396,2026-03-15 19:27:00,7.671347,10.664478,9.3,3.53
T04,GL-4396,2026-03-15 19:28:00,7.671912,10.664409,8.3,4.09
T04,GL-4396,2026-03-15 19:29:00,7.67255,10.664434,11.5,4.02
T04,GL-4396,2026-03-15 19:30:00,7.673074,10.664429,4.2,4.69
T04,GL-4396,2026-03-15 19:31:00,7.673613,10.664574,7.1,3.1
T04,GL-4396,2026-03-15 19:32:00,7.674139,10.664684,6.0,4.4
T04,GL-4396,2026-03-15 19:33:00,7.674697,10.664718,5.9,4.18
T04,GL-4396,2026-03-15 19:34:00,7.675312,10.664659,8.9,3.15
T04,GL-4396,2026-03-15 19:35:00,7.67591,10.664719,5.2,4.08
T04,GL-4396,2026-03-15 19:36:00,7.676344,10.664743,9.9,5.29
T04,GL-4396,2026-03-15 19:37:00,7.676942,10.664852,5.6,4.8
T04,GL-4396,2026-03-15 19:38:00,7.677449,10.664925,9.1,2.89
T04,GL-4396,2026-03-15 19:39:00,7.677965,10.66488,6.7,3.97
T04,GL-4396,2026-03-15 19:40:00,7.67868,10.664822,11.0,3.3
T04,GL-4396,2026-03-15 19:41:00,7.679115,10.665083,6.9,5.2
T04,GL-4396,2026-03-15 19:42:00,7.679708,10.665064,5.0,4.75
T04,GL-4396,2026-03-15 19:43:00,7.680311,10.665089,9.4,3.78
T04,GL-4396,2026-03-15 19:44:00,7.680828,10.665075,10.2,3.08
T04,GL-4396,2026-03-15 19:45:00,7.681528,10.665182,5.7,3.51
T04,GL-4396,2026-03-15 19:46:00,7.681944,10.66517,8.2,3.94
T04,GL-4396,2026-03-15 19:47:00,7.682532,10.665264,4.4,4.35
T04,GL-4396,2026-03-15 19:48:00,7.683016,10.665254,4.6,4.6
T04,GL-4396,2026-03-15 19:49:00,7.683576,10.665313,4.2,4.67
T04,GL-4396,2026-03-15 19:50:00,7.684202,10.665378,8.3,3.02
T04,GL-4396,2026-03-15 19:51:00,7.68486,10.665491,4.1,4.0
T04,GL-4396,2026-03-15 19:52:00,7.685246,10.665519,6.4,3.95
T04,GL-4396,2026-03-15 19:53:00,7.685805,10.665557,11.0,4.79
T04,GL-4396,2026-03-15 19:54:00,7.68643,10.665586,8.2,3.99
T04,GL-4396,2026-03-15 19:55:00,7.686908,10.665659,11.0,4.29
T04,GL-4396,2026-03-15 19:56:00,7.68758,10.665665,10.2,4.71
T04,GL-4396,2026-03-15 19:57:00,7.688039,10.665678,11.1,5.18
T04,GL-4396,2026-03-15 19:58:00,7.6887,10.665704,8.3,4.47
T04,GL-4396,2026-03-15 19:59:00,7.689063,10.665738,9.2,4.21
T04,GL-4396,2026-03-15 20:00:00,7.689792,10.665734,9.3,3.14
T04,GL-4396,2026-03-15 20:01:00,7.690187,10.665776,10.4,3.25
T04,GL-4396,2026-03-15 20:02:00,7.69089,10.665805,11.8,3.04
T04,GL-4396,2026-03-15 20:03:00,7.691482,10.66588,4.2,5.3
T04,GL-4396,2026-03-15 20:04:00,7.691881,10.665967,10.2,3.28
T04,GL-4396,2026-03-15 20:05:00,7.692591,10.666046,4.6,5.49
T04,GL-4396,2026-03-15 20:06:00,7.693064,10.666008,9.3,4.69
T04,GL-4396,2026-03-15 20:07:00,7.693676,10.666042,11.4,3.14
T04,GL-4396,2026-03-15 20:08:00,7.694124,10.666178,6.1,3.22
T04,GL-4396,2026-03-15 20:09:00,7.694784,10.666269,6.2,3.66
T04,GL-4396,2026-03-15 20:10:00,7.695423,10.666274,8.1,5.08
T04,GL-4396,2026-03-15 20:11:00,7.695838,10.666417,7.9,3.11
T04,GL-4396,2026-03-15 20:12:00,7.696486,10.666351,11.3,3.9
T04,GL-4396,2026-03-15 20:13:00,7.696979,10.666382,9.0,3.87
T04,GL-4396,2026-03-15 20:14:00,7.69769,10.666364,10.1,3.73
T04,GL-4396,2026-03-15 20:15:00,7.698133,10.666502,6.0,3.24
T04,GL-4396,2026-03-15 20:16:00,7.698617,10.666476,8.4,2.88
T04,GL-4396,2026-03-15 20:17:00,7.699052,10.666415,5.7,5.12
T04,GL-4396,2026-03-15 20:18:00,7.699731,10.666631,11.7,3.79
T04,GL-4396,2026-03-15 20:19:00,7.700384,10.666587,4.1,3.71
T04,GL-4396,2026-03-15 20:20:00,7.701066,10.666724,10.8,5.02
T04,GL-4396,2026-03-15 20:21:00,7.701448,10.666727,5.2,4.75
T04,GL-4396,2026-03-15 20:22:00,7.701984,10.66676,4.5,4.78
T04,GL-4396,2026-03-15 20:23:00,7.70257,10.666669,4.9,3.96
T04,GL-4396,2026-03-15 20:24:00,7.703163,10.666813,7.3,3.44
T04,GL-4396,2026-03-15 20:25:00,7.703644,10.666815,11.2,4.01
T04,GL-4396,2026-03-15 20:26:00,7.704237,10.666936,6.0,3.19
T04,GL-4396,2026-03-15 20:27:00,7.704893,10.667003,9.4,4.51
T04,GL-4396,2026-03-15 20:28:00,7.705323,10.66704,6.3,5.53
T04,GL-4396,2026-03-15 20:29:00,7.705926,10.667018,11.4,3.29
T04,GL-4396,2026-03-15 20:30:00,7.706408,10.667045,10.6,3.57
T04,GL-4396,2026-03-15 20:31:00,7.706937,10.66704,6.9,2.92
T04,GL-4396,2026-03-15 20:32:00,7.707584,10.667097,6.8,3.09
T04,GL-4396,2026-03-15 20:33:00,7.70809,10.667205,9.8,3.1
T04,GL-4396,2026-03-15 20:34:00,7.708692,10.667206,10.9,3.36
T04,GL-4396,2026-03-15 20:35:00,7.70922,10.667285,10.5,5.22
T04,GL-4396,2026-03-15 20:36:00,7.709848,10.667229,4.8,3.89
T04,GL-4396,2026-03-15 20:37:00,7.710408,10.667322,9.8,5.5
T04,GL-4396,2026-03-15 20:38:00,7.710885,10.667459,5.2,5.48
T04,GL-4396,2026-03-15 20:39:00,7.711543,10.667518,10.1,4.45
T04,GL-4396,2026-03-15 20:40:00,7.712099,10.66742,4.3,3.13
T04,GL-4396,2026-03-15 20:41:00,7.712648,10.667566,6.0,4.11
T04,GL-4396,2026-03-15 20:42:00,7.713151,10.667637,6.6,5.37
T04,GL-4396,2026-03-15 20:43:00,7.713612,10.667627,4.9,2.81
T04,GL-4396,2026-03-15 20:44:00,7.714355,10.667673,7.6,4.33
T04,GL-4396,2026-03-15 20:45:00,7.714918,10.667714,5.2,4.76
T04,GL-4396,2026-03-15 20:46:00,7.71537,10.667642,4.5,3.57
T04,GL-4396,2026-03-15 20:47:00,7.715905,10.667868,9.6,2.86
T04,GL-4396,2026-03-15 20:48:00,7.716418,10.667805,8.3,4.06
T04,GL-4396,2026-03-15 20:49:00,7.717071,10.667848,7.1,3.85
T04,GL-4396,2026-03-15 20:50:00,7.717601,10.667925,8.7,3.92
T04,GL-4396,2026-03-15 20:51:00,7.718118,10.667968,10.0,3.31
T04,GL-4396,2026-03-15 20:52:00,7.718717,10.668028,9.8,4.36
T04,GL-4396,2026-03-15 20:53:00,7.719244,10.668108,9.6,4.31
T04,GL-4396,2026-03-15 20:54:00,7.71999,10.668015,8.7,3.07
T04,GL-4396,2026-03-15 20:55:00,7.720375,10.668088,6.7,4.08
T04,GL-4396,2026-03-15 20:56:00,7.720972,10.668215,4.9,4.38
T04,GL-4396,2026-03-15 20:57:00,7.721423,10.668193,11.5,5.26
T04,GL-4396,2026-03-15 20:58:00,7.722099,10.668277,10.6,3.12
T04,GL-4396,2026-03-15 20:59:00,7.72268,10.66836,11.9,4.91
T04,GL-4396,2026-03-15 21:00:00,7.723308,10.668402,4.5,3.22
T04,GL-4396,2026-03-15 21:01:00,7.723658,10.668393,7.0,5.45
T04,GL-4396,2026-03-15 21:02:00,7.724267,10.668356,7.6,4.87
T04,GL-4396,2026-03-15 21:03:00,7.724781,10.668497,4.6,3.21
T04,GL-4396,2026-03-15 21:04:00,7.725338,10.66862,8.0,4.54
T04,GL-4396,2026-03-15 21:05:00,7.726065,10.668588,11.9,5.29
T04,GL-4396,2026-03-15 21:06:00,7.72654,10.668523,11.8,5.04
T04,GL-4396,2026-03-15 21:07:00,7.727094,10.668678,5.1,5.2
T04,GL-4396,2026-03-15 21:08:00,7.727626,10.668558,11.8,2.93
T04,GL-4396,2026-03-15 21:09:00,7.728251,10.668683,8.3,3.49
T04,GL-4396,2026-03-15 21:10:00,7.728712,10.668713,6.9,3.42
T04,GL-4396,2026-03-15 21:11:00,7.729339,10.668892,10.0,4.54
T04,GL-4396,2026-03-15 21:12:00,7.729825,10.668846,6.9,3.74
T04,GL-4396,2026-03-15 21:13:00,7.73038,10.668999,4.6,3.5
T04,GL-4396,2026-03-15 21:14:00,7.731065,10.668923,9.9,4.75
T04,GL-4396,2026-03-15 21:15:00,7.731556,10.668902,,5.31
T04,GL-4396,2026-03-15 21:16:00,7.732178,10.669076,8.7,3.35
T04,GL-4396,2026-03-15 21:17:00,7.7326,10.66897,7.7,3.47
T04,GL-4396,2026-03-15 21:18:00,7.733227,10.669111,11.8,5.45
T04,GL-4396,2026-03-15 21:19:00,7.733756,10.66905,4.0,4.65
T04,GL-4396,2026-03-15 21:20:00,7.734324,10.669182,7.1,3.8
T04,GL-4396,2026-03-15 21:21:00,7.734891,10.669176,10.9,4.54
T04,GL-4396,2026-03-15 21:22:00,7.735474,10.669336,6.4,3.25
T04,GL-4396,2026-03-15 21:23:00,7.735914,10.669387,7.6,5.03
T04,GL-4396,2026-03-15 21:24:00,7.736632,10.669406,9.5,3.5
T04,GL-4396,2026-03-15 21:25:00,7.737139,10.669314,11.7,4.77
T04,GL-4396,2026-03-15 21:26:00,7.737636,10.669505,7.0,5.6
T04,GL-4396,2026-03-15 21:27:00,7.738139,10.669495,8.6,5.55
T04,GL-4396,2026-03-15 21:28:00,7.738753,10.669543,11.0,3.94
T04,GL-4396,2026-03-15 21:29:00,7.739341,10.669493,8.3,3.45
T04,GL-4396,2026-03-15 21:30:00,7.73991,10.669624,4.8,3.51
T04,GL-4396,2026-03-15 21:31:00,7.740415,10.669697,11.2,5.46
T04,GL-4396,2026-03-15 21:32:00,7.740882,10.669621,6.6,3.85
T04,GL-4396,2026-03-15 21:33:00,7.741566,10.669676,11.4,4.99
T04,GL-4396,2026-03-15 21:34:00,7.74216,10.669804,5.2,5.31
T04,GL-4396,2026-03-15 21:35:00,7.742699,10.669827,4.7,5.33
T04,GL-4396,2026-03-15 21:36:00,7.743216,10.669942,6.9,3.81
T04,GL-4396,2026-03-15 21:37:00,7.743799,10.669798,5.6,3.75
T04,GL-4396,2026-03-15 21:38:00,7.744326,10.670015,7.3,3.39
T04,GL-4396,2026-03-15 21:39:00,7.744976,10.66999,8.2,3.79
T04,GL-4396,2026-03-15 21:40:00,7.745467,10.669986,8.5,3.7
T04,GL-4396,2026-03-15 21:41:00,7.746112,10.670096,5.7,3.8
T04,GL-4396,2026-03-15 21:42:00,7.746552,10.67014,9.2,4.34
T04,GL-4396,2026-03-15 21:43:00,7.747139,10.670159,4.3,3.08
T04,GL-4396,2026-03-15 21:44:00,7.74774,10.670153,7.6,4.7
T04,GL-4396,2026-03-15 21:45:00,7.748291,10.670161,5.7,3.68
T04,GL-4396,2026-03-15 21:46:00,7.748762,10.670262,11.9,4.64
T04,GL-4396,2026-03-15 21:47:00,7.749271,10.670231,8.1,3.69
T04,GL-4396,2026-03-15 21:48:00,7.749897,10.67025,8.7,4.17
T04,GL-4396,2026-03-15 21:49:00,7.750496,10.670378,9.0,3.59
T04,GL-4396,2026-03-15 21:50:00,7.751032,10.670409,11.3,5.29
T04,GL-4396,2026-03-15 21:51:00,7.75164,10.670525,11.5,2.99
T04,GL-4396,2026-03-15 21:52:00,7.752041,10.67048,5.1,2.81
T04,GL-4396,2026-03-15 21:53:00,7.752662,10.670436,7.7,4.96
T04,GL-4396,2026-03-15 21:54:00,7.753356,10.670634,6.8,3.36
T04,GL-4396,2026-03-15 21:55:00,7.753878,10.670669,10.9,3.28
T04,GL-4396,2026-03-15 21:56:00,7.754458,10.670755,5.4,2.87
T04,GL-4396,2026-03-15 21:57:00,7.754931,10.670817,6.3,3.96
T04,GL-4396,2026-03-15 21:58:00,7.755508,10.670818,4.9,4.7
T04,GL-4396,2026-03-15 21:59:00,7.756041,10.670949,4.3,5.35
T04,GL-4396,2026-03-15 22:00:00,7.756655,10.670859,8.0,3.59
T04,GL-4396,2026-03-15 22:01:00,7.757193,10.670936,4.7,3.54
T04,GL-4396,2026-03-15 22:02:00,7.757734,10.670999,9.3,3.73
T04,GL-4396,2026-03-15 22:03:00,7.758285,10.671108,8.4,3.37
T04,GL-4396,2026-03-15 22:04:00,7.758836,10.671055,8.8,5.59
T04,GL-4396,2026-03-15 22:05:00,7.75926,10.670979,6.0,4.47
T04,GL-4396,2026-03-15 22:06:00,7.759969,10.671171,6.7,3.55
T04,GL-4396,2026-03-15 22:07:00,7.760437,10.671098,5.5,4.08
T04,GL-4396,2026-03-15 22:08:00,7.761187,10.671196,9.4,3.12
T04,GL-4396,2026-03-15 22:09:00,7.76151,10.671246,5.8,3.78
T04,GL-4396,2026-03-15 22:10:00,7.762254,10.671344,4.6,3.9
T04,GL-4396,2026-03-15 22:11:00,7.762658,10.671292,5.3,4.35
T04,GL-4396,2026-03-15 22:12:00,7.763333,10.671334,9.7,4.38
T04,GL-4396,2026-03-15 22:13:00,7.763827,10.671331,7.6,4.84
T04,GL-4396,2026-03-15 22:14:00,7.764442,10.671478,5.9,4.11
T04,GL-4396,2026-03-15 22:15:00,7.765022,10.671513,11.0,5.45
T04,GL-4396,2026-03-15 22:16:00,7.765508,10.671634,11.1,3.05
T04,GL-4396,2026-03-15 22:17:00,7.766084,10.671653,9.5,4.93
T04,GL-4396,2026-03-15 22:18:00,7.766622,10.671638,6.8,3.68
T04,GL-4396,2026-03-15 22:19:00,7.767131,10.671549,10.6,4.5
T04,GL-4396,2026-03-15 22:20:00,7.767742,10.671735,7.2,3.78
T04,GL-4396,2026-03-15 22:21:00,7.768286,10.671818,8.1,3.72
T04,GL-4396,2026-03-15 22:22:00,7.768848,10.671862,7.3,2.86
T04,GL-4396,2026-03-15 22:23:00,7.76944,10.672016,8.1,4.26
T04,GL-4396,2026-03-15 22:24:00,7.769918,10.671975,9.1,5.05
T04,GL-4396,2026-03-15 22:25:00,7.770549,10.672011,9.0,3.8
T04,GL-4396,2026-03-15 22:26:00,7.771072,10.671846,5.1,3.75
T04,GL-4396,2026-03-15 22:27:00,7.771758,10.672079,5.2,5.3
T04,GL-4396,2026-03-15 22:28:00,7.772262,10.672132,4.5,4.51
T04,GL-4396,2026-03-15 22:29:00,7.772671,10.672101,6.8,5.31
T04,GL-4396,2026-03-15 22:30:00,7.773281,10.672016,11.7,4.63
T04,GL-4396,2026-03-15 22:31:00,7.773841,10.672155,9.8,3.16
T04,GL-4396,2026-03-15 22:32:00,7.774353,10.672162,8.6,3.34
T04,GL-4396,2026-03-15 22:33:00,7.775015,10.672215,8.9,5.45
T04,GL-4396,2026-03-15 22:34:00,7.77556,10.672324,8.7,4.86
T04,GL-4396,2026-03-15 22:35:00,7.776066,10.672319,9.4,3.35
T04,GL-4396,2026-03-15 22:36:00,7.776783,10.672409,4.6,3.39
T04,GL-4396,2026-03-15 22:37:00,7.777175,10.6725,5.1,4.52
T04,GL-4396,2026-03-15 22:38:00,7.77775,10.672358,6.2,4.27
T04,GL-4396,2026-03-15 22:39:00,7.778276,10.672498,8.0,3.56
T04,GL-4396,2026-03-15 22:40:00,7.778877,10.672545,5.4,5.33
T04,GL-4396,2026-03-15 22:41:00,7.779477,10.67263,9.9,2.96
T04,GL-4396,2026-03-15 22:42:00,7.779913,10.672628,4.0,4.81
T04,GL-4396,2026-03-15 22:43:00,7.78052,10.672683,6.2,3.12
T04,GL-4396,2026-03-15 22:44:00,7.781217,10.672761,8.1,5.1
T04,GL-4396,2026-03-15 22:45:00,7.781632,10.672748,10.0,2.85
T04,GL-4396,2026-03-15 22:46:00,7.782249,10.672848,4.4,5.41
T04,GL-4396,2026-03-15 22:47:00,7.782825,10.672922,8.3,5.31
T04,GL-4396,2026-03-15 22:48:00,7.783324,10.67291,6.1,5.07
T04,GL-4396,2026-03-15 22:49:00,7.783853,10.672881,5.3,3.6
T04,GL-4396,2026-03-15 22:50:00,7.78443,10.672959,5.9,3.36
T04,GL-4396,2026-03-15 22:51:00,7.784997,10.673083,9.4,3.54
T04,GL-4396,2026-03-15 22:52:00,7.785587,10.672945,6.2,4.15
T04,GL-4396,2026-03-15 22:53:00,7.786217,10.673103,7.3,5.28
T04,GL-4396,2026-03-15 22:54:00,7.786701,10.673161,4.8,3.25
T04,GL-4396,2026-03-15 22:55:00,7.787281,10.673237,10.9,3.73
T04,GL-4396,2026-03-15 22:56:00,7.787941,10.673285,5.4,3.92
T04,GL-4396,2026-03-15 22:57:00,7.788427,10.673275,4.7,4.07
T04,GL-4396,2026-03-15 22:58:00,7.788889,10.673396,7.7,3.91
T04,GL-4396,2026-03-15 22:59:00,7.789368,10.673352,9.9,3.16
T04,GL-4396,2026-03-15 23:00:00,7.790137,10.673436,10.8,4.89
T04,GL-4396,2026-03-15 23:01:00,7.790573,10.673509,10.1,4.96
T04,GL-4396,2026-03-15 23:02:00,7.791198,10.673459,10.1,3.13
T04,GL-4396,2026-03-15 23:03:00,7.791702,10.673487,7.6,3.99
T04,GL-4396,2026-03-15 23:04:00,7.792323,10.673531,7.7,5.47
T04,GL-4396,2026-03-15 23:05:00,7.792753,10.673712,11.5,5.01
T04,GL-4396,2026-03-15 23:06:00,7.793319,10.673562,11.3,4.38
T04,GL-4396,2026-03-15 23:07:00,7.79404,10.673703,9.0,3.49
T04,GL-4396,2026-03-15 23:08:00,7.794518,10.67368,6.2,4.31
T04,GL-4396,2026-03-15 23:09:00,7.795022,10.67378,,3.96
T04,GL-4396,2026-03-15 23:10:00,7.795489,10.673962,8.5,3.06
T04,GL-4396,2026-03-15 23:11:00,7.796186,10.673973,6.8,5.06
T04,GL-4396,2026-03-15 23:12:00,7.796824,10.673934,10.5,3.0
T04,GL-4396,2026-03-15 23:13:00,7.797178,10.6739,7.4,4.99
T04,GL-4396,2026-03-15 23:14:00,7.79773,10.673994,8.5,3.14
T04,GL-4396,2026-03-15 23:15:00,7.798423,10.674087,8.1,4.35
T04,GL-4396,2026-03-15 23:16:00,7.799032,10.673998,10.3,3.92
T04,GL-4396,2026-03-15 23:17:00,7.799362,10.674151,11.1,3.14
T04,GL-4396,2026-03-15 23:18:00,7.800107,10.674246,10.8,3.91
T04,GL-4396,2026-03-15 23:19:00,7.80068,10.674197,4.8,3.65
T04,GL-4396,2026-03-15 23:20:00,7.801105,10.674279,4.3,2.95
T04,GL-4396,2026-03-15 23:21:00,7.801767,10.674204,5.1,5.52
T04,GL-4396,2026-03-15 23:22:00,7.802255,10.674441,11.0,4.82
T04,GL-4396,2026-03-15 23:23:00,7.802881,10.674436,11.8,4.61
T04,GL-4396,2026-03-15 23:24:00,7.803416,10.674432,9.6,4.32
T04,GL-4396,2026-03-15 23:25:00,7.804043,10.674359,7.4,5.29
T04,GL-4396,2026-03-15 23:26:00,7.804493,10.674334,6.2,4.51
T04,GL-4396,2026-03-15 23:27:00,7.805054,10.674561,12.0,5.23
T04,GL-4396,2026-03-15 23:28:00,7.805653,10.674587,10.0,4.06
T04,GL-4396,2026-03-15 23:29:00,7.80615,10.674566,10.4,3.04
T04,GL-4396,2026-03-15 23:30:00,7.806698,10.674764,6.1,3.24
T04,GL-4396,2026-03-15 23:31:00,7.807399,10.674667,8.2,4.41
T04,GL-4396,2026-03-15 23:32:00,7.8079,10.674781,9.4,2.99
T04,GL-4396,2026-03-15 23:33:00,7.808438,10.67467,6.2,4.44
T04,GL-4396,2026-03-15 23:34:00,7.809053,10.674867,9.9,3.75
T04,GL-4396,2026-03-15 23:35:00,7.809543,10.674906,7.4,4.14
T04,GL-4396,2026-03-15 23:36:00,7.810124,10.674924,7.4,5.5
T04,GL-4396,2026-03-15 23:37:00,7.810744,10.674958,7.6,4.15
T04,GL-4396,2026-03-15 23:38:00,7.811265,10.675018,7.9,3.29
T04,GL-4396,2026-03-15 23:39:00,7.811762,10.675118,9.5,4.27
T04,GL-4396,2026-03-15 23:40:00,7.812261,10.675082,5.5,3.73
T04,GL-4396,2026-03-15 23:41:00,7.812878,10.675096,6.9,5.35
T04,GL-4396,2026-03-15 23:42:00,7.81351,10.675291,10.6,3.34
T04,GL-4396,2026-03-15 23:43:00,7.814146,10.675177,4.0,5.43
T04,GL-4396,2026-03-15 23:44:00,7.814523,10.675214,7.1,4.61
T04,GL-4396,2026-03-15 23:45:00,7.815161,10.67534,6.7,5.12
T04,GL-4396,2026-03-15 23:46:00,7.815588,10.675415,11.9,3.69
T04,GL-4396,2026-03-15 23:47:00,7.816163,10.675279,10.3,3.55
T04,GL-4396,2026-03-15 23:48:00,7.816681,10.675417,6.6,3.36
T04,GL-4396,2026-03-15 23:49:00,7.817299,10.675517,11.4,4.42
T04,GL-4396,2026-03-15 23:50:00,7.817716,10.675427,4.7,4.53
T04,GL-4396,2026-03-15 23:51:00,7.818361,10.675487,7.7,5.42
T04,GL-4396,2026-03-15 23:52:00,7.819043,10.675568,8.6,3.65
T04,GL-4396,2026-03-15 23:53:00,7.819555,10.675599,10.9,4.13
T04,GL-4396,2026-03-15 23:54:00,7.820063,10.675657,6.4,5.0
T04,GL-4396,2026-03-15 23:55:00,7.82061,10.67578,7.8,3.24
T04,GL-4396,2026-03-15 23:56:00,7.821323,10.675797,9.3,5.3
T04,GL-4396,2026-03-15 23:57:00,7.821809,10.675741,9.3,4.24
T04,GL-4396,2026-03-15 23:58:00,7.822354,10.675827,10.0,3.66
T04,GL-4396,2026-03-15 23:59:00,7.822928,10.676004,11.0,3.5
T04,GL-4396,2026-03-16 00:00:00,7.823412,10.675948,7.6,3.64
T04,GL-4396,2026-03-16 00:01:00,7.823992,10.676017,4.3,2.81
T04,GL-4396,2026-03-16 00:02:00,7.824602,10.676048,6.7,4.32
T04,GL-4396,2026-03-16 00:03:00,7.825247,10.676048,11.6,3.53
T04,GL-4396,2026-03-16 00:04:00,7.82564,10.67616,8.8,3.68
T04,GL-4396,2026-03-16 00:05:00,7.826244,10.676067,5.3,4.47
T04,GL-4396,2026-03-16 00:06:00,7.826799,10.676153,10.0,4.23
T04,GL-4396,2026-03-16 00:07:00,7.827425,10.67613,8.4,3.0
T04,GL-4396,2026-03-16 00:08:00,7.82783,10.676259,10.6,5.27
T04,GL-4396,2026-03-16 00:09:00,7.828541,10.676376,11.6,3.6
T04,GL-4396,2026-03-16 00:10:00,7.829061,10.67645,4.9,3.55
T04,GL-4396,2026-03-16 00:11:00,7.829557,10.676328,10.2,4.78
T04,GL-4396,2026-03-16 00:12:00,7.830193,10.676398,8.1,5.37
T04,GL-4396,2026-03-16 00:13:00,7.830745,10.676533,11.0,3.34
T04,GL-4396,2026-03-16 00:14:00,7.831227,10.676674,9.3,4.23
T04,GL-4396,2026-03-16 00:15:00,7.831851,10.676601,4.5,4.4
T04,GL-4396,2026-03-16 00:16:00,7.832564,10.676648,5.2,3.35
T04,GL-4396,2026-03-16 00:17:00,7.832934,10.676782,6.3,5.34
T04,GL-4396,2026-03-16 00:18:00,7.833433,10.676813,5.9,5.28
T04,GL-4396,2026-03-16 00:19:00,7.834003,10.676774,5.5,3.3
T04,GL-4396,2026-03-16 00:20:00,7.834729,10.676805,7.0,5.16
T04,GL-4396,2026-03-16 00:21:00,7.835176,10.676837,7.0,4.33
T04,GL-4396,2026-03-16 00:22:00,7.835692,10.67694,4.8,3.93
T04,GL-4396,2026-03-16 00:23:00,7.836242,10.676852,5.7,2.86
T04,GL-4396,2026-03-16 00:24:00,7.836823,10.677068,8.1,4.25
T04,GL-4396,2026-03-16 00:25:00,7.837407,10.676906,10.9,4.78
T04,GL-4396,2026-03-16 00:26:00,7.837986,10.677043,10.9,3.04
T04,GL-4396,2026-03-16 00:27:00,7.838541,10.677106,7.7,3.18
T04,GL-4396,2026-03-16 00:28:00,7.839028,10.677148,8.7,2.83
T04,GL-4396,2026-03-16 00:29:00,7.83964,10.677202,8.9,2.84
T04,GL-4396,2026-03-16 00:30:00,7.840181,10.677309,8.4,5.18
T04,GL-4396,2026-03-16 00:31:00,7.840702,10.677323,9.9,4.33
T04,GL-4396,2026-03-16 00:32:00,7.841292,10.677335,10.3,4.5
T04,GL-4396,2026-03-16 00:33:00,7.841816,10.677386,10.6,2.82
T04,GL-4396,2026-03-16 00:34:00,7.84242,10.677517,4.3,3.7
T04,GL-4396,2026-03-16 00:35:00,7.842958,10.677379,9.6,3.66
T04,GL-4396,2026-03-16 00:36:00,7.843606,10.677499,,5.22
T04,GL-4396,2026-03-16 00:37:00,7.844018,10.677585,7.6,5.48
T04,GL-4396,2026-03-16 00:38:00,7.844612,10.677594,10.8,5.13
T04,GL-4396,2026-03-16 00:39:00,7.845263,10.677551,5.6,3.64
T04,GL-4396,2026-03-16 00:40:00,7.84574,10.677581,5.4,2.86
T04,GL-4396,2026-03-16 00:41:00,7.846355,10.677652,9.0,4.9
T04,GL-4396,2026-03-16 00:42:00,7.846914,10.67772,5.5,3.97
T04,GL-4396,2026-03-16 00:43:00,7.847455,10.677741,9.7,3.92
T04,GL-4396,2026-03-16 00:44:00,7.847997,10.677841,8.9,4.86
T04,GL-4396,2026-03-16 00:45:00,7.848524,10.677744,6.9,4.96
T04,GL-4396,2026-03-16 00:46:00,7.848945,10.6779,8.4,3.41
T04,GL-4396,2026-03-16 00:47:00,7.849565,10.677962,4.9,5.35
T04,GL-4396,2026-03-16 00:48:00,7.850268,10.677977,6.0,5.6
T04,GL-4396,2026-03-16 00:49:00,7.850726,10.678062,8.0,5.23
T04,GL-4396,2026-03-16 00:50:00,7.851244,10.678038,7.0,2.95
T04,GL-4396,2026-03-16 00:51:00,7.851928,10.678186,7.4,3.62
T04,GL-4396,2026-03-16 00:52:00,7.852353,10.678115,5.7,5.04
T04,GL-4396,2026-03-16 00:53:00,7.852986,10.678179,8.9,3.63
T04,GL-4396,2026-03-16 00:54:00,7.853615,10.678222,4.3,4.31
T04,GL-4396,2026-03-16 00:55:00,7.854149,10.678187,11.2,4.6
T04,GL-4396,2026-03-16 00:56:00,7.854821,10.678215,6.1,5.02
T04,GL-4396,2026-03-16 00:57:00,7.855222,10.678406,5.9,4.7
T04,GL-4396,2026-03-16 00:58:00,7.855803,10.678455,10.6,2.82
T04,GL-4396,2026-03-16 00:59:00,7.856354,10.678367,9.8,3.1
T04,GL-4396,2026-03-16 01:00:00,7.857025,10.678495,10.6,3.83
T04,GL-4396,2026-03-16 01:01:00,7.857483,10.678498,6.3,4.07
T04,GL-4396,2026-03-16 01:02:00,7.857993,10.678575,10.2,3.79
T04,GL-4396,2026-03-16 01:03:00,7.85862,10.678618,11.8,4.51
T04,GL-4396,2026-03-16 01:04:00,7.859184,10.678614,10.3,3.22
T04,GL-4396,2026-03-16 01:05:00,7.859653,10.678606,4.1,3.11
T04,GL-4396,2026-03-16 01:06:00,7.860254,10.678729,8.1,4.43
T04,GL-4396,2026-03-16 01:07:00,7.860901,10.678783,8.8,5.4
T04,GL-4396,2026-03-16 01:08:00,7.861426,10.678846,4.0,2.81
T04,GL-4396,2026-03-16 01:09:00,7.861932,10.679,8.8,4.8
T04,GL-4396,2026-03-16 01:10:00,7.862482,10.678952,11.3,4.86
T04,GL-4396,2026-03-16 01:11:00,7.862902,10.678844,9.1,5.22
T04,GL-4396,2026-03-16 01:12:00,7.863664,10.679058,6.9,3.99
T04,GL-4396,2026-03-16 01:13:00,7.864089,10.679102,6.0,5.52
T04,GL-4396,2026-03-16 01:14:00,7.864676,10.679191,,5.25
T04,GL-4396,2026-03-16 01:15:00,7.86522,10.679097,4.8,5.3
T04,GL-4396,2026-03-16 01:16:00,7.865759,10.67917,10.4,4.8
T04,GL-4396,2026-03-16 01:17:00,7.866331,10.679276,10.7,3.42
T04,GL-4396,2026-03-16 01:18:00,7.866982,10.679247,4.9,3.99
T04,GL-4396,2026-03-16 01:19:00,7.867572,10.679282,6.3,4.24
T04,GL-4396,2026-03-16 01:20:00,7.868066,10.679316,4.6,4.84
T04,GL-4396,2026-03-16 01:21:00,7.868659,10.679466,11.8,3.57
T04,GL-4396,2026-03-16 01:22:00,7.869194,10.679513,7.5,3.93
T04,GL-4396,2026-03-16 01:23:00,7.86968,10.679363,9.5,4.04
T04,GL-4396,2026-03-16 01:24:00,7.870364,10.679623,4.8,4.83
T04,GL-4396,2026-03-16 01:25:00,7.870841,10.679562,6.7,3.44
T04,GL-4396,2026-03-16 01:26:00,7.87129,10.679613,6.6,3.43
T04,GL-4396,2026-03-16 01:27:00,7.871923,10.679638,8.1,5.27
T04,GL-4396,2026-03-16 01:28:00,7.872513,10.679661,4.2,4.86
T04,GL-4396,2026-03-16 01:29:00,7.873108,10.679759,5.8,2.89
T04,GL-4396,2026-03-16 01:30:00,7.873729,10.679756,6.9,2.9
T04,GL-4396,2026-03-16 01:31:00,7.8742,10.679712,6.0,4.0
T04,GL-4396,2026-03-16 01:32:00,7.874736,10.679975,5.3,3.87
T04,GL-4396,2026-03-16 01:33:00,7.875366,10.679795,10.4,3.39
T04,GL-4396,2026-03-16 01:34:00,7.875943,10.679861,9.6,2.86
T04,GL-4396,2026-03-16 01:35:00,7.87639,10.679921,7.9,3.68
T04,GL-4396,2026-03-16 01:36:00,7.876937,10.679868,6.7,4.9
T04,GL-4396,2026-03-16 01:37:00,7.87746,10.680089,5.9,3.94
T04,GL-4396,2026-03-16 01:38:00,7.878065,10.6801,7.7,3.08
T04,GL-4396,2026-03-16 01:39:00,7.878706,10.680033,10.4,3.82
T04,GL-4396,2026-03-16 01:40:00,7.879214,10.680216,5.4,2.96
T04,GL-4396,2026-03-16 01:41:00,7.879793,10.68025,4.2,3.84
T04,GL-4396,2026-03-16 01:42:00,7.880315,10.680283,10.5,3.83
T04,GL-4396,2026-03-16 01:43:00,10.680318,7.880918,8.0,5.51
T04,GL-4396,2026-03-16 01:44:00,7.881438,10.680424,4.3,5.0
T04,GL-4396,2026-03-16 01:45:00,7.882025,10.680351,4.3,4.2
T04,GL-4396,2026-03-16 01:46:00,7.882605,10.68049,8.6,3.46
T04,GL-4396,2026-03-16 01:47:00,7.883175,10.680537,7.5,5.26
T04,GL-4396,2026-03-16 01:48:00,7.883686,10.680476,10.2,5.1
T04,GL-4396,2026-03-16 01:49:00,7.884373,10.680498,9.3,3.04
T04,GL-4396,2026-03-16 01:50:00,7.884811,10.680529,11.4,4.08
T04,GL-4396,2026-03-16 01:51:00,7.885256,10.680594,4.7,3.41
T04,GL-4396,2026-03-16 01:52:00,7.885726,10.680619,7.3,2.9
T04,GL-4396,2026-03-16 01:53:00,7.886391,10.680777,10.6,3.64
T04,GL-4396,2026-03-16 01:54:00,7.887115,10.680692,9.2,4.61
T04,GL-4396,2026-03-16 01:55:00,7.887488,10.680859,6.6,3.64
T04,GL-4396,2026-03-16 01:56:00,7.888069,10.680804,5.5,3.47
T04,GL-4396,2026-03-16 01:57:00,7.888663,10.680913,8.7,3.36
T04,GL-4396,2026-03-16 01:58:00,7.889199,10.680965,4.2,2.85
T04,GL-4396,2026-03-16 01:59:00,7.889858,10.681045,7.9,2.92
T04,GL-4396,2026-03-16 02:00:00,7.890364,10.681108,5.4,3.66
T04,GL-4396,2026-03-16 02:01:00,7.890909,10.68114,7.7,3.74
T04,GL-4396,2026-03-16 02:02:00,7.891426,10.681091,4.7,3.08
T04,GL-4396,2026-03-16 02:03:00,7.892067,10.681129,4.7,5.27
T04,GL-4396,2026-03-16 02:04:00,7.892513,10.681131,8.7,4.24
T04,GL-4396,2026-03-16 02:05:00,7.893047,10.681227,11.9,4.72
T04,GL-4396,2026-03-16 02:06:00,7.893731,10.681233,8.1,4.53
T04,GL-4396,2026-03-16 02:07:00,7.894244,10.681337,6.0,3.53
T04,GL-4396,2026-03-16 02:08:00,7.89485,10.68138,11.7,3.12
T04,GL-4396,2026-03-16 02:09:00,7.895398,10.681384,6.3,4.62
T04,GL-4396,2026-03-16 02:10:00,7.895962,10.681535,7.5,3.9
T04,GL-4396,2026-03-16 02:11:00,7.896491,10.68141,10.1,3.97
T04,GL-4396,2026-03-16 02:12:00,7.896961,10.681484,11.5,3.82
T04,GL-4396,2026-03-16 02:13:00,7.897495,10.68155,6.3,3.32
T04,GL-4396,2026-03-16 02:14:00,7.898105,10.681651,6.7,4.49
T04,GL-4396,2026-03-16 02:15:00,7.898697,10.681663,7.3,5.27
T04,GL-4396,2026-03-16 02:16:00,7.89918,10.681637,11.1,3.59
T04,GL-4396,2026-03-16 02:17:00,7.899853,10.681782,6.0,4.38
T04,GL-4396,2026-03-16 02:18:00,7.90036,10.681825,6.1,4.97
T04,GL-4396,2026-03-16 02:19:00,7.901022,10.681865,4.5,4.8
T04,GL-4396,2026-03-16 02:20:00,7.901451,10.681909,5.0,3.2
T04,GL-4396,2026-03-16 02:21:00,7.902022,10.68186,9.9,5.33
T04,GL-4396,2026-03-16 02:22:00,7.902653,10.681906,,5.48
T04,GL-4396,2026-03-16 02:23:00,7.903078,10.682077,5.3,4.13
T04,GL-4396,2026-03-16 02:24:00,7.903745,10.682136,6.9,4.51
T04,GL-4396,2026-03-16 02:25:00,7.904333,10.682071,11.3,4.89
T04,GL-4396,2026-03-16 02:26:00,8.270745,10.682136,9.9,247.15
T04,GL-4396,2026-03-16 02:27:00,7.905388,10.682196,6.7,2.96
T04,GL-4396,2026-03-16 02:28:00,7.905855,10.682221,5.9,4.03
T04,GL-4396,2026-03-16 02:29:00,7.906503,10.682246,6.3,3.8
T04,GL-4396,2026-03-16 02:30:00,7.907089,10.682323,7.9,4.95
T04,GL-4396,2026-03-16 02:31:00,7.907616,10.682355,7.5,3.71
T04,GL-4396,2026-03-16 02:32:00,7.908122,10.682358,8.6,3.09
T04,GL-4396,2026-03-16 02:33:00,7.908698,10.682325,11.0,5.57
T04,GL-4396,2026-03-16 02:34:00,7.909262,10.682527,9.3,5.33
T04,GL-4396,2026-03-16 02:35:00,7.909829,10.682516,6.5,4.91
T04,GL-4396,2026-03-16 02:36:00,7.910527,10.682576,10.3,3.73
T04,GL-4396,2026-03-16 02:37:00,7.910998,10.682568,9.7,3.78
T04,GL-4396,2026-03-16 02:38:00,7.911576,10.682768,9.9,5.23
T04,GL-4396,2026-03-16 02:39:00,7.912107,10.682613,5.1,4.33
T04,GL-4396,2026-03-16 02:40:00,7.912584,10.682693,7.1,5.02
T04,GL-4396,2026-03-16 02:41:00,7.913219,10.682718,6.6,4.36
T04,GL-4396,2026-03-16 02:42:00,7.913813,10.682877,8.5,3.63
T04,GL-4396,2026-03-16 02:43:00,7.914224,10.682844,4.3,3.88
T04,GL-4396,2026-03-16 02:44:00,7.914865,10.682981,8.4,3.21
T04,GL-4396,2026-03-16 02:45:00,7.915486,10.683016,6.5,3.83
T04,GL-4396,2026-03-16 02:46:00,7.915923,10.683006,9.4,5.5
T04,GL-4396,2026-03-16 02:47:00,7.916442,10.682995,5.5,5.4
T04,GL-4396,2026-03-16 02:48:00,7.917001,10.683045,8.0,4.83
T04,GL-4396,2026-03-16 02:49:00,7.917659,10.683204,6.2,3.42
T04,GL-4396,2026-03-16 02:50:00,7.918141,10.683008,5.1,2.87
T04,GL-4396,2026-03-16 02:51:00,7.918646,10.683195,6.1,4.84
T04,GL-4396,2026-03-16 02:52:00,7.919383,10.683218,5.9,5.28
T04,GL-4396,2026-03-16 02:53:00,7.919758,10.683319,7.6,4.53
T04,GL-4396,2026-03-16 02:54:00,7.920464,10.68341,10.4,3.2
T04,GL-4396,2026-03-16 02:55:00,7.921082,10.683312,6.7,3.0
T04,GL-4396,2026-03-16 02:56:00,7.921513,10.683447,7.7,3.53
T04,GL-4396,2026-03-16 02:57:00,7.92213,10.683495,11.5,4.82
T04,GL-4396,2026-03-16 02:58:00,7.922679,10.683502,10.9,5.39
T04,GL-4396,2026-03-16 02:59:00,7.923328,10.683506,6.0,4.9
T04,GL-4396,2026-03-16 03:00:00,7.923679,10.683577,8.7,3.94
T04,GL-4396,2026-03-16 03:01:00,7.924428,10.683563,7.0,3.18
T04,GL-4396,2026-03-16 03:02:00,7.924837,10.683571,11.4,3.98
T04,GL-4396,2026-03-16 03:03:00,7.925405,10.683666,5.4,4.0
T04,GL-4396,2026-03-16 03:04:00,7.926004,10.683663,7.1,3.57
T04,GL-4396,2026-03-16 03:05:00,7.926603,10.683731,9.1,3.61
T04,GL-4396,2026-03-16 03:06:00,7.927015,10.683781,7.1,3.36
T04,GL-4396,2026-03-16 03:07:00,7.927642,10.683795,4.1,4.93
T04,GL-4396,2026-03-16 03:08:00,7.928286,10.683931,6.9,5.36
T04,GL-4396,2026-03-16 03:09:00,7.928642,10.683938,4.4,4.42
T04,GL-4396,2026-03-16 03:10:00,7.929264,10.683937,9.3,3.33
T04,GL-4396,2026-03-16 03:11:00,7.929738,10.684086,7.6,4.49
T04,GL-4396,2026-03-16 03:12:00,7.930436,10.684091,8.6,5.3
T04,GL-4396,2026-03-16 03:13:00,7.930913,10.684106,4.1,4.11
T04,GL-4396,2026-03-16 03:14:00,7.931551,10.684126,11.3,3.76
T04,GL-4396,2026-03-16 03:15:00,7.932052,10.684153,5.9,3.77
T04,GL-4396,2026-03-16 03:16:00,7.932739,10.684136,5.4,4.87
T04,GL-4396,2026-03-16 03:17:00,7.933213,10.684268,5.5,3.11
T04,GL-4396,2026-03-16 03:18:00,7.933866,10.68434,10.7,4.67
T04,GL-4396,2026-03-16 03:19:00,7.934375,10.684288,8.7,4.46
T04,GL-4396,2026-03-16 03:20:00,7.934815,10.684509,8.4,3.62
T04,GL-4396,2026-03-16 03:21:00,7.935377,10.684459,4.7,4.84
T04,GL-4396,2026-03-16 03:22:00,7.935985,10.684458,4.2,5.47
T04,GL-4396,2026-03-16 03:23:00,7.936649,10.684569,8.9,4.41
T04,GL-4396,2026-03-16 03:24:00,7.937104,10.684609,6.8,4.85
T04,GL-4396,2026-03-16 03:25:00,7.937711,10.684597,8.1,3.62
T04,GL-4396,2026-03-16 03:26:00,7.938192,10.684674,4.1,2.86
T04,GL-4396,2026-03-16 03:27:00,7.938834,10.68472,8.5,3.58
T04,GL-4396,2026-03-16 03:28:00,7.93951,10.684744,5.0,4.04
T04,GL-4396,2026-03-16 03:29:00,7.93975,10.684885,7.0,3.55
T04,GL-4396,2026-03-16 03:30:00,7.940412,10.684942,11.6,5.48
T04,GL-4396,2026-03-16 03:31:00,7.941049,10.684891,8.9,4.26
T04,GL-4396,2026-03-16 03:32:00,7.941617,10.685035,5.8,2.93
T04,GL-4396,2026-03-16 03:33:00,7.942197,10.684875,4.0,3.45
T04,GL-4396,2026-03-16 03:34:00,7.942622,10.68499,10.7,3.18
T04,GL-4396,2026-03-16 03:35:00,7.943191,10.685011,9.6,3.61
T04,GL-4396,2026-03-16 03:36:00,7.943778,10.685138,9.7,5.49
T04,GL-4396,2026-03-16 03:37:00,7.944457,10.685071,11.7,5.42
T04,GL-4396,2026-03-16 03:38:00,7.944981,10.685173,5.4,5.06
T04,GL-4396,2026-03-16 03:39:00,7.94552,10.685155,10.1,4.47
T04,GL-4396,2026-03-16 03:40:00,7.945946,10.685264,7.6,4.93
T04,GL-4396,2026-03-16 03:41:00,7.94663,10.685307,11.5,5.14
T04,GL-4396,2026-03-16 03:42:00,7.947263,10.685319,9.2,5.22
T04,GL-4396,2026-03-16 03:43:00,7.947774,10.685525,11.5,3.03
T04,GL-4396,2026-03-16 03:44:00,7.948339,10.685448,6.9,3.16
T04,GL-4396,2026-03-16 03:45:00,7.948832,10.68546,7.9,5.21
T04,GL-4396,2026-03-16 03:46:00,7.949307,10.685541,10.7,4.07
T04,GL-4396,2026-03-16 03:47:00,7.949971,10.685462,11.5,4.06
T04,GL-4396,2026-03-16 03:48:00,7.950553,10.68562,7.1,5.41
T04,GL-4396,2026-03-16 03:49:00,7.951012,10.685549,6.9,5.05
T04,GL-4396,2026-03-16 03:50:00,7.951556,10.685692,5.6,3.23
T04,GL-4396,2026-03-16 03:51:00,7.952099,10.685627,5.9,5.05
T04,GL-4396,2026-03-16 03:52:00,7.95286,10.685746,9.1,4.52
T04,GL-4396,2026-03-16 03:53:00,7.953304,10.68574,4.8,3.29
T04,GL-4396,2026-03-16 03:54:00,7.953794,10.685807,11.4,5.33
T04,GL-4396,2026-03-16 03:55:00,7.95443,10.685844,6.0,3.93
T04,GL-4396,2026-03-16 03:56:00,7.954957,10.685945,5.7,5.55
T04,GL-4396,2026-03-16 03:57:00,7.955507,10.685874,10.4,3.66
T04,GL-4396,2026-03-16 03:58:00,7.956033,10.686067,10.5,4.8
T04,GL-4396,2026-03-16 03:59:00,7.956648,10.686099,10.9,4.4
T04,GL-4396,2026-03-16 04:00:00,7.957167,10.686064,7.1,5.09
T04,GL-4396,2026-03-16 04:01:00,7.957754,10.686231,,4.52
T04,GL-4396,2026-03-16 04:02:00,7.958447,10.686129,9.1,4.3
T04,GL-4396,2026-03-16 04:03:00,7.958857,10.686261,6.1,4.66
T04,GL-4396,2026-03-16 04:04:00,7.959444,10.686198,7.1,2.97
T04,GL-4396,2026-03-16 04:05:00,7.960074,10.68633,4.3,3.01
T04,GL-4396,2026-03-16 04:06:00,7.960528,10.686358,10.2,5.2
T04,GL-4396,2026-03-16 04:07:00,7.961222,10.686307,4.7,2.93
T04,GL-4396,2026-03-16 04:08:00,7.96153,10.686308,7.7,5.58
T04,GL-4396,2026-03-16 04:09:00,7.962167,10.686467,11.1,4.71
T04,GL-4396,2026-03-16 04:10:00,7.962693,10.686477,4.2,3.35
T04,GL-4396,2026-03-16 04:11:00,7.963307,10.68654,7.1,5.2
T04,GL-4396,2026-03-16 04:12:00,7.963823,10.686598,8.8,3.46
T04,GL-4396,2026-03-16 04:13:00,7.964437,10.686628,4.7,3.15
T04,GL-4396,2026-03-16 04:14:00,7.964984,10.686748,9.6,3.86
T04,GL-4396,2026-03-16 04:15:00,7.965499,10.68672,4.5,3.34
T04,GL-4396,2026-03-16 04:16:00,7.966157,10.686753,4.7,3.58
T04,GL-4396,2026-03-16 04:17:00,7.966681,10.686846,7.9,3.3
T04,GL-4396,2026-03-16 04:18:00,7.967139,10.686829,5.3,5.35
T04,GL-4396,2026-03-16 04:19:00,7.967813,10.68689,9.0,4.75
T04,GL-4396,2026-03-16 04:20:00,7.968365,10.686919,7.9,3.91
T04,GL-4396,2026-03-16 04:21:00,7.968849,10.687076,4.4,4.97
T04,GL-4396,2026-03-16 04:22:00,7.969395,10.686943,8.1,4.74
T04,GL-4396,2026-03-16 04:23:00,7.969919,10.687045,7.9,4.98
T04,GL-4396,2026-03-16 04:24:00,7.970533,10.687192,6.9,4.26
T04,GL-4396,2026-03-16 04:25:00,7.97109,10.687033,4.7,4.02
T04,GL-4396,2026-03-16 04:26:00,7.971758,10.687224,9.4,3.94
T04,GL-4396,2026-03-16 04:27:00,7.972209,10.687266,7.5,3.4
T04,GL-4396,2026-03-16 04:28:00,7.972701,10.687305,6.2,3.93
T04,GL-4396,2026-03-16 04:29:00,7.97334,10.687303,6.6,4.64
T04,GL-4396,2026-03-16 04:30:00,7.973851,10.687418,6.6,3.67
T04,GL-4396,2026-03-16 04:31:00,7.974362,10.687474,7.5,4.44
T04,GL-4396,2026-03-16 04:32:00,7.974955,10.687491,10.5,3.34
T04,GL-4396,2026-03-16 04:33:00,7.975648,10.687432,8.3,4.73
T04,GL-4396,2026-03-16 04:34:00,7.976078,10.687425,8.4,3.63
T04,GL-4396,2026-03-16 04:35:00,7.976595,10.687512,4.6,3.86
T04,GL-4396,2026-03-16 04:36:00,7.977242,10.687526,6.8,5.31
T04,GL-4396,2026-03-16 04:37:00,7.977822,10.68773,4.6,3.6
T04,GL-4396,2026-03-16 04:38:00,7.978416,10.687603,9.3,3.78
T04,GL-4396,2026-03-16 04:39:00,7.979004,10.687765,9.5,3.93
T04,GL-4396,2026-03-16 04:40:00,7.979467,10.687867,5.5,4.28
T04,GL-4396,2026-03-16 04:41:00,7.980008,10.687823,7.3,5.47
T04,GL-4396,2026-03-16 04:42:00,7.980603,10.687916,10.9,4.12
T04,GL-4396,2026-03-16 04:43:00,7.981068,10.687907,6.4,2.99
T04,GL-4396,2026-03-16 04:44:00,7.981675,10.687892,5.4,2.88
T04,GL-4396,2026-03-16 04:45:00,7.982302,10.688087,5.9,3.45
T04,GL-4396,2026-03-16 04:46:00,7.982794,10.68813,11.7,2.85
T04,GL-4396,2026-03-16 04:47:00,7.983426,10.688125,5.7,4.8
T04,GL-4396,2026-03-16 04:48:00,7.983991,10.688116,6.8,4.62
T04,GL-4396,2026-03-16 04:49:00,7.984465,10.688034,4.2,5.21
T04,GL-4396,2026-03-16 04:50:00,7.985044,10.688147,11.2,5.34
T04,GL-4396,2026-03-16 04:51:00,7.985542,10.68831,,4.23
T04,GL-4396,2026-03-16 04:52:00,7.98618,10.688289,10.5,4.7
T04,GL-4396,2026-03-16 04:53:00,7.986747,10.688288,4.2,3.6
T04,GL-4396,2026-03-16 04:54:00,7.987347,10.688437,12.0,4.43
T04,GL-4396,2026-03-16 04:55:00,7.987804,10.688439,11.0,3.31
T04,GL-4396,2026-03-16 04:56:00,7.98834,10.688546,11.2,5.24
T04,GL-4396,2026-03-16 04:57:00,7.988925,10.688492,9.0,5.5
T04,GL-4396,2026-03-16 04:58:00,7.989495,10.688448,7.9,5.3
T04,GL-4396,2026-03-16 04:59:00,7.990097,10.688635,,3.78
T04,GL-4396,2026-03-16 05:00:00,7.99062,10.688652,5.5,5.43
T04,GL-4396,2026-03-16 05:01:00,7.991141,10.688716,7.2,5.29
T04,GL-4396,2026-03-16 05:02:00,7.99183,10.688773,5.5,4.48
T04,GL-4396,2026-03-16 05:03:00,7.99221,10.688766,5.8,3.44
T04,GL-4396,2026-03-16 05:04:00,7.992883,10.688843,6.7,4.24
T04,GL-4396,2026-03-16 05:05:00,7.993342,10.688816,8.9,2.84
T04,GL-4396,2026-03-16 05:06:00,7.99388,10.688795,11.2,3.37
T04,GL-4396,2026-03-16 05:07:00,7.994527,10.688938,10.3,3.11
T04,GL-4396,2026-03-16 05:08:00,7.994963,10.688935,5.4,3.47
T04,GL-4396,2026-03-16 05:09:00,7.995673,10.689077,4.7,4.53
T04,GL-4396,2026-03-16 05:10:00,7.996177,10.689019,6.4,3.08
T04,GL-4396,2026-03-16 05:11:00,7.996795,10.689049,10.3,3.58
T04,GL-4396,2026-03-16 05:12:00,7.997277,10.689109,5.8,2.91
T04,GL-4396,2026-03-16 05:13:00,7.997814,10.689155,7.1,3.6
T04,GL-4396,2026-03-16 05:14:00,7.998427,10.689158,11.2,5.53
T04,GL-4396,2026-03-16 05:15:00,7.99887,10.689253,8.4,4.45
T04,GL-4396,2026-03-16 05:16:00,7.999572,10.689305,11.0,4.83
T04,GL-4396,2026-03-16 05:17:00,8.000179,10.689313,11.3,4.98
T04,GL-4396,2026-03-16 05:18:00,8.000716,10.689454,7.1,4.37
T04,GL-4396,2026-03-16 05:19:00,8.001155,10.689486,4.8,2.92
T04,GL-4396,2026-03-16 05:20:00,8.001726,10.68962,10.4,5.58
T04,GL-4396,2026-03-16 05:21:00,8.002354,10.689501,11.8,3.31
T04,GL-4396,2026-03-16 05:22:00,8.002871,10.689547,10.9,3.8
T04,GL-4396,2026-03-16 05:23:00,8.003546,10.689678,11.8,4.02
T04,GL-4396,2026-03-16 05:24:00,8.003922,10.68964,10.8,4.44
T04,GL-4396,2026-03-16 05:25:00,8.004565,10.689671,9.5,4.84
T04,GL-4396,2026-03-16 05:26:00,8.005247,10.689752,4.1,2.99
T04,GL-4396,2026-03-16 05:27:00,8.005659,10.689835,8.3,3.17
T04,GL-4396,2026-03-16 05:28:00,8.006155,10.689715,7.0,5.01
T04,GL-4396,2026-03-16 05:29:00,8.00671,10.689976,10.9,2.94
T04,GL-4396,2026-03-16 05:30:00,8.007377,10.689962,11.3,3.27
T04,GL-4396,2026-03-16 05:31:00,8.007902,10.689778,5.7,3.08
T04,GL-4396,2026-03-16 05:32:00,8.008445,10.689994,9.4,2.9
T04,GL-4396,2026-03-16 05:33:00,8.009171,10.690054,4.8,4.64
T04,GL-4396,2026-03-16 05:34:00,8.009549,10.690106,7.2,5.2
T04,GL-4396,2026-03-16 05:35:00,8.010193,10.690095,10.1,4.87
T04,GL-4396,2026-03-16 05:36:00,8.010613,10.690217,10.3,3.67
T04,GL-4396,2026-03-16 05:37:00,8.011284,10.69019,5.4,3.07
T04,GL-4396,2026-03-16 05:38:00,8.011784,10.690234,6.3,3.83
T04,GL-4396,2026-03-16 05:39:00,8.012363,10.690278,6.1,3.17
T04,GL-4396,2026-03-16 05:40:00,8.012858,10.690287,5.8,4.58
T04,GL-4396,2026-03-16 05:41:00,8.01355,10.690339,6.3,3.13
T04,GL-4396,2026-03-16 05:42:00,8.014095,10.690464,4.1,3.87
T04,GL-4396,2026-03-16 05:43:00,8.01469,10.690471,4.2,4.06
T04,GL-4396,2026-03-16 05:44:00,8.015056,10.690498,9.4,3.22
T04,GL-4396,2026-03-16 05:45:00,8.015723,10.690541,11.0,3.47
T04,GL-4396,2026-03-16 05:46:00,8.016183,10.690618,7.6,5.46
T04,GL-4396,2026-03-16 05:47:00,8.016774,10.690745,5.7,4.84
T04,GL-4396,2026-03-16 05:48:00,8.017365,10.690619,7.2,3.98
T04,GL-4396,2026-03-16 05:49:00,8.017984,10.690696,11.2,4.39
T04,GL-4396,2026-03-16 05:50:00,8.018556,10.690721,6.6,3.08
T04,GL-4396,2026-03-16 05:51:00,8.018947,10.690668,5.1,4.02
T04,GL-4396,2026-03-16 05:52:00,8.019542,10.690887,6.5,5.34
T04,GL-4396,2026-03-16 05:53:00,8.020175,10.690846,4.7,5.04
T04,GL-4396,2026-03-16 05:54:00,8.020649,10.690932,4.6,4.79
T04,GL-4396,2026-03-16 05:55:00,8.021296,10.691046,5.4,4.16
T04,GL-4396,2026-03-16 05:56:00,8.021847,10.690978,7.6,3.5
T04,GL-4396,2026-03-16 05:57:00,8.022387,10.691084,7.2,4.45
T04,GL-4396,2026-03-16 05:58:00,8.022989,10.691001,10.1,5.52
T04,GL-4396,2026-03-16 05:59:00,8.02356,10.691146,10.8,3.12
T04,GL-4396,2026-03-16 06:00:00,8.024043,10.691232,4.6,4.84
T04,GL-4396,2026-03-16 06:01:00,8.024586,10.691159,10.9,3.39
T04,GL-4396,2026-03-16 06:02:00,8.025218,10.691286,9.6,4.12
T04,GL-4396,2026-03-16 06:03:00,8.025817,10.691191,5.8,3.37
T04,GL-4396,2026-03-16 06:04:00,8.026273,10.691404,5.8,4.71
T04,GL-4396,2026-03-16 06:05:00,8.026779,10.691356,9.0,5.08
T04,GL-4396,2026-03-16 06:06:00,8.027344,10.69135,,5.34
T04,GL-4396,2026-03-16 06:07:00,8.027961,10.691413,10.0,5.1
T04,GL-4396,2026-03-16 06:08:00,8.028401,10.691323,10.1,4.36
T04,GL-4396,2026-03-16 06:09:00,8.029055,10.691497,9.2,4.99
T04,GL-4396,2026-03-16 06:10:00,8.029696,10.691584,8.2,4.67
T04,GL-4396,2026-03-16 06:11:00,8.030274,10.691709,5.0,4.84
T04,GL-4396,2026-03-16 06:12:00,8.030773,10.691711,7.1,5.31
T04,GL-4396,2026-03-16 06:13:00,8.031347,10.691768,4.1,5.2
T04,GL-4396,2026-03-16 06:14:00,8.031881,10.691728,8.2,3.56
T04,GL-4396,2026-03-16 06:15:00,8.032447,10.691885,9.8,5.59
T04,GL-4396,2026-03-16 06:16:00,8.033006,10.691915,4.6,2.84
T04,GL-4396,2026-03-16 06:17:00,8.03353,10.691869,7.7,3.64
T04,GL-4396,2026-03-16 06:18:00,8.033932,10.691982,9.8,3.75
T04,GL-4396,2026-03-16 06:19:00,8.034709,10.691947,6.4,4.67
T04,GL-4396,2026-03-16 06:20:00,8.035136,10.692004,5.2,3.33
T04,GL-4396,2026-03-16 06:21:00,8.035714,10.692136,11.7,4.43
T04,GL-4396,2026-03-16 06:22:00,8.036346,10.691998,7.6,4.35
T04,GL-4396,2026-03-16 06:23:00,8.036794,10.692101,7.1,3.36
T04,GL-4396,2026-03-16 06:24:00,8.037405,10.692179,7.8,4.49
T04,GL-4396,2026-03-16 06:25:00,8.037921,10.692314,8.4,4.95
T04,GL-4396,2026-03-16 06:26:00,8.03852,10.692197,11.0,3.13
T04,GL-4396,2026-03-16 06:27:00,8.039085,10.692292,10.8,3.41
T04,GL-4396,2026-03-16 06:28:00,8.039705,10.692384,11.1,4.48
T04,GL-4396,2026-03-16 06:29:00,8.040171,10.692292,9.5,4.7
T04,GL-4396,2026-03-16 06:30:00,8.040817,10.692498,,3.98
T04,GL-4396,2026-03-16 06:31:00,8.041267,10.692445,11.5,3.68
T04,GL-4396,2026-03-16 06:32:00,8.041831,10.692451,8.0,4.7
T04,GL-4396,2026-03-16 06:33:00,8.042478,10.692507,7.6,3.0
T04,GL-4396,2026-03-16 06:34:00,8.042972,10.692558,7.8,5.58
T04,GL-4396,2026-03-16 06:35:00,8.043602,10.692671,8.2,5.42
T04,GL-4396,2026-03-16 06:36:00,8.04402,10.69272,9.0,3.96
T04,GL-4396,2026-03-16 06:37:00,8.044649,10.692656,7.4,3.95
T04,GL-4396,2026-03-16 06:38:00,8.045211,10.692649,9.0,4.51
T04,GL-4396,2026-03-16 06:39:00,8.045725,10.692907,7.8,4.85
T04,GL-4396,2026-03-16 06:40:00,8.046262,10.692844,11.9,4.66
T04,GL-4396,2026-03-16 06:41:00,8.047068,10.692772,11.3,3.22
T04,GL-4396,2026-03-16 06:42:00,8.047454,10.692927,8.5,3.7
T04,GL-4396,2026-03-16 06:43:00,8.047959,10.692896,7.4,4.69
T04,GL-4396,2026-03-16 06:44:00,8.048612,10.693173,10.8,5.4
T04,GL-4396,2026-03-16 06:45:00,8.049076,10.693075,11.8,5.35
T04,GL-4396,2026-03-16 06:46:00,8.049752,10.693046,6.2,2.85
T04,GL-4396,2026-03-16 06:47:00,8.050333,10.693171,10.6,3.06
T04,GL-4396,2026-03-16 06:48:00,8.050746,10.693219,10.0,5.21
T04,GL-4396,2026-03-16 06:49:00,8.051346,10.693355,11.8,2.82
T04,GL-4396,2026-03-16 06:50:00,8.051897,10.693228,4.9,3.59
T04,GL-4396,2026-03-16 06:51:00,8.052552,10.693357,10.9,3.3
T04,GL-4396,2026-03-16 06:52:00,8.053123,10.69335,4.2,3.5
T04,GL-4396,2026-03-16 06:53:00,8.053569,10.693364,10.3,4.82
T04,GL-4396,2026-03-16 06:54:00,8.054055,10.693489,10.5,3.26
T04,GL-4396,2026-03-16 06:55:00,8.05464,10.693515,7.8,3.5
T04,GL-4396,2026-03-16 06:56:00,8.055151,10.693522,7.8,4.32
T04,GL-4396,2026-03-16 06:57:00,8.055779,10.693645,7.7,3.57
T04,GL-4396,2026-03-16 06:58:00,8.056361,10.693638,9.0,4.5
T04,GL-4396,2026-03-16 06:59:00,8.056856,10.6938,10.7,3.15
T04,GL-4396,2026-03-16 07:00:00,8.05756,10.693685,7.2,4.15
T04,GL-4396,2026-03-16 07:01:00,8.057968,10.693768,7.2,5.53
T04,GL-4396,2026-03-16 07:02:00,8.058511,10.693774,7.5,3.74
T04,GL-4396,2026-03-16 07:03:00,8.059198,10.693886,9.7,3.61
T04,GL-4396,2026-03-16 07:04:00,8.059815,10.693892,4.9,3.65
T04,GL-4396,2026-03-16 07:05:00,8.06028,10.693809,10.7,5.06
T04,GL-4396,2026-03-16 07:06:00,8.429553,10.693954,8.8,473.5
T04,GL-4396,2026-03-16 07:07:00,8.061318,10.694125,6.2,4.84
T04,GL-4396,2026-03-16 07:08:00,8.061881,10.694031,10.1,5.35
T04,GL-4396,2026-03-16 07:09:00,8.06239,10.694124,7.2,3.44
T04,GL-4396,2026-03-16 07:10:00,8.063062,10.694212,6.8,5.32
T04,GL-4396,2026-03-16 07:11:00,8.0637,10.694261,7.1,4.27
T04,GL-4396,2026-03-16 07:12:00,8.064213,10.694204,11.5,5.08
T04,GL-4396,2026-03-16 07:13:00,8.064743,10.694328,7.6,5.54
T04,GL-4396,2026-03-16 07:14:00,8.065242,10.694244,5.7,5.35
T04,GL-4396,2026-03-16 07:15:00,8.065808,10.694355,10.7,3.84
T04,GL-4396,2026-03-16 07:16:00,8.06646,10.69443,4.3,4.77
T04,GL-4396,2026-03-16 07:17:00,8.06694,10.694358,7.2,3.51
T04,GL-4396,2026-03-16 07:18:00,8.067496,10.694471,10.4,4.5
T04,GL-4396,2026-03-16 07:19:00,8.068026,10.694537,8.0,3.35
T04,GL-4396,2026-03-16 07:20:00,8.068737,10.694602,7.1,4.06
T04,GL-4396,2026-03-16 07:21:00,8.069219,10.694552,7.1,3.55
T04,GL-4396,2026-03-16 07:22:00,8.069723,10.694693,8.3,3.37
T04,GL-4396,2026-03-16 07:23:00,8.070339,10.694772,6.3,2.82
T04,GL-4396,2026-03-16 07:24:00,8.070932,10.694658,6.3,5.44
T04,GL-4396,2026-03-16 07:25:00,8.071562,10.694855,5.5,3.36
T04,GL-4396,2026-03-16 07:26:00,8.071937,10.694803,5.7,4.56
T04,GL-4396,2026-03-16 07:27:00,8.072619,10.694821,11.3,3.71
T04,GL-4396,2026-03-16 07:28:00,8.073077,10.694915,7.1,4.6
T04,GL-4396,2026-03-16 07:29:00,8.073579,10.694971,8.2,4.75
T04,GL-4396,2026-03-16 07:30:00,8.074108,10.694913,8.2,4.23
T04,GL-4396,2026-03-16 07:31:00,8.074646,10.695118,8.7,4.41
T04,GL-4396,2026-03-16 07:32:00,8.075257,10.695102,7.2,3.89
T04,GL-4396,2026-03-16 07:33:00,8.075969,10.695171,11.9,2.99
T04,GL-4396,2026-03-16 07:34:00,8.076476,10.695146,10.9,3.65
T04,GL-4396,2026-03-16 07:35:00,8.076942,10.69516,11.9,5.01
T04,GL-4396,2026-03-16 07:36:00,8.077569,10.695224,10.6,3.69
T04,GL-4396,2026-03-16 07:37:00,8.078084,10.69533,8.6,5.16
T04,GL-4396,2026-03-16 07:38:00,8.078675,10.695292,6.4,4.91
T04,GL-4396,2026-03-16 07:39:00,8.079214,10.695467,10.7,4.21
T04,GL-4396,2026-03-16 07:40:00,8.079864,10.695368,4.9,3.02
T04,GL-4396,2026-03-16 07:41:00,8.080417,10.695464,5.0,4.92
T04,GL-4396,2026-03-16 07:42:00,8.08089,10.695531,9.7,3.45
T04,GL-4396,2026-03-16 07:43:00,8.08138,10.695444,6.8,4.12
T04,GL-4396,2026-03-16 07:44:00,8.082228,10.695448,,2.88
T04,GL-4396,2026-03-16 07:45:00,8.082519,10.695683,11.2,3.57
T04,GL-4396,2026-03-16 07:46:00,8.083099,10.695723,9.2,4.57
T04,GL-4396,2026-03-16 07:47:00,8.08354,10.695723,6.4,2.89
T04,GL-4396,2026-03-16 07:48:00,8.084159,10.695779,11.6,4.09
T04,GL-4396,2026-03-16 07:49:00,8.084786,10.695791,8.8,5.6
T04,GL-4396,2026-03-16 07:50:00,8.085407,10.695851,11.0,4.1
T04,GL-4396,2026-03-16 07:51:00,8.085892,10.695999,7.3,4.62
T04,GL-4396,2026-03-16 07:52:00,8.086424,10.695764,10.1,5.41
T04,GL-4396,2026-03-16 07:53:00,8.087089,10.695992,10.1,4.58
T04,GL-4396,2026-03-16 07:54:00,8.087661,10.695994,5.0,5.11
T04,GL-4396,2026-03-16 07:55:00,8.088201,10.696012,10.4,3.45
T04,GL-4396,2026-03-16 07:56:00,8.088659,10.696042,4.4,4.84
T04,GL-4396,2026-03-16 07:57:00,8.089284,10.696135,10.8,4.67
T04,GL-4396,2026-03-16 07:58:00,8.089738,10.696128,8.7,2.97
T04,GL-4396,2026-03-16 07:59:00,8.090256,10.696232,8.0,4.27
T04,GL-4396,2026-03-16 08:00:00,8.091031,10.6963,11.8,4.31
T04,GL-4396,2026-03-16 08:01:00,8.09153,10.696304,5.3,5.19
T04,GL-4396,2026-03-16 08:02:00,8.092102,10.696465,7.5,5.52
T04,GL-4396,2026-03-16 08:03:00,8.092718,10.696227,11.7,3.66
T04,GL-4396,2026-03-16 08:04:00,8.093076,10.696502,10.2,4.6
T04,GL-4396,2026-03-16 08:05:00,8.093657,10.696578,5.6,4.44
T04,GL-4396,2026-03-16 08:06:00,8.094422,10.696561,9.4,5.16
T04,GL-4396,2026-03-16 08:07:00,8.094782,10.696501,11.9,2.83
T04,GL-4396,2026-03-16 08:08:00,8.095319,10.696563,12.0,5.03
T04,GL-4396,2026-03-16 08:09:00,8.095862,10.696631,4.7,4.53
T04,GL-4396,2026-03-16 08:10:00,8.096438,10.696737,,3.55
T04,GL-4396,2026-03-16 08:11:00,8.097004,10.696677,7.5,5.52
T04,GL-4396,2026-03-16 08:12:00,8.097736,10.696726,11.8,3.52
T04,GL-4396,2026-03-16 08:13:00,8.098221,10.69685,9.8,4.79
T04,GL-4396,2026-03-16 08:14:00,8.098773,10.696752,10.0,4.21
T04,GL-4396,2026-03-16 08:15:00,8.099199,10.696836,9.6,5.07
T04,GL-4396,2026-03-16 08:16:00,8.09991,10.696867,7.9,4.6
T04,GL-4396,2026-03-16 08:17:00,8.100299,10.69698,4.4,5.26
T04,GL-4396,2026-03-16 08:18:00,8.100355,10.696996,10.6,0.26
T04,GL-4396,2026-03-16 08:19:00,8.100453,10.69709,5.9,0.68
T04,GL-4396,2026-03-16 08:20:00,8.100365,10.697113,7.3,0.16
T04,GL-4396,2026-03-16 08:21:00,8.100268,10.697041,11.3,0.11
T04,GL-4396,2026-03-16 08:22:00,8.100448,10.697051,7.9,0.85
T04,GL-4396,2026-03-16 08:23:00,8.100529,10.697047,11.5,0.9
T04,GL-4396,2026-03-16 08:24:00,8.100468,10.697055,4.3,0.01
T04,GL-4396,2026-03-16 08:25:00,8.100383,10.69687,4.4,0.12
T04,GL-4396,2026-03-16 08:26:00,8.100289,10.697026,6.7,0.36
T04,GL-4396,2026-03-16 08:27:00,8.100481,10.696904,4.5,0.83
T04,GL-4396,2026-03-16 08:28:00,8.100446,10.697097,11.3,0.13
T04,GL-4396,2026-03-16 08:29:00,8.100454,10.696961,6.7,0.11
T04,GL-4396,2026-03-16 08:30:00,8.100485,10.696982,7.1,0.72
T04,GL-4396,2026-03-16 08:31:00,8.100408,10.69713,4.1,0.01
T04,GL-4396,2026-03-16 08:32:00,8.100204,10.696895,9.4,0.73
T04,GL-4396,2026-03-16 08:33:00,8.10043,10.696862,10.0,0.03
T04,GL-4396,2026-03-16 08:34:00,8.100458,10.696818,11.2,0.25
T04,GL-4396,2026-03-16 08:35:00,8.100271,10.697072,8.9,0.73
T04,GL-4396,2026-03-16 08:36:00,7.948934,10.69705,8.9,362.89
T04,GL-4396,2026-03-16 08:37:00,8.100365,10.697035,4.3,0.63
T04,GL-4396,2026-03-16 08:38:00,8.100382,10.696994,12.0,0.52
T04,GL-4396,2026-03-16 08:39:00,8.100361,10.696959,7.9,0.88
T04,GL-4396,2026-03-16 08:40:00,8.100593,10.696974,4.8,0.28
T04,GL-4396,2026-03-16 08:41:00,8.100317,10.696988,7.2,0.4
T04,GL-4396,2026-03-16 08:42:00,8.100577,10.696901,5.5,0.19
T04,GL-4396,2026-03-16 08:43:00,8.100478,10.696985,9.1,0.42
T04,GL-4396,2026-03-16 08:44:00,8.100387,10.696924,10.5,0.68
T04,GL-4396,2026-03-16 08:45:00,8.100359,10.696823,6.2,0.6
T04,GL-4396,2026-03-16 08:46:00,8.099769,10.696858,5.0,3.72
T04,GL-4396,2026-03-16 08:47:00,8.099209,10.696889,4.1,5.28
T04,GL-4396,2026-03-16 08:48:00,8.098733,10.69686,12.0,3.42
T04,GL-4396,2026-03-16 08:49:00,8.098171,10.696738,10.4,4.35
T04,GL-4396,2026-03-16 08:50:00,8.097492,10.69672,7.8,3.08
T04,GL-4396,2026-03-16 08:51:00,8.096929,10.696569,11.6,3.35
T04,GL-4396,2026-03-16 08:52:00,8.096351,10.696544,11.7,3.09
T04,GL-4396,2026-03-16 08:53:00,8.095771,10.696367,7.6,2.93
T04,GL-4396,2026-03-16 08:54:00,8.095121,10.696329,9.5,4.3
T04,GL-4396,2026-03-16 08:55:00,8.09475,10.69639,4.3,4.63
T04,GL-4396,2026-03-16 08:56:00,8.093946,10.696247,4.9,4.58
T04,GL-4396,2026-03-16 08:57:00,8.09347,10.696245,6.0,3.02
T04,GL-4396,2026-03-16 08:58:00,8.09295,10.696046,7.4,5.1
T04,GL-4396,2026-03-16 08:59:00,8.092324,10.696072,10.8,5.03
T04,GL-4396,2026-03-16 09:00:00,8.091801,10.695972,5.5,3.75
T04,GL-4396,2026-03-16 09:01:00,8.091293,10.695793,9.3,3.49
T04,GL-4396,2026-03-16 09:02:00,8.090717,10.695913,6.7,3.75
T04,GL-4396,2026-03-16 09:03:00,8.090054,10.695829,7.6,4.06
T04,GL-4396,2026-03-16 09:04:00,8.089552,10.695784,4.1,2.96
T04,GL-4396,2026-03-16 09:05:00,8.088936,10.695647,10.3,3.33
T04,GL-4396,2026-03-16 09:06:00,8.088387,10.695532,9.9,3.15
T04,GL-4396,2026-03-16 09:07:00,8.087862,10.69548,8.8,2.81
T04,GL-4396,2026-03-16 09:08:00,8.087268,10.695482,9.5,3.95
T04,GL-4396,2026-03-16 09:09:00,8.086735,10.695249,6.8,4.01
T04,GL-4396,2026-03-16 09:10:00,8.086046,10.695377,8.2,3.98
T04,GL-4396,2026-03-16 09:11:00,8.08554,10.69536,4.3,5.4
T04,GL-4396,2026-03-16 09:12:00,8.084901,10.695106,8.5,5.24
T04,GL-4396,2026-03-16 09:13:00,8.084324,10.694995,5.5,4.63
T04,GL-4396,2026-03-16 09:14:00,8.083744,10.694988,4.3,3.58
T04,GL-4396,2026-03-16 09:15:00,8.083161,10.695006,10.7,3.84
T04,GL-4396,2026-03-16 09:16:00,8.082565,10.694826,6.2,4.43
T04,GL-4396,2026-03-16 09:17:00,8.082041,10.694731,6.6,2.9
T04,GL-4396,2026-03-16 09:18:00,8.081437,10.694636,6.1,5.47
T04,GL-4396,2026-03-16 09:19:00,8.080864,10.694716,8.0,4.09
T04,GL-4396,2026-03-16 09:20:00,8.080459,10.694733,7.0,2.97
T04,GL-4396,2026-03-16 09:21:00,8.079836,10.69465,5.6,4.81
T04,GL-4396,2026-03-16 09:22:00,8.079353,10.694459,6.1,3.0
T04,GL-4396,2026-03-16 09:23:00,8.078509,10.694433,5.9,3.66
T04,GL-4396,2026-03-16 09:24:00,8.078169,10.694378,8.1,4.78
T04,GL-4396,2026-03-16 09:25:00,8.077548,10.69437,11.0,4.56
T04,GL-4396,2026-03-16 09:26:00,8.076912,10.69429,11.3,4.12
T04,GL-4396,2026-03-16 09:27:00,8.076261,10.694233,10.9,2.85
T04,GL-4396,2026-03-16 09:28:00,8.075749,10.6941,11.7,4.49
T04,GL-4396,2026-03-16 09:29:00,8.075196,10.693989,8.3,4.45
T04,GL-4396,2026-03-16 09:30:00,8.074643,10.693922,4.2,3.71
T04,GL-4396,2026-03-16 09:31:00,8.074106,10.693871,11.8,3.13
T04,GL-4396,2026-03-16 09:32:00,8.073503,10.693745,10.6,4.58
T04,GL-4396,2026-03-16 09:33:00,8.072922,10.69368,6.2,4.04
T04,GL-4396,2026-03-16 09:34:00,8.072414,10.693711,6.3,3.72
T04,GL-4396,2026-03-16 09:35:00,8.071734,10.693575,6.1,5.26
T04,GL-4396,2026-03-16 09:36:00,8.071186,10.693536,,4.26
T04,GL-4396,2026-03-16 09:37:00,8.070701,10.693427,6.9,4.47
T04,GL-4396,2026-03-16 09:38:00,8.070118,10.69339,8.6,4.75
T04,GL-4396,2026-03-16 09:39:00,8.069407,10.693392,6.9,4.58
T04,GL-4396,2026-03-16 09:40:00,8.068824,10.693238,4.2,4.93
T04,GL-4396,2026-03-16 09:41:00,8.068287,10.693213,8.2,5.16
T04,GL-4396,2026-03-16 09:42:00,8.067744,10.693122,7.5,4.65
T04,GL-4396,2026-03-16 09:43:00,8.067236,10.693041,8.5,4.24
T04,GL-4396,2026-03-16 09:44:00,8.066535,10.693014,9.5,4.26
T04,GL-4396,2026-03-16 09:45:00,8.066057,10.692935,6.8,5.44
T04,GL-4396,2026-03-16 09:46:00,8.065591,10.69277,9.7,2.82
T04,GL-4396,2026-03-16 09:47:00,8.064907,10.69274,4.6,3.53
T04,GL-4396,2026-03-16 09:48:00,8.064368,10.692766,8.0,4.75
T04,GL-4396,2026-03-16 09:49:00,8.063678,10.692637,10.4,5.13
T04,GL-4396,2026-03-16 09:50:00,8.063187,10.69261,8.7,3.74
T04,GL-4396,2026-03-16 09:51:00,8.06263,10.692497,5.4,4.54
T04,GL-4396,2026-03-16 09:52:00,8.062051,10.69251,7.4,5.16
T04,GL-4396,2026-03-16 09:53:00,8.061529,10.69241,10.9,4.85
T04,GL-4396,2026-03-16 09:54:00,8.060972,10.692351,8.7,5.49
T04,GL-4396,2026-03-16 09:55:00,8.060359,10.692239,6.4,4.66
T04,GL-4396,2026-03-16 09:56:00,8.05973,10.692156,4.5,3.48
T04,GL-4396,2026-03-16 09:57:00,8.059185,10.692137,6.2,5.17
T04,GL-4396,2026-03-16 09:58:00,8.058626,10.692018,5.9,3.91
T04,GL-4396,2026-03-16 09:59:00,8.058018,10.69191,11.5,5.4
T04,GL-4396,2026-03-16 10:00:00,8.057579,10.691933,8.6,3.94
T04,GL-4396,2026-03-16 10:01:00,8.056869,10.69183,6.8,4.8
T04,GL-4396,2026-03-16 10:02:00,8.056346,10.691807,4.6,3.16
T04,GL-4396,2026-03-16 10:03:00,8.055791,10.691722,9.1,4.88
T04,GL-4396,2026-03-16 10:04:00,8.055294,10.691599,4.1,4.47
T04,GL-4396,2026-03-16 10:05:00,8.054591,10.691574,6.4,5.35
T04,GL-4396,2026-03-16 10:06:00,8.053979,10.691509,8.9,5.39
T04,GL-4396,2026-03-16 10:07:00,8.053522,10.691403,8.2,3.79
T04,GL-4396,2026-03-16 10:08:00,8.052853,10.691332,7.7,3.97
T04,GL-4396,2026-03-16 10:09:00,8.052237,10.691338,6.4,3.36
T04,GL-4396,2026-03-16 10:10:00,8.051754,10.691144,6.2,4.75
T04,GL-4396,2026-03-16 10:11:00,8.051225,10.691164,5.6,3.55
T04,GL-4396,2026-03-16 10:12:00,8.050616,10.691079,6.6,5.58
T04,GL-4396,2026-03-16 10:13:00,8.050053,10.691006,10.7,4.6
T04,GL-4396,2026-03-16 10:14:00,8.04947,10.690942,6.4,5.46
T04,GL-4396,2026-03-16 10:15:00,8.048884,10.690896,9.8,4.62
T04,GL-4396,2026-03-16 10:16:00,8.048286,10.690751,6.4,4.57
T04,GL-4396,2026-03-16 10:17:00,8.047832,10.690694,10.1,4.99
T04,GL-4396,2026-03-16 10:18:00,8.047126,10.690803,,3.47
T04,GL-4396,2026-03-16 10:19:00,8.046629,10.690582,6.5,5.6
T04,GL-4396,2026-03-16 10:20:00,8.045973,10.690464,4.4,4.85
T04,GL-4396,2026-03-16 10:21:00,8.045513,10.690474,6.7,5.01
T04,GL-4396,2026-03-16 10:22:00,8.044853,10.69045,10.0,3.5
T04,GL-4396,2026-03-16 10:23:00,8.044308,10.690276,8.8,3.9
T04,GL-4396,2026-03-16 10:24:00,8.043759,10.690317,5.6,3.47
T04,GL-4396,2026-03-16 10:25:00,8.043106,10.690224,4.4,3.88
T04,GL-4396,2026-03-16 10:26:00,8.042591,10.690027,4.7,5.53
T04,GL-4396,2026-03-16 10:27:00,8.041971,10.690027,8.6,5.55
T04,GL-4396,2026-03-16 10:28:00,8.041522,10.690005,6.9,4.65
T04,GL-4396,2026-03-16 10:29:00,8.040884,10.689912,5.4,4.21
T04,GL-4396,2026-03-16 10:30:00,8.040237,10.689838,7.4,3.76
T04,GL-4396,2026-03-16 10:31:00,8.039695,10.68971,6.5,3.72
T04,GL-4396,2026-03-16 10:32:00,8.039077,10.689804,6.3,3.05
T04,GL-4396,2026-03-16 10:33:00,8.038595,10.689628,6.5,4.84
T04,GL-4396,2026-03-16 10:34:00,8.038023,10.689687,10.6,4.76
T04,GL-4396,2026-03-16 10:35:00,8.037505,10.689446,10.9,5.02
T04,GL-4396,2026-03-16 10:36:00,8.03686,10.689529,9.3,2.85
T04,GL-4396,2026-03-16 10:37:00,8.036303,10.689502,10.6,4.28
T04,GL-4396,2026-03-16 10:38:00,8.035682,10.689341,4.9,3.52
T04,GL-4396,2026-03-16 10:39:00,8.035183,10.689413,10.9,4.85
T04,GL-4396,2026-03-16 10:40:00,8.034505,10.689294,10.1,4.75
T04,GL-4396,2026-03-16 10:41:00,8.033966,10.689134,11.9,3.34
T04,GL-4396,2026-03-16 10:42:00,8.03344,10.689175,6.7,4.69
T04,GL-4396,2026-03-16 10:43:00,8.032805,10.689071,4.6,4.0
T04,GL-4396,2026-03-16 10:44:00,8.032285,10.688938,7.6,3.52
T04,GL-4396,2026-03-16 10:45:00,8.031647,10.688924,6.8,4.93
T04,GL-4396,2026-03-16 10:46:00,8.031154,10.688708,10.4,4.98
T04,GL-4396,2026-03-16 10:47:00,8.030638,10.688707,11.7,4.02
T04,GL-4396,2026-03-16 10:48:00,8.030071,10.688708,8.6,3.32
T04,GL-4396,2026-03-16 10:49:00,8.029365,10.688573,9.0,5.41
T04,GL-4396,2026-03-16 10:50:00,8.028863,10.68857,5.8,5.32
T04,GL-4396,2026-03-16 10:51:00,8.028395,10.688522,10.5,3.01
T04,GL-4396,2026-03-16 10:52:00,8.027763,10.688476,8.0,4.98
T04,GL-4396,2026-03-16 10:53:00,8.027119,10.68837,6.8,4.87
T04,GL-4396,2026-03-16 10:54:00,8.026603,10.688302,10.8,5.48
T04,GL-4396,2026-03-16 10:55:00,8.025992,10.688255,,5.02
T04,GL-4396,2026-03-16 10:56:00,8.025449,10.688149,7.4,3.01
T04,GL-4396,2026-03-16 10:57:00,8.024752,10.688094,10.6,5.1
T04,GL-4396,2026-03-16 10:58:00,8.024206,10.68807,10.8,3.74
T04,GL-4396,2026-03-16 10:59:00,8.023658,10.687962,4.9,4.82
T04,GL-4396,2026-03-16 11:00:00,8.023175,10.68785,10.5,5.06
T04,GL-4396,2026-03-16 11:01:00,8.022618,10.687745,12.0,5.27
T04,GL-4396,2026-03-16 11:02:00,8.022067,10.687825,7.4,3.79
T04,GL-4396,2026-03-16 11:03:00,8.021485,10.687687,4.5,2.86
T04,GL-4396,2026-03-16 11:04:00,8.020871,10.687541,8.0,4.11
T04,GL-4396,2026-03-16 11:05:00,8.020313,10.687529,6.6,3.64
T04,GL-4396,2026-03-16 11:06:00,8.019707,10.687481,10.3,3.6
T04,GL-4396,2026-03-16 11:07:00,8.019175,10.687283,5.5,3.77
T04,GL-4396,2026-03-16 11:08:00,8.018662,10.687345,5.8,3.22
T04,GL-4396,2026-03-16 11:09:00,8.018073,10.687186,6.9,3.97
T04,GL-4396,2026-03-16 11:10:00,8.01749,10.687073,7.2,4.98
T04,GL-4396,2026-03-16 11:11:00,8.016949,10.687153,5.9,4.01
T04,GL-4396,2026-03-16 11:12:00,8.01629,10.687095,11.3,2.91
T04,GL-4396,2026-03-16 11:13:00,8.015668,10.686974,7.7,2.86
T04,GL-4396,2026-03-16 11:14:00,8.015213,10.686873,,5.38
T04,GL-4396,2026-03-16 11:15:00,8.014471,10.686925,9.5,5.43
T04,GL-4396,2026-03-16 11:16:00,8.014018,10.686781,4.8,5.05
T04,GL-4396,2026-03-16 11:17:00,8.013521,10.686745,4.9,2.89
T04,GL-4396,2026-03-16 11:18:00,8.012959,10.686654,9.0,5.04
T04,GL-4396,2026-03-16 11:19:00,8.012327,10.68666,8.8,4.84
T04,GL-4396,2026-03-16 11:20:00,8.011749,10.686544,8.7,2.88
T04,GL-4396,2026-03-16 11:21:00,8.011204,10.686467,5.3,2.85
T04,GL-4396,2026-03-16 11:22:00,8.010572,10.686294,11.0,4.62
T04,GL-4396,2026-03-16 11:23:00,8.009937,10.6863,9.0,4.79
T04,GL-4396,2026-03-16 11:24:00,8.009409,10.686328,5.0,5.07
T04,GL-4396,2026-03-16 11:25:00,8.008929,10.686271,9.8,4.67
T04,GL-4396,2026-03-16 11:26:00,8.008265,10.686157,11.5,2.85
T04,GL-4396,2026-03-16 11:27:00,8.007755,10.686022,6.0,4.81
T04,GL-4396,2026-03-16 11:28:00,8.007042,10.686016,9.8,4.98
T04,GL-4396,2026-03-16 11:29:00,8.006413,10.685814,7.2,3.06
T04,GL-4396,2026-03-16 11:30:00,8.00598,10.68581,9.5,5.24
T04,GL-4396,2026-03-16 11:31:00,8.005376,10.685886,10.6,3.73
T04,GL-4396,2026-03-16 11:32:00,8.004923,10.685782,11.5,4.99
T04,GL-4396,2026-03-16 11:33:00,8.004238,10.685641,8.0,4.39
T04,GL-4396,2026-03-16 11:34:00,8.003707,10.685599,6.8,4.6
T04,GL-4396,2026-03-16 11:35:00,8.003167,10.685563,4.3,2.98
T04,GL-4396,2026-03-16 11:36:00,8.002603,10.685395,5.9,4.82
T04,GL-4396,2026-03-16 11:37:00,8.002042,10.685347,9.4,5.24
T04,GL-4396,2026-03-16 11:38:00,8.001371,10.685363,11.4,4.76
T04,GL-4396,2026-03-16 11:39:00,8.00085,10.685292,5.1,2.85
T04,GL-4396,2026-03-16 11:40:00,8.000243,10.685238,4.9,3.87
T04,GL-4396,2026-03-16 11:41:00,7.999779,10.685069,5.1,3.35
T04,GL-4396,2026-03-16 11:42:00,7.999101,10.685115,10.3,4.33
T04,GL-4396,2026-03-16 11:43:00,7.998445,10.684964,10.9,3.32
T04,GL-4396,2026-03-16 11:44:00,7.997921,10.684858,7.3,4.15
T04,GL-4396,2026-03-16 11:45:00,7.997385,10.684854,4.0,3.2
T04,GL-4396,2026-03-16 11:46:00,7.99675,10.684649,6.8,3.57
T04,GL-4396,2026-03-16 11:47:00,7.996429,10.684614,7.4,3.6
T04,GL-4396,2026-03-16 11:48:00,7.995774,10.68458,9.4,5.06
T04,GL-4396,2026-03-16 11:49:00,7.995123,10.684441,8.1,3.86
T04,GL-4396,2026-03-16 11:50:00,7.994623,10.684497,5.7,4.0
T04,GL-4396,2026-03-16 11:51:00,7.993972,10.684297,8.6,4.38
T04,GL-4396,2026-03-16 11:52:00,7.993454,10.684324,10.7,5.08
T04,GL-4396,2026-03-16 11:53:00,7.992853,10.684279,4.5,3.2
T04,GL-4396,2026-03-16 11:54:00,7.992256,10.684261,4.6,5.57
T04,GL-4396,2026-03-16 11:55:00,7.991643,10.684134,7.1,3.04
T04,GL-4396,2026-03-16 11:56:00,7.991107,10.68412,6.2,3.93
T04,GL-4396,2026-03-16 11:57:00,7.990479,10.684044,8.3,5.15
T04,GL-4396,2026-03-16 11:58:00,7.990043,10.684073,6.1,3.33
T04,GL-4396,2026-03-16 11:59:00,7.989343,10.683996,6.6,5.6
T04,GL-4396,2026-03-16 12:00:00,7.988795,10.683718,10.0,4.88
T04,GL-4396,2026-03-16 12:01:00,7.988299,10.683766,4.0,3.37
T04,GL-4396,2026-03-16 12:02:00,7.987768,10.683721,10.9,3.09
T04,GL-4396,2026-03-16 12:03:00,7.987075,10.683614,5.7,5.51
T04,GL-4396,2026-03-16 12:04:00,7.986596,10.68363,4.3,3.69
T04,GL-4396,2026-03-16 12:05:00,7.985926,10.683434,9.8,4.7
T04,GL-4396,2026-03-16 12:06:00,7.985433,10.68341,9.9,4.38
T04,GL-4396,2026-03-16 12:07:00,7.984697,10.68341,6.4,3.49
T04,GL-4396,2026-03-16 12:08:00,7.984308,10.683242,8.3,3.21
T04,GL-4396,2026-03-16 12:09:00,7.983731,10.683241,4.8,3.14
T04,GL-4396,2026-03-16 12:10:00,7.983127,10.683061,9.0,4.94
T04,GL-4396,2026-03-16 12:11:00,7.982526,10.68324,7.7,5.33
T04,GL-4396,2026-03-16 12:12:00,7.981938,10.682918,5.3,2.92
T04,GL-4396,2026-03-16 12:13:00,7.981329,10.683004,11.7,4.44
T04,GL-4396,2026-03-16 12:14:00,7.980926,10.682879,11.0,3.92
T04,GL-4396,2026-03-16 12:15:00,7.980224,10.682852,9.9,3.07
T04,GL-4396,2026-03-16 12:16:00,7.979674,10.682754,11.0,4.15
T04,GL-4396,2026-03-16 12:17:00,7.979012,10.682602,9.8,4.23
T04,GL-4396,2026-03-16 12:18:00,7.978602,10.682621,6.5,3.56
T04,GL-4396,2026-03-16 12:19:00,7.977993,10.68263,5.7,3.28
T04,GL-4396,2026-03-16 12:20:00,7.977263,10.682522,8.7,5.17
T04,GL-4396,2026-03-16 12:21:00,7.976839,10.682497,4.2,3.59
T04,GL-4396,2026-03-16 12:22:00,7.976237,10.682336,10.2,4.51
T04,GL-4396,2026-03-16 12:23:00,7.975616,10.682239,11.2,4.27
T04,GL-4396,2026-03-16 12:24:00,7.975171,10.682165,5.3,4.89
T04,GL-4396,2026-03-16 12:25:00,7.974607,10.682231,6.3,4.16
T04,GL-4396,2026-03-16 12:26:00,7.973977,10.682092,,3.62
T04,GL-4396,2026-03-16 12:27:00,7.973539,10.682003,4.9,4.93
T04,GL-4396,2026-03-16 12:28:00,7.972812,10.681959,5.7,4.82
T04,GL-4396,2026-03-16 12:29:00,7.972173,10.68192,10.5,5.32
T04,GL-4396,2026-03-16 12:30:00,7.971683,10.681884,4.9,5.24
T04,GL-4396,2026-03-16 12:31:00,7.962462,10.681606,5.8,303.04
T04,GL-4396,2026-03-16 12:32:00,7.97053,10.681761,9.9,5.2
T04,GL-4396,2026-03-16 12:33:00,7.969879,10.681578,,3.46
T04,GL-4396,2026-03-16 12:34:00,7.969456,10.681599,6.3,3.05
T04,GL-4396,2026-03-16 12:35:00,7.968804,10.681396,10.2,4.94
T04,GL-4396,2026-03-16 12:36:00,7.96832,10.681362,5.9,5.22
T04,GL-4396,2026-03-16 12:37:00,7.967612,10.681366,7.7,5.19
T04,GL-4396,2026-03-16 12:38:00,7.967069,10.681331,10.4,3.37
T04,GL-4396,2026-03-16 12:39:00,7.966489,10.681208,4.7,3.45
T04,GL-4396,2026-03-16 12:40:00,7.965903,10.681211,7.8,3.32
T04,GL-4396,2026-03-16 12:41:00,7.965443,10.681107,4.9,4.22
T04,GL-4396,2026-03-16 12:42:00,7.964789,10.681061,12.0,4.25
T04,GL-4396,2026-03-16 12:43:00,7.964285,10.681016,11.0,3.73
T04,GL-4396,2026-03-16 12:44:00,7.963645,10.680999,10.9,3.72
T04,GL-4396,2026-03-16 12:45:00,7.963066,10.680839,5.0,4.78
T04,GL-4396,2026-03-16 12:46:00,7.962579,10.680832,5.2,4.23
T04,GL-4396,2026-03-16 12:47:00,7.961871,10.680634,6.1,4.27
T04,GL-4396,2026-03-16 12:48:00,7.961439,10.680607,4.8,3.94
T04,GL-4396,2026-03-16 12:49:00,7.960757,10.680559,10.2,3.28
T04,GL-4396,2026-03-16 12:50:00,7.960107,10.680407,10.2,4.56
T04,GL-4396,2026-03-16 12:51:00,7.959601,10.680469,6.6,3.31
T04,GL-4396,2026-03-16 12:52:00,7.959085,10.680272,8.2,5.47
T04,GL-4396,2026-03-16 12:53:00,7.958389,10.680346,6.4,5.07
T04,GL-4396,2026-03-16 12:54:00,7.957895,10.680177,11.1,2.89
T04,GL-4396,2026-03-16 12:55:00,7.957271,10.680223,10.5,3.98
T04,GL-4396,2026-03-16 12:56:00,7.956803,10.67998,4.7,4.82
T04,GL-4396,2026-03-16 12:57:00,7.956224,10.679886,6.3,3.72
T04,GL-4396,2026-03-16 12:58:00,7.955657,10.679964,,4.35
T04,GL-4396,2026-03-16 12:59:00,10.679772,7.955081,11.8,5.46
T04,GL-4396,2026-03-16 13:00:00,7.954553,10.679777,7.3,4.43
T04,GL-4396,2026-03-16 13:01:00,7.953862,10.679732,9.7,4.51
T04,GL-4396,2026-03-16 13:02:00,7.953311,10.679636,9.7,4.32
T04,GL-4396,2026-03-16 13:03:00,7.952713,10.679606,6.6,4.51
T04,GL-4396,2026-03-16 13:04:00,7.952304,10.67948,8.8,3.68
T04,GL-4396,2026-03-16 13:05:00,7.951612,10.679436,9.0,2.88
T04,GL-4396,2026-03-16 13:06:00,7.95109,10.679293,9.7,3.26
T04,GL-4396,2026-03-16 13:07:00,7.950423,10.679323,5.4,3.79
T04,GL-4396,2026-03-16 13:08:00,7.949905,10.679257,10.5,5.57
T04,GL-4396,2026-03-16 13:09:00,7.949324,10.679161,7.7,2.83
T04,GL-4396,2026-03-16 13:10:00,7.94872,10.679148,11.7,4.8
T04,GL-4396,2026-03-16 13:11:00,7.948204,10.679092,5.1,3.37
T04,GL-4396,2026-03-16 13:12:00,7.947604,10.679003,5.4,4.19
T04,GL-4396,2026-03-16 13:13:00,7.947071,10.67886,4.8,3.56
T04,GL-4396,2026-03-16 13:14:00,7.946447,10.678835,7.7,5.01
T04,GL-4396,2026-03-16 13:15:00,7.945807,10.678784,4.5,4.27
T04,GL-4396,2026-03-16 13:16:00,7.94538,10.678796,5.5,4.9
T04,GL-4396,2026-03-16 13:17:00,7.944737,10.678611,7.3,2.95
T04,GL-4396,2026-03-16 13:18:00,7.944241,10.678558,7.2,2.9
T04,GL-4396,2026-03-16 13:19:00,7.943629,10.678566,6.4,4.22
T04,GL-4396,2026-03-16 13:20:00,7.943059,10.678372,5.9,4.38
T04,GL-4396,2026-03-16 13:21:00,7.942482,10.678421,4.1,3.53
T04,GL-4396,2026-03-16 13:22:00,7.942004,10.678228,11.2,5.22
T04,GL-4396,2026-03-16 13:23:00,7.941368,10.67828,7.7,3.22
T04,GL-4396,2026-03-16 13:24:00,7.940788,10.678192,11.7,4.77
T04,GL-4396,2026-03-16 13:25:00,7.940201,10.678134,7.4,4.18
T04,GL-4396,2026-03-16 13:26:00,7.939646,10.678095,7.4,4.11
T04,GL-4396,2026-03-16 13:27:00,7.938992,10.677997,9.7,4.87
T04,GL-4396,2026-03-16 13:28:00,7.938388,10.677924,9.8,3.82
T04,GL-4396,2026-03-16 13:29:00,7.937977,10.677933,7.8,3.46
T04,GL-4396,2026-03-16 13:30:00,7.937239,10.677778,4.1,4.15
T04,GL-4396,2026-03-16 13:31:00,7.936758,10.677655,8.0,3.01
T04,GL-4396,2026-03-16 13:32:00,7.936177,10.677661,7.2,4.36
T04,GL-4396,2026-03-16 13:33:00,7.935558,10.677619,10.0,5.42
T04,GL-4396,2026-03-16 13:34:00,7.935078,10.677531,5.4,5.3
T04,GL-4396,2026-03-16 13:35:00,7.934492,10.677425,4.8,5.48
T04,GL-4396,2026-03-16 13:36:00,7.934052,10.677354,10.0,3.37
T04,GL-4396,2026-03-16 13:37:00,7.933264,10.677299,6.9,3.12
T04,GL-4396,2026-03-16 13:38:00,7.932714,10.677345,10.6,3.06
T04,GL-4396,2026-03-16 13:39:00,7.932176,10.677282,6.1,4.84
T04,GL-4396,2026-03-16 13:40:00,7.931492,10.677106,8.9,4.2
T04,GL-4396,2026-03-16 13:41:00,7.931088,10.677035,5.7,3.75
T04,GL-4396,2026-03-16 13:42:00,7.930463,10.676977,5.7,5.29
T04,GL-4396,2026-03-16 13:43:00,7.929957,10.676811,9.0,3.13
T04,GL-4396,2026-03-16 13:44:00,7.92948,10.676774,6.0,4.37
T04,GL-4396,2026-03-16 13:45:00,7.928733,10.676667,5.9,5.4
T04,GL-4396,2026-03-16 13:46:00,7.928128,10.676691,7.6,3.21
T04,GL-4396,2026-03-16 13:47:00,7.927562,10.676758,8.3,4.81
T04,GL-4396,2026-03-16 13:48:00,7.926923,10.676535,6.1,4.0
T04,GL-4396,2026-03-16 13:49:00,7.926392,10.676498,6.2,3.49
T04,GL-4396,2026-03-16 13:50:00,7.925905,10.676534,4.1,3.44
T04,GL-4396,2026-03-16 13:51:00,7.925359,10.676326,6.0,4.35
T04,GL-4396,2026-03-16 13:52:00,7.924687,10.676377,10.0,3.83
T04,GL-4396,2026-03-16 13:53:00,7.9242,10.676274,5.7,4.53
T04,GL-4396,2026-03-16 13:54:00,7.923659,10.676197,6.5,5.4
T04,GL-4396,2026-03-16 13:55:00,7.923017,10.67613,8.3,4.99
T04,GL-4396,2026-03-16 13:56:00,7.922541,10.676002,5.4,5.26
T04,GL-4396,2026-03-16 13:57:00,7.921925,10.675922,10.3,5.03
T04,GL-4396,2026-03-16 13:58:00,7.921193,10.675867,11.9,5.38
T04,GL-4396,2026-03-16 13:59:00,7.92066,10.675752,4.4,5.56
T04,GL-4396,2026-03-16 14:00:00,7.920111,10.675823,7.3,3.09
T04,GL-4396,2026-03-16 14:01:00,7.919656,10.675728,,5.25
T04,GL-4396,2026-03-16 14:02:00,7.919046,10.675668,6.1,5.47
T04,GL-4396,2026-03-16 14:03:00,7.918398,10.675452,9.5,4.86
T04,GL-4396,2026-03-16 14:04:00,7.917854,10.675415,5.0,4.91
T04,GL-4396,2026-03-16 14:05:00,7.917316,10.675441,8.0,5.0
T04,GL-4396,2026-03-16 14:06:00,7.916705,10.675363,11.2,5.23
T04,GL-4396,2026-03-16 14:07:00,7.916099,10.675288,11.1,3.25
T04,GL-4396,2026-03-16 14:08:00,7.915512,10.675211,11.6,5.54
T04,GL-4396,2026-03-16 14:09:00,7.915059,10.675139,9.2,5.37
T04,GL-4396,2026-03-16 14:10:00,7.914501,10.675107,6.1,3.94
T04,GL-4396,2026-03-16 14:11:00,7.913862,10.674951,8.0,4.13
T04,GL-4396,2026-03-16 14:12:00,7.91346,10.674979,10.2,3.87
T04,GL-4396,2026-03-16 14:13:00,7.912698,10.674843,10.0,3.06
T04,GL-4396,2026-03-16 14:14:00,7.912144,10.674824,6.3,4.43
T04,GL-4396,2026-03-16 14:15:00,7.911543,10.674743,5.3,3.28
T04,GL-4396,2026-03-16 14:16:00,7.91105,10.674657,12.0,4.69
T04,GL-4396,2026-03-16 14:17:00,7.910422,10.674581,9.5,5.2
T04,GL-4396,2026-03-16 14:18:00,7.90974,10.674557,6.7,5.4
T04,GL-4396,2026-03-16 14:19:00,7.909409,10.674467,7.2,2.88
T04,GL-4396,2026-03-16 14:20:00,7.908695,10.67451,10.8,3.92
T04,GL-4396,2026-03-16 14:21:00,7.908123,10.674325,7.6,3.81
T04,GL-4396,2026-03-16 14:22:00,7.907671,10.67434,5.2,3.16
T04,GL-4396,2026-03-16 14:23:00,7.907027,10.674188,11.7,3.7
T04,GL-4396,2026-03-16 14:24:00,7.906448,10.674203,11.1,3.21
T04,GL-4396,2026-03-16 14:25:00,7.905924,10.673947,8.0,3.85
T04,GL-4396,2026-03-16 14:26:00,7.905241,10.674001,4.9,5.26
T04,GL-4396,2026-03-16 14:27:00,7.904824,10.673973,9.3,3.38
T04,GL-4396,2026-03-16 14:28:00,7.904126,10.67379,12.0,5.02
T04,GL-4396,2026-03-16 14:29:00,7.903548,10.673787,10.9,4.94
T04,GL-4396,2026-03-16 14:30:00,7.903086,10.673775,10.1,4.64
T04,GL-4396,2026-03-16 14:31:00,7.902333,10.673598,5.5,4.92
T04,GL-4396,2026-03-16 14:32:00,7.901855,10.673544,5.1,2.81
T04,GL-4396,2026-03-16 14:33:00,7.901205,10.673518,6.9,5.25
T04,GL-4396,2026-03-16 14:34:00,7.900715,10.673435,11.5,5.29
T04,GL-4396,2026-03-16 14:35:00,7.900135,10.673356,4.9,3.3
T04,GL-4396,2026-03-16 14:36:00,7.899577,10.673199,4.7,3.98
T04,GL-4396,2026-03-16 14:37:00,7.899057,10.673152,,3.81
T04,GL-4396,2026-03-16 14:38:00,7.898362,10.673218,8.1,4.57
T04,GL-4396,2026-03-16 14:39:00,7.897932,10.673199,9.4,2.95
T04,GL-4396,2026-03-16 14:40:00,7.897314,10.673072,7.5,2.92
T04,GL-4396,2026-03-16 14:41:00,7.896699,10.672948,9.0,3.74
T04,GL-4396,2026-03-16 14:42:00,7.896099,10.672909,11.4,3.95
T04,GL-4396,2026-03-16 14:43:00,7.895624,10.672903,9.3,3.28
T04,GL-4396,2026-03-16 14:44:00,7.894974,10.672786,7.1,4.23
T04,GL-4396,2026-03-16 14:45:00,7.89444,10.672789,11.0,5.42
T04,GL-4396,2026-03-16 14:46:00,7.893824,10.672729,7.7,4.25
T04,GL-4396,2026-03-16 14:47:00,7.893289,10.672603,10.8,4.19
T04,GL-4396,2026-03-16 14:48:00,7.892697,10.672401,5.1,5.15
T04,GL-4396,2026-03-16 14:49:00,7.892093,10.672504,7.4,4.58
T04,GL-4396,2026-03-16 14:50:00,7.891433,10.672445,6.7,4.12
T04,GL-4396,2026-03-16 14:51:00,7.891004,10.672276,4.5,3.4
T04,GL-4396,2026-03-16 14:52:00,7.890404,10.67228,4.0,5.11
T04,GL-4396,2026-03-16 14:53:00,7.889927,10.67214,5.8,3.56
T04,GL-4396,2026-03-16 14:54:00,7.889295,10.672118,6.9,4.56
T04,GL-4396,2026-03-16 14:55:00,7.888759,10.672021,9.0,4.67
T04,GL-4396,2026-03-16 14:56:00,7.888087,10.672001,7.7,2.84
T04,GL-4396,2026-03-16 14:57:00,7.887599,10.671919,5.6,3.01
T04,GL-4396,2026-03-16 14:58:00,7.887055,10.671879,11.9,3.47
T04,GL-4396,2026-03-16 14:59:00,7.886432,10.671759,7.7,3.85
T04,GL-4396,2026-03-16 15:00:00,7.885784,10.671656,10.2,5.09
T04,GL-4396,2026-03-16 15:01:00,7.885317,10.671676,7.7,4.71
T04,GL-4396,2026-03-16 15:02:00,7.884687,10.6716,10.1,3.32
T04,GL-4396,2026-03-16 15:03:00,7.884198,10.671516,9.9,3.78
T04,GL-4396,2026-03-16 15:04:00,7.883508,10.671433,8.1,4.59
T04,GL-4396,2026-03-16 15:05:00,7.883032,10.671357,6.4,3.57
T04,GL-4396,2026-03-16 15:06:00,7.882394,10.671288,10.7,3.8
T04,GL-4396,2026-03-16 15:07:00,7.881924,10.671265,7.9,3.37
T04,GL-4396,2026-03-16 15:08:00,7.88127,10.671265,8.7,3.02
T04,GL-4396,2026-03-16 15:09:00,7.880683,10.671119,7.2,4.14
T04,GL-4396,2026-03-16 15:10:00,7.880003,10.671018,9.7,5.36
T04,GL-4396,2026-03-16 15:11:00,7.87956,10.670884,7.6,3.87
T04,GL-4396,2026-03-16 15:12:00,7.878875,10.67085,11.4,3.35
T04,GL-4396,2026-03-16 15:13:00,7.878508,10.67075,10.7,4.28
T04,GL-4396,2026-03-16 15:14:00,7.877863,10.670688,5.3,3.72
T04,GL-4396,2026-03-16 15:15:00,7.87725,10.670752,7.0,2.94
T04,GL-4396,2026-03-16 15:16:00,7.876659,10.670682,5.1,3.15
T04,GL-4396,2026-03-16 15:17:00,7.87615,10.67061,11.7,5.5
T04,GL-4396,2026-03-16 15:18:00,7.875546,10.670532,5.6,4.76
T04,GL-4396,2026-03-16 15:19:00,7.875053,10.670422,9.1,2.9
T04,GL-4396,2026-03-16 15:20:00,7.8744,10.670554,4.8,5.02
T04,GL-4396,2026-03-16 15:21:00,7.873812,10.670178,6.6,4.75
T04,GL-4396,2026-03-16 15:22:00,7.873212,10.670215,6.0,4.99
T04,GL-4396,2026-03-16 15:23:00,7.872655,10.670146,10.4,4.57
T04,GL-4396,2026-03-16 15:24:00,7.872066,10.670153,11.2,4.13
T04,GL-4396,2026-03-16 15:25:00,7.871679,10.670016,9.8,5.32
T04,GL-4396,2026-03-16 15:26:00,7.870897,10.669949,7.8,3.06
T04,GL-4396,2026-03-16 15:27:00,7.870295,10.669905,10.5,3.07
T04,GL-4396,2026-03-16 15:28:00,7.869776,10.669845,7.6,3.02
T04,GL-4396,2026-03-16 15:29:00,7.869115,10.66976,4.1,3.1
T04,GL-4396,2026-03-16 15:30:00,7.86865,10.669702,11.3,4.26
T04,GL-4396,2026-03-16 15:31:00,7.868029,10.669563,6.8,3.93
T04,GL-4396,2026-03-16 15:32:00,7.867579,10.669471,4.3,4.69
T04,GL-4396,2026-03-16 15:33:00,7.86686,10.669532,11.8,4.49
T04,GL-4396,2026-03-16 15:34:00,7.866267,10.669402,7.2,4.44
T04,GL-4396,2026-03-16 15:35:00,7.865827,10.669314,5.0,3.53
T04,GL-4396,2026-03-16 15:36:00,7.865088,10.66936,4.4,4.29
T04,GL-4396,2026-03-16 15:37:00,7.864716,10.669136,8.2,4.0
T04,GL-4396,2026-03-16 15:38:00,7.864138,10.669091,5.6,5.13
T04,GL-4396,2026-03-16 15:39:00,7.863551,10.669197,11.2,4.63
T04,GL-4396,2026-03-16 15:40:00,7.862894,10.669001,4.5,2.96
T04,GL-4396,2026-03-16 15:41:00,7.862324,10.668882,5.2,3.59
T04,GL-4396,2026-03-16 15:42:00,7.861809,10.668847,5.1,4.45
T04,GL-4396,2026-03-16 15:43:00,7.861277,10.668818,9.0,2.96
T04,GL-4396,2026-03-16 15:44:00,7.860678,10.668675,,2.97
T04,GL-4396,2026-03-16 15:45:00,7.860169,10.668716,4.8,4.34
T04,GL-4396,2026-03-16 15:46:00,7.859503,10.668487,4.5,3.75
T04,GL-4396,2026-03-16 15:47:00,7.859011,10.668545,9.7,3.84
T04,GL-4396,2026-03-16 15:48:00,7.858369,10.6685,9.5,4.37
T04,GL-4396,2026-03-16 15:49:00,7.857794,10.668422,6.2,3.29
T04,GL-4396,2026-03-16 15:50:00,7.857215,10.668259,9.3,5.17
T04,GL-4396,2026-03-16 15:51:00,7.856664,10.668363,10.3,3.69
T04,GL-4396,2026-03-16 15:52:00,7.856272,10.668316,11.8,3.44
T04,GL-4396,2026-03-16 15:53:00,7.855505,10.668144,10.9,4.5
T04,GL-4396,2026-03-16 15:54:00,7.855003,10.668154,11.4,5.47
T04,GL-4396,2026-03-16 15:55:00,7.85441,10.667941,9.5,5.19
T04,GL-4396,2026-03-16 15:56:00,7.853945,10.667877,4.6,3.26
T04,GL-4396,2026-03-16 15:57:00,7.853374,10.667797,4.8,3.1
T04,GL-4396,2026-03-16 15:58:00,7.85266,10.667761,9.4,3.07
T04,GL-4396,2026-03-16 15:59:00,7.85212,10.667851,5.8,4.89
T04,GL-4396,2026-03-16 16:00:00,7.851493,10.667713,9.2,5.22
T04,GL-4396,2026-03-16 16:01:00,7.85093,10.667587,7.4,4.32
T04,GL-4396,2026-03-16 16:02:00,7.850444,10.667502,7.3,5.6
T04,GL-4396,2026-03-16 16:03:00,7.849834,10.667527,11.1,4.97
T04,GL-4396,2026-03-16 16:04:00,7.849129,10.667286,10.1,2.97
T04,GL-4396,2026-03-16 16:05:00,7.848625,10.667273,8.2,4.6
T04,GL-4396,2026-03-16 16:06:00,7.848018,10.667306,8.7,5.26
T04,GL-4396,2026-03-16 16:07:00,7.847444,10.667176,10.9,4.53
T04,GL-4396,2026-03-16 16:08:00,7.84691,10.667119,9.9,3.88
T04,GL-4396,2026-03-16 16:09:00,7.846252,10.667109,10.0,5.29
T04,GL-4396,2026-03-16 16:10:00,7.845846,10.666916,9.4,2.97
T04,GL-4396,2026-03-16 16:11:00,7.845206,10.666863,7.0,3.23
T04,GL-4396,2026-03-16 16:12:00,7.844808,10.666772,11.4,5.37
T04,GL-4396,2026-03-16 16:13:00,7.844038,10.666713,11.3,3.94
T04,GL-4396,2026-03-16 16:14:00,7.843506,10.666874,11.0,5.51
T04,GL-4396,2026-03-16 16:15:00,7.84289,10.666771,10.4,4.22
T04,GL-4396,2026-03-16 16:16:00,7.842328,10.666659,11.1,3.02
T04,GL-4396,2026-03-16 16:17:00,7.841813,10.666362,5.6,5.27
T04,GL-4396,2026-03-16 16:18:00,7.841252,10.666434,5.0,3.09
T04,GL-4396,2026-03-16 16:19:00,7.840734,10.666489,5.0,3.2
T04,GL-4396,2026-03-16 16:20:00,7.840078,10.666142,9.3,2.93
T04,GL-4396,2026-03-16 16:21:00,7.839588,10.666227,6.4,5.34
T04,GL-4396,2026-03-16 16:22:00,7.838897,10.666125,11.7,2.89
T04,GL-4396,2026-03-16 16:23:00,7.838275,10.666087,5.4,4.38
T04,GL-4396,2026-03-16 16:24:00,7.837788,10.666058,5.8,4.73
T04,GL-4396,2026-03-16 16:25:00,7.837218,10.665864,11.1,5.4
T04,GL-4396,2026-03-16 16:26:00,7.836547,10.665898,9.8,5.25
T04,GL-4396,2026-03-16 16:27:00,7.836058,10.665839,6.2,4.59
T04,GL-4396,2026-03-16 16:28:00,7.83544,10.665815,7.2,4.33
T04,GL-4396,2026-03-16 16:29:00,7.834893,10.665601,9.2,3.16
T04,GL-4396,2026-03-16 16:30:00,7.83434,10.665597,4.0,3.94
T04,GL-4396,2026-03-16 16:31:00,7.833825,10.665583,10.6,4.44
T04,GL-4396,2026-03-16 16:32:00,7.833138,10.665572,9.1,4.46
T04,GL-4396,2026-03-16 16:33:00,7.832708,10.66547,6.8,3.54
T04,GL-4396,2026-03-16 16:34:00,7.832011,10.665447,8.4,5.17
T04,GL-4396,2026-03-16 16:35:00,7.831439,10.665299,11.5,4.39
T04,GL-4396,2026-03-16 16:36:00,7.830994,10.665181,7.5,3.31
T04,GL-4396,2026-03-16 16:37:00,7.830361,10.665226,6.6,4.16
T04,GL-4396,2026-03-16 16:38:00,7.829713,10.665115,9.7,4.74
T04,GL-4396,2026-03-16 16:39:00,7.829238,10.665085,7.5,3.01
T04,GL-4396,2026-03-16 16:40:00,7.828645,10.665047,11.9,3.0
T04,GL-4396,2026-03-16 16:41:00,7.828043,10.664817,10.0,5.41
T04,GL-4396,2026-03-16 16:42:00,7.827467,10.66478,10.3,2.98
T04,GL-4396,2026-03-16 16:43:00,7.826981,10.664772,10.3,4.63
T04,GL-4396,2026-03-16 16:44:00,7.826273,10.66469,11.6,4.25
T04,GL-4396,2026-03-16 16:45:00,7.825812,10.664628,7.3,3.13
T04,GL-4396,2026-03-16 16:46:00,7.825139,10.664608,8.3,5.2
T04,GL-4396,2026-03-16 16:47:00,7.824693,10.664581,8.4,4.85
T04,GL-4396,2026-03-16 16:48:00,7.824115,10.664435,10.3,4.69
T04,GL-4396,2026-03-16 16:49:00,7.823516,10.66439,9.1,3.65
T04,GL-4396,2026-03-16 16:50:00,7.822917,10.664323,10.2,3.09
T04,GL-4396,2026-03-16 16:51:00,7.822362,10.664233,4.1,3.13
T04,GL-4396,2026-03-16 16:52:00,7.82183,10.664112,4.6,5.48
T04,GL-4396,2026-03-16 16:53:00,7.821156,10.664039,6.9,4.11
T04,GL-4396,2026-03-16 16:54:00,7.820625,10.663948,9.8,5.0
T04,GL-4396,2026-03-16 16:55:00,7.819911,10.663965,8.4,5.07
T04,GL-4396,2026-03-16 16:56:00,7.819372,10.663858,10.2,5.49
T04,GL-4396,2026-03-16 16:57:00,7.818917,10.663831,5.0,3.42
T04,GL-4396,2026-03-16 16:58:00,7.81836,10.663754,5.6,4.04
T04,GL-4396,2026-03-16 16:59:00,7.817769,10.663647,8.2,3.15
T04,GL-4396,2026-03-16 17:00:00,7.817244,10.663739,9.0,3.24
T04,GL-4396,2026-03-16 17:01:00,7.816582,10.663561,4.9,4.05
T04,GL-4396,2026-03-16 17:02:00,7.816118,10.66338,5.6,3.53
T04,GL-4396,2026-03-16 17:03:00,7.815376,10.663495,5.5,5.21
T04,GL-4396,2026-03-16 17:04:00,7.814832,10.663464,7.5,3.07
T04,GL-4396,2026-03-16 17:05:00,7.81438,10.663249,5.3,2.83
T04,GL-4396,2026-03-16 17:06:00,7.813757,10.663233,7.4,3.35
T04,GL-4396,2026-03-16 17:07:00,7.813158,10.663086,6.4,5.46
T04,GL-4396,2026-03-16 17:08:00,7.812624,10.663139,8.1,3.47
T04,GL-4396,2026-03-16 17:09:00,7.812055,10.663007,11.6,3.55
T04,GL-4396,2026-03-16 17:10:00,7.811464,10.66288,6.6,5.12
T04,GL-4396,2026-03-16 17:11:00,7.810947,10.662938,9.5,5.5
T04,GL-4396,2026-03-16 17:12:00,7.810369,10.662745,11.8,3.26
T04,GL-4396,2026-03-16 17:13:00,7.8098,10.662776,11.7,4.46
T04,GL-4396,2026-03-16 17:14:00,7.809143,10.662595,6.0,5.39
T04,GL-4396,2026-03-16 17:15:00,7.80863,10.662587,7.9,3.58
T04,GL-4396,2026-03-16 17:16:00,7.808058,10.662582,7.6,4.21
T04,GL-4396,2026-03-16 17:17:00,7.807461,10.662559,9.7,4.09
T04,GL-4396,2026-03-16 17:18:00,7.80694,10.662489,11.8,2.99
T04,GL-4396,2026-03-16 17:19:00,7.806246,10.662302,4.6,4.95
T04,GL-4396,2026-03-16 17:20:00,7.805745,10.662236,8.0,4.74
T04,GL-4396,2026-03-16 17:21:00,7.805228,10.662118,11.9,3.59
T04,GL-4396,2026-03-16 17:22:00,7.804637,10.662205,7.0,3.17
T04,GL-4396,2026-03-16 17:23:00,7.804067,10.662093,4.4,4.47
T04,GL-4396,2026-03-16 17:24:00,7.803513,10.661905,11.2,3.15
T04,GL-4396,2026-03-16 17:25:00,7.802862,10.661863,5.1,5.27
T04,GL-4396,2026-03-16 17:26:00,7.80237,10.661912,4.1,4.95
T04,GL-4396,2026-03-16 17:27:00,7.801701,10.66178,8.6,5.13
T04,GL-4396,2026-03-16 17:28:00,7.801114,10.66178,5.3,4.3
T04,GL-4396,2026-03-16 17:29:00,7.800557,10.661695,6.6,5.46
T04,GL-4396,2026-03-16 17:30:00,7.800064,10.66162,10.4,5.23
T04,GL-4396,2026-03-16 17:31:00,7.799415,10.661533,8.6,4.33
T04,GL-4396,2026-03-16 17:32:00,7.798937,10.661477,,3.83
T04,GL-4396,2026-03-16 17:33:00,7.798265,10.661427,4.3,4.39
T04,GL-4396,2026-03-16 17:34:00,7.797711,10.66136,4.5,3.64
T04,GL-4396,2026-03-16 17:35:00,7.797255,10.661241,7.0,5.56
T04,GL-4396,2026-03-16 17:36:00,7.796446,10.661254,7.0,4.01
T04,GL-4396,2026-03-16 17:37:00,7.796034,10.661054,10.5,2.95
T04,GL-4396,2026-03-16 17:38:00,7.795452,10.66099,10.0,4.58
T04,GL-4396,2026-03-16 17:39:00,7.794738,10.661032,9.6,3.3
T04,GL-4396,2026-03-16 17:40:00,7.794343,10.660967,9.3,5.48
T04,GL-4396,2026-03-16 17:41:00,7.79366,10.660888,11.2,4.72
T04,GL-4396,2026-03-16 17:42:00,7.793123,10.660824,4.8,4.32
T04,GL-4396,2026-03-16 17:43:00,7.792557,10.660722,8.5,4.44
T04,GL-4396,2026-03-16 17:44:00,7.792043,10.660617,8.3,5.45
T04,GL-4396,2026-03-16 17:45:00,7.791476,10.660514,8.5,2.85
T04,GL-4396,2026-03-16 17:46:00,7.790837,10.66053,4.5,5.14
T04,GL-4396,2026-03-16 17:47:00,7.790418,10.660472,8.4,4.68
T04,GL-4396,2026-03-16 17:48:00,7.789727,10.660385,5.9,3.85
T04,GL-4396,2026-03-16 17:49:00,7.789151,10.660354,11.4,3.37
T04,GL-4396,2026-03-16 17:50:00,7.78848,10.66036,8.4,3.28
T04,GL-4396,2026-03-16 17:51:00,7.787934,10.660142,9.5,4.6
T04,GL-4396,2026-03-16 17:52:00,7.787433,10.66009,,3.51
T04,GL-4396,2026-03-16 17:53:00,7.786913,10.66004,9.7,3.06
T04,GL-4396,2026-03-16 17:54:00,7.786199,10.659961,5.7,3.88
T04,GL-4396,2026-03-16 17:55:00,7.78565,10.660072,10.7,4.03
T04,GL-4396,2026-03-16 17:56:00,7.785153,10.659803,11.6,5.21
T04,GL-4396,2026-03-16 17:57:00,7.784421,10.65983,7.3,3.85
T04,GL-4396,2026-03-16 17:58:00,7.784031,10.659678,5.9,4.02
T04,GL-4396,2026-03-16 17:59:00,7.78355,10.659661,11.4,3.15
T04,GL-4396,2026-03-16 18:00:00,7.782868,10.659667,11.6,4.09
T04,GL-4396,2026-03-16 18:01:00,7.782273,10.659506,11.2,3.25
T04,GL-4396,2026-03-16 18:02:00,7.781726,10.659451,5.7,4.93
T04,GL-4396,2026-03-16 18:03:00,7.781008,10.659387,10.0,3.29
T04,GL-4396,2026-03-16 18:04:00,7.780525,10.65935,7.9,4.41
T04,GL-4396,2026-03-16 18:05:00,7.780013,10.659262,7.7,2.9
T04,GL-4396,2026-03-16 18:06:00,7.779391,10.659246,,3.73
T04,GL-4396,2026-03-16 18:07:00,7.778773,10.659115,8.6,3.9
T04,GL-4396,2026-03-16 18:08:00,7.778386,10.659051,11.8,5.4
T04,GL-4396,2026-03-16 18:09:00,7.777766,10.65912,9.0,4.4
T04,GL-4396,2026-03-16 18:10:00,7.776948,10.658967,11.2,5.13
T04,GL-4396,2026-03-16 18:11:00,7.776537,10.658777,7.5,4.2
T04,GL-4396,2026-03-16 18:12:00,7.776008,10.658712,11.5,4.57
T04,GL-4396,2026-03-16 18:13:00,7.775322,10.658748,5.5,4.04
T04,GL-4396,2026-03-16 18:14:00,7.774854,10.658664,9.7,3.58
T04,GL-4396,2026-03-16 18:15:00,7.774346,10.658536,5.0,4.73
T04,GL-4396,2026-03-16 18:16:00,7.773706,10.658465,7.7,4.12
T04,GL-4396,2026-03-16 18:17:00,7.773201,10.658448,11.8,3.64
T04,GL-4396,2026-03-16 18:18:00,7.772501,10.658317,7.3,5.0
T04,GL-4396,2026-03-16 18:19:00,7.771984,10.658278,4.3,4.01
T04,GL-4396,2026-03-16 18:20:00,7.771394,10.658173,8.0,2.96
T04,GL-4396,2026-03-16 18:21:00,7.77089,10.658185,4.3,5.27
T04,GL-4396,2026-03-16 18:22:00,7.770234,10.658179,9.6,5.45
T04,GL-4396,2026-03-16 18:23:00,7.769682,10.658029,11.3,3.31
T04,GL-4396,2026-03-16 18:24:00,7.769132,10.657807,11.0,4.73
T04,GL-4396,2026-03-16 18:25:00,7.768502,10.657854,6.1,3.11
T04,GL-4396,2026-03-16 18:26:00,7.767996,10.657734,6.1,5.57
T04,GL-4396,2026-03-16 18:27:00,7.767537,10.657773,11.0,5.47
T04,GL-4396,2026-03-16 18:28:00,7.766884,10.657594,8.9,4.46
T04,GL-4396,2026-03-16 18:29:00,7.766293,10.657601,9.5,3.49
T04,GL-4396,2026-03-16 18:30:00,7.765701,10.657552,7.1,4.35
T04,GL-4396,2026-03-16 18:31:00,7.765087,10.657548,8.3,3.73
T04,GL-4396,2026-03-16 18:32:00,7.764571,10.657392,11.2,4.58
T04,GL-4396,2026-03-16 18:33:00,7.764087,10.657282,7.8,4.67
T04,GL-4396,2026-03-16 18:34:00,7.763361,10.657283,5.3,4.15
T04,GL-4396,2026-03-16 18:35:00,7.762815,10.657265,5.5,4.97
T04,GL-4396,2026-03-16 18:36:00,7.762277,10.657092,9.6,5.33
T04,GL-4396,2026-03-16 18:37:00,7.761658,10.657118,6.7,3.17
T04,GL-4396,2026-03-16 18:38:00,7.761105,10.656997,8.9,5.09
T04,GL-4396,2026-03-16 18:39:00,7.76049,10.657057,11.6,3.33
T04,GL-4396,2026-03-16 18:40:00,7.760015,10.656936,8.8,4.57
T04,GL-4396,2026-03-16 18:41:00,7.759388,10.656865,6.2,3.77
T04,GL-4396,2026-03-16 18:42:00,7.758804,10.65675,11.1,5.03
T04,GL-4396,2026-03-16 18:43:00,7.758335,10.656747,9.3,5.32
T04,GL-4396,2026-03-16 18:44:00,7.757676,10.656584,4.8,5.31
T04,GL-4396,2026-03-16 18:45:00,7.757144,10.656542,11.2,2.94
T04,GL-4396,2026-03-16 18:46:00,7.756521,10.656451,11.2,4.18
T04,GL-4396,2026-03-16 18:47:00,7.755935,10.656399,9.7,4.64
T04,GL-4396,2026-03-16 18:48:00,7.755404,10.656382,6.0,5.36
T04,GL-4396,2026-03-16 18:49:00,7.754813,10.656336,8.9,5.08
T04,GL-4396,2026-03-16 18:50:00,7.754202,10.65622,8.1,5.06
T04,GL-4396,2026-03-16 18:51:00,7.753736,10.656094,11.8,3.26
T04,GL-4396,2026-03-16 18:52:00,7.752929,10.656058,12.0,4.79
T04,GL-4396,2026-03-16 18:53:00,7.752567,10.656073,7.5,3.94
T04,GL-4396,2026-03-16 18:54:00,7.751927,10.655875,6.7,3.64
T04,GL-4396,2026-03-16 18:55:00,7.751417,10.655834,7.5,4.84
T04,GL-4396,2026-03-16 18:56:00,7.750834,10.655848,10.1,4.37
T04,GL-4396,2026-03-16 18:57:00,7.750268,10.655632,10.3,4.96
T04,GL-4396,2026-03-16 18:58:00,7.74961,10.655625,8.8,3.5
T04,GL-4396,2026-03-16 18:59:00,7.749064,10.65555,6.3,3.81
T04,GL-4396,2026-03-16 19:00:00,7.748458,10.655551,8.1,5.3
T04,GL-4396,2026-03-16 19:01:00,7.747824,10.655484,7.7,3.36
T04,GL-4396,2026-03-16 19:02:00,7.747438,10.655428,10.9,4.66
T04,GL-4396,2026-03-16 19:03:00,7.74675,10.65527,5.0,3.47
T04,GL-4396,2026-03-16 19:04:00,7.746292,10.655219,5.4,2.86
T04,GL-4396,2026-03-16 19:05:00,7.745653,10.655345,7.5,3.31
T04,GL-4396,2026-03-16 19:06:00,7.745119,10.655129,9.3,4.23
T04,GL-4396,2026-03-16 19:07:00,7.744549,10.654999,6.6,4.81
T04,GL-4396,2026-03-16 19:08:00,7.743906,10.655124,8.2,3.9
T04,GL-4396,2026-03-16 19:09:00,7.743527,10.654974,4.4,4.41
T04,GL-4396,2026-03-16 19:10:00,7.742841,10.654877,11.3,5.38
T04,GL-4396,2026-03-16 19:11:00,7.74225,10.654852,11.6,3.25
T04,GL-4396,2026-03-16 19:12:00,7.741707,10.654684,10.2,4.65
T04,GL-4396,2026-03-16 19:13:00,7.741006,10.654648,10.5,5.2
T04,GL-4396,2026-03-16 19:14:00,7.740595,10.654648,4.6,5.32
T04,GL-4396,2026-03-16 19:15:00,7.740016,10.65457,4.0,4.45
T04,GL-4396,2026-03-16 19:16:00,7.739325,10.654392,5.9,4.76
T04,GL-4396,2026-03-16 19:17:00,7.738837,10.654352,6.7,3.06
T04,GL-4396,2026-03-16 19:18:00,7.73826,10.654288,7.9,4.23
T04,GL-4396,2026-03-16 19:19:00,7.737604,10.654224,6.4,4.71
T04,GL-4396,2026-03-16 19:20:00,7.73711,10.654169,5.2,3.14
T04,GL-4396,2026-03-16 19:21:00,7.73641,10.654113,5.0,3.78
T04,GL-4396,2026-03-16 19:22:00,7.735985,10.654077,12.0,3.95
T04,GL-4396,2026-03-16 19:23:00,7.735269,10.654103,,2.89
T04,GL-4396,2026-03-16 19:24:00,7.734756,10.653929,5.7,3.36
T04,GL-4396,2026-03-16 19:25:00,7.734234,10.653953,8.5,5.03
T04,GL-4396,2026-03-16 19:26:00,7.733583,10.653726,9.5,5.52
T04,GL-4396,2026-03-16 19:27:00,7.733049,10.653682,9.7,5.0
T04,GL-4396,2026-03-16 19:28:00,7.732503,10.653717,10.6,4.45
T04,GL-4396,2026-03-16 19:29:00,7.731927,10.653603,9.7,4.34
T04,GL-4396,2026-03-16 19:30:00,7.731444,10.653505,5.5,3.43
T04,GL-4396,2026-03-16 19:31:00,7.73071,10.653415,5.0,3.84
T04,GL-4396,2026-03-16 19:32:00,7.730336,10.653454,12.0,5.45
T04,GL-4396,2026-03-16 19:33:00,7.729636,10.65329,11.5,2.94
T04,GL-4396,2026-03-16 19:34:00,7.728971,10.653178,10.1,3.55
T04,GL-4396,2026-03-16 19:35:00,7.728468,10.65325,4.3,3.0
T04,GL-4396,2026-03-16 19:36:00,7.727797,10.653135,11.6,3.65
T04,GL-4396,2026-03-16 19:37:00,7.727395,10.652951,7.8,4.78
T04,GL-4396,2026-03-16 19:38:00,7.726818,10.652945,5.7,4.96
T04,GL-4396,2026-03-16 19:39:00,7.726202,10.652924,7.8,3.33
T04,GL-4396,2026-03-16 19:40:00,7.725714,10.652818,9.4,3.53
T04,GL-4396,2026-03-16 19:41:00,7.72505,10.652746,4.5,5.38
T04,GL-4396,2026-03-16 19:42:00,7.724493,10.652674,6.4,4.55
T04,GL-4396,2026-03-16 19:43:00,7.723943,10.652576,5.2,5.49
T04,GL-4396,2026-03-16 19:44:00,7.723299,10.652572,7.4,2.96
T04,GL-4396,2026-03-16 19:45:00,7.722801,10.652432,,5.09
T04,GL-4396,2026-03-16 19:46:00,7.722131,10.652295,8.2,5.08
T04,GL-4396,2026-03-16 19:47:00,7.721591,10.652362,4.8,2.88
T04,GL-4396,2026-03-16 19:48:00,7.721059,10.652271,8.6,5.42
T04,GL-4396,2026-03-16 19:49:00,7.720459,10.652331,7.8,3.53
T04,GL-4396,2026-03-16 19:50:00,7.719966,10.652107,11.4,4.87
T04,GL-4396,2026-03-16 19:51:00,7.719367,10.652024,6.3,3.61
T04,GL-4396,2026-03-16 19:52:00,7.71878,10.652102,4.7,4.85
T04,GL-4396,2026-03-16 19:53:00,7.718221,10.651969,10.0,4.51
T04,GL-4396,2026-03-16 19:54:00,7.717666,10.651869,5.2,4.9
T04,GL-4396,2026-03-16 19:55:00,7.717029,10.651893,8.9,5.19
T04,GL-4396,2026-03-16 19:56:00,7.716434,10.651878,4.1,3.33
T04,GL-4396,2026-03-16 19:57:00,7.715988,10.651625,10.1,2.94
T04,GL-4396,2026-03-16 19:58:00,7.715304,10.651545,11.9,3.32
T04,GL-4396,2026-03-16 19:59:00,7.714775,10.651626,11.6,5.37
T04,GL-4396,2026-03-16 20:00:00,7.714287,10.651434,11.5,4.2
T04,GL-4396,2026-03-16 20:01:00,7.713596,10.651334,4.1,4.0
T04,GL-4396,2026-03-16 20:02:00,7.713135,10.651331,5.8,5.4
T04,GL-4396,2026-03-16 20:03:00,7.712482,10.651276,4.4,5.05
T04,GL-4396,2026-03-16 20:04:00,7.711957,10.651259,4.1,2.92
T04,GL-4396,2026-03-16 20:05:00,7.711199,10.65101,6.4,4.9
T04,GL-4396,2026-03-16 20:06:00,7.710828,10.651069,4.9,4.73
T04,GL-4396,2026-03-16 20:07:00,7.710177,10.650972,10.3,5.25
T04,GL-4396,2026-03-16 20:08:00,7.709564,10.650997,8.6,4.4
T04,GL-4396,2026-03-16 20:09:00,7.709003,10.650823,6.1,4.12
T04,GL-4396,2026-03-16 20:10:00,7.70863,10.650767,4.1,4.56
T04,GL-4396,2026-03-16 20:11:00,7.707811,10.650819,11.7,4.0
T04,GL-4396,2026-03-16 20:12:00,7.707362,10.650742,9.3,5.25
T04,GL-4396,2026-03-16 20:13:00,7.706791,10.650625,6.5,4.4
T04,GL-4396,2026-03-16 20:14:00,7.706219,10.650533,9.5,3.61
T04,GL-4396,2026-03-16 20:15:00,7.705649,10.650432,10.4,3.24
T04,GL-4396,2026-03-16 20:16:00,7.704863,10.650522,4.7,3.64
T04,GL-4396,2026-03-16 20:17:00,7.704421,10.650325,9.5,4.15
T04,GL-4396,2026-03-16 20:18:00,7.704028,10.650246,9.2,3.46
T04,GL-4396,2026-03-16 20:19:00,7.703438,10.650298,9.7,5.13
T04,GL-4396,2026-03-16 20:20:00,7.702844,10.6501,9.3,4.7
T04,GL-4396,2026-03-16 20:21:00,7.702173,10.650154,11.3,4.89
T04,GL-4396,2026-03-16 20:22:00,7.70162,10.650148,11.8,3.12
T04,GL-4396,2026-03-16 20:23:00,7.700932,10.650046,10.2,5.28
T04,GL-4396,2026-03-16 20:24:00,7.700522,10.649875,4.1,4.26
T04,GL-4396,2026-03-16 20:25:00,7.699779,10.649833,7.1,3.64
T04,GL-4396,2026-03-16 20:26:00,7.699248,10.64976,7.8,3.68
T04,GL-4396,2026-03-16 20:27:00,7.698832,10.649737,11.7,3.94
T04,GL-4396,2026-03-16 20:28:00,7.698165,10.649636,4.3,5.32
T04,GL-4396,2026-03-16 20:29:00,7.697542,10.649576,9.7,4.43
T04,GL-4396,2026-03-16 20:30:00,7.697168,10.649403,8.5,3.06
T04,GL-4396,2026-03-16 20:31:00,7.696433,10.649449,8.7,4.68
T04,GL-4396,2026-03-16 20:32:00,7.695805,10.649309,5.7,5.03
T04,GL-4396,2026-03-16 20:33:00,7.695262,10.649313,10.2,3.7
T04,GL-4396,2026-03-16 20:34:00,7.69482,10.649241,10.0,5.07
T04,GL-4396,2026-03-16 20:35:00,7.694199,10.649115,8.9,4.37
T04,GL-4396,2026-03-16 20:36:00,7.693651,10.649096,5.6,3.11
T04,GL-4396,2026-03-16 20:37:00,7.693089,10.648903,11.1,2.83
T04,GL-4396,2026-03-16 20:38:00,7.6924,10.648944,6.8,2.9
T04,GL-4396,2026-03-16 20:39:00,7.691877,10.648906,7.0,3.22
T04,GL-4396,2026-03-16 20:40:00,7.691356,10.64884,4.9,5.09
T04,GL-4396,2026-03-16 20:41:00,7.690656,10.648716,5.0,3.95
T04,GL-4396,2026-03-16 20:42:00,7.690219,10.648644,10.3,3.04
T04,GL-4396,2026-03-16 20:43:00,7.689719,10.64862,,3.7
T04,GL-4396,2026-03-16 20:44:00,7.689052,10.648647,11.0,3.45
T04,GL-4396,2026-03-16 20:45:00,7.688447,10.648477,10.0,4.69
T04,GL-4396,2026-03-16 20:46:00,7.687795,10.648323,10.9,4.03
T04,GL-4396,2026-03-16 20:47:00,7.687405,10.648322,6.4,4.83
T04,GL-4396,2026-03-16 20:48:00,7.686728,10.648406,7.5,5.13
T04,GL-4396,2026-03-16 20:49:00,7.686126,10.648241,11.9,4.4
T04,GL-4396,2026-03-16 20:50:00,7.685512,10.648156,5.7,4.69
T04,GL-4396,2026-03-16 20:51:00,7.684879,10.648152,,3.63
T04,GL-4396,2026-03-16 20:52:00,7.684494,10.647853,7.9,5.17
T04,GL-4396,2026-03-16 20:53:00,7.683957,10.648009,10.0,3.81
T04,GL-4396,2026-03-16 20:54:00,7.683406,10.647878,5.1,2.96
T04,GL-4396,2026-03-16 20:55:00,7.682709,10.647883,7.1,4.9
T04,GL-4396,2026-03-16 20:56:00,7.682319,10.647734,5.5,4.38
T04,GL-4396,2026-03-16 20:57:00,7.681674,10.647642,10.2,3.8
T04,GL-4396,2026-03-16 20:58:00,7.680931,10.647638,9.8,3.01
T04,GL-4396,2026-03-16 20:59:00,7.680343,10.647492,11.7,3.17
T04,GL-4396,2026-03-16 21:00:00,7.679853,10.647441,7.4,3.98
T04,GL-4396,2026-03-16 21:01:00,7.67927,10.647374,11.3,4.89
T04,GL-4396,2026-03-16 21:02:00,7.67868,10.647233,6.7,4.75
T04,GL-4396,2026-03-16 21:03:00,7.678125,10.647293,11.8,5.02
T04,GL-4396,2026-03-16 21:04:00,7.67764,10.647162,8.4,4.84
T04,GL-4396,2026-03-16 21:05:00,7.676986,10.647127,6.6,3.31
T04,GL-4396,2026-03-16 21:06:00,7.676396,10.647105,4.6,4.64
T04,GL-4396,2026-03-16 21:07:00,7.675905,10.646835,8.3,2.93
T04,GL-4396,2026-03-16 21:08:00,7.675366,10.646962,5.9,4.7
T04,GL-4396,2026-03-16 21:09:00,7.674711,10.6469,8.6,4.98
T04,GL-4396,2026-03-16 21:10:00,7.674099,10.646692,5.8,4.48
T04,GL-4396,2026-03-16 21:11:00,7.673659,10.646671,4.9,3.86
T04,GL-4396,2026-03-16 21:12:00,7.673027,10.646747,5.1,4.16
T04,GL-4396,2026-03-16 21:13:00,7.672335,10.646542,8.1,5.59
T04,GL-4396,2026-03-16 21:14:00,7.67184,10.646572,9.3,3.62
T04,GL-4396,2026-03-16 21:15:00,7.671272,10.646386,9.7,4.7
T04,GL-4396,2026-03-16 21:16:00,7.670715,10.646389,8.1,4.45
T04,GL-4396,2026-03-16 21:17:00,7.670185,10.646379,9.4,3.64
T04,GL-4396,2026-03-16 21:18:00,7.669676,10.646157,10.6,3.78
T04,GL-4396,2026-03-16 21:19:00,7.669073,10.646161,8.8,4.2
T04,GL-4396,2026-03-16 21:20:00,7.668392,10.646163,11.2,5.15
T04,GL-4396,2026-03-16 21:21:00,7.667749,10.646001,4.0,5.11
T04,GL-4396,2026-03-16 21:22:00,7.667209,10.646007,5.8,5.13
T04,GL-4396,2026-03-16 21:23:00,7.666721,10.645871,8.0,3.35
T04,GL-4396,2026-03-16 21:24:00,7.666207,10.645848,10.3,3.02
T04,GL-4396,2026-03-16 21:25:00,7.665548,10.645723,6.7,4.41
T04,GL-4396,2026-03-16 21:26:00,7.665,10.645643,6.9,3.89
T04,GL-4396,2026-03-16 21:27:00,7.664516,10.645605,5.4,4.89
T04,GL-4396,2026-03-16 21:28:00,7.663761,10.645558,4.6,4.46
T04,GL-4396,2026-03-16 21:29:00,7.663233,10.645426,10.5,3.38
T04,GL-4396,2026-03-16 21:30:00,7.662748,10.645394,10.7,5.16
T04,GL-4396,2026-03-16 21:31:00,7.662198,10.6455,11.4,3.12
T04,GL-4396,2026-03-16 21:32:00,7.661518,10.645284,9.4,5.41
T04,GL-4396,2026-03-16 21:33:00,7.660904,10.645345,8.6,3.57
T04,GL-4396,2026-03-16 21:34:00,7.660387,10.64514,8.8,3.55
T04,GL-4396,2026-03-16 21:35:00,7.65983,10.645083,6.9,4.43
T04,GL-4396,2026-03-16 21:36:00,7.659232,10.644955,8.8,5.07
T04,GL-4396,2026-03-16 21:37:00,7.658728,10.644861,10.0,3.0
T04,GL-4396,2026-03-16 21:38:00,7.65813,10.64496,11.9,3.47
T04,GL-4396,2026-03-16 21:39:00,7.657458,10.644782,6.9,4.04
T04,GL-4396,2026-03-16 21:40:00,7.656851,10.644824,9.2,4.22
T04,GL-4396,2026-03-16 21:41:00,7.656431,10.644704,4.1,3.72
T04,GL-4396,2026-03-16 21:42:00,7.655843,10.644637,8.2,5.05
T04,GL-4396,2026-03-16 21:43:00,7.655168,10.64462,8.9,2.9
T04,GL-4396,2026-03-16 21:44:00,7.654833,10.644505,8.0,4.43
T04,GL-4396,2026-03-16 21:45:00,7.654165,10.644321,6.0,3.1
T04,GL-4396,2026-03-16 21:46:00,7.653598,10.644399,8.6,3.85
T04,GL-4396,2026-03-16 21:47:00,7.652958,10.64419,7.4,3.69
T04,GL-4396,2026-03-16 21:48:00,7.652449,10.644229,7.5,4.11
T04,GL-4396,2026-03-16 21:49:00,7.651821,10.644156,5.4,4.78
T04,GL-4396,2026-03-16 21:50:00,7.651313,10.643924,9.2,4.65
T04,GL-4396,2026-03-16 21:51:00,7.650766,10.644021,6.6,2.97
T04,GL-4396,2026-03-16 21:52:00,7.650059,10.643983,7.9,3.92
T04,GL-4396,2026-03-16 21:53:00,7.649546,10.643784,6.2,2.98
T04,GL-4396,2026-03-16 21:54:00,7.648948,10.643692,4.8,5.48
T04,GL-4396,2026-03-16 21:55:00,7.648374,10.643784,7.5,3.52
T04,GL-4396,2026-03-16 21:56:00,7.64783,10.6437,4.9,3.83
T04,GL-4396,2026-03-16 21:57:00,7.647277,10.643546,6.0,3.98
T04,GL-4396,2026-03-16 21:58:00,7.646778,10.643507,8.4,3.63
T04,GL-4396,2026-03-16 21:59:00,7.646061,10.643406,6.5,5.19
T04,GL-4396,2026-03-16 22:00:00,7.6456,10.643409,4.1,4.25
T04,GL-4396,2026-03-16 22:01:00,7.64498,10.643333,7.3,3.54
T04,GL-4396,2026-03-16 22:02:00,7.644351,10.643247,10.3,5.54
T04,GL-4396,2026-03-16 22:03:00,7.643724,10.643348,5.7,5.06
T04,GL-4396,2026-03-16 22:04:00,7.643341,10.64322,8.6,4.61
T04,GL-4396,2026-03-16 22:05:00,7.642512,10.643008,7.1,3.54
T04,GL-4396,2026-03-16 22:06:00,7.642132,10.642988,7.5,3.89
T04,GL-4396,2026-03-16 22:07:00,7.641636,10.642931,10.0,3.49
T04,GL-4396,2026-03-16 22:08:00,7.641026,10.642851,8.1,5.12
T04,GL-4396,2026-03-16 22:09:00,7.640289,10.64281,4.5,5.1
T04,GL-4396,2026-03-16 22:10:00,7.639822,10.642702,7.2,3.86
T04,GL-4396,2026-03-16 22:11:00,7.639272,10.642651,5.9,4.33
T04,GL-4396,2026-03-16 22:12:00,7.63884,10.642515,6.8,2.87
T04,GL-4396,2026-03-16 22:13:00,7.638078,10.642383,8.4,3.12
T04,GL-4396,2026-03-16 22:14:00,7.63747,10.642427,7.7,3.7
T04,GL-4396,2026-03-16 22:15:00,7.637026,10.642442,10.4,4.69
T04,GL-4396,2026-03-16 22:16:00,7.636436,10.642245,4.7,4.34
T04,GL-4396,2026-03-16 22:17:00,7.635879,10.642211,8.0,3.64
T04,GL-4396,2026-03-16 22:18:00,7.635252,10.64213,10.3,4.06
T04,GL-4396,2026-03-16 22:19:00,7.63477,10.64222,11.2,3.6
T04,GL-4396,2026-03-16 22:20:00,7.634072,10.642138,7.1,3.93
T04,GL-4396,2026-03-16 22:21:00,7.633523,10.641931,5.6,3.41
T04,GL-4396,2026-03-16 22:22:00,7.633073,10.641965,5.5,3.82
T04,GL-4396,2026-03-16 22:23:00,7.63244,10.641884,5.7,4.29
T04,GL-4396,2026-03-16 22:24:00,7.631737,10.641782,9.8,3.61
T04,GL-4396,2026-03-16 22:25:00,7.63121,10.641677,7.5,4.22
T04,GL-4396,2026-03-16 22:26:00,7.630636,10.641754,9.1,2.85
T04,GL-4396,2026-03-16 22:27:00,7.630083,10.641509,9.6,5.26
T04,GL-4396,2026-03-16 22:28:00,7.629495,10.641568,8.7,5.54
T04,GL-4396,2026-03-16 22:29:00,7.629009,10.641434,8.9,3.0
T04,GL-4396,2026-03-16 22:30:00,7.62841,10.641388,10.3,5.12
T04,GL-4396,2026-03-16 22:31:00,7.627868,10.641398,9.8,4.52
T04,GL-4396,2026-03-16 22:32:00,7.627166,10.641341,7.8,3.86
T04,GL-4396,2026-03-16 22:33:00,7.626623,10.641215,8.5,3.62
T04,GL-4396,2026-03-16 22:34:00,7.626072,10.641148,8.6,3.5
T04,GL-4396,2026-03-16 22:35:00,7.625439,10.641046,8.8,4.63
T04,GL-4396,2026-03-16 22:36:00,7.624879,10.641028,6.8,4.95
T04,GL-4396,2026-03-16 22:37:00,7.624398,10.64094,11.6,5.05
T04,GL-4396,2026-03-16 22:38:00,7.623851,10.640813,9.7,5.35
T04,GL-4396,2026-03-16 22:39:00,7.623258,10.64085,11.0,4.03
T04,GL-4396,2026-03-16 22:40:00,7.622657,10.640644,6.0,4.77
T04,GL-4396,2026-03-16 22:41:00,7.622088,10.640648,10.9,3.42
T04,GL-4396,2026-03-16 22:42:00,7.621481,10.640684,4.6,4.98
T04,GL-4396,2026-03-16 22:43:00,7.620881,10.640566,10.9,4.1
T04,GL-4396,2026-03-16 22:44:00,7.620419,10.640407,11.6,4.72
T04,GL-4396,2026-03-16 22:45:00,7.619737,10.640355,5.1,3.23
T04,GL-4396,2026-03-16 22:46:00,7.619279,10.640233,8.4,3.85
T04,GL-4396,2026-03-16 22:47:00,7.618613,10.640143,11.7,3.79
T04,GL-4396,2026-03-16 22:48:00,7.617997,10.640108,5.3,4.2
T04,GL-4396,2026-03-16 22:49:00,7.617464,10.640114,6.3,3.59
T04,GL-4396,2026-03-16 22:50:00,7.616945,10.639925,11.1,3.22
T04,GL-4396,2026-03-16 22:51:00,7.616471,10.640037,5.8,5.46
T04,GL-4396,2026-03-16 22:52:00,7.615838,10.639882,5.7,2.82
T04,GL-4396,2026-03-16 22:53:00,7.615164,10.639991,6.2,3.93
T04,GL-4396,2026-03-16 22:54:00,7.614692,10.639692,9.0,2.82
T04,GL-4396,2026-03-16 22:55:00,7.613999,10.639789,10.6,3.07
T04,GL-4396,2026-03-16 22:56:00,7.613484,10.639557,10.3,4.12
T04,GL-4396,2026-03-16 22:57:00,7.308734,10.639552,11.8,340.55
T04,GL-4396,2026-03-16 22:58:00,7.612351,10.639487,8.6,5.16
T04,GL-4396,2026-03-16 22:59:00,7.611752,10.639412,12.0,3.77
T04,GL-4396,2026-03-16 23:00:00,7.611213,10.639328,5.7,3.93
T04,GL-4396,2026-03-16 23:01:00,7.610684,10.63927,7.6,3.0
T04,GL-4396,2026-03-16 23:02:00,7.610131,10.63937,4.7,3.69
T04,GL-4396,2026-03-16 23:03:00,7.609525,10.639141,11.5,4.54
T04,GL-4396,2026-03-16 23:04:00,7.608922,10.639148,5.8,4.73
T04,GL-4396,2026-03-16 23:05:00,7.60842,10.639021,9.7,3.89
T04,GL-4396,2026-03-16 23:06:00,7.607731,10.639,11.7,3.48
T04,GL-4396,2026-03-16 23:07:00,7.6073,10.638843,6.9,3.97
T04,GL-4396,2026-03-16 23:08:00,7.606578,10.638897,7.2,4.17
T04,GL-4396,2026-03-16 23:09:00,7.606055,10.638759,11.8,4.05
T04,GL-4396,2026-03-16 23:10:00,7.605499,10.638691,10.3,4.73
T04,GL-4396,2026-03-16 23:11:00,7.604943,10.638591,7.1,2.88
T04,GL-4396,2026-03-16 23:12:00,7.604373,10.638454,11.7,3.3
T04,GL-4396,2026-03-16 23:13:00,7.603766,10.638486,8.7,4.98
T04,GL-4396,2026-03-16 23:14:00,7.60323,10.638439,11.6,5.45
T04,GL-4396,2026-03-16 23:15:00,7.602637,10.638325,11.0,3.5
T04,GL-4396,2026-03-16 23:16:00,7.602139,10.63824,8.5,2.92
T04,GL-4396,2026-03-16 23:17:00,7.601516,10.638142,11.9,4.73
T04,GL-4396,2026-03-16 23:18:00,7.600898,10.638189,4.9,4.03
T04,GL-4396,2026-03-16 23:19:00,7.600426,10.638147,6.9,3.72
T04,GL-4396,2026-03-16 23:20:00,7.599745,10.637998,8.8,3.82
T04,GL-4396,2026-03-16 23:21:00,7.599305,10.637917,6.2,4.86
T04,GL-4396,2026-03-16 23:22:00,7.598623,10.63778,7.7,3.7
T04,GL-4396,2026-03-16 23:23:00,7.598195,10.637749,4.8,5.59
T04,GL-4396,2026-03-16 23:24:00,7.597424,10.637772,9.9,2.82
T04,GL-4396,2026-03-16 23:25:00,7.596821,10.637684,5.8,2.83
T04,GL-4396,2026-03-16 23:26:00,7.596233,10.637612,11.0,4.33
T04,GL-4396,2026-03-16 23:27:00,7.595831,10.637631,11.4,3.48
T04,GL-4396,2026-03-16 23:28:00,7.595225,10.637413,5.2,3.41
T04,GL-4396,2026-03-16 23:29:00,7.594493,10.637365,10.8,5.28
T04,GL-4396,2026-03-16 23:30:00,7.594083,10.637389,8.9,4.25
T04,GL-4396,2026-03-16 23:31:00,7.593491,10.637369,9.0,3.77
T04,GL-4396,2026-03-16 23:32:00,7.592996,10.63709,10.3,5.42
T04,GL-4396,2026-03-16 23:33:00,7.592424,10.637208,7.9,4.62
T04,GL-4396,2026-03-16 23:34:00,7.591799,10.636969,11.7,2.86
T04,GL-4396,2026-03-16 23:35:00,7.591233,10.63698,,4.24
T04,GL-4396,2026-03-16 23:36:00,7.590594,10.637037,4.6,2.87
T04,GL-4396,2026-03-16 23:37:00,7.59007,10.636873,10.3,3.87
T04,GL-4396,2026-03-16 23:38:00,7.589508,10.636874,8.4,2.84
T04,GL-4396,2026-03-16 23:39:00,7.588844,10.636806,7.7,4.28
T04,GL-4396,2026-03-16 23:40:00,7.588315,10.636762,11.3,3.04
T04,GL-4396,2026-03-16 23:41:00,7.587788,10.63662,7.5,3.34
T04,GL-4396,2026-03-16 23:42:00,7.587108,10.636648,9.0,5.33
T04,GL-4396,2026-03-16 23:43:00,7.586585,10.636514,10.8,4.99
T04,GL-4396,2026-03-16 23:44:00,7.586023,10.63631,10.0,5.54
T04,GL-4396,2026-03-16 23:45:00,7.585424,10.636434,11.5,3.31
T04,GL-4396,2026-03-16 23:46:00,7.584937,10.63626,9.2,4.29
T04,GL-4396,2026-03-16 23:47:00,7.584222,10.63617,9.0,3.16
T04,GL-4396,2026-03-16 23:48:00,7.583738,10.636118,5.5,3.01
T04,GL-4396,2026-03-16 23:49:00,7.583143,10.63604,4.2,4.78
T04,GL-4396,2026-03-16 23:50:00,7.582735,10.63608,8.1,3.92
T04,GL-4396,2026-03-16 23:51:00,7.581973,10.635982,11.7,4.54
T04,GL-4396,2026-03-16 23:52:00,7.58153,10.635758,5.3,3.59
T04,GL-4396,2026-03-16 23:53:00,7.58086,10.635808,5.2,5.16
T04,GL-4396,2026-03-16 23:54:00,7.580164,10.635682,5.3,4.52
T04,GL-4396,2026-03-16 23:55:00,7.579759,10.635643,8.9,4.99
T04,GL-4396,2026-03-16 23:56:00,7.579115,10.635633,6.5,3.86
T04,GL-4396,2026-03-16 23:57:00,7.578541,10.635585,7.0,5.57
T04,GL-4396,2026-03-16 23:58:00,7.57803,10.635375,7.3,4.29
T04,GL-4396,2026-03-16 23:59:00,7.577536,10.635409,10.3,5.12
T04,GL-4396,2026-03-17 00:00:00,7.576868,10.635289,7.3,5.18
T04,GL-4396,2026-03-17 00:01:00,7.576245,10.635245,10.6,4.26
T04,GL-4396,2026-03-17 00:02:00,7.575721,10.63525,6.9,3.2
T04,GL-4396,2026-03-17 00:03:00,7.575149,10.635162,8.7,4.46
T04,GL-4396,2026-03-17 00:04:00,7.574495,10.635024,9.4,5.26
T04,GL-4396,2026-03-17 00:05:00,7.574105,10.635092,10.7,5.36
T04,GL-4396,2026-03-17 00:06:00,7.573373,10.634911,4.6,4.81
T04,GL-4396,2026-03-17 00:07:00,7.572941,10.634913,9.7,4.4
T04,GL-4396,2026-03-17 00:08:00,7.572368,10.634702,4.9,3.75
T04,GL-4396,2026-03-17 00:09:00,7.571652,10.634727,8.7,2.95
T04,GL-4396,2026-03-17 00:10:00,7.571236,10.634748,5.4,4.34
T04,GL-4396,2026-03-17 00:11:00,7.570611,10.634608,10.5,3.44
T04,GL-4396,2026-03-17 00:12:00,7.569911,10.634494,5.7,3.44
T04,GL-4396,2026-03-17 00:13:00,7.569411,10.634573,5.4,3.88
T04,GL-4396,2026-03-17 00:14:00,7.568919,10.634383,8.3,3.41
T04,GL-4396,2026-03-17 00:15:00,7.568334,10.634191,4.6,3.21
T04,GL-4396,2026-03-17 00:16:00,7.567789,10.634338,9.3,4.8
T04,GL-4396,2026-03-17 00:17:00,7.56706,10.634164,5.0,4.15
T04,GL-4396,2026-03-17 00:18:00,7.56663,10.63419,11.5,2.88
T04,GL-4396,2026-03-17 00:19:00,7.565954,10.634013,5.6,3.4
T04,GL-4396,2026-03-17 00:20:00,7.565494,10.633995,5.3,3.61
T04,GL-4396,2026-03-17 00:21:00,7.56489,10.633884,5.1,3.99
T04,GL-4396,2026-03-17 00:22:00,7.564279,10.633947,6.3,3.53
T04,GL-4396,2026-03-17 00:23:00,7.563854,10.633835,6.0,3.49
T04,GL-4396,2026-03-17 00:24:00,7.563195,10.633704,7.2,4.72
T04,GL-4396,2026-03-17 00:25:00,7.562655,10.633633,11.9,4.04
T04,GL-4396,2026-03-17 00:26:00,7.56199,10.633578,4.1,4.61
T04,GL-4396,2026-03-17 00:27:00,7.561485,10.63345,9.5,5.26
T04,GL-4396,2026-03-17 00:28:00,7.560797,10.633306,5.4,4.21
T04,GL-4396,2026-03-17 00:29:00,7.560273,10.633391,11.8,4.41
T04,GL-4396,2026-03-17 00:30:00,7.559627,10.633243,8.5,5.23
T04,GL-4396,2026-03-17 00:31:00,7.559295,10.633171,4.1,2.87
T04,GL-4396,2026-03-17 00:32:00,7.558515,10.63323,8.7,3.34
T04,GL-4396,2026-03-17 00:33:00,7.558004,10.633281,5.6,4.59
T04,GL-4396,2026-03-17 00:34:00,7.557483,10.633088,,5.56
T04,GL-4396,2026-03-17 00:35:00,7.556912,10.632902,10.8,3.27
T04,GL-4396,2026-03-17 00:36:00,7.556266,10.632972,7.1,3.03
T04,GL-4396,2026-03-17 00:37:00,7.555687,10.632835,7.0,4.04
T04,GL-4396,2026-03-17 00:38:00,7.555101,10.632892,4.0,4.1
T04,GL-4396,2026-03-17 00:39:00,7.554694,10.632793,9.5,5.27
T04,GL-4396,2026-03-17 00:40:00,7.553989,10.632594,8.8,3.81
T04,GL-4396,2026-03-17 00:41:00,7.553335,10.632589,7.6,5.45
T04,GL-4396,2026-03-17 00:42:00,7.552797,10.632455,7.7,5.29
T04,GL-4396,2026-03-17 00:43:00,7.552329,10.632514,9.4,5.15
T04,GL-4396,2026-03-17 00:44:00,7.55175,10.632343,4.3,5.08
T04,GL-4396,2026-03-17 00:45:00,7.551166,10.632187,6.6,3.73
T04,GL-4396,2026-03-17 00:46:00,7.550535,10.632219,6.8,3.8
T04,GL-4396,2026-03-17 00:47:00,7.550125,10.632183,7.2,3.8
T04,GL-4396,2026-03-17 00:48:00,7.549402,10.632033,8.3,4.46
T04,GL-4396,2026-03-17 00:49:00,7.548809,10.631981,5.8,4.46
T04,GL-4396,2026-03-17 00:50:00,7.548398,10.632013,8.2,5.2
T04,GL-4396,2026-03-17 00:51:00,7.547627,10.631856,9.9,4.35
T04,GL-4396,2026-03-17 00:52:00,7.547259,10.631776,4.1,4.23
T04,GL-4396,2026-03-17 00:53:00,7.546534,10.631872,10.9,3.4
T04,GL-4396,2026-03-17 00:54:00,7.546027,10.631659,8.5,3.28
T04,GL-4396,2026-03-17 00:55:00,7.545312,10.631666,4.4,3.94
T04,GL-4396,2026-03-17 00:56:00,7.54487,10.631579,5.3,4.69
T04,GL-4396,2026-03-17 00:57:00,7.544226,10.631389,11.2,2.83
T04,GL-4396,2026-03-17 00:58:00,7.543703,10.631374,6.1,5.42
T04,GL-4396,2026-03-17 00:59:00,7.543163,10.631373,9.3,4.39
T04,GL-4396,2026-03-17 01:00:00,7.542622,10.631317,9.8,3.19
T04,GL-4396,2026-03-17 01:01:00,7.541974,10.631185,10.4,4.12
T04,GL-4396,2026-03-17 01:02:00,7.541328,10.631178,11.5,2.99
T04,GL-4396,2026-03-17 01:03:00,7.54081,10.631075,6.9,4.53
T04,GL-4396,2026-03-17 01:04:00,7.540202,10.630976,5.9,2.92
T04,GL-4396,2026-03-17 01:05:00,7.539671,10.630947,5.9,3.31
T04,GL-4396,2026-03-17 01:06:00,7.539037,10.630905,5.3,4.12
T04,GL-4396,2026-03-17 01:07:00,7.538615,10.630834,7.4,3.03
T04,GL-4396,2026-03-17 01:08:00,7.537941,10.63084,9.8,4.46
T04,GL-4396,2026-03-17 01:09:00,7.537474,10.630641,8.2,5.21
T04,GL-4396,2026-03-17 01:10:00,7.536896,10.630659,4.4,4.6
T04,GL-4396,2026-03-17 01:11:00,7.536167,10.630518,9.7,3.02
T04,GL-4396,2026-03-17 01:12:00,7.53566,10.630552,6.8,4.12
T04,GL-4396,2026-03-17 01:13:00,7.535226,10.630398,7.2,5.52
T04,GL-4396,2026-03-17 01:14:00,7.534607,10.630318,5.1,2.8
T04,GL-4396,2026-03-17 01:15:00,7.534053,10.63024,11.7,5.55
T04,GL-4396,2026-03-17 01:16:00,7.53335,10.630205,5.8,3.57
T04,GL-4396,2026-03-17 01:17:00,7.532846,10.630157,6.6,4.76
T04,GL-4396,2026-03-17 01:18:00,7.532316,10.630109,5.8,4.73
T04,GL-4396,2026-03-17 01:19:00,7.531703,10.629877,10.0,4.36
T04,GL-4396,2026-03-17 01:20:00,7.5311,10.629867,5.2,4.46
T04,GL-4396,2026-03-17 01:21:00,7.530558,10.629907,5.0,3.98
T04,GL-4396,2026-03-17 01:22:00,7.530044,10.629842,4.5,5.37
T04,GL-4396,2026-03-17 01:23:00,7.529445,10.629754,9.3,5.07
T04,GL-4396,2026-03-17 01:24:00,7.528911,10.629649,4.0,4.73
T04,GL-4396,2026-03-17 01:25:00,7.528273,10.629587,7.0,4.54
T04,GL-4396,2026-03-17 01:26:00,7.527756,10.629554,12.0,3.89
T04,GL-4396,2026-03-17 01:27:00,7.527086,10.629505,8.5,4.45
T04,GL-4396,2026-03-17 01:28:00,7.526626,10.629351,10.3,3.94
T04,GL-4396,2026-03-17 01:29:00,7.526052,10.629282,11.1,4.69
T04,GL-4396,2026-03-17 01:30:00,7.525382,10.629354,8.1,4.05
T04,GL-4396,2026-03-17 01:31:00,7.524782,10.629127,9.1,5.29
T04,GL-4396,2026-03-17 01:32:00,7.524324,10.629142,6.9,5.01
T04,GL-4396,2026-03-17 01:33:00,7.523651,10.629072,5.6,3.22
T04,GL-4396,2026-03-17 01:34:00,7.523201,10.629065,8.1,3.79
T04,GL-4396,2026-03-17 01:35:00,7.522544,10.628999,6.7,5.1
T04,GL-4396,2026-03-17 01:36:00,7.52188,10.62875,7.7,3.88
T04,GL-4396,2026-03-17 01:37:00,7.521466,10.628785,,5.44
T04,GL-4396,2026-03-17 01:38:00,7.520739,10.628782,6.2,3.05
T04,GL-4396,2026-03-17 01:39:00,7.520295,10.628784,8.7,3.12
T04,GL-4396,2026-03-17 01:40:00,7.519723,10.628572,11.4,5.16
T04,GL-4396,2026-03-17 01:41:00,7.519206,10.628479,4.6,2.91
T04,GL-4396,2026-03-17 01:42:00,7.518491,10.628472,10.6,5.4
T04,GL-4396,2026-03-17 01:43:00,7.517932,10.62839,10.4,4.66
T04,GL-4396,2026-03-17 01:44:00,7.51749,10.62831,8.1,3.56
T04,GL-4396,2026-03-17 01:45:00,7.516806,10.628362,10.0,3.92
T04,GL-4396,2026-03-17 01:46:00,7.516285,10.628302,7.0,3.3
T04,GL-4396,2026-03-17 01:47:00,7.515692,10.628047,7.2,5.37
T04,GL-4396,2026-03-17 01:48:00,7.515015,10.628111,7.5,3.93
T04,GL-4396,2026-03-17 01:49:00,7.514525,10.628064,7.8,4.77
T04,GL-4396,2026-03-17 01:50:00,7.513926,10.627918,9.3,5.36
T04,GL-4396,2026-03-17 01:51:00,7.513318,10.627814,10.7,3.53
T04,GL-4396,2026-03-17 01:52:00,7.512764,10.627977,10.6,5.56
T04,GL-4396,2026-03-17 01:53:00,7.512167,10.627701,9.3,4.37
T04,GL-4396,2026-03-17 01:54:00,7.511595,10.627765,8.9,5.46
T04,GL-4396,2026-03-17 01:55:00,7.510983,10.627498,10.5,4.62
T04,GL-4396,2026-03-17 01:56:00,7.510444,10.627451,11.9,5.53
T04,GL-4396,2026-03-17 01:57:00,7.510114,10.62744,9.1,4.03
T04,GL-4396,2026-03-17 01:58:00,7.509368,10.627378,6.0,4.35
T04,GL-4396,2026-03-17 01:59:00,7.508687,10.627303,11.2,4.88
T04,GL-4396,2026-03-17 02:00:00,7.508199,10.627193,8.0,4.91
T04,GL-4396,2026-03-17 02:01:00,7.507678,10.627167,7.6,3.95
T04,GL-4396,2026-03-17 02:02:00,7.507114,10.627081,8.0,5.0
T04,GL-4396,2026-03-17 02:03:00,7.506439,10.627056,6.4,5.18
T04,GL-4396,2026-03-17 02:04:00,7.506011,10.626891,4.0,5.33
T04,GL-4396,2026-03-17 02:05:00,7.505396,10.626885,4.8,5.2
T04,GL-4396,2026-03-17 02:06:00,7.504801,10.62674,4.9,3.25
T04,GL-4396,2026-03-17 02:07:00,7.504261,10.626832,11.9,3.17
T04,GL-4396,2026-03-17 02:08:00,7.503703,10.626693,9.7,4.14
T04,GL-4396,2026-03-17 02:09:00,7.503136,10.626584,11.1,3.67
T04,GL-4396,2026-03-17 02:10:00,7.50249,10.62661,10.0,3.57
T04,GL-4396,2026-03-17 02:11:00,7.501997,10.626515,10.9,4.13
T04,GL-4396,2026-03-17 02:12:00,7.501428,10.626493,7.5,5.38
T04,GL-4396,2026-03-17 02:13:00,7.500763,10.626384,7.9,4.49
T04,GL-4396,2026-03-17 02:14:00,7.500253,10.626253,9.2,3.61
T04,GL-4396,2026-03-17 02:15:00,7.499672,10.626207,11.7,5.41
T04,GL-4396,2026-03-17 02:16:00,7.499089,10.626184,7.4,3.81
T04,GL-4396,2026-03-17 02:17:00,7.498544,10.626118,5.4,4.56
T04,GL-4396,2026-03-17 02:18:00,7.497888,10.62602,10.9,4.42
T04,GL-4396,2026-03-17 02:19:00,7.49746,10.625933,4.6,3.27
T04,GL-4396,2026-03-17 02:20:00,7.496776,10.625811,6.2,5.26
T04,GL-4396,2026-03-17 02:21:00,7.496204,10.62573,7.6,4.73
T04,GL-4396,2026-03-17 02:22:00,7.495741,10.625781,7.0,3.18
T04,GL-4396,2026-03-17 02:23:00,7.495152,10.625744,4.3,4.24
T04,GL-4396,2026-03-17 02:24:00,7.494588,10.625675,4.9,4.54
T04,GL-4396,2026-03-17 02:25:00,7.493909,10.625503,10.4,4.68
T04,GL-4396,2026-03-17 02:26:00,7.493484,10.625524,9.7,5.21
T04,GL-4396,2026-03-17 02:27:00,7.492816,10.625407,6.0,4.83
T04,GL-4396,2026-03-17 02:28:00,7.492112,10.62536,10.1,3.38
T04,GL-4396,2026-03-17 02:29:00,7.491742,10.625279,11.1,2.81
T04,GL-4396,2026-03-17 02:30:00,7.491021,10.625232,7.1,5.06
T04,GL-4396,2026-03-17 02:31:00,7.490549,10.625099,6.7,3.38
T04,GL-4396,2026-03-17 02:32:00,7.489968,10.625133,9.6,4.2
T04,GL-4396,2026-03-17 02:33:00,7.489516,10.625131,4.8,5.05
T04,GL-4396,2026-03-17 02:34:00,7.488789,10.624903,5.5,4.34
T04,GL-4396,2026-03-17 02:35:00,7.488267,10.624832,8.5,3.78
T04,GL-4396,2026-03-17 02:36:00,7.487643,10.62491,9.8,3.75
T04,GL-4396,2026-03-17 02:37:00,7.487032,10.624798,6.5,4.71
T04,GL-4396,2026-03-17 02:38:00,7.486529,10.624608,11.1,3.51
T04,GL-4396,2026-03-17 02:39:00,7.485903,10.624674,5.8,3.12
T04,GL-4396,2026-03-17 02:40:00,7.485419,10.62461,5.0,4.98
T04,GL-4396,2026-03-17 02:41:00,7.484871,10.624512,11.2,4.8
T04,GL-4396,2026-03-17 02:42:00,7.484155,10.624416,9.3,5.05
T04,GL-4396,2026-03-17 02:43:00,7.483509,10.624406,8.1,3.19
T04,GL-4396,2026-03-17 02:44:00,7.483083,10.624225,9.9,4.1
T04,GL-4396,2026-03-17 02:45:00,7.482495,10.624191,11.4,4.73
T04,GL-4396,2026-03-17 02:46:00,7.481951,10.624156,11.6,4.99
T04,GL-4396,2026-03-17 02:47:00,7.481396,10.624096,7.6,4.85
T04,GL-4396,2026-03-17 02:48:00,7.480655,10.623963,7.3,4.2
T04,GL-4396,2026-03-17 02:49:00,7.480249,10.623889,9.7,3.02
T04,GL-4396,2026-03-17 02:50:00,7.479599,10.62402,9.7,4.82
T04,GL-4396,2026-03-17 02:51:00,7.479098,10.623744,10.5,4.65
T04,GL-4396,2026-03-17 02:52:00,7.478584,10.623753,10.7,4.74
T04,GL-4396,2026-03-17 02:53:00,7.477979,10.623579,7.0,3.76
T04,GL-4396,2026-03-17 02:54:00,7.477282,10.623512,10.0,3.13
T04,GL-4396,2026-03-17 02:55:00,7.476787,10.623506,10.7,3.43
T04,GL-4396,2026-03-17 02:56:00,7.476072,10.623381,6.5,3.29
T04,GL-4396,2026-03-17 02:57:00,7.475588,10.623505,5.3,2.8
T04,GL-4396,2026-03-17 02:58:00,7.475093,10.623326,8.6,2.96
T04,GL-4396,2026-03-17 02:59:00,7.474449,10.623264,5.1,3.82
T04,GL-4396,2026-03-17 03:00:00,7.47389,10.623126,6.1,4.96
T04,GL-4396,2026-03-17 03:01:00,7.47344,10.622997,9.2,2.85
T04,GL-4396,2026-03-17 03:02:00,7.472793,10.623123,4.9,3.54
T04,GL-4396,2026-03-17 03:03:00,7.472238,10.623072,7.4,4.48
T04,GL-4396,2026-03-17 03:04:00,7.471608,10.622875,8.0,4.09
T04,GL-4396,2026-03-17 03:05:00,7.471086,10.622912,9.1,3.48
T04,GL-4396,2026-03-17 03:06:00,7.470452,10.622744,5.0,4.3
T04,GL-4396,2026-03-17 03:07:00,7.469929,10.622748,10.4,4.32
T04,GL-4396,2026-03-17 03:08:00,7.469241,10.622694,10.1,4.75
T04,GL-4396,2026-03-17 03:09:00,7.468741,10.622636,10.7,4.73
T04,GL-4396,2026-03-17 03:10:00,7.468145,10.622506,8.1,3.67
T04,GL-4396,2026-03-17 03:11:00,7.467681,10.622507,8.4,3.05
T04,GL-4396,2026-03-17 03:12:00,7.467137,10.622329,10.8,4.05
T04,GL-4396,2026-03-17 03:13:00,7.466408,10.62234,8.4,4.25
T04,GL-4396,2026-03-17 03:14:00,7.465852,10.622196,10.1,5.22
T04,GL-4396,2026-03-17 03:15:00,7.465374,10.622251,4.8,3.73
T04,GL-4396,2026-03-17 03:16:00,7.464804,10.622117,5.7,3.97
T04,GL-4396,2026-03-17 03:17:00,7.46426,10.622018,9.8,4.97
T04,GL-4396,2026-03-17 03:18:00,7.463542,10.622032,5.6,3.11
T04,GL-4396,2026-03-17 03:19:00,7.46309,10.622028,6.8,4.62
T04,GL-4396,2026-03-17 03:20:00,7.462509,10.621893,10.5,5.37
T04,GL-4396,2026-03-17 03:21:00,7.461811,10.621729,8.9,4.16
T04,GL-4396,2026-03-17 03:22:00,7.461364,10.62174,4.4,3.46
T04,GL-4396,2026-03-17 03:23:00,7.460796,10.621695,5.3,4.6
T04,GL-4396,2026-03-17 03:24:00,7.460213,10.621494,4.3,4.59
T04,GL-4396,2026-03-17 03:25:00,7.459632,10.62157,6.8,3.64
T04,GL-4396,2026-03-17 03:26:00,7.459088,10.621492,5.6,3.99
T04,GL-4396,2026-03-17 03:27:00,7.458448,10.621459,7.2,5.34
T04,GL-4396,2026-03-17 03:28:00,7.457812,10.621265,10.9,2.89
T04,GL-4396,2026-03-17 03:29:00,7.457373,10.621244,11.4,5.3
T04,GL-4396,2026-03-17 03:30:00,7.456698,10.621126,9.6,2.8
T04,GL-4396,2026-03-17 03:31:00,7.45626,10.621037,10.5,5.36
T04,GL-4396,2026-03-17 03:32:00,7.455597,10.621039,4.8,3.43
T04,GL-4396,2026-03-17 03:33:00,7.455044,10.620951,11.8,5.23
T04,GL-4396,2026-03-17 03:34:00,7.454483,10.62094,7.4,4.96
T04,GL-4396,2026-03-17 03:35:00,7.45385,10.620807,9.5,3.54
T04,GL-4396,2026-03-17 03:36:00,7.453307,10.620815,4.3,5.58
T04,GL-4396,2026-03-17 03:37:00,7.452812,10.620732,8.9,3.97
T04,GL-4396,2026-03-17 03:38:00,7.452101,10.620539,7.8,4.95
T04,GL-4396,2026-03-17 03:39:00,7.451583,10.62058,10.8,2.88
T04,GL-4396,2026-03-17 03:40:00,7.45111,10.620501,6.8,3.08
T04,GL-4396,2026-03-17 03:41:00,7.450469,10.620451,5.7,4.18
T04,GL-4396,2026-03-17 03:42:00,7.449798,10.620405,4.6,3.24
T04,GL-4396,2026-03-17 03:43:00,7.449326,10.620254,10.6,2.85
T04,GL-4396,2026-03-17 03:44:00,7.448777,10.620236,7.2,3.89
T04,GL-4396,2026-03-17 03:45:00,7.448113,10.620175,6.6,4.56
T04,GL-4396,2026-03-17 03:46:00,7.447597,10.620172,9.5,5.35
T04,GL-4396,2026-03-17 03:47:00,7.447019,10.620039,7.9,5.35
T04,GL-4396,2026-03-17 03:48:00,7.446484,10.619988,10.7,3.74
T04,GL-4396,2026-03-17 03:49:00,7.445851,10.619922,10.5,4.88
T04,GL-4396,2026-03-17 03:50:00,7.445321,10.619966,7.9,4.46
T04,GL-4396,2026-03-17 03:51:00,7.444782,10.619787,8.0,4.89
T04,GL-4396,2026-03-17 03:52:00,7.444146,10.619644,7.0,4.38
T04,GL-4396,2026-03-17 03:53:00,7.443566,10.619526,5.9,4.42
T04,GL-4396,2026-03-17 03:54:00,7.442984,10.619532,6.8,4.73
T04,GL-4396,2026-03-17 03:55:00,7.442531,10.619507,9.8,5.6
T04,GL-4396,2026-03-17 03:56:00,7.441945,10.619422,7.8,3.61
T04,GL-4396,2026-03-17 03:57:00,7.441328,10.619294,7.3,3.58
T04,GL-4396,2026-03-17 03:58:00,7.440779,10.619386,11.7,4.01
T04,GL-4396,2026-03-17 03:59:00,7.440193,10.619216,5.9,3.87
T04,GL-4396,2026-03-17 04:00:00,7.439555,10.619021,5.7,3.01
T04,GL-4396,2026-03-17 04:01:00,7.438988,10.619133,10.2,5.19
T04,GL-4396,2026-03-17 04:02:00,7.438419,10.619088,4.6,3.17
T04,GL-4396,2026-03-17 04:03:00,7.437774,10.618818,5.0,3.71
T04,GL-4396,2026-03-17 04:04:00,7.437194,10.618897,9.1,4.28
T04,GL-4396,2026-03-17 04:05:00,7.436852,10.618703,10.4,2.98
T04,GL-4396,2026-03-17 04:06:00,7.436202,10.618775,,4.16
T04,GL-4396,2026-03-17 04:07:00,7.435568,10.618716,5.8,4.17
T04,GL-4396,2026-03-17 04:08:00,7.43499,10.618562,5.4,3.97
T04,GL-4396,2026-03-17 04:09:00,7.434388,10.61847,8.3,5.31
T04,GL-4396,2026-03-17 04:10:00,7.43394,10.618422,7.8,4.63
T04,GL-4396,2026-03-17 04:11:00,7.433226,10.618404,9.2,5.17
T04,GL-4396,2026-03-17 04:12:00,7.432678,10.618339,5.9,4.26
T04,GL-4396,2026-03-17 04:13:00,7.432111,10.61824,9.5,3.64
T04,GL-4396,2026-03-17 04:14:00,7.4316,10.618197,10.2,3.85
T04,GL-4396,2026-03-17 04:15:00,7.430994,10.618155,10.0,3.46
T04,GL-4396,2026-03-17 04:16:00,7.430421,10.618032,9.8,5.51
T04,GL-4396,2026-03-17 04:17:00,7.429911,10.617892,5.8,5.06
T04,GL-4396,2026-03-17 04:18:00,7.429216,10.617916,10.3,5.49
T04,GL-4396,2026-03-17 04:19:00,7.428725,10.617926,10.1,4.86
T04,GL-4396,2026-03-17 04:20:00,7.428184,10.617841,10.7,5.49
T04,GL-4396,2026-03-17 04:21:00,7.427515,10.617746,8.0,2.88
T04,GL-4396,2026-03-17 04:22:00,7.427009,10.617614,8.7,4.23
T04,GL-4396,2026-03-17 04:23:00,7.42648,10.617597,6.3,4.75
T04,GL-4396,2026-03-17 04:24:00,7.425889,10.617568,11.8,3.47
T04,GL-4396,2026-03-17 04:25:00,7.425358,10.617469,6.9,2.84
T04,GL-4396,2026-03-17 04:26:00,7.424749,10.617369,9.6,5.31
T04,GL-4396,2026-03-17 04:27:00,7.424162,10.617372,9.8,3.86
T04,GL-4396,2026-03-17 04:28:00,7.423543,10.617281,10.6,4.05
T04,GL-4396,2026-03-17 04:29:00,7.423027,10.617296,5.4,3.58
T04,GL-4396,2026-03-17 04:30:00,7.422426,10.61718,9.4,4.92
T04,GL-4396,2026-03-17 04:31:00,7.421892,10.617099,9.9,3.43
T04,GL-4396,2026-03-17 04:32:00,7.421288,10.616972,11.9,3.54
T04,GL-4396,2026-03-17 04:33:00,7.420627,10.616959,10.6,4.88
T04,GL-4396,2026-03-17 04:34:00,7.420127,10.616972,6.7,4.59
T04,GL-4396,2026-03-17 04:35:00,7.419569,10.616828,9.4,4.79
T04,GL-4396,2026-03-17 04:36:00,7.418962,10.616746,9.1,5.28
T04,GL-4396,2026-03-17 04:37:00,7.418426,10.616587,5.8,4.79
T04,GL-4396,2026-03-17 04:38:00,7.41787,10.616624,9.8,3.85
T04,GL-4396,2026-03-17 04:39:00,7.417295,10.616556,10.5,4.82
T04,GL-4396,2026-03-17 04:40:00,7.416661,10.616447,9.1,3.36
T04,GL-4396,2026-03-17 04:41:00,7.416166,10.616465,5.4,4.38
T04,GL-4396,2026-03-17 04:42:00,7.415598,10.616361,11.9,3.59
T04,GL-4396,2026-03-17 04:43:00,7.41496,10.616347,5.5,5.29
T04,GL-4396,2026-03-17 04:44:00,7.414477,10.61628,9.3,4.54
T04,GL-4396,2026-03-17 04:45:00,7.413854,10.616112,10.7,4.71
T04,GL-4396,2026-03-17 04:46:00,7.413294,10.616016,7.0,5.59
T04,GL-4396,2026-03-17 04:47:00,7.412642,10.615951,9.0,5.05
T04,GL-4396,2026-03-17 04:48:00,7.412146,10.615903,7.1,5.16
T04,GL-4396,2026-03-17 04:49:00,7.411597,10.615936,5.4,3.07
T04,GL-4396,2026-03-17 04:50:00,7.410966,10.615832,6.3,4.47
T04,GL-4396,2026-03-17 04:51:00,7.410454,10.615746,8.4,4.08
T04,GL-4396,2026-03-17 04:52:00,7.409917,10.615733,9.6,5.23
T04,GL-4396,2026-03-17 04:53:00,7.409258,10.615499,10.2,3.7
T04,GL-4396,2026-03-17 04:54:00,7.408669,10.61546,12.0,4.28
T04,GL-4396,2026-03-17 04:55:00,7.408223,10.615434,8.2,2.88
T04,GL-4396,2026-03-17 04:56:00,7.407577,10.615365,11.2,4.19
T04,GL-4396,2026-03-17 04:57:00,7.406971,10.61543,8.0,3.47
T04,GL-4396,2026-03-17 04:58:00,7.406281,10.615142,4.7,3.09
T04,GL-4396,2026-03-17 04:59:00,7.405843,10.61517,7.5,2.81
T04,GL-4396,2026-03-17 05:00:00,7.405225,10.615091,4.5,5.32
T04,GL-4396,2026-03-17 05:01:00,7.404808,10.615065,7.9,3.26
T04,GL-4396,2026-03-17 05:02:00,7.404245,10.614932,9.4,3.45
T04,GL-4396,2026-03-17 05:03:00,7.403491,10.614832,9.4,3.65
T04,GL-4396,2026-03-17 05:04:00,7.402971,10.614857,7.4,5.57
T04,GL-4396,2026-03-17 05:05:00,7.402478,10.614863,7.9,4.03
T04,GL-4396,2026-03-17 05:06:00,7.401715,10.614752,8.5,5.08
T04,GL-4396,2026-03-17 05:07:00,7.401243,10.614719,7.1,2.95
T04,GL-4396,2026-03-17 05:08:00,7.400702,10.614575,9.7,3.11
T04,GL-4396,2026-03-17 05:09:00,7.400185,10.61457,8.5,5.26
T04,GL-4396,2026-03-17 05:10:00,7.39947,10.614381,10.6,2.98
T04,GL-4396,2026-03-17 05:11:00,7.398886,10.614358,9.1,4.51
T04,GL-4396,2026-03-17 05:12:00,7.398361,10.614209,11.9,2.83
T04,GL-4396,2026-03-17 05:13:00,7.397779,10.614202,5.1,3.8
T04,GL-4396,2026-03-17 05:14:00,7.397235,10.614163,10.4,3.06
T04,GL-4396,2026-03-17 05:15:00,7.396662,10.614136,5.5,4.7
T04,GL-4396,2026-03-17 05:16:00,7.396181,10.61402,9.7,4.92
T04,GL-4396,2026-03-17 05:17:00,7.395451,10.613917,11.3,4.6
T04,GL-4396,2026-03-17 05:18:00,7.395017,10.613909,7.8,3.45
T04,GL-4396,2026-03-17 05:19:00,7.394462,10.613825,11.2,4.26
T04,GL-4396,2026-03-17 05:20:00,7.393841,10.613687,11.4,2.86
T04,GL-4396,2026-03-17 05:21:00,7.393196,10.613724,6.7,3.29
T04,GL-4396,2026-03-17 05:22:00,7.392731,10.613594,6.9,4.41
T04,GL-4396,2026-03-17 05:23:00,7.392087,10.613532,9.4,2.94
T04,GL-4396,2026-03-17 05:24:00,7.391532,10.613453,6.0,4.2
T04,GL-4396,2026-03-17 05:25:00,7.390911,10.613368,6.2,4.27
T04,GL-4396,2026-03-17 05:26:00,7.390304,10.613515,9.0,3.86
T04,GL-4396,2026-03-17 05:27:00,7.389785,10.613298,9.9,4.27
T04,GL-4396,2026-03-17 05:28:00,7.389271,10.613174,9.4,4.29
T04,GL-4396,2026-03-17 05:29:00,7.388609,10.61312,9.1,5.35
T04,GL-4396,2026-03-17 05:30:00,7.388044,10.613079,11.4,3.86
T04,GL-4396,2026-03-17 05:31:00,7.387556,10.613003,9.2,4.4
T04,GL-4396,2026-03-17 05:32:00,7.386977,10.613005,10.4,3.43
T04,GL-4396,2026-03-17 05:33:00,7.386241,10.613021,5.7,3.83
T04,GL-4396,2026-03-17 05:34:00,7.385909,10.61273,9.6,3.65
T04,GL-4396,2026-03-17 05:35:00,7.385233,10.612788,11.4,3.47
T04,GL-4396,2026-03-17 05:36:00,7.384617,10.612877,6.2,3.39
T04,GL-4396,2026-03-17 05:37:00,7.384046,10.612623,6.4,4.07
T04,GL-4396,2026-03-17 05:38:00,7.383488,10.612603,8.9,5.28
T04,GL-4396,2026-03-17 05:39:00,7.383016,10.612452,8.5,4.03
T04,GL-4396,2026-03-17 05:40:00,7.382463,10.612366,11.2,3.21
T04,GL-4396,2026-03-17 05:41:00,7.381582,10.612333,5.1,4.04
T04,GL-4396,2026-03-17 05:42:00,7.381145,10.612282,9.7,5.3
T04,GL-4396,2026-03-17 05:43:00,7.380658,10.61219,4.8,3.86
T04,GL-4396,2026-03-17 05:44:00,7.380193,10.612176,6.7,5.01
T04,GL-4396,2026-03-17 05:45:00,7.37955,10.612186,5.1,5.41
T04,GL-4396,2026-03-17 05:46:00,7.378868,10.611995,9.5,2.9
T04,GL-4396,2026-03-17 05:47:00,7.378282,10.611958,11.5,4.26
T04,GL-4396,2026-03-17 05:48:00,7.377721,10.611903,7.0,4.84
T04,GL-4396,2026-03-17 05:49:00,7.377237,10.611818,6.4,4.4
T04,GL-4396,2026-03-17 05:50:00,7.376651,10.61174,10.9,3.73
T04,GL-4396,2026-03-17 05:51:00,7.376066,10.611682,4.2,5.39
T04,GL-4396,2026-03-17 05:52:00,7.375434,10.611697,10.2,3.92
T04,GL-4396,2026-03-17 05:53:00,7.37491,10.61155,9.5,3.28
T04,GL-4396,2026-03-17 05:54:00,7.374281,10.611507,9.4,4.02
T04,GL-4396,2026-03-17 05:55:00,7.373735,10.611447,8.4,3.88
T04,GL-4396,2026-03-17 05:56:00,7.373164,10.611244,6.8,5.05
T04,GL-4396,2026-03-17 05:57:00,7.37265,10.611249,9.7,4.49
T04,GL-4396,2026-03-17 05:58:00,7.372058,10.611333,8.0,4.78
T04,GL-4396,2026-03-17 05:59:00,7.371577,10.611139,5.4,3.27
T04,GL-4396,2026-03-17 06:00:00,7.370865,10.610974,9.3,5.56
T04,GL-4396,2026-03-17 06:01:00,7.37034,10.610884,7.1,5.34
T04,GL-4396,2026-03-17 06:02:00,7.369839,10.610921,8.1,4.08
T04,GL-4396,2026-03-17 06:03:00,7.369245,10.610902,5.0,4.49
T04,GL-4396,2026-03-17 06:04:00,7.368568,10.610748,4.7,3.02
T04,GL-4396,2026-03-17 06:05:00,7.368009,10.61079,10.2,3.03
T04,GL-4396,2026-03-17 06:06:00,7.367497,10.610682,8.3,3.22
T04,GL-4396,2026-03-17 06:07:00,7.366955,10.61065,10.0,5.52
T04,GL-4396,2026-03-17 06:08:00,7.3663,10.610543,11.1,3.6
T04,GL-4396,2026-03-17 06:09:00,7.365754,10.610535,9.0,3.49
T04,GL-4396,2026-03-17 06:10:00,7.365168,10.610328,6.5,3.45
T04,GL-4396,2026-03-17 06:11:00,7.364551,10.61037,10.0,4.31
T04,GL-4396,2026-03-17 06:12:00,7.364018,10.610294,9.3,3.25
T04,GL-4396,2026-03-17 06:13:00,7.363484,10.610236,8.5,4.79
T04,GL-4396,2026-03-17 06:14:00,7.362934,10.610047,8.1,4.74
T04,GL-4396,2026-03-17 06:15:00,7.362329,10.610111,5.7,4.77
T04,GL-4396,2026-03-17 06:16:00,7.361695,10.610032,6.0,5.57
T04,GL-4396,2026-03-17 06:17:00,7.361198,10.609951,8.0,3.07
T04,GL-4396,2026-03-17 06:18:00,7.360613,10.609958,5.0,3.18
T04,GL-4396,2026-03-17 06:19:00,7.360034,10.609875,9.9,3.1
T04,GL-4396,2026-03-17 06:20:00,7.359417,10.609671,,3.84
T04,GL-4396,2026-03-17 06:21:00,7.358812,10.609587,4.6,3.67
T04,GL-4396,2026-03-17 06:22:00,7.358292,10.609462,7.4,3.99
T04,GL-4396,2026-03-17 06:23:00,7.357754,10.609525,8.6,4.78
T04,GL-4396,2026-03-17 06:24:00,7.357244,10.609473,10.5,4.76
T04,GL-4396,2026-03-17 06:25:00,7.356626,10.609485,8.5,5.2
T04,GL-4396,2026-03-17 06:26:00,7.356101,10.609454,5.3,2.96
T04,GL-4396,2026-03-17 06:27:00,7.355525,10.609157,9.2,2.91
T04,GL-4396,2026-03-17 06:28:00,7.354878,10.609211,8.4,3.94
T04,GL-4396,2026-03-17 06:29:00,7.354333,10.609253,9.0,4.19
T04,GL-4396,2026-03-17 06:30:00,7.353805,10.609075,4.4,5.41
T04,GL-4396,2026-03-17 06:31:00,7.353093,10.608974,8.1,4.08
T04,GL-4396,2026-03-17 06:32:00,7.352583,10.608932,6.0,3.89
T04,GL-4396,2026-03-17 06:33:00,7.352026,10.608857,11.3,3.98
T04,GL-4396,2026-03-17 06:34:00,7.351359,10.608781,9.3,5.16
T04,GL-4396,2026-03-17 06:35:00,7.350947,10.608591,10.7,3.31
T04,GL-4396,2026-03-17 06:36:00,7.350447,10.608724,8.5,2.89
T04,GL-4396,2026-03-17 06:37:00,7.349754,10.608546,4.9,4.79
T04,GL-4396,2026-03-17 06:38:00,7.349137,10.608454,8.4,4.85
T04,GL-4396,2026-03-17 06:39:00,7.348694,10.608465,8.7,4.45
T04,GL-4396,2026-03-17 06:40:00,7.348018,10.608343,11.9,4.22
T04,GL-4396,2026-03-17 06:41:00,7.347521,10.608291,8.5,4.16
T04,GL-4396,2026-03-17 06:42:00,7.346908,10.608366,11.1,2.94
T04,GL-4396,2026-03-17 06:43:00,7.346348,10.608146,4.3,3.01
T04,GL-4396,2026-03-17 06:44:00,7.345777,10.60811,10.7,4.96
T04,GL-4396,2026-03-17 06:45:00,7.345179,10.608023,8.8,3.43
T04,GL-4396,2026-03-17 06:46:00,7.344586,10.608067,6.2,5.3
T04,GL-4396,2026-03-17 06:47:00,7.34413,10.607907,5.1,5.58
T04,GL-4396,2026-03-17 06:48:00,7.34332,10.607856,11.2,3.18
T04,GL-4396,2026-03-17 06:49:00,7.342921,10.607793,12.0,3.01
T04,GL-4396,2026-03-17 06:50:00,7.342416,10.607803,11.3,3.09
T04,GL-4396,2026-03-17 06:51:00,7.341743,10.607668,5.7,2.83
T04,GL-4396,2026-03-17 06:52:00,7.341197,10.60764,4.1,3.03
T04,GL-4396,2026-03-17 06:53:00,7.340601,10.607547,10.5,5.19
T04,GL-4396,2026-03-17 06:54:00,7.34005,10.607531,6.5,5.04
T04,GL-4396,2026-03-17 06:55:00,7.339413,10.607414,6.1,4.29
T04,GL-4396,2026-03-17 06:56:00,7.338841,10.60728,10.6,4.8
T04,GL-4396,2026-03-17 06:57:00,7.338292,10.607406,11.0,3.74
T04,GL-4396,2026-03-17 06:58:00,7.337795,10.60716,8.5,3.43
T04,GL-4396,2026-03-17 06:59:00,7.337149,10.607107,8.0,3.28
T04,GL-4396,2026-03-17 07:00:00,7.336634,10.607058,6.4,3.11
T04,GL-4396,2026-03-17 07:01:00,7.335862,10.606948,9.8,3.4
T04,GL-4396,2026-03-17 07:02:00,7.335538,10.606933,5.4,4.99
T04,GL-4396,2026-03-17 07:03:00,7.334893,10.606855,8.0,4.9
T04,GL-4396,2026-03-17 07:04:00,7.334314,10.606745,9.9,3.35
T04,GL-4396,2026-03-17 07:05:00,7.610308,10.606697,4.2,174.78
T04,GL-4396,2026-03-17 07:06:00,7.333166,10.60663,4.0,5.54
T04,GL-4396,2026-03-17 07:07:00,7.332613,10.606671,7.6,4.79
T04,GL-4396,2026-03-17 07:08:00,7.332005,10.606542,5.3,3.0
T04,GL-4396,2026-03-17 07:09:00,7.331474,10.606431,4.3,5.25
T04,GL-4396,2026-03-17 07:10:00,7.330812,10.606468,10.7,3.59
T04,GL-4396,2026-03-17 07:11:00,7.330309,10.606217,6.7,4.04
T04,GL-4396,2026-03-17 07:12:00,7.329736,10.606205,5.0,2.97
T04,GL-4396,2026-03-17 07:13:00,7.329211,10.606165,9.8,3.34
T04,GL-4396,2026-03-17 07:14:00,7.328646,10.60607,10.8,2.86
T04,GL-4396,2026-03-17 07:15:00,7.327968,10.605982,4.5,5.26
T04,GL-4396,2026-03-17 07:16:00,7.327447,10.605872,4.9,3.34
T04,GL-4396,2026-03-17 07:17:00,7.326875,10.605969,4.0,2.81
T04,GL-4396,2026-03-17 07:18:00,7.326242,10.605745,7.0,5.02
T04,GL-4396,2026-03-17 07:19:00,7.325768,10.605707,9.6,5.52
T04,GL-4396,2026-03-17 07:20:00,7.325174,10.605598,8.8,4.58
T04,GL-4396,2026-03-17 07:21:00,7.32455,10.605614,8.8,5.44
T04,GL-4396,2026-03-17 07:22:00,7.323934,10.605496,5.2,5.17
T04,GL-4396,2026-03-17 07:23:00,7.323479,10.605488,10.5,5.52
T04,GL-4396,2026-03-17 07:24:00,7.322793,10.605416,7.4,4.5
T04,GL-4396,2026-03-17 07:25:00,7.322365,10.605253,9.0,3.77
T04,GL-4396,2026-03-17 07:26:00,7.32167,10.605254,9.0,4.93
T04,GL-4396,2026-03-17 07:27:00,7.321105,10.605152,5.0,3.42
T04,GL-4396,2026-03-17 07:28:00,7.320547,10.605195,9.8,3.42
T04,GL-4396,2026-03-17 07:29:00,7.320008,10.605156,9.2,4.37
T04,GL-4396,2026-03-17 07:30:00,7.319544,10.60497,7.4,4.57
T04,GL-4396,2026-03-17 07:31:00,7.31887,10.604836,9.6,4.09
T04,GL-4396,2026-03-17 07:32:00,7.318309,10.60482,4.5,4.71
T04,GL-4396,2026-03-17 07:33:00,7.31771,10.604848,11.2,4.32
T04,GL-4396,2026-03-17 07:34:00,7.317185,10.604651,6.0,4.36
T04,GL-4396,2026-03-17 07:35:00,7.316444,10.604606,9.4,3.26
T04,GL-4396,2026-03-17 07:36:00,7.316051,10.604531,11.2,3.29
T04,GL-4396,2026-03-17 07:37:00,7.315391,10.60452,4.5,5.44
T04,GL-4396,2026-03-17 07:38:00,7.314896,10.604384,4.6,3.78
T04,GL-4396,2026-03-17 07:39:00,7.314288,10.604449,9.5,5.54
T04,GL-4396,2026-03-17 07:40:00,7.313719,10.604488,7.2,5.58
T04,GL-4396,2026-03-17 07:41:00,7.313005,10.604334,8.3,2.87
T04,GL-4396,2026-03-17 07:42:00,7.312625,10.604112,7.8,3.01
T04,GL-4396,2026-03-17 07:43:00,7.311994,10.604219,8.3,2.97
T04,GL-4396,2026-03-17 07:44:00,7.311311,10.604124,6.4,3.75
T04,GL-4396,2026-03-17 07:45:00,7.310919,10.604117,9.2,2.89
T04,GL-4396,2026-03-17 07:46:00,7.310264,10.603914,10.5,2.89
T04,GL-4396,2026-03-17 07:47:00,7.30971,10.603962,5.0,4.34
T04,GL-4396,2026-03-17 07:48:00,7.309111,10.603811,4.2,5.27
T04,GL-4396,2026-03-17 07:49:00,7.308607,10.603765,9.3,4.21
T04,GL-4396,2026-03-17 07:50:00,7.308019,10.603662,8.1,4.67
T04,GL-4396,2026-03-17 07:51:00,7.307427,10.603553,11.1,5.24
T04,GL-4396,2026-03-17 07:52:00,7.306877,10.603679,10.4,3.86
T04,GL-4396,2026-03-17 07:53:00,7.306194,10.603377,,3.23
T04,GL-4396,2026-03-17 07:54:00,7.305727,10.60344,4.4,3.32
T04,GL-4396,2026-03-17 07:55:00,7.305171,10.603336,5.7,5.58
T04,GL-4396,2026-03-17 07:56:00,7.304534,10.603343,6.4,2.83
T04,GL-4396,2026-03-17 07:57:00,7.303858,10.60327,7.0,4.05
T04,GL-4396,2026-03-17 07:58:00,7.30331,10.603094,10.3,2.99
T04,GL-4396,2026-03-17 07:59:00,7.302796,10.603018,7.7,4.82
T04,GL-4396,2026-03-17 08:00:00,7.302259,10.603008,6.1,2.88
T04,GL-4396,2026-03-17 08:01:00,7.301754,10.602795,11.7,3.71
T04,GL-4396,2026-03-17 08:02:00,7.30116,10.602854,4.7,5.19
T04,GL-4396,2026-03-17 08:03:00,7.300586,10.602798,6.5,5.48
T04,GL-4396,2026-03-17 08:04:00,7.300041,10.602718,6.0,5.32
T04,GL-4396,2026-03-17 08:05:00,7.299423,10.602707,7.5,4.63
T04,GL-4396,2026-03-17 08:06:00,7.298963,10.602549,7.8,3.41
T04,GL-4396,2026-03-17 08:07:00,7.298149,10.602535,10.4,3.07
T04,GL-4396,2026-03-17 08:08:00,7.297667,10.602408,10.6,5.16
T04,GL-4396,2026-03-17 08:09:00,7.297168,10.60241,7.8,4.02
T04,GL-4396,2026-03-17 08:10:00,7.296524,10.602406,4.9,5.57
T04,GL-4396,2026-03-17 08:11:00,7.29594,10.602183,8.8,3.79
T04,GL-4396,2026-03-17 08:12:00,7.29539,10.602181,6.3,4.79
T04,GL-4396,2026-03-17 08:13:00,7.294824,10.60209,8.7,2.85
T04,GL-4396,2026-03-17 08:14:00,7.29419,10.602061,5.4,3.46
T04,GL-4396,2026-03-17 08:15:00,7.293706,10.602005,12.0,3.98
T04,GL-4396,2026-03-17 08:16:00,7.293111,10.601979,11.6,3.48
T04,GL-4396,2026-03-17 08:17:00,7.29253,10.601885,6.7,4.83
T04,GL-4396,2026-03-17 08:18:00,7.292084,10.601652,6.6,5.08
T04,GL-4396,2026-03-17 08:19:00,7.291419,10.601726,9.3,4.56
T04,GL-4396,2026-03-17 08:20:00,7.290873,10.601597,9.3,3.27
T04,GL-4396,2026-03-17 08:21:00,7.29024,10.601597,10.9,4.95
T04,GL-4396,2026-03-17 08:22:00,7.289727,10.601488,6.4,5.4
T04,GL-4396,2026-03-17 08:23:00,7.28913,10.601413,7.8,4.87
T04,GL-4396,2026-03-17 08:24:00,7.288567,10.601425,9.8,5.43
T04,GL-4396,2026-03-17 08:25:00,7.287862,10.601357,8.7,4.48
T04,GL-4396,2026-03-17 08:26:00,7.287419,10.601206,8.7,4.7
T04,GL-4396,2026-03-17 08:27:00,7.286864,10.60122,9.7,3.36
T04,GL-4396,2026-03-17 08:28:00,7.286248,10.601043,4.9,3.81
T04,GL-4396,2026-03-17 08:29:00,7.285737,10.600981,11.8,4.51
T04,GL-4396,2026-03-17 08:30:00,7.285081,10.60097,5.2,5.4
T04,GL-4396,2026-03-17 08:31:00,7.284526,10.600861,8.4,4.98
T04,GL-4396,2026-03-17 08:32:00,7.283965,10.600738,11.2,3.7
T04,GL-4396,2026-03-17 08:33:00,7.283424,10.600772,6.5,4.06
T04,GL-4396,2026-03-17 08:34:00,7.282831,10.600669,10.0,4.71
T04,GL-4396,2026-03-17 08:35:00,7.282277,10.600492,5.7,4.89
T04,GL-4396,2026-03-17 08:36:00,7.281639,10.600532,7.4,4.29
T04,GL-4396,2026-03-17 08:37:00,7.281186,10.600516,4.3,3.65
T04,GL-4396,2026-03-17 08:38:00,7.280424,10.600394,10.9,5.22
T04,GL-4396,2026-03-17 08:39:00,7.28001,10.600374,4.3,3.59
T04,GL-4396,2026-03-17 08:40:00,7.279388,10.600377,4.3,3.14
T04,GL-4396,2026-03-17 08:41:00,7.278842,10.600192,4.8,3.75
T04,GL-4396,2026-03-17 08:42:00,7.27825,10.600147,4.3,5.21
T04,GL-4396,2026-03-17 08:43:00,7.277646,10.600159,4.2,5.24
T04,GL-4396,2026-03-17 08:44:00,7.277207,10.60002,6.7,4.24
T04,GL-4396,2026-03-17 08:45:00,7.276574,10.599924,11.4,5.08
T04,GL-4396,2026-03-17 08:46:00,7.275931,10.599994,4.1,5.58
T04,GL-4396,2026-03-17 08:47:00,7.275427,10.599757,9.8,5.38
T04,GL-4396,2026-03-17 08:48:00,7.274772,10.599719,10.2,3.86
T04,GL-4396,2026-03-17 08:49:00,7.274334,10.599593,11.2,3.29
T04,GL-4396,2026-03-17 08:50:00,7.273786,10.599643,5.9,4.65
T04,GL-4396,2026-03-17 08:51:00,7.273096,10.599629,8.6,4.29
T04,GL-4396,2026-03-17 08:52:00,7.272536,10.599452,6.0,3.62
T04,GL-4396,2026-03-17 08:53:00,7.272046,10.599436,4.1,3.73
T04,GL-4396,2026-03-17 08:54:00,7.271367,10.599277,5.1,3.96
T04,GL-4396,2026-03-17 08:55:00,7.270793,10.599289,9.8,3.71
T04,GL-4396,2026-03-17 08:56:00,7.270294,10.599241,11.0,4.5
T04,GL-4396,2026-03-17 08:57:00,7.269668,10.599158,10.5,3.78
T04,GL-4396,2026-03-17 08:58:00,7.269106,10.599039,5.4,3.16
T04,GL-4396,2026-03-17 08:59:00,7.268546,10.599093,6.3,5.12
T04,GL-4396,2026-03-17 09:00:00,7.267877,10.598995,7.3,4.39
T04,GL-4396,2026-03-17 09:01:00,7.267348,10.598863,10.3,4.86
T04,GL-4396,2026-03-17 09:02:00,7.266718,10.598859,10.2,5.2
T04,GL-4396,2026-03-17 09:03:00,7.266287,10.598774,9.2,3.73
T04,GL-4396,2026-03-17 09:04:00,7.265628,10.598615,9.4,4.33
T04,GL-4396,2026-03-17 09:05:00,7.265082,10.598611,4.4,4.96
T04,GL-4396,2026-03-17 09:06:00,7.26458,10.598451,7.7,4.01
T04,GL-4396,2026-03-17 09:07:00,7.263982,10.598387,8.1,4.51
T04,GL-4396,2026-03-17 09:08:00,7.263291,10.598279,6.1,5.36
T04,GL-4396,2026-03-17 09:09:00,7.262798,10.598263,7.6,5.58
T04,GL-4396,2026-03-17 09:10:00,7.262377,10.598318,6.2,3.58
T04,GL-4396,2026-03-17 09:11:00,7.261626,10.598239,11.3,3.13
T04,GL-4396,2026-03-17 09:12:00,7.261077,10.598168,11.5,5.29
T04,GL-4396,2026-03-17 09:13:00,7.260527,10.598102,4.2,4.56
T04,GL-4396,2026-03-17 09:14:00,7.25991,10.598137,7.7,5.0
T04,GL-4396,2026-03-17 09:15:00,7.259454,10.597928,10.8,4.89
T04,GL-4396,2026-03-17 09:16:00,7.258924,10.597773,7.9,3.98
T04,GL-4396,2026-03-17 09:17:00,7.258276,10.597775,11.3,5.08
T04,GL-4396,2026-03-17 09:18:00,7.25769,10.597757,11.9,4.66
T04,GL-4396,2026-03-17 09:19:00,7.257005,10.597666,4.7,3.56
T04,GL-4396,2026-03-17 09:20:00,7.256376,10.597477,5.1,4.54
T04,GL-4396,2026-03-17 09:21:00,7.255855,10.597548,8.3,5.22
T04,GL-4396,2026-03-17 09:22:00,7.255319,10.597518,11.9,3.11
T04,GL-4396,2026-03-17 09:23:00,7.254787,10.597477,7.2,5.14
T04,GL-4396,2026-03-17 09:24:00,7.254157,10.597282,5.0,4.2
T04,GL-4396,2026-03-17 09:25:00,7.253567,10.597327,8.4,4.41
T04,GL-4396,2026-03-17 09:26:00,7.253115,10.597247,6.6,2.86
T04,GL-4396,2026-03-17 09:27:00,7.252476,10.59714,9.7,4.12
T04,GL-4396,2026-03-17 09:28:00,7.251994,10.59705,10.0,4.04
T04,GL-4396,2026-03-17 09:29:00,7.251414,10.59706,7.2,2.89
T04,GL-4396,2026-03-17 09:30:00,7.250845,10.596854,4.6,3.31
T04,GL-4396,2026-03-17 09:31:00,7.25028,10.596837,7.9,4.54
T04,GL-4396,2026-03-17 09:32:00,7.249603,10.596757,4.2,4.97
T04,GL-4396,2026-03-17 09:33:00,7.249043,10.59676,,5.4
T04,GL-4396,2026-03-17 09:34:00,7.248581,10.596665,4.8,4.24
T04,GL-4396,2026-03-17 09:35:00,7.247813,10.596516,8.9,4.44
T04,GL-4396,2026-03-17 09:36:00,7.247377,10.596535,11.7,4.85
T04,GL-4396,2026-03-17 09:37:00,7.246838,10.596513,4.2,4.99
T04,GL-4396,2026-03-17 09:38:00,7.24623,10.59637,9.9,3.23
T04,GL-4396,2026-03-17 09:39:00,7.245794,10.596407,8.6,4.29
T04,GL-4396,2026-03-17 09:40:00,7.245044,10.596201,4.4,5.25
T04,GL-4396,2026-03-17 09:41:00,7.244379,10.596161,4.7,3.74
T04,GL-4396,2026-03-17 09:42:00,7.243976,10.596169,6.6,3.09
T04,GL-4396,2026-03-17 09:43:00,7.243258,10.596123,7.0,4.79
T04,GL-4396,2026-03-17 09:44:00,7.242694,10.596007,7.2,3.05
T04,GL-4396,2026-03-17 09:45:00,7.24221,10.595907,9.3,5.42
T04,GL-4396,2026-03-17 09:46:00,7.241633,10.595901,9.4,4.99
T04,GL-4396,2026-03-17 09:47:00,7.241069,10.59574,8.0,3.0
T04,GL-4396,2026-03-17 09:48:00,7.240472,10.595703,7.5,3.6
T04,GL-4396,2026-03-17 09:49:00,7.239861,10.595774,8.6,2.85
T04,GL-4396,2026-03-17 09:50:00,7.239312,10.595615,9.7,3.14
T04,GL-4396,2026-03-17 09:51:00,7.238755,10.595529,4.5,4.93
T04,GL-4396,2026-03-17 09:52:00,7.238139,10.595463,11.8,4.8
T04,GL-4396,2026-03-17 09:53:00,7.2378,10.59531,4.2,3.23
T04,GL-4396,2026-03-17 09:54:00,7.23709,10.5952,11.4,2.9
T04,GL-4396,2026-03-17 09:55:00,7.23652,10.595235,5.5,2.99
T04,GL-4396,2026-03-17 09:56:00,7.235821,10.595151,8.8,5.06
T04,GL-4396,2026-03-17 09:57:00,7.235317,10.595059,11.1,4.82
T04,GL-4396,2026-03-17 09:58:00,7.234742,10.594969,4.8,5.27
T04,GL-4396,2026-03-17 09:59:00,7.234804,10.594934,5.0,0.15
T04,GL-4396,2026-03-17 10:00:00,7.234767,10.595132,11.5,0.52
T04,GL-4396,2026-03-17 10:01:00,7.234858,10.594968,9.3,0.72
T04,GL-4396,2026-03-17 10:02:00,7.234979,10.595001,7.3,0.56
T04,GL-4396,2026-03-17 10:03:00,7.234872,10.594992,4.5,0.11
T04,GL-4396,2026-03-17 10:04:00,7.234738,10.595025,6.1,0.46
T04,GL-4396,2026-03-17 10:05:00,7.234735,10.595108,6.7,0.75
T04,GL-4396,2026-03-17 10:06:00,7.234917,10.594997,7.1,0.46
T04,GL-4396,2026-03-17 10:07:00,7.234784,10.59502,11.6,0.09
T04,GL-4396,2026-03-17 10:08:00,7.234592,10.595123,11.5,0.79
T04,GL-4396,2026-03-17 10:09:00,7.234709,10.594925,4.5,0.75
T04,GL-4396,2026-03-17 10:10:00,7.234829,10.595124,11.6,0.73
T04,GL-4396,2026-03-17 10:11:00,7.234825,10.595083,8.8,0.77
T04,GL-4396,2026-03-17 10:12:00,7.234766,10.595177,9.5,0.37
T04,GL-4396,2026-03-17 10:13:00,7.234674,10.594983,8.4,0.83
T04,GL-4396,2026-03-17 10:14:00,7.235003,10.594989,9.9,0.27
T04,GL-4396,2026-03-17 10:15:00,7.234672,10.595092,6.9,0.8
T04,GL-4396,2026-03-17 10:16:00,7.234801,10.595013,8.1,0.48
T04,GL-4396,2026-03-17 10:17:00,7.234708,10.595112,10.0,0.4
T04,GL-4396,2026-03-17 10:18:00,7.234799,10.594961,7.3,0.88
T04,GL-4396,2026-03-17 10:19:00,7.234684,10.595114,9.5,0.85
T04,GL-4396,2026-03-17 10:20:00,7.234771,10.594945,10.1,0.26
T04,GL-4396,2026-03-17 10:21:00,7.234705,10.594796,8.9,0.85
T04,GL-4396,2026-03-17 10:22:00,7.234783,10.595004,6.0,0.02
T04,GL-4396,2026-03-17 10:23:00,7.2347,10.594937,,0.59
T04,GL-4396,2026-03-17 10:24:00,7.23485,10.595047,4.7,0.72
T04,GL-4396,2026-03-17 10:25:00,7.234472,10.595688,,2.93
T04,GL-4396,2026-03-17 10:26:00,7.234408,10.596315,10.7,4.13
T04,GL-4396,2026-03-17 10:27:00,7.234127,10.596961,5.7,4.31
T04,GL-4396,2026-03-17 10:28:00,7.234004,10.597476,7.9,4.11
T04,GL-4396,2026-03-17 10:29:00,7.233856,10.598137,4.7,3.64
T04,GL-4396,2026-03-17 10:30:00,7.233834,10.598775,10.5,5.38
T04,GL-4396,2026-03-17 10:31:00,7.233528,10.599262,9.9,4.77
T04,GL-4396,2026-03-17 10:32:00,7.23324,10.599858,11.5,4.88
T04,GL-4396,2026-03-17 10:33:00,7.23313,10.600487,11.9,5.58
T04,GL-4396,2026-03-17 10:34:00,7.232947,10.601104,9.9,3.77
T04,GL-4396,2026-03-17 10:35:00,7.232633,10.601728,6.5,5.34
T04,GL-4396,2026-03-17 10:36:00,7.232508,10.60231,4.9,3.59
T04,GL-4396,2026-03-17 10:37:00,7.232417,10.602974,5.2,5.04
T04,GL-4396,2026-03-17 10:38:00,7.232197,10.603568,4.9,4.93
T04,GL-4396,2026-03-17 10:39:00,7.232047,10.604204,8.5,5.12
T04,GL-4396,2026-03-17 10:40:00,7.231839,10.604727,4.3,4.13
T04,GL-4396,2026-03-17 10:41:00,7.231571,10.60538,8.4,3.46
T04,GL-4396,2026-03-17 10:42:00,7.231454,10.606079,9.4,4.33
T04,GL-4396,2026-03-17 10:43:00,7.231261,10.606648,7.6,3.21
T04,GL-4396,2026-03-17 10:44:00,7.231008,10.607161,5.1,2.91
T04,GL-4396,2026-03-17 10:45:00,7.230833,10.607775,6.4,3.3
T04,GL-4396,2026-03-17 10:46:00,7.230619,10.608325,4.8,5.03
T04,GL-4396,2026-03-17 10:47:00,7.230479,10.609034,8.9,4.19
T04,GL-4396,2026-03-17 10:48:00,7.230345,10.609793,,2.9
T04,GL-4396,2026-03-17 10:49:00,7.230164,10.610318,8.3,4.15
T04,GL-4396,2026-03-17 10:50:00,7.2299,10.610967,10.6,3.23
T04,GL-4396,2026-03-17 10:51:00,7.22975,10.611539,9.3,3.38
T04,GL-4396,2026-03-17 10:52:00,7.229743,10.612228,9.3,5.42
T04,GL-4396,2026-03-17 10:53:00,7.229511,10.61278,6.7,4.65
T04,GL-4396,2026-03-17 10:54:00,7.229266,10.613296,9.4,3.37
T04,GL-4396,2026-03-17 10:55:00,7.22897,10.614017,11.4,2.87
T04,GL-4396,2026-03-17 10:56:00,7.228861,10.614576,11.5,4.8
T04,GL-4396,2026-03-17 10:57:00,7.22874,10.615209,4.2,4.38
T04,GL-4396,2026-03-17 10:58:00,7.228434,10.615827,8.4,3.16
T04,GL-4396,2026-03-17 10:59:00,7.228234,10.616333,5.4,4.38
T04,GL-4396,2026-03-17 11:00:00,7.228101,10.616985,10.0,3.2
T04,GL-4396,2026-03-17 11:01:00,7.227938,10.617588,5.5,3.59
T04,GL-4396,2026-03-17 11:02:00,7.227768,10.618271,6.4,3.94
T04,GL-4396,2026-03-17 11:03:00,7.227635,10.618884,5.4,3.28
T04,GL-4396,2026-03-17 11:04:00,7.227373,10.6195,10.4,4.16
T04,GL-4396,2026-03-17 11:05:00,7.227247,10.620097,9.7,4.89
T04,GL-4396,2026-03-17 11:06:00,7.227093,10.6208,5.5,3.57
T04,GL-4396,2026-03-17 11:07:00,7.226912,10.62131,6.9,5.4
T04,GL-4396,2026-03-17 11:08:00,7.226511,10.621883,11.6,3.87
T04,GL-4396,2026-03-17 11:09:00,7.226432,10.622554,5.0,3.54
T04,GL-4396,2026-03-17 11:10:00,7.226258,10.623176,7.7,5.13
T04,GL-4396,2026-03-17 11:11:00,7.226062,10.623844,4.8,3.89
T04,GL-4396,2026-03-17 11:12:00,7.225839,10.624272,8.6,5.42
T04,GL-4396,2026-03-17 11:13:00,7.225781,10.624892,5.7,4.74
T04,GL-4396,2026-03-17 11:14:00,7.225632,10.625452,9.8,3.16
T04,GL-4396,2026-03-17 11:15:00,7.22536,10.62619,4.6,3.78
T04,GL-4396,2026-03-17 11:16:00,7.225085,10.626732,9.9,5.48
T04,GL-4396,2026-03-17 11:17:00,7.224903,10.627348,8.4,3.95
T04,GL-4396,2026-03-17 11:18:00,7.224831,10.627997,11.9,5.45
T04,GL-4396,2026-03-17 11:19:00,7.224558,10.628536,5.0,5.09
T04,GL-4396,2026-03-17 11:20:00,7.224521,10.6293,10.4,4.05
T04,GL-4396,2026-03-17 11:21:00,7.224216,10.629811,5.6,3.65
T04,GL-4396,2026-03-17 11:22:00,7.224063,10.630495,9.2,5.38
T04,GL-4396,2026-03-17 11:23:00,7.223778,10.631064,4.5,4.84
T04,GL-4396,2026-03-17 11:24:00,7.223577,10.631642,6.1,5.09
T04,GL-4396,2026-03-17 11:25:00,7.223467,10.632302,9.7,4.93
T04,GL-4396,2026-03-17 11:26:00,7.223286,10.632843,10.5,2.98
T04,GL-4396,2026-03-17 11:27:00,7.223209,10.633486,6.2,4.42
T04,GL-4396,2026-03-17 11:28:00,7.222887,10.634098,4.9,4.39
T04,GL-4396,2026-03-17 11:29:00,7.222907,10.634711,9.7,3.2
T04,GL-4396,2026-03-17 11:30:00,7.222686,10.635326,9.1,5.39
T04,GL-4396,2026-03-17 11:31:00,7.222398,10.635977,8.3,4.54
T04,GL-4396,2026-03-17 11:32:00,7.22225,10.636575,7.1,4.03
T04,GL-4396,2026-03-17 11:33:00,7.222035,10.637103,4.2,5.18
T04,GL-4396,2026-03-17 11:34:00,7.221866,10.637806,8.1,5.33
T04,GL-4396,2026-03-17 11:35:00,7.221735,10.638449,10.2,5.27
T04,GL-4396,2026-03-17 11:36:00,7.22148,10.639019,11.8,3.6
T04,GL-4396,2026-03-17 11:37:00,7.221323,10.639633,10.7,3.2
T04,GL-4396,2026-03-17 11:38:00,7.221094,10.640161,11.9,4.91
T04,GL-4396,2026-03-17 11:39:00,7.220911,10.640909,8.1,3.48
T04,GL-4396,2026-03-17 11:40:00,7.220668,10.641455,9.8,5.45
T04,GL-4396,2026-03-17 11:41:00,7.220639,10.642018,4.5,3.7
T04,GL-4396,2026-03-17 11:42:00,7.22035,10.642697,4.4,4.94
T04,GL-4396,2026-03-17 11:43:00,7.220221,10.643323,8.7,4.44
T04,GL-4396,2026-03-17 11:44:00,7.220001,10.643913,8.1,2.98
T04,GL-4396,2026-03-17 11:45:00,7.219817,10.64459,5.7,3.74
T04,GL-4396,2026-03-17 11:46:00,7.219668,10.645066,10.7,3.65
T04,GL-4396,2026-03-17 11:47:00,7.219412,10.645647,11.8,3.97
T04,GL-4396,2026-03-17 11:48:00,7.21932,10.646308,8.4,4.32
T04,GL-4396,2026-03-17 11:49:00,7.219154,10.646984,6.0,4.38
T04,GL-4396,2026-03-17 11:50:00,7.21889,10.647556,11.5,3.79
T04,GL-4396,2026-03-17 11:51:00,7.218755,10.648078,10.8,4.88
T04,GL-4396,2026-03-17 11:52:00,7.218614,10.64872,5.0,4.25
T04,GL-4396,2026-03-17 11:53:00,7.218378,10.649356,10.3,3.81
T04,GL-4396,2026-03-17 11:54:00,7.218192,10.649908,9.7,4.6
T04,GL-4396,2026-03-17 11:55:00,7.217979,10.650622,4.4,5.56
T04,GL-4396,2026-03-17 11:56:00,7.217815,10.651249,11.3,3.9
T04,GL-4396,2026-03-17 11:57:00,7.217607,10.651774,9.5,4.19
T04,GL-4396,2026-03-17 11:58:00,7.217425,10.652454,6.9,3.78
T04,GL-4396,2026-03-17 11:59:00,7.217348,10.653063,10.3,4.54
T04,GL-4396,2026-03-17 12:00:00,7.217042,10.653569,7.4,2.91
T04,GL-4396,2026-03-17 12:01:00,7.216936,10.654313,10.6,3.69
T04,GL-4396,2026-03-17 12:02:00,7.216706,10.654828,4.6,4.06
T04,GL-4396,2026-03-17 12:03:00,7.21656,10.65541,10.5,3.72
T04,GL-4396,2026-03-17 12:04:00,7.21627,10.656088,11.4,4.4
T04,GL-4396,2026-03-17 12:05:00,7.21616,10.656629,11.8,3.67
T04,GL-4396,2026-03-17 12:06:00,7.215941,10.657291,11.4,3.95
T04,GL-4396,2026-03-17 12:07:00,7.21577,10.657998,5.9,2.9
T04,GL-4396,2026-03-17 12:08:00,7.215616,10.658617,6.7,3.05
T04,GL-4396,2026-03-17 12:09:00,7.215406,10.659076,9.9,4.34
T04,GL-4396,2026-03-17 12:10:00,7.215108,10.65968,4.6,3.44
T04,GL-4396,2026-03-17 12:11:00,7.215016,10.660354,10.3,3.22
T04,GL-4396,2026-03-17 12:12:00,7.214782,10.660961,11.3,5.04
T04,GL-4396,2026-03-17 12:13:00,7.214551,10.661529,6.9,3.4
T04,GL-4396,2026-03-17 12:14:00,7.214388,10.662243,12.0,3.21
T04,GL-4396,2026-03-17 12:15:00,7.214295,10.662883,4.4,3.29
T04,GL-4396,2026-03-17 12:16:00,7.214039,10.663349,,3.3
T04,GL-4396,2026-03-17 12:17:00,7.213962,10.664042,9.8,4.53
T04,GL-4396,2026-03-17 12:18:00,7.2138,10.664642,6.8,3.87
T04,GL-4396,2026-03-17 12:19:00,7.213528,10.665163,4.4,4.31
T04,GL-4396,2026-03-17 12:20:00,7.213391,10.66593,11.4,4.21
T04,GL-4396,2026-03-17 12:21:00,7.213186,10.666442,5.4,3.84
T04,GL-4396,2026-03-17 12:22:00,7.213059,10.667136,11.0,2.84
T04,GL-4396,2026-03-17 12:23:00,7.212882,10.667658,9.9,4.26
T04,GL-4396,2026-03-17 12:24:00,7.212552,10.668361,11.1,3.9
T04,GL-4396,2026-03-17 12:25:00,7.212483,10.668868,9.9,4.56
T04,GL-4396,2026-03-17 12:26:00,7.212266,10.669476,10.0,4.66
T04,GL-4396,2026-03-17 12:27:00,7.211975,10.670117,11.1,5.35
T04,GL-4396,2026-03-17 12:28:00,7.21189,10.670742,6.5,5.18
T04,GL-4396,2026-03-17 12:29:00,7.211828,10.671257,10.7,5.44
T04,GL-4396,2026-03-17 12:30:00,7.211575,10.672005,4.7,4.32
T04,GL-4396,2026-03-17 12:31:00,7.211401,10.672564,,5.43
T04,GL-4396,2026-03-17 12:32:00,7.211154,10.673161,7.6,3.01
T04,GL-4396,2026-03-17 12:33:00,7.211007,10.673758,11.9,4.98
T04,GL-4396,2026-03-17 12:34:00,7.210775,10.674499,6.8,3.55
T04,GL-4396,2026-03-17 12:35:00,7.210636,10.67499,9.0,3.71
T04,GL-4396,2026-03-17 12:36:00,7.210528,10.675586,8.7,5.33
T04,GL-4396,2026-03-17 12:37:00,7.210223,10.676272,5.4,2.94
T04,GL-4396,2026-03-17 12:38:00,7.210076,10.676866,4.1,3.29
T04,GL-4396,2026-03-17 12:39:00,7.209918,10.677435,11.7,5.14
T04,GL-4396,2026-03-17 12:40:00,7.20961,10.678092,8.3,3.59
T04,GL-4396,2026-03-17 12:41:00,7.209448,10.678657,11.3,5.33
T04,GL-4396,2026-03-17 12:42:00,7.209336,10.679293,8.7,3.82
T04,GL-4396,2026-03-17 12:43:00,7.209148,10.679877,5.4,5.11
T04,GL-4396,2026-03-17 12:44:00,7.209,10.680486,4.0,4.42
T04,GL-4396,2026-03-17 12:45:00,7.208707,10.681094,5.6,3.72
T04,GL-4396,2026-03-17 12:46:00,7.20866,10.681765,4.2,5.56
T04,GL-4396,2026-03-17 12:47:00,7.208443,10.682378,6.5,5.05
T04,GL-4396,2026-03-17 12:48:00,7.208214,10.682944,5.3,2.93
T04,GL-4396,2026-03-17 12:49:00,7.207954,10.683545,7.7,3.52
T04,GL-4396,2026-03-17 12:50:00,7.20781,10.684215,7.4,3.81
T04,GL-4396,2026-03-17 12:51:00,7.207605,10.684761,6.8,4.32
T04,GL-4396,2026-03-17 12:52:00,7.207465,10.685426,11.7,5.05
T04,GL-4396,2026-03-17 12:53:00,7.207177,10.685954,5.0,4.72
T04,GL-4396,2026-03-17 12:54:00,7.206991,10.686688,5.4,2.92
T04,GL-4396,2026-03-17 12:55:00,7.206923,10.687236,7.7,5.33
T04,GL-4396,2026-03-17 12:56:00,7.206693,10.687846,4.2,4.78
T04,GL-4396,2026-03-17 12:57:00,7.206603,10.688478,9.2,4.01
T04,GL-4396,2026-03-17 12:58:00,7.20639,10.689045,,4.82
T04,GL-4396,2026-03-17 12:59:00,7.206159,10.68955,6.3,4.25
T04,GL-4396,2026-03-17 13:00:00,7.206005,10.690276,5.1,5.42
T04,GL-4396,2026-03-17 13:01:00,7.205809,10.690805,9.6,4.16
T04,GL-4396,2026-03-17 13:02:00,7.205629,10.691483,7.0,5.49
T04,GL-4396,2026-03-17 13:03:00,7.205398,10.692206,11.0,2.92
T04,GL-4396,2026-03-17 13:04:00,7.205216,10.692746,10.3,3.84
T04,GL-4396,2026-03-17 13:05:00,7.205196,10.693277,7.6,5.06
T04,GL-4396,2026-03-17 13:06:00,7.204812,10.694009,4.8,4.82
T04,GL-4396,2026-03-17 13:07:00,7.204696,10.694474,9.8,2.97
T04,GL-4396,2026-03-17 13:08:00,7.204523,10.695108,10.7,5.23
T04,GL-4396,2026-03-17 13:09:00,7.204256,10.695759,6.8,2.82
T04,GL-4396,2026-03-17 13:10:00,7.204194,10.696437,8.0,4.92
T04,GL-4396,2026-03-17 13:11:00,7.2038,10.697016,9.0,3.65
T04,GL-4396,2026-03-17 13:12:00,7.203765,10.697578,9.2,3.49
T04,GL-4396,2026-03-17 13:13:00,7.203635,10.698235,9.0,2.89
T04,GL-4396,2026-03-17 13:14:00,7.203478,10.698739,8.7,4.14
T04,GL-4396,2026-03-17 13:15:00,7.203192,10.699399,8.9,4.42
T04,GL-4396,2026-03-17 13:16:00,7.20305,10.70012,11.4,5.03
T04,GL-4396,2026-03-17 13:17:00,7.202881,10.700647,6.6,4.95
T04,GL-4396,2026-03-17 13:18:00,7.202641,10.70135,7.4,3.34
T04,GL-4396,2026-03-17 13:19:00,7.20256,10.701838,,3.38
T04,GL-4396,2026-03-17 13:20:00,7.20244,10.702467,6.8,3.09
T04,GL-4396,2026-03-17 13:21:00,7.202052,10.70311,9.7,4.83
T04,GL-4396,2026-03-17 13:22:00,7.201961,10.703694,11.3,4.71
T04,GL-4396,2026-03-17 13:23:00,7.201794,10.704341,9.7,5.47
T04,GL-4396,2026-03-17 13:24:00,7.201608,10.70497,11.9,5.0
T04,GL-4396,2026-03-17 13:25:00,7.201293,10.705575,4.6,4.34
T04,GL-4396,2026-03-17 13:26:00,7.201387,10.705436,5.3,0.03
T04,GL-4396,2026-03-17 13:27:00,7.20133,10.70555,10.8,0.18
T04,GL-4396,2026-03-17 13:28:00,7.201495,10.705461,10.5,0.67
T04,GL-4396,2026-03-17 13:29:00,7.201261,10.705596,11.1,0.32
T04,GL-4396,2026-03-17 13:30:00,7.201218,10.705682,7.5,0.65
T04,GL-4396,2026-03-17 13:31:00,7.20135,10.705623,7.7,0.63
T04,GL-4396,2026-03-17 13:32:00,7.201388,10.70566,5.0,0.63
T04,GL-4396,2026-03-17 13:33:00,7.201209,10.705417,11.7,0.52
T04,GL-4396,2026-03-17 13:34:00,7.201403,10.705616,6.1,0.46
T04,GL-4396,2026-03-17 13:35:00,7.201351,10.705505,8.9,0.69
T04,GL-4396,2026-03-17 13:36:00,7.201485,10.705527,4.1,0.08
T04,GL-4396,2026-03-17 13:37:00,7.201583,10.705546,9.2,0.24
T04,GL-4396,2026-03-17 13:38:00,7.201448,10.705566,,0.9
T04,GL-4396,2026-03-17 13:39:00,7.201395,10.705426,4.6,0.22
T04,GL-4396,2026-03-17 13:40:00,7.201292,10.705542,10.1,0.34
T04,GL-4396,2026-03-17 13:41:00,7.201458,10.70546,10.2,0.72
T04,GL-4396,2026-03-17 13:42:00,7.201342,10.705535,10.2,0.19
T04,GL-4396,2026-03-17 13:43:00,7.201439,10.705572,10.9,0.8
T04,GL-4396,2026-03-17 13:44:00,7.201318,10.705456,8.8,0.58
T04,GL-4396,2026-03-17 13:45:00,7.201265,10.705458,8.3,0.61
T04,GL-4396,2026-03-17 13:46:00,7.201548,10.705647,11.5,0.25
T04,GL-4396,2026-03-17 13:47:00,7.201257,10.705615,5.6,0.33
T04,GL-4396,2026-03-17 13:48:00,7.201318,10.70551,9.2,0.72
T04,GL-4396,2026-03-17 13:49:00,7.201356,10.705344,,0.65
T04,GL-4396,2026-03-17 13:50:00,7.201259,10.705553,11.0,0.37
T04,GL-4396,2026-03-17 13:51:00,7.201452,10.705592,7.5,0.04
T04,GL-4396,2026-03-17 13:52:00,7.201426,10.705545,9.7,0.78
T04,GL-4396,2026-03-17 13:53:00,7.201354,10.705605,6.6,0.3
T04,GL-4396,2026-03-17 13:54:00,7.201339,10.705562,10.9,0.16
T04,GL-4396,2026-03-17 13:55:00,7.201369,10.705533,8.7,0.14
T04,GL-4396,2026-03-17 13:56:00,7.201318,10.705541,6.7,0.33
T04,GL-4396,2026-03-17 13:57:00,7.201396,10.705514,7.3,0.39
T04,GL-4396,2026-03-17 13:58:00,7.201368,10.70555,5.8,0.22
T04,GL-4396,2026-03-17 13:59:00,7.201363,10.705559,11.2,0.03
T04,GL-4396,2026-03-17 14:00:00,7.2014,10.705545,10.2,0.29
T04,GL-4396,2026-03-17 14:01:00,7.201302,10.705549,9.8,0.38
T04,GL-4396,2026-03-17 14:02:00,7.201409,10.70554,4.7,0.1
T04,GL-4396,2026-03-17 14:03:00,7.20145,10.705528,10.8,0.03
T04,GL-4396,2026-03-17 14:04:00,7.201416,10.705566,8.3,0.22
T04,GL-4396,2026-03-17 14:05:00,7.20138,10.705552,6.0,0.11
T04,GL-4396,2026-03-17 14:06:00,7.201381,10.705513,5.8,0.01
T04,GL-4396,2026-03-17 14:07:00,7.201394,10.705582,6.2,0.08
T04,GL-4396,2026-03-17 14:08:00,7.201392,10.70551,5.5,0.21
T04,GL-4396,2026-03-17 14:09:00,7.201392,10.705614,7.3,0.09
T04,GL-4396,2026-03-17 14:10:00,7.201376,10.705513,4.2,0.25
T04,GL-4396,2026-03-17 14:11:00,7.201426,10.705569,6.1,0.39
T04,GL-4396,2026-03-17 14:12:00,7.201376,10.705555,12.0,0.05
T04,GL-4396,2026-03-17 14:13:00,7.201385,10.705536,11.1,0.2
T04,GL-4396,2026-03-17 14:14:00,7.20142,10.705539,4.9,0.29
T04,GL-4396,2026-03-17 14:15:00,7.201358,10.705522,8.9,0.06
T04,GL-4396,2026-03-17 14:16:00,7.201435,10.705522,6.5,0.01
T04,GL-4396,2026-03-17 14:17:00,7.201374,10.705526,5.0,0.32
T04,GL-4396,2026-03-17 14:18:00,7.201478,10.705567,5.7,0.35
T04,GL-4396,2026-03-17 14:19:00,7.201345,10.705527,6.8,0.32
T04,GL-4396,2026-03-17 14:20:00,7.201383,10.705592,4.8,0.02
T04,GL-4396,2026-03-17 14:21:00,7.2014,10.705524,8.2,0.25
T04,GL-4396,2026-03-17 14:22:00,7.201359,10.705585,7.5,0.14
T04,GL-4396,2026-03-17 14:23:00,7.20138,10.705544,6.2,0.02
T04,GL-4396,2026-03-17 14:24:00,7.201386,10.705492,6.4,0.05
T04,GL-4396,2026-03-17 14:25:00,7.20141,10.705599,4.5,0.18
T04,GL-4396,2026-03-17 14:26:00,7.201327,10.70552,,0.13
T04,GL-4396,2026-03-17 14:27:00,7.201377,10.705554,8.9,0.34
T04,GL-4396,2026-03-17 14:28:00,7.201341,10.705533,4.9,0.38
T04,GL-4396,2026-03-17 14:29:00,7.201355,10.705544,10.6,0.03
T04,GL-4396,2026-03-17 14:30:00,7.201421,10.705496,9.8,0.21
T04,GL-4396,2026-03-17 14:31:00,7.201354,10.705497,8.8,0.01
T04,GL-4396,2026-03-17 14:32:00,7.20137,10.705566,8.2,0.07
T04,GL-4396,2026-03-17 14:33:00,7.201405,10.705525,10.8,0.19
T04,GL-4396,2026-03-17 14:34:00,7.201405,10.705543,4.2,0.32
T04,GL-4396,2026-03-17 14:35:00,7.201365,10.705559,8.6,0.33
T04,GL-4396,2026-03-17 14:36:00,7.201359,10.705537,7.6,0.37
T04,GL-4396,2026-03-17 14:37:00,7.201399,10.705514,7.0,0.31
T04,GL-4396,2026-03-17 14:38:00,7.201405,10.705506,7.0,0.29
T04,GL-4396,2026-03-17 14:39:00,7.201379,10.705519,5.6,0.36
T04,GL-4396,2026-03-17 14:40:00,7.201391,10.705524,5.2,0.06
T04,GL-4396,2026-03-17 14:41:00,7.201463,10.705516,10.0,0.23
T04,GL-4396,2026-03-17 14:42:00,7.201402,10.705573,4.6,0.01
T04,GL-4396,2026-03-17 14:43:00,7.201424,10.705536,11.5,0.34
T04,GL-4396,2026-03-17 14:44:00,7.201408,10.705526,11.5,0.38
T04,GL-4396,2026-03-17 14:45:00,7.201362,10.705513,11.4,0.38
T04,GL-4396,2026-03-17 14:46:00,7.201421,10.705517,9.2,0.38
T04,GL-4396,2026-03-17 14:47:00,7.201338,10.705596,10.3,0.06
T04,GL-4396,2026-03-17 14:48:00,7.201394,10.705581,8.0,0.14
T04,GL-4396,2026-03-17 14:49:00,7.201311,10.705524,6.3,0.27
T04,GL-4396,2026-03-17 14:50:00,7.201346,10.705502,11.8,0.09
T04,GL-4396,2026-03-17 14:51:00,7.201361,10.70557,5.2,0.15
T04,GL-4396,2026-03-17 14:52:00,7.201383,10.705494,7.2,0.05
T04,GL-4396,2026-03-17 14:53:00,7.201386,10.705524,5.4,0.31
T04,GL-4396,2026-03-17 14:54:00,7.201408,10.705495,5.4,0.24
T04,GL-4396,2026-03-17 14:55:00,7.201374,10.705551,11.5,0.38
T04,GL-4396,2026-03-17 14:56:00,7.201397,10.705522,9.5,0.04
T04,GL-4396,2026-03-17 14:57:00,7.201374,10.70555,6.1,0.36
T04,GL-4396,2026-03-17 14:58:00,7.201324,10.705532,10.4,0.17
T04,GL-4396,2026-03-17 14:59:00,7.201376,10.705591,8.7,0.15
T04,GL-4396,2026-03-17 15:00:00,7.201376,10.705599,10.6,0.21
T04,GL-4396,2026-03-17 15:01:00,7.201374,10.705548,6.5,0.35
T04,GL-4396,2026-03-17 15:02:00,7.201419,10.705471,9.1,0.32
T04,GL-4396,2026-03-17 15:03:00,7.201358,10.705535,7.2,0.26
T04,GL-4396,2026-03-17 15:04:00,7.201387,10.705555,4.9,0.03
T04,GL-4396,2026-03-17 15:05:00,7.201391,10.70556,11.9,0.01
T04,GL-4396,2026-03-17 15:06:00,7.201363,10.705517,11.4,0.26
T04,GL-4396,2026-03-17 15:07:00,7.201411,10.705574,5.8,0.03
T04,GL-4396,2026-03-17 15:08:00,7.201402,10.705539,10.5,0.28
T04,GL-4396,2026-03-17 15:09:00,7.201922,10.705532,10.5,3.98
T04,GL-4396,2026-03-17 15:10:00,7.20258,10.70562,10.6,4.63
T04,GL-4396,2026-03-17 15:11:00,7.203192,10.70579,11.7,4.42
T04,GL-4396,2026-03-17 15:12:00,7.203803,10.7058,7.0,3.63
T04,GL-4396,2026-03-17 15:13:00,7.204272,10.70584,11.7,3.34
T04,GL-4396,2026-03-17 15:14:00,7.204934,10.705854,10.3,4.0
T04,GL-4396,2026-03-17 15:15:00,7.205504,10.705971,7.1,3.83
T04,GL-4396,2026-03-17 15:16:00,7.20608,10.705931,4.1,5.24
T04,GL-4396,2026-03-17 15:17:00,7.206632,10.706116,4.7,3.87
T04,GL-4396,2026-03-17 15:18:00,7.207447,10.706046,8.3,3.71
T04,GL-4396,2026-03-17 15:19:00,7.207804,10.706215,10.2,4.89
T04,GL-4396,2026-03-17 15:20:00,7.208521,10.706255,8.4,3.9
T04,GL-4396,2026-03-17 15:21:00,7.20907,10.706228,8.4,5.17
T04,GL-4396,2026-03-17 15:22:00,7.209628,10.706355,6.6,4.03
T04,GL-4396,2026-03-17 15:23:00,7.210399,10.70635,11.6,4.79
T04,GL-4396,2026-03-17 15:24:00,7.210765,10.706497,9.3,4.47
T04,GL-4396,2026-03-17 15:25:00,7.211291,10.706546,7.4,4.89
T04,GL-4396,2026-03-17 15:26:00,7.211972,10.706528,11.2,5.43
T04,GL-4396,2026-03-17 15:27:00,7.212597,10.706635,4.1,5.47
T04,GL-4396,2026-03-17 15:28:00,7.213252,10.706721,7.7,4.84
T04,GL-4396,2026-03-17 15:29:00,7.213849,10.706774,11.0,5.29
T04,GL-4396,2026-03-17 15:30:00,7.214451,10.706759,5.3,4.02
T04,GL-4396,2026-03-17 15:31:00,7.215051,10.706817,9.8,5.32
T04,GL-4396,2026-03-17 15:32:00,7.215516,10.706929,7.6,5.58
T04,GL-4396,2026-03-17 15:33:00,7.216211,10.706842,11.4,3.27
T04,GL-4396,2026-03-17 15:34:00,7.216688,10.70704,7.0,4.56
T04,GL-4396,2026-03-17 15:35:00,7.217309,10.707039,9.2,5.02
T04,GL-4396,2026-03-17 15:36:00,7.217945,10.707141,10.4,2.82
T04,GL-4396,2026-03-17 15:37:00,7.218455,10.707107,6.5,3.18
T04,GL-4396,2026-03-17 15:38:00,7.219208,10.707233,9.3,4.71
T04,GL-4396,2026-03-17 15:39:00,7.219705,10.707243,11.5,3.65
T04,GL-4396,2026-03-17 15:40:00,7.220218,10.707236,9.3,4.03
T04,GL-4396,2026-03-17 15:41:00,7.220781,10.707326,6.6,4.95
T04,GL-4396,2026-03-17 15:42:00,7.221434,10.707468,7.4,5.49
T04,GL-4396,2026-03-17 15:43:00,7.222072,10.707453,6.5,3.28
T04,GL-4396,2026-03-17 15:44:00,7.222648,10.707409,11.3,3.86
T04,GL-4396,2026-03-17 15:45:00,7.223248,10.707544,5.5,3.83
T04,GL-4396,2026-03-17 15:46:00,7.223884,10.707696,9.8,4.92
T04,GL-4396,2026-03-17 15:47:00,7.224369,10.707619,6.0,3.19
T04,GL-4396,2026-03-17 15:48:00,7.225141,10.707698,11.4,5.39
T04,GL-4396,2026-03-17 15:49:00,7.225601,10.707847,9.9,4.93
T04,GL-4396,2026-03-17 15:50:00,7.226178,10.707849,5.6,3.37
T04,GL-4396,2026-03-17 15:51:00,7.226718,10.707934,6.2,3.1
T04,GL-4396,2026-03-17 15:52:00,7.227372,10.707902,5.0,4.98
T04,GL-4396,2026-03-17 15:53:00,7.227887,10.707958,10.7,3.94
T04,GL-4396,2026-03-17 15:54:00,7.228391,10.708015,9.6,3.99
T04,GL-4396,2026-03-17 15:55:00,7.229114,10.708112,9.9,3.33
T04,GL-4396,2026-03-17 15:56:00,7.229797,10.708201,7.5,3.57
T04,GL-4396,2026-03-17 15:57:00,7.230336,10.708217,10.9,4.86
T04,GL-4396,2026-03-17 15:58:00,7.230964,10.708141,8.7,4.39
T04,GL-4396,2026-03-17 15:59:00,7.23161,10.708275,8.2,4.4
T04,GL-4396,2026-03-17 16:00:00,7.232153,10.708372,6.8,4.06
T04,GL-4396,2026-03-17 16:01:00,7.232613,10.708516,7.9,2.82
T04,GL-4396,2026-03-17 16:02:00,7.233241,10.70849,6.3,3.86
T04,GL-4396,2026-03-17 16:03:00,7.233931,10.708542,11.3,5.27
T04,GL-4396,2026-03-17 16:04:00,7.23444,10.708566,6.3,4.13
T04,GL-4396,2026-03-17 16:05:00,7.235078,10.70864,9.3,4.68
T04,GL-4396,2026-03-17 16:06:00,7.338595,10.708689,6.6,199.66
T04,GL-4396,2026-03-17 16:07:00,7.236334,10.708856,8.8,3.77
T04,GL-4396,2026-03-17 16:08:00,7.236824,10.708849,6.1,5.3
T04,GL-4396,2026-03-17 16:09:00,7.237386,10.708892,11.2,5.45
T04,GL-4396,2026-03-17 16:10:00,7.238046,10.708954,5.1,5.5
T04,GL-4396,2026-03-17 16:11:00,7.238566,10.709063,5.0,4.24
T04,GL-4396,2026-03-17 16:12:00,7.239123,10.709056,7.9,4.53
T04,GL-4396,2026-03-17 16:13:00,7.239619,10.709129,5.0,3.74
T04,GL-4396,2026-03-17 16:14:00,7.240271,10.709127,11.2,4.18
T04,GL-4396,2026-03-17 16:15:00,7.240885,10.709232,5.7,5.0
T04,GL-4396,2026-03-17 16:16:00,7.241596,10.709255,5.0,4.47
T04,GL-4396,2026-03-17 16:17:00,7.242152,10.709392,7.0,5.23
T04,GL-4396,2026-03-17 16:18:00,7.242715,10.709499,9.5,3.74
T04,GL-4396,2026-03-17 16:19:00,7.243206,10.70943,4.4,4.21
T04,GL-4396,2026-03-17 16:20:00,7.243976,10.709515,6.1,5.39
T04,GL-4396,2026-03-17 16:21:00,7.24454,10.709568,4.8,2.91
T04,GL-4396,2026-03-17 16:22:00,7.245048,10.709686,9.4,3.02
T04,GL-4396,2026-03-17 16:23:00,7.245616,10.709544,8.3,3.69
T04,GL-4396,2026-03-17 16:24:00,7.246281,10.709767,5.5,3.39
T04,GL-4396,2026-03-17 16:25:00,7.246789,10.709729,5.6,2.82
T04,GL-4396,2026-03-17 16:26:00,7.247441,10.709836,11.7,3.33
T04,GL-4396,2026-03-17 16:27:00,7.248016,10.70989,6.4,4.22
T04,GL-4396,2026-03-17 16:28:00,7.24857,10.70995,5.2,4.59
T04,GL-4396,2026-03-17 16:29:00,7.249124,10.70989,9.4,3.06
T04,GL-4396,2026-03-17 16:30:00,7.249846,10.710025,10.5,3.72
T04,GL-4396,2026-03-17 16:31:00,7.250454,10.710015,4.2,4.59
T04,GL-4396,2026-03-17 16:32:00,7.250939,10.710254,9.5,4.22
T04,GL-4396,2026-03-17 16:33:00,7.251499,10.710183,7.9,3.8
T04,GL-4396,2026-03-17 16:34:00,7.252154,10.710229,4.4,2.86
T04,GL-4396,2026-03-17 16:35:00,7.252695,10.710372,6.9,4.64
T04,GL-4396,2026-03-17 16:36:00,7.253378,10.710438,5.2,4.25
T04,GL-4396,2026-03-17 16:37:00,7.253998,10.710449,6.8,2.85
T04,GL-4396,2026-03-17 16:38:00,7.254521,10.710513,5.7,4.46
T04,GL-4396,2026-03-17 16:39:00,7.255085,10.710519,7.6,2.85
T04,GL-4396,2026-03-17 16:40:00,7.255697,10.710646,5.9,5.15
T04,GL-4396,2026-03-17 16:41:00,7.256376,10.710615,7.0,5.23
T04,GL-4396,2026-03-17 16:42:00,7.256912,10.710751,10.0,4.46
T04,GL-4396,2026-03-17 16:43:00,7.257485,10.710793,5.3,2.99
T04,GL-4396,2026-03-17 16:44:00,7.258048,10.71083,6.0,4.5
T04,GL-4396,2026-03-17 16:45:00,7.258709,10.71078,9.6,4.66
T04,GL-4396,2026-03-17 16:46:00,7.259193,10.710984,10.7,2.89
T04,GL-4396,2026-03-17 16:47:00,7.259925,10.711006,6.2,2.92
T04,GL-4396,2026-03-17 16:48:00,7.260466,10.711008,5.5,4.2
T04,GL-4396,2026-03-17 16:49:00,7.261118,10.711075,10.1,3.86
T04,GL-4396,2026-03-17 16:50:00,7.261647,10.711092,7.2,5.16
T04,GL-4396,2026-03-17 16:51:00,7.262186,10.711159,8.0,3.64
T04,GL-4396,2026-03-17 16:52:00,7.262799,10.711242,7.9,5.4
T04,GL-4396,2026-03-17 16:53:00,7.263327,10.711385,11.6,3.58
T04,GL-4396,2026-03-17 16:54:00,7.264079,10.711388,9.9,5.48
T04,GL-4396,2026-03-17 16:55:00,7.26459,10.711357,6.8,4.48
T04,GL-4396,2026-03-17 16:56:00,7.265122,10.711398,6.2,3.71
T04,GL-4396,2026-03-17 16:57:00,7.265742,10.711517,10.7,4.86
T04,GL-4396,2026-03-17 16:58:00,10.711612,7.266395,7.5,5.2
T04,GL-4396,2026-03-17 16:59:00,7.266805,10.711607,8.5,4.24
T04,GL-4396,2026-03-17 17:00:00,7.26759,10.711564,9.6,4.77
T04,GL-4396,2026-03-17 17:01:00,7.268114,10.711699,5.2,4.17
T04,GL-4396,2026-03-17 17:02:00,7.268686,10.711725,8.3,4.37
T04,GL-4396,2026-03-17 17:03:00,7.269254,10.711895,6.1,5.59
T04,GL-4396,2026-03-17 17:04:00,7.269841,10.711906,8.9,3.18
T04,GL-4396,2026-03-17 17:05:00,7.270475,10.712052,9.6,5.49
T04,GL-4396,2026-03-17 17:06:00,7.271029,10.712001,11.8,4.44
T04,GL-4396,2026-03-17 17:07:00,7.271679,10.711993,7.1,5.33
T04,GL-4396,2026-03-17 17:08:00,7.272244,10.712102,7.7,4.39
T04,GL-4396,2026-03-17 17:09:00,7.272821,10.712175,10.8,5.53
T04,GL-4396,2026-03-17 17:10:00,7.273381,10.712183,10.8,3.91
T04,GL-4396,2026-03-17 17:11:00,7.274062,10.712313,6.5,4.37
T04,GL-4396,2026-03-17 17:12:00,7.274564,10.712336,10.5,4.07
T04,GL-4396,2026-03-17 17:13:00,7.275162,10.712461,7.9,3.44
T04,GL-4396,2026-03-17 17:14:00,7.275738,10.712499,6.9,4.68
T04,GL-4396,2026-03-17 17:15:00,7.276406,10.712586,11.5,3.9
T04,GL-4396,2026-03-17 17:16:00,7.27694,10.712629,5.4,4.91
T04,GL-4396,2026-03-17 17:17:00,7.277602,10.712715,5.2,3.28
T04,GL-4396,2026-03-17 17:18:00,7.278151,10.712591,9.1,5.13
T04,GL-4396,2026-03-17 17:19:00,7.278738,10.712737,9.5,4.39
T04,GL-4396,2026-03-17 17:20:00,7.279438,10.71268,9.4,2.85
T04,GL-4396,2026-03-17 17:21:00,7.279934,10.712785,9.6,4.99
T04,GL-4396,2026-03-17 17:22:00,7.280557,10.712839,9.6,4.76
T04,GL-4396,2026-03-17 17:23:00,7.281056,10.713002,10.5,5.22
T04,GL-4396,2026-03-17 17:24:00,7.281696,10.712927,7.2,2.8
T04,GL-4396,2026-03-17 17:25:00,7.282303,10.713048,7.0,4.1
T04,GL-4396,2026-03-17 17:26:00,7.282838,10.713145,4.1,4.98
T04,GL-4396,2026-03-17 17:27:00,7.283458,10.71313,8.7,4.7
T04,GL-4396,2026-03-17 17:28:00,7.284076,10.713232,,4.95
T04,GL-4396,2026-03-17 17:29:00,7.284591,10.713261,5.5,2.92
T04,GL-4396,2026-03-17 17:30:00,7.28517,10.713215,6.0,4.09
T04,GL-4396,2026-03-17 17:31:00,7.285836,10.713367,11.9,3.03
T04,GL-4396,2026-03-17 17:32:00,7.286349,10.713465,9.6,2.89
T04,GL-4396,2026-03-17 17:33:00,7.287086,10.713449,4.7,3.22
T04,GL-4396,2026-03-17 17:34:00,7.287631,10.713582,9.7,3.95
T04,GL-4396,2026-03-17 17:35:00,7.288212,10.713495,,3.79
T04,GL-4396,2026-03-17 17:36:00,7.288848,10.713544,10.8,3.24
T04,GL-4396,2026-03-17 17:37:00,7.289399,10.7137,9.4,4.92
T04,GL-4396,2026-03-17 17:38:00,7.289967,10.71373,9.8,4.5
T04,GL-4396,2026-03-17 17:39:00,7.29059,10.713832,11.7,5.31
T04,GL-4396,2026-03-17 17:40:00,7.291116,10.713898,7.7,3.33
T04,GL-4396,2026-03-17 17:41:00,7.29165,10.713878,4.3,4.29
T04,GL-4396,2026-03-17 17:42:00,7.292363,10.714032,6.6,5.43
T04,GL-4396,2026-03-17 17:43:00,7.292943,10.714043,5.2,5.59
T04,GL-4396,2026-03-17 17:44:00,7.293479,10.713999,10.1,3.23
T04,GL-4396,2026-03-17 17:45:00,7.294019,10.714114,6.5,2.82
T04,GL-4396,2026-03-17 17:46:00,7.294638,10.714188,7.8,5.01
T04,GL-4396,2026-03-17 17:47:00,7.295201,10.714197,9.7,5.37
T04,GL-4396,2026-03-17 17:48:00,7.29589,10.714411,5.4,5.39
T04,GL-4396,2026-03-17 17:49:00,7.296337,10.714256,6.7,3.45
T04,GL-4396,2026-03-17 17:50:00,7.297108,10.714321,4.8,3.99
T04,GL-4396,2026-03-17 17:51:00,7.297532,10.714522,8.4,4.46
T04,GL-4396,2026-03-17 17:52:00,7.298163,10.714539,9.5,3.77
T04,GL-4396,2026-03-17 17:53:00,7.298844,10.714541,5.3,3.44
T04,GL-4396,2026-03-17 17:54:00,7.299442,10.714668,10.3,3.24
T04,GL-4396,2026-03-17 17:55:00,7.299988,10.714713,8.0,4.73
T04,GL-4396,2026-03-17 17:56:00,7.300573,10.714707,11.0,3.28
T04,GL-4396,2026-03-17 17:57:00,7.30118,10.714706,4.3,5.57
T04,GL-4396,2026-03-17 17:58:00,7.301766,10.714943,9.3,4.95
T04,GL-4396,2026-03-17 17:59:00,7.302405,10.714902,8.5,4.01
T04,GL-4396,2026-03-17 18:00:00,7.302896,10.714954,6.6,4.88
T04,GL-4396,2026-03-17 18:01:00,7.303574,10.715031,9.7,3.37
T04,GL-4396,2026-03-17 18:02:00,7.304186,10.715093,6.5,4.44
T04,GL-4396,2026-03-17 18:03:00,7.304724,10.715014,6.2,4.43
T04,GL-4396,2026-03-17 18:04:00,7.305313,10.7152,9.7,3.13
T04,GL-4396,2026-03-17 18:05:00,7.305831,10.715145,6.6,4.91
T04,GL-4396,2026-03-17 18:06:00,7.306504,10.715324,8.4,3.67
T04,GL-4396,2026-03-17 18:07:00,7.307063,10.715378,4.1,4.66
T04,GL-4396,2026-03-17 18:08:00,7.30771,10.715458,5.4,3.84
T04,GL-4396,2026-03-17 18:09:00,7.308227,10.715512,7.2,3.36
T04,GL-4396,2026-03-17 18:10:00,7.308799,10.715467,7.5,4.15
T04,GL-4396,2026-03-17 18:11:00,7.309434,10.715474,8.9,3.04
T04,GL-4396,2026-03-17 18:12:00,7.309992,10.715574,10.9,3.85
T04,GL-4396,2026-03-17 18:13:00,7.310738,10.715602,8.0,5.48
T04,GL-4396,2026-03-17 18:14:00,7.311235,10.715682,5.3,3.62
T04,GL-4396,2026-03-17 18:15:00,7.311778,10.715749,10.1,3.79
T04,GL-4396,2026-03-17 18:16:00,7.312414,10.715849,4.2,5.02
T04,GL-4396,2026-03-17 18:17:00,7.313011,10.715938,9.6,3.12
T04,GL-4396,2026-03-17 18:18:00,7.313558,10.715979,8.6,4.82
T04,GL-4396,2026-03-17 18:19:00,7.314169,10.715993,6.0,5.49
T04,GL-4396,2026-03-17 18:20:00,7.314716,10.716135,10.1,3.19
T04,GL-4396,2026-03-17 18:21:00,7.315392,10.716139,8.8,3.47
T04,GL-4396,2026-03-17 18:22:00,7.31603,10.716212,7.0,4.21
T04,GL-4396,2026-03-17 18:23:00,7.316545,10.716238,7.9,3.46
T04,GL-4396,2026-03-17 18:24:00,7.317087,10.716184,11.2,4.02
T04,GL-4396,2026-03-17 18:25:00,7.317641,10.716283,7.4,4.05
T04,GL-4396,2026-03-17 18:26:00,7.318269,10.716321,7.4,3.45
T04,GL-4396,2026-03-17 18:27:00,7.318894,10.716408,10.0,5.45
T04,GL-4396,2026-03-17 18:28:00,7.319575,10.716466,11.9,4.18
T04,GL-4396,2026-03-17 18:29:00,7.32013,10.71652,9.6,4.5
T04,GL-4396,2026-03-17 18:30:00,7.320613,10.716635,6.6,3.25
T04,GL-4396,2026-03-17 18:31:00,7.321214,10.716646,11.1,2.81
T04,GL-4396,2026-03-17 18:32:00,7.321758,10.716703,7.7,3.48
T04,GL-4396,2026-03-17 18:33:00,7.322443,10.716802,5.2,5.13
T04,GL-4396,2026-03-17 18:34:00,7.322997,10.716925,8.4,3.87
T04,GL-4396,2026-03-17 18:35:00,7.323614,10.716786,10.8,4.64
T04,GL-4396,2026-03-17 18:36:00,7.324224,10.716822,9.1,3.32
T04,GL-4396,2026-03-17 18:37:00,7.324791,10.717029,8.7,5.07
T04,GL-4396,2026-03-17 18:38:00,7.325421,10.717062,7.9,5.41
T04,GL-4396,2026-03-17 18:39:00,7.325919,10.716987,8.6,3.87
T04,GL-4396,2026-03-17 18:40:00,7.326564,10.717149,5.3,3.58
T04,GL-4396,2026-03-17 18:41:00,7.327105,10.71724,5.7,3.21
T04,GL-4396,2026-03-17 18:42:00,7.327761,10.717254,5.0,4.65
T04,GL-4396,2026-03-17 18:43:00,7.328296,10.717346,5.3,3.35
T04,GL-4396,2026-03-17 18:44:00,7.328904,10.717319,9.0,4.39
T04,GL-4396,2026-03-17 18:45:00,7.32957,10.717559,5.5,4.63
T04,GL-4396,2026-03-17 18:46:00,7.330101,10.717494,7.0,3.29
T04,GL-4396,2026-03-17 18:47:00,7.330664,10.717589,10.8,4.88
T04,GL-4396,2026-03-17 18:48:00,7.331307,10.717463,5.9,3.75
T04,GL-4396,2026-03-17 18:49:00,7.331841,10.71772,6.0,3.27
T04,GL-4396,2026-03-17 18:50:00,7.332603,10.717697,7.0,5.03
T04,GL-4396,2026-03-17 18:51:00,7.333087,10.717715,5.4,5.16
T04,GL-4396,2026-03-17 18:52:00,7.333571,10.717852,10.4,3.15
T04,GL-4396,2026-03-17 18:53:00,7.334244,10.71784,5.4,4.79
T04,GL-4396,2026-03-17 18:54:00,7.334828,10.717836,5.0,4.37
T04,GL-4396,2026-03-17 18:55:00,7.335346,10.718027,5.5,5.0
T04,GL-4396,2026-03-17 18:56:00,7.336014,10.718036,11.6,5.46
T04,GL-4396,2026-03-17 18:57:00,7.336688,10.718088,8.1,4.96
T04,GL-4396,2026-03-17 18:58:00,7.337295,10.718052,5.9,4.92
T04,GL-4396,2026-03-17 18:59:00,7.337785,10.718179,11.1,3.23
T04,GL-4396,2026-03-17 19:00:00,7.33831,10.718238,11.3,4.59
T04,GL-4396,2026-03-17 19:01:00,7.338995,10.718215,5.3,4.56
T04,GL-4396,2026-03-17 19:02:00,7.33943,10.718368,9.9,2.95
T04,GL-4396,2026-03-17 19:03:00,7.340107,10.718409,11.8,4.04
T04,GL-4396,2026-03-17 19:04:00,7.340735,10.718382,7.9,5.43
T04,GL-4396,2026-03-17 19:05:00,7.341374,10.718519,4.8,3.46
T04,GL-4396,2026-03-17 19:06:00,7.341995,10.718447,9.7,5.13
T04,GL-4396,2026-03-17 19:07:00,7.342517,10.718564,10.8,3.88
T04,GL-4396,2026-03-17 19:08:00,7.343096,10.718694,11.5,4.97
T04,GL-4396,2026-03-17 19:09:00,7.343652,10.7188,4.7,4.02
T04,GL-4396,2026-03-17 19:10:00,7.344248,10.718865,6.0,3.11
T04,GL-4396,2026-03-17 19:11:00,7.344732,10.718775,9.7,3.94
T04,GL-4396,2026-03-17 19:12:00,7.345434,10.718802,7.9,3.89
T04,GL-4396,2026-03-17 19:13:00,7.345963,10.718874,,3.7
T04,GL-4396,2026-03-17 19:14:00,7.346674,10.718946,8.3,3.8
T04,GL-4396,2026-03-17 19:15:00,7.347253,10.719018,6.1,4.46
T04,GL-4396,2026-03-17 19:16:00,7.347744,10.719083,5.0,4.11
T04,GL-4396,2026-03-17 19:17:00,7.348474,10.71914,9.7,4.63
T04,GL-4396,2026-03-17 19:18:00,7.348997,10.719179,8.9,4.24
T04,GL-4396,2026-03-17 19:19:00,7.349595,10.719289,12.0,5.57
T04,GL-4396,2026-03-17 19:20:00,7.350094,10.719255,7.5,4.99
T04,GL-4396,2026-03-17 19:21:00,7.350698,10.719417,,3.38
T04,GL-4396,2026-03-17 19:22:00,7.351342,10.719485,4.4,4.18
T04,GL-4396,2026-03-17 19:23:00,7.351928,10.719381,5.7,4.16
T04,GL-4396,2026-03-17 19:24:00,7.352713,10.719546,9.8,4.5
T04,GL-4396,2026-03-17 19:25:00,7.353131,10.719559,10.0,5.1
T04,GL-4396,2026-03-17 19:26:00,7.353792,10.719697,5.6,3.38
T04,GL-4396,2026-03-17 19:27:00,7.354314,10.719697,4.3,5.54
T04,GL-4396,2026-03-17 19:28:00,7.354938,10.719775,5.9,3.88
T04,GL-4396,2026-03-17 19:29:00,7.355423,10.719787,5.9,3.16
T04,GL-4396,2026-03-17 19:30:00,7.355979,10.719724,8.6,5.49
T04,GL-4396,2026-03-17 19:31:00,7.356733,10.719784,8.2,3.43
T04,GL-4396,2026-03-17 19:32:00,7.357323,10.719948,8.8,3.06
T04,GL-4396,2026-03-17 19:33:00,7.357917,10.719974,5.4,3.65
T04,GL-4396,2026-03-17 19:34:00,7.35854,10.720118,8.2,3.9
T04,GL-4396,2026-03-17 19:35:00,7.359097,10.720183,4.4,4.88
T04,GL-4396,2026-03-17 19:36:00,7.359682,10.720232,10.9,5.23
T04,GL-4396,2026-03-17 19:37:00,7.36018,10.720242,9.4,4.63
T04,GL-4396,2026-03-17 19:38:00,7.360822,10.720364,9.2,3.26
T04,GL-4396,2026-03-17 19:39:00,7.361297,10.720377,5.9,4.21
T04,GL-4396,2026-03-17 19:40:00,7.362085,10.720551,4.4,4.11
T04,GL-4396,2026-03-17 19:41:00,7.362637,10.720524,6.5,4.16
T04,GL-4396,2026-03-17 19:42:00,7.363146,10.720402,9.8,3.76
T04,GL-4396,2026-03-17 19:43:00,7.363773,10.720581,7.8,4.09
T04,GL-4396,2026-03-17 19:44:00,7.364362,10.720603,5.7,4.42
T04,GL-4396,2026-03-17 19:45:00,7.364884,10.720768,7.0,2.81
T04,GL-4396,2026-03-17 19:46:00,7.365442,10.720738,8.5,5.36
T04,GL-4396,2026-03-17 19:47:00,7.366108,10.720808,8.4,3.7
T04,GL-4396,2026-03-17 19:48:00,7.366738,10.720868,8.4,4.01
T04,GL-4396,2026-03-17 19:49:00,7.367354,10.720853,9.1,3.69
T04,GL-4396,2026-03-17 19:50:00,7.367871,10.720947,10.5,5.46
T04,GL-4396,2026-03-17 19:51:00,7.368409,10.720954,7.1,4.38
T04,GL-4396,2026-03-17 19:52:00,7.369047,10.721033,8.5,3.87
T04,GL-4396,2026-03-17 19:53:00,7.369649,10.721207,6.0,3.43
T04,GL-4396,2026-03-17 19:54:00,7.370255,10.721174,9.4,3.62
T04,GL-4396,2026-03-17 19:55:00,7.370826,10.721161,9.4,5.1
T04,GL-4396,2026-03-17 19:56:00,7.371398,10.721274,5.7,3.97
T04,GL-4396,2026-03-17 19:57:00,7.372197,10.721204,11.2,3.15
T04,GL-4396,2026-03-17 19:58:00,7.372684,10.721394,6.9,3.37
T04,GL-4396,2026-03-17 19:59:00,7.373222,10.721386,6.7,3.34
T04,GL-4396,2026-03-17 20:00:00,7.373817,10.721492,7.4,4.14
T04,GL-4396,2026-03-17 20:01:00,7.37442,10.721676,8.9,3.48
T04,GL-4396,2026-03-17 20:02:00,7.374979,10.721659,8.0,4.2
T04,GL-4396,2026-03-17 20:03:00,7.375638,10.721703,5.6,5.16
T04,GL-4396,2026-03-17 20:04:00,7.376114,10.721761,6.4,4.43
T04,GL-4396,2026-03-17 20:05:00,7.376714,10.721806,5.2,5.12
T04,GL-4396,2026-03-17 20:06:00,7.377356,10.721748,4.2,4.97
T04,GL-4396,2026-03-17 20:07:00,7.377976,10.721883,4.1,2.94
T04,GL-4396,2026-03-17 20:08:00,7.378521,10.72191,5.4,3.56
T04,GL-4396,2026-03-17 20:09:00,7.379089,10.721994,6.6,3.88
T04,GL-4396,2026-03-17 20:10:00,7.379725,10.722059,11.8,4.71
T04,GL-4396,2026-03-17 20:11:00,7.380342,10.722133,11.5,3.81
T04,GL-4396,2026-03-17 20:12:00,7.380932,10.722275,5.3,3.37
T04,GL-4396,2026-03-17 20:13:00,7.381503,10.722224,9.2,4.16
T04,GL-4396,2026-03-17 20:14:00,7.382053,10.722251,6.3,2.86
T04,GL-4396,2026-03-17 20:15:00,7.382676,10.722351,11.3,5.43
T04,GL-4396,2026-03-17 20:16:00,7.38331,10.722441,9.6,3.93
T04,GL-4396,2026-03-17 20:17:00,7.383903,10.7224,6.5,2.89
T04,GL-4396,2026-03-17 20:18:00,7.384391,10.722499,9.2,5.19
T04,GL-4396,2026-03-17 20:19:00,7.385005,10.722638,5.8,4.55
T04,GL-4396,2026-03-17 20:20:00,7.38566,10.722586,10.4,3.1
T04,GL-4396,2026-03-17 20:21:00,7.386155,10.722663,6.9,3.24
T04,GL-4396,2026-03-17 20:22:00,7.386878,10.72265,7.3,3.62
T04,GL-4396,2026-03-17 20:23:00,7.387421,10.722866,5.2,5.32
T04,GL-4396,2026-03-17 20:24:00,7.388086,10.722835,5.5,4.88
T04,GL-4396,2026-03-17 20:25:00,7.388542,10.722835,12.0,3.99
T04,GL-4396,2026-03-17 20:26:00,7.389202,10.722911,4.7,3.47
T04,GL-4396,2026-03-17 20:27:00,7.389695,10.722918,11.3,4.72
T04,GL-4396,2026-03-17 20:28:00,7.390333,10.723,6.1,5.46
T04,GL-4396,2026-03-17 20:29:00,7.390976,10.723023,8.7,4.45
T04,GL-4396,2026-03-17 20:30:00,7.391565,10.723242,5.2,3.51
T04,GL-4396,2026-03-17 20:31:00,7.392202,10.723241,5.8,3.1
T04,GL-4396,2026-03-17 20:32:00,7.392668,10.723394,11.0,4.63
T04,GL-4396,2026-03-17 20:33:00,7.393214,10.723361,9.3,4.65
T04,GL-4396,2026-03-17 20:34:00,7.393843,10.723404,5.7,4.51
T04,GL-4396,2026-03-17 20:35:00,7.394466,10.72341,9.3,5.12
T04,GL-4396,2026-03-17 20:36:00,7.395078,10.723565,6.9,5.12
T04,GL-4396,2026-03-17 20:37:00,7.395745,10.723509,6.2,4.39
T04,GL-4396,2026-03-17 20:38:00,7.396226,10.723541,11.2,3.69
T04,GL-4396,2026-03-17 20:39:00,7.396829,10.723711,10.8,3.72
T04,GL-4396,2026-03-17 20:40:00,7.397354,10.723675,10.9,3.81
T04,GL-4396,2026-03-17 20:41:00,7.398018,10.723757,10.8,4.23
T04,GL-4396,2026-03-17 20:42:00,7.398574,10.723813,6.9,5.17
T04,GL-4396,2026-03-17 20:43:00,7.399113,10.723922,4.0,4.95
T04,GL-4396,2026-03-17 20:44:00,7.39975,10.723976,10.3,3.65
T04,GL-4396,2026-03-17 20:45:00,7.400297,10.723902,11.3,3.67
T04,GL-4396,2026-03-17 20:46:00,7.400865,10.724026,9.7,2.95
T04,GL-4396,2026-03-17 20:47:00,7.401504,10.724135,4.7,4.1
T04,GL-4396,2026-03-17 20:48:00,7.40214,10.724156,7.1,4.35
T04,GL-4396,2026-03-17 20:49:00,7.402795,10.724195,7.2,3.47
T04,GL-4396,2026-03-17 20:50:00,7.403184,10.724265,8.3,3.86
T04,GL-4396,2026-03-17 20:51:00,7.404014,10.724297,11.9,4.77
T04,GL-4396,2026-03-17 20:52:00,7.404655,10.724312,5.1,3.5
T04,GL-4396,2026-03-17 20:53:00,7.405142,10.724405,11.4,4.89
T04,GL-4396,2026-03-17 20:54:00,7.405669,10.724336,5.8,3.89
T04,GL-4396,2026-03-17 20:55:00,7.406246,10.724472,4.5,3.05
T04,GL-4396,2026-03-17 20:56:00,7.406805,10.724636,8.4,5.56
T04,GL-4396,2026-03-17 20:57:00,7.407441,10.724596,8.7,3.08
T04,GL-4396,2026-03-17 20:58:00,7.408057,10.724694,7.1,3.05
T04,GL-4396,2026-03-17 20:59:00,7.408646,10.724681,9.4,5.43
T04,GL-4396,2026-03-17 21:00:00,7.409255,10.724908,5.4,4.13
T04,GL-4396,2026-03-17 21:01:00,7.409836,10.724787,7.4,4.65
T04,GL-4396,2026-03-17 21:02:00,7.41041,10.724972,11.9,3.99
T04,GL-4396,2026-03-17 21:03:00,7.410987,10.724977,10.7,4.17
T04,GL-4396,2026-03-17 21:04:00,7.411615,10.725028,10.5,4.35
T04,GL-4396,2026-03-17 21:05:00,7.412209,10.725058,5.3,3.77
T04,GL-4396,2026-03-17 21:06:00,7.412844,10.725172,,3.69
T04,GL-4396,2026-03-17 21:07:00,7.413314,10.725189,11.4,4.86
T04,GL-4396,2026-03-17 21:08:00,7.413878,10.725178,4.2,3.05
T04,GL-4396,2026-03-17 21:09:00,7.414545,10.725202,10.8,5.37
T04,GL-4396,2026-03-17 21:10:00,7.415212,10.725376,10.9,5.59
T04,GL-4396,2026-03-17 21:11:00,7.415738,10.725322,8.0,4.3
T04,GL-4396,2026-03-17 21:12:00,7.416323,10.725379,6.0,3.58
T04,GL-4396,2026-03-17 21:13:00,7.41684,10.72552,5.4,3.82
T04,GL-4396,2026-03-17 21:14:00,7.41757,10.725686,6.7,4.44
T04,GL-4396,2026-03-17 21:15:00,7.418056,10.725626,10.1,3.83
T04,GL-4396,2026-03-17 21:16:00,7.418696,10.725697,11.4,2.94
T04,GL-4396,2026-03-17 21:17:00,7.419287,10.725763,7.5,4.89
T04,GL-4396,2026-03-17 21:18:00,7.419935,10.725877,7.2,3.91
T04,GL-4396,2026-03-17 21:19:00,7.420348,10.72582,6.6,4.52
T04,GL-4396,2026-03-17 21:20:00,7.421015,10.725861,6.9,3.07
T04,GL-4396,2026-03-17 21:21:00,7.421606,10.725997,8.3,4.72
T04,GL-4396,2026-03-17 21:22:00,7.422212,10.726103,8.5,5.6
T04,GL-4396,2026-03-17 21:23:00,7.422857,10.725997,10.3,3.78
T04,GL-4396,2026-03-17 21:24:00,7.42336,10.726077,7.7,5.46
T04,GL-4396,2026-03-17 21:25:00,7.423975,10.726142,10.3,4.77
T04,GL-4396,2026-03-17 21:26:00,7.424607,10.726232,9.8,4.38
T04,GL-4396,2026-03-17 21:27:00,7.424976,10.726315,10.8,4.6
T04,GL-4396,2026-03-17 21:28:00,7.425752,10.726332,5.3,5.24
T04,GL-4396,2026-03-17 21:29:00,7.426222,10.726303,5.7,5.55
T04,GL-4396,2026-03-17 21:30:00,7.426962,10.726508,6.1,4.85
T04,GL-4396,2026-03-17 21:31:00,7.427525,10.726465,7.9,3.01
T04,GL-4396,2026-03-17 21:32:00,7.428076,10.72657,4.8,3.54
T04,GL-4396,2026-03-17 21:33:00,7.428684,10.726727,6.4,5.23
T04,GL-4396,2026-03-17 21:34:00,7.429291,10.726598,6.7,3.56
T04,GL-4396,2026-03-17 21:35:00,7.42995,10.726737,6.8,3.93
T04,GL-4396,2026-03-17 21:36:00,7.430493,10.726829,5.3,2.81
T04,GL-4396,2026-03-17 21:37:00,7.431078,10.726822,7.2,5.32
T04,GL-4396,2026-03-17 21:38:00,7.431737,10.726786,9.5,5.24
T04,GL-4396,2026-03-17 21:39:00,7.432244,10.726959,6.7,4.93
T04,GL-4396,2026-03-17 21:40:00,7.432882,10.727032,9.4,3.23
T04,GL-4396,2026-03-17 21:41:00,7.433467,10.727021,,3.85
T04,GL-4396,2026-03-17 21:42:00,7.434074,10.727027,4.7,5.33
T04,GL-4396,2026-03-17 21:43:00,7.434627,10.727159,8.6,4.3
T04,GL-4396,2026-03-17 21:44:00,7.435225,10.727237,,3.33
T04,GL-4396,2026-03-17 21:45:00,7.435833,10.727234,6.2,2.91
T04,GL-4396,2026-03-17 21:46:00,7.436367,10.727388,6.3,5.44
T04,GL-4396,2026-03-17 21:47:00,7.436926,10.727393,9.9,4.18
T04,GL-4396,2026-03-17 21:48:00,7.43749,10.727318,6.9,3.61
T04,GL-4396,2026-03-17 21:49:00,7.438208,10.727481,6.9,4.62
T04,GL-4396,2026-03-17 21:50:00,7.438856,10.727492,7.7,5.48
T04,GL-4396,2026-03-17 21:51:00,7.439328,10.727668,5.0,3.24
T04,GL-4396,2026-03-17 21:52:00,7.440029,10.727653,10.1,3.53
T04,GL-4396,2026-03-17 21:53:00,7.440416,10.727712,9.3,4.05
T04,GL-4396,2026-03-17 21:54:00,7.441162,10.727663,11.7,5.3
T04,GL-4396,2026-03-17 21:55:00,7.441746,10.727848,9.8,4.94
T04,GL-4396,2026-03-17 21:56:00,7.442277,10.727971,9.2,4.12
T04,GL-4396,2026-03-17 21:57:00,7.442721,10.72793,7.0,3.32
T04,GL-4396,2026-03-17 21:58:00,7.443456,10.727978,9.2,5.53
T04,GL-4396,2026-03-17 21:59:00,7.444084,10.727977,11.1,3.02
T04,GL-4396,2026-03-17 22:00:00,7.444621,10.728126,7.7,4.81
T04,GL-4396,2026-03-17 22:01:00,7.445266,10.728133,8.7,4.03
T04,GL-4396,2026-03-17 22:02:00,7.445876,10.728151,8.8,5.31
T04,GL-4396,2026-03-17 22:03:00,7.446442,10.728282,6.2,2.91
T04,GL-4396,2026-03-17 22:04:00,7.447055,10.72826,7.9,5.53
T04,GL-4396,2026-03-17 22:05:00,7.447602,10.728407,11.6,3.03
T04,GL-4396,2026-03-17 22:06:00,7.448199,10.728408,6.3,3.71
T04,GL-4396,2026-03-17 22:07:00,7.448741,10.728505,11.9,4.64
T04,GL-4396,2026-03-17 22:08:00,7.449277,10.72847,4.2,4.6
T04,GL-4396,2026-03-17 22:09:00,7.450108,10.728531,9.7,2.89
T04,GL-4396,2026-03-17 22:10:00,7.450594,10.728607,9.2,5.16
T04,GL-4396,2026-03-17 22:11:00,7.451122,10.728722,10.2,3.51
T04,GL-4396,2026-03-17 22:12:00,7.451808,10.728756,4.2,2.82
T04,GL-4396,2026-03-17 22:13:00,7.452302,10.728683,5.9,4.75
T04,GL-4396,2026-03-17 22:14:00,7.452914,10.728907,11.8,5.26
T04,GL-4396,2026-03-17 22:15:00,7.453569,10.728834,6.5,3.24
T04,GL-4396,2026-03-17 22:16:00,7.45415,10.72895,9.5,3.76
T04,GL-4396,2026-03-17 22:17:00,7.454648,10.729,8.5,4.52
T04,GL-4396,2026-03-17 22:18:00,7.455196,10.729098,8.2,3.98
T04,GL-4396,2026-03-17 22:19:00,7.455796,10.729118,7.0,3.99
T04,GL-4396,2026-03-17 22:20:00,7.456477,10.729164,7.0,4.43
T04,GL-4396,2026-03-17 22:21:00,7.457158,10.729269,11.0,3.84
T04,GL-4396,2026-03-17 22:22:00,7.457627,10.729293,10.9,3.46
T04,GL-4396,2026-03-17 22:23:00,7.458244,10.72937,8.0,3.84
T04,GL-4396,2026-03-17 22:24:00,7.458851,10.729395,7.2,5.56
T04,GL-4396,2026-03-17 22:25:00,7.459493,10.729457,10.4,3.61
T04,GL-4396,2026-03-17 22:26:00,7.460005,10.729519,9.9,4.59
T04,GL-4396,2026-03-17 22:27:00,7.460667,10.72959,11.4,4.75
T04,GL-4396,2026-03-17 22:28:00,7.46119,10.72961,,5.38
T04,GL-4396,2026-03-17 22:29:00,7.461803,10.729652,5.0,4.19
T04,GL-4396,2026-03-17 22:30:00,7.46227,10.729731,8.3,4.7
T04,GL-4396,2026-03-17 22:31:00,7.462978,10.729809,7.6,3.51
T04,GL-4396,2026-03-17 22:32:00,7.463515,10.729871,5.4,3.51
T04,GL-4396,2026-03-17 22:33:00,7.464071,10.729913,8.9,4.62
T04,GL-4396,2026-03-17 22:34:00,7.464661,10.729901,12.0,3.64
T04,GL-4396,2026-03-17 22:35:00,7.46532,10.729938,11.9,4.63
T04,GL-4396,2026-03-17 22:36:00,7.46578,10.730075,11.5,5.13
T04,GL-4396,2026-03-17 22:37:00,7.466462,10.730068,5.5,4.57
T04,GL-4396,2026-03-17 22:38:00,7.70111,10.730175,7.5,461.88
T04,GL-4396,2026-03-17 22:39:00,7.467676,10.730123,7.8,4.54
T04,GL-4396,2026-03-17 22:40:00,7.468242,10.730239,11.1,3.28
T04,GL-4396,2026-03-17 22:41:00,7.468924,10.730394,6.4,4.02
T04,GL-4396,2026-03-17 22:42:00,7.46947,10.730378,11.3,2.86
T04,GL-4396,2026-03-17 22:43:00,7.470011,10.730572,7.5,4.0
T04,GL-4396,2026-03-17 22:44:00,7.470663,10.730478,7.0,3.44
T04,GL-4396,2026-03-17 22:45:00,7.47134,10.73051,8.2,2.85
T04,GL-4396,2026-03-17 22:46:00,7.4719,10.730567,4.9,4.58
T04,GL-4396,2026-03-17 22:47:00,7.472377,10.730654,10.0,3.18
T04,GL-4396,2026-03-17 22:48:00,7.473066,10.730778,4.4,4.24
T04,GL-4396,2026-03-17 22:49:00,7.473655,10.730772,7.8,5.53
T04,GL-4396,2026-03-17 22:50:00,7.474178,10.730886,8.8,5.1
T04,GL-4396,2026-03-17 22:51:00,7.474778,10.730744,11.1,4.31
T04,GL-4396,2026-03-17 22:52:00,7.475265,10.730894,10.1,4.83
T04,GL-4396,2026-03-17 22:53:00,7.475983,10.731018,,5.35
T04,GL-4396,2026-03-17 22:54:00,7.476511,10.731033,7.1,3.45
T04,GL-4396,2026-03-17 22:55:00,7.477061,10.730971,7.3,5.26
T04,GL-4396,2026-03-17 22:56:00,7.477676,10.731141,5.4,3.33
T04,GL-4396,2026-03-17 22:57:00,7.478298,10.731262,10.6,3.87
T04,GL-4396,2026-03-17 22:58:00,7.478921,10.731297,11.7,4.34
T04,GL-4396,2026-03-17 22:59:00,7.479555,10.731324,4.8,5.55
T04,GL-4396,2026-03-17 23:00:00,7.48003,10.731342,4.5,3.08
T04,GL-4396,2026-03-17 23:01:00,7.480671,10.73132,10.2,4.0
T04,GL-4396,2026-03-17 23:02:00,7.481324,10.731506,4.1,5.43
T04,GL-4396,2026-03-17 23:03:00,7.481878,10.731485,5.9,3.84
T04,GL-4396,2026-03-17 23:04:00,7.48248,10.731541,11.9,3.36
T04,GL-4396,2026-03-17 23:05:00,7.483015,10.731724,7.8,4.88
T04,GL-4396,2026-03-17 23:06:00,7.483566,10.73175,9.4,2.91
T04,GL-4396,2026-03-17 23:07:00,7.48429,10.731692,,3.74
T04,GL-4396,2026-03-17 23:08:00,7.484804,10.731895,11.6,3.59
T04,GL-4396,2026-03-17 23:09:00,7.485439,10.731986,9.4,3.67
T04,GL-4396,2026-03-17 23:10:00,7.486033,10.731974,10.1,3.66
T04,GL-4396,2026-03-17 23:11:00,7.486633,10.732025,4.5,4.87
T04,GL-4396,2026-03-17 23:12:00,7.487244,10.73198,7.8,2.82
T04,GL-4396,2026-03-17 23:13:00,7.487788,10.732054,7.9,3.85
T04,GL-4396,2026-03-17 23:14:00,7.488359,10.732177,8.9,5.19
T04,GL-4396,2026-03-17 23:15:00,7.488944,10.732171,9.4,4.07
T04,GL-4396,2026-03-17 23:16:00,7.489522,10.732313,10.3,3.43
T04,GL-4396,2026-03-17 23:17:00,7.490206,10.732229,8.3,5.08
T04,GL-4396,2026-03-17 23:18:00,7.490713,10.732458,4.4,3.91
T04,GL-4396,2026-03-17 23:19:00,7.491332,10.732248,7.3,2.84
T04,GL-4396,2026-03-17 23:20:00,7.491934,10.73249,4.5,4.97
T04,GL-4396,2026-03-17 23:21:00,7.492383,10.732404,10.5,3.93
T04,GL-4396,2026-03-17 23:22:00,7.493107,10.732477,7.2,4.12
T04,GL-4396,2026-03-17 23:23:00,7.49371,10.732595,9.9,3.95
T04,GL-4396,2026-03-17 23:24:00,7.494244,10.732625,11.5,3.52
T04,GL-4396,2026-03-17 23:25:00,7.494768,10.732674,11.2,5.22
T04,GL-4396,2026-03-17 23:26:00,7.49544,10.732695,7.5,4.99
T04,GL-4396,2026-03-17 23:27:00,7.495947,10.732907,5.1,4.4
T04,GL-4396,2026-03-17 23:28:00,7.496599,10.732982,11.3,3.46
T04,GL-4396,2026-03-17 23:29:00,7.497176,10.73298,4.9,5.23
T04,GL-4396,2026-03-17 23:30:00,7.497932,10.733007,10.6,4.1
T04,GL-4396,2026-03-17 23:31:00,7.498458,10.73303,5.8,2.83
T04,GL-4396,2026-03-17 23:32:00,7.498968,10.733173,4.7,4.9
T04,GL-4396,2026-03-17 23:33:00,7.499641,10.733118,6.0,4.48
T04,GL-4396,2026-03-17 23:34:00,7.500156,10.733245,5.3,3.75
T04,GL-4396,2026-03-17 23:35:00,7.500863,10.733316,4.3,4.37
T04,GL-4396,2026-03-17 23:36:00,7.501352,10.73343,11.2,5.1
T04,GL-4396,2026-03-17 23:37:00,7.502017,10.733264,10.5,4.43
T04,GL-4396,2026-03-17 23:38:00,7.502457,10.733417,8.3,3.06
T04,GL-4396,2026-03-17 23:39:00,7.503164,10.733529,9.2,3.02
T04,GL-4396,2026-03-17 23:40:00,7.503678,10.733467,5.7,3.6
T04,GL-4396,2026-03-17 23:41:00,7.504214,10.733569,11.1,4.62
T04,GL-4396,2026-03-17 23:42:00,7.504863,10.733627,7.3,3.29
T04,GL-4396,2026-03-17 23:43:00,7.505562,10.733742,5.2,3.42
T04,GL-4396,2026-03-17 23:44:00,7.506053,10.733671,8.8,5.09
T04,GL-4396,2026-03-17 23:45:00,7.5067,10.733873,7.8,3.38
T04,GL-4396,2026-03-17 23:46:00,7.50722,10.733896,6.2,4.21
T04,GL-4396,2026-03-17 23:47:00,7.507842,10.733916,4.6,4.33
T04,GL-4396,2026-03-17 23:48:00,7.508307,10.73403,11.1,4.4
T04,GL-4396,2026-03-17 23:49:00,7.509015,10.734122,4.3,5.09
T04,GL-4396,2026-03-17 23:50:00,7.509543,10.734069,10.8,5.14
T04,GL-4396,2026-03-17 23:51:00,7.510096,10.734103,8.0,4.79
T04,GL-4396,2026-03-17 23:52:00,7.510726,10.734183,11.9,3.16
T04,GL-4396,2026-03-17 23:53:00,7.511426,10.73433,11.2,5.17
T04,GL-4396,2026-03-17 23:54:00,7.512014,10.734293,8.6,4.76
T04,GL-4396,2026-03-17 23:55:00,7.51258,10.73442,10.4,5.33
T04,GL-4396,2026-03-17 23:56:00,7.513128,10.734391,8.0,4.53
T04,GL-4396,2026-03-17 23:57:00,7.513702,10.734449,11.4,5.43
T04,GL-4396,2026-03-17 23:58:00,7.514329,10.734553,4.6,4.16
T04,GL-4396,2026-03-17 23:59:00,7.514861,10.734724,4.2,4.74
T04,GL-4396,2026-03-18 00:00:00,7.515546,10.734682,5.2,4.08
T04,GL-4396,2026-03-18 00:01:00,7.51615,10.734771,5.2,4.92
T04,GL-4396,2026-03-18 00:02:00,7.516794,10.734745,5.5,4.8
T04,GL-4396,2026-03-18 00:03:00,7.51727,10.734918,7.4,3.36
T04,GL-4396,2026-03-18 00:04:00,7.517843,10.734918,5.8,2.98
T04,GL-4396,2026-03-18 00:05:00,7.518452,10.734855,10.7,4.05
T04,GL-4396,2026-03-18 00:06:00,7.519092,10.734956,7.2,5.51
T04,GL-4396,2026-03-18 00:07:00,7.519617,10.73505,4.2,2.89
T04,GL-4396,2026-03-18 00:08:00,7.520181,10.735023,9.9,5.48
T04,GL-4396,2026-03-18 00:09:00,7.520748,10.735176,11.8,4.57
T04,GL-4396,2026-03-18 00:10:00,7.521439,10.735136,10.4,4.11
T04,GL-4396,2026-03-18 00:11:00,7.522035,10.73522,4.3,3.01
T04,GL-4396,2026-03-18 00:12:00,7.522442,10.735343,8.2,4.23
T04,GL-4396,2026-03-18 00:13:00,7.523174,10.735371,5.7,5.04
T04,GL-4396,2026-03-18 00:14:00,7.523839,10.735373,11.0,3.15
T04,GL-4396,2026-03-18 00:15:00,7.524263,10.735339,7.7,3.18
T04,GL-4396,2026-03-18 00:16:00,7.525114,10.735627,7.7,3.53
T04,GL-4396,2026-03-18 00:17:00,7.525579,10.735653,4.0,3.61
T04,GL-4396,2026-03-18 00:18:00,7.526086,10.735707,6.3,5.37
T04,GL-4396,2026-03-18 00:19:00,7.52677,10.735726,6.9,3.79
T04,GL-4396,2026-03-18 00:20:00,7.527237,10.735728,10.4,3.31
T04,GL-4396,2026-03-18 00:21:00,7.527998,10.735671,11.7,4.05
T04,GL-4396,2026-03-18 00:22:00,7.52847,10.735869,9.0,4.31
T04,GL-4396,2026-03-18 00:23:00,7.529115,10.735769,7.6,4.52
T04,GL-4396,2026-03-18 00:24:00,7.52969,10.735959,8.6,3.87
T04,GL-4396,2026-03-18 00:25:00,7.530196,10.735885,7.1,3.65
T04,GL-4396,2026-03-18 00:26:00,7.530864,10.736167,11.7,3.48
T04,GL-4396,2026-03-18 00:27:00,7.531445,10.736035,5.8,5.59
T04,GL-4396,2026-03-18 00:28:00,7.532023,10.736171,4.7,4.44
T04,GL-4396,2026-03-18 00:29:00,7.532597,10.736196,4.7,5.23
T04,GL-4396,2026-03-18 00:30:00,7.533208,10.736314,4.3,4.02
T04,GL-4396,2026-03-18 00:31:00,7.533822,10.73626,7.1,4.18
T04,GL-4396,2026-03-18 00:32:00,7.53441,10.736469,11.5,3.11
T04,GL-4396,2026-03-18 00:33:00,7.535009,10.73641,7.7,3.06
T04,GL-4396,2026-03-18 00:34:00,7.535617,10.736425,12.0,4.98
T04,GL-4396,2026-03-18 00:35:00,7.536176,10.736526,11.2,3.83
T04,GL-4396,2026-03-18 00:36:00,7.536813,10.736623,8.7,4.13
T04,GL-4396,2026-03-18 00:37:00,7.537408,10.736624,8.9,4.92
T04,GL-4396,2026-03-18 00:38:00,7.537968,10.736686,11.1,4.95
T04,GL-4396,2026-03-18 00:39:00,7.5386,10.736747,5.8,3.78
T04,GL-4396,2026-03-18 00:40:00,7.539173,10.736782,9.0,3.75
T04,GL-4396,2026-03-18 00:41:00,7.539774,10.736795,10.2,4.46
T04,GL-4396,2026-03-18 00:42:00,7.540415,10.737019,9.8,3.52
T04,GL-4396,2026-03-18 00:43:00,7.540956,10.736958,4.7,4.82
T04,GL-4396,2026-03-18 00:44:00,7.541457,10.737109,5.5,5.35
T04,GL-4396,2026-03-18 00:45:00,7.542203,10.737147,9.6,5.17
T04,GL-4396,2026-03-18 00:46:00,7.542718,10.73716,4.2,5.46
T04,GL-4396,2026-03-18 00:47:00,7.54323,10.737207,,3.85
T04,GL-4396,2026-03-18 00:48:00,7.543924,10.737281,6.7,2.95
T04,GL-4396,2026-03-18 00:49:00,7.544482,10.737392,6.3,3.87
T04,GL-4396,2026-03-18 00:50:00,7.545058,10.737449,9.3,3.68
T04,GL-4396,2026-03-18 00:51:00,7.545565,10.73749,9.8,4.14
T04,GL-4396,2026-03-18 00:52:00,7.54621,10.737572,10.8,4.11
T04,GL-4396,2026-03-18 00:53:00,7.546801,10.737439,10.8,5.53
T04,GL-4396,2026-03-18 00:54:00,7.547411,10.737587,5.7,2.99
T04,GL-4396,2026-03-18 00:55:00,7.54795,10.737663,10.2,5.43
T04,GL-4396,2026-03-18 00:56:00,7.548567,10.737745,11.8,5.57
T04,GL-4396,2026-03-18 00:57:00,7.549179,10.737704,10.1,3.64
T04,GL-4396,2026-03-18 00:58:00,7.549753,10.737895,7.2,4.75
T04,GL-4396,2026-03-18 00:59:00,7.55039,10.73789,4.4,4.35
T04,GL-4396,2026-03-18 01:00:00,7.550888,10.738046,5.2,2.88
T04,GL-4396,2026-03-18 01:01:00,7.551501,10.738084,10.6,3.0
T04,GL-4396,2026-03-18 01:02:00,7.552119,10.73802,8.6,4.15
T04,GL-4396,2026-03-18 01:03:00,7.55264,10.738145,4.2,5.06
T04,GL-4396,2026-03-18 01:04:00,7.553382,10.738172,9.5,4.25
T04,GL-4396,2026-03-18 01:05:00,7.553813,10.738176,4.8,5.49
T04,GL-4396,2026-03-18 01:06:00,7.554462,10.73818,4.8,3.69
T04,GL-4396,2026-03-18 01:07:00,7.555047,10.738323,6.2,5.38
T04,GL-4396,2026-03-18 01:08:00,7.555719,10.738461,10.0,4.71
T04,GL-4396,2026-03-18 01:09:00,7.556256,10.738442,8.3,5.17
T04,GL-4396,2026-03-18 01:10:00,7.556919,10.738494,10.4,4.01
T04,GL-4396,2026-03-18 01:11:00,7.557429,10.738422,7.0,4.81
T04,GL-4396,2026-03-18 01:12:00,7.558117,10.738522,6.1,5.49
T04,GL-4396,2026-03-18 01:13:00,7.558547,10.738615,4.7,4.8
T04,GL-4396,2026-03-18 01:14:00,7.559217,10.738622,8.5,5.07
T04,GL-4396,2026-03-18 01:15:00,7.559919,10.738745,7.7,5.18
T04,GL-4396,2026-03-18 01:16:00,7.560406,10.738856,,5.07
T04,GL-4396,2026-03-18 01:17:00,7.560897,10.738852,6.9,3.05
T04,GL-4396,2026-03-18 01:18:00,7.56157,10.738835,5.1,3.56
T04,GL-4396,2026-03-18 01:19:00,7.562147,10.739123,,5.55
T04,GL-4396,2026-03-18 01:20:00,7.562696,10.738989,9.3,4.97
T04,GL-4396,2026-03-18 01:21:00,7.563357,10.739099,6.1,4.18
T04,GL-4396,2026-03-18 01:22:00,7.563966,10.73908,10.2,5.04
T04,GL-4396,2026-03-18 01:23:00,7.564652,10.739169,7.4,3.71
T04,GL-4396,2026-03-18 01:24:00,7.565194,10.739278,,4.88
T04,GL-4396,2026-03-18 01:25:00,7.565716,10.739354,4.0,4.05
T04,GL-4396,2026-03-18 01:26:00,7.566246,10.739441,4.9,3.46
T04,GL-4396,2026-03-18 01:27:00,7.566897,10.739497,5.2,2.84
T04,GL-4396,2026-03-18 01:28:00,7.567517,10.739551,10.8,2.95
T04,GL-4396,2026-03-18 01:29:00,7.568263,10.739472,8.6,4.7
T04,GL-4396,2026-03-18 01:30:00,7.568594,10.739656,11.4,3.68
T04,GL-4396,2026-03-18 01:31:00,7.569227,10.739656,9.6,3.94
T04,GL-4396,2026-03-18 01:32:00,7.569836,10.73968,6.5,3.42
T04,GL-4396,2026-03-18 01:33:00,7.570323,10.739707,11.9,4.01
T04,GL-4396,2026-03-18 01:34:00,7.571092,10.739775,6.4,3.63
T04,GL-4396,2026-03-18 01:35:00,7.571693,10.739747,6.2,3.55
T04,GL-4396,2026-03-18 01:36:00,7.572149,10.739955,7.8,3.79
T04,GL-4396,2026-03-18 01:37:00,7.572785,10.739925,6.2,4.21
T04,GL-4396,2026-03-18 01:38:00,7.573265,10.740064,9.9,4.07
T04,GL-4396,2026-03-18 01:39:00,7.573947,10.74008,5.2,5.09
T04,GL-4396,2026-03-18 01:40:00,7.574592,10.740202,8.5,4.78
T04,GL-4396,2026-03-18 01:41:00,7.575047,10.740221,5.5,3.5
T04,GL-4396,2026-03-18 01:42:00,7.575811,10.740256,8.8,5.02
T04,GL-4396,2026-03-18 01:43:00,7.576355,10.740204,8.9,3.79
T04,GL-4396,2026-03-18 01:44:00,7.576916,10.740279,4.6,3.93
T04,GL-4396,2026-03-18 01:45:00,7.57752,10.740356,10.9,4.8
T04,GL-4396,2026-03-18 01:46:00,7.578053,10.740436,10.1,5.12
T04,GL-4396,2026-03-18 01:47:00,7.5787,10.740583,6.3,3.78
T04,GL-4396,2026-03-18 01:48:00,7.579336,10.740517,11.0,3.39
T04,GL-4396,2026-03-18 01:49:00,7.579795,10.740754,6.4,3.92
T04,GL-4396,2026-03-18 01:50:00,7.580478,10.740665,4.2,3.45
T04,GL-4396,2026-03-18 01:51:00,7.580966,10.740674,10.5,5.47
T04,GL-4396,2026-03-18 01:52:00,7.581681,10.740722,9.0,4.81
T04,GL-4396,2026-03-18 01:53:00,7.582319,10.740909,5.0,4.15
T04,GL-4396,2026-03-18 01:54:00,7.582761,10.740826,9.5,4.36
T04,GL-4396,2026-03-18 01:55:00,7.583417,10.740929,4.8,3.72
T04,GL-4396,2026-03-18 01:56:00,7.583974,10.741041,5.0,3.45
T04,GL-4396,2026-03-18 01:57:00,7.584567,10.741107,10.5,3.17
T04,GL-4396,2026-03-18 01:58:00,7.585165,10.741114,,5.05
T04,GL-4396,2026-03-18 01:59:00,7.585828,10.741062,7.6,5.15
T04,GL-4396,2026-03-18 02:00:00,7.586508,10.741181,,4.32
T04,GL-4396,2026-03-18 02:01:00,7.586944,10.741281,8.5,3.49
T04,GL-4396,2026-03-18 02:02:00,7.587558,10.741329,11.0,5.04
T04,GL-4396,2026-03-18 02:03:00,7.588143,10.741294,8.2,3.63
T04,GL-4396,2026-03-18 02:04:00,7.588737,10.741386,8.7,3.41
T04,GL-4396,2026-03-18 02:05:00,7.589391,10.741491,7.5,5.13
T04,GL-4396,2026-03-18 02:06:00,7.590039,10.741507,5.8,4.14
T04,GL-4396,2026-03-18 02:07:00,7.590506,10.741591,6.2,3.98
T04,GL-4396,2026-03-18 02:08:00,7.591156,10.741708,9.0,5.58
T04,GL-4396,2026-03-18 02:09:00,7.591718,10.741648,8.1,4.61
T04,GL-4396,2026-03-18 02:10:00,7.592343,10.741835,10.7,3.94
T04,GL-4396,2026-03-18 02:11:00,7.592828,10.741803,5.0,4.25
T04,GL-4396,2026-03-18 02:12:00,7.593388,10.741965,10.3,4.11
T04,GL-4396,2026-03-18 02:13:00,7.594015,10.741992,6.0,3.69
T04,GL-4396,2026-03-18 02:14:00,7.594592,10.74198,4.6,4.78
T04,GL-4396,2026-03-18 02:15:00,7.595288,10.742067,10.6,3.95
T04,GL-4396,2026-03-18 02:16:00,7.595858,10.742025,6.0,3.72
T04,GL-4396,2026-03-18 02:17:00,7.596328,10.742096,8.0,3.16
T04,GL-4396,2026-03-18 02:18:00,7.596924,10.742284,9.1,5.34
T04,GL-4396,2026-03-18 02:19:00,7.597469,10.742203,4.2,4.32
T04,GL-4396,2026-03-18 02:20:00,7.598283,10.742355,10.8,4.44
T04,GL-4396,2026-03-18 02:21:00,7.598774,10.74238,5.4,3.98
T04,GL-4396,2026-03-18 02:22:00,7.599413,10.742385,7.8,4.08
T04,GL-4396,2026-03-18 02:23:00,7.599997,10.742472,6.3,4.42
T04,GL-4396,2026-03-18 02:24:00,7.6006,10.742492,,3.05
T04,GL-4396,2026-03-18 02:25:00,7.601118,10.74259,4.3,4.16
T04,GL-4396,2026-03-18 02:26:00,7.601755,10.742686,10.1,2.88
T04,GL-4396,2026-03-18 02:27:00,7.602307,10.742613,5.2,4.5
T04,GL-4396,2026-03-18 02:28:00,7.602887,10.742767,9.5,3.99
T04,GL-4396,2026-03-18 02:29:00,7.603421,10.742925,9.2,5.53
T04,GL-4396,2026-03-18 02:30:00,7.604091,10.742915,9.3,4.46
T04,GL-4396,2026-03-18 02:31:00,7.604596,10.74291,9.3,5.15
T04,GL-4396,2026-03-18 02:32:00,7.605232,10.742935,11.3,4.85
T04,GL-4396,2026-03-18 02:33:00,7.605785,10.74311,9.0,3.61
T04,GL-4396,2026-03-18 02:34:00,7.606449,10.743051,4.8,4.91
T04,GL-4396,2026-03-18 02:35:00,7.607129,10.743097,8.3,3.63
T04,GL-4396,2026-03-18 02:36:00,7.607507,10.743174,6.2,3.66
T04,GL-4396,2026-03-18 02:37:00,7.608229,10.743089,8.7,5.41
T04,GL-4396,2026-03-18 02:38:00,7.608868,10.743321,6.2,2.97
T04,GL-4396,2026-03-18 02:39:00,7.60936,10.743316,10.9,5.45
T04,GL-4396,2026-03-18 02:40:00,7.609994,10.743363,8.9,4.03
T04,GL-4396,2026-03-18 02:41:00,7.61056,10.743381,11.7,3.21
T04,GL-4396,2026-03-18 02:42:00,7.611164,10.743427,6.7,4.08
T04,GL-4396,2026-03-18 02:43:00,7.611758,10.743631,,4.73
T04,GL-4396,2026-03-18 02:44:00,7.612313,10.743657,5.9,4.4
T04,GL-4396,2026-03-18 02:45:00,7.612947,10.743708,10.2,5.53
T04,GL-4396,2026-03-18 02:46:00,7.613545,10.743774,6.1,4.66
T04,GL-4396,2026-03-18 02:47:00,7.614182,10.743876,,3.67
T04,GL-4396,2026-03-18 02:48:00,7.614718,10.743767,,3.56
T04,GL-4396,2026-03-18 02:49:00,7.615135,10.743871,5.9,5.23
T04,GL-4396,2026-03-18 02:50:00,7.615896,10.743972,7.6,3.99
T04,GL-4396,2026-03-18 02:51:00,7.616472,10.74404,4.8,4.59
T04,GL-4396,2026-03-18 02:52:00,7.617098,10.744079,11.2,4.51
T04,GL-4396,2026-03-18 02:53:00,7.617706,10.7441,9.6,4.97
T04,GL-4396,2026-03-18 02:54:00,7.618236,10.74426,8.3,4.75
T04,GL-4396,2026-03-18 02:55:00,7.618874,10.744169,7.2,3.35
T04,GL-4396,2026-03-18 02:56:00,7.619423,10.744328,6.3,5.1
T04,GL-4396,2026-03-18 02:57:00,7.620011,10.744352,6.6,3.77
T04,GL-4396,2026-03-18 02:58:00,7.620635,10.744451,11.8,3.56
T04,GL-4396,2026-03-18 02:59:00,7.62135,10.744512,4.6,5.37
T04,GL-4396,2026-03-18 03:00:00,7.621856,10.744534,11.5,3.53
T04,GL-4396,2026-03-18 03:01:00,7.622435,10.744437,9.3,5.47
T04,GL-4396,2026-03-18 03:02:00,7.622977,10.74465,4.7,5.55
T04,GL-4396,2026-03-18 03:03:00,7.623652,10.744549,4.7,2.91
T04,GL-4396,2026-03-18 03:04:00,7.624126,10.744772,10.9,3.17
T04,GL-4396,2026-03-18 03:05:00,7.624654,10.744745,8.8,5.38
T04,GL-4396,2026-03-18 03:06:00,7.625279,10.744788,5.8,2.88
T04,GL-4396,2026-03-18 03:07:00,7.626086,10.744849,4.2,5.52
T04,GL-4396,2026-03-18 03:08:00,7.626522,10.744981,8.7,5.15
T04,GL-4396,2026-03-18 03:09:00,7.627037,10.744992,6.4,4.42
T04,GL-4396,2026-03-18 03:10:00,7.627703,10.745043,7.1,5.13
T04,GL-4396,2026-03-18 03:11:00,7.628355,10.74516,8.2,4.25
T04,GL-4396,2026-03-18 03:12:00,7.628873,10.745127,5.4,4.24
T04,GL-4396,2026-03-18 03:13:00,7.629495,10.745199,9.5,4.76
T04,GL-4396,2026-03-18 03:14:00,7.630101,10.745227,10.9,3.01
T04,GL-4396,2026-03-18 03:15:00,7.630679,10.745307,6.0,4.42
T04,GL-4396,2026-03-18 03:16:00,7.631249,10.745383,,4.33
T04,GL-4396,2026-03-18 03:17:00,7.631855,10.745398,9.8,3.36
T04,GL-4396,2026-03-18 03:18:00,7.632414,10.745476,8.6,4.34
T04,GL-4396,2026-03-18 03:19:00,7.632912,10.745549,9.7,3.43
T04,GL-4396,2026-03-18 03:20:00,7.633686,10.745603,9.3,5.11
T04,GL-4396,2026-03-18 03:21:00,7.634312,10.745695,10.4,2.92
T04,GL-4396,2026-03-18 03:22:00,7.634894,10.745585,7.9,3.99
T04,GL-4396,2026-03-18 03:23:00,7.635416,10.745652,7.7,3.4
T04,GL-4396,2026-03-18 03:24:00,7.636146,10.745879,7.9,4.51
T04,GL-4396,2026-03-18 03:25:00,7.636629,10.745853,4.7,5.21
T04,GL-4396,2026-03-18 03:26:00,7.637153,10.745823,7.7,3.44
T04,GL-4396,2026-03-18 03:27:00,7.637748,10.745994,9.0,3.98
T04,GL-4396,2026-03-18 03:28:00,7.638321,10.746037,4.1,4.17
T04,GL-4396,2026-03-18 03:29:00,7.638961,10.746064,4.7,3.99
T04,GL-4396,2026-03-18 03:30:00,7.639568,10.74626,6.1,4.13
T04,GL-4396,2026-03-18 03:31:00,7.640179,10.746156,9.1,3.88
T04,GL-4396,2026-03-18 03:32:00,7.640822,10.746206,11.3,5.56
T04,GL-4396,2026-03-18 03:33:00,7.64124,10.746388,10.0,3.15
T04,GL-4396,2026-03-18 03:34:00,7.641929,10.746285,11.2,3.87
T04,GL-4396,2026-03-18 03:35:00,7.64249,10.746502,8.3,5.13
T04,GL-4396,2026-03-18 03:36:00,7.643031,10.746554,5.8,3.6
T04,GL-4396,2026-03-18 03:37:00,7.643545,10.746473,4.2,2.92
T04,GL-4396,2026-03-18 03:38:00,7.644249,10.746472,7.0,3.1
T04,GL-4396,2026-03-18 03:39:00,7.64472,10.746555,7.8,3.03
T04,GL-4396,2026-03-18 03:40:00,7.645456,10.746612,7.0,2.81
T04,GL-4396,2026-03-18 03:41:00,7.645993,10.746787,11.8,2.85
T04,GL-4396,2026-03-18 03:42:00,7.646365,10.746832,7.1,5.59
T04,GL-4396,2026-03-18 03:43:00,7.647209,10.746776,8.6,4.93
T04,GL-4396,2026-03-18 03:44:00,7.647787,10.747019,11.6,5.14
T04,GL-4396,2026-03-18 03:45:00,7.648387,10.746912,5.2,5.26
T04,GL-4396,2026-03-18 03:46:00,7.649011,10.746949,8.2,4.34
T04,GL-4396,2026-03-18 03:47:00,7.649598,10.747101,10.4,4.18
T04,GL-4396,2026-03-18 03:48:00,7.650141,10.747064,6.7,4.25
T04,GL-4396,2026-03-18 03:49:00,7.650758,10.747159,7.5,4.28
T04,GL-4396,2026-03-18 03:50:00,7.651394,10.747215,4.4,3.39
T04,GL-4396,2026-03-18 03:51:00,7.651932,10.747359,6.6,4.58
T04,GL-4396,2026-03-18 03:52:00,7.652394,10.747395,9.4,4.35
T04,GL-4396,2026-03-18 03:53:00,7.653132,10.74735,5.0,3.91
T04,GL-4396,2026-03-18 03:54:00,7.653598,10.747393,7.5,2.94
T04,GL-4396,2026-03-18 03:55:00,7.654318,10.747496,11.0,4.85
T04,GL-4396,2026-03-18 03:56:00,7.654785,10.74757,11.3,4.02
T04,GL-4396,2026-03-18 03:57:00,7.655506,10.747593,8.8,2.86
T04,GL-4396,2026-03-18 03:58:00,7.656001,10.747685,7.8,3.04
T04,GL-4396,2026-03-18 03:59:00,7.656576,10.747813,10.4,5.01
T04,GL-4396,2026-03-18 04:00:00,7.657249,10.747851,8.4,3.82
T04,GL-4396,2026-03-18 04:01:00,7.657784,10.747934,11.9,4.45
T04,GL-4396,2026-03-18 04:02:00,7.658369,10.747953,9.4,5.12
T04,GL-4396,2026-03-18 04:03:00,7.659031,10.747998,10.4,5.21
T04,GL-4396,2026-03-18 04:04:00,7.659559,10.747977,7.8,4.59
T04,GL-4396,2026-03-18 04:05:00,7.66013,10.748091,11.2,5.16
T04,GL-4396,2026-03-18 04:06:00,7.66073,10.74818,5.0,5.35
T04,GL-4396,2026-03-18 04:07:00,7.661208,10.748144,9.4,2.95
T04,GL-4396,2026-03-18 04:08:00,7.662019,10.748218,4.7,4.78
T04,GL-4396,2026-03-18 04:09:00,7.662561,10.748333,10.5,5.01
T04,GL-4396,2026-03-18 04:10:00,7.663138,10.748377,11.0,4.93
T04,GL-4396,2026-03-18 04:11:00,7.663647,10.748369,7.8,2.84
T04,GL-4396,2026-03-18 04:12:00,7.664291,10.748456,6.7,3.45
T04,GL-4396,2026-03-18 04:13:00,7.664882,10.748612,5.3,2.83
T04,GL-4396,2026-03-18 04:14:00,7.665439,10.748603,11.7,3.85
T04,GL-4396,2026-03-18 04:15:00,7.666028,10.748631,6.7,3.87
T04,GL-4396,2026-03-18 04:16:00,7.666603,10.74865,8.4,4.66
T04,GL-4396,2026-03-18 04:17:00,7.667306,10.748638,6.0,3.33
T04,GL-4396,2026-03-18 04:18:00,7.667831,10.748784,8.5,4.49
T04,GL-4396,2026-03-18 04:19:00,7.668388,10.748917,6.8,4.99
T04,GL-4396,2026-03-18 04:20:00,7.668966,10.748871,7.8,3.79
T04,GL-4396,2026-03-18 04:21:00,7.669564,10.748953,11.0,3.25
T04,GL-4396,2026-03-18 04:22:00,7.670269,10.748889,5.2,4.38
T04,GL-4396,2026-03-18 04:23:00,7.670931,10.749006,7.2,5.08
T04,GL-4396,2026-03-18 04:24:00,7.671321,10.749157,8.7,4.4
T04,GL-4396,2026-03-18 04:25:00,7.671881,10.7491,4.3,3.73
T04,GL-4396,2026-03-18 04:26:00,7.672637,10.749278,9.5,5.38
T04,GL-4396,2026-03-18 04:27:00,7.673167,10.749275,6.9,5.58
T04,GL-4396,2026-03-18 04:28:00,7.673809,10.749266,4.7,5.41
T04,GL-4396,2026-03-18 04:29:00,7.674369,10.749282,7.1,5.32
T04,GL-4396,2026-03-18 04:30:00,7.675047,10.749512,8.5,4.02
T04,GL-4396,2026-03-18 04:31:00,7.675446,10.749512,8.0,5.19
T04,GL-4396,2026-03-18 04:32:00,7.676094,10.749478,5.3,4.63
T04,GL-4396,2026-03-18 04:33:00,7.676641,10.749658,11.3,3.08
T04,GL-4396,2026-03-18 04:34:00,7.6773,10.749626,7.7,4.17
T04,GL-4396,2026-03-18 04:35:00,7.677913,10.749674,10.9,4.36
T04,GL-4396,2026-03-18 04:36:00,7.678503,10.749714,10.7,4.53
T04,GL-4396,2026-03-18 04:37:00,7.679017,10.749761,10.7,4.64
T04,GL-4396,2026-03-18 04:38:00,7.679581,10.749865,7.4,5.47
T04,GL-4396,2026-03-18 04:39:00,7.680239,10.749982,11.0,3.82
T04,GL-4396,2026-03-18 04:40:00,7.680746,10.750079,9.1,5.11
T04,GL-4396,2026-03-18 04:41:00,7.681498,10.750088,6.9,2.97
T04,GL-4396,2026-03-18 04:42:00,7.682025,10.750123,9.0,4.93
T04,GL-4396,2026-03-18 04:43:00,7.682541,10.750101,6.8,5.04
T04,GL-4396,2026-03-18 04:44:00,7.683208,10.750123,7.1,4.13
T04,GL-4396,2026-03-18 04:45:00,7.683757,10.750272,7.7,3.36
T04,GL-4396,2026-03-18 04:46:00,7.684403,10.750315,4.7,2.92
T04,GL-4396,2026-03-18 04:47:00,7.685042,10.75033,10.6,4.31
T04,GL-4396,2026-03-18 04:48:00,7.685638,10.750437,6.3,3.13
T04,GL-4396,2026-03-18 04:49:00,7.686143,10.750472,6.8,3.98
T04,GL-4396,2026-03-18 04:50:00,7.686796,10.750663,8.3,4.95
T04,GL-4396,2026-03-18 04:51:00,7.687407,10.750428,11.6,4.28
T04,GL-4396,2026-03-18 04:52:00,7.687955,10.75072,9.7,3.04
T04,GL-4396,2026-03-18 04:53:00,7.688557,10.750619,6.1,4.59
T04,GL-4396,2026-03-18 04:54:00,7.689074,10.750751,5.3,3.03
T04,GL-4396,2026-03-18 04:55:00,7.689679,10.750796,6.2,3.88
T04,GL-4396,2026-03-18 04:56:00,7.69034,10.750859,6.5,4.12
T04,GL-4396,2026-03-18 04:57:00,7.690856,10.75092,11.8,5.31
T04,GL-4396,2026-03-18 04:58:00,7.691596,10.750964,7.1,4.49
T04,GL-4396,2026-03-18 04:59:00,7.692096,10.751048,9.9,5.37
T04,GL-4396,2026-03-18 05:00:00,7.692658,10.750949,6.9,5.16
T04,GL-4396,2026-03-18 05:01:00,7.693328,10.751106,6.6,5.08
T04,GL-4396,2026-03-18 05:02:00,7.693718,10.751151,4.1,3.15
T04,GL-4396,2026-03-18 05:03:00,7.694402,10.751144,7.6,4.89
T04,GL-4396,2026-03-18 05:04:00,7.695191,10.751291,5.7,5.08
T04,GL-4396,2026-03-18 05:05:00,7.695636,10.751303,9.8,4.93
T04,GL-4396,2026-03-18 05:06:00,7.696199,10.751305,6.0,3.35
T04,GL-4396,2026-03-18 05:07:00,7.696662,10.751332,10.0,2.99
T04,GL-4396,2026-03-18 05:08:00,7.697453,10.751594,4.9,3.58
T04,GL-4396,2026-03-18 05:09:00,7.69789,10.751661,5.1,4.34
T04,GL-4396,2026-03-18 05:10:00,7.698565,10.75154,10.3,5.45
T04,GL-4396,2026-03-18 05:11:00,7.699235,10.75156,9.7,4.79
T04,GL-4396,2026-03-18 05:12:00,7.699757,10.751676,6.0,4.51
T04,GL-4396,2026-03-18 05:13:00,7.700333,10.751602,8.3,4.68
T04,GL-4396,2026-03-18 05:14:00,7.700789,10.751778,10.9,3.4
T04,GL-4396,2026-03-18 05:15:00,7.701475,10.751897,4.3,5.44
T04,GL-4396,2026-03-18 05:16:00,7.702094,10.752061,6.9,5.22
T04,GL-4396,2026-03-18 05:17:00,7.702784,10.751889,11.3,5.37
T04,GL-4396,2026-03-18 05:18:00,7.703331,10.752049,5.3,3.2
T04,GL-4396,2026-03-18 05:19:00,7.703909,10.75216,7.8,4.34
T04,GL-4396,2026-03-18 05:20:00,7.704259,10.752192,8.9,3.99
T04,GL-4396,2026-03-18 05:21:00,7.705114,10.752074,,4.09
T04,GL-4396,2026-03-18 05:22:00,7.705669,10.752157,10.9,3.03
T04,GL-4396,2026-03-18 05:23:00,7.706311,10.752193,8.4,5.23
T04,GL-4396,2026-03-18 05:24:00,7.706874,10.752457,8.2,5.34
T04,GL-4396,2026-03-18 05:25:00,7.707446,10.752375,4.2,3.03
T04,GL-4396,2026-03-18 05:26:00,7.708015,10.752604,4.9,4.85
T04,GL-4396,2026-03-18 05:27:00,7.708636,10.752513,11.2,2.96
T04,GL-4396,2026-03-18 05:28:00,7.709151,10.752575,4.6,3.46
T04,GL-4396,2026-03-18 05:29:00,7.709659,10.752735,9.7,5.34
T04,GL-4396,2026-03-18 05:30:00,7.71044,10.752729,11.4,5.34
T04,GL-4396,2026-03-18 05:31:00,7.710933,10.752714,8.6,3.45
T04,GL-4396,2026-03-18 05:32:00,7.711518,10.752763,9.5,4.7
T04,GL-4396,2026-03-18 05:33:00,7.712154,10.75289,8.8,3.02
T04,GL-4396,2026-03-18 05:34:00,7.71265,10.752949,6.9,4.99
T04,GL-4396,2026-03-18 05:35:00,7.713321,10.752975,11.5,2.9
T04,GL-4396,2026-03-18 05:36:00,7.713925,10.752983,8.8,3.84
T04,GL-4396,2026-03-18 05:37:00,7.714609,10.753001,9.3,4.96
T04,GL-4396,2026-03-18 05:38:00,7.715106,10.753201,9.7,4.2
T04,GL-4396,2026-03-18 05:39:00,7.715726,10.753158,6.6,4.78
T04,GL-4396,2026-03-18 05:40:00,7.716212,10.753241,9.1,3.82
T04,GL-4396,2026-03-18 05:41:00,7.716901,10.753337,11.2,4.46
T04,GL-4396,2026-03-18 05:42:00,7.71752,10.753437,6.3,4.97
T04,GL-4396,2026-03-18 05:43:00,7.718132,10.753448,6.3,3.0
T04,GL-4396,2026-03-18 05:44:00,7.718626,10.753449,8.4,3.15
T04,GL-4396,2026-03-18 05:45:00,7.719317,10.75345,9.9,5.57
T04,GL-4396,2026-03-18 05:46:00,7.719822,10.753587,5.2,3.84
T04,GL-4396,2026-03-18 05:47:00,7.7204,10.753703,5.3,3.87
T04,GL-4396,2026-03-18 05:48:00,7.72094,10.753733,6.4,4.04
T04,GL-4396,2026-03-18 05:49:00,7.721593,10.753812,5.7,4.59
T04,GL-4396,2026-03-18 05:50:00,7.722238,10.753789,5.9,4.64
T04,GL-4396,2026-03-18 05:51:00,7.722826,10.753786,8.3,2.89
T04,GL-4396,2026-03-18 05:52:00,7.723368,10.753968,10.3,2.81
T04,GL-4396,2026-03-18 05:53:00,7.723961,10.753917,9.1,4.13
T04,GL-4396,2026-03-18 05:54:00,7.724547,10.754013,11.6,5.51
T04,GL-4396,2026-03-18 05:55:00,7.725142,10.754144,5.5,5.06
T04,GL-4396,2026-03-18 05:56:00,7.725737,10.754083,5.4,4.83
T04,GL-4396,2026-03-18 05:57:00,7.726358,10.754056,,4.57
T04,GL-4396,2026-03-18 05:58:00,7.726898,10.754192,9.2,5.55
T04,GL-4396,2026-03-18 05:59:00,7.727561,10.754339,4.9,5.19
T04,GL-4396,2026-03-18 06:00:00,7.728018,10.754328,11.2,4.61
T04,GL-4396,2026-03-18 06:01:00,7.728756,10.754414,4.1,3.94
T04,GL-4396,2026-03-18 06:02:00,7.729354,10.754341,7.9,4.81
T04,GL-4396,2026-03-18 06:03:00,7.729929,10.754559,6.0,3.9
T04,GL-4396,2026-03-18 06:04:00,7.730432,10.754571,4.9,4.72
T04,GL-4396,2026-03-18 06:05:00,7.731124,10.754573,11.6,5.15
T04,GL-4396,2026-03-18 06:06:00,7.731599,10.754627,6.1,5.14
T04,GL-4396,2026-03-18 06:07:00,7.732222,10.754649,5.4,4.07
T04,GL-4396,2026-03-18 06:08:00,7.73272,10.754579,5.4,4.45
T04,GL-4396,2026-03-18 06:09:00,7.733434,10.754824,8.0,5.08
T04,GL-4396,2026-03-18 06:10:00,7.734005,10.754869,7.6,4.65
T04,GL-4396,2026-03-18 06:11:00,7.734506,10.754909,11.2,2.81
T04,GL-4396,2026-03-18 06:12:00,7.735121,10.755064,7.9,2.97
T04,GL-4396,2026-03-18 06:13:00,7.73586,10.755001,9.9,3.74
T04,GL-4396,2026-03-18 06:14:00,7.736326,10.75514,6.9,3.98
T04,GL-4396,2026-03-18 06:15:00,7.73695,10.755093,11.8,5.01
T04,GL-4396,2026-03-18 06:16:00,7.737436,10.755045,5.4,3.41
T04,GL-4396,2026-03-18 06:17:00,7.738231,10.755198,11.0,3.05
T04,GL-4396,2026-03-18 06:18:00,7.738783,10.755265,8.4,3.39
T04,GL-4396,2026-03-18 06:19:00,7.739353,10.755337,4.6,3.26
T04,GL-4396,2026-03-18 06:20:00,7.739823,10.755341,9.4,5.39
T04,GL-4396,2026-03-18 06:21:00,7.74054,10.755473,8.8,3.77
T04,GL-4396,2026-03-18 06:22:00,7.741049,10.755465,9.6,4.07
T04,GL-4396,2026-03-18 06:23:00,7.741744,10.755572,8.4,5.19
T04,GL-4396,2026-03-18 06:24:00,7.742225,10.75562,11.1,3.29
T04,GL-4396,2026-03-18 06:25:00,7.742859,10.755737,8.4,3.53
T04,GL-4396,2026-03-18 06:26:00,7.743391,10.755678,10.5,4.05
T04,GL-4396,2026-03-18 06:27:00,7.74404,10.755874,7.3,4.28
T04,GL-4396,2026-03-18 06:28:00,7.744589,10.755819,6.9,3.05
T04,GL-4396,2026-03-18 06:29:00,7.730702,10.755929,11.8,247.92
T04,GL-4396,2026-03-18 06:30:00,7.745737,10.756009,6.5,3.22
T04,GL-4396,2026-03-18 06:31:00,7.746411,10.756007,11.1,3.67
T04,GL-4396,2026-03-18 06:32:00,7.747047,10.756108,6.1,3.78
T04,GL-4396,2026-03-18 06:33:00,7.747597,10.756216,5.6,4.96
T04,GL-4396,2026-03-18 06:34:00,7.748209,10.756174,5.7,4.56
T04,GL-4396,2026-03-18 06:35:00,7.748772,10.756227,10.1,5.4
T04,GL-4396,2026-03-18 06:36:00,7.749405,10.756328,7.4,3.3
T04,GL-4396,2026-03-18 06:37:00,7.749956,10.75648,8.2,3.02
T04,GL-4396,2026-03-18 06:38:00,7.750577,10.756382,6.7,5.35
T04,GL-4396,2026-03-18 06:39:00,7.75117,10.756539,7.1,3.27
T04,GL-4396,2026-03-18 06:40:00,7.751688,10.756637,4.1,3.98
T04,GL-4396,2026-03-18 06:41:00,7.75233,10.756611,5.6,4.87
T04,GL-4396,2026-03-18 06:42:00,7.752752,10.75664,9.5,3.01
T04,GL-4396,2026-03-18 06:43:00,7.75342,10.756763,10.2,3.01
T04,GL-4396,2026-03-18 06:44:00,7.754094,10.756752,5.5,4.97
T04,GL-4396,2026-03-18 06:45:00,7.754785,10.756803,9.5,3.23
T04,GL-4396,2026-03-18 06:46:00,7.755319,10.756834,11.8,4.13
T04,GL-4396,2026-03-18 06:47:00,7.755778,10.757033,9.1,5.3
T04,GL-4396,2026-03-18 06:48:00,7.756403,10.75697,4.7,3.68
T04,GL-4396,2026-03-18 06:49:00,7.757069,10.757019,6.5,3.55
T04,GL-4396,2026-03-18 06:50:00,7.757566,10.757061,9.4,2.89
T04,GL-4396,2026-03-18 06:51:00,7.7582,10.757159,9.1,4.76
T04,GL-4396,2026-03-18 06:52:00,7.758778,10.757246,4.5,4.46
T04,GL-4396,2026-03-18 06:53:00,7.759512,10.757268,11.0,3.83
T04,GL-4396,2026-03-18 06:54:00,7.759946,10.757353,5.4,4.27
T04,GL-4396,2026-03-18 06:55:00,7.760618,10.757335,8.1,4.38
T04,GL-4396,2026-03-18 06:56:00,7.761163,10.757306,11.6,3.84
T04,GL-4396,2026-03-18 06:57:00,7.761667,10.757495,5.8,4.79
T04,GL-4396,2026-03-18 06:58:00,7.762295,10.757535,5.7,4.1
T04,GL-4396,2026-03-18 06:59:00,7.762886,10.757531,9.4,3.35
T04,GL-4396,2026-03-18 07:00:00,7.763589,10.757541,7.6,5.51
T04,GL-4396,2026-03-18 07:01:00,7.764137,10.757641,9.0,5.34
T04,GL-4396,2026-03-18 07:02:00,7.764663,10.75776,4.4,3.83
T04,GL-4396,2026-03-18 07:03:00,7.76525,10.757805,4.7,5.3
T04,GL-4396,2026-03-18 07:04:00,7.765873,10.757882,4.1,3.86
T04,GL-4396,2026-03-18 07:05:00,7.766423,10.757891,8.6,3.35
T04,GL-4396,2026-03-18 07:06:00,7.767021,10.757939,11.0,5.6
T04,GL-4396,2026-03-18 07:07:00,7.767671,10.758112,8.5,3.56
T04,GL-4396,2026-03-18 07:08:00,7.768082,10.758077,7.4,3.53
T04,GL-4396,2026-03-18 07:09:00,7.768688,10.758031,8.9,4.62
T04,GL-4396,2026-03-18 07:10:00,7.769378,10.758264,10.2,4.46
T04,GL-4396,2026-03-18 07:11:00,7.77001,10.758143,6.1,5.32
T04,GL-4396,2026-03-18 07:12:00,7.770778,10.75833,10.9,3.99
T04,GL-4396,2026-03-18 07:13:00,7.771264,10.758318,8.6,3.13
T04,GL-4396,2026-03-18 07:14:00,7.771743,10.758447,9.9,3.95
T04,GL-4396,2026-03-18 07:15:00,7.772318,10.758455,6.1,3.61
T04,GL-4396,2026-03-18 07:16:00,7.773,10.758514,11.0,5.4
T04,GL-4396,2026-03-18 07:17:00,7.773597,10.758579,9.6,5.15
T04,GL-4396,2026-03-18 07:18:00,7.774175,10.758658,5.1,4.73
T04,GL-4396,2026-03-18 07:19:00,7.774682,10.758776,9.1,3.13
T04,GL-4396,2026-03-18 07:20:00,7.775262,10.758715,4.0,4.51
T04,GL-4396,2026-03-18 07:21:00,7.775907,10.758663,8.3,4.67
T04,GL-4396,2026-03-18 07:22:00,7.776523,10.758886,9.0,4.25
T04,GL-4396,2026-03-18 07:23:00,7.777053,10.758981,4.3,5.3
T04,GL-4396,2026-03-18 07:24:00,7.777629,10.758968,8.2,3.86
T04,GL-4396,2026-03-18 07:25:00,7.778305,10.758977,10.4,4.21
T04,GL-4396,2026-03-18 07:26:00,7.778834,10.759032,6.4,3.87
T04,GL-4396,2026-03-18 07:27:00,7.77946,10.759005,4.6,4.2
T04,GL-4396,2026-03-18 07:28:00,7.779995,10.759219,9.3,3.78
T04,GL-4396,2026-03-18 07:29:00,7.780619,10.759162,11.4,4.69
T04,GL-4396,2026-03-18 07:30:00,7.781144,10.759178,4.9,3.79
T04,GL-4396,2026-03-18 07:31:00,7.781798,10.759347,11.5,3.65
T04,GL-4396,2026-03-18 07:32:00,7.782296,10.759328,7.7,3.89
T04,GL-4396,2026-03-18 07:33:00,7.783006,10.759402,11.2,5.01
T04,GL-4396,2026-03-18 07:34:00,7.783579,10.759513,5.6,4.4
T04,GL-4396,2026-03-18 07:35:00,7.784185,10.759545,7.0,5.15
T04,GL-4396,2026-03-18 07:36:00,7.784706,10.75954,9.2,3.39
T04,GL-4396,2026-03-18 07:37:00,7.785281,10.759635,11.2,4.7
T04,GL-4396,2026-03-18 07:38:00,7.786069,10.759814,9.1,4.13
T04,GL-4396,2026-03-18 07:39:00,7.786614,10.759757,11.2,4.0
T04,GL-4396,2026-03-18 07:40:00,7.7872,10.759823,10.5,4.25
T04,GL-4396,2026-03-18 07:41:00,7.787781,10.759856,5.7,5.07
T04,GL-4396,2026-03-18 07:42:00,7.788297,10.759921,9.6,4.5
T04,GL-4396,2026-03-18 07:43:00,7.78889,10.760032,9.5,2.95
T04,GL-4396,2026-03-18 07:44:00,7.789517,10.759922,7.8,4.24
T04,GL-4396,2026-03-18 07:45:00,7.790103,10.760131,,4.75
T04,GL-4396,2026-03-18 07:46:00,7.790702,10.760056,8.5,5.02
T04,GL-4396,2026-03-18 07:47:00,7.791341,10.760163,4.9,4.66
T04,GL-4396,2026-03-18 07:48:00,7.791843,10.760294,8.1,5.11
T04,GL-4396,2026-03-18 07:49:00,7.792472,10.760339,4.7,4.92
T04,GL-4396,2026-03-18 07:50:00,7.79298,10.760299,10.5,4.34
T04,GL-4396,2026-03-18 07:51:00,7.793636,10.760419,8.6,3.73
T04,GL-4396,2026-03-18 07:52:00,7.794143,10.76047,4.6,5.06
T04,GL-4396,2026-03-18 07:53:00,7.794782,10.760567,7.1,4.2
T04,GL-4396,2026-03-18 07:54:00,7.795404,10.76058,9.8,5.43
T04,GL-4396,2026-03-18 07:55:00,7.795948,10.760607,4.6,4.13
T04,GL-4396,2026-03-18 07:56:00,7.796601,10.760725,5.8,4.29
T04,GL-4396,2026-03-18 07:57:00,7.797188,10.760815,11.2,5.5
T04,GL-4396,2026-03-18 07:58:00,7.797861,10.760842,9.2,4.17
T04,GL-4396,2026-03-18 07:59:00,7.798465,10.760896,7.5,4.88
T04,GL-4396,2026-03-18 08:00:00,7.79896,10.761,6.1,5.52
T04,GL-4396,2026-03-18 08:01:00,7.799517,10.760941,10.4,3.12
T04,GL-4396,2026-03-18 08:02:00,7.800156,10.760975,5.2,3.48
T04,GL-4396,2026-03-18 08:03:00,7.800751,10.761136,11.5,5.59
T04,GL-4396,2026-03-18 08:04:00,7.801424,10.761247,5.9,5.55
T04,GL-4396,2026-03-18 08:05:00,7.801924,10.761244,11.2,4.77
T04,GL-4396,2026-03-18 08:06:00,7.802458,10.761225,5.4,5.1
T04,GL-4396,2026-03-18 08:07:00,7.802998,10.761213,8.3,3.13
T04,GL-4396,2026-03-18 08:08:00,7.803686,10.761345,10.7,4.9
T04,GL-4396,2026-03-18 08:09:00,7.804324,10.761317,4.6,2.81
T04,GL-4396,2026-03-18 08:10:00,7.804782,10.76148,11.0,3.43
T04,GL-4396,2026-03-18 08:11:00,7.805428,10.761478,9.5,2.87
T04,GL-4396,2026-03-18 08:12:00,7.805981,10.761558,5.7,3.08
T04,GL-4396,2026-03-18 08:13:00,7.806599,10.761679,5.8,5.25
T04,GL-4396,2026-03-18 08:14:00,7.807276,10.761756,6.0,5.3
T04,GL-4396,2026-03-18 08:15:00,7.807811,10.761788,10.9,3.6
T04,GL-4396,2026-03-18 08:16:00,7.808493,10.761701,10.1,3.95
T04,GL-4396,2026-03-18 08:17:00,7.808881,10.761919,9.2,4.76
T04,GL-4396,2026-03-18 08:18:00,7.809507,10.761884,6.1,4.93
T04,GL-4396,2026-03-18 08:19:00,7.810215,10.762022,8.5,5.38
T04,GL-4396,2026-03-18 08:20:00,7.810741,10.761995,5.4,3.4
T04,GL-4396,2026-03-18 08:21:00,7.811413,10.762028,5.0,2.87
T04,GL-4396,2026-03-18 08:22:00,7.811997,10.762089,7.0,5.45
T04,GL-4396,2026-03-18 08:23:00,7.812482,10.762078,4.0,5.16
T04,GL-4396,2026-03-18 08:24:00,7.813166,10.762217,7.1,3.03
T04,GL-4396,2026-03-18 08:25:00,7.813712,10.762336,5.1,2.98
T04,GL-4396,2026-03-18 08:26:00,7.814412,10.762265,10.7,3.61
T04,GL-4396,2026-03-18 08:27:00,7.814919,10.76234,10.6,3.9
T04,GL-4396,2026-03-18 08:28:00,7.815501,10.762429,10.1,4.2
T04,GL-4396,2026-03-18 08:29:00,7.816058,10.762438,6.1,5.28
T04,GL-4396,2026-03-18 08:30:00,7.816613,10.762581,6.6,3.89
T04,GL-4396,2026-03-18 08:31:00,7.8172,10.76257,6.5,4.36
T04,GL-4396,2026-03-18 08:32:00,7.817819,10.762529,5.1,5.23
T04,GL-4396,2026-03-18 08:33:00,7.818369,10.762709,4.7,4.66
T04,GL-4396,2026-03-18 08:34:00,7.818911,10.762793,9.7,3.27
T04,GL-4396,2026-03-18 08:35:00,7.819718,10.762855,7.1,5.03
T04,GL-4396,2026-03-18 08:36:00,7.820129,10.762802,9.0,3.45
T04,GL-4396,2026-03-18 08:37:00,7.820728,10.76287,10.6,4.15
T04,GL-4396,2026-03-18 08:38:00,7.821492,10.763068,4.7,3.03
T04,GL-4396,2026-03-18 08:39:00,7.821859,10.763115,5.8,3.8
T04,GL-4396,2026-03-18 08:40:00,7.822468,10.763098,6.3,4.17
T04,GL-4396,2026-03-18 08:41:00,7.82322,10.763125,7.9,4.25
T04,GL-4396,2026-03-18 08:42:00,7.823675,10.763266,11.3,3.6
T04,GL-4396,2026-03-18 08:43:00,7.824177,10.763272,10.4,4.2
T04,GL-4396,2026-03-18 08:44:00,7.824841,10.76335,5.5,3.99
T04,GL-4396,2026-03-18 08:45:00,7.825584,10.763463,8.0,2.98
T04,GL-4396,2026-03-18 08:46:00,7.82612,10.763437,8.7,4.61
T04,GL-4396,2026-03-18 08:47:00,7.826666,10.763423,6.6,3.07
T04,GL-4396,2026-03-18 08:48:00,7.827159,10.763577,7.5,5.58
T04,GL-4396,2026-03-18 08:49:00,7.827978,10.763546,8.4,5.44
T04,GL-4396,2026-03-18 08:50:00,7.828509,10.763647,7.2,5.27
T04,GL-4396,2026-03-18 08:51:00,7.829035,10.76371,8.6,4.66
T04,GL-4396,2026-03-18 08:52:00,7.829613,10.763816,11.8,5.34
T04,GL-4396,2026-03-18 08:53:00,7.83026,10.763792,11.3,5.51
T04,GL-4396,2026-03-18 08:54:00,7.830823,10.763921,7.5,5.51
T04,GL-4396,2026-03-18 08:55:00,7.831414,10.763841,11.5,3.9
T04,GL-4396,2026-03-18 08:56:00,7.83202,10.763988,5.4,5.39
T04,GL-4396,2026-03-18 08:57:00,7.832601,10.764076,4.7,4.51
T04,GL-4396,2026-03-18 08:58:00,7.833142,10.764103,11.1,4.31
T04,GL-4396,2026-03-18 08:59:00,7.833773,10.764119,6.3,4.05
T04,GL-4396,2026-03-18 09:00:00,7.83436,10.76417,5.8,4.76
T04,GL-4396,2026-03-18 09:01:00,7.834972,10.764249,,4.87
T04,GL-4396,2026-03-18 09:02:00,7.835586,10.764394,6.1,4.67
T04,GL-4396,2026-03-18 09:03:00,7.836221,10.764457,5.4,4.95
T04,GL-4396,2026-03-18 09:04:00,7.836778,10.764369,4.8,3.13
T04,GL-4396,2026-03-18 09:05:00,7.837355,10.764472,5.0,4.47
T04,GL-4396,2026-03-18 09:06:00,7.837938,10.764529,8.2,3.6
T04,GL-4396,2026-03-18 09:07:00,7.838514,10.76463,8.8,3.05
T04,GL-4396,2026-03-18 09:08:00,7.839205,10.764561,9.6,5.57
T04,GL-4396,2026-03-18 09:09:00,7.839652,10.764728,11.4,5.22
T04,GL-4396,2026-03-18 09:10:00,7.840224,10.764803,6.4,4.41
T04,GL-4396,2026-03-18 09:11:00,7.840889,10.76477,9.3,5.42
T04,GL-4396,2026-03-18 09:12:00,7.841501,10.764761,9.7,3.6
T04,GL-4396,2026-03-18 09:13:00,7.84199,10.764868,10.0,5.22
T04,GL-4396,2026-03-18 09:14:00,7.842668,10.764923,5.6,4.8
T04,GL-4396,2026-03-18 09:15:00,7.843246,10.764912,5.5,5.52
T04,GL-4396,2026-03-18 09:16:00,7.843783,10.765102,9.4,5.51
T04,GL-4396,2026-03-18 09:17:00,7.844381,10.76507,5.1,5.28
T04,GL-4396,2026-03-18 09:18:00,7.844986,10.765189,6.2,3.08
T04,GL-4396,2026-03-18 09:19:00,7.845536,10.765242,7.6,4.86
T04,GL-4396,2026-03-18 09:20:00,7.84614,10.765187,11.0,2.99
T04,GL-4396,2026-03-18 09:21:00,7.84674,10.765239,5.1,4.34
T04,GL-4396,2026-03-18 09:22:00,7.847357,10.765437,4.9,3.98
T04,GL-4396,2026-03-18 09:23:00,7.847938,10.765469,9.9,3.31
T04,GL-4396,2026-03-18 09:24:00,7.848543,10.7656,6.0,3.75
T04,GL-4396,2026-03-18 09:25:00,7.849107,10.765603,8.3,2.9
T04,GL-4396,2026-03-18 09:26:00,7.849749,10.76549,8.5,4.04
T04,GL-4396,2026-03-18 09:27:00,7.850362,10.765687,6.3,3.67
T04,GL-4396,2026-03-18 09:28:00,7.850902,10.765681,8.7,4.77
T04,GL-4396,2026-03-18 09:29:00,7.851504,10.765853,6.8,3.48
T04,GL-4396,2026-03-18 09:30:00,7.852064,10.76573,8.9,3.85
T04,GL-4396,2026-03-18 09:31:00,7.85258,10.765886,6.1,3.63
T04,GL-4396,2026-03-18 09:32:00,7.853252,10.76588,7.9,3.71
T04,GL-4396,2026-03-18 09:33:00,7.853882,10.76601,9.9,2.92
T04,GL-4396,2026-03-18 09:34:00,7.854422,10.766059,8.7,4.48
T04,GL-4396,2026-03-18 09:35:00,7.855034,10.766122,9.9,4.11
T04,GL-4396,2026-03-18 09:36:00,7.855648,10.76608,4.3,5.37
T04,GL-4396,2026-03-18 09:37:00,7.856162,10.766227,4.4,5.07
T04,GL-4396,2026-03-18 09:38:00,7.856773,10.766249,9.5,4.9
T04,GL-4396,2026-03-18 09:39:00,7.857428,10.766426,4.5,3.34
T04,GL-4396,2026-03-18 09:40:00,7.858047,10.766355,4.7,4.32
T04,GL-4396,2026-03-18 09:41:00,7.858528,10.766453,10.8,3.34
T04,GL-4396,2026-03-18 09:42:00,7.859228,10.766509,5.4,3.44
T04,GL-4396,2026-03-18 09:43:00,7.859854,10.766466,5.3,4.95
T04,GL-4396,2026-03-18 09:44:00,7.860418,10.76655,8.6,3.8
T04,GL-4396,2026-03-18 09:45:00,7.861022,10.766738,7.9,5.44
T04,GL-4396,2026-03-18 09:46:00,7.861538,10.766772,5.8,3.94
T04,GL-4396,2026-03-18 09:47:00,7.862139,10.766714,11.1,4.96
T04,GL-4396,2026-03-18 09:48:00,7.862765,10.766756,6.1,5.04
T04,GL-4396,2026-03-18 09:49:00,7.863198,10.766888,4.1,3.53
T04,GL-4396,2026-03-18 09:50:00,7.863928,10.766965,8.1,4.09
T04,GL-4396,2026-03-18 09:51:00,7.864479,10.766971,10.3,4.83
T04,GL-4396,2026-03-18 09:52:00,7.865099,10.767052,7.6,5.21
T04,GL-4396,2026-03-18 09:53:00,7.86558,10.767139,6.3,5.59
T04,GL-4396,2026-03-18 09:54:00,7.866272,10.767145,10.5,5.31
T04,GL-4396,2026-03-18 09:55:00,7.866884,10.76719,5.7,3.64
T04,GL-4396,2026-03-18 09:56:00,7.867508,10.767287,4.0,5.52
T04,GL-4396,2026-03-18 09:57:00,7.868108,10.767368,9.0,4.92
T04,GL-4396,2026-03-18 09:58:00,7.868618,10.767343,4.8,4.11
T04,GL-4396,2026-03-18 09:59:00,7.869213,10.767589,4.7,4.85
T04,GL-4396,2026-03-18 10:00:00,7.86988,10.76745,9.9,4.69
T04,GL-4396,2026-03-18 10:01:00,7.870367,10.767596,4.9,5.18
T04,GL-4396,2026-03-18 10:02:00,7.870938,10.76759,9.3,3.33
T04,GL-4396,2026-03-18 10:03:00,7.871634,10.767634,11.8,4.35
T04,GL-4396,2026-03-18 10:04:00,7.872189,10.767808,10.6,3.38
T04,GL-4396,2026-03-18 10:05:00,7.872716,10.767705,11.7,3.11
T04,GL-4396,2026-03-18 10:06:00,7.873273,10.767733,7.6,5.4
T04,GL-4396,2026-03-18 10:07:00,7.873869,10.767806,9.0,4.09
T04,GL-4396,2026-03-18 10:08:00,7.874557,10.767815,10.6,5.49
T04,GL-4396,2026-03-18 10:09:00,7.875161,10.767957,5.2,5.17
T04,GL-4396,2026-03-18 10:10:00,7.875664,10.767934,4.7,4.03
T04,GL-4396,2026-03-18 10:11:00,7.876312,10.768039,11.5,4.58
T04,GL-4396,2026-03-18 10:12:00,7.876835,10.768239,5.0,4.19
T04,GL-4396,2026-03-18 10:13:00,7.87753,10.768337,4.3,4.19
T04,GL-4396,2026-03-18 10:14:00,7.878021,10.768289,8.3,3.03
T04,GL-4396,2026-03-18 10:15:00,7.878664,10.768301,10.4,5.21
T04,GL-4396,2026-03-18 10:16:00,7.879281,10.768371,4.4,4.01
T04,GL-4396,2026-03-18 10:17:00,7.879739,10.768406,10.3,3.98
T04,GL-4396,2026-03-18 10:18:00,7.880462,10.768409,8.0,5.03
T04,GL-4396,2026-03-18 10:19:00,7.881077,10.768446,5.7,3.12
T04,GL-4396,2026-03-18 10:20:00,7.881681,10.768642,9.4,4.8
T04,GL-4396,2026-03-18 10:21:00,7.882262,10.768673,9.0,5.34
T04,GL-4396,2026-03-18 10:22:00,7.882792,10.768835,4.9,3.98
T04,GL-4396,2026-03-18 10:23:00,7.883371,10.768747,7.2,5.49
T04,GL-4396,2026-03-18 10:24:00,7.883949,10.768701,6.5,5.37
T04,GL-4396,2026-03-18 10:25:00,7.884536,10.768821,8.5,4.51
T04,GL-4396,2026-03-18 10:26:00,7.88509,10.768871,10.1,4.77
T04,GL-4396,2026-03-18 10:27:00,7.885739,10.768973,6.1,3.08
T04,GL-4396,2026-03-18 10:28:00,7.886495,10.769035,10.9,3.61
T04,GL-4396,2026-03-18 10:29:00,7.88696,10.769124,9.2,4.04
T04,GL-4396,2026-03-18 10:30:00,7.887414,10.7691,5.2,5.04
T04,GL-4396,2026-03-18 10:31:00,7.888155,10.769215,8.6,5.12
T04,GL-4396,2026-03-18 10:32:00,7.88875,10.76919,9.2,2.93
T04,GL-4396,2026-03-18 10:33:00,7.889325,10.76926,11.5,5.2
T04,GL-4396,2026-03-18 10:34:00,7.88992,10.769349,11.8,4.9
T04,GL-4396,2026-03-18 10:35:00,7.890594,10.769398,4.7,4.1
T04,GL-4396,2026-03-18 10:36:00,7.891013,10.769368,6.3,4.96
T04,GL-4396,2026-03-18 10:37:00,7.89165,10.76943,8.4,3.72
T04,GL-4396,2026-03-18 10:38:00,7.892129,10.769604,9.3,4.81
T04,GL-4396,2026-03-18 10:39:00,7.892735,10.769716,5.1,3.85
T04,GL-4396,2026-03-18 10:40:00,7.893327,10.769535,7.1,4.04
T04,GL-4396,2026-03-18 10:41:00,7.894058,10.769658,10.5,4.59
T04,GL-4396,2026-03-18 10:42:00,7.894511,10.769729,7.5,4.99
T04,GL-4396,2026-03-18 10:43:00,7.895203,10.769926,7.6,3.35
T04,GL-4396,2026-03-18 10:44:00,7.895812,10.769998,4.0,4.08
T04,GL-4396,2026-03-18 10:45:00,7.896348,10.770003,9.0,4.47
T04,GL-4396,2026-03-18 10:46:00,7.896797,10.76999,8.5,4.76
T04,GL-4396,2026-03-18 10:47:00,7.897534,10.770059,8.3,4.48
T04,GL-4396,2026-03-18 10:48:00,7.898194,10.77005,5.0,5.53
T04,GL-4396,2026-03-18 10:49:00,7.898708,10.77031,5.5,2.85
T04,GL-4396,2026-03-18 10:50:00,7.899378,10.770269,9.6,3.42
T04,GL-4396,2026-03-18 10:51:00,7.899901,10.770279,8.8,3.67
T04,GL-4396,2026-03-18 10:52:00,7.900571,10.770282,11.8,3.67
T04,GL-4396,2026-03-18 10:53:00,7.901103,10.770454,5.4,3.32
T04,GL-4396,2026-03-18 10:54:00,7.90167,10.770505,11.9,5.18
T04,GL-4396,2026-03-18 10:55:00,7.902146,10.770532,9.0,4.61
T04,GL-4396,2026-03-18 10:56:00,7.902723,10.770594,11.8,4.81
T04,GL-4396,2026-03-18 10:57:00,7.903489,10.770584,5.1,5.52
T04,GL-4396,2026-03-18 10:58:00,7.903939,10.770654,8.4,3.31
T04,GL-4396,2026-03-18 10:59:00,7.904679,10.770658,11.4,3.11
T04,GL-4396,2026-03-18 11:00:00,7.905277,10.77074,6.6,3.84
T04,GL-4396,2026-03-18 11:01:00,7.905882,10.770778,4.2,3.11
T04,GL-4396,2026-03-18 11:02:00,7.906482,10.770837,5.6,4.76
T04,GL-4396,2026-03-18 11:03:00,7.90692,10.77092,4.7,5.15
T04,GL-4396,2026-03-18 11:04:00,7.907642,10.770943,10.5,4.03
T04,GL-4396,2026-03-18 11:05:00,7.908213,10.771196,10.6,4.5
T04,GL-4396,2026-03-18 11:06:00,7.908811,10.771059,5.2,4.52
T04,GL-4396,2026-03-18 11:07:00,7.909358,10.771134,5.7,5.19
T04,GL-4396,2026-03-18 11:08:00,7.909898,10.771276,6.2,5.6
T04,GL-4396,2026-03-18 11:09:00,7.910517,10.771202,9.1,4.89
T04,GL-4396,2026-03-18 11:10:00,7.911139,10.771367,10.5,4.85
T04,GL-4396,2026-03-18 11:11:00,7.911622,10.771361,6.3,2.84
T04,GL-4396,2026-03-18 11:12:00,7.912291,10.771371,5.1,5.25
T04,GL-4396,2026-03-18 11:13:00,7.912886,10.771395,9.2,3.7
T04,GL-4396,2026-03-18 11:14:00,7.913541,10.771473,,4.06
T04,GL-4396,2026-03-18 11:15:00,7.91403,10.771539,8.4,3.26
T04,GL-4396,2026-03-18 11:16:00,7.914753,10.771709,4.9,3.39
T04,GL-4396,2026-03-18 11:17:00,7.915344,10.771712,7.9,2.97
T04,GL-4396,2026-03-18 11:18:00,7.91587,10.771776,6.1,4.9
T04,GL-4396,2026-03-18 11:19:00,7.916394,10.771831,4.3,3.43
T04,GL-4396,2026-03-18 11:20:00,7.916971,10.771795,5.6,5.14
T04,GL-4396,2026-03-18 11:21:00,7.917636,10.771968,5.3,4.78
T04,GL-4396,2026-03-18 11:22:00,7.918286,10.771899,10.9,3.81
T04,GL-4396,2026-03-18 11:23:00,7.918937,10.77208,8.0,4.16
T04,GL-4396,2026-03-18 11:24:00,7.919438,10.772122,,5.05
T04,GL-4396,2026-03-18 11:25:00,7.920062,10.771994,4.4,4.94
T04,GL-4396,2026-03-18 11:26:00,7.920613,10.772256,11.3,5.09
T04,GL-4396,2026-03-18 11:27:00,7.921098,10.772225,4.8,3.67
T04,GL-4396,2026-03-18 11:28:00,7.921804,10.772328,8.3,4.7
T04,GL-4396,2026-03-18 11:29:00,7.92238,10.772415,4.1,4.26
T04,GL-4396,2026-03-18 11:30:00,7.922864,10.772295,5.6,4.74
T04,GL-4396,2026-03-18 11:31:00,7.923555,10.772538,11.8,4.96
T04,GL-4396,2026-03-18 11:32:00,7.924185,10.772467,4.2,3.88
T04,GL-4396,2026-03-18 11:33:00,7.924712,10.772516,7.2,2.94
T04,GL-4396,2026-03-18 11:34:00,7.925333,10.772674,11.6,2.98
T04,GL-4396,2026-03-18 11:35:00,7.925944,10.772753,11.6,2.86
T04,GL-4396,2026-03-18 11:36:00,7.926485,10.772781,4.3,3.27
T04,GL-4396,2026-03-18 11:37:00,7.927204,10.772811,7.8,4.17
T04,GL-4396,2026-03-18 11:38:00,7.92775,10.772861,7.3,4.57
T04,GL-4396,2026-03-18 11:39:00,7.928207,10.772932,10.6,3.57
T04,GL-4396,2026-03-18 11:40:00,7.92885,10.772885,12.0,4.91
T04,GL-4396,2026-03-18 11:41:00,7.929523,10.77293,5.6,3.67
T04,GL-4396,2026-03-18 11:42:00,7.929945,10.772895,10.0,3.86
T04,GL-4396,2026-03-18 11:43:00,7.930692,10.77309,9.7,3.77
T04,GL-4396,2026-03-18 11:44:00,7.931193,10.773098,6.6,4.02
T04,GL-4396,2026-03-18 11:45:00,7.931868,10.773215,7.5,4.42
T04,GL-4396,2026-03-18 11:46:00,7.932314,10.773456,4.4,5.0
T04,GL-4396,2026-03-18 11:47:00,7.932986,10.773256,7.9,3.89
T04,GL-4396,2026-03-18 11:48:00,7.933473,10.773479,10.9,5.01
T04,GL-4396,2026-03-18 11:49:00,7.934155,10.773379,5.7,5.04
T04,GL-4396,2026-03-18 11:50:00,7.93473,10.77342,5.9,3.48
T04,GL-4396,2026-03-18 11:51:00,7.935317,10.773451,11.8,5.21
T04,GL-4396,2026-03-18 11:52:00,7.935929,10.773577,5.3,5.46
T04,GL-4396,2026-03-18 11:53:00,7.936456,10.77371,6.4,3.73
T04,GL-4396,2026-03-18 11:54:00,7.937224,10.773737,11.2,2.98
T04,GL-4396,2026-03-18 11:55:00,7.937675,10.77375,9.6,3.84
T04,GL-4396,2026-03-18 11:56:00,7.938383,10.773862,5.8,4.94
T04,GL-4396,2026-03-18 11:57:00,7.938854,10.773946,11.8,4.56
T04,GL-4396,2026-03-18 11:58:00,7.939483,10.773983,5.4,2.98
T04,GL-4396,2026-03-18 11:59:00,7.94008,10.773985,11.0,4.9
T04,GL-4396,2026-03-18 12:00:00,7.940659,10.774045,7.2,4.94
T04,GL-4396,2026-03-18 12:01:00,7.941369,10.774088,11.0,4.28
T04,GL-4396,2026-03-18 12:02:00,7.941889,10.774221,12.0,2.81
T04,GL-4396,2026-03-18 12:03:00,7.942532,10.7742,10.0,5.49
T04,GL-4396,2026-03-18 12:04:00,7.94315,10.774155,10.2,5.15
T04,GL-4396,2026-03-18 12:05:00,7.943555,10.774236,9.9,3.65
T04,GL-4396,2026-03-18 12:06:00,8.480288,10.774266,11.8,360.24
T04,GL-4396,2026-03-18 12:07:00,7.944747,10.774501,7.3,5.44
T04,GL-4396,2026-03-18 12:08:00,7.945369,10.774425,4.4,4.0
T04,GL-4396,2026-03-18 12:09:00,7.946066,10.77444,10.5,4.75
T04,GL-4396,2026-03-18 12:10:00,7.94651,10.774551,7.5,5.24
T04,GL-4396,2026-03-18 12:11:00,7.947169,10.774644,10.8,4.07
T04,GL-4396,2026-03-18 12:12:00,7.947656,10.774603,7.7,3.54
T04,GL-4396,2026-03-18 12:13:00,7.948421,10.77467,8.8,3.55
T04,GL-4396,2026-03-18 12:14:00,7.948892,10.774786,11.4,4.08
T04,GL-4396,2026-03-18 12:15:00,7.949465,10.774938,4.0,3.93
T04,GL-4396,2026-03-18 12:16:00,7.950121,10.774933,7.5,3.44
T04,GL-4396,2026-03-18 12:17:00,7.950716,10.774854,9.8,4.32
T04,GL-4396,2026-03-18 12:18:00,7.951326,10.775,9.9,3.07
T04,GL-4396,2026-03-18 12:19:00,7.95185,10.775049,9.5,5.15
T04,GL-4396,2026-03-18 12:20:00,7.952458,10.775125,6.3,5.49
T04,GL-4396,2026-03-18 12:21:00,7.953046,10.775217,7.2,3.48
T04,GL-4396,2026-03-18 12:22:00,7.95363,10.775273,,4.53
T04,GL-4396,2026-03-18 12:23:00,7.954054,10.775312,6.1,3.06
T04,GL-4396,2026-03-18 12:24:00,7.954866,10.775424,9.8,4.67
T04,GL-4396,2026-03-18 12:25:00,7.955343,10.775442,8.9,4.14
T04,GL-4396,2026-03-18 12:26:00,7.956069,10.775476,6.6,3.47
T04,GL-4396,2026-03-18 12:27:00,7.95666,10.775432,5.0,4.77
T04,GL-4396,2026-03-18 12:28:00,7.957119,10.775628,11.3,4.68
T04,GL-4396,2026-03-18 12:29:00,7.957768,10.775625,7.6,4.42
T04,GL-4396,2026-03-18 12:30:00,7.958368,10.775737,5.9,5.53
T04,GL-4396,2026-03-18 12:31:00,7.958935,10.77577,11.9,3.81
T04,GL-4396,2026-03-18 12:32:00,7.959562,10.775833,9.4,4.95
T04,GL-4396,2026-03-18 12:33:00,7.960116,10.775839,11.9,4.67
T04,GL-4396,2026-03-18 12:34:00,7.960849,10.775988,10.1,3.57
T04,GL-4396,2026-03-18 12:35:00,7.961329,10.77598,7.6,5.41
T04,GL-4396,2026-03-18 12:36:00,7.961917,10.775944,7.6,4.96
T04,GL-4396,2026-03-18 12:37:00,7.962426,10.776021,4.1,2.83
T04,GL-4396,2026-03-18 12:38:00,7.963033,10.776172,6.5,5.43
T04,GL-4396,2026-03-18 12:39:00,7.963629,10.776144,10.5,4.6
T04,GL-4396,2026-03-18 12:40:00,7.964273,10.776195,9.7,5.31
T04,GL-4396,2026-03-18 12:41:00,7.965007,10.776207,10.5,4.82
T04,GL-4396,2026-03-18 12:42:00,7.965495,10.776468,8.1,4.2
T04,GL-4396,2026-03-18 12:43:00,7.966147,10.77638,10.3,4.43
T04,GL-4396,2026-03-18 12:44:00,7.966596,10.776468,5.2,4.57
T04,GL-4396,2026-03-18 12:45:00,7.967182,10.776537,4.6,3.38
T04,GL-4396,2026-03-18 12:46:00,7.967745,10.776479,4.1,4.41
T04,GL-4396,2026-03-18 12:47:00,7.968393,10.776575,10.6,4.23
T04,GL-4396,2026-03-18 12:48:00,7.968913,10.776705,9.1,4.69
T04,GL-4396,2026-03-18 12:49:00,7.969649,10.776751,4.1,2.91
T04,GL-4396,2026-03-18 12:50:00,7.970242,10.776833,,4.04
T04,GL-4396,2026-03-18 12:51:00,7.970874,10.776798,7.5,5.32
T04,GL-4396,2026-03-18 12:52:00,7.971398,10.776842,8.6,2.99
T04,GL-4396,2026-03-18 12:53:00,7.971798,10.776865,8.7,3.66
T04,GL-4396,2026-03-18 12:54:00,7.972632,10.776965,11.5,2.88
T04,GL-4396,2026-03-18 12:55:00,7.973132,10.777065,9.9,3.51
T04,GL-4396,2026-03-18 12:56:00,7.973611,10.777171,8.7,2.9
T04,GL-4396,2026-03-18 12:57:00,7.974276,10.777117,6.8,5.08
T04,GL-4396,2026-03-18 12:58:00,7.974954,10.77724,4.9,5.1
T04,GL-4396,2026-03-18 12:59:00,7.975517,10.777294,5.4,4.12
T04,GL-4396,2026-03-18 13:00:00,7.976061,10.777303,7.2,4.17
T04,GL-4396,2026-03-18 13:01:00,7.976653,10.777337,10.6,4.31
T04,GL-4396,2026-03-18 13:02:00,7.977334,10.777466,8.8,4.17
T04,GL-4396,2026-03-18 13:03:00,7.977802,10.777415,7.6,3.66
T04,GL-4396,2026-03-18 13:04:00,7.97838,10.777548,6.3,4.54
T04,GL-4396,2026-03-18 13:05:00,7.979097,10.777595,10.4,4.41
T04,GL-4396,2026-03-18 13:06:00,7.979726,10.777618,6.2,5.52
T04,GL-4396,2026-03-18 13:07:00,7.980108,10.777696,9.8,3.12
T04,GL-4396,2026-03-18 13:08:00,7.980784,10.777682,9.5,5.39
T04,GL-4396,2026-03-18 13:09:00,7.981333,10.777856,9.4,5.22
T04,GL-4396,2026-03-18 13:10:00,7.98191,10.777722,6.4,3.86
T04,GL-4396,2026-03-18 13:11:00,7.982437,10.777848,10.8,3.0
T04,GL-4396,2026-03-18 13:12:00,7.983149,10.777931,10.9,3.05
T04,GL-4396,2026-03-18 13:13:00,7.983769,10.778013,9.3,4.53
T04,GL-4396,2026-03-18 13:14:00,7.984337,10.778075,4.2,5.29
T04,GL-4396,2026-03-18 13:15:00,7.985014,10.778063,11.1,4.97
T04,GL-4396,2026-03-18 13:16:00,7.985527,10.778095,7.5,5.55
T04,GL-4396,2026-03-18 13:17:00,7.986217,10.778285,10.3,3.48
T04,GL-4396,2026-03-18 13:18:00,7.986765,10.778244,8.0,4.93
T04,GL-4396,2026-03-18 13:19:00,7.987193,10.778308,5.3,4.73
T04,GL-4396,2026-03-18 13:20:00,7.98788,10.778439,11.1,3.65
T04,GL-4396,2026-03-18 13:21:00,7.988472,10.778454,7.4,3.75
T04,GL-4396,2026-03-18 13:22:00,7.989031,10.778521,7.6,3.63
T04,GL-4396,2026-03-18 13:23:00,7.989691,10.778541,5.4,3.92
T04,GL-4396,2026-03-18 13:24:00,7.990207,10.77876,4.7,3.13
T04,GL-4396,2026-03-18 13:25:00,7.990819,10.77878,8.6,3.21
T04,GL-4396,2026-03-18 13:26:00,7.991381,10.778796,5.7,3.88
T04,GL-4396,2026-03-18 13:27:00,7.992016,10.778786,7.2,5.34
T04,GL-4396,2026-03-18 13:28:00,7.99267,10.778849,5.4,3.68
T04,GL-4396,2026-03-18 13:29:00,7.993162,10.778967,5.3,4.83
T04,GL-4396,2026-03-18 13:30:00,7.993793,10.779023,5.8,3.57
T04,GL-4396,2026-03-18 13:31:00,7.994448,10.77904,11.7,4.39
T04,GL-4396,2026-03-18 13:32:00,7.994993,10.779092,8.1,5.04
T04,GL-4396,2026-03-18 13:33:00,7.995523,10.779086,7.7,3.16
T04,GL-4396,2026-03-18 13:34:00,7.996265,10.779115,5.1,4.53
T04,GL-4396,2026-03-18 13:35:00,7.996739,10.779308,10.3,3.36
T04,GL-4396,2026-03-18 13:36:00,7.997317,10.779309,,3.87
T04,GL-4396,2026-03-18 13:37:00,7.997959,10.779432,11.8,3.15
T04,GL-4396,2026-03-18 13:38:00,7.998441,10.779417,11.5,2.83
T04,GL-4396,2026-03-18 13:39:00,7.999088,10.779429,5.7,5.09
T04,GL-4396,2026-03-18 13:40:00,7.999794,10.779418,8.8,5.25
T04,GL-4396,2026-03-18 13:41:00,8.000276,10.779521,9.4,4.29
T04,GL-4396,2026-03-18 13:42:00,8.00091,10.779697,9.7,4.54
T04,GL-4396,2026-03-18 13:43:00,8.001418,10.779687,7.4,4.54
T04,GL-4396,2026-03-18 13:44:00,8.002027,10.779767,9.7,3.64
T04,GL-4396,2026-03-18 13:45:00,8.002565,10.779844,4.9,4.56
T04,GL-4396,2026-03-18 13:46:00,8.003307,10.779814,5.3,4.31
T04,GL-4396,2026-03-18 13:47:00,8.003793,10.779839,5.5,3.23
T04,GL-4396,2026-03-18 13:48:00,8.004374,10.779897,7.6,2.87
T04,GL-4396,2026-03-18 13:49:00,8.00516,10.779839,11.6,5.33
T04,GL-4396,2026-03-18 13:50:00,8.005584,10.780035,4.5,4.82
T04,GL-4396,2026-03-18 13:51:00,8.006186,10.780094,10.4,5.18
T04,GL-4396,2026-03-18 13:52:00,8.006875,10.780145,,4.83
T04,GL-4396,2026-03-18 13:53:00,8.007358,10.780147,11.0,5.08
T04,GL-4396,2026-03-18 13:54:00,8.007905,10.780298,7.2,5.35
T04,GL-4396,2026-03-18 13:55:00,8.008478,10.780303,4.1,3.64
T04,GL-4396,2026-03-18 13:56:00,8.009093,10.780365,10.3,4.44
T04,GL-4396,2026-03-18 13:57:00,8.009764,10.780374,5.3,4.86
T04,GL-4396,2026-03-18 13:58:00,8.010326,10.780468,6.6,3.01
T04,GL-4396,2026-03-18 13:59:00,8.010974,10.780442,7.9,3.16
T04,GL-4396,2026-03-18 14:00:00,8.011623,10.780567,8.6,5.16
T04,GL-4396,2026-03-18 14:01:00,8.012171,10.780623,5.1,4.58
T04,GL-4396,2026-03-18 14:02:00,8.012573,10.780554,7.8,3.02
T04,GL-4396,2026-03-18 14:03:00,8.013238,10.780817,9.7,4.63
T04,GL-4396,2026-03-18 14:04:00,8.013822,10.780807,10.4,3.81
T04,GL-4396,2026-03-18 14:05:00,8.014514,10.780852,4.8,5.05
T04,GL-4396,2026-03-18 14:06:00,8.014981,10.780999,8.3,5.46
T04,GL-4396,2026-03-18 14:07:00,8.015576,10.780904,5.6,4.86
T04,GL-4396,2026-03-18 14:08:00,8.016161,10.781076,4.8,4.75
T04,GL-4396,2026-03-18 14:09:00,8.016922,10.780943,8.5,3.63
T04,GL-4396,2026-03-18 14:10:00,8.017459,10.781183,6.8,3.68
T04,GL-4396,2026-03-18 14:11:00,8.017923,10.781119,4.5,4.4
T04,GL-4396,2026-03-18 14:12:00,8.01874,10.781254,8.2,3.73
T04,GL-4396,2026-03-18 14:13:00,8.019311,10.781277,6.3,4.44
T04,GL-4396,2026-03-18 14:14:00,8.019722,10.781318,4.3,3.44
T04,GL-4396,2026-03-18 14:15:00,8.020428,10.781494,6.6,3.83
T04,GL-4396,2026-03-18 14:16:00,8.020901,10.781437,7.7,3.89
T04,GL-4396,2026-03-18 14:17:00,8.021557,10.781507,9.6,3.17
T04,GL-4396,2026-03-18 14:18:00,8.022146,10.781633,8.4,4.93
T04,GL-4396,2026-03-18 14:19:00,8.022699,10.781698,9.6,3.08
T04,GL-4396,2026-03-18 14:20:00,8.023325,10.781653,8.8,4.0
T04,GL-4396,2026-03-18 14:21:00,8.023944,10.78176,10.0,3.84
T04,GL-4396,2026-03-18 14:22:00,8.024606,10.781719,10.5,3.38
T04,GL-4396,2026-03-18 14:23:00,8.025041,10.781943,9.0,4.11
T04,GL-4396,2026-03-18 14:24:00,8.025715,10.781935,5.7,4.46
T04,GL-4396,2026-03-18 14:25:00,8.026282,10.78201,11.8,3.26
T04,GL-4396,2026-03-18 14:26:00,8.026942,10.781955,9.6,3.93
T04,GL-4396,2026-03-18 14:27:00,8.027441,10.782202,11.3,4.73
T04,GL-4396,2026-03-18 14:28:00,8.028042,10.782188,10.6,3.56
T04,GL-4396,2026-03-18 14:29:00,8.02855,10.782214,9.3,4.14
T04,GL-4396,2026-03-18 14:30:00,8.029162,10.782209,11.1,4.07
T04,GL-4396,2026-03-18 14:31:00,8.029768,10.782343,6.4,3.88
T04,GL-4396,2026-03-18 14:32:00,8.030504,10.782323,6.6,2.98
T04,GL-4396,2026-03-18 14:33:00,8.030968,10.782392,9.8,4.43
T04,GL-4396,2026-03-18 14:34:00,8.03155,10.782544,6.2,4.93
T04,GL-4396,2026-03-18 14:35:00,8.032135,10.782578,8.4,5.17
T04,GL-4396,2026-03-18 14:36:00,8.032764,10.782582,8.6,4.83
T04,GL-4396,2026-03-18 14:37:00,8.033297,10.782674,7.1,5.07
T04,GL-4396,2026-03-18 14:38:00,8.034026,10.782661,5.8,3.48
T04,GL-4396,2026-03-18 14:39:00,8.034462,10.782711,8.8,4.4
T04,GL-4396,2026-03-18 14:40:00,8.035054,10.782745,8.6,4.0
T04,GL-4396,2026-03-18 14:41:00,8.03572,10.782891,5.3,4.56
T04,GL-4396,2026-03-18 14:42:00,8.036215,10.782939,6.5,3.16
T04,GL-4396,2026-03-18 14:43:00,8.036763,10.783037,4.4,4.5
T04,GL-4396,2026-03-18 14:44:00,8.037475,10.783012,6.1,3.35
T04,GL-4396,2026-03-18 14:45:00,8.038095,10.782955,7.1,2.92
T04,GL-4396,2026-03-18 14:46:00,8.03861,10.783047,10.1,4.51
T04,GL-4396,2026-03-18 14:47:00,8.039316,10.78324,4.8,5.42
T04,GL-4396,2026-03-18 14:48:00,8.039763,10.783273,8.4,3.79
T04,GL-4396,2026-03-18 14:49:00,8.04043,10.783305,9.4,5.3
T04,GL-4396,2026-03-18 14:50:00,8.041025,10.783282,9.4,2.91
T04,GL-4396,2026-03-18 14:51:00,8.041688,10.783399,8.7,4.83
T04,GL-4396,2026-03-18 14:52:00,8.04213,10.783438,7.2,3.43
T04,GL-4396,2026-03-18 14:53:00,8.042785,10.78349,10.2,4.53
T04,GL-4396,2026-03-18 14:54:00,8.04347,10.783555,11.5,4.96
T04,GL-4396,2026-03-18 14:55:00,8.043894,10.783582,7.5,4.83
T04,GL-4396,2026-03-18 14:56:00,8.044501,10.783711,10.2,3.88
T04,GL-4396,2026-03-18 14:57:00,8.045172,10.783782,11.8,4.81
T04,GL-4396,2026-03-18 14:58:00,8.045858,10.78367,9.0,4.9
T04,GL-4396,2026-03-18 14:59:00,8.046214,10.783868,,5.44
T04,GL-4396,2026-03-18 15:00:00,8.046944,10.783825,5.1,4.4
T04,GL-4396,2026-03-18 15:01:00,8.047592,10.783952,6.4,4.9
T04,GL-4396,2026-03-18 15:02:00,8.048192,10.783915,4.5,4.94
T04,GL-4396,2026-03-18 15:03:00,8.048813,10.784044,11.8,2.93
T04,GL-4396,2026-03-18 15:04:00,8.049379,10.78409,5.6,3.11
T04,GL-4396,2026-03-18 15:05:00,8.049915,10.784217,5.0,3.73
T04,GL-4396,2026-03-18 15:06:00,8.050413,10.784286,,5.07
T04,GL-4396,2026-03-18 15:07:00,8.051155,10.784323,5.7,4.84
T04,GL-4396,2026-03-18 15:08:00,8.051599,10.784189,10.6,3.8
T04,GL-4396,2026-03-18 15:09:00,8.052328,10.784384,7.4,5.2
T04,GL-4396,2026-03-18 15:10:00,8.052884,10.784464,5.9,2.82
T04,GL-4396,2026-03-18 15:11:00,8.053487,10.784434,11.2,5.56
T04,GL-4396,2026-03-18 15:12:00,8.053972,10.784523,4.6,4.14
T04,GL-4396,2026-03-18 15:13:00,8.054597,10.784616,10.9,5.33
T04,GL-4396,2026-03-18 15:14:00,8.055283,10.78468,4.3,5.02
T04,GL-4396,2026-03-18 15:15:00,8.055783,10.784712,10.3,3.86
T04,GL-4396,2026-03-18 15:16:00,8.056291,10.784776,8.3,4.69
T04,GL-4396,2026-03-18 15:17:00,8.057,10.784757,5.8,5.05
T04,GL-4396,2026-03-18 15:18:00,8.057613,10.784825,11.6,4.31
T04,GL-4396,2026-03-18 15:19:00,8.058118,10.784958,10.1,5.18
T04,GL-4396,2026-03-18 15:20:00,8.058812,10.78514,5.8,5.19
T04,GL-4396,2026-03-18 15:21:00,8.059259,10.785013,11.6,5.03
T04,GL-4396,2026-03-18 15:22:00,8.05985,10.785006,5.3,4.6
T04,GL-4396,2026-03-18 15:23:00,8.060518,10.785118,4.6,5.2
T04,GL-4396,2026-03-18 15:24:00,8.061206,10.785282,8.0,5.02
T04,GL-4396,2026-03-18 15:25:00,8.061641,10.785122,8.1,5.21
T04,GL-4396,2026-03-18 15:26:00,8.062359,10.785331,4.9,2.84
T04,GL-4396,2026-03-18 15:27:00,8.062875,10.785429,7.7,4.37
T04,GL-4396,2026-03-18 15:28:00,8.063549,10.785275,6.4,4.85
T04,GL-4396,2026-03-18 15:29:00,8.064105,10.785511,11.3,4.67
T04,GL-4396,2026-03-18 15:30:00,8.064744,10.785601,6.6,3.04
T04,GL-4396,2026-03-18 15:31:00,8.065197,10.785535,5.4,4.72
T04,GL-4396,2026-03-18 15:32:00,8.065926,10.785532,10.8,4.62
T04,GL-4396,2026-03-18 15:33:00,8.066436,10.78562,5.9,5.04
T04,GL-4396,2026-03-18 15:34:00,8.066932,10.785691,5.2,4.73
T04,GL-4396,2026-03-18 15:35:00,8.067557,10.785837,10.9,5.29
T04,GL-4396,2026-03-18 15:36:00,8.068211,10.785879,9.0,5.16
T04,GL-4396,2026-03-18 15:37:00,8.068781,10.785947,6.1,5.27
T04,GL-4396,2026-03-18 15:38:00,8.069385,10.78593,6.6,4.65
T04,GL-4396,2026-03-18 15:39:00,8.069952,10.786075,4.0,5.17
T04,GL-4396,2026-03-18 15:40:00,8.07048,10.786019,9.2,5.18
T04,GL-4396,2026-03-18 15:41:00,8.071202,10.786189,10.8,4.67
T04,GL-4396,2026-03-18 15:42:00,8.071736,10.786207,11.8,4.9
T04,GL-4396,2026-03-18 15:43:00,8.072313,10.786269,10.8,4.56
T04,GL-4396,2026-03-18 15:44:00,8.072911,10.786365,5.2,5.44
T04,GL-4396,2026-03-18 15:45:00,8.073482,10.786446,10.3,3.71
T04,GL-4396,2026-03-18 15:46:00,8.074221,10.786347,11.8,4.44
T04,GL-4396,2026-03-18 15:47:00,8.074649,10.786497,11.1,3.45
T04,GL-4396,2026-03-18 15:48:00,8.075289,10.786569,5.8,4.58
T04,GL-4396,2026-03-18 15:49:00,8.075825,10.786644,6.5,5.23
T04,GL-4396,2026-03-18 15:50:00,8.076393,10.786637,5.8,4.7
T04,GL-4396,2026-03-18 15:51:00,8.076987,10.786663,4.1,4.84
T04,GL-4396,2026-03-18 15:52:00,8.077581,10.786756,8.0,4.27
T04,GL-4396,2026-03-18 15:53:00,8.078119,10.786803,9.4,3.06
T04,GL-4396,2026-03-18 15:54:00,8.078894,10.786819,7.1,4.35
T04,GL-4396,2026-03-18 15:55:00,8.079517,10.786884,8.5,2.92
T04,GL-4396,2026-03-18 15:56:00,8.079943,10.787027,7.4,3.56
T04,GL-4396,2026-03-18 15:57:00,8.080532,10.787008,8.0,3.93
T04,GL-4396,2026-03-18 15:58:00,8.081264,10.787163,8.4,4.63
T04,GL-4396,2026-03-18 15:59:00,8.081715,10.787188,9.3,4.61
T04,GL-4396,2026-03-18 16:00:00,8.08237,10.787236,11.9,3.81
T04,GL-4396,2026-03-18 16:01:00,8.082917,10.787181,11.4,5.2
T04,GL-4396,2026-03-18 16:02:00,8.083591,10.787229,8.2,5.32
T04,GL-4396,2026-03-18 16:03:00,8.084088,10.787316,9.9,3.94
T04,GL-4396,2026-03-18 16:04:00,8.084832,10.787403,9.0,2.83
T04,GL-4396,2026-03-18 16:05:00,8.085432,10.787433,8.7,3.61
T04,GL-4396,2026-03-18 16:06:00,8.085913,10.787566,4.8,2.81
T04,GL-4396,2026-03-18 16:07:00,8.086576,10.787673,8.5,3.22
T04,GL-4396,2026-03-18 16:08:00,8.087107,10.787715,,5.01
T04,GL-4396,2026-03-18 16:09:00,8.087532,10.787663,11.7,5.13
T04,GL-4396,2026-03-18 16:10:00,8.088233,10.787756,8.1,3.57
T04,GL-4396,2026-03-18 16:11:00,8.088873,10.787636,8.3,3.48
T04,GL-4396,2026-03-18 16:12:00,8.089405,10.787747,9.4,4.47
T04,GL-4396,2026-03-18 16:13:00,8.090043,10.787878,11.8,3.58
T04,GL-4396,2026-03-18 16:14:00,8.090564,10.787821,10.5,5.07
T04,GL-4396,2026-03-18 16:15:00,8.091298,10.787882,7.9,5.41
T04,GL-4396,2026-03-18 16:16:00,8.091846,10.787969,,2.98
T04,GL-4396,2026-03-18 16:17:00,8.092348,10.788137,5.1,3.13
T04,GL-4396,2026-03-18 16:18:00,8.093026,10.788224,9.7,4.16
T04,GL-4396,2026-03-18 16:19:00,8.093627,10.788186,11.2,2.91
T04,GL-4396,2026-03-18 16:20:00,8.0942,10.788339,7.8,3.41
T04,GL-4396,2026-03-18 16:21:00,8.094882,10.788347,7.1,3.9
T04,GL-4396,2026-03-18 16:22:00,8.095318,10.788313,11.0,4.94
T04,GL-4396,2026-03-18 16:23:00,8.09598,10.788559,4.7,3.97
T04,GL-4396,2026-03-18 16:24:00,8.096509,10.788473,10.8,4.31
T04,GL-4396,2026-03-18 16:25:00,8.097176,10.788618,6.6,5.47
T04,GL-4396,2026-03-18 16:26:00,8.097764,10.788542,11.9,4.46
T04,GL-4396,2026-03-18 16:27:00,8.098362,10.788641,4.4,4.08
T04,GL-4396,2026-03-18 16:28:00,8.098778,10.788771,7.6,3.02
T04,GL-4396,2026-03-18 16:29:00,8.099509,10.788894,4.7,5.59
T04,GL-4396,2026-03-18 16:30:00,8.100171,10.788801,7.5,4.91
T04,GL-4396,2026-03-18 16:31:00,8.100579,10.788782,7.5,2.89
T04,GL-4396,2026-03-18 16:32:00,8.101205,10.788913,9.4,3.63
T04,GL-4396,2026-03-18 16:33:00,8.101785,10.788901,10.7,5.24
T04,GL-4396,2026-03-18 16:34:00,8.102438,10.789115,6.1,3.41
T04,GL-4396,2026-03-18 16:35:00,8.102954,10.788833,7.2,5.06
T04,GL-4396,2026-03-18 16:36:00,8.103587,10.789179,5.8,4.32
T04,GL-4396,2026-03-18 16:37:00,8.104232,10.789264,8.2,3.74
T04,GL-4396,2026-03-18 16:38:00,8.104848,10.789277,11.2,5.58
T04,GL-4396,2026-03-18 16:39:00,8.105359,10.789267,10.2,3.26
T04,GL-4396,2026-03-18 16:40:00,8.105902,10.789397,11.5,2.93
T04,GL-4396,2026-03-18 16:41:00,8.106617,10.789384,6.0,3.09
T04,GL-4396,2026-03-18 16:42:00,8.107187,10.789403,9.8,4.17
T04,GL-4396,2026-03-18 16:43:00,8.107761,10.789529,4.8,4.92
T04,GL-4396,2026-03-18 16:44:00,8.10841,10.789547,10.1,2.88
T04,GL-4396,2026-03-18 16:45:00,8.108942,10.789573,9.2,5.6
T04,GL-4396,2026-03-18 16:46:00,8.10952,10.789712,8.1,3.62
T04,GL-4396,2026-03-18 16:47:00,8.110158,10.789728,8.7,4.45
T04,GL-4396,2026-03-18 16:48:00,8.110679,10.789742,5.3,3.13
T04,GL-4396,2026-03-18 16:49:00,7.92628,10.789844,5.7,390.29
T04,GL-4396,2026-03-18 16:50:00,8.111819,10.789906,10.2,3.66
T04,GL-4396,2026-03-18 16:51:00,8.112399,10.789987,6.7,3.59
T04,GL-4396,2026-03-18 16:52:00,8.112972,10.79002,4.5,3.09
T04,GL-4396,2026-03-18 16:53:00,8.113614,10.790046,4.0,5.57
T04,GL-4396,2026-03-18 16:54:00,8.11424,10.790133,10.7,4.98
T04,GL-4396,2026-03-18 16:55:00,8.114845,10.790338,10.3,4.56
T04,GL-4396,2026-03-18 16:56:00,8.115441,10.790347,5.9,4.74
T04,GL-4396,2026-03-18 16:57:00,8.115875,10.790347,8.7,3.57
T04,GL-4396,2026-03-18 16:58:00,8.116534,10.790328,11.4,3.6
T04,GL-4396,2026-03-18 16:59:00,8.117246,10.790462,8.0,3.81
T04,GL-4396,2026-03-18 17:00:00,8.117803,10.790533,7.6,5.15
T04,GL-4396,2026-03-18 17:01:00,8.11835,10.790516,8.5,4.64
T04,GL-4396,2026-03-18 17:02:00,8.119001,10.790452,4.7,4.43
T04,GL-4396,2026-03-18 17:03:00,8.119528,10.790608,11.2,3.19
T04,GL-4396,2026-03-18 17:04:00,8.120164,10.790611,4.3,4.73
T04,GL-4396,2026-03-18 17:05:00,8.12078,10.790688,7.8,5.13
T04,GL-4396,2026-03-18 17:06:00,8.121481,10.790823,8.6,4.29
T04,GL-4396,2026-03-18 17:07:00,8.121956,10.790866,6.9,3.96
T04,GL-4396,2026-03-18 17:08:00,8.122502,10.790778,10.7,3.76
T04,GL-4396,2026-03-18 17:09:00,8.123151,10.791043,,5.19
T04,GL-4396,2026-03-18 17:10:00,8.123759,10.790951,5.5,2.86
T04,GL-4396,2026-03-18 17:11:00,8.124398,10.790911,10.0,3.91
T04,GL-4396,2026-03-18 17:12:00,8.124885,10.791104,6.8,3.8
T04,GL-4396,2026-03-18 17:13:00,8.125416,10.791146,,2.94
T04,GL-4396,2026-03-18 17:14:00,8.125897,10.791186,5.1,4.26
T04,GL-4396,2026-03-18 17:15:00,8.126666,10.791049,5.0,3.9
T04,GL-4396,2026-03-18 17:16:00,8.127289,10.79124,9.9,4.8
T04,GL-4396,2026-03-18 17:17:00,8.127881,10.791402,5.3,4.82
T04,GL-4396,2026-03-18 17:18:00,8.128426,10.791468,5.9,3.71
T04,GL-4396,2026-03-18 17:19:00,8.129045,10.79146,11.6,4.13
T04,GL-4396,2026-03-18 17:20:00,8.129521,10.791576,9.6,5.21
T04,GL-4396,2026-03-18 17:21:00,8.130301,10.791564,9.8,3.65
T04,GL-4396,2026-03-18 17:22:00,8.130743,10.791744,9.0,5.09
T04,GL-4396,2026-03-18 17:23:00,8.131309,10.791771,8.8,5.38
T04,GL-4396,2026-03-18 17:24:00,8.132051,10.791811,5.5,4.16
T04,GL-4396,2026-03-18 17:25:00,8.132588,10.791869,5.4,4.8
T04,GL-4396,2026-03-18 17:26:00,8.133202,10.79183,8.2,3.97
T04,GL-4396,2026-03-18 17:27:00,8.133845,10.791885,9.0,4.33
T04,GL-4396,2026-03-18 17:28:00,8.134289,10.791951,11.5,4.62
T04,GL-4396,2026-03-18 17:29:00,8.134951,10.792086,5.8,3.03
T04,GL-4396,2026-03-18 17:30:00,8.135563,10.792117,11.4,3.72
T04,GL-4396,2026-03-18 17:31:00,8.135965,10.792115,8.2,5.14
T04,GL-4396,2026-03-18 17:32:00,8.136727,10.792187,5.2,3.69
T04,GL-4396,2026-03-18 17:33:00,8.137322,10.792268,4.7,5.21
T04,GL-4396,2026-03-18 17:34:00,8.137876,10.792233,7.4,4.99
T04,GL-4396,2026-03-18 17:35:00,8.13831,10.792382,9.0,4.62
T04,GL-4396,2026-03-18 17:36:00,8.139004,10.792382,10.2,2.93
T04,GL-4396,2026-03-18 17:37:00,8.139561,10.792485,6.6,3.79
T04,GL-4396,2026-03-18 17:38:00,8.140227,10.792569,9.4,5.41
T04,GL-4396,2026-03-18 17:39:00,8.140933,10.792649,8.6,5.06
T04,GL-4396,2026-03-18 17:40:00,8.141464,10.792638,4.3,5.44
T04,GL-4396,2026-03-18 17:41:00,8.142002,10.792619,4.4,5.28
T04,GL-4396,2026-03-18 17:42:00,8.141848,10.792599,11.9,0.89
T04,GL-4396,2026-03-18 17:43:00,8.141939,10.792631,5.2,0.06
T04,GL-4396,2026-03-18 17:44:00,8.142088,10.792578,6.4,0.56
T04,GL-4396,2026-03-18 17:45:00,8.142125,10.792664,6.1,0.57
T04,GL-4396,2026-03-18 17:46:00,8.141946,10.7926,8.5,0.89
T04,GL-4396,2026-03-18 17:47:00,8.142062,10.792606,4.1,0.8
T04,GL-4396,2026-03-18 17:48:00,8.141784,10.792738,4.4,0.17
T04,GL-4396,2026-03-18 17:49:00,8.141914,10.792709,8.4,0.28
T04,GL-4396,2026-03-18 17:50:00,8.142046,10.792627,6.6,0.7
T04,GL-4396,2026-03-18 17:51:00,8.141896,10.792629,4.9,0.37
T04,GL-4396,2026-03-18 17:52:00,8.198747,10.792711,10.2,220.91
T04,GL-4396,2026-03-18 17:53:00,8.142127,10.792529,5.2,0.81
T04,GL-4396,2026-03-18 17:54:00,8.141928,10.792751,8.9,0.22
T04,GL-4396,2026-03-18 17:55:00,8.141989,10.792721,10.8,0.16
T04,GL-4396,2026-03-18 17:56:00,8.142011,10.792714,5.5,0.5
T04,GL-4396,2026-03-18 17:57:00,8.141884,10.792587,7.3,0.22
T04,GL-4396,2026-03-18 17:58:00,8.142027,10.792839,9.3,0.33
T04,GL-4396,2026-03-18 17:59:00,8.141849,10.792618,8.1,0.27
T04,GL-4396,2026-03-18 18:00:00,8.141919,10.792806,10.4,0.11
T04,GL-4396,2026-03-18 18:01:00,8.142061,10.792818,6.8,0.88
T04,GL-4396,2026-03-18 18:02:00,8.141709,10.792067,5.8,3.62
T04,GL-4396,2026-03-18 18:03:00,8.141435,10.791475,10.9,2.97
T04,GL-4396,2026-03-18 18:04:00,8.14122,10.790895,5.3,4.0
T04,GL-4396,2026-03-18 18:05:00,8.140896,10.790273,5.6,3.57
T04,GL-4396,2026-03-18 18:06:00,8.140638,10.789723,8.1,3.39
T04,GL-4396,2026-03-18 18:07:00,8.140424,10.789121,8.7,5.27
T04,GL-4396,2026-03-18 18:08:00,8.140052,10.788478,10.5,4.8
T04,GL-4396,2026-03-18 18:09:00,8.139814,10.787853,5.4,5.22
T04,GL-4396,2026-03-18 18:10:00,8.139513,10.787274,10.6,2.99
T04,GL-4396,2026-03-18 18:11:00,8.139339,10.786856,8.5,4.66
T04,GL-4396,2026-03-18 18:12:00,8.139061,10.786269,11.7,3.4
T04,GL-4396,2026-03-18 18:13:00,8.138711,10.785655,6.5,4.61
T04,GL-4396,2026-03-18 18:14:00,8.138448,10.785048,6.3,4.46
T04,GL-4396,2026-03-18 18:15:00,8.138038,10.784319,4.6,5.46
T04,GL-4396,2026-03-18 18:16:00,8.137962,10.783909,11.4,4.45
T04,GL-4396,2026-03-18 18:17:00,8.137574,10.783214,7.3,4.96
T04,GL-4396,2026-03-18 18:18:00,8.137427,10.782633,6.7,3.41
T04,GL-4396,2026-03-18 18:19:00,8.13715,10.781958,7.6,3.35
T04,GL-4396,2026-03-18 18:20:00,8.136896,10.781454,5.7,3.53
T04,GL-4396,2026-03-18 18:21:00,8.13659,10.780914,5.6,3.91
T04,GL-4396,2026-03-18 18:22:00,8.136406,10.78038,11.8,5.53
T04,GL-4396,2026-03-18 18:23:00,8.135909,10.779636,4.3,4.82
T04,GL-4396,2026-03-18 18:24:00,8.135702,10.779083,6.7,3.91
T04,GL-4396,2026-03-18 18:25:00,8.135553,10.778572,8.8,2.88
T04,GL-4396,2026-03-18 18:26:00,8.135165,10.777948,4.3,5.37
T04,GL-4396,2026-03-18 18:27:00,8.134888,10.777326,7.3,4.4
T04,GL-4396,2026-03-18 18:28:00,8.134595,10.776868,5.0,4.97
T04,GL-4396,2026-03-18 18:29:00,8.134415,10.776178,8.4,4.57
T04,GL-4396,2026-03-18 18:30:00,8.134115,10.775525,8.6,3.8
T04,GL-4396,2026-03-18 18:31:00,8.133851,10.774942,6.3,5.4
T04,GL-4396,2026-03-18 18:32:00,8.133475,10.774374,11.5,3.56
T04,GL-4396,2026-03-18 18:33:00,8.133278,10.77382,7.0,3.81
T04,GL-4396,2026-03-18 18:34:00,8.133067,10.773203,7.8,4.2
T04,GL-4396,2026-03-18 18:35:00,8.132784,10.772578,6.7,2.86
T04,GL-4396,2026-03-18 18:36:00,8.132427,10.772087,6.0,4.21
T04,GL-4396,2026-03-18 18:37:00,8.132255,10.77142,5.5,4.95
T04,GL-4396,2026-03-18 18:38:00,8.131902,10.770794,8.1,3.61
T04,GL-4396,2026-03-18 18:39:00,8.131641,10.770242,5.4,4.79
T04,GL-4396,2026-03-18 18:40:00,8.131264,10.769705,6.3,4.34
T04,GL-4396,2026-03-18 18:41:00,8.131048,10.769093,11.9,5.12
T04,GL-4396,2026-03-18 18:42:00,8.130793,10.768333,4.7,5.49
T04,GL-4396,2026-03-18 18:43:00,8.13044,10.767942,11.0,4.41
T04,GL-4396,2026-03-18 18:44:00,8.130291,10.767319,6.1,5.27
T04,GL-4396,2026-03-18 18:45:00,8.12994,10.766725,7.6,4.56
T04,GL-4396,2026-03-18 18:46:00,8.12966,10.766059,6.1,4.27
T04,GL-4396,2026-03-18 18:47:00,8.129477,10.765555,5.5,3.31
T04,GL-4396,2026-03-18 18:48:00,8.129183,10.764938,4.3,2.99
T04,GL-4396,2026-03-18 18:49:00,8.128907,10.764252,10.4,4.31
T04,GL-4396,2026-03-18 18:50:00,8.128669,10.763681,10.2,3.71
T04,GL-4396,2026-03-18 18:51:00,8.128445,10.763253,4.6,3.12
T04,GL-4396,2026-03-18 18:52:00,8.12814,10.762596,10.4,2.85
T04,GL-4396,2026-03-18 18:53:00,8.127822,10.761874,5.8,5.59
T04,GL-4396,2026-03-18 18:54:00,8.127496,10.761427,6.3,2.98
T04,GL-4396,2026-03-18 18:55:00,8.127268,10.760858,4.6,4.02
T04,GL-4396,2026-03-18 18:56:00,8.127012,10.760236,5.8,4.02
T04,GL-4396,2026-03-18 18:57:00,8.126808,10.759579,9.2,3.83
T04,GL-4396,2026-03-18 18:58:00,8.126421,10.758965,7.1,5.44
T04,GL-4396,2026-03-18 18:59:00,8.126144,10.758498,9.7,5.49
T04,GL-4396,2026-03-18 19:00:00,7.845263,10.757745,7.1,341.61
T04,GL-4396,2026-03-18 19:01:00,8.125888,10.757776,6.2,0.57
T04,GL-4396,2026-03-18 19:02:00,8.125909,10.757944,5.5,0.72
T04,GL-4396,2026-03-18 19:03:00,8.125736,10.757788,4.7,0.72
T04,GL-4396,2026-03-18 19:04:00,8.125925,10.757806,5.8,0.11
T04,GL-4396,2026-03-18 19:05:00,8.126061,10.757768,9.8,0.79
T04,GL-4396,2026-03-18 19:06:00,8.125868,10.75791,4.0,0.13
T04,GL-4396,2026-03-18 19:07:00,8.126049,10.757905,10.8,0.52
T04,GL-4396,2026-03-18 19:08:00,8.125837,10.757924,4.1,0.5
T04,GL-4396,2026-03-18 19:09:00,8.12584,10.757874,5.2,0.74
T04,GL-4396,2026-03-18 19:10:00,8.12597,10.757909,8.4,0.87
T04,GL-4396,2026-03-18 19:11:00,8.125867,10.757889,7.8,0.03
T04,GL-4396,2026-03-18 19:12:00,8.125925,10.75777,10.5,0.81
T04,GL-4396,2026-03-18 19:13:00,8.126081,10.757929,6.6,0.6
T04,GL-4396,2026-03-18 19:14:00,8.125969,10.757876,5.9,0.15
T04,GL-4396,2026-03-18 19:15:00,8.126073,10.757741,7.9,0.55
T04,GL-4396,2026-03-18 19:16:00,8.125993,10.757867,6.3,0.68
T04,GL-4396,2026-03-18 19:17:00,8.125921,10.75766,7.0,0.76
T04,GL-4396,2026-03-18 19:18:00,8.125899,10.757744,10.8,0.52
T04,GL-4396,2026-03-18 19:19:00,8.12596,10.757828,7.9,0.79
T04,GL-4396,2026-03-18 19:20:00,8.125943,10.758051,11.2,0.61
T04,GL-4396,2026-03-18 19:21:00,8.125935,10.757867,5.0,0.07
T04,GL-4396,2026-03-18 19:22:00,8.125792,10.757855,4.1,0.37
T04,GL-4396,2026-03-18 19:23:00,8.126005,10.757591,9.8,0.74
T04,GL-4396,2026-03-18 19:24:00,8.125846,10.757756,4.6,0.87
T04,GL-4396,2026-03-18 19:25:00,8.125938,10.757868,6.9,0.35
T04,GL-4396,2026-03-18 19:26:00,8.125953,10.757758,10.5,0.0
T04,GL-4396,2026-03-18 19:27:00,8.125917,10.757861,9.3,0.76
T04,GL-4396,2026-03-18 19:28:00,8.125827,10.757824,6.6,0.53
T04,GL-4396,2026-03-18 19:29:00,8.125974,10.757996,7.4,0.47
T04,GL-4396,2026-03-18 19:30:00,8.125835,10.757667,6.0,0.59
T04,GL-4396,2026-03-18 19:31:00,8.125911,10.758046,5.0,0.26
T04,GL-4396,2026-03-18 19:32:00,8.12614,10.757211,5.5,3.27
T04,GL-4396,2026-03-18 19:33:00,8.126384,10.75669,6.5,3.51
T04,GL-4396,2026-03-18 19:34:00,8.126663,10.756056,4.0,4.88
T04,GL-4396,2026-03-18 19:35:00,8.126864,10.755409,11.4,3.58
T04,GL-4396,2026-03-18 19:36:00,8.127228,10.754874,6.3,3.99
T04,GL-4396,2026-03-18 19:37:00,8.127406,10.754332,11.8,2.87
T04,GL-4396,2026-03-18 19:38:00,8.127679,10.753903,10.5,3.59
T04,GL-4396,2026-03-18 19:39:00,8.127884,10.753326,7.2,5.09
T04,GL-4396,2026-03-18 19:40:00,8.128093,10.752715,5.3,3.52
T04,GL-4396,2026-03-18 19:41:00,8.128322,10.752176,4.9,3.02
T04,GL-4396,2026-03-18 19:42:00,8.128582,10.75149,11.9,5.58
T04,GL-4396,2026-03-18 19:43:00,8.128805,10.750898,4.7,2.93
T04,GL-4396,2026-03-18 19:44:00,8.129127,10.750416,10.2,3.29
T04,GL-4396,2026-03-18 19:45:00,8.129414,10.749753,8.1,4.23
T04,GL-4396,2026-03-18 19:46:00,8.129661,10.749129,9.3,3.08
T04,GL-4396,2026-03-18 19:47:00,8.129955,10.748605,6.9,2.86
T04,GL-4396,2026-03-18 19:48:00,8.130199,10.747919,7.2,4.14
T04,GL-4396,2026-03-18 19:49:00,8.130397,10.747415,4.2,4.93
T04,GL-4396,2026-03-18 19:50:00,8.130513,10.74696,8.6,4.39
T04,GL-4396,2026-03-18 19:51:00,8.130807,10.746373,8.9,3.9
T04,GL-4396,2026-03-18 19:52:00,8.13104,10.745817,7.7,3.29
T04,GL-4396,2026-03-18 19:53:00,8.131461,10.745126,4.3,4.18
T04,GL-4396,2026-03-18 19:54:00,8.131716,10.744481,5.7,5.39
T04,GL-4396,2026-03-18 19:55:00,8.131845,10.744063,9.9,4.12
T04,GL-4396,2026-03-18 19:56:00,8.132108,10.743457,10.1,5.03
T04,GL-4396,2026-03-18 19:57:00,8.132274,10.74283,7.3,3.85
T04,GL-4396,2026-03-18 19:58:00,8.132669,10.742221,4.7,2.81
T04,GL-4396,2026-03-18 19:59:00,8.13272,10.741716,6.7,4.8
T04,GL-4396,2026-03-18 20:00:00,8.133139,10.741237,10.9,4.24
T04,GL-4396,2026-03-18 20:01:00,8.133338,10.740383,6.8,5.24
T04,GL-4396,2026-03-18 20:02:00,8.133534,10.74001,10.7,2.9
T04,GL-4396,2026-03-18 20:03:00,8.133788,10.739418,10.7,5.19
T04,GL-4396,2026-03-18 20:04:00,8.134092,10.738752,6.3,3.15
T04,GL-4396,2026-03-18 20:05:00,8.134331,10.738193,8.5,4.17
T04,GL-4396,2026-03-18 20:06:00,8.134592,10.737621,4.2,3.46
T04,GL-4396,2026-03-18 20:07:00,8.134891,10.737008,7.8,3.77
T04,GL-4396,2026-03-18 20:08:00,8.134954,10.736544,9.1,2.91
T04,GL-4396,2026-03-18 20:09:00,8.135254,10.73598,7.9,5.0
T04,GL-4396,2026-03-18 20:10:00,8.135487,10.73535,7.8,4.75
T04,GL-4396,2026-03-18 20:11:00,8.135728,10.734844,10.5,3.16
T04,GL-4396,2026-03-18 20:12:00,8.136056,10.734262,9.1,4.77
T04,GL-4396,2026-03-18 20:13:00,8.136444,10.733624,8.4,5.26
T04,GL-4396,2026-03-18 20:14:00,8.136525,10.733125,8.6,4.47
T04,GL-4396,2026-03-18 20:15:00,8.136847,10.732475,9.6,4.02
T04,GL-4396,2026-03-18 20:16:00,8.137012,10.731878,9.5,5.21
T04,GL-4396,2026-03-18 20:17:00,8.137254,10.731316,10.4,5.44
T04,GL-4396,2026-03-18 20:18:00,8.13754,10.730758,7.7,5.46
T04,GL-4396,2026-03-18 20:19:00,8.137782,10.730213,7.1,3.46
T04,GL-4396,2026-03-18 20:20:00,8.137914,10.729598,5.8,4.17
T04,GL-4396,2026-03-18 20:21:00,8.138268,10.729152,7.6,3.47
T04,GL-4396,2026-03-18 20:22:00,8.13851,10.728507,8.8,4.17
T04,GL-4396,2026-03-18 20:23:00,8.138861,10.72784,6.2,4.56
T04,GL-4396,2026-03-18 20:24:00,8.138997,10.72735,11.1,5.27
T04,GL-4396,2026-03-18 20:25:00,8.139193,10.726733,8.4,3.55
T04,GL-4396,2026-03-18 20:26:00,8.139446,10.726032,7.3,3.14
T04,GL-4396,2026-03-18 20:27:00,8.139839,10.725584,11.1,4.75
T04,GL-4396,2026-03-18 20:28:00,8.140055,10.725033,8.9,3.0
T04,GL-4396,2026-03-18 20:29:00,8.14022,10.724422,11.7,4.55
T04,GL-4396,2026-03-18 20:30:00,8.140449,10.723849,10.4,4.74
T04,GL-4396,2026-03-18 20:31:00,8.140807,10.723215,9.9,5.44
T04,GL-4396,2026-03-18 20:32:00,8.140996,10.722722,9.5,5.29
T04,GL-4396,2026-03-18 20:33:00,8.1413,10.722101,4.8,3.3
T04,GL-4396,2026-03-18 20:34:00,8.141479,10.721512,6.8,4.09
T04,GL-4396,2026-03-18 20:35:00,8.141682,10.721078,6.4,3.41
T04,GL-4396,2026-03-18 20:36:00,8.142046,10.720378,10.2,3.27
T04,GL-4396,2026-03-18 20:37:00,8.142338,10.719822,8.8,2.92
T04,GL-4396,2026-03-18 20:38:00,8.142443,10.719232,6.5,3.66
T04,GL-4396,2026-03-18 20:39:00,8.142759,10.71872,6.9,4.85
T04,GL-4396,2026-03-18 20:40:00,8.143027,10.718012,4.1,5.23
T04,GL-4396,2026-03-18 20:41:00,8.143309,10.717507,6.7,5.52
T04,GL-4396,2026-03-18 20:42:00,8.143572,10.717032,9.5,3.25
T04,GL-4396,2026-03-18 20:43:00,8.143683,10.716281,9.7,4.47
T04,GL-4396,2026-03-18 20:44:00,8.143935,10.715765,6.7,4.51
T04,GL-4396,2026-03-18 20:45:00,8.144298,10.715098,9.2,4.24
T04,GL-4396,2026-03-18 20:46:00,8.144475,10.714644,5.3,3.41
T04,GL-4396,2026-03-18 20:47:00,8.144694,10.71405,7.2,5.47
T04,GL-4396,2026-03-18 20:48:00,8.145034,10.713438,8.2,5.38
T04,GL-4396,2026-03-18 20:49:00,8.145185,10.712901,11.5,5.41
T04,GL-4396,2026-03-18 20:50:00,8.145529,10.712385,11.6,3.7
T04,GL-4396,2026-03-18 20:51:00,8.145731,10.711661,7.7,5.32
T04,GL-4396,2026-03-18 20:52:00,8.145973,10.711182,6.8,4.59
T04,GL-4396,2026-03-18 20:53:00,8.14624,10.71062,8.1,5.22
T04,GL-4396,2026-03-18 20:54:00,8.146534,10.710003,9.6,5.14
T04,GL-4396,2026-03-18 20:55:00,8.146678,10.709453,6.1,4.04
T04,GL-4396,2026-03-18 20:56:00,8.146994,10.708946,5.7,5.5
T04,GL-4396,2026-03-18 20:57:00,8.147211,10.708353,4.1,3.42
T04,GL-4396,2026-03-18 20:58:00,8.147455,10.707615,9.9,3.98
T04,GL-4396,2026-03-18 20:59:00,8.147718,10.707172,11.7,5.23
T04,GL-4396,2026-03-18 21:00:00,8.147972,10.706429,11.1,5.11
T04,GL-4396,2026-03-18 21:01:00,8.14828,10.705964,4.4,3.29
T04,GL-4396,2026-03-18 21:02:00,8.14838,10.705441,8.3,5.22
T04,GL-4396,2026-03-18 21:03:00,8.148677,10.704808,4.8,4.25
T04,GL-4396,2026-03-18 21:04:00,8.148938,10.704262,5.6,5.35
T04,GL-4396,2026-03-18 21:05:00,8.149208,10.703644,11.7,5.09
T04,GL-4396,2026-03-18 21:06:00,8.149596,10.703132,5.5,5.18
T04,GL-4396,2026-03-18 21:07:00,8.149789,10.702516,4.9,5.42
T04,GL-4396,2026-03-18 21:08:00,8.150037,10.701963,8.6,5.01
T04,GL-4396,2026-03-18 21:09:00,8.150236,10.701357,,3.27
T04,GL-4396,2026-03-18 21:10:00,8.150494,10.700865,11.5,5.54
T04,GL-4396,2026-03-18 21:11:00,8.150725,10.700275,4.7,5.24
T04,GL-4396,2026-03-18 21:12:00,8.150947,10.699584,5.1,5.02
T04,GL-4396,2026-03-18 21:13:00,8.151141,10.699024,8.8,2.9
T04,GL-4396,2026-03-18 21:14:00,8.15141,10.69845,4.8,5.03
T04,GL-4396,2026-03-18 21:15:00,8.151647,10.697903,5.5,4.19
T04,GL-4396,2026-03-18 21:16:00,8.151978,10.697395,5.5,4.09
T04,GL-4396,2026-03-18 21:17:00,8.152186,10.696806,7.5,4.75
T04,GL-4396,2026-03-18 21:18:00,8.15241,10.69621,10.4,5.23
T04,GL-4396,2026-03-18 21:19:00,8.152712,10.695616,11.9,3.01
T04,GL-4396,2026-03-18 21:20:00,8.152916,10.695093,11.5,4.12
T04,GL-4396,2026-03-18 21:21:00,8.153244,10.694512,9.6,3.63
T04,GL-4396,2026-03-18 21:22:00,8.153384,10.693892,6.2,3.51
T04,GL-4396,2026-03-18 21:23:00,8.15371,10.693377,5.6,4.19
T04,GL-4396,2026-03-18 21:24:00,8.153882,10.692666,11.1,5.19
T04,GL-4396,2026-03-18 21:25:00,8.154047,10.692084,5.2,4.18
T04,GL-4396,2026-03-18 21:26:00,8.154337,10.691414,10.9,3.63
T04,GL-4396,2026-03-18 21:27:00,8.154557,10.69099,4.1,4.35
T04,GL-4396,2026-03-18 21:28:00,8.154814,10.69038,10.0,5.44
T04,GL-4396,2026-03-18 21:29:00,8.155147,10.689844,10.9,3.68
T04,GL-4396,2026-03-18 21:30:00,8.155497,10.689295,7.7,4.09
T04,GL-4396,2026-03-18 21:31:00,8.155631,10.688691,4.7,5.21
T04,GL-4396,2026-03-18 21:32:00,8.155884,10.688205,9.9,3.82
T04,GL-4396,2026-03-18 21:33:00,8.156158,10.687525,9.9,4.27
T04,GL-4396,2026-03-18 21:34:00,8.156423,10.687026,8.8,5.36
T04,GL-4396,2026-03-18 21:35:00,8.15663,10.686436,5.6,4.41
T04,GL-4396,2026-03-18 21:36:00,8.156828,10.685776,8.3,4.03
T04,GL-4396,2026-03-18 21:37:00,8.15713,10.685255,5.5,3.27
T04,GL-4396,2026-03-18 21:38:00,8.157371,10.684702,6.6,5.23
T04,GL-4396,2026-03-18 21:39:00,8.157707,10.683952,9.1,4.98
T04,GL-4396,2026-03-18 21:40:00,8.157829,10.68351,7.8,3.6
T04,GL-4396,2026-03-18 21:41:00,8.158055,10.682927,9.3,5.09
T04,GL-4396,2026-03-18 21:42:00,8.158437,10.682409,11.5,4.14
T04,GL-4396,2026-03-18 21:43:00,8.158565,10.681776,7.6,5.51
T04,GL-4396,2026-03-18 21:44:00,8.158758,10.681265,4.2,4.15
T04,GL-4396,2026-03-18 21:45:00,8.159163,10.680708,5.0,3.43
T04,GL-4396,2026-03-18 21:46:00,8.159405,10.680076,5.6,4.53
T04,GL-4396,2026-03-18 21:47:00,8.159561,10.679394,8.4,4.66
T04,GL-4396,2026-03-18 21:48:00,8.159974,10.678838,7.9,5.03
T04,GL-4396,2026-03-18 21:49:00,8.16007,10.678231,11.6,3.29
T04,GL-4396,2026-03-18 21:50:00,8.160274,10.677699,6.2,4.19
T04,GL-4396,2026-03-18 21:51:00,8.160651,10.67715,5.5,5.03
T04,GL-4396,2026-03-18 21:52:00,8.160769,10.67664,11.2,4.71
T04,GL-4396,2026-03-18 21:53:00,8.161071,10.675927,6.2,3.63
T04,GL-4396,2026-03-18 21:54:00,8.16136,10.675465,4.8,3.23
T04,GL-4396,2026-03-18 21:55:00,8.161575,10.674895,11.1,4.48
T04,GL-4396,2026-03-18 21:56:00,8.161798,10.674235,4.9,4.56
T04,GL-4396,2026-03-18 21:57:00,8.162077,10.673731,8.4,4.91
T04,GL-4396,2026-03-18 21:58:00,8.162166,10.673069,8.4,4.78
T04,GL-4396,2026-03-18 21:59:00,8.162598,10.672633,11.3,4.78
T04,GL-4396,2026-03-18 22:00:00,8.162817,10.671969,5.3,3.28
T04,GL-4396,2026-03-18 22:01:00,8.162953,10.671432,11.5,3.08
T04,GL-4396,2026-03-18 22:02:00,8.163334,10.670821,6.2,3.35
T04,GL-4396,2026-03-18 22:03:00,8.163463,10.670258,10.3,5.07
T04,GL-4396,2026-03-18 22:04:00,8.163811,10.669656,5.3,3.09
T04,GL-4396,2026-03-18 22:05:00,8.164024,10.669165,9.2,4.73
T04,GL-4396,2026-03-18 22:06:00,8.164327,10.66851,7.5,4.12
T04,GL-4396,2026-03-18 22:07:00,8.164457,10.667879,10.5,4.47
T04,GL-4396,2026-03-18 22:08:00,8.16478,10.667327,5.7,3.15
T04,GL-4396,2026-03-18 22:09:00,8.164995,10.666748,6.3,3.42
T04,GL-4396,2026-03-18 22:10:00,8.165321,10.666164,7.7,4.7
T04,GL-4396,2026-03-18 22:11:00,8.165585,10.665578,5.2,4.87
T04,GL-4396,2026-03-18 22:12:00,8.165776,10.665059,8.0,3.35
T04,GL-4396,2026-03-18 22:13:00,8.166042,10.664414,8.2,3.91
T04,GL-4396,2026-03-18 22:14:00,8.166346,10.663872,11.7,5.57
T04,GL-4396,2026-03-18 22:15:00,8.166617,10.663418,9.1,5.36
T04,GL-4396,2026-03-18 22:16:00,8.166842,10.66282,7.3,3.98
T04,GL-4396,2026-03-18 22:17:00,8.167035,10.662091,7.8,5.28
T04,GL-4396,2026-03-18 22:18:00,8.167318,10.661472,6.2,3.06
T04,GL-4396,2026-03-18 22:19:00,8.167488,10.661596,8.4,0.37
T04,GL-4396,2026-03-18 22:20:00,8.167206,10.661624,8.7,0.72
T04,GL-4396,2026-03-18 22:21:00,8.16743,10.661673,10.5,0.16
T04,GL-4396,2026-03-18 22:22:00,8.167342,10.661617,9.7,0.78
T04,GL-4396,2026-03-18 22:23:00,8.16718,10.661567,7.5,0.07
T04,GL-4396,2026-03-18 22:24:00,8.167293,10.661627,6.8,0.4
T04,GL-4396,2026-03-18 22:25:00,8.167069,10.661575,10.4,0.21
T04,GL-4396,2026-03-18 22:26:00,8.167341,10.661547,10.5,0.59
T04,GL-4396,2026-03-18 22:27:00,8.167245,10.661572,8.0,0.16
T04,GL-4396,2026-03-18 22:28:00,8.167312,10.661713,5.9,0.53
T04,GL-4396,2026-03-18 22:29:00,8.167428,10.661516,6.5,0.37
T04,GL-4396,2026-03-18 22:30:00,8.167476,10.661576,10.8,0.5
T04,GL-4396,2026-03-18 22:31:00,8.167304,10.661467,8.4,0.19
T04,GL-4396,2026-03-18 22:32:00,8.167412,10.661842,7.5,0.42
T04,GL-4396,2026-03-18 22:33:00,8.167329,10.661586,8.9,0.82
T04,GL-4396,2026-03-18 22:34:00,8.16735,10.661598,6.1,0.25
T04,GL-4396,2026-03-18 22:35:00,8.167327,10.661626,11.0,0.55
T04,GL-4396,2026-03-18 22:36:00,8.167261,10.661651,5.9,0.19
T04,GL-4396,2026-03-18 22:37:00,8.167432,10.661636,4.5,0.24
T04,GL-4396,2026-03-18 22:38:00,8.167316,10.661587,11.1,0.86
T04,GL-4396,2026-03-18 22:39:00,8.167308,10.661431,5.4,0.7
T04,GL-4396,2026-03-18 22:40:00,8.167276,10.661681,5.8,0.21
T04,GL-4396,2026-03-18 22:41:00,8.167314,10.66148,10.3,0.78
T04,GL-4396,2026-03-18 22:42:00,8.167214,10.661725,4.9,0.41
T04,GL-4396,2026-03-18 22:43:00,8.166698,10.661663,,4.75
T04,GL-4396,2026-03-18 22:44:00,8.166101,10.661741,10.7,4.45
T04,GL-4396,2026-03-18 22:45:00,8.165478,10.661683,10.2,4.42
T04,GL-4396,2026-03-18 22:46:00,8.164911,10.661696,6.8,5.2
T04,GL-4396,2026-03-18 22:47:00,8.164316,10.661616,6.1,2.91
T04,GL-4396,2026-03-18 22:48:00,8.163743,10.6617,6.9,5.39
T04,GL-4396,2026-03-18 22:49:00,8.163175,10.661803,7.5,3.71
T04,GL-4396,2026-03-18 22:50:00,8.162562,10.661718,12.0,3.31
T04,GL-4396,2026-03-18 22:51:00,8.161917,10.661673,5.5,5.47
T04,GL-4396,2026-03-18 22:52:00,8.161336,10.661709,5.4,4.88
T04,GL-4396,2026-03-18 22:53:00,8.16085,10.661805,9.7,3.85
T04,GL-4396,2026-03-18 22:54:00,8.160214,10.661715,7.2,3.32
T04,GL-4396,2026-03-18 22:55:00,8.159477,10.661821,11.9,4.22
T04,GL-4396,2026-03-18 22:56:00,8.158966,10.661787,10.4,4.97
T04,GL-4396,2026-03-18 22:57:00,8.158403,10.661817,7.7,5.47
T04,GL-4396,2026-03-18 22:58:00,8.157741,10.661781,4.3,3.74
T04,GL-4396,2026-03-18 22:59:00,8.157269,10.661723,11.1,2.88
T04,GL-4396,2026-03-18 23:00:00,8.156687,10.661841,10.8,4.98
T04,GL-4396,2026-03-18 23:01:00,8.156038,10.661806,7.8,5.4
T04,GL-4396,2026-03-18 23:02:00,8.155454,10.662007,4.1,4.02
T04,GL-4396,2026-03-18 23:03:00,8.154864,10.661939,10.0,3.92
T04,GL-4396,2026-03-18 23:04:00,8.154227,10.661796,4.5,5.46
T04,GL-4396,2026-03-18 23:05:00,8.153759,10.661941,6.4,4.39
T04,GL-4396,2026-03-18 23:06:00,8.153042,10.661858,9.6,5.5
T04,GL-4396,2026-03-18 23:07:00,8.152533,10.661808,11.8,5.05
T04,GL-4396,2026-03-18 23:08:00,8.151891,10.66188,7.4,4.92
T04,GL-4396,2026-03-18 23:09:00,8.151411,10.661912,11.5,5.41
T04,GL-4396,2026-03-18 23:10:00,8.150767,10.661971,5.0,4.25
T04,GL-4396,2026-03-18 23:11:00,8.150155,10.661981,11.8,4.64
T04,GL-4396,2026-03-18 23:12:00,8.149501,10.661879,5.0,4.45
T04,GL-4396,2026-03-18 23:13:00,8.148936,10.661908,11.2,5.05
T04,GL-4396,2026-03-18 23:14:00,8.14845,10.662001,8.5,3.87
T04,GL-4396,2026-03-18 23:15:00,8.147746,10.662023,11.5,3.26
T04,GL-4396,2026-03-18 23:16:00,8.147226,10.662039,5.9,3.12
T04,GL-4396,2026-03-18 23:17:00,8.146615,10.662073,9.3,4.15
T04,GL-4396,2026-03-18 23:18:00,8.146024,10.662119,11.8,4.64
T04,GL-4396,2026-03-18 23:19:00,8.145463,10.662112,4.8,4.84
T04,GL-4396,2026-03-18 23:20:00,8.144904,10.662099,7.0,4.8
T04,GL-4396,2026-03-18 23:21:00,8.144179,10.662066,7.8,5.25
T04,GL-4396,2026-03-18 23:22:00,8.143587,10.662179,9.9,5.18
T04,GL-4396,2026-03-18 23:23:00,8.143163,10.662072,9.4,3.24
T04,GL-4396,2026-03-18 23:24:00,8.142415,10.662148,8.0,3.79
T04,GL-4396,2026-03-18 23:25:00,8.14178,10.662176,4.0,4.29
T04,GL-4396,2026-03-18 23:26:00,8.141258,10.662235,9.1,5.52
T04,GL-4396,2026-03-18 23:27:00,8.140716,10.662084,6.9,3.87
T04,GL-4396,2026-03-18 23:28:00,8.140111,10.662204,9.0,4.51
T04,GL-4396,2026-03-18 23:29:00,8.139535,10.662322,7.8,4.76
T04,GL-4396,2026-03-18 23:30:00,8.138901,10.662234,5.2,4.75
T04,GL-4396,2026-03-18 23:31:00,8.13831,10.662179,11.7,4.78
T04,GL-4396,2026-03-18 23:32:00,8.137742,10.662154,7.9,5.3
T04,GL-4396,2026-03-18 23:33:00,8.137048,10.662305,9.4,5.29
T04,GL-4396,2026-03-18 23:34:00,8.136544,10.662278,9.4,5.03
T04,GL-4396,2026-03-18 23:35:00,8.135931,10.662304,6.3,3.14
T04,GL-4396,2026-03-18 23:36:00,8.135487,10.662314,6.5,5.36
T04,GL-4396,2026-03-18 23:37:00,8.134758,10.662315,10.7,4.71
T04,GL-4396,2026-03-18 23:38:00,8.134002,10.662326,8.6,4.94
T04,GL-4396,2026-03-18 23:39:00,8.133541,10.662418,4.6,4.65
T04,GL-4396,2026-03-18 23:40:00,8.133043,10.662278,6.2,2.85
T04,GL-4396,2026-03-18 23:41:00,8.132476,10.662383,8.5,3.6
T04,GL-4396,2026-03-18 23:42:00,8.131787,10.662434,10.3,4.93
T04,GL-4396,2026-03-18 23:43:00,8.131388,10.662442,11.0,3.56
T04,GL-4396,2026-03-18 23:44:00,8.130716,10.662402,6.4,3.55
T04,GL-4396,2026-03-18 23:45:00,8.130048,10.662532,11.9,3.89
T04,GL-4396,2026-03-18 23:46:00,8.129412,10.66245,11.4,3.24
T04,GL-4396,2026-03-18 23:47:00,8.128907,10.662398,6.3,4.95
T04,GL-4396,2026-03-18 23:48:00,8.128276,10.662547,6.5,4.9
T04,GL-4396,2026-03-18 23:49:00,8.127748,10.662459,10.7,4.75
T04,GL-4396,2026-03-18 23:50:00,8.127079,10.662449,5.5,5.16
T04,GL-4396,2026-03-18 23:51:00,8.126495,10.662455,8.1,4.18
T04,GL-4396,2026-03-18 23:52:00,8.126011,10.662602,7.5,5.16
T04,GL-4396,2026-03-18 23:53:00,8.125382,10.662606,8.9,2.82
T04,GL-4396,2026-03-18 23:54:00,8.12473,10.66256,5.8,3.07
T04,GL-4396,2026-03-18 23:55:00,8.124189,10.662618,8.7,3.14
T04,GL-4396,2026-03-18 23:56:00,8.123506,10.662567,6.2,4.96
T04,GL-4396,2026-03-18 23:57:00,8.12284,10.662595,8.2,3.28
T04,GL-4396,2026-03-18 23:58:00,8.122341,10.662593,10.0,4.16
T04,GL-4396,2026-03-18 23:59:00,8.121747,10.662673,6.1,3.19
T04,GL-4396,2026-03-19 00:00:00,8.121258,10.6626,7.0,3.01
T04,GL-4396,2026-03-19 00:01:00,8.120569,10.662578,8.3,3.76
T04,GL-4396,2026-03-19 00:02:00,8.120011,10.662664,8.2,4.4
T04,GL-4396,2026-03-19 00:03:00,8.119434,10.66269,9.0,3.51
T04,GL-4396,2026-03-19 00:04:00,8.118805,10.662662,10.0,5.31
T04,GL-4396,2026-03-19 00:05:00,8.11826,10.662686,5.1,3.13
T04,GL-4396,2026-03-19 00:06:00,8.117617,10.662657,7.2,4.32
T04,GL-4396,2026-03-19 00:07:00,8.117018,10.662682,9.2,3.43
T04,GL-4396,2026-03-19 00:08:00,8.116461,10.662794,10.6,3.62
T04,GL-4396,2026-03-19 00:09:00,8.11587,10.662698,10.2,4.01
T04,GL-4396,2026-03-19 00:10:00,8.115312,10.662673,10.4,5.05
T04,GL-4396,2026-03-19 00:11:00,8.114723,10.662794,4.3,4.99
T04,GL-4396,2026-03-19 00:12:00,8.114182,10.662704,4.0,3.89
T04,GL-4396,2026-03-19 00:13:00,8.113382,10.662825,5.9,2.87
T04,GL-4396,2026-03-19 00:14:00,8.11295,10.662937,7.5,5.36
T04,GL-4396,2026-03-19 00:15:00,8.11236,10.662769,8.4,5.01
T04,GL-4396,2026-03-19 00:16:00,8.111872,10.662719,8.4,4.77
T04,GL-4396,2026-03-19 00:17:00,8.111282,10.662829,7.7,4.77
T04,GL-4396,2026-03-19 00:18:00,8.110602,10.662928,,5.6
T04,GL-4396,2026-03-19 00:19:00,8.110105,10.662852,6.9,2.87
T04,GL-4396,2026-03-19 00:20:00,8.109331,10.662895,9.6,3.82
T04,GL-4396,2026-03-19 00:21:00,8.108789,10.662973,4.6,5.5
T04,GL-4396,2026-03-19 00:22:00,8.108128,10.662995,11.5,4.43
T04,GL-4396,2026-03-19 00:23:00,8.107605,10.662895,4.1,3.76
T04,GL-4396,2026-03-19 00:24:00,8.106992,10.662846,11.4,4.61
T04,GL-4396,2026-03-19 00:25:00,8.106451,10.663058,9.2,5.51
T04,GL-4396,2026-03-19 00:26:00,8.105838,10.662987,6.9,4.9
T04,GL-4396,2026-03-19 00:27:00,8.105178,10.66295,7.3,3.48
T04,GL-4396,2026-03-19 00:28:00,8.104602,10.663041,7.1,4.84
T04,GL-4396,2026-03-19 00:29:00,8.104064,10.662997,5.1,4.62
T04,GL-4396,2026-03-19 00:30:00,8.103543,10.66311,4.7,3.49
T04,GL-4396,2026-03-19 00:31:00,8.102859,10.662988,4.3,3.24
T04,GL-4396,2026-03-19 00:32:00,8.102327,10.662953,,4.8
T04,GL-4396,2026-03-19 00:33:00,8.101745,10.662981,10.8,3.37
T04,GL-4396,2026-03-19 00:34:00,8.101119,10.66314,11.4,4.16
T04,GL-4396,2026-03-19 00:35:00,8.100529,10.663076,7.1,4.3
T04,GL-4396,2026-03-19 00:36:00,8.099862,10.663058,8.4,4.16
T04,GL-4396,2026-03-19 00:37:00,8.099332,10.663104,8.3,2.96
T04,GL-4396,2026-03-19 00:38:00,8.098761,10.663177,4.9,4.02
T04,GL-4396,2026-03-19 00:39:00,8.098093,10.66307,6.8,4.69
T04,GL-4396,2026-03-19 00:40:00,8.097465,10.663125,6.0,3.84
T04,GL-4396,2026-03-19 00:41:00,8.096882,10.663304,6.1,4.17
T04,GL-4396,2026-03-19 00:42:00,8.096313,10.663111,7.1,3.45
T04,GL-4396,2026-03-19 00:43:00,8.095759,10.663131,8.4,2.96
T04,GL-4396,2026-03-19 00:44:00,8.095251,10.663274,6.8,4.12
T04,GL-4396,2026-03-19 00:45:00,8.094593,10.663239,9.1,3.23
T04,GL-4396,2026-03-19 00:46:00,8.093967,10.663226,5.7,4.86
T04,GL-4396,2026-03-19 00:47:00,8.09335,10.663286,6.5,3.36
T04,GL-4396,2026-03-19 00:48:00,8.092837,10.663181,10.8,5.05
T04,GL-4396,2026-03-19 00:49:00,8.09228,10.663215,8.5,5.38
T04,GL-4396,2026-03-19 00:50:00,8.091685,10.663281,6.4,4.95
T04,GL-4396,2026-03-19 00:51:00,8.091023,10.663232,10.6,4.63
T04,GL-4396,2026-03-19 00:52:00,8.090448,10.663242,5.9,3.81
T04,GL-4396,2026-03-19 00:53:00,8.089809,10.663337,9.1,4.3
T04,GL-4396,2026-03-19 00:54:00,8.089307,10.663327,7.2,3.58
T04,GL-4396,2026-03-19 00:55:00,8.088688,10.66335,7.6,4.8
T04,GL-4396,2026-03-19 00:56:00,8.088097,10.663297,9.9,4.13
T04,GL-4396,2026-03-19 00:57:00,8.087461,10.663361,5.2,3.87
T04,GL-4396,2026-03-19 00:58:00,8.086751,10.663362,8.7,4.05
T04,GL-4396,2026-03-19 00:59:00,8.086349,10.663419,8.0,3.7
T04,GL-4396,2026-03-19 01:00:00,8.085582,10.663286,11.3,3.26
T04,GL-4396,2026-03-19 01:01:00,8.085123,10.663452,6.3,4.11
T04,GL-4396,2026-03-19 01:02:00,8.084492,10.663488,11.8,5.22
T04,GL-4396,2026-03-19 01:03:00,8.08396,10.663358,5.8,3.92
T04,GL-4396,2026-03-19 01:04:00,8.083355,10.663439,8.9,3.94
T04,GL-4396,2026-03-19 01:05:00,8.082729,10.663455,5.6,3.2
T04,GL-4396,2026-03-19 01:06:00,8.082267,10.663612,5.7,4.03
T04,GL-4396,2026-03-19 01:07:00,8.081604,10.663509,8.0,4.2
T04,GL-4396,2026-03-19 01:08:00,8.081033,10.663501,10.0,3.08
T04,GL-4396,2026-03-19 01:09:00,8.080444,10.663562,6.2,5.38
T04,GL-4396,2026-03-19 01:10:00,8.079789,10.663524,6.1,4.14
T04,GL-4396,2026-03-19 01:11:00,8.079227,10.663691,11.3,4.32
T04,GL-4396,2026-03-19 01:12:00,8.078596,10.66349,7.6,3.07
T04,GL-4396,2026-03-19 01:13:00,8.078117,10.663667,11.4,4.31
T04,GL-4396,2026-03-19 01:14:00,8.077529,10.6636,5.7,3.51
T04,GL-4396,2026-03-19 01:15:00,8.076852,10.663612,4.8,4.59
T04,GL-4396,2026-03-19 01:16:00,8.076216,10.663556,8.3,4.4
T04,GL-4396,2026-03-19 01:17:00,8.075658,10.663559,6.3,3.99
T04,GL-4396,2026-03-19 01:18:00,8.075112,10.663648,5.5,3.55
T04,GL-4396,2026-03-19 01:19:00,8.074456,10.663634,8.0,5.43
T04,GL-4396,2026-03-19 01:20:00,8.073925,10.663659,5.8,5.58
T04,GL-4396,2026-03-19 01:21:00,8.073268,10.66368,5.5,5.12
T04,GL-4396,2026-03-19 01:22:00,8.072759,10.66373,9.5,3.4
T04,GL-4396,2026-03-19 01:23:00,8.072088,10.6637,7.0,3.03
T04,GL-4396,2026-03-19 01:24:00,8.07162,10.663714,11.4,4.47
T04,GL-4396,2026-03-19 01:25:00,8.070995,10.663769,5.4,4.69
T04,GL-4396,2026-03-19 01:26:00,8.070315,10.663587,9.6,3.45
T04,GL-4396,2026-03-19 01:27:00,8.069837,10.663771,4.7,4.6
T04,GL-4396,2026-03-19 01:28:00,8.069186,10.663794,6.6,4.11
T04,GL-4396,2026-03-19 01:29:00,8.068601,10.663738,4.9,4.14
T04,GL-4396,2026-03-19 01:30:00,8.06816,10.663877,4.5,4.18
T04,GL-4396,2026-03-19 01:31:00,8.067392,10.663801,7.6,3.93
T04,GL-4396,2026-03-19 01:32:00,8.066806,10.663877,12.0,3.87
T04,GL-4396,2026-03-19 01:33:00,8.066161,10.663856,8.0,3.33
T04,GL-4396,2026-03-19 01:34:00,8.065691,10.663877,10.9,2.82
T04,GL-4396,2026-03-19 01:35:00,8.065112,10.663872,8.5,5.5
T04,GL-4396,2026-03-19 01:36:00,8.064376,10.663858,5.1,3.02
T04,GL-4396,2026-03-19 01:37:00,8.063847,10.663847,8.7,4.08
T04,GL-4396,2026-03-19 01:38:00,8.063327,10.663909,11.5,3.19
T04,GL-4396,2026-03-19 01:39:00,8.062694,10.663867,6.9,4.29
T04,GL-4396,2026-03-19 01:40:00,8.062149,10.663843,10.3,4.93
T04,GL-4396,2026-03-19 01:41:00,8.06143,10.664014,10.7,5.59
T04,GL-4396,2026-03-19 01:42:00,8.060869,10.66389,6.8,2.88
T04,GL-4396,2026-03-19 01:43:00,8.060251,10.663965,7.1,4.01
T04,GL-4396,2026-03-19 01:44:00,8.059816,10.663964,9.9,3.32
T04,GL-4396,2026-03-19 01:45:00,8.059129,10.664015,10.0,4.59
T04,GL-4396,2026-03-19 01:46:00,8.058559,10.664042,9.0,4.18
T04,GL-4396,2026-03-19 01:47:00,8.058045,10.664044,5.6,3.33
T04,GL-4396,2026-03-19 01:48:00,8.057358,10.66404,10.9,4.62
T04,GL-4396,2026-03-19 01:49:00,8.05682,10.664033,10.4,5.31
T04,GL-4396,2026-03-19 01:50:00,8.056139,10.664098,6.2,4.63
T04,GL-4396,2026-03-19 01:51:00,8.055578,10.664029,10.5,4.01
T04,GL-4396,2026-03-19 01:52:00,8.055,10.66406,10.5,3.23
T04,GL-4396,2026-03-19 01:53:00,8.054512,10.664064,4.4,4.33
T04,GL-4396,2026-03-19 01:54:00,8.053725,10.664078,6.1,4.43
T04,GL-4396,2026-03-19 01:55:00,8.053243,10.664112,6.4,3.33
T04,GL-4396,2026-03-19 01:56:00,8.05263,10.664133,5.8,4.94
T04,GL-4396,2026-03-19 01:57:00,8.051955,10.664108,5.2,4.39
T04,GL-4396,2026-03-19 01:58:00,8.051554,10.663995,7.7,3.38
T04,GL-4396,2026-03-19 01:59:00,8.050795,10.664148,5.8,3.58
T04,GL-4396,2026-03-19 02:00:00,8.050183,10.664192,4.4,3.27
T04,GL-4396,2026-03-19 02:01:00,8.049551,10.664269,8.4,3.36
T04,GL-4396,2026-03-19 02:02:00,8.04904,10.664108,11.6,3.81
T04,GL-4396,2026-03-19 02:03:00,8.048514,10.664279,10.3,3.05
T04,GL-4396,2026-03-19 02:04:00,8.048007,10.664179,6.7,5.0
T04,GL-4396,2026-03-19 02:05:00,8.047287,10.664247,11.8,3.09
T04,GL-4396,2026-03-19 02:06:00,8.046728,10.664145,8.1,5.52
T04,GL-4396,2026-03-19 02:07:00,8.046124,10.664324,5.2,3.44
T04,GL-4396,2026-03-19 02:08:00,8.045539,10.664225,10.2,3.79
T04,GL-4396,2026-03-19 02:09:00,8.012092,10.66432,8.5,396.34
T04,GL-4396,2026-03-19 02:10:00,8.044485,10.664223,11.5,3.62
T04,GL-4396,2026-03-19 02:11:00,8.043831,10.664186,10.9,5.2
T04,GL-4396,2026-03-19 02:12:00,8.043195,10.664262,8.6,3.36
T04,GL-4396,2026-03-19 02:13:00,8.042621,10.66442,7.9,2.83
T04,GL-4396,2026-03-19 02:14:00,8.041959,10.664356,10.5,4.63
T04,GL-4396,2026-03-19 02:15:00,8.041432,10.664344,6.8,3.82
T04,GL-4396,2026-03-19 02:16:00,8.040734,10.664377,4.6,3.5
T04,GL-4396,2026-03-19 02:17:00,8.040158,10.664433,8.5,5.54
T04,GL-4396,2026-03-19 02:18:00,8.039606,10.664398,5.1,4.35
T04,GL-4396,2026-03-19 02:19:00,8.039018,10.664476,10.8,4.19
T04,GL-4396,2026-03-19 02:20:00,8.038457,10.664502,10.2,4.78
T04,GL-4396,2026-03-19 02:21:00,8.037971,10.66445,8.3,5.51
T04,GL-4396,2026-03-19 02:22:00,8.037344,10.664593,10.0,3.54
T04,GL-4396,2026-03-19 02:23:00,8.036693,10.664363,11.7,4.14
T04,GL-4396,2026-03-19 02:24:00,8.036165,10.664457,4.5,3.64
T04,GL-4396,2026-03-19 02:25:00,8.03548,10.66457,9.3,5.59
T04,GL-4396,2026-03-19 02:26:00,8.034912,10.66455,4.5,4.37
T04,GL-4396,2026-03-19 02:27:00,8.034264,10.664575,4.3,4.16
T04,GL-4396,2026-03-19 02:28:00,8.033713,10.664456,7.2,5.33
T04,GL-4396,2026-03-19 02:29:00,8.033052,10.664561,7.8,3.8
T04,GL-4396,2026-03-19 02:30:00,8.032545,10.664466,7.1,3.99
T04,GL-4396,2026-03-19 02:31:00,8.031971,10.664512,10.0,4.72
T04,GL-4396,2026-03-19 02:32:00,8.031419,10.664592,10.6,4.86
T04,GL-4396,2026-03-19 02:33:00,8.030742,10.664638,8.2,4.32
T04,GL-4396,2026-03-19 02:34:00,8.030095,10.664565,11.3,5.49
T04,GL-4396,2026-03-19 02:35:00,8.029565,10.664656,11.0,5.56
T04,GL-4396,2026-03-19 02:36:00,8.029063,10.664673,6.1,4.94
T04,GL-4396,2026-03-19 02:37:00,8.028371,10.664676,6.3,3.63
T04,GL-4396,2026-03-19 02:38:00,8.027843,10.66459,5.6,4.7
T04,GL-4396,2026-03-19 02:39:00,8.027144,10.664753,9.1,3.68
T04,GL-4396,2026-03-19 02:40:00,8.026594,10.664694,8.1,4.91
T04,GL-4396,2026-03-19 02:41:00,8.025962,10.664637,9.2,4.43
T04,GL-4396,2026-03-19 02:42:00,8.025394,10.664729,9.2,5.33
T04,GL-4396,2026-03-19 02:43:00,8.024816,10.664704,11.1,4.07
T04,GL-4396,2026-03-19 02:44:00,8.024224,10.664747,7.4,3.77
T04,GL-4396,2026-03-19 02:45:00,8.023702,10.664838,10.9,4.4
T04,GL-4396,2026-03-19 02:46:00,8.023129,10.664816,11.2,4.03
T04,GL-4396,2026-03-19 02:47:00,8.022528,10.664687,11.8,3.08
T04,GL-4396,2026-03-19 02:48:00,8.02185,10.664717,,4.47
T04,GL-4396,2026-03-19 02:49:00,8.021347,10.664809,5.5,2.9
T04,GL-4396,2026-03-19 02:50:00,8.020638,10.664728,9.7,4.97
T04,GL-4396,2026-03-19 02:51:00,8.020087,10.664841,4.3,4.25
T04,GL-4396,2026-03-19 02:52:00,8.019509,10.664877,,4.47
T04,GL-4396,2026-03-19 02:53:00,8.018961,10.6648,7.8,4.49
T04,GL-4396,2026-03-19 02:54:00,8.018318,10.664761,6.7,3.63
T04,GL-4396,2026-03-19 02:55:00,8.017712,10.664852,11.9,5.3
T04,GL-4396,2026-03-19 02:56:00,8.017152,10.664939,9.9,4.62
T04,GL-4396,2026-03-19 02:57:00,8.016537,10.664901,10.1,3.05
T04,GL-4396,2026-03-19 02:58:00,8.016054,10.664927,5.8,5.06
T04,GL-4396,2026-03-19 02:59:00,8.015382,10.664995,4.4,4.94
T04,GL-4396,2026-03-19 03:00:00,8.014819,10.664901,4.9,4.46
T04,GL-4396,2026-03-19 03:01:00,8.014232,10.664962,6.3,4.66
T04,GL-4396,2026-03-19 03:02:00,8.013562,10.664905,11.9,5.07
T04,GL-4396,2026-03-19 03:03:00,8.013032,10.664957,4.4,3.91
T04,GL-4396,2026-03-19 03:04:00,8.012438,10.664935,5.7,4.42
T04,GL-4396,2026-03-19 03:05:00,8.011763,10.664904,5.1,3.7
T04,GL-4396,2026-03-19 03:06:00,8.011225,10.665084,4.6,5.25
T04,GL-4396,2026-03-19 03:07:00,8.010681,10.664946,11.4,3.01
T04,GL-4396,2026-03-19 03:08:00,8.010079,10.665152,8.2,3.56
T04,GL-4396,2026-03-19 03:09:00,8.009562,10.665065,11.2,3.22
T04,GL-4396,2026-03-19 03:10:00,8.008893,10.665154,4.8,3.87
T04,GL-4396,2026-03-19 03:11:00,8.00825,10.665027,7.9,3.38
T04,GL-4396,2026-03-19 03:12:00,8.007826,10.665093,6.7,5.49
T04,GL-4396,2026-03-19 03:13:00,8.007129,10.665145,4.7,4.94
T04,GL-4396,2026-03-19 03:14:00,8.006571,10.665076,6.8,5.37
T04,GL-4396,2026-03-19 03:15:00,8.005959,10.665104,4.9,5.09
T04,GL-4396,2026-03-19 03:16:00,8.005371,10.665196,8.8,3.54
T04,GL-4396,2026-03-19 03:17:00,8.004717,10.665245,7.6,4.18
T04,GL-4396,2026-03-19 03:18:00,8.004205,10.665098,11.0,3.46
T04,GL-4396,2026-03-19 03:19:00,8.003515,10.665198,11.0,4.42
T04,GL-4396,2026-03-19 03:20:00,8.002918,10.665286,7.4,3.98
T04,GL-4396,2026-03-19 03:21:00,8.002425,10.665184,7.3,4.9
T04,GL-4396,2026-03-19 03:22:00,8.00186,10.665222,5.2,5.26
T04,GL-4396,2026-03-19 03:23:00,8.00117,10.665259,5.8,3.91
T04,GL-4396,2026-03-19 03:24:00,8.000648,10.665267,4.1,5.35
T04,GL-4396,2026-03-19 03:25:00,7.999889,10.665342,7.1,2.89
T04,GL-4396,2026-03-19 03:26:00,7.999391,10.66525,5.4,5.15
T04,GL-4396,2026-03-19 03:27:00,7.998876,10.665269,8.3,4.51
T04,GL-4396,2026-03-19 03:28:00,7.998276,10.665187,9.3,4.41
T04,GL-4396,2026-03-19 03:29:00,7.997745,10.665277,5.2,3.77
T04,GL-4396,2026-03-19 03:30:00,7.997026,10.665423,6.9,4.0
T04,GL-4396,2026-03-19 03:31:00,7.996421,10.66539,11.2,4.94
T04,GL-4396,2026-03-19 03:32:00,7.995905,10.665447,10.6,4.7
T04,GL-4396,2026-03-19 03:33:00,7.873105,10.66521,6.2,218.51
T04,GL-4396,2026-03-19 03:34:00,7.994648,10.665419,11.4,4.44
T04,GL-4396,2026-03-19 03:35:00,7.994017,10.665447,11.2,3.46
T04,GL-4396,2026-03-19 03:36:00,7.993502,10.66547,7.2,5.17
T04,GL-4396,2026-03-19 03:37:00,7.992993,10.665404,9.8,3.36
T04,GL-4396,2026-03-19 03:38:00,7.992324,10.665491,4.1,4.24
T04,GL-4396,2026-03-19 03:39:00,7.991798,10.665567,11.4,5.41
T04,GL-4396,2026-03-19 03:40:00,7.991166,10.665352,8.3,3.94
T04,GL-4396,2026-03-19 03:41:00,7.990603,10.665501,9.6,5.32
T04,GL-4396,2026-03-19 03:42:00,7.989948,10.665554,7.6,2.89
T04,GL-4396,2026-03-19 03:43:00,7.989361,10.665597,7.4,3.4
T04,GL-4396,2026-03-19 03:44:00,7.988655,10.665559,9.5,4.11
T04,GL-4396,2026-03-19 03:45:00,7.988248,10.665484,11.2,3.18
T04,GL-4396,2026-03-19 03:46:00,7.98766,10.665506,4.1,4.96
T04,GL-4396,2026-03-19 03:47:00,7.986966,10.665552,8.9,4.62
T04,GL-4396,2026-03-19 03:48:00,7.986378,10.665562,11.7,3.66
T04,GL-4396,2026-03-19 03:49:00,8.09783,10.665633,8.8,440.43
T04,GL-4396,2026-03-19 03:50:00,7.985218,10.665614,11.3,4.01
T04,GL-4396,2026-03-19 03:51:00,7.984638,10.665648,4.6,4.29
T04,GL-4396,2026-03-19 03:52:00,7.984033,10.665496,10.9,2.91
T04,GL-4396,2026-03-19 03:53:00,7.983428,10.665711,5.8,3.6
T04,GL-4396,2026-03-19 03:54:00,7.98295,10.665744,4.2,3.04
T04,GL-4396,2026-03-19 03:55:00,7.982225,10.665604,6.6,4.56
T04,GL-4396,2026-03-19 03:56:00,7.981849,10.665657,5.8,5.56
T04,GL-4396,2026-03-19 03:57:00,7.98107,10.665752,7.1,3.44
T04,GL-4396,2026-03-19 03:58:00,7.980438,10.665708,5.8,3.41
T04,GL-4396,2026-03-19 03:59:00,8.156796,10.66581,5.2,466.13
T04,GL-4396,2026-03-19 04:00:00,7.979345,10.665679,8.6,3.28
T04,GL-4396,2026-03-19 04:01:00,7.978705,10.665742,8.6,2.83
T04,GL-4396,2026-03-19 04:02:00,7.978083,10.665769,4.1,5.43
T04,GL-4396,2026-03-19 04:03:00,7.977652,10.665838,5.3,3.12
T04,GL-4396,2026-03-19 04:04:00,7.976968,10.665756,6.0,4.53
T04,GL-4396,2026-03-19 04:05:00,7.976415,10.665831,5.9,5.14
T04,GL-4396,2026-03-19 04:06:00,7.975725,10.665787,5.6,2.86
T04,GL-4396,2026-03-19 04:07:00,7.975211,10.665844,6.3,4.4
T04,GL-4396,2026-03-19 04:08:00,7.974538,10.665766,6.3,5.56
T04,GL-4396,2026-03-19 04:09:00,7.97404,10.665877,5.1,4.03
T04,GL-4396,2026-03-19 04:10:00,7.973416,10.665844,4.2,3.17
T04,GL-4396,2026-03-19 04:11:00,7.972817,10.665947,11.2,5.4
T04,GL-4396,2026-03-19 04:12:00,7.972232,10.665897,10.0,3.67
T04,GL-4396,2026-03-19 04:13:00,7.971734,10.665943,8.6,3.21
T04,GL-4396,2026-03-19 04:14:00,7.971086,10.665934,4.0,4.29
T04,GL-4396,2026-03-19 04:15:00,7.970443,10.665874,10.7,4.17
T04,GL-4396,2026-03-19 04:16:00,7.969914,10.665957,10.8,5.25
T04,GL-4396,2026-03-19 04:17:00,7.9693,10.66591,7.4,2.81
T04,GL-4396,2026-03-19 04:18:00,7.968702,10.665968,10.1,4.07
T04,GL-4396,2026-03-19 04:19:00,7.968103,10.665933,4.7,4.42
T04,GL-4396,2026-03-19 04:20:00,7.96747,10.66596,5.7,4.1
T04,GL-4396,2026-03-19 04:21:00,7.966877,10.666006,10.8,5.27
T04,GL-4396,2026-03-19 04:22:00,7.966339,10.66609,10.7,3.7
T04,GL-4396,2026-03-19 04:23:00,7.965823,10.666075,8.2,3.13
T04,GL-4396,2026-03-19 04:24:00,7.965118,10.666071,7.8,3.99
T04,GL-4396,2026-03-19 04:25:00,7.964549,10.666034,8.2,3.49
T04,GL-4396,2026-03-19 04:26:00,7.963979,10.666091,7.8,3.3
T04,GL-4396,2026-03-19 04:27:00,7.963362,10.666161,4.1,4.96
T04,GL-4396,2026-03-19 04:28:00,7.962906,10.666121,7.3,2.96
T04,GL-4396,2026-03-19 04:29:00,7.962203,10.666099,4.1,3.07
T04,GL-4396,2026-03-19 04:30:00,7.961593,10.666161,11.6,4.69
T04,GL-4396,2026-03-19 04:31:00,7.960954,10.666063,4.1,4.8
T04,GL-4396,2026-03-19 04:32:00,7.960398,10.666082,10.0,4.8
T04,GL-4396,2026-03-19 04:33:00,7.959947,10.666046,9.2,3.09
T04,GL-4396,2026-03-19 04:34:00,7.959184,10.666248,6.3,4.56
T04,GL-4396,2026-03-19 04:35:00,7.958661,10.666193,8.7,3.08
T04,GL-4396,2026-03-19 04:36:00,7.958083,10.66618,10.8,3.35
T04,GL-4396,2026-03-19 04:37:00,7.957378,10.666269,7.5,4.07
T04,GL-4396,2026-03-19 04:38:00,7.956889,10.66621,10.8,4.7
T04,GL-4396,2026-03-19 04:39:00,7.956237,10.666157,5.2,3.32
T04,GL-4396,2026-03-19 04:40:00,7.955772,10.666231,4.3,5.31
T04,GL-4396,2026-03-19 04:41:00,7.955137,10.666262,7.1,4.19
T04,GL-4396,2026-03-19 04:42:00,7.954383,10.666279,5.1,3.02
T04,GL-4396,2026-03-19 04:43:00,7.953892,10.666262,4.5,4.81
T04,GL-4396,2026-03-19 04:44:00,7.953296,10.666294,11.6,5.28
T04,GL-4396,2026-03-19 04:45:00,7.952689,10.666243,8.5,3.49
T04,GL-4396,2026-03-19 04:46:00,7.952203,10.666319,7.9,5.11
T04,GL-4396,2026-03-19 04:47:00,7.95149,10.666282,10.9,3.97
T04,GL-4396,2026-03-19 04:48:00,7.95095,10.666456,7.7,2.92
T04,GL-4396,2026-03-19 04:49:00,7.950333,10.666292,6.0,3.94
T04,GL-4396,2026-03-19 04:50:00,7.949699,10.666324,4.4,3.19
T04,GL-4396,2026-03-19 04:51:00,7.949121,10.666385,8.2,3.34
T04,GL-4396,2026-03-19 04:52:00,7.948587,10.666408,5.2,3.43
T04,GL-4396,2026-03-19 04:53:00,7.948014,10.666391,8.9,4.11
T04,GL-4396,2026-03-19 04:54:00,7.947421,10.666315,10.0,4.04
T04,GL-4396,2026-03-19 04:55:00,7.946853,10.66646,7.9,3.92
T04,GL-4396,2026-03-19 04:56:00,7.946221,10.666492,8.6,5.51
T04,GL-4396,2026-03-19 04:57:00,7.945639,10.666402,10.9,4.23
T04,GL-4396,2026-03-19 04:58:00,7.945053,10.666456,7.4,5.0
T04,GL-4396,2026-03-19 04:59:00,7.944559,10.666437,10.2,3.16
T04,GL-4396,2026-03-19 05:00:00,7.943983,10.66657,11.9,3.69
T04,GL-4396,2026-03-19 05:01:00,7.943268,10.666542,5.5,3.89
T04,GL-4396,2026-03-19 05:02:00,7.942695,10.666601,6.1,4.64
T04,GL-4396,2026-03-19 05:03:00,7.942134,10.666534,11.4,3.57
T04,GL-4396,2026-03-19 05:04:00,7.941483,10.666542,11.9,5.09
T04,GL-4396,2026-03-19 05:05:00,7.940937,10.6665,10.8,5.58
T04,GL-4396,2026-03-19 05:06:00,7.940257,10.666641,11.4,3.06
T04,GL-4396,2026-03-19 05:07:00,7.93969,10.666747,7.1,4.2
T04,GL-4396,2026-03-19 05:08:00,7.939281,10.666563,7.7,4.94
T04,GL-4396,2026-03-19 05:09:00,7.938466,10.666597,5.9,3.66
T04,GL-4396,2026-03-19 05:10:00,7.937982,10.66664,9.1,5.2
T04,GL-4396,2026-03-19 05:11:00,7.937365,10.666653,7.8,4.96
T04,GL-4396,2026-03-19 05:12:00,7.936644,10.666789,10.7,4.36
T04,GL-4396,2026-03-19 05:13:00,7.936222,10.666708,8.9,5.21
T04,GL-4396,2026-03-19 05:14:00,7.935612,10.666724,6.0,4.72
T04,GL-4396,2026-03-19 05:15:00,7.93492,10.666641,8.9,3.49
T04,GL-4396,2026-03-19 05:16:00,7.934451,10.666737,6.4,3.84
T04,GL-4396,2026-03-19 05:17:00,7.933868,10.666645,5.4,3.1
T04,GL-4396,2026-03-19 05:18:00,7.9333,10.666686,10.1,3.21
T04,GL-4396,2026-03-19 05:19:00,7.932695,10.666792,9.4,4.37
T04,GL-4396,2026-03-19 05:20:00,7.932088,10.666771,9.0,5.18
T04,GL-4396,2026-03-19 05:21:00,7.93148,10.666767,11.2,3.43
T04,GL-4396,2026-03-19 05:22:00,7.930857,10.666823,4.2,4.13
T04,GL-4396,2026-03-19 05:23:00,7.930292,10.666735,6.6,3.36
T04,GL-4396,2026-03-19 05:24:00,7.929671,10.666835,,4.15
T04,GL-4396,2026-03-19 05:25:00,7.929147,10.666817,10.8,5.44
T04,GL-4396,2026-03-19 05:26:00,7.928545,10.666906,11.0,4.04
T04,GL-4396,2026-03-19 05:27:00,7.927895,10.666772,4.3,5.29
T04,GL-4396,2026-03-19 05:28:00,7.927262,10.66686,5.9,2.94
T04,GL-4396,2026-03-19 05:29:00,7.926783,10.666886,10.7,3.22
T04,GL-4396,2026-03-19 05:30:00,7.92604,10.666894,11.8,5.04
T04,GL-4396,2026-03-19 05:31:00,7.925404,10.666903,10.4,4.37
T04,GL-4396,2026-03-19 05:32:00,7.925024,10.666845,8.2,5.18
T04,GL-4396,2026-03-19 05:33:00,7.924333,10.666955,5.9,3.05
T04,GL-4396,2026-03-19 05:34:00,7.923804,10.666876,8.6,5.13
T04,GL-4396,2026-03-19 05:35:00,7.923135,10.666949,5.8,3.27
T04,GL-4396,2026-03-19 05:36:00,7.922429,10.666933,10.0,4.49
T04,GL-4396,2026-03-19 05:37:00,7.921959,10.667026,6.0,4.19
T04,GL-4396,2026-03-19 05:38:00,7.921402,10.666933,4.0,3.0
T04,GL-4396,2026-03-19 05:39:00,7.920799,10.667038,12.0,3.55
T04,GL-4396,2026-03-19 05:40:00,7.920137,10.666967,9.0,4.58
T04,GL-4396,2026-03-19 05:41:00,7.919568,10.667057,10.4,5.39
T04,GL-4396,2026-03-19 05:42:00,7.919144,10.667068,,3.26
T04,GL-4396,2026-03-19 05:43:00,7.918493,10.667126,9.8,4.1
T04,GL-4396,2026-03-19 05:44:00,7.917839,10.667114,,4.09
T04,GL-4396,2026-03-19 05:45:00,7.917249,10.667084,5.2,4.63
T04,GL-4396,2026-03-19 05:46:00,7.916598,10.667165,9.1,5.02
T04,GL-4396,2026-03-19 05:47:00,7.916171,10.667156,10.3,3.29
T04,GL-4396,2026-03-19 05:48:00,7.915502,10.667057,6.9,5.45
T04,GL-4396,2026-03-19 05:49:00,7.914929,10.667182,,5.3
T04,GL-4396,2026-03-19 05:50:00,7.914381,10.667065,4.8,3.17
T04,GL-4396,2026-03-19 05:51:00,7.913634,10.667148,8.7,3.39
T04,GL-4396,2026-03-19 05:52:00,7.913122,10.667316,11.1,2.88
T04,GL-4396,2026-03-19 05:53:00,7.912524,10.667307,10.8,3.05
T04,GL-4396,2026-03-19 05:54:00,7.912014,10.667177,6.0,3.43
T04,GL-4396,2026-03-19 05:55:00,7.911239,10.667165,10.0,3.66
T04,GL-4396,2026-03-19 05:56:00,7.910677,10.667237,10.5,5.22
T04,GL-4396,2026-03-19 05:57:00,7.910084,10.667262,4.2,5.16
T04,GL-4396,2026-03-19 05:58:00,7.909534,10.667204,5.9,3.75
T04,GL-4396,2026-03-19 05:59:00,7.908949,10.667284,8.9,4.19
T04,GL-4396,2026-03-19 06:00:00,7.908356,10.667256,4.3,3.38
T04,GL-4396,2026-03-19 06:01:00,7.907816,10.667292,10.3,2.82
T04,GL-4396,2026-03-19 06:02:00,7.90716,10.667245,6.0,5.31
T04,GL-4396,2026-03-19 06:03:00,7.906595,10.667317,5.8,4.23
T04,GL-4396,2026-03-19 06:04:00,7.90604,10.667407,7.6,4.77
T04,GL-4396,2026-03-19 06:05:00,7.905405,10.667329,9.5,4.09
T04,GL-4396,2026-03-19 06:06:00,7.904852,10.66741,4.3,5.5
T04,GL-4396,2026-03-19 06:07:00,7.904292,10.66733,7.3,4.51
T04,GL-4396,2026-03-19 06:08:00,7.903599,10.667315,7.3,3.51
T04,GL-4396,2026-03-19 06:09:00,7.903149,10.66745,6.3,3.85
T04,GL-4396,2026-03-19 06:10:00,7.902445,10.667384,6.1,3.34
T04,GL-4396,2026-03-19 06:11:00,7.901829,10.667438,5.3,3.78
T04,GL-4396,2026-03-19 06:12:00,7.901338,10.667488,6.6,5.58
T04,GL-4396,2026-03-19 06:13:00,7.900711,10.667471,5.3,3.14
T04,GL-4396,2026-03-19 06:14:00,7.900105,10.667473,6.8,3.43
T04,GL-4396,2026-03-19 06:15:00,7.899588,10.667418,6.2,3.5
T04,GL-4396,2026-03-19 06:16:00,7.898927,10.667411,5.4,3.47
T04,GL-4396,2026-03-19 06:17:00,7.898383,10.667383,11.6,4.83
T04,GL-4396,2026-03-19 06:18:00,7.897878,10.667617,,4.33
T04,GL-4396,2026-03-19 06:19:00,7.897075,10.667433,9.2,3.79
T04,GL-4396,2026-03-19 06:20:00,7.896664,10.667563,5.0,3.64
T04,GL-4396,2026-03-19 06:21:00,7.896031,10.667516,4.5,5.58
T04,GL-4396,2026-03-19 06:22:00,7.89545,10.667528,11.5,4.94
T04,GL-4396,2026-03-19 06:23:00,7.89477,10.667592,9.9,3.76
T04,GL-4396,2026-03-19 06:24:00,7.894159,10.667702,9.0,3.44
T04,GL-4396,2026-03-19 06:25:00,7.893662,10.667573,8.8,3.73
T04,GL-4396,2026-03-19 06:26:00,7.892992,10.667612,5.9,3.13
T04,GL-4396,2026-03-19 06:27:00,7.89242,10.667633,6.8,5.07
T04,GL-4396,2026-03-19 06:28:00,7.89186,10.667577,6.4,4.9
T04,GL-4396,2026-03-19 06:29:00,7.891281,10.667683,6.2,4.78
T04,GL-4396,2026-03-19 06:30:00,7.890739,10.667665,11.6,5.08
T04,GL-4396,2026-03-19 06:31:00,7.890113,10.667596,9.3,2.99
T04,GL-4396,2026-03-19 06:32:00,7.889466,10.667659,10.3,5.1
T04,GL-4396,2026-03-19 06:33:00,7.888845,10.667754,5.2,4.45
T04,GL-4396,2026-03-19 06:34:00,7.888216,10.667765,7.6,4.22
T04,GL-4396,2026-03-19 06:35:00,7.887869,10.667726,11.5,3.5
T04,GL-4396,2026-03-19 06:36:00,7.88712,10.667823,10.7,3.44
T04,GL-4396,2026-03-19 06:37:00,7.886573,10.66781,8.9,4.67
T04,GL-4396,2026-03-19 06:38:00,7.885966,10.667843,7.0,2.94
T04,GL-4396,2026-03-19 06:39:00,7.885408,10.66782,7.2,3.99
T04,GL-4396,2026-03-19 06:40:00,7.884632,10.66782,6.8,3.79
T04,GL-4396,2026-03-19 06:41:00,7.884178,10.667914,6.9,5.39
T04,GL-4396,2026-03-19 06:42:00,7.883552,10.667813,7.9,3.83
T04,GL-4396,2026-03-19 06:43:00,7.882916,10.667811,6.7,5.44
T04,GL-4396,2026-03-19 06:44:00,7.882384,10.667936,8.0,3.23
T04,GL-4396,2026-03-19 06:45:00,7.881785,10.667831,9.9,4.0
T04,GL-4396,2026-03-19 06:46:00,7.881218,10.667958,11.8,3.23
T04,GL-4396,2026-03-19 06:47:00,7.880616,10.667946,5.8,3.07
T04,GL-4396,2026-03-19 06:48:00,7.879956,10.667913,11.0,4.45
T04,GL-4396,2026-03-19 06:49:00,7.879441,10.667895,5.4,4.2
T04,GL-4396,2026-03-19 06:50:00,7.878788,10.667912,8.6,3.12
T04,GL-4396,2026-03-19 06:51:00,7.878267,10.667975,10.0,4.46
T04,GL-4396,2026-03-19 06:52:00,7.877585,10.667958,9.6,3.71
T04,GL-4396,2026-03-19 06:53:00,7.8771,10.667992,11.1,4.14
T04,GL-4396,2026-03-19 06:54:00,7.876383,10.66797,6.8,4.97
T04,GL-4396,2026-03-19 06:55:00,7.875898,10.667945,10.0,3.25
T04,GL-4396,2026-03-19 06:56:00,7.87534,10.668032,6.3,3.26
T04,GL-4396,2026-03-19 06:57:00,7.874649,10.66805,11.4,3.61
T04,GL-4396,2026-03-19 06:58:00,7.873982,10.668009,5.8,2.94
T04,GL-4396,2026-03-19 06:59:00,7.873423,10.667987,4.2,4.29
T04,GL-4396,2026-03-19 07:00:00,7.872906,10.667935,7.5,5.0
T04,GL-4396,2026-03-19 07:01:00,7.872309,10.668107,8.2,4.51
T04,GL-4396,2026-03-19 07:02:00,7.871716,10.668104,4.7,3.3
T04,GL-4396,2026-03-19 07:03:00,7.871146,10.668184,5.4,4.77
T04,GL-4396,2026-03-19 07:04:00,7.870676,10.668071,11.8,3.73
T04,GL-4396,2026-03-19 07:05:00,7.87,10.66814,8.8,5.31
T04,GL-4396,2026-03-19 07:06:00,7.86937,10.668089,5.4,4.6
T04,GL-4396,2026-03-19 07:07:00,7.868882,10.668164,5.6,4.25
T04,GL-4396,2026-03-19 07:08:00,7.868161,10.668134,10.8,3.08
T04,GL-4396,2026-03-19 07:09:00,7.867619,10.668168,,5.1
T04,GL-4396,2026-03-19 07:10:00,7.867015,10.668126,8.2,4.57
T04,GL-4396,2026-03-19 07:11:00,7.86647,10.668236,4.6,3.5
T04,GL-4396,2026-03-19 07:12:00,7.865874,10.668188,9.1,2.95
T04,GL-4396,2026-03-19 07:13:00,7.8653,10.668292,8.7,3.02
T04,GL-4396,2026-03-19 07:14:00,7.864517,10.668253,8.4,4.75
T04,GL-4396,2026-03-19 07:15:00,7.863947,10.668226,6.7,5.18
T04,GL-4396,2026-03-19 07:16:00,7.863408,10.668347,6.9,3.87
T04,GL-4396,2026-03-19 07:17:00,7.862905,10.66826,9.0,4.68
T04,GL-4396,2026-03-19 07:18:00,7.862364,10.668353,11.1,3.41
T04,GL-4396,2026-03-19 07:19:00,7.861702,10.668398,5.1,5.3
T04,GL-4396,2026-03-19 07:20:00,7.861039,10.66839,5.9,4.52
T04,GL-4396,2026-03-19 07:21:00,7.860489,10.668255,9.6,5.28
T04,GL-4396,2026-03-19 07:22:00,7.859953,10.668292,11.9,5.25
T04,GL-4396,2026-03-19 07:23:00,7.859289,10.668396,8.8,5.09
T04,GL-4396,2026-03-19 07:24:00,7.858726,10.668432,11.0,3.34
T04,GL-4396,2026-03-19 07:25:00,7.858045,10.668493,10.6,4.4
T04,GL-4396,2026-03-19 07:26:00,7.857585,10.668395,7.3,3.28
T04,GL-4396,2026-03-19 07:27:00,7.857048,10.66839,6.2,5.32
T04,GL-4396,2026-03-19 07:28:00,7.856351,10.668347,8.1,3.81
T04,GL-4396,2026-03-19 07:29:00,7.855829,10.668353,7.5,3.54
T04,GL-4396,2026-03-19 07:30:00,7.855211,10.668341,4.6,5.51
T04,GL-4396,2026-03-19 07:31:00,7.854532,10.668472,9.8,3.14
T04,GL-4396,2026-03-19 07:32:00,7.854015,10.668572,4.0,4.73
T04,GL-4396,2026-03-19 07:33:00,7.853407,10.66846,4.4,3.2
T04,GL-4396,2026-03-19 07:34:00,7.852861,10.66854,10.1,4.14
T04,GL-4396,2026-03-19 07:35:00,7.852246,10.668573,10.2,3.34
T04,GL-4396,2026-03-19 07:36:00,7.851698,10.668438,10.3,2.85
T04,GL-4396,2026-03-19 07:37:00,7.851152,10.668434,7.1,5.49
T04,GL-4396,2026-03-19 07:38:00,7.850409,10.668611,10.0,3.17
T04,GL-4396,2026-03-19 07:39:00,7.850016,10.668661,5.6,5.21
T04,GL-4396,2026-03-19 07:40:00,7.84931,10.668596,9.7,3.36
T04,GL-4396,2026-03-19 07:41:00,7.848645,10.668487,12.0,3.07
T04,GL-4396,2026-03-19 07:42:00,7.848086,10.668627,8.0,3.27
T04,GL-4396,2026-03-19 07:43:00,7.847435,10.668739,,3.82
T04,GL-4396,2026-03-19 07:44:00,7.846857,10.668668,11.2,3.73
T04,GL-4396,2026-03-19 07:45:00,7.846307,10.668709,6.2,4.39
T04,GL-4396,2026-03-19 07:46:00,7.84583,10.668628,9.4,2.92
T04,GL-4396,2026-03-19 07:47:00,7.845132,10.668603,6.4,4.66
T04,GL-4396,2026-03-19 07:48:00,7.844522,10.668653,9.5,4.31
T04,GL-4396,2026-03-19 07:49:00,7.843908,10.668676,9.2,5.59
T04,GL-4396,2026-03-19 07:50:00,7.84334,10.668773,10.2,4.57
T04,GL-4396,2026-03-19 07:51:00,7.842754,10.668843,4.0,4.3
T04,GL-4396,2026-03-19 07:52:00,7.842175,10.668663,6.7,4.62
T04,GL-4396,2026-03-19 07:53:00,7.841619,10.668804,4.9,2.91
T04,GL-4396,2026-03-19 07:54:00,7.840925,10.668684,8.0,3.13
T04,GL-4396,2026-03-19 07:55:00,7.84047,10.668765,4.9,2.92
T04,GL-4396,2026-03-19 07:56:00,7.839768,10.668808,4.2,5.01
T04,GL-4396,2026-03-19 07:57:00,7.839089,10.66878,4.4,3.52
T04,GL-4396,2026-03-19 07:58:00,7.838573,10.668818,,4.16
T04,GL-4396,2026-03-19 07:59:00,7.838077,10.668836,7.0,4.1
T04,GL-4396,2026-03-19 08:00:00,7.837428,10.668931,11.9,3.86
T04,GL-4396,2026-03-19 08:01:00,7.83695,10.668987,7.6,3.49
T04,GL-4396,2026-03-19 08:02:00,7.836346,10.668921,10.6,3.92
T04,GL-4396,2026-03-19 08:03:00,7.83564,10.668964,5.0,4.26
T04,GL-4396,2026-03-19 08:04:00,7.835068,10.668883,5.9,4.08
T04,GL-4396,2026-03-19 08:05:00,7.834506,10.668875,5.4,2.93
T04,GL-4396,2026-03-19 08:06:00,7.833872,10.668943,4.8,4.06
T04,GL-4396,2026-03-19 08:07:00,7.83339,10.668804,10.1,3.7
T04,GL-4396,2026-03-19 08:08:00,7.832648,10.668868,8.7,4.89
T04,GL-4396,2026-03-19 08:09:00,7.832131,10.668951,10.9,3.08
T04,GL-4396,2026-03-19 08:10:00,7.831548,10.668956,11.6,3.23
T04,GL-4396,2026-03-19 08:11:00,7.831017,10.668992,4.7,5.02
T04,GL-4396,2026-03-19 08:12:00,7.830441,10.668947,10.8,4.35
T04,GL-4396,2026-03-19 08:13:00,7.829742,10.669071,4.2,5.28
T04,GL-4396,2026-03-19 08:14:00,7.829247,10.668919,7.7,5.52
T04,GL-4396,2026-03-19 08:15:00,7.828533,10.669086,5.7,5.6
T04,GL-4396,2026-03-19 08:16:00,7.828085,10.668991,11.5,4.97
T04,GL-4396,2026-03-19 08:17:00,7.827419,10.669052,7.7,3.4
T04,GL-4396,2026-03-19 08:18:00,7.826883,10.669028,11.2,2.94
T04,GL-4396,2026-03-19 08:19:00,7.826201,10.66915,7.0,5.36
T04,GL-4396,2026-03-19 08:20:00,7.825684,10.669053,11.7,4.79
T04,GL-4396,2026-03-19 08:21:00,7.825002,10.669122,,3.16
T04,GL-4396,2026-03-19 08:22:00,7.824386,10.669077,4.4,3.89
T04,GL-4396,2026-03-19 08:23:00,7.823796,10.669227,10.2,3.96
T04,GL-4396,2026-03-19 08:24:00,7.823241,10.669093,8.0,3.48
T04,GL-4396,2026-03-19 08:25:00,7.822749,10.669184,10.7,2.96
T04,GL-4396,2026-03-19 08:26:00,7.822047,10.669107,8.1,3.18
T04,GL-4396,2026-03-19 08:27:00,7.821543,10.669208,11.0,3.7
T04,GL-4396,2026-03-19 08:28:00,7.820856,10.669197,9.4,4.74
T04,GL-4396,2026-03-19 08:29:00,7.820251,10.669207,5.8,3.78
T04,GL-4396,2026-03-19 08:30:00,7.819729,10.669213,11.1,3.15
T04,GL-4396,2026-03-19 08:31:00,7.819208,10.669233,7.9,2.81
T04,GL-4396,2026-03-19 08:32:00,7.818523,10.669237,5.7,5.18
T04,GL-4396,2026-03-19 08:33:00,7.817979,10.669293,6.8,4.77
T04,GL-4396,2026-03-19 08:34:00,7.817373,10.669199,10.8,2.92
T04,GL-4396,2026-03-19 08:35:00,7.816891,10.669233,7.9,3.33
T04,GL-4396,2026-03-19 08:36:00,7.816053,10.669379,6.0,4.86
T04,GL-4396,2026-03-19 08:37:00,7.815563,10.669303,5.9,4.65
T04,GL-4396,2026-03-19 08:38:00,7.814929,10.669342,5.9,3.47
T04,GL-4396,2026-03-19 08:39:00,7.8144,10.669447,11.9,5.21
T04,GL-4396,2026-03-19 08:40:00,7.813835,10.669416,6.9,3.02
T04,GL-4396,2026-03-19 08:41:00,7.813201,10.669319,,3.13
T04,GL-4396,2026-03-19 08:42:00,7.812687,10.669391,4.3,3.47
T04,GL-4396,2026-03-19 08:43:00,7.812116,10.669495,7.5,4.51
T04,GL-4396,2026-03-19 08:44:00,7.81143,10.669435,6.5,3.27
T04,GL-4396,2026-03-19 08:45:00,7.810851,10.669484,10.7,3.36
T04,GL-4396,2026-03-19 08:46:00,7.810215,10.669464,8.3,4.55
T04,GL-4396,2026-03-19 08:47:00,7.80974,10.669394,6.1,4.64
T04,GL-4396,2026-03-19 08:48:00,7.809019,10.669592,6.6,3.35
T04,GL-4396,2026-03-19 08:49:00,7.80845,10.669583,7.7,4.57
T04,GL-4396,2026-03-19 08:50:00,7.807925,10.669522,9.7,5.24
T04,GL-4396,2026-03-19 08:51:00,7.807409,10.669538,8.4,3.12
T04,GL-4396,2026-03-19 08:52:00,7.806796,10.669393,4.7,3.78
T04,GL-4396,2026-03-19 08:53:00,7.80603,10.66947,7.7,3.2
T04,GL-4396,2026-03-19 08:54:00,7.80547,10.669548,7.5,3.57
T04,GL-4396,2026-03-19 08:55:00,7.804973,10.669585,10.3,3.41
T04,GL-4396,2026-03-19 08:56:00,7.804389,10.669528,7.6,5.58
T04,GL-4396,2026-03-19 08:57:00,7.803698,10.669605,4.9,5.56
T04,GL-4396,2026-03-19 08:58:00,7.803127,10.669616,6.5,3.25
T04,GL-4396,2026-03-19 08:59:00,7.802578,10.669641,4.2,5.54
T04,GL-4396,2026-03-19 09:00:00,7.802031,10.669675,9.5,4.27
T04,GL-4396,2026-03-19 09:01:00,7.801363,10.669774,7.0,5.59
T04,GL-4396,2026-03-19 09:02:00,7.800868,10.669658,4.7,5.5
T04,GL-4396,2026-03-19 09:03:00,7.800277,10.669701,6.3,3.74
T04,GL-4396,2026-03-19 09:04:00,7.799593,10.66963,5.1,4.3
T04,GL-4396,2026-03-19 09:05:00,7.79905,10.669743,9.9,5.02
T04,GL-4396,2026-03-19 09:06:00,7.798495,10.669729,9.2,4.42
T04,GL-4396,2026-03-19 09:07:00,7.797775,10.669715,7.9,4.59
T04,GL-4396,2026-03-19 09:08:00,7.797189,10.669741,11.3,4.38
T04,GL-4396,2026-03-19 09:09:00,7.796679,10.669677,10.0,3.7
T04,GL-4396,2026-03-19 09:10:00,7.796089,10.669796,4.3,4.4
T04,GL-4396,2026-03-19 09:11:00,7.795421,10.669715,7.4,5.22
T04,GL-4396,2026-03-19 09:12:00,7.794881,10.669744,10.2,4.12
T04,GL-4396,2026-03-19 09:13:00,7.794165,10.669809,5.4,4.99
T04,GL-4396,2026-03-19 09:14:00,7.793673,10.669812,4.3,5.55
T04,GL-4396,2026-03-19 09:15:00,7.79311,10.669773,11.7,4.5
T04,GL-4396,2026-03-19 09:16:00,7.792502,10.669806,7.3,3.37
T04,GL-4396,2026-03-19 09:17:00,7.79186,10.669884,6.0,2.98
T04,GL-4396,2026-03-19 09:18:00,7.791437,10.66983,8.7,5.25
T04,GL-4396,2026-03-19 09:19:00,7.790713,10.670012,9.8,4.85
T04,GL-4396,2026-03-19 09:20:00,7.790167,10.6699,5.8,4.56
T04,GL-4396,2026-03-19 09:21:00,7.78964,10.669883,5.7,4.77
T04,GL-4396,2026-03-19 09:22:00,7.788978,10.669959,4.1,5.37
T04,GL-4396,2026-03-19 09:23:00,7.788415,10.669923,7.1,3.82
T04,GL-4396,2026-03-19 09:24:00,7.787872,10.670025,10.6,4.58
T04,GL-4396,2026-03-19 09:25:00,7.787209,10.669887,11.4,3.69
T04,GL-4396,2026-03-19 09:26:00,7.786608,10.670024,8.9,5.08
T04,GL-4396,2026-03-19 09:27:00,7.786071,10.670015,10.5,3.94
T04,GL-4396,2026-03-19 09:28:00,7.785431,10.669962,9.6,3.95
T04,GL-4396,2026-03-19 09:29:00,7.784851,10.669991,6.3,3.53
T04,GL-4396,2026-03-19 09:30:00,7.78425,10.670063,5.7,3.85
T04,GL-4396,2026-03-19 09:31:00,7.783648,10.67008,7.0,3.86
T04,GL-4396,2026-03-19 09:32:00,7.783108,10.670009,11.4,4.86
T04,GL-4396,2026-03-19 09:33:00,7.782491,10.670032,9.0,2.86
T04,GL-4396,2026-03-19 09:34:00,7.78186,10.669966,8.4,4.7
T04,GL-4396,2026-03-19 09:35:00,7.781368,10.670079,10.3,3.96
T04,GL-4396,2026-03-19 09:36:00,7.780702,10.6701,10.8,2.96
T04,GL-4396,2026-03-19 09:37:00,7.780102,10.6701,7.1,3.76
T04,GL-4396,2026-03-19 09:38:00,7.779443,10.67015,6.1,5.18
T04,GL-4396,2026-03-19 09:39:00,7.778909,10.670152,10.0,4.43
T04,GL-4396,2026-03-19 09:40:00,7.778429,10.670113,11.8,3.22
T04,GL-4396,2026-03-19 09:41:00,7.777763,10.67014,8.6,3.16
T04,GL-4396,2026-03-19 09:42:00,7.777194,10.670193,6.7,3.0
T04,GL-4396,2026-03-19 09:43:00,7.776605,10.670182,9.7,3.37
T04,GL-4396,2026-03-19 09:44:00,7.775957,10.670208,6.9,4.33
T04,GL-4396,2026-03-19 09:45:00,7.775397,10.670127,4.6,4.8
T04,GL-4396,2026-03-19 09:46:00,7.774758,10.670265,8.6,4.34
T04,GL-4396,2026-03-19 09:47:00,7.774163,10.670305,6.1,3.2
T04,GL-4396,2026-03-19 09:48:00,7.773671,10.670236,10.3,4.47
T04,GL-4396,2026-03-19 09:49:00,7.773141,10.67025,8.4,5.07
T04,GL-4396,2026-03-19 09:50:00,7.77248,10.670227,9.4,5.3
T04,GL-4396,2026-03-19 09:51:00,7.771881,10.670372,11.2,3.08
T04,GL-4396,2026-03-19 09:52:00,7.77136,10.670272,8.1,3.58
T04,GL-4396,2026-03-19 09:53:00,7.770734,10.670298,9.9,4.86
T04,GL-4396,2026-03-19 09:54:00,7.770032,10.670335,7.5,5.15
T04,GL-4396,2026-03-19 09:55:00,7.769517,10.67033,7.6,4.01
T04,GL-4396,2026-03-19 09:56:00,7.768876,10.670331,7.1,3.35
T04,GL-4396,2026-03-19 09:57:00,7.768295,10.670362,9.0,5.12
T04,GL-4396,2026-03-19 09:58:00,7.767692,10.670344,9.9,2.84
T04,GL-4396,2026-03-19 09:59:00,7.767166,10.670354,10.7,3.9
T04,GL-4396,2026-03-19 10:00:00,7.766444,10.670421,6.7,3.79
T04,GL-4396,2026-03-19 10:01:00,7.765824,10.670388,6.1,2.95
T04,GL-4396,2026-03-19 10:02:00,7.765348,10.670424,8.7,5.47
T04,GL-4396,2026-03-19 10:03:00,7.764661,10.670428,7.8,3.8
T04,GL-4396,2026-03-19 10:04:00,7.76411,10.670522,4.2,5.57
T04,GL-4396,2026-03-19 10:05:00,7.763588,10.670465,6.1,5.33
T04,GL-4396,2026-03-19 10:06:00,7.762933,10.670436,8.1,3.65
T04,GL-4396,2026-03-19 10:07:00,7.762443,10.67041,8.1,5.55
T04,GL-4396,2026-03-19 10:08:00,7.761835,10.670379,8.5,4.38
T04,GL-4396,2026-03-19 10:09:00,7.761272,10.67046,5.8,3.34
T04,GL-4396,2026-03-19 10:10:00,7.760637,10.670573,6.0,3.4
T04,GL-4396,2026-03-19 10:11:00,7.760098,10.670533,8.4,4.28
T04,GL-4396,2026-03-19 10:12:00,7.759439,10.670583,4.2,5.55
T04,GL-4396,2026-03-19 10:13:00,7.758836,10.670612,8.8,5.51
T04,GL-4396,2026-03-19 10:14:00,7.758267,10.670739,8.4,4.53
T04,GL-4396,2026-03-19 10:15:00,7.757782,10.670539,,5.03
T04,GL-4396,2026-03-19 10:16:00,7.75706,10.670559,6.2,4.52
T04,GL-4396,2026-03-19 10:17:00,7.75642,10.67078,7.0,3.76
T04,GL-4396,2026-03-19 10:18:00,7.756034,10.670569,6.7,4.26
T04,GL-4396,2026-03-19 10:19:00,7.755373,10.670632,9.1,5.26
T04,GL-4396,2026-03-19 10:20:00,7.754636,10.670638,8.4,5.06
T04,GL-4396,2026-03-19 10:21:00,7.754042,10.670751,5.0,4.21
T04,GL-4396,2026-03-19 10:22:00,7.753458,10.670642,11.6,4.91
T04,GL-4396,2026-03-19 10:23:00,7.752977,10.670722,11.0,3.11
T04,GL-4396,2026-03-19 10:24:00,7.752243,10.670691,9.8,3.61
T04,GL-4396,2026-03-19 10:25:00,7.751703,10.670772,9.6,4.98
T04,GL-4396,2026-03-19 10:26:00,7.751172,10.67077,11.5,5.52
T04,GL-4396,2026-03-19 10:27:00,7.750546,10.670675,9.1,4.59
T04,GL-4396,2026-03-19 10:28:00,7.750038,10.670869,7.7,4.05
T04,GL-4396,2026-03-19 10:29:00,7.749258,10.670682,4.0,3.9
T04,GL-4396,2026-03-19 10:30:00,7.748786,10.670758,6.3,4.91
T04,GL-4396,2026-03-19 10:31:00,7.748248,10.670718,5.2,3.99
T04,GL-4396,2026-03-19 10:32:00,7.747673,10.670821,11.1,3.72
T04,GL-4396,2026-03-19 10:33:00,7.746956,10.670781,4.2,4.18
T04,GL-4396,2026-03-19 10:34:00,7.746427,10.670809,4.1,4.86
T04,GL-4396,2026-03-19 10:35:00,7.745809,10.67089,10.2,4.47
T04,GL-4396,2026-03-19 10:36:00,7.745185,10.670905,9.9,4.55
T04,GL-4396,2026-03-19 10:37:00,7.744648,10.670904,4.3,4.3
T04,GL-4396,2026-03-19 10:38:00,7.744148,10.670895,6.9,4.91
T04,GL-4396,2026-03-19 10:39:00,7.743444,10.670893,,5.51
T04,GL-4396,2026-03-19 10:40:00,7.742825,10.67104,10.0,4.86
T04,GL-4396,2026-03-19 10:41:00,7.742236,10.670958,7.9,3.6
T04,GL-4396,2026-03-19 10:42:00,7.741577,10.671039,10.0,4.63
T04,GL-4396,2026-03-19 10:43:00,7.741105,10.670905,6.1,4.23
T04,GL-4396,2026-03-19 10:44:00,7.740515,10.671094,9.6,4.88
T04,GL-4396,2026-03-19 10:45:00,7.739899,10.671005,11.0,5.17
T04,GL-4396,2026-03-19 10:46:00,7.739377,10.671021,8.1,5.19
T04,GL-4396,2026-03-19 10:47:00,7.738722,10.670991,8.1,4.57
T04,GL-4396,2026-03-19 10:48:00,7.738127,10.670979,5.8,2.99
T04,GL-4396,2026-03-19 10:49:00,7.737644,10.671092,7.1,5.41
T04,GL-4396,2026-03-19 10:50:00,7.737034,10.671104,4.1,3.24
T04,GL-4396,2026-03-19 10:51:00,7.736342,10.671116,5.7,4.2
T04,GL-4396,2026-03-19 10:52:00,7.735698,10.671126,10.4,5.28
T04,GL-4396,2026-03-19 10:53:00,7.735188,10.670997,5.3,4.88
T04,GL-4396,2026-03-19 10:54:00,7.734586,10.671098,11.2,3.13
T04,GL-4396,2026-03-19 10:55:00,7.734004,10.671051,4.0,4.29
T04,GL-4396,2026-03-19 10:56:00,7.733472,10.671069,11.5,3.83
T04,GL-4396,2026-03-19 10:57:00,7.732926,10.671126,7.7,4.13
T04,GL-4396,2026-03-19 10:58:00,7.732232,10.671159,8.7,5.14
T04,GL-4396,2026-03-19 10:59:00,7.731666,10.6712,7.8,3.74
T04,GL-4396,2026-03-19 11:00:00,7.731138,10.671164,5.3,4.86
T04,GL-4396,2026-03-19 11:01:00,7.73049,10.671156,4.4,5.16
T04,GL-4396,2026-03-19 11:02:00,7.729829,10.671146,11.1,2.83
T04,GL-4396,2026-03-19 11:03:00,7.729263,10.671266,7.0,2.89
T04,GL-4396,2026-03-19 11:04:00,7.728639,10.671199,4.6,5.45
T04,GL-4396,2026-03-19 11:05:00,7.728018,10.671241,7.9,3.29
T04,GL-4396,2026-03-19 11:06:00,7.72744,10.671238,6.9,3.56
T04,GL-4396,2026-03-19 11:07:00,7.726892,10.67127,8.7,3.98
T04,GL-4396,2026-03-19 11:08:00,7.72634,10.671279,8.7,3.7
T04,GL-4396,2026-03-19 11:09:00,7.725599,10.671341,4.5,3.52
T04,GL-4396,2026-03-19 11:10:00,7.77871,10.671231,5.8,446.09
T04,GL-4396,2026-03-19 11:11:00,7.724607,10.671246,6.4,4.83
T04,GL-4396,2026-03-19 11:12:00,7.724035,10.671276,11.7,4.06
T04,GL-4396,2026-03-19 11:13:00,7.723383,10.671423,4.3,4.61
T04,GL-4396,2026-03-19 11:14:00,7.722795,10.6714,5.6,5.33
T04,GL-4396,2026-03-19 11:15:00,7.722114,10.671383,6.6,5.21
T04,GL-4396,2026-03-19 11:16:00,7.721616,10.671381,10.4,4.79
T04,GL-4396,2026-03-19 11:17:00,7.721023,10.671351,7.0,3.33
T04,GL-4396,2026-03-19 11:18:00,7.720474,10.671385,6.5,3.77
T04,GL-4396,2026-03-19 11:19:00,7.719834,10.671389,5.7,3.7
T04,GL-4396,2026-03-19 11:20:00,7.719236,10.671472,8.4,4.64
T04,GL-4396,2026-03-19 11:21:00,7.718661,10.671457,10.1,3.69
T04,GL-4396,2026-03-19 11:22:00,7.718109,10.671446,11.5,5.34
T04,GL-4396,2026-03-19 11:23:00,7.717416,10.67147,8.8,5.13
T04,GL-4396,2026-03-19 11:24:00,7.716988,10.671558,6.8,5.23
T04,GL-4396,2026-03-19 11:25:00,7.716256,10.671477,8.7,3.46
T04,GL-4396,2026-03-19 11:26:00,7.715814,10.671417,10.0,3.79
T04,GL-4396,2026-03-19 11:27:00,7.715218,10.671539,11.8,5.49
T04,GL-4396,2026-03-19 11:28:00,7.714583,10.671428,8.2,3.95
T04,GL-4396,2026-03-19 11:29:00,7.713895,10.671561,8.4,3.89
T04,GL-4396,2026-03-19 11:30:00,7.713365,10.671459,4.6,5.09
T04,GL-4396,2026-03-19 11:31:00,7.712626,10.671488,6.2,3.54
T04,GL-4396,2026-03-19 11:32:00,7.712101,10.671621,9.9,3.27
T04,GL-4396,2026-03-19 11:33:00,7.711597,10.671536,5.5,2.88
T04,GL-4396,2026-03-19 11:34:00,7.710981,10.671733,4.1,3.72
T04,GL-4396,2026-03-19 11:35:00,7.710389,10.671627,11.4,4.64
T04,GL-4396,2026-03-19 11:36:00,7.70976,10.671706,11.7,2.99
T04,GL-4396,2026-03-19 11:37:00,7.709133,10.671758,7.1,3.97
T04,GL-4396,2026-03-19 11:38:00,7.708619,10.671741,10.5,4.76
T04,GL-4396,2026-03-19 11:39:00,7.7081,10.671811,9.2,5.11
T04,GL-4396,2026-03-19 11:40:00,7.707367,10.671788,8.4,4.96
T04,GL-4396,2026-03-19 11:41:00,7.706852,10.671715,8.6,4.56
T04,GL-4396,2026-03-19 11:42:00,7.70632,10.671743,8.7,3.47
T04,GL-4396,2026-03-19 11:43:00,7.705674,10.671763,11.4,5.37
T04,GL-4396,2026-03-19 11:44:00,7.704982,10.671711,7.2,4.39
T04,GL-4396,2026-03-19 11:45:00,7.704544,10.671784,6.2,2.83
T04,GL-4396,2026-03-19 11:46:00,7.70388,10.671759,5.5,3.91
T04,GL-4396,2026-03-19 11:47:00,7.703283,10.671852,9.9,4.72
T04,GL-4396,2026-03-19 11:48:00,7.702618,10.671857,6.9,2.81
T04,GL-4396,2026-03-19 11:49:00,7.702111,10.671822,10.8,5.16
T04,GL-4396,2026-03-19 11:50:00,7.70152,10.671816,6.4,3.37
T04,GL-4396,2026-03-19 11:51:00,7.700988,10.671882,8.4,4.82
T04,GL-4396,2026-03-19 11:52:00,7.700404,10.671762,11.3,5.4
T04,GL-4396,2026-03-19 11:53:00,7.699771,10.671872,5.7,4.84
T04,GL-4396,2026-03-19 11:54:00,7.699196,10.67188,9.0,5.19
T04,GL-4396,2026-03-19 11:55:00,7.698584,10.672015,7.5,3.98
T04,GL-4396,2026-03-19 11:56:00,7.697913,10.672,11.9,3.76
T04,GL-4396,2026-03-19 11:57:00,7.697471,10.671925,4.6,4.39
T04,GL-4396,2026-03-19 11:58:00,7.696808,10.671925,8.8,5.19
T04,GL-4396,2026-03-19 11:59:00,7.696176,10.671956,10.2,4.48
T04,GL-4396,2026-03-19 12:00:00,7.695725,10.672002,9.1,4.26
T04,GL-4396,2026-03-19 12:01:00,7.695037,10.672019,4.3,2.97
T04,GL-4396,2026-03-19 12:02:00,7.694394,10.671984,5.8,2.92
T04,GL-4396,2026-03-19 12:03:00,7.693868,10.671877,,4.41
T04,GL-4396,2026-03-19 12:04:00,7.693256,10.672156,5.7,4.2
T04,GL-4396,2026-03-19 12:05:00,7.692713,10.672037,10.9,3.8
T04,GL-4396,2026-03-19 12:06:00,7.692093,10.672182,8.3,5.41
T04,GL-4396,2026-03-19 12:07:00,7.691512,10.672026,11.9,5.35
T04,GL-4396,2026-03-19 12:08:00,7.690922,10.671987,7.2,4.95
T04,GL-4396,2026-03-19 12:09:00,7.690351,10.672131,6.0,3.36
T04,GL-4396,2026-03-19 12:10:00,7.689621,10.672251,7.8,3.08
T04,GL-4396,2026-03-19 12:11:00,7.689046,10.672112,9.0,3.43
T04,GL-4396,2026-03-19 12:12:00,7.688553,10.672074,8.8,3.96
T04,GL-4396,2026-03-19 12:13:00,7.688004,10.672216,6.4,4.23
T04,GL-4396,2026-03-19 12:14:00,7.687325,10.672093,6.9,4.52
T04,GL-4396,2026-03-19 12:15:00,7.686646,10.672092,4.3,4.2
T04,GL-4396,2026-03-19 12:16:00,7.686112,10.672257,5.2,2.97
T04,GL-4396,2026-03-19 12:17:00,7.685522,10.67225,6.2,3.23
T04,GL-4396,2026-03-19 12:18:00,7.685041,10.67218,10.4,5.57
T04,GL-4396,2026-03-19 12:19:00,7.684367,10.672224,11.7,5.56
T04,GL-4396,2026-03-19 12:20:00,7.683807,10.672235,5.4,5.52
T04,GL-4396,2026-03-19 12:21:00,7.683182,10.672288,6.3,4.34
T04,GL-4396,2026-03-19 12:22:00,7.68261,10.672317,6.8,4.65
T04,GL-4396,2026-03-19 12:23:00,7.682017,10.672263,9.2,4.84
T04,GL-4396,2026-03-19 12:24:00,7.681297,10.672422,5.3,3.91
T04,GL-4396,2026-03-19 12:25:00,7.680873,10.672307,10.3,4.29
T04,GL-4396,2026-03-19 12:26:00,7.680124,10.672312,7.9,5.21
T04,GL-4396,2026-03-19 12:27:00,7.679758,10.672211,8.8,3.19
T04,GL-4396,2026-03-19 12:28:00,7.67909,10.672305,4.1,4.18
T04,GL-4396,2026-03-19 12:29:00,7.678504,10.672309,4.8,3.19
T04,GL-4396,2026-03-19 12:30:00,7.67793,10.672264,10.4,3.06
T04,GL-4396,2026-03-19 12:31:00,7.677329,10.672333,7.4,5.07
T04,GL-4396,2026-03-19 12:32:00,7.676699,10.672411,4.7,5.12
T04,GL-4396,2026-03-19 12:33:00,7.676116,10.672299,4.1,5.31
T04,GL-4396,2026-03-19 12:34:00,7.675547,10.672458,10.7,5.27
T04,GL-4396,2026-03-19 12:35:00,7.674944,10.672498,6.6,2.95
T04,GL-4396,2026-03-19 12:36:00,7.674372,10.672465,4.4,4.52
T04,GL-4396,2026-03-19 12:37:00,7.673634,10.672484,9.0,5.52
T04,GL-4396,2026-03-19 12:38:00,7.673049,10.672416,9.8,5.11
T04,GL-4396,2026-03-19 12:39:00,7.672516,10.672449,11.8,3.07
T04,GL-4396,2026-03-19 12:40:00,7.671911,10.67245,6.5,4.41
T04,GL-4396,2026-03-19 12:41:00,7.387354,10.672399,9.5,258.73
T04,GL-4396,2026-03-19 12:42:00,7.670746,10.67248,6.3,3.88
T04,GL-4396,2026-03-19 12:43:00,7.670147,10.672492,6.6,3.14
T04,GL-4396,2026-03-19 12:44:00,7.66956,10.67249,8.3,4.42
T04,GL-4396,2026-03-19 12:45:00,7.668926,10.672565,10.0,5.13
T04,GL-4396,2026-03-19 12:46:00,7.668491,10.672554,7.2,3.88
T04,GL-4396,2026-03-19 12:47:00,7.667812,10.672638,4.0,3.21
T04,GL-4396,2026-03-19 12:48:00,7.667217,10.672618,7.1,3.98
T04,GL-4396,2026-03-19 12:49:00,7.666596,10.672497,7.9,3.68
T04,GL-4396,2026-03-19 12:50:00,7.666072,10.672677,11.7,4.95
T04,GL-4396,2026-03-19 12:51:00,7.66548,10.672701,9.1,4.85
T04,GL-4396,2026-03-19 12:52:00,7.665012,10.672562,10.5,3.14
T04,GL-4396,2026-03-19 12:53:00,7.664264,10.672668,10.0,5.24
T04,GL-4396,2026-03-19 12:54:00,7.66362,10.672514,8.6,5.31
T04,GL-4396,2026-03-19 12:55:00,7.663073,10.67264,,4.95
T04,GL-4396,2026-03-19 12:56:00,7.662472,10.672767,11.8,3.91
T04,GL-4396,2026-03-19 12:57:00,7.661934,10.672728,4.0,4.16
T04,GL-4396,2026-03-19 12:58:00,7.661283,10.672807,4.7,5.1
T04,GL-4396,2026-03-19 12:59:00,7.660681,10.672662,11.8,5.12
T04,GL-4396,2026-03-19 13:00:00,7.66004,10.672732,11.7,4.58
T04,GL-4396,2026-03-19 13:01:00,7.659444,10.672725,9.0,5.49
T04,GL-4396,2026-03-19 13:02:00,7.658823,10.672731,6.6,3.14
T04,GL-4396,2026-03-19 13:03:00,7.658299,10.672775,7.2,5.12
T04,GL-4396,2026-03-19 13:04:00,7.657718,10.672875,10.0,2.98
T04,GL-4396,2026-03-19 13:05:00,7.657182,10.672753,6.9,3.05
T04,GL-4396,2026-03-19 13:06:00,7.656559,10.672807,10.1,4.07
T04,GL-4396,2026-03-19 13:07:00,7.655984,10.67287,8.5,2.86
T04,GL-4396,2026-03-19 13:08:00,7.655378,10.672714,5.5,3.14
T04,GL-4396,2026-03-19 13:09:00,7.654833,10.672922,9.5,4.47
T04,GL-4396,2026-03-19 13:10:00,7.654189,10.672871,8.8,4.05
T04,GL-4396,2026-03-19 13:11:00,7.653651,10.672905,9.2,4.14
T04,GL-4396,2026-03-19 13:12:00,7.65301,10.672924,4.0,3.19
T04,GL-4396,2026-03-19 13:13:00,7.652418,10.672869,10.0,4.16
T04,GL-4396,2026-03-19 13:14:00,7.651897,10.672878,7.7,3.83
T04,GL-4396,2026-03-19 13:15:00,7.651214,10.672925,9.4,5.13
T04,GL-4396,2026-03-19 13:16:00,7.65069,10.673004,9.6,5.06
T04,GL-4396,2026-03-19 13:17:00,7.650071,10.672951,11.4,3.52
T04,GL-4396,2026-03-19 13:18:00,7.649549,10.673009,8.7,3.8
T04,GL-4396,2026-03-19 13:19:00,7.649007,10.673005,9.1,5.04
T04,GL-4396,2026-03-19 13:20:00,7.648343,10.67301,8.0,3.75
T04,GL-4396,2026-03-19 13:21:00,7.647678,10.673047,4.1,4.86
T04,GL-4396,2026-03-19 13:22:00,7.647212,10.673028,6.1,4.09
T04,GL-4396,2026-03-19 13:23:00,7.646594,10.672999,4.7,4.36
T04,GL-4396,2026-03-19 13:24:00,7.646005,10.673043,9.2,3.65
T04,GL-4396,2026-03-19 13:25:00,7.645268,10.673065,6.2,3.9
T04,GL-4396,2026-03-19 13:26:00,7.64481,10.673067,9.9,3.13
T04,GL-4396,2026-03-19 13:27:00,7.644173,10.673171,11.1,5.32
T04,GL-4396,2026-03-19 13:28:00,7.643545,10.673159,7.1,4.06
T04,GL-4396,2026-03-19 13:29:00,7.642975,10.673061,6.8,5.4
T04,GL-4396,2026-03-19 13:30:00,7.642313,10.67315,8.2,3.29
T04,GL-4396,2026-03-19 13:31:00,7.641766,10.673108,11.6,5.11
T04,GL-4396,2026-03-19 13:32:00,7.641215,10.673191,7.9,3.08
T04,GL-4396,2026-03-19 13:33:00,7.640654,10.673249,10.7,2.98
T04,GL-4396,2026-03-19 13:34:00,7.640081,10.673242,11.3,3.8
T04,GL-4396,2026-03-19 13:35:00,7.63948,10.673186,4.0,3.19
T04,GL-4396,2026-03-19 13:36:00,7.638948,10.673194,11.0,4.18
T04,GL-4396,2026-03-19 13:37:00,7.638194,10.673198,5.0,3.06
T04,GL-4396,2026-03-19 13:38:00,7.63769,10.673227,7.5,4.64
T04,GL-4396,2026-03-19 13:39:00,7.637053,10.67325,8.6,4.93
T04,GL-4396,2026-03-19 13:40:00,7.636546,10.673416,4.8,4.52
T04,GL-4396,2026-03-19 13:41:00,7.635843,10.673274,8.7,4.79
T04,GL-4396,2026-03-19 13:42:00,7.635309,10.673334,10.5,5.34
T04,GL-4396,2026-03-19 13:43:00,7.634756,10.673371,7.0,2.82
T04,GL-4396,2026-03-19 13:44:00,7.634072,10.673341,6.0,5.34
T04,GL-4396,2026-03-19 13:45:00,7.63357,10.673344,8.5,4.58
T04,GL-4396,2026-03-19 13:46:00,7.633007,10.673314,5.8,5.55
T04,GL-4396,2026-03-19 13:47:00,7.632322,10.67325,9.0,3.85
T04,GL-4396,2026-03-19 13:48:00,7.631823,10.673434,11.8,5.32
T04,GL-4396,2026-03-19 13:49:00,7.631234,10.673339,4.3,3.52
T04,GL-4396,2026-03-19 13:50:00,7.630468,10.673498,10.2,4.35
T04,GL-4396,2026-03-19 13:51:00,7.630061,10.673399,,2.98
T04,GL-4396,2026-03-19 13:52:00,7.62942,10.673455,9.1,4.31
T04,GL-4396,2026-03-19 13:53:00,7.628782,10.673506,4.4,4.73
T04,GL-4396,2026-03-19 13:54:00,7.628182,10.673404,9.5,3.22
T04,GL-4396,2026-03-19 13:55:00,7.627567,10.673456,9.5,4.86
T04,GL-4396,2026-03-19 13:56:00,7.627001,10.673468,9.4,4.26
T04,GL-4396,2026-03-19 13:57:00,7.626385,10.673583,7.9,4.51
T04,GL-4396,2026-03-19 13:58:00,7.625804,10.673408,7.6,5.04
T04,GL-4396,2026-03-19 13:59:00,7.62522,10.673457,5.0,4.52
T04,GL-4396,2026-03-19 14:00:00,7.624681,10.673521,11.8,5.13
T04,GL-4396,2026-03-19 14:01:00,7.624034,10.673486,11.1,4.57
T04,GL-4396,2026-03-19 14:02:00,7.623482,10.673575,7.6,2.81
T04,GL-4396,2026-03-19 14:03:00,7.622871,10.673624,6.4,4.22
T04,GL-4396,2026-03-19 14:04:00,7.622227,10.673469,5.4,4.57
T04,GL-4396,2026-03-19 14:05:00,7.621782,10.673632,10.2,4.75
T04,GL-4396,2026-03-19 14:06:00,7.621146,10.673573,4.6,3.59
T04,GL-4396,2026-03-19 14:07:00,7.620453,10.673745,9.4,4.16
T04,GL-4396,2026-03-19 14:08:00,7.619963,10.673599,8.8,3.64
T04,GL-4396,2026-03-19 14:09:00,7.619459,10.673621,5.3,4.35
T04,GL-4396,2026-03-19 14:10:00,7.61873,10.673589,4.9,3.61
T04,GL-4396,2026-03-19 14:11:00,7.618139,10.673672,8.0,4.33
T04,GL-4396,2026-03-19 14:12:00,7.617468,10.673755,4.1,3.58
T04,GL-4396,2026-03-19 14:13:00,7.61693,10.673669,9.7,5.45
T04,GL-4396,2026-03-19 14:14:00,7.616342,10.673611,10.0,3.1
T04,GL-4396,2026-03-19 14:15:00,7.615806,10.67382,5.5,3.13
T04,GL-4396,2026-03-19 14:16:00,7.615331,10.673789,8.1,3.57
T04,GL-4396,2026-03-19 14:17:00,7.614608,10.673739,10.8,3.58
T04,GL-4396,2026-03-19 14:18:00,7.613938,10.673859,5.8,4.9
T04,GL-4396,2026-03-19 14:19:00,7.613356,10.673721,7.8,5.25
T04,GL-4396,2026-03-19 14:20:00,7.612819,10.673845,8.8,2.81
T04,GL-4396,2026-03-19 14:21:00,7.612258,10.673709,9.7,4.03
T04,GL-4396,2026-03-19 14:22:00,7.611639,10.673822,5.5,4.32
T04,GL-4396,2026-03-19 14:23:00,7.611159,10.673844,8.0,3.14
T04,GL-4396,2026-03-19 14:24:00,7.610543,10.673799,6.6,5.31
T04,GL-4396,2026-03-19 14:25:00,7.60992,10.673769,8.8,2.99
T04,GL-4396,2026-03-19 14:26:00,7.609268,10.673778,4.9,5.53
T04,GL-4396,2026-03-19 14:27:00,7.378692,10.673787,10.1,283.98
T04,GL-4396,2026-03-19 14:28:00,7.608153,10.673921,4.2,5.3
T04,GL-4396,2026-03-19 14:29:00,7.607447,10.673989,6.7,2.92
T04,GL-4396,2026-03-19 14:30:00,7.606885,10.674059,7.7,3.29
T04,GL-4396,2026-03-19 14:31:00,7.606314,10.673786,9.3,3.68
T04,GL-4396,2026-03-19 14:32:00,7.60569,10.67402,7.0,3.03
T04,GL-4396,2026-03-19 14:33:00,7.605227,10.673893,5.3,5.18
T04,GL-4396,2026-03-19 14:34:00,7.604518,10.67388,11.2,3.15
T04,GL-4396,2026-03-19 14:35:00,7.604017,10.674054,7.5,3.14
T04,GL-4396,2026-03-19 14:36:00,7.603302,10.673877,4.2,4.56
T04,GL-4396,2026-03-19 14:37:00,7.602727,10.673976,8.3,4.09
T04,GL-4396,2026-03-19 14:38:00,7.602183,10.673938,5.2,3.24
T04,GL-4396,2026-03-19 14:39:00,7.601465,10.673974,8.4,3.61
T04,GL-4396,2026-03-19 14:40:00,7.601056,10.673979,7.8,4.85
T04,GL-4396,2026-03-19 14:41:00,7.600495,10.674074,11.4,4.85
T04,GL-4396,2026-03-19 14:42:00,7.599881,10.674167,10.2,4.01
T04,GL-4396,2026-03-19 14:43:00,7.599356,10.674065,6.3,3.43
T04,GL-4396,2026-03-19 14:44:00,7.598551,10.674047,7.2,4.06
T04,GL-4396,2026-03-19 14:45:00,7.598095,10.674128,5.9,5.04
T04,GL-4396,2026-03-19 14:46:00,7.597443,10.674146,7.7,3.77
T04,GL-4396,2026-03-19 14:47:00,7.59692,10.673971,11.1,3.56
T04,GL-4396,2026-03-19 14:48:00,7.596247,10.674234,10.6,3.05
T04,GL-4396,2026-03-19 14:49:00,7.595683,10.674086,10.0,2.83
T04,GL-4396,2026-03-19 14:50:00,7.595123,10.67422,8.9,4.17
T04,GL-4396,2026-03-19 14:51:00,7.594524,10.674133,4.1,4.35
T04,GL-4396,2026-03-19 14:52:00,7.593975,10.6742,4.7,4.64
T04,GL-4396,2026-03-19 14:53:00,7.593433,10.674172,6.7,3.03
T04,GL-4396,2026-03-19 14:54:00,7.592799,10.674256,5.5,5.13
T04,GL-4396,2026-03-19 14:55:00,7.592216,10.67428,10.8,3.05
T04,GL-4396,2026-03-19 14:56:00,7.591545,10.674216,,5.38
T04,GL-4396,2026-03-19 14:57:00,7.591012,10.674227,6.0,2.98
T04,GL-4396,2026-03-19 14:58:00,7.590442,10.674273,7.6,5.52
T04,GL-4396,2026-03-19 14:59:00,7.589866,10.674234,11.1,3.57
T04,GL-4396,2026-03-19 15:00:00,7.589199,10.674321,11.8,3.66
T04,GL-4396,2026-03-19 15:01:00,7.588502,10.674373,9.6,2.97
T04,GL-4396,2026-03-19 15:02:00,7.58801,10.674298,6.9,2.84
T04,GL-4396,2026-03-19 15:03:00,7.587478,10.674389,6.4,3.15
T04,GL-4396,2026-03-19 15:04:00,7.586802,10.674349,5.6,4.3
T04,GL-4396,2026-03-19 15:05:00,7.586165,10.674313,11.8,4.68
T04,GL-4396,2026-03-19 15:06:00,7.585779,10.674315,4.9,4.47
T04,GL-4396,2026-03-19 15:07:00,7.585123,10.674407,11.0,3.62
T04,GL-4396,2026-03-19 15:08:00,7.584458,10.674349,11.2,4.22
T04,GL-4396,2026-03-19 15:09:00,7.5839,10.67443,8.9,5.44
T04,GL-4396,2026-03-19 15:10:00,7.583265,10.674406,6.1,3.76
T04,GL-4396,2026-03-19 15:11:00,7.582845,10.674412,11.2,3.98
T04,GL-4396,2026-03-19 15:12:00,7.582164,10.674285,6.0,3.88
T04,GL-4396,2026-03-19 15:13:00,7.581466,10.674455,11.2,4.05
T04,GL-4396,2026-03-19 15:14:00,7.580979,10.674528,11.9,3.81
T04,GL-4396,2026-03-19 15:15:00,7.580429,10.674453,5.0,3.08
T04,GL-4396,2026-03-19 15:16:00,7.579694,10.674346,10.4,3.89
T04,GL-4396,2026-03-19 15:17:00,7.579071,10.67445,11.6,5.22
T04,GL-4396,2026-03-19 15:18:00,7.578573,10.674482,5.3,3.91
T04,GL-4396,2026-03-19 15:19:00,7.578076,10.674509,9.8,3.81
T04,GL-4396,2026-03-19 15:20:00,7.577424,10.674528,9.6,3.36
T04,GL-4396,2026-03-19 15:21:00,7.576944,10.6745,10.0,4.74
T04,GL-4396,2026-03-19 15:22:00,7.576153,10.674468,8.0,4.67
T04,GL-4396,2026-03-19 15:23:00,7.575545,10.674526,11.8,3.79
T04,GL-4396,2026-03-19 15:24:00,7.575019,10.6745,8.2,2.91
T04,GL-4396,2026-03-19 15:25:00,7.574347,10.674622,4.4,3.03
T04,GL-4396,2026-03-19 15:26:00,7.573921,10.674651,10.1,5.53
T04,GL-4396,2026-03-19 15:27:00,7.573209,10.67467,4.9,2.99
T04,GL-4396,2026-03-19 15:28:00,7.572605,10.674703,8.7,2.88
T04,GL-4396,2026-03-19 15:29:00,7.572013,10.674594,11.9,4.62
T04,GL-4396,2026-03-19 15:30:00,7.571421,10.674798,9.9,3.72
T04,GL-4396,2026-03-19 15:31:00,7.570848,10.674727,9.7,5.46
T04,GL-4396,2026-03-19 15:32:00,7.570219,10.67468,4.4,2.97
T04,GL-4396,2026-03-19 15:33:00,7.569623,10.674687,7.0,2.95
T04,GL-4396,2026-03-19 15:34:00,7.569138,10.67475,5.7,3.98
T04,GL-4396,2026-03-19 15:35:00,7.568485,10.674771,10.3,3.5
T04,GL-4396,2026-03-19 15:36:00,7.567873,10.674769,9.4,3.77
T04,GL-4396,2026-03-19 15:37:00,7.567296,10.674807,6.4,3.38
T04,GL-4396,2026-03-19 15:38:00,7.566775,10.674769,6.2,5.19
T04,GL-4396,2026-03-19 15:39:00,7.566096,10.674761,10.5,3.69
T04,GL-4396,2026-03-19 15:40:00,7.565447,10.674772,9.3,5.42
T04,GL-4396,2026-03-19 15:41:00,7.565043,10.674814,8.1,3.12
T04,GL-4396,2026-03-19 15:42:00,7.564285,10.674785,10.9,4.28
T04,GL-4396,2026-03-19 15:43:00,7.563824,10.674849,11.4,3.67
T04,GL-4396,2026-03-19 15:44:00,7.56316,10.67487,11.0,5.45
T04,GL-4396,2026-03-19 15:45:00,7.562656,10.674794,11.9,5.07
T04,GL-4396,2026-03-19 15:46:00,7.562064,10.674866,10.2,5.42
T04,GL-4396,2026-03-19 15:47:00,7.561461,10.674959,6.0,4.0
T04,GL-4396,2026-03-19 15:48:00,7.560885,10.674973,10.6,4.96
T04,GL-4396,2026-03-19 15:49:00,7.560249,10.674959,5.0,4.15
T04,GL-4396,2026-03-19 15:50:00,7.559549,10.674965,9.6,5.57
T04,GL-4396,2026-03-19 15:51:00,7.559072,10.674973,10.2,3.18
T04,GL-4396,2026-03-19 15:52:00,7.558419,10.675041,5.2,4.04
T04,GL-4396,2026-03-19 15:53:00,7.557855,10.675075,7.5,3.19
T04,GL-4396,2026-03-19 15:54:00,7.557262,10.67504,8.6,3.63
T04,GL-4396,2026-03-19 15:55:00,7.556614,10.675054,11.4,5.27
T04,GL-4396,2026-03-19 15:56:00,7.556073,10.67509,9.7,2.93
T04,GL-4396,2026-03-19 15:57:00,7.555515,10.675054,5.9,4.3
T04,GL-4396,2026-03-19 15:58:00,7.554987,10.675078,8.3,3.4
T04,GL-4396,2026-03-19 15:59:00,7.554326,10.675008,6.5,5.44
T04,GL-4396,2026-03-19 16:00:00,7.553711,10.675036,11.9,3.58
T04,GL-4396,2026-03-19 16:01:00,7.55311,10.675161,10.2,3.7
T04,GL-4396,2026-03-19 16:02:00,7.552527,10.675095,10.9,3.6
T04,GL-4396,2026-03-19 16:03:00,7.551936,10.675251,10.6,4.57
T04,GL-4396,2026-03-19 16:04:00,7.551415,10.67512,5.5,3.74
T04,GL-4396,2026-03-19 16:05:00,7.550848,10.675155,5.6,5.2
T04,GL-4396,2026-03-19 16:06:00,7.550099,10.675241,11.6,4.13
T04,GL-4396,2026-03-19 16:07:00,7.549542,10.675112,9.9,4.59
T04,GL-4396,2026-03-19 16:08:00,7.549074,10.675258,11.6,3.02
T04,GL-4396,2026-03-19 16:09:00,7.540077,10.675154,9.0,185.8
T04,GL-4396,2026-03-19 16:10:00,7.547842,10.67521,8.9,5.25
T04,GL-4396,2026-03-19 16:11:00,7.547216,10.675283,5.7,5.33
T04,GL-4396,2026-03-19 16:12:00,7.546694,10.67528,8.5,5.1
T04,GL-4396,2026-03-19 16:13:00,7.546009,10.675307,10.9,3.55
T04,GL-4396,2026-03-19 16:14:00,7.545423,10.675359,4.7,3.33
T04,GL-4396,2026-03-19 16:15:00,7.544797,10.675319,8.3,3.96
T04,GL-4396,2026-03-19 16:16:00,7.544293,10.675271,4.1,5.47
T04,GL-4396,2026-03-19 16:17:00,7.543704,10.675203,5.1,4.97
T04,GL-4396,2026-03-19 16:18:00,7.543101,10.675389,4.7,4.41
T04,GL-4396,2026-03-19 16:19:00,7.542553,10.675323,6.0,3.21
T04,GL-4396,2026-03-19 16:20:00,7.541961,10.67535,11.2,4.91
T04,GL-4396,2026-03-19 16:21:00,7.541324,10.675322,7.0,2.97
T04,GL-4396,2026-03-19 16:22:00,7.540715,10.675406,10.0,3.97
T04,GL-4396,2026-03-19 16:23:00,7.540168,10.67538,9.1,4.48
T04,GL-4396,2026-03-19 16:24:00,7.539599,10.67546,4.3,4.93
T04,GL-4396,2026-03-19 16:25:00,7.539048,10.67537,8.9,4.37
T04,GL-4396,2026-03-19 16:26:00,7.538357,10.675412,11.1,4.16
T04,GL-4396,2026-03-19 16:27:00,7.537793,10.675428,9.3,2.93
T04,GL-4396,2026-03-19 16:28:00,7.537133,10.675427,4.6,3.03
T04,GL-4396,2026-03-19 16:29:00,7.536596,10.675438,9.8,4.4
T04,GL-4396,2026-03-19 16:30:00,7.536113,10.675491,5.6,3.83
T04,GL-4396,2026-03-19 16:31:00,7.53535,10.675511,6.7,4.36
T04,GL-4396,2026-03-19 16:32:00,7.534769,10.675498,9.8,3.6
T04,GL-4396,2026-03-19 16:33:00,7.534142,10.675433,5.2,4.39
T04,GL-4396,2026-03-19 16:34:00,7.533573,10.67549,5.6,3.65
T04,GL-4396,2026-03-19 16:35:00,7.533017,10.675474,6.5,5.25
T04,GL-4396,2026-03-19 16:36:00,7.532371,10.675497,8.1,5.57
T04,GL-4396,2026-03-19 16:37:00,7.531937,10.675544,9.1,4.75
T04,GL-4396,2026-03-19 16:38:00,7.531281,10.675378,11.5,4.97
T04,GL-4396,2026-03-19 16:39:00,7.530589,10.675515,8.8,3.0
T04,GL-4396,2026-03-19 16:40:00,7.530083,10.675486,9.1,3.61
T04,GL-4396,2026-03-19 16:41:00,7.529546,10.675627,4.1,4.63
T04,GL-4396,2026-03-19 16:42:00,7.528847,10.675619,11.8,3.26
T04,GL-4396,2026-03-19 16:43:00,7.528327,10.675625,8.8,3.89
T04,GL-4396,2026-03-19 16:44:00,7.527754,10.675631,5.2,3.08
T04,GL-4396,2026-03-19 16:45:00,7.527117,10.675759,7.1,3.42
T04,GL-4396,2026-03-19 16:46:00,7.526443,10.675657,6.0,3.15
T04,GL-4396,2026-03-19 16:47:00,7.525869,10.675689,11.9,5.43
T04,GL-4396,2026-03-19 16:48:00,7.525367,10.675681,10.5,4.55
T04,GL-4396,2026-03-19 16:49:00,7.524737,10.675728,8.2,3.77
T04,GL-4396,2026-03-19 16:50:00,7.524171,10.675693,8.9,3.64
T04,GL-4396,2026-03-19 16:51:00,7.523457,10.675621,8.3,4.42
T04,GL-4396,2026-03-19 16:52:00,7.522986,10.675672,10.6,3.28
T04,GL-4396,2026-03-19 16:53:00,7.522304,10.675848,10.7,3.24
T04,GL-4396,2026-03-19 16:54:00,7.521871,10.675701,5.4,3.75
T04,GL-4396,2026-03-19 16:55:00,7.521199,10.675693,10.4,5.04
T04,GL-4396,2026-03-19 16:56:00,7.520685,10.6759,10.4,4.79
T04,GL-4396,2026-03-19 16:57:00,7.520033,10.675775,6.4,3.74
T04,GL-4396,2026-03-19 16:58:00,7.519462,10.675738,9.0,4.42
T04,GL-4396,2026-03-19 16:59:00,7.518792,10.675847,6.8,5.15
T04,GL-4396,2026-03-19 17:00:00,7.518307,10.675851,10.9,3.83
T04,GL-4396,2026-03-19 17:01:00,7.517676,10.675885,5.3,3.75
T04,GL-4396,2026-03-19 17:02:00,7.516909,10.675817,10.1,4.21
T04,GL-4396,2026-03-19 17:03:00,7.516494,10.675806,9.1,3.61
T04,GL-4396,2026-03-19 17:04:00,7.515846,10.67587,10.5,3.93
T04,GL-4396,2026-03-19 17:05:00,7.515332,10.675797,,5.3
T04,GL-4396,2026-03-19 17:06:00,7.51473,10.675965,10.5,2.81
T04,GL-4396,2026-03-19 17:07:00,7.514146,10.675962,5.5,4.21
T04,GL-4396,2026-03-19 17:08:00,7.51364,10.675949,4.8,3.18
T04,GL-4396,2026-03-19 17:09:00,7.512943,10.67596,10.4,3.03
T04,GL-4396,2026-03-19 17:10:00,7.512323,10.675971,11.0,2.87
T04,GL-4396,2026-03-19 17:11:00,7.511734,10.675972,4.7,3.61
T04,GL-4396,2026-03-19 17:12:00,7.511267,10.675955,11.2,3.42
T04,GL-4396,2026-03-19 17:13:00,7.51057,10.67605,7.7,4.47
T04,GL-4396,2026-03-19 17:14:00,7.510057,10.676134,9.0,2.97
T04,GL-4396,2026-03-19 17:15:00,7.50924,10.676008,5.0,4.46
T04,GL-4396,2026-03-19 17:16:00,7.508876,10.676133,10.3,5.16
T04,GL-4396,2026-03-19 17:17:00,7.508287,10.676072,6.0,4.44
T04,GL-4396,2026-03-19 17:18:00,7.507696,10.676057,11.2,4.48
T04,GL-4396,2026-03-19 17:19:00,7.507051,10.676063,6.9,5.23
T04,GL-4396,2026-03-19 17:20:00,7.506409,10.676048,9.7,4.37
T04,GL-4396,2026-03-19 17:21:00,7.505848,10.676116,9.0,3.41
T04,GL-4396,2026-03-19 17:22:00,7.50527,10.676168,5.0,4.14
T04,GL-4396,2026-03-19 17:23:00,7.504753,10.676112,11.8,3.68
T04,GL-4396,2026-03-19 17:24:00,7.504105,10.676073,11.7,3.39
T04,GL-4396,2026-03-19 17:25:00,7.503546,10.67614,7.3,3.24
T04,GL-4396,2026-03-19 17:26:00,7.502869,10.676246,11.1,2.96
T04,GL-4396,2026-03-19 17:27:00,7.502327,10.676342,5.3,3.74
T04,GL-4396,2026-03-19 17:28:00,7.501619,10.676334,6.0,5.04
T04,GL-4396,2026-03-19 17:29:00,7.501137,10.676167,11.9,3.68
T04,GL-4396,2026-03-19 17:30:00,7.500513,10.676229,7.3,3.74
T04,GL-4396,2026-03-19 17:31:00,7.499909,10.676327,8.0,4.22
T04,GL-4396,2026-03-19 17:32:00,7.499323,10.67627,11.1,4.69
T04,GL-4396,2026-03-19 17:33:00,7.498765,10.676305,9.4,3.08
T04,GL-4396,2026-03-19 17:34:00,7.49828,10.676317,7.8,4.79
T04,GL-4396,2026-03-19 17:35:00,7.497665,10.676332,10.7,3.66
T04,GL-4396,2026-03-19 17:36:00,7.49694,10.676337,11.3,3.47
T04,GL-4396,2026-03-19 17:37:00,7.496379,10.676283,6.6,4.16
T04,GL-4396,2026-03-19 17:38:00,7.495786,10.676345,,4.69
T04,GL-4396,2026-03-19 17:39:00,7.495118,10.676298,9.4,4.35
T04,GL-4396,2026-03-19 17:40:00,7.494729,10.676319,8.4,5.02
T04,GL-4396,2026-03-19 17:41:00,7.494065,10.676391,9.3,4.87
T04,GL-4396,2026-03-19 17:42:00,7.493474,10.67645,7.5,3.03
T04,GL-4396,2026-03-19 17:43:00,7.605192,10.676406,8.9,275.59
T04,GL-4396,2026-03-19 17:44:00,7.492185,10.676362,7.9,4.49
T04,GL-4396,2026-03-19 17:45:00,7.491645,10.676344,10.8,4.38
T04,GL-4396,2026-03-19 17:46:00,7.490967,10.676307,11.3,4.12
T04,GL-4396,2026-03-19 17:47:00,7.490385,10.676474,9.6,5.3
T04,GL-4396,2026-03-19 17:48:00,7.489873,10.676409,9.7,4.86
T04,GL-4396,2026-03-19 17:49:00,7.489285,10.676423,9.4,3.72
T04,GL-4396,2026-03-19 17:50:00,7.488768,10.67655,10.1,3.27
T04,GL-4396,2026-03-19 17:51:00,7.488124,10.676512,5.1,4.7
T04,GL-4396,2026-03-19 17:52:00,7.487558,10.67659,8.5,2.9
T04,GL-4396,2026-03-19 17:53:00,7.486874,10.676563,8.9,3.99
T04,GL-4396,2026-03-19 17:54:00,7.486267,10.676533,10.6,4.0
T04,GL-4396,2026-03-19 17:55:00,7.485846,10.67652,8.3,3.48
T04,GL-4396,2026-03-19 17:56:00,7.485095,10.676659,4.2,3.5
T04,GL-4396,2026-03-19 17:57:00,7.484452,10.676536,10.2,4.83
T04,GL-4396,2026-03-19 17:58:00,7.483883,10.676857,10.0,5.08
T04,GL-4396,2026-03-19 17:59:00,7.483371,10.676575,5.5,3.77
T04,GL-4396,2026-03-19 18:00:00,7.482831,10.676639,11.2,4.58
T04,GL-4396,2026-03-19 18:01:00,7.482203,10.67663,11.7,5.48
T04,GL-4396,2026-03-19 18:02:00,7.481577,10.676547,8.6,3.3
T04,GL-4396,2026-03-19 18:03:00,7.481093,10.676781,9.6,5.24
T04,GL-4396,2026-03-19 18:04:00,7.480467,10.676666,5.5,5.24
T04,GL-4396,2026-03-19 18:05:00,7.479845,10.676777,6.8,3.19
T04,GL-4396,2026-03-19 18:06:00,7.47923,10.676817,6.1,3.51
T04,GL-4396,2026-03-19 18:07:00,7.478657,10.676628,7.0,4.05
T04,GL-4396,2026-03-19 18:08:00,7.478063,10.676734,4.3,3.88
T04,GL-4396,2026-03-19 18:09:00,7.477375,10.676818,9.7,4.35
T04,GL-4396,2026-03-19 18:10:00,7.476796,10.676808,7.0,5.17
T04,GL-4396,2026-03-19 18:11:00,7.476328,10.676818,4.1,5.46
T04,GL-4396,2026-03-19 18:12:00,7.475722,10.676766,9.2,5.53
T04,GL-4396,2026-03-19 18:13:00,7.709874,10.676719,9.2,477.75
T04,GL-4396,2026-03-19 18:14:00,7.474591,10.676799,,3.05
T04,GL-4396,2026-03-19 18:15:00,7.473926,10.676806,7.6,2.96
T04,GL-4396,2026-03-19 18:16:00,7.473471,10.676827,10.0,5.58
T04,GL-4396,2026-03-19 18:17:00,7.472689,10.676773,10.8,3.05
T04,GL-4396,2026-03-19 18:18:00,7.472027,10.676985,4.5,3.87
T04,GL-4396,2026-03-19 18:19:00,7.471649,10.676828,9.8,5.3
T04,GL-4396,2026-03-19 18:20:00,7.470985,10.67683,10.3,4.7
T04,GL-4396,2026-03-19 18:21:00,7.470346,10.676915,7.8,3.43
T04,GL-4396,2026-03-19 18:22:00,7.469684,10.676883,8.4,4.36
T04,GL-4396,2026-03-19 18:23:00,7.469199,10.676959,10.0,3.82
T04,GL-4396,2026-03-19 18:24:00,7.468554,10.676901,10.2,5.36
T04,GL-4396,2026-03-19 18:25:00,7.46813,10.676957,11.0,4.44
T04,GL-4396,2026-03-19 18:26:00,7.467432,10.676997,9.3,5.58
T04,GL-4396,2026-03-19 18:27:00,7.466902,10.677052,8.0,2.94
T04,GL-4396,2026-03-19 18:28:00,7.466217,10.677104,7.4,3.39
T04,GL-4396,2026-03-19 18:29:00,7.465626,10.677028,6.3,3.79
T04,GL-4396,2026-03-19 18:30:00,7.465096,10.676977,,3.82
T04,GL-4396,2026-03-19 18:31:00,7.464387,10.67706,10.2,3.44
T04,GL-4396,2026-03-19 18:32:00,7.463873,10.677154,6.2,3.33
T04,GL-4396,2026-03-19 18:33:00,7.463202,10.677022,9.0,5.55
T04,GL-4396,2026-03-19 18:34:00,7.462771,10.677011,6.7,4.35
T04,GL-4396,2026-03-19 18:35:00,7.462037,10.677066,,3.68
T04,GL-4396,2026-03-19 18:36:00,7.461555,10.677077,5.8,3.9
T04,GL-4396,2026-03-19 18:37:00,7.460899,10.677168,7.5,5.11
T04,GL-4396,2026-03-19 18:38:00,7.460229,10.677043,11.4,3.56
T04,GL-4396,2026-03-19 18:39:00,7.459779,10.677142,4.3,2.96
T04,GL-4396,2026-03-19 18:40:00,7.459164,10.677253,8.9,3.91
T04,GL-4396,2026-03-19 18:41:00,7.45853,10.677165,8.2,5.11
T04,GL-4396,2026-03-19 18:42:00,7.457972,10.677175,8.3,4.02
T04,GL-4396,2026-03-19 18:43:00,7.457505,10.677252,9.9,3.17
T04,GL-4396,2026-03-19 18:44:00,7.456674,10.677249,10.8,3.54
T04,GL-4396,2026-03-19 18:45:00,7.456268,10.677258,8.7,4.28
T04,GL-4396,2026-03-19 18:46:00,7.455588,10.677367,11.4,5.39
T04,GL-4396,2026-03-19 18:47:00,7.455069,10.677202,8.2,3.42
T04,GL-4396,2026-03-19 18:48:00,7.45442,10.677245,11.4,5.47
T04,GL-4396,2026-03-19 18:49:00,7.453885,10.677277,5.9,3.45
T04,GL-4396,2026-03-19 18:50:00,7.4532,10.677283,11.4,5.17
T04,GL-4396,2026-03-19 18:51:00,7.452645,10.677203,6.4,4.86
T04,GL-4396,2026-03-19 18:52:00,7.452045,10.677315,7.2,3.52
T04,GL-4396,2026-03-19 18:53:00,7.451464,10.677379,6.7,2.88
T04,GL-4396,2026-03-19 18:54:00,7.450987,10.677324,7.6,4.89
T04,GL-4396,2026-03-19 18:55:00,7.450368,10.677209,11.2,4.22
T04,GL-4396,2026-03-19 18:56:00,7.449636,10.677317,10.8,4.68
T04,GL-4396,2026-03-19 18:57:00,7.449123,10.677471,7.7,4.96
T04,GL-4396,2026-03-19 18:58:00,7.448466,10.677294,5.1,2.85
T04,GL-4396,2026-03-19 18:59:00,7.447889,10.677372,7.6,4.77
T04,GL-4396,2026-03-19 19:00:00,7.447318,10.67744,8.9,3.2
T04,GL-4396,2026-03-19 19:01:00,7.446795,10.677453,6.8,3.54
T04,GL-4396,2026-03-19 19:02:00,7.446206,10.677324,7.4,3.0
T04,GL-4396,2026-03-19 19:03:00,7.445571,10.677427,5.5,3.49
T04,GL-4396,2026-03-19 19:04:00,7.444941,10.677366,9.1,3.0
T04,GL-4396,2026-03-19 19:05:00,7.444298,10.677471,8.6,3.88
T04,GL-4396,2026-03-19 19:06:00,7.443691,10.677548,7.1,5.28
T04,GL-4396,2026-03-19 19:07:00,7.443204,10.677593,8.1,4.13
T04,GL-4396,2026-03-19 19:08:00,7.442546,10.677516,11.0,5.43
T04,GL-4396,2026-03-19 19:09:00,7.442136,10.677584,8.5,4.53
T04,GL-4396,2026-03-19 19:10:00,7.441497,10.67766,6.3,5.26
T04,GL-4396,2026-03-19 19:11:00,7.440761,10.67763,9.4,4.71
T04,GL-4396,2026-03-19 19:12:00,7.440183,10.677535,7.8,3.94
T04,GL-4396,2026-03-19 19:13:00,7.439711,10.677515,4.6,3.06
T04,GL-4396,2026-03-19 19:14:00,7.43901,10.67758,5.0,5.3
T04,GL-4396,2026-03-19 19:15:00,7.438501,10.67749,8.6,3.51
T04,GL-4396,2026-03-19 19:16:00,7.437867,10.67775,10.8,5.16
T04,GL-4396,2026-03-19 19:17:00,7.437294,10.677684,5.3,5.42
T04,GL-4396,2026-03-19 19:18:00,7.436709,10.677605,5.9,2.9
T04,GL-4396,2026-03-19 19:19:00,7.436071,10.677583,10.3,4.75
T04,GL-4396,2026-03-19 19:20:00,7.435548,10.67765,11.6,3.94
T04,GL-4396,2026-03-19 19:21:00,7.434973,10.677702,7.0,4.55
T04,GL-4396,2026-03-19 19:22:00,7.434351,10.677637,6.7,3.15
T04,GL-4396,2026-03-19 19:23:00,7.433791,10.677688,4.2,4.4
T04,GL-4396,2026-03-19 19:24:00,7.433211,10.677778,10.1,4.73
T04,GL-4396,2026-03-19 19:25:00,7.432597,10.677779,10.6,5.39
T04,GL-4396,2026-03-19 19:26:00,7.432013,10.677586,7.1,3.98
T04,GL-4396,2026-03-19 19:27:00,7.431291,10.677719,10.1,3.01
T04,GL-4396,2026-03-19 19:28:00,7.430792,10.677762,11.6,3.85
T04,GL-4396,2026-03-19 19:29:00,7.430165,10.677799,10.3,3.32
T04,GL-4396,2026-03-19 19:30:00,7.42962,10.677789,9.1,3.59
T04,GL-4396,2026-03-19 19:31:00,7.429047,10.677836,6.8,4.92
T04,GL-4396,2026-03-19 19:32:00,7.428381,10.677793,7.1,3.06
T04,GL-4396,2026-03-19 19:33:00,7.427712,10.677909,4.5,3.8
T04,GL-4396,2026-03-19 19:34:00,7.427329,10.677761,4.3,3.64
T04,GL-4396,2026-03-19 19:35:00,7.426628,10.677838,11.1,5.46
T04,GL-4396,2026-03-19 19:36:00,7.426033,10.677877,9.7,5.46
T04,GL-4396,2026-03-19 19:37:00,7.425365,10.677951,11.1,3.39
T04,GL-4396,2026-03-19 19:38:00,7.424851,10.677797,8.6,3.71
T04,GL-4396,2026-03-19 19:39:00,7.424226,10.677841,10.1,4.23
T04,GL-4396,2026-03-19 19:40:00,7.423768,10.677893,5.5,5.16
T04,GL-4396,2026-03-19 19:41:00,7.423109,10.677979,6.6,4.13
T04,GL-4396,2026-03-19 19:42:00,7.422491,10.677951,10.4,5.53
T04,GL-4396,2026-03-19 19:43:00,7.421944,10.677884,10.0,4.09
T04,GL-4396,2026-03-19 19:44:00,7.421284,10.677986,6.1,3.06
T04,GL-4396,2026-03-19 19:45:00,7.420644,10.678044,10.0,4.02
T04,GL-4396,2026-03-19 19:46:00,7.42022,10.677991,10.1,5.45
T04,GL-4396,2026-03-19 19:47:00,7.419589,10.67798,8.4,5.28
T04,GL-4396,2026-03-19 19:48:00,7.418957,10.678012,5.4,4.86
T04,GL-4396,2026-03-19 19:49:00,7.418287,10.677998,10.0,4.06
T04,GL-4396,2026-03-19 19:50:00,7.417726,10.67807,10.9,3.55
T04,GL-4396,2026-03-19 19:51:00,7.41718,10.678129,4.7,4.08
T04,GL-4396,2026-03-19 19:52:00,7.416669,10.678036,9.4,5.22
T04,GL-4396,2026-03-19 19:53:00,7.416032,10.677961,8.4,4.12
T04,GL-4396,2026-03-19 19:54:00,7.415374,10.678045,9.0,3.17
T04,GL-4396,2026-03-19 19:55:00,7.414813,10.678027,4.5,4.53
T04,GL-4396,2026-03-19 19:56:00,7.414275,10.678121,11.9,4.41
T04,GL-4396,2026-03-19 19:57:00,7.413684,10.678226,10.7,4.7
T04,GL-4396,2026-03-19 19:58:00,7.413103,10.678209,10.1,4.25
T04,GL-4396,2026-03-19 19:59:00,7.412419,10.678154,8.0,5.49
T04,GL-4396,2026-03-19 20:00:00,7.41185,10.678177,4.5,4.45
T04,GL-4396,2026-03-19 20:01:00,7.411355,10.678283,10.3,5.54
T04,GL-4396,2026-03-19 20:02:00,7.41064,10.678234,4.5,5.37
T04,GL-4396,2026-03-19 20:03:00,7.410177,10.678188,9.2,4.21
T04,GL-4396,2026-03-19 20:04:00,7.409497,10.678198,7.2,4.49
T04,GL-4396,2026-03-19 20:05:00,7.408849,10.678244,6.6,3.73
T04,GL-4396,2026-03-19 20:06:00,7.40828,10.678282,5.6,4.68
T04,GL-4396,2026-03-19 20:07:00,7.407656,10.678269,12.0,5.09
T04,GL-4396,2026-03-19 20:08:00,7.40717,10.678314,8.6,4.36
T04,GL-4396,2026-03-19 20:09:00,7.406554,10.678315,4.1,4.28
T04,GL-4396,2026-03-19 20:10:00,7.405921,10.678322,9.1,3.01
T04,GL-4396,2026-03-19 20:11:00,7.405387,10.678288,10.9,3.56
T04,GL-4396,2026-03-19 20:12:00,7.404934,10.678429,8.1,5.55
T04,GL-4396,2026-03-19 20:13:00,7.404222,10.67835,4.9,3.86
T04,GL-4396,2026-03-19 20:14:00,7.403684,10.678371,8.4,4.71
T04,GL-4396,2026-03-19 20:15:00,7.403052,10.678446,4.2,4.6
T04,GL-4396,2026-03-19 20:16:00,7.402489,10.678308,9.3,4.27
T04,GL-4396,2026-03-19 20:17:00,7.401834,10.67836,9.5,5.41
T04,GL-4396,2026-03-19 20:18:00,7.401258,10.678325,8.0,3.4
T04,GL-4396,2026-03-19 20:19:00,7.400671,10.678477,10.5,3.01
T04,GL-4396,2026-03-19 20:20:00,7.39996,10.678534,5.8,5.18
T04,GL-4396,2026-03-19 20:21:00,7.399417,10.678498,9.8,4.42
T04,GL-4396,2026-03-19 20:22:00,7.398885,10.678459,7.9,3.97
T04,GL-4396,2026-03-19 20:23:00,7.398414,10.678336,5.3,3.54
T04,GL-4396,2026-03-19 20:24:00,7.397614,10.678504,9.5,4.18
T04,GL-4396,2026-03-19 20:25:00,7.39715,10.678524,5.7,5.05
T04,GL-4396,2026-03-19 20:26:00,7.396475,10.678531,8.0,4.2
T04,GL-4396,2026-03-19 20:27:00,7.39597,10.67861,9.5,3.17
T04,GL-4396,2026-03-19 20:28:00,7.39528,10.678534,5.0,3.14
T04,GL-4396,2026-03-19 20:29:00,7.394728,10.678531,9.0,3.79
T04,GL-4396,2026-03-19 20:30:00,7.394043,10.678594,8.5,5.29
T04,GL-4396,2026-03-19 20:31:00,7.393531,10.678529,5.9,4.0
T04,GL-4396,2026-03-19 20:32:00,7.392972,10.678631,9.6,5.55
T04,GL-4396,2026-03-19 20:33:00,7.392334,10.6786,9.3,5.07
T04,GL-4396,2026-03-19 20:34:00,7.391789,10.6786,7.4,5.55
T04,GL-4396,2026-03-19 20:35:00,7.391266,10.678543,10.0,5.51
T04,GL-4396,2026-03-19 20:36:00,7.390544,10.678603,11.6,4.64
T04,GL-4396,2026-03-19 20:37:00,7.390014,10.678796,6.1,3.92
T04,GL-4396,2026-03-19 20:38:00,7.389393,10.678625,10.4,2.85
T04,GL-4396,2026-03-19 20:39:00,7.388866,10.67877,8.1,3.35
T04,GL-4396,2026-03-19 20:40:00,7.388231,10.678619,9.7,5.5
T04,GL-4396,2026-03-19 20:41:00,7.387587,10.678675,6.0,5.29
T04,GL-4396,2026-03-19 20:42:00,7.387028,10.678711,4.5,3.35
T04,GL-4396,2026-03-19 20:43:00,7.386468,10.678806,4.8,3.63
T04,GL-4396,2026-03-19 20:44:00,7.385915,10.678803,6.4,3.69
T04,GL-4396,2026-03-19 20:45:00,7.38528,10.678739,5.9,2.86
T04,GL-4396,2026-03-19 20:46:00,7.384661,10.678749,10.6,4.84
T04,GL-4396,2026-03-19 20:47:00,7.38413,10.678861,4.1,3.01
T04,GL-4396,2026-03-19 20:48:00,7.383521,10.678719,6.9,4.69
T04,GL-4396,2026-03-19 20:49:00,7.382771,10.678796,5.4,3.43
T04,GL-4396,2026-03-19 20:50:00,7.382256,10.678856,5.4,4.64
T04,GL-4396,2026-03-19 20:51:00,7.38162,10.678766,4.0,3.5
T04,GL-4396,2026-03-19 20:52:00,7.381147,10.678965,10.6,3.37
T04,GL-4396,2026-03-19 20:53:00,7.380545,10.678891,8.2,3.02
T04,GL-4396,2026-03-19 20:54:00,7.379852,10.678802,6.2,4.79
T04,GL-4396,2026-03-19 20:55:00,7.379373,10.67891,9.5,4.12
T04,GL-4396,2026-03-19 20:56:00,7.378798,10.678915,5.2,4.26
T04,GL-4396,2026-03-19 20:57:00,7.378241,10.678968,7.1,3.39
T04,GL-4396,2026-03-19 20:58:00,7.377533,10.678849,7.3,3.63
T04,GL-4396,2026-03-19 20:59:00,7.37697,10.678888,11.3,5.01
T04,GL-4396,2026-03-19 21:00:00,7.376436,10.678986,6.4,4.67
T04,GL-4396,2026-03-19 21:01:00,7.375828,10.678973,10.3,4.5
T04,GL-4396,2026-03-19 21:02:00,7.375168,10.679014,8.2,3.38
T04,GL-4396,2026-03-19 21:03:00,7.374531,10.678995,9.5,5.21
T04,GL-4396,2026-03-19 21:04:00,7.374029,10.67903,5.7,3.38
T04,GL-4396,2026-03-19 21:05:00,7.373472,10.678947,6.6,3.34
T04,GL-4396,2026-03-19 21:06:00,7.372819,10.679082,10.6,4.53
T04,GL-4396,2026-03-19 21:07:00,7.372268,10.679032,5.0,3.22
T04,GL-4396,2026-03-19 21:08:00,7.371651,10.678972,9.2,4.76
T04,GL-4396,2026-03-19 21:09:00,7.371093,10.67908,8.1,4.15
T04,GL-4396,2026-03-19 21:10:00,7.370535,10.679164,9.5,3.95
T04,GL-4396,2026-03-19 21:11:00,7.369887,10.679087,8.8,3.71
T04,GL-4396,2026-03-19 21:12:00,7.36925,10.679069,5.1,4.18
T04,GL-4396,2026-03-19 21:13:00,7.368756,10.679107,6.3,4.22
T04,GL-4396,2026-03-19 21:14:00,7.368113,10.679169,7.0,3.26
T04,GL-4396,2026-03-19 21:15:00,7.205823,10.679104,10.5,281.04
T04,GL-4396,2026-03-19 21:16:00,7.36704,10.679146,11.3,4.53
T04,GL-4396,2026-03-19 21:17:00,7.366303,10.679122,6.6,4.3
T04,GL-4396,2026-03-19 21:18:00,7.365678,10.679141,4.4,5.05
T04,GL-4396,2026-03-19 21:19:00,7.365238,10.679217,5.1,4.87
T04,GL-4396,2026-03-19 21:20:00,7.364641,10.679281,10.4,4.72
T04,GL-4396,2026-03-19 21:21:00,7.36398,10.67928,11.1,2.88
T04,GL-4396,2026-03-19 21:22:00,7.363379,10.679306,10.6,4.23
T04,GL-4396,2026-03-19 21:23:00,7.362773,10.679289,10.4,5.57
T04,GL-4396,2026-03-19 21:24:00,7.362148,10.679172,11.2,5.44
T04,GL-4396,2026-03-19 21:25:00,7.361683,10.679301,7.8,4.12
T04,GL-4396,2026-03-19 21:26:00,7.361053,10.67927,9.6,4.32
T04,GL-4396,2026-03-19 21:27:00,7.360475,10.679383,10.6,5.29
T04,GL-4396,2026-03-19 21:28:00,7.359885,10.679369,9.9,5.55
T04,GL-4396,2026-03-19 21:29:00,7.359292,10.679266,11.9,3.29
T04,GL-4396,2026-03-19 21:30:00,7.358719,10.679421,11.0,4.97
T04,GL-4396,2026-03-19 21:31:00,7.358181,10.679359,5.3,4.28
T04,GL-4396,2026-03-19 21:32:00,7.357467,10.679414,5.1,5.16
T04,GL-4396,2026-03-19 21:33:00,7.357029,10.679393,11.3,5.08
T04,GL-4396,2026-03-19 21:34:00,7.356328,10.679455,7.9,4.84
T04,GL-4396,2026-03-19 21:35:00,7.355759,10.679398,9.0,3.77
T04,GL-4396,2026-03-19 21:36:00,7.355058,10.679454,11.4,3.56
T04,GL-4396,2026-03-19 21:37:00,7.354546,10.679562,7.2,5.59
T04,GL-4396,2026-03-19 21:38:00,7.35387,10.679448,7.5,4.27
T04,GL-4396,2026-03-19 21:39:00,7.353315,10.679412,11.2,4.78
T04,GL-4396,2026-03-19 21:40:00,7.352784,10.679463,8.6,5.27
T04,GL-4396,2026-03-19 21:41:00,7.352156,10.679501,6.5,5.42
T04,GL-4396,2026-03-19 21:42:00,7.351629,10.679538,7.1,2.9
T04,GL-4396,2026-03-19 21:43:00,7.350919,10.6796,6.9,3.26
T04,GL-4396,2026-03-19 21:44:00,7.350341,10.679442,4.1,5.45
T04,GL-4396,2026-03-19 21:45:00,7.349784,10.679518,9.0,4.6
T04,GL-4396,2026-03-19 21:46:00,7.34919,10.679663,5.3,4.98
T04,GL-4396,2026-03-19 21:47:00,7.348741,10.679628,7.6,4.6
T04,GL-4396,2026-03-19 21:48:00,7.347996,10.679463,8.8,4.93
T04,GL-4396,2026-03-19 21:49:00,7.347372,10.679557,11.9,3.04
T04,GL-4396,2026-03-19 21:50:00,7.346717,10.679514,11.3,3.37
T04,GL-4396,2026-03-19 21:51:00,7.346248,10.679517,11.6,4.8
T04,GL-4396,2026-03-19 21:52:00,7.345623,10.679608,4.0,4.71
T04,GL-4396,2026-03-19 21:53:00,7.344898,10.679628,,4.19
T04,GL-4396,2026-03-19 21:54:00,7.344522,10.679635,9.6,4.64
T04,GL-4396,2026-03-19 21:55:00,7.344022,10.679823,9.9,3.19
T04,GL-4396,2026-03-19 21:56:00,7.343438,10.679799,7.0,3.81
T04,GL-4396,2026-03-19 21:57:00,7.342607,10.679718,4.0,3.18
T04,GL-4396,2026-03-19 21:58:00,7.342193,10.679702,10.1,3.91
T04,GL-4396,2026-03-19 21:59:00,7.341482,10.67975,5.1,4.82
T04,GL-4396,2026-03-19 22:00:00,7.341022,10.679766,9.0,3.59
T04,GL-4396,2026-03-19 22:01:00,7.34035,10.679637,11.3,4.61
T04,GL-4396,2026-03-19 22:02:00,7.339803,10.679833,7.2,4.21
T04,GL-4396,2026-03-19 22:03:00,7.339121,10.679809,10.4,2.85
T04,GL-4396,2026-03-19 22:04:00,7.338522,10.679839,11.9,3.92
T04,GL-4396,2026-03-19 22:05:00,7.337883,10.679678,5.2,4.53
T04,GL-4396,2026-03-19 22:06:00,7.337503,10.6799,10.3,4.62
T04,GL-4396,2026-03-19 22:07:00,7.336764,10.679791,9.7,3.97
T04,GL-4396,2026-03-19 22:08:00,7.336057,10.679659,11.2,3.57
T04,GL-4396,2026-03-19 22:09:00,7.335684,10.679794,6.4,3.49
T04,GL-4396,2026-03-19 22:10:00,7.335098,10.67987,4.3,3.44
T04,GL-4396,2026-03-19 22:11:00,7.334528,10.679978,7.0,4.54
T04,GL-4396,2026-03-19 22:12:00,7.333878,10.679882,7.4,3.66
T04,GL-4396,2026-03-19 22:13:00,7.333239,10.679926,,5.24
T04,GL-4396,2026-03-19 22:14:00,7.332702,10.679938,11.7,3.73
T04,GL-4396,2026-03-19 22:15:00,7.332043,10.679898,,5.51
T04,GL-4396,2026-03-19 22:16:00,7.331433,10.679983,6.0,3.73
T04,GL-4396,2026-03-19 22:17:00,7.330813,10.679911,9.2,3.07
T04,GL-4396,2026-03-19 22:18:00,7.330259,10.679942,11.0,5.21
T04,GL-4396,2026-03-19 22:19:00,7.329808,10.679986,10.3,5.6
T04,GL-4396,2026-03-19 22:20:00,7.3291,10.680122,5.1,5.19
T04,GL-4396,2026-03-19 22:21:00,7.328486,10.679984,10.6,5.07
T04,GL-4396,2026-03-19 22:22:00,7.32806,10.680012,7.6,3.03
T04,GL-4396,2026-03-19 22:23:00,7.327271,10.679987,5.5,3.17
T04,GL-4396,2026-03-19 22:24:00,7.326688,10.680034,5.9,3.24
T04,GL-4396,2026-03-19 22:25:00,7.326079,10.680038,11.1,5.54
T04,GL-4396,2026-03-19 22:26:00,7.325567,10.680035,5.8,4.92
T04,GL-4396,2026-03-19 22:27:00,7.324999,10.68003,6.0,3.49
T04,GL-4396,2026-03-19 22:28:00,7.324456,10.680097,5.9,5.51
T04,GL-4396,2026-03-19 22:29:00,7.32387,10.680154,4.5,3.13
T04,GL-4396,2026-03-19 22:30:00,7.323228,10.680227,4.6,2.89
T04,GL-4396,2026-03-19 22:31:00,7.322658,10.680183,4.4,5.22
T04,GL-4396,2026-03-19 22:32:00,7.321919,10.680096,9.6,5.5
T04,GL-4396,2026-03-19 22:33:00,7.32142,10.680273,5.8,3.87
T04,GL-4396,2026-03-19 22:34:00,7.320843,10.680176,5.7,2.84
T04,GL-4396,2026-03-19 22:35:00,7.320194,10.680186,7.3,3.85
T04,GL-4396,2026-03-19 22:36:00,7.319579,10.680227,5.1,3.49
T04,GL-4396,2026-03-19 22:37:00,7.319036,10.680175,11.6,4.36
T04,GL-4396,2026-03-19 22:38:00,7.318543,10.680241,6.1,4.77
T04,GL-4396,2026-03-19 22:39:00,7.317994,10.680326,7.6,5.03
T04,GL-4396,2026-03-19 22:40:00,7.317232,10.680263,11.9,4.37
T04,GL-4396,2026-03-19 22:41:00,7.316742,10.680302,4.1,3.9
T04,GL-4396,2026-03-19 22:42:00,7.316137,10.680354,5.6,4.91
T04,GL-4396,2026-03-19 22:43:00,7.315533,10.680292,8.0,4.96
T04,GL-4396,2026-03-19 22:44:00,7.314952,10.68025,7.6,4.36
T04,GL-4396,2026-03-19 22:45:00,7.314364,10.680406,5.9,4.98
T04,GL-4396,2026-03-19 22:46:00,7.313677,10.68022,7.6,3.4
T04,GL-4396,2026-03-19 22:47:00,7.313175,10.680414,6.8,4.05
T04,GL-4396,2026-03-19 22:48:00,7.312692,10.680399,4.1,2.83
T04,GL-4396,2026-03-19 22:49:00,7.311984,10.680309,11.1,3.43
T04,GL-4396,2026-03-19 22:50:00,7.311411,10.68045,9.2,4.25
T04,GL-4396,2026-03-19 22:51:00,7.310681,10.680357,10.6,4.5
T04,GL-4396,2026-03-19 22:52:00,7.310267,10.680412,8.8,4.11
T04,GL-4396,2026-03-19 22:53:00,7.30967,10.680608,7.6,3.54
T04,GL-4396,2026-03-19 22:54:00,7.308981,10.680378,8.6,3.86
T04,GL-4396,2026-03-19 22:55:00,7.308425,10.680484,5.0,3.41
T04,GL-4396,2026-03-19 22:56:00,7.307802,10.680454,5.5,4.6
T04,GL-4396,2026-03-19 22:57:00,7.307208,10.680462,4.9,5.59
T04,GL-4396,2026-03-19 22:58:00,7.306691,10.680442,4.2,5.12
T04,GL-4396,2026-03-19 22:59:00,7.305992,10.680489,11.1,3.67
T04,GL-4396,2026-03-19 23:00:00,7.305496,10.68063,11.3,4.6
T04,GL-4396,2026-03-19 23:01:00,7.304884,10.680475,4.7,4.44
T04,GL-4396,2026-03-19 23:02:00,7.304253,10.680456,7.5,4.96
T04,GL-4396,2026-03-19 23:03:00,7.303662,10.680499,10.0,3.0
T04,GL-4396,2026-03-19 23:04:00,7.304266,10.68048,7.0,323.22
T04,GL-4396,2026-03-19 23:05:00,7.302423,10.680653,9.1,4.23
T04,GL-4396,2026-03-19 23:06:00,7.301839,10.680508,7.9,2.94
T04,GL-4396,2026-03-19 23:07:00,7.301362,10.680687,6.4,3.2
T04,GL-4396,2026-03-19 23:08:00,7.300778,10.680541,11.0,4.13
T04,GL-4396,2026-03-19 23:09:00,7.300229,10.680655,10.5,5.57
T04,GL-4396,2026-03-19 23:10:00,7.299545,10.680609,7.5,4.55
T04,GL-4396,2026-03-19 23:11:00,7.298962,10.680721,10.9,3.22
T04,GL-4396,2026-03-19 23:12:00,7.298323,10.680577,4.4,5.09
T04,GL-4396,2026-03-19 23:13:00,7.297829,10.680689,10.8,5.34
T04,GL-4396,2026-03-19 23:14:00,7.297256,10.680671,10.2,4.03
T04,GL-4396,2026-03-19 23:15:00,7.296707,10.680752,5.4,5.46
T04,GL-4396,2026-03-19 23:16:00,7.295882,10.68082,11.2,5.05
T04,GL-4396,2026-03-19 23:17:00,7.295416,10.680764,10.4,3.99
T04,GL-4396,2026-03-19 23:18:00,7.294835,10.680736,11.3,4.8
T04,GL-4396,2026-03-19 23:19:00,7.294124,10.680762,11.5,4.73
T04,GL-4396,2026-03-19 23:20:00,7.293629,10.680841,8.0,4.1
T04,GL-4396,2026-03-19 23:21:00,7.293036,10.680857,8.5,4.44
T04,GL-4396,2026-03-19 23:22:00,7.292483,10.68086,5.9,4.97
T04,GL-4396,2026-03-19 23:23:00,7.291797,10.680856,5.8,5.49
T04,GL-4396,2026-03-19 23:24:00,7.291274,10.680818,8.9,4.82
T04,GL-4396,2026-03-19 23:25:00,7.29068,10.680783,7.6,5.58
T04,GL-4396,2026-03-19 23:26:00,7.29024,10.680865,11.6,3.83
T04,GL-4396,2026-03-19 23:27:00,7.289545,10.68085,4.9,5.38
T04,GL-4396,2026-03-19 23:28:00,7.288938,10.680881,7.7,3.6
T04,GL-4396,2026-03-19 23:29:00,7.288429,10.680963,9.5,3.44
T04,GL-4396,2026-03-19 23:30:00,7.287748,10.681021,8.2,4.68
T04,GL-4396,2026-03-19 23:31:00,7.287065,10.680925,5.1,3.11
T04,GL-4396,2026-03-19 23:32:00,7.286538,10.680968,5.6,4.84
T04,GL-4396,2026-03-19 23:33:00,7.286037,10.680975,,4.14
T04,GL-4396,2026-03-19 23:34:00,7.285426,10.681073,10.6,3.42
T04,GL-4396,2026-03-19 23:35:00,7.284712,10.680997,4.8,5.34
T04,GL-4396,2026-03-19 23:36:00,7.28431,10.680946,10.6,4.34
T04,GL-4396,2026-03-19 23:37:00,7.283646,10.681086,8.2,4.95
T04,GL-4396,2026-03-19 23:38:00,7.282947,10.681055,8.8,4.29
T04,GL-4396,2026-03-19 23:39:00,7.282385,10.680996,8.5,3.41
T04,GL-4396,2026-03-19 23:40:00,7.281831,10.680997,5.7,4.65
T04,GL-4396,2026-03-19 23:41:00,7.281296,10.681107,8.4,4.66
T04,GL-4396,2026-03-19 23:42:00,7.280629,10.681124,9.0,4.81
T04,GL-4396,2026-03-19 23:43:00,7.280012,10.681019,7.5,4.24
T04,GL-4396,2026-03-19 23:44:00,7.279427,10.681078,11.8,3.37
T04,GL-4396,2026-03-19 23:45:00,7.27898,10.681053,8.4,3.71
T04,GL-4396,2026-03-19 23:46:00,7.278291,10.681108,6.4,3.79
T04,GL-4396,2026-03-19 23:47:00,7.277627,10.681135,5.0,3.12
T04,GL-4396,2026-03-19 23:48:00,7.27717,10.681182,4.5,4.26
T04,GL-4396,2026-03-19 23:49:00,7.276565,10.681164,8.4,5.24
T04,GL-4396,2026-03-19 23:50:00,7.275914,10.681178,4.5,4.51
T04,GL-4396,2026-03-19 23:51:00,7.275301,10.681198,7.3,4.61
T04,GL-4396,2026-03-19 23:52:00,7.2747,10.681269,9.7,4.85
T04,GL-4396,2026-03-19 23:53:00,7.274123,10.681202,7.9,4.1
T04,GL-4396,2026-03-19 23:54:00,7.273535,10.681156,6.0,3.11
T04,GL-4396,2026-03-19 23:55:00,7.272962,10.681229,4.6,4.16
T04,GL-4396,2026-03-19 23:56:00,7.27228,10.681241,5.5,4.1
T04,GL-4396,2026-03-19 23:57:00,7.271793,10.681307,10.8,4.8
T04,GL-4396,2026-03-19 23:58:00,7.271237,10.681268,9.2,5.59
T04,GL-4396,2026-03-19 23:59:00,7.270609,10.681221,7.6,5.51
T04,GL-4396,2026-03-20 00:00:00,7.269901,10.681266,10.8,3.15
T04,GL-4396,2026-03-20 00:01:00,7.269469,10.681292,10.2,5.58
T04,GL-4396,2026-03-20 00:02:00,7.26889,10.68138,7.6,4.53
T04,GL-4396,2026-03-20 00:03:00,7.268305,10.681321,6.6,5.56
T04,GL-4396,2026-03-20 00:04:00,7.267628,10.68145,4.3,4.77
T04,GL-4396,2026-03-20 00:05:00,7.267087,10.681252,5.8,4.9
T04,GL-4396,2026-03-20 00:06:00,7.266432,10.681339,8.1,3.53
T04,GL-4396,2026-03-20 00:07:00,7.265813,10.681501,10.1,3.4
T04,GL-4396,2026-03-20 00:08:00,7.265251,10.681362,5.5,5.46
T04,GL-4396,2026-03-20 00:09:00,7.264677,10.681295,9.1,2.91
T04,GL-4396,2026-03-20 00:10:00,7.264109,10.681457,10.3,4.14
T04,GL-4396,2026-03-20 00:11:00,7.26355,10.681397,11.4,5.47
T04,GL-4396,2026-03-20 00:12:00,7.262899,10.681435,10.3,4.8
T04,GL-4396,2026-03-20 00:13:00,7.26235,10.681536,11.1,4.18
T04,GL-4396,2026-03-20 00:14:00,7.261777,10.681543,10.5,2.83
T04,GL-4396,2026-03-20 00:15:00,7.25864,10.681542,8.6,305.67
T04,GL-4396,2026-03-20 00:16:00,7.260576,10.681471,4.6,3.88
T04,GL-4396,2026-03-20 00:17:00,7.259958,10.681478,11.7,4.63
T04,GL-4396,2026-03-20 00:18:00,7.259281,10.681552,5.0,5.23
T04,GL-4396,2026-03-20 00:19:00,7.258811,10.681493,6.8,3.61
T04,GL-4396,2026-03-20 00:20:00,7.258294,10.681522,5.7,4.69
T04,GL-4396,2026-03-20 00:21:00,7.25755,10.681565,4.6,4.1
T04,GL-4396,2026-03-20 00:22:00,7.257014,10.681632,11.9,3.83
T04,GL-4396,2026-03-20 00:23:00,7.256386,10.681503,10.6,4.27
T04,GL-4396,2026-03-20 00:24:00,7.255738,10.68156,8.0,2.82
T04,GL-4396,2026-03-20 00:25:00,7.255116,10.681722,5.2,5.16
T04,GL-4396,2026-03-20 00:26:00,7.254628,10.681587,8.0,2.91
T04,GL-4396,2026-03-20 00:27:00,7.254037,10.681638,10.2,4.12
T04,GL-4396,2026-03-20 00:28:00,7.253519,10.681564,8.7,4.96
T04,GL-4396,2026-03-20 00:29:00,7.252815,10.68156,9.5,3.15
T04,GL-4396,2026-03-20 00:30:00,7.252215,10.681672,7.6,4.15
T04,GL-4396,2026-03-20 00:31:00,7.251678,10.681703,8.9,4.04
T04,GL-4396,2026-03-20 00:32:00,7.251003,10.681786,11.1,2.87
T04,GL-4396,2026-03-20 00:33:00,7.250482,10.681657,6.1,4.62
T04,GL-4396,2026-03-20 00:34:00,7.249834,10.681629,5.3,3.67
T04,GL-4396,2026-03-20 00:35:00,7.249257,10.681697,11.3,3.71
T04,GL-4396,2026-03-20 00:36:00,7.248693,10.681718,4.4,4.41
T04,GL-4396,2026-03-20 00:37:00,7.248195,10.681815,4.2,3.47
T04,GL-4396,2026-03-20 00:38:00,7.247401,10.681865,11.2,4.06
T04,GL-4396,2026-03-20 00:39:00,7.246874,10.681749,10.1,3.79
T04,GL-4396,2026-03-20 00:40:00,7.246344,10.681828,11.6,5.21
T04,GL-4396,2026-03-20 00:41:00,7.24573,10.681855,11.9,5.36
T04,GL-4396,2026-03-20 00:42:00,7.245126,10.681757,8.9,4.74
T04,GL-4396,2026-03-20 00:43:00,7.244573,10.681749,11.7,3.22
T04,GL-4396,2026-03-20 00:44:00,7.243928,10.681851,10.7,2.93
T04,GL-4396,2026-03-20 00:45:00,7.243263,10.681849,6.1,3.79
T04,GL-4396,2026-03-20 00:46:00,7.242763,10.68184,5.4,3.33
T04,GL-4396,2026-03-20 00:47:00,7.242272,10.681977,4.3,5.19
T04,GL-4396,2026-03-20 00:48:00,7.241621,10.681854,6.6,3.68
T04,GL-4396,2026-03-20 00:49:00,7.241084,10.68202,11.5,5.53
T04,GL-4396,2026-03-20 00:50:00,7.240434,10.681862,8.7,4.0
T04,GL-4396,2026-03-20 00:51:00,7.239901,10.681916,8.9,3.66
T04,GL-4396,2026-03-20 00:52:00,7.2393,10.682008,5.3,4.38
T04,GL-4396,2026-03-20 00:53:00,7.238797,10.681984,9.0,4.51
T04,GL-4396,2026-03-20 00:54:00,7.238155,10.681971,8.4,3.39
T04,GL-4396,2026-03-20 00:55:00,7.237583,10.681933,8.0,3.45
T04,GL-4396,2026-03-20 00:56:00,7.236938,10.681942,4.1,4.64
T04,GL-4396,2026-03-20 00:57:00,7.236238,10.682082,10.7,3.99
T04,GL-4396,2026-03-20 00:58:00,7.235737,10.682007,7.7,3.42
T04,GL-4396,2026-03-20 00:59:00,7.235145,10.681891,9.3,4.79
T04,GL-4396,2026-03-20 01:00:00,7.234405,10.682158,9.9,4.36
T04,GL-4396,2026-03-20 01:01:00,7.234009,10.682161,10.1,4.65
T04,GL-4396,2026-03-20 01:02:00,7.233399,10.682033,8.5,4.24
T04,GL-4396,2026-03-20 01:03:00,7.23276,10.682074,8.8,5.25
T04,GL-4396,2026-03-20 01:04:00,7.232119,10.682227,10.2,4.62
T04,GL-4396,2026-03-20 01:05:00,7.231612,10.682077,9.9,3.13
T04,GL-4396,2026-03-20 01:06:00,7.231001,10.682187,11.9,4.75
T04,GL-4396,2026-03-20 01:07:00,7.230362,10.682098,9.7,4.74
T04,GL-4396,2026-03-20 01:08:00,7.229732,10.682261,11.4,3.12
T04,GL-4396,2026-03-20 01:09:00,7.229247,10.682068,4.1,5.29
T04,GL-4396,2026-03-20 01:10:00,7.228606,10.682269,7.6,5.07
T04,GL-4396,2026-03-20 01:11:00,7.228038,10.682095,6.5,3.62
T04,GL-4396,2026-03-20 01:12:00,7.22747,10.682238,5.7,4.72
T04,GL-4396,2026-03-20 01:13:00,7.22683,10.682262,5.9,4.86
T04,GL-4396,2026-03-20 01:14:00,7.226334,10.682275,6.8,5.17
T04,GL-4396,2026-03-20 01:15:00,7.225704,10.682372,8.9,4.03
T04,GL-4396,2026-03-20 01:16:00,7.225108,10.682283,10.3,2.89
T04,GL-4396,2026-03-20 01:17:00,7.224547,10.682238,10.7,3.32
T04,GL-4396,2026-03-20 01:18:00,7.223797,10.682276,12.0,3.76
T04,GL-4396,2026-03-20 01:19:00,7.223169,10.682373,4.2,4.49
T04,GL-4396,2026-03-20 01:20:00,7.222587,10.682351,9.8,5.13
T04,GL-4396,2026-03-20 01:21:00,7.222179,10.682433,11.4,3.98
T04,GL-4396,2026-03-20 01:22:00,7.221657,10.682316,9.5,3.63
T04,GL-4396,2026-03-20 01:23:00,7.220898,10.682431,7.1,2.92
T04,GL-4396,2026-03-20 01:24:00,7.220255,10.682389,7.7,5.56
T04,GL-4396,2026-03-20 01:25:00,7.219699,10.682386,10.2,3.53
T04,GL-4396,2026-03-20 01:26:00,7.219205,10.682401,8.9,3.44
T04,GL-4396,2026-03-20 01:27:00,7.218597,10.682357,9.5,4.56
T04,GL-4396,2026-03-20 01:28:00,7.218026,10.682497,8.4,5.24
T04,GL-4396,2026-03-20 01:29:00,7.217496,10.682494,7.5,4.77
T04,GL-4396,2026-03-20 01:30:00,7.216787,10.682444,11.5,3.92
T04,GL-4396,2026-03-20 01:31:00,7.216764,10.682354,5.7,0.02
T04,GL-4396,2026-03-20 01:32:00,7.216833,10.682501,9.2,0.13
T04,GL-4396,2026-03-20 01:33:00,7.216737,10.6825,10.7,0.47
T04,GL-4396,2026-03-20 01:34:00,7.216751,10.682518,5.1,0.81
T04,GL-4396,2026-03-20 01:35:00,7.216696,10.682393,10.7,0.75
T04,GL-4396,2026-03-20 01:36:00,7.216913,10.682466,8.5,0.45
T04,GL-4396,2026-03-20 01:37:00,7.216908,10.682472,4.8,0.79
T04,GL-4396,2026-03-20 01:38:00,7.216921,10.68251,4.9,0.55
T04,GL-4396,2026-03-20 01:39:00,7.216842,10.682348,7.5,0.6
T04,GL-4396,2026-03-20 01:40:00,7.216733,10.682465,5.8,0.5
T04,GL-4396,2026-03-20 01:41:00,7.216728,10.682393,6.2,0.67
T04,GL-4396,2026-03-20 01:42:00,7.21694,10.682457,10.3,0.87
T04,GL-4396,2026-03-20 01:43:00,7.216688,10.68254,9.5,0.75
T04,GL-4396,2026-03-20 01:44:00,7.216817,10.682356,9.4,0.06
T04,GL-4396,2026-03-20 01:45:00,7.216857,10.682508,8.8,0.34
T04,GL-4396,2026-03-20 01:46:00,7.216685,10.682507,6.2,0.83
T04,GL-4396,2026-03-20 01:47:00,7.216814,10.682302,9.9,0.77
T04,GL-4396,2026-03-20 01:48:00,7.216806,10.682478,,0.89
T04,GL-4396,2026-03-20 01:49:00,7.216893,10.68246,9.1,0.68
T04,GL-4396,2026-03-20 01:50:00,7.216897,10.682589,5.5,0.79
T04,GL-4396,2026-03-20 01:51:00,7.216747,10.682452,9.1,0.86
T04,GL-4396,2026-03-20 01:52:00,7.216909,10.682527,5.4,0.74
T04,GL-4396,2026-03-20 01:53:00,7.21684,10.682376,8.5,0.44
T04,GL-4396,2026-03-20 01:54:00,7.216763,10.682545,,0.83
T04,GL-4396,2026-03-20 01:55:00,7.216764,10.682457,7.8,0.03
T04,GL-4396,2026-03-20 01:56:00,7.216913,10.682377,7.1,0.77
T04,GL-4396,2026-03-20 01:57:00,7.217553,10.682436,4.3,4.33
T04,GL-4396,2026-03-20 01:58:00,7.218215,10.682444,7.2,3.15
T04,GL-4396,2026-03-20 01:59:00,7.218875,10.682579,9.7,2.89
T04,GL-4396,2026-03-20 02:00:00,7.21955,10.682424,11.0,3.89
T04,GL-4396,2026-03-20 02:01:00,7.220295,10.682681,4.3,4.88
T04,GL-4396,2026-03-20 02:02:00,7.220942,10.682658,5.0,4.02
T04,GL-4396,2026-03-20 02:03:00,7.221725,10.682744,4.5,3.19
T04,GL-4396,2026-03-20 02:04:00,7.22225,10.682745,4.7,4.05
T04,GL-4396,2026-03-20 02:05:00,7.223044,10.682782,9.1,3.84
T04,GL-4396,2026-03-20 02:06:00,7.223753,10.682867,8.6,4.7
T04,GL-4396,2026-03-20 02:07:00,7.224443,10.68286,11.6,4.67
T04,GL-4396,2026-03-20 02:08:00,7.225241,10.682899,,3.62
T04,GL-4396,2026-03-20 02:09:00,7.225883,10.682959,6.2,4.04
T04,GL-4396,2026-03-20 02:10:00,7.226583,10.682963,6.7,5.45
T04,GL-4396,2026-03-20 02:11:00,7.227279,10.682992,6.0,3.07
T04,GL-4396,2026-03-20 02:12:00,7.227891,10.683099,4.8,3.79
T04,GL-4396,2026-03-20 02:13:00,7.22866,10.683101,7.6,4.32
T04,GL-4396,2026-03-20 02:14:00,7.229308,10.683139,9.6,4.8
T04,GL-4396,2026-03-20 02:15:00,7.229998,10.683139,,3.56
T04,GL-4396,2026-03-20 02:16:00,7.230752,10.68308,11.7,3.36
T04,GL-4396,2026-03-20 02:17:00,7.231474,10.683187,6.8,5.18
T04,GL-4396,2026-03-20 02:18:00,7.232173,10.683197,10.6,4.25
T04,GL-4396,2026-03-20 02:19:00,7.232888,10.683246,6.8,4.28
T04,GL-4396,2026-03-20 02:20:00,7.233598,10.683207,11.4,3.29
T04,GL-4396,2026-03-20 02:21:00,7.234267,10.683336,7.0,5.23
T04,GL-4396,2026-03-20 02:22:00,7.234908,10.683248,6.2,3.14
T04,GL-4396,2026-03-20 02:23:00,7.235685,10.683355,10.8,5.01
T04,GL-4396,2026-03-20 02:24:00,7.236306,10.683333,11.4,4.23
T04,GL-4396,2026-03-20 02:25:00,7.237037,10.683507,8.4,4.15
T04,GL-4396,2026-03-20 02:26:00,7.237837,10.683487,10.4,3.77
T04,GL-4396,2026-03-20 02:27:00,7.238401,10.683532,7.4,5.09
T04,GL-4396,2026-03-20 02:28:00,7.239223,10.683533,10.1,3.21
T04,GL-4396,2026-03-20 02:29:00,7.239814,10.683511,4.1,3.56
T04,GL-4396,2026-03-20 02:30:00,7.240552,10.683571,10.2,4.84
T04,GL-4396,2026-03-20 02:31:00,7.2412,10.683666,6.7,4.03
T04,GL-4396,2026-03-20 02:32:00,7.241951,10.683598,8.3,4.56
T04,GL-4396,2026-03-20 02:33:00,7.242667,10.683718,5.5,3.06
T04,GL-4396,2026-03-20 02:34:00,7.779005,10.683751,6.0,153.75
T04,GL-4396,2026-03-20 02:35:00,7.244017,10.683796,6.0,4.59
T04,GL-4396,2026-03-20 02:36:00,7.24479,10.683819,8.2,3.23
T04,GL-4396,2026-03-20 02:37:00,7.245498,10.683762,10.7,3.68
T04,GL-4396,2026-03-20 02:38:00,7.24614,10.683946,8.0,3.34
T04,GL-4396,2026-03-20 02:39:00,7.246792,10.683934,8.9,2.88
T04,GL-4396,2026-03-20 02:40:00,7.247496,10.683956,8.6,5.43
T04,GL-4396,2026-03-20 02:41:00,7.248217,10.68389,10.5,3.5
T04,GL-4396,2026-03-20 02:42:00,7.248937,10.684024,9.3,5.4
T04,GL-4396,2026-03-20 02:43:00,7.249605,10.68401,9.9,3.62
T04,GL-4396,2026-03-20 02:44:00,7.250288,10.684161,4.3,5.48
T04,GL-4396,2026-03-20 02:45:00,7.250928,10.6841,4.3,4.34
T04,GL-4396,2026-03-20 02:46:00,7.25162,10.684217,8.8,5.12
T04,GL-4396,2026-03-20 02:47:00,7.252404,10.684209,5.5,3.83
T04,GL-4396,2026-03-20 02:48:00,7.253018,10.684263,7.5,3.59
T04,GL-4396,2026-03-20 02:49:00,7.253809,10.684304,11.0,5.06
T04,GL-4396,2026-03-20 02:50:00,7.254499,10.684261,10.9,4.89
T04,GL-4396,2026-03-20 02:51:00,7.25513,10.684264,4.7,5.02
T04,GL-4396,2026-03-20 02:52:00,7.255899,10.684468,5.0,3.44
T04,GL-4396,2026-03-20 02:53:00,7.256598,10.68438,7.1,3.28
T04,GL-4396,2026-03-20 02:54:00,7.257221,10.684367,4.4,3.4
T04,GL-4396,2026-03-20 02:55:00,7.258048,10.684341,7.7,5.42
T04,GL-4396,2026-03-20 02:56:00,7.258714,10.684417,5.0,4.21
T04,GL-4396,2026-03-20 02:57:00,7.259477,10.684546,6.8,4.18
T04,GL-4396,2026-03-20 02:58:00,7.259998,10.684547,8.8,4.17
T04,GL-4396,2026-03-20 02:59:00,7.260815,10.684661,4.6,4.84
T04,GL-4396,2026-03-20 03:00:00,7.261404,10.684657,7.1,3.91
T04,GL-4396,2026-03-20 03:01:00,7.262199,10.684685,9.3,4.47
T04,GL-4396,2026-03-20 03:02:00,7.262896,10.684593,8.7,3.39
T04,GL-4396,2026-03-20 03:03:00,7.263573,10.684766,9.2,4.23
T04,GL-4396,2026-03-20 03:04:00,7.264133,10.684716,9.6,3.82
T04,GL-4396,2026-03-20 03:05:00,7.264908,10.684708,9.0,3.83
T04,GL-4396,2026-03-20 03:06:00,7.265533,10.684898,6.3,4.06
T04,GL-4396,2026-03-20 03:07:00,7.266337,10.684848,8.7,5.35
T04,GL-4396,2026-03-20 03:08:00,7.266924,10.684929,9.9,5.02
T04,GL-4396,2026-03-20 03:09:00,7.267712,10.684982,9.4,4.4
T04,GL-4396,2026-03-20 03:10:00,7.268255,10.684836,5.9,4.87
T04,GL-4396,2026-03-20 03:11:00,7.269148,10.685033,5.6,2.87
T04,GL-4396,2026-03-20 03:12:00,7.269833,10.685017,11.5,2.83
T04,GL-4396,2026-03-20 03:13:00,7.270466,10.684995,7.2,3.33
T04,GL-4396,2026-03-20 03:14:00,7.271266,10.685116,8.7,3.98
T04,GL-4396,2026-03-20 03:15:00,7.271793,10.685142,11.9,5.32
T04,GL-4396,2026-03-20 03:16:00,7.272644,10.685226,10.4,3.55
T04,GL-4396,2026-03-20 03:17:00,7.273383,10.685149,4.4,3.63
T04,GL-4396,2026-03-20 03:18:00,7.274011,10.685211,7.0,2.99
T04,GL-4396,2026-03-20 03:19:00,7.274588,10.685275,9.6,2.85
T04,GL-4396,2026-03-20 03:20:00,7.275413,10.685246,8.0,4.13
T04,GL-4396,2026-03-20 03:21:00,7.276106,10.6854,6.0,3.0
T04,GL-4396,2026-03-20 03:22:00,7.276759,10.6853,5.4,5.52
T04,GL-4396,2026-03-20 03:23:00,7.277559,10.685417,11.6,3.06
T04,GL-4396,2026-03-20 03:24:00,7.278087,10.685541,4.1,3.84
T04,GL-4396,2026-03-20 03:25:00,7.278805,10.685543,9.9,3.39
T04,GL-4396,2026-03-20 03:26:00,7.279644,10.685454,5.8,5.39
T04,GL-4396,2026-03-20 03:27:00,7.280251,10.685512,8.9,4.43
T04,GL-4396,2026-03-20 03:28:00,7.280968,10.68551,4.7,3.72
T04,GL-4396,2026-03-20 03:29:00,7.281708,10.685554,10.4,4.5
T04,GL-4396,2026-03-20 03:30:00,7.282405,10.68556,10.6,5.29
T04,GL-4396,2026-03-20 03:31:00,7.282992,10.685671,12.0,3.54
T04,GL-4396,2026-03-20 03:32:00,7.283681,10.685677,8.1,4.74
T04,GL-4396,2026-03-20 03:33:00,7.284526,10.685808,7.6,5.22
T04,GL-4396,2026-03-20 03:34:00,7.285158,10.685877,11.9,4.84
T04,GL-4396,2026-03-20 03:35:00,7.285785,10.685841,6.7,4.98
T04,GL-4396,2026-03-20 03:36:00,7.286605,10.685889,9.3,3.66
T04,GL-4396,2026-03-20 03:37:00,7.287222,10.685802,8.3,5.18
T04,GL-4396,2026-03-20 03:38:00,7.288069,10.685955,6.3,3.05
T04,GL-4396,2026-03-20 03:39:00,7.288621,10.685913,9.6,5.53
T04,GL-4396,2026-03-20 03:40:00,7.289278,10.685987,10.8,3.06
T04,GL-4396,2026-03-20 03:41:00,7.290015,10.685973,9.4,3.65
T04,GL-4396,2026-03-20 03:42:00,7.290833,10.686091,11.5,5.2
T04,GL-4396,2026-03-20 03:43:00,7.291461,10.686106,7.8,4.45
T04,GL-4396,2026-03-20 03:44:00,7.292042,10.686069,4.3,4.15
T04,GL-4396,2026-03-20 03:45:00,7.292828,10.6861,10.5,3.39
T04,GL-4396,2026-03-20 03:46:00,7.293504,10.686157,6.1,5.26
T04,GL-4396,2026-03-20 03:47:00,7.294211,10.686257,10.0,5.49
T04,GL-4396,2026-03-20 03:48:00,7.294892,10.686335,10.5,3.73
T04,GL-4396,2026-03-20 03:49:00,7.295669,10.68621,,3.65
T04,GL-4396,2026-03-20 03:50:00,7.296414,10.686422,8.7,4.34
T04,GL-4396,2026-03-20 03:51:00,7.296944,10.686415,8.0,4.67
T04,GL-4396,2026-03-20 03:52:00,7.297729,10.686359,4.3,4.5
T04,GL-4396,2026-03-20 03:53:00,7.298377,10.68641,10.0,4.98
T04,GL-4396,2026-03-20 03:54:00,7.299194,10.686406,6.4,3.26
T04,GL-4396,2026-03-20 03:55:00,7.299798,10.686489,9.8,3.45
T04,GL-4396,2026-03-20 03:56:00,7.30054,10.686531,10.9,4.88
T04,GL-4396,2026-03-20 03:57:00,7.301133,10.686565,7.5,2.99
T04,GL-4396,2026-03-20 03:58:00,7.301984,10.686539,6.8,3.0
T04,GL-4396,2026-03-20 03:59:00,7.302544,10.686624,,2.92
T04,GL-4396,2026-03-20 04:00:00,7.303375,10.686554,9.4,4.18
T04,GL-4396,2026-03-20 04:01:00,7.30393,10.686583,8.5,5.18
T04,GL-4396,2026-03-20 04:02:00,7.304762,10.686664,5.5,5.53
T04,GL-4396,2026-03-20 04:03:00,7.30533,10.68675,9.3,3.64
T04,GL-4396,2026-03-20 04:04:00,7.306155,10.686793,5.1,4.43
T04,GL-4396,2026-03-20 04:05:00,7.306775,10.68686,8.9,4.21
T04,GL-4396,2026-03-20 04:06:00,7.307513,10.686774,5.4,3.77
T04,GL-4396,2026-03-20 04:07:00,7.308192,10.686939,11.4,5.48
T04,GL-4396,2026-03-20 04:08:00,7.308881,10.68704,6.8,3.98
T04,GL-4396,2026-03-20 04:09:00,7.309577,10.686972,11.8,4.81
T04,GL-4396,2026-03-20 04:10:00,7.310234,10.687004,5.4,4.99
T04,GL-4396,2026-03-20 04:11:00,7.31095,10.687066,6.4,3.9
T04,GL-4396,2026-03-20 04:12:00,7.311642,10.686979,8.7,3.4
T04,GL-4396,2026-03-20 04:13:00,7.312413,10.687145,4.1,4.29
T04,GL-4396,2026-03-20 04:14:00,7.313126,10.687151,11.3,5.29
T04,GL-4396,2026-03-20 04:15:00,7.313708,10.687172,10.9,4.01
T04,GL-4396,2026-03-20 04:16:00,7.314456,10.687216,10.7,3.74
T04,GL-4396,2026-03-20 04:17:00,7.315212,10.687344,8.5,4.78
T04,GL-4396,2026-03-20 04:18:00,7.31594,10.687304,11.6,4.78
T04,GL-4396,2026-03-20 04:19:00,7.316544,10.68727,11.5,4.92
T04,GL-4396,2026-03-20 04:20:00,7.317164,10.687303,5.7,3.9
T04,GL-4396,2026-03-20 04:21:00,7.317928,10.687331,7.8,3.98
T04,GL-4396,2026-03-20 04:22:00,7.318746,10.687405,7.6,3.82
T04,GL-4396,2026-03-20 04:23:00,7.319287,10.687331,7.8,5.43
T04,GL-4396,2026-03-20 04:24:00,7.320114,10.68741,11.8,5.12
T04,GL-4396,2026-03-20 04:25:00,7.320734,10.687478,5.1,4.15
T04,GL-4396,2026-03-20 04:26:00,7.321435,10.68755,4.8,4.58
T04,GL-4396,2026-03-20 04:27:00,7.322112,10.687582,4.9,3.13
T04,GL-4396,2026-03-20 04:28:00,7.322859,10.687547,9.3,3.36
T04,GL-4396,2026-03-20 04:29:00,7.323546,10.687635,9.3,4.08
T04,GL-4396,2026-03-20 04:30:00,7.324174,10.687719,7.8,3.56
T04,GL-4396,2026-03-20 04:31:00,7.324883,10.687691,6.8,4.83
T04,GL-4396,2026-03-20 04:32:00,7.325591,10.687841,11.6,5.55
T04,GL-4396,2026-03-20 04:33:00,7.326424,10.687738,6.9,4.34
T04,GL-4396,2026-03-20 04:34:00,7.326917,10.68781,8.9,4.22
T04,GL-4396,2026-03-20 04:35:00,7.327731,10.687808,8.9,2.97
T04,GL-4396,2026-03-20 04:36:00,7.328311,10.687814,5.9,4.78
T04,GL-4396,2026-03-20 04:37:00,7.329055,10.687991,5.3,3.24
T04,GL-4396,2026-03-20 04:38:00,7.329715,10.688109,7.3,3.7
T04,GL-4396,2026-03-20 04:39:00,7.330302,10.687964,,2.89
T04,GL-4396,2026-03-20 04:40:00,7.331161,10.688131,8.2,4.26
T04,GL-4396,2026-03-20 04:41:00,7.3319,10.68801,10.1,3.07
T04,GL-4396,2026-03-20 04:42:00,7.332621,10.688007,9.2,4.1
T04,GL-4396,2026-03-20 04:43:00,7.33332,10.688093,11.4,4.44
T04,GL-4396,2026-03-20 04:44:00,7.333973,10.688137,7.1,3.49
T04,GL-4396,2026-03-20 04:45:00,7.334629,10.688223,7.8,5.16
T04,GL-4396,2026-03-20 04:46:00,7.33535,10.688099,6.5,5.31
T04,GL-4396,2026-03-20 04:47:00,7.336015,10.688222,7.2,3.44
T04,GL-4396,2026-03-20 04:48:00,7.336722,10.68823,9.2,3.25
T04,GL-4396,2026-03-20 04:49:00,7.337427,10.688336,10.1,4.37
T04,GL-4396,2026-03-20 04:50:00,7.338074,10.688398,11.5,3.25
T04,GL-4396,2026-03-20 04:51:00,7.338841,10.688257,10.1,3.41
T04,GL-4396,2026-03-20 04:52:00,7.339607,10.688393,9.4,3.52
T04,GL-4396,2026-03-20 04:53:00,7.340311,10.688454,4.8,3.53
T04,GL-4396,2026-03-20 04:54:00,7.340942,10.688532,9.5,4.14
T04,GL-4396,2026-03-20 04:55:00,7.341653,10.688485,10.4,4.6
T04,GL-4396,2026-03-20 04:56:00,7.34234,10.688519,7.0,3.93
T04,GL-4396,2026-03-20 04:57:00,7.343147,10.688612,7.1,2.96
T04,GL-4396,2026-03-20 04:58:00,7.343661,10.688526,11.8,4.03
T04,GL-4396,2026-03-20 04:59:00,7.34448,10.688655,7.5,5.45
T04,GL-4396,2026-03-20 05:00:00,7.345137,10.688646,4.1,3.81
T04,GL-4396,2026-03-20 05:01:00,7.345893,10.688619,7.1,5.27
T04,GL-4396,2026-03-20 05:02:00,7.346652,10.688756,5.5,5.15
T04,GL-4396,2026-03-20 05:03:00,7.34715,10.688908,8.3,5.5
T04,GL-4396,2026-03-20 05:04:00,7.347984,10.688711,10.4,4.07
T04,GL-4396,2026-03-20 05:05:00,7.348714,10.688897,,3.75
T04,GL-4396,2026-03-20 05:06:00,7.349261,10.688894,5.8,5.12
T04,GL-4396,2026-03-20 05:07:00,7.350065,10.688976,9.3,3.4
T04,GL-4396,2026-03-20 05:08:00,7.350799,10.688841,10.9,3.38
T04,GL-4396,2026-03-20 05:09:00,7.351417,10.689,11.3,3.86
T04,GL-4396,2026-03-20 05:10:00,7.352239,10.689142,6.8,4.24
T04,GL-4396,2026-03-20 05:11:00,7.352766,10.689051,4.3,4.62
T04,GL-4396,2026-03-20 05:12:00,7.353463,10.689123,10.5,5.02
T04,GL-4396,2026-03-20 05:13:00,7.354151,10.68923,5.8,4.7
T04,GL-4396,2026-03-20 05:14:00,7.354888,10.689212,4.6,5.13
T04,GL-4396,2026-03-20 05:15:00,7.355611,10.689156,5.0,5.31
T04,GL-4396,2026-03-20 05:16:00,7.3563,10.689244,8.7,4.62
T04,GL-4396,2026-03-20 05:17:00,7.35697,10.689307,5.7,3.16
T04,GL-4396,2026-03-20 05:18:00,7.357698,10.689294,8.4,4.59
T04,GL-4396,2026-03-20 05:19:00,7.358344,10.689238,9.2,3.5
T04,GL-4396,2026-03-20 05:20:00,7.35912,10.689287,6.6,5.01
T04,GL-4396,2026-03-20 05:21:00,7.359808,10.689393,11.6,3.5
T04,GL-4396,2026-03-20 05:22:00,7.360552,10.689436,8.2,3.18
T04,GL-4396,2026-03-20 05:23:00,7.361034,10.689476,4.3,5.11
T04,GL-4396,2026-03-20 05:24:00,7.361848,10.689502,11.6,5.52
T04,GL-4396,2026-03-20 05:25:00,7.362655,10.689481,4.9,3.23
T04,GL-4396,2026-03-20 05:26:00,7.363298,10.689499,8.2,3.78
T04,GL-4396,2026-03-20 05:27:00,7.363999,10.689643,10.8,4.22
T04,GL-4396,2026-03-20 05:28:00,7.364699,10.689626,11.0,4.64
T04,GL-4396,2026-03-20 05:29:00,7.365396,10.689645,10.7,4.78
T04,GL-4396,2026-03-20 05:30:00,7.366181,10.689733,5.7,5.1
T04,GL-4396,2026-03-20 05:31:00,7.366739,10.689598,4.9,4.41
T04,GL-4396,2026-03-20 05:32:00,7.367423,10.689813,9.3,4.77
T04,GL-4396,2026-03-20 05:33:00,7.368112,10.689823,5.9,4.4
T04,GL-4396,2026-03-20 05:34:00,7.368873,10.68975,6.9,4.01
T04,GL-4396,2026-03-20 05:35:00,7.369526,10.689912,10.6,3.56
T04,GL-4396,2026-03-20 05:36:00,7.37019,10.689873,9.8,3.04
T04,GL-4396,2026-03-20 05:37:00,7.370948,10.690021,8.3,4.35
T04,GL-4396,2026-03-20 05:38:00,7.371709,10.68995,10.1,5.01
T04,GL-4396,2026-03-20 05:39:00,7.372293,10.690001,4.1,4.76
T04,GL-4396,2026-03-20 05:40:00,7.37306,10.689887,6.7,4.93
T04,GL-4396,2026-03-20 05:41:00,7.373815,10.690036,8.5,4.24
T04,GL-4396,2026-03-20 05:42:00,7.374455,10.689976,9.6,3.98
T04,GL-4396,2026-03-20 05:43:00,7.375071,10.690082,4.6,3.11
T04,GL-4396,2026-03-20 05:44:00,7.375812,10.690148,10.8,3.94
T04,GL-4396,2026-03-20 05:45:00,7.376536,10.690146,4.2,3.03
T04,GL-4396,2026-03-20 05:46:00,7.377206,10.690298,11.1,5.17
T04,GL-4396,2026-03-20 05:47:00,7.377964,10.690222,9.9,4.27
T04,GL-4396,2026-03-20 05:48:00,7.378557,10.690193,5.0,5.26
T04,GL-4396,2026-03-20 05:49:00,7.379281,10.69034,7.7,4.59
T04,GL-4396,2026-03-20 05:50:00,7.379887,10.690362,4.1,5.44
T04,GL-4396,2026-03-20 05:51:00,7.380677,10.69035,7.3,4.9
T04,GL-4396,2026-03-20 05:52:00,7.381518,10.690408,7.6,3.35
T04,GL-4396,2026-03-20 05:53:00,7.382154,10.690389,6.2,4.63
T04,GL-4396,2026-03-20 05:54:00,7.382848,10.690501,6.6,5.53
T04,GL-4396,2026-03-20 05:55:00,7.383529,10.690588,4.5,3.21
T04,GL-4396,2026-03-20 05:56:00,7.384238,10.690609,4.6,3.83
T04,GL-4396,2026-03-20 05:57:00,7.384899,10.690597,11.0,5.25
T04,GL-4396,2026-03-20 05:58:00,7.385617,10.690723,11.1,2.86
T04,GL-4396,2026-03-20 05:59:00,7.386306,10.690608,8.4,5.02
T04,GL-4396,2026-03-20 06:00:00,7.386977,10.690625,11.8,4.53
T04,GL-4396,2026-03-20 06:01:00,7.387671,10.690748,11.5,4.59
T04,GL-4396,2026-03-20 06:02:00,7.388371,10.690755,11.1,4.9
T04,GL-4396,2026-03-20 06:03:00,7.389129,10.69084,11.0,4.7
T04,GL-4396,2026-03-20 06:04:00,7.389835,10.690799,10.3,5.5
T04,GL-4396,2026-03-20 06:05:00,7.390442,10.690922,4.1,3.84
T04,GL-4396,2026-03-20 06:06:00,7.391134,10.690987,4.9,2.9
T04,GL-4396,2026-03-20 06:07:00,7.391834,10.690958,8.2,5.38
T04,GL-4396,2026-03-20 06:08:00,7.392553,10.690998,8.3,2.94
T04,GL-4396,2026-03-20 06:09:00,7.393304,10.69104,8.9,5.53
T04,GL-4396,2026-03-20 06:10:00,7.394002,10.691037,11.4,4.18
T04,GL-4396,2026-03-20 06:11:00,7.394615,10.691054,11.1,3.99
T04,GL-4396,2026-03-20 06:12:00,7.395354,10.691233,8.7,2.93
T04,GL-4396,2026-03-20 06:13:00,7.396075,10.69115,6.4,3.5
T04,GL-4396,2026-03-20 06:14:00,7.396852,10.69111,5.6,3.08
T04,GL-4396,2026-03-20 06:15:00,7.397307,10.691118,8.5,4.79
T04,GL-4396,2026-03-20 06:16:00,7.398097,10.69127,10.6,3.18
T04,GL-4396,2026-03-20 06:17:00,7.398834,10.691232,6.3,5.05
T04,GL-4396,2026-03-20 06:18:00,7.399446,10.691317,4.4,4.12
T04,GL-4396,2026-03-20 06:19:00,7.400328,10.691278,5.3,4.03
T04,GL-4396,2026-03-20 06:20:00,7.400857,10.691342,4.2,2.88
T04,GL-4396,2026-03-20 06:21:00,7.401586,10.69154,9.9,3.21
T04,GL-4396,2026-03-20 06:22:00,7.402326,10.691401,10.3,2.87
T04,GL-4396,2026-03-20 06:23:00,7.402985,10.691579,6.1,3.49
T04,GL-4396,2026-03-20 06:24:00,7.403763,10.691604,9.6,3.89
T04,GL-4396,2026-03-20 06:25:00,7.404441,10.691502,5.0,4.59
T04,GL-4396,2026-03-20 06:26:00,7.405178,10.691536,4.1,4.8
T04,GL-4396,2026-03-20 06:27:00,7.405757,10.691698,7.7,2.83
T04,GL-4396,2026-03-20 06:28:00,7.406484,10.691765,9.4,5.08
T04,GL-4396,2026-03-20 06:29:00,7.407053,10.691678,5.9,3.73
T04,GL-4396,2026-03-20 06:30:00,7.407892,10.691772,9.8,4.95
T04,GL-4396,2026-03-20 06:31:00,7.408547,10.691687,5.9,3.74
T04,GL-4396,2026-03-20 06:32:00,7.409278,10.691739,6.2,4.25
T04,GL-4396,2026-03-20 06:33:00,7.409931,10.691845,8.5,2.9
T04,GL-4396,2026-03-20 06:34:00,7.410648,10.691868,6.7,5.28
T04,GL-4396,2026-03-20 06:35:00,7.41147,10.691954,10.3,5.3
T04,GL-4396,2026-03-20 06:36:00,7.412212,10.691915,7.0,4.04
T04,GL-4396,2026-03-20 06:37:00,7.412764,10.691965,5.0,4.33
T04,GL-4396,2026-03-20 06:38:00,7.413528,10.692076,4.7,3.75
T04,GL-4396,2026-03-20 06:39:00,7.414107,10.692078,11.4,3.68
T04,GL-4396,2026-03-20 06:40:00,7.414854,10.69203,9.8,3.62
T04,GL-4396,2026-03-20 06:41:00,7.415711,10.692162,5.2,4.37
T04,GL-4396,2026-03-20 06:42:00,7.416344,10.692242,6.9,3.09
T04,GL-4396,2026-03-20 06:43:00,7.417045,10.692093,8.0,3.66
T04,GL-4396,2026-03-20 06:44:00,7.417615,10.692313,12.0,4.27
T04,GL-4396,2026-03-20 06:45:00,7.418332,10.692225,7.9,5.1
T04,GL-4396,2026-03-20 06:46:00,7.419101,10.692331,7.5,5.26
T04,GL-4396,2026-03-20 06:47:00,7.419825,10.692266,4.3,3.69
T04,GL-4396,2026-03-20 06:48:00,7.420532,10.692387,6.6,4.89
T04,GL-4396,2026-03-20 06:49:00,7.421127,10.692296,10.1,5.34
T04,GL-4396,2026-03-20 06:50:00,7.421919,10.692312,4.5,5.32
T04,GL-4396,2026-03-20 06:51:00,7.422527,10.692487,5.7,3.46
T04,GL-4396,2026-03-20 06:52:00,7.423302,10.692424,10.2,4.6
T04,GL-4396,2026-03-20 06:53:00,7.423965,10.692525,8.4,3.83
T04,GL-4396,2026-03-20 06:54:00,7.424564,10.692512,7.7,5.49
T04,GL-4396,2026-03-20 06:55:00,7.425461,10.692577,11.5,4.88
T04,GL-4396,2026-03-20 06:56:00,7.426052,10.692459,9.0,3.24
T04,GL-4396,2026-03-20 06:57:00,7.426618,10.692604,5.5,5.48
T04,GL-4396,2026-03-20 06:58:00,7.427379,10.692671,10.7,5.25
T04,GL-4396,2026-03-20 06:59:00,7.428132,10.692714,4.6,3.16
T04,GL-4396,2026-03-20 07:00:00,7.428821,10.692643,10.1,4.18
T04,GL-4396,2026-03-20 07:01:00,7.429527,10.692686,4.6,4.74
T04,GL-4396,2026-03-20 07:02:00,7.430182,10.692809,6.7,3.94
T04,GL-4396,2026-03-20 07:03:00,7.430926,10.692874,5.4,2.91
T04,GL-4396,2026-03-20 07:04:00,7.431595,10.692931,5.8,5.5
T04,GL-4396,2026-03-20 07:05:00,7.432355,10.692915,10.3,4.22
T04,GL-4396,2026-03-20 07:06:00,7.432909,10.692957,7.3,4.36
T04,GL-4396,2026-03-20 07:07:00,7.433717,10.692924,4.4,2.99
T04,GL-4396,2026-03-20 07:08:00,7.43443,10.69309,8.6,3.33
T04,GL-4396,2026-03-20 07:09:00,7.435068,10.693015,4.8,3.34
T04,GL-4396,2026-03-20 07:10:00,7.43583,10.693078,7.6,4.7
T04,GL-4396,2026-03-20 07:11:00,7.436498,10.693061,11.8,3.08
T04,GL-4396,2026-03-20 07:12:00,7.437267,10.693098,5.1,2.82
T04,GL-4396,2026-03-20 07:13:00,7.437827,10.693146,11.9,5.05
T04,GL-4396,2026-03-20 07:14:00,7.438578,10.693208,7.5,3.28
T04,GL-4396,2026-03-20 07:15:00,7.43931,10.693365,9.3,4.32
T04,GL-4396,2026-03-20 07:16:00,7.44002,10.693206,7.6,5.29
T04,GL-4396,2026-03-20 07:17:00,7.440682,10.693301,8.1,3.43
T04,GL-4396,2026-03-20 07:18:00,7.441286,10.693294,10.1,2.93
T04,GL-4396,2026-03-20 07:19:00,7.442047,10.693256,7.2,5.18
T04,GL-4396,2026-03-20 07:20:00,7.442749,10.693433,9.3,4.56
T04,GL-4396,2026-03-20 07:21:00,7.443476,10.693341,5.1,3.57
T04,GL-4396,2026-03-20 07:22:00,7.44422,10.693524,11.7,5.09
T04,GL-4396,2026-03-20 07:23:00,7.444794,10.693614,8.5,3.27
T04,GL-4396,2026-03-20 07:24:00,7.445615,10.693606,4.4,3.01
T04,GL-4396,2026-03-20 07:25:00,7.446235,10.693507,9.7,5.54
T04,GL-4396,2026-03-20 07:26:00,7.446861,10.693714,4.7,3.77
T04,GL-4396,2026-03-20 07:27:00,7.447656,10.693707,5.8,3.58
T04,GL-4396,2026-03-20 07:28:00,7.448458,10.693658,9.2,4.93
T04,GL-4396,2026-03-20 07:29:00,7.449019,10.693683,7.9,4.21
T04,GL-4396,2026-03-20 07:30:00,7.44982,10.693713,10.0,2.9
T04,GL-4396,2026-03-20 07:31:00,7.450384,10.693833,5.1,4.42
T04,GL-4396,2026-03-20 07:32:00,7.451143,10.693871,10.9,3.93
T04,GL-4396,2026-03-20 07:33:00,7.451852,10.693872,9.5,3.64
T04,GL-4396,2026-03-20 07:34:00,7.452615,10.693877,9.6,4.26
T04,GL-4396,2026-03-20 07:35:00,7.453253,10.693915,8.5,5.05
T04,GL-4396,2026-03-20 07:36:00,7.453877,10.693959,9.2,3.91
T04,GL-4396,2026-03-20 07:37:00,7.454588,10.694018,9.0,3.15
T04,GL-4396,2026-03-20 07:38:00,7.455449,10.694069,5.4,3.62
T04,GL-4396,2026-03-20 07:39:00,7.455965,10.69398,6.9,4.21
T04,GL-4396,2026-03-20 07:40:00,7.456744,10.694139,7.4,5.28
T04,GL-4396,2026-03-20 07:41:00,7.457435,10.69401,5.4,4.17
T04,GL-4396,2026-03-20 07:42:00,7.458144,10.694164,9.5,2.87
T04,GL-4396,2026-03-20 07:43:00,7.458845,10.694203,8.2,4.42
T04,GL-4396,2026-03-20 07:44:00,7.459535,10.694335,10.7,4.2
T04,GL-4396,2026-03-20 07:45:00,7.460208,10.694145,7.5,4.69
T04,GL-4396,2026-03-20 07:46:00,7.460861,10.694345,8.8,4.25
T04,GL-4396,2026-03-20 07:47:00,7.461617,10.694365,10.0,3.06
T04,GL-4396,2026-03-20 07:48:00,7.462306,10.694412,5.5,4.44
T04,GL-4396,2026-03-20 07:49:00,7.463104,10.694368,9.4,4.15
T04,GL-4396,2026-03-20 07:50:00,7.463697,10.694417,10.5,3.33
T04,GL-4396,2026-03-20 07:51:00,7.464452,10.694521,10.5,4.51
T04,GL-4396,2026-03-20 07:52:00,7.465047,10.694558,5.6,2.84
T04,GL-4396,2026-03-20 07:53:00,7.465697,10.694601,6.0,5.23
T04,GL-4396,2026-03-20 07:54:00,7.466451,10.694481,7.8,4.97
T04,GL-4396,2026-03-20 07:55:00,7.467143,10.694612,9.1,3.66
T04,GL-4396,2026-03-20 07:56:00,7.468,10.694566,8.9,4.27
T04,GL-4396,2026-03-20 07:57:00,7.468559,10.694686,4.6,3.66
T04,GL-4396,2026-03-20 07:58:00,7.469403,10.694693,10.9,4.42
T04,GL-4396,2026-03-20 07:59:00,7.469989,10.694798,4.7,3.73
T04,GL-4396,2026-03-20 08:00:00,7.470604,10.694814,5.2,3.76
T04,GL-4396,2026-03-20 08:01:00,7.471451,10.694796,4.8,3.34
T04,GL-4396,2026-03-20 08:02:00,7.472181,10.69485,6.9,3.03
T04,GL-4396,2026-03-20 08:03:00,7.472876,10.694802,4.2,5.15
T04,GL-4396,2026-03-20 08:04:00,7.473457,10.694999,9.4,4.59
T04,GL-4396,2026-03-20 08:05:00,7.474078,10.694921,9.1,5.48
T04,GL-4396,2026-03-20 08:06:00,7.474759,10.695002,8.0,4.64
T04,GL-4396,2026-03-20 08:07:00,7.475516,10.695018,5.9,4.26
T04,GL-4396,2026-03-20 08:08:00,7.285988,10.695006,11.9,475.6
T04,GL-4396,2026-03-20 08:09:00,7.476931,10.695081,4.2,5.16
T04,GL-4396,2026-03-20 08:10:00,7.477596,10.695101,6.3,3.79
T04,GL-4396,2026-03-20 08:11:00,7.47835,10.695036,7.5,3.68
T04,GL-4396,2026-03-20 08:12:00,7.479019,10.6952,7.1,2.89
T04,GL-4396,2026-03-20 08:13:00,7.479748,10.695143,9.1,2.91
T04,GL-4396,2026-03-20 08:14:00,7.480488,10.6952,11.7,4.24
T04,GL-4396,2026-03-20 08:15:00,7.481194,10.695273,5.9,5.55
T04,GL-4396,2026-03-20 08:16:00,7.48184,10.695314,7.0,5.06
T04,GL-4396,2026-03-20 08:17:00,7.482433,10.695272,10.8,4.03
T04,GL-4396,2026-03-20 08:18:00,7.483189,10.695421,9.1,4.25
T04,GL-4396,2026-03-20 08:19:00,7.483853,10.695392,8.7,4.87
T04,GL-4396,2026-03-20 08:20:00,7.484623,10.695493,6.6,4.12
T04,GL-4396,2026-03-20 08:21:00,7.485273,10.695439,7.6,3.43
T04,GL-4396,2026-03-20 08:22:00,7.485894,10.695587,10.2,3.08
T04,GL-4396,2026-03-20 08:23:00,7.486744,10.69544,6.8,4.8
T04,GL-4396,2026-03-20 08:24:00,7.487404,10.695651,9.1,3.83
T04,GL-4396,2026-03-20 08:25:00,7.488102,10.695605,4.7,4.44
T04,GL-4396,2026-03-20 08:26:00,7.488704,10.695647,11.3,3.48
T04,GL-4396,2026-03-20 08:27:00,7.48948,10.695615,8.2,3.39
T04,GL-4396,2026-03-20 08:28:00,7.490253,10.695817,10.6,3.98
T04,GL-4396,2026-03-20 08:29:00,7.490933,10.695778,10.7,5.06
T04,GL-4396,2026-03-20 08:30:00,7.491647,10.69585,10.9,3.47
T04,GL-4396,2026-03-20 08:31:00,7.492318,10.695879,4.0,3.78
T04,GL-4396,2026-03-20 08:32:00,7.492961,10.695857,7.5,2.97
T04,GL-4396,2026-03-20 08:33:00,7.493722,10.695967,6.9,3.03
T04,GL-4396,2026-03-20 08:34:00,7.494402,10.696048,11.9,4.69
T04,GL-4396,2026-03-20 08:35:00,7.495143,10.695946,5.3,5.41
T04,GL-4396,2026-03-20 08:36:00,7.495802,10.696007,11.1,2.94
T04,GL-4396,2026-03-20 08:37:00,7.496543,10.696121,5.0,4.01
T04,GL-4396,2026-03-20 08:38:00,7.49725,10.696012,9.3,5.27
T04,GL-4396,2026-03-20 08:39:00,7.497999,10.696117,6.4,3.81
T04,GL-4396,2026-03-20 08:40:00,7.498711,10.696074,4.3,5.57
T04,GL-4396,2026-03-20 08:41:00,7.611977,10.696171,7.5,184.86
T04,GL-4396,2026-03-20 08:42:00,7.499973,10.696025,7.3,3.88
T04,GL-4396,2026-03-20 08:43:00,7.5006,10.696261,4.9,5.57
T04,GL-4396,2026-03-20 08:44:00,7.501432,10.696162,9.0,4.74
T04,GL-4396,2026-03-20 08:45:00,7.502135,10.696356,5.6,4.36
T04,GL-4396,2026-03-20 08:46:00,7.502775,10.69638,8.8,4.17
T04,GL-4396,2026-03-20 08:47:00,7.50342,10.696375,9.5,5.1
T04,GL-4396,2026-03-20 08:48:00,7.504219,10.696313,9.5,3.03
T04,GL-4396,2026-03-20 08:49:00,7.504928,10.696357,6.5,4.35
T04,GL-4396,2026-03-20 08:50:00,7.505497,10.696467,6.1,3.98
T04,GL-4396,2026-03-20 08:51:00,7.506201,10.696543,5.6,5.03
T04,GL-4396,2026-03-20 08:52:00,7.506932,10.696499,8.2,3.78
T04,GL-4396,2026-03-20 08:53:00,7.507635,10.696562,8.7,5.38
T04,GL-4396,2026-03-20 08:54:00,7.508304,10.696618,5.8,3.05
T04,GL-4396,2026-03-20 08:55:00,7.509026,10.696643,10.5,4.28
T04,GL-4396,2026-03-20 08:56:00,7.509755,10.696644,9.4,4.32
T04,GL-4396,2026-03-20 08:57:00,7.510442,10.696606,10.6,4.42
T04,GL-4396,2026-03-20 08:58:00,7.511169,10.696654,10.7,4.04
T04,GL-4396,2026-03-20 08:59:00,7.51186,10.696823,11.2,4.86
T04,GL-4396,2026-03-20 09:00:00,7.512467,10.696735,8.7,4.45
T04,GL-4396,2026-03-20 09:01:00,7.513258,10.696828,11.7,3.78
T04,GL-4396,2026-03-20 09:02:00,7.513938,10.696891,4.4,4.16
T04,GL-4396,2026-03-20 09:03:00,7.514606,10.696972,10.8,5.24
T04,GL-4396,2026-03-20 09:04:00,7.515357,10.696873,4.8,5.23
T04,GL-4396,2026-03-20 09:05:00,7.515999,10.696985,7.8,4.99
T04,GL-4396,2026-03-20 09:06:00,7.516727,10.697002,4.3,4.0
T04,GL-4396,2026-03-20 09:07:00,7.517438,10.697047,10.3,4.35
T04,GL-4396,2026-03-20 09:08:00,7.518078,10.696998,7.0,4.09
T04,GL-4396,2026-03-20 09:09:00,7.518771,10.697217,7.2,4.45
T04,GL-4396,2026-03-20 09:10:00,7.519609,10.697215,6.5,4.62
T04,GL-4396,2026-03-20 09:11:00,7.520245,10.697121,7.9,2.89
T04,GL-4396,2026-03-20 09:12:00,7.520887,10.697213,7.9,5.14
T04,GL-4396,2026-03-20 09:13:00,7.521652,10.697233,6.7,3.06
T04,GL-4396,2026-03-20 09:14:00,7.522299,10.697271,7.1,3.84
T04,GL-4396,2026-03-20 09:15:00,7.523103,10.697238,7.2,3.62
T04,GL-4396,2026-03-20 09:16:00,7.523757,10.697295,5.3,5.12
T04,GL-4396,2026-03-20 09:17:00,7.524323,10.69733,5.4,4.01
T04,GL-4396,2026-03-20 09:18:00,7.525069,10.697527,11.1,3.25
T04,GL-4396,2026-03-20 09:19:00,7.525773,10.697441,9.9,5.11
T04,GL-4396,2026-03-20 09:20:00,7.526466,10.697437,8.2,5.38
T04,GL-4396,2026-03-20 09:21:00,7.527146,10.697553,9.0,4.3
T04,GL-4396,2026-03-20 09:22:00,7.527919,10.697571,4.8,2.95
T04,GL-4396,2026-03-20 09:23:00,7.528524,10.697514,4.8,4.67
T04,GL-4396,2026-03-20 09:24:00,7.529223,10.697612,6.4,5.38
T04,GL-4396,2026-03-20 09:25:00,7.529932,10.697597,5.4,4.95
T04,GL-4396,2026-03-20 09:26:00,7.530733,10.697646,7.6,5.32
T04,GL-4396,2026-03-20 09:27:00,7.531476,10.697762,9.4,4.81
T04,GL-4396,2026-03-20 09:28:00,7.532075,10.697659,5.3,4.54
T04,GL-4396,2026-03-20 09:29:00,7.532732,10.697731,9.5,5.55
T04,GL-4396,2026-03-20 09:30:00,7.533451,10.69778,8.0,5.03
T04,GL-4396,2026-03-20 09:31:00,7.534217,10.697825,11.3,4.88
T04,GL-4396,2026-03-20 09:32:00,7.534922,10.697904,9.5,3.84
T04,GL-4396,2026-03-20 09:33:00,7.535577,10.697861,9.5,2.85
T04,GL-4396,2026-03-20 09:34:00,7.536184,10.697951,11.8,3.8
T04,GL-4396,2026-03-20 09:35:00,7.537017,10.698038,7.0,5.33
T04,GL-4396,2026-03-20 09:36:00,7.537662,10.698031,7.0,5.0
T04,GL-4396,2026-03-20 09:37:00,7.538331,10.697931,8.0,4.82
T04,GL-4396,2026-03-20 09:38:00,7.539067,10.698041,4.0,3.36
T04,GL-4396,2026-03-20 09:39:00,7.539719,10.698081,11.3,3.12
T04,GL-4396,2026-03-20 09:40:00,7.540471,10.698038,8.2,3.1
T04,GL-4396,2026-03-20 09:41:00,7.541193,10.698204,9.4,5.58
T04,GL-4396,2026-03-20 09:42:00,7.541826,10.698331,11.5,5.03
T04,GL-4396,2026-03-20 09:43:00,7.542479,10.698202,8.2,5.23
T04,GL-4396,2026-03-20 09:44:00,7.543227,10.698211,10.3,4.49
T04,GL-4396,2026-03-20 09:45:00,7.543912,10.698432,11.5,4.93
T04,GL-4396,2026-03-20 09:46:00,7.544698,10.698382,6.7,5.52
T04,GL-4396,2026-03-20 09:47:00,7.545312,10.698283,8.5,5.2
T04,GL-4396,2026-03-20 09:48:00,7.546033,10.698371,8.8,3.35
T04,GL-4396,2026-03-20 09:49:00,7.546768,10.698419,8.0,4.29
T04,GL-4396,2026-03-20 09:50:00,7.547422,10.6985,6.0,4.47
T04,GL-4396,2026-03-20 09:51:00,7.548238,10.698489,8.9,3.71
T04,GL-4396,2026-03-20 09:52:00,7.548828,10.698522,9.5,3.45
T04,GL-4396,2026-03-20 09:53:00,7.549512,10.698558,5.6,4.26
T04,GL-4396,2026-03-20 09:54:00,7.550178,10.698612,9.5,4.98
T04,GL-4396,2026-03-20 09:55:00,7.550958,10.698712,9.3,3.3
T04,GL-4396,2026-03-20 09:56:00,7.551609,10.698664,5.0,3.92
T04,GL-4396,2026-03-20 09:57:00,7.552343,10.698817,6.5,4.47
T04,GL-4396,2026-03-20 09:58:00,7.552924,10.698792,,5.5
T04,GL-4396,2026-03-20 09:59:00,7.553715,10.698763,6.4,4.08
T04,GL-4396,2026-03-20 10:00:00,7.554349,10.698835,5.1,3.53
T04,GL-4396,2026-03-20 10:01:00,7.555015,10.698861,10.8,5.57
T04,GL-4396,2026-03-20 10:02:00,7.555749,10.698823,7.5,5.58
T04,GL-4396,2026-03-20 10:03:00,7.556574,10.698896,11.2,5.07
T04,GL-4396,2026-03-20 10:04:00,7.557268,10.698929,9.6,5.36
T04,GL-4396,2026-03-20 10:05:00,7.557851,10.698942,6.8,5.01
T04,GL-4396,2026-03-20 10:06:00,7.558631,10.699014,9.9,5.03
T04,GL-4396,2026-03-20 10:07:00,7.55931,10.699138,11.6,5.48
T04,GL-4396,2026-03-20 10:08:00,7.560007,10.699123,9.9,5.4
T04,GL-4396,2026-03-20 10:09:00,7.560756,10.699178,7.9,3.03
T04,GL-4396,2026-03-20 10:10:00,7.561284,10.699195,4.4,4.7
T04,GL-4396,2026-03-20 10:11:00,7.562038,10.699241,11.8,2.89
T04,GL-4396,2026-03-20 10:12:00,7.56277,10.699286,4.9,3.33
T04,GL-4396,2026-03-20 10:13:00,7.563436,10.699293,9.3,4.33
T04,GL-4396,2026-03-20 10:14:00,7.564107,10.699345,11.4,4.19
T04,GL-4396,2026-03-20 10:15:00,7.564726,10.699446,6.8,4.04
T04,GL-4396,2026-03-20 10:16:00,7.565681,10.699336,9.3,3.92
T04,GL-4396,2026-03-20 10:17:00,7.566301,10.699294,8.1,3.77
T04,GL-4396,2026-03-20 10:18:00,7.566869,10.699313,11.3,3.1
T04,GL-4396,2026-03-20 10:19:00,7.567649,10.699437,6.1,4.03
T04,GL-4396,2026-03-20 10:20:00,7.568225,10.699621,7.8,3.18
T04,GL-4396,2026-03-20 10:21:00,7.56906,10.699543,10.1,5.47
T04,GL-4396,2026-03-20 10:22:00,7.569757,10.699525,7.6,2.8
T04,GL-4396,2026-03-20 10:23:00,7.570377,10.699658,9.8,5.12
T04,GL-4396,2026-03-20 10:24:00,7.571038,10.699728,4.2,2.93
T04,GL-4396,2026-03-20 10:25:00,7.571831,10.699689,4.2,2.93
T04,GL-4396,2026-03-20 10:26:00,7.57245,10.699698,10.9,3.54
T04,GL-4396,2026-03-20 10:27:00,7.573264,10.699672,7.7,4.65
T04,GL-4396,2026-03-20 10:28:00,7.573803,10.699798,7.6,4.44
T04,GL-4396,2026-03-20 10:29:00,7.574554,10.699806,8.6,5.51
T04,GL-4396,2026-03-20 10:30:00,7.575295,10.699729,11.2,4.38
T04,GL-4396,2026-03-20 10:31:00,7.575972,10.699901,5.2,3.9
T04,GL-4396,2026-03-20 10:32:00,7.576667,10.699931,4.3,3.28
T04,GL-4396,2026-03-20 10:33:00,7.577463,10.699795,7.1,4.66
T04,GL-4396,2026-03-20 10:34:00,7.578135,10.699976,9.6,3.16
T04,GL-4396,2026-03-20 10:35:00,7.578825,10.69997,,3.4
T04,GL-4396,2026-03-20 10:36:00,7.579427,10.69996,10.1,2.9
T04,GL-4396,2026-03-20 10:37:00,7.580098,10.699967,7.0,4.04
T04,GL-4396,2026-03-20 10:38:00,7.581,10.700133,8.6,3.41
T04,GL-4396,2026-03-20 10:39:00,7.581599,10.700236,5.2,4.81
T04,GL-4396,2026-03-20 10:40:00,7.582193,10.700239,10.1,4.36
T04,GL-4396,2026-03-20 10:41:00,7.58305,10.700261,10.0,3.65
T04,GL-4396,2026-03-20 10:42:00,7.583666,10.700188,6.9,3.59
T04,GL-4396,2026-03-20 10:43:00,7.584433,10.700346,7.9,4.31
T04,GL-4396,2026-03-20 10:44:00,7.585093,10.700321,6.2,4.9
T04,GL-4396,2026-03-20 10:45:00,7.585742,10.700367,8.9,5.45
T04,GL-4396,2026-03-20 10:46:00,7.586483,10.700325,4.8,2.88
T04,GL-4396,2026-03-20 10:47:00,7.587138,10.700384,10.7,4.93
T04,GL-4396,2026-03-20 10:48:00,7.587849,10.700436,5.0,4.08
T04,GL-4396,2026-03-20 10:49:00,7.588494,10.700557,4.2,2.89
T04,GL-4396,2026-03-20 10:50:00,7.589351,10.700539,10.8,3.44
T04,GL-4396,2026-03-20 10:51:00,7.589986,10.700524,5.0,4.31
T04,GL-4396,2026-03-20 10:52:00,7.590698,10.700617,8.4,4.98
T04,GL-4396,2026-03-20 10:53:00,7.591342,10.700687,11.9,4.97
T04,GL-4396,2026-03-20 10:54:00,7.591973,10.700649,5.7,3.41
T04,GL-4396,2026-03-20 10:55:00,7.592647,10.700724,11.2,4.46
T04,GL-4396,2026-03-20 10:56:00,7.593486,10.700716,10.2,4.44
T04,GL-4396,2026-03-20 10:57:00,7.594156,10.700608,10.8,4.74
T04,GL-4396,2026-03-20 10:58:00,7.594776,10.700702,11.8,4.24
T04,GL-4396,2026-03-20 10:59:00,7.595494,10.700832,6.8,4.69
T04,GL-4396,2026-03-20 11:00:00,7.596261,10.70086,6.2,3.78
T04,GL-4396,2026-03-20 11:01:00,7.59683,10.700846,7.0,5.3
T04,GL-4396,2026-03-20 11:02:00,7.597624,10.701009,5.4,5.49
T04,GL-4396,2026-03-20 11:03:00,7.598258,10.701013,7.6,5.2
T04,GL-4396,2026-03-20 11:04:00,7.599068,10.700966,,3.83
T04,GL-4396,2026-03-20 11:05:00,7.59977,10.700933,5.9,5.13
T04,GL-4396,2026-03-20 11:06:00,7.600435,10.701088,9.5,4.48
T04,GL-4396,2026-03-20 11:07:00,7.601129,10.701107,4.3,4.38
T04,GL-4396,2026-03-20 11:08:00,7.601796,10.701156,7.2,3.56
T04,GL-4396,2026-03-20 11:09:00,7.602575,10.701087,9.0,5.32
T04,GL-4396,2026-03-20 11:10:00,7.603212,10.701147,9.8,4.34
T04,GL-4396,2026-03-20 11:11:00,7.603893,10.701309,8.5,5.6
T04,GL-4396,2026-03-20 11:12:00,7.604544,10.701232,6.0,3.7
T04,GL-4396,2026-03-20 11:13:00,7.605299,10.701271,8.7,4.8
T04,GL-4396,2026-03-20 11:14:00,7.606029,10.701318,11.6,3.66
T04,GL-4396,2026-03-20 11:15:00,7.60677,10.701322,8.4,4.61
T04,GL-4396,2026-03-20 11:16:00,7.321962,10.701342,11.7,189.92
T04,GL-4396,2026-03-20 11:17:00,7.608016,10.701444,4.7,4.05
T04,GL-4396,2026-03-20 11:18:00,7.608862,10.701446,8.8,4.76
T04,GL-4396,2026-03-20 11:19:00,7.609413,10.701462,6.2,5.21
T04,GL-4396,2026-03-20 11:20:00,7.610147,10.701559,5.1,3.96
T04,GL-4396,2026-03-20 11:21:00,7.610823,10.701384,6.2,2.82
T04,GL-4396,2026-03-20 11:22:00,7.611563,10.701564,4.4,5.02
T04,GL-4396,2026-03-20 11:23:00,7.612185,10.701664,7.5,5.06
T04,GL-4396,2026-03-20 11:24:00,7.612821,10.701616,4.2,4.43
T04,GL-4396,2026-03-20 11:25:00,7.613669,10.701689,10.0,5.28
T04,GL-4396,2026-03-20 11:26:00,7.614347,10.701661,8.8,2.83
T04,GL-4396,2026-03-20 11:27:00,7.615022,10.701695,4.3,5.1
T04,GL-4396,2026-03-20 11:28:00,7.615811,10.701862,6.9,3.24
T04,GL-4396,2026-03-20 11:29:00,7.61657,10.701684,7.9,4.66
T04,GL-4396,2026-03-20 11:30:00,7.61717,10.701813,,5.36
T04,GL-4396,2026-03-20 11:31:00,7.617789,10.70197,9.0,5.2
T04,GL-4396,2026-03-20 11:32:00,7.618526,10.701856,11.0,4.04
T04,GL-4396,2026-03-20 11:33:00,7.619218,10.702005,,5.35
T04,GL-4396,2026-03-20 11:34:00,7.619888,10.702119,10.5,4.69
T04,GL-4396,2026-03-20 11:35:00,7.620623,10.701973,9.7,5.22
T04,GL-4396,2026-03-20 11:36:00,7.621291,10.702122,8.1,4.91
T04,GL-4396,2026-03-20 11:37:00,7.622061,10.702002,11.9,4.75
T04,GL-4396,2026-03-20 11:38:00,7.62277,10.702007,4.6,4.8
T04,GL-4396,2026-03-20 11:39:00,7.623338,10.702162,6.8,5.09
T04,GL-4396,2026-03-20 11:40:00,7.624153,10.702335,10.1,4.01
T04,GL-4396,2026-03-20 11:41:00,7.62496,10.702266,6.0,4.57
T04,GL-4396,2026-03-20 11:42:00,7.625493,10.702195,8.2,2.9
T04,GL-4396,2026-03-20 11:43:00,7.626193,10.70228,6.6,4.46
T04,GL-4396,2026-03-20 11:44:00,7.626786,10.702352,8.6,2.98
T04,GL-4396,2026-03-20 11:45:00,7.627689,10.70233,4.3,5.23
T04,GL-4396,2026-03-20 11:46:00,7.628378,10.702327,6.9,3.37
T04,GL-4396,2026-03-20 11:47:00,7.628951,10.70248,,4.11
T04,GL-4396,2026-03-20 11:48:00,7.629694,10.702413,10.4,3.08
T04,GL-4396,2026-03-20 11:49:00,7.630388,10.702476,6.5,4.0
T04,GL-4396,2026-03-20 11:50:00,7.631075,10.702587,7.7,4.41
T04,GL-4396,2026-03-20 11:51:00,7.631809,10.702581,7.0,3.38
T04,GL-4396,2026-03-20 11:52:00,7.632498,10.702622,8.3,4.41
T04,GL-4396,2026-03-20 11:53:00,7.633139,10.702635,6.1,4.48
T04,GL-4396,2026-03-20 11:54:00,7.633948,10.702726,11.9,2.85
T04,GL-4396,2026-03-20 11:55:00,7.6346,10.702667,8.4,4.19
T04,GL-4396,2026-03-20 11:56:00,7.635364,10.702671,6.5,4.55
T04,GL-4396,2026-03-20 11:57:00,7.635926,10.702712,4.2,4.23
T04,GL-4396,2026-03-20 11:58:00,7.636649,10.702878,5.2,2.98
T04,GL-4396,2026-03-20 11:59:00,7.637367,10.702739,8.3,5.58
T04,GL-4396,2026-03-20 12:00:00,7.637987,10.702877,10.1,5.21
T04,GL-4396,2026-03-20 12:01:00,7.638771,10.702931,6.4,4.92
T04,GL-4396,2026-03-20 12:02:00,7.639322,10.702995,4.3,4.63
T04,GL-4396,2026-03-20 12:03:00,7.640196,10.702996,10.6,5.59
T04,GL-4396,2026-03-20 12:04:00,7.640805,10.703018,7.7,3.15
T04,GL-4396,2026-03-20 12:05:00,7.641618,10.703002,6.4,4.57
T04,GL-4396,2026-03-20 12:06:00,7.642329,10.703021,7.4,5.54
T04,GL-4396,2026-03-20 12:07:00,7.642855,10.703096,9.2,3.52
T04,GL-4396,2026-03-20 12:08:00,7.643612,10.703032,7.7,3.29
T04,GL-4396,2026-03-20 12:09:00,7.644354,10.703091,7.2,4.33
T04,GL-4396,2026-03-20 12:10:00,7.645049,10.703266,7.2,3.83
T04,GL-4396,2026-03-20 12:11:00,7.645748,10.7031,6.1,4.78
T04,GL-4396,2026-03-20 12:12:00,7.646465,10.703313,8.7,3.49
T04,GL-4396,2026-03-20 12:13:00,7.647134,10.703357,4.9,4.79
T04,GL-4396,2026-03-20 12:14:00,7.647824,10.703315,8.2,4.22
T04,GL-4396,2026-03-20 12:15:00,7.648457,10.703412,5.0,3.41
T04,GL-4396,2026-03-20 12:16:00,7.649304,10.703366,10.8,4.36
T04,GL-4396,2026-03-20 12:17:00,7.649894,10.703444,7.3,3.51
T04,GL-4396,2026-03-20 12:18:00,7.650532,10.703498,11.3,4.03
T04,GL-4396,2026-03-20 12:19:00,7.651354,10.703638,7.8,5.46
T04,GL-4396,2026-03-20 12:20:00,7.651993,10.703574,7.9,4.62
T04,GL-4396,2026-03-20 12:21:00,7.652742,10.70357,9.5,5.23
T04,GL-4396,2026-03-20 12:22:00,7.554359,10.703601,5.6,329.47
T04,GL-4396,2026-03-20 12:23:00,7.6541,10.703571,11.7,3.24
T04,GL-4396,2026-03-20 12:24:00,7.654842,10.703671,5.3,4.93
T04,GL-4396,2026-03-20 12:25:00,7.655582,10.703655,4.5,2.81
T04,GL-4396,2026-03-20 12:26:00,7.656238,10.703787,10.7,4.55
T04,GL-4396,2026-03-20 12:27:00,7.656908,10.703787,10.8,4.37
T04,GL-4396,2026-03-20 12:28:00,7.657588,10.703752,4.2,4.53
T04,GL-4396,2026-03-20 12:29:00,7.658303,10.703885,11.6,5.37
T04,GL-4396,2026-03-20 12:30:00,7.658995,10.703907,8.6,2.89
T04,GL-4396,2026-03-20 12:31:00,7.65966,10.703898,4.9,3.6
T04,GL-4396,2026-03-20 12:32:00,7.660377,10.704017,5.5,5.09
T04,GL-4396,2026-03-20 12:33:00,7.661123,10.704044,6.4,4.54
T04,GL-4396,2026-03-20 12:34:00,7.661753,10.704039,7.6,3.88
T04,GL-4396,2026-03-20 12:35:00,7.662549,10.70393,9.5,4.58
T04,GL-4396,2026-03-20 12:36:00,7.663165,10.704069,5.4,3.82
T04,GL-4396,2026-03-20 12:37:00,7.66388,10.704053,5.0,5.27
T04,GL-4396,2026-03-20 12:38:00,7.664532,10.704181,4.6,3.37
T04,GL-4396,2026-03-20 12:39:00,7.665246,10.704206,5.0,5.4
T04,GL-4396,2026-03-20 12:40:00,7.665916,10.704235,11.9,4.89
T04,GL-4396,2026-03-20 12:41:00,7.666671,10.704314,7.1,3.64
T04,GL-4396,2026-03-20 12:42:00,7.667405,10.704389,7.1,4.52
T04,GL-4396,2026-03-20 12:43:00,7.668111,10.704381,10.6,4.3
T04,GL-4396,2026-03-20 12:44:00,7.668795,10.704413,7.4,3.4
T04,GL-4396,2026-03-20 12:45:00,7.669342,10.704429,6.7,3.45
T04,GL-4396,2026-03-20 12:46:00,7.670138,10.70443,11.9,2.99
T04,GL-4396,2026-03-20 12:47:00,7.670882,10.70449,5.3,3.02
T04,GL-4396,2026-03-20 12:48:00,7.671646,10.704414,10.2,3.02
T04,GL-4396,2026-03-20 12:49:00,7.672295,10.704485,9.3,5.12
T04,GL-4396,2026-03-20 12:50:00,7.672872,10.704556,4.2,5.52
T04,GL-4396,2026-03-20 12:51:00,7.673596,10.704603,8.4,2.91
T04,GL-4396,2026-03-20 12:52:00,7.674324,10.704624,7.6,2.82
T04,GL-4396,2026-03-20 12:53:00,7.675102,10.704605,9.7,4.64
T04,GL-4396,2026-03-20 12:54:00,7.675716,10.704745,8.5,3.98
T04,GL-4396,2026-03-20 12:55:00,7.676505,10.7048,7.4,3.62
T04,GL-4396,2026-03-20 12:56:00,7.67715,10.704706,9.7,3.7
T04,GL-4396,2026-03-20 12:57:00,7.677711,10.704827,11.6,4.29
T04,GL-4396,2026-03-20 12:58:00,7.678433,10.704867,10.4,3.31
T04,GL-4396,2026-03-20 12:59:00,7.67915,10.704955,10.5,2.81
T04,GL-4396,2026-03-20 13:00:00,7.680009,10.70487,5.3,4.45
T04,GL-4396,2026-03-20 13:01:00,7.680744,10.704935,6.7,3.02
T04,GL-4396,2026-03-20 13:02:00,7.681258,10.704885,6.2,5.48
T04,GL-4396,2026-03-20 13:03:00,7.681905,10.705088,4.7,3.16
T04,GL-4396,2026-03-20 13:04:00,7.682718,10.705047,6.1,4.72
T04,GL-4396,2026-03-20 13:05:00,7.683327,10.70512,9.3,5.14
T04,GL-4396,2026-03-20 13:06:00,7.684075,10.705106,4.2,4.93
T04,GL-4396,2026-03-20 13:07:00,7.684889,10.705061,9.5,3.59
T04,GL-4396,2026-03-20 13:08:00,7.685332,10.70521,4.1,3.22
T04,GL-4396,2026-03-20 13:09:00,7.686084,10.705232,10.8,4.9
T04,GL-4396,2026-03-20 13:10:00,7.686873,10.705186,7.0,3.56
T04,GL-4396,2026-03-20 13:11:00,7.687547,10.705257,5.9,3.53
T04,GL-4396,2026-03-20 13:12:00,7.688242,10.705324,9.0,3.74
T04,GL-4396,2026-03-20 13:13:00,7.688891,10.705342,4.1,5.23
T04,GL-4396,2026-03-20 13:14:00,7.689642,10.705362,5.4,3.82
T04,GL-4396,2026-03-20 13:15:00,7.690242,10.70529,6.0,5.5
T04,GL-4396,2026-03-20 13:16:00,7.691199,10.705463,8.3,4.95
T04,GL-4396,2026-03-20 13:17:00,7.69176,10.705497,8.0,3.56
T04,GL-4396,2026-03-20 13:18:00,7.692368,10.705511,8.3,5.58
T04,GL-4396,2026-03-20 13:19:00,7.693213,10.705583,9.1,5.39
T04,GL-4396,2026-03-20 13:20:00,7.693928,10.705544,8.2,3.22
T04,GL-4396,2026-03-20 13:21:00,7.694662,10.705639,11.3,3.16
T04,GL-4396,2026-03-20 13:22:00,7.695301,10.705559,7.7,3.77
T04,GL-4396,2026-03-20 13:23:00,7.696149,10.705696,9.3,5.44
T04,GL-4396,2026-03-20 13:24:00,7.696642,10.705627,6.2,4.02
T04,GL-4396,2026-03-20 13:25:00,7.697384,10.705803,7.3,4.22
T04,GL-4396,2026-03-20 13:26:00,7.698086,10.705811,4.5,3.9
T04,GL-4396,2026-03-20 13:27:00,7.698773,10.705842,4.1,3.44
T04,GL-4396,2026-03-20 13:28:00,7.69939,10.705863,10.3,4.0
T04,GL-4396,2026-03-20 13:29:00,7.700193,10.705894,9.2,3.29
T04,GL-4396,2026-03-20 13:30:00,7.700857,10.70591,4.8,4.7
T04,GL-4396,2026-03-20 13:31:00,7.701583,10.706046,5.2,3.18
T04,GL-4396,2026-03-20 13:32:00,7.702235,10.705986,7.7,5.29
T04,GL-4396,2026-03-20 13:33:00,7.702933,10.705906,10.5,2.96
T04,GL-4396,2026-03-20 13:34:00,7.703635,10.706075,5.4,5.1
T04,GL-4396,2026-03-20 13:35:00,7.704342,10.706198,6.5,4.09
T04,GL-4396,2026-03-20 13:36:00,7.705051,10.706063,4.6,4.52
T04,GL-4396,2026-03-20 13:37:00,7.705693,10.706116,11.9,5.11
T04,GL-4396,2026-03-20 13:38:00,7.706507,10.706261,8.2,2.83
T04,GL-4396,2026-03-20 13:39:00,7.989708,10.706227,7.7,425.38
T04,GL-4396,2026-03-20 13:40:00,7.707721,10.706307,5.6,5.36
T04,GL-4396,2026-03-20 13:41:00,7.708483,10.70638,,4.97
T04,GL-4396,2026-03-20 13:42:00,7.709234,10.706256,11.5,4.99
T04,GL-4396,2026-03-20 13:43:00,7.709936,10.706373,6.4,4.73
T04,GL-4396,2026-03-20 13:44:00,7.710616,10.706406,4.2,4.5
T04,GL-4396,2026-03-20 13:45:00,7.711316,10.706472,10.4,4.43
T04,GL-4396,2026-03-20 13:46:00,7.711959,10.706437,9.0,2.84
T04,GL-4396,2026-03-20 13:47:00,7.712741,10.706413,7.6,4.4
T04,GL-4396,2026-03-20 13:48:00,7.713386,10.70658,11.4,4.16
T04,GL-4396,2026-03-20 13:49:00,7.714053,10.706575,6.1,3.79
T04,GL-4396,2026-03-20 13:50:00,7.714727,10.706639,11.6,4.21
T04,GL-4396,2026-03-20 13:51:00,7.715472,10.706667,4.8,5.01
T04,GL-4396,2026-03-20 13:52:00,7.716239,10.706637,9.1,3.03
T04,GL-4396,2026-03-20 13:53:00,7.716865,10.70659,10.3,5.59
T04,GL-4396,2026-03-20 13:54:00,7.717686,10.706654,10.0,5.4
T04,GL-4396,2026-03-20 13:55:00,7.718346,10.706758,6.8,5.11
T04,GL-4396,2026-03-20 13:56:00,7.718992,10.706771,8.9,3.45
T04,GL-4396,2026-03-20 13:57:00,7.719732,10.706866,10.8,4.97
T04,GL-4396,2026-03-20 13:58:00,7.720471,10.706772,5.1,4.02
T04,GL-4396,2026-03-20 13:59:00,7.721074,10.70694,6.5,4.16
T04,GL-4396,2026-03-20 14:00:00,7.721789,10.706954,9.1,5.22
T04,GL-4396,2026-03-20 14:01:00,7.722457,10.706921,11.3,3.44
T04,GL-4396,2026-03-20 14:02:00,7.723076,10.707002,4.9,4.77
T04,GL-4396,2026-03-20 14:03:00,7.723812,10.707103,7.1,3.01
T04,GL-4396,2026-03-20 14:04:00,7.724559,10.707003,7.6,3.57
T04,GL-4396,2026-03-20 14:05:00,7.725253,10.707084,11.7,4.12
T04,GL-4396,2026-03-20 14:06:00,7.726077,10.707122,8.6,5.45
T04,GL-4396,2026-03-20 14:07:00,7.726541,10.707203,7.9,4.59
T04,GL-4396,2026-03-20 14:08:00,7.727339,10.707213,6.5,4.13
T04,GL-4396,2026-03-20 14:09:00,7.727937,10.707142,6.9,5.32
T04,GL-4396,2026-03-20 14:10:00,7.728844,10.707194,5.8,3.03
T04,GL-4396,2026-03-20 14:11:00,7.729397,10.707338,9.4,4.58
T04,GL-4396,2026-03-20 14:12:00,7.730185,10.707377,10.3,4.53
T04,GL-4396,2026-03-20 14:13:00,7.73075,10.707448,11.0,5.34
T04,GL-4396,2026-03-20 14:14:00,7.731487,10.707313,10.1,3.25
T04,GL-4396,2026-03-20 14:15:00,7.732096,10.70737,6.0,5.33
T04,GL-4396,2026-03-20 14:16:00,7.732892,10.707393,7.4,2.89
T04,GL-4396,2026-03-20 14:17:00,7.733654,10.707481,4.4,4.2
T04,GL-4396,2026-03-20 14:18:00,7.734379,10.707531,11.7,4.21
T04,GL-4396,2026-03-20 14:19:00,7.735071,10.707632,7.0,3.9
T04,GL-4396,2026-03-20 14:20:00,7.735773,10.707485,11.5,3.42
T04,GL-4396,2026-03-20 14:21:00,7.736463,10.707617,5.0,3.05
T04,GL-4396,2026-03-20 14:22:00,7.737075,10.707574,10.5,3.77
T04,GL-4396,2026-03-20 14:23:00,7.737973,10.70776,4.5,2.94
T04,GL-4396,2026-03-20 14:24:00,7.738545,10.70766,4.7,3.95
T04,GL-4396,2026-03-20 14:25:00,7.739124,10.707781,5.2,4.47
T04,GL-4396,2026-03-20 14:26:00,7.739798,10.707892,9.6,4.38
T04,GL-4396,2026-03-20 14:27:00,7.740614,10.707757,11.0,3.11
T04,GL-4396,2026-03-20 14:28:00,7.741321,10.707905,4.6,5.4
T04,GL-4396,2026-03-20 14:29:00,7.742023,10.707888,5.4,3.44
T04,GL-4396,2026-03-20 14:30:00,7.742783,10.708015,5.4,3.89
T04,GL-4396,2026-03-20 14:31:00,7.743402,10.707923,5.2,5.04
T04,GL-4396,2026-03-20 14:32:00,7.74401,10.707969,8.9,5.2
T04,GL-4396,2026-03-20 14:33:00,7.744785,10.708059,4.2,4.26
T04,GL-4396,2026-03-20 14:34:00,7.745425,10.708062,10.6,4.56
T04,GL-4396,2026-03-20 14:35:00,7.746154,10.708037,11.8,2.96
T04,GL-4396,2026-03-20 14:36:00,7.746857,10.70817,8.2,4.23
T04,GL-4396,2026-03-20 14:37:00,7.74755,10.708109,10.7,4.24
T04,GL-4396,2026-03-20 14:38:00,7.748387,10.708109,9.9,5.59
T04,GL-4396,2026-03-20 14:39:00,7.748917,10.70821,4.3,3.42
T04,GL-4396,2026-03-20 14:40:00,7.749633,10.708278,4.1,4.28
T04,GL-4396,2026-03-20 14:41:00,7.750355,10.708254,11.0,4.55
T04,GL-4396,2026-03-20 14:42:00,7.751044,10.708282,,3.11
T04,GL-4396,2026-03-20 14:43:00,7.751761,10.708544,8.2,4.71
T04,GL-4396,2026-03-20 14:44:00,7.752472,10.708436,6.9,4.88
T04,GL-4396,2026-03-20 14:45:00,7.753072,10.708454,8.9,3.29
T04,GL-4396,2026-03-20 14:46:00,7.753816,10.708596,7.1,2.9
T04,GL-4396,2026-03-20 14:47:00,7.754568,10.70848,11.4,3.07
T04,GL-4396,2026-03-20 14:48:00,7.755231,10.708553,8.0,5.55
T04,GL-4396,2026-03-20 14:49:00,7.755983,10.7086,11.1,4.34
T04,GL-4396,2026-03-20 14:50:00,7.756602,10.708654,7.6,4.09
T04,GL-4396,2026-03-20 14:51:00,7.757249,10.708703,7.8,4.57
T04,GL-4396,2026-03-20 14:52:00,7.758013,10.708715,8.1,4.86
T04,GL-4396,2026-03-20 14:53:00,7.75866,10.708645,6.4,4.63
T04,GL-4396,2026-03-20 14:54:00,7.759547,10.708625,,3.39
T04,GL-4396,2026-03-20 14:55:00,7.760179,10.708887,8.5,4.4
T04,GL-4396,2026-03-20 14:56:00,7.760869,10.708824,4.3,4.33
T04,GL-4396,2026-03-20 14:57:00,7.76146,10.708861,11.1,3.53
T04,GL-4396,2026-03-20 14:58:00,7.762287,10.708836,5.3,2.96
T04,GL-4396,2026-03-20 14:59:00,7.762826,10.709009,4.2,5.17
T04,GL-4396,2026-03-20 15:00:00,7.763596,10.709032,10.6,4.05
T04,GL-4396,2026-03-20 15:01:00,7.764278,10.708929,11.5,2.99
T04,GL-4396,2026-03-20 15:02:00,7.765071,10.709045,8.9,4.17
T04,GL-4396,2026-03-20 15:03:00,7.765854,10.708995,8.3,4.8
T04,GL-4396,2026-03-20 15:04:00,7.76631,10.709119,5.8,4.71
T04,GL-4396,2026-03-20 15:05:00,7.767156,10.70906,7.5,4.99
T04,GL-4396,2026-03-20 15:06:00,7.767884,10.709092,4.1,4.28
T04,GL-4396,2026-03-20 15:07:00,7.768434,10.709207,8.4,3.01
T04,GL-4396,2026-03-20 15:08:00,7.76918,10.709212,10.2,5.42
T04,GL-4396,2026-03-20 15:09:00,7.769812,10.709318,11.8,5.3
T04,GL-4396,2026-03-20 15:10:00,7.770564,10.709438,8.0,3.09
T04,GL-4396,2026-03-20 15:11:00,7.771214,10.709336,7.5,5.42
T04,GL-4396,2026-03-20 15:12:00,7.772017,10.709394,8.9,4.11
T04,GL-4396,2026-03-20 15:13:00,7.772615,10.709426,10.8,4.27
T04,GL-4396,2026-03-20 15:14:00,7.773384,10.709371,5.2,3.01
T04,GL-4396,2026-03-20 15:15:00,7.77394,10.70939,5.4,5.15
T04,GL-4396,2026-03-20 15:16:00,7.77471,10.709502,4.1,3.28
T04,GL-4396,2026-03-20 15:17:00,7.775478,10.709583,9.5,4.04
T04,GL-4396,2026-03-20 15:18:00,7.776159,10.709508,4.7,4.67
T04,GL-4396,2026-03-20 15:19:00,7.77685,10.70965,9.1,3.8
T04,GL-4396,2026-03-20 15:20:00,7.777503,10.709575,7.5,4.07
T04,GL-4396,2026-03-20 15:21:00,7.778239,10.709649,9.5,3.51
T04,GL-4396,2026-03-20 15:22:00,7.778914,10.709659,4.4,3.78
T04,GL-4396,2026-03-20 15:23:00,7.779573,10.709718,9.0,4.75
T04,GL-4396,2026-03-20 15:24:00,7.780244,10.709714,,3.67
T04,GL-4396,2026-03-20 15:25:00,7.781086,10.709784,5.2,2.82
T04,GL-4396,2026-03-20 15:26:00,7.781722,10.709766,4.5,3.8
T04,GL-4396,2026-03-20 15:27:00,7.782475,10.709884,9.2,5.33
T04,GL-4396,2026-03-20 15:28:00,7.783203,10.709941,11.3,5.3
T04,GL-4396,2026-03-20 15:29:00,7.783814,10.709946,10.2,4.77
T04,GL-4396,2026-03-20 15:30:00,7.784543,10.710004,4.5,3.95
T04,GL-4396,2026-03-20 15:31:00,7.785233,10.709999,11.0,4.68
T04,GL-4396,2026-03-20 15:32:00,7.785946,10.710047,8.3,3.12
T04,GL-4396,2026-03-20 15:33:00,7.786697,10.710115,4.3,3.24
T04,GL-4396,2026-03-20 15:34:00,7.787341,10.710106,11.3,4.0
T04,GL-4396,2026-03-20 15:35:00,7.788025,10.710234,9.1,5.15
T04,GL-4396,2026-03-20 15:36:00,7.788769,10.710099,10.1,3.54
T04,GL-4396,2026-03-20 15:37:00,7.789479,10.710223,8.8,4.79
T04,GL-4396,2026-03-20 15:38:00,7.79011,10.710147,11.8,4.1
T04,GL-4396,2026-03-20 15:39:00,7.790878,10.7103,9.1,3.01
T04,GL-4396,2026-03-20 15:40:00,7.791449,10.710232,9.5,5.18
T04,GL-4396,2026-03-20 15:41:00,7.792279,10.710334,10.3,3.31
T04,GL-4396,2026-03-20 15:42:00,7.792851,10.710365,4.1,2.94
T04,GL-4396,2026-03-20 15:43:00,7.793618,10.71035,4.3,5.19
T04,GL-4396,2026-03-20 15:44:00,7.794284,10.710363,4.8,5.6
T04,GL-4396,2026-03-20 15:45:00,7.795016,10.710487,6.0,5.13
T04,GL-4396,2026-03-20 15:46:00,7.795867,10.710582,8.7,2.89
T04,GL-4396,2026-03-20 15:47:00,7.796256,10.710458,7.5,3.94
T04,GL-4396,2026-03-20 15:48:00,7.797045,10.710624,6.5,5.24
T04,GL-4396,2026-03-20 15:49:00,7.797846,10.71063,8.8,3.69
T04,GL-4396,2026-03-20 15:50:00,7.798543,10.710621,4.7,2.95
T04,GL-4396,2026-03-20 15:51:00,7.799165,10.710618,10.3,5.05
T04,GL-4396,2026-03-20 15:52:00,7.799887,10.710626,4.9,4.06
T04,GL-4396,2026-03-20 15:53:00,7.800622,10.710747,11.5,4.78
T04,GL-4396,2026-03-20 15:54:00,7.801162,10.710783,6.4,4.9
T04,GL-4396,2026-03-20 15:55:00,7.801993,10.710804,8.4,4.04
T04,GL-4396,2026-03-20 15:56:00,7.80265,10.710836,8.0,3.49
T04,GL-4396,2026-03-20 15:57:00,7.80335,10.710845,9.9,4.54
T04,GL-4396,2026-03-20 15:58:00,7.804089,10.710957,9.9,4.57
T04,GL-4396,2026-03-20 15:59:00,7.804666,10.710957,7.4,4.57
T04,GL-4396,2026-03-20 16:00:00,7.805476,10.711008,10.9,5.32
T04,GL-4396,2026-03-20 16:01:00,7.806141,10.711055,8.6,5.28
T04,GL-4396,2026-03-20 16:02:00,7.806973,10.711026,5.0,5.49
T04,GL-4396,2026-03-20 16:03:00,7.80758,10.711124,10.9,5.17
T04,GL-4396,2026-03-20 16:04:00,7.808122,10.711254,7.3,4.58
T04,GL-4396,2026-03-20 16:05:00,7.808937,10.711153,5.9,2.93
T04,GL-4396,2026-03-20 16:06:00,7.809731,10.711218,,3.54
T04,GL-4396,2026-03-20 16:07:00,7.81029,10.711143,9.9,5.49
T04,GL-4396,2026-03-20 16:08:00,7.811001,10.71121,,4.43
T04,GL-4396,2026-03-20 16:09:00,7.811749,10.711232,9.0,3.54
T04,GL-4396,2026-03-20 16:10:00,7.81242,10.71141,9.4,4.81
T04,GL-4396,2026-03-20 16:11:00,7.813167,10.711448,8.6,3.42
T04,GL-4396,2026-03-20 16:12:00,7.813746,10.711371,10.2,5.24
T04,GL-4396,2026-03-20 16:13:00,7.814501,10.711325,6.6,3.76
T04,GL-4396,2026-03-20 16:14:00,7.815275,10.7115,5.2,5.04
T04,GL-4396,2026-03-20 16:15:00,7.81595,10.71145,11.1,2.81
T04,GL-4396,2026-03-20 16:16:00,7.816628,10.711585,5.1,3.6
T04,GL-4396,2026-03-20 16:17:00,7.817364,10.711463,11.1,3.78
T04,GL-4396,2026-03-20 16:18:00,7.81803,10.711559,7.0,5.44
T04,GL-4396,2026-03-20 16:19:00,7.818687,10.711597,6.2,3.96
T04,GL-4396,2026-03-20 16:20:00,7.819296,10.71166,10.9,4.49
T04,GL-4396,2026-03-20 16:21:00,7.820034,10.711729,8.2,3.28
T04,GL-4396,2026-03-20 16:22:00,7.82085,10.711721,9.4,3.91
T04,GL-4396,2026-03-20 16:23:00,7.821596,10.7117,11.1,3.32
T04,GL-4396,2026-03-20 16:24:00,7.822281,10.711817,6.6,3.23
T04,GL-4396,2026-03-20 16:25:00,7.822907,10.711862,6.6,3.0
T04,GL-4396,2026-03-20 16:26:00,7.823629,10.71184,11.6,3.11
T04,GL-4396,2026-03-20 16:27:00,7.824337,10.711924,9.1,5.21
T04,GL-4396,2026-03-20 16:28:00,7.824902,10.712022,6.0,3.03
T04,GL-4396,2026-03-20 16:29:00,7.825739,10.711944,7.4,3.64
T04,GL-4396,2026-03-20 16:30:00,7.826415,10.712,4.5,3.86
T04,GL-4396,2026-03-20 16:31:00,7.827158,10.711957,11.0,3.28
T04,GL-4396,2026-03-20 16:32:00,7.827731,10.712092,5.0,3.94
T04,GL-4396,2026-03-20 16:33:00,7.828463,10.712096,11.8,5.22
T04,GL-4396,2026-03-20 16:34:00,7.829134,10.712037,10.0,3.98
T04,GL-4396,2026-03-20 16:35:00,7.829931,10.71218,9.0,3.63
T04,GL-4396,2026-03-20 16:36:00,7.830531,10.712237,6.6,5.03
T04,GL-4396,2026-03-20 16:37:00,7.831267,10.712286,6.6,2.83
T04,GL-4396,2026-03-20 16:38:00,7.832047,10.712254,10.5,3.31
T04,GL-4396,2026-03-20 16:39:00,7.832704,10.712324,7.9,3.47
T04,GL-4396,2026-03-20 16:40:00,7.833432,10.712323,10.6,5.13
T04,GL-4396,2026-03-20 16:41:00,7.834074,10.7123,8.0,3.64
T04,GL-4396,2026-03-20 16:42:00,7.834701,10.71238,11.5,3.07
T04,GL-4396,2026-03-20 16:43:00,7.835519,10.712437,7.4,3.08
T04,GL-4396,2026-03-20 16:44:00,7.836156,10.712526,11.0,3.3
T04,GL-4396,2026-03-20 16:45:00,7.836869,10.712519,11.0,3.08
T04,GL-4396,2026-03-20 16:46:00,7.83764,10.712592,5.9,4.23
T04,GL-4396,2026-03-20 16:47:00,7.838303,10.712563,4.7,3.36
T04,GL-4396,2026-03-20 16:48:00,7.838987,10.712648,7.4,5.05
T04,GL-4396,2026-03-20 16:49:00,7.839552,10.712635,10.1,4.67
T04,GL-4396,2026-03-20 16:50:00,7.840399,10.712623,8.0,2.97
T04,GL-4396,2026-03-20 16:51:00,7.841012,10.712725,4.3,3.77
T04,GL-4396,2026-03-20 16:52:00,7.841692,10.712741,8.5,5.35
T04,GL-4396,2026-03-20 16:53:00,7.842402,10.712793,5.2,4.79
T04,GL-4396,2026-03-20 16:54:00,7.843182,10.712772,7.6,5.24
T04,GL-4396,2026-03-20 16:55:00,7.843905,10.712959,10.4,5.47
T04,GL-4396,2026-03-20 16:56:00,7.844583,10.712844,11.4,4.63
T04,GL-4396,2026-03-20 16:57:00,7.845327,10.712872,7.1,3.29
T04,GL-4396,2026-03-20 16:58:00,7.845936,10.71293,10.5,4.33
T04,GL-4396,2026-03-20 16:59:00,7.846573,10.712998,4.2,5.21
T04,GL-4396,2026-03-20 17:00:00,7.847262,10.713065,8.3,4.89
T04,GL-4396,2026-03-20 17:01:00,7.848065,10.713064,4.9,4.84
T04,GL-4396,2026-03-20 17:02:00,7.848609,10.713019,,4.32
T04,GL-4396,2026-03-20 17:03:00,7.849426,10.713195,6.5,3.35
T04,GL-4396,2026-03-20 17:04:00,7.850188,10.713105,5.9,4.27
T04,GL-4396,2026-03-20 17:05:00,7.850698,10.713174,11.9,4.44
T04,GL-4396,2026-03-20 17:06:00,7.851515,10.713309,4.7,4.91
T04,GL-4396,2026-03-20 17:07:00,7.852237,10.713201,5.0,4.89
T04,GL-4396,2026-03-20 17:08:00,7.852941,10.713206,9.4,5.47
T04,GL-4396,2026-03-20 17:09:00,7.853636,10.713383,4.9,3.21
T04,GL-4396,2026-03-20 17:10:00,7.85427,10.713314,9.8,5.28
T04,GL-4396,2026-03-20 17:11:00,7.80813,10.713415,9.4,179.7
T04,GL-4396,2026-03-20 17:12:00,7.855709,10.713468,6.4,4.72
T04,GL-4396,2026-03-20 17:13:00,7.856357,10.713435,9.5,3.14
T04,GL-4396,2026-03-20 17:14:00,7.857077,10.713453,7.2,4.63
T04,GL-4396,2026-03-20 17:15:00,7.857763,10.713545,5.7,3.6
T04,GL-4396,2026-03-20 17:16:00,7.858459,10.713457,6.4,5.28
T04,GL-4396,2026-03-20 17:17:00,7.85922,10.713562,11.3,2.85
T04,GL-4396,2026-03-20 17:18:00,7.859917,10.713608,4.8,5.34
T04,GL-4396,2026-03-20 17:19:00,7.860464,10.713626,11.9,4.07
T04,GL-4396,2026-03-20 17:20:00,7.861133,10.713776,7.1,2.91
T04,GL-4396,2026-03-20 17:21:00,7.861947,10.713655,,3.67
T04,GL-4396,2026-03-20 17:22:00,7.862527,10.713704,4.3,4.47
T04,GL-4396,2026-03-20 17:23:00,7.863358,10.713584,9.3,3.14
T04,GL-4396,2026-03-20 17:24:00,7.864044,10.713903,8.1,3.7
T04,GL-4396,2026-03-20 17:25:00,7.8648,10.713854,10.6,5.52
T04,GL-4396,2026-03-20 17:26:00,7.865466,10.713951,7.5,3.34
T04,GL-4396,2026-03-20 17:27:00,7.866245,10.713881,10.7,4.84
T04,GL-4396,2026-03-20 17:28:00,7.866755,10.714012,,4.71
T04,GL-4396,2026-03-20 17:29:00,7.867473,10.713958,6.7,3.48
T04,GL-4396,2026-03-20 17:30:00,7.868239,10.714038,6.5,4.54
T04,GL-4396,2026-03-20 17:31:00,7.86891,10.714044,10.2,2.91
T04,GL-4396,2026-03-20 17:32:00,7.869613,10.714125,8.3,5.52
T04,GL-4396,2026-03-20 17:33:00,7.870293,10.714121,4.6,3.47
T04,GL-4396,2026-03-20 17:34:00,7.871026,10.714128,4.4,4.86
T04,GL-4396,2026-03-20 17:35:00,7.871733,10.714199,10.0,5.23
T04,GL-4396,2026-03-20 17:36:00,7.872461,10.71422,6.4,3.87
T04,GL-4396,2026-03-20 17:37:00,7.873218,10.714257,6.5,3.84
T04,GL-4396,2026-03-20 17:38:00,7.873883,10.714363,7.5,3.62
T04,GL-4396,2026-03-20 17:39:00,7.874518,10.714306,6.0,2.93
T04,GL-4396,2026-03-20 17:40:00,7.875188,10.714285,9.7,5.24
T04,GL-4396,2026-03-20 17:41:00,7.875896,10.714164,6.4,5.32
T04,GL-4396,2026-03-20 17:42:00,7.876591,10.714561,11.0,4.79
T04,GL-4396,2026-03-20 17:43:00,7.877277,10.71441,7.9,4.23
T04,GL-4396,2026-03-20 17:44:00,7.878075,10.714431,11.7,3.43
T04,GL-4396,2026-03-20 17:45:00,7.87878,10.714469,11.3,3.95
T04,GL-4396,2026-03-20 17:46:00,7.879352,10.714514,10.1,4.31
T04,GL-4396,2026-03-20 17:47:00,7.880175,10.7145,10.0,3.33
T04,GL-4396,2026-03-20 17:48:00,7.880706,10.714652,4.8,3.18
T04,GL-4396,2026-03-20 17:49:00,7.881338,10.714715,,3.06
T04,GL-4396,2026-03-20 17:50:00,7.88219,10.714782,10.8,3.56
T04,GL-4396,2026-03-20 17:51:00,7.882944,10.714765,7.9,5.31
T04,GL-4396,2026-03-20 17:52:00,7.883604,10.714692,9.0,5.05
T04,GL-4396,2026-03-20 17:53:00,7.884261,10.714814,9.3,5.0
T04,GL-4396,2026-03-20 17:54:00,7.884912,10.714721,5.6,2.88
T04,GL-4396,2026-03-20 17:55:00,7.885612,10.714856,5.2,4.41
T04,GL-4396,2026-03-20 17:56:00,7.88644,10.714876,5.3,3.11
T04,GL-4396,2026-03-20 17:57:00,7.886981,10.714898,9.6,5.33
T04,GL-4396,2026-03-20 17:58:00,7.887752,10.715013,9.5,4.63
T04,GL-4396,2026-03-20 17:59:00,7.888493,10.715122,4.9,3.51
T04,GL-4396,2026-03-20 18:00:00,7.889092,10.715044,7.0,4.49
T04,GL-4396,2026-03-20 18:01:00,7.88977,10.71508,9.2,3.99
T04,GL-4396,2026-03-20 18:02:00,7.890533,10.715137,11.2,4.25
T04,GL-4396,2026-03-20 18:03:00,7.891241,10.715181,5.7,4.94
T04,GL-4396,2026-03-20 18:04:00,7.891937,10.715094,9.4,5.44
T04,GL-4396,2026-03-20 18:05:00,7.892635,10.715113,6.7,3.49
T04,GL-4396,2026-03-20 18:06:00,7.893378,10.71527,7.7,4.0
T04,GL-4396,2026-03-20 18:07:00,7.894038,10.715169,9.7,3.47
T04,GL-4396,2026-03-20 18:08:00,7.894712,10.715261,11.8,3.98
T04,GL-4396,2026-03-20 18:09:00,7.895452,10.715392,11.0,4.7
T04,GL-4396,2026-03-20 18:10:00,7.896169,10.715377,10.1,5.21
T04,GL-4396,2026-03-20 18:11:00,7.896856,10.715317,11.5,4.05
T04,GL-4396,2026-03-20 18:12:00,7.897554,10.71545,8.3,4.81
T04,GL-4396,2026-03-20 18:13:00,7.898208,10.715401,6.0,4.05
T04,GL-4396,2026-03-20 18:14:00,7.898941,10.715499,8.3,5.58
T04,GL-4396,2026-03-20 18:15:00,7.899608,10.715512,8.5,5.37
T04,GL-4396,2026-03-20 18:16:00,7.900198,10.715616,10.7,3.14
T04,GL-4396,2026-03-20 18:17:00,7.901095,10.715571,10.3,4.64
T04,GL-4396,2026-03-20 18:18:00,7.90171,10.715596,5.8,4.44
T04,GL-4396,2026-03-20 18:19:00,7.902376,10.71575,10.6,5.09
T04,GL-4396,2026-03-20 18:20:00,7.903007,10.715728,7.0,3.76
T04,GL-4396,2026-03-20 18:21:00,7.903834,10.715783,10.5,5.46
T04,GL-4396,2026-03-20 18:22:00,7.904476,10.715779,10.2,4.9
T04,GL-4396,2026-03-20 18:23:00,7.905222,10.715826,,4.29
T04,GL-4396,2026-03-20 18:24:00,7.905892,10.715892,7.7,4.29
T04,GL-4396,2026-03-20 18:25:00,7.906612,10.715913,11.5,4.59
T04,GL-4396,2026-03-20 18:26:00,7.907246,10.715884,10.1,3.76
T04,GL-4396,2026-03-20 18:27:00,7.907923,10.715898,,3.92
T04,GL-4396,2026-03-20 18:28:00,7.9086,10.715963,5.8,3.96
T04,GL-4396,2026-03-20 18:29:00,7.909437,10.715958,5.0,4.47
T04,GL-4396,2026-03-20 18:30:00,7.909976,10.716061,6.6,3.01
T04,GL-4396,2026-03-20 18:31:00,7.910883,10.716144,10.6,2.84
T04,GL-4396,2026-03-20 18:32:00,7.911386,10.716054,10.8,4.58
T04,GL-4396,2026-03-20 18:33:00,7.912178,10.716024,6.5,3.3
T04,GL-4396,2026-03-20 18:34:00,7.913024,10.716222,,5.19
T04,GL-4396,2026-03-20 18:35:00,7.913556,10.71623,4.4,5.04
T04,GL-4396,2026-03-20 18:36:00,7.914255,10.716237,5.4,4.97
T04,GL-4396,2026-03-20 18:37:00,7.915137,10.716272,5.5,3.64
T04,GL-4396,2026-03-20 18:38:00,7.915716,10.716301,6.7,5.44
T04,GL-4396,2026-03-20 18:39:00,7.916292,10.716386,9.0,5.28
T04,GL-4396,2026-03-20 18:40:00,7.91697,10.716402,11.2,5.37
T04,GL-4396,2026-03-20 18:41:00,7.917709,10.716418,,3.29
T04,GL-4396,2026-03-20 18:42:00,7.918464,10.716409,5.5,5.29
T04,GL-4396,2026-03-20 18:43:00,7.919237,10.716439,5.6,3.64
T04,GL-4396,2026-03-20 18:44:00,7.919889,10.716556,10.9,4.95
T04,GL-4396,2026-03-20 18:45:00,7.920588,10.716546,6.7,4.39
T04,GL-4396,2026-03-20 18:46:00,7.921252,10.716615,10.5,3.8
T04,GL-4396,2026-03-20 18:47:00,7.921888,10.716637,8.6,5.4
T04,GL-4396,2026-03-20 18:48:00,7.922592,10.716635,6.5,5.09
T04,GL-4396,2026-03-20 18:49:00,7.923385,10.716715,10.2,5.24
T04,GL-4396,2026-03-20 18:50:00,7.924027,10.716722,10.5,4.03
T04,GL-4396,2026-03-20 18:51:00,7.924783,10.716735,10.8,3.83
T04,GL-4396,2026-03-20 18:52:00,7.925326,10.716697,10.5,5.1
T04,GL-4396,2026-03-20 18:53:00,7.926064,10.716816,5.7,5.13
T04,GL-4396,2026-03-20 18:54:00,7.926812,10.71691,8.9,5.36
T04,GL-4396,2026-03-20 18:55:00,7.927479,10.716916,6.4,3.38
T04,GL-4396,2026-03-20 18:56:00,7.928302,10.716935,,3.94
T04,GL-4396,2026-03-20 18:57:00,7.928902,10.716914,11.9,5.44
T04,GL-4396,2026-03-20 18:58:00,7.929562,10.717064,5.8,4.59
T04,GL-4396,2026-03-20 18:59:00,7.930297,10.717008,5.0,5.1
T04,GL-4396,2026-03-20 19:00:00,7.931058,10.717164,5.4,4.8
T04,GL-4396,2026-03-20 19:01:00,7.931727,10.716999,10.5,4.44
T04,GL-4396,2026-03-20 19:02:00,7.932477,10.717018,8.5,5.14
T04,GL-4396,2026-03-20 19:03:00,7.933162,10.71703,8.1,4.39
T04,GL-4396,2026-03-20 19:04:00,7.933831,10.71719,6.0,5.35
T04,GL-4396,2026-03-20 19:05:00,7.934522,10.71723,,3.48
T04,GL-4396,2026-03-20 19:06:00,7.93507,10.717364,4.7,4.15
T04,GL-4396,2026-03-20 19:07:00,7.935891,10.717244,8.5,4.43
T04,GL-4396,2026-03-20 19:08:00,7.936521,10.717334,4.4,3.64
T04,GL-4396,2026-03-20 19:09:00,7.937223,10.717433,10.4,3.45
T04,GL-4396,2026-03-20 19:10:00,7.938008,10.71744,11.1,4.27
T04,GL-4396,2026-03-20 19:11:00,7.938648,10.717496,7.5,5.46
T04,GL-4396,2026-03-20 19:12:00,7.939437,10.717462,5.5,5.36
T04,GL-4396,2026-03-20 19:13:00,7.940048,10.717513,11.4,5.16
T04,GL-4396,2026-03-20 19:14:00,7.940759,10.717482,9.2,4.51
T04,GL-4396,2026-03-20 19:15:00,7.941476,10.717562,10.1,3.4
T04,GL-4396,2026-03-20 19:16:00,7.942034,10.717651,4.4,3.02
T04,GL-4396,2026-03-20 19:17:00,7.942879,10.717671,9.6,4.11
T04,GL-4396,2026-03-20 19:18:00,7.943585,10.717609,7.3,4.19
T04,GL-4396,2026-03-20 19:19:00,7.94415,10.717706,7.9,4.35
T04,GL-4396,2026-03-20 19:20:00,7.945056,10.717795,6.2,3.66
T04,GL-4396,2026-03-20 19:21:00,7.945704,10.717778,10.4,4.19
T04,GL-4396,2026-03-20 19:22:00,7.946255,10.717823,10.8,3.08
T04,GL-4396,2026-03-20 19:23:00,7.947068,10.717915,11.1,4.68
T04,GL-4396,2026-03-20 19:24:00,7.947829,10.717832,8.4,5.03
T04,GL-4396,2026-03-20 19:25:00,7.948389,10.717873,7.7,4.7
T04,GL-4396,2026-03-20 19:26:00,7.949208,10.717878,8.6,5.2
T04,GL-4396,2026-03-20 19:27:00,7.949897,10.717918,10.0,5.34
T04,GL-4396,2026-03-20 19:28:00,7.950548,10.718077,8.8,4.81
T04,GL-4396,2026-03-20 19:29:00,7.951185,10.718077,4.7,5.47
T04,GL-4396,2026-03-20 19:30:00,7.951825,10.718001,9.7,2.97
T04,GL-4396,2026-03-20 19:31:00,7.952635,10.718127,6.7,4.65
T04,GL-4396,2026-03-20 19:32:00,7.95334,10.718111,10.0,4.71
T04,GL-4396,2026-03-20 19:33:00,7.953993,10.718207,7.6,3.18
T04,GL-4396,2026-03-20 19:34:00,7.954701,10.71824,7.0,5.1
T04,GL-4396,2026-03-20 19:35:00,7.955309,10.718254,4.1,4.71
T04,GL-4396,2026-03-20 19:36:00,7.956131,10.718172,7.7,4.06
T04,GL-4396,2026-03-20 19:37:00,7.956864,10.71838,11.2,3.45
T04,GL-4396,2026-03-20 19:38:00,7.957551,10.718417,4.7,3.42
T04,GL-4396,2026-03-20 19:39:00,7.958132,10.718424,5.1,5.16
T04,GL-4396,2026-03-20 19:40:00,7.958816,10.718434,10.9,4.37
T04,GL-4396,2026-03-20 19:41:00,7.959585,10.718426,6.5,4.2
T04,GL-4396,2026-03-20 19:42:00,7.960307,10.71852,7.4,5.57
T04,GL-4396,2026-03-20 19:43:00,7.961006,10.718584,9.5,3.4
T04,GL-4396,2026-03-20 19:44:00,7.96175,10.718538,4.8,5.41
T04,GL-4396,2026-03-20 19:45:00,7.962335,10.718548,7.1,3.2
T04,GL-4396,2026-03-20 19:46:00,7.963014,10.718593,10.5,2.85
T04,GL-4396,2026-03-20 19:47:00,7.96377,10.718552,10.3,4.9
T04,GL-4396,2026-03-20 19:48:00,7.964467,10.718607,11.4,3.66
T04,GL-4396,2026-03-20 19:49:00,7.965215,10.718719,8.0,3.12
T04,GL-4396,2026-03-20 19:50:00,7.965848,10.718639,9.4,4.62
T04,GL-4396,2026-03-20 19:51:00,8.103535,10.718721,11.7,168.36
T04,GL-4396,2026-03-20 19:52:00,7.967298,10.718823,9.6,5.47
T04,GL-4396,2026-03-20 19:53:00,7.967915,10.71886,4.3,3.22
T04,GL-4396,2026-03-20 19:54:00,7.968689,10.718835,7.9,4.98
T04,GL-4396,2026-03-20 19:55:00,7.969429,10.718835,7.6,3.81
T04,GL-4396,2026-03-20 19:56:00,7.970195,10.71903,9.9,4.1
T04,GL-4396,2026-03-20 19:57:00,7.970749,10.718919,9.9,5.2
T04,GL-4396,2026-03-20 19:58:00,7.971455,10.719055,10.2,4.77
T04,GL-4396,2026-03-20 19:59:00,7.972166,10.719061,10.1,5.18
T04,GL-4396,2026-03-20 20:00:00,7.972798,10.719173,11.0,4.97
T04,GL-4396,2026-03-20 20:01:00,7.734484,10.719096,4.3,324.76
T04,GL-4396,2026-03-20 20:02:00,7.974385,10.719194,9.2,3.36
T04,GL-4396,2026-03-20 20:03:00,8.049228,10.719157,11.5,340.23
T04,GL-4396,2026-03-20 20:04:00,7.97568,10.719271,8.8,5.08
T04,GL-4396,2026-03-20 20:05:00,7.976328,10.719339,5.1,3.6
T04,GL-4396,2026-03-20 20:06:00,7.97703,10.71922,10.2,3.45
T04,GL-4396,2026-03-20 20:07:00,7.977656,10.719388,5.2,5.58
T04,GL-4396,2026-03-20 20:08:00,7.978466,10.719334,8.8,3.2
T04,GL-4396,2026-03-20 20:09:00,7.979109,10.719447,7.4,3.15
T04,GL-4396,2026-03-20 20:10:00,7.979853,10.719406,8.0,3.95
T04,GL-4396,2026-03-20 20:11:00,7.980485,10.71952,4.9,3.34
T04,GL-4396,2026-03-20 20:12:00,7.981103,10.719507,4.2,5.41
T04,GL-4396,2026-03-20 20:13:00,7.9819,10.719582,8.2,3.05
T04,GL-4396,2026-03-20 20:14:00,7.982566,10.719545,8.1,4.06
T04,GL-4396,2026-03-20 20:15:00,7.983365,10.719537,11.5,3.6
T04,GL-4396,2026-03-20 20:16:00,7.984036,10.719652,7.4,2.85
T04,GL-4396,2026-03-20 20:17:00,7.984721,10.719617,11.0,3.26
T04,GL-4396,2026-03-20 20:18:00,7.985407,10.719697,5.0,3.59
T04,GL-4396,2026-03-20 20:19:00,7.986093,10.719698,7.8,2.92
T04,GL-4396,2026-03-20 20:20:00,7.986722,10.719774,11.1,4.92
T04,GL-4396,2026-03-20 20:21:00,7.987532,10.71984,4.1,2.99
T04,GL-4396,2026-03-20 20:22:00,7.988166,10.719964,8.8,4.24
T04,GL-4396,2026-03-20 20:23:00,7.988815,10.719898,4.6,4.2
T04,GL-4396,2026-03-20 20:24:00,7.989566,10.719872,10.4,3.33
T04,GL-4396,2026-03-20 20:25:00,7.9903,10.719931,4.3,3.0
T04,GL-4396,2026-03-20 20:26:00,7.991062,10.719923,11.7,3.8
T04,GL-4396,2026-03-20 20:27:00,7.991589,10.720063,11.7,4.0
T04,GL-4396,2026-03-20 20:28:00,7.992372,10.720079,6.1,3.94
T04,GL-4396,2026-03-20 20:29:00,7.993077,10.719949,6.0,4.75
T04,GL-4396,2026-03-20 20:30:00,7.993797,10.720044,10.5,4.0
T04,GL-4396,2026-03-20 20:31:00,7.994507,10.720148,5.6,5.21
T04,GL-4396,2026-03-20 20:32:00,7.99515,10.720137,4.7,5.57
T04,GL-4396,2026-03-20 20:33:00,7.995807,10.720219,7.1,2.95
T04,GL-4396,2026-03-20 20:34:00,7.996539,10.720219,11.3,5.49
T04,GL-4396,2026-03-20 20:35:00,7.99737,10.720312,9.3,5.03
T04,GL-4396,2026-03-20 20:36:00,7.998095,10.720358,7.7,4.62
T04,GL-4396,2026-03-20 20:37:00,7.998721,10.720366,6.1,4.79
T04,GL-4396,2026-03-20 20:38:00,7.999324,10.720373,5.5,3.71
T04,GL-4396,2026-03-20 20:39:00,8.000032,10.720424,9.0,4.94
T04,GL-4396,2026-03-20 20:40:00,8.000709,10.720495,7.8,3.98
T04,GL-4396,2026-03-20 20:41:00,8.001471,10.720521,4.8,5.18
T04,GL-4396,2026-03-20 20:42:00,8.002082,10.720562,6.3,3.21
T04,GL-4396,2026-03-20 20:43:00,8.002935,10.720615,8.0,3.3
T04,GL-4396,2026-03-20 20:44:00,8.003464,10.720698,5.5,5.56
T04,GL-4396,2026-03-20 20:45:00,8.004295,10.720562,4.7,5.57
T04,GL-4396,2026-03-20 20:46:00,8.004926,10.720697,6.1,3.73
T04,GL-4396,2026-03-20 20:47:00,8.005656,10.720637,8.8,4.04
T04,GL-4396,2026-03-20 20:48:00,8.006362,10.720664,5.8,3.94
T04,GL-4396,2026-03-20 20:49:00,8.007051,10.720796,10.2,3.9
T04,GL-4396,2026-03-20 20:50:00,8.007711,10.720777,6.6,4.91
T04,GL-4396,2026-03-20 20:51:00,8.008483,10.720783,6.2,4.14
T04,GL-4396,2026-03-20 20:52:00,8.00917,10.720828,11.3,5.35
T04,GL-4396,2026-03-20 20:53:00,8.009782,10.720859,11.9,4.47
T04,GL-4396,2026-03-20 20:54:00,8.010547,10.720947,4.5,3.45
T04,GL-4396,2026-03-20 20:55:00,8.011192,10.720922,9.7,3.97
T04,GL-4396,2026-03-20 20:56:00,8.011804,10.721015,5.0,3.28
T04,GL-4396,2026-03-20 20:57:00,8.012574,10.721157,10.3,5.38
T04,GL-4396,2026-03-20 20:58:00,8.013295,10.721035,8.4,2.88
T04,GL-4396,2026-03-20 20:59:00,8.013972,10.72108,10.6,3.67
T04,GL-4396,2026-03-20 21:00:00,8.01467,10.721154,11.0,4.67
T04,GL-4396,2026-03-20 21:01:00,8.015311,10.72116,8.6,4.89
T04,GL-4396,2026-03-20 21:02:00,8.016057,10.721231,7.8,3.17
T04,GL-4396,2026-03-20 21:03:00,8.016729,10.721169,11.4,2.92
T04,GL-4396,2026-03-20 21:04:00,8.017469,10.721211,5.5,4.28
T04,GL-4396,2026-03-20 21:05:00,8.018177,10.721262,8.2,5.58
T04,GL-4396,2026-03-20 21:06:00,8.018856,10.721272,8.7,3.0
T04,GL-4396,2026-03-20 21:07:00,8.019644,10.721346,10.9,4.77
T04,GL-4396,2026-03-20 21:08:00,8.020207,10.721355,10.7,4.7
T04,GL-4396,2026-03-20 21:09:00,8.020943,10.721383,4.3,5.11
T04,GL-4396,2026-03-20 21:10:00,8.021631,10.721455,5.6,3.38
T04,GL-4396,2026-03-20 21:11:00,8.022309,10.721395,9.7,3.88
T04,GL-4396,2026-03-20 21:12:00,8.023157,10.72148,11.9,4.28
T04,GL-4396,2026-03-20 21:13:00,8.023664,10.721548,6.8,4.62
T04,GL-4396,2026-03-20 21:14:00,8.024529,10.721493,8.0,5.01
T04,GL-4396,2026-03-20 21:15:00,8.025163,10.721653,6.7,5.12
T04,GL-4396,2026-03-20 21:16:00,8.02587,10.721646,9.3,3.09
T04,GL-4396,2026-03-20 21:17:00,8.026522,10.721693,11.0,3.63
T04,GL-4396,2026-03-20 21:18:00,8.027115,10.721756,4.1,3.64
T04,GL-4396,2026-03-20 21:19:00,8.02793,10.721802,9.8,5.07
T04,GL-4396,2026-03-20 21:20:00,8.02859,10.721745,7.0,4.19
T04,GL-4396,2026-03-20 21:21:00,8.029352,10.721741,4.7,4.99
T04,GL-4396,2026-03-20 21:22:00,8.030092,10.721843,7.5,3.41
T04,GL-4396,2026-03-20 21:23:00,8.030761,10.721912,9.8,5.0
T04,GL-4396,2026-03-20 21:24:00,8.03146,10.721995,10.8,4.14
T04,GL-4396,2026-03-20 21:25:00,8.032158,10.721982,4.1,3.17
T04,GL-4396,2026-03-20 21:26:00,8.032764,10.721938,9.1,3.93
T04,GL-4396,2026-03-20 21:27:00,8.03352,10.722093,6.7,3.74
T04,GL-4396,2026-03-20 21:28:00,8.034277,10.722058,5.7,4.58
T04,GL-4396,2026-03-20 21:29:00,8.034887,10.722077,8.7,3.0
T04,GL-4396,2026-03-20 21:30:00,8.035673,10.722124,6.4,5.25
T04,GL-4396,2026-03-20 21:31:00,8.03634,10.722156,10.9,3.77
T04,GL-4396,2026-03-20 21:32:00,8.037003,10.72219,7.1,4.83
T04,GL-4396,2026-03-20 21:33:00,8.037682,10.722193,10.7,3.92
T04,GL-4396,2026-03-20 21:34:00,8.038413,10.722266,7.9,2.83
T04,GL-4396,2026-03-20 21:35:00,8.039209,10.722217,9.6,4.1
T04,GL-4396,2026-03-20 21:36:00,8.039926,10.722365,7.3,4.67
T04,GL-4396,2026-03-20 21:37:00,8.040512,10.722366,8.5,4.21
T04,GL-4396,2026-03-20 21:38:00,8.041183,10.722419,8.2,4.63
T04,GL-4396,2026-03-20 21:39:00,8.041902,10.722423,10.3,2.97
T04,GL-4396,2026-03-20 21:40:00,8.042669,10.722466,4.7,4.46
T04,GL-4396,2026-03-20 21:41:00,8.043223,10.7225,9.1,5.53
T04,GL-4396,2026-03-20 21:42:00,8.043981,10.722564,5.4,4.09
T04,GL-4396,2026-03-20 21:43:00,8.044735,10.722533,11.3,4.61
T04,GL-4396,2026-03-20 21:44:00,8.045514,10.722604,6.5,4.89
T04,GL-4396,2026-03-20 21:45:00,8.046097,10.722626,5.6,2.9
T04,GL-4396,2026-03-20 21:46:00,8.046773,10.722581,5.9,4.0
T04,GL-4396,2026-03-20 21:47:00,8.047497,10.722708,6.0,2.91
T04,GL-4396,2026-03-20 21:48:00,8.048124,10.722851,7.2,5.01
T04,GL-4396,2026-03-20 21:49:00,8.048807,10.72279,8.0,4.16
T04,GL-4396,2026-03-20 21:50:00,8.04955,10.722844,10.4,3.34
T04,GL-4396,2026-03-20 21:51:00,8.050188,10.722877,11.9,4.72
T04,GL-4396,2026-03-20 21:52:00,8.051078,10.722902,10.1,4.82
T04,GL-4396,2026-03-20 21:53:00,8.051657,10.722858,6.9,4.21
T04,GL-4396,2026-03-20 21:54:00,8.052327,10.722881,10.8,3.31
T04,GL-4396,2026-03-20 21:55:00,8.053103,10.722878,6.1,4.27
T04,GL-4396,2026-03-20 21:56:00,8.053753,10.722943,8.6,4.14
T04,GL-4396,2026-03-20 21:57:00,8.054527,10.723033,9.1,4.13
T04,GL-4396,2026-03-20 21:58:00,8.055176,10.723045,9.2,4.64
T04,GL-4396,2026-03-20 21:59:00,8.055882,10.723105,6.7,4.21
T04,GL-4396,2026-03-20 22:00:00,8.056566,10.723203,10.4,4.96
T04,GL-4396,2026-03-20 22:01:00,8.057246,10.723062,4.8,3.85
T04,GL-4396,2026-03-20 22:02:00,8.057996,10.723282,,2.86
T04,GL-4396,2026-03-20 22:03:00,8.058535,10.723196,11.8,5.33
T04,GL-4396,2026-03-20 22:04:00,8.059381,10.723334,8.1,5.44
T04,GL-4396,2026-03-20 22:05:00,8.060088,10.72327,10.1,3.14
T04,GL-4396,2026-03-20 22:06:00,8.060637,10.723365,11.7,4.25
T04,GL-4396,2026-03-20 22:07:00,8.061381,10.723437,9.2,4.3
T04,GL-4396,2026-03-20 22:08:00,8.061993,10.723306,8.0,4.42
T04,GL-4396,2026-03-20 22:09:00,8.062765,10.723287,7.8,3.66
T04,GL-4396,2026-03-20 22:10:00,8.063558,10.72342,8.8,3.35
T04,GL-4396,2026-03-20 22:11:00,8.064138,10.723622,7.1,3.71
T04,GL-4396,2026-03-20 22:12:00,8.064979,10.723623,8.0,3.0
T04,GL-4396,2026-03-20 22:13:00,8.065681,10.723669,8.3,3.28
T04,GL-4396,2026-03-20 22:14:00,8.066468,10.723523,10.1,2.98
T04,GL-4396,2026-03-20 22:15:00,8.066984,10.723637,10.2,5.56
T04,GL-4396,2026-03-20 22:16:00,8.067633,10.723619,6.1,3.81
T04,GL-4396,2026-03-20 22:17:00,8.068406,10.723748,8.1,5.13
T04,GL-4396,2026-03-20 22:18:00,8.069131,10.723625,9.1,3.29
T04,GL-4396,2026-03-20 22:19:00,8.069698,10.723792,4.1,5.22
T04,GL-4396,2026-03-20 22:20:00,8.070409,10.72385,10.2,5.6
T04,GL-4396,2026-03-20 22:21:00,8.0711,10.723864,4.9,5.46
T04,GL-4396,2026-03-20 22:22:00,8.071893,10.723856,9.1,5.39
T04,GL-4396,2026-03-20 22:23:00,8.072582,10.723955,5.5,3.08
T04,GL-4396,2026-03-20 22:24:00,8.073211,10.723875,7.5,3.15
T04,GL-4396,2026-03-20 22:25:00,8.074078,10.723953,5.9,4.12
T04,GL-4396,2026-03-20 22:26:00,8.074788,10.724021,11.0,4.15
T04,GL-4396,2026-03-20 22:27:00,8.075424,10.723883,11.4,3.9
T04,GL-4396,2026-03-20 22:28:00,8.076017,10.724146,4.8,3.69
T04,GL-4396,2026-03-20 22:29:00,8.076713,10.724105,4.6,4.53
T04,GL-4396,2026-03-20 22:30:00,8.077419,10.724276,8.0,4.93
T04,GL-4396,2026-03-20 22:31:00,8.078176,10.724114,11.2,3.73
T04,GL-4396,2026-03-20 22:32:00,8.078949,10.724265,,4.44
T04,GL-4396,2026-03-20 22:33:00,8.079509,10.724172,11.1,4.9
T04,GL-4396,2026-03-20 22:34:00,8.08023,10.724205,8.3,4.26
T04,GL-4396,2026-03-20 22:35:00,8.080952,10.724404,9.4,4.89
T04,GL-4396,2026-03-20 22:36:00,8.081705,10.724362,8.0,3.02
T04,GL-4396,2026-03-20 22:37:00,8.08234,10.724404,9.6,4.46
T04,GL-4396,2026-03-20 22:38:00,8.083098,10.724473,5.9,3.39
T04,GL-4396,2026-03-20 22:39:00,8.08365,10.724355,4.2,3.31
T04,GL-4396,2026-03-20 22:40:00,8.084469,10.724534,5.5,4.97
T04,GL-4396,2026-03-20 22:41:00,8.08509,10.724593,6.4,2.95
T04,GL-4396,2026-03-20 22:42:00,8.085808,10.724561,9.9,4.43
T04,GL-4396,2026-03-20 22:43:00,8.086499,10.724613,11.0,3.82
T04,GL-4396,2026-03-20 22:44:00,8.087264,10.72464,11.5,4.95
T04,GL-4396,2026-03-20 22:45:00,8.087897,10.724674,6.5,5.1
T04,GL-4396,2026-03-20 22:46:00,8.088583,10.724733,10.0,4.95
T04,GL-4396,2026-03-20 22:47:00,8.089394,10.72471,9.3,4.16
T04,GL-4396,2026-03-20 22:48:00,8.089959,10.724756,9.0,3.53
T04,GL-4396,2026-03-20 22:49:00,8.090776,10.724845,4.9,5.2
T04,GL-4396,2026-03-20 22:50:00,8.091421,10.724975,10.1,5.26
T04,GL-4396,2026-03-20 22:51:00,8.092044,10.724787,8.4,3.66
T04,GL-4396,2026-03-20 22:52:00,8.092776,10.72485,7.1,5.26
T04,GL-4396,2026-03-20 22:53:00,8.093541,10.724979,6.5,4.92
T04,GL-4396,2026-03-20 22:54:00,8.094222,10.724942,4.2,3.33
T04,GL-4396,2026-03-20 22:55:00,8.094816,10.724984,8.4,3.9
T04,GL-4396,2026-03-20 22:56:00,8.095628,10.724976,5.7,5.24
T04,GL-4396,2026-03-20 22:57:00,8.096292,10.725027,7.8,3.09
T04,GL-4396,2026-03-20 22:58:00,8.096967,10.725142,11.9,4.99
T04,GL-4396,2026-03-20 22:59:00,8.097682,10.725192,5.0,3.89
T04,GL-4396,2026-03-20 23:00:00,8.098513,10.725165,5.0,5.09
T04,GL-4396,2026-03-20 23:01:00,8.099042,10.725216,8.4,5.3
T04,GL-4396,2026-03-20 23:02:00,8.099724,10.725245,8.5,3.17
T04,GL-4396,2026-03-20 23:03:00,8.10043,10.725275,8.4,4.04
T04,GL-4396,2026-03-20 23:04:00,8.101239,10.725268,10.6,4.26
T04,GL-4396,2026-03-20 23:05:00,8.101918,10.725208,10.0,4.31
T04,GL-4396,2026-03-20 23:06:00,8.102453,10.725393,5.5,4.27
T04,GL-4396,2026-03-20 23:07:00,8.103233,10.72544,7.6,3.95
T04,GL-4396,2026-03-20 23:08:00,8.103839,10.725412,6.9,5.5
T04,GL-4396,2026-03-20 23:09:00,8.104639,10.725488,9.9,3.65
T04,GL-4396,2026-03-20 23:10:00,8.105278,10.725477,11.1,3.83
T04,GL-4396,2026-03-20 23:11:00,8.106036,10.725501,5.0,4.36
T04,GL-4396,2026-03-20 23:12:00,8.106756,10.725658,5.8,2.93
T04,GL-4396,2026-03-20 23:13:00,8.107418,10.725639,11.0,4.41
T04,GL-4396,2026-03-20 23:14:00,8.108207,10.725609,8.6,4.37
T04,GL-4396,2026-03-20 23:15:00,8.108811,10.72578,7.1,3.96
T04,GL-4396,2026-03-20 23:16:00,8.109507,10.725702,8.7,4.38
T04,GL-4396,2026-03-20 23:17:00,8.110251,10.725653,7.7,5.01
T04,GL-4396,2026-03-20 23:18:00,8.110884,10.7259,6.6,4.38
T04,GL-4396,2026-03-20 23:19:00,8.111711,10.725909,9.5,3.35
T04,GL-4396,2026-03-20 23:20:00,8.112489,10.725838,11.2,4.75
T04,GL-4396,2026-03-20 23:21:00,8.113051,10.725898,6.8,5.24
T04,GL-4396,2026-03-20 23:22:00,8.113784,10.725842,,3.99
T04,GL-4396,2026-03-20 23:23:00,8.11449,10.725996,4.7,4.19
T04,GL-4396,2026-03-20 23:24:00,8.115234,10.726039,10.8,5.09
T04,GL-4396,2026-03-20 23:25:00,8.115817,10.72595,7.5,3.04
T04,GL-4396,2026-03-20 23:26:00,8.116469,10.72606,9.2,4.03
T04,GL-4396,2026-03-20 23:27:00,8.117247,10.726087,10.9,4.88
T04,GL-4396,2026-03-20 23:28:00,8.117937,10.726184,10.7,5.09
T04,GL-4396,2026-03-20 23:29:00,8.118562,10.72613,6.3,4.74
T04,GL-4396,2026-03-20 23:30:00,8.11939,10.726158,4.2,2.9
T04,GL-4396,2026-03-20 23:31:00,8.120009,10.726144,5.6,3.46
T04,GL-4396,2026-03-20 23:32:00,8.120631,10.726225,11.6,4.62
T04,GL-4396,2026-03-20 23:33:00,8.121421,10.726238,11.5,4.44
T04,GL-4396,2026-03-20 23:34:00,8.122034,10.726421,4.6,2.89
T04,GL-4396,2026-03-20 23:35:00,8.122838,10.726345,6.8,5.27
T04,GL-4396,2026-03-20 23:36:00,8.123463,10.726314,6.3,4.58
T04,GL-4396,2026-03-20 23:37:00,8.124256,10.726397,7.6,4.67
T04,GL-4396,2026-03-20 23:38:00,8.124963,10.72654,11.4,3.72
T04,GL-4396,2026-03-20 23:39:00,8.125608,10.726432,9.5,5.41
T04,GL-4396,2026-03-20 23:40:00,8.12637,10.726549,11.6,4.0
T04,GL-4396,2026-03-20 23:41:00,8.127041,10.726586,7.5,3.32
T04,GL-4396,2026-03-20 23:42:00,8.127646,10.726624,,4.95
T04,GL-4396,2026-03-20 23:43:00,8.128399,10.726734,10.4,3.02
T04,GL-4396,2026-03-20 23:44:00,8.129143,10.726686,4.1,4.41
T04,GL-4396,2026-03-20 23:45:00,8.129861,10.726712,,4.35
T04,GL-4396,2026-03-20 23:46:00,8.130485,10.726616,4.5,4.33
T04,GL-4396,2026-03-20 23:47:00,8.131266,10.726798,6.7,4.42
T04,GL-4396,2026-03-20 23:48:00,8.131845,10.726759,4.9,4.0
T04,GL-4396,2026-03-20 23:49:00,8.13261,10.726785,10.3,4.12
T04,GL-4396,2026-03-20 23:50:00,8.1333,10.726878,10.7,4.11
T04,GL-4396,2026-03-20 23:51:00,8.13381,10.726868,8.7,4.37
T04,GL-4396,2026-03-20 23:52:00,8.134565,10.726922,7.6,3.04
T04,GL-4396,2026-03-20 23:53:00,8.135463,10.726962,6.7,5.34
T04,GL-4396,2026-03-20 23:54:00,8.135995,10.726938,9.9,3.64
T04,GL-4396,2026-03-20 23:55:00,8.136879,10.727007,4.1,4.26
T04,GL-4396,2026-03-20 23:56:00,8.137442,10.727079,8.5,5.53
T04,GL-4396,2026-03-20 23:57:00,8.138187,10.727087,5.9,3.4
T04,GL-4396,2026-03-20 23:58:00,8.138787,10.727134,5.9,3.13
T04,GL-4396,2026-03-20 23:59:00,8.139572,10.7271,7.1,5.21
T04,GL-4396,2026-03-21 00:00:00,8.140213,10.727186,5.1,5.05
T04,GL-4396,2026-03-21 00:01:00,8.140946,10.727204,6.4,3.31
T04,GL-4396,2026-03-21 00:02:00,8.141625,10.727269,6.2,4.63
T04,GL-4396,2026-03-21 00:03:00,8.14226,10.727225,7.5,4.85
T04,GL-4396,2026-03-21 00:04:00,8.143019,10.727353,8.4,4.98
T04,GL-4396,2026-03-21 00:05:00,8.143695,10.727407,4.0,5.24
T04,GL-4396,2026-03-21 00:06:00,8.144508,10.727477,5.9,3.17
T04,GL-4396,2026-03-21 00:07:00,8.145141,10.727357,8.0,3.64
T04,GL-4396,2026-03-21 00:08:00,8.14596,10.727379,,4.0
T04,GL-4396,2026-03-21 00:09:00,8.146493,10.727531,9.4,3.52
T04,GL-4396,2026-03-21 00:10:00,8.147182,10.727442,9.2,5.45
T04,GL-4396,2026-03-21 00:11:00,8.147983,10.727585,8.4,4.81
T04,GL-4396,2026-03-21 00:12:00,8.148645,10.72759,5.2,5.23
T04,GL-4396,2026-03-21 00:13:00,8.149313,10.727625,7.0,4.68
T04,GL-4396,2026-03-21 00:14:00,8.150047,10.727693,9.7,4.0
T04,GL-4396,2026-03-21 00:15:00,8.150746,10.727738,6.0,4.68
T04,GL-4396,2026-03-21 00:16:00,8.151327,10.727714,11.0,3.95
T04,GL-4396,2026-03-21 00:17:00,8.152078,10.727768,9.7,3.56
T04,GL-4396,2026-03-21 00:18:00,8.152794,10.727722,4.9,4.33
T04,GL-4396,2026-03-21 00:19:00,8.153514,10.727861,4.7,4.85
T04,GL-4396,2026-03-21 00:20:00,8.154122,10.727869,4.4,4.94
T04,GL-4396,2026-03-21 00:21:00,8.154819,10.727816,8.3,3.19
T04,GL-4396,2026-03-21 00:22:00,8.155622,10.727971,4.3,5.38
T04,GL-4396,2026-03-21 00:23:00,8.156245,10.727947,6.6,5.45
T04,GL-4396,2026-03-21 00:24:00,8.156347,10.728002,10.3,0.17
T04,GL-4396,2026-03-21 00:25:00,8.156093,10.727936,11.1,0.56
T04,GL-4396,2026-03-21 00:26:00,8.156252,10.728047,11.0,0.6
T04,GL-4396,2026-03-21 00:27:00,8.156403,10.728055,4.7,0.75
T04,GL-4396,2026-03-21 00:28:00,8.156332,10.727966,7.7,0.61
T04,GL-4396,2026-03-21 00:29:00,8.15628,10.727837,11.3,0.3
T04,GL-4396,2026-03-21 00:30:00,8.15643,10.72803,5.1,0.25
T04,GL-4396,2026-03-21 00:31:00,8.043367,10.727877,5.5,271.91
T04,GL-4396,2026-03-21 00:32:00,8.156063,10.727992,11.0,0.18
T04,GL-4396,2026-03-21 00:33:00,8.156371,10.727877,10.2,0.22
T04,GL-4396,2026-03-21 00:34:00,8.156424,10.727914,7.0,0.29
T04,GL-4396,2026-03-21 00:35:00,8.156246,10.72805,5.6,0.23
T04,GL-4396,2026-03-21 00:36:00,8.156288,10.727976,9.8,0.37
T04,GL-4396,2026-03-21 00:37:00,8.156199,10.728016,8.0,0.6
T04,GL-4396,2026-03-21 00:38:00,8.156397,10.728008,8.6,0.48
T04,GL-4396,2026-03-21 00:39:00,8.156397,10.728129,10.5,0.77
T04,GL-4396,2026-03-21 00:40:00,8.156328,10.727981,4.8,0.03
T04,GL-4396,2026-03-21 00:41:00,8.156418,10.72801,11.2,0.22
T04,GL-4396,2026-03-21 00:42:00,8.156311,10.727924,5.4,0.27
T04,GL-4396,2026-03-21 00:43:00,8.156184,10.727904,9.2,0.49
T04,GL-4396,2026-03-21 00:44:00,8.156257,10.727927,10.2,0.68
T04,GL-4396,2026-03-21 00:45:00,8.156337,10.727856,5.2,0.17
T04,GL-4396,2026-03-21 00:46:00,8.156441,10.727901,10.4,0.47
T04,GL-4396,2026-03-21 00:47:00,8.156196,10.72798,11.8,0.43
T04,GL-4396,2026-03-21 00:48:00,8.155875,10.727936,4.5,2.8
T04,GL-4396,2026-03-21 00:49:00,8.155383,10.727881,9.6,3.57
T04,GL-4396,2026-03-21 00:50:00,8.154706,10.727714,4.8,5.49
T04,GL-4396,2026-03-21 00:51:00,8.154196,10.727582,,4.39
T04,GL-4396,2026-03-21 00:52:00,8.153604,10.727551,7.4,4.79
T04,GL-4396,2026-03-21 00:53:00,8.153181,10.72745,7.9,4.17
T04,GL-4396,2026-03-21 00:54:00,8.152599,10.727514,8.5,5.53
T04,GL-4396,2026-03-21 00:55:00,8.152168,10.727364,8.0,2.91
T04,GL-4396,2026-03-21 00:56:00,8.151644,10.727229,10.5,5.52
T04,GL-4396,2026-03-21 00:57:00,8.151017,10.727147,4.7,3.33
T04,GL-4396,2026-03-21 00:58:00,8.150481,10.726994,4.5,5.39
T04,GL-4396,2026-03-21 00:59:00,8.149922,10.727082,10.7,3.59
T04,GL-4396,2026-03-21 01:00:00,8.149342,10.72694,9.7,5.12
T04,GL-4396,2026-03-21 01:01:00,8.148929,10.726806,7.2,5.11
T04,GL-4396,2026-03-21 01:02:00,8.148315,10.726766,5.9,5.58
T04,GL-4396,2026-03-21 01:03:00,8.147946,10.726791,7.9,4.27
T04,GL-4396,2026-03-21 01:04:00,8.147259,10.726616,6.1,3.8
T04,GL-4396,2026-03-21 01:05:00,8.146798,10.72654,,5.31
T04,GL-4396,2026-03-21 01:06:00,8.146317,10.726475,8.3,5.46
T04,GL-4396,2026-03-21 01:07:00,8.145784,10.726378,7.5,3.72
T04,GL-4396,2026-03-21 01:08:00,8.14533,10.726305,8.5,3.84
T04,GL-4396,2026-03-21 01:09:00,8.144726,10.726269,6.3,4.94
T04,GL-4396,2026-03-21 01:10:00,8.144256,10.726198,8.7,4.74
T04,GL-4396,2026-03-21 01:11:00,8.143713,10.726131,5.6,5.08
T04,GL-4396,2026-03-21 01:12:00,8.143202,10.72596,5.4,4.18
T04,GL-4396,2026-03-21 01:13:00,8.142622,10.725935,4.3,4.42
T04,GL-4396,2026-03-21 01:14:00,8.142122,10.725687,5.2,3.92
T04,GL-4396,2026-03-21 01:15:00,8.14161,10.725793,9.4,5.24
T04,GL-4396,2026-03-21 01:16:00,8.141024,10.725721,10.4,3.48
T04,GL-4396,2026-03-21 01:17:00,8.140564,10.725631,11.5,3.49
T04,GL-4396,2026-03-21 01:18:00,8.140078,10.725401,7.9,3.74
T04,GL-4396,2026-03-21 01:19:00,8.139469,10.725366,10.5,3.17
T04,GL-4396,2026-03-21 01:20:00,8.139027,10.725401,6.8,4.21
T04,GL-4396,2026-03-21 01:21:00,8.138497,10.725115,4.6,5.19
T04,GL-4396,2026-03-21 01:22:00,8.137847,10.725129,9.8,3.67
T04,GL-4396,2026-03-21 01:23:00,8.137391,10.725046,8.3,4.32
T04,GL-4396,2026-03-21 01:24:00,8.136912,10.724969,6.1,4.68
T04,GL-4396,2026-03-21 01:25:00,8.136413,10.725099,6.0,3.03
T04,GL-4396,2026-03-21 01:26:00,8.135877,10.724761,9.8,3.9
T04,GL-4396,2026-03-21 01:27:00,8.135289,10.724838,7.7,4.22
T04,GL-4396,2026-03-21 01:28:00,8.134744,10.724667,5.4,2.91
T04,GL-4396,2026-03-21 01:29:00,8.134354,10.724723,8.0,5.17
T04,GL-4396,2026-03-21 01:30:00,8.133864,10.724473,8.6,4.08
T04,GL-4396,2026-03-21 01:31:00,8.133174,10.724336,8.7,4.14
T04,GL-4396,2026-03-21 01:32:00,8.132732,10.724285,10.5,3.21
T04,GL-4396,2026-03-21 01:33:00,8.132241,10.724289,6.2,4.82
T04,GL-4396,2026-03-21 01:34:00,8.131576,10.724214,6.7,4.29
T04,GL-4396,2026-03-21 01:35:00,8.131143,10.72416,7.7,5.04
T04,GL-4396,2026-03-21 01:36:00,8.13058,10.724082,5.6,4.39
T04,GL-4396,2026-03-21 01:37:00,8.130101,10.723934,6.2,3.73
T04,GL-4396,2026-03-21 01:38:00,8.129625,10.723815,7.0,4.75
T04,GL-4396,2026-03-21 01:39:00,8.129116,10.72376,7.6,3.09
T04,GL-4396,2026-03-21 01:40:00,8.128481,10.723738,8.0,4.28
T04,GL-4396,2026-03-21 01:41:00,8.128057,10.723603,9.6,3.97
T04,GL-4396,2026-03-21 01:42:00,8.12748,10.72354,4.8,5.59
T04,GL-4396,2026-03-21 01:43:00,8.126886,10.723447,5.8,4.78
T04,GL-4396,2026-03-21 01:44:00,8.126376,10.723445,5.8,4.44
T04,GL-4396,2026-03-21 01:45:00,8.12589,10.72334,6.4,5.54
T04,GL-4396,2026-03-21 01:46:00,8.125373,10.723294,6.3,4.55
T04,GL-4396,2026-03-21 01:47:00,8.124779,10.723106,6.5,5.24
T04,GL-4396,2026-03-21 01:48:00,8.124323,10.723032,10.7,3.91
T04,GL-4396,2026-03-21 01:49:00,8.123656,10.723111,5.1,4.61
T04,GL-4396,2026-03-21 01:50:00,8.123264,10.722923,5.7,3.83
T04,GL-4396,2026-03-21 01:51:00,8.122724,10.722849,4.0,4.77
T04,GL-4396,2026-03-21 01:52:00,8.122213,10.722724,9.7,3.9
T04,GL-4396,2026-03-21 01:53:00,8.121659,10.722772,7.8,3.73
T04,GL-4396,2026-03-21 01:54:00,8.12114,10.722644,9.4,5.13
T04,GL-4396,2026-03-21 01:55:00,8.120706,10.722494,7.4,3.1
T04,GL-4396,2026-03-21 01:56:00,8.120092,10.72241,6.2,3.45
T04,GL-4396,2026-03-21 01:57:00,8.11961,10.722457,11.2,5.41
T04,GL-4396,2026-03-21 01:58:00,8.119058,10.722189,4.3,4.62
T04,GL-4396,2026-03-21 01:59:00,8.118563,10.722329,10.8,5.45
T04,GL-4396,2026-03-21 02:00:00,8.118015,10.722111,11.8,3.5
T04,GL-4396,2026-03-21 02:01:00,8.117445,10.72206,7.3,4.01
T04,GL-4396,2026-03-21 02:02:00,8.116984,10.721903,5.6,5.58
T04,GL-4396,2026-03-21 02:03:00,8.116586,10.722043,10.8,4.88
T04,GL-4396,2026-03-21 02:04:00,8.11596,10.721775,4.6,3.78
T04,GL-4396,2026-03-21 02:05:00,8.115344,10.721644,9.6,4.59
T04,GL-4396,2026-03-21 02:06:00,8.114857,10.721546,11.9,4.55
T04,GL-4396,2026-03-21 02:07:00,8.114346,10.72159,10.3,4.28
T04,GL-4396,2026-03-21 02:08:00,8.113843,10.721445,11.9,3.24
T04,GL-4396,2026-03-21 02:09:00,8.113423,10.721391,5.2,3.74
T04,GL-4396,2026-03-21 02:10:00,8.112868,10.721415,7.6,5.07
T04,GL-4396,2026-03-21 02:11:00,8.112303,10.721314,,5.28
T04,GL-4396,2026-03-21 02:12:00,8.111684,10.721088,11.9,4.78
T04,GL-4396,2026-03-21 02:13:00,8.111234,10.721037,6.9,4.63
T04,GL-4396,2026-03-21 02:14:00,8.110688,10.720985,12.0,2.84
T04,GL-4396,2026-03-21 02:15:00,8.110083,10.720968,9.7,4.21
T04,GL-4396,2026-03-21 02:16:00,8.109769,10.720885,7.5,5.27
T04,GL-4396,2026-03-21 02:17:00,8.109062,10.720782,11.7,3.68
T04,GL-4396,2026-03-21 02:18:00,8.108582,10.72068,6.1,2.84
T04,GL-4396,2026-03-21 02:19:00,8.108061,10.720625,6.1,3.23
T04,GL-4396,2026-03-21 02:20:00,8.107635,10.720544,11.0,5.53
T04,GL-4396,2026-03-21 02:21:00,8.106956,10.720442,7.5,2.83
T04,GL-4396,2026-03-21 02:22:00,8.106525,10.720456,10.2,5.1
T04,GL-4396,2026-03-21 02:23:00,8.105844,10.72022,10.9,4.23
T04,GL-4396,2026-03-21 02:24:00,8.105366,10.72016,10.8,4.47
T04,GL-4396,2026-03-21 02:25:00,8.104888,10.720125,7.2,5.09
T04,GL-4396,2026-03-21 02:26:00,8.104281,10.719985,11.4,5.25
T04,GL-4396,2026-03-21 02:27:00,8.103862,10.720028,4.6,4.73
T04,GL-4396,2026-03-21 02:28:00,8.10343,10.719868,4.7,5.08
T04,GL-4396,2026-03-21 02:29:00,8.102861,10.719852,10.9,3.72
T04,GL-4396,2026-03-21 02:30:00,8.102332,10.719713,7.0,3.98
T04,GL-4396,2026-03-21 02:31:00,8.101808,10.719587,5.3,5.42
T04,GL-4396,2026-03-21 02:32:00,8.101336,10.719544,7.5,2.85
T04,GL-4396,2026-03-21 02:33:00,8.100645,10.719396,10.4,4.96
T04,GL-4396,2026-03-21 02:34:00,8.100198,10.719353,8.2,4.42
T04,GL-4396,2026-03-21 02:35:00,8.099704,10.719448,6.0,4.2
T04,GL-4396,2026-03-21 02:36:00,8.099146,10.719249,8.7,4.93
T04,GL-4396,2026-03-21 02:37:00,8.098534,10.719078,7.9,2.93
T04,GL-4396,2026-03-21 02:38:00,8.098075,10.719152,11.2,5.55
T04,GL-4396,2026-03-21 02:39:00,8.097605,10.719092,5.2,4.94
T04,GL-4396,2026-03-21 02:40:00,8.097013,10.718913,11.0,4.38
T04,GL-4396,2026-03-21 02:41:00,8.096568,10.718792,4.6,4.02
T04,GL-4396,2026-03-21 02:42:00,8.095946,10.718759,5.8,5.53
T04,GL-4396,2026-03-21 02:43:00,8.09554,10.718709,11.3,5.02
T04,GL-4396,2026-03-21 02:44:00,8.094971,10.718577,5.0,4.83
T04,GL-4396,2026-03-21 02:45:00,8.09448,10.71839,5.8,3.26
T04,GL-4396,2026-03-21 02:46:00,8.093996,10.718389,8.4,4.82
T04,GL-4396,2026-03-21 02:47:00,8.093288,10.718376,4.7,5.31
T04,GL-4396,2026-03-21 02:48:00,8.092869,10.718256,5.0,3.24
T04,GL-4396,2026-03-21 02:49:00,8.092281,10.718279,5.2,4.39
T04,GL-4396,2026-03-21 02:50:00,8.091766,10.718097,4.8,3.42
T04,GL-4396,2026-03-21 02:51:00,8.091218,10.718,9.9,5.59
T04,GL-4396,2026-03-21 02:52:00,8.090729,10.718012,8.8,4.28
T04,GL-4396,2026-03-21 02:53:00,8.090208,10.717852,7.0,4.83
T04,GL-4396,2026-03-21 02:54:00,8.089772,10.717697,10.1,3.25
T04,GL-4396,2026-03-21 02:55:00,8.089183,10.717678,9.5,4.45
T04,GL-4396,2026-03-21 02:56:00,8.088674,10.717666,11.2,4.54
T04,GL-4396,2026-03-21 02:57:00,8.088126,10.717649,4.7,3.09
T04,GL-4396,2026-03-21 02:58:00,8.087627,10.717432,9.2,3.44
T04,GL-4396,2026-03-21 02:59:00,8.087097,10.717354,11.8,5.42
T04,GL-4396,2026-03-21 03:00:00,8.086686,10.717458,5.5,3.79
T04,GL-4396,2026-03-21 03:01:00,8.086024,10.7172,10.9,5.21
T04,GL-4396,2026-03-21 03:02:00,8.085514,10.717069,7.7,3.67
T04,GL-4396,2026-03-21 03:03:00,8.085018,10.71708,4.1,3.4
T04,GL-4396,2026-03-21 03:04:00,8.084443,10.717026,8.4,5.27
T04,GL-4396,2026-03-21 03:05:00,8.083893,10.716935,11.2,3.57
T04,GL-4396,2026-03-21 03:06:00,8.083334,10.716825,8.4,5.11
T04,GL-4396,2026-03-21 03:07:00,8.08289,10.716724,4.9,3.94
T04,GL-4396,2026-03-21 03:08:00,8.082312,10.71657,6.9,4.34
T04,GL-4396,2026-03-21 03:09:00,8.081815,10.716604,11.4,3.55
T04,GL-4396,2026-03-21 03:10:00,8.081411,10.716452,9.2,4.28
T04,GL-4396,2026-03-21 03:11:00,8.08087,10.716387,6.2,3.29
T04,GL-4396,2026-03-21 03:12:00,8.080232,10.716375,9.0,3.78
T04,GL-4396,2026-03-21 03:13:00,8.079769,10.716133,5.9,3.79
T04,GL-4396,2026-03-21 03:14:00,8.079296,10.71621,5.5,2.96
T04,GL-4396,2026-03-21 03:15:00,8.078732,10.716043,7.4,2.82
T04,GL-4396,2026-03-21 03:16:00,8.078198,10.716074,6.5,5.47
T04,GL-4396,2026-03-21 03:17:00,8.077727,10.715972,5.8,4.76
T04,GL-4396,2026-03-21 03:18:00,8.077227,10.715862,6.3,3.77
T04,GL-4396,2026-03-21 03:19:00,8.076562,10.715828,10.1,3.95
T04,GL-4396,2026-03-21 03:20:00,8.076072,10.715704,9.4,4.05
T04,GL-4396,2026-03-21 03:21:00,8.075604,10.715523,9.4,5.43
T04,GL-4396,2026-03-21 03:22:00,8.074949,10.715563,8.6,5.45
T04,GL-4396,2026-03-21 03:23:00,8.074507,10.715485,6.4,5.49
T04,GL-4396,2026-03-21 03:24:00,8.074074,10.715384,11.5,4.9
T04,GL-4396,2026-03-21 03:25:00,8.073554,10.715328,9.4,5.28
T04,GL-4396,2026-03-21 03:26:00,8.073008,10.71535,7.9,4.87
T04,GL-4396,2026-03-21 03:27:00,8.072462,10.715195,9.1,5.32
T04,GL-4396,2026-03-21 03:28:00,8.071944,10.715,7.4,5.35
T04,GL-4396,2026-03-21 03:29:00,8.071327,10.715026,6.5,4.83
T04,GL-4396,2026-03-21 03:30:00,8.070919,10.714934,6.4,4.81
T04,GL-4396,2026-03-21 03:31:00,8.070285,10.714876,11.8,3.27
T04,GL-4396,2026-03-21 03:32:00,8.069838,10.714717,5.3,4.66
T04,GL-4396,2026-03-21 03:33:00,8.069378,10.714658,5.1,5.33
T04,GL-4396,2026-03-21 03:34:00,8.06874,10.714724,6.3,3.05
T04,GL-4396,2026-03-21 03:35:00,8.068336,10.714519,7.4,3.93
T04,GL-4396,2026-03-21 03:36:00,8.067695,10.714397,11.1,4.24
T04,GL-4396,2026-03-21 03:37:00,8.06714,10.714348,6.5,5.59
T04,GL-4396,2026-03-21 03:38:00,8.066675,10.714217,8.4,3.08
T04,GL-4396,2026-03-21 03:39:00,8.066238,10.71418,8.3,3.51
T04,GL-4396,2026-03-21 03:40:00,8.065703,10.714021,5.4,3.34
T04,GL-4396,2026-03-21 03:41:00,8.065039,10.713894,8.2,4.88
T04,GL-4396,2026-03-21 03:42:00,8.064565,10.713892,9.8,4.23
T04,GL-4396,2026-03-21 03:43:00,8.063994,10.713827,9.3,3.15
T04,GL-4396,2026-03-21 03:44:00,8.063594,10.713785,9.8,4.06
T04,GL-4396,2026-03-21 03:45:00,8.063017,10.713743,5.8,5.29
T04,GL-4396,2026-03-21 03:46:00,8.062525,10.713611,7.4,5.28
T04,GL-4396,2026-03-21 03:47:00,8.061998,10.713631,5.7,3.99
T04,GL-4396,2026-03-21 03:48:00,8.061438,10.713509,6.5,4.8
T04,GL-4396,2026-03-21 03:49:00,8.06094,10.713322,9.8,3.02
T04,GL-4396,2026-03-21 03:50:00,8.060447,10.71339,6.8,4.55
T04,GL-4396,2026-03-21 03:51:00,8.059816,10.713219,8.8,2.95
T04,GL-4396,2026-03-21 03:52:00,8.059326,10.71315,7.0,5.11
T04,GL-4396,2026-03-21 03:53:00,8.058766,10.712997,7.2,3.17
T04,GL-4396,2026-03-21 03:54:00,8.058248,10.713072,5.0,4.09
T04,GL-4396,2026-03-21 03:55:00,8.057836,10.713007,5.7,4.89
T04,GL-4396,2026-03-21 03:56:00,8.057307,10.712797,11.0,4.1
T04,GL-4396,2026-03-21 03:57:00,8.056833,10.712812,6.5,5.11
T04,GL-4396,2026-03-21 03:58:00,8.056209,10.712628,10.9,5.46
T04,GL-4396,2026-03-21 03:59:00,8.055714,10.712535,7.2,4.07
T04,GL-4396,2026-03-21 04:00:00,8.055202,10.712496,6.5,4.82
T04,GL-4396,2026-03-21 04:01:00,8.054533,10.712395,8.9,3.09
T04,GL-4396,2026-03-21 04:02:00,8.054014,10.712307,5.4,4.74
T04,GL-4396,2026-03-21 04:03:00,8.053523,10.712203,6.5,3.93
T04,GL-4396,2026-03-21 04:04:00,8.053134,10.712195,10.7,3.18
T04,GL-4396,2026-03-21 04:05:00,8.05256,10.712202,4.4,3.16
T04,GL-4396,2026-03-21 04:06:00,8.052022,10.712046,7.4,3.95
T04,GL-4396,2026-03-21 04:07:00,8.051542,10.711957,8.9,5.14
T04,GL-4396,2026-03-21 04:08:00,8.051003,10.711909,11.1,3.47
T04,GL-4396,2026-03-21 04:09:00,8.050394,10.71179,11.8,3.24
T04,GL-4396,2026-03-21 04:10:00,8.049927,10.71158,8.7,3.48
T04,GL-4396,2026-03-21 04:11:00,8.049432,10.711544,11.5,3.54
T04,GL-4396,2026-03-21 04:12:00,8.048964,10.711578,4.2,3.1
T04,GL-4396,2026-03-21 04:13:00,8.048343,10.711465,7.3,3.97
T04,GL-4396,2026-03-21 04:14:00,8.047687,10.711446,9.4,3.01
T04,GL-4396,2026-03-21 04:15:00,8.047371,10.711302,10.8,5.5
T04,GL-4396,2026-03-21 04:16:00,8.046751,10.711305,9.1,4.5
T04,GL-4396,2026-03-21 04:17:00,8.046233,10.711127,8.8,4.71
T04,GL-4396,2026-03-21 04:18:00,8.045752,10.711059,11.7,3.71
T04,GL-4396,2026-03-21 04:19:00,8.04516,10.711036,7.3,4.77
T04,GL-4396,2026-03-21 04:20:00,8.044703,10.710892,5.9,2.95
T04,GL-4396,2026-03-21 04:21:00,8.044171,10.710759,6.8,3.02
T04,GL-4396,2026-03-21 04:22:00,8.043694,10.710745,7.6,5.04
T04,GL-4396,2026-03-21 04:23:00,8.043116,10.710551,9.9,4.22
T04,GL-4396,2026-03-21 04:24:00,8.042514,10.710571,5.7,4.14
T04,GL-4396,2026-03-21 04:25:00,8.042014,10.710485,6.4,4.23
T04,GL-4396,2026-03-21 04:26:00,8.04164,10.710396,7.6,5.07
T04,GL-4396,2026-03-21 04:27:00,8.04102,10.710248,4.2,5.4
T04,GL-4396,2026-03-21 04:28:00,8.040423,10.710214,7.1,5.26
T04,GL-4396,2026-03-21 04:29:00,8.040024,10.710183,11.4,3.35
T04,GL-4396,2026-03-21 04:30:00,8.039459,10.710144,11.9,4.25
T04,GL-4396,2026-03-21 04:31:00,8.038889,10.709997,11.6,5.12
T04,GL-4396,2026-03-21 04:32:00,8.038508,10.709821,6.3,3.03
T04,GL-4396,2026-03-21 04:33:00,8.03794,10.709748,5.1,4.71
T04,GL-4396,2026-03-21 04:34:00,8.037378,10.709794,4.2,3.13
T04,GL-4396,2026-03-21 04:35:00,8.036745,10.709662,7.5,3.39
T04,GL-4396,2026-03-21 04:36:00,8.036257,10.709599,8.0,4.85
T04,GL-4396,2026-03-21 04:37:00,8.035808,10.709519,4.2,4.41
T04,GL-4396,2026-03-21 04:38:00,8.035245,10.709507,4.0,5.53
T04,GL-4396,2026-03-21 04:39:00,8.034707,10.709466,6.0,4.08
T04,GL-4396,2026-03-21 04:40:00,8.034097,10.709343,10.8,4.6
T04,GL-4396,2026-03-21 04:41:00,8.033703,10.709196,9.0,5.44
T04,GL-4396,2026-03-21 04:42:00,8.033268,10.709182,6.2,4.84
T04,GL-4396,2026-03-21 04:43:00,8.032586,10.708963,5.8,4.98
T04,GL-4396,2026-03-21 04:44:00,8.032126,10.709069,4.0,4.48
T04,GL-4396,2026-03-21 04:45:00,8.031484,10.708912,11.0,4.59
T04,GL-4396,2026-03-21 04:46:00,8.031091,10.708821,4.2,4.4
T04,GL-4396,2026-03-21 04:47:00,8.030646,10.708723,6.7,4.57
T04,GL-4396,2026-03-21 04:48:00,8.03002,10.708622,9.1,5.02
T04,GL-4396,2026-03-21 04:49:00,8.029502,10.708535,6.0,5.12
T04,GL-4396,2026-03-21 04:50:00,8.028946,10.708554,,5.34
T04,GL-4396,2026-03-21 04:51:00,8.028448,10.708345,6.3,2.95
T04,GL-4396,2026-03-21 04:52:00,8.027805,10.708274,10.5,4.59
T04,GL-4396,2026-03-21 04:53:00,8.027535,10.708303,11.0,3.54
T04,GL-4396,2026-03-21 04:54:00,8.026805,10.708261,10.5,2.97
T04,GL-4396,2026-03-21 04:55:00,8.026261,10.708044,10.5,2.9
T04,GL-4396,2026-03-21 04:56:00,8.025823,10.708018,4.3,5.47
T04,GL-4396,2026-03-21 04:57:00,8.02536,10.707866,7.1,2.93
T04,GL-4396,2026-03-21 04:58:00,8.024754,10.707866,5.1,5.38
T04,GL-4396,2026-03-21 04:59:00,8.024266,10.707798,11.5,3.69
T04,GL-4396,2026-03-21 05:00:00,8.023716,10.707691,9.5,3.06
T04,GL-4396,2026-03-21 05:01:00,8.023162,10.707549,8.5,2.86
T04,GL-4396,2026-03-21 05:02:00,8.022692,10.707551,4.1,3.94
T04,GL-4396,2026-03-21 05:03:00,8.022044,10.707294,11.9,3.89
T04,GL-4396,2026-03-21 05:04:00,8.021536,10.707385,6.8,3.28
T04,GL-4396,2026-03-21 05:05:00,8.020986,10.707279,6.1,5.42
T04,GL-4396,2026-03-21 05:06:00,8.020558,10.707161,6.1,5.0
T04,GL-4396,2026-03-21 05:07:00,8.020059,10.707092,9.4,5.03
T04,GL-4396,2026-03-21 05:08:00,8.019475,10.707114,9.0,3.41
T04,GL-4396,2026-03-21 05:09:00,8.018982,10.70696,,4.2
T04,GL-4396,2026-03-21 05:10:00,8.018366,10.706933,4.1,3.25
T04,GL-4396,2026-03-21 05:11:00,8.017947,10.706852,8.6,5.05
T04,GL-4396,2026-03-21 05:12:00,8.017394,10.706608,10.0,5.1
T04,GL-4396,2026-03-21 05:13:00,8.016947,10.706697,11.4,5.32
T04,GL-4396,2026-03-21 05:14:00,8.016299,10.706593,6.2,5.48
T04,GL-4396,2026-03-21 05:15:00,8.015874,10.706435,6.4,4.16
T04,GL-4396,2026-03-21 05:16:00,8.015266,10.706439,9.0,5.58
T04,GL-4396,2026-03-21 05:17:00,8.014786,10.706363,7.0,3.7
T04,GL-4396,2026-03-21 05:18:00,8.014241,10.706221,4.1,4.99
T04,GL-4396,2026-03-21 05:19:00,8.013823,10.706227,10.3,4.32
T04,GL-4396,2026-03-21 05:20:00,8.013318,10.706034,6.0,4.79
T04,GL-4396,2026-03-21 05:21:00,8.012617,10.705962,8.3,3.87
T04,GL-4396,2026-03-21 05:22:00,8.012076,10.705941,11.6,5.44
T04,GL-4396,2026-03-21 05:23:00,8.01171,10.705901,7.1,4.82
T04,GL-4396,2026-03-21 05:24:00,8.011094,10.705707,9.4,3.7
T04,GL-4396,2026-03-21 05:25:00,8.010519,10.705875,4.7,3.35
T04,GL-4396,2026-03-21 05:26:00,8.010074,10.705639,6.7,4.82
T04,GL-4396,2026-03-21 05:27:00,8.009532,10.7055,5.3,2.88
T04,GL-4396,2026-03-21 05:28:00,8.009137,10.705487,10.7,3.51
T04,GL-4396,2026-03-21 05:29:00,8.008504,10.705347,8.7,2.83
T04,GL-4396,2026-03-21 05:30:00,8.007982,10.705219,6.5,4.12
T04,GL-4396,2026-03-21 05:31:00,8.007453,10.705312,8.6,2.98
T04,GL-4396,2026-03-21 05:32:00,8.00701,10.705141,7.9,3.25
T04,GL-4396,2026-03-21 05:33:00,8.006401,10.705016,9.2,5.22
T04,GL-4396,2026-03-21 05:34:00,8.005794,10.705012,10.1,4.37
T04,GL-4396,2026-03-21 05:35:00,8.005428,10.704924,7.6,3.58
T04,GL-4396,2026-03-21 05:36:00,8.004829,10.704924,4.4,3.14
T04,GL-4396,2026-03-21 05:37:00,8.004325,10.704738,9.7,3.95
T04,GL-4396,2026-03-21 05:38:00,8.003691,10.704737,7.4,4.38
T04,GL-4396,2026-03-21 05:39:00,8.003329,10.704534,4.6,4.64
T04,GL-4396,2026-03-21 05:40:00,8.002724,10.704504,7.6,4.07
T04,GL-4396,2026-03-21 05:41:00,8.002275,10.704395,9.8,5.23
T04,GL-4396,2026-03-21 05:42:00,8.001779,10.704344,10.7,4.37
T04,GL-4396,2026-03-21 05:43:00,8.001188,10.704226,8.3,3.36
T04,GL-4396,2026-03-21 05:44:00,8.000647,10.704183,8.6,5.59
T04,GL-4396,2026-03-21 05:45:00,8.000111,10.704065,6.4,3.5
T04,GL-4396,2026-03-21 05:46:00,7.99963,10.70406,4.7,3.49
T04,GL-4396,2026-03-21 05:47:00,7.999069,10.703869,10.6,4.15
T04,GL-4396,2026-03-21 05:48:00,7.998478,10.703911,9.1,4.34
T04,GL-4396,2026-03-21 05:49:00,7.998048,10.703772,10.4,3.69
T04,GL-4396,2026-03-21 05:50:00,7.997537,10.703759,11.3,4.16
T04,GL-4396,2026-03-21 05:51:00,7.997058,10.703674,,4.95
T04,GL-4396,2026-03-21 05:52:00,7.99641,10.703553,9.0,3.74
T04,GL-4396,2026-03-21 05:53:00,7.996017,10.70352,6.4,3.14
T04,GL-4396,2026-03-21 05:54:00,7.995399,10.703308,4.1,4.39
T04,GL-4396,2026-03-21 05:55:00,7.994898,10.703269,9.3,4.54
T04,GL-4396,2026-03-21 05:56:00,7.994319,10.703215,4.9,4.46
T04,GL-4396,2026-03-21 05:57:00,7.993851,10.703217,5.9,4.34
T04,GL-4396,2026-03-21 05:58:00,7.993386,10.703026,9.3,5.49
T04,GL-4396,2026-03-21 05:59:00,7.992694,10.702963,4.9,5.04
T04,GL-4396,2026-03-21 06:00:00,7.992261,10.70292,6.3,3.12
T04,GL-4396,2026-03-21 06:01:00,7.991723,10.702844,9.5,4.53
T04,GL-4396,2026-03-21 06:02:00,7.991232,10.702632,8.3,2.96
T04,GL-4396,2026-03-21 06:03:00,7.990619,10.70269,9.2,3.2
T04,GL-4396,2026-03-21 06:04:00,7.990069,10.702434,11.1,5.21
T04,GL-4396,2026-03-21 06:05:00,7.989691,10.702419,5.0,3.99
T04,GL-4396,2026-03-21 06:06:00,7.989163,10.702497,4.2,3.27
T04,GL-4396,2026-03-21 06:07:00,7.98847,10.702269,9.2,4.04
T04,GL-4396,2026-03-21 06:08:00,7.98806,10.702295,11.7,4.92
T04,GL-4396,2026-03-21 06:09:00,7.987538,10.702256,7.6,5.3
T04,GL-4396,2026-03-21 06:10:00,7.987059,10.702022,5.3,4.42
T04,GL-4396,2026-03-21 06:11:00,7.986572,10.702124,10.4,2.88
T04,GL-4396,2026-03-21 06:12:00,7.985826,10.701878,11.0,3.76
T04,GL-4396,2026-03-21 06:13:00,7.985428,10.701858,11.8,4.84
T04,GL-4396,2026-03-21 06:14:00,7.984987,10.701877,4.5,5.19
T04,GL-4396,2026-03-21 06:15:00,7.984406,10.701666,,5.02
T04,GL-4396,2026-03-21 06:16:00,7.983816,10.701689,10.4,4.71
T04,GL-4396,2026-03-21 06:17:00,7.98326,10.70153,11.1,3.53
T04,GL-4396,2026-03-21 06:18:00,7.982819,10.701332,5.6,3.54
T04,GL-4396,2026-03-21 06:19:00,7.982351,10.70136,7.0,4.68
T04,GL-4396,2026-03-21 06:20:00,7.981746,10.701251,10.4,4.5
T04,GL-4396,2026-03-21 06:21:00,7.981295,10.701276,4.8,4.19
T04,GL-4396,2026-03-21 06:22:00,7.980782,10.70115,10.0,3.01
T04,GL-4396,2026-03-21 06:23:00,7.980173,10.701132,11.1,2.96
T04,GL-4396,2026-03-21 06:24:00,7.979582,10.700918,9.8,4.34
T04,GL-4396,2026-03-21 06:25:00,7.979139,10.700819,11.2,5.55
T04,GL-4396,2026-03-21 06:26:00,7.9785,10.700823,,4.73
T04,GL-4396,2026-03-21 06:27:00,7.978126,10.700683,10.6,3.38
T04,GL-4396,2026-03-21 06:28:00,7.977605,10.700613,6.9,3.82
T04,GL-4396,2026-03-21 06:29:00,7.976937,10.700421,9.9,5.16
T04,GL-4396,2026-03-21 06:30:00,7.976616,10.700573,9.9,3.92
T04,GL-4396,2026-03-21 06:31:00,7.975894,10.700414,6.7,5.27
T04,GL-4396,2026-03-21 06:32:00,7.975425,10.70038,9.2,3.89
T04,GL-4396,2026-03-21 06:33:00,7.974928,10.700096,,3.59
T04,GL-4396,2026-03-21 06:34:00,7.974454,10.700194,7.9,4.46
T04,GL-4396,2026-03-21 06:35:00,7.973881,10.699982,6.8,3.38
T04,GL-4396,2026-03-21 06:36:00,7.973314,10.699961,11.5,3.96
T04,GL-4396,2026-03-21 06:37:00,7.972921,10.699909,6.3,4.35
T04,GL-4396,2026-03-21 06:38:00,7.972302,10.699758,10.2,3.53
T04,GL-4396,2026-03-21 06:39:00,7.971777,10.699715,9.5,4.26
T04,GL-4396,2026-03-21 06:40:00,7.971213,10.699722,8.3,4.65
T04,GL-4396,2026-03-21 06:41:00,7.970817,10.699628,6.7,3.95
T04,GL-4396,2026-03-21 06:42:00,7.970152,10.699528,4.3,3.01
T04,GL-4396,2026-03-21 06:43:00,7.969801,10.699419,10.8,2.9
T04,GL-4396,2026-03-21 06:44:00,7.969215,10.699403,7.7,4.62
T04,GL-4396,2026-03-21 06:45:00,7.968728,10.699324,8.3,5.28
T04,GL-4396,2026-03-21 06:46:00,7.968137,10.699086,8.9,4.97
T04,GL-4396,2026-03-21 06:47:00,7.967648,10.699065,8.7,3.1
T04,GL-4396,2026-03-21 06:48:00,7.967096,10.699057,11.9,4.09
T04,GL-4396,2026-03-21 06:49:00,7.966676,10.69902,4.6,5.58
T04,GL-4396,2026-03-21 06:50:00,7.966066,10.698878,12.0,3.9
T04,GL-4396,2026-03-21 06:51:00,7.96555,10.69885,4.2,5.44
T04,GL-4396,2026-03-21 06:52:00,7.964976,10.698766,10.1,3.01
T04,GL-4396,2026-03-21 06:53:00,7.964571,10.698736,4.9,5.27
T04,GL-4396,2026-03-21 06:54:00,7.963937,10.698543,4.3,2.92
T04,GL-4396,2026-03-21 06:55:00,7.963567,10.698487,8.7,3.46
T04,GL-4396,2026-03-21 06:56:00,7.962964,10.69839,10.7,4.05
T04,GL-4396,2026-03-21 06:57:00,7.962395,10.69829,6.8,3.05
T04,GL-4396,2026-03-21 06:58:00,7.961796,10.698289,5.8,5.54
T04,GL-4396,2026-03-21 06:59:00,7.961341,10.698211,7.8,3.19
T04,GL-4396,2026-03-21 07:00:00,7.960856,10.698079,6.3,4.61
T04,GL-4396,2026-03-21 07:01:00,7.96026,10.698057,10.0,4.9
T04,GL-4396,2026-03-21 07:02:00,7.959779,10.697876,5.0,4.09
T04,GL-4396,2026-03-21 07:03:00,7.959284,10.69789,7.4,2.86
T04,GL-4396,2026-03-21 07:04:00,7.958651,10.697704,4.4,4.78
T04,GL-4396,2026-03-21 07:05:00,7.958237,10.697669,11.4,4.35
T04,GL-4396,2026-03-21 07:06:00,7.957705,10.697556,6.7,4.25
T04,GL-4396,2026-03-21 07:07:00,7.957131,10.697532,5.4,5.25
T04,GL-4396,2026-03-21 07:08:00,7.956625,10.697507,4.5,4.24
T04,GL-4396,2026-03-21 07:09:00,7.956014,10.697313,11.6,5.48
T04,GL-4396,2026-03-21 07:10:00,7.955494,10.697405,5.1,2.84
T04,GL-4396,2026-03-21 07:11:00,7.955049,10.697137,6.6,3.2
T04,GL-4396,2026-03-21 07:12:00,7.954516,10.697209,6.9,4.26
T04,GL-4396,2026-03-21 07:13:00,7.95388,10.697031,11.2,5.12
T04,GL-4396,2026-03-21 07:14:00,7.953529,10.696929,5.2,4.42
T04,GL-4396,2026-03-21 07:15:00,7.952904,10.696889,,4.74
T04,GL-4396,2026-03-21 07:16:00,7.952414,10.6968,4.2,5.22
T04,GL-4396,2026-03-21 07:17:00,7.952021,10.696672,8.5,2.97
T04,GL-4396,2026-03-21 07:18:00,7.951404,10.696644,9.1,4.09
T04,GL-4396,2026-03-21 07:19:00,7.950817,10.696611,8.4,3.89
T04,GL-4396,2026-03-21 07:20:00,7.950351,10.696441,5.5,3.28
T04,GL-4396,2026-03-21 07:21:00,7.949845,10.696299,10.4,4.76
T04,GL-4396,2026-03-21 07:22:00,7.949344,10.696321,6.2,5.59
T04,GL-4396,2026-03-21 07:23:00,7.948728,10.696234,7.3,3.14
T04,GL-4396,2026-03-21 07:24:00,7.948205,10.696092,4.6,3.23
T04,GL-4396,2026-03-21 07:25:00,7.947734,10.696066,9.2,3.74
T04,GL-4396,2026-03-21 07:26:00,7.947194,10.696012,7.3,3.36
T04,GL-4396,2026-03-21 07:27:00,7.946627,10.695988,5.0,3.99
T04,GL-4396,2026-03-21 07:28:00,7.946104,10.695885,8.6,4.92
T04,GL-4396,2026-03-21 07:29:00,7.945694,10.695716,6.4,3.1
T04,GL-4396,2026-03-21 07:30:00,7.9452,10.695631,7.8,4.26
T04,GL-4396,2026-03-21 07:31:00,7.944585,10.69562,9.7,2.86
T04,GL-4396,2026-03-21 07:32:00,7.944088,10.69551,6.1,3.34
T04,GL-4396,2026-03-21 07:33:00,7.943434,10.695455,9.7,3.39
T04,GL-4396,2026-03-21 07:34:00,7.942988,10.695254,7.0,4.9
T04,GL-4396,2026-03-21 07:35:00,7.942476,10.695252,5.8,4.72
T04,GL-4396,2026-03-21 07:36:00,7.941969,10.695224,8.3,2.88
T04,GL-4396,2026-03-21 07:37:00,7.941437,10.695102,11.5,3.1
T04,GL-4396,2026-03-21 07:38:00,7.940972,10.694994,9.4,4.76
T04,GL-4396,2026-03-21 07:39:00,7.940386,10.694969,4.3,3.06
T04,GL-4396,2026-03-21 07:40:00,7.939877,10.694847,4.3,3.6
T04,GL-4396,2026-03-21 07:41:00,7.939261,10.694686,11.6,3.72
T04,GL-4396,2026-03-21 07:42:00,7.938784,10.694632,11.4,3.02
T04,GL-4396,2026-03-21 07:43:00,7.938275,10.694779,4.7,5.06
T04,GL-4396,2026-03-21 07:44:00,7.937725,10.694562,4.4,2.91
T04,GL-4396,2026-03-21 07:45:00,7.93726,10.694388,10.9,3.76
T04,GL-4396,2026-03-21 07:46:00,7.936656,10.694323,10.4,4.46
T04,GL-4396,2026-03-21 07:47:00,7.936229,10.694346,9.2,2.82
T04,GL-4396,2026-03-21 07:48:00,7.935636,10.694258,7.1,3.53
T04,GL-4396,2026-03-21 07:49:00,7.935254,10.694257,10.1,5.33
T04,GL-4396,2026-03-21 07:50:00,7.934638,10.693986,8.6,4.2
T04,GL-4396,2026-03-21 07:51:00,7.988715,10.694016,7.3,233.7
T04,GL-4396,2026-03-21 07:52:00,7.93352,10.693952,7.1,3.06
T04,GL-4396,2026-03-21 07:53:00,7.933136,10.6938,4.1,4.88
T04,GL-4396,2026-03-21 07:54:00,7.932454,10.693732,8.6,4.64
T04,GL-4396,2026-03-21 07:55:00,7.931989,10.693765,4.3,3.75
T04,GL-4396,2026-03-21 07:56:00,7.931396,10.693607,7.2,5.26
T04,GL-4396,2026-03-21 07:57:00,7.93088,10.693417,12.0,3.47
T04,GL-4396,2026-03-21 07:58:00,7.930366,10.693418,9.9,5.03
T04,GL-4396,2026-03-21 07:59:00,7.92992,10.693293,,4.15
T04,GL-4396,2026-03-21 08:00:00,7.929445,10.69323,11.7,4.15
T04,GL-4396,2026-03-21 08:01:00,7.928858,10.693156,9.4,3.83
T04,GL-4396,2026-03-21 08:02:00,7.928193,10.693104,7.4,4.45
T04,GL-4396,2026-03-21 08:03:00,7.927844,10.69303,8.6,4.49
T04,GL-4396,2026-03-21 08:04:00,7.927293,10.692934,6.5,4.26
T04,GL-4396,2026-03-21 08:05:00,7.926822,10.69293,10.6,4.84
T04,GL-4396,2026-03-21 08:06:00,7.926194,10.692807,5.3,3.44
T04,GL-4396,2026-03-21 08:07:00,7.925651,10.692684,7.5,2.98
T04,GL-4396,2026-03-21 08:08:00,7.925287,10.692554,5.7,3.15
T04,GL-4396,2026-03-21 08:09:00,7.924744,10.69254,9.7,4.72
T04,GL-4396,2026-03-21 08:10:00,7.924179,10.692437,5.7,3.86
T04,GL-4396,2026-03-21 08:11:00,7.923492,10.692376,4.0,5.52
T04,GL-4396,2026-03-21 08:12:00,7.923093,10.692338,10.1,4.6
T04,GL-4396,2026-03-21 08:13:00,7.922604,10.692295,7.7,3.13
T04,GL-4396,2026-03-21 08:14:00,7.922034,10.692202,10.3,3.42
T04,GL-4396,2026-03-21 08:15:00,7.921499,10.692013,9.1,3.24
T04,GL-4396,2026-03-21 08:16:00,7.920966,10.691939,8.6,4.64
T04,GL-4396,2026-03-21 08:17:00,7.920525,10.691845,9.1,3.77
T04,GL-4396,2026-03-21 08:18:00,7.91994,10.691852,11.7,5.27
T04,GL-4396,2026-03-21 08:19:00,7.919467,10.691874,5.3,4.17
T04,GL-4396,2026-03-21 08:20:00,7.918858,10.691694,4.1,5.06
T04,GL-4396,2026-03-21 08:21:00,7.918299,10.691694,5.4,2.92
T04,GL-4396,2026-03-21 08:22:00,7.917947,10.691414,5.3,3.06
T04,GL-4396,2026-03-21 08:23:00,7.917308,10.691487,8.5,2.98
T04,GL-4396,2026-03-21 08:24:00,7.916872,10.691388,4.7,4.28
T04,GL-4396,2026-03-21 08:25:00,7.916337,10.691378,8.9,4.98
T04,GL-4396,2026-03-21 08:26:00,7.915839,10.691121,4.8,3.92
T04,GL-4396,2026-03-21 08:27:00,7.915311,10.691081,4.5,5.4
T04,GL-4396,2026-03-21 08:28:00,7.914687,10.691069,9.1,4.85
T04,GL-4396,2026-03-21 08:29:00,7.914242,10.690963,8.5,5.0
T04,GL-4396,2026-03-21 08:30:00,7.91358,10.690822,9.1,4.0
T04,GL-4396,2026-03-21 08:31:00,7.913174,10.690825,6.8,3.51
T04,GL-4396,2026-03-21 08:32:00,7.912698,10.690823,7.7,3.15
T04,GL-4396,2026-03-21 08:33:00,7.912057,10.690701,9.1,5.28
T04,GL-4396,2026-03-21 08:34:00,7.911606,10.690688,8.3,4.05
T04,GL-4396,2026-03-21 08:35:00,7.911051,10.690366,8.1,4.28
T04,GL-4396,2026-03-21 08:36:00,7.910452,10.690384,9.0,4.73
T04,GL-4396,2026-03-21 08:37:00,7.910017,10.690401,7.9,4.52
T04,GL-4396,2026-03-21 08:38:00,7.909492,10.69025,11.1,3.42
T04,GL-4396,2026-03-21 08:39:00,7.909097,10.690129,6.3,5.15
T04,GL-4396,2026-03-21 08:40:00,7.908433,10.690026,6.9,4.47
T04,GL-4396,2026-03-21 08:41:00,7.90799,10.690026,8.4,4.96
T04,GL-4396,2026-03-21 08:42:00,7.907373,10.690007,8.5,2.96
T04,GL-4396,2026-03-21 08:43:00,7.906724,10.68981,9.5,3.37
T04,GL-4396,2026-03-21 08:44:00,7.906302,10.689729,6.0,3.36
T04,GL-4396,2026-03-21 08:45:00,7.905812,10.68971,11.5,3.91
T04,GL-4396,2026-03-21 08:46:00,7.905245,10.689573,6.7,4.48
T04,GL-4396,2026-03-21 08:47:00,7.904807,10.689585,7.3,2.87
T04,GL-4396,2026-03-21 08:48:00,7.90424,10.689326,7.3,3.25
T04,GL-4396,2026-03-21 08:49:00,7.903697,10.689375,11.7,4.84
T04,GL-4396,2026-03-21 08:50:00,7.903259,10.689189,11.0,5.13
T04,GL-4396,2026-03-21 08:51:00,7.902732,10.689133,9.1,2.93
T04,GL-4396,2026-03-21 08:52:00,7.902172,10.689081,10.0,5.36
T04,GL-4396,2026-03-21 08:53:00,7.901603,10.689146,12.0,3.56
T04,GL-4396,2026-03-21 08:54:00,7.901009,10.688974,6.6,4.03
T04,GL-4396,2026-03-21 08:55:00,7.900584,10.688951,8.9,3.67
T04,GL-4396,2026-03-21 08:56:00,7.89994,10.688772,9.5,4.71
T04,GL-4396,2026-03-21 08:57:00,7.899598,10.688732,10.8,3.35
T04,GL-4396,2026-03-21 08:58:00,7.898947,10.688626,5.8,4.11
T04,GL-4396,2026-03-21 08:59:00,7.898508,10.688653,7.3,3.38
T04,GL-4396,2026-03-21 09:00:00,7.898021,10.688375,4.5,4.0
T04,GL-4396,2026-03-21 09:01:00,7.897448,10.688376,4.7,5.19
T04,GL-4396,2026-03-21 09:02:00,7.896921,10.688346,6.5,4.99
T04,GL-4396,2026-03-21 09:03:00,7.896365,10.688196,6.8,3.79
T04,GL-4396,2026-03-21 09:04:00,7.895779,10.688173,8.1,4.73
T04,GL-4396,2026-03-21 09:05:00,7.895231,10.688009,5.8,5.07
T04,GL-4396,2026-03-21 09:06:00,7.89474,10.687934,8.1,5.02
T04,GL-4396,2026-03-21 09:07:00,7.894265,10.687812,9.6,4.29
T04,GL-4396,2026-03-21 09:08:00,7.893768,10.68792,4.9,4.47
T04,GL-4396,2026-03-21 09:09:00,7.893173,10.687836,11.9,3.13
T04,GL-4396,2026-03-21 09:10:00,7.892676,10.687689,7.5,5.44
T04,GL-4396,2026-03-21 09:11:00,7.892088,10.68762,,3.99
T04,GL-4396,2026-03-21 09:12:00,7.89161,10.687486,4.1,4.71
T04,GL-4396,2026-03-21 09:13:00,7.891049,10.687412,11.6,5.22
T04,GL-4396,2026-03-21 09:14:00,7.890644,10.687337,5.6,3.62
T04,GL-4396,2026-03-21 09:15:00,7.890194,10.687311,5.6,3.6
T04,GL-4396,2026-03-21 09:16:00,7.889517,10.687186,8.3,4.11
T04,GL-4396,2026-03-21 09:17:00,7.889183,10.687167,10.3,5.26
T04,GL-4396,2026-03-21 09:18:00,7.88855,10.687007,7.2,3.53
T04,GL-4396,2026-03-21 09:19:00,7.887971,10.687005,7.9,3.72
T04,GL-4396,2026-03-21 09:20:00,7.887498,10.686804,7.8,4.81
T04,GL-4396,2026-03-21 09:21:00,7.886952,10.68671,6.8,4.58
T04,GL-4396,2026-03-21 09:22:00,7.886357,10.686715,7.7,5.5
T04,GL-4396,2026-03-21 09:23:00,7.885986,10.686671,5.3,2.91
T04,GL-4396,2026-03-21 09:24:00,7.885302,10.686511,10.0,5.02
T04,GL-4396,2026-03-21 09:25:00,7.884766,10.686456,6.7,2.87
T04,GL-4396,2026-03-21 09:26:00,7.884311,10.686395,5.5,4.9
T04,GL-4396,2026-03-21 09:27:00,7.883815,10.686363,5.2,4.61
T04,GL-4396,2026-03-21 09:28:00,7.883305,10.686265,8.7,3.39
T04,GL-4396,2026-03-21 09:29:00,7.882733,10.686198,6.8,2.97
T04,GL-4396,2026-03-21 09:30:00,7.882404,10.686088,8.4,3.73
T04,GL-4396,2026-03-21 09:31:00,7.881662,10.68602,8.0,4.24
T04,GL-4396,2026-03-21 09:32:00,7.881221,10.685853,5.1,3.39
T04,GL-4396,2026-03-21 09:33:00,7.880622,10.68596,8.5,3.48
T04,GL-4396,2026-03-21 09:34:00,7.879992,10.685707,10.7,5.6
T04,GL-4396,2026-03-21 09:35:00,7.879527,10.685615,8.5,4.62
T04,GL-4396,2026-03-21 09:36:00,7.879107,10.685718,8.0,3.06
T04,GL-4396,2026-03-21 09:37:00,7.878536,10.685584,6.8,3.88
T04,GL-4396,2026-03-21 09:38:00,7.878052,10.685371,4.9,5.49
T04,GL-4396,2026-03-21 09:39:00,7.877471,10.68541,10.3,5.28
T04,GL-4396,2026-03-21 09:40:00,7.876924,10.685272,7.8,4.42
T04,GL-4396,2026-03-21 09:41:00,7.876351,10.685267,10.6,3.97
T04,GL-4396,2026-03-21 09:42:00,7.875834,10.685183,10.5,3.64
T04,GL-4396,2026-03-21 09:43:00,7.875478,10.685014,6.6,5.59
T04,GL-4396,2026-03-21 09:44:00,7.874816,10.684831,4.7,3.16
T04,GL-4396,2026-03-21 09:45:00,7.874372,10.684962,9.3,4.75
T04,GL-4396,2026-03-21 09:46:00,7.873796,10.684747,10.0,5.33
T04,GL-4396,2026-03-21 09:47:00,7.873271,10.6847,11.3,4.93
T04,GL-4396,2026-03-21 09:48:00,7.872865,10.684539,6.0,3.23
T04,GL-4396,2026-03-21 09:49:00,7.872306,10.684505,4.1,3.93
T04,GL-4396,2026-03-21 09:50:00,7.871717,10.684535,8.9,3.89
T04,GL-4396,2026-03-21 09:51:00,7.871064,10.684347,6.7,3.34
T04,GL-4396,2026-03-21 09:52:00,7.870637,10.684327,11.1,4.35
T04,GL-4396,2026-03-21 09:53:00,7.870134,10.684184,5.9,4.72
T04,GL-4396,2026-03-21 09:54:00,7.869665,10.684152,10.2,4.69
T04,GL-4396,2026-03-21 09:55:00,7.869091,10.684068,7.1,5.26
T04,GL-4396,2026-03-21 09:56:00,7.868644,10.684098,7.9,4.47
T04,GL-4396,2026-03-21 09:57:00,7.867942,10.683825,8.0,4.72
T04,GL-4396,2026-03-21 09:58:00,7.867507,10.683865,5.7,5.01
T04,GL-4396,2026-03-21 09:59:00,7.86694,10.683642,6.0,3.21
T04,GL-4396,2026-03-21 10:00:00,7.866509,10.683612,8.8,3.45
T04,GL-4396,2026-03-21 10:01:00,7.866006,10.683456,10.5,4.63
T04,GL-4396,2026-03-21 10:02:00,7.865362,10.683527,10.6,4.17
T04,GL-4396,2026-03-21 10:03:00,7.864908,10.683388,5.7,3.62
T04,GL-4396,2026-03-21 10:04:00,7.86449,10.683302,7.0,3.95
T04,GL-4396,2026-03-21 10:05:00,7.863881,10.683215,10.2,3.55
T04,GL-4396,2026-03-21 10:06:00,7.863309,10.683289,11.1,5.52
T04,GL-4396,2026-03-21 10:07:00,7.862926,10.683142,12.0,2.97
T04,GL-4396,2026-03-21 10:08:00,7.862365,10.682927,5.1,3.02
T04,GL-4396,2026-03-21 10:09:00,7.861712,10.682968,9.1,3.4
T04,GL-4396,2026-03-21 10:10:00,7.861199,10.682808,4.6,4.55
T04,GL-4396,2026-03-21 10:11:00,7.860807,10.682767,9.5,4.1
T04,GL-4396,2026-03-21 10:12:00,7.860118,10.682659,4.6,4.83
T04,GL-4396,2026-03-21 10:13:00,7.859712,10.682643,8.6,4.24
T04,GL-4396,2026-03-21 10:14:00,7.859061,10.682576,9.7,4.18
T04,GL-4396,2026-03-21 10:15:00,7.858676,10.682331,9.0,3.73
T04,GL-4396,2026-03-21 10:16:00,7.85802,10.682282,11.6,4.58
T04,GL-4396,2026-03-21 10:17:00,7.857557,10.682319,7.6,4.07
T04,GL-4396,2026-03-21 10:18:00,7.857146,10.682105,6.9,5.05
T04,GL-4396,2026-03-21 10:19:00,7.856538,10.682124,7.4,4.15
T04,GL-4396,2026-03-21 10:20:00,7.856033,10.68207,4.8,4.43
T04,GL-4396,2026-03-21 10:21:00,7.855447,10.682021,5.7,4.83
T04,GL-4396,2026-03-21 10:22:00,7.854957,10.681918,5.3,3.4
T04,GL-4396,2026-03-21 10:23:00,7.854534,10.68176,5.0,5.37
T04,GL-4396,2026-03-21 10:24:00,7.853878,10.681738,5.1,5.06
T04,GL-4396,2026-03-21 10:25:00,7.853346,10.681608,8.3,3.3
T04,GL-4396,2026-03-21 10:26:00,7.852958,10.681602,9.0,3.41
T04,GL-4396,2026-03-21 10:27:00,7.852298,10.68146,11.4,3.82
T04,GL-4396,2026-03-21 10:28:00,7.851907,10.681425,11.9,4.28
T04,GL-4396,2026-03-21 10:29:00,7.851358,10.681352,7.3,3.1
T04,GL-4396,2026-03-21 10:30:00,7.850835,10.681266,4.7,5.0
T04,GL-4396,2026-03-21 10:31:00,7.850257,10.681148,11.0,3.5
T04,GL-4396,2026-03-21 10:32:00,7.8497,10.680994,6.7,5.37
T04,GL-4396,2026-03-21 10:33:00,7.849148,10.680941,10.8,5.0
T04,GL-4396,2026-03-21 10:34:00,7.848686,10.681102,7.9,4.65
T04,GL-4396,2026-03-21 10:35:00,7.848216,10.680813,12.0,3.83
T04,GL-4396,2026-03-21 10:36:00,7.847602,10.680831,11.1,3.07
T04,GL-4396,2026-03-21 10:37:00,7.847046,10.680727,10.1,3.21
T04,GL-4396,2026-03-21 10:38:00,7.846459,10.680622,6.8,3.19
T04,GL-4396,2026-03-21 10:39:00,7.845978,10.680556,8.7,3.94
T04,GL-4396,2026-03-21 10:40:00,7.845473,10.680495,10.0,3.41
T04,GL-4396,2026-03-21 10:41:00,7.844946,10.680345,10.3,5.4
T04,GL-4396,2026-03-21 10:42:00,7.844484,10.680254,7.4,3.14
T04,GL-4396,2026-03-21 10:43:00,7.844062,10.680125,11.2,3.11
T04,GL-4396,2026-03-21 10:44:00,7.843414,10.680026,10.8,3.07
T04,GL-4396,2026-03-21 10:45:00,7.842802,10.680076,8.9,3.73
T04,GL-4396,2026-03-21 10:46:00,7.842446,10.680027,6.7,5.58
T04,GL-4396,2026-03-21 10:47:00,7.841892,10.679945,8.5,5.21
T04,GL-4396,2026-03-21 10:48:00,7.841347,10.679796,9.3,4.93
T04,GL-4396,2026-03-21 10:49:00,7.840717,10.679801,8.5,3.64
T04,GL-4396,2026-03-21 10:50:00,7.840335,10.679629,5.8,5.3
T04,GL-4396,2026-03-21 10:51:00,7.839705,10.679597,8.3,3.52
T04,GL-4396,2026-03-21 10:52:00,7.839313,10.67954,5.6,5.18
T04,GL-4396,2026-03-21 10:53:00,7.838794,10.679382,11.6,3.22
T04,GL-4396,2026-03-21 10:54:00,7.838181,10.679286,7.1,3.95
T04,GL-4396,2026-03-21 10:55:00,7.837628,10.679233,11.5,3.98
T04,GL-4396,2026-03-21 10:56:00,7.83711,10.6792,11.4,3.57
T04,GL-4396,2026-03-21 10:57:00,7.836628,10.679063,9.0,4.69
T04,GL-4396,2026-03-21 10:58:00,7.836223,10.679084,6.4,5.46
T04,GL-4396,2026-03-21 10:59:00,7.835653,10.67894,7.0,3.43
T04,GL-4396,2026-03-21 11:00:00,7.835026,10.678827,8.4,3.84
T04,GL-4396,2026-03-21 11:01:00,7.834688,10.67875,8.2,3.07
T04,GL-4396,2026-03-21 11:02:00,7.833955,10.678723,5.7,3.59
T04,GL-4396,2026-03-21 11:03:00,7.833494,10.678667,9.6,3.17
T04,GL-4396,2026-03-21 11:04:00,7.832974,10.678605,6.9,3.97
T04,GL-4396,2026-03-21 11:05:00,7.832393,10.678547,11.5,2.92
T04,GL-4396,2026-03-21 11:06:00,7.83194,10.67839,4.3,3.83
T04,GL-4396,2026-03-21 11:07:00,7.831396,10.678148,7.6,4.29
T04,GL-4396,2026-03-21 11:08:00,7.830888,10.678187,5.4,5.34
T04,GL-4396,2026-03-21 11:09:00,7.830381,10.678212,6.2,3.81
T04,GL-4396,2026-03-21 11:10:00,7.829941,10.678036,11.4,3.14
T04,GL-4396,2026-03-21 11:11:00,7.65758,10.6779,9.1,214.71
T04,GL-4396,2026-03-21 11:12:00,7.828816,10.677931,6.0,4.04
T04,GL-4396,2026-03-21 11:13:00,7.828346,10.677806,5.9,3.9
T04,GL-4396,2026-03-21 11:14:00,7.827797,10.677688,6.9,4.98
T04,GL-4396,2026-03-21 11:15:00,7.827095,10.677498,9.5,4.77
T04,GL-4396,2026-03-21 11:16:00,7.826635,10.677502,10.1,4.4
T04,GL-4396,2026-03-21 11:17:00,7.826147,10.677464,6.0,4.61
T04,GL-4396,2026-03-21 11:18:00,7.825687,10.677479,9.0,4.77
T04,GL-4396,2026-03-21 11:19:00,7.825111,10.677262,8.8,4.7
T04,GL-4396,2026-03-21 11:20:00,7.824557,10.677219,4.9,3.43
T04,GL-4396,2026-03-21 11:21:00,7.82407,10.677315,6.6,4.22
T04,GL-4396,2026-03-21 11:22:00,7.823557,10.677062,4.2,3.23
T04,GL-4396,2026-03-21 11:23:00,7.822979,10.677098,7.8,3.72
T04,GL-4396,2026-03-21 11:24:00,7.822469,10.676984,6.8,4.89
T04,GL-4396,2026-03-21 11:25:00,7.821975,10.676717,9.4,4.33
T04,GL-4396,2026-03-21 11:26:00,7.821344,10.6768,7.9,4.53
T04,GL-4396,2026-03-21 11:27:00,7.820821,10.676664,5.0,3.56
T04,GL-4396,2026-03-21 11:28:00,7.820268,10.676543,7.9,5.36
T04,GL-4396,2026-03-21 11:29:00,7.589596,10.676566,4.4,464.21
T04,GL-4396,2026-03-21 11:30:00,7.819218,10.676406,11.2,4.88
T04,GL-4396,2026-03-21 11:31:00,7.81881,10.676449,10.3,3.83
T04,GL-4396,2026-03-21 11:32:00,7.818381,10.676352,4.5,3.5
T04,GL-4396,2026-03-21 11:33:00,7.817731,10.676189,9.9,4.12
T04,GL-4396,2026-03-21 11:34:00,7.817246,10.676071,4.1,4.35
T04,GL-4396,2026-03-21 11:35:00,7.816765,10.676067,5.6,3.57
T04,GL-4396,2026-03-21 11:36:00,7.816115,10.676027,4.8,5.11
T04,GL-4396,2026-03-21 11:37:00,7.815632,10.67592,7.1,2.92
T04,GL-4396,2026-03-21 11:38:00,7.815175,10.675741,7.0,5.03
T04,GL-4396,2026-03-21 11:39:00,7.814635,10.675713,11.8,5.34
T04,GL-4396,2026-03-21 11:40:00,7.8141,10.675668,6.3,3.88
T04,GL-4396,2026-03-21 11:41:00,7.813492,10.67553,8.6,4.42
T04,GL-4396,2026-03-21 11:42:00,7.813131,10.675388,,4.67
T04,GL-4396,2026-03-21 11:43:00,7.812464,10.675352,4.8,4.24
T04,GL-4396,2026-03-21 11:44:00,7.812039,10.675425,5.3,3.97
T04,GL-4396,2026-03-21 11:45:00,7.811441,10.67509,7.8,3.03
T04,GL-4396,2026-03-21 11:46:00,7.810955,10.67515,11.1,4.32
T04,GL-4396,2026-03-21 11:47:00,7.810498,10.67503,10.2,4.11
T04,GL-4396,2026-03-21 11:48:00,7.809948,10.674956,4.5,3.67
T04,GL-4396,2026-03-21 11:49:00,7.809378,10.674961,6.3,2.82
T04,GL-4396,2026-03-21 11:50:00,7.808894,10.674843,7.6,4.98
T04,GL-4396,2026-03-21 11:51:00,7.808408,10.674695,9.8,2.81
T04,GL-4396,2026-03-21 11:52:00,7.80781,10.674656,5.5,3.82
T04,GL-4396,2026-03-21 11:53:00,7.807259,10.67456,4.5,3.45
T04,GL-4396,2026-03-21 11:54:00,7.806778,10.67448,,4.92
T04,GL-4396,2026-03-21 11:55:00,7.806291,10.674421,5.6,3.03
T04,GL-4396,2026-03-21 11:56:00,7.805832,10.674398,5.5,3.02
T04,GL-4396,2026-03-21 11:57:00,7.805098,10.674175,8.8,4.9
T04,GL-4396,2026-03-21 11:58:00,7.804704,10.67411,9.1,4.11
T04,GL-4396,2026-03-21 11:59:00,7.804069,10.674111,11.2,2.99
T04,GL-4396,2026-03-21 12:00:00,7.803694,10.674127,6.4,4.9
T04,GL-4396,2026-03-21 12:01:00,7.803116,10.673947,8.2,3.27
T04,GL-4396,2026-03-21 12:02:00,7.802546,10.673797,5.6,5.5
T04,GL-4396,2026-03-21 12:03:00,7.801883,10.673777,9.7,4.66
T04,GL-4396,2026-03-21 12:04:00,7.801555,10.673658,10.2,3.84
T04,GL-4396,2026-03-21 12:05:00,7.801017,10.673619,7.9,3.55
T04,GL-4396,2026-03-21 12:06:00,7.800446,10.673565,7.7,3.45
T04,GL-4396,2026-03-21 12:07:00,7.800002,10.673588,8.7,3.36
T04,GL-4396,2026-03-21 12:08:00,7.799383,10.673498,4.2,4.85
T04,GL-4396,2026-03-21 12:09:00,7.798853,10.673335,11.3,5.19
T04,GL-4396,2026-03-21 12:10:00,7.798338,10.673191,6.3,3.47
T04,GL-4396,2026-03-21 12:11:00,7.797765,10.673117,8.0,5.29
T04,GL-4396,2026-03-21 12:12:00,7.797282,10.673043,10.8,4.07
T04,GL-4396,2026-03-21 12:13:00,7.796932,10.672945,,5.5
T04,GL-4396,2026-03-21 12:14:00,7.79631,10.672823,10.5,3.78
T04,GL-4396,2026-03-21 12:15:00,7.795783,10.672864,6.1,3.38
T04,GL-4396,2026-03-21 12:16:00,7.795228,10.672688,9.4,3.11
T04,GL-4396,2026-03-21 12:17:00,7.794728,10.672618,9.2,4.33
T04,GL-4396,2026-03-21 12:18:00,7.794218,10.672493,4.4,4.7
T04,GL-4396,2026-03-21 12:19:00,7.793667,10.672537,11.4,3.91
T04,GL-4396,2026-03-21 12:20:00,7.793163,10.672513,9.9,3.39
T04,GL-4396,2026-03-21 12:21:00,7.792589,10.672317,9.0,3.17
T04,GL-4396,2026-03-21 12:22:00,7.792079,10.672331,7.9,4.21
T04,GL-4396,2026-03-21 12:23:00,7.79154,10.672133,6.1,4.37
T04,GL-4396,2026-03-21 12:24:00,7.791091,10.672078,6.7,4.74
T04,GL-4396,2026-03-21 12:25:00,7.790466,10.672034,5.9,3.99
T04,GL-4396,2026-03-21 12:26:00,7.790062,10.671966,11.0,5.1
T04,GL-4396,2026-03-21 12:27:00,7.789498,10.6719,6.7,4.98
T04,GL-4396,2026-03-21 12:28:00,7.788914,10.671785,5.1,5.09
T04,GL-4396,2026-03-21 12:29:00,7.788401,10.671661,10.9,4.13
T04,GL-4396,2026-03-21 12:30:00,7.787909,10.671589,9.8,2.99
T04,GL-4396,2026-03-21 12:31:00,7.787444,10.671596,10.1,3.43
T04,GL-4396,2026-03-21 12:32:00,7.786903,10.671398,11.0,4.58
T04,GL-4396,2026-03-21 12:33:00,7.786238,10.671507,11.2,5.29
T04,GL-4396,2026-03-21 12:34:00,7.785792,10.671335,9.3,4.18
T04,GL-4396,2026-03-21 12:35:00,7.785215,10.671291,6.9,4.08
T04,GL-4396,2026-03-21 12:36:00,7.784729,10.67129,10.4,2.99
T04,GL-4396,2026-03-21 12:37:00,7.784256,10.67101,4.1,5.08
T04,GL-4396,2026-03-21 12:38:00,7.783707,10.67093,10.4,5.09
T04,GL-4396,2026-03-21 12:39:00,7.783107,10.670776,9.7,3.26
T04,GL-4396,2026-03-21 12:40:00,7.782608,10.670783,9.5,4.57
T04,GL-4396,2026-03-21 12:41:00,7.782215,10.670669,8.3,4.01
T04,GL-4396,2026-03-21 12:42:00,7.781514,10.670752,11.2,2.85
T04,GL-4396,2026-03-21 12:43:00,7.781092,10.670638,8.2,3.03
T04,GL-4396,2026-03-21 12:44:00,7.780535,10.670478,7.9,3.79
T04,GL-4396,2026-03-21 12:45:00,7.780008,10.670432,5.8,4.92
T04,GL-4396,2026-03-21 12:46:00,7.779534,10.67038,4.3,3.55
T04,GL-4396,2026-03-21 12:47:00,7.778968,10.670272,8.7,5.53
T04,GL-4396,2026-03-21 12:48:00,7.778514,10.670157,9.3,3.53
T04,GL-4396,2026-03-21 12:49:00,7.777833,10.670133,7.3,4.64
T04,GL-4396,2026-03-21 12:50:00,7.777303,10.670045,7.3,4.17
T04,GL-4396,2026-03-21 12:51:00,7.776904,10.669879,9.4,5.55
T04,GL-4396,2026-03-21 12:52:00,7.776252,10.669885,10.9,4.6
T04,GL-4396,2026-03-21 12:53:00,7.775839,10.669727,6.3,4.82
T04,GL-4396,2026-03-21 12:54:00,7.775288,10.669725,4.8,2.9
T04,GL-4396,2026-03-21 12:55:00,7.774738,10.669688,9.0,3.8
T04,GL-4396,2026-03-21 12:56:00,7.774369,10.669576,6.3,4.35
T04,GL-4396,2026-03-21 12:57:00,7.773689,10.669442,11.6,4.58
T04,GL-4396,2026-03-21 12:58:00,7.773325,10.669305,7.0,3.16
T04,GL-4396,2026-03-21 12:59:00,7.772625,10.669232,10.6,5.19
T04,GL-4396,2026-03-21 13:00:00,7.772171,10.669228,5.3,5.47
T04,GL-4396,2026-03-21 13:01:00,7.771655,10.66916,11.0,3.35
T04,GL-4396,2026-03-21 13:02:00,7.771118,10.669037,8.8,3.08
T04,GL-4396,2026-03-21 13:03:00,7.770544,10.66894,6.5,4.87
T04,GL-4396,2026-03-21 13:04:00,7.770125,10.668836,10.2,5.08
T04,GL-4396,2026-03-21 13:05:00,7.769597,10.668831,8.0,4.52
T04,GL-4396,2026-03-21 13:06:00,7.769041,10.668805,8.5,3.89
T04,GL-4396,2026-03-21 13:07:00,7.768536,10.66868,9.7,3.72
T04,GL-4396,2026-03-21 13:08:00,7.767921,10.668627,10.1,4.67
T04,GL-4396,2026-03-21 13:09:00,7.767633,10.668484,7.7,3.06
T04,GL-4396,2026-03-21 13:10:00,7.766997,10.668367,5.0,4.34
T04,GL-4396,2026-03-21 13:11:00,7.76629,10.668425,7.5,5.44
T04,GL-4396,2026-03-21 13:12:00,7.765871,10.668294,10.9,3.75
T04,GL-4396,2026-03-21 13:13:00,7.765388,10.668166,9.0,3.66
T04,GL-4396,2026-03-21 13:14:00,7.76481,10.668146,6.3,3.35
T04,GL-4396,2026-03-21 13:15:00,7.764339,10.667982,,5.14
T04,GL-4396,2026-03-21 13:16:00,7.763755,10.667934,6.3,5.24
T04,GL-4396,2026-03-21 13:17:00,7.76318,10.667902,4.9,3.4
T04,GL-4396,2026-03-21 13:18:00,7.762731,10.667796,,4.9
T04,GL-4396,2026-03-21 13:19:00,7.762281,10.667798,4.1,3.36
T04,GL-4396,2026-03-21 13:20:00,7.761748,10.667589,4.8,4.26
T04,GL-4396,2026-03-21 13:21:00,7.761062,10.667471,7.8,4.43
T04,GL-4396,2026-03-21 13:22:00,7.760681,10.667409,8.3,3.44
T04,GL-4396,2026-03-21 13:23:00,7.760189,10.667351,5.9,3.56
T04,GL-4396,2026-03-21 13:24:00,7.759624,10.667359,6.4,4.44
T04,GL-4396,2026-03-21 13:25:00,7.758989,10.667308,10.3,4.14
T04,GL-4396,2026-03-21 13:26:00,7.75859,10.66713,7.4,2.87
T04,GL-4396,2026-03-21 13:27:00,7.758026,10.667042,7.3,4.51
T04,GL-4396,2026-03-21 13:28:00,7.757458,10.666966,6.9,4.03
T04,GL-4396,2026-03-21 13:29:00,7.757014,10.666927,10.7,4.87
T04,GL-4396,2026-03-21 13:30:00,7.756368,10.666905,8.5,4.9
T04,GL-4396,2026-03-21 13:31:00,7.755887,10.66666,4.3,4.92
T04,GL-4396,2026-03-21 13:32:00,7.755432,10.666631,6.7,5.6
T04,GL-4396,2026-03-21 13:33:00,7.75491,10.666575,11.0,4.56
T04,GL-4396,2026-03-21 13:34:00,7.754184,10.666334,8.8,4.43
T04,GL-4396,2026-03-21 13:35:00,7.753869,10.666477,11.3,3.16
T04,GL-4396,2026-03-21 13:36:00,7.753279,10.666338,7.4,3.46
T04,GL-4396,2026-03-21 13:37:00,7.752791,10.66635,4.2,3.35
T04,GL-4396,2026-03-21 13:38:00,7.752289,10.666215,6.4,5.14
T04,GL-4396,2026-03-21 13:39:00,7.751696,10.666168,4.3,3.76
T04,GL-4396,2026-03-21 13:40:00,7.751317,10.66596,7.1,3.78
T04,GL-4396,2026-03-21 13:41:00,7.750578,10.665855,5.2,4.0
T04,GL-4396,2026-03-21 13:42:00,7.750152,10.665859,6.2,2.96
T04,GL-4396,2026-03-21 13:43:00,7.749567,10.665793,8.6,4.46
T04,GL-4396,2026-03-21 13:44:00,7.749167,10.665525,5.3,2.99
T04,GL-4396,2026-03-21 13:45:00,7.748596,10.665628,9.1,4.25
T04,GL-4396,2026-03-21 13:46:00,7.747953,10.665577,4.3,5.02
T04,GL-4396,2026-03-21 13:47:00,7.747504,10.665459,5.7,3.53
T04,GL-4396,2026-03-21 13:48:00,7.747021,10.665365,5.8,4.85
T04,GL-4396,2026-03-21 13:49:00,7.74652,10.665381,4.2,5.45
T04,GL-4396,2026-03-21 13:50:00,7.746011,10.665235,7.8,4.95
T04,GL-4396,2026-03-21 13:51:00,7.745457,10.665156,12.0,4.89
T04,GL-4396,2026-03-21 13:52:00,7.744912,10.665083,11.9,3.45
T04,GL-4396,2026-03-21 13:53:00,7.744429,10.664941,6.0,3.58
T04,GL-4396,2026-03-21 13:54:00,7.743772,10.664917,,5.52
T04,GL-4396,2026-03-21 13:55:00,7.743337,10.664876,7.0,5.44
T04,GL-4396,2026-03-21 13:56:00,7.742838,10.664749,7.0,2.87
T04,GL-4396,2026-03-21 13:57:00,7.74223,10.664579,7.5,4.25
T04,GL-4396,2026-03-21 13:58:00,7.741817,10.664617,7.7,4.16
T04,GL-4396,2026-03-21 13:59:00,7.741159,10.664394,6.4,4.48
T04,GL-4396,2026-03-21 14:00:00,7.74066,10.664331,5.3,3.14
T04,GL-4396,2026-03-21 14:01:00,7.740087,10.664163,9.4,5.36
T04,GL-4396,2026-03-21 14:02:00,7.739646,10.664197,6.5,3.22
T04,GL-4396,2026-03-21 14:03:00,7.73916,10.664173,7.3,5.1
T04,GL-4396,2026-03-21 14:04:00,7.738709,10.664097,9.2,5.2
T04,GL-4396,2026-03-21 14:05:00,7.738146,10.664078,7.4,3.14
T04,GL-4396,2026-03-21 14:06:00,7.737574,10.663955,7.9,4.24
T04,GL-4396,2026-03-21 14:07:00,7.737055,10.663794,8.3,3.17
T04,GL-4396,2026-03-21 14:08:00,7.736434,10.663843,8.2,3.63
T04,GL-4396,2026-03-21 14:09:00,7.736031,10.663691,11.3,5.37
T04,GL-4396,2026-03-21 14:10:00,7.735398,10.663596,7.2,4.17
T04,GL-4396,2026-03-21 14:11:00,7.734918,10.663627,8.0,3.8
T04,GL-4396,2026-03-21 14:12:00,7.734523,10.663426,4.6,3.51
T04,GL-4396,2026-03-21 14:13:00,7.733926,10.663388,8.4,4.02
T04,GL-4396,2026-03-21 14:14:00,7.733403,10.663282,4.8,3.84
T04,GL-4396,2026-03-21 14:15:00,7.732859,10.663222,8.8,4.4
T04,GL-4396,2026-03-21 14:16:00,7.732398,10.663089,11.0,3.52
T04,GL-4396,2026-03-21 14:17:00,7.731813,10.663109,8.2,3.74
T04,GL-4396,2026-03-21 14:18:00,7.731308,10.662958,6.0,4.84
T04,GL-4396,2026-03-21 14:19:00,7.730801,10.662779,10.6,3.23
T04,GL-4396,2026-03-21 14:20:00,7.730215,10.662813,10.7,4.15
T04,GL-4396,2026-03-21 14:21:00,7.729709,10.66272,6.3,4.52
T04,GL-4396,2026-03-21 14:22:00,7.72923,10.662702,11.8,3.71
T04,GL-4396,2026-03-21 14:23:00,7.728633,10.662517,7.3,3.31
T04,GL-4396,2026-03-21 14:24:00,7.728048,10.662598,10.6,3.22
T04,GL-4396,2026-03-21 14:25:00,7.727556,10.662331,6.8,3.53
T04,GL-4396,2026-03-21 14:26:00,7.727069,10.6623,10.9,4.35
T04,GL-4396,2026-03-21 14:27:00,7.726601,10.662275,10.0,2.83
T04,GL-4396,2026-03-21 14:28:00,7.72594,10.662225,5.6,3.05
T04,GL-4396,2026-03-21 14:29:00,7.725527,10.662078,7.3,4.75
T04,GL-4396,2026-03-21 14:30:00,7.725115,10.662081,5.0,5.23
T04,GL-4396,2026-03-21 14:31:00,7.724483,10.661917,6.7,4.47
T04,GL-4396,2026-03-21 14:32:00,7.723964,10.661923,6.4,3.74
T04,GL-4396,2026-03-21 14:33:00,7.723347,10.661742,7.0,4.94
T04,GL-4396,2026-03-21 14:34:00,7.7229,10.661645,11.7,3.99
T04,GL-4396,2026-03-21 14:35:00,7.72238,10.661599,8.5,4.29
T04,GL-4396,2026-03-21 14:36:00,7.721803,10.661551,6.7,3.15
T04,GL-4396,2026-03-21 14:37:00,7.721353,10.661364,8.6,4.23
T04,GL-4396,2026-03-21 14:38:00,7.720839,10.661404,,4.11
T04,GL-4396,2026-03-21 14:39:00,7.72026,10.661287,6.1,4.72
T04,GL-4396,2026-03-21 14:40:00,7.719681,10.661108,4.8,4.03
T04,GL-4396,2026-03-21 14:41:00,7.719278,10.661104,10.1,3.92
T04,GL-4396,2026-03-21 14:42:00,7.718805,10.661122,4.5,3.4
T04,GL-4396,2026-03-21 14:43:00,7.718224,10.660953,9.8,5.59
T04,GL-4396,2026-03-21 14:44:00,7.71772,10.660793,8.1,3.32
T04,GL-4396,2026-03-21 14:45:00,7.717056,10.660803,10.8,5.28
T04,GL-4396,2026-03-21 14:46:00,7.71671,10.660693,11.5,3.9
T04,GL-4396,2026-03-21 14:47:00,7.716062,10.660631,8.5,4.52
T04,GL-4396,2026-03-21 14:48:00,7.715594,10.660503,5.7,4.73
T04,GL-4396,2026-03-21 14:49:00,7.714972,10.660587,4.1,3.59
T04,GL-4396,2026-03-21 14:50:00,7.714657,10.660435,11.3,3.94
T04,GL-4396,2026-03-21 14:51:00,7.713919,10.660273,5.8,4.09
T04,GL-4396,2026-03-21 14:52:00,7.713516,10.660318,6.4,3.76
T04,GL-4396,2026-03-21 14:53:00,7.712958,10.660175,10.1,3.85
T04,GL-4396,2026-03-21 14:54:00,7.712413,10.660012,5.3,5.43
T04,GL-4396,2026-03-21 14:55:00,7.71188,10.660045,9.0,3.91
T04,GL-4396,2026-03-21 14:56:00,7.711207,10.659958,9.4,3.77
T04,GL-4396,2026-03-21 14:57:00,7.710808,10.659798,8.5,3.58
T04,GL-4396,2026-03-21 14:58:00,7.710385,10.659765,5.7,5.43
T04,GL-4396,2026-03-21 14:59:00,7.709745,10.659702,,4.67
T04,GL-4396,2026-03-21 15:00:00,7.709237,10.659534,5.4,3.72
T04,GL-4396,2026-03-21 15:01:00,7.70879,10.659603,11.8,4.42
T04,GL-4396,2026-03-21 15:02:00,7.708244,10.6595,9.1,4.09
T04,GL-4396,2026-03-21 15:03:00,7.685879,10.659295,4.7,278.12
T04,GL-4396,2026-03-21 15:04:00,7.707148,10.659288,11.4,3.82
T04,GL-4396,2026-03-21 15:05:00,7.706782,10.65913,10.9,2.8
T04,GL-4396,2026-03-21 15:06:00,7.706159,10.659077,6.1,4.49
T04,GL-4396,2026-03-21 15:07:00,7.705638,10.659064,6.6,4.28
T04,GL-4396,2026-03-21 15:08:00,7.70512,10.659035,4.5,4.59
T04,GL-4396,2026-03-21 15:09:00,7.704719,10.658988,10.7,5.37
T04,GL-4396,2026-03-21 15:10:00,7.704019,10.658818,6.5,4.48
T04,GL-4396,2026-03-21 15:11:00,7.703533,10.658584,8.1,4.69
T04,GL-4396,2026-03-21 15:12:00,7.703059,10.658607,9.1,4.03
T04,GL-4396,2026-03-21 15:13:00,7.702516,10.658593,11.8,2.91
T04,GL-4396,2026-03-21 15:14:00,7.701951,10.65844,8.3,3.84
T04,GL-4396,2026-03-21 15:15:00,7.701509,10.6584,9.3,4.2
T04,GL-4396,2026-03-21 15:16:00,7.70092,10.658296,7.1,4.98
T04,GL-4396,2026-03-21 15:17:00,7.700416,10.658348,7.4,5.43
T04,GL-4396,2026-03-21 15:18:00,7.699962,10.658125,9.2,5.59
T04,GL-4396,2026-03-21 15:19:00,7.699325,10.658122,6.1,5.3
T04,GL-4396,2026-03-21 15:20:00,7.698723,10.65801,5.6,5.47
T04,GL-4396,2026-03-21 15:21:00,7.698247,10.65783,9.3,3.88
T04,GL-4396,2026-03-21 15:22:00,7.697763,10.657929,10.7,3.75
T04,GL-4396,2026-03-21 15:23:00,7.697085,10.657759,7.3,4.68
T04,GL-4396,2026-03-21 15:24:00,7.696773,10.657669,8.1,2.88
T04,GL-4396,2026-03-21 15:25:00,7.696153,10.657681,9.3,4.16
T04,GL-4396,2026-03-21 15:26:00,7.695746,10.657511,7.2,3.75
T04,GL-4396,2026-03-21 15:27:00,7.695021,10.657443,9.2,5.49
T04,GL-4396,2026-03-21 15:28:00,7.192858,10.657357,8.5,164.49
T04,GL-4396,2026-03-21 15:29:00,7.694147,10.657268,7.3,3.92
T04,GL-4396,2026-03-21 15:30:00,7.69352,10.657215,9.3,4.84
T04,GL-4396,2026-03-21 15:31:00,7.693027,10.65726,8.4,5.37
T04,GL-4396,2026-03-21 15:32:00,7.692597,10.657114,9.2,3.74
T04,GL-4396,2026-03-21 15:33:00,7.69194,10.656882,6.1,4.0
T04,GL-4396,2026-03-21 15:34:00,7.691371,10.656948,10.9,4.68
T04,GL-4396,2026-03-21 15:35:00,7.690914,10.65688,4.1,4.53
T04,GL-4396,2026-03-21 15:36:00,7.690454,10.656648,4.3,5.54
T04,GL-4396,2026-03-21 15:37:00,7.689871,10.656652,9.2,5.22
T04,GL-4396,2026-03-21 15:38:00,7.689367,10.656552,7.6,4.94
T04,GL-4396,2026-03-21 15:39:00,7.688791,10.656456,7.5,5.58
T04,GL-4396,2026-03-21 15:40:00,7.688244,10.656411,6.2,3.53
T04,GL-4396,2026-03-21 15:41:00,7.687826,10.65644,5.6,4.16
T04,GL-4396,2026-03-21 15:42:00,7.687183,10.656257,5.8,5.38
T04,GL-4396,2026-03-21 15:43:00,7.686685,10.656089,7.6,5.18
T04,GL-4396,2026-03-21 15:44:00,7.686215,10.656092,4.4,3.47
T04,GL-4396,2026-03-21 15:45:00,7.68574,10.656094,9.5,4.86
T04,GL-4396,2026-03-21 15:46:00,7.685135,10.655869,11.0,5.21
T04,GL-4396,2026-03-21 15:47:00,7.684719,10.655949,11.3,3.54
T04,GL-4396,2026-03-21 15:48:00,7.68412,10.655775,5.3,2.84
T04,GL-4396,2026-03-21 15:49:00,7.683619,10.655681,4.1,3.97
T04,GL-4396,2026-03-21 15:50:00,7.683086,10.655529,9.5,2.95
T04,GL-4396,2026-03-21 15:51:00,7.682691,10.655479,4.9,5.22
T04,GL-4396,2026-03-21 15:52:00,7.682112,10.655296,4.0,4.88
T04,GL-4396,2026-03-21 15:53:00,7.681412,10.655327,8.9,4.83
T04,GL-4396,2026-03-21 15:54:00,7.680948,10.655218,6.0,5.21
T04,GL-4396,2026-03-21 15:55:00,7.680543,10.655248,6.1,4.02
T04,GL-4396,2026-03-21 15:56:00,7.679966,10.655206,7.0,4.9
T04,GL-4396,2026-03-21 15:57:00,7.679433,10.654856,4.0,3.56
T04,GL-4396,2026-03-21 15:58:00,7.678898,10.655044,7.3,3.04
T04,GL-4396,2026-03-21 15:59:00,7.678425,10.654831,8.8,5.16
T04,GL-4396,2026-03-21 16:00:00,7.67789,10.654774,4.2,4.31
T04,GL-4396,2026-03-21 16:01:00,7.677321,10.654674,8.1,5.36
T04,GL-4396,2026-03-21 16:02:00,7.6768,10.65469,11.8,3.58
T04,GL-4396,2026-03-21 16:03:00,7.676351,10.654473,8.2,3.19
T04,GL-4396,2026-03-21 16:04:00,7.675792,10.654514,11.0,3.2
T04,GL-4396,2026-03-21 16:05:00,7.675164,10.654352,9.5,4.35
T04,GL-4396,2026-03-21 16:06:00,7.674717,10.654398,5.9,3.68
T04,GL-4396,2026-03-21 16:07:00,7.674185,10.654133,11.4,2.88
T04,GL-4396,2026-03-21 16:08:00,7.673637,10.654031,9.1,3.84
T04,GL-4396,2026-03-21 16:09:00,7.673214,10.653999,11.9,3.91
T04,GL-4396,2026-03-21 16:10:00,7.672666,10.65397,4.1,3.12
T04,GL-4396,2026-03-21 16:11:00,7.672091,10.653954,6.0,4.65
T04,GL-4396,2026-03-21 16:12:00,7.671548,10.653866,10.8,4.98
T04,GL-4396,2026-03-21 16:13:00,7.670956,10.653752,8.8,3.19
T04,GL-4396,2026-03-21 16:14:00,7.670451,10.653683,11.5,5.58
T04,GL-4396,2026-03-21 16:15:00,7.66993,10.653663,11.2,4.06
T04,GL-4396,2026-03-21 16:16:00,7.669433,10.653389,10.7,4.68
T04,GL-4396,2026-03-21 16:17:00,7.668924,10.653427,10.1,5.31
T04,GL-4396,2026-03-21 16:18:00,7.668415,10.653338,6.5,3.16
T04,GL-4396,2026-03-21 16:19:00,7.667854,10.653279,5.6,4.19
T04,GL-4396,2026-03-21 16:20:00,7.667397,10.653043,8.5,4.91
T04,GL-4396,2026-03-21 16:21:00,7.666777,10.653046,6.5,4.25
T04,GL-4396,2026-03-21 16:22:00,7.666323,10.653046,5.9,3.22
T04,GL-4396,2026-03-21 16:23:00,7.665807,10.653062,9.4,4.08
T04,GL-4396,2026-03-21 16:24:00,7.665367,10.652978,5.6,3.72
T04,GL-4396,2026-03-21 16:25:00,7.664847,10.652807,11.9,4.24
T04,GL-4396,2026-03-21 16:26:00,7.6642,10.652717,7.6,4.46
T04,GL-4396,2026-03-21 16:27:00,7.663678,10.652609,9.8,4.33
T04,GL-4396,2026-03-21 16:28:00,7.663225,10.652602,11.8,5.21
T04,GL-4396,2026-03-21 16:29:00,7.662784,10.65239,11.2,3.57
T04,GL-4396,2026-03-21 16:30:00,7.66211,10.652398,11.5,4.57
T04,GL-4396,2026-03-21 16:31:00,7.66154,10.652167,8.4,3.03
T04,GL-4396,2026-03-21 16:32:00,7.661132,10.652174,8.4,5.06
T04,GL-4396,2026-03-21 16:33:00,7.660521,10.652048,5.8,5.4
T04,GL-4396,2026-03-21 16:34:00,7.659952,10.652028,9.6,4.47
T04,GL-4396,2026-03-21 16:35:00,7.659531,10.651996,7.3,3.57
T04,GL-4396,2026-03-21 16:36:00,7.658946,10.651925,8.8,5.51
T04,GL-4396,2026-03-21 16:37:00,7.658514,10.651757,8.1,4.6
T04,GL-4396,2026-03-21 16:38:00,7.6579,10.651791,4.7,2.94
T04,GL-4396,2026-03-21 16:39:00,7.657362,10.651748,10.9,4.87
T04,GL-4396,2026-03-21 16:40:00,7.656858,10.651548,10.9,5.12
T04,GL-4396,2026-03-21 16:41:00,7.656394,10.65156,10.9,4.76
T04,GL-4396,2026-03-21 16:42:00,7.655836,10.651499,5.6,4.45
T04,GL-4396,2026-03-21 16:43:00,7.655249,10.651422,11.8,3.92
T04,GL-4396,2026-03-21 16:44:00,7.654789,10.651225,8.7,4.9
T04,GL-4396,2026-03-21 16:45:00,7.654217,10.651142,6.7,5.35
T04,GL-4396,2026-03-21 16:46:00,7.653637,10.651133,6.9,2.88
T04,GL-4396,2026-03-21 16:47:00,7.653274,10.651009,5.1,3.87
T04,GL-4396,2026-03-21 16:48:00,7.652658,10.650947,5.6,2.97
T04,GL-4396,2026-03-21 16:49:00,7.65216,10.650981,5.4,3.01
T04,GL-4396,2026-03-21 16:50:00,7.651622,10.650699,6.3,4.01
T04,GL-4396,2026-03-21 16:51:00,7.651128,10.650684,5.8,5.17
T04,GL-4396,2026-03-21 16:52:00,7.650632,10.650739,9.2,5.53
T04,GL-4396,2026-03-21 16:53:00,7.650071,10.650654,7.1,5.2
T04,GL-4396,2026-03-21 16:54:00,7.649502,10.65047,5.7,4.14
T04,GL-4396,2026-03-21 16:55:00,7.649041,10.650401,8.7,3.45
T04,GL-4396,2026-03-21 16:56:00,7.648364,10.650283,9.4,4.32
T04,GL-4396,2026-03-21 16:57:00,7.647955,10.650151,8.4,3.88
T04,GL-4396,2026-03-21 16:58:00,7.64745,10.650187,4.1,4.8
T04,GL-4396,2026-03-21 16:59:00,7.646982,10.650014,4.2,3.36
T04,GL-4396,2026-03-21 17:00:00,7.646335,10.650062,9.8,4.19
T04,GL-4396,2026-03-21 17:01:00,7.645881,10.650005,11.0,4.43
T04,GL-4396,2026-03-21 17:02:00,7.645338,10.649838,9.6,3.79
T04,GL-4396,2026-03-21 17:03:00,7.644889,10.649734,7.3,2.98
T04,GL-4396,2026-03-21 17:04:00,7.644368,10.649602,6.7,2.85
T04,GL-4396,2026-03-21 17:05:00,7.643606,10.649546,8.2,3.48
T04,GL-4396,2026-03-21 17:06:00,7.643344,10.6495,11.6,5.26
T04,GL-4396,2026-03-21 17:07:00,7.642687,10.649407,6.6,4.5
T04,GL-4396,2026-03-21 17:08:00,7.642158,10.6493,5.7,2.94
T04,GL-4396,2026-03-21 17:09:00,7.641648,10.649244,9.7,3.34
T04,GL-4396,2026-03-21 17:10:00,7.641197,10.649184,6.2,5.24
T04,GL-4396,2026-03-21 17:11:00,7.640607,10.649068,8.7,3.16
T04,GL-4396,2026-03-21 17:12:00,7.640134,10.648985,4.6,2.87
T04,GL-4396,2026-03-21 17:13:00,7.639568,10.648878,5.2,4.53
T04,GL-4396,2026-03-21 17:14:00,7.638976,10.649002,8.3,2.83
T04,GL-4396,2026-03-21 17:15:00,7.638595,10.648811,11.3,4.48
T04,GL-4396,2026-03-21 17:16:00,7.638064,10.648755,11.6,5.11
T04,GL-4396,2026-03-21 17:17:00,7.637421,10.64854,10.8,3.39
T04,GL-4396,2026-03-21 17:18:00,7.63706,10.648463,9.3,4.23
T04,GL-4396,2026-03-21 17:19:00,7.636386,10.648475,10.9,4.68
T04,GL-4396,2026-03-21 17:20:00,7.635986,10.648424,7.7,2.95
T04,GL-4396,2026-03-21 17:21:00,7.635494,10.648298,11.3,4.37
T04,GL-4396,2026-03-21 17:22:00,7.634868,10.648195,9.9,3.42
T04,GL-4396,2026-03-21 17:23:00,7.634396,10.648046,9.1,4.51
T04,GL-4396,2026-03-21 17:24:00,7.633777,10.648055,8.1,4.45
T04,GL-4396,2026-03-21 17:25:00,7.633265,10.648008,10.7,4.97
T04,GL-4396,2026-03-21 17:26:00,7.632836,10.647856,8.0,2.8
T04,GL-4396,2026-03-21 17:27:00,7.632235,10.647858,7.6,4.11
T04,GL-4396,2026-03-21 17:28:00,7.631738,10.647661,10.0,5.26
T04,GL-4396,2026-03-21 17:29:00,7.631209,10.647566,4.4,4.74
T04,GL-4396,2026-03-21 17:30:00,7.630658,10.64763,7.0,4.39
T04,GL-4396,2026-03-21 17:31:00,7.630121,10.647487,6.5,5.27
T04,GL-4396,2026-03-21 17:32:00,7.629648,10.647496,10.8,2.96
T04,GL-4396,2026-03-21 17:33:00,7.629155,10.647328,10.9,3.4
T04,GL-4396,2026-03-21 17:34:00,7.628645,10.647254,10.3,4.29
T04,GL-4396,2026-03-21 17:35:00,7.627945,10.647305,10.7,5.1
T04,GL-4396,2026-03-21 17:36:00,7.627559,10.647216,7.9,5.3
T04,GL-4396,2026-03-21 17:37:00,7.626999,10.647071,10.2,5.25
T04,GL-4396,2026-03-21 17:38:00,7.626555,10.647017,7.2,3.91
T04,GL-4396,2026-03-21 17:39:00,7.625963,10.646941,4.2,3.93
T04,GL-4396,2026-03-21 17:40:00,7.625365,10.646671,5.9,4.26
T04,GL-4396,2026-03-21 17:41:00,7.624939,10.646764,6.7,3.71
T04,GL-4396,2026-03-21 17:42:00,7.624309,10.646604,10.7,3.76
T04,GL-4396,2026-03-21 17:43:00,7.623839,10.646562,8.2,4.08
T04,GL-4396,2026-03-21 17:44:00,7.623253,10.646376,7.9,3.83
T04,GL-4396,2026-03-21 17:45:00,7.622845,10.646297,5.9,4.81
T04,GL-4396,2026-03-21 17:46:00,7.622275,10.646314,8.5,5.57
T04,GL-4396,2026-03-21 17:47:00,7.621796,10.646276,8.8,4.22
T04,GL-4396,2026-03-21 17:48:00,7.62123,10.646144,6.9,3.82
T04,GL-4396,2026-03-21 17:49:00,7.620743,10.646049,6.8,3.3
T04,GL-4396,2026-03-21 17:50:00,7.620258,10.646024,9.6,3.6
T04,GL-4396,2026-03-21 17:51:00,7.619691,10.645984,5.0,4.38
T04,GL-4396,2026-03-21 17:52:00,7.619221,10.645866,8.4,3.36
T04,GL-4396,2026-03-21 17:53:00,7.618629,10.645783,7.9,4.54
T04,GL-4396,2026-03-21 17:54:00,7.618084,10.6456,10.0,3.12
T04,GL-4396,2026-03-21 17:55:00,7.617547,10.645608,6.2,4.82
T04,GL-4396,2026-03-21 17:56:00,7.61703,10.645416,4.1,4.12
T04,GL-4396,2026-03-21 17:57:00,7.616547,10.645401,11.0,5.4
T04,GL-4396,2026-03-21 17:58:00,7.616006,10.645324,5.8,4.35
T04,GL-4396,2026-03-21 17:59:00,7.615347,10.645163,10.8,5.45
T04,GL-4396,2026-03-21 18:00:00,7.614958,10.645206,5.8,3.44
T04,GL-4396,2026-03-21 18:01:00,7.61441,10.645113,10.3,3.3
T04,GL-4396,2026-03-21 18:02:00,7.613921,10.64508,6.3,3.51
T04,GL-4396,2026-03-21 18:03:00,7.613391,10.644904,4.2,3.82
T04,GL-4396,2026-03-21 18:04:00,7.612945,10.64484,8.6,5.35
T04,GL-4396,2026-03-21 18:05:00,7.612285,10.644781,8.6,3.97
T04,GL-4396,2026-03-21 18:06:00,7.611864,10.644659,5.3,4.19
T04,GL-4396,2026-03-21 18:07:00,7.611289,10.644516,9.7,4.45
T04,GL-4396,2026-03-21 18:08:00,7.610819,10.644556,9.9,4.94
T04,GL-4396,2026-03-21 18:09:00,7.61022,10.644412,5.2,5.44
T04,GL-4396,2026-03-21 18:10:00,7.609759,10.644365,11.3,2.84
T04,GL-4396,2026-03-21 18:11:00,7.609273,10.644197,7.5,2.85
T04,GL-4396,2026-03-21 18:12:00,7.608585,10.644224,5.1,3.71
T04,GL-4396,2026-03-21 18:13:00,7.608235,10.644069,6.6,4.17
T04,GL-4396,2026-03-21 18:14:00,7.607646,10.644117,11.2,4.19
T04,GL-4396,2026-03-21 18:15:00,7.60706,10.643903,7.5,4.92
T04,GL-4396,2026-03-21 18:16:00,7.60671,10.643896,10.0,5.23
T04,GL-4396,2026-03-21 18:17:00,7.605989,10.643887,4.7,4.19
T04,GL-4396,2026-03-21 18:18:00,7.605524,10.643851,5.6,3.34
T04,GL-4396,2026-03-21 18:19:00,7.604977,10.643622,11.9,5.34
T04,GL-4396,2026-03-21 18:20:00,7.604534,10.643622,6.9,3.22
T04,GL-4396,2026-03-21 18:21:00,7.603805,10.643593,4.1,4.35
T04,GL-4396,2026-03-21 18:22:00,7.60342,10.643351,9.7,2.88
T04,GL-4396,2026-03-21 18:23:00,7.602803,10.64319,4.0,5.31
T04,GL-4396,2026-03-21 18:24:00,7.602383,10.643296,6.4,3.41
T04,GL-4396,2026-03-21 18:25:00,7.601812,10.643228,7.1,3.17
T04,GL-4396,2026-03-21 18:26:00,7.601307,10.643095,9.7,4.41
T04,GL-4396,2026-03-21 18:27:00,7.600817,10.643024,11.1,5.32
T04,GL-4396,2026-03-21 18:28:00,7.600234,10.642927,10.4,3.23
T04,GL-4396,2026-03-21 18:29:00,7.599745,10.642922,6.7,4.68
T04,GL-4396,2026-03-21 18:30:00,7.599199,10.642845,12.0,3.96
T04,GL-4396,2026-03-21 18:31:00,7.598756,10.642656,7.5,3.91
T04,GL-4396,2026-03-21 18:32:00,7.598193,10.642594,11.6,3.09
T04,GL-4396,2026-03-21 18:33:00,7.597638,10.642405,4.1,5.55
T04,GL-4396,2026-03-21 18:34:00,7.597261,10.642363,4.3,3.15
T04,GL-4396,2026-03-21 18:35:00,7.596762,10.642375,11.7,4.43
T04,GL-4396,2026-03-21 18:36:00,7.59613,10.642328,5.2,3.23
T04,GL-4396,2026-03-21 18:37:00,7.595584,10.642245,8.2,4.36
T04,GL-4396,2026-03-21 18:38:00,7.595063,10.642132,8.4,3.49
T04,GL-4396,2026-03-21 18:39:00,7.594547,10.642069,11.4,3.85
T04,GL-4396,2026-03-21 18:40:00,7.59398,10.641988,5.2,4.32
T04,GL-4396,2026-03-21 18:41:00,7.593458,10.641871,8.1,3.71
T04,GL-4396,2026-03-21 18:42:00,7.592886,10.641978,5.5,4.69
T04,GL-4396,2026-03-21 18:43:00,7.592388,10.641657,8.7,3.33
T04,GL-4396,2026-03-21 18:44:00,7.591938,10.641676,5.3,4.57
T04,GL-4396,2026-03-21 18:45:00,7.591388,10.641641,9.5,4.71
T04,GL-4396,2026-03-21 18:46:00,7.590891,10.641577,9.7,2.94
T04,GL-4396,2026-03-21 18:47:00,7.590333,10.641445,6.7,4.04
T04,GL-4396,2026-03-21 18:48:00,7.589813,10.641363,10.9,4.51
T04,GL-4396,2026-03-21 18:49:00,7.58925,10.641281,9.4,3.51
T04,GL-4396,2026-03-21 18:50:00,7.588871,10.641177,10.1,3.52
T04,GL-4396,2026-03-21 18:51:00,7.588195,10.641117,7.9,5.5
T04,GL-4396,2026-03-21 18:52:00,7.587683,10.641019,10.1,4.08
T04,GL-4396,2026-03-21 18:53:00,7.5872,10.64085,6.6,5.21
T04,GL-4396,2026-03-21 18:54:00,7.586653,10.640845,12.0,4.06
T04,GL-4396,2026-03-21 18:55:00,7.58612,10.640834,10.5,3.77
T04,GL-4396,2026-03-21 18:56:00,7.585558,10.640553,11.2,5.51
T04,GL-4396,2026-03-21 18:57:00,7.585092,10.640574,7.2,4.61
T04,GL-4396,2026-03-21 18:58:00,7.584451,10.640486,8.9,4.76
T04,GL-4396,2026-03-21 18:59:00,7.584104,10.640509,9.0,3.89
T04,GL-4396,2026-03-21 19:00:00,7.583561,10.640415,8.8,3.88
T04,GL-4396,2026-03-21 19:01:00,7.582895,10.640239,8.8,5.12
T04,GL-4396,2026-03-21 19:02:00,7.582393,10.640298,8.8,4.73
T04,GL-4396,2026-03-21 19:03:00,7.581966,10.640122,6.3,3.35
T04,GL-4396,2026-03-21 19:04:00,7.581418,10.639998,6.3,4.14
T04,GL-4396,2026-03-21 19:05:00,7.58083,10.639962,6.4,4.65
T04,GL-4396,2026-03-21 19:06:00,7.580387,10.640016,9.5,3.61
T04,GL-4396,2026-03-21 19:07:00,7.579743,10.6398,5.4,4.67
T04,GL-4396,2026-03-21 19:08:00,7.57931,10.639726,8.8,4.85
T04,GL-4396,2026-03-21 19:09:00,7.578775,10.639604,10.0,4.75
T04,GL-4396,2026-03-21 19:10:00,7.57822,10.639461,9.5,3.3
T04,GL-4396,2026-03-21 19:11:00,7.577721,10.63954,9.2,4.45
T04,GL-4396,2026-03-21 19:12:00,7.577246,10.639462,7.5,3.95
T04,GL-4396,2026-03-21 19:13:00,7.576684,10.639246,11.1,4.7
T04,GL-4396,2026-03-21 19:14:00,7.576181,10.639167,6.7,4.43
T04,GL-4396,2026-03-21 19:15:00,7.5756,10.639239,9.1,3.61
T04,GL-4396,2026-03-21 19:16:00,7.575165,10.639021,7.7,3.7
T04,GL-4396,2026-03-21 19:17:00,7.574516,10.639017,10.3,3.31
T04,GL-4396,2026-03-21 19:18:00,7.574038,10.638905,5.5,3.59
T04,GL-4396,2026-03-21 19:19:00,7.573582,10.638874,6.6,4.31
T04,GL-4396,2026-03-21 19:20:00,7.573009,10.638635,4.4,4.23
T04,GL-4396,2026-03-21 19:21:00,7.572514,10.638576,5.7,4.23
T04,GL-4396,2026-03-21 19:22:00,7.571953,10.63866,6.9,3.26
T04,GL-4396,2026-03-21 19:23:00,7.571423,10.638579,9.2,3.36
T04,GL-4396,2026-03-21 19:24:00,7.570969,10.638537,8.2,3.47
T04,GL-4396,2026-03-21 19:25:00,7.570376,10.638441,4.6,3.26
T04,GL-4396,2026-03-21 19:26:00,7.569885,10.638343,8.1,3.69
T04,GL-4396,2026-03-21 19:27:00,7.569373,10.63813,9.9,2.85
T04,GL-4396,2026-03-21 19:28:00,7.568858,10.638152,11.5,3.75
T04,GL-4396,2026-03-21 19:29:00,7.56819,10.638075,4.7,3.35
T04,GL-4396,2026-03-21 19:30:00,7.567721,10.638029,9.0,4.35
T04,GL-4396,2026-03-21 19:31:00,7.567232,10.637927,5.3,4.06
T04,GL-4396,2026-03-21 19:32:00,7.566792,10.637869,11.7,3.59
T04,GL-4396,2026-03-21 19:33:00,7.566176,10.637773,4.7,3.73
T04,GL-4396,2026-03-21 19:34:00,7.56563,10.637672,6.2,3.11
T04,GL-4396,2026-03-21 19:35:00,7.565261,10.637532,11.2,5.47
T04,GL-4396,2026-03-21 19:36:00,7.564724,10.637478,10.4,4.21
T04,GL-4396,2026-03-21 19:37:00,7.564177,10.637543,11.5,2.93
T04,GL-4396,2026-03-21 19:38:00,7.56354,10.637216,7.7,3.6
T04,GL-4396,2026-03-21 19:39:00,7.563082,10.637215,11.0,5.16
T04,GL-4396,2026-03-21 19:40:00,7.562572,10.637193,9.7,5.48
T04,GL-4396,2026-03-21 19:41:00,7.561922,10.637089,10.2,4.29
T04,GL-4396,2026-03-21 19:42:00,7.561558,10.637089,5.1,3.79
T04,GL-4396,2026-03-21 19:43:00,7.560922,10.636938,8.1,2.97
T04,GL-4396,2026-03-21 19:44:00,7.560499,10.636825,9.5,3.31
T04,GL-4396,2026-03-21 19:45:00,7.559919,10.636781,10.7,3.41
T04,GL-4396,2026-03-21 19:46:00,7.559395,10.636679,11.9,3.75
T04,GL-4396,2026-03-21 19:47:00,7.558835,10.636612,6.0,2.82
T04,GL-4396,2026-03-21 19:48:00,7.5583,10.636554,11.3,4.09
T04,GL-4396,2026-03-21 19:49:00,7.557773,10.636442,8.4,3.4
T04,GL-4396,2026-03-21 19:50:00,7.557386,10.636269,4.8,4.87
T04,GL-4396,2026-03-21 19:51:00,7.556817,10.636319,11.8,3.3
T04,GL-4396,2026-03-21 19:52:00,7.55616,10.636215,5.2,5.37
T04,GL-4396,2026-03-21 19:53:00,7.555697,10.636143,10.5,4.54
T04,GL-4396,2026-03-21 19:54:00,7.555303,10.636153,7.1,5.5
T04,GL-4396,2026-03-21 19:55:00,7.554769,10.636024,7.9,3.19
T04,GL-4396,2026-03-21 19:56:00,7.554147,10.635897,6.8,4.05
T04,GL-4396,2026-03-21 19:57:00,7.553537,10.635833,10.0,5.08
T04,GL-4396,2026-03-21 19:58:00,7.553167,10.635742,11.8,4.9
T04,GL-4396,2026-03-21 19:59:00,7.552655,10.635612,11.2,5.28
T04,GL-4396,2026-03-21 20:00:00,7.552061,10.635649,8.0,5.13
T04,GL-4396,2026-03-21 20:01:00,7.551567,10.635415,4.1,3.91
T04,GL-4396,2026-03-21 20:02:00,7.55109,10.63546,7.7,4.34
T04,GL-4396,2026-03-21 20:03:00,7.550499,10.635314,4.4,5.6
T04,GL-4396,2026-03-21 20:04:00,7.550003,10.63521,4.9,4.04
T04,GL-4396,2026-03-21 20:05:00,7.549513,10.635074,7.5,3.3
T04,GL-4396,2026-03-21 20:06:00,7.548951,10.635061,4.6,3.73
T04,GL-4396,2026-03-21 20:07:00,7.548421,10.63503,10.5,3.25
T04,GL-4396,2026-03-21 20:08:00,7.547928,10.634936,5.4,3.54
T04,GL-4396,2026-03-21 20:09:00,7.646591,10.634795,8.6,319.87
T04,GL-4396,2026-03-21 20:10:00,7.546888,10.634673,11.6,4.36
T04,GL-4396,2026-03-21 20:11:00,7.546215,10.634575,10.1,5.59
T04,GL-4396,2026-03-21 20:12:00,7.545804,10.634551,5.3,4.06
T04,GL-4396,2026-03-21 20:13:00,7.545299,10.634538,11.6,3.73
T04,GL-4396,2026-03-21 20:14:00,7.54463,10.634492,5.4,5.54
T04,GL-4396,2026-03-21 20:15:00,7.54429,10.63442,5.6,4.68
T04,GL-4396,2026-03-21 20:16:00,7.543527,10.634286,4.6,3.33
T04,GL-4396,2026-03-21 20:17:00,7.543165,10.634126,9.0,3.73
T04,GL-4396,2026-03-21 20:18:00,7.542739,10.634085,9.5,3.6
T04,GL-4396,2026-03-21 20:19:00,7.542096,10.633915,5.3,4.83
T04,GL-4396,2026-03-21 20:20:00,7.541615,10.634019,4.6,3.29
T04,GL-4396,2026-03-21 20:21:00,7.541004,10.633916,8.6,3.19
T04,GL-4396,2026-03-21 20:22:00,7.540549,10.633786,10.3,5.52
T04,GL-4396,2026-03-21 20:23:00,7.540084,10.633668,7.5,3.88
T04,GL-4396,2026-03-21 20:24:00,7.539489,10.633667,8.9,4.13
T04,GL-4396,2026-03-21 20:25:00,7.538897,10.633482,11.6,4.9
T04,GL-4396,2026-03-21 20:26:00,7.538509,10.633485,8.8,4.03
T04,GL-4396,2026-03-21 20:27:00,7.537941,10.633398,10.2,3.76
T04,GL-4396,2026-03-21 20:28:00,7.537373,10.633303,9.2,3.1
T04,GL-4396,2026-03-21 20:29:00,7.536996,10.633254,5.9,4.35
T04,GL-4396,2026-03-21 20:30:00,7.536357,10.633162,7.0,3.7
T04,GL-4396,2026-03-21 20:31:00,7.535978,10.633122,4.7,4.87
T04,GL-4396,2026-03-21 20:32:00,7.535252,10.632986,6.6,3.44
T04,GL-4396,2026-03-21 20:33:00,7.534866,10.632881,6.9,3.64
T04,GL-4396,2026-03-21 20:34:00,7.534196,10.632834,7.3,4.06
T04,GL-4396,2026-03-21 20:35:00,7.533712,10.632793,7.3,3.72
T04,GL-4396,2026-03-21 20:36:00,7.533377,10.632661,7.4,4.24
T04,GL-4396,2026-03-21 20:37:00,7.532653,10.632528,6.1,3.79
T04,GL-4396,2026-03-21 20:38:00,7.532061,10.632489,5.5,4.18
T04,GL-4396,2026-03-21 20:39:00,7.531735,10.632438,4.1,3.5
T04,GL-4396,2026-03-21 20:40:00,7.5311,10.632423,8.3,3.77
T04,GL-4396,2026-03-21 20:41:00,7.530659,10.632193,5.5,5.13
T04,GL-4396,2026-03-21 20:42:00,7.530038,10.63214,7.8,4.73
T04,GL-4396,2026-03-21 20:43:00,7.52958,10.632137,8.3,3.93
T04,GL-4396,2026-03-21 20:44:00,7.529004,10.632039,4.9,4.38
T04,GL-4396,2026-03-21 20:45:00,7.528555,10.632011,8.1,3.16
T04,GL-4396,2026-03-21 20:46:00,7.527936,10.63182,4.8,2.83
T04,GL-4396,2026-03-21 20:47:00,7.527486,10.631748,7.3,3.82
T04,GL-4396,2026-03-21 20:48:00,7.526908,10.631781,11.1,4.39
T04,GL-4396,2026-03-21 20:49:00,7.526434,10.631546,10.6,5.57
T04,GL-4396,2026-03-21 20:50:00,7.525935,10.631525,4.7,5.02
T04,GL-4396,2026-03-21 20:51:00,7.525316,10.631401,7.9,4.28
T04,GL-4396,2026-03-21 20:52:00,7.524807,10.63131,6.8,5.06
T04,GL-4396,2026-03-21 20:53:00,7.524153,10.631424,4.2,4.88
T04,GL-4396,2026-03-21 20:54:00,7.523866,10.63114,12.0,5.36
T04,GL-4396,2026-03-21 20:55:00,7.523219,10.631275,5.6,5.01
T04,GL-4396,2026-03-21 20:56:00,7.522665,10.631095,5.9,5.1
T04,GL-4396,2026-03-21 20:57:00,7.522215,10.63105,10.5,4.3
T04,GL-4396,2026-03-21 20:58:00,7.521632,10.630957,12.0,3.8
T04,GL-4396,2026-03-21 20:59:00,7.521199,10.630866,11.3,5.08
T04,GL-4396,2026-03-21 21:00:00,7.520686,10.630712,8.9,3.04
T04,GL-4396,2026-03-21 21:01:00,7.520037,10.630738,5.4,5.43
T04,GL-4396,2026-03-21 21:02:00,7.519576,10.630515,7.6,3.87
T04,GL-4396,2026-03-21 21:03:00,7.518978,10.630522,6.3,2.89
T04,GL-4396,2026-03-21 21:04:00,7.518552,10.630353,7.3,5.36
T04,GL-4396,2026-03-21 21:05:00,7.518073,10.630464,4.8,5.14
T04,GL-4396,2026-03-21 21:06:00,7.517555,10.630254,7.3,5.11
T04,GL-4396,2026-03-21 21:07:00,7.517,10.630235,6.4,3.77
T04,GL-4396,2026-03-21 21:08:00,7.516477,10.630165,4.5,3.99
T04,GL-4396,2026-03-21 21:09:00,7.515973,10.629957,11.9,3.5
T04,GL-4396,2026-03-21 21:10:00,7.515338,10.629922,7.0,4.13
T04,GL-4396,2026-03-21 21:11:00,7.514907,10.629896,5.8,4.88
T04,GL-4396,2026-03-21 21:12:00,7.514298,10.62971,7.2,5.17
T04,GL-4396,2026-03-21 21:13:00,7.513958,10.629694,11.6,4.66
T04,GL-4396,2026-03-21 21:14:00,7.513291,10.629639,5.2,3.55
T04,GL-4396,2026-03-21 21:15:00,7.512763,10.629533,6.7,3.55
T04,GL-4396,2026-03-21 21:16:00,7.512256,10.629447,9.4,4.87
T04,GL-4396,2026-03-21 21:17:00,7.511759,10.62922,7.5,5.4
T04,GL-4396,2026-03-21 21:18:00,7.511219,10.629288,,3.36
T04,GL-4396,2026-03-21 21:19:00,7.510762,10.629194,6.9,4.6
T04,GL-4396,2026-03-21 21:20:00,7.51007,10.629144,11.2,4.16
T04,GL-4396,2026-03-21 21:21:00,7.50966,10.629065,11.1,4.23
T04,GL-4396,2026-03-21 21:22:00,7.509015,10.628914,10.3,4.2
T04,GL-4396,2026-03-21 21:23:00,7.508595,10.628959,11.6,4.8
T04,GL-4396,2026-03-21 21:24:00,7.508072,10.628816,7.8,4.25
T04,GL-4396,2026-03-21 21:25:00,7.507396,10.628815,11.7,3.24
T04,GL-4396,2026-03-21 21:26:00,7.506968,10.628629,8.9,3.43
T04,GL-4396,2026-03-21 21:27:00,7.506509,10.628575,5.8,4.87
T04,GL-4396,2026-03-21 21:28:00,7.506042,10.628496,11.2,5.29
T04,GL-4396,2026-03-21 21:29:00,7.505477,10.62844,6.3,5.26
T04,GL-4396,2026-03-21 21:30:00,7.504877,10.628302,5.4,3.68
T04,GL-4396,2026-03-21 21:31:00,7.504282,10.628268,8.7,4.82
T04,GL-4396,2026-03-21 21:32:00,7.503823,10.628104,7.9,3.22
T04,GL-4396,2026-03-21 21:33:00,7.50333,10.628206,6.8,3.96
T04,GL-4396,2026-03-21 21:34:00,7.502871,10.628011,8.9,4.46
T04,GL-4396,2026-03-21 21:35:00,7.502185,10.627928,11.6,3.37
T04,GL-4396,2026-03-21 21:36:00,7.501828,10.627952,9.9,5.56
T04,GL-4396,2026-03-21 21:37:00,7.501259,10.627713,5.5,3.29
T04,GL-4396,2026-03-21 21:38:00,7.500693,10.627744,11.9,4.0
T04,GL-4396,2026-03-21 21:39:00,7.500319,10.627507,10.8,2.96
T04,GL-4396,2026-03-21 21:40:00,7.499668,10.627506,9.9,5.16
T04,GL-4396,2026-03-21 21:41:00,7.4991,10.627486,5.4,4.5
T04,GL-4396,2026-03-21 21:42:00,7.498548,10.627333,10.8,5.31
T04,GL-4396,2026-03-21 21:43:00,7.498103,10.62734,10.4,3.74
T04,GL-4396,2026-03-21 21:44:00,7.497467,10.627272,5.3,5.59
T04,GL-4396,2026-03-21 21:45:00,7.49704,10.627099,9.4,3.09
T04,GL-4396,2026-03-21 21:46:00,7.496448,10.627127,10.2,4.65
T04,GL-4396,2026-03-21 21:47:00,7.49596,10.626952,6.9,4.01
T04,GL-4396,2026-03-21 21:48:00,7.495535,10.626825,4.2,4.75
T04,GL-4396,2026-03-21 21:49:00,7.494934,10.626838,10.8,4.42
T04,GL-4396,2026-03-21 21:50:00,7.494408,10.626741,5.0,5.58
T04,GL-4396,2026-03-21 21:51:00,7.493885,10.626679,7.6,3.97
T04,GL-4396,2026-03-21 21:52:00,7.493347,10.626629,10.1,5.14
T04,GL-4396,2026-03-21 21:53:00,7.492875,10.626529,5.6,4.94
T04,GL-4396,2026-03-21 21:54:00,7.492366,10.626476,6.5,4.39
T04,GL-4396,2026-03-21 21:55:00,7.49179,10.626402,6.2,4.87
T04,GL-4396,2026-03-21 21:56:00,7.491273,10.626174,10.7,3.14
T04,GL-4396,2026-03-21 21:57:00,7.490735,10.626246,10.9,3.81
T04,GL-4396,2026-03-21 21:58:00,7.490241,10.626083,7.8,3.42
T04,GL-4396,2026-03-21 21:59:00,7.489681,10.625919,4.0,3.49
T04,GL-4396,2026-03-21 22:00:00,7.489233,10.625906,6.7,4.79
T04,GL-4396,2026-03-21 22:01:00,7.488691,10.625855,5.7,4.09
T04,GL-4396,2026-03-21 22:02:00,7.488266,10.625788,7.0,4.34
T04,GL-4396,2026-03-21 22:03:00,7.487582,10.625751,6.0,3.69
T04,GL-4396,2026-03-21 22:04:00,7.487089,10.62561,5.8,4.81
T04,GL-4396,2026-03-21 22:05:00,7.486644,10.625582,11.5,4.51
T04,GL-4396,2026-03-21 22:06:00,7.485969,10.62548,10.6,5.25
T04,GL-4396,2026-03-21 22:07:00,7.485564,10.625514,8.7,5.25
T04,GL-4396,2026-03-21 22:08:00,7.48498,10.625227,,2.87
T04,GL-4396,2026-03-21 22:09:00,7.48451,10.625257,11.6,5.0
T04,GL-4396,2026-03-21 22:10:00,7.483945,10.625049,8.0,5.45
T04,GL-4396,2026-03-21 22:11:00,7.483427,10.624984,4.7,3.59
T04,GL-4396,2026-03-21 22:12:00,7.482947,10.625011,8.7,3.13
T04,GL-4396,2026-03-21 22:13:00,7.482329,10.624875,7.3,3.87
T04,GL-4396,2026-03-21 22:14:00,7.4818,10.624864,9.5,5.36
T04,GL-4396,2026-03-21 22:15:00,7.481332,10.624735,6.2,3.56
T04,GL-4396,2026-03-21 22:16:00,7.480792,10.624675,11.7,3.36
T04,GL-4396,2026-03-21 22:17:00,7.480228,10.624551,5.9,4.81
T04,GL-4396,2026-03-21 22:18:00,7.479714,10.624417,11.1,4.31
T04,GL-4396,2026-03-21 22:19:00,7.479198,10.624428,9.3,3.14
T04,GL-4396,2026-03-21 22:20:00,7.478674,10.624394,7.4,5.07
T04,GL-4396,2026-03-21 22:21:00,7.478211,10.624252,9.5,3.67
T04,GL-4396,2026-03-21 22:22:00,7.477704,10.62428,5.3,3.05
T04,GL-4396,2026-03-21 22:23:00,7.477091,10.624111,10.0,5.46
T04,GL-4396,2026-03-21 22:24:00,7.476669,10.624,11.4,4.67
T04,GL-4396,2026-03-21 22:25:00,7.476079,10.623929,6.9,5.57
T04,GL-4396,2026-03-21 22:26:00,7.475679,10.623802,10.9,4.88
T04,GL-4396,2026-03-21 22:27:00,7.475005,10.623772,9.2,5.53
T04,GL-4396,2026-03-21 22:28:00,7.47448,10.623789,7.6,4.25
T04,GL-4396,2026-03-21 22:29:00,7.473965,10.623579,4.9,3.51
T04,GL-4396,2026-03-21 22:30:00,7.473547,10.623526,6.7,3.07
T04,GL-4396,2026-03-21 22:31:00,7.473018,10.623473,9.0,5.17
T04,GL-4396,2026-03-21 22:32:00,7.472348,10.623376,4.9,4.91
T04,GL-4396,2026-03-21 22:33:00,7.471813,10.623263,6.1,3.46
T04,GL-4396,2026-03-21 22:34:00,7.471176,10.623247,4.9,4.62
T04,GL-4396,2026-03-21 22:35:00,7.470798,10.623166,8.2,4.76
T04,GL-4396,2026-03-21 22:36:00,7.47035,10.623084,10.9,5.15
T04,GL-4396,2026-03-21 22:37:00,7.469675,10.622914,5.0,3.51
T04,GL-4396,2026-03-21 22:38:00,7.46928,10.622946,9.2,5.3
T04,GL-4396,2026-03-21 22:39:00,7.468845,10.622853,8.7,4.67
T04,GL-4396,2026-03-21 22:40:00,7.468379,10.622674,6.3,3.93
T04,GL-4396,2026-03-21 22:41:00,7.467724,10.622734,6.2,4.17
T04,GL-4396,2026-03-21 22:42:00,7.467178,10.622555,4.1,3.24
T04,GL-4396,2026-03-21 22:43:00,7.466702,10.622413,10.7,3.52
T04,GL-4396,2026-03-21 22:44:00,7.466154,10.622442,5.5,5.27
T04,GL-4396,2026-03-21 22:45:00,7.465653,10.622317,4.1,5.12
T04,GL-4396,2026-03-21 22:46:00,7.46515,10.622317,10.8,4.83
T04,GL-4396,2026-03-21 22:47:00,7.464618,10.622208,8.4,4.71
T04,GL-4396,2026-03-21 22:48:00,7.464033,10.622217,7.2,3.6
T04,GL-4396,2026-03-21 22:49:00,7.463603,10.62202,11.9,4.71
T04,GL-4396,2026-03-21 22:50:00,7.462968,10.621948,11.0,4.5
T04,GL-4396,2026-03-21 22:51:00,7.46252,10.621819,8.0,3.58
T04,GL-4396,2026-03-21 22:52:00,7.4619,10.621685,8.7,3.04
T04,GL-4396,2026-03-21 22:53:00,7.461449,10.621683,11.5,5.44
T04,GL-4396,2026-03-21 22:54:00,7.460835,10.62158,10.7,3.88
T04,GL-4396,2026-03-21 22:55:00,7.460391,10.621463,6.0,2.81
T04,GL-4396,2026-03-21 22:56:00,7.459814,10.621299,6.9,4.51
T04,GL-4396,2026-03-21 22:57:00,7.459394,10.621387,6.4,5.1
T04,GL-4396,2026-03-21 22:58:00,7.458813,10.621314,4.5,3.95
T04,GL-4396,2026-03-21 22:59:00,7.458276,10.621201,9.0,5.25
T04,GL-4396,2026-03-21 23:00:00,7.457733,10.621076,5.2,5.26
T04,GL-4396,2026-03-21 23:01:00,7.457166,10.621023,8.3,4.31
T04,GL-4396,2026-03-21 23:02:00,7.456731,10.620946,4.3,5.38
T04,GL-4396,2026-03-21 23:03:00,7.456075,10.620867,8.3,3.6
T04,GL-4396,2026-03-21 23:04:00,7.455649,10.620709,9.4,5.54
T04,GL-4396,2026-03-21 23:05:00,7.455148,10.620816,5.8,3.18
T04,GL-4396,2026-03-21 23:06:00,7.454576,10.620598,10.6,3.43
T04,GL-4396,2026-03-21 23:07:00,7.454058,10.620584,7.0,3.9
T04,GL-4396,2026-03-21 23:08:00,7.45361,10.620485,11.9,3.57
T04,GL-4396,2026-03-21 23:09:00,7.45304,10.620371,8.1,5.53
T04,GL-4396,2026-03-21 23:10:00,7.452563,10.620327,8.9,4.89
T04,GL-4396,2026-03-21 23:11:00,7.452,10.620257,6.9,4.91
T04,GL-4396,2026-03-21 23:12:00,7.451458,10.620116,5.3,4.81
T04,GL-4396,2026-03-21 23:13:00,7.450863,10.620051,10.7,5.6
T04,GL-4396,2026-03-21 23:14:00,7.450432,10.619993,10.8,5.36
T04,GL-4396,2026-03-21 23:15:00,7.449943,10.619752,5.6,5.12
T04,GL-4396,2026-03-21 23:16:00,7.449229,10.619804,10.2,3.81
T04,GL-4396,2026-03-21 23:17:00,7.448935,10.619754,4.1,4.85
T04,GL-4396,2026-03-21 23:18:00,7.448407,10.619716,10.3,3.71
T04,GL-4396,2026-03-21 23:19:00,7.447846,10.619619,9.9,4.19
T04,GL-4396,2026-03-21 23:20:00,7.447294,10.619529,9.9,3.21
T04,GL-4396,2026-03-21 23:21:00,7.446681,10.619416,5.2,5.11
T04,GL-4396,2026-03-21 23:22:00,7.446245,10.619307,8.0,5.3
T04,GL-4396,2026-03-21 23:23:00,7.445704,10.619357,6.3,3.61
T04,GL-4396,2026-03-21 23:24:00,7.445246,10.619376,5.6,4.78
T04,GL-4396,2026-03-21 23:25:00,7.444582,10.619128,10.1,3.55
T04,GL-4396,2026-03-21 23:26:00,7.444141,10.618979,6.6,3.69
T04,GL-4396,2026-03-21 23:27:00,7.443543,10.618995,9.9,2.99
T04,GL-4396,2026-03-21 23:28:00,7.443236,10.618919,,4.41
T04,GL-4396,2026-03-21 23:29:00,7.442452,10.618844,6.2,3.36
T04,GL-4396,2026-03-21 23:30:00,7.442079,10.618702,10.0,3.71
T04,GL-4396,2026-03-21 23:31:00,7.441442,10.61868,,3.22
T04,GL-4396,2026-03-21 23:32:00,7.440989,10.618587,10.6,4.38
T04,GL-4396,2026-03-21 23:33:00,7.440459,10.61851,6.4,4.17
T04,GL-4396,2026-03-21 23:34:00,7.439942,10.618445,6.8,3.63
T04,GL-4396,2026-03-21 23:35:00,7.439577,10.618371,8.8,3.52
T04,GL-4396,2026-03-21 23:36:00,7.438825,10.618121,9.8,4.62
T04,GL-4396,2026-03-21 23:37:00,7.438327,10.618278,5.0,2.97
T04,GL-4396,2026-03-21 23:38:00,7.43772,10.618096,10.7,3.99
T04,GL-4396,2026-03-21 23:39:00,7.437208,10.618075,4.4,4.69
T04,GL-4396,2026-03-21 23:40:00,7.436705,10.617909,9.7,5.16
T04,GL-4396,2026-03-21 23:41:00,7.436302,10.617841,8.3,4.77
T04,GL-4396,2026-03-21 23:42:00,7.435731,10.617805,11.3,4.51
T04,GL-4396,2026-03-21 23:43:00,7.435293,10.617743,7.2,3.1
T04,GL-4396,2026-03-21 23:44:00,7.434643,10.617617,9.5,4.27
T04,GL-4396,2026-03-21 23:45:00,7.434293,10.61752,5.1,3.25
T04,GL-4396,2026-03-21 23:46:00,7.433602,10.617389,10.7,3.2
T04,GL-4396,2026-03-21 23:47:00,7.433113,10.617429,,4.4
T04,GL-4396,2026-03-21 23:48:00,7.432635,10.617196,8.4,5.32
T04,GL-4396,2026-03-21 23:49:00,7.432115,10.61722,4.4,5.05
T04,GL-4396,2026-03-21 23:50:00,7.431535,10.617136,8.9,4.26
T04,GL-4396,2026-03-21 23:51:00,7.603398,10.617072,8.6,346.7
T04,GL-4396,2026-03-21 23:52:00,7.430475,10.61691,6.0,5.47
T04,GL-4396,2026-03-21 23:53:00,7.430005,10.616856,6.7,4.95
T04,GL-4396,2026-03-21 23:54:00,7.429482,10.616832,6.2,4.67
T04,GL-4396,2026-03-21 23:55:00,7.428945,10.616741,6.5,5.58
T04,GL-4396,2026-03-21 23:56:00,7.428293,10.616705,6.2,3.53
T04,GL-4396,2026-03-21 23:57:00,7.427914,10.616521,8.4,4.06
T04,GL-4396,2026-03-21 23:58:00,7.427396,10.616525,6.7,3.48
T04,GL-4396,2026-03-21 23:59:00,7.426795,10.616486,9.9,4.7
T04,GL-4396,2026-03-22 00:00:00,7.42637,10.616335,7.4,3.07
T04,GL-4396,2026-03-22 00:01:00,7.425703,10.616226,5.1,3.75
T04,GL-4396,2026-03-22 00:02:00,7.42532,10.61611,8.4,4.08
T04,GL-4396,2026-03-22 00:03:00,7.424737,10.616008,5.3,5.03
T04,GL-4396,2026-03-22 00:04:00,7.424292,10.616093,8.1,4.55
T04,GL-4396,2026-03-22 00:05:00,7.423794,10.615902,5.4,2.99
T04,GL-4396,2026-03-22 00:06:00,7.423184,10.615897,11.1,4.94
T04,GL-4396,2026-03-22 00:07:00,7.422662,10.61576,11.5,3.08
T04,GL-4396,2026-03-22 00:08:00,7.422092,10.615747,9.2,5.3
T04,GL-4396,2026-03-22 00:09:00,7.421583,10.615607,6.3,3.56
T04,GL-4396,2026-03-22 00:10:00,7.421007,10.615504,7.4,5.53
T04,GL-4396,2026-03-22 00:11:00,7.420605,10.615478,6.7,5.24
T04,GL-4396,2026-03-22 00:12:00,7.419996,10.615365,10.1,4.05
T04,GL-4396,2026-03-22 00:13:00,7.419628,10.615272,11.3,5.1
T04,GL-4396,2026-03-22 00:14:00,7.418828,10.615237,4.3,3.85
T04,GL-4396,2026-03-22 00:15:00,7.418438,10.615194,6.5,4.3
T04,GL-4396,2026-03-22 00:16:00,7.41794,10.615092,10.5,3.02
T04,GL-4396,2026-03-22 00:17:00,7.417484,10.61495,9.4,4.98
T04,GL-4396,2026-03-22 00:18:00,7.416865,10.614894,9.7,4.85
T04,GL-4396,2026-03-22 00:19:00,7.416403,10.614839,4.1,4.18
T04,GL-4396,2026-03-22 00:20:00,7.415748,10.614841,7.8,2.84
T04,GL-4396,2026-03-22 00:21:00,7.415335,10.614649,5.0,3.96
T04,GL-4396,2026-03-22 00:22:00,7.41482,10.61462,10.6,2.87
T04,GL-4396,2026-03-22 00:23:00,7.41428,10.614529,5.6,4.9
T04,GL-4396,2026-03-22 00:24:00,7.413788,10.614431,4.5,5.42
T04,GL-4396,2026-03-22 00:25:00,7.413108,10.614305,5.2,3.57
T04,GL-4396,2026-03-22 00:26:00,7.412657,10.614333,10.2,3.35
T04,GL-4396,2026-03-22 00:27:00,7.412133,10.614192,11.8,3.55
T04,GL-4396,2026-03-22 00:28:00,7.411681,10.614085,11.4,4.25
T04,GL-4396,2026-03-22 00:29:00,7.41108,10.614025,10.7,4.44
T04,GL-4396,2026-03-22 00:30:00,7.410655,10.613938,11.6,3.45
T04,GL-4396,2026-03-22 00:31:00,7.410075,10.613797,6.8,5.09
T04,GL-4396,2026-03-22 00:32:00,7.409477,10.613736,12.0,5.33
T04,GL-4396,2026-03-22 00:33:00,7.409079,10.613643,11.2,4.15
T04,GL-4396,2026-03-22 00:34:00,7.408509,10.613615,5.1,3.48
T04,GL-4396,2026-03-22 00:35:00,7.407921,10.613371,6.1,4.23
T04,GL-4396,2026-03-22 00:36:00,7.407557,10.613443,8.1,3.02
T04,GL-4396,2026-03-22 00:37:00,7.406882,10.613337,9.4,3.22
T04,GL-4396,2026-03-22 00:38:00,7.406434,10.613289,9.3,4.39
T04,GL-4396,2026-03-22 00:39:00,7.405916,10.613116,11.7,4.19
T04,GL-4396,2026-03-22 00:40:00,7.405383,10.613154,10.0,3.75
T04,GL-4396,2026-03-22 00:41:00,7.404902,10.613006,8.9,4.21
T04,GL-4396,2026-03-22 00:42:00,7.404231,10.612896,11.5,4.56
T04,GL-4396,2026-03-22 00:43:00,7.403727,10.612772,7.9,5.46
T04,GL-4396,2026-03-22 00:44:00,7.403334,10.612797,5.5,4.93
T04,GL-4396,2026-03-22 00:45:00,7.402762,10.612689,10.7,4.54
T04,GL-4396,2026-03-22 00:46:00,7.402267,10.61272,9.3,3.59
T04,GL-4396,2026-03-22 00:47:00,7.401711,10.61258,8.3,3.56
T04,GL-4396,2026-03-22 00:48:00,7.401163,10.612452,8.6,5.47
T04,GL-4396,2026-03-22 00:49:00,7.400619,10.61241,11.7,3.98
T04,GL-4396,2026-03-22 00:50:00,7.400066,10.61234,9.4,2.91
T04,GL-4396,2026-03-22 00:51:00,7.399554,10.612244,7.4,3.53
T04,GL-4396,2026-03-22 00:52:00,7.39902,10.612228,8.6,2.9
T04,GL-4396,2026-03-22 00:53:00,7.398512,10.612044,5.8,4.84
T04,GL-4396,2026-03-22 00:54:00,7.398062,10.611875,9.5,3.9
T04,GL-4396,2026-03-22 00:55:00,7.397544,10.611958,11.7,5.07
T04,GL-4396,2026-03-22 00:56:00,7.396992,10.611847,4.5,5.32
T04,GL-4396,2026-03-22 00:57:00,7.396418,10.611725,11.0,5.26
T04,GL-4396,2026-03-22 00:58:00,7.395901,10.611599,10.3,4.23
T04,GL-4396,2026-03-22 00:59:00,7.395261,10.611637,8.0,5.05
T04,GL-4396,2026-03-22 01:00:00,7.394845,10.611488,7.0,4.93
T04,GL-4396,2026-03-22 01:01:00,7.394305,10.611332,10.5,3.57
T04,GL-4396,2026-03-22 01:02:00,7.393855,10.611411,9.6,4.74
T04,GL-4396,2026-03-22 01:03:00,7.393186,10.611219,10.8,3.73
T04,GL-4396,2026-03-22 01:04:00,7.392748,10.61113,6.8,2.84
T04,GL-4396,2026-03-22 01:05:00,7.392266,10.611107,11.0,2.9
T04,GL-4396,2026-03-22 01:06:00,7.391665,10.611035,11.1,4.67
T04,GL-4396,2026-03-22 01:07:00,7.391254,10.610893,4.9,3.89
T04,GL-4396,2026-03-22 01:08:00,7.390699,10.610886,5.4,3.55
T04,GL-4396,2026-03-22 01:09:00,7.390233,10.610733,6.3,3.8
T04,GL-4396,2026-03-22 01:10:00,7.389655,10.610861,11.0,4.95
T04,GL-4396,2026-03-22 01:11:00,7.389172,10.610713,11.1,4.69
T04,GL-4396,2026-03-22 01:12:00,7.388551,10.610581,6.0,3.94
T04,GL-4396,2026-03-22 01:13:00,7.388149,10.610577,6.8,2.9
T04,GL-4396,2026-03-22 01:14:00,7.38747,10.610405,11.4,4.61
T04,GL-4396,2026-03-22 01:15:00,7.387028,10.610292,8.7,4.33
T04,GL-4396,2026-03-22 01:16:00,7.386468,10.610218,11.6,3.05
T04,GL-4396,2026-03-22 01:17:00,7.386006,10.610156,6.8,5.04
T04,GL-4396,2026-03-22 01:18:00,7.385348,10.610073,5.5,5.39
T04,GL-4396,2026-03-22 01:19:00,7.384909,10.609933,6.4,5.23
T04,GL-4396,2026-03-22 01:20:00,7.384276,10.609925,8.3,5.56
T04,GL-4396,2026-03-22 01:21:00,7.383778,10.609801,7.9,4.76
T04,GL-4396,2026-03-22 01:22:00,7.383325,10.609707,7.8,4.83
T04,GL-4396,2026-03-22 01:23:00,7.382803,10.609609,9.5,4.42
T04,GL-4396,2026-03-22 01:24:00,7.382132,10.60965,4.9,3.97
T04,GL-4396,2026-03-22 01:25:00,7.381895,10.609449,7.7,5.37
T04,GL-4396,2026-03-22 01:26:00,7.381265,10.609296,11.9,4.49
T04,GL-4396,2026-03-22 01:27:00,7.380722,10.609417,10.1,4.56
T04,GL-4396,2026-03-22 01:28:00,7.380237,10.609254,6.7,4.77
T04,GL-4396,2026-03-22 01:29:00,7.379636,10.609144,9.5,4.82
T04,GL-4396,2026-03-22 01:30:00,7.37918,10.609147,8.0,4.72
T04,GL-4396,2026-03-22 01:31:00,7.378535,10.609051,8.4,3.29
T04,GL-4396,2026-03-22 01:32:00,7.378165,10.608852,9.1,4.74
T04,GL-4396,2026-03-22 01:33:00,7.377654,10.608931,10.0,4.42
T04,GL-4396,2026-03-22 01:34:00,7.376901,10.608785,9.7,3.01
T04,GL-4396,2026-03-22 01:35:00,7.376481,10.608687,8.5,3.94
T04,GL-4396,2026-03-22 01:36:00,7.376094,10.608639,8.6,3.94
T04,GL-4396,2026-03-22 01:37:00,7.375539,10.608498,8.5,3.36
T04,GL-4396,2026-03-22 01:38:00,7.374884,10.608385,10.5,5.38
T04,GL-4396,2026-03-22 01:39:00,7.374413,10.60859,9.0,3.29
T04,GL-4396,2026-03-22 01:40:00,7.373915,10.608314,9.0,4.16
T04,GL-4396,2026-03-22 01:41:00,7.373323,10.608283,7.9,4.34
T04,GL-4396,2026-03-22 01:42:00,7.372748,10.608088,4.8,3.72
T04,GL-4396,2026-03-22 01:43:00,7.37229,10.608041,7.4,5.22
T04,GL-4396,2026-03-22 01:44:00,7.371883,10.60796,4.6,3.28
T04,GL-4396,2026-03-22 01:45:00,7.371228,10.607904,4.7,4.51
T04,GL-4396,2026-03-22 01:46:00,7.370807,10.607874,4.1,4.23
T04,GL-4396,2026-03-22 01:47:00,7.370224,10.607631,10.8,5.58
T04,GL-4396,2026-03-22 01:48:00,7.369751,10.607603,8.6,3.54
T04,GL-4396,2026-03-22 01:49:00,7.369159,10.607489,9.1,3.41
T04,GL-4396,2026-03-22 01:50:00,7.368731,10.607565,5.7,3.44
T04,GL-4396,2026-03-22 01:51:00,7.368213,10.607394,10.2,4.5
T04,GL-4396,2026-03-22 01:52:00,7.367592,10.607391,5.2,5.09
T04,GL-4396,2026-03-22 01:53:00,7.36707,10.607306,11.9,3.86
T04,GL-4396,2026-03-22 01:54:00,7.366635,10.607176,6.9,5.06
T04,GL-4396,2026-03-22 01:55:00,7.366003,10.607034,9.5,3.36
T04,GL-4396,2026-03-22 01:56:00,7.365626,10.607026,4.9,4.2
T04,GL-4396,2026-03-22 01:57:00,7.365004,10.607058,7.4,4.85
T04,GL-4396,2026-03-22 01:58:00,7.364369,10.606876,4.0,2.91
T04,GL-4396,2026-03-22 01:59:00,7.363897,10.606783,7.3,5.22
T04,GL-4396,2026-03-22 02:00:00,7.363397,10.606846,6.0,3.49
T04,GL-4396,2026-03-22 02:01:00,7.362885,10.606649,8.5,3.75
T04,GL-4396,2026-03-22 02:02:00,7.362439,10.606611,8.3,5.3
T04,GL-4396,2026-03-22 02:03:00,7.361908,10.606467,11.5,4.81
T04,GL-4396,2026-03-22 02:04:00,7.361349,10.606454,11.6,3.89
T04,GL-4396,2026-03-22 02:05:00,7.360852,10.606269,7.2,5.54
T04,GL-4396,2026-03-22 02:06:00,7.36021,10.606255,8.2,2.84
T04,GL-4396,2026-03-22 02:07:00,7.359847,10.606141,7.0,3.13
T04,GL-4396,2026-03-22 02:08:00,7.359289,10.606054,10.7,3.97
T04,GL-4396,2026-03-22 02:09:00,7.358641,10.605957,5.2,2.82
T04,GL-4396,2026-03-22 02:10:00,7.358207,10.605966,4.6,3.42
T04,GL-4396,2026-03-22 02:11:00,7.357726,10.605743,4.7,4.64
T04,GL-4396,2026-03-22 02:12:00,7.357175,10.605765,11.2,3.49
T04,GL-4396,2026-03-22 02:13:00,7.356633,10.605593,8.1,3.71
T04,GL-4396,2026-03-22 02:14:00,7.356059,10.605492,8.6,3.02
T04,GL-4396,2026-03-22 02:15:00,7.575118,10.605578,11.9,152.81
T04,GL-4396,2026-03-22 02:16:00,7.35504,10.60531,8.4,5.34
T04,GL-4396,2026-03-22 02:17:00,7.354486,10.605326,8.3,3.21
T04,GL-4396,2026-03-22 02:18:00,7.353949,10.605322,8.9,4.66
T04,GL-4396,2026-03-22 02:19:00,7.353504,10.605237,10.0,4.11
T04,GL-4396,2026-03-22 02:20:00,7.352977,10.605117,5.6,4.07
T04,GL-4396,2026-03-22 02:21:00,7.352385,10.604976,4.9,4.7
T04,GL-4396,2026-03-22 02:22:00,7.351968,10.604959,11.2,3.1
T04,GL-4396,2026-03-22 02:23:00,7.351322,10.604831,8.9,4.47
T04,GL-4396,2026-03-22 02:24:00,7.350764,10.60472,8.7,4.66
T04,GL-4396,2026-03-22 02:25:00,7.350229,10.604697,8.3,3.06
T04,GL-4396,2026-03-22 02:26:00,7.349796,10.604542,5.9,4.54
T04,GL-4396,2026-03-22 02:27:00,7.349251,10.604497,6.1,3.71
T04,GL-4396,2026-03-22 02:28:00,7.348719,10.604473,11.8,3.58
T04,GL-4396,2026-03-22 02:29:00,7.348256,10.604414,10.5,3.18
T04,GL-4396,2026-03-22 02:30:00,7.347825,10.604261,6.5,3.66
T04,GL-4396,2026-03-22 02:31:00,7.347137,10.604218,8.0,3.83
T04,GL-4396,2026-03-22 02:32:00,7.3467,10.604074,7.4,5.25
T04,GL-4396,2026-03-22 02:33:00,7.346076,10.604043,9.4,3.6
T04,GL-4396,2026-03-22 02:34:00,7.3456,10.603905,4.9,4.61
T04,GL-4396,2026-03-22 02:35:00,7.345026,10.60384,5.2,3.25
T04,GL-4396,2026-03-22 02:36:00,7.344567,10.603782,8.4,3.99
T04,GL-4396,2026-03-22 02:37:00,7.344041,10.603763,7.3,4.19
T04,GL-4396,2026-03-22 02:38:00,7.343585,10.603686,5.3,3.39
T04,GL-4396,2026-03-22 02:39:00,7.342995,10.603514,9.3,3.33
T04,GL-4396,2026-03-22 02:40:00,7.342353,10.603491,4.6,4.49
T04,GL-4396,2026-03-22 02:41:00,7.342009,10.60344,9.1,3.4
T04,GL-4396,2026-03-22 02:42:00,7.341375,10.603274,10.4,4.67
T04,GL-4396,2026-03-22 02:43:00,7.340916,10.603254,5.6,4.68
T04,GL-4396,2026-03-22 02:44:00,7.340402,10.603295,6.0,4.81
T04,GL-4396,2026-03-22 02:45:00,7.339787,10.603021,11.2,3.47
T04,GL-4396,2026-03-22 02:46:00,7.339262,10.603066,10.0,3.6
T04,GL-4396,2026-03-22 02:47:00,7.338836,10.602979,4.8,3.53
T04,GL-4396,2026-03-22 02:48:00,7.338194,10.602899,9.1,4.88
T04,GL-4396,2026-03-22 02:49:00,7.337728,10.602704,11.9,4.5
T04,GL-4396,2026-03-22 02:50:00,7.33724,10.602704,4.4,4.88
T04,GL-4396,2026-03-22 02:51:00,7.33665,10.602621,4.7,2.92
T04,GL-4396,2026-03-22 02:52:00,7.336224,10.602491,7.9,4.29
T04,GL-4396,2026-03-22 02:53:00,7.335507,10.602414,10.9,3.1
T04,GL-4396,2026-03-22 02:54:00,7.335191,10.602321,11.2,4.63
T04,GL-4396,2026-03-22 02:55:00,7.334597,10.602275,9.8,3.98
T04,GL-4396,2026-03-22 02:56:00,7.333969,10.602099,9.6,4.39
T04,GL-4396,2026-03-22 02:57:00,7.333601,10.602229,5.2,3.37
T04,GL-4396,2026-03-22 02:58:00,7.333009,10.601882,4.4,4.09
T04,GL-4396,2026-03-22 02:59:00,7.332443,10.601941,6.2,5.31
T04,GL-4396,2026-03-22 03:00:00,7.331936,10.601877,7.5,3.27
T04,GL-4396,2026-03-22 03:01:00,7.331474,10.601792,6.6,4.92
T04,GL-4396,2026-03-22 03:02:00,7.330937,10.601661,10.8,5.58
T04,GL-4396,2026-03-22 03:03:00,7.460319,10.601575,7.3,147.47
T04,GL-4396,2026-03-22 03:04:00,7.33004,10.601699,8.0,4.94
T04,GL-4396,2026-03-22 03:05:00,7.32937,10.601485,11.2,3.76
T04,GL-4396,2026-03-22 03:06:00,7.328894,10.601372,5.5,5.16
T04,GL-4396,2026-03-22 03:07:00,7.328352,10.601401,7.4,4.39
T04,GL-4396,2026-03-22 03:08:00,7.327827,10.60122,7.5,3.41
T04,GL-4396,2026-03-22 03:09:00,7.327284,10.601219,7.5,5.32
T04,GL-4396,2026-03-22 03:10:00,7.326684,10.601104,10.4,3.85
T04,GL-4396,2026-03-22 03:11:00,7.326228,10.600932,11.2,3.24
T04,GL-4396,2026-03-22 03:12:00,7.325673,10.600929,6.9,5.36
T04,GL-4396,2026-03-22 03:13:00,7.325094,10.600712,5.1,5.4
T04,GL-4396,2026-03-22 03:14:00,7.324711,10.600706,11.3,3.25
T04,GL-4396,2026-03-22 03:15:00,7.324191,10.600608,8.8,3.13
T04,GL-4396,2026-03-22 03:16:00,7.323599,10.600566,9.0,3.47
T04,GL-4396,2026-03-22 03:17:00,7.323066,10.600529,4.2,4.81
T04,GL-4396,2026-03-22 03:18:00,7.322538,10.6005,4.8,3.1
T04,GL-4396,2026-03-22 03:19:00,7.321946,10.600383,4.5,4.4
T04,GL-4396,2026-03-22 03:20:00,7.321528,10.600314,9.1,2.99
T04,GL-4396,2026-03-22 03:21:00,7.321013,10.600196,11.7,4.6
T04,GL-4396,2026-03-22 03:22:00,7.320491,10.59995,5.2,4.69
T04,GL-4396,2026-03-22 03:23:00,7.320052,10.600048,11.9,4.8
T04,GL-4396,2026-03-22 03:24:00,7.319385,10.599994,9.5,3.35
T04,GL-4396,2026-03-22 03:25:00,7.318947,10.599916,5.0,4.75
T04,GL-4396,2026-03-22 03:26:00,7.318362,10.59983,4.5,2.86
T04,GL-4396,2026-03-22 03:27:00,7.317916,10.599699,,4.32
T04,GL-4396,2026-03-22 03:28:00,7.317224,10.599637,11.6,3.46
T04,GL-4396,2026-03-22 03:29:00,7.316815,10.59969,7.3,3.31
T04,GL-4396,2026-03-22 03:30:00,7.316232,10.599576,,5.17
T04,GL-4396,2026-03-22 03:31:00,7.315632,10.599486,4.5,4.88
T04,GL-4396,2026-03-22 03:32:00,7.315048,10.599324,11.9,5.4
T04,GL-4396,2026-03-22 03:33:00,7.314733,10.599217,11.0,3.88
T04,GL-4396,2026-03-22 03:34:00,7.314172,10.5992,11.8,5.13
T04,GL-4396,2026-03-22 03:35:00,7.313669,10.599107,9.2,2.89
T04,GL-4396,2026-03-22 03:36:00,7.313141,10.598972,7.0,3.13
T04,GL-4396,2026-03-22 03:37:00,7.312573,10.599035,7.7,3.95
T04,GL-4396,2026-03-22 03:38:00,7.312011,10.598841,6.8,5.55
T04,GL-4396,2026-03-22 03:39:00,7.31164,10.598808,5.8,3.26
T04,GL-4396,2026-03-22 03:40:00,7.311015,10.598704,5.5,5.23
T04,GL-4396,2026-03-22 03:41:00,7.31045,10.598616,9.6,4.95
T04,GL-4396,2026-03-22 03:42:00,7.310031,10.598502,4.4,3.37
T04,GL-4396,2026-03-22 03:43:00,7.309588,10.598581,5.5,3.11
T04,GL-4396,2026-03-22 03:44:00,7.30897,10.598345,4.3,5.24
T04,GL-4396,2026-03-22 03:45:00,7.308372,10.598328,9.0,4.53
T04,GL-4396,2026-03-22 03:46:00,7.307938,10.598192,5.4,3.61
T04,GL-4396,2026-03-22 03:47:00,7.307451,10.598175,4.3,5.35
T04,GL-4396,2026-03-22 03:48:00,7.306777,10.5981,8.7,3.41
T04,GL-4396,2026-03-22 03:49:00,7.30633,10.597891,,5.53
T04,GL-4396,2026-03-22 03:50:00,7.305754,10.59789,10.3,4.08
T04,GL-4396,2026-03-22 03:51:00,7.305266,10.597771,9.2,3.06
T04,GL-4396,2026-03-22 03:52:00,7.304661,10.597634,7.1,4.05
T04,GL-4396,2026-03-22 03:53:00,7.304256,10.597663,6.6,5.2
T04,GL-4396,2026-03-22 03:54:00,7.303707,10.5975,4.4,3.91
T04,GL-4396,2026-03-22 03:55:00,7.303178,10.597456,4.7,3.66
T04,GL-4396,2026-03-22 03:56:00,7.302814,10.597285,9.2,4.41
T04,GL-4396,2026-03-22 03:57:00,7.302059,10.597392,11.4,3.54
T04,GL-4396,2026-03-22 03:58:00,7.301739,10.597238,4.0,4.5
T04,GL-4396,2026-03-22 03:59:00,7.301056,10.597196,6.7,5.05
T04,GL-4396,2026-03-22 04:00:00,7.300559,10.59707,6.1,3.62
T04,GL-4396,2026-03-22 04:01:00,7.299971,10.597069,4.1,5.52
T04,GL-4396,2026-03-22 04:02:00,7.299497,10.59697,10.1,4.84
T04,GL-4396,2026-03-22 04:03:00,7.298919,10.596917,7.8,4.26
T04,GL-4396,2026-03-22 04:04:00,7.298431,10.596808,7.1,5.22
T04,GL-4396,2026-03-22 04:05:00,7.297871,10.596775,8.2,4.29
T04,GL-4396,2026-03-22 04:06:00,7.297501,10.596641,10.9,5.2
T04,GL-4396,2026-03-22 04:07:00,7.296829,10.596578,6.0,4.05
T04,GL-4396,2026-03-22 04:08:00,7.296294,10.596555,11.0,4.6
T04,GL-4396,2026-03-22 04:09:00,7.295846,10.596394,10.3,5.22
T04,GL-4396,2026-03-22 04:10:00,7.295332,10.596304,4.9,4.12
T04,GL-4396,2026-03-22 04:11:00,7.294754,10.596275,4.4,4.35
T04,GL-4396,2026-03-22 04:12:00,7.294349,10.596154,5.3,3.33
T04,GL-4396,2026-03-22 04:13:00,7.293792,10.595991,5.0,4.22
T04,GL-4396,2026-03-22 04:14:00,7.293214,10.596009,7.7,3.17
T04,GL-4396,2026-03-22 04:15:00,7.292786,10.595847,8.4,2.88
T04,GL-4396,2026-03-22 04:16:00,7.292162,10.595854,5.0,3.09
T04,GL-4396,2026-03-22 04:17:00,7.29162,10.595747,6.2,5.39
T04,GL-4396,2026-03-22 04:18:00,7.291162,10.59564,11.0,3.91
T04,GL-4396,2026-03-22 04:19:00,7.290556,10.595658,8.0,4.33
T04,GL-4396,2026-03-22 04:20:00,7.289982,10.595516,11.5,3.12
T04,GL-4396,2026-03-22 04:21:00,7.289565,10.595406,9.7,3.28
T04,GL-4396,2026-03-22 04:22:00,7.288946,10.59528,9.1,3.9
T04,GL-4396,2026-03-22 04:23:00,7.288533,10.595205,10.1,5.15
T04,GL-4396,2026-03-22 04:24:00,7.287851,10.595099,6.3,2.99
T04,GL-4396,2026-03-22 04:25:00,7.287444,10.594999,6.0,3.47
T04,GL-4396,2026-03-22 04:26:00,7.286844,10.595103,5.8,4.41
T04,GL-4396,2026-03-22 04:27:00,7.286421,10.594872,8.7,5.08
T04,GL-4396,2026-03-22 04:28:00,7.285921,10.594955,10.0,4.29
T04,GL-4396,2026-03-22 04:29:00,7.285399,10.59475,5.9,3.63
T04,GL-4396,2026-03-22 04:30:00,7.284719,10.594687,4.9,3.22
T04,GL-4396,2026-03-22 04:31:00,7.284319,10.594572,8.8,4.12
T04,GL-4396,2026-03-22 04:32:00,7.283834,10.594411,6.7,3.4
T04,GL-4396,2026-03-22 04:33:00,7.344481,10.594507,7.0,200.81
T04,GL-4396,2026-03-22 04:34:00,7.282775,10.594401,6.2,5.24
T04,GL-4396,2026-03-22 04:35:00,7.282284,10.594235,10.9,3.9
T04,GL-4396,2026-03-22 04:36:00,7.281582,10.594247,5.6,4.38
T04,GL-4396,2026-03-22 04:37:00,7.281211,10.594059,8.1,3.72
T04,GL-4396,2026-03-22 04:38:00,7.280632,10.594114,10.3,5.46
T04,GL-4396,2026-03-22 04:39:00,7.280136,10.593968,10.8,4.76
T04,GL-4396,2026-03-22 04:40:00,7.279529,10.593949,8.6,4.27
T04,GL-4396,2026-03-22 04:41:00,7.279043,10.593815,11.8,4.27
T04,GL-4396,2026-03-22 04:42:00,7.278521,10.59376,7.1,3.5
T04,GL-4396,2026-03-22 04:43:00,7.277984,10.593748,7.3,3.42
T04,GL-4396,2026-03-22 04:44:00,7.277568,10.593603,8.9,4.66
T04,GL-4396,2026-03-22 04:45:00,7.27687,10.593624,,2.82
T04,GL-4396,2026-03-22 04:46:00,7.276538,10.593425,6.5,5.04
T04,GL-4396,2026-03-22 04:47:00,7.27587,10.593266,9.8,3.84
T04,GL-4396,2026-03-22 04:48:00,7.275315,10.593167,9.2,3.04
T04,GL-4396,2026-03-22 04:49:00,7.274827,10.59309,7.9,5.55
T04,GL-4396,2026-03-22 04:50:00,7.274324,10.593026,6.5,4.86
T04,GL-4396,2026-03-22 04:51:00,7.273768,10.593051,7.5,4.55
T04,GL-4396,2026-03-22 04:52:00,7.273168,10.59289,10.3,5.22
T04,GL-4396,2026-03-22 04:53:00,7.272715,10.592819,8.7,5.3
T04,GL-4396,2026-03-22 04:54:00,7.272164,10.592751,6.5,4.1
T04,GL-4396,2026-03-22 04:55:00,7.271774,10.592681,9.0,3.85
T04,GL-4396,2026-03-22 04:56:00,7.271232,10.592566,5.2,4.48
T04,GL-4396,2026-03-22 04:57:00,7.270706,10.592515,6.2,3.81
T04,GL-4396,2026-03-22 04:58:00,7.270167,10.592517,9.8,4.09
T04,GL-4396,2026-03-22 04:59:00,7.269601,10.592279,8.5,5.18
T04,GL-4396,2026-03-22 05:00:00,7.269143,10.592297,9.0,4.48
T04,GL-4396,2026-03-22 05:01:00,7.268598,10.592237,5.7,3.1
T04,GL-4396,2026-03-22 05:02:00,7.268131,10.592205,7.3,5.51
T04,GL-4396,2026-03-22 05:03:00,7.267529,10.592084,9.4,5.57
T04,GL-4396,2026-03-22 05:04:00,7.267031,10.592067,8.0,4.39
T04,GL-4396,2026-03-22 05:05:00,7.266454,10.591897,8.6,3.99
T04,GL-4396,2026-03-22 05:06:00,7.266047,10.591633,6.5,4.12
T04,GL-4396,2026-03-22 05:07:00,7.265448,10.591643,5.0,4.43
T04,GL-4396,2026-03-22 05:08:00,7.265032,10.59163,8.0,4.64
T04,GL-4396,2026-03-22 05:09:00,7.264396,10.591607,6.6,3.96
T04,GL-4396,2026-03-22 05:10:00,7.26392,10.591553,11.7,4.96
T04,GL-4396,2026-03-22 05:11:00,7.263358,10.59135,,4.54
T04,GL-4396,2026-03-22 05:12:00,7.262853,10.591326,6.9,2.85
T04,GL-4396,2026-03-22 05:13:00,7.262338,10.591279,9.9,5.32
T04,GL-4396,2026-03-22 05:14:00,7.261784,10.591092,,3.2
T04,GL-4396,2026-03-22 05:15:00,7.261249,10.591075,9.1,3.3
T04,GL-4396,2026-03-22 05:16:00,7.260731,10.591063,6.2,4.63
T04,GL-4396,2026-03-22 05:17:00,7.260287,10.590931,8.6,2.85
T04,GL-4396,2026-03-22 05:18:00,7.259649,10.590929,5.6,3.01
T04,GL-4396,2026-03-22 05:19:00,7.259119,10.5908,10.1,3.81
T04,GL-4396,2026-03-22 05:20:00,7.258674,10.590701,9.8,3.72
T04,GL-4396,2026-03-22 05:21:00,7.258006,10.590583,5.0,4.17
T04,GL-4396,2026-03-22 05:22:00,7.257618,10.590549,5.1,4.24
T04,GL-4396,2026-03-22 05:23:00,7.257046,10.590504,6.6,3.39
T04,GL-4396,2026-03-22 05:24:00,7.25645,10.590209,4.2,4.36
T04,GL-4396,2026-03-22 05:25:00,7.256051,10.590326,4.7,5.56
T04,GL-4396,2026-03-22 05:26:00,7.255489,10.590214,4.6,5.52
T04,GL-4396,2026-03-22 05:27:00,7.254896,10.590161,11.0,4.0
T04,GL-4396,2026-03-22 05:28:00,7.254451,10.590035,6.3,3.27
T04,GL-4396,2026-03-22 05:29:00,7.253979,10.589935,8.0,5.57
T04,GL-4396,2026-03-22 05:30:00,7.253394,10.589927,5.0,3.82
T04,GL-4396,2026-03-22 05:31:00,7.252884,10.589758,8.4,2.92
T04,GL-4396,2026-03-22 05:32:00,7.252311,10.58973,4.5,4.39
T04,GL-4396,2026-03-22 05:33:00,7.251837,10.589712,6.1,3.4
T04,GL-4396,2026-03-22 05:34:00,7.251241,10.589619,8.9,4.92
T04,GL-4396,2026-03-22 05:35:00,7.250664,10.589532,,5.52
T04,GL-4396,2026-03-22 05:36:00,7.250341,10.58935,7.7,4.46
T04,GL-4396,2026-03-22 05:37:00,7.24968,10.589264,5.4,3.13
T04,GL-4396,2026-03-22 05:38:00,7.249118,10.589207,4.3,4.32
T04,GL-4396,2026-03-22 05:39:00,7.24856,10.589125,10.9,5.12
T04,GL-4396,2026-03-22 05:40:00,7.248,10.589153,11.8,3.59
T04,GL-4396,2026-03-22 05:41:00,7.247541,10.588911,5.7,3.44
T04,GL-4396,2026-03-22 05:42:00,7.247022,10.58893,6.7,3.79
T04,GL-4396,2026-03-22 05:43:00,7.246559,10.588842,8.8,4.67
T04,GL-4396,2026-03-22 05:44:00,7.245962,10.58865,4.9,4.84
T04,GL-4396,2026-03-22 05:45:00,7.245592,10.588733,12.0,3.33
T04,GL-4396,2026-03-22 05:46:00,7.245016,10.588627,9.9,4.35
T04,GL-4396,2026-03-22 05:47:00,7.24436,10.588536,9.1,3.3
T04,GL-4396,2026-03-22 05:48:00,7.243898,10.588426,5.6,3.39
T04,GL-4396,2026-03-22 05:49:00,7.243462,10.588438,8.3,3.96
T04,GL-4396,2026-03-22 05:50:00,7.242848,10.58832,7.5,3.39
T04,GL-4396,2026-03-22 05:51:00,7.242389,10.588238,11.6,4.66
T04,GL-4396,2026-03-22 05:52:00,7.241945,10.588038,11.8,3.27
T04,GL-4396,2026-03-22 05:53:00,7.241342,10.58807,9.0,3.62
T04,GL-4396,2026-03-22 05:54:00,7.240816,10.588004,9.5,3.58
T04,GL-4396,2026-03-22 05:55:00,7.240325,10.587848,5.0,5.18
T04,GL-4396,2026-03-22 05:56:00,7.239767,10.587872,4.1,3.87
T04,GL-4396,2026-03-22 05:57:00,7.239346,10.587832,6.8,3.8
T04,GL-4396,2026-03-22 05:58:00,7.23872,10.587631,5.0,3.94
T04,GL-4396,2026-03-22 05:59:00,7.238179,10.587639,11.7,5.2
T04,GL-4396,2026-03-22 06:00:00,7.237628,10.587496,8.3,5.27
T04,GL-4396,2026-03-22 06:01:00,7.23715,10.587474,,4.78
T04,GL-4396,2026-03-22 06:02:00,7.236717,10.58733,6.5,3.24
T04,GL-4396,2026-03-22 06:03:00,7.236105,10.587108,5.2,4.74
T04,GL-4396,2026-03-22 06:04:00,7.235547,10.587204,4.4,4.64
T04,GL-4396,2026-03-22 06:05:00,7.234975,10.58717,9.6,4.7
T04,GL-4396,2026-03-22 06:06:00,7.23451,10.587034,9.3,5.21
T04,GL-4396,2026-03-22 06:07:00,7.233889,10.586905,10.1,3.04
T04,GL-4396,2026-03-22 06:08:00,7.233423,10.586769,10.2,2.81
T04,GL-4396,2026-03-22 06:09:00,7.232985,10.58677,10.6,5.15
T04,GL-4396,2026-03-22 06:10:00,7.232408,10.586778,4.4,5.04
T04,GL-4396,2026-03-22 06:11:00,7.231966,10.586538,4.4,4.76
T04,GL-4396,2026-03-22 06:12:00,7.231276,10.586515,5.3,5.39
T04,GL-4396,2026-03-22 06:13:00,7.230852,10.586447,9.6,4.64
T04,GL-4396,2026-03-22 06:14:00,7.230224,10.586305,5.1,3.81
T04,GL-4396,2026-03-22 06:15:00,7.229775,10.586261,11.4,5.46
T04,GL-4396,2026-03-22 06:16:00,7.22915,10.586141,11.3,5.45
T04,GL-4396,2026-03-22 06:17:00,7.228911,10.586149,11.0,3.7
T04,GL-4396,2026-03-22 06:18:00,7.228256,10.585937,5.7,3.81
T04,GL-4396,2026-03-22 06:19:00,7.228366,10.586035,6.5,0.34
T04,GL-4396,2026-03-22 06:20:00,7.228237,10.586059,7.4,0.27
T04,GL-4396,2026-03-22 06:21:00,7.228191,10.586149,7.2,0.88
T04,GL-4396,2026-03-22 06:22:00,7.228288,10.586056,4.7,0.01
T04,GL-4396,2026-03-22 06:23:00,7.228266,10.585933,4.8,0.39
T04,GL-4396,2026-03-22 06:24:00,7.228186,10.585956,6.5,0.69
T04,GL-4396,2026-03-22 06:25:00,7.228078,10.586038,7.8,0.34
T04,GL-4396,2026-03-22 06:26:00,7.228261,10.586072,9.6,0.48
T04,GL-4396,2026-03-22 06:27:00,7.228207,10.586075,8.2,0.57
T04,GL-4396,2026-03-22 06:28:00,7.228157,10.586002,8.8,0.1
T04,GL-4396,2026-03-22 06:29:00,7.228285,10.585978,6.0,0.63
T04,GL-4396,2026-03-22 06:30:00,7.22823,10.586114,11.9,0.41
T04,GL-4396,2026-03-22 06:31:00,7.228274,10.586065,5.4,0.9
T04,GL-4396,2026-03-22 06:32:00,7.228137,10.585736,7.8,0.14
T04,GL-4396,2026-03-22 06:33:00,7.228246,10.586214,10.7,0.4
T04,GL-4396,2026-03-22 06:34:00,7.228152,10.586029,4.3,0.66
T04,GL-4396,2026-03-22 06:35:00,7.228197,10.586037,6.3,0.9
T04,GL-4396,2026-03-22 06:36:00,7.228245,10.586043,11.0,0.08
T04,GL-4396,2026-03-22 06:37:00,7.228123,10.586042,7.2,0.75
T04,GL-4396,2026-03-22 06:38:00,7.228209,10.585946,8.3,0.44
T04,GL-4396,2026-03-22 06:39:00,7.228172,10.586032,6.1,0.25
T04,GL-4396,2026-03-22 06:40:00,7.228191,10.585997,7.2,0.36
T04,GL-4396,2026-03-22 06:41:00,7.22829,10.585874,6.0,0.39
T04,GL-4396,2026-03-22 06:42:00,7.228259,10.585935,4.8,0.18
T04,GL-4396,2026-03-22 06:43:00,7.228327,10.58592,10.6,0.74
T04,GL-4396,2026-03-22 06:44:00,7.228295,10.586102,9.7,0.73
T04,GL-4396,2026-03-22 06:45:00,7.228212,10.586018,4.4,0.36
