team_id,logger_id,timestamp,longitude,latitude,accuracy_m,speed_kmh
T07,GL-4592,2026-03-13 07:06:00,7.366962,11.266151,23.3,3.19
T07,GL-4592,2026-03-13 07:07:00,7.366336,11.265957,42.9,5.34
T07,GL-4592,2026-03-13 07:08:00,7.36631,11.265328,54.5,4.02
T07,GL-4592,2026-03-13 07:09:00,7.365831,11.265239,55.2,4.55
T07,GL-4592,2026-03-13 07:10:00,7.365679,11.264422,54.6,2.94
T07,GL-4592,2026-03-13 07:11:00,7.364549,11.264145,51.5,3.87
T07,GL-4592,2026-03-13 07:12:00,7.364394,11.263995,28.0,5.24
T07,GL-4592,2026-03-13 07:13:00,7.364191,11.263491,26.4,5.54
T07,GL-4592,2026-03-13 07:14:00,7.363145,11.263089,24.3,3.5
T07,GL-4592,2026-03-13 07:15:00,7.363008,11.262861,35.3,4.26
T07,GL-4592,2026-03-13 07:16:00,7.362443,11.262408,54.1,3.9
T07,GL-4592,2026-03-13 07:17:00,7.3622,11.261606,38.4,4.39
T07,GL-4592,2026-03-13 07:18:00,7.36172,11.261659,43.8,3.99
T07,GL-4592,2026-03-13 07:19:00,7.361143,11.261115,20.9,0.04
T07,GL-4592,2026-03-13 07:20:00,7.361455,11.261549,46.9,0.41
T07,GL-4592,2026-03-13 07:21:00,7.361398,11.262017,19.9,0.24
T07,GL-4592,2026-03-13 07:22:00,7.361682,11.261231,31.8,0.52
T07,GL-4592,2026-03-13 07:23:00,7.361922,11.261121,43.3,0.25
T07,GL-4592,2026-03-13 07:24:00,7.362169,11.261607,18.8,0.65
T07,GL-4592,2026-03-13 07:25:00,7.361975,11.261046,18.9,0.66
T07,GL-4592,2026-03-13 07:26:00,7.360926,11.261935,31.6,0.55
T07,GL-4592,2026-03-13 07:27:00,7.361846,11.261884,18.6,0.69
T07,GL-4592,2026-03-13 07:28:00,7.361458,11.261403,30.6,0.55
T07,GL-4592,2026-03-13 07:29:00,7.361596,11.260936,30.1,0.62
T07,GL-4592,2026-03-13 07:30:00,7.779905,11.261535,56.1,477.28
T07,GL-4592,2026-03-13 07:31:00,7.361682,11.261286,26.3,0.75
T07,GL-4592,2026-03-13 07:32:00,7.361847,11.261612,,0.31
T07,GL-4592,2026-03-13 07:33:00,7.361992,11.26164,34.2,0.73
T07,GL-4592,2026-03-13 07:34:00,7.362243,11.261387,23.2,3.0
T07,GL-4592,2026-03-13 07:35:00,7.362685,11.260669,14.0,4.9
T07,GL-4592,2026-03-13 07:36:00,7.363375,11.260401,15.3,4.02
T07,GL-4592,2026-03-13 07:37:00,7.363947,11.260022,50.5,4.47
T07,GL-4592,2026-03-13 07:38:00,7.364557,11.259813,27.0,3.26
T07,GL-4592,2026-03-13 07:39:00,7.365083,11.259087,23.0,2.98
T07,GL-4592,2026-03-13 07:40:00,7.36579,11.258443,56.5,5.46
T07,GL-4592,2026-03-13 07:41:00,7.366242,11.258103,17.5,3.48
T07,GL-4592,2026-03-13 07:42:00,7.366124,11.258164,34.7,4.14
T07,GL-4592,2026-03-13 07:43:00,7.367587,11.257751,29.9,3.21
T07,GL-4592,2026-03-13 07:44:00,7.368106,11.25766,45.6,5.3
T07,GL-4592,2026-03-13 07:45:00,7.368647,11.256999,45.3,4.81
T07,GL-4592,2026-03-13 07:46:00,7.369085,11.256458,36.1,3.42
T07,GL-4592,2026-03-13 07:47:00,7.369594,11.256237,49.4,5.47
T07,GL-4592,2026-03-13 07:48:00,7.370747,11.255765,55.9,3.18
T07,GL-4592,2026-03-13 07:49:00,7.370942,11.255207,18.1,4.32
T07,GL-4592,2026-03-13 07:50:00,7.371834,11.255162,26.3,3.92
T07,GL-4592,2026-03-13 07:51:00,7.372209,11.254687,20.1,0.79
T07,GL-4592,2026-03-13 07:52:00,7.371092,11.254732,35.0,0.68
T07,GL-4592,2026-03-13 07:53:00,7.371394,11.254719,50.5,0.31
T07,GL-4592,2026-03-13 07:54:00,7.371389,11.254981,39.2,0.8
T07,GL-4592,2026-03-13 07:55:00,7.371383,11.255204,31.2,0.79
T07,GL-4592,2026-03-13 07:56:00,7.371738,11.254928,50.5,0.41
T07,GL-4592,2026-03-13 07:57:00,7.371573,11.254685,19.4,0.54
T07,GL-4592,2026-03-13 07:58:00,7.371493,11.254919,47.1,0.61
T07,GL-4592,2026-03-13 07:59:00,7.371396,11.25482,57.4,0.63
T07,GL-4592,2026-03-13 08:00:00,7.371086,11.254992,26.3,0.18
T07,GL-4592,2026-03-13 08:01:00,7.371562,11.255246,22.0,0.78
T07,GL-4592,2026-03-13 08:02:00,7.371758,11.254931,25.3,0.02
T07,GL-4592,2026-03-13 08:03:00,7.371263,11.254933,49.6,0.22
T07,GL-4592,2026-03-13 08:04:00,7.371795,11.255207,57.0,0.65
T07,GL-4592,2026-03-13 08:05:00,7.371873,11.255702,26.5,0.75
T07,GL-4592,2026-03-13 08:06:00,7.371587,11.254955,35.1,0.35
T07,GL-4592,2026-03-13 08:07:00,7.37181,11.255032,35.2,0.74
T07,GL-4592,2026-03-13 08:08:00,7.371062,11.255343,14.5,0.89
T07,GL-4592,2026-03-13 08:09:00,7.371537,11.255395,37.0,0.47
T07,GL-4592,2026-03-13 08:10:00,7.371741,11.255422,51.5,0.88
T07,GL-4592,2026-03-13 08:11:00,7.37161,11.255117,36.7,0.8
T07,GL-4592,2026-03-13 08:12:00,7.371344,11.255261,44.4,0.4
T07,GL-4592,2026-03-13 08:13:00,7.371772,11.255107,15.2,0.79
T07,GL-4592,2026-03-13 08:14:00,7.371131,11.254729,29.7,0.46
T07,GL-4592,2026-03-13 08:15:00,7.371473,11.255091,48.9,0.3
T07,GL-4592,2026-03-13 08:16:00,7.37137,11.254875,,0.67
T07,GL-4592,2026-03-13 08:17:00,7.371298,11.254546,37.4,0.29
T07,GL-4592,2026-03-13 08:18:00,7.371526,11.254895,45.5,0.02
T07,GL-4592,2026-03-13 08:19:00,7.372146,11.254409,47.3,0.31
T07,GL-4592,2026-03-13 08:20:00,7.371707,11.255136,38.1,0.72
T07,GL-4592,2026-03-13 08:21:00,7.372398,11.254989,45.5,3.73
T07,GL-4592,2026-03-13 08:22:00,7.372624,11.254744,20.4,5.0
T07,GL-4592,2026-03-13 08:23:00,7.373066,11.255057,50.6,5.18
T07,GL-4592,2026-03-13 08:24:00,7.373075,11.254781,21.4,3.82
T07,GL-4592,2026-03-13 08:25:00,7.373978,11.255126,17.7,5.07
T07,GL-4592,2026-03-13 08:26:00,7.374867,11.254952,41.1,3.35
T07,GL-4592,2026-03-13 08:27:00,7.375443,11.25478,27.3,4.23
T07,GL-4592,2026-03-13 08:28:00,7.375756,11.254568,36.5,5.15
T07,GL-4592,2026-03-13 08:29:00,7.375808,11.254617,24.2,4.04
T07,GL-4592,2026-03-13 08:30:00,7.376789,11.254734,23.9,5.24
T07,GL-4592,2026-03-13 08:31:00,7.377122,11.254789,54.4,5.52
T07,GL-4592,2026-03-13 08:32:00,7.377667,11.254404,24.7,3.05
T07,GL-4592,2026-03-13 08:33:00,7.378619,11.254707,22.9,4.79
T07,GL-4592,2026-03-13 08:34:00,7.378901,11.254194,44.8,5.51
T07,GL-4592,2026-03-13 08:35:00,7.379146,11.254459,48.4,4.85
T07,GL-4592,2026-03-13 08:36:00,7.380013,11.254127,28.6,5.27
T07,GL-4592,2026-03-13 08:37:00,7.380453,11.254233,43.5,3.81
T07,GL-4592,2026-03-13 08:38:00,7.380333,11.254148,37.4,2.83
T07,GL-4592,2026-03-13 08:39:00,7.381116,11.254307,38.8,4.17
T07,GL-4592,2026-03-13 08:40:00,7.381489,11.25429,18.9,3.15
T07,GL-4592,2026-03-13 08:41:00,7.382628,11.253774,55.9,3.72
T07,GL-4592,2026-03-13 08:42:00,7.382991,11.254287,20.0,3.5
T07,GL-4592,2026-03-13 08:43:00,7.383105,11.253995,45.8,5.24
T07,GL-4592,2026-03-13 08:44:00,7.383988,11.254207,43.3,5.38
T07,GL-4592,2026-03-13 08:45:00,7.38427,11.253514,24.3,4.74
T07,GL-4592,2026-03-13 08:46:00,7.384719,11.253937,25.8,4.51
T07,GL-4592,2026-03-13 08:47:00,7.384998,11.253672,56.4,4.6
T07,GL-4592,2026-03-13 08:48:00,7.385695,11.253661,51.6,5.27
T07,GL-4592,2026-03-13 08:49:00,7.385983,11.25379,45.3,5.15
T07,GL-4592,2026-03-13 08:50:00,7.387077,11.253722,39.5,5.1
T07,GL-4592,2026-03-13 08:51:00,7.387459,11.253422,25.4,3.49
T07,GL-4592,2026-03-13 08:52:00,7.388145,11.253709,15.9,5.39
T07,GL-4592,2026-03-13 08:53:00,7.388187,11.253459,19.4,3.51
T07,GL-4592,2026-03-13 08:54:00,7.388732,11.253806,26.2,4.58
T07,GL-4592,2026-03-13 08:55:00,7.389648,11.25365,56.5,3.48
T07,GL-4592,2026-03-13 08:56:00,7.389494,11.253573,27.8,4.2
T07,GL-4592,2026-03-13 08:57:00,7.390239,11.253044,20.2,3.4
T07,GL-4592,2026-03-13 08:58:00,7.390731,11.253181,38.4,4.7
T07,GL-4592,2026-03-13 08:59:00,7.391184,11.252928,49.6,3.6
T07,GL-4592,2026-03-13 09:00:00,7.391817,11.253451,25.1,3.54
T07,GL-4592,2026-03-13 09:01:00,7.392326,11.253634,29.1,5.17
T07,GL-4592,2026-03-13 09:02:00,7.392699,11.253149,28.7,3.04
T07,GL-4592,2026-03-13 09:03:00,7.393463,11.252816,56.7,4.54
T07,GL-4592,2026-03-13 09:04:00,7.394147,11.252873,25.0,4.33
T07,GL-4592,2026-03-13 09:05:00,7.394053,11.252995,42.1,5.37
T07,GL-4592,2026-03-13 09:06:00,7.394936,11.253124,48.3,3.29
T07,GL-4592,2026-03-13 09:07:00,7.395707,11.253103,54.1,5.09
T07,GL-4592,2026-03-13 09:08:00,7.395636,11.252485,37.0,3.96
T07,GL-4592,2026-03-13 09:09:00,7.396128,11.252549,15.5,5.47
T07,GL-4592,2026-03-13 09:10:00,7.396934,11.252942,46.6,5.35
T07,GL-4592,2026-03-13 09:11:00,7.397594,11.253006,47.0,4.22
T07,GL-4592,2026-03-13 09:12:00,7.397567,11.252375,48.3,3.79
T07,GL-4592,2026-03-13 09:13:00,7.398169,11.252632,56.9,3.83
T07,GL-4592,2026-03-13 09:14:00,7.398781,11.25285,26.2,3.44
T07,GL-4592,2026-03-13 09:15:00,7.399423,11.252788,30.3,4.73
T07,GL-4592,2026-03-13 09:16:00,7.399883,11.252481,39.6,5.01
T07,GL-4592,2026-03-13 09:17:00,7.400231,11.25231,40.1,5.41
T07,GL-4592,2026-03-13 09:18:00,7.400747,11.252412,52.8,4.34
T07,GL-4592,2026-03-13 09:19:00,7.401098,11.252267,18.0,5.12
T07,GL-4592,2026-03-13 09:20:00,7.40219,11.252603,27.5,3.73
T07,GL-4592,2026-03-13 09:21:00,7.40233,11.252245,35.9,3.12
T07,GL-4592,2026-03-13 09:22:00,7.402677,11.251982,19.8,3.29
T07,GL-4592,2026-03-13 09:23:00,7.403355,11.252146,45.8,3.25
T07,GL-4592,2026-03-13 09:24:00,7.404132,11.251925,17.4,3.94
T07,GL-4592,2026-03-13 09:25:00,7.404557,11.251724,44.4,3.44
T07,GL-4592,2026-03-13 09:26:00,7.404955,11.252117,46.4,3.5
T07,GL-4592,2026-03-13 09:27:00,7.405034,11.252107,39.8,5.33
T07,GL-4592,2026-03-13 09:28:00,7.406183,11.252133,17.5,4.92
T07,GL-4592,2026-03-13 09:29:00,7.406393,11.251606,46.6,3.09
T07,GL-4592,2026-03-13 09:30:00,7.406915,11.251858,47.4,4.63
T07,GL-4592,2026-03-13 09:31:00,7.407037,11.251907,25.1,4.43
T07,GL-4592,2026-03-13 09:32:00,7.407881,11.251726,22.4,4.96
T07,GL-4592,2026-03-13 09:33:00,7.408467,11.251604,39.0,4.87
T07,GL-4592,2026-03-13 09:34:00,7.408964,11.251787,15.8,4.7
T07,GL-4592,2026-03-13 09:35:00,7.409397,11.251687,53.4,3.59
T07,GL-4592,2026-03-13 09:36:00,7.410255,11.251538,43.0,4.97
T07,GL-4592,2026-03-13 09:37:00,7.410581,11.251582,19.2,5.23
T07,GL-4592,2026-03-13 09:38:00,7.410659,11.251754,47.2,4.49
T07,GL-4592,2026-03-13 09:39:00,7.411414,11.251633,54.4,4.92
T07,GL-4592,2026-03-13 09:40:00,7.411778,11.251415,38.3,3.47
T07,GL-4592,2026-03-13 09:41:00,7.412275,11.250995,14.6,4.25
T07,GL-4592,2026-03-13 09:42:00,7.413027,11.251581,,4.78
T07,GL-4592,2026-03-13 09:43:00,7.413129,11.251215,42.6,4.38
T07,GL-4592,2026-03-13 09:44:00,7.41414,11.251093,41.6,3.32
T07,GL-4592,2026-03-13 09:45:00,7.414586,11.251467,51.6,3.45
T07,GL-4592,2026-03-13 09:46:00,7.414915,11.251238,43.2,3.73
T07,GL-4592,2026-03-13 09:47:00,7.415657,11.251326,54.0,3.23
T07,GL-4592,2026-03-13 09:48:00,7.416103,11.250608,40.6,4.79
T07,GL-4592,2026-03-13 09:49:00,7.416235,11.251112,23.1,4.34
T07,GL-4592,2026-03-13 09:50:00,7.416785,11.250914,39.6,4.71
T07,GL-4592,2026-03-13 09:51:00,7.417432,11.251099,48.9,5.49
T07,GL-4592,2026-03-13 09:52:00,7.41791,11.25071,38.6,5.35
T07,GL-4592,2026-03-13 09:53:00,7.418686,11.251065,15.4,5.41
T07,GL-4592,2026-03-13 09:54:00,7.419322,11.251222,43.6,3.83
T07,GL-4592,2026-03-13 09:55:00,7.419476,11.250825,37.6,4.69
T07,GL-4592,2026-03-13 09:56:00,7.419742,11.250346,39.2,4.37
T07,GL-4592,2026-03-13 09:57:00,7.420596,11.250107,26.2,3.28
T07,GL-4592,2026-03-13 09:58:00,7.421266,11.250588,30.3,5.01
T07,GL-4592,2026-03-13 09:59:00,7.421544,11.250914,36.3,4.06
T07,GL-4592,2026-03-13 10:00:00,7.422254,11.250546,21.5,4.44
T07,GL-4592,2026-03-13 10:01:00,7.422503,11.250366,55.8,5.17
T07,GL-4592,2026-03-13 10:02:00,7.422674,11.250451,42.3,5.07
T07,GL-4592,2026-03-13 10:03:00,7.423696,11.25057,39.6,3.04
T07,GL-4592,2026-03-13 10:04:00,7.423933,11.250423,,4.16
T07,GL-4592,2026-03-13 10:05:00,7.424304,11.250149,16.7,5.32
T07,GL-4592,2026-03-13 10:06:00,7.425221,11.25028,32.4,3.66
T07,GL-4592,2026-03-13 10:07:00,7.425433,11.250334,15.0,3.73
T07,GL-4592,2026-03-13 10:08:00,7.426015,11.250108,50.7,3.76
T07,GL-4592,2026-03-13 10:09:00,7.426829,11.250277,51.3,3.8
T07,GL-4592,2026-03-13 10:10:00,7.427066,11.250537,19.1,3.12
T07,GL-4592,2026-03-13 10:11:00,7.427734,11.249966,53.5,5.4
T07,GL-4592,2026-03-13 10:12:00,7.428156,11.249705,15.2,3.59
T07,GL-4592,2026-03-13 10:13:00,7.428382,11.250472,37.0,5.54
T07,GL-4592,2026-03-13 10:14:00,7.429319,11.250018,42.1,5.45
T07,GL-4592,2026-03-13 10:15:00,7.429939,11.24996,35.2,4.62
T07,GL-4592,2026-03-13 10:16:00,7.430185,11.249569,27.2,3.83
T07,GL-4592,2026-03-13 10:17:00,7.430949,11.250121,24.9,4.72
T07,GL-4592,2026-03-13 10:18:00,7.431408,11.249271,26.2,4.45
T07,GL-4592,2026-03-13 10:19:00,7.431448,11.249769,18.4,3.09
T07,GL-4592,2026-03-13 10:20:00,7.432421,11.249285,23.0,4.98
T07,GL-4592,2026-03-13 10:21:00,7.432901,11.249412,48.0,3.81
T07,GL-4592,2026-03-13 10:22:00,7.432899,11.249152,45.1,3.22
T07,GL-4592,2026-03-13 10:23:00,7.433534,11.249503,15.6,5.46
T07,GL-4592,2026-03-13 10:24:00,7.43425,11.249292,41.6,4.39
T07,GL-4592,2026-03-13 10:25:00,7.434508,11.248898,29.7,3.24
T07,GL-4592,2026-03-13 10:26:00,7.435028,11.249463,57.9,3.21
T07,GL-4592,2026-03-13 10:27:00,7.435638,11.249595,56.1,5.43
T07,GL-4592,2026-03-13 10:28:00,7.436301,11.249299,14.2,4.81
T07,GL-4592,2026-03-13 10:29:00,7.436607,11.249392,40.2,4.81
T07,GL-4592,2026-03-13 10:30:00,7.436817,11.24957,29.8,0.11
T07,GL-4592,2026-03-13 10:31:00,7.436056,11.249218,38.4,0.51
T07,GL-4592,2026-03-13 10:32:00,7.436586,11.249558,30.0,0.24
T07,GL-4592,2026-03-13 10:33:00,7.436663,11.249658,,0.13
T07,GL-4592,2026-03-13 10:34:00,7.436601,11.249346,46.8,0.38
T07,GL-4592,2026-03-13 10:35:00,7.43681,11.249299,52.1,0.4
T07,GL-4592,2026-03-13 10:36:00,7.436527,11.249255,32.4,0.11
T07,GL-4592,2026-03-13 10:37:00,7.437309,11.24963,48.1,0.73
T07,GL-4592,2026-03-13 10:38:00,7.435664,11.249036,44.2,0.65
T07,GL-4592,2026-03-13 10:39:00,7.436669,11.249136,57.5,0.46
T07,GL-4592,2026-03-13 10:40:00,7.436748,11.249483,36.0,0.4
T07,GL-4592,2026-03-13 10:41:00,7.437052,11.249146,34.5,0.36
T07,GL-4592,2026-03-13 10:42:00,7.436666,11.248731,48.9,0.86
T07,GL-4592,2026-03-13 10:43:00,7.436756,11.249522,37.1,0.86
T07,GL-4592,2026-03-13 10:44:00,7.436284,11.248884,27.9,2.99
T07,GL-4592,2026-03-13 10:45:00,7.435891,11.248053,28.5,3.62
T07,GL-4592,2026-03-13 10:46:00,7.435516,11.248004,39.3,4.95
T07,GL-4592,2026-03-13 10:47:00,7.43509,11.247215,21.1,4.03
T07,GL-4592,2026-03-13 10:48:00,7.434783,11.246481,38.0,3.25
T07,GL-4592,2026-03-13 10:49:00,7.434383,11.24616,19.2,4.56
T07,GL-4592,2026-03-13 10:50:00,7.434194,11.245435,45.4,2.8
T07,GL-4592,2026-03-13 10:51:00,7.433756,11.244931,18.5,2.89
T07,GL-4592,2026-03-13 10:52:00,7.4328,11.244267,54.6,2.91
T07,GL-4592,2026-03-13 10:53:00,7.432576,11.243969,55.8,3.13
T07,GL-4592,2026-03-13 10:54:00,7.432557,11.243149,50.8,3.1
T07,GL-4592,2026-03-13 10:55:00,7.431996,11.242734,49.1,4.66
T07,GL-4592,2026-03-13 10:56:00,7.431641,11.241889,34.8,3.88
T07,GL-4592,2026-03-13 10:57:00,7.431089,11.241393,42.5,3.91
T07,GL-4592,2026-03-13 10:58:00,7.430725,11.240947,15.7,4.65
T07,GL-4592,2026-03-13 10:59:00,7.430628,11.240733,45.5,3.44
T07,GL-4592,2026-03-13 11:00:00,7.430159,11.23981,31.3,5.31
T07,GL-4592,2026-03-13 11:01:00,7.429707,11.239729,26.1,3.27
T07,GL-4592,2026-03-13 11:02:00,7.42932,11.239192,21.8,3.01
T07,GL-4592,2026-03-13 11:03:00,7.429019,11.23834,25.3,5.36
T07,GL-4592,2026-03-13 11:04:00,7.428427,11.237758,54.9,5.51
T07,GL-4592,2026-03-13 11:05:00,7.428399,11.236818,42.7,5.4
T07,GL-4592,2026-03-13 11:06:00,7.428205,11.236727,55.1,2.97
T07,GL-4592,2026-03-13 11:07:00,7.427203,11.236113,50.8,4.97
T07,GL-4592,2026-03-13 11:08:00,7.427481,11.235624,37.1,3.78
T07,GL-4592,2026-03-13 11:09:00,7.426907,11.235125,24.6,4.52
T07,GL-4592,2026-03-13 11:10:00,7.426679,11.234655,35.4,3.76
T07,GL-4592,2026-03-13 11:11:00,7.426061,11.233733,24.7,4.93
T07,GL-4592,2026-03-13 11:12:00,7.425825,11.233623,26.4,5.05
T07,GL-4592,2026-03-13 11:13:00,7.425592,11.233025,32.4,3.84
T07,GL-4592,2026-03-13 11:14:00,7.424915,11.232544,38.3,5.41
T07,GL-4592,2026-03-13 11:15:00,7.42463,11.231929,36.9,2.86
T07,GL-4592,2026-03-13 11:16:00,7.423994,11.231239,19.7,3.65
T07,GL-4592,2026-03-13 11:17:00,7.423878,11.230586,17.7,3.03
T07,GL-4592,2026-03-13 11:18:00,7.423498,11.230133,49.4,3.58
T07,GL-4592,2026-03-13 11:19:00,7.42277,11.229455,19.1,3.27
T07,GL-4592,2026-03-13 11:20:00,7.422886,11.229064,52.3,3.55
T07,GL-4592,2026-03-13 11:21:00,7.422495,11.228372,39.9,5.07
T07,GL-4592,2026-03-13 11:22:00,7.421853,11.227971,37.4,5.18
T07,GL-4592,2026-03-13 11:23:00,7.421799,11.227382,31.8,3.77
T07,GL-4592,2026-03-13 11:24:00,7.421174,11.226863,36.6,5.31
T07,GL-4592,2026-03-13 11:25:00,7.42065,11.226384,53.7,3.07
T07,GL-4592,2026-03-13 11:26:00,7.420295,11.225771,56.2,4.19
T07,GL-4592,2026-03-13 11:27:00,7.420112,11.22565,55.5,3.49
T07,GL-4592,2026-03-13 11:28:00,7.419142,11.224725,47.9,5.59
T07,GL-4592,2026-03-13 11:29:00,7.419131,11.223728,32.8,5.15
T07,GL-4592,2026-03-13 11:30:00,7.4188,11.223493,19.5,3.63
T07,GL-4592,2026-03-13 11:31:00,7.418767,11.22341,29.1,5.03
T07,GL-4592,2026-03-13 11:32:00,7.418501,11.22245,32.4,3.38
T07,GL-4592,2026-03-13 11:33:00,7.417845,11.221544,40.1,4.32
T07,GL-4592,2026-03-13 11:34:00,7.417449,11.22115,23.0,4.96
T07,GL-4592,2026-03-13 11:35:00,7.417159,11.220909,29.6,3.66
T07,GL-4592,2026-03-13 11:36:00,7.416703,11.220474,53.3,4.89
T07,GL-4592,2026-03-13 11:37:00,7.416108,11.219655,50.0,4.17
T07,GL-4592,2026-03-13 11:38:00,7.415696,11.219424,46.7,4.14
T07,GL-4592,2026-03-13 11:39:00,7.41581,11.218303,52.2,5.31
T07,GL-4592,2026-03-13 11:40:00,7.415331,11.218277,40.6,5.25
T07,GL-4592,2026-03-13 11:41:00,7.414966,11.217073,32.3,3.54
T07,GL-4592,2026-03-13 11:42:00,7.41451,11.21695,43.9,3.85
T07,GL-4592,2026-03-13 11:43:00,7.414234,11.21638,53.7,3.27
T07,GL-4592,2026-03-13 11:44:00,7.413518,11.216009,51.4,3.24
T07,GL-4592,2026-03-13 11:45:00,7.413556,11.215592,52.8,4.15
T07,GL-4592,2026-03-13 11:46:00,7.413085,11.214951,57.8,4.37
T07,GL-4592,2026-03-13 11:47:00,7.412479,11.214137,24.3,2.85
T07,GL-4592,2026-03-13 11:48:00,7.412288,11.213398,36.3,4.42
T07,GL-4592,2026-03-13 11:49:00,7.411806,11.213344,19.8,3.11
T07,GL-4592,2026-03-13 11:50:00,7.411456,11.212662,49.1,3.12
T07,GL-4592,2026-03-13 11:51:00,7.410864,11.212193,36.3,3.03
T07,GL-4592,2026-03-13 11:52:00,7.410549,11.211546,37.5,5.57
T07,GL-4592,2026-03-13 11:53:00,7.410411,11.211009,30.8,2.95
T07,GL-4592,2026-03-13 11:54:00,7.409874,11.210444,27.0,5.34
T07,GL-4592,2026-03-13 11:55:00,7.40927,11.209602,55.6,2.81
T07,GL-4592,2026-03-13 11:56:00,7.409375,11.209105,56.8,5.2
T07,GL-4592,2026-03-13 11:57:00,7.408198,11.209009,18.5,4.18
T07,GL-4592,2026-03-13 11:58:00,7.408453,11.208164,23.1,4.06
T07,GL-4592,2026-03-13 11:59:00,7.408059,11.20763,48.8,4.87
T07,GL-4592,2026-03-13 12:00:00,7.407289,11.207284,34.1,4.3
T07,GL-4592,2026-03-13 12:01:00,7.407344,11.206579,44.5,4.7
T07,GL-4592,2026-03-13 12:02:00,7.406677,11.206308,,3.8
T07,GL-4592,2026-03-13 12:03:00,7.406535,11.205593,31.9,4.38
T07,GL-4592,2026-03-13 12:04:00,7.405868,11.204805,42.7,4.99
T07,GL-4592,2026-03-13 12:05:00,7.405691,11.204147,35.9,4.14
T07,GL-4592,2026-03-13 12:06:00,7.405556,11.203858,40.2,4.3
T07,GL-4592,2026-03-13 12:07:00,7.404902,11.203352,,5.55
T07,GL-4592,2026-03-13 12:08:00,7.404892,11.202942,14.3,4.86
T07,GL-4592,2026-03-13 12:09:00,7.404263,11.202488,14.9,3.71
T07,GL-4592,2026-03-13 12:10:00,7.404188,11.201897,41.8,4.41
T07,GL-4592,2026-03-13 12:11:00,7.403529,11.201226,17.6,4.79
T07,GL-4592,2026-03-13 12:12:00,7.40322,11.200636,41.8,3.8
T07,GL-4592,2026-03-13 12:13:00,7.403001,11.199767,15.6,4.64
T07,GL-4592,2026-03-13 12:14:00,7.402477,11.199581,16.3,3.22
T07,GL-4592,2026-03-13 12:15:00,7.401791,11.199102,46.7,4.17
T07,GL-4592,2026-03-13 12:16:00,7.401815,11.198842,35.5,5.12
T07,GL-4592,2026-03-13 12:17:00,7.40138,11.198047,38.0,4.65
T07,GL-4592,2026-03-13 12:18:00,7.400754,11.197329,42.8,4.44
T07,GL-4592,2026-03-13 12:19:00,7.400698,11.196757,47.8,3.25
T07,GL-4592,2026-03-13 12:20:00,7.400535,11.196187,56.9,5.26
T07,GL-4592,2026-03-13 12:21:00,7.399194,11.196102,40.9,3.25
T07,GL-4592,2026-03-13 12:22:00,7.399423,11.194966,38.6,5.08
T07,GL-4592,2026-03-13 12:23:00,7.398811,11.194468,56.1,4.5
T07,GL-4592,2026-03-13 12:24:00,7.398723,11.194093,22.8,5.49
T07,GL-4592,2026-03-13 12:25:00,7.398522,11.193355,23.6,4.54
T07,GL-4592,2026-03-13 12:26:00,7.397896,11.193139,49.6,3.88
T07,GL-4592,2026-03-13 12:27:00,7.397574,11.192816,29.2,3.86
T07,GL-4592,2026-03-13 12:28:00,7.397202,11.191953,38.7,3.55
T07,GL-4592,2026-03-13 12:29:00,7.396659,11.191275,51.8,4.43
T07,GL-4592,2026-03-13 12:30:00,7.396476,11.19085,28.8,4.09
T07,GL-4592,2026-03-13 12:31:00,7.396033,11.190163,27.9,4.78
T07,GL-4592,2026-03-13 12:32:00,7.395125,11.189727,29.1,5.55
T07,GL-4592,2026-03-13 12:33:00,7.395329,11.189594,41.9,3.33
T07,GL-4592,2026-03-13 12:34:00,7.39445,11.188675,39.8,3.53
T07,GL-4592,2026-03-13 12:35:00,7.394642,11.18823,54.7,4.26
T07,GL-4592,2026-03-13 12:36:00,7.394215,11.187314,34.1,4.24
T07,GL-4592,2026-03-13 12:37:00,7.393377,11.187165,17.3,3.26
T07,GL-4592,2026-03-13 12:38:00,7.393434,11.186675,26.1,4.38
T07,GL-4592,2026-03-13 12:39:00,7.392981,11.185899,16.3,4.48
T07,GL-4592,2026-03-13 12:40:00,7.392444,11.185567,46.6,3.51
T07,GL-4592,2026-03-13 12:41:00,7.391953,11.184443,35.5,5.19
T07,GL-4592,2026-03-13 12:42:00,7.39166,11.183507,31.8,3.0
T07,GL-4592,2026-03-13 12:43:00,7.391183,11.183847,45.1,5.04
T07,GL-4592,2026-03-13 12:44:00,7.391307,11.183398,31.7,3.32
T07,GL-4592,2026-03-13 12:45:00,7.390299,11.18281,46.4,4.48
T07,GL-4592,2026-03-13 12:46:00,7.39058,11.182348,35.0,5.47
T07,GL-4592,2026-03-13 12:47:00,7.390219,11.181165,55.6,3.99
T07,GL-4592,2026-03-13 12:48:00,7.390179,11.181041,32.1,2.91
T07,GL-4592,2026-03-13 12:49:00,7.38914,11.180402,45.7,3.5
T07,GL-4592,2026-03-13 12:50:00,7.388973,11.179633,16.4,5.16
T07,GL-4592,2026-03-13 12:51:00,7.388283,11.179549,,4.72
T07,GL-4592,2026-03-13 12:52:00,7.387906,11.178612,50.8,3.64
T07,GL-4592,2026-03-13 12:53:00,7.387252,11.178562,53.2,4.78
T07,GL-4592,2026-03-13 12:54:00,7.387565,11.17764,54.7,4.39
T07,GL-4592,2026-03-13 12:55:00,7.386819,11.177302,32.3,4.5
T07,GL-4592,2026-03-13 12:56:00,7.386456,11.176821,45.2,3.86
T07,GL-4592,2026-03-13 12:57:00,7.386061,11.175917,39.5,4.06
T07,GL-4592,2026-03-13 12:58:00,7.385575,11.175031,48.1,4.35
T07,GL-4592,2026-03-13 12:59:00,7.385214,11.174843,46.0,2.95
T07,GL-4592,2026-03-13 13:00:00,7.384852,11.174474,15.0,5.46
T07,GL-4592,2026-03-13 13:01:00,7.384442,11.173855,18.9,5.12
T07,GL-4592,2026-03-13 13:02:00,7.384301,11.173322,38.3,5.31
T07,GL-4592,2026-03-13 13:03:00,7.384245,11.17267,32.2,3.3
T07,GL-4592,2026-03-13 13:04:00,7.383908,11.172086,24.7,4.89
T07,GL-4592,2026-03-13 13:05:00,7.383114,11.171735,15.4,3.86
T07,GL-4592,2026-03-13 13:06:00,7.382786,11.171072,34.2,2.92
T07,GL-4592,2026-03-13 13:07:00,7.382557,11.17052,31.1,3.49
T07,GL-4592,2026-03-13 13:08:00,7.38189,11.169799,56.3,3.9
T07,GL-4592,2026-03-13 13:09:00,7.38186,11.169357,15.4,3.62
T07,GL-4592,2026-03-13 13:10:00,7.381341,11.169165,33.6,2.84
T07,GL-4592,2026-03-13 13:11:00,7.381034,11.168475,29.4,4.43
T07,GL-4592,2026-03-13 13:12:00,7.380828,11.16788,57.0,4.81
T07,GL-4592,2026-03-13 13:13:00,7.380167,11.167707,23.1,4.72
T07,GL-4592,2026-03-13 13:14:00,7.379977,11.166656,51.2,3.41
T07,GL-4592,2026-03-13 13:15:00,7.379348,11.166349,44.9,4.33
T07,GL-4592,2026-03-13 13:16:00,7.378926,11.165681,15.4,4.9
T07,GL-4592,2026-03-13 13:17:00,7.378939,11.164919,34.8,4.61
T07,GL-4592,2026-03-13 13:18:00,7.378513,11.164208,41.1,3.0
T07,GL-4592,2026-03-13 13:19:00,7.377742,11.16389,40.1,5.55
T07,GL-4592,2026-03-13 13:20:00,7.377743,11.163272,25.7,4.53
T07,GL-4592,2026-03-13 13:21:00,7.376759,11.162877,39.1,5.22
T07,GL-4592,2026-03-13 13:22:00,7.376809,11.162582,49.8,4.88
T07,GL-4592,2026-03-13 13:23:00,7.376327,11.162009,32.3,4.5
T07,GL-4592,2026-03-13 13:24:00,7.376107,11.161416,36.9,4.37
T07,GL-4592,2026-03-13 13:25:00,7.375583,11.160772,40.7,2.82
T07,GL-4592,2026-03-13 13:26:00,7.375236,11.160336,,4.92
T07,GL-4592,2026-03-13 13:27:00,7.375088,11.159484,25.7,4.09
T07,GL-4592,2026-03-13 13:28:00,7.374328,11.159231,57.6,3.36
T07,GL-4592,2026-03-13 13:29:00,7.374521,11.158806,57.5,4.43
T07,GL-4592,2026-03-13 13:30:00,7.373846,11.158015,25.7,4.12
T07,GL-4592,2026-03-13 13:31:00,7.373495,11.157565,57.2,3.15
T07,GL-4592,2026-03-13 13:32:00,7.373438,11.157176,29.8,5.16
T07,GL-4592,2026-03-13 13:33:00,7.372574,11.156527,34.1,5.26
T07,GL-4592,2026-03-13 13:34:00,7.372688,11.155948,49.3,2.99
T07,GL-4592,2026-03-13 13:35:00,7.372123,11.154894,21.9,3.03
T07,GL-4592,2026-03-13 13:36:00,7.371462,11.15492,37.1,4.6
T07,GL-4592,2026-03-13 13:37:00,7.371049,11.154398,16.4,5.48
T07,GL-4592,2026-03-13 13:38:00,7.371718,11.15481,52.6,0.61
T07,GL-4592,2026-03-13 13:39:00,7.37088,11.154208,29.2,0.35
T07,GL-4592,2026-03-13 13:40:00,7.37061,11.153897,36.4,0.28
T07,GL-4592,2026-03-13 13:41:00,7.371345,11.15386,23.3,0.2
T07,GL-4592,2026-03-13 13:42:00,7.371723,11.154523,52.8,0.71
T07,GL-4592,2026-03-13 13:43:00,7.37112,11.154234,48.2,0.07
T07,GL-4592,2026-03-13 13:44:00,7.370912,11.154521,49.2,0.27
T07,GL-4592,2026-03-13 13:45:00,7.371186,11.15463,55.6,0.42
T07,GL-4592,2026-03-13 13:46:00,7.371263,11.154461,41.3,0.56
T07,GL-4592,2026-03-13 13:47:00,7.37144,11.154153,54.5,0.0
T07,GL-4592,2026-03-13 13:48:00,7.371545,11.154345,55.6,0.71
T07,GL-4592,2026-03-13 13:49:00,7.371262,11.154284,17.9,0.0
T07,GL-4592,2026-03-13 13:50:00,7.370332,11.154249,52.3,0.86
T07,GL-4592,2026-03-13 13:51:00,7.371431,11.154484,21.9,0.62
T07,GL-4592,2026-03-13 13:52:00,7.438623,11.154358,43.4,371.1
T07,GL-4592,2026-03-13 13:53:00,7.371521,11.155125,45.2,0.51
T07,GL-4592,2026-03-13 13:54:00,7.371187,11.153566,,0.04
T07,GL-4592,2026-03-13 13:55:00,7.371036,11.154377,48.7,0.74
T07,GL-4592,2026-03-13 13:56:00,7.371053,11.154728,55.4,0.71
T07,GL-4592,2026-03-13 13:57:00,7.371656,11.154473,33.8,0.45
T07,GL-4592,2026-03-13 13:58:00,7.371755,11.154951,57.8,0.2
T07,GL-4592,2026-03-13 13:59:00,7.371401,11.154575,21.1,0.27
T07,GL-4592,2026-03-13 14:00:00,7.371327,11.154283,17.0,0.7
T07,GL-4592,2026-03-13 14:01:00,7.370919,11.154564,52.3,0.19
T07,GL-4592,2026-03-13 14:02:00,7.371322,11.154451,46.7,0.08
T07,GL-4592,2026-03-13 14:03:00,7.370971,11.154259,32.5,0.15
T07,GL-4592,2026-03-13 14:04:00,7.371213,11.15384,,5.06
T07,GL-4592,2026-03-13 14:05:00,7.371911,11.153774,57.7,3.58
T07,GL-4592,2026-03-13 14:06:00,7.373002,11.154051,27.3,3.39
T07,GL-4592,2026-03-13 14:07:00,7.373289,11.153451,15.7,2.87
T07,GL-4592,2026-03-13 14:08:00,7.374351,11.153319,21.6,5.54
T07,GL-4592,2026-03-13 14:09:00,7.374495,11.153112,32.4,4.62
T07,GL-4592,2026-03-13 14:10:00,7.375222,11.15329,48.2,3.36
T07,GL-4592,2026-03-13 14:11:00,7.375693,11.153183,37.9,4.09
T07,GL-4592,2026-03-13 14:12:00,7.376421,11.152898,33.7,4.52
T07,GL-4592,2026-03-13 14:13:00,7.37657,11.152543,45.0,3.57
T07,GL-4592,2026-03-13 14:14:00,7.377565,11.152274,32.8,3.41
T07,GL-4592,2026-03-13 14:15:00,7.378045,11.152673,28.4,3.04
T07,GL-4592,2026-03-13 14:16:00,7.378259,11.152275,38.2,3.08
T07,GL-4592,2026-03-13 14:17:00,7.379152,11.152535,20.5,4.77
T07,GL-4592,2026-03-13 14:18:00,7.379656,11.151693,50.4,5.06
T07,GL-4592,2026-03-13 14:19:00,7.380313,11.151864,54.8,5.44
T07,GL-4592,2026-03-13 14:20:00,7.380648,11.151705,23.8,4.54
T07,GL-4592,2026-03-13 14:21:00,7.381425,11.151739,43.0,4.6
T07,GL-4592,2026-03-13 14:22:00,7.381948,11.151286,14.1,4.15
T07,GL-4592,2026-03-13 14:23:00,7.382696,11.151597,16.3,3.21
T07,GL-4592,2026-03-13 14:24:00,7.382924,11.151218,25.7,5.37
T07,GL-4592,2026-03-13 14:25:00,7.384079,11.15115,40.8,3.39
T07,GL-4592,2026-03-13 14:26:00,7.383906,11.151019,46.9,4.46
T07,GL-4592,2026-03-13 14:27:00,7.385124,11.150843,22.3,5.24
T07,GL-4592,2026-03-13 14:28:00,7.38569,11.150718,,5.48
T07,GL-4592,2026-03-13 14:29:00,7.386324,11.15077,48.2,3.99
T07,GL-4592,2026-03-13 14:30:00,7.386625,11.150662,27.9,4.56
T07,GL-4592,2026-03-13 14:31:00,7.387008,11.15034,55.5,3.4
T07,GL-4592,2026-03-13 14:32:00,7.387928,11.149474,36.5,3.38
T07,GL-4592,2026-03-13 14:33:00,7.388515,11.149991,44.5,4.66
T07,GL-4592,2026-03-13 14:34:00,7.388862,11.150168,24.8,4.82
T07,GL-4592,2026-03-13 14:35:00,7.389767,11.149582,26.7,4.42
T07,GL-4592,2026-03-13 14:36:00,7.390035,11.149342,18.3,5.27
T07,GL-4592,2026-03-13 14:37:00,7.390509,11.149384,,4.79
T07,GL-4592,2026-03-13 14:38:00,7.391777,11.148982,23.6,3.44
T07,GL-4592,2026-03-13 14:39:00,7.391665,11.149045,56.4,5.37
T07,GL-4592,2026-03-13 14:40:00,7.392287,11.149042,25.5,5.19
T07,GL-4592,2026-03-13 14:41:00,7.393084,11.148886,18.7,3.72
T07,GL-4592,2026-03-13 14:42:00,7.393672,11.148251,57.8,4.25
T07,GL-4592,2026-03-13 14:43:00,7.39421,11.148661,21.4,4.05
T07,GL-4592,2026-03-13 14:44:00,7.394528,11.148451,16.2,4.13
T07,GL-4592,2026-03-13 14:45:00,7.395413,11.14801,53.7,4.06
T07,GL-4592,2026-03-13 14:46:00,7.395939,11.148102,43.8,5.57
T07,GL-4592,2026-03-13 14:47:00,7.396502,11.147756,19.8,3.76
T07,GL-4592,2026-03-13 14:48:00,7.39685,11.147249,48.0,5.17
T07,GL-4592,2026-03-13 14:49:00,7.397381,11.147564,52.7,4.35
T07,GL-4592,2026-03-13 14:50:00,7.398109,11.147959,33.2,3.51
T07,GL-4592,2026-03-13 14:51:00,7.398754,11.147546,35.6,5.17
T07,GL-4592,2026-03-13 14:52:00,7.399157,11.147315,41.5,5.46
T07,GL-4592,2026-03-13 14:53:00,7.399934,11.146682,35.3,3.72
T07,GL-4592,2026-03-13 14:54:00,7.400277,11.146876,47.4,3.27
T07,GL-4592,2026-03-13 14:55:00,7.40074,11.147146,43.9,4.47
T07,GL-4592,2026-03-13 14:56:00,7.401461,11.14708,31.1,3.54
T07,GL-4592,2026-03-13 14:57:00,7.402126,11.146072,43.2,3.23
T07,GL-4592,2026-03-13 14:58:00,7.402724,11.146227,24.1,4.0
T07,GL-4592,2026-03-13 14:59:00,7.403345,11.146596,43.6,3.12
T07,GL-4592,2026-03-13 15:00:00,7.403768,11.146033,54.5,3.08
T07,GL-4592,2026-03-13 15:01:00,7.404537,11.146088,41.7,3.75
T07,GL-4592,2026-03-13 15:02:00,7.405012,11.145677,53.7,5.04
T07,GL-4592,2026-03-13 15:03:00,7.4055,11.145342,41.7,4.8
T07,GL-4592,2026-03-13 15:04:00,7.406183,11.145282,45.8,5.1
T07,GL-4592,2026-03-13 15:05:00,7.406679,11.145721,36.8,4.9
T07,GL-4592,2026-03-13 15:06:00,7.407263,11.145221,50.3,3.87
T07,GL-4592,2026-03-13 15:07:00,7.407865,11.145418,30.2,4.81
T07,GL-4592,2026-03-13 15:08:00,7.408479,11.145025,26.7,3.91
T07,GL-4592,2026-03-13 15:09:00,7.409252,11.145084,30.8,4.45
T07,GL-4592,2026-03-13 15:10:00,7.257751,11.144586,21.9,266.44
T07,GL-4592,2026-03-13 15:11:00,7.41049,11.144459,50.6,5.42
T07,GL-4592,2026-03-13 15:12:00,7.41051,11.14423,40.5,3.02
T07,GL-4592,2026-03-13 15:13:00,7.41172,11.144231,32.9,3.14
T07,GL-4592,2026-03-13 15:14:00,7.411879,11.144482,20.9,4.14
T07,GL-4592,2026-03-13 15:15:00,7.412566,11.143902,16.3,3.49
T07,GL-4592,2026-03-13 15:16:00,7.413224,11.144041,18.5,4.92
T07,GL-4592,2026-03-13 15:17:00,7.413568,11.143707,17.7,4.47
T07,GL-4592,2026-03-13 15:18:00,7.413782,11.143218,35.9,4.13
T07,GL-4592,2026-03-13 15:19:00,7.414718,11.143622,51.9,4.39
T07,GL-4592,2026-03-13 15:20:00,7.415285,11.14312,32.5,4.07
T07,GL-4592,2026-03-13 15:21:00,7.415877,11.143105,28.4,3.51
T07,GL-4592,2026-03-13 15:22:00,7.41667,11.143038,50.6,3.18
T07,GL-4592,2026-03-13 15:23:00,7.417023,11.142331,19.4,4.3
T07,GL-4592,2026-03-13 15:24:00,7.417919,11.142465,50.4,4.23
T07,GL-4592,2026-03-13 15:25:00,7.418228,11.142645,28.0,4.48
T07,GL-4592,2026-03-13 15:26:00,7.418484,11.142524,29.9,5.02
T07,GL-4592,2026-03-13 15:27:00,7.419574,11.142088,15.8,4.14
T07,GL-4592,2026-03-13 15:28:00,7.419795,11.141957,34.3,3.33
T07,GL-4592,2026-03-13 15:29:00,7.420523,11.14186,35.4,3.51
T07,GL-4592,2026-03-13 15:30:00,7.421197,11.141703,51.4,4.75
T07,GL-4592,2026-03-13 15:31:00,7.421713,11.141624,25.6,4.33
T07,GL-4592,2026-03-13 15:32:00,7.421941,11.141306,37.7,3.5
T07,GL-4592,2026-03-13 15:33:00,7.422754,11.141167,52.4,5.09
T07,GL-4592,2026-03-13 15:34:00,7.423435,11.141203,44.2,3.98
T07,GL-4592,2026-03-13 15:35:00,7.424366,11.140801,42.1,5.24
T07,GL-4592,2026-03-13 15:36:00,7.424487,11.140623,55.8,3.86
T07,GL-4592,2026-03-13 15:37:00,7.425441,11.140564,34.3,3.92
T07,GL-4592,2026-03-13 15:38:00,7.425791,11.140698,51.3,3.58
T07,GL-4592,2026-03-13 15:39:00,7.426267,11.140188,52.2,4.82
T07,GL-4592,2026-03-13 15:40:00,7.426676,11.14007,29.5,4.38
T07,GL-4592,2026-03-13 15:41:00,7.4273,11.140457,35.2,3.47
T07,GL-4592,2026-03-13 15:42:00,7.428083,11.140319,44.3,2.81
T07,GL-4592,2026-03-13 15:43:00,7.428578,11.13984,52.7,3.76
T07,GL-4592,2026-03-13 15:44:00,7.429157,11.139812,45.1,5.43
T07,GL-4592,2026-03-13 15:45:00,7.43017,11.139512,21.5,5.0
T07,GL-4592,2026-03-13 15:46:00,7.430156,11.13959,43.0,5.3
T07,GL-4592,2026-03-13 15:47:00,7.430453,11.13928,28.5,3.02
T07,GL-4592,2026-03-13 15:48:00,7.431564,11.139389,37.5,3.06
T07,GL-4592,2026-03-13 15:49:00,7.431995,11.139035,40.4,2.89
T07,GL-4592,2026-03-13 15:50:00,7.432694,11.138766,45.0,4.99
T07,GL-4592,2026-03-13 15:51:00,7.43328,11.138643,27.7,2.95
T07,GL-4592,2026-03-13 15:52:00,7.433734,11.138813,31.1,2.81
T07,GL-4592,2026-03-13 15:53:00,7.433985,11.138435,20.0,4.67
T07,GL-4592,2026-03-13 15:54:00,7.434893,11.138139,50.8,3.11
T07,GL-4592,2026-03-13 15:55:00,7.435358,11.138328,46.4,3.36
T07,GL-4592,2026-03-13 15:56:00,7.436438,11.138018,52.8,5.05
T07,GL-4592,2026-03-13 15:57:00,7.436549,11.137951,38.1,3.75
T07,GL-4592,2026-03-13 15:58:00,7.437005,11.137488,20.7,4.85
T07,GL-4592,2026-03-13 15:59:00,7.437434,11.137544,35.9,5.07
T07,GL-4592,2026-03-13 16:00:00,7.438428,11.137457,36.1,4.25
T07,GL-4592,2026-03-13 16:01:00,7.438775,11.137279,39.2,3.78
T07,GL-4592,2026-03-13 16:02:00,7.439497,11.137268,29.1,4.4
T07,GL-4592,2026-03-13 16:03:00,7.440015,11.137081,44.7,3.53
T07,GL-4592,2026-03-13 16:04:00,7.440529,11.136981,17.3,3.8
T07,GL-4592,2026-03-13 16:05:00,7.441328,11.136926,27.5,5.59
T07,GL-4592,2026-03-13 16:06:00,7.441425,11.136579,,2.82
T07,GL-4592,2026-03-13 16:07:00,7.442441,11.136317,41.5,4.66
T07,GL-4592,2026-03-13 16:08:00,7.443011,11.135932,42.1,3.02
T07,GL-4592,2026-03-13 16:09:00,7.443441,11.136173,37.4,3.79
T07,GL-4592,2026-03-13 16:10:00,7.444081,11.136081,48.2,3.74
T07,GL-4592,2026-03-13 16:11:00,7.444761,11.135774,24.3,4.31
T07,GL-4592,2026-03-13 16:12:00,7.444724,11.135832,31.5,5.51
T07,GL-4592,2026-03-13 16:13:00,7.445781,11.135668,37.3,2.85
T07,GL-4592,2026-03-13 16:14:00,7.44642,11.135844,18.5,3.56
T07,GL-4592,2026-03-13 16:15:00,7.44703,11.135463,29.7,2.93
T07,GL-4592,2026-03-13 16:16:00,7.447578,11.134955,39.8,4.97
T07,GL-4592,2026-03-13 16:17:00,7.448019,11.135063,15.2,5.36
T07,GL-4592,2026-03-13 16:18:00,7.449057,11.134981,39.3,4.22
T07,GL-4592,2026-03-13 16:19:00,7.449196,11.134776,29.7,4.34
T07,GL-4592,2026-03-13 16:20:00,7.449583,11.134483,29.0,5.28
T07,GL-4592,2026-03-13 16:21:00,7.450477,11.134459,29.5,5.18
T07,GL-4592,2026-03-13 16:22:00,7.451193,11.134519,28.2,2.88
T07,GL-4592,2026-03-13 16:23:00,7.451696,11.134154,29.4,4.02
T07,GL-4592,2026-03-13 16:24:00,7.452208,11.134184,50.4,5.32
T07,GL-4592,2026-03-13 16:25:00,7.453077,11.133774,30.0,5.1
T07,GL-4592,2026-03-13 16:26:00,7.453539,11.133753,19.5,3.42
T07,GL-4592,2026-03-13 16:27:00,7.454197,11.13308,51.4,4.82
T07,GL-4592,2026-03-13 16:28:00,7.454338,11.133178,57.6,4.08
T07,GL-4592,2026-03-13 16:29:00,7.455212,11.133391,23.8,5.21
T07,GL-4592,2026-03-13 16:30:00,7.455565,11.132896,16.5,4.37
T07,GL-4592,2026-03-13 16:31:00,7.456069,11.132843,26.8,5.36
T07,GL-4592,2026-03-13 16:32:00,7.456812,11.132852,17.5,5.16
T07,GL-4592,2026-03-13 16:33:00,7.457078,11.133016,49.7,4.31
T07,GL-4592,2026-03-13 16:34:00,7.457994,11.132451,54.2,2.88
T07,GL-4592,2026-03-13 16:35:00,7.458325,11.13272,45.1,4.55
T07,GL-4592,2026-03-13 16:36:00,7.459061,11.132312,46.1,3.07
T07,GL-4592,2026-03-13 16:37:00,7.45976,11.1319,26.0,4.04
T07,GL-4592,2026-03-13 16:38:00,7.460327,11.131797,27.1,3.66
T07,GL-4592,2026-03-13 16:39:00,7.46073,11.131991,20.1,4.3
T07,GL-4592,2026-03-13 16:40:00,7.46151,11.131896,39.9,3.9
T07,GL-4592,2026-03-13 16:41:00,7.46209,11.131773,20.3,5.21
T07,GL-4592,2026-03-13 16:42:00,7.462606,11.131308,23.0,3.55
T07,GL-4592,2026-03-13 16:43:00,7.462985,11.131489,56.5,5.46
T07,GL-4592,2026-03-13 16:44:00,7.463372,11.130895,48.2,3.45
T07,GL-4592,2026-03-13 16:45:00,7.463911,11.130947,47.0,3.1
T07,GL-4592,2026-03-13 16:46:00,7.464708,11.130517,,3.38
T07,GL-4592,2026-03-13 16:47:00,7.464899,11.130161,,3.99
T07,GL-4592,2026-03-13 16:48:00,7.465531,11.130494,22.6,4.21
T07,GL-4592,2026-03-13 16:49:00,7.466312,11.130686,52.1,3.79
T07,GL-4592,2026-03-13 16:50:00,7.467282,11.130415,35.7,4.74
T07,GL-4592,2026-03-13 16:51:00,7.467594,11.130306,32.8,3.84
T07,GL-4592,2026-03-13 16:52:00,7.468373,11.129665,24.3,3.82
T07,GL-4592,2026-03-13 16:53:00,7.468746,11.13,40.6,5.29
T07,GL-4592,2026-03-13 16:54:00,7.469776,11.129706,41.9,4.31
T07,GL-4592,2026-03-13 16:55:00,7.469931,11.129372,32.7,4.08
T07,GL-4592,2026-03-13 16:56:00,7.470678,11.129693,37.1,4.15
T07,GL-4592,2026-03-13 16:57:00,7.471247,11.129398,19.5,2.95
T07,GL-4592,2026-03-13 16:58:00,7.471733,11.129045,17.0,5.36
T07,GL-4592,2026-03-13 16:59:00,7.472539,11.128656,22.6,4.46
T07,GL-4592,2026-03-13 17:00:00,7.472984,11.128703,49.5,3.24
T07,GL-4592,2026-03-13 17:01:00,7.47354,11.128334,32.0,3.36
T07,GL-4592,2026-03-13 17:02:00,7.473634,11.12881,48.4,2.89
T07,GL-4592,2026-03-13 17:03:00,7.474232,11.12809,23.8,4.32
T07,GL-4592,2026-03-13 17:04:00,7.475259,11.128042,51.6,5.5
T07,GL-4592,2026-03-13 17:05:00,7.475499,11.128124,25.4,5.55
T07,GL-4592,2026-03-13 17:06:00,7.475855,11.127303,30.7,5.44
T07,GL-4592,2026-03-13 17:07:00,7.476985,11.127671,14.8,3.07
T07,GL-4592,2026-03-13 17:08:00,7.477388,11.127985,17.0,5.17
T07,GL-4592,2026-03-13 17:09:00,7.478145,11.127528,36.7,5.38
T07,GL-4592,2026-03-13 17:10:00,7.478301,11.127136,50.6,4.91
T07,GL-4592,2026-03-13 17:11:00,7.479104,11.127384,28.3,4.47
T07,GL-4592,2026-03-13 17:12:00,7.479636,11.127093,54.8,5.52
T07,GL-4592,2026-03-13 17:13:00,7.48025,11.126934,33.8,3.99
T07,GL-4592,2026-03-13 17:14:00,7.481165,11.126652,33.4,5.28
T07,GL-4592,2026-03-13 17:15:00,7.481729,11.12702,46.9,3.12
T07,GL-4592,2026-03-13 17:16:00,7.482092,11.126979,53.1,3.62
T07,GL-4592,2026-03-13 17:17:00,7.482548,11.126557,29.8,3.37
T07,GL-4592,2026-03-13 17:18:00,7.482567,11.125983,22.0,5.29
T07,GL-4592,2026-03-13 17:19:00,7.483664,11.126042,16.1,3.68
T07,GL-4592,2026-03-13 17:20:00,7.484579,11.12621,47.6,4.66
T07,GL-4592,2026-03-13 17:21:00,7.484963,11.126026,14.0,4.68
T07,GL-4592,2026-03-13 17:22:00,7.485451,11.12583,18.3,3.87
T07,GL-4592,2026-03-13 17:23:00,7.486107,11.125442,39.1,5.46
T07,GL-4592,2026-03-13 17:24:00,7.486391,11.125396,49.1,2.93
T07,GL-4592,2026-03-13 17:25:00,7.487464,11.125296,55.3,3.3
T07,GL-4592,2026-03-13 17:26:00,7.487478,11.125205,25.0,3.16
T07,GL-4592,2026-03-13 17:27:00,7.488304,11.125262,36.4,5.54
T07,GL-4592,2026-03-13 17:28:00,7.488633,11.124745,57.1,4.1
T07,GL-4592,2026-03-13 17:29:00,7.489764,11.124595,56.7,5.5
T07,GL-4592,2026-03-13 17:30:00,7.489866,11.124775,24.1,5.28
T07,GL-4592,2026-03-13 17:31:00,7.490356,11.124273,46.3,5.02
T07,GL-4592,2026-03-13 17:32:00,7.491026,11.123972,21.6,4.81
T07,GL-4592,2026-03-13 17:33:00,7.491631,11.123828,29.5,4.12
T07,GL-4592,2026-03-13 17:34:00,7.492949,11.123788,42.5,3.55
T07,GL-4592,2026-03-13 17:35:00,7.492687,11.123321,22.1,4.46
T07,GL-4592,2026-03-13 17:36:00,7.493579,11.123835,42.8,4.12
T07,GL-4592,2026-03-13 17:37:00,7.493891,11.123112,18.8,4.92
T07,GL-4592,2026-03-13 17:38:00,7.494595,11.123142,37.2,5.5
T07,GL-4592,2026-03-13 17:39:00,7.494752,11.123386,24.3,4.65
T07,GL-4592,2026-03-13 17:40:00,7.495485,11.123214,28.8,3.86
T07,GL-4592,2026-03-13 17:41:00,7.496098,11.1232,18.4,3.66
T07,GL-4592,2026-03-13 17:42:00,7.496975,11.122931,26.8,3.8
T07,GL-4592,2026-03-13 17:43:00,7.497646,11.122602,57.6,4.34
T07,GL-4592,2026-03-13 17:44:00,7.497869,11.122762,31.0,3.25
T07,GL-4592,2026-03-13 17:45:00,7.498471,11.122152,19.1,5.08
T07,GL-4592,2026-03-13 17:46:00,7.498902,11.122139,52.7,3.7
T07,GL-4592,2026-03-13 17:47:00,7.499769,11.121726,40.8,3.17
T07,GL-4592,2026-03-13 17:48:00,7.500058,11.121751,41.4,4.4
T07,GL-4592,2026-03-13 17:49:00,7.500925,11.121774,41.5,5.31
T07,GL-4592,2026-03-13 17:50:00,7.501149,11.121361,49.3,4.68
T07,GL-4592,2026-03-13 17:51:00,7.502076,11.121478,19.0,4.06
T07,GL-4592,2026-03-13 17:52:00,7.503145,11.12145,57.0,4.36
T07,GL-4592,2026-03-13 17:53:00,7.503234,11.120899,55.7,5.53
T07,GL-4592,2026-03-13 17:54:00,7.503897,11.121277,37.2,4.27
T07,GL-4592,2026-03-13 17:55:00,7.504402,11.120306,44.6,4.11
T07,GL-4592,2026-03-13 17:56:00,7.505136,11.120704,26.2,4.86
T07,GL-4592,2026-03-13 17:57:00,7.505618,11.120585,17.7,3.01
T07,GL-4592,2026-03-13 17:58:00,7.506186,11.12035,36.8,4.65
T07,GL-4592,2026-03-13 17:59:00,7.506871,11.120159,55.5,3.09
T07,GL-4592,2026-03-13 18:00:00,7.507571,11.120162,30.6,4.07
T07,GL-4592,2026-03-13 18:01:00,7.507665,11.12039,26.7,4.03
T07,GL-4592,2026-03-13 18:02:00,7.508808,11.12023,25.7,4.43
T07,GL-4592,2026-03-13 18:03:00,7.508867,11.119531,,3.89
T07,GL-4592,2026-03-13 18:04:00,7.509256,11.119811,56.2,4.29
T07,GL-4592,2026-03-13 18:05:00,7.510089,11.119234,46.0,3.94
T07,GL-4592,2026-03-13 18:06:00,7.510217,11.119334,35.7,3.85
T07,GL-4592,2026-03-13 18:07:00,7.511351,11.119215,45.2,5.01
T07,GL-4592,2026-03-13 18:08:00,7.51169,11.119,39.2,5.3
T07,GL-4592,2026-03-13 18:09:00,7.512097,11.119045,19.6,3.84
T07,GL-4592,2026-03-13 18:10:00,7.513231,11.118953,51.6,4.2
T07,GL-4592,2026-03-13 18:11:00,7.513603,11.118637,49.9,4.07
T07,GL-4592,2026-03-13 18:12:00,7.514174,11.118826,39.8,4.45
T07,GL-4592,2026-03-13 18:13:00,7.514653,11.118625,51.2,4.67
T07,GL-4592,2026-03-13 18:14:00,7.515285,11.117797,49.9,4.8
T07,GL-4592,2026-03-13 18:15:00,7.515588,11.117879,38.0,2.88
T07,GL-4592,2026-03-13 18:16:00,7.516441,11.118026,14.4,5.34
T07,GL-4592,2026-03-13 18:17:00,7.516946,11.118123,45.9,4.6
T07,GL-4592,2026-03-13 18:18:00,7.51782,11.117742,20.3,5.25
T07,GL-4592,2026-03-13 18:19:00,7.518089,11.117489,16.6,4.01
T07,GL-4592,2026-03-13 18:20:00,7.518586,11.117117,43.7,2.98
T07,GL-4592,2026-03-13 18:21:00,7.519627,11.117266,21.5,3.69
T07,GL-4592,2026-03-13 18:22:00,7.520222,11.117073,18.6,3.03
T07,GL-4592,2026-03-13 18:23:00,7.520377,11.116897,18.0,4.71
T07,GL-4592,2026-03-13 18:24:00,7.520959,11.116969,28.1,4.87
T07,GL-4592,2026-03-13 18:25:00,7.521451,11.116581,36.2,5.29
T07,GL-4592,2026-03-13 18:26:00,7.521923,11.116548,47.4,4.5
T07,GL-4592,2026-03-13 18:27:00,7.522924,11.116227,28.6,2.93
T07,GL-4592,2026-03-13 18:28:00,7.523792,11.116327,44.5,3.03
T07,GL-4592,2026-03-13 18:29:00,7.52378,11.116055,18.8,4.84
T07,GL-4592,2026-03-13 18:30:00,7.524358,11.115942,32.8,2.85
T07,GL-4592,2026-03-13 18:31:00,7.525315,11.115328,52.5,4.77
T07,GL-4592,2026-03-13 18:32:00,7.525682,11.115694,16.1,3.46
T07,GL-4592,2026-03-13 18:33:00,7.526502,11.115785,20.5,3.78
T07,GL-4592,2026-03-13 18:34:00,7.526631,11.114814,17.3,5.12
T07,GL-4592,2026-03-13 18:35:00,7.527331,11.115413,48.3,2.98
T07,GL-4592,2026-03-13 18:36:00,7.527783,11.114912,24.1,3.73
T07,GL-4592,2026-03-13 18:37:00,7.528695,11.113811,52.7,4.42
T07,GL-4592,2026-03-13 18:38:00,7.529241,11.114829,57.6,5.05
T07,GL-4592,2026-03-13 18:39:00,7.529626,11.114571,54.0,5.51
T07,GL-4592,2026-03-13 18:40:00,7.529811,11.114295,30.2,3.04
T07,GL-4592,2026-03-13 18:41:00,7.531059,11.114385,52.2,5.1
T07,GL-4592,2026-03-13 18:42:00,7.531347,11.114016,28.3,3.9
T07,GL-4592,2026-03-13 18:43:00,7.532251,11.113791,24.6,5.1
T07,GL-4592,2026-03-13 18:44:00,7.532576,11.114385,39.1,4.96
T07,GL-4592,2026-03-13 18:45:00,7.533271,11.113968,51.0,3.1
T07,GL-4592,2026-03-13 18:46:00,7.533878,11.113608,20.8,3.41
T07,GL-4592,2026-03-13 18:47:00,7.534142,11.11341,38.3,2.86
T07,GL-4592,2026-03-13 18:48:00,7.534488,11.113171,46.9,3.7
T07,GL-4592,2026-03-13 18:49:00,7.535083,11.113476,32.2,4.0
T07,GL-4592,2026-03-13 18:50:00,7.535845,11.112983,53.7,4.94
T07,GL-4592,2026-03-13 18:51:00,7.53676,11.112796,19.0,3.23
T07,GL-4592,2026-03-13 18:52:00,7.537382,11.112951,39.1,4.56
T07,GL-4592,2026-03-13 18:53:00,7.537817,11.11301,27.3,3.09
T07,GL-4592,2026-03-13 18:54:00,7.538229,11.112344,51.1,5.55
T07,GL-4592,2026-03-13 18:55:00,7.538835,11.11226,40.9,2.99
T07,GL-4592,2026-03-13 18:56:00,7.539568,11.112415,46.2,4.54
T07,GL-4592,2026-03-13 18:57:00,7.539928,11.111854,48.6,4.95
T07,GL-4592,2026-03-13 18:58:00,7.05122,11.111882,39.7,450.62
T07,GL-4592,2026-03-13 18:59:00,7.541264,11.111567,51.2,3.0
T07,GL-4592,2026-03-13 19:00:00,7.541656,11.11156,14.7,4.21
T07,GL-4592,2026-03-13 19:01:00,7.542054,11.111944,56.1,4.46
T07,GL-4592,2026-03-13 19:02:00,7.542834,11.110768,47.4,3.03
T07,GL-4592,2026-03-13 19:03:00,7.543864,11.11112,38.8,4.78
T07,GL-4592,2026-03-13 19:04:00,7.543968,11.110672,43.4,5.23
T07,GL-4592,2026-03-13 19:05:00,7.544408,11.110626,25.8,3.95
T07,GL-4592,2026-03-13 19:06:00,7.545385,11.1106,54.3,3.5
T07,GL-4592,2026-03-13 19:07:00,7.545661,11.110718,46.3,4.5
T07,GL-4592,2026-03-13 19:08:00,7.546508,11.110475,25.1,5.58
T07,GL-4592,2026-03-13 19:09:00,7.546844,11.110492,34.2,4.72
T07,GL-4592,2026-03-13 19:10:00,7.547395,11.110323,35.9,3.3
T07,GL-4592,2026-03-13 19:11:00,7.548268,11.110478,42.8,5.59
T07,GL-4592,2026-03-13 19:12:00,7.548584,11.109987,26.2,4.94
T07,GL-4592,2026-03-13 19:13:00,7.549299,11.109611,16.5,4.11
T07,GL-4592,2026-03-13 19:14:00,7.549757,11.10926,35.5,4.04
T07,GL-4592,2026-03-13 19:15:00,7.550314,11.109516,30.4,4.97
T07,GL-4592,2026-03-13 19:16:00,7.550815,11.109206,45.5,2.93
T07,GL-4592,2026-03-13 19:17:00,7.551437,11.109076,37.2,4.79
T07,GL-4592,2026-03-13 19:18:00,7.552148,11.108777,20.3,4.61
T07,GL-4592,2026-03-13 19:19:00,7.552405,11.108848,47.3,5.19
T07,GL-4592,2026-03-13 19:20:00,7.553137,11.108627,49.3,5.35
T07,GL-4592,2026-03-13 19:21:00,7.553859,11.108505,,5.22
T07,GL-4592,2026-03-13 19:22:00,7.554434,11.108251,53.2,4.82
T07,GL-4592,2026-03-13 19:23:00,7.554965,11.108292,46.9,4.55
T07,GL-4592,2026-03-13 19:24:00,7.555416,11.108443,44.1,3.04
T07,GL-4592,2026-03-13 19:25:00,7.555792,11.108107,17.5,2.88
T07,GL-4592,2026-03-13 19:26:00,7.556387,11.107907,34.2,3.58
T07,GL-4592,2026-03-13 19:27:00,7.557323,11.107369,15.3,5.29
T07,GL-4592,2026-03-13 19:28:00,7.557911,11.107414,41.9,2.91
T07,GL-4592,2026-03-13 19:29:00,7.558418,11.107305,28.4,4.57
T07,GL-4592,2026-03-13 19:30:00,7.558796,11.107293,51.7,4.75
T07,GL-4592,2026-03-13 19:31:00,7.559697,11.107034,46.3,3.17
T07,GL-4592,2026-03-13 19:32:00,7.559815,11.1071,21.1,3.71
T07,GL-4592,2026-03-13 19:33:00,7.560804,11.106847,21.8,3.14
T07,GL-4592,2026-03-13 19:34:00,7.561304,11.106344,32.0,2.99
T07,GL-4592,2026-03-13 19:35:00,7.561749,11.106735,31.6,5.29
T07,GL-4592,2026-03-13 19:36:00,7.562676,11.106201,50.9,4.08
T07,GL-4592,2026-03-13 19:37:00,7.563152,11.106242,50.2,3.84
T07,GL-4592,2026-03-13 19:38:00,7.563834,11.106406,23.3,3.12
T07,GL-4592,2026-03-13 19:39:00,7.564342,11.106062,39.9,4.52
T07,GL-4592,2026-03-13 19:40:00,7.564386,11.105718,43.4,3.88
T07,GL-4592,2026-03-13 19:41:00,7.565361,11.105817,42.8,4.26
T07,GL-4592,2026-03-13 19:42:00,7.565946,11.105158,48.8,3.76
T07,GL-4592,2026-03-13 19:43:00,7.566511,11.105641,15.9,3.53
T07,GL-4592,2026-03-13 19:44:00,7.567128,11.104871,40.1,5.23
T07,GL-4592,2026-03-13 19:45:00,7.567528,11.104993,,3.11
T07,GL-4592,2026-03-13 19:46:00,7.567506,11.105319,40.3,4.77
T07,GL-4592,2026-03-13 19:47:00,7.569126,11.104559,51.9,3.09
T07,GL-4592,2026-03-13 19:48:00,7.569338,11.104669,54.9,5.03
T07,GL-4592,2026-03-13 19:49:00,7.57006,11.104721,17.0,3.24
T07,GL-4592,2026-03-13 19:50:00,7.570154,11.104601,46.9,5.41
T07,GL-4592,2026-03-13 19:51:00,7.570961,11.104215,28.8,3.82
T07,GL-4592,2026-03-13 19:52:00,7.571532,11.10436,21.0,4.86
T07,GL-4592,2026-03-13 19:53:00,7.572278,11.104243,25.6,5.37
T07,GL-4592,2026-03-13 19:54:00,7.572393,11.103629,40.5,3.94
T07,GL-4592,2026-03-13 19:55:00,7.572979,11.103711,51.7,5.51
T07,GL-4592,2026-03-13 19:56:00,7.573956,11.10334,20.6,2.86
T07,GL-4592,2026-03-13 19:57:00,7.574101,11.103345,21.6,2.9
T07,GL-4592,2026-03-13 19:58:00,7.57509,11.103468,36.0,3.21
T07,GL-4592,2026-03-13 19:59:00,7.575744,11.10284,37.0,3.52
T07,GL-4592,2026-03-13 20:00:00,7.576146,11.103115,55.2,5.14
T07,GL-4592,2026-03-13 20:01:00,7.576558,11.10256,53.6,3.28
T07,GL-4592,2026-03-13 20:02:00,7.577031,11.102747,44.6,5.11
T07,GL-4592,2026-03-13 20:03:00,7.577718,11.102858,53.3,3.85
T07,GL-4592,2026-03-13 20:04:00,7.578143,11.101921,26.1,3.26
T07,GL-4592,2026-03-13 20:05:00,7.578969,11.102214,44.6,3.87
T07,GL-4592,2026-03-13 20:06:00,7.57925,11.102073,44.3,4.26
T07,GL-4592,2026-03-13 20:07:00,7.579885,11.101952,55.3,4.64
T07,GL-4592,2026-03-13 20:08:00,7.580417,11.102073,32.0,4.86
T07,GL-4592,2026-03-13 20:09:00,7.581443,11.101445,52.3,4.69
T07,GL-4592,2026-03-13 20:10:00,7.581862,11.101751,48.8,5.05
T07,GL-4592,2026-03-13 20:11:00,7.582434,11.101202,43.4,4.49
T07,GL-4592,2026-03-13 20:12:00,7.582712,11.100963,19.2,3.91
T07,GL-4592,2026-03-13 20:13:00,7.583651,11.101156,34.6,4.76
T07,GL-4592,2026-03-13 20:14:00,7.583949,11.100941,14.5,4.79
T07,GL-4592,2026-03-13 20:15:00,7.584746,11.100757,35.5,4.76
T07,GL-4592,2026-03-13 20:16:00,7.585478,11.100554,29.8,5.45
T07,GL-4592,2026-03-13 20:17:00,7.585729,11.100466,39.8,4.75
T07,GL-4592,2026-03-13 20:18:00,7.586661,11.100446,58.0,4.96
T07,GL-4592,2026-03-13 20:19:00,7.587383,11.100436,31.4,4.56
T07,GL-4592,2026-03-13 20:20:00,7.587661,11.100197,20.1,4.01
T07,GL-4592,2026-03-13 20:21:00,7.588161,11.099813,51.6,3.76
T07,GL-4592,2026-03-13 20:22:00,7.588869,11.09987,55.3,4.7
T07,GL-4592,2026-03-13 20:23:00,7.589525,11.099957,14.2,4.9
T07,GL-4592,2026-03-13 20:24:00,7.589659,11.099586,19.2,2.84
T07,GL-4592,2026-03-13 20:25:00,7.59042,11.099566,28.3,4.55
T07,GL-4592,2026-03-13 20:26:00,7.591059,11.099177,18.8,5.41
T07,GL-4592,2026-03-13 20:27:00,7.591545,11.099158,38.4,5.59
T07,GL-4592,2026-03-13 20:28:00,7.59211,11.098571,40.6,3.32
T07,GL-4592,2026-03-13 20:29:00,7.593048,11.099164,52.4,5.06
T07,GL-4592,2026-03-13 20:30:00,7.593355,11.098644,18.1,3.39
T07,GL-4592,2026-03-13 20:31:00,7.594229,11.099135,42.9,2.92
T07,GL-4592,2026-03-13 20:32:00,7.594767,11.098559,26.6,3.39
T07,GL-4592,2026-03-13 20:33:00,7.595042,11.097885,34.8,5.17
T07,GL-4592,2026-03-13 20:34:00,7.595905,11.098355,28.5,4.01
T07,GL-4592,2026-03-13 20:35:00,7.595916,11.098086,52.4,5.21
T07,GL-4592,2026-03-13 20:36:00,7.597157,11.097846,26.7,5.03
T07,GL-4592,2026-03-13 20:37:00,7.597582,11.097831,41.5,4.19
T07,GL-4592,2026-03-13 20:38:00,7.598113,11.09777,32.5,3.41
T07,GL-4592,2026-03-13 20:39:00,7.598583,11.097284,50.8,3.51
T07,GL-4592,2026-03-13 20:40:00,7.598827,11.097327,14.9,3.37
T07,GL-4592,2026-03-13 20:41:00,7.599698,11.096875,42.7,4.06
T07,GL-4592,2026-03-13 20:42:00,7.600298,11.097245,51.3,5.29
T07,GL-4592,2026-03-13 20:43:00,7.601271,11.097122,51.2,4.98
T07,GL-4592,2026-03-13 20:44:00,7.601492,11.096701,37.3,3.37
T07,GL-4592,2026-03-13 20:45:00,7.60237,11.096419,51.5,3.2
T07,GL-4592,2026-03-13 20:46:00,7.602416,11.096555,29.3,3.2
T07,GL-4592,2026-03-13 20:47:00,7.603158,11.096641,31.1,5.47
T07,GL-4592,2026-03-13 20:48:00,7.603449,11.096215,28.1,3.99
T07,GL-4592,2026-03-13 20:49:00,7.603957,11.095861,29.7,5.28
T07,GL-4592,2026-03-13 20:50:00,7.604951,11.095999,55.9,3.63
T07,GL-4592,2026-03-13 20:51:00,7.605581,11.096123,25.4,3.29
T07,GL-4592,2026-03-13 20:52:00,7.60611,11.09561,25.7,3.92
T07,GL-4592,2026-03-13 20:53:00,7.606477,11.095502,43.3,5.09
T07,GL-4592,2026-03-13 20:54:00,7.607209,11.095044,38.2,3.65
T07,GL-4592,2026-03-13 20:55:00,7.607886,11.095071,49.8,4.13
T07,GL-4592,2026-03-13 20:56:00,7.608566,11.094999,40.3,4.81
T07,GL-4592,2026-03-13 20:57:00,7.608699,11.095034,30.5,4.08
T07,GL-4592,2026-03-13 20:58:00,7.609153,11.094476,26.2,5.34
T07,GL-4592,2026-03-13 20:59:00,7.610106,11.094189,23.7,3.77
T07,GL-4592,2026-03-13 21:00:00,7.610229,11.094374,23.6,5.56
T07,GL-4592,2026-03-13 21:01:00,7.611156,11.094084,22.0,3.56
T07,GL-4592,2026-03-13 21:02:00,7.611451,11.094453,34.0,3.91
T07,GL-4592,2026-03-13 21:03:00,7.612495,11.093778,18.9,5.17
T07,GL-4592,2026-03-13 21:04:00,7.612609,11.09344,21.2,3.11
T07,GL-4592,2026-03-13 21:05:00,7.613332,11.093504,36.1,4.73
T07,GL-4592,2026-03-13 21:06:00,7.614069,11.093381,52.9,3.13
T07,GL-4592,2026-03-13 21:07:00,7.61468,11.093624,14.1,4.58
T07,GL-4592,2026-03-13 21:08:00,7.615256,11.092839,37.6,4.85
T07,GL-4592,2026-03-13 21:09:00,7.616382,11.092873,22.7,4.64
T07,GL-4592,2026-03-13 21:10:00,7.616143,11.092858,24.6,5.48
T07,GL-4592,2026-03-13 21:11:00,7.616764,11.092985,51.0,4.49
T07,GL-4592,2026-03-13 21:12:00,7.617507,11.092351,22.3,3.25
T07,GL-4592,2026-03-13 21:13:00,7.618337,11.092391,51.6,3.94
T07,GL-4592,2026-03-13 21:14:00,7.618341,11.092134,35.5,4.3
T07,GL-4592,2026-03-13 21:15:00,7.61918,11.092484,53.1,5.12
T07,GL-4592,2026-03-13 21:16:00,7.619913,11.091972,46.2,4.72
T07,GL-4592,2026-03-13 21:17:00,7.620669,11.092311,53.0,5.32
T07,GL-4592,2026-03-13 21:18:00,7.621043,11.091876,26.8,3.0
T07,GL-4592,2026-03-13 21:19:00,7.621738,11.091433,32.6,3.66
T07,GL-4592,2026-03-13 21:20:00,7.621816,11.091986,27.2,3.56
T07,GL-4592,2026-03-13 21:21:00,7.622655,11.091245,55.8,4.07
T07,GL-4592,2026-03-13 21:22:00,7.623162,11.091268,48.5,5.41
T07,GL-4592,2026-03-13 21:23:00,7.623643,11.090966,33.4,5.19
T07,GL-4592,2026-03-13 21:24:00,7.624487,11.090968,33.1,4.33
T07,GL-4592,2026-03-13 21:25:00,7.624995,11.091073,31.5,3.07
T07,GL-4592,2026-03-13 21:26:00,7.625745,11.090791,46.0,3.99
T07,GL-4592,2026-03-13 21:27:00,7.625958,11.090452,37.0,5.24
T07,GL-4592,2026-03-13 21:28:00,7.626743,11.090489,56.0,3.37
T07,GL-4592,2026-03-13 21:29:00,7.627402,11.090099,23.8,5.01
T07,GL-4592,2026-03-13 21:30:00,7.627498,11.08986,34.3,3.97
T07,GL-4592,2026-03-13 21:31:00,7.628485,11.089814,16.9,3.91
T07,GL-4592,2026-03-13 21:32:00,7.628694,11.08986,26.5,3.62
T07,GL-4592,2026-03-13 21:33:00,7.629654,11.089503,21.5,5.49
T07,GL-4592,2026-03-13 21:34:00,7.63002,11.089681,18.2,3.03
T07,GL-4592,2026-03-13 21:35:00,7.63063,11.089439,57.8,4.16
T07,GL-4592,2026-03-13 21:36:00,7.631078,11.089462,23.1,3.99
T07,GL-4592,2026-03-13 21:37:00,7.631786,11.089099,54.5,3.46
T07,GL-4592,2026-03-13 21:38:00,7.632669,11.088958,21.6,4.81
T07,GL-4592,2026-03-13 21:39:00,7.632826,11.089043,36.3,2.8
T07,GL-4592,2026-03-13 21:40:00,7.633457,11.088951,34.4,4.28
T07,GL-4592,2026-03-13 21:41:00,7.634275,11.088884,21.3,3.85
T07,GL-4592,2026-03-13 21:42:00,7.634627,11.088209,32.4,4.56
T07,GL-4592,2026-03-13 21:43:00,7.635673,11.08834,21.4,4.33
T07,GL-4592,2026-03-13 21:44:00,7.635958,11.088143,15.9,3.72
T07,GL-4592,2026-03-13 21:45:00,7.636468,11.088063,36.5,4.23
T07,GL-4592,2026-03-13 21:46:00,7.636589,11.087609,39.9,4.26
T07,GL-4592,2026-03-13 21:47:00,7.637598,11.087621,43.4,5.37
T07,GL-4592,2026-03-13 21:48:00,7.637973,11.087674,49.8,3.4
T07,GL-4592,2026-03-13 21:49:00,7.638901,11.087532,42.0,4.79
T07,GL-4592,2026-03-13 21:50:00,7.639074,11.086683,15.6,5.13
T07,GL-4592,2026-03-13 21:51:00,7.639826,11.086912,28.0,3.88
T07,GL-4592,2026-03-13 21:52:00,7.640739,11.087097,30.0,5.14
T07,GL-4592,2026-03-13 21:53:00,7.641108,11.086996,18.3,3.89
T07,GL-4592,2026-03-13 21:54:00,7.641582,11.086583,40.0,4.95
T07,GL-4592,2026-03-13 21:55:00,7.642659,11.087108,19.1,4.85
T07,GL-4592,2026-03-13 21:56:00,7.6425,11.086269,52.2,3.92
T07,GL-4592,2026-03-13 21:57:00,7.643349,11.086541,55.5,3.46
T07,GL-4592,2026-03-13 21:58:00,7.643913,11.085705,15.3,4.8
T07,GL-4592,2026-03-13 21:59:00,7.644386,11.086205,40.9,5.24
T07,GL-4592,2026-03-13 22:00:00,7.645271,11.085418,23.1,5.49
T07,GL-4592,2026-03-13 22:01:00,7.645767,11.085884,35.5,4.99
T07,GL-4592,2026-03-13 22:02:00,7.6459,11.085,55.2,5.56
T07,GL-4592,2026-03-13 22:03:00,7.646424,11.085494,38.2,3.56
T07,GL-4592,2026-03-13 22:04:00,7.647604,11.084983,20.8,4.02
T07,GL-4592,2026-03-13 22:05:00,7.647877,11.084798,35.3,2.99
T07,GL-4592,2026-03-13 22:06:00,7.648355,11.084432,49.1,4.23
T07,GL-4592,2026-03-13 22:07:00,7.648861,11.084693,33.3,3.69
T07,GL-4592,2026-03-13 22:08:00,7.649436,11.084666,31.5,5.23
T07,GL-4592,2026-03-13 22:09:00,7.650165,11.084513,44.8,3.05
T07,GL-4592,2026-03-13 22:10:00,7.651159,11.084218,32.0,4.59
T07,GL-4592,2026-03-13 22:11:00,7.651435,11.084158,43.3,3.6
T07,GL-4592,2026-03-13 22:12:00,7.651592,11.084375,17.0,3.52
T07,GL-4592,2026-03-13 22:13:00,7.652514,11.083958,38.1,5.34
T07,GL-4592,2026-03-13 22:14:00,7.653053,11.083419,35.6,4.84
T07,GL-4592,2026-03-13 22:15:00,7.654406,11.083799,21.2,2.82
T07,GL-4592,2026-03-13 22:16:00,7.654089,11.08377,25.0,3.52
T07,GL-4592,2026-03-13 22:17:00,7.655304,11.083426,22.3,4.19
T07,GL-4592,2026-03-13 22:18:00,7.655437,11.083377,46.0,3.43
T07,GL-4592,2026-03-13 22:19:00,7.989656,11.083146,48.9,195.15
T07,GL-4592,2026-03-13 22:20:00,7.656474,11.083019,44.9,4.56
T07,GL-4592,2026-03-13 22:21:00,7.656955,11.083018,28.2,3.65
T07,GL-4592,2026-03-13 22:22:00,7.657641,11.082741,33.6,3.32
T07,GL-4592,2026-03-13 22:23:00,7.658171,11.082569,16.3,4.35
T07,GL-4592,2026-03-13 22:24:00,7.659058,11.082227,18.6,4.07
T07,GL-4592,2026-03-13 22:25:00,7.659461,11.082227,34.7,3.02
T07,GL-4592,2026-03-13 22:26:00,7.659944,11.081858,14.7,4.8
T07,GL-4592,2026-03-13 22:27:00,7.660187,11.081657,43.4,3.92
T07,GL-4592,2026-03-13 22:28:00,7.661366,11.081686,27.8,5.41
T07,GL-4592,2026-03-13 22:29:00,7.661963,11.08182,43.6,3.91
T07,GL-4592,2026-03-13 22:30:00,7.662188,11.08144,26.6,4.83
T07,GL-4592,2026-03-13 22:31:00,7.662626,11.081305,26.8,3.68
T07,GL-4592,2026-03-13 22:32:00,7.663768,11.081284,39.8,3.32
T07,GL-4592,2026-03-13 22:33:00,7.663556,11.081029,,5.42
T07,GL-4592,2026-03-13 22:34:00,7.664819,11.081158,39.0,5.41
T07,GL-4592,2026-03-13 22:35:00,7.665094,11.080668,36.4,2.86
T07,GL-4592,2026-03-13 22:36:00,7.665724,11.080533,21.1,3.41
T07,GL-4592,2026-03-13 22:37:00,7.666276,11.080415,56.8,5.5
T07,GL-4592,2026-03-13 22:38:00,7.667002,11.080279,18.3,3.91
T07,GL-4592,2026-03-13 22:39:00,7.667416,11.080052,42.7,5.5
T07,GL-4592,2026-03-13 22:40:00,7.668208,11.079901,57.0,5.1
T07,GL-4592,2026-03-13 22:41:00,7.668696,11.079907,40.2,3.47
T07,GL-4592,2026-03-13 22:42:00,7.669034,11.079585,38.6,4.77
T07,GL-4592,2026-03-13 22:43:00,7.669853,11.079767,15.1,2.86
T07,GL-4592,2026-03-13 22:44:00,7.670319,11.079242,25.3,2.89
T07,GL-4592,2026-03-13 22:45:00,7.670667,11.079155,53.0,4.93
T07,GL-4592,2026-03-13 22:46:00,7.671498,11.079379,27.2,4.71
T07,GL-4592,2026-03-13 22:47:00,7.672315,11.079189,25.4,5.42
T07,GL-4592,2026-03-13 22:48:00,7.672456,11.078818,28.2,3.59
T07,GL-4592,2026-03-13 22:49:00,7.673178,11.078715,55.1,4.12
T07,GL-4592,2026-03-13 22:50:00,7.673767,11.07868,48.1,4.8
T07,GL-4592,2026-03-13 22:51:00,7.67432,11.078237,19.8,3.61
T07,GL-4592,2026-03-13 22:52:00,7.675139,11.07846,44.7,4.2
T07,GL-4592,2026-03-13 22:53:00,7.675569,11.078144,48.4,3.92
T07,GL-4592,2026-03-13 22:54:00,7.676262,11.078358,28.0,4.31
T07,GL-4592,2026-03-13 22:55:00,7.676497,11.078158,15.7,5.43
T07,GL-4592,2026-03-13 22:56:00,7.677135,11.077891,45.6,5.12
T07,GL-4592,2026-03-13 22:57:00,7.677932,11.077843,33.9,5.23
T07,GL-4592,2026-03-13 22:58:00,7.678263,11.07746,30.6,3.07
T07,GL-4592,2026-03-13 22:59:00,7.679297,11.077653,16.5,4.11
T07,GL-4592,2026-03-13 23:00:00,7.679463,11.077422,57.8,4.61
T07,GL-4592,2026-03-13 23:01:00,7.680087,11.07725,20.7,4.64
T07,GL-4592,2026-03-13 23:02:00,7.680954,11.076939,44.1,3.59
T07,GL-4592,2026-03-13 23:03:00,7.681282,11.076817,33.1,4.99
T07,GL-4592,2026-03-13 23:04:00,7.681963,11.076462,24.9,5.13
T07,GL-4592,2026-03-13 23:05:00,7.682152,11.076237,45.1,5.21
T07,GL-4592,2026-03-13 23:06:00,7.682949,11.076121,31.7,4.88
T07,GL-4592,2026-03-13 23:07:00,7.683721,11.076218,23.2,5.49
T07,GL-4592,2026-03-13 23:08:00,7.684202,11.076204,22.2,5.23
T07,GL-4592,2026-03-13 23:09:00,7.684841,11.075636,19.7,3.28
T07,GL-4592,2026-03-13 23:10:00,7.685329,11.075737,33.2,4.12
T07,GL-4592,2026-03-13 23:11:00,7.68639,11.075452,29.9,5.3
T07,GL-4592,2026-03-13 23:12:00,7.686387,11.075423,57.9,5.03
T07,GL-4592,2026-03-13 23:13:00,7.686743,11.075281,48.2,3.94
T07,GL-4592,2026-03-13 23:14:00,7.68759,11.075235,,4.11
T07,GL-4592,2026-03-13 23:15:00,7.688098,11.075036,51.3,4.09
T07,GL-4592,2026-03-13 23:16:00,7.688438,11.07482,26.8,3.37
T07,GL-4592,2026-03-13 23:17:00,7.689169,11.074471,53.3,4.35
T07,GL-4592,2026-03-13 23:18:00,7.689662,11.074402,52.5,5.56
T07,GL-4592,2026-03-13 23:19:00,7.690279,11.074587,54.2,5.1
T07,GL-4592,2026-03-13 23:20:00,7.690717,11.074134,32.8,3.45
T07,GL-4592,2026-03-13 23:21:00,7.691881,11.074184,35.5,5.22
T07,GL-4592,2026-03-13 23:22:00,7.691921,11.074057,23.6,4.93
T07,GL-4592,2026-03-13 23:23:00,7.692748,11.074122,49.6,3.01
T07,GL-4592,2026-03-13 23:24:00,7.693359,11.073445,22.9,5.15
T07,GL-4592,2026-03-13 23:25:00,7.694208,11.073785,56.9,3.16
T07,GL-4592,2026-03-13 23:26:00,7.694391,11.073476,18.8,4.46
T07,GL-4592,2026-03-13 23:27:00,7.695105,11.073717,15.3,4.62
T07,GL-4592,2026-03-13 23:28:00,7.695712,11.073302,21.3,3.28
T07,GL-4592,2026-03-13 23:29:00,7.696102,11.073167,52.9,3.71
T07,GL-4592,2026-03-13 23:30:00,7.696656,11.073133,17.9,4.68
T07,GL-4592,2026-03-13 23:31:00,7.697621,11.073321,25.5,5.19
T07,GL-4592,2026-03-13 23:32:00,7.69793,11.072776,42.3,4.58
T07,GL-4592,2026-03-13 23:33:00,7.698466,11.072425,45.5,3.86
T07,GL-4592,2026-03-13 23:34:00,7.69908,11.072312,28.2,5.35
T07,GL-4592,2026-03-13 23:35:00,7.699769,11.072083,16.1,4.59
T07,GL-4592,2026-03-13 23:36:00,7.70015,11.071919,42.4,5.52
T07,GL-4592,2026-03-13 23:37:00,7.70037,11.071945,38.1,3.24
T07,GL-4592,2026-03-13 23:38:00,7.701311,11.071812,21.0,5.38
T07,GL-4592,2026-03-13 23:39:00,7.702096,11.071883,34.1,5.59
T07,GL-4592,2026-03-13 23:40:00,7.702525,11.071105,38.8,4.09
T07,GL-4592,2026-03-13 23:41:00,7.703252,11.071341,17.7,3.82
T07,GL-4592,2026-03-13 23:42:00,7.703415,11.071486,45.8,2.82
T07,GL-4592,2026-03-13 23:43:00,7.70383,11.07113,32.6,5.4
T07,GL-4592,2026-03-13 23:44:00,7.704733,11.071126,57.7,5.16
T07,GL-4592,2026-03-13 23:45:00,7.705668,11.070676,36.5,4.32
T07,GL-4592,2026-03-13 23:46:00,7.70607,11.070651,41.5,2.84
T07,GL-4592,2026-03-13 23:47:00,7.706799,11.070471,25.0,3.57
T07,GL-4592,2026-03-13 23:48:00,7.707245,11.070619,42.8,3.39
T07,GL-4592,2026-03-13 23:49:00,7.707699,11.070117,21.8,4.0
T07,GL-4592,2026-03-13 23:50:00,7.708054,11.070083,54.5,3.89
T07,GL-4592,2026-03-13 23:51:00,7.708678,11.069947,32.6,4.92
T07,GL-4592,2026-03-13 23:52:00,7.709081,11.069951,19.4,3.92
T07,GL-4592,2026-03-13 23:53:00,7.709921,11.069477,48.1,3.57
T07,GL-4592,2026-03-13 23:54:00,7.710167,11.069557,29.6,4.28
T07,GL-4592,2026-03-13 23:55:00,7.710584,11.069514,16.9,5.11
T07,GL-4592,2026-03-13 23:56:00,7.711845,11.068857,14.3,4.4
T07,GL-4592,2026-03-13 23:57:00,7.71249,11.068682,26.6,2.85
T07,GL-4592,2026-03-13 23:58:00,7.712945,11.068912,31.6,4.89
T07,GL-4592,2026-03-13 23:59:00,7.713433,11.06897,26.1,4.24
T07,GL-4592,2026-03-14 00:00:00,7.713878,11.068416,44.9,3.5
T07,GL-4592,2026-03-14 00:01:00,7.714531,11.068537,22.6,4.11
T07,GL-4592,2026-03-14 00:02:00,7.714922,11.067957,39.5,4.91
T07,GL-4592,2026-03-14 00:03:00,7.716017,11.068122,17.0,3.33
T07,GL-4592,2026-03-14 00:04:00,7.716074,11.068285,40.6,4.08
T07,GL-4592,2026-03-14 00:05:00,7.716783,11.067458,55.4,3.97
T07,GL-4592,2026-03-14 00:06:00,7.717364,11.067208,48.0,4.44
T07,GL-4592,2026-03-14 00:07:00,7.71773,11.067767,39.6,4.26
T07,GL-4592,2026-03-14 00:08:00,7.718417,11.067709,55.1,3.66
T07,GL-4592,2026-03-14 00:09:00,7.719081,11.067608,46.8,4.53
T07,GL-4592,2026-03-14 00:10:00,7.71973,11.067137,,2.86
T07,GL-4592,2026-03-14 00:11:00,7.720727,11.067078,29.0,4.32
T07,GL-4592,2026-03-14 00:12:00,7.721179,11.066729,15.4,5.13
T07,GL-4592,2026-03-14 00:13:00,7.721416,11.06678,31.1,3.15
T07,GL-4592,2026-03-14 00:14:00,7.721754,11.066647,36.5,5.58
T07,GL-4592,2026-03-14 00:15:00,7.722558,11.066251,31.8,4.45
T07,GL-4592,2026-03-14 00:16:00,7.722989,11.066292,42.0,3.14
T07,GL-4592,2026-03-14 00:17:00,7.723975,11.06616,54.0,5.2
T07,GL-4592,2026-03-14 00:18:00,7.724246,11.066063,57.3,3.22
T07,GL-4592,2026-03-14 00:19:00,7.724711,11.065924,52.2,5.52
T07,GL-4592,2026-03-14 00:20:00,7.725498,11.06562,51.1,5.4
T07,GL-4592,2026-03-14 00:21:00,7.72619,11.065237,33.7,4.91
T07,GL-4592,2026-03-14 00:22:00,7.726963,11.065869,57.6,5.42
T07,GL-4592,2026-03-14 00:23:00,7.726933,11.065172,21.9,3.23
T07,GL-4592,2026-03-14 00:24:00,7.727535,11.064803,43.6,4.72
T07,GL-4592,2026-03-14 00:25:00,7.728727,11.06526,25.1,4.06
T07,GL-4592,2026-03-14 00:26:00,7.728702,11.06496,56.1,3.97
T07,GL-4592,2026-03-14 00:27:00,7.729345,11.064934,19.8,5.41
T07,GL-4592,2026-03-14 00:28:00,7.730036,11.064241,45.3,3.58
T07,GL-4592,2026-03-14 00:29:00,7.730393,11.06417,46.0,3.47
T07,GL-4592,2026-03-14 00:30:00,7.731164,11.063954,15.6,4.92
T07,GL-4592,2026-03-14 00:31:00,7.731503,11.064117,53.3,5.36
T07,GL-4592,2026-03-14 00:32:00,7.732364,11.064124,29.2,4.47
T07,GL-4592,2026-03-14 00:33:00,7.73289,11.063939,19.5,4.65
T07,GL-4592,2026-03-14 00:34:00,7.73409,11.063514,37.0,4.36
T07,GL-4592,2026-03-14 00:35:00,7.733967,11.063171,29.9,4.04
T07,GL-4592,2026-03-14 00:36:00,7.734817,11.063555,41.7,2.83
T07,GL-4592,2026-03-14 00:37:00,7.735622,11.063544,26.0,3.82
T07,GL-4592,2026-03-14 00:38:00,7.735519,11.063313,40.1,5.02
T07,GL-4592,2026-03-14 00:39:00,7.736204,11.062961,34.7,5.45
T07,GL-4592,2026-03-14 00:40:00,7.736753,11.062966,36.7,5.58
T07,GL-4592,2026-03-14 00:41:00,7.737547,11.062532,47.1,5.49
T07,GL-4592,2026-03-14 00:42:00,7.738551,11.062685,24.2,2.91
T07,GL-4592,2026-03-14 00:43:00,7.738543,11.062489,50.2,4.04
T07,GL-4592,2026-03-14 00:44:00,7.739184,11.062295,55.1,4.23
T07,GL-4592,2026-03-14 00:45:00,7.739081,11.06186,52.1,3.32
T07,GL-4592,2026-03-14 00:46:00,7.74015,11.062045,35.6,4.69
T07,GL-4592,2026-03-14 00:47:00,7.74072,11.061824,53.1,3.35
T07,GL-4592,2026-03-14 00:48:00,7.74154,11.061542,38.3,5.41
T07,GL-4592,2026-03-14 00:49:00,7.742093,11.062082,50.0,4.98
T07,GL-4592,2026-03-14 00:50:00,7.742415,11.061788,25.4,3.58
T07,GL-4592,2026-03-14 00:51:00,7.743488,11.061734,56.0,3.12
T07,GL-4592,2026-03-14 00:52:00,7.74363,11.061707,36.8,4.39
T07,GL-4592,2026-03-14 00:53:00,7.744184,11.060996,36.1,2.84
T07,GL-4592,2026-03-14 00:54:00,7.745249,11.060845,56.8,4.65
T07,GL-4592,2026-03-14 00:55:00,7.745265,11.06048,30.2,3.5
T07,GL-4592,2026-03-14 00:56:00,7.746304,11.060426,26.3,4.57
T07,GL-4592,2026-03-14 00:57:00,7.746725,11.060077,34.8,4.68
T07,GL-4592,2026-03-14 00:58:00,7.747629,11.060073,27.2,4.94
T07,GL-4592,2026-03-14 00:59:00,7.747722,11.060131,40.4,2.95
T07,GL-4592,2026-03-14 01:00:00,7.74826,11.059913,23.3,4.74
T07,GL-4592,2026-03-14 01:01:00,7.749249,11.060067,44.3,4.69
T07,GL-4592,2026-03-14 01:02:00,7.749769,11.059599,25.5,3.52
T07,GL-4592,2026-03-14 01:03:00,7.750285,11.0596,49.3,5.43
T07,GL-4592,2026-03-14 01:04:00,7.986747,11.059321,20.4,180.25
T07,GL-4592,2026-03-14 01:05:00,7.751318,11.059624,31.2,3.28
T07,GL-4592,2026-03-14 01:06:00,7.751852,11.059408,47.6,3.01
T07,GL-4592,2026-03-14 01:07:00,7.752576,11.058957,43.9,2.93
T07,GL-4592,2026-03-14 01:08:00,7.753347,11.059156,48.5,3.39
T07,GL-4592,2026-03-14 01:09:00,7.753634,11.059003,24.7,4.18
T07,GL-4592,2026-03-14 01:10:00,7.754238,11.058641,29.5,3.24
T07,GL-4592,2026-03-14 01:11:00,7.754858,11.058082,51.9,3.11
T07,GL-4592,2026-03-14 01:12:00,7.75547,11.058542,37.3,3.93
T07,GL-4592,2026-03-14 01:13:00,7.755898,11.057778,43.7,3.39
T07,GL-4592,2026-03-14 01:14:00,7.756557,11.058054,40.5,3.71
T07,GL-4592,2026-03-14 01:15:00,7.756951,11.058166,47.5,4.81
T07,GL-4592,2026-03-14 01:16:00,7.757656,11.057852,50.7,4.17
T07,GL-4592,2026-03-14 01:17:00,7.758301,11.057476,30.3,2.85
T07,GL-4592,2026-03-14 01:18:00,7.75837,11.057807,43.1,3.8
T07,GL-4592,2026-03-14 01:19:00,7.758998,11.057257,22.6,5.17
T07,GL-4592,2026-03-14 01:20:00,7.759955,11.057193,44.6,2.99
T07,GL-4592,2026-03-14 01:21:00,7.760629,11.05688,36.3,2.99
T07,GL-4592,2026-03-14 01:22:00,7.761143,11.05683,18.4,3.66
T07,GL-4592,2026-03-14 01:23:00,7.761567,11.056598,38.9,4.32
T07,GL-4592,2026-03-14 01:24:00,7.762459,11.056307,23.4,5.25
T07,GL-4592,2026-03-14 01:25:00,7.763158,11.056146,49.6,3.85
T07,GL-4592,2026-03-14 01:26:00,7.763717,11.056449,45.1,3.88
T07,GL-4592,2026-03-14 01:27:00,7.763814,11.056125,49.5,3.96
T07,GL-4592,2026-03-14 01:28:00,7.764332,11.0559,18.5,3.87
T07,GL-4592,2026-03-14 01:29:00,7.765231,11.055995,37.4,4.43
T07,GL-4592,2026-03-14 01:30:00,7.76571,11.055724,38.6,5.29
T07,GL-4592,2026-03-14 01:31:00,7.766129,11.055656,18.1,3.72
T07,GL-4592,2026-03-14 01:32:00,7.766963,11.055247,20.6,4.16
T07,GL-4592,2026-03-14 01:33:00,7.767371,11.054967,33.0,4.29
T07,GL-4592,2026-03-14 01:34:00,7.76782,11.055297,28.3,3.93
T07,GL-4592,2026-03-14 01:35:00,7.768771,11.054553,33.8,3.46
T07,GL-4592,2026-03-14 01:36:00,7.769225,11.054914,50.9,3.77
T07,GL-4592,2026-03-14 01:37:00,7.769822,11.054292,26.6,3.05
T07,GL-4592,2026-03-14 01:38:00,7.770289,11.054249,23.4,5.4
T07,GL-4592,2026-03-14 01:39:00,7.770745,11.054071,56.4,5.47
T07,GL-4592,2026-03-14 01:40:00,7.770987,11.054102,19.6,4.77
T07,GL-4592,2026-03-14 01:41:00,7.771697,11.054527,55.7,4.94
T07,GL-4592,2026-03-14 01:42:00,7.772631,11.054023,50.2,4.78
T07,GL-4592,2026-03-14 01:43:00,7.773152,11.053957,55.6,3.36
T07,GL-4592,2026-03-14 01:44:00,7.7736,11.053928,30.2,3.6
T07,GL-4592,2026-03-14 01:45:00,7.774256,11.053544,14.6,3.84
T07,GL-4592,2026-03-14 01:46:00,7.774861,11.053317,34.0,3.47
T07,GL-4592,2026-03-14 01:47:00,7.775748,11.053435,37.0,2.87
T07,GL-4592,2026-03-14 01:48:00,7.775836,11.05328,25.2,4.57
T07,GL-4592,2026-03-14 01:49:00,7.776734,11.053273,36.4,4.71
T07,GL-4592,2026-03-14 01:50:00,7.777376,11.052519,37.2,5.47
T07,GL-4592,2026-03-14 01:51:00,7.777715,11.053115,41.8,3.01
T07,GL-4592,2026-03-14 01:52:00,7.778291,11.052814,34.5,4.14
T07,GL-4592,2026-03-14 01:53:00,7.778946,11.051951,16.1,4.66
T07,GL-4592,2026-03-14 01:54:00,7.77931,11.052504,17.6,5.5
T07,GL-4592,2026-03-14 01:55:00,7.78013,11.052058,44.2,4.33
T07,GL-4592,2026-03-14 01:56:00,7.780746,11.051869,39.1,4.35
T07,GL-4592,2026-03-14 01:57:00,7.781114,11.051617,34.6,5.57
T07,GL-4592,2026-03-14 01:58:00,7.781866,11.051692,20.6,3.66
T07,GL-4592,2026-03-14 01:59:00,7.782042,11.051671,14.6,4.78
T07,GL-4592,2026-03-14 02:00:00,7.783147,11.051343,,3.85
T07,GL-4592,2026-03-14 02:01:00,7.783309,11.050866,22.9,3.28
T07,GL-4592,2026-03-14 02:02:00,7.784169,11.051169,55.5,4.48
T07,GL-4592,2026-03-14 02:03:00,7.784515,11.050802,45.9,5.04
T07,GL-4592,2026-03-14 02:04:00,7.785233,11.050934,20.2,5.2
T07,GL-4592,2026-03-14 02:05:00,7.785506,11.050664,39.6,4.97
T07,GL-4592,2026-03-14 02:06:00,7.786464,11.050348,46.7,4.84
T07,GL-4592,2026-03-14 02:07:00,7.786861,11.05034,51.8,4.79
T07,GL-4592,2026-03-14 02:08:00,7.787228,11.050146,56.2,4.92
T07,GL-4592,2026-03-14 02:09:00,7.788103,11.050058,48.6,3.8
T07,GL-4592,2026-03-14 02:10:00,7.788515,11.049717,,5.13
T07,GL-4592,2026-03-14 02:11:00,7.788963,11.049863,36.2,3.74
T07,GL-4592,2026-03-14 02:12:00,7.789754,11.04942,33.9,5.01
T07,GL-4592,2026-03-14 02:13:00,7.790467,11.049587,36.3,5.57
T07,GL-4592,2026-03-14 02:14:00,7.791169,11.049311,19.5,2.88
T07,GL-4592,2026-03-14 02:15:00,7.79145,11.049167,50.7,3.88
T07,GL-4592,2026-03-14 02:16:00,7.791965,11.048924,46.0,4.65
T07,GL-4592,2026-03-14 02:17:00,7.792255,11.048869,45.4,5.4
T07,GL-4592,2026-03-14 02:18:00,7.793451,11.048982,18.2,4.2
T07,GL-4592,2026-03-14 02:19:00,7.793891,11.048887,54.8,5.27
T07,GL-4592,2026-03-14 02:20:00,7.794484,11.048372,17.9,3.14
T07,GL-4592,2026-03-14 02:21:00,7.795069,11.048294,57.8,5.29
T07,GL-4592,2026-03-14 02:22:00,7.795479,11.048398,46.2,4.81
T07,GL-4592,2026-03-14 02:23:00,7.795763,11.047835,51.8,4.78
T07,GL-4592,2026-03-14 02:24:00,7.796754,11.04778,46.8,3.6
T07,GL-4592,2026-03-14 02:25:00,7.797094,11.047785,22.4,2.85
T07,GL-4592,2026-03-14 02:26:00,7.79775,11.047621,57.8,3.06
T07,GL-4592,2026-03-14 02:27:00,7.798298,11.047338,22.9,3.69
T07,GL-4592,2026-03-14 02:28:00,7.799137,11.047002,51.9,5.54
T07,GL-4592,2026-03-14 02:29:00,7.800014,11.047252,20.2,5.35
T07,GL-4592,2026-03-14 02:30:00,7.800168,11.047477,44.8,3.37
T07,GL-4592,2026-03-14 02:31:00,7.800711,11.047015,16.3,3.2
T07,GL-4592,2026-03-14 02:32:00,7.801379,11.046714,33.9,4.8
T07,GL-4592,2026-03-14 02:33:00,7.801896,11.04657,19.7,4.08
T07,GL-4592,2026-03-14 02:34:00,7.802238,11.047102,46.7,3.62
T07,GL-4592,2026-03-14 02:35:00,7.802842,11.046335,54.8,4.39
T07,GL-4592,2026-03-14 02:36:00,7.803722,11.046207,55.8,4.76
T07,GL-4592,2026-03-14 02:37:00,7.804224,11.045958,45.5,4.49
T07,GL-4592,2026-03-14 02:38:00,7.804481,11.046329,41.4,5.58
T07,GL-4592,2026-03-14 02:39:00,7.805335,11.045796,57.5,5.56
T07,GL-4592,2026-03-14 02:40:00,7.805754,11.045711,38.7,3.7
T07,GL-4592,2026-03-14 02:41:00,7.80622,11.045798,49.7,3.45
T07,GL-4592,2026-03-14 02:42:00,7.806919,11.045477,44.8,3.92
T07,GL-4592,2026-03-14 02:43:00,7.807321,11.045305,29.1,4.13
T07,GL-4592,2026-03-14 02:44:00,7.808092,11.045223,15.5,4.96
T07,GL-4592,2026-03-14 02:45:00,7.80881,11.044843,47.1,5.25
T07,GL-4592,2026-03-14 02:46:00,7.809133,11.045227,45.8,3.54
T07,GL-4592,2026-03-14 02:47:00,7.810049,11.044442,46.1,4.24
T07,GL-4592,2026-03-14 02:48:00,7.810092,11.044842,30.0,4.56
T07,GL-4592,2026-03-14 02:49:00,7.810897,11.044117,40.1,3.82
T07,GL-4592,2026-03-14 02:50:00,7.811669,11.04419,50.0,3.55
T07,GL-4592,2026-03-14 02:51:00,7.81219,11.044038,40.2,3.06
T07,GL-4592,2026-03-14 02:52:00,7.8128,11.044183,51.7,4.96
T07,GL-4592,2026-03-14 02:53:00,7.813102,11.043819,26.5,4.42
T07,GL-4592,2026-03-14 02:54:00,7.813896,11.043941,52.1,5.22
T07,GL-4592,2026-03-14 02:55:00,7.814431,11.043388,29.2,5.12
T07,GL-4592,2026-03-14 02:56:00,7.815075,11.043406,46.3,5.0
T07,GL-4592,2026-03-14 02:57:00,7.815695,11.042809,14.8,5.24
T07,GL-4592,2026-03-14 02:58:00,7.816019,11.043399,55.6,3.79
T07,GL-4592,2026-03-14 02:59:00,7.816462,11.042979,55.3,4.74
T07,GL-4592,2026-03-14 03:00:00,7.817686,11.042993,49.7,3.15
T07,GL-4592,2026-03-14 03:01:00,7.81799,11.042848,47.3,3.4
T07,GL-4592,2026-03-14 03:02:00,7.818741,11.042633,44.1,3.12
T07,GL-4592,2026-03-14 03:03:00,7.819197,11.042395,15.6,4.77
T07,GL-4592,2026-03-14 03:04:00,7.819497,11.042203,33.1,4.4
T07,GL-4592,2026-03-14 03:05:00,7.820257,11.04166,,5.22
T07,GL-4592,2026-03-14 03:06:00,7.821452,11.041825,41.9,4.79
T07,GL-4592,2026-03-14 03:07:00,7.821396,11.04159,26.4,5.15
T07,GL-4592,2026-03-14 03:08:00,7.822048,11.041668,46.7,4.74
T07,GL-4592,2026-03-14 03:09:00,7.82259,11.041805,57.1,3.98
T07,GL-4592,2026-03-14 03:10:00,7.822916,11.040929,56.5,4.92
T07,GL-4592,2026-03-14 03:11:00,7.823554,11.041184,44.9,4.2
T07,GL-4592,2026-03-14 03:12:00,7.824204,11.041404,51.4,4.03
T07,GL-4592,2026-03-14 03:13:00,7.825045,11.04097,36.8,3.64
T07,GL-4592,2026-03-14 03:14:00,7.825126,11.04051,31.9,3.65
T07,GL-4592,2026-03-14 03:15:00,7.825806,11.040665,28.6,4.92
T07,GL-4592,2026-03-14 03:16:00,7.826449,11.040605,15.5,3.72
T07,GL-4592,2026-03-14 03:17:00,7.826938,11.040373,36.3,3.87
T07,GL-4592,2026-03-14 03:18:00,7.827475,11.040084,48.5,5.1
T07,GL-4592,2026-03-14 03:19:00,7.828264,11.039919,35.1,4.35
T07,GL-4592,2026-03-14 03:20:00,7.829112,11.039717,24.5,4.19
T07,GL-4592,2026-03-14 03:21:00,7.829271,11.039902,47.8,3.92
T07,GL-4592,2026-03-14 03:22:00,7.829895,11.039875,36.0,3.26
T07,GL-4592,2026-03-14 03:23:00,7.83057,11.039174,57.7,4.12
T07,GL-4592,2026-03-14 03:24:00,7.830612,11.038848,35.0,3.38
T07,GL-4592,2026-03-14 03:25:00,7.573205,11.039227,39.1,378.42
T07,GL-4592,2026-03-14 03:26:00,7.832208,11.039091,48.7,3.92
T07,GL-4592,2026-03-14 03:27:00,7.832269,11.038735,29.1,2.96
T07,GL-4592,2026-03-14 03:28:00,7.833553,11.039036,15.5,3.56
T07,GL-4592,2026-03-14 03:29:00,7.834034,11.038288,57.7,4.5
T07,GL-4592,2026-03-14 03:30:00,7.83416,11.038554,41.0,4.96
T07,GL-4592,2026-03-14 03:31:00,7.834989,11.038184,47.4,5.0
T07,GL-4592,2026-03-14 03:32:00,7.835443,11.037968,47.7,4.45
T07,GL-4592,2026-03-14 03:33:00,7.83657,11.038316,14.7,4.37
T07,GL-4592,2026-03-14 03:34:00,7.836498,11.037892,46.7,3.44
T07,GL-4592,2026-03-14 03:35:00,7.837364,11.037485,18.5,3.53
T07,GL-4592,2026-03-14 03:36:00,7.837684,11.037554,43.6,3.8
T07,GL-4592,2026-03-14 03:37:00,7.838627,11.03705,27.1,4.52
T07,GL-4592,2026-03-14 03:38:00,7.838974,11.037235,37.7,4.57
T07,GL-4592,2026-03-14 03:39:00,7.839505,11.037093,37.9,3.72
T07,GL-4592,2026-03-14 03:40:00,7.840319,11.037231,49.3,4.93
T07,GL-4592,2026-03-14 03:41:00,7.84102,11.036759,54.5,2.81
T07,GL-4592,2026-03-14 03:42:00,7.841281,11.036978,51.0,3.71
T07,GL-4592,2026-03-14 03:43:00,7.84179,11.036756,17.4,3.47
T07,GL-4592,2026-03-14 03:44:00,7.842523,11.036494,20.9,2.83
T07,GL-4592,2026-03-14 03:45:00,7.843456,11.036345,57.1,3.5
T07,GL-4592,2026-03-14 03:46:00,7.843373,11.035885,33.8,3.45
T07,GL-4592,2026-03-14 03:47:00,7.843963,11.036427,41.9,3.28
T07,GL-4592,2026-03-14 03:48:00,7.844691,11.036123,36.9,4.19
T07,GL-4592,2026-03-14 03:49:00,7.845408,11.035686,23.9,3.74
T07,GL-4592,2026-03-14 03:50:00,7.846166,11.035685,34.6,4.97
T07,GL-4592,2026-03-14 03:51:00,7.846568,11.035413,23.3,3.69
T07,GL-4592,2026-03-14 03:52:00,7.847567,11.035076,40.4,3.38
T07,GL-4592,2026-03-14 03:53:00,7.84802,11.034974,28.9,5.02
T07,GL-4592,2026-03-14 03:54:00,7.848455,11.034771,24.9,4.72
T07,GL-4592,2026-03-14 03:55:00,7.849001,11.034859,39.1,4.35
T07,GL-4592,2026-03-14 03:56:00,7.849508,11.034617,27.7,4.77
T07,GL-4592,2026-03-14 03:57:00,7.850161,11.034215,28.6,2.84
T07,GL-4592,2026-03-14 03:58:00,7.850791,11.034551,54.0,4.01
T07,GL-4592,2026-03-14 03:59:00,7.851367,11.034238,16.9,3.76
T07,GL-4592,2026-03-14 04:00:00,7.851824,11.034024,18.7,3.63
T07,GL-4592,2026-03-14 04:01:00,7.85236,11.033941,27.1,4.45
T07,GL-4592,2026-03-14 04:02:00,7.853354,11.033698,52.4,4.98
T07,GL-4592,2026-03-14 04:03:00,7.853433,11.033485,16.7,4.16
T07,GL-4592,2026-03-14 04:04:00,7.853986,11.033547,30.5,3.93
T07,GL-4592,2026-03-14 04:05:00,7.854706,11.033669,57.1,3.27
T07,GL-4592,2026-03-14 04:06:00,7.855705,11.033132,33.0,3.54
T07,GL-4592,2026-03-14 04:07:00,7.856139,11.033371,43.9,4.32
T07,GL-4592,2026-03-14 04:08:00,7.856248,11.032745,57.6,4.67
T07,GL-4592,2026-03-14 04:09:00,7.85672,11.033339,53.1,4.85
T07,GL-4592,2026-03-14 04:10:00,7.857517,11.032318,27.2,4.17
T07,GL-4592,2026-03-14 04:11:00,7.858266,11.032094,44.9,3.74
T07,GL-4592,2026-03-14 04:12:00,7.858635,11.032368,35.8,2.84
T07,GL-4592,2026-03-14 04:13:00,7.859772,11.032545,31.3,5.34
T07,GL-4592,2026-03-14 04:14:00,7.859677,11.032214,43.3,4.99
T07,GL-4592,2026-03-14 04:15:00,7.859994,11.031872,45.0,3.1
T07,GL-4592,2026-03-14 04:16:00,7.860992,11.031809,22.0,2.89
T07,GL-4592,2026-03-14 04:17:00,7.861417,11.031674,26.1,3.25
T07,GL-4592,2026-03-14 04:18:00,7.862321,11.031583,,4.02
T07,GL-4592,2026-03-14 04:19:00,7.862661,11.031563,17.5,5.08
T07,GL-4592,2026-03-14 04:20:00,7.863439,11.031086,48.2,4.69
T07,GL-4592,2026-03-14 04:21:00,7.864305,11.031022,20.9,3.08
T07,GL-4592,2026-03-14 04:22:00,7.864648,11.030972,21.4,5.58
T07,GL-4592,2026-03-14 04:23:00,7.864829,11.030547,56.4,3.1
T07,GL-4592,2026-03-14 04:24:00,7.865583,11.030943,46.3,4.03
T07,GL-4592,2026-03-14 04:25:00,7.86622,11.030672,26.2,3.02
T07,GL-4592,2026-03-14 04:26:00,7.866651,11.030283,55.8,3.5
T07,GL-4592,2026-03-14 04:27:00,7.867341,11.029852,43.1,4.74
T07,GL-4592,2026-03-14 04:28:00,7.867904,11.03022,51.0,4.99
T07,GL-4592,2026-03-14 04:29:00,7.868573,11.029866,36.5,4.83
T07,GL-4592,2026-03-14 04:30:00,7.868931,11.029947,33.4,3.92
T07,GL-4592,2026-03-14 04:31:00,7.869701,11.029806,15.3,2.86
T07,GL-4592,2026-03-14 04:32:00,7.870208,11.029517,48.5,5.51
T07,GL-4592,2026-03-14 04:33:00,7.870592,11.029772,22.3,2.95
T07,GL-4592,2026-03-14 04:34:00,7.871115,11.028877,44.7,4.07
T07,GL-4592,2026-03-14 04:35:00,7.871847,11.028926,57.9,3.11
T07,GL-4592,2026-03-14 04:36:00,7.872517,11.028859,45.0,5.42
T07,GL-4592,2026-03-14 04:37:00,7.873356,11.028606,33.9,5.54
T07,GL-4592,2026-03-14 04:38:00,7.873314,11.028325,20.4,3.46
T07,GL-4592,2026-03-14 04:39:00,7.87437,11.028381,20.6,5.31
T07,GL-4592,2026-03-14 04:40:00,7.874541,11.028277,26.4,4.99
T07,GL-4592,2026-03-14 04:41:00,7.875359,11.028588,40.3,3.42
T07,GL-4592,2026-03-14 04:42:00,7.875953,11.028312,17.4,5.4
T07,GL-4592,2026-03-14 04:43:00,7.876487,11.027999,51.3,3.21
T07,GL-4592,2026-03-14 04:44:00,7.877021,11.027721,42.7,2.99
T07,GL-4592,2026-03-14 04:45:00,7.877535,11.027382,52.5,5.45
T07,GL-4592,2026-03-14 04:46:00,7.87801,11.027317,40.3,2.82
T07,GL-4592,2026-03-14 04:47:00,7.878675,11.027263,32.7,3.31
T07,GL-4592,2026-03-14 04:48:00,7.879094,11.027207,47.2,4.38
T07,GL-4592,2026-03-14 04:49:00,7.879707,11.027453,26.9,5.54
T07,GL-4592,2026-03-14 04:50:00,7.880116,11.026977,37.0,4.17
T07,GL-4592,2026-03-14 04:51:00,7.881395,11.026725,30.1,5.06
T07,GL-4592,2026-03-14 04:52:00,7.881539,11.026654,24.6,5.39
T07,GL-4592,2026-03-14 04:53:00,7.882315,11.026461,27.9,4.95
T07,GL-4592,2026-03-14 04:54:00,7.882933,11.026498,24.1,3.76
T07,GL-4592,2026-03-14 04:55:00,7.88344,11.026392,47.0,5.26
T07,GL-4592,2026-03-14 04:56:00,7.884403,11.026232,30.6,4.71
T07,GL-4592,2026-03-14 04:57:00,7.88426,11.026059,28.8,5.59
T07,GL-4592,2026-03-14 04:58:00,7.885061,11.026212,28.1,3.91
T07,GL-4592,2026-03-14 04:59:00,7.885801,11.025723,48.9,3.01
T07,GL-4592,2026-03-14 05:00:00,7.886458,11.025688,19.4,3.81
T07,GL-4592,2026-03-14 05:01:00,7.886907,11.025385,44.6,4.64
T07,GL-4592,2026-03-14 05:02:00,7.887609,11.025173,19.5,2.94
T07,GL-4592,2026-03-14 05:03:00,7.887679,11.025239,49.5,5.12
T07,GL-4592,2026-03-14 05:04:00,7.888175,11.024658,45.7,5.01
T07,GL-4592,2026-03-14 05:05:00,7.888634,11.024817,14.3,4.64
T07,GL-4592,2026-03-14 05:06:00,7.889393,11.024338,31.1,2.97
T07,GL-4592,2026-03-14 05:07:00,7.890419,11.02442,49.6,5.22
T07,GL-4592,2026-03-14 05:08:00,7.890984,11.024709,42.1,4.5
T07,GL-4592,2026-03-14 05:09:00,7.891745,11.02422,37.0,3.88
T07,GL-4592,2026-03-14 05:10:00,7.892198,11.023979,26.3,3.99
T07,GL-4592,2026-03-14 05:11:00,7.892474,11.024118,15.3,3.19
T07,GL-4592,2026-03-14 05:12:00,7.893108,11.023944,31.6,4.72
T07,GL-4592,2026-03-14 05:13:00,7.893279,11.024044,16.8,3.4
T07,GL-4592,2026-03-14 05:14:00,7.894395,11.023581,28.0,4.87
T07,GL-4592,2026-03-14 05:15:00,7.894713,11.02323,21.7,4.71
T07,GL-4592,2026-03-14 05:16:00,7.895305,11.023207,34.1,3.6
T07,GL-4592,2026-03-14 05:17:00,7.896219,11.023151,57.4,2.82
T07,GL-4592,2026-03-14 05:18:00,7.896538,11.022703,46.1,4.24
T07,GL-4592,2026-03-14 05:19:00,7.897136,11.023146,46.0,3.84
T07,GL-4592,2026-03-14 05:20:00,7.897798,11.022781,35.1,5.41
T07,GL-4592,2026-03-14 05:21:00,7.898297,11.02262,21.5,4.78
T07,GL-4592,2026-03-14 05:22:00,7.899021,11.022524,52.8,5.2
T07,GL-4592,2026-03-14 05:23:00,7.89965,11.022293,26.1,3.61
T07,GL-4592,2026-03-14 05:24:00,7.900107,11.022329,18.8,3.21
T07,GL-4592,2026-03-14 05:25:00,7.900455,11.021784,51.7,3.14
T07,GL-4592,2026-03-14 05:26:00,7.900936,11.021711,51.7,4.14
T07,GL-4592,2026-03-14 05:27:00,7.901858,11.021624,42.0,4.34
T07,GL-4592,2026-03-14 05:28:00,7.902292,11.02146,54.9,4.06
T07,GL-4592,2026-03-14 05:29:00,7.90281,11.021456,34.4,4.15
T07,GL-4592,2026-03-14 05:30:00,7.903428,11.020942,16.1,5.26
T07,GL-4592,2026-03-14 05:31:00,7.90382,11.02098,20.2,5.31
T07,GL-4592,2026-03-14 05:32:00,7.904328,11.020695,44.5,4.7
T07,GL-4592,2026-03-14 05:33:00,7.904979,11.020853,50.6,4.51
T07,GL-4592,2026-03-14 05:34:00,7.905825,11.020654,37.5,2.94
T07,GL-4592,2026-03-14 05:35:00,7.906047,11.020308,,3.47
T07,GL-4592,2026-03-14 05:36:00,7.906805,11.020556,15.9,5.24
T07,GL-4592,2026-03-14 05:37:00,7.907556,11.020552,20.4,5.54
T07,GL-4592,2026-03-14 05:38:00,7.907944,11.020388,46.0,3.86
T07,GL-4592,2026-03-14 05:39:00,7.907833,11.020093,17.9,2.89
T07,GL-4592,2026-03-14 05:40:00,7.909448,11.019866,46.9,3.61
T07,GL-4592,2026-03-14 05:41:00,7.910031,11.019825,23.3,5.34
T07,GL-4592,2026-03-14 05:42:00,7.910144,11.019283,37.8,5.56
T07,GL-4592,2026-03-14 05:43:00,7.91082,11.019257,18.4,4.66
T07,GL-4592,2026-03-14 05:44:00,7.911466,11.019039,,4.51
T07,GL-4592,2026-03-14 05:45:00,7.911923,11.019011,43.4,3.26
T07,GL-4592,2026-03-14 05:46:00,7.912792,11.019066,31.6,4.36
T07,GL-4592,2026-03-14 05:47:00,7.913143,11.018759,47.8,4.35
T07,GL-4592,2026-03-14 05:48:00,7.913741,11.019087,24.6,5.0
T07,GL-4592,2026-03-14 05:49:00,7.914535,11.018364,20.5,4.38
T07,GL-4592,2026-03-14 05:50:00,7.915157,11.018035,57.5,5.38
T07,GL-4592,2026-03-14 05:51:00,7.915645,11.018225,17.7,5.17
T07,GL-4592,2026-03-14 05:52:00,7.915922,11.018145,14.1,3.96
T07,GL-4592,2026-03-14 05:53:00,7.916627,11.018161,14.3,4.57
T07,GL-4592,2026-03-14 05:54:00,7.91686,11.017799,31.6,5.29
T07,GL-4592,2026-03-14 05:55:00,7.918018,11.017599,56.3,4.46
T07,GL-4592,2026-03-14 05:56:00,7.918583,11.017541,27.4,3.91
T07,GL-4592,2026-03-14 05:57:00,7.918813,11.017582,20.8,4.13
T07,GL-4592,2026-03-14 05:58:00,7.919556,11.017224,40.4,4.35
T07,GL-4592,2026-03-14 05:59:00,7.920146,11.01706,26.3,2.97
T07,GL-4592,2026-03-14 06:00:00,8.301582,11.01721,32.6,448.4
T07,GL-4592,2026-03-14 06:01:00,7.921262,11.017001,55.7,3.93
T07,GL-4592,2026-03-14 06:02:00,7.921858,11.01683,39.8,3.73
T07,GL-4592,2026-03-14 06:03:00,7.922454,11.01646,,3.68
T07,GL-4592,2026-03-14 06:04:00,7.922569,11.016695,37.8,3.37
T07,GL-4592,2026-03-14 06:05:00,7.923702,11.016311,24.4,4.59
T07,GL-4592,2026-03-14 06:06:00,7.923984,11.015976,33.5,3.67
T07,GL-4592,2026-03-14 06:07:00,7.924671,11.015833,42.0,3.02
T07,GL-4592,2026-03-14 06:08:00,7.924816,11.015991,55.5,3.3
T07,GL-4592,2026-03-14 06:09:00,7.925665,11.015573,30.9,3.01
T07,GL-4592,2026-03-14 06:10:00,7.926565,11.015873,48.9,3.15
T07,GL-4592,2026-03-14 06:11:00,7.927278,11.015393,54.4,3.86
T07,GL-4592,2026-03-14 06:12:00,7.927373,11.015245,26.9,4.65
T07,GL-4592,2026-03-14 06:13:00,7.928381,11.015143,53.0,5.49
T07,GL-4592,2026-03-14 06:14:00,7.928783,11.015047,40.1,3.89
T07,GL-4592,2026-03-14 06:15:00,7.929246,11.014396,37.5,3.72
T07,GL-4592,2026-03-14 06:16:00,7.92953,11.014776,25.6,4.8
T07,GL-4592,2026-03-14 06:17:00,7.930218,11.014558,20.1,5.5
T07,GL-4592,2026-03-14 06:18:00,7.931126,11.014381,43.4,5.36
T07,GL-4592,2026-03-14 06:19:00,7.931269,11.014015,36.0,3.25
T07,GL-4592,2026-03-14 06:20:00,7.932111,11.014369,21.7,4.85
T07,GL-4592,2026-03-14 06:21:00,7.932685,11.01362,22.3,3.56
T07,GL-4592,2026-03-14 06:22:00,7.933304,11.013565,30.6,5.35
T07,GL-4592,2026-03-14 06:23:00,7.933906,11.013866,56.2,4.64
T07,GL-4592,2026-03-14 06:24:00,7.934192,11.013278,16.0,3.19
T07,GL-4592,2026-03-14 06:25:00,7.935018,11.013215,19.1,3.61
T07,GL-4592,2026-03-14 06:26:00,7.935329,11.013117,17.8,3.82
T07,GL-4592,2026-03-14 06:27:00,7.93624,11.012795,53.8,4.2
T07,GL-4592,2026-03-14 06:28:00,7.936707,11.013092,31.8,4.3
T07,GL-4592,2026-03-14 06:29:00,7.937194,11.012628,33.7,3.79
T07,GL-4592,2026-03-14 06:30:00,8.231662,11.012854,17.8,383.38
T07,GL-4592,2026-03-14 06:31:00,7.938354,11.012313,14.2,5.5
T07,GL-4592,2026-03-14 06:32:00,7.939133,11.012066,24.5,4.1
T07,GL-4592,2026-03-14 06:33:00,7.939318,11.012293,48.6,4.86
T07,GL-4592,2026-03-14 06:34:00,7.940079,11.012056,35.8,2.93
T07,GL-4592,2026-03-14 06:35:00,7.940634,11.011973,23.1,4.55
T07,GL-4592,2026-03-14 06:36:00,7.941053,11.011942,33.4,3.74
T07,GL-4592,2026-03-14 06:37:00,7.941822,11.011781,43.0,3.79
T07,GL-4592,2026-03-14 06:38:00,7.942307,11.011306,47.2,4.39
T07,GL-4592,2026-03-14 06:39:00,7.943153,11.011998,37.5,4.93
T07,GL-4592,2026-03-14 06:40:00,7.943919,11.010945,38.2,5.16
T07,GL-4592,2026-03-14 06:41:00,7.944385,11.011195,44.1,5.25
T07,GL-4592,2026-03-14 06:42:00,7.944621,11.010711,41.3,4.66
T07,GL-4592,2026-03-14 06:43:00,7.944846,11.010524,21.7,3.38
T07,GL-4592,2026-03-14 06:44:00,7.94559,11.010695,14.1,4.77
T07,GL-4592,2026-03-14 06:45:00,7.946516,11.010216,33.4,3.04
T07,GL-4592,2026-03-14 06:46:00,7.947002,11.010476,34.0,4.37
T07,GL-4592,2026-03-14 06:47:00,7.947798,11.010203,31.8,4.39
T07,GL-4592,2026-03-14 06:48:00,7.948103,11.010341,30.0,2.85
T07,GL-4592,2026-03-14 06:49:00,7.948723,11.009913,48.7,3.02
T07,GL-4592,2026-03-14 06:50:00,7.949213,11.009613,46.6,4.02
T07,GL-4592,2026-03-14 06:51:00,7.95019,11.009477,45.0,4.23
T07,GL-4592,2026-03-14 06:52:00,7.950453,11.009273,14.4,3.88
T07,GL-4592,2026-03-14 06:53:00,7.951183,11.009143,39.3,3.67
T07,GL-4592,2026-03-14 06:54:00,7.951615,11.008996,35.2,4.76
T07,GL-4592,2026-03-14 06:55:00,7.951861,11.009269,53.8,5.24
T07,GL-4592,2026-03-14 06:56:00,7.952844,11.008498,14.8,3.49
T07,GL-4592,2026-03-14 06:57:00,7.9532,11.00874,32.5,3.45
T07,GL-4592,2026-03-14 06:58:00,7.954044,11.008152,55.5,3.78
T07,GL-4592,2026-03-14 06:59:00,7.954217,11.008864,30.8,4.21
T07,GL-4592,2026-03-14 07:00:00,7.955467,11.008367,,2.91
T07,GL-4592,2026-03-14 07:01:00,7.955576,11.008163,25.2,4.27
T07,GL-4592,2026-03-14 07:02:00,7.955921,11.00799,21.4,4.25
T07,GL-4592,2026-03-14 07:03:00,7.956879,11.007995,40.1,3.01
T07,GL-4592,2026-03-14 07:04:00,7.957164,11.007614,24.8,5.04
T07,GL-4592,2026-03-14 07:05:00,7.957746,11.007499,51.2,5.46
T07,GL-4592,2026-03-14 07:06:00,7.958125,11.007494,25.7,5.0
T07,GL-4592,2026-03-14 07:07:00,7.958722,11.007167,51.3,4.33
T07,GL-4592,2026-03-14 07:08:00,7.959917,11.006948,54.0,3.11
T07,GL-4592,2026-03-14 07:09:00,7.96036,11.007178,52.2,4.54
T07,GL-4592,2026-03-14 07:10:00,7.96074,11.006853,52.8,5.57
T07,GL-4592,2026-03-14 07:11:00,7.961524,11.006465,20.0,3.08
T07,GL-4592,2026-03-14 07:12:00,7.961657,11.006891,38.0,4.37
T07,GL-4592,2026-03-14 07:13:00,7.962672,11.006419,27.6,3.63
T07,GL-4592,2026-03-14 07:14:00,7.963188,11.0063,38.4,4.6
T07,GL-4592,2026-03-14 07:15:00,7.963957,11.005952,15.0,4.2
T07,GL-4592,2026-03-14 07:16:00,7.964404,11.005878,21.7,5.07
T07,GL-4592,2026-03-14 07:17:00,7.965154,11.005897,31.3,4.47
T07,GL-4592,2026-03-14 07:18:00,7.965336,11.005515,55.8,3.84
T07,GL-4592,2026-03-14 07:19:00,7.966405,11.005758,50.0,4.03
T07,GL-4592,2026-03-14 07:20:00,7.96657,11.005568,29.3,4.21
T07,GL-4592,2026-03-14 07:21:00,7.96703,11.005157,33.1,3.39
T07,GL-4592,2026-03-14 07:22:00,7.967509,11.005123,17.0,5.45
T07,GL-4592,2026-03-14 07:23:00,7.96872,11.00503,55.3,4.54
T07,GL-4592,2026-03-14 07:24:00,7.968821,11.004936,33.1,4.42
T07,GL-4592,2026-03-14 07:25:00,7.969677,11.004714,54.9,2.82
T07,GL-4592,2026-03-14 07:26:00,7.969651,11.00452,57.4,3.79
T07,GL-4592,2026-03-14 07:27:00,7.970466,11.004325,23.6,4.12
T07,GL-4592,2026-03-14 07:28:00,7.971216,11.004588,20.4,3.44
T07,GL-4592,2026-03-14 07:29:00,7.972168,11.004243,45.8,4.44
T07,GL-4592,2026-03-14 07:30:00,7.972616,11.00381,47.2,3.34
T07,GL-4592,2026-03-14 07:31:00,7.972585,11.003703,18.9,3.27
T07,GL-4592,2026-03-14 07:32:00,7.973446,11.00397,57.6,4.11
T07,GL-4592,2026-03-14 07:33:00,7.974557,11.003839,50.4,4.68
T07,GL-4592,2026-03-14 07:34:00,7.974712,11.003623,43.4,4.27
T07,GL-4592,2026-03-14 07:35:00,7.974994,11.003746,57.3,5.46
T07,GL-4592,2026-03-14 07:36:00,7.976045,11.002861,27.0,3.63
T07,GL-4592,2026-03-14 07:37:00,7.976618,11.002674,25.5,5.08
T07,GL-4592,2026-03-14 07:38:00,7.977035,11.002857,49.4,4.48
T07,GL-4592,2026-03-14 07:39:00,7.97751,11.002803,49.6,3.08
T07,GL-4592,2026-03-14 07:40:00,7.978106,11.002398,36.6,4.66
T07,GL-4592,2026-03-14 07:41:00,7.978674,11.0026,38.1,5.27
T07,GL-4592,2026-03-14 07:42:00,7.979525,11.002401,32.8,4.27
T07,GL-4592,2026-03-14 07:43:00,7.979532,11.002251,27.9,4.55
T07,GL-4592,2026-03-14 07:44:00,7.980603,11.001698,27.3,5.5
T07,GL-4592,2026-03-14 07:45:00,7.981005,11.001895,38.9,5.2
T07,GL-4592,2026-03-14 07:46:00,7.981319,11.001866,25.4,5.02
T07,GL-4592,2026-03-14 07:47:00,7.982397,11.001424,37.3,4.69
T07,GL-4592,2026-03-14 07:48:00,7.982781,11.001398,44.1,2.92
T07,GL-4592,2026-03-14 07:49:00,7.983065,11.00096,36.2,3.1
T07,GL-4592,2026-03-14 07:50:00,7.983569,11.001214,53.0,4.85
T07,GL-4592,2026-03-14 07:51:00,7.984213,11.000964,30.5,3.61
T07,GL-4592,2026-03-14 07:52:00,7.985237,11.000986,40.5,5.07
T07,GL-4592,2026-03-14 07:53:00,7.985518,11.000984,,4.11
T07,GL-4592,2026-03-14 07:54:00,7.98632,11.000715,40.6,3.34
T07,GL-4592,2026-03-14 07:55:00,7.986624,11.000467,48.9,3.25
T07,GL-4592,2026-03-14 07:56:00,7.987131,11.000311,34.3,3.83
T07,GL-4592,2026-03-14 07:57:00,7.987965,11.000197,32.3,3.34
T07,GL-4592,2026-03-14 07:58:00,7.988648,11.000369,32.9,3.31
T07,GL-4592,2026-03-14 07:59:00,7.989433,10.999629,43.9,4.12
T07,GL-4592,2026-03-14 08:00:00,7.989462,11.000025,25.2,5.59
T07,GL-4592,2026-03-14 08:01:00,7.990308,10.999504,36.9,3.96
T07,GL-4592,2026-03-14 08:02:00,7.990638,10.999225,48.8,3.22
T07,GL-4592,2026-03-14 08:03:00,7.9911,10.999332,49.2,3.82
T07,GL-4592,2026-03-14 08:04:00,7.99151,10.99938,20.3,3.49
T07,GL-4592,2026-03-14 08:05:00,7.992506,10.999253,38.7,3.01
T07,GL-4592,2026-03-14 08:06:00,7.992966,10.999037,56.7,4.5
T07,GL-4592,2026-03-14 08:07:00,7.99393,10.999002,29.9,3.44
T07,GL-4592,2026-03-14 08:08:00,7.993978,10.998833,51.4,3.71
T07,GL-4592,2026-03-14 08:09:00,7.994825,10.998767,14.3,5.0
T07,GL-4592,2026-03-14 08:10:00,7.995603,10.998357,37.9,4.66
T07,GL-4592,2026-03-14 08:11:00,7.996025,10.998181,54.0,4.76
T07,GL-4592,2026-03-14 08:12:00,7.996503,10.997845,27.9,4.01
T07,GL-4592,2026-03-14 08:13:00,7.996808,10.998154,24.0,3.01
T07,GL-4592,2026-03-14 08:14:00,7.997668,10.998017,54.4,4.8
T07,GL-4592,2026-03-14 08:15:00,7.998083,10.997829,45.7,5.57
T07,GL-4592,2026-03-14 08:16:00,7.998744,10.997376,25.7,2.89
T07,GL-4592,2026-03-14 08:17:00,7.998861,10.997366,44.9,2.91
T07,GL-4592,2026-03-14 08:18:00,7.999791,10.997204,52.0,4.91
T07,GL-4592,2026-03-14 08:19:00,8.000223,10.997067,24.2,3.51
T07,GL-4592,2026-03-14 08:20:00,8.001238,10.996644,22.4,3.16
T07,GL-4592,2026-03-14 08:21:00,8.001551,10.996474,31.0,3.81
T07,GL-4592,2026-03-14 08:22:00,8.001967,10.996607,38.5,4.06
T07,GL-4592,2026-03-14 08:23:00,8.002515,10.99649,14.4,3.65
T07,GL-4592,2026-03-14 08:24:00,8.003404,10.996319,33.4,5.19
T07,GL-4592,2026-03-14 08:25:00,8.00343,10.996118,40.0,4.19
T07,GL-4592,2026-03-14 08:26:00,8.004345,10.995916,28.5,3.37
T07,GL-4592,2026-03-14 08:27:00,8.005257,10.996074,20.6,3.56
T07,GL-4592,2026-03-14 08:28:00,8.006054,10.995697,,5.15
T07,GL-4592,2026-03-14 08:29:00,8.006376,10.995709,26.0,2.85
T07,GL-4592,2026-03-14 08:30:00,8.007055,10.995518,49.4,4.69
T07,GL-4592,2026-03-14 08:31:00,8.007524,10.995323,49.1,4.32
T07,GL-4592,2026-03-14 08:32:00,8.007817,10.995105,35.3,5.45
T07,GL-4592,2026-03-14 08:33:00,8.008204,10.994866,45.3,5.45
T07,GL-4592,2026-03-14 08:34:00,8.009064,10.995224,23.3,4.52
T07,GL-4592,2026-03-14 08:35:00,8.009638,10.994665,32.9,5.31
T07,GL-4592,2026-03-14 08:36:00,8.009885,10.994457,45.7,3.66
T07,GL-4592,2026-03-14 08:37:00,8.011228,10.994536,30.1,5.48
T07,GL-4592,2026-03-14 08:38:00,8.011353,10.994279,52.9,5.59
T07,GL-4592,2026-03-14 08:39:00,8.011468,10.994075,52.0,3.52
T07,GL-4592,2026-03-14 08:40:00,8.012634,10.993899,42.9,4.98
T07,GL-4592,2026-03-14 08:41:00,8.013332,10.993988,42.9,5.42
T07,GL-4592,2026-03-14 08:42:00,8.013508,10.993291,28.2,4.57
T07,GL-4592,2026-03-14 08:43:00,8.014619,10.993906,30.4,3.52
T07,GL-4592,2026-03-14 08:44:00,8.015187,10.993502,16.6,4.88
T07,GL-4592,2026-03-14 08:45:00,8.015518,10.992931,57.4,3.39
T07,GL-4592,2026-03-14 08:46:00,8.015949,10.993247,51.4,2.97
T07,GL-4592,2026-03-14 08:47:00,8.01654,10.992923,37.3,4.53
T07,GL-4592,2026-03-14 08:48:00,8.017247,10.992732,57.7,2.94
T07,GL-4592,2026-03-14 08:49:00,8.017777,10.992792,43.8,3.91
T07,GL-4592,2026-03-14 08:50:00,8.018451,10.992608,48.4,4.32
T07,GL-4592,2026-03-14 08:51:00,8.018916,10.992351,18.5,4.17
T07,GL-4592,2026-03-14 08:52:00,8.019477,10.99259,50.4,3.52
T07,GL-4592,2026-03-14 08:53:00,8.019786,10.992313,18.6,3.06
T07,GL-4592,2026-03-14 08:54:00,8.020516,10.991959,44.5,4.51
T07,GL-4592,2026-03-14 08:55:00,8.021003,10.99144,57.7,3.3
T07,GL-4592,2026-03-14 08:56:00,8.021525,10.99181,38.8,5.32
T07,GL-4592,2026-03-14 08:57:00,8.022198,10.991711,54.7,4.8
T07,GL-4592,2026-03-14 08:58:00,8.022843,10.991292,44.6,3.34
T07,GL-4592,2026-03-14 08:59:00,8.023399,10.991572,42.2,3.55
T07,GL-4592,2026-03-14 09:00:00,8.023891,10.990997,39.6,2.94
T07,GL-4592,2026-03-14 09:01:00,8.024484,10.991386,31.6,5.22
T07,GL-4592,2026-03-14 09:02:00,8.025046,10.99089,20.8,4.12
T07,GL-4592,2026-03-14 09:03:00,8.025633,10.990793,48.1,4.06
T07,GL-4592,2026-03-14 09:04:00,8.02612,10.990562,28.8,3.21
T07,GL-4592,2026-03-14 09:05:00,8.026872,10.990435,35.0,3.56
T07,GL-4592,2026-03-14 09:06:00,8.027527,10.990592,45.6,5.55
T07,GL-4592,2026-03-14 09:07:00,8.02794,10.990328,14.7,2.83
T07,GL-4592,2026-03-14 09:08:00,8.029021,10.990191,32.9,4.47
T07,GL-4592,2026-03-14 09:09:00,8.029267,10.989867,41.4,4.35
T07,GL-4592,2026-03-14 09:10:00,8.029666,10.989847,46.8,4.14
T07,GL-4592,2026-03-14 09:11:00,8.030451,10.989418,50.5,4.63
T07,GL-4592,2026-03-14 09:12:00,8.031285,10.989393,24.8,2.91
T07,GL-4592,2026-03-14 09:13:00,8.031656,10.989424,35.4,3.92
T07,GL-4592,2026-03-14 09:14:00,8.032009,10.989209,56.1,3.1
T07,GL-4592,2026-03-14 09:15:00,8.032591,10.989066,32.8,4.19
T07,GL-4592,2026-03-14 09:16:00,8.0333,10.988697,45.8,5.21
T07,GL-4592,2026-03-14 09:17:00,8.033587,10.988829,15.7,4.38
T07,GL-4592,2026-03-14 09:18:00,8.034161,10.988503,,2.97
T07,GL-4592,2026-03-14 09:19:00,8.03526,10.98832,20.1,4.69
T07,GL-4592,2026-03-14 09:20:00,8.03586,10.988293,48.9,2.89
T07,GL-4592,2026-03-14 09:21:00,8.035989,10.988016,50.4,3.63
T07,GL-4592,2026-03-14 09:22:00,8.03694,10.987995,40.0,3.39
T07,GL-4592,2026-03-14 09:23:00,8.037303,10.987755,33.9,3.76
T07,GL-4592,2026-03-14 09:24:00,8.037716,10.98744,47.6,5.49
T07,GL-4592,2026-03-14 09:25:00,8.038598,10.986998,24.5,5.24
T07,GL-4592,2026-03-14 09:26:00,8.038886,10.987404,37.1,4.37
T07,GL-4592,2026-03-14 09:27:00,8.039583,10.986989,42.8,4.78
T07,GL-4592,2026-03-14 09:28:00,8.040027,10.987308,48.9,4.18
T07,GL-4592,2026-03-14 09:29:00,8.040617,10.987101,39.9,4.01
T07,GL-4592,2026-03-14 09:30:00,8.041363,10.987121,39.5,4.5
T07,GL-4592,2026-03-14 09:31:00,8.042106,10.986615,16.5,5.17
T07,GL-4592,2026-03-14 09:32:00,8.042488,10.986668,27.8,4.27
T07,GL-4592,2026-03-14 09:33:00,8.043294,10.986449,28.6,3.06
T07,GL-4592,2026-03-14 09:34:00,8.0437,10.986454,51.4,3.89
T07,GL-4592,2026-03-14 09:35:00,8.044521,10.986225,51.2,3.76
T07,GL-4592,2026-03-14 09:36:00,8.044817,10.985843,52.4,4.01
T07,GL-4592,2026-03-14 09:37:00,8.045371,10.985944,39.9,5.04
T07,GL-4592,2026-03-14 09:38:00,8.045841,10.985501,27.3,2.91
T07,GL-4592,2026-03-14 09:39:00,8.046567,10.985366,20.3,5.03
T07,GL-4592,2026-03-14 09:40:00,8.047033,10.985262,34.9,5.27
T07,GL-4592,2026-03-14 09:41:00,8.047704,10.98542,21.1,3.41
T07,GL-4592,2026-03-14 09:42:00,8.047905,10.985148,30.6,4.61
T07,GL-4592,2026-03-14 09:43:00,8.048743,10.984824,53.4,4.32
T07,GL-4592,2026-03-14 09:44:00,8.049472,10.984402,24.3,4.06
T07,GL-4592,2026-03-14 09:45:00,8.049755,10.984415,32.1,5.19
T07,GL-4592,2026-03-14 09:46:00,8.050384,10.984943,50.0,5.21
T07,GL-4592,2026-03-14 09:47:00,8.051154,10.984043,55.0,2.99
T07,GL-4592,2026-03-14 09:48:00,8.051354,10.984525,26.2,4.24
T07,GL-4592,2026-03-14 09:49:00,8.052326,10.984164,38.3,4.74
T07,GL-4592,2026-03-14 09:50:00,8.052637,10.98393,53.4,4.65
T07,GL-4592,2026-03-14 09:51:00,8.053311,10.983814,30.5,5.1
T07,GL-4592,2026-03-14 09:52:00,8.054076,10.983755,18.0,5.26
T07,GL-4592,2026-03-14 09:53:00,8.054545,10.983503,32.6,3.53
T07,GL-4592,2026-03-14 09:54:00,8.055039,10.983553,41.2,5.15
T07,GL-4592,2026-03-14 09:55:00,8.055252,10.982967,34.8,5.33
T07,GL-4592,2026-03-14 09:56:00,8.05623,10.983382,35.9,2.8
T07,GL-4592,2026-03-14 09:57:00,8.057352,10.983059,15.5,4.66
T07,GL-4592,2026-03-14 09:58:00,8.057516,10.983011,32.8,4.05
T07,GL-4592,2026-03-14 09:59:00,8.058185,10.982445,47.2,3.85
T07,GL-4592,2026-03-14 10:00:00,8.058409,10.98263,21.7,4.96
T07,GL-4592,2026-03-14 10:01:00,8.059083,10.982277,45.8,2.83
T07,GL-4592,2026-03-14 10:02:00,8.059346,10.982427,17.9,3.76
T07,GL-4592,2026-03-14 10:03:00,8.060411,10.982009,22.0,3.79
T07,GL-4592,2026-03-14 10:04:00,8.060753,10.982022,29.8,3.91
T07,GL-4592,2026-03-14 10:05:00,8.061461,10.981749,31.0,4.27
T07,GL-4592,2026-03-14 10:06:00,8.062056,10.98175,17.2,5.11
T07,GL-4592,2026-03-14 10:07:00,8.062585,10.981281,32.3,3.31
T07,GL-4592,2026-03-14 10:08:00,8.063246,10.98153,14.7,4.31
T07,GL-4592,2026-03-14 10:09:00,8.063206,10.981446,14.4,4.55
T07,GL-4592,2026-03-14 10:10:00,8.064397,10.980969,47.3,4.85
T07,GL-4592,2026-03-14 10:11:00,8.06491,10.98092,19.1,4.46
T07,GL-4592,2026-03-14 10:12:00,8.065353,10.980472,16.4,4.27
T07,GL-4592,2026-03-14 10:13:00,8.065876,10.980507,17.6,4.46
T07,GL-4592,2026-03-14 10:14:00,8.06631,10.980613,55.9,3.36
T07,GL-4592,2026-03-14 10:15:00,8.067038,10.980373,54.8,5.07
T07,GL-4592,2026-03-14 10:16:00,8.067714,10.98016,41.4,4.81
T07,GL-4592,2026-03-14 10:17:00,8.068337,10.979914,14.2,4.36
T07,GL-4592,2026-03-14 10:18:00,8.068869,10.979886,48.8,4.68
T07,GL-4592,2026-03-14 10:19:00,8.069083,10.979684,35.7,3.02
T07,GL-4592,2026-03-14 10:20:00,8.070211,10.979762,37.2,3.34
T07,GL-4592,2026-03-14 10:21:00,8.07061,10.979606,20.3,5.32
T07,GL-4592,2026-03-14 10:22:00,8.071102,10.979429,56.4,3.94
T07,GL-4592,2026-03-14 10:23:00,8.071344,10.979473,51.1,3.8
T07,GL-4592,2026-03-14 10:24:00,8.072044,10.979147,41.8,3.9
T07,GL-4592,2026-03-14 10:25:00,8.073165,10.978912,31.2,5.4
T07,GL-4592,2026-03-14 10:26:00,8.073247,10.978843,44.6,4.14
T07,GL-4592,2026-03-14 10:27:00,8.073955,10.978636,39.6,4.83
T07,GL-4592,2026-03-14 10:28:00,8.074413,10.978343,49.3,4.85
T07,GL-4592,2026-03-14 10:29:00,8.075165,10.978307,44.5,5.18
T07,GL-4592,2026-03-14 10:30:00,8.075854,10.978245,47.1,3.54
T07,GL-4592,2026-03-14 10:31:00,8.07583,10.978297,25.0,4.15
T07,GL-4592,2026-03-14 10:32:00,8.076912,10.977805,54.8,3.29
T07,GL-4592,2026-03-14 10:33:00,8.077386,10.977805,29.2,3.89
T07,GL-4592,2026-03-14 10:34:00,8.078244,10.97763,45.8,3.14
T07,GL-4592,2026-03-14 10:35:00,8.078656,10.977366,31.4,4.6
T07,GL-4592,2026-03-14 10:36:00,8.079095,10.977032,51.9,4.63
T07,GL-4592,2026-03-14 10:37:00,8.079489,10.977441,33.9,5.5
T07,GL-4592,2026-03-14 10:38:00,8.080379,10.977295,20.2,3.3
T07,GL-4592,2026-03-14 10:39:00,8.080698,10.977127,41.0,5.17
T07,GL-4592,2026-03-14 10:40:00,8.081492,10.976761,23.6,4.77
T07,GL-4592,2026-03-14 10:41:00,8.082093,10.976554,43.1,5.27
T07,GL-4592,2026-03-14 10:42:00,8.082603,10.976839,18.9,3.54
T07,GL-4592,2026-03-14 10:43:00,8.083177,10.976345,53.4,4.18
T07,GL-4592,2026-03-14 10:44:00,8.083947,10.976081,28.8,5.3
T07,GL-4592,2026-03-14 10:45:00,8.08413,10.976415,15.8,4.86
T07,GL-4592,2026-03-14 10:46:00,8.08517,10.976439,38.9,2.92
T07,GL-4592,2026-03-14 10:47:00,8.0854,10.975603,29.2,3.93
T07,GL-4592,2026-03-14 10:48:00,8.085913,10.975927,39.6,3.04
T07,GL-4592,2026-03-14 10:49:00,8.086647,10.97541,25.4,5.44
T07,GL-4592,2026-03-14 10:50:00,8.087345,10.975279,35.6,4.77
T07,GL-4592,2026-03-14 10:51:00,8.087955,10.975155,51.1,4.64
T07,GL-4592,2026-03-14 10:52:00,8.08859,10.975146,20.8,4.97
T07,GL-4592,2026-03-14 10:53:00,8.088498,10.974725,50.0,4.94
T07,GL-4592,2026-03-14 10:54:00,8.08952,10.97446,50.4,4.59
T07,GL-4592,2026-03-14 10:55:00,8.089999,10.974534,48.3,3.0
T07,GL-4592,2026-03-14 10:56:00,8.090775,10.97443,26.9,3.8
T07,GL-4592,2026-03-14 10:57:00,8.090872,10.97454,34.0,4.51
T07,GL-4592,2026-03-14 10:58:00,8.091417,10.974176,55.1,3.76
T07,GL-4592,2026-03-14 10:59:00,8.092133,10.973989,18.9,4.27
T07,GL-4592,2026-03-14 11:00:00,8.092965,10.974185,57.7,4.88
T07,GL-4592,2026-03-14 11:01:00,8.093519,10.973478,29.9,5.12
T07,GL-4592,2026-03-14 11:02:00,8.094049,10.973479,57.4,3.95
T07,GL-4592,2026-03-14 11:03:00,8.095057,10.973164,19.7,4.62
T07,GL-4592,2026-03-14 11:04:00,8.094917,10.973168,51.9,3.01
T07,GL-4592,2026-03-14 11:05:00,8.095691,10.973338,27.1,4.05
T07,GL-4592,2026-03-14 11:06:00,8.096417,10.973073,26.4,5.51
T07,GL-4592,2026-03-14 11:07:00,8.096953,10.972984,49.6,5.12
T07,GL-4592,2026-03-14 11:08:00,8.097715,10.972807,16.0,5.06
T07,GL-4592,2026-03-14 11:09:00,8.098316,10.972524,19.0,5.37
T07,GL-4592,2026-03-14 11:10:00,8.098763,10.972467,25.2,4.05
T07,GL-4592,2026-03-14 11:11:00,8.099421,10.97262,52.5,5.12
T07,GL-4592,2026-03-14 11:12:00,8.099819,10.971943,31.4,4.95
T07,GL-4592,2026-03-14 11:13:00,8.100023,10.971886,26.0,3.87
T07,GL-4592,2026-03-14 11:14:00,8.100976,10.972293,32.9,5.37
T07,GL-4592,2026-03-14 11:15:00,8.101334,10.971999,36.6,2.94
T07,GL-4592,2026-03-14 11:16:00,8.101986,10.971814,36.1,3.57
T07,GL-4592,2026-03-14 11:17:00,8.102539,10.971454,35.5,3.52
T07,GL-4592,2026-03-14 11:18:00,8.103281,10.971589,20.6,2.84
T07,GL-4592,2026-03-14 11:19:00,8.10393,10.971206,32.3,3.34
T07,GL-4592,2026-03-14 11:20:00,8.104252,10.97102,18.2,4.59
T07,GL-4592,2026-03-14 11:21:00,8.104813,10.970963,14.7,4.29
T07,GL-4592,2026-03-14 11:22:00,8.105482,10.970656,56.9,5.4
T07,GL-4592,2026-03-14 11:23:00,8.106332,10.970577,53.3,4.1
T07,GL-4592,2026-03-14 11:24:00,8.106497,10.970808,21.0,3.67
T07,GL-4592,2026-03-14 11:25:00,8.107429,10.970559,20.9,3.57
T07,GL-4592,2026-03-14 11:26:00,8.108115,10.970027,52.3,4.76
T07,GL-4592,2026-03-14 11:27:00,8.108351,10.970175,57.5,3.56
T07,GL-4592,2026-03-14 11:28:00,8.109166,10.969613,25.1,5.46
T07,GL-4592,2026-03-14 11:29:00,8.109749,10.969973,28.4,4.95
T07,GL-4592,2026-03-14 11:30:00,8.110215,10.969828,57.8,3.46
T07,GL-4592,2026-03-14 11:31:00,8.111352,10.969355,51.9,4.44
T07,GL-4592,2026-03-14 11:32:00,8.111033,10.969176,14.6,3.01
T07,GL-4592,2026-03-14 11:33:00,8.111826,10.969323,52.2,4.01
T07,GL-4592,2026-03-14 11:34:00,8.112864,10.96891,28.1,4.18
T07,GL-4592,2026-03-14 11:35:00,8.112912,10.96909,39.3,3.07
T07,GL-4592,2026-03-14 11:36:00,8.113595,10.968815,36.1,3.89
T07,GL-4592,2026-03-14 11:37:00,8.114166,10.968674,43.3,2.82
T07,GL-4592,2026-03-14 11:38:00,8.114914,10.968893,28.1,3.59
T07,GL-4592,2026-03-14 11:39:00,8.115184,10.968415,32.6,4.08
T07,GL-4592,2026-03-14 11:40:00,8.115696,10.968213,25.9,4.98
T07,GL-4592,2026-03-14 11:41:00,8.116329,10.968122,33.6,2.94
T07,GL-4592,2026-03-14 11:42:00,8.11678,10.967952,24.2,2.93
T07,GL-4592,2026-03-14 11:43:00,8.117325,10.967703,34.5,4.24
T07,GL-4592,2026-03-14 11:44:00,8.118039,10.967734,34.0,3.1
T07,GL-4592,2026-03-14 11:45:00,8.118469,10.967487,20.3,5.04
T07,GL-4592,2026-03-14 11:46:00,8.118935,10.967546,22.4,3.5
T07,GL-4592,2026-03-14 11:47:00,8.119873,10.967286,23.2,5.57
T07,GL-4592,2026-03-14 11:48:00,8.120911,10.967257,30.2,5.35
T07,GL-4592,2026-03-14 11:49:00,8.121104,10.967101,17.8,3.33
T07,GL-4592,2026-03-14 11:50:00,8.12152,10.966835,,5.04
T07,GL-4592,2026-03-14 11:51:00,8.122343,10.966691,41.9,4.67
T07,GL-4592,2026-03-14 11:52:00,8.122921,10.966263,29.4,4.86
T07,GL-4592,2026-03-14 11:53:00,8.123401,10.96617,31.0,5.27
T07,GL-4592,2026-03-14 11:54:00,8.12357,10.966129,55.9,4.36
T07,GL-4592,2026-03-14 11:55:00,8.124655,10.966117,26.8,2.82
T07,GL-4592,2026-03-14 11:56:00,8.124832,10.965838,47.6,2.97
T07,GL-4592,2026-03-14 11:57:00,8.125913,10.965734,29.0,4.48
T07,GL-4592,2026-03-14 11:58:00,8.126221,10.965498,52.3,3.86
T07,GL-4592,2026-03-14 11:59:00,8.126971,10.965299,21.9,5.59
T07,GL-4592,2026-03-14 12:00:00,8.127505,10.964979,54.1,3.86
T07,GL-4592,2026-03-14 12:01:00,8.127831,10.965271,14.9,3.1
T07,GL-4592,2026-03-14 12:02:00,8.128268,10.965122,42.5,3.55
T07,GL-4592,2026-03-14 12:03:00,8.12902,10.964576,28.5,5.44
T07,GL-4592,2026-03-14 12:04:00,8.129855,10.965093,57.4,3.86
T07,GL-4592,2026-03-14 12:05:00,8.130234,10.964573,56.7,4.7
T07,GL-4592,2026-03-14 12:06:00,8.130722,10.964916,15.8,5.5
T07,GL-4592,2026-03-14 12:07:00,8.131104,10.964617,38.5,4.4
T07,GL-4592,2026-03-14 12:08:00,8.131813,10.964066,29.6,4.91
T07,GL-4592,2026-03-14 12:09:00,8.132697,10.964193,21.4,3.44
T07,GL-4592,2026-03-14 12:10:00,8.132956,10.964331,51.5,3.88
T07,GL-4592,2026-03-14 12:11:00,8.133782,10.963715,41.3,4.82
T07,GL-4592,2026-03-14 12:12:00,8.134088,10.963504,46.5,3.16
T07,GL-4592,2026-03-14 12:13:00,8.135037,10.963499,52.0,3.53
T07,GL-4592,2026-03-14 12:14:00,8.135299,10.963203,45.5,4.42
T07,GL-4592,2026-03-14 12:15:00,8.136054,10.963224,24.1,5.5
T07,GL-4592,2026-03-14 12:16:00,8.13644,10.962997,35.2,3.48
T07,GL-4592,2026-03-14 12:17:00,8.136883,10.962522,45.9,3.09
T07,GL-4592,2026-03-14 12:18:00,8.137662,10.962914,43.8,5.39
T07,GL-4592,2026-03-14 12:19:00,8.138261,10.962705,45.3,4.76
T07,GL-4592,2026-03-14 12:20:00,8.138828,10.962661,43.4,4.79
T07,GL-4592,2026-03-14 12:21:00,8.139505,10.962266,30.1,5.11
T07,GL-4592,2026-03-14 12:22:00,8.139951,10.962117,31.7,3.13
T07,GL-4592,2026-03-14 12:23:00,8.140906,10.962223,51.1,3.49
T07,GL-4592,2026-03-14 12:24:00,8.14141,10.961871,22.8,4.52
T07,GL-4592,2026-03-14 12:25:00,8.141794,10.961653,23.8,3.44
T07,GL-4592,2026-03-14 12:26:00,8.142413,10.961283,42.3,4.54
T07,GL-4592,2026-03-14 12:27:00,8.142809,10.961557,24.5,3.66
T07,GL-4592,2026-03-14 12:28:00,8.143531,10.961761,45.7,2.82
T07,GL-4592,2026-03-14 12:29:00,8.14406,10.961239,17.1,3.68
T07,GL-4592,2026-03-14 12:30:00,8.14465,10.960912,46.9,5.56
T07,GL-4592,2026-03-14 12:31:00,8.145054,10.96093,40.0,3.25
T07,GL-4592,2026-03-14 12:32:00,8.145591,10.960696,51.4,5.21
T07,GL-4592,2026-03-14 12:33:00,8.146384,10.960721,42.9,3.96
T07,GL-4592,2026-03-14 12:34:00,8.146727,10.96013,20.6,4.99
T07,GL-4592,2026-03-14 12:35:00,8.147627,10.960331,48.8,5.49
T07,GL-4592,2026-03-14 12:36:00,8.147773,10.960416,26.4,4.64
T07,GL-4592,2026-03-14 12:37:00,8.148375,10.95995,14.6,5.43
T07,GL-4592,2026-03-14 12:38:00,8.148935,10.960092,51.5,3.41
T07,GL-4592,2026-03-14 12:39:00,8.149877,10.959338,36.2,5.55
T07,GL-4592,2026-03-14 12:40:00,8.15038,10.959537,18.2,5.12
T07,GL-4592,2026-03-14 12:41:00,8.150884,10.95957,40.3,5.35
T07,GL-4592,2026-03-14 12:42:00,8.151354,10.959422,48.6,3.12
T07,GL-4592,2026-03-14 12:43:00,8.152186,10.958898,46.8,5.57
T07,GL-4592,2026-03-14 12:44:00,8.152534,10.958947,42.9,4.09
T07,GL-4592,2026-03-14 12:45:00,8.153074,10.959341,,3.32
T07,GL-4592,2026-03-14 12:46:00,8.153749,10.95896,,5.35
T07,GL-4592,2026-03-14 12:47:00,8.154063,10.958393,34.3,3.74
T07,GL-4592,2026-03-14 12:48:00,8.154773,10.958063,35.0,3.05
T07,GL-4592,2026-03-14 12:49:00,8.155607,10.958056,22.7,3.96
T07,GL-4592,2026-03-14 12:50:00,8.155989,10.958391,55.8,4.45
T07,GL-4592,2026-03-14 12:51:00,8.156548,10.958066,57.0,5.26
T07,GL-4592,2026-03-14 12:52:00,8.157026,10.957645,23.6,5.3
T07,GL-4592,2026-03-14 12:53:00,8.157656,10.957835,48.7,3.94
T07,GL-4592,2026-03-14 12:54:00,8.158603,10.957942,49.9,4.95
T07,GL-4592,2026-03-14 12:55:00,8.158811,10.957352,32.0,4.78
T07,GL-4592,2026-03-14 12:56:00,8.159515,10.957562,51.0,4.25
T07,GL-4592,2026-03-14 12:57:00,8.160263,10.957203,19.1,4.44
T07,GL-4592,2026-03-14 12:58:00,8.160711,10.957305,47.9,4.12
T07,GL-4592,2026-03-14 12:59:00,8.161238,10.956829,47.4,4.4
T07,GL-4592,2026-03-14 13:00:00,8.161716,10.957159,40.2,4.38
T07,GL-4592,2026-03-14 13:01:00,8.162309,10.956597,,4.2
T07,GL-4592,2026-03-14 13:02:00,8.163174,10.956523,25.8,4.83
T07,GL-4592,2026-03-14 13:03:00,8.163849,10.956103,22.4,3.7
T07,GL-4592,2026-03-14 13:04:00,8.164269,10.956207,14.9,5.25
T07,GL-4592,2026-03-14 13:05:00,8.164599,10.956012,36.1,5.46
T07,GL-4592,2026-03-14 13:06:00,8.165479,10.955535,57.2,4.39
T07,GL-4592,2026-03-14 13:07:00,8.166167,10.955976,34.2,3.83
T07,GL-4592,2026-03-14 13:08:00,8.166433,10.955349,46.8,4.97
T07,GL-4592,2026-03-14 13:09:00,8.166518,10.955628,15.0,3.43
T07,GL-4592,2026-03-14 13:10:00,8.167275,10.95527,52.8,3.31
T07,GL-4592,2026-03-14 13:11:00,8.16802,10.954971,25.2,3.12
T07,GL-4592,2026-03-14 13:12:00,8.168584,10.955458,47.5,4.12
T07,GL-4592,2026-03-14 13:13:00,8.169031,10.95508,31.5,2.98
T07,GL-4592,2026-03-14 13:14:00,8.170137,10.955006,32.8,5.38
T07,GL-4592,2026-03-14 13:15:00,8.170643,10.954756,48.5,5.25
T07,GL-4592,2026-03-14 13:16:00,8.171042,10.954228,18.1,4.71
T07,GL-4592,2026-03-14 13:17:00,8.17156,10.954011,34.4,4.03
T07,GL-4592,2026-03-14 13:18:00,8.172463,10.953911,18.6,3.5
T07,GL-4592,2026-03-14 13:19:00,8.172904,10.954153,54.4,4.1
T07,GL-4592,2026-03-14 13:20:00,8.173424,10.953761,26.7,5.48
T07,GL-4592,2026-03-14 13:21:00,8.173867,10.953923,44.9,4.34
T07,GL-4592,2026-03-14 13:22:00,8.174604,10.953498,,3.39
T07,GL-4592,2026-03-14 13:23:00,8.175301,10.953308,29.3,5.0
T07,GL-4592,2026-03-14 13:24:00,8.175969,10.953095,57.8,4.08
T07,GL-4592,2026-03-14 13:25:00,8.176178,10.953042,50.7,5.49
T07,GL-4592,2026-03-14 13:26:00,8.176361,10.952869,24.0,3.04
T07,GL-4592,2026-03-14 13:27:00,8.177409,10.952694,46.8,4.64
T07,GL-4592,2026-03-14 13:28:00,8.177738,10.952695,39.4,5.18
T07,GL-4592,2026-03-14 13:29:00,8.178179,10.952393,44.0,5.46
T07,GL-4592,2026-03-14 13:30:00,8.179449,10.952361,40.6,4.42
T07,GL-4592,2026-03-14 13:31:00,8.180119,10.952189,37.6,3.39
T07,GL-4592,2026-03-14 13:32:00,8.179826,10.952263,36.6,4.74
T07,GL-4592,2026-03-14 13:33:00,8.180828,10.952096,47.6,4.64
T07,GL-4592,2026-03-14 13:34:00,8.181475,10.951769,,4.37
T07,GL-4592,2026-03-14 13:35:00,8.181846,10.951148,45.4,4.92
T07,GL-4592,2026-03-14 13:36:00,8.182727,10.951425,17.3,5.28
T07,GL-4592,2026-03-14 13:37:00,8.183053,10.951511,57.6,4.65
T07,GL-4592,2026-03-14 13:38:00,8.183628,10.951319,14.9,3.44
T07,GL-4592,2026-03-14 13:39:00,8.184197,10.951111,28.3,3.59
T07,GL-4592,2026-03-14 13:40:00,8.184805,10.950957,21.3,3.26
T07,GL-4592,2026-03-14 13:41:00,8.185358,10.951044,18.7,4.68
T07,GL-4592,2026-03-14 13:42:00,8.186053,10.950984,40.4,5.1
T07,GL-4592,2026-03-14 13:43:00,8.186303,10.950524,24.0,3.18
T07,GL-4592,2026-03-14 13:44:00,8.187156,10.950687,17.3,4.27
T07,GL-4592,2026-03-14 13:45:00,8.187713,10.950079,55.2,3.65
T07,GL-4592,2026-03-14 13:46:00,8.188013,10.950572,25.1,4.99
T07,GL-4592,2026-03-14 13:47:00,8.188562,10.950236,34.0,3.61
T07,GL-4592,2026-03-14 13:48:00,8.189663,10.950166,39.2,4.89
T07,GL-4592,2026-03-14 13:49:00,8.190172,10.950009,48.0,5.0
T07,GL-4592,2026-03-14 13:50:00,8.190551,10.949671,44.8,2.95
T07,GL-4592,2026-03-14 13:51:00,8.191246,10.949417,19.8,3.49
T07,GL-4592,2026-03-14 13:52:00,8.191597,10.949346,39.3,3.68
T07,GL-4592,2026-03-14 13:53:00,8.191957,10.949182,19.3,4.45
T07,GL-4592,2026-03-14 13:54:00,8.192652,10.948998,44.0,4.39
T07,GL-4592,2026-03-14 13:55:00,8.193378,10.949034,29.8,4.05
T07,GL-4592,2026-03-14 13:56:00,8.194085,10.948678,51.1,3.03
T07,GL-4592,2026-03-14 13:57:00,8.194645,10.94856,55.7,5.26
T07,GL-4592,2026-03-14 13:58:00,8.19523,10.948339,15.8,3.69
T07,GL-4592,2026-03-14 13:59:00,8.195637,10.94841,41.7,5.42
T07,GL-4592,2026-03-14 14:00:00,8.19611,10.947959,21.8,4.83
T07,GL-4592,2026-03-14 14:01:00,8.197226,10.947633,31.6,4.67
T07,GL-4592,2026-03-14 14:02:00,8.197199,10.947697,44.2,3.47
T07,GL-4592,2026-03-14 14:03:00,8.197818,10.947991,26.9,4.92
T07,GL-4592,2026-03-14 14:04:00,8.19829,10.947395,33.7,3.38
T07,GL-4592,2026-03-14 14:05:00,8.198989,10.947416,44.9,3.66
T07,GL-4592,2026-03-14 14:06:00,8.199722,10.947291,39.3,4.71
T07,GL-4592,2026-03-14 14:07:00,8.200568,10.947448,23.1,5.36
T07,GL-4592,2026-03-14 14:08:00,8.200962,10.947013,32.0,4.36
T07,GL-4592,2026-03-14 14:09:00,8.201491,10.946689,33.5,5.17
T07,GL-4592,2026-03-14 14:10:00,8.202095,10.946711,18.7,3.8
T07,GL-4592,2026-03-14 14:11:00,8.202355,10.94628,15.2,3.09
T07,GL-4592,2026-03-14 14:12:00,8.203474,10.946353,52.5,2.89
T07,GL-4592,2026-03-14 14:13:00,8.203447,10.94613,39.8,4.22
T07,GL-4592,2026-03-14 14:14:00,8.204759,10.946284,17.3,4.0
T07,GL-4592,2026-03-14 14:15:00,8.205045,10.946128,50.3,4.2
T07,GL-4592,2026-03-14 14:16:00,8.205388,10.945772,57.5,3.19
T07,GL-4592,2026-03-14 14:17:00,8.205891,10.945774,16.3,4.18
T07,GL-4592,2026-03-14 14:18:00,8.206796,10.945623,20.1,4.66
T07,GL-4592,2026-03-14 14:19:00,8.207195,10.945383,51.3,2.94
T07,GL-4592,2026-03-14 14:20:00,8.208018,10.945651,29.8,4.96
T07,GL-4592,2026-03-14 14:21:00,8.208196,10.94519,21.3,4.81
T07,GL-4592,2026-03-14 14:22:00,8.208789,10.944664,51.9,3.38
T07,GL-4592,2026-03-14 14:23:00,8.209708,10.94486,41.1,4.2
T07,GL-4592,2026-03-14 14:24:00,8.209986,10.944879,37.0,3.96
T07,GL-4592,2026-03-14 14:25:00,8.210859,10.944455,37.7,2.97
T07,GL-4592,2026-03-14 14:26:00,8.21134,10.944488,40.2,4.81
T07,GL-4592,2026-03-14 14:27:00,8.211462,10.943978,49.0,5.03
T07,GL-4592,2026-03-14 14:28:00,8.212728,10.94431,50.6,5.35
T07,GL-4592,2026-03-14 14:29:00,8.212775,10.943865,27.9,3.74
T07,GL-4592,2026-03-14 14:30:00,8.213544,10.943628,32.9,3.3
T07,GL-4592,2026-03-14 14:31:00,8.214191,10.943681,25.1,5.03
T07,GL-4592,2026-03-14 14:32:00,8.215069,10.943608,19.8,4.8
T07,GL-4592,2026-03-14 14:33:00,8.215101,10.943755,51.4,4.49
T07,GL-4592,2026-03-14 14:34:00,8.215841,10.943113,43.3,3.51
T07,GL-4592,2026-03-14 14:35:00,8.216213,10.943031,53.7,3.42
T07,GL-4592,2026-03-14 14:36:00,8.216851,10.943003,54.0,3.68
T07,GL-4592,2026-03-14 14:37:00,8.2173,10.942432,49.9,4.1
T07,GL-4592,2026-03-14 14:38:00,8.21811,10.942226,33.5,4.5
T07,GL-4592,2026-03-14 14:39:00,8.218303,10.942624,40.0,4.81
T07,GL-4592,2026-03-14 14:40:00,8.219459,10.942742,38.2,3.41
T07,GL-4592,2026-03-14 14:41:00,8.219887,10.942654,38.2,3.59
T07,GL-4592,2026-03-14 14:42:00,8.220452,10.941827,47.4,5.26
T07,GL-4592,2026-03-14 14:43:00,8.221114,10.942023,17.3,5.32
T07,GL-4592,2026-03-14 14:44:00,8.221465,10.941849,44.2,3.18
T07,GL-4592,2026-03-14 14:45:00,8.2219,10.941925,,3.89
T07,GL-4592,2026-03-14 14:46:00,8.222115,10.941322,24.3,2.97
T07,GL-4592,2026-03-14 14:47:00,8.223196,10.941323,38.3,3.37
T07,GL-4592,2026-03-14 14:48:00,8.223976,10.940906,32.9,5.19
T07,GL-4592,2026-03-14 14:49:00,8.224378,10.94102,30.1,3.43
T07,GL-4592,2026-03-14 14:50:00,8.224818,10.941424,52.8,3.42
T07,GL-4592,2026-03-14 14:51:00,8.22548,10.940766,20.8,3.68
T07,GL-4592,2026-03-14 14:52:00,8.225867,10.94035,28.5,3.55
T07,GL-4592,2026-03-14 14:53:00,8.226668,10.940791,27.1,4.95
T07,GL-4592,2026-03-14 14:54:00,8.227734,10.940262,43.6,4.36
T07,GL-4592,2026-03-14 14:55:00,8.22773,10.940266,19.7,4.85
T07,GL-4592,2026-03-14 14:56:00,8.22872,10.939923,,5.26
T07,GL-4592,2026-03-14 14:57:00,8.228898,10.939794,35.0,3.99
T07,GL-4592,2026-03-14 14:58:00,8.22993,10.939546,50.9,4.07
T07,GL-4592,2026-03-14 14:59:00,8.230308,10.939796,28.3,3.45
T07,GL-4592,2026-03-14 15:00:00,8.230418,10.939172,49.5,5.16
T07,GL-4592,2026-03-14 15:01:00,8.23144,10.939314,44.1,4.84
T07,GL-4592,2026-03-14 15:02:00,8.232283,10.939398,25.7,4.39
T07,GL-4592,2026-03-14 15:03:00,8.232228,10.939065,56.7,4.89
T07,GL-4592,2026-03-14 15:04:00,8.233437,10.939008,55.9,3.22
T07,GL-4592,2026-03-14 15:05:00,8.233624,10.938686,56.4,3.92
T07,GL-4592,2026-03-14 15:06:00,8.23424,10.938459,46.9,3.69
T07,GL-4592,2026-03-14 15:07:00,8.234788,10.938429,16.8,4.8
T07,GL-4592,2026-03-14 15:08:00,8.23504,10.93831,19.5,4.51
T07,GL-4592,2026-03-14 15:09:00,8.235564,10.938385,55.3,3.58
T07,GL-4592,2026-03-14 15:10:00,8.23644,10.937729,20.9,2.87
T07,GL-4592,2026-03-14 15:11:00,8.237124,10.938151,34.8,4.11
T07,GL-4592,2026-03-14 15:12:00,8.237475,10.937819,51.6,3.83
T07,GL-4592,2026-03-14 15:13:00,8.238146,10.937611,57.7,3.13
T07,GL-4592,2026-03-14 15:14:00,8.238991,10.937927,26.4,5.49
T07,GL-4592,2026-03-14 15:15:00,8.23969,10.937344,52.3,3.17
T07,GL-4592,2026-03-14 15:16:00,8.239764,10.937058,41.1,3.8
T07,GL-4592,2026-03-14 15:17:00,8.240551,10.937262,16.0,5.18
T07,GL-4592,2026-03-14 15:18:00,8.241194,10.936729,28.3,3.38
T07,GL-4592,2026-03-14 15:19:00,8.241643,10.936992,23.3,4.19
T07,GL-4592,2026-03-14 15:20:00,8.242184,10.936217,45.8,5.21
T07,GL-4592,2026-03-14 15:21:00,8.242445,10.936567,40.6,4.98
T07,GL-4592,2026-03-14 15:22:00,8.243188,10.936598,52.7,3.89
T07,GL-4592,2026-03-14 15:23:00,8.243804,10.936353,29.4,3.62
T07,GL-4592,2026-03-14 15:24:00,8.244729,10.9362,32.7,3.59
T07,GL-4592,2026-03-14 15:25:00,8.245191,10.936054,31.3,5.45
T07,GL-4592,2026-03-14 15:26:00,8.245672,10.936039,47.1,3.44
T07,GL-4592,2026-03-14 15:27:00,8.246331,10.935627,39.2,4.45
T07,GL-4592,2026-03-14 15:28:00,8.246719,10.935225,47.3,4.89
T07,GL-4592,2026-03-14 15:29:00,8.246954,10.935688,41.0,3.66
T07,GL-4592,2026-03-14 15:30:00,8.248219,10.93508,19.9,4.16
T07,GL-4592,2026-03-14 15:31:00,8.24862,10.935328,53.9,5.25
T07,GL-4592,2026-03-14 15:32:00,8.24892,10.935197,57.1,2.89
T07,GL-4592,2026-03-14 15:33:00,8.249535,10.93482,53.5,4.76
T07,GL-4592,2026-03-14 15:34:00,8.250348,10.934604,14.6,5.13
T07,GL-4592,2026-03-14 15:35:00,8.250791,10.9348,20.3,3.09
T07,GL-4592,2026-03-14 15:36:00,8.251576,10.934304,14.9,2.9
T07,GL-4592,2026-03-14 15:37:00,8.252061,10.934407,38.1,4.35
T07,GL-4592,2026-03-14 15:38:00,8.252758,10.933702,39.4,4.93
T07,GL-4592,2026-03-14 15:39:00,8.252966,10.933893,17.4,3.14
T07,GL-4592,2026-03-14 15:40:00,8.253238,10.933446,54.0,5.2
T07,GL-4592,2026-03-14 15:41:00,8.254455,10.933635,41.4,4.07
T07,GL-4592,2026-03-14 15:42:00,8.254659,10.933353,28.1,5.12
T07,GL-4592,2026-03-14 15:43:00,8.255784,10.933621,44.2,5.32
T07,GL-4592,2026-03-14 15:44:00,8.256269,10.932871,33.1,4.94
T07,GL-4592,2026-03-14 15:45:00,8.256458,10.932897,22.2,4.05
T07,GL-4592,2026-03-14 15:46:00,8.256914,10.932483,29.6,3.34
T07,GL-4592,2026-03-14 15:47:00,8.257587,10.932308,28.7,4.83
T07,GL-4592,2026-03-14 15:48:00,8.258397,10.932624,43.0,3.96
T07,GL-4592,2026-03-14 15:49:00,8.258655,10.932974,27.0,3.24
T07,GL-4592,2026-03-14 15:50:00,8.259342,10.932313,44.2,2.87
T07,GL-4592,2026-03-14 15:51:00,8.260096,10.931897,23.8,4.74
T07,GL-4592,2026-03-14 15:52:00,8.26021,10.931988,28.0,2.87
T07,GL-4592,2026-03-14 15:53:00,8.261141,10.932038,50.4,4.56
T07,GL-4592,2026-03-14 15:54:00,8.26168,10.931703,46.2,3.1
T07,GL-4592,2026-03-14 15:55:00,8.262205,10.931991,37.6,4.99
T07,GL-4592,2026-03-14 15:56:00,8.263025,10.931744,35.9,3.38
T07,GL-4592,2026-03-14 15:57:00,8.263198,10.931704,21.2,4.11
T07,GL-4592,2026-03-14 15:58:00,8.263864,10.931071,14.8,5.48
T07,GL-4592,2026-03-14 15:59:00,8.264577,10.931329,22.0,3.69
T07,GL-4592,2026-03-14 16:00:00,8.265403,10.930803,33.3,4.83
T07,GL-4592,2026-03-14 16:01:00,8.265897,10.930495,54.4,4.86
T07,GL-4592,2026-03-14 16:02:00,8.265902,10.930605,32.4,4.97
T07,GL-4592,2026-03-14 16:03:00,8.267508,10.930845,17.9,4.94
T07,GL-4592,2026-03-14 16:04:00,8.267221,10.930379,19.8,3.63
T07,GL-4592,2026-03-14 16:05:00,8.268395,10.930036,21.7,4.26
T07,GL-4592,2026-03-14 16:06:00,8.268594,10.929679,41.8,4.69
T07,GL-4592,2026-03-14 16:07:00,8.269402,10.930329,32.2,5.43
T07,GL-4592,2026-03-14 16:08:00,8.269799,10.929801,,5.09
T07,GL-4592,2026-03-14 16:09:00,8.270507,10.929672,40.5,4.1
T07,GL-4592,2026-03-14 16:10:00,8.270728,10.929688,50.2,4.57
T07,GL-4592,2026-03-14 16:11:00,8.271491,10.929503,16.4,5.05
T07,GL-4592,2026-03-14 16:12:00,8.272016,10.928998,47.6,3.5
T07,GL-4592,2026-03-14 16:13:00,8.27273,10.929067,45.9,3.6
T07,GL-4592,2026-03-14 16:14:00,8.272939,10.928679,20.0,4.72
T07,GL-4592,2026-03-14 16:15:00,8.273784,10.928553,46.8,4.61
T07,GL-4592,2026-03-14 16:16:00,8.274315,10.928381,54.2,2.94
T07,GL-4592,2026-03-14 16:17:00,8.274755,10.928848,17.6,4.08
T07,GL-4592,2026-03-14 16:18:00,8.275596,10.928242,43.1,3.4
T07,GL-4592,2026-03-14 16:19:00,8.27571,10.928174,55.9,3.85
T07,GL-4592,2026-03-14 16:20:00,8.276403,10.927946,28.4,4.89
T07,GL-4592,2026-03-14 16:21:00,8.277476,10.928279,32.9,5.56
T07,GL-4592,2026-03-14 16:22:00,8.277961,10.927603,29.7,4.54
T07,GL-4592,2026-03-14 16:23:00,8.278576,10.927699,33.4,3.71
T07,GL-4592,2026-03-14 16:24:00,8.279082,10.927356,23.8,3.34
T07,GL-4592,2026-03-14 16:25:00,8.279235,10.927195,50.1,4.43
T07,GL-4592,2026-03-14 16:26:00,8.280034,10.926824,19.7,5.59
T07,GL-4592,2026-03-14 16:27:00,8.280548,10.926828,36.1,3.1
T07,GL-4592,2026-03-14 16:28:00,8.280804,10.926822,50.0,4.09
T07,GL-4592,2026-03-14 16:29:00,8.282433,10.92689,29.9,5.4
T07,GL-4592,2026-03-14 16:30:00,8.282616,10.926683,20.5,5.38
T07,GL-4592,2026-03-14 16:31:00,8.283186,10.926363,14.9,3.21
T07,GL-4592,2026-03-14 16:32:00,8.283711,10.926224,15.4,5.02
T07,GL-4592,2026-03-14 16:33:00,8.283759,10.926263,29.5,5.48
T07,GL-4592,2026-03-14 16:34:00,8.28469,10.926089,18.1,4.97
T07,GL-4592,2026-03-14 16:35:00,8.285306,10.925623,33.5,5.27
T07,GL-4592,2026-03-14 16:36:00,8.285796,10.925491,37.4,4.19
T07,GL-4592,2026-03-14 16:37:00,8.286591,10.925427,49.8,4.33
T07,GL-4592,2026-03-14 16:38:00,8.287059,10.925509,27.2,3.5
T07,GL-4592,2026-03-14 16:39:00,8.287748,10.925686,39.1,4.65
T07,GL-4592,2026-03-14 16:40:00,8.288387,10.924991,,4.87
T07,GL-4592,2026-03-14 16:41:00,8.288791,10.924985,23.9,3.74
T07,GL-4592,2026-03-14 16:42:00,8.28957,10.925173,28.7,4.77
T07,GL-4592,2026-03-14 16:43:00,8.290332,10.925003,34.9,2.89
T07,GL-4592,2026-03-14 16:44:00,8.290639,10.924363,39.9,4.09
T07,GL-4592,2026-03-14 16:45:00,8.290983,10.924254,21.1,3.85
T07,GL-4592,2026-03-14 16:46:00,8.291291,10.924393,21.4,3.61
T07,GL-4592,2026-03-14 16:47:00,8.291952,10.924325,20.7,4.18
T07,GL-4592,2026-03-14 16:48:00,8.293001,10.924293,45.5,3.76
T07,GL-4592,2026-03-14 16:49:00,8.293123,10.923857,22.1,3.9
T07,GL-4592,2026-03-14 16:50:00,8.294109,10.923488,41.9,3.93
T07,GL-4592,2026-03-14 16:51:00,8.294234,10.923114,49.2,4.69
T07,GL-4592,2026-03-14 16:52:00,8.295092,10.923526,34.1,4.06
T07,GL-4592,2026-03-14 16:53:00,8.295681,10.923493,33.3,2.97
T07,GL-4592,2026-03-14 16:54:00,8.296151,10.923271,33.6,4.56
T07,GL-4592,2026-03-14 16:55:00,8.296791,10.923096,40.7,3.99
T07,GL-4592,2026-03-14 16:56:00,8.297323,10.922838,34.0,5.54
T07,GL-4592,2026-03-14 16:57:00,8.297649,10.922652,49.3,2.84
T07,GL-4592,2026-03-14 16:58:00,8.2985,10.922793,34.9,3.52
T07,GL-4592,2026-03-14 16:59:00,8.298705,10.922772,22.9,3.65
T07,GL-4592,2026-03-14 17:00:00,8.299469,10.922832,45.0,5.13
T07,GL-4592,2026-03-14 17:01:00,8.300537,10.921651,52.2,3.24
T07,GL-4592,2026-03-14 17:02:00,8.300616,10.922064,36.0,5.03
T07,GL-4592,2026-03-14 17:03:00,8.301002,10.92204,46.7,4.04
T07,GL-4592,2026-03-14 17:04:00,8.301937,10.921921,51.7,3.92
T07,GL-4592,2026-03-14 17:05:00,8.30226,10.921944,32.8,4.72
T07,GL-4592,2026-03-14 17:06:00,8.302561,10.921522,22.0,4.52
T07,GL-4592,2026-03-14 17:07:00,8.303643,10.921445,21.6,3.21
T07,GL-4592,2026-03-14 17:08:00,8.304415,10.920856,26.6,4.01
T07,GL-4592,2026-03-14 17:09:00,8.30498,10.920878,37.2,3.66
T07,GL-4592,2026-03-14 17:10:00,8.305409,10.920904,29.0,5.52
T07,GL-4592,2026-03-14 17:11:00,8.305909,10.921061,54.5,2.97
T07,GL-4592,2026-03-14 17:12:00,8.306494,10.920638,43.6,3.21
T07,GL-4592,2026-03-14 17:13:00,8.306637,10.92048,56.9,2.94
T07,GL-4592,2026-03-14 17:14:00,8.307655,10.920026,17.9,3.53
T07,GL-4592,2026-03-14 17:15:00,8.003184,10.920009,23.2,215.43
T07,GL-4592,2026-03-14 17:16:00,8.308699,10.919967,55.1,4.05
T07,GL-4592,2026-03-14 17:17:00,8.309328,10.919597,53.8,4.87
T07,GL-4592,2026-03-14 17:18:00,8.309877,10.919611,40.8,3.24
T07,GL-4592,2026-03-14 17:19:00,8.310781,10.919816,55.1,3.6
T07,GL-4592,2026-03-14 17:20:00,8.311399,10.919287,34.2,3.92
T07,GL-4592,2026-03-14 17:21:00,8.311288,10.919371,17.4,3.65
T07,GL-4592,2026-03-14 17:22:00,8.312451,10.918811,45.2,3.51
T07,GL-4592,2026-03-14 17:23:00,8.312749,10.919167,17.2,4.98
T07,GL-4592,2026-03-14 17:24:00,8.313479,10.919187,55.7,5.33
T07,GL-4592,2026-03-14 17:25:00,8.314187,10.918255,14.6,5.43
T07,GL-4592,2026-03-14 17:26:00,8.314038,10.918787,33.9,4.65
T07,GL-4592,2026-03-14 17:27:00,8.315037,10.918189,51.4,4.13
T07,GL-4592,2026-03-14 17:28:00,8.315739,10.918585,33.2,3.99
T07,GL-4592,2026-03-14 17:29:00,8.316467,10.918085,15.5,2.81
T07,GL-4592,2026-03-14 17:30:00,8.316738,10.917621,43.8,4.93
T07,GL-4592,2026-03-14 17:31:00,8.317408,10.917837,27.6,4.8
T07,GL-4592,2026-03-14 17:32:00,8.317851,10.917445,31.3,4.13
T07,GL-4592,2026-03-14 17:33:00,8.318772,10.917575,16.8,5.35
T07,GL-4592,2026-03-14 17:34:00,8.318798,10.917771,29.3,4.13
T07,GL-4592,2026-03-14 17:35:00,8.31936,10.917291,17.6,4.36
T07,GL-4592,2026-03-14 17:36:00,8.319872,10.917059,26.5,5.05
T07,GL-4592,2026-03-14 17:37:00,8.320142,10.916822,43.3,3.81
T07,GL-4592,2026-03-14 17:38:00,8.321206,10.916992,51.2,5.5
T07,GL-4592,2026-03-14 17:39:00,8.321548,10.916916,20.9,4.17
T07,GL-4592,2026-03-14 17:40:00,8.322837,10.916457,35.3,3.92
T07,GL-4592,2026-03-14 17:41:00,8.323464,10.916132,30.2,3.74
T07,GL-4592,2026-03-14 17:42:00,8.323681,10.916376,15.4,3.39
T07,GL-4592,2026-03-14 17:43:00,8.32431,10.916036,17.7,3.65
T07,GL-4592,2026-03-14 17:44:00,8.325111,10.915818,51.2,3.35
T07,GL-4592,2026-03-14 17:45:00,8.32516,10.915628,35.1,5.11
T07,GL-4592,2026-03-14 17:46:00,8.326104,10.915336,,4.22
T07,GL-4592,2026-03-14 17:47:00,8.326627,10.915521,50.0,4.6
T07,GL-4592,2026-03-14 17:48:00,8.326916,10.915242,30.5,4.58
T07,GL-4592,2026-03-14 17:49:00,8.327641,10.915268,25.9,3.46
T07,GL-4592,2026-03-14 17:50:00,8.328475,10.915037,45.3,4.08
T07,GL-4592,2026-03-14 17:51:00,8.328854,10.9152,20.0,3.4
T07,GL-4592,2026-03-14 17:52:00,8.329453,10.914916,29.4,3.57
T07,GL-4592,2026-03-14 17:53:00,8.330065,10.914579,43.5,4.43
T07,GL-4592,2026-03-14 17:54:00,8.330436,10.914656,38.7,3.56
T07,GL-4592,2026-03-14 17:55:00,8.331241,10.914251,26.0,3.49
T07,GL-4592,2026-03-14 17:56:00,8.3319,10.914275,57.7,3.8
T07,GL-4592,2026-03-14 17:57:00,8.332398,10.914001,42.9,3.4
T07,GL-4592,2026-03-14 17:58:00,8.332496,10.913846,18.8,4.93
T07,GL-4592,2026-03-14 17:59:00,8.333641,10.913834,17.3,4.52
T07,GL-4592,2026-03-14 18:00:00,8.333995,10.913594,48.4,4.29
T07,GL-4592,2026-03-14 18:01:00,8.334904,10.913549,49.2,3.81
T07,GL-4592,2026-03-14 18:02:00,8.335211,10.913517,39.1,5.45
T07,GL-4592,2026-03-14 18:03:00,8.335926,10.912834,28.2,3.86
T07,GL-4592,2026-03-14 18:04:00,8.336314,10.913351,26.5,4.34
T07,GL-4592,2026-03-14 18:05:00,8.337118,10.913154,43.3,4.21
T07,GL-4592,2026-03-14 18:06:00,8.337639,10.913004,49.0,4.74
T07,GL-4592,2026-03-14 18:07:00,8.337986,10.912501,,3.55
T07,GL-4592,2026-03-14 18:08:00,8.338763,10.912805,29.0,4.71
T07,GL-4592,2026-03-14 18:09:00,8.339392,10.912579,16.8,5.02
T07,GL-4592,2026-03-14 18:10:00,8.339887,10.912371,14.2,3.34
T07,GL-4592,2026-03-14 18:11:00,8.340625,10.912634,33.7,5.33
T07,GL-4592,2026-03-14 18:12:00,8.341308,10.91183,39.8,3.08
T07,GL-4592,2026-03-14 18:13:00,8.341518,10.911809,36.2,3.18
T07,GL-4592,2026-03-14 18:14:00,8.342547,10.911847,57.4,5.4
T07,GL-4592,2026-03-14 18:15:00,8.342881,10.911437,47.6,2.9
T07,GL-4592,2026-03-14 18:16:00,8.343114,10.91146,53.9,3.24
T07,GL-4592,2026-03-14 18:17:00,8.344205,10.911079,48.1,4.63
T07,GL-4592,2026-03-14 18:18:00,8.344578,10.911313,44.8,3.81
T07,GL-4592,2026-03-14 18:19:00,8.345347,10.911192,55.8,5.1
T07,GL-4592,2026-03-14 18:20:00,8.345105,10.910467,29.0,5.35
T07,GL-4592,2026-03-14 18:21:00,8.345842,10.910887,45.9,2.96
T07,GL-4592,2026-03-14 18:22:00,8.34682,10.910403,44.7,3.12
T07,GL-4592,2026-03-14 18:23:00,8.346984,10.91064,35.3,3.93
T07,GL-4592,2026-03-14 18:24:00,8.347954,10.910335,32.0,5.12
T07,GL-4592,2026-03-14 18:25:00,8.348284,10.909985,37.7,4.74
T07,GL-4592,2026-03-14 18:26:00,8.348519,10.909603,38.5,4.38
T07,GL-4592,2026-03-14 18:27:00,8.349716,10.909705,14.6,3.72
T07,GL-4592,2026-03-14 18:28:00,8.350469,10.909579,31.2,3.67
T07,GL-4592,2026-03-14 18:29:00,8.351162,10.909551,43.6,3.73
T07,GL-4592,2026-03-14 18:30:00,8.35123,10.909176,48.0,4.31
T07,GL-4592,2026-03-14 18:31:00,8.352275,10.90918,49.5,3.51
T07,GL-4592,2026-03-14 18:32:00,8.352668,10.909144,31.9,4.92
T07,GL-4592,2026-03-14 18:33:00,8.353546,10.908943,15.5,3.6
T07,GL-4592,2026-03-14 18:34:00,8.353848,10.908864,55.6,2.8
T07,GL-4592,2026-03-14 18:35:00,8.35431,10.908725,27.8,4.92
T07,GL-4592,2026-03-14 18:36:00,8.354556,10.908079,18.1,4.21
T07,GL-4592,2026-03-14 18:37:00,8.354889,10.90888,17.0,0.77
T07,GL-4592,2026-03-14 18:38:00,8.355194,10.908714,26.5,0.05
T07,GL-4592,2026-03-14 18:39:00,8.354599,10.90829,20.1,0.45
T07,GL-4592,2026-03-14 18:40:00,8.354977,10.908419,15.6,0.42
T07,GL-4592,2026-03-14 18:41:00,8.354497,10.908232,24.6,0.15
T07,GL-4592,2026-03-14 18:42:00,8.3548,10.908201,55.8,0.63
T07,GL-4592,2026-03-14 18:43:00,8.354632,10.908369,49.2,0.26
T07,GL-4592,2026-03-14 18:44:00,8.354811,10.908301,36.8,0.8
T07,GL-4592,2026-03-14 18:45:00,8.354862,10.908387,50.6,0.49
T07,GL-4592,2026-03-14 18:46:00,8.355059,10.908369,52.9,0.32
T07,GL-4592,2026-03-14 18:47:00,8.354725,10.908507,41.8,0.69
T07,GL-4592,2026-03-14 18:48:00,8.354452,10.908219,19.5,0.61
T07,GL-4592,2026-03-14 18:49:00,8.354397,10.908295,51.2,0.25
T07,GL-4592,2026-03-14 18:50:00,8.355083,10.908474,48.4,0.66
T07,GL-4592,2026-03-14 18:51:00,8.35455,10.908817,53.2,0.88
T07,GL-4592,2026-03-14 18:52:00,8.354851,10.908791,24.2,0.65
T07,GL-4592,2026-03-14 18:53:00,8.354989,10.908414,42.5,0.24
T07,GL-4592,2026-03-14 18:54:00,8.354816,10.908116,55.4,0.67
T07,GL-4592,2026-03-14 18:55:00,8.35446,10.908283,52.1,0.74
T07,GL-4592,2026-03-14 18:56:00,8.354646,10.908732,24.6,0.14
T07,GL-4592,2026-03-14 18:57:00,8.354345,10.908805,42.9,0.62
T07,GL-4592,2026-03-14 18:58:00,8.354919,10.908524,35.1,0.72
T07,GL-4592,2026-03-14 18:59:00,8.355,10.908511,19.7,0.15
T07,GL-4592,2026-03-14 19:00:00,8.355137,10.90846,20.5,0.17
T07,GL-4592,2026-03-14 19:01:00,8.35483,10.908242,48.4,0.17
T07,GL-4592,2026-03-14 19:02:00,8.354621,10.908469,15.3,0.25
T07,GL-4592,2026-03-14 19:03:00,8.354856,10.908422,26.6,0.83
T07,GL-4592,2026-03-14 19:04:00,8.355019,10.908317,31.0,0.3
T07,GL-4592,2026-03-14 19:05:00,8.355096,10.908699,41.8,0.89
T07,GL-4592,2026-03-14 19:06:00,8.35441,10.908185,20.0,2.97
T07,GL-4592,2026-03-14 19:07:00,8.353296,10.908694,47.3,4.7
T07,GL-4592,2026-03-14 19:08:00,8.352893,10.909454,28.2,4.0
T07,GL-4592,2026-03-14 19:09:00,8.352451,10.90939,50.0,5.56
T07,GL-4592,2026-03-14 19:10:00,8.352235,10.909083,44.4,5.3
T07,GL-4592,2026-03-14 19:11:00,8.351283,10.909674,21.1,3.95
T07,GL-4592,2026-03-14 19:12:00,8.350826,10.90991,15.8,4.96
T07,GL-4592,2026-03-14 19:13:00,8.350323,10.909924,35.4,3.15
T07,GL-4592,2026-03-14 19:14:00,8.349815,10.910624,31.1,5.18
T07,GL-4592,2026-03-14 19:15:00,8.348891,10.910562,35.6,4.25
T07,GL-4592,2026-03-14 19:16:00,8.348501,10.910571,47.5,3.81
T07,GL-4592,2026-03-14 19:17:00,8.34761,10.910618,29.0,3.61
T07,GL-4592,2026-03-14 19:18:00,8.346922,10.910559,55.3,3.49
T07,GL-4592,2026-03-14 19:19:00,8.346734,10.911493,15.0,5.26
T07,GL-4592,2026-03-14 19:20:00,8.346642,10.911262,22.4,4.37
T07,GL-4592,2026-03-14 19:21:00,8.345913,10.911221,34.6,5.28
T07,GL-4592,2026-03-14 19:22:00,8.345314,10.911701,20.4,5.17
T07,GL-4592,2026-03-14 19:23:00,8.34456,10.912056,21.2,3.56
T07,GL-4592,2026-03-14 19:24:00,8.344007,10.911653,26.1,4.44
T07,GL-4592,2026-03-14 19:25:00,8.343262,10.912323,17.9,4.9
T07,GL-4592,2026-03-14 19:26:00,8.34298,10.912596,16.9,3.95
T07,GL-4592,2026-03-14 19:27:00,8.342337,10.912738,35.8,4.97
T07,GL-4592,2026-03-14 19:28:00,8.341527,10.913143,36.5,5.24
T07,GL-4592,2026-03-14 19:29:00,8.341225,10.913008,27.0,4.64
T07,GL-4592,2026-03-14 19:30:00,8.340323,10.913247,47.7,3.75
T07,GL-4592,2026-03-14 19:31:00,8.340326,10.913211,53.0,3.81
T07,GL-4592,2026-03-14 19:32:00,8.339648,10.913422,24.7,4.69
T07,GL-4592,2026-03-14 19:33:00,8.338765,10.913453,32.9,4.72
T07,GL-4592,2026-03-14 19:34:00,8.338671,10.913489,29.6,3.65
T07,GL-4592,2026-03-14 19:35:00,8.337819,10.913939,14.1,3.54
T07,GL-4592,2026-03-14 19:36:00,8.33732,10.913991,24.7,4.25
T07,GL-4592,2026-03-14 19:37:00,8.337035,10.914734,14.3,5.04
T07,GL-4592,2026-03-14 19:38:00,8.335695,10.914449,19.3,3.63
T07,GL-4592,2026-03-14 19:39:00,8.335646,10.914717,54.2,5.29
T07,GL-4592,2026-03-14 19:40:00,8.334989,10.914841,15.8,4.36
T07,GL-4592,2026-03-14 19:41:00,8.334153,10.915227,15.7,2.87
T07,GL-4592,2026-03-14 19:42:00,8.334066,10.915347,14.7,4.46
T07,GL-4592,2026-03-14 19:43:00,8.333266,10.91564,38.0,3.23
T07,GL-4592,2026-03-14 19:44:00,8.332893,10.916019,45.0,4.59
T07,GL-4592,2026-03-14 19:45:00,8.332065,10.916061,14.3,4.47
T07,GL-4592,2026-03-14 19:46:00,8.331686,10.915912,32.2,3.72
T07,GL-4592,2026-03-14 19:47:00,8.331192,10.91641,18.4,4.61
T07,GL-4592,2026-03-14 19:48:00,8.330679,10.916603,15.8,4.81
T07,GL-4592,2026-03-14 19:49:00,8.329718,10.916985,18.0,4.41
T07,GL-4592,2026-03-14 19:50:00,8.329749,10.917065,55.1,3.51
T07,GL-4592,2026-03-14 19:51:00,8.328948,10.917267,15.3,2.91
T07,GL-4592,2026-03-14 19:52:00,8.328064,10.917219,19.5,4.43
T07,GL-4592,2026-03-14 19:53:00,8.32816,10.917886,17.1,4.82
T07,GL-4592,2026-03-14 19:54:00,8.327222,10.918165,38.8,4.47
T07,GL-4592,2026-03-14 19:55:00,8.326255,10.91799,39.3,2.95
T07,GL-4592,2026-03-14 19:56:00,8.326163,10.91797,19.8,3.62
T07,GL-4592,2026-03-14 19:57:00,8.325388,10.918307,53.8,5.44
T07,GL-4592,2026-03-14 19:58:00,8.324865,10.918386,29.0,4.5
T07,GL-4592,2026-03-14 19:59:00,8.324268,10.918591,23.9,4.69
T07,GL-4592,2026-03-14 20:00:00,8.323493,10.918812,33.8,3.83
T07,GL-4592,2026-03-14 20:01:00,8.323225,10.918817,51.8,4.65
T07,GL-4592,2026-03-14 20:02:00,8.322732,10.919047,55.0,3.44
T07,GL-4592,2026-03-14 20:03:00,8.321893,10.919079,31.9,4.7
T07,GL-4592,2026-03-14 20:04:00,8.321615,10.919633,46.5,4.42
T07,GL-4592,2026-03-14 20:05:00,8.321349,10.919787,25.5,3.33
T07,GL-4592,2026-03-14 20:06:00,8.320469,10.920154,28.1,5.18
T07,GL-4592,2026-03-14 20:07:00,8.32006,10.919637,25.3,2.99
T07,GL-4592,2026-03-14 20:08:00,8.319517,10.920341,14.8,5.09
T07,GL-4592,2026-03-14 20:09:00,8.318943,10.920538,20.8,3.46
T07,GL-4592,2026-03-14 20:10:00,8.318101,10.920243,14.2,5.29
T07,GL-4592,2026-03-14 20:11:00,8.317498,10.920808,28.8,5.05
T07,GL-4592,2026-03-14 20:12:00,8.317022,10.9207,35.3,4.73
T07,GL-4592,2026-03-14 20:13:00,8.316908,10.921046,43.0,4.03
T07,GL-4592,2026-03-14 20:14:00,8.316423,10.921224,24.1,4.34
T07,GL-4592,2026-03-14 20:15:00,8.315491,10.921435,42.1,4.56
T07,GL-4592,2026-03-14 20:16:00,8.315098,10.921503,35.5,4.26
T07,GL-4592,2026-03-14 20:17:00,8.314539,10.922146,48.8,3.05
T07,GL-4592,2026-03-14 20:18:00,8.314371,10.921901,25.9,4.91
T07,GL-4592,2026-03-14 20:19:00,8.312882,10.921959,33.0,3.12
T07,GL-4592,2026-03-14 20:20:00,8.312516,10.922183,16.5,4.93
T07,GL-4592,2026-03-14 20:21:00,8.311793,10.922464,46.0,3.96
T07,GL-4592,2026-03-14 20:22:00,8.311803,10.922586,31.3,5.0
T07,GL-4592,2026-03-14 20:23:00,8.311197,10.923165,41.0,3.31
T07,GL-4592,2026-03-14 20:24:00,8.310067,10.92369,55.4,4.12
T07,GL-4592,2026-03-14 20:25:00,8.309916,10.923488,32.6,5.04
T07,GL-4592,2026-03-14 20:26:00,8.309528,10.923555,55.0,3.01
T07,GL-4592,2026-03-14 20:27:00,8.308532,10.923785,51.4,4.87
T07,GL-4592,2026-03-14 20:28:00,8.308563,10.924181,44.5,4.04
T07,GL-4592,2026-03-14 20:29:00,8.307593,10.924373,39.9,4.48
T07,GL-4592,2026-03-14 20:30:00,8.307103,10.92418,29.8,3.08
T07,GL-4592,2026-03-14 20:31:00,8.306363,10.924404,20.6,4.98
T07,GL-4592,2026-03-14 20:32:00,8.306362,10.924585,36.3,3.41
T07,GL-4592,2026-03-14 20:33:00,8.305286,10.924804,29.6,5.46
T07,GL-4592,2026-03-14 20:34:00,8.304639,10.925248,34.2,4.26
T07,GL-4592,2026-03-14 20:35:00,8.304447,10.925009,16.8,4.46
T07,GL-4592,2026-03-14 20:36:00,8.303387,10.924948,40.8,3.79
T07,GL-4592,2026-03-14 20:37:00,8.303353,10.925887,15.1,3.9
T07,GL-4592,2026-03-14 20:38:00,8.302685,10.925844,29.1,4.5
T07,GL-4592,2026-03-14 20:39:00,8.302213,10.925655,21.8,3.22
T07,GL-4592,2026-03-14 20:40:00,8.301564,10.925955,20.3,3.49
T07,GL-4592,2026-03-14 20:41:00,8.300655,10.926261,20.5,5.47
T07,GL-4592,2026-03-14 20:42:00,8.300351,10.926499,42.7,4.6
T07,GL-4592,2026-03-14 20:43:00,8.299453,10.926885,21.8,5.5
T07,GL-4592,2026-03-14 20:44:00,8.29939,10.926705,44.4,2.92
T07,GL-4592,2026-03-14 20:45:00,8.298622,10.926818,16.8,5.48
T07,GL-4592,2026-03-14 20:46:00,8.298316,10.927427,46.4,3.34
T07,GL-4592,2026-03-14 20:47:00,8.297794,10.927092,45.0,2.97
T07,GL-4592,2026-03-14 20:48:00,8.297059,10.928116,44.9,3.16
T07,GL-4592,2026-03-14 20:49:00,8.296299,10.928108,17.1,3.78
T07,GL-4592,2026-03-14 20:50:00,8.295608,10.928199,55.2,3.84
T07,GL-4592,2026-03-14 20:51:00,8.295278,10.928543,42.4,5.51
T07,GL-4592,2026-03-14 20:52:00,8.29447,10.92789,14.1,3.22
T07,GL-4592,2026-03-14 20:53:00,8.294044,10.928189,28.8,4.25
T07,GL-4592,2026-03-14 20:54:00,8.293305,10.928987,15.7,4.38
T07,GL-4592,2026-03-14 20:55:00,8.292874,10.928827,41.6,4.48
T07,GL-4592,2026-03-14 20:56:00,8.292089,10.928928,35.8,4.68
T07,GL-4592,2026-03-14 20:57:00,8.29174,10.929382,57.2,5.12
T07,GL-4592,2026-03-14 20:58:00,8.291263,10.929683,57.5,3.98
T07,GL-4592,2026-03-14 20:59:00,8.290696,10.928992,18.6,3.89
T07,GL-4592,2026-03-14 21:00:00,8.289998,10.929718,14.8,5.38
T07,GL-4592,2026-03-14 21:01:00,8.289836,10.929817,14.0,3.61
T07,GL-4592,2026-03-14 21:02:00,8.288684,10.929899,37.2,4.96
T07,GL-4592,2026-03-14 21:03:00,8.288664,10.930424,18.3,3.34
T07,GL-4592,2026-03-14 21:04:00,8.288636,10.930711,46.3,3.27
T07,GL-4592,2026-03-14 21:05:00,8.491334,10.93091,36.2,204.27
T07,GL-4592,2026-03-14 21:06:00,8.286919,10.930997,15.1,5.12
T07,GL-4592,2026-03-14 21:07:00,8.286293,10.931213,25.2,4.65
T07,GL-4592,2026-03-14 21:08:00,8.285699,10.931003,44.4,4.2
T07,GL-4592,2026-03-14 21:09:00,8.285351,10.931118,17.2,5.6
T07,GL-4592,2026-03-14 21:10:00,8.284553,10.931362,45.3,3.09
T07,GL-4592,2026-03-14 21:11:00,8.283842,10.93206,15.5,3.11
T07,GL-4592,2026-03-14 21:12:00,8.283334,10.931895,53.5,3.51
T07,GL-4592,2026-03-14 21:13:00,8.282982,10.932237,50.7,4.81
T07,GL-4592,2026-03-14 21:14:00,8.282147,10.932255,31.4,2.82
T07,GL-4592,2026-03-14 21:15:00,8.282087,10.932682,55.8,4.48
T07,GL-4592,2026-03-14 21:16:00,8.28121,10.932343,24.4,2.82
T07,GL-4592,2026-03-14 21:17:00,8.280298,10.933079,55.5,3.01
T07,GL-4592,2026-03-14 21:18:00,8.279539,10.933402,56.5,5.25
T07,GL-4592,2026-03-14 21:19:00,8.279606,10.933446,41.6,4.97
T07,GL-4592,2026-03-14 21:20:00,8.278848,10.933375,28.2,4.57
T07,GL-4592,2026-03-14 21:21:00,8.278147,10.933873,25.1,5.51
T07,GL-4592,2026-03-14 21:22:00,8.277928,10.934055,57.7,4.03
T07,GL-4592,2026-03-14 21:23:00,8.277477,10.934596,22.8,5.19
T07,GL-4592,2026-03-14 21:24:00,8.276846,10.934611,43.6,4.05
T07,GL-4592,2026-03-14 21:25:00,8.275765,10.934318,39.0,4.71
T07,GL-4592,2026-03-14 21:26:00,8.275618,10.934477,20.7,2.84
T07,GL-4592,2026-03-14 21:27:00,8.275185,10.93489,44.8,3.54
T07,GL-4592,2026-03-14 21:28:00,8.274637,10.93525,56.3,4.91
T07,GL-4592,2026-03-14 21:29:00,8.27363,10.934772,54.1,3.61
T07,GL-4592,2026-03-14 21:30:00,8.273515,10.935687,36.8,3.55
T07,GL-4592,2026-03-14 21:31:00,8.273163,10.935247,40.8,5.52
T07,GL-4592,2026-03-14 21:32:00,8.27225,10.935912,17.8,4.01
T07,GL-4592,2026-03-14 21:33:00,8.271632,10.935718,53.9,4.94
T07,GL-4592,2026-03-14 21:34:00,8.271091,10.936135,30.6,5.43
T07,GL-4592,2026-03-14 21:35:00,8.270565,10.936292,39.2,4.1
T07,GL-4592,2026-03-14 21:36:00,8.270192,10.936694,54.4,3.05
T07,GL-4592,2026-03-14 21:37:00,8.269111,10.936631,50.9,3.65
T07,GL-4592,2026-03-14 21:38:00,8.26884,10.936708,37.1,4.67
T07,GL-4592,2026-03-14 21:39:00,8.267999,10.937192,54.1,3.51
T07,GL-4592,2026-03-14 21:40:00,8.267583,10.937272,19.3,2.87
T07,GL-4592,2026-03-14 21:41:00,8.267027,10.937224,25.7,5.31
T07,GL-4592,2026-03-14 21:42:00,8.266493,10.937547,46.8,4.37
T07,GL-4592,2026-03-14 21:43:00,8.266109,10.937931,53.1,5.16
T07,GL-4592,2026-03-14 21:44:00,8.265572,10.937965,18.0,4.93
T07,GL-4592,2026-03-14 21:45:00,8.264765,10.938202,,5.28
T07,GL-4592,2026-03-14 21:46:00,8.264416,10.93827,21.1,4.43
T07,GL-4592,2026-03-14 21:47:00,8.2634,10.938613,17.0,3.46
T07,GL-4592,2026-03-14 21:48:00,8.262867,10.938332,47.7,3.51
T07,GL-4592,2026-03-14 21:49:00,8.263154,10.938967,26.1,4.48
T07,GL-4592,2026-03-14 21:50:00,8.262417,10.93885,44.8,4.17
T07,GL-4592,2026-03-14 21:51:00,8.261508,10.939127,49.1,5.08
T07,GL-4592,2026-03-14 21:52:00,8.261195,10.939705,18.9,3.73
T07,GL-4592,2026-03-14 21:53:00,8.26029,10.939311,27.4,5.2
T07,GL-4592,2026-03-14 21:54:00,8.259748,10.93941,20.4,2.89
T07,GL-4592,2026-03-14 21:55:00,8.25931,10.940048,18.5,5.41
T07,GL-4592,2026-03-14 21:56:00,8.258797,10.939941,45.2,4.26
T07,GL-4592,2026-03-14 21:57:00,8.258036,10.940027,34.0,2.85
T07,GL-4592,2026-03-14 21:58:00,8.257335,10.940244,27.1,5.51
T07,GL-4592,2026-03-14 21:59:00,8.09729,10.940578,31.0,184.46
T07,GL-4592,2026-03-14 22:00:00,8.256839,10.940698,14.1,4.69
T07,GL-4592,2026-03-14 22:01:00,8.255755,10.941312,41.7,2.87
T07,GL-4592,2026-03-14 22:02:00,8.255373,10.941256,34.1,3.47
T07,GL-4592,2026-03-14 22:03:00,8.255082,10.941694,56.0,3.38
T07,GL-4592,2026-03-14 22:04:00,8.253766,10.941984,33.6,2.9
T07,GL-4592,2026-03-14 22:05:00,8.253855,10.94174,43.2,4.59
T07,GL-4592,2026-03-14 22:06:00,8.253229,10.942026,18.7,5.32
T07,GL-4592,2026-03-14 22:07:00,8.252695,10.942407,26.9,4.78
T07,GL-4592,2026-03-14 22:08:00,8.251806,10.942307,19.2,4.14
T07,GL-4592,2026-03-14 22:09:00,8.251506,10.942364,,3.28
T07,GL-4592,2026-03-14 22:10:00,8.250927,10.942924,41.8,3.53
T07,GL-4592,2026-03-14 22:11:00,8.42365,10.943096,42.3,360.3
T07,GL-4592,2026-03-14 22:12:00,8.249742,10.94331,29.6,5.35
T07,GL-4592,2026-03-14 22:13:00,8.249554,10.942983,17.8,3.84
T07,GL-4592,2026-03-14 22:14:00,8.248488,10.943613,55.4,3.47
T07,GL-4592,2026-03-14 22:15:00,8.247766,10.943759,47.7,4.03
T07,GL-4592,2026-03-14 22:16:00,8.247679,10.943931,28.7,5.58
T07,GL-4592,2026-03-14 22:17:00,8.246918,10.944436,48.2,4.5
T07,GL-4592,2026-03-14 22:18:00,8.246792,10.943961,37.8,4.64
T07,GL-4592,2026-03-14 22:19:00,8.246014,10.944373,25.8,4.26
T07,GL-4592,2026-03-14 22:20:00,8.245235,10.944536,28.0,3.07
T07,GL-4592,2026-03-14 22:21:00,8.244808,10.94456,,4.88
T07,GL-4592,2026-03-14 22:22:00,8.243677,10.944962,34.1,5.11
T07,GL-4592,2026-03-14 22:23:00,8.243639,10.945624,29.3,3.16
T07,GL-4592,2026-03-14 22:24:00,8.243183,10.945263,17.6,4.11
T07,GL-4592,2026-03-14 22:25:00,8.242327,10.945782,53.0,4.82
T07,GL-4592,2026-03-14 22:26:00,8.242126,10.945802,45.1,3.76
T07,GL-4592,2026-03-14 22:27:00,8.241097,10.945434,16.9,4.27
T07,GL-4592,2026-03-14 22:28:00,8.240543,10.94578,49.7,5.18
T07,GL-4592,2026-03-14 22:29:00,8.240043,10.946117,23.1,4.39
T07,GL-4592,2026-03-14 22:30:00,8.239722,10.946493,16.9,3.99
T07,GL-4592,2026-03-14 22:31:00,8.23938,10.946732,50.6,4.52
T07,GL-4592,2026-03-14 22:32:00,8.238576,10.946919,20.1,3.53
T07,GL-4592,2026-03-14 22:33:00,8.238074,10.946758,14.6,4.83
T07,GL-4592,2026-03-14 22:34:00,8.237302,10.946933,55.2,4.63
T07,GL-4592,2026-03-14 22:35:00,8.23666,10.946932,24.7,3.36
T07,GL-4592,2026-03-14 22:36:00,8.235939,10.947242,37.0,4.87
T07,GL-4592,2026-03-14 22:37:00,8.23571,10.947673,,4.01
T07,GL-4592,2026-03-14 22:38:00,8.235202,10.948177,22.3,4.04
T07,GL-4592,2026-03-14 22:39:00,8.234484,10.94789,46.2,4.75
T07,GL-4592,2026-03-14 22:40:00,8.234013,10.947944,18.7,5.51
T07,GL-4592,2026-03-14 22:41:00,8.233342,10.948346,20.8,5.47
T07,GL-4592,2026-03-14 22:42:00,8.232921,10.949042,28.7,3.54
T07,GL-4592,2026-03-14 22:43:00,8.232106,10.948825,26.7,4.56
T07,GL-4592,2026-03-14 22:44:00,8.232025,10.948918,43.5,3.14
T07,GL-4592,2026-03-14 22:45:00,8.231754,10.949393,44.7,3.36
T07,GL-4592,2026-03-14 22:46:00,8.230624,10.949286,36.1,4.23
T07,GL-4592,2026-03-14 22:47:00,8.230223,10.949626,28.7,3.82
T07,GL-4592,2026-03-14 22:48:00,8.229628,10.949327,30.0,3.75
T07,GL-4592,2026-03-14 22:49:00,8.229121,10.950133,53.7,3.33
T07,GL-4592,2026-03-14 22:50:00,8.228446,10.950106,31.2,5.38
T07,GL-4592,2026-03-14 22:51:00,8.227631,10.950358,44.7,3.54
T07,GL-4592,2026-03-14 22:52:00,8.227383,10.950894,14.4,5.07
T07,GL-4592,2026-03-14 22:53:00,8.226081,10.950416,44.1,5.56
T07,GL-4592,2026-03-14 22:54:00,8.225975,10.951021,54.7,4.66
T07,GL-4592,2026-03-14 22:55:00,8.22532,10.950739,25.9,3.17
T07,GL-4592,2026-03-14 22:56:00,8.224808,10.951228,28.6,5.2
T07,GL-4592,2026-03-14 22:57:00,8.224308,10.951301,47.3,3.79
T07,GL-4592,2026-03-14 22:58:00,8.224339,10.951309,18.8,3.77
T07,GL-4592,2026-03-14 22:59:00,8.223568,10.951668,38.7,3.2
T07,GL-4592,2026-03-14 23:00:00,8.222698,10.951725,39.4,3.81
T07,GL-4592,2026-03-14 23:01:00,8.222273,10.952068,21.3,2.92
T07,GL-4592,2026-03-14 23:02:00,8.221876,10.95253,23.7,3.81
T07,GL-4592,2026-03-14 23:03:00,8.221189,10.952507,44.2,4.46
T07,GL-4592,2026-03-14 23:04:00,8.220581,10.952707,48.6,4.29
T07,GL-4592,2026-03-14 23:05:00,8.219774,10.952479,44.4,3.19
T07,GL-4592,2026-03-14 23:06:00,8.219514,10.953358,30.4,3.93
T07,GL-4592,2026-03-14 23:07:00,8.218932,10.953489,34.0,3.76
T07,GL-4592,2026-03-14 23:08:00,8.218379,10.953691,41.8,2.84
T07,GL-4592,2026-03-14 23:09:00,8.217646,10.953793,26.0,3.0
T07,GL-4592,2026-03-14 23:10:00,8.217063,10.954114,23.5,5.51
T07,GL-4592,2026-03-14 23:11:00,8.216554,10.95406,14.1,4.71
T07,GL-4592,2026-03-14 23:12:00,8.216279,10.953892,17.8,5.38
T07,GL-4592,2026-03-14 23:13:00,8.215546,10.95467,51.8,4.33
T07,GL-4592,2026-03-14 23:14:00,8.215209,10.954531,,5.11
T07,GL-4592,2026-03-14 23:15:00,8.21444,10.954592,57.8,2.85
T07,GL-4592,2026-03-14 23:16:00,8.213746,10.954841,52.9,3.94
T07,GL-4592,2026-03-14 23:17:00,8.212952,10.955156,54.6,4.2
T07,GL-4592,2026-03-14 23:18:00,8.212323,10.955092,20.0,4.72
T07,GL-4592,2026-03-14 23:19:00,8.212468,10.955683,38.2,3.13
T07,GL-4592,2026-03-14 23:20:00,8.211448,10.955373,40.7,5.14
T07,GL-4592,2026-03-14 23:21:00,8.210853,10.955561,40.3,5.44
T07,GL-4592,2026-03-14 23:22:00,8.210328,10.955609,18.3,4.39
T07,GL-4592,2026-03-14 23:23:00,8.209992,10.95636,46.1,4.98
T07,GL-4592,2026-03-14 23:24:00,8.209457,10.956513,44.5,3.01
T07,GL-4592,2026-03-14 23:25:00,8.20896,10.956876,51.1,3.25
T07,GL-4592,2026-03-14 23:26:00,8.208439,10.95692,16.0,3.78
T07,GL-4592,2026-03-14 23:27:00,8.207641,10.956557,40.6,4.94
T07,GL-4592,2026-03-14 23:28:00,8.207655,10.957257,21.8,2.93
T07,GL-4592,2026-03-14 23:29:00,8.206567,10.95763,41.9,3.17
T07,GL-4592,2026-03-14 23:30:00,8.205846,10.957597,25.6,3.13
T07,GL-4592,2026-03-14 23:31:00,8.205692,10.957515,15.4,3.39
T07,GL-4592,2026-03-14 23:32:00,8.204853,10.958109,41.2,4.99
T07,GL-4592,2026-03-14 23:33:00,8.204135,10.958029,29.3,4.31
T07,GL-4592,2026-03-14 23:34:00,8.203531,10.958292,27.7,3.73
T07,GL-4592,2026-03-14 23:35:00,8.203254,10.958391,46.6,3.57
T07,GL-4592,2026-03-14 23:36:00,8.202803,10.958624,14.3,5.04
T07,GL-4592,2026-03-14 23:37:00,8.202003,10.958618,45.0,5.2
T07,GL-4592,2026-03-14 23:38:00,8.20182,10.959011,37.5,2.86
T07,GL-4592,2026-03-14 23:39:00,8.20083,10.959207,21.1,3.11
T07,GL-4592,2026-03-14 23:40:00,8.200877,10.959521,46.0,3.04
T07,GL-4592,2026-03-14 23:41:00,8.199913,10.959618,25.8,3.19
T07,GL-4592,2026-03-14 23:42:00,8.199192,10.959896,45.3,4.14
T07,GL-4592,2026-03-14 23:43:00,8.198483,10.960068,52.9,4.69
T07,GL-4592,2026-03-14 23:44:00,8.198227,10.959785,38.9,5.07
T07,GL-4592,2026-03-14 23:45:00,8.198026,10.960063,34.3,2.85
T07,GL-4592,2026-03-14 23:46:00,8.197139,10.960458,51.8,3.22
T07,GL-4592,2026-03-14 23:47:00,8.196374,10.960835,38.6,4.9
T07,GL-4592,2026-03-14 23:48:00,8.195757,10.960789,14.6,4.83
T07,GL-4592,2026-03-14 23:49:00,8.195094,10.961092,44.0,5.46
T07,GL-4592,2026-03-14 23:50:00,8.194824,10.961221,21.6,4.48
T07,GL-4592,2026-03-14 23:51:00,8.194302,10.961424,21.2,3.84
T07,GL-4592,2026-03-14 23:52:00,8.193568,10.961537,18.7,3.36
T07,GL-4592,2026-03-14 23:53:00,8.193299,10.961483,19.0,5.55
T07,GL-4592,2026-03-14 23:54:00,8.192373,10.961846,40.5,4.14
T07,GL-4592,2026-03-14 23:55:00,8.191888,10.962295,33.0,5.58
T07,GL-4592,2026-03-14 23:56:00,8.1912,10.962421,33.9,5.27
T07,GL-4592,2026-03-14 23:57:00,8.190604,10.962463,35.9,3.53
T07,GL-4592,2026-03-14 23:58:00,8.190563,10.962744,30.9,5.14
T07,GL-4592,2026-03-14 23:59:00,8.189999,10.962978,34.1,3.24
T07,GL-4592,2026-03-15 00:00:00,8.188937,10.962878,56.8,5.39
T07,GL-4592,2026-03-15 00:01:00,8.188859,10.963531,48.5,5.36
T07,GL-4592,2026-03-15 00:02:00,8.187514,10.963381,41.3,4.41
T07,GL-4592,2026-03-15 00:03:00,8.187531,10.963385,20.5,3.21
T07,GL-4592,2026-03-15 00:04:00,8.186906,10.963392,51.5,5.33
T07,GL-4592,2026-03-15 00:05:00,8.186223,10.963757,33.0,3.41
T07,GL-4592,2026-03-15 00:06:00,8.185593,10.964216,49.1,3.38
T07,GL-4592,2026-03-15 00:07:00,8.18483,10.964363,24.3,3.06
T07,GL-4592,2026-03-15 00:08:00,8.184487,10.964218,27.2,4.41
T07,GL-4592,2026-03-15 00:09:00,8.184203,10.964752,,3.12
T07,GL-4592,2026-03-15 00:10:00,8.183678,10.965056,46.5,4.32
T07,GL-4592,2026-03-15 00:11:00,8.183079,10.965346,16.8,5.51
T07,GL-4592,2026-03-15 00:12:00,8.182297,10.965319,44.7,4.61
T07,GL-4592,2026-03-15 00:13:00,8.181965,10.965422,54.2,3.36
T07,GL-4592,2026-03-15 00:14:00,8.181541,10.965576,15.8,3.95
T07,GL-4592,2026-03-15 00:15:00,8.18042,10.966024,49.3,4.12
T07,GL-4592,2026-03-15 00:16:00,8.179944,10.966139,31.2,4.45
T07,GL-4592,2026-03-15 00:17:00,8.17932,10.96637,34.9,3.94
T07,GL-4592,2026-03-15 00:18:00,8.179062,10.966473,19.3,3.32
T07,GL-4592,2026-03-15 00:19:00,8.178549,10.966268,38.6,3.69
T07,GL-4592,2026-03-15 00:20:00,8.178028,10.966539,37.6,4.56
T07,GL-4592,2026-03-15 00:21:00,8.177531,10.966683,52.1,3.11
T07,GL-4592,2026-03-15 00:22:00,8.176745,10.967291,30.4,3.01
T07,GL-4592,2026-03-15 00:23:00,8.17603,10.967392,35.5,3.17
T07,GL-4592,2026-03-15 00:24:00,8.175529,10.967431,56.2,5.4
T07,GL-4592,2026-03-15 00:25:00,8.175199,10.967775,24.6,4.91
T07,GL-4592,2026-03-15 00:26:00,8.174759,10.968098,40.0,3.97
T07,GL-4592,2026-03-15 00:27:00,8.173865,10.968313,54.4,4.48
T07,GL-4592,2026-03-15 00:28:00,8.173359,10.968244,52.9,3.83
T07,GL-4592,2026-03-15 00:29:00,8.172945,10.96873,16.2,3.08
T07,GL-4592,2026-03-15 00:30:00,8.17252,10.968308,16.7,3.45
T07,GL-4592,2026-03-15 00:31:00,8.171852,10.968758,49.7,4.29
T07,GL-4592,2026-03-15 00:32:00,8.171454,10.969622,40.9,3.77
T07,GL-4592,2026-03-15 00:33:00,8.170207,10.969417,19.6,3.78
T07,GL-4592,2026-03-15 00:34:00,8.1699,10.969296,29.2,4.98
T07,GL-4592,2026-03-15 00:35:00,8.169228,10.96961,31.3,5.1
T07,GL-4592,2026-03-15 00:36:00,8.168634,10.969725,44.4,3.2
T07,GL-4592,2026-03-15 00:37:00,8.168322,10.970286,24.4,3.69
T07,GL-4592,2026-03-15 00:38:00,8.167391,10.970584,46.2,4.64
T07,GL-4592,2026-03-15 00:39:00,8.166751,10.970454,55.2,5.52
T07,GL-4592,2026-03-15 00:40:00,8.166743,10.970386,30.6,5.43
T07,GL-4592,2026-03-15 00:41:00,8.165781,10.970779,41.4,3.16
T07,GL-4592,2026-03-15 00:42:00,8.16587,10.970473,50.7,3.47
T07,GL-4592,2026-03-15 00:43:00,8.164539,10.971046,54.0,5.44
T07,GL-4592,2026-03-15 00:44:00,8.164533,10.971266,29.0,3.64
T07,GL-4592,2026-03-15 00:45:00,8.1634,10.971234,53.1,3.31
T07,GL-4592,2026-03-15 00:46:00,8.163408,10.971977,41.4,3.52
T07,GL-4592,2026-03-15 00:47:00,8.162405,10.971621,25.2,4.66
T07,GL-4592,2026-03-15 00:48:00,8.162132,10.971811,46.7,5.29
T07,GL-4592,2026-03-15 00:49:00,8.16144,10.972368,34.1,5.36
T07,GL-4592,2026-03-15 00:50:00,8.16132,10.97285,29.6,3.2
T07,GL-4592,2026-03-15 00:51:00,8.16025,10.972794,48.8,4.67
T07,GL-4592,2026-03-15 00:52:00,8.160214,10.972517,41.7,5.29
T07,GL-4592,2026-03-15 00:53:00,8.159437,10.973239,35.0,4.54
T07,GL-4592,2026-03-15 00:54:00,8.158866,10.972989,38.1,5.25
T07,GL-4592,2026-03-15 00:55:00,8.158261,10.973524,24.5,4.48
T07,GL-4592,2026-03-15 00:56:00,8.157331,10.973446,23.9,3.57
T07,GL-4592,2026-03-15 00:57:00,8.156886,10.973254,28.9,4.26
T07,GL-4592,2026-03-15 00:58:00,8.156573,10.973801,52.1,3.06
T07,GL-4592,2026-03-15 00:59:00,8.156373,10.973875,57.9,5.17
T07,GL-4592,2026-03-15 01:00:00,8.155323,10.974197,47.5,4.99
T07,GL-4592,2026-03-15 01:01:00,8.155143,10.97426,18.5,3.51
T07,GL-4592,2026-03-15 01:02:00,8.154382,10.974902,52.6,4.01
T07,GL-4592,2026-03-15 01:03:00,8.153465,10.974801,39.7,3.25
T07,GL-4592,2026-03-15 01:04:00,8.153223,10.974599,37.9,4.05
T07,GL-4592,2026-03-15 01:05:00,8.152321,10.975005,55.5,3.06
T07,GL-4592,2026-03-15 01:06:00,8.151991,10.975843,48.7,3.06
T07,GL-4592,2026-03-15 01:07:00,8.151484,10.975826,25.2,5.02
T07,GL-4592,2026-03-15 01:08:00,8.151003,10.975847,48.5,5.21
T07,GL-4592,2026-03-15 01:09:00,8.150243,10.975728,26.8,4.78
T07,GL-4592,2026-03-15 01:10:00,8.149748,10.976027,31.5,4.76
T07,GL-4592,2026-03-15 01:11:00,8.149236,10.976321,33.3,3.26
T07,GL-4592,2026-03-15 01:12:00,8.148692,10.976801,23.2,2.82
T07,GL-4592,2026-03-15 01:13:00,8.147887,10.976574,20.6,3.88
T07,GL-4592,2026-03-15 01:14:00,8.147369,10.976544,20.5,3.65
T07,GL-4592,2026-03-15 01:15:00,8.146895,10.976735,56.1,5.25
T07,GL-4592,2026-03-15 01:16:00,8.146559,10.977205,21.3,5.33
T07,GL-4592,2026-03-15 01:17:00,8.145658,10.977013,18.6,2.98
T07,GL-4592,2026-03-15 01:18:00,8.145357,10.977375,33.2,4.57
T07,GL-4592,2026-03-15 01:19:00,8.144607,10.977965,56.2,3.26
T07,GL-4592,2026-03-15 01:20:00,8.144197,10.9781,32.1,3.41
T07,GL-4592,2026-03-15 01:21:00,8.143725,10.978246,30.5,2.85
T07,GL-4592,2026-03-15 01:22:00,8.143109,10.978664,25.6,4.75
T07,GL-4592,2026-03-15 01:23:00,8.142514,10.978659,51.9,3.7
T07,GL-4592,2026-03-15 01:24:00,8.142047,10.978932,38.1,5.5
T07,GL-4592,2026-03-15 01:25:00,8.141682,10.978663,23.5,2.9
T07,GL-4592,2026-03-15 01:26:00,8.140548,10.979137,52.8,3.75
T07,GL-4592,2026-03-15 01:27:00,8.140369,10.979253,35.5,4.66
T07,GL-4592,2026-03-15 01:28:00,8.139644,10.979123,17.6,3.99
T07,GL-4592,2026-03-15 01:29:00,8.138989,10.979137,50.8,4.54
T07,GL-4592,2026-03-15 01:30:00,8.138629,10.979414,44.6,3.57
T07,GL-4592,2026-03-15 01:31:00,8.13841,10.979961,16.9,2.98
T07,GL-4592,2026-03-15 01:32:00,8.13758,10.980313,39.0,3.51
T07,GL-4592,2026-03-15 01:33:00,8.136843,10.980381,15.0,4.74
T07,GL-4592,2026-03-15 01:34:00,8.136528,10.980445,44.7,3.97
T07,GL-4592,2026-03-15 01:35:00,8.135964,10.980454,33.2,5.2
T07,GL-4592,2026-03-15 01:36:00,8.134997,10.980728,29.2,3.56
T07,GL-4592,2026-03-15 01:37:00,8.134679,10.980985,29.9,3.51
T07,GL-4592,2026-03-15 01:38:00,8.134039,10.981227,23.7,3.84
T07,GL-4592,2026-03-15 01:39:00,8.133795,10.981359,38.7,4.45
T07,GL-4592,2026-03-15 01:40:00,8.132913,10.981673,36.4,5.59
T07,GL-4592,2026-03-15 01:41:00,8.132274,10.981851,26.8,3.99
T07,GL-4592,2026-03-15 01:42:00,8.132091,10.981768,49.4,3.7
T07,GL-4592,2026-03-15 01:43:00,8.131382,10.982261,41.6,4.26
T07,GL-4592,2026-03-15 01:44:00,8.130871,10.982162,57.0,2.87
T07,GL-4592,2026-03-15 01:45:00,8.13012,10.982534,23.6,3.23
T07,GL-4592,2026-03-15 01:46:00,8.129539,10.982834,51.6,4.09
T07,GL-4592,2026-03-15 01:47:00,8.128835,10.98248,15.6,4.43
T07,GL-4592,2026-03-15 01:48:00,8.128364,10.982895,15.5,2.99
T07,GL-4592,2026-03-15 01:49:00,8.127993,10.982895,57.2,3.76
T07,GL-4592,2026-03-15 01:50:00,8.12729,10.983319,54.6,4.09
T07,GL-4592,2026-03-15 01:51:00,8.126735,10.983366,31.5,2.84
T07,GL-4592,2026-03-15 01:52:00,8.126037,10.983484,23.9,4.5
T07,GL-4592,2026-03-15 01:53:00,8.125759,10.984219,42.3,5.49
T07,GL-4592,2026-03-15 01:54:00,8.12526,10.984118,48.0,4.93
T07,GL-4592,2026-03-15 01:55:00,8.124418,10.98438,16.3,5.26
T07,GL-4592,2026-03-15 01:56:00,8.124195,10.984567,36.8,3.56
T07,GL-4592,2026-03-15 01:57:00,8.12294,10.984574,29.6,5.27
T07,GL-4592,2026-03-15 01:58:00,8.122773,10.984918,39.8,3.53
T07,GL-4592,2026-03-15 01:59:00,8.1221,10.984863,26.7,5.49
T07,GL-4592,2026-03-15 02:00:00,8.121433,10.984988,50.6,3.34
T07,GL-4592,2026-03-15 02:01:00,8.120993,10.985495,57.1,4.26
T07,GL-4592,2026-03-15 02:02:00,8.12076,10.985607,37.0,5.01
T07,GL-4592,2026-03-15 02:03:00,8.119985,10.985568,31.8,5.21
T07,GL-4592,2026-03-15 02:04:00,8.119488,10.985697,18.2,4.81
T07,GL-4592,2026-03-15 02:05:00,8.119124,10.98603,26.8,5.01
T07,GL-4592,2026-03-15 02:06:00,8.118232,10.986306,18.3,3.89
T07,GL-4592,2026-03-15 02:07:00,8.117563,10.986675,32.6,5.31
T07,GL-4592,2026-03-15 02:08:00,8.117143,10.986558,23.0,3.12
T07,GL-4592,2026-03-15 02:09:00,8.116804,10.986803,50.2,3.44
T07,GL-4592,2026-03-15 02:10:00,8.116114,10.987056,54.1,5.07
T07,GL-4592,2026-03-15 02:11:00,8.115238,10.987416,47.1,3.38
T07,GL-4592,2026-03-15 02:12:00,8.114671,10.987921,45.0,3.31
T07,GL-4592,2026-03-15 02:13:00,8.114554,10.987544,39.6,4.43
T07,GL-4592,2026-03-15 02:14:00,8.113584,10.988,18.4,5.34
T07,GL-4592,2026-03-15 02:15:00,8.113442,10.988123,16.4,2.84
T07,GL-4592,2026-03-15 02:16:00,8.112877,10.988118,52.4,4.97
T07,GL-4592,2026-03-15 02:17:00,8.112199,10.988683,51.8,3.59
T07,GL-4592,2026-03-15 02:18:00,8.11125,10.988452,47.2,3.87
T07,GL-4592,2026-03-15 02:19:00,8.110968,10.988792,55.0,4.72
T07,GL-4592,2026-03-15 02:20:00,8.110566,10.989217,19.7,5.57
T07,GL-4592,2026-03-15 02:21:00,8.109834,10.988937,57.9,4.95
T07,GL-4592,2026-03-15 02:22:00,8.109421,10.989309,29.1,4.14
T07,GL-4592,2026-03-15 02:23:00,8.108783,10.989432,47.3,3.08
T07,GL-4592,2026-03-15 02:24:00,8.108545,10.989902,47.0,2.93
T07,GL-4592,2026-03-15 02:25:00,8.107547,10.989811,56.3,5.08
T07,GL-4592,2026-03-15 02:26:00,8.107787,10.990158,14.0,4.03
T07,GL-4592,2026-03-15 02:27:00,8.107055,10.990008,53.4,3.73
T07,GL-4592,2026-03-15 02:28:00,8.106417,10.990938,16.4,3.55
T07,GL-4592,2026-03-15 02:29:00,8.105375,10.990473,43.1,5.04
T07,GL-4592,2026-03-15 02:30:00,8.104796,10.991036,40.4,5.03
T07,GL-4592,2026-03-15 02:31:00,8.104315,10.991196,14.6,3.37
T07,GL-4592,2026-03-15 02:32:00,8.103474,10.991022,45.0,4.57
T07,GL-4592,2026-03-15 02:33:00,8.10347,10.991466,29.2,4.94
T07,GL-4592,2026-03-15 02:34:00,8.103011,10.991552,39.0,3.6
T07,GL-4592,2026-03-15 02:35:00,8.102267,10.991757,43.0,5.59
T07,GL-4592,2026-03-15 02:36:00,8.101446,10.991791,17.9,4.68
T07,GL-4592,2026-03-15 02:37:00,8.100904,10.992109,47.1,4.62
T07,GL-4592,2026-03-15 02:38:00,8.100336,10.992333,45.5,5.45
T07,GL-4592,2026-03-15 02:39:00,8.099955,10.992196,25.4,3.33
T07,GL-4592,2026-03-15 02:40:00,8.099611,10.992647,33.8,4.0
T07,GL-4592,2026-03-15 02:41:00,8.098548,10.992717,54.4,4.6
T07,GL-4592,2026-03-15 02:42:00,8.098724,10.992677,27.0,4.48
T07,GL-4592,2026-03-15 02:43:00,8.097416,10.993167,22.8,5.26
T07,GL-4592,2026-03-15 02:44:00,8.096644,10.993837,42.6,3.49
T07,GL-4592,2026-03-15 02:45:00,8.096547,10.993448,51.4,5.1
T07,GL-4592,2026-03-15 02:46:00,8.095877,10.993797,41.1,5.56
T07,GL-4592,2026-03-15 02:47:00,8.094883,10.994121,46.6,4.56
T07,GL-4592,2026-03-15 02:48:00,8.094745,10.99392,47.4,4.76
T07,GL-4592,2026-03-15 02:49:00,8.094492,10.994305,15.5,2.93
T07,GL-4592,2026-03-15 02:50:00,8.093905,10.994308,52.8,3.22
T07,GL-4592,2026-03-15 02:51:00,8.092975,10.994566,16.2,3.74
T07,GL-4592,2026-03-15 02:52:00,8.092464,10.995118,50.1,3.86
T07,GL-4592,2026-03-15 02:53:00,8.092009,10.994853,,3.01
T07,GL-4592,2026-03-15 02:54:00,8.091485,10.995061,47.9,5.39
T07,GL-4592,2026-03-15 02:55:00,8.090818,10.995613,52.6,4.3
T07,GL-4592,2026-03-15 02:56:00,8.090266,10.995921,41.9,3.57
T07,GL-4592,2026-03-15 02:57:00,8.089712,10.995616,17.0,4.15
T07,GL-4592,2026-03-15 02:58:00,8.089174,10.996178,54.2,5.53
T07,GL-4592,2026-03-15 02:59:00,8.088733,10.996016,15.7,3.97
T07,GL-4592,2026-03-15 03:00:00,8.087974,10.996293,33.1,3.85
T07,GL-4592,2026-03-15 03:01:00,8.087344,10.996662,57.4,3.04
T07,GL-4592,2026-03-15 03:02:00,8.087205,10.99679,46.7,3.23
T07,GL-4592,2026-03-15 03:03:00,8.086129,10.997075,51.7,4.24
T07,GL-4592,2026-03-15 03:04:00,8.085847,10.997095,54.0,5.23
T07,GL-4592,2026-03-15 03:05:00,8.085021,10.997181,38.4,5.42
T07,GL-4592,2026-03-15 03:06:00,8.085096,10.997341,48.3,2.85
T07,GL-4592,2026-03-15 03:07:00,8.084257,10.99794,43.9,3.38
T07,GL-4592,2026-03-15 03:08:00,8.083889,10.997831,34.1,3.86
T07,GL-4592,2026-03-15 03:09:00,8.082846,10.997854,45.1,3.83
T07,GL-4592,2026-03-15 03:10:00,8.082414,10.998651,34.7,4.1
T07,GL-4592,2026-03-15 03:11:00,8.082126,10.998206,44.7,3.43
T07,GL-4592,2026-03-15 03:12:00,8.08154,10.998628,48.5,5.06
T07,GL-4592,2026-03-15 03:13:00,8.080415,10.998394,30.5,3.82
T07,GL-4592,2026-03-15 03:14:00,8.080064,10.998945,48.3,4.08
T07,GL-4592,2026-03-15 03:15:00,8.079773,10.998825,37.8,4.53
T07,GL-4592,2026-03-15 03:16:00,8.078963,10.999125,44.7,3.7
T07,GL-4592,2026-03-15 03:17:00,8.078418,10.999316,37.5,5.4
T07,GL-4592,2026-03-15 03:18:00,8.07762,10.999921,39.9,3.65
T07,GL-4592,2026-03-15 03:19:00,8.077462,11.000178,38.1,4.86
T07,GL-4592,2026-03-15 03:20:00,8.076588,11.000271,31.4,5.2
T07,GL-4592,2026-03-15 03:21:00,8.075913,11.000292,42.9,5.48
T07,GL-4592,2026-03-15 03:22:00,8.075374,11.000686,55.1,4.69
T07,GL-4592,2026-03-15 03:23:00,8.074875,11.000603,23.3,3.48
T07,GL-4592,2026-03-15 03:24:00,8.074965,11.00078,18.5,5.38
T07,GL-4592,2026-03-15 03:25:00,8.073934,11.00091,16.0,4.9
T07,GL-4592,2026-03-15 03:26:00,8.073694,11.000878,26.7,4.16
T07,GL-4592,2026-03-15 03:27:00,8.072875,11.001655,36.6,3.23
T07,GL-4592,2026-03-15 03:28:00,8.072034,11.001567,39.5,4.78
T07,GL-4592,2026-03-15 03:29:00,8.071599,11.001567,,3.04
T07,GL-4592,2026-03-15 03:30:00,8.071169,11.002055,19.1,3.92
T07,GL-4592,2026-03-15 03:31:00,8.070555,11.00215,22.7,4.77
T07,GL-4592,2026-03-15 03:32:00,8.070283,11.002051,38.6,5.36
T07,GL-4592,2026-03-15 03:33:00,8.069758,11.002685,49.6,3.8
T07,GL-4592,2026-03-15 03:34:00,8.069024,11.003034,42.6,3.21
T07,GL-4592,2026-03-15 03:35:00,8.068412,11.002644,36.0,3.61
T07,GL-4592,2026-03-15 03:36:00,8.06732,11.003063,26.5,4.76
T07,GL-4592,2026-03-15 03:37:00,8.067451,11.002957,50.6,3.3
T07,GL-4592,2026-03-15 03:38:00,8.066716,11.003098,20.7,5.05
T07,GL-4592,2026-03-15 03:39:00,8.065936,11.003496,47.9,4.81
T07,GL-4592,2026-03-15 03:40:00,8.06541,11.00351,18.5,3.57
T07,GL-4592,2026-03-15 03:41:00,8.065396,11.003912,28.0,4.51
T07,GL-4592,2026-03-15 03:42:00,8.06411,11.004076,46.4,3.34
T07,GL-4592,2026-03-15 03:43:00,8.063647,11.00469,28.7,5.4
T07,GL-4592,2026-03-15 03:44:00,8.063532,11.004437,47.6,2.89
T07,GL-4592,2026-03-15 03:45:00,8.06261,11.004789,44.6,3.24
T07,GL-4592,2026-03-15 03:46:00,8.061889,11.004821,35.0,4.18
T07,GL-4592,2026-03-15 03:47:00,8.061414,11.005204,52.5,3.8
T07,GL-4592,2026-03-15 03:48:00,8.061058,11.005514,23.9,3.32
T07,GL-4592,2026-03-15 03:49:00,8.060791,11.005286,39.1,3.53
T07,GL-4592,2026-03-15 03:50:00,8.060208,11.005983,27.0,3.96
T07,GL-4592,2026-03-15 03:51:00,8.059642,11.006067,36.7,2.84
T07,GL-4592,2026-03-15 03:52:00,8.058701,11.005888,36.0,4.87
T07,GL-4592,2026-03-15 03:53:00,8.057989,11.006162,35.8,3.37
T07,GL-4592,2026-03-15 03:54:00,8.057703,11.006141,23.5,4.65
T07,GL-4592,2026-03-15 03:55:00,8.057089,11.006529,33.1,4.63
T07,GL-4592,2026-03-15 03:56:00,8.056947,11.006592,38.2,4.53
T07,GL-4592,2026-03-15 03:57:00,8.055999,11.006969,15.2,4.94
T07,GL-4592,2026-03-15 03:58:00,8.055619,11.006826,25.7,2.94
T07,GL-4592,2026-03-15 03:59:00,8.054779,11.007179,19.7,3.41
T07,GL-4592,2026-03-15 04:00:00,8.054087,11.007925,55.1,5.45
T07,GL-4592,2026-03-15 04:01:00,8.053326,11.007418,52.9,2.81
T07,GL-4592,2026-03-15 04:02:00,8.05322,11.007716,55.9,3.37
T07,GL-4592,2026-03-15 04:03:00,8.052993,11.00821,28.0,3.54
T07,GL-4592,2026-03-15 04:04:00,8.052346,11.008457,41.3,3.47
T07,GL-4592,2026-03-15 04:05:00,8.051603,11.008333,46.9,4.19
T07,GL-4592,2026-03-15 04:06:00,8.051062,11.008499,32.7,3.33
T07,GL-4592,2026-03-15 04:07:00,8.05036,11.009009,42.6,3.49
T07,GL-4592,2026-03-15 04:08:00,8.04959,11.009121,49.3,5.22
T07,GL-4592,2026-03-15 04:09:00,8.04919,11.008828,53.2,3.77
T07,GL-4592,2026-03-15 04:10:00,8.048493,11.009709,,3.1
T07,GL-4592,2026-03-15 04:11:00,8.048322,11.009285,32.3,4.52
T07,GL-4592,2026-03-15 04:12:00,8.047845,11.009883,39.5,3.3
T07,GL-4592,2026-03-15 04:13:00,8.047149,11.009983,42.8,3.07
T07,GL-4592,2026-03-15 04:14:00,8.046506,11.009933,27.0,3.16
T07,GL-4592,2026-03-15 04:15:00,8.046049,11.01017,37.3,4.11
T07,GL-4592,2026-03-15 04:16:00,8.045808,11.010413,52.5,5.46
T07,GL-4592,2026-03-15 04:17:00,8.044893,11.010796,42.8,3.09
T07,GL-4592,2026-03-15 04:18:00,8.044234,11.010643,28.2,5.48
T07,GL-4592,2026-03-15 04:19:00,8.043564,11.011156,56.1,4.22
T07,GL-4592,2026-03-15 04:20:00,8.042674,11.011203,18.4,4.95
T07,GL-4592,2026-03-15 04:21:00,8.042344,11.011047,31.7,3.76
T07,GL-4592,2026-03-15 04:22:00,8.042036,11.011127,48.5,4.95
T07,GL-4592,2026-03-15 04:23:00,8.04155,11.011887,54.2,2.84
T07,GL-4592,2026-03-15 04:24:00,8.040712,11.011882,22.6,3.3
T07,GL-4592,2026-03-15 04:25:00,8.040317,11.012068,17.1,3.78
T07,GL-4592,2026-03-15 04:26:00,8.039581,11.011844,16.7,5.08
T07,GL-4592,2026-03-15 04:27:00,8.039221,11.01252,44.5,3.61
T07,GL-4592,2026-03-15 04:28:00,8.039104,11.012616,35.4,5.38
T07,GL-4592,2026-03-15 04:29:00,8.038188,11.012904,42.8,5.58
T07,GL-4592,2026-03-15 04:30:00,8.03727,11.01275,53.1,4.91
T07,GL-4592,2026-03-15 04:31:00,8.03736,11.01324,57.7,4.71
T07,GL-4592,2026-03-15 04:32:00,8.036381,11.013502,21.7,3.05
T07,GL-4592,2026-03-15 04:33:00,8.03594,11.013548,,5.07
T07,GL-4592,2026-03-15 04:34:00,8.035324,11.014053,50.0,4.42
T07,GL-4592,2026-03-15 04:35:00,8.03464,11.013735,44.7,3.65
T07,GL-4592,2026-03-15 04:36:00,8.034106,11.01407,20.5,3.14
T07,GL-4592,2026-03-15 04:37:00,8.033585,11.014347,48.2,3.46
T07,GL-4592,2026-03-15 04:38:00,8.032696,11.01431,24.2,3.77
T07,GL-4592,2026-03-15 04:39:00,8.032175,11.014516,47.5,3.43
T07,GL-4592,2026-03-15 04:40:00,8.031988,11.014507,29.2,5.22
T07,GL-4592,2026-03-15 04:41:00,8.031257,11.014901,23.7,5.07
T07,GL-4592,2026-03-15 04:42:00,8.0302,11.015582,18.3,4.99
T07,GL-4592,2026-03-15 04:43:00,8.030482,11.015229,15.9,4.91
T07,GL-4592,2026-03-15 04:44:00,8.02959,11.015787,41.8,5.49
T07,GL-4592,2026-03-15 04:45:00,8.0289,11.015499,23.0,3.9
T07,GL-4592,2026-03-15 04:46:00,8.028411,11.015944,19.8,5.22
T07,GL-4592,2026-03-15 04:47:00,8.027879,11.016337,23.1,4.3
T07,GL-4592,2026-03-15 04:48:00,8.027619,11.016174,19.7,4.82
T07,GL-4592,2026-03-15 04:49:00,8.026864,11.016273,26.9,3.69
T07,GL-4592,2026-03-15 04:50:00,8.026423,11.017071,52.4,4.13
T07,GL-4592,2026-03-15 04:51:00,8.025517,11.016893,15.4,5.13
T07,GL-4592,2026-03-15 04:52:00,8.024821,11.017116,15.9,3.31
T07,GL-4592,2026-03-15 04:53:00,8.024527,11.017404,37.7,4.43
T07,GL-4592,2026-03-15 04:54:00,8.024545,11.017421,25.5,4.44
T07,GL-4592,2026-03-15 04:55:00,8.023594,11.017547,,5.58
T07,GL-4592,2026-03-15 04:56:00,8.022899,11.01779,51.6,3.27
T07,GL-4592,2026-03-15 04:57:00,8.021647,11.018107,14.5,5.17
T07,GL-4592,2026-03-15 04:58:00,8.021933,11.018448,32.3,3.27
T07,GL-4592,2026-03-15 04:59:00,8.021737,11.018345,33.6,4.71
T07,GL-4592,2026-03-15 05:00:00,8.020466,11.018498,14.6,3.64
T07,GL-4592,2026-03-15 05:01:00,8.019904,11.018664,46.2,3.73
T07,GL-4592,2026-03-15 05:02:00,8.019645,11.01934,14.9,4.19
T07,GL-4592,2026-03-15 05:03:00,8.019104,11.019323,50.9,3.64
T07,GL-4592,2026-03-15 05:04:00,8.018202,11.019062,50.7,3.47
T07,GL-4592,2026-03-15 05:05:00,8.017717,11.019584,41.6,3.92
T07,GL-4592,2026-03-15 05:06:00,8.017736,11.019771,34.8,5.03
T07,GL-4592,2026-03-15 05:07:00,8.016842,11.019497,43.2,5.5
T07,GL-4592,2026-03-15 05:08:00,8.0161,11.020175,58.0,4.44
T07,GL-4592,2026-03-15 05:09:00,8.015832,11.020442,46.3,3.58
T07,GL-4592,2026-03-15 05:10:00,8.015236,11.020428,22.8,3.92
T07,GL-4592,2026-03-15 05:11:00,8.014468,11.020582,55.1,3.27
T07,GL-4592,2026-03-15 05:12:00,8.014138,11.020921,19.2,3.35
T07,GL-4592,2026-03-15 05:13:00,8.013277,11.020786,29.8,3.55
T07,GL-4592,2026-03-15 05:14:00,8.012794,11.020942,44.2,3.08
T07,GL-4592,2026-03-15 05:15:00,8.01231,11.021765,56.3,3.52
T07,GL-4592,2026-03-15 05:16:00,8.011924,11.021192,23.2,3.74
T07,GL-4592,2026-03-15 05:17:00,8.011343,11.021836,26.4,3.9
T07,GL-4592,2026-03-15 05:18:00,8.010728,11.022012,55.3,3.29
T07,GL-4592,2026-03-15 05:19:00,8.009917,11.022021,50.4,5.35
T07,GL-4592,2026-03-15 05:20:00,8.009527,11.022373,33.6,5.46
T07,GL-4592,2026-03-15 05:21:00,8.009214,11.022422,48.9,4.56
T07,GL-4592,2026-03-15 05:22:00,8.008677,11.02307,20.8,4.46
T07,GL-4592,2026-03-15 05:23:00,8.00774,11.022079,14.6,4.83
T07,GL-4592,2026-03-15 05:24:00,8.007044,11.022836,43.8,3.25
T07,GL-4592,2026-03-15 05:25:00,8.006256,11.023411,33.6,2.93
T07,GL-4592,2026-03-15 05:26:00,8.005572,11.023813,35.4,3.28
T07,GL-4592,2026-03-15 05:27:00,8.005283,11.023542,33.4,4.87
T07,GL-4592,2026-03-15 05:28:00,8.004623,11.023722,28.6,3.3
T07,GL-4592,2026-03-15 05:29:00,8.004201,11.023818,45.3,3.88
T07,GL-4592,2026-03-15 05:30:00,8.003913,11.024407,22.1,3.43
T07,GL-4592,2026-03-15 05:31:00,8.003296,11.024752,57.7,5.17
T07,GL-4592,2026-03-15 05:32:00,8.00261,11.024448,56.7,5.56
T07,GL-4592,2026-03-15 05:33:00,8.00214,11.024594,43.7,4.01
T07,GL-4592,2026-03-15 05:34:00,8.001233,11.02455,27.2,3.8
T07,GL-4592,2026-03-15 05:35:00,8.001422,11.025123,49.0,4.5
T07,GL-4592,2026-03-15 05:36:00,8.000383,11.025192,39.8,4.62
T07,GL-4592,2026-03-15 05:37:00,7.999858,11.025619,21.6,4.28
T07,GL-4592,2026-03-15 05:38:00,7.999019,11.025495,16.6,3.35
T07,GL-4592,2026-03-15 05:39:00,7.998698,11.025749,48.6,4.81
T07,GL-4592,2026-03-15 05:40:00,7.997983,11.026199,38.5,3.35
T07,GL-4592,2026-03-15 05:41:00,7.997517,11.026141,34.9,3.52
T07,GL-4592,2026-03-15 05:42:00,7.996382,11.026166,43.4,2.96
T07,GL-4592,2026-03-15 05:43:00,7.996373,11.02638,38.1,3.78
T07,GL-4592,2026-03-15 05:44:00,7.995629,11.026684,42.9,3.15
T07,GL-4592,2026-03-15 05:45:00,7.995452,11.026984,29.0,4.19
T07,GL-4592,2026-03-15 05:46:00,7.994599,11.02698,,4.12
T07,GL-4592,2026-03-15 05:47:00,7.99417,11.02733,50.8,2.8
T07,GL-4592,2026-03-15 05:48:00,7.993835,11.027693,,2.81
T07,GL-4592,2026-03-15 05:49:00,7.993233,11.027788,45.5,2.87
T07,GL-4592,2026-03-15 05:50:00,7.992272,11.027586,28.0,3.03
T07,GL-4592,2026-03-15 05:51:00,7.991604,11.027703,44.1,3.06
T07,GL-4592,2026-03-15 05:52:00,7.991533,11.027881,46.7,3.45
T07,GL-4592,2026-03-15 05:53:00,7.991243,11.027967,48.1,4.97
T07,GL-4592,2026-03-15 05:54:00,7.990755,11.028531,36.3,3.66
T07,GL-4592,2026-03-15 05:55:00,7.989789,11.028503,32.9,4.99
T07,GL-4592,2026-03-15 05:56:00,7.989303,11.028761,41.6,3.67
T07,GL-4592,2026-03-15 05:57:00,7.988537,11.02945,17.3,4.35
T07,GL-4592,2026-03-15 05:58:00,7.98805,11.028719,29.1,3.94
T07,GL-4592,2026-03-15 05:59:00,7.987162,11.029258,40.6,5.23
T07,GL-4592,2026-03-15 06:00:00,7.986862,11.029842,37.5,4.93
T07,GL-4592,2026-03-15 06:01:00,7.986226,11.029997,52.9,4.32
T07,GL-4592,2026-03-15 06:02:00,7.985702,11.030101,15.7,4.68
T07,GL-4592,2026-03-15 06:03:00,7.985312,11.030268,48.1,3.39
T07,GL-4592,2026-03-15 06:04:00,7.985106,11.030175,23.8,5.5
T07,GL-4592,2026-03-15 06:05:00,7.984245,11.030634,32.3,3.99
T07,GL-4592,2026-03-15 06:06:00,7.983264,11.030522,49.2,2.97
T07,GL-4592,2026-03-15 06:07:00,7.983176,11.030911,18.7,4.68
T07,GL-4592,2026-03-15 06:08:00,7.983219,11.031365,18.5,2.81
T07,GL-4592,2026-03-15 06:09:00,7.981928,11.030905,51.6,5.49
T07,GL-4592,2026-03-15 06:10:00,7.981289,11.03117,41.9,4.7
T07,GL-4592,2026-03-15 06:11:00,7.980836,11.031775,30.1,4.63
T07,GL-4592,2026-03-15 06:12:00,7.980559,11.031778,57.7,5.19
T07,GL-4592,2026-03-15 06:13:00,7.979875,11.03203,43.8,3.04
T07,GL-4592,2026-03-15 06:14:00,7.979149,11.03207,23.9,2.84
T07,GL-4592,2026-03-15 06:15:00,7.978514,11.032404,32.0,2.82
T07,GL-4592,2026-03-15 06:16:00,7.97801,11.032451,37.7,3.24
T07,GL-4592,2026-03-15 06:17:00,7.977374,11.032802,41.1,3.62
T07,GL-4592,2026-03-15 06:18:00,7.976918,11.032796,29.0,5.2
T07,GL-4592,2026-03-15 06:19:00,7.976137,11.033084,26.1,3.96
T07,GL-4592,2026-03-15 06:20:00,7.975941,11.033384,15.9,3.4
T07,GL-4592,2026-03-15 06:21:00,7.975154,11.033469,18.7,3.78
T07,GL-4592,2026-03-15 06:22:00,7.974672,11.033594,53.5,4.76
T07,GL-4592,2026-03-15 06:23:00,7.973931,11.033832,19.0,4.79
T07,GL-4592,2026-03-15 06:24:00,7.973355,11.034236,17.3,4.38
T07,GL-4592,2026-03-15 06:25:00,7.972982,11.034545,38.1,3.41
T07,GL-4592,2026-03-15 06:26:00,7.972399,11.033897,55.4,4.09
T07,GL-4592,2026-03-15 06:27:00,7.972223,11.034625,33.7,3.98
T07,GL-4592,2026-03-15 06:28:00,7.971311,11.034809,14.4,3.73
T07,GL-4592,2026-03-15 06:29:00,7.970951,11.035361,18.0,3.04
T07,GL-4592,2026-03-15 06:30:00,7.970046,11.035326,32.2,5.2
T07,GL-4592,2026-03-15 06:31:00,7.969612,11.035101,24.0,3.04
T07,GL-4592,2026-03-15 06:32:00,7.968996,11.035355,27.3,4.42
T07,GL-4592,2026-03-15 06:33:00,7.968632,11.035603,49.6,3.74
T07,GL-4592,2026-03-15 06:34:00,7.968051,11.03605,54.6,4.31
T07,GL-4592,2026-03-15 06:35:00,7.967274,11.03632,50.3,4.05
T07,GL-4592,2026-03-15 06:36:00,7.967111,11.035936,29.2,4.75
T07,GL-4592,2026-03-15 06:37:00,7.966252,11.036232,43.0,4.38
T07,GL-4592,2026-03-15 06:38:00,7.965691,11.037093,37.4,4.76
T07,GL-4592,2026-03-15 06:39:00,7.965352,11.036668,40.6,3.6
T07,GL-4592,2026-03-15 06:40:00,7.887888,11.037054,53.8,176.37
T07,GL-4592,2026-03-15 06:41:00,7.963674,11.036671,53.5,5.57
T07,GL-4592,2026-03-15 06:42:00,7.963514,11.037483,37.5,3.67
T07,GL-4592,2026-03-15 06:43:00,7.962779,11.037482,53.9,2.96
T07,GL-4592,2026-03-15 06:44:00,7.962423,11.037599,21.7,3.87
T07,GL-4592,2026-03-15 06:45:00,7.961381,11.038133,22.1,4.33
T07,GL-4592,2026-03-15 06:46:00,7.96111,11.037986,48.4,2.9
T07,GL-4592,2026-03-15 06:47:00,7.960615,11.03809,36.8,4.49
T07,GL-4592,2026-03-15 06:48:00,7.959714,11.038306,39.5,3.13
T07,GL-4592,2026-03-15 06:49:00,7.959551,11.038985,48.1,5.15
T07,GL-4592,2026-03-15 06:50:00,7.958956,11.0392,19.8,3.53
T07,GL-4592,2026-03-15 06:51:00,7.958363,11.039013,17.6,4.99
T07,GL-4592,2026-03-15 06:52:00,7.958027,11.039043,56.2,4.12
T07,GL-4592,2026-03-15 06:53:00,7.808507,11.039537,26.9,358.89
T07,GL-4592,2026-03-15 06:54:00,7.956328,11.039785,18.2,4.95
T07,GL-4592,2026-03-15 06:55:00,7.955731,11.039985,17.8,4.52
T07,GL-4592,2026-03-15 06:56:00,7.955838,11.039881,32.1,5.44
T07,GL-4592,2026-03-15 06:57:00,7.954962,11.04042,,4.05
T07,GL-4592,2026-03-15 06:58:00,7.954305,11.040319,55.7,4.39
T07,GL-4592,2026-03-15 06:59:00,7.953684,11.040229,42.1,3.74
T07,GL-4592,2026-03-15 07:00:00,7.953531,11.040792,25.1,5.49
T07,GL-4592,2026-03-15 07:01:00,7.952711,11.040836,45.6,5.12
T07,GL-4592,2026-03-15 07:02:00,7.952203,11.041198,24.6,4.64
T07,GL-4592,2026-03-15 07:03:00,7.951459,11.040824,56.6,5.58
T07,GL-4592,2026-03-15 07:04:00,7.951224,11.04131,49.9,5.5
T07,GL-4592,2026-03-15 07:05:00,7.950662,11.041931,,4.79
T07,GL-4592,2026-03-15 07:06:00,7.950125,11.041788,46.6,5.32
T07,GL-4592,2026-03-15 07:07:00,7.949286,11.04203,27.5,5.49
T07,GL-4592,2026-03-15 07:08:00,7.948479,11.042083,28.4,3.07
T07,GL-4592,2026-03-15 07:09:00,7.947971,11.042483,40.1,3.97
T07,GL-4592,2026-03-15 07:10:00,7.947699,11.04219,54.8,3.95
T07,GL-4592,2026-03-15 07:11:00,7.947167,11.042466,25.0,5.14
T07,GL-4592,2026-03-15 07:12:00,7.946805,11.043213,50.9,5.19
T07,GL-4592,2026-03-15 07:13:00,7.945718,11.043394,16.2,4.82
T07,GL-4592,2026-03-15 07:14:00,7.945471,11.043318,26.8,3.71
T07,GL-4592,2026-03-15 07:15:00,7.944963,11.043447,26.2,3.47
T07,GL-4592,2026-03-15 07:16:00,7.944034,11.043646,30.0,3.18
T07,GL-4592,2026-03-15 07:17:00,7.943721,11.043709,37.2,4.61
T07,GL-4592,2026-03-15 07:18:00,7.94296,11.04398,40.2,3.78
T07,GL-4592,2026-03-15 07:19:00,7.942689,11.044562,40.1,5.22
T07,GL-4592,2026-03-15 07:20:00,7.941537,11.044567,17.0,4.98
T07,GL-4592,2026-03-15 07:21:00,7.941336,11.044676,57.6,5.58
T07,GL-4592,2026-03-15 07:22:00,7.940979,11.044592,54.0,3.31
T07,GL-4592,2026-03-15 07:23:00,7.940115,11.044712,36.3,5.57
T07,GL-4592,2026-03-15 07:24:00,7.939818,11.045338,48.7,4.67
T07,GL-4592,2026-03-15 07:25:00,7.939237,11.045472,23.6,5.57
T07,GL-4592,2026-03-15 07:26:00,7.938377,11.045753,,5.4
T07,GL-4592,2026-03-15 07:27:00,7.938069,11.045961,41.3,5.37
T07,GL-4592,2026-03-15 07:28:00,7.938004,11.045843,39.1,3.23
T07,GL-4592,2026-03-15 07:29:00,7.937059,11.046037,19.0,3.15
T07,GL-4592,2026-03-15 07:30:00,7.937001,11.046142,55.9,4.87
T07,GL-4592,2026-03-15 07:31:00,7.936008,11.046492,28.6,3.85
T07,GL-4592,2026-03-15 07:32:00,7.934664,11.04682,34.8,3.07
T07,GL-4592,2026-03-15 07:33:00,7.934568,11.047016,19.4,4.88
T07,GL-4592,2026-03-15 07:34:00,7.933992,11.046845,,3.97
T07,GL-4592,2026-03-15 07:35:00,7.933835,11.04728,22.1,5.01
T07,GL-4592,2026-03-15 07:36:00,7.933446,11.047679,52.9,4.67
T07,GL-4592,2026-03-15 07:37:00,7.932127,11.047663,28.3,5.02
T07,GL-4592,2026-03-15 07:38:00,7.931807,11.046968,52.2,3.8
T07,GL-4592,2026-03-15 07:39:00,7.931333,11.048143,21.3,3.5
T07,GL-4592,2026-03-15 07:40:00,7.930842,11.048345,28.9,4.23
T07,GL-4592,2026-03-15 07:41:00,7.930045,11.048486,43.9,5.21
T07,GL-4592,2026-03-15 07:42:00,7.929788,11.048876,53.0,5.08
T07,GL-4592,2026-03-15 07:43:00,7.92904,11.048498,29.6,4.81
T07,GL-4592,2026-03-15 07:44:00,7.928566,11.049059,16.3,4.03
T07,GL-4592,2026-03-15 07:45:00,7.927921,11.049106,32.0,4.77
T07,GL-4592,2026-03-15 07:46:00,7.927522,11.049169,26.3,4.28
T07,GL-4592,2026-03-15 07:47:00,7.927039,11.048799,44.0,3.18
T07,GL-4592,2026-03-15 07:48:00,7.926181,11.04941,19.0,3.84
T07,GL-4592,2026-03-15 07:49:00,7.926045,11.049742,27.4,3.62
T07,GL-4592,2026-03-15 07:50:00,7.925246,11.049967,48.5,3.5
T07,GL-4592,2026-03-15 07:51:00,7.924618,11.050173,30.9,5.05
T07,GL-4592,2026-03-15 07:52:00,7.924234,11.050314,34.4,3.87
T07,GL-4592,2026-03-15 07:53:00,7.923197,11.050426,14.5,4.95
T07,GL-4592,2026-03-15 07:54:00,7.922875,11.050322,28.9,5.49
T07,GL-4592,2026-03-15 07:55:00,7.922168,11.050608,45.1,4.95
T07,GL-4592,2026-03-15 07:56:00,7.922212,11.051101,32.8,2.93
T07,GL-4592,2026-03-15 07:57:00,7.921218,11.051258,48.7,3.68
T07,GL-4592,2026-03-15 07:58:00,7.920923,11.051372,43.2,3.4
T07,GL-4592,2026-03-15 07:59:00,7.92036,11.051269,51.4,5.14
T07,GL-4592,2026-03-15 08:00:00,7.919421,11.051706,39.0,4.17
T07,GL-4592,2026-03-15 08:01:00,7.919151,11.05198,39.5,4.56
T07,GL-4592,2026-03-15 08:02:00,7.918749,11.05256,36.6,5.03
T07,GL-4592,2026-03-15 08:03:00,7.917805,11.052492,37.6,5.57
T07,GL-4592,2026-03-15 08:04:00,7.917201,11.052337,42.8,4.46
T07,GL-4592,2026-03-15 08:05:00,7.91691,11.052742,34.0,3.73
T07,GL-4592,2026-03-15 08:06:00,7.91613,11.052814,34.0,3.46
T07,GL-4592,2026-03-15 08:07:00,7.91556,11.053161,47.0,5.45
T07,GL-4592,2026-03-15 08:08:00,7.915487,11.053704,52.7,3.21
T07,GL-4592,2026-03-15 08:09:00,7.91456,11.053613,55.4,3.84
T07,GL-4592,2026-03-15 08:10:00,7.914073,11.053583,47.1,4.02
T07,GL-4592,2026-03-15 08:11:00,7.913284,11.054073,,3.4
T07,GL-4592,2026-03-15 08:12:00,7.912964,11.053624,43.7,3.42
T07,GL-4592,2026-03-15 08:13:00,7.912189,11.054079,27.0,3.45
T07,GL-4592,2026-03-15 08:14:00,7.911024,11.054697,37.7,4.15
T07,GL-4592,2026-03-15 08:15:00,7.911417,11.054666,29.5,2.85
T07,GL-4592,2026-03-15 08:16:00,7.910786,11.054643,30.4,2.84
T07,GL-4592,2026-03-15 08:17:00,7.909948,11.054815,43.5,3.51
T07,GL-4592,2026-03-15 08:18:00,7.909473,11.054933,55.0,5.25
T07,GL-4592,2026-03-15 08:19:00,7.909316,11.055558,35.7,3.83
T07,GL-4592,2026-03-15 08:20:00,7.908555,11.055501,32.8,2.86
T07,GL-4592,2026-03-15 08:21:00,7.907736,11.055465,22.1,4.75
T07,GL-4592,2026-03-15 08:22:00,7.906724,11.055863,25.7,5.01
T07,GL-4592,2026-03-15 08:23:00,7.906658,11.055877,15.5,3.9
T07,GL-4592,2026-03-15 08:24:00,7.905646,11.056347,34.2,3.29
T07,GL-4592,2026-03-15 08:25:00,7.905549,11.056449,20.3,3.03
T07,GL-4592,2026-03-15 08:26:00,7.904578,11.056752,,5.4
T07,GL-4592,2026-03-15 08:27:00,7.90401,11.056747,20.8,4.1
T07,GL-4592,2026-03-15 08:28:00,7.903895,11.056957,38.1,3.91
T07,GL-4592,2026-03-15 08:29:00,7.903584,11.057627,28.6,3.73
T07,GL-4592,2026-03-15 08:30:00,7.902691,11.057488,22.1,5.07
T07,GL-4592,2026-03-15 08:31:00,7.901825,11.057314,45.7,4.55
T07,GL-4592,2026-03-15 08:32:00,7.901703,11.057557,15.4,3.19
T07,GL-4592,2026-03-15 08:33:00,7.901294,11.058036,55.0,4.21
T07,GL-4592,2026-03-15 08:34:00,7.900178,11.058491,,4.01
T07,GL-4592,2026-03-15 08:35:00,7.900079,11.058429,46.0,3.22
T07,GL-4592,2026-03-15 08:36:00,7.899161,11.058515,43.8,5.45
T07,GL-4592,2026-03-15 08:37:00,7.898375,11.058479,41.1,3.0
T07,GL-4592,2026-03-15 08:38:00,7.898008,11.059024,29.6,4.33
T07,GL-4592,2026-03-15 08:39:00,7.897813,11.058719,27.8,3.29
T07,GL-4592,2026-03-15 08:40:00,7.897212,11.058534,38.9,4.41
T07,GL-4592,2026-03-15 08:41:00,7.896748,11.059035,56.8,4.93
T07,GL-4592,2026-03-15 08:42:00,7.896052,11.059991,41.8,4.13
T07,GL-4592,2026-03-15 08:43:00,7.895284,11.059841,25.2,5.39
T07,GL-4592,2026-03-15 08:44:00,7.894661,11.060241,25.9,3.86
T07,GL-4592,2026-03-15 08:45:00,7.894349,11.059926,47.5,5.46
T07,GL-4592,2026-03-15 08:46:00,7.893382,11.06025,48.1,5.01
T07,GL-4592,2026-03-15 08:47:00,7.892919,11.060527,34.4,3.82
T07,GL-4592,2026-03-15 08:48:00,7.892565,11.060697,53.8,3.81
T07,GL-4592,2026-03-15 08:49:00,7.892029,11.060738,51.0,3.28
T07,GL-4592,2026-03-15 08:50:00,7.891359,11.061163,45.6,3.9
T07,GL-4592,2026-03-15 08:51:00,7.890771,11.060994,50.2,3.28
T07,GL-4592,2026-03-15 08:52:00,7.890687,11.06137,28.5,5.16
T07,GL-4592,2026-03-15 08:53:00,7.889369,11.06153,17.2,3.46
T07,GL-4592,2026-03-15 08:54:00,7.889179,11.061882,54.1,5.39
T07,GL-4592,2026-03-15 08:55:00,7.888748,11.062172,17.8,4.9
T07,GL-4592,2026-03-15 08:56:00,7.887945,11.061947,41.6,4.34
T07,GL-4592,2026-03-15 08:57:00,7.887303,11.062225,17.2,3.67
T07,GL-4592,2026-03-15 08:58:00,7.887131,11.06261,27.1,5.41
T07,GL-4592,2026-03-15 08:59:00,7.886522,11.062424,25.1,3.37
T07,GL-4592,2026-03-15 09:00:00,7.885821,11.063135,17.9,4.67
T07,GL-4592,2026-03-15 09:01:00,7.885285,11.063001,16.5,3.79
T07,GL-4592,2026-03-15 09:02:00,7.884934,11.063186,20.0,4.53
T07,GL-4592,2026-03-15 09:03:00,7.884186,11.063322,18.0,3.17
T07,GL-4592,2026-03-15 09:04:00,7.883453,11.063282,28.6,3.15
T07,GL-4592,2026-03-15 09:05:00,7.883084,11.06371,31.4,4.96
T07,GL-4592,2026-03-15 09:06:00,7.882753,11.064222,27.1,4.48
T07,GL-4592,2026-03-15 09:07:00,7.881888,11.064169,16.9,3.19
T07,GL-4592,2026-03-15 09:08:00,7.881444,11.064665,39.2,4.23
T07,GL-4592,2026-03-15 09:09:00,7.881128,11.064554,35.8,3.78
T07,GL-4592,2026-03-15 09:10:00,7.880657,11.064652,22.6,3.75
T07,GL-4592,2026-03-15 09:11:00,7.87939,11.065038,17.3,5.42
T07,GL-4592,2026-03-15 09:12:00,7.879203,11.065381,41.0,4.11
T07,GL-4592,2026-03-15 09:13:00,7.878867,11.065245,,5.07
T07,GL-4592,2026-03-15 09:14:00,7.877824,11.065717,45.4,2.91
T07,GL-4592,2026-03-15 09:15:00,7.877702,11.065562,54.5,4.8
T07,GL-4592,2026-03-15 09:16:00,7.876943,11.065739,38.4,3.85
T07,GL-4592,2026-03-15 09:17:00,7.876471,11.065963,24.2,3.25
T07,GL-4592,2026-03-15 09:18:00,7.875912,11.066627,42.2,4.03
T07,GL-4592,2026-03-15 09:19:00,7.875274,11.066417,34.4,3.53
T07,GL-4592,2026-03-15 09:20:00,7.874333,11.066661,44.2,5.38
T07,GL-4592,2026-03-15 09:21:00,7.874054,11.066777,32.5,5.4
T07,GL-4592,2026-03-15 09:22:00,7.873505,11.066579,43.8,3.89
T07,GL-4592,2026-03-15 09:23:00,7.872757,11.067659,24.9,3.33
T07,GL-4592,2026-03-15 09:24:00,7.872453,11.067118,14.8,3.16
T07,GL-4592,2026-03-15 09:25:00,7.871933,11.067461,37.2,4.89
T07,GL-4592,2026-03-15 09:26:00,7.871496,11.067533,16.7,3.43
T07,GL-4592,2026-03-15 09:27:00,7.870673,11.067811,51.4,3.34
T07,GL-4592,2026-03-15 09:28:00,7.870081,11.068065,14.0,4.82
T07,GL-4592,2026-03-15 09:29:00,7.86984,11.068355,15.8,3.63
T07,GL-4592,2026-03-15 09:30:00,11.068651,7.868726,16.4,3.51
T07,GL-4592,2026-03-15 09:31:00,7.868572,11.06857,32.6,5.27
T07,GL-4592,2026-03-15 09:32:00,7.868334,11.068535,50.4,3.65
T07,GL-4592,2026-03-15 09:33:00,7.867627,11.069151,23.1,3.94
T07,GL-4592,2026-03-15 09:34:00,7.866655,11.068953,51.9,4.83
T07,GL-4592,2026-03-15 09:35:00,7.866099,11.069293,52.3,4.22
T07,GL-4592,2026-03-15 09:36:00,7.865392,11.069402,19.8,5.58
T07,GL-4592,2026-03-15 09:37:00,7.864477,11.069889,27.7,5.22
T07,GL-4592,2026-03-15 09:38:00,7.864851,11.069672,53.9,3.37
T07,GL-4592,2026-03-15 09:39:00,7.863812,11.070256,43.1,3.38
T07,GL-4592,2026-03-15 09:40:00,7.863385,11.070298,28.6,4.76
T07,GL-4592,2026-03-15 09:41:00,7.862696,11.070418,39.5,2.96
T07,GL-4592,2026-03-15 09:42:00,7.862145,11.070742,28.1,4.83
T07,GL-4592,2026-03-15 09:43:00,7.861352,11.070968,24.4,4.09
T07,GL-4592,2026-03-15 09:44:00,7.860958,11.071571,54.1,2.84
T07,GL-4592,2026-03-15 09:45:00,7.860644,11.071001,50.8,4.63
T07,GL-4592,2026-03-15 09:46:00,7.860228,11.07129,40.7,4.55
T07,GL-4592,2026-03-15 09:47:00,7.859442,11.071453,22.3,4.97
T07,GL-4592,2026-03-15 09:48:00,7.858533,11.071514,16.7,5.22
T07,GL-4592,2026-03-15 09:49:00,7.857953,11.071841,43.1,5.28
T07,GL-4592,2026-03-15 09:50:00,7.858364,11.071948,57.7,3.01
T07,GL-4592,2026-03-15 09:51:00,7.857301,11.072096,22.2,3.13
T07,GL-4592,2026-03-15 09:52:00,7.856341,11.072398,35.3,4.71
T07,GL-4592,2026-03-15 09:53:00,7.856084,11.072595,28.8,4.86
T07,GL-4592,2026-03-15 09:54:00,7.855703,11.072834,15.4,3.46
T07,GL-4592,2026-03-15 09:55:00,7.854933,11.072988,18.2,4.92
T07,GL-4592,2026-03-15 09:56:00,7.85432,11.073305,22.0,5.42
T07,GL-4592,2026-03-15 09:57:00,7.854484,11.072921,39.3,5.06
T07,GL-4592,2026-03-15 09:58:00,7.853027,11.073479,29.5,5.49
T07,GL-4592,2026-03-15 09:59:00,7.853016,11.073837,18.2,3.38
T07,GL-4592,2026-03-15 10:00:00,7.852221,11.073857,37.3,3.29
T07,GL-4592,2026-03-15 10:01:00,7.851942,11.074048,37.5,5.51
T07,GL-4592,2026-03-15 10:02:00,7.850805,11.074125,57.8,3.06
T07,GL-4592,2026-03-15 10:03:00,7.850263,11.074806,43.5,3.66
T07,GL-4592,2026-03-15 10:04:00,7.850059,11.074914,49.1,4.09
T07,GL-4592,2026-03-15 10:05:00,7.849156,11.074948,27.0,4.29
T07,GL-4592,2026-03-15 10:06:00,7.848665,11.074625,26.2,5.49
T07,GL-4592,2026-03-15 10:07:00,7.848216,11.075792,33.6,4.93
T07,GL-4592,2026-03-15 10:08:00,7.847514,11.075617,29.1,3.07
T07,GL-4592,2026-03-15 10:09:00,7.847304,11.0757,18.7,5.48
T07,GL-4592,2026-03-15 10:10:00,7.846443,11.075565,54.8,5.53
T07,GL-4592,2026-03-15 10:11:00,7.845825,11.075782,33.2,4.4
T07,GL-4592,2026-03-15 10:12:00,7.845187,11.076702,29.8,4.34
T07,GL-4592,2026-03-15 10:13:00,7.844854,11.07647,50.6,4.83
T07,GL-4592,2026-03-15 10:14:00,7.844484,11.076361,,4.86
T07,GL-4592,2026-03-15 10:15:00,7.843866,11.076975,42.5,5.57
T07,GL-4592,2026-03-15 10:16:00,7.843127,11.076688,37.0,4.18
T07,GL-4592,2026-03-15 10:17:00,7.842228,11.076814,17.8,3.46
T07,GL-4592,2026-03-15 10:18:00,7.842057,11.077556,50.8,4.3
T07,GL-4592,2026-03-15 10:19:00,7.841502,11.077466,32.0,4.48
T07,GL-4592,2026-03-15 10:20:00,7.840875,11.077674,55.5,4.13
T07,GL-4592,2026-03-15 10:21:00,7.840383,11.078208,44.7,3.27
T07,GL-4592,2026-03-15 10:22:00,7.839812,11.078046,16.8,2.82
T07,GL-4592,2026-03-15 10:23:00,7.839375,11.078047,14.3,5.5
T07,GL-4592,2026-03-15 10:24:00,7.838934,11.078466,31.2,4.73
T07,GL-4592,2026-03-15 10:25:00,7.838217,11.078677,37.8,2.94
T07,GL-4592,2026-03-15 10:26:00,7.837955,11.079076,46.8,4.75
T07,GL-4592,2026-03-15 10:27:00,7.837199,11.078897,32.0,3.48
T07,GL-4592,2026-03-15 10:28:00,7.836901,11.079069,33.4,4.23
T07,GL-4592,2026-03-15 10:29:00,7.835632,11.079485,44.2,4.63
T07,GL-4592,2026-03-15 10:30:00,7.835444,11.079823,30.1,4.8
T07,GL-4592,2026-03-15 10:31:00,7.834737,11.079183,35.5,2.95
T07,GL-4592,2026-03-15 10:32:00,7.83432,11.080044,15.2,3.18
T07,GL-4592,2026-03-15 10:33:00,7.833674,11.079945,18.1,3.51
T07,GL-4592,2026-03-15 10:34:00,7.83318,11.080442,34.3,4.53
T07,GL-4592,2026-03-15 10:35:00,7.832435,11.080421,37.3,4.68
T07,GL-4592,2026-03-15 10:36:00,7.832165,11.080758,42.2,4.38
T07,GL-4592,2026-03-15 10:37:00,7.831504,11.080383,42.1,4.76
T07,GL-4592,2026-03-15 10:38:00,7.830865,11.080778,34.9,2.84
T07,GL-4592,2026-03-15 10:39:00,7.830066,11.081386,28.5,5.16
T07,GL-4592,2026-03-15 10:40:00,7.829975,11.081333,50.3,5.16
T07,GL-4592,2026-03-15 10:41:00,7.829147,11.081548,38.1,4.94
T07,GL-4592,2026-03-15 10:42:00,7.82872,11.081754,27.4,4.37
T07,GL-4592,2026-03-15 10:43:00,7.827912,11.081961,50.6,4.36
T07,GL-4592,2026-03-15 10:44:00,7.827455,11.0821,46.8,2.87
T07,GL-4592,2026-03-15 10:45:00,7.826956,11.082189,43.3,3.84
T07,GL-4592,2026-03-15 10:46:00,7.826365,11.082675,39.6,4.82
T07,GL-4592,2026-03-15 10:47:00,7.825507,11.082595,14.0,4.45
T07,GL-4592,2026-03-15 10:48:00,7.82537,11.082648,20.8,4.18
T07,GL-4592,2026-03-15 10:49:00,7.824501,11.083186,34.8,4.17
T07,GL-4592,2026-03-15 10:50:00,7.824001,11.083567,51.1,3.26
T07,GL-4592,2026-03-15 10:51:00,7.823679,11.083378,29.2,5.36
T07,GL-4592,2026-03-15 10:52:00,7.823277,11.083822,52.7,3.71
T07,GL-4592,2026-03-15 10:53:00,7.822421,11.08407,17.3,4.13
T07,GL-4592,2026-03-15 10:54:00,7.822311,11.083681,18.8,4.02
T07,GL-4592,2026-03-15 10:55:00,7.821177,11.084044,38.3,5.31
T07,GL-4592,2026-03-15 10:56:00,7.820702,11.08446,,3.92
T07,GL-4592,2026-03-15 10:57:00,7.820045,11.084652,52.5,4.38
T07,GL-4592,2026-03-15 10:58:00,7.819629,11.084451,36.2,3.07
T07,GL-4592,2026-03-15 10:59:00,7.819087,11.084664,51.8,4.74
T07,GL-4592,2026-03-15 11:00:00,7.818774,11.08497,14.9,4.17
T07,GL-4592,2026-03-15 11:01:00,7.818115,11.084946,37.2,3.53
T07,GL-4592,2026-03-15 11:02:00,7.817141,11.084987,53.5,3.53
T07,GL-4592,2026-03-15 11:03:00,7.816653,11.085628,44.9,3.85
T07,GL-4592,2026-03-15 11:04:00,7.816884,11.085782,26.9,5.14
T07,GL-4592,2026-03-15 11:05:00,7.815411,11.085636,56.3,5.44
T07,GL-4592,2026-03-15 11:06:00,7.815058,11.086654,56.7,4.33
T07,GL-4592,2026-03-15 11:07:00,7.814841,11.086088,57.5,2.99
T07,GL-4592,2026-03-15 11:08:00,7.813813,11.086983,53.2,4.96
T07,GL-4592,2026-03-15 11:09:00,7.813965,11.086708,57.4,4.5
T07,GL-4592,2026-03-15 11:10:00,7.81286,11.087058,18.9,3.13
T07,GL-4592,2026-03-15 11:11:00,7.812004,11.087411,23.2,3.36
T07,GL-4592,2026-03-15 11:12:00,7.811571,11.087459,23.2,5.52
T07,GL-4592,2026-03-15 11:13:00,7.81105,11.087224,20.2,2.88
T07,GL-4592,2026-03-15 11:14:00,7.810948,11.087518,24.4,5.18
T07,GL-4592,2026-03-15 11:15:00,7.809627,11.087973,54.9,4.71
T07,GL-4592,2026-03-15 11:16:00,7.809495,11.087602,53.2,3.61
T07,GL-4592,2026-03-15 11:17:00,7.808707,11.088086,37.9,3.95
T07,GL-4592,2026-03-15 11:18:00,7.808583,11.088374,32.1,5.18
T07,GL-4592,2026-03-15 11:19:00,7.807662,11.088443,50.0,3.69
T07,GL-4592,2026-03-15 11:20:00,7.807435,11.088908,42.8,2.91
T07,GL-4592,2026-03-15 11:21:00,7.80637,11.088778,28.8,3.05
T07,GL-4592,2026-03-15 11:22:00,7.806128,11.089158,51.5,4.4
T07,GL-4592,2026-03-15 11:23:00,7.805625,11.089435,23.4,3.93
T07,GL-4592,2026-03-15 11:24:00,7.805282,11.089799,23.4,3.86
T07,GL-4592,2026-03-15 11:25:00,7.804431,11.089656,33.0,3.12
T07,GL-4592,2026-03-15 11:26:00,7.803511,11.089964,32.4,2.85
T07,GL-4592,2026-03-15 11:27:00,7.803501,11.090241,48.4,2.85
T07,GL-4592,2026-03-15 11:28:00,7.802733,11.090175,43.3,5.23
T07,GL-4592,2026-03-15 11:29:00,7.802428,11.090344,55.1,5.43
T07,GL-4592,2026-03-15 11:30:00,7.80162,11.090609,53.7,3.93
T07,GL-4592,2026-03-15 11:31:00,7.801127,11.091048,39.2,4.54
T07,GL-4592,2026-03-15 11:32:00,7.800356,11.090593,49.4,3.63
T07,GL-4592,2026-03-15 11:33:00,7.799731,11.09134,38.3,5.36
T07,GL-4592,2026-03-15 11:34:00,7.799464,11.091196,36.0,4.1
T07,GL-4592,2026-03-15 11:35:00,7.7988,11.091511,36.8,4.81
T07,GL-4592,2026-03-15 11:36:00,7.798349,11.091589,18.9,3.9
T07,GL-4592,2026-03-15 11:37:00,7.797685,11.091837,54.8,3.39
T07,GL-4592,2026-03-15 11:38:00,7.796678,11.091947,50.3,5.06
T07,GL-4592,2026-03-15 11:39:00,7.796592,11.092424,41.6,4.51
T07,GL-4592,2026-03-15 11:40:00,7.795874,11.092311,24.6,3.33
T07,GL-4592,2026-03-15 11:41:00,7.795434,11.092477,56.0,2.97
T07,GL-4592,2026-03-15 11:42:00,7.794602,11.093046,28.4,5.08
T07,GL-4592,2026-03-15 11:43:00,7.794204,11.09319,35.2,5.08
T07,GL-4592,2026-03-15 11:44:00,7.793624,11.093455,25.6,3.11
T07,GL-4592,2026-03-15 11:45:00,7.793101,11.093559,19.3,3.6
T07,GL-4592,2026-03-15 11:46:00,7.792754,11.093503,27.5,4.16
T07,GL-4592,2026-03-15 11:47:00,7.791762,11.093658,22.4,4.6
T07,GL-4592,2026-03-15 11:48:00,7.791377,11.093865,48.8,4.8
T07,GL-4592,2026-03-15 11:49:00,7.790882,11.094197,26.2,4.97
T07,GL-4592,2026-03-15 11:50:00,7.790597,11.094339,32.7,2.96
T07,GL-4592,2026-03-15 11:51:00,7.78987,11.094625,28.7,3.58
T07,GL-4592,2026-03-15 11:52:00,7.78925,11.0953,25.8,3.62
T07,GL-4592,2026-03-15 11:53:00,7.788976,11.094779,56.9,4.59
T07,GL-4592,2026-03-15 11:54:00,7.788144,11.094955,55.6,2.93
T07,GL-4592,2026-03-15 11:55:00,7.787711,11.095402,26.9,5.28
T07,GL-4592,2026-03-15 11:56:00,7.786557,11.095683,32.1,3.98
T07,GL-4592,2026-03-15 11:57:00,7.786411,11.095365,40.0,4.23
T07,GL-4592,2026-03-15 11:58:00,7.786002,11.095531,51.0,4.17
T07,GL-4592,2026-03-15 11:59:00,7.785611,11.095968,25.3,4.08
T07,GL-4592,2026-03-15 12:00:00,7.784992,11.09614,51.0,4.26
T07,GL-4592,2026-03-15 12:01:00,7.784407,11.09631,48.1,4.03
T07,GL-4592,2026-03-15 12:02:00,7.783259,11.096424,44.0,4.32
T07,GL-4592,2026-03-15 12:03:00,7.783338,11.096713,43.0,5.36
T07,GL-4592,2026-03-15 12:04:00,7.78263,11.097201,23.4,4.94
T07,GL-4592,2026-03-15 12:05:00,7.781961,11.097269,45.4,4.6
T07,GL-4592,2026-03-15 12:06:00,7.781465,11.096994,44.7,5.26
T07,GL-4592,2026-03-15 12:07:00,7.780884,11.097619,23.1,5.33
T07,GL-4592,2026-03-15 12:08:00,7.780564,11.097751,49.7,2.82
T07,GL-4592,2026-03-15 12:09:00,7.779821,11.097705,22.3,2.94
T07,GL-4592,2026-03-15 12:10:00,7.778743,11.098252,55.5,4.84
T07,GL-4592,2026-03-15 12:11:00,7.778939,11.098551,32.9,3.54
T07,GL-4592,2026-03-15 12:12:00,7.777868,11.098633,49.0,2.84
T07,GL-4592,2026-03-15 12:13:00,7.777455,11.098387,54.7,3.46
T07,GL-4592,2026-03-15 12:14:00,7.776862,11.098564,33.7,5.44
T07,GL-4592,2026-03-15 12:15:00,7.776152,11.099003,38.5,4.33
T07,GL-4592,2026-03-15 12:16:00,7.775777,11.098913,27.5,3.65
T07,GL-4592,2026-03-15 12:17:00,7.775311,11.099037,42.4,4.67
T07,GL-4592,2026-03-15 12:18:00,7.774534,11.09992,44.8,4.64
T07,GL-4592,2026-03-15 12:19:00,7.77406,11.099887,46.2,4.61
T07,GL-4592,2026-03-15 12:20:00,7.773838,11.099782,38.1,3.94
T07,GL-4592,2026-03-15 12:21:00,7.772867,11.100226,44.9,5.05
T07,GL-4592,2026-03-15 12:22:00,7.772401,11.100385,48.3,3.07
T07,GL-4592,2026-03-15 12:23:00,7.77196,11.100505,52.4,3.63
T07,GL-4592,2026-03-15 12:24:00,7.771194,11.100537,54.4,3.46
T07,GL-4592,2026-03-15 12:25:00,7.770753,11.100898,32.5,3.97
T07,GL-4592,2026-03-15 12:26:00,7.770304,11.101265,17.0,4.98
T07,GL-4592,2026-03-15 12:27:00,7.76964,11.100934,28.8,5.0
T07,GL-4592,2026-03-15 12:28:00,7.768922,11.101551,16.7,3.54
T07,GL-4592,2026-03-15 12:29:00,7.768665,11.101474,20.9,4.49
T07,GL-4592,2026-03-15 12:30:00,7.76814,11.102214,46.0,3.89
T07,GL-4592,2026-03-15 12:31:00,7.767458,11.101709,54.1,3.64
T07,GL-4592,2026-03-15 12:32:00,7.766869,11.102227,16.8,3.05
T07,GL-4592,2026-03-15 12:33:00,7.766313,11.102146,20.5,3.13
T07,GL-4592,2026-03-15 12:34:00,7.765381,11.102364,18.9,5.15
T07,GL-4592,2026-03-15 12:35:00,7.765405,11.102845,53.1,4.72
T07,GL-4592,2026-03-15 12:36:00,7.764501,11.10282,55.1,4.68
T07,GL-4592,2026-03-15 12:37:00,7.763873,11.102687,56.4,4.89
T07,GL-4592,2026-03-15 12:38:00,7.763767,11.103224,56.5,5.28
T07,GL-4592,2026-03-15 12:39:00,7.76309,11.103495,45.9,4.97
T07,GL-4592,2026-03-15 12:40:00,7.762165,11.103767,15.1,3.38
T07,GL-4592,2026-03-15 12:41:00,7.761706,11.103429,41.5,5.4
T07,GL-4592,2026-03-15 12:42:00,7.761443,11.103895,50.0,4.48
T07,GL-4592,2026-03-15 12:43:00,7.760649,11.103979,17.2,4.69
T07,GL-4592,2026-03-15 12:44:00,7.760518,11.104559,33.8,3.97
T07,GL-4592,2026-03-15 12:45:00,7.759573,11.104493,43.8,4.83
T07,GL-4592,2026-03-15 12:46:00,7.75866,11.104961,18.0,5.04
T07,GL-4592,2026-03-15 12:47:00,7.758213,11.10456,46.7,3.05
T07,GL-4592,2026-03-15 12:48:00,7.757513,11.105076,41.7,5.55
T07,GL-4592,2026-03-15 12:49:00,7.757513,11.10552,42.6,4.97
T07,GL-4592,2026-03-15 12:50:00,7.756734,11.105541,38.1,2.9
T07,GL-4592,2026-03-15 12:51:00,7.755926,11.105567,46.3,3.4
T07,GL-4592,2026-03-15 12:52:00,7.755354,11.105761,57.4,5.19
T07,GL-4592,2026-03-15 12:53:00,7.755154,11.106174,29.9,3.18
T07,GL-4592,2026-03-15 12:54:00,7.754705,11.105673,43.3,4.58
T07,GL-4592,2026-03-15 12:55:00,7.753881,11.10615,23.8,4.17
T07,GL-4592,2026-03-15 12:56:00,7.753383,11.106841,47.9,5.19
T07,GL-4592,2026-03-15 12:57:00,7.752819,11.106529,14.4,4.18
T07,GL-4592,2026-03-15 12:58:00,7.75228,11.107001,42.2,3.25
T07,GL-4592,2026-03-15 12:59:00,7.751646,11.10677,39.1,5.3
T07,GL-4592,2026-03-15 13:00:00,7.75111,11.107752,38.7,5.35
T07,GL-4592,2026-03-15 13:01:00,7.75029,11.10712,33.2,4.34
T07,GL-4592,2026-03-15 13:02:00,7.749554,11.107435,48.9,4.79
T07,GL-4592,2026-03-15 13:03:00,7.749479,11.107808,25.6,5.07
T07,GL-4592,2026-03-15 13:04:00,7.748479,11.10806,,5.39
T07,GL-4592,2026-03-15 13:05:00,7.747833,11.1083,33.4,3.56
T07,GL-4592,2026-03-15 13:06:00,7.748276,11.108092,39.8,4.7
T07,GL-4592,2026-03-15 13:07:00,7.747116,11.10841,26.9,2.93
T07,GL-4592,2026-03-15 13:08:00,7.747007,11.108596,28.9,5.21
T07,GL-4592,2026-03-15 13:09:00,7.745498,11.108464,34.4,5.55
T07,GL-4592,2026-03-15 13:10:00,7.745234,11.109321,47.9,4.13
T07,GL-4592,2026-03-15 13:11:00,7.744546,11.109252,54.3,5.36
T07,GL-4592,2026-03-15 13:12:00,7.744559,11.109193,50.5,4.36
T07,GL-4592,2026-03-15 13:13:00,7.743553,11.109518,34.7,5.05
T07,GL-4592,2026-03-15 13:14:00,7.743339,11.109722,19.7,5.18
T07,GL-4592,2026-03-15 13:15:00,7.743241,11.11008,15.5,3.65
T07,GL-4592,2026-03-15 13:16:00,7.74206,11.110172,35.1,3.04
T07,GL-4592,2026-03-15 13:17:00,7.741333,11.11051,26.7,4.12
T07,GL-4592,2026-03-15 13:18:00,7.740954,11.110736,44.5,3.94
T07,GL-4592,2026-03-15 13:19:00,7.740361,11.111374,44.4,4.41
T07,GL-4592,2026-03-15 13:20:00,7.740032,11.111014,19.5,3.51
T07,GL-4592,2026-03-15 13:21:00,7.738885,11.111017,50.6,3.97
T07,GL-4592,2026-03-15 13:22:00,7.738509,11.111582,16.5,3.29
T07,GL-4592,2026-03-15 13:23:00,7.738676,11.111456,23.6,5.49
T07,GL-4592,2026-03-15 13:24:00,7.737547,11.11191,36.0,5.22
T07,GL-4592,2026-03-15 13:25:00,7.737177,11.112268,33.3,4.93
T07,GL-4592,2026-03-15 13:26:00,7.736451,11.112193,31.9,3.41
T07,GL-4592,2026-03-15 13:27:00,7.735778,11.112062,57.7,4.91
T07,GL-4592,2026-03-15 13:28:00,7.735438,11.112544,36.2,4.0
T07,GL-4592,2026-03-15 13:29:00,7.734896,11.112525,50.3,5.54
T07,GL-4592,2026-03-15 13:30:00,7.734344,11.113062,50.6,4.89
T07,GL-4592,2026-03-15 13:31:00,7.733498,11.113043,49.9,3.32
T07,GL-4592,2026-03-15 13:32:00,7.733202,11.113207,38.6,4.24
T07,GL-4592,2026-03-15 13:33:00,7.73253,11.113388,15.9,3.75
T07,GL-4592,2026-03-15 13:34:00,7.731943,11.11366,30.5,3.38
T07,GL-4592,2026-03-15 13:35:00,7.731241,11.113809,14.8,3.33
T07,GL-4592,2026-03-15 13:36:00,7.731005,11.113838,15.9,4.75
T07,GL-4592,2026-03-15 13:37:00,7.730077,11.113932,16.0,3.84
T07,GL-4592,2026-03-15 13:38:00,7.72973,11.114432,32.2,2.95
T07,GL-4592,2026-03-15 13:39:00,7.729645,11.114561,,3.66
T07,GL-4592,2026-03-15 13:40:00,7.728876,11.114454,48.2,3.15
T07,GL-4592,2026-03-15 13:41:00,7.728142,11.114412,54.1,3.53
T07,GL-4592,2026-03-15 13:42:00,7.727568,11.115072,34.6,3.32
T07,GL-4592,2026-03-15 13:43:00,7.727225,11.115726,32.9,5.56
T07,GL-4592,2026-03-15 13:44:00,7.726827,11.115372,26.0,5.54
T07,GL-4592,2026-03-15 13:45:00,7.725552,11.11559,38.1,3.39
T07,GL-4592,2026-03-15 13:46:00,7.725168,11.115497,48.0,4.08
T07,GL-4592,2026-03-15 13:47:00,7.724899,11.116043,56.6,5.51
T07,GL-4592,2026-03-15 13:48:00,7.724372,11.116154,54.6,5.0
T07,GL-4592,2026-03-15 13:49:00,7.723814,11.116927,33.7,3.81
T07,GL-4592,2026-03-15 13:50:00,7.722835,11.116369,33.6,4.54
T07,GL-4592,2026-03-15 13:51:00,7.722257,11.116516,31.3,3.14
T07,GL-4592,2026-03-15 13:52:00,7.721836,11.116887,25.7,4.61
T07,GL-4592,2026-03-15 13:53:00,7.72109,11.117022,46.0,3.85
T07,GL-4592,2026-03-15 13:54:00,7.720415,11.117364,46.5,4.49
T07,GL-4592,2026-03-15 13:55:00,7.720576,11.117539,28.3,3.76
T07,GL-4592,2026-03-15 13:56:00,7.71972,11.117566,19.4,5.14
T07,GL-4592,2026-03-15 13:57:00,7.718829,11.118049,17.0,5.55
T07,GL-4592,2026-03-15 13:58:00,7.718288,11.118359,38.0,4.96
T07,GL-4592,2026-03-15 13:59:00,7.717673,11.118465,55.1,3.55
T07,GL-4592,2026-03-15 14:00:00,7.71743,11.118158,38.3,5.16
T07,GL-4592,2026-03-15 14:01:00,7.716894,11.118346,15.0,3.41
T07,GL-4592,2026-03-15 14:02:00,7.716245,11.118861,40.3,3.39
T07,GL-4592,2026-03-15 14:03:00,7.715374,11.118742,30.9,4.0
T07,GL-4592,2026-03-15 14:04:00,7.71499,11.119314,45.0,3.99
T07,GL-4592,2026-03-15 14:05:00,7.714499,11.119085,19.4,4.0
T07,GL-4592,2026-03-15 14:06:00,7.713874,11.119163,51.3,4.55
T07,GL-4592,2026-03-15 14:07:00,7.713333,11.119796,16.7,5.42
T07,GL-4592,2026-03-15 14:08:00,7.712851,11.119599,27.6,3.0
T07,GL-4592,2026-03-15 14:09:00,7.712057,11.120118,30.6,3.69
T07,GL-4592,2026-03-15 14:10:00,7.711885,11.119894,47.4,4.05
T07,GL-4592,2026-03-15 14:11:00,7.711489,11.120243,16.1,4.11
T07,GL-4592,2026-03-15 14:12:00,7.710614,11.120621,57.1,4.77
T07,GL-4592,2026-03-15 14:13:00,7.710363,11.120829,17.3,4.6
T07,GL-4592,2026-03-15 14:14:00,7.709492,11.121251,19.2,3.49
T07,GL-4592,2026-03-15 14:15:00,7.709128,11.121226,56.4,3.76
T07,GL-4592,2026-03-15 14:16:00,7.708489,11.121544,35.6,3.46
T07,GL-4592,2026-03-15 14:17:00,7.707956,11.121196,46.7,4.05
T07,GL-4592,2026-03-15 14:18:00,7.707338,11.122084,48.7,5.3
T07,GL-4592,2026-03-15 14:19:00,7.707072,11.122024,41.5,3.91
T07,GL-4592,2026-03-15 14:20:00,7.706363,11.122077,31.5,3.04
T07,GL-4592,2026-03-15 14:21:00,7.705735,11.122486,25.0,5.59
T07,GL-4592,2026-03-15 14:22:00,7.705059,11.122278,41.2,4.86
T07,GL-4592,2026-03-15 14:23:00,7.704751,11.122573,31.6,5.13
T07,GL-4592,2026-03-15 14:24:00,7.703918,11.122731,14.3,3.84
T07,GL-4592,2026-03-15 14:25:00,7.703225,11.12287,43.4,3.63
T07,GL-4592,2026-03-15 14:26:00,7.702873,11.123447,28.7,4.81
T07,GL-4592,2026-03-15 14:27:00,7.702144,11.12327,33.5,3.52
T07,GL-4592,2026-03-15 14:28:00,7.701222,11.123749,21.6,5.34
T07,GL-4592,2026-03-15 14:29:00,7.701194,11.123807,22.0,4.51
T07,GL-4592,2026-03-15 14:30:00,7.700442,11.123804,26.8,4.34
T07,GL-4592,2026-03-15 14:31:00,7.699725,11.123981,54.2,3.4
T07,GL-4592,2026-03-15 14:32:00,7.699425,11.124336,35.8,3.09
T07,GL-4592,2026-03-15 14:33:00,7.698789,11.124435,45.4,4.39
T07,GL-4592,2026-03-15 14:34:00,7.698273,11.124487,46.8,5.11
T07,GL-4592,2026-03-15 14:35:00,7.697756,11.124892,29.0,2.82
T07,GL-4592,2026-03-15 14:36:00,7.697589,11.124919,45.7,5.0
T07,GL-4592,2026-03-15 14:37:00,7.696293,11.125262,46.7,3.15
T07,GL-4592,2026-03-15 14:38:00,7.696166,11.125566,33.2,5.24
T07,GL-4592,2026-03-15 14:39:00,7.695109,11.125415,43.4,4.76
T07,GL-4592,2026-03-15 14:40:00,7.695157,11.125648,26.2,3.2
T07,GL-4592,2026-03-15 14:41:00,7.694209,11.125434,39.4,3.02
T07,GL-4592,2026-03-15 14:42:00,7.69399,11.12601,46.5,5.22
T07,GL-4592,2026-03-15 14:43:00,7.693228,11.126304,20.6,4.24
T07,GL-4592,2026-03-15 14:44:00,7.692749,11.126226,24.5,3.32
T07,GL-4592,2026-03-15 14:45:00,7.691866,11.126531,53.3,3.24
T07,GL-4592,2026-03-15 14:46:00,7.691523,11.126853,45.8,4.33
T07,GL-4592,2026-03-15 14:47:00,7.691047,11.126807,42.1,4.53
T07,GL-4592,2026-03-15 14:48:00,7.690421,11.127236,44.2,3.94
T07,GL-4592,2026-03-15 14:49:00,7.68973,11.127414,22.5,4.04
T07,GL-4592,2026-03-15 14:50:00,7.689071,11.126966,22.2,4.89
T07,GL-4592,2026-03-15 14:51:00,7.688487,11.127936,48.2,3.89
T07,GL-4592,2026-03-15 14:52:00,7.688082,11.127903,29.1,5.03
T07,GL-4592,2026-03-15 14:53:00,8.040125,11.127656,48.6,410.06
T07,GL-4592,2026-03-15 14:54:00,7.687189,11.128071,45.6,4.72
T07,GL-4592,2026-03-15 14:55:00,7.686294,11.128155,53.2,3.04
T07,GL-4592,2026-03-15 14:56:00,7.68591,11.128811,,2.95
T07,GL-4592,2026-03-15 14:57:00,7.685183,11.128689,25.5,4.54
T07,GL-4592,2026-03-15 14:58:00,7.685271,11.12892,50.0,5.46
T07,GL-4592,2026-03-15 14:59:00,7.684194,11.129106,38.5,3.89
T07,GL-4592,2026-03-15 15:00:00,7.683985,11.129404,22.0,5.29
T07,GL-4592,2026-03-15 15:01:00,7.683419,11.129666,28.3,4.99
T07,GL-4592,2026-03-15 15:02:00,7.682846,11.129759,51.7,3.23
T07,GL-4592,2026-03-15 15:03:00,7.681841,11.129923,28.9,4.69
T07,GL-4592,2026-03-15 15:04:00,7.681063,11.130569,33.6,4.95
T07,GL-4592,2026-03-15 15:05:00,7.68072,11.130301,25.5,4.86
T07,GL-4592,2026-03-15 15:06:00,7.680388,11.13072,18.1,5.4
T07,GL-4592,2026-03-15 15:07:00,7.679863,11.130621,21.3,4.67
T07,GL-4592,2026-03-15 15:08:00,7.679436,11.130798,33.6,4.0
T07,GL-4592,2026-03-15 15:09:00,7.678594,11.131435,51.1,3.85
T07,GL-4592,2026-03-15 15:10:00,7.678358,11.131157,54.3,3.99
T07,GL-4592,2026-03-15 15:11:00,7.677194,11.131602,38.8,4.56
T07,GL-4592,2026-03-15 15:12:00,7.676937,11.131904,35.4,4.06
T07,GL-4592,2026-03-15 15:13:00,7.676339,11.132128,33.3,4.51
T07,GL-4592,2026-03-15 15:14:00,7.676069,11.131504,30.5,4.8
T07,GL-4592,2026-03-15 15:15:00,7.675418,11.132435,30.5,3.47
T07,GL-4592,2026-03-15 15:16:00,7.674634,11.132383,20.8,3.5
T07,GL-4592,2026-03-15 15:17:00,7.673748,11.132539,46.5,2.97
T07,GL-4592,2026-03-15 15:18:00,7.673644,11.132428,25.9,4.0
T07,GL-4592,2026-03-15 15:19:00,7.673274,11.133122,41.8,5.23
T07,GL-4592,2026-03-15 15:20:00,7.672393,11.13276,42.4,5.24
T07,GL-4592,2026-03-15 15:21:00,7.671925,11.1334,15.1,4.62
T07,GL-4592,2026-03-15 15:22:00,7.671108,11.133539,16.2,4.11
T07,GL-4592,2026-03-15 15:23:00,7.670753,11.133948,37.9,4.02
T07,GL-4592,2026-03-15 15:24:00,7.670481,11.133853,40.8,3.21
T07,GL-4592,2026-03-15 15:25:00,7.669876,11.134078,57.7,4.26
T07,GL-4592,2026-03-15 15:26:00,7.669011,11.134274,16.4,3.72
T07,GL-4592,2026-03-15 15:27:00,7.668747,11.134063,32.1,3.37
T07,GL-4592,2026-03-15 15:28:00,7.66779,11.134891,26.6,4.75
T07,GL-4592,2026-03-15 15:29:00,7.667262,11.134548,29.8,4.11
T07,GL-4592,2026-03-15 15:30:00,7.666414,11.134881,22.1,3.47
T07,GL-4592,2026-03-15 15:31:00,7.666539,11.135363,56.3,3.76
T07,GL-4592,2026-03-15 15:32:00,7.665838,11.135475,,5.32
T07,GL-4592,2026-03-15 15:33:00,7.665213,11.135784,23.3,5.12
T07,GL-4592,2026-03-15 15:34:00,7.664429,11.135346,20.6,4.56
T07,GL-4592,2026-03-15 15:35:00,7.664286,11.136339,,3.96
T07,GL-4592,2026-03-15 15:36:00,7.663311,11.135942,33.2,3.32
T07,GL-4592,2026-03-15 15:37:00,7.663044,11.136435,54.7,5.38
T07,GL-4592,2026-03-15 15:38:00,7.662226,11.136668,40.1,2.95
T07,GL-4592,2026-03-15 15:39:00,7.661721,11.136666,24.9,3.87
T07,GL-4592,2026-03-15 15:40:00,7.661138,11.136801,31.3,3.86
T07,GL-4592,2026-03-15 15:41:00,7.660611,11.136936,53.2,5.35
T07,GL-4592,2026-03-15 15:42:00,7.660078,11.137296,36.4,4.6
T07,GL-4592,2026-03-15 15:43:00,7.65974,11.137527,38.8,5.13
T07,GL-4592,2026-03-15 15:44:00,7.659248,11.137537,28.5,5.42
T07,GL-4592,2026-03-15 15:45:00,7.658297,11.138019,,3.42
T07,GL-4592,2026-03-15 15:46:00,7.658001,11.137794,53.2,5.43
T07,GL-4592,2026-03-15 15:47:00,7.657574,11.137771,23.6,3.08
T07,GL-4592,2026-03-15 15:48:00,7.656298,11.138211,27.7,4.31
T07,GL-4592,2026-03-15 15:49:00,7.65641,11.13858,17.2,3.28
T07,GL-4592,2026-03-15 15:50:00,7.655498,11.138644,24.0,5.46
T07,GL-4592,2026-03-15 15:51:00,7.655531,11.138965,57.0,4.6
T07,GL-4592,2026-03-15 15:52:00,7.654756,11.139154,16.1,4.1
T07,GL-4592,2026-03-15 15:53:00,7.653929,11.139249,18.8,4.14
T07,GL-4592,2026-03-15 15:54:00,7.653104,11.139506,32.6,4.41
T07,GL-4592,2026-03-15 15:55:00,7.433126,11.139709,15.2,349.78
T07,GL-4592,2026-03-15 15:56:00,7.652362,11.139742,16.0,3.35
T07,GL-4592,2026-03-15 15:57:00,7.652122,11.140268,22.8,4.14
T07,GL-4592,2026-03-15 15:58:00,7.650789,11.140066,22.1,3.5
T07,GL-4592,2026-03-15 15:59:00,7.65011,11.140351,31.6,5.37
T07,GL-4592,2026-03-15 16:00:00,7.649998,11.140717,42.5,5.03
T07,GL-4592,2026-03-15 16:01:00,7.649336,11.140411,15.4,2.81
T07,GL-4592,2026-03-15 16:02:00,7.649204,11.141151,56.5,3.95
T07,GL-4592,2026-03-15 16:03:00,7.648109,11.141056,44.1,4.21
T07,GL-4592,2026-03-15 16:04:00,7.647802,11.141283,17.4,4.06
T07,GL-4592,2026-03-15 16:05:00,7.647274,11.141485,28.3,5.54
T07,GL-4592,2026-03-15 16:06:00,7.647049,11.141666,15.4,3.38
T07,GL-4592,2026-03-15 16:07:00,7.646449,11.141436,29.0,5.4
T07,GL-4592,2026-03-15 16:08:00,7.645504,11.14201,45.1,5.37
T07,GL-4592,2026-03-15 16:09:00,7.644949,11.142361,40.2,4.19
T07,GL-4592,2026-03-15 16:10:00,7.644244,11.142381,21.6,3.23
T07,GL-4592,2026-03-15 16:11:00,7.643901,11.142221,39.0,2.9
T07,GL-4592,2026-03-15 16:12:00,7.643117,11.142719,20.8,3.35
T07,GL-4592,2026-03-15 16:13:00,7.642594,11.14301,18.8,4.67
T07,GL-4592,2026-03-15 16:14:00,7.6424,11.143029,48.9,3.74
T07,GL-4592,2026-03-15 16:15:00,7.641549,11.142871,48.9,4.86
T07,GL-4592,2026-03-15 16:16:00,7.641385,11.143479,37.2,4.41
T07,GL-4592,2026-03-15 16:17:00,7.640495,11.14348,46.5,3.86
T07,GL-4592,2026-03-15 16:18:00,7.640137,11.14382,42.8,4.64
T07,GL-4592,2026-03-15 16:19:00,7.639241,11.144227,42.0,5.45
T07,GL-4592,2026-03-15 16:20:00,7.638813,11.144169,25.5,3.16
T07,GL-4592,2026-03-15 16:21:00,7.638288,11.144481,28.5,3.94
T07,GL-4592,2026-03-15 16:22:00,7.637556,11.144274,38.7,3.32
T07,GL-4592,2026-03-15 16:23:00,7.637288,11.144903,28.4,3.23
T07,GL-4592,2026-03-15 16:24:00,7.636529,11.145476,26.1,3.11
T07,GL-4592,2026-03-15 16:25:00,7.635994,11.1451,16.4,3.53
T07,GL-4592,2026-03-15 16:26:00,7.63532,11.145165,22.1,4.67
T07,GL-4592,2026-03-15 16:27:00,7.634617,11.145775,36.9,5.6
T07,GL-4592,2026-03-15 16:28:00,7.634195,11.14566,52.8,4.11
T07,GL-4592,2026-03-15 16:29:00,7.634063,11.145812,34.3,5.45
T07,GL-4592,2026-03-15 16:30:00,7.633075,11.146346,41.4,5.55
T07,GL-4592,2026-03-15 16:31:00,7.632532,11.146047,39.9,2.87
T07,GL-4592,2026-03-15 16:32:00,7.632186,11.14618,34.4,5.04
T07,GL-4592,2026-03-15 16:33:00,7.631616,11.146764,18.4,5.12
T07,GL-4592,2026-03-15 16:34:00,7.630903,11.146871,43.8,3.46
T07,GL-4592,2026-03-15 16:35:00,7.630344,11.1468,53.9,2.86
T07,GL-4592,2026-03-15 16:36:00,7.629345,11.146884,53.1,3.59
T07,GL-4592,2026-03-15 16:37:00,7.629501,11.147477,31.9,3.11
T07,GL-4592,2026-03-15 16:38:00,7.628503,11.148054,33.0,3.96
T07,GL-4592,2026-03-15 16:39:00,7.627744,11.147704,56.6,4.25
T07,GL-4592,2026-03-15 16:40:00,7.627507,11.14786,49.0,3.41
T07,GL-4592,2026-03-15 16:41:00,7.627006,11.14816,27.5,4.07
T07,GL-4592,2026-03-15 16:42:00,7.626189,11.148134,47.7,3.46
T07,GL-4592,2026-03-15 16:43:00,7.626153,11.148284,18.5,3.49
T07,GL-4592,2026-03-15 16:44:00,7.625286,11.148368,24.8,4.11
T07,GL-4592,2026-03-15 16:45:00,7.624477,11.149054,30.7,5.04
T07,GL-4592,2026-03-15 16:46:00,7.624103,11.149272,15.2,3.41
T07,GL-4592,2026-03-15 16:47:00,7.623522,11.149324,51.0,4.2
T07,GL-4592,2026-03-15 16:48:00,7.623041,11.149358,54.7,3.47
T07,GL-4592,2026-03-15 16:49:00,7.622315,11.149718,25.2,4.78
T07,GL-4592,2026-03-15 16:50:00,7.62194,11.14971,23.7,5.42
T07,GL-4592,2026-03-15 16:51:00,7.621224,11.150117,56.0,4.96
T07,GL-4592,2026-03-15 16:52:00,7.620808,11.149957,21.2,5.27
T07,GL-4592,2026-03-15 16:53:00,7.620031,11.150106,31.9,4.94
T07,GL-4592,2026-03-15 16:54:00,7.619683,11.15029,30.9,4.65
T07,GL-4592,2026-03-15 16:55:00,7.61881,11.151177,27.8,3.77
T07,GL-4592,2026-03-15 16:56:00,7.618605,11.151032,27.7,5.52
T07,GL-4592,2026-03-15 16:57:00,7.618377,11.151011,20.4,5.05
T07,GL-4592,2026-03-15 16:58:00,7.617241,11.151603,41.2,4.62
T07,GL-4592,2026-03-15 16:59:00,7.616845,11.151826,42.9,3.7
T07,GL-4592,2026-03-15 17:00:00,7.615923,11.151565,18.9,4.03
T07,GL-4592,2026-03-15 17:01:00,7.615323,11.151603,34.5,4.61
T07,GL-4592,2026-03-15 17:02:00,7.61466,11.151715,30.6,2.82
T07,GL-4592,2026-03-15 17:03:00,7.614814,11.152417,36.6,3.34
T07,GL-4592,2026-03-15 17:04:00,7.614117,11.152987,54.1,4.67
T07,GL-4592,2026-03-15 17:05:00,7.613879,11.152427,32.4,3.45
T07,GL-4592,2026-03-15 17:06:00,7.612815,11.152884,22.4,4.68
T07,GL-4592,2026-03-15 17:07:00,7.612381,11.152932,45.1,3.35
T07,GL-4592,2026-03-15 17:08:00,7.61196,11.153177,29.7,4.82
T07,GL-4592,2026-03-15 17:09:00,7.611138,11.153271,31.3,4.26
T07,GL-4592,2026-03-15 17:10:00,7.610812,11.153409,39.0,4.4
T07,GL-4592,2026-03-15 17:11:00,7.610526,11.153788,47.1,5.39
T07,GL-4592,2026-03-15 17:12:00,7.60984,11.154005,56.6,3.82
T07,GL-4592,2026-03-15 17:13:00,7.608655,11.154347,57.9,4.2
T07,GL-4592,2026-03-15 17:14:00,7.60862,11.154225,19.2,4.01
T07,GL-4592,2026-03-15 17:15:00,7.608102,11.154565,32.7,3.09
T07,GL-4592,2026-03-15 17:16:00,7.607691,11.154362,34.4,3.07
T07,GL-4592,2026-03-15 17:17:00,7.606871,11.154774,36.9,5.55
T07,GL-4592,2026-03-15 17:18:00,7.606414,11.154715,28.0,3.3
T07,GL-4592,2026-03-15 17:19:00,7.605545,11.155062,55.9,3.68
T07,GL-4592,2026-03-15 17:20:00,7.604735,11.154986,48.2,4.75
T07,GL-4592,2026-03-15 17:21:00,7.604977,11.155227,18.7,3.15
T07,GL-4592,2026-03-15 17:22:00,7.603911,11.155223,53.8,4.02
T07,GL-4592,2026-03-15 17:23:00,7.603295,11.155934,57.7,3.21
T07,GL-4592,2026-03-15 17:24:00,7.602587,11.156019,14.2,5.28
T07,GL-4592,2026-03-15 17:25:00,7.602257,11.156229,46.9,3.63
T07,GL-4592,2026-03-15 17:26:00,7.60151,11.156425,45.2,5.12
T07,GL-4592,2026-03-15 17:27:00,7.601314,11.156844,55.2,4.43
T07,GL-4592,2026-03-15 17:28:00,7.600543,11.15662,57.3,2.83
T07,GL-4592,2026-03-15 17:29:00,7.600329,11.157045,25.3,3.69
T07,GL-4592,2026-03-15 17:30:00,7.599371,11.157254,49.6,2.84
T07,GL-4592,2026-03-15 17:31:00,7.598669,11.157611,40.9,3.34
T07,GL-4592,2026-03-15 17:32:00,7.598081,11.157647,55.5,4.0
T07,GL-4592,2026-03-15 17:33:00,7.597953,11.157754,34.0,4.52
T07,GL-4592,2026-03-15 17:34:00,7.597075,11.158523,36.4,4.33
T07,GL-4592,2026-03-15 17:35:00,7.596561,11.158101,33.9,5.11
T07,GL-4592,2026-03-15 17:36:00,7.596426,11.158346,15.3,4.48
T07,GL-4592,2026-03-15 17:37:00,7.59542,11.158289,43.6,2.89
T07,GL-4592,2026-03-15 17:38:00,7.595154,11.158501,24.0,3.45
T07,GL-4592,2026-03-15 17:39:00,7.594571,11.159209,50.6,5.16
T07,GL-4592,2026-03-15 17:40:00,7.593892,11.159084,15.6,4.09
T07,GL-4592,2026-03-15 17:41:00,7.593487,11.158969,43.4,3.17
T07,GL-4592,2026-03-15 17:42:00,7.593018,11.159433,35.5,4.66
T07,GL-4592,2026-03-15 17:43:00,7.59206,11.159388,50.7,5.01
T07,GL-4592,2026-03-15 17:44:00,7.591754,11.159692,27.2,4.66
T07,GL-4592,2026-03-15 17:45:00,7.591208,11.159911,44.0,5.44
T07,GL-4592,2026-03-15 17:46:00,7.590606,11.159895,24.6,3.79
T07,GL-4592,2026-03-15 17:47:00,7.589705,11.160129,17.8,5.07
T07,GL-4592,2026-03-15 17:48:00,7.589418,11.160995,15.7,2.92
T07,GL-4592,2026-03-15 17:49:00,7.589003,11.160276,37.6,4.29
T07,GL-4592,2026-03-15 17:50:00,7.588338,11.160725,16.0,4.51
T07,GL-4592,2026-03-15 17:51:00,7.58763,11.161242,22.5,4.31
T07,GL-4592,2026-03-15 17:52:00,7.587168,11.16113,54.8,3.83
T07,GL-4592,2026-03-15 17:53:00,7.586545,11.161421,45.5,3.91
T07,GL-4592,2026-03-15 17:54:00,7.58586,11.161375,16.6,5.4
T07,GL-4592,2026-03-15 17:55:00,7.585341,11.161938,23.7,4.88
T07,GL-4592,2026-03-15 17:56:00,7.584758,11.161841,25.9,5.29
T07,GL-4592,2026-03-15 17:57:00,7.584355,11.162346,33.5,4.23
T07,GL-4592,2026-03-15 17:58:00,7.584072,11.162102,22.6,3.85
T07,GL-4592,2026-03-15 17:59:00,7.583022,11.162796,35.1,3.0
T07,GL-4592,2026-03-15 18:00:00,7.58255,11.162931,14.6,3.83
T07,GL-4592,2026-03-15 18:01:00,7.581918,11.162769,28.6,4.05
T07,GL-4592,2026-03-15 18:02:00,7.581188,11.163239,30.4,3.95
T07,GL-4592,2026-03-15 18:03:00,7.580873,11.162921,35.6,4.97
T07,GL-4592,2026-03-15 18:04:00,7.5803,11.163318,22.9,3.73
T07,GL-4592,2026-03-15 18:05:00,7.579994,11.163651,19.4,5.29
T07,GL-4592,2026-03-15 18:06:00,7.579315,11.163972,36.3,4.15
T07,GL-4592,2026-03-15 18:07:00,7.57845,11.163898,46.8,3.75
T07,GL-4592,2026-03-15 18:08:00,7.578151,11.164133,16.7,4.09
T07,GL-4592,2026-03-15 18:09:00,7.577471,11.164669,27.7,3.17
T07,GL-4592,2026-03-15 18:10:00,7.577332,11.164513,33.5,3.22
T07,GL-4592,2026-03-15 18:11:00,7.576727,11.165032,43.7,4.35
T07,GL-4592,2026-03-15 18:12:00,7.576132,11.165019,14.5,4.83
T07,GL-4592,2026-03-15 18:13:00,7.575135,11.164869,27.4,4.71
T07,GL-4592,2026-03-15 18:14:00,7.574996,11.165124,44.9,3.66
T07,GL-4592,2026-03-15 18:15:00,7.57407,11.165799,16.9,4.6
T07,GL-4592,2026-03-15 18:16:00,7.573975,11.165745,21.6,4.8
T07,GL-4592,2026-03-15 18:17:00,7.573074,11.165857,49.5,5.07
T07,GL-4592,2026-03-15 18:18:00,7.572506,11.165738,45.8,5.19
T07,GL-4592,2026-03-15 18:19:00,7.57181,11.166354,50.6,5.19
T07,GL-4592,2026-03-15 18:20:00,7.571351,11.166404,24.6,4.33
T07,GL-4592,2026-03-15 18:21:00,7.570959,11.166331,52.1,5.17
T07,GL-4592,2026-03-15 18:22:00,7.570126,11.166372,32.4,4.93
T07,GL-4592,2026-03-15 18:23:00,7.569613,11.167081,23.9,3.43
T07,GL-4592,2026-03-15 18:24:00,7.569204,11.167317,36.2,5.03
T07,GL-4592,2026-03-15 18:25:00,7.568527,11.167112,46.2,5.55
T07,GL-4592,2026-03-15 18:26:00,7.568355,11.167919,35.5,3.81
T07,GL-4592,2026-03-15 18:27:00,7.567724,11.167529,46.0,2.91
T07,GL-4592,2026-03-15 18:28:00,7.567631,11.16791,36.7,4.0
T07,GL-4592,2026-03-15 18:29:00,7.566749,11.16819,48.3,4.55
T07,GL-4592,2026-03-15 18:30:00,7.565952,11.168468,46.6,3.33
T07,GL-4592,2026-03-15 18:31:00,7.564993,11.168513,21.6,3.24
T07,GL-4592,2026-03-15 18:32:00,7.564448,11.168442,52.4,3.69
T07,GL-4592,2026-03-15 18:33:00,7.563935,11.168788,20.1,4.42
T07,GL-4592,2026-03-15 18:34:00,7.563491,11.168799,44.2,4.06
T07,GL-4592,2026-03-15 18:35:00,7.563087,11.169449,53.0,5.53
T07,GL-4592,2026-03-15 18:36:00,7.562516,11.169257,51.5,2.93
T07,GL-4592,2026-03-15 18:37:00,7.561974,11.169527,,4.04
T07,GL-4592,2026-03-15 18:38:00,7.561047,11.17017,20.9,5.46
T07,GL-4592,2026-03-15 18:39:00,7.560434,11.170171,50.8,5.31
T07,GL-4592,2026-03-15 18:40:00,7.560123,11.169928,49.5,2.82
T07,GL-4592,2026-03-15 18:41:00,7.560032,11.170032,22.8,4.14
T07,GL-4592,2026-03-15 18:42:00,7.558888,11.170481,21.1,3.12
T07,GL-4592,2026-03-15 18:43:00,7.558894,11.170679,25.3,4.82
T07,GL-4592,2026-03-15 18:44:00,7.557523,11.171024,28.3,4.07
T07,GL-4592,2026-03-15 18:45:00,7.557191,11.170853,40.8,4.21
T07,GL-4592,2026-03-15 18:46:00,7.556698,11.17111,43.5,4.1
T07,GL-4592,2026-03-15 18:47:00,7.556318,11.171325,36.6,4.09
T07,GL-4592,2026-03-15 18:48:00,7.555161,11.171269,20.9,3.73
T07,GL-4592,2026-03-15 18:49:00,7.555658,11.171513,38.2,3.09
T07,GL-4592,2026-03-15 18:50:00,7.55437,11.171996,54.5,4.28
T07,GL-4592,2026-03-15 18:51:00,7.553902,11.17239,24.0,2.88
T07,GL-4592,2026-03-15 18:52:00,7.553123,11.172062,53.3,5.0
T07,GL-4592,2026-03-15 18:53:00,7.552396,11.172645,20.8,5.6
T07,GL-4592,2026-03-15 18:54:00,7.552065,11.17292,34.3,3.82
T07,GL-4592,2026-03-15 18:55:00,7.551547,11.173138,32.8,3.98
T07,GL-4592,2026-03-15 18:56:00,7.551109,11.172884,19.5,4.36
T07,GL-4592,2026-03-15 18:57:00,7.550499,11.173204,56.4,4.34
T07,GL-4592,2026-03-15 18:58:00,7.550036,11.173612,37.0,3.31
T07,GL-4592,2026-03-15 18:59:00,7.549316,11.173527,22.1,2.98
T07,GL-4592,2026-03-15 19:00:00,7.54856,11.173819,25.3,2.83
T07,GL-4592,2026-03-15 19:01:00,7.548623,11.174124,20.8,3.25
T07,GL-4592,2026-03-15 19:02:00,7.547711,11.173816,24.6,3.26
T07,GL-4592,2026-03-15 19:03:00,7.547114,11.174335,38.7,4.79
T07,GL-4592,2026-03-15 19:04:00,7.54696,11.174425,30.1,4.29
T07,GL-4592,2026-03-15 19:05:00,7.54593,11.174724,50.3,3.59
T07,GL-4592,2026-03-15 19:06:00,7.545389,11.175045,41.9,3.15
T07,GL-4592,2026-03-15 19:07:00,7.544741,11.174971,34.4,5.04
T07,GL-4592,2026-03-15 19:08:00,7.544067,11.174854,30.4,3.22
T07,GL-4592,2026-03-15 19:09:00,7.543568,11.174819,22.6,5.06
T07,GL-4592,2026-03-15 19:10:00,7.543396,11.176007,45.4,3.12
T07,GL-4592,2026-03-15 19:11:00,7.542498,11.175713,20.5,5.31
T07,GL-4592,2026-03-15 19:12:00,7.54211,11.176393,25.4,5.54
T07,GL-4592,2026-03-15 19:13:00,7.541966,11.176542,52.7,3.89
T07,GL-4592,2026-03-15 19:14:00,7.541207,11.176707,35.1,4.18
T07,GL-4592,2026-03-15 19:15:00,7.54048,11.176705,42.4,4.39
T07,GL-4592,2026-03-15 19:16:00,7.540088,11.177039,55.0,4.88
T07,GL-4592,2026-03-15 19:17:00,7.539215,11.177195,21.6,3.99
T07,GL-4592,2026-03-15 19:18:00,7.538777,11.177175,31.1,3.85
T07,GL-4592,2026-03-15 19:19:00,7.538105,11.177108,25.5,4.33
T07,GL-4592,2026-03-15 19:20:00,7.538254,11.17749,14.9,3.33
T07,GL-4592,2026-03-15 19:21:00,7.537115,11.177459,30.4,4.25
T07,GL-4592,2026-03-15 19:22:00,7.536912,11.17826,43.1,4.0
T07,GL-4592,2026-03-15 19:23:00,7.536188,11.177972,35.7,5.42
T07,GL-4592,2026-03-15 19:24:00,7.535529,11.178439,23.7,3.37
T07,GL-4592,2026-03-15 19:25:00,7.534545,11.17817,19.2,4.46
T07,GL-4592,2026-03-15 19:26:00,7.534453,11.178707,32.2,3.74
T07,GL-4592,2026-03-15 19:27:00,7.53361,11.1791,44.9,3.55
T07,GL-4592,2026-03-15 19:28:00,7.42771,11.17943,42.1,250.2
T07,GL-4592,2026-03-15 19:29:00,7.532655,11.179027,39.1,2.91
T07,GL-4592,2026-03-15 19:30:00,7.532355,11.179577,29.2,5.31
T07,GL-4592,2026-03-15 19:31:00,7.531287,11.17933,48.5,4.07
T07,GL-4592,2026-03-15 19:32:00,7.530685,11.179924,57.9,5.06
T07,GL-4592,2026-03-15 19:33:00,7.530246,11.179788,19.7,5.28
T07,GL-4592,2026-03-15 19:34:00,7.529923,11.179919,57.2,2.88
T07,GL-4592,2026-03-15 19:35:00,7.529033,11.179709,38.9,3.89
T07,GL-4592,2026-03-15 19:36:00,7.528462,11.180461,29.1,3.14
T07,GL-4592,2026-03-15 19:37:00,7.528197,11.180567,57.9,4.7
T07,GL-4592,2026-03-15 19:38:00,7.527297,11.18069,38.7,3.51
T07,GL-4592,2026-03-15 19:39:00,7.52708,11.181157,15.2,3.33
T07,GL-4592,2026-03-15 19:40:00,7.526777,11.181338,21.9,3.3
T07,GL-4592,2026-03-15 19:41:00,7.52587,11.181362,35.4,4.02
T07,GL-4592,2026-03-15 19:42:00,7.525267,11.181283,57.3,3.07
T07,GL-4592,2026-03-15 19:43:00,7.524802,11.181868,20.4,5.18
T07,GL-4592,2026-03-15 19:44:00,7.524088,11.182103,57.7,5.23
T07,GL-4592,2026-03-15 19:45:00,7.523735,11.182414,33.9,5.09
T07,GL-4592,2026-03-15 19:46:00,7.522942,11.182524,26.9,4.83
T07,GL-4592,2026-03-15 19:47:00,7.522464,11.182367,55.7,3.89
T07,GL-4592,2026-03-15 19:48:00,7.522104,11.182773,41.3,4.26
T07,GL-4592,2026-03-15 19:49:00,7.52134,11.182828,35.1,4.38
T07,GL-4592,2026-03-15 19:50:00,7.520876,11.183135,15.2,3.19
T07,GL-4592,2026-03-15 19:51:00,7.52036,11.183288,41.0,3.07
T07,GL-4592,2026-03-15 19:52:00,7.519742,11.183063,41.9,5.47
T07,GL-4592,2026-03-15 19:53:00,7.519033,11.183615,14.5,5.59
T07,GL-4592,2026-03-15 19:54:00,7.518424,11.184153,25.3,5.26
T07,GL-4592,2026-03-15 19:55:00,7.518333,11.184077,57.0,4.92
T07,GL-4592,2026-03-15 19:56:00,7.517369,11.184489,,5.44
T07,GL-4592,2026-03-15 19:57:00,7.517057,11.184775,27.6,5.04
T07,GL-4592,2026-03-15 19:58:00,7.516253,11.184141,32.4,3.1
T07,GL-4592,2026-03-15 19:59:00,7.516137,11.184666,17.2,2.89
T07,GL-4592,2026-03-15 20:00:00,7.514967,11.184877,41.4,3.69
T07,GL-4592,2026-03-15 20:01:00,7.514761,11.185154,29.1,5.51
T07,GL-4592,2026-03-15 20:02:00,7.514472,11.184952,48.9,4.36
T07,GL-4592,2026-03-15 20:03:00,7.513457,11.185808,25.7,4.91
T07,GL-4592,2026-03-15 20:04:00,7.51336,11.185471,24.2,3.09
T07,GL-4592,2026-03-15 20:05:00,7.51205,11.185836,,3.65
T07,GL-4592,2026-03-15 20:06:00,7.511767,11.185972,49.4,3.22
T07,GL-4592,2026-03-15 20:07:00,7.511058,11.186124,29.6,4.63
T07,GL-4592,2026-03-15 20:08:00,7.510439,11.186466,56.2,4.65
T07,GL-4592,2026-03-15 20:09:00,7.510731,11.18668,44.8,3.55
T07,GL-4592,2026-03-15 20:10:00,7.509669,11.186917,52.7,3.01
T07,GL-4592,2026-03-15 20:11:00,7.509227,11.186671,45.2,4.41
T07,GL-4592,2026-03-15 20:12:00,7.508217,11.187216,30.4,3.24
T07,GL-4592,2026-03-15 20:13:00,7.508266,11.186962,54.4,3.74
T07,GL-4592,2026-03-15 20:14:00,7.507199,11.187493,37.3,4.43
T07,GL-4592,2026-03-15 20:15:00,7.506949,11.187938,15.1,4.44
T07,GL-4592,2026-03-15 20:16:00,7.506533,11.187829,33.7,2.9
T07,GL-4592,2026-03-15 20:17:00,7.505772,11.188092,56.5,3.26
T07,GL-4592,2026-03-15 20:18:00,7.504784,11.188255,38.9,3.95
T07,GL-4592,2026-03-15 20:19:00,7.504143,11.188188,24.0,4.99
T07,GL-4592,2026-03-15 20:20:00,7.503835,11.188567,44.0,3.18
T07,GL-4592,2026-03-15 20:21:00,7.503412,11.188614,50.8,4.68
T07,GL-4592,2026-03-15 20:22:00,7.503201,11.188984,23.0,4.3
T07,GL-4592,2026-03-15 20:23:00,7.502195,11.189264,17.7,4.65
T07,GL-4592,2026-03-15 20:24:00,7.501705,11.189232,39.3,4.22
T07,GL-4592,2026-03-15 20:25:00,7.501468,11.189519,40.5,3.11
T07,GL-4592,2026-03-15 20:26:00,7.500453,11.189974,29.6,3.57
T07,GL-4592,2026-03-15 20:27:00,7.49996,11.190006,26.4,4.77
T07,GL-4592,2026-03-15 20:28:00,7.499515,11.189995,25.9,4.75
T07,GL-4592,2026-03-15 20:29:00,7.49861,11.190313,17.9,4.06
T07,GL-4592,2026-03-15 20:30:00,7.498367,11.191098,40.4,4.49
T07,GL-4592,2026-03-15 20:31:00,7.497465,11.190443,23.8,4.34
T07,GL-4592,2026-03-15 20:32:00,7.497147,11.190958,36.9,5.59
T07,GL-4592,2026-03-15 20:33:00,7.259839,11.191343,38.9,181.16
T07,GL-4592,2026-03-15 20:34:00,7.496184,11.190786,15.3,3.47
T07,GL-4592,2026-03-15 20:35:00,7.495446,11.190937,33.7,4.93
T07,GL-4592,2026-03-15 20:36:00,7.49506,11.191214,36.2,3.85
T07,GL-4592,2026-03-15 20:37:00,7.494867,11.191711,24.6,3.68
T07,GL-4592,2026-03-15 20:38:00,7.493837,11.191855,19.6,4.0
T07,GL-4592,2026-03-15 20:39:00,7.493383,11.192286,53.1,5.14
T07,GL-4592,2026-03-15 20:40:00,7.492841,11.192476,52.0,5.08
T07,GL-4592,2026-03-15 20:41:00,7.491963,11.192574,38.5,3.37
T07,GL-4592,2026-03-15 20:42:00,7.491658,11.192719,39.9,5.29
T07,GL-4592,2026-03-15 20:43:00,7.491639,11.192961,22.8,4.55
T07,GL-4592,2026-03-15 20:44:00,7.490831,11.193258,56.6,3.07
T07,GL-4592,2026-03-15 20:45:00,7.490393,11.192808,35.3,4.65
T07,GL-4592,2026-03-15 20:46:00,7.489768,11.193363,47.6,4.4
T07,GL-4592,2026-03-15 20:47:00,7.489119,11.193565,17.3,4.19
T07,GL-4592,2026-03-15 20:48:00,7.488331,11.193925,45.9,4.19
T07,GL-4592,2026-03-15 20:49:00,7.487246,11.194032,30.2,5.0
T07,GL-4592,2026-03-15 20:50:00,7.487085,11.19437,19.4,4.99
T07,GL-4592,2026-03-15 20:51:00,7.486609,11.194021,45.4,3.54
T07,GL-4592,2026-03-15 20:52:00,7.485911,11.194669,42.4,4.76
T07,GL-4592,2026-03-15 20:53:00,7.485588,11.194524,51.7,4.69
T07,GL-4592,2026-03-15 20:54:00,7.485069,11.194583,27.3,5.46
T07,GL-4592,2026-03-15 20:55:00,7.484162,11.194965,43.4,4.05
T07,GL-4592,2026-03-15 20:56:00,7.483893,11.195323,47.5,4.66
T07,GL-4592,2026-03-15 20:57:00,7.483308,11.19557,23.8,3.48
T07,GL-4592,2026-03-15 20:58:00,7.482793,11.195528,34.5,4.05
T07,GL-4592,2026-03-15 20:59:00,7.482357,11.195925,20.6,3.93
T07,GL-4592,2026-03-15 21:00:00,7.481407,11.196065,54.2,4.29
T07,GL-4592,2026-03-15 21:01:00,7.481176,11.196194,41.4,3.06
T07,GL-4592,2026-03-15 21:02:00,7.4804,11.196605,16.4,5.53
T07,GL-4592,2026-03-15 21:03:00,7.479791,11.196668,38.0,3.04
T07,GL-4592,2026-03-15 21:04:00,7.479396,11.197005,43.8,5.02
T07,GL-4592,2026-03-15 21:05:00,7.478215,11.196979,38.1,3.84
T07,GL-4592,2026-03-15 21:06:00,7.47828,11.197463,32.8,3.9
T07,GL-4592,2026-03-15 21:07:00,7.477499,11.197644,46.7,3.9
T07,GL-4592,2026-03-15 21:08:00,7.477029,11.197367,56.2,4.52
T07,GL-4592,2026-03-15 21:09:00,7.476317,11.197533,25.5,4.24
T07,GL-4592,2026-03-15 21:10:00,7.475805,11.197756,57.9,3.47
T07,GL-4592,2026-03-15 21:11:00,7.475331,11.198055,31.9,5.11
T07,GL-4592,2026-03-15 21:12:00,7.474419,11.198059,36.8,3.02
T07,GL-4592,2026-03-15 21:13:00,7.474496,11.198107,51.7,3.87
T07,GL-4592,2026-03-15 21:14:00,7.473664,11.198313,35.1,4.48
T07,GL-4592,2026-03-15 21:15:00,7.473087,11.19883,55.4,5.19
T07,GL-4592,2026-03-15 21:16:00,7.473218,11.198679,30.9,5.28
T07,GL-4592,2026-03-15 21:17:00,7.471827,11.19941,28.5,3.86
T07,GL-4592,2026-03-15 21:18:00,7.47126,11.199215,42.0,4.16
T07,GL-4592,2026-03-15 21:19:00,7.470656,11.199402,27.0,4.01
T07,GL-4592,2026-03-15 21:20:00,7.470352,11.199721,47.6,3.38
T07,GL-4592,2026-03-15 21:21:00,7.469878,11.199871,26.0,4.34
T07,GL-4592,2026-03-15 21:22:00,7.469129,11.200345,36.1,3.78
T07,GL-4592,2026-03-15 21:23:00,7.468788,11.200332,36.6,4.27
T07,GL-4592,2026-03-15 21:24:00,7.467818,11.200435,17.5,4.63
T07,GL-4592,2026-03-15 21:25:00,7.467349,11.200382,21.5,3.82
T07,GL-4592,2026-03-15 21:26:00,7.466389,11.200984,36.2,5.23
T07,GL-4592,2026-03-15 21:27:00,7.466657,11.201008,47.3,3.86
T07,GL-4592,2026-03-15 21:28:00,7.465808,11.201016,24.0,5.17
T07,GL-4592,2026-03-15 21:29:00,7.465251,11.201404,46.8,3.12
T07,GL-4592,2026-03-15 21:30:00,7.464635,11.201441,37.9,4.29
T07,GL-4592,2026-03-15 21:31:00,7.463953,11.201569,41.4,2.88
T07,GL-4592,2026-03-15 21:32:00,7.463597,11.201968,15.8,4.89
T07,GL-4592,2026-03-15 21:33:00,7.463103,11.201719,38.2,5.59
T07,GL-4592,2026-03-15 21:34:00,7.462678,11.20235,29.1,5.36
T07,GL-4592,2026-03-15 21:35:00,7.462109,11.202661,50.9,4.86
T07,GL-4592,2026-03-15 21:36:00,7.460966,11.20279,29.4,4.94
T07,GL-4592,2026-03-15 21:37:00,7.460723,11.202997,55.9,3.85
T07,GL-4592,2026-03-15 21:38:00,7.461086,11.202794,43.6,0.15
T07,GL-4592,2026-03-15 21:39:00,7.460185,11.202697,57.1,0.06
T07,GL-4592,2026-03-15 21:40:00,7.46082,11.202597,44.8,0.65
T07,GL-4592,2026-03-15 21:41:00,7.460728,11.202425,17.0,0.27
T07,GL-4592,2026-03-15 21:42:00,7.460988,11.202485,53.5,0.09
T07,GL-4592,2026-03-15 21:43:00,7.460687,11.203233,26.8,0.19
T07,GL-4592,2026-03-15 21:44:00,7.460663,11.202628,43.1,0.23
T07,GL-4592,2026-03-15 21:45:00,7.46043,11.202451,15.5,0.73
T07,GL-4592,2026-03-15 21:46:00,7.460848,11.202528,33.4,0.64
T07,GL-4592,2026-03-15 21:47:00,7.460565,11.203095,14.1,0.75
T07,GL-4592,2026-03-15 21:48:00,7.460722,11.202875,28.5,0.89
T07,GL-4592,2026-03-15 21:49:00,7.46083,11.202946,21.7,0.26
T07,GL-4592,2026-03-15 21:50:00,7.460793,11.202664,39.2,0.46
T07,GL-4592,2026-03-15 21:51:00,7.461176,11.202698,28.1,0.86
T07,GL-4592,2026-03-15 21:52:00,7.460733,11.20353,25.3,0.37
T07,GL-4592,2026-03-15 21:53:00,7.460896,11.202519,33.0,0.32
T07,GL-4592,2026-03-15 21:54:00,7.460591,11.203181,24.0,0.34
T07,GL-4592,2026-03-15 21:55:00,7.460882,11.202348,33.4,0.57
T07,GL-4592,2026-03-15 21:56:00,7.460533,11.202921,33.4,0.59
T07,GL-4592,2026-03-15 21:57:00,7.460024,11.203334,47.5,4.64
T07,GL-4592,2026-03-15 21:58:00,7.459713,11.203322,18.1,4.26
T07,GL-4592,2026-03-15 21:59:00,7.458822,11.204234,49.7,5.41
T07,GL-4592,2026-03-15 22:00:00,7.45861,11.204155,57.8,4.09
T07,GL-4592,2026-03-15 22:01:00,7.457595,11.205047,28.9,3.6
T07,GL-4592,2026-03-15 22:02:00,7.456692,11.205374,29.2,4.92
T07,GL-4592,2026-03-15 22:03:00,7.456184,11.205811,26.7,3.63
T07,GL-4592,2026-03-15 22:04:00,7.455775,11.205712,14.1,3.8
T07,GL-4592,2026-03-15 22:05:00,7.45541,11.207017,53.5,2.97
T07,GL-4592,2026-03-15 22:06:00,7.453981,11.20689,40.5,5.57
T07,GL-4592,2026-03-15 22:07:00,7.453863,11.207223,17.1,5.1
T07,GL-4592,2026-03-15 22:08:00,7.453136,11.207981,51.6,3.94
T07,GL-4592,2026-03-15 22:09:00,7.452678,11.208723,46.2,4.89
T07,GL-4592,2026-03-15 22:10:00,7.451612,11.208859,38.7,4.54
T07,GL-4592,2026-03-15 22:11:00,7.451121,11.209017,31.4,3.92
T07,GL-4592,2026-03-15 22:12:00,7.450583,11.209604,20.2,4.0
T07,GL-4592,2026-03-15 22:13:00,7.449967,11.210173,29.2,3.65
T07,GL-4592,2026-03-15 22:14:00,7.449218,11.210164,31.1,4.7
T07,GL-4592,2026-03-15 22:15:00,7.449062,11.21076,24.8,3.28
T07,GL-4592,2026-03-15 22:16:00,7.448241,11.211214,31.8,5.02
T07,GL-4592,2026-03-15 22:17:00,7.447631,11.21175,31.5,3.16
T07,GL-4592,2026-03-15 22:18:00,7.446622,11.212331,39.6,3.64
T07,GL-4592,2026-03-15 22:19:00,7.446035,11.212655,38.1,2.92
T07,GL-4592,2026-03-15 22:20:00,7.445914,11.212869,35.2,4.93
T07,GL-4592,2026-03-15 22:21:00,7.445019,11.213075,42.4,3.46
T07,GL-4592,2026-03-15 22:22:00,7.44459,11.213902,56.8,3.01
T07,GL-4592,2026-03-15 22:23:00,7.443814,11.213613,51.9,3.25
T07,GL-4592,2026-03-15 22:24:00,7.44312,11.214311,54.5,3.01
T07,GL-4592,2026-03-15 22:25:00,7.443134,11.214732,50.7,4.8
T07,GL-4592,2026-03-15 22:26:00,7.442143,11.215599,26.5,5.28
T07,GL-4592,2026-03-15 22:27:00,7.441543,11.215593,24.8,3.05
T07,GL-4592,2026-03-15 22:28:00,7.440314,11.216172,16.5,4.18
T07,GL-4592,2026-03-15 22:29:00,7.44023,11.216722,44.4,2.98
T07,GL-4592,2026-03-15 22:30:00,7.439457,11.217337,55.6,4.78
T07,GL-4592,2026-03-15 22:31:00,7.43854,11.217625,22.4,3.23
T07,GL-4592,2026-03-15 22:32:00,7.438441,11.218182,49.9,3.27
T07,GL-4592,2026-03-15 22:33:00,7.43712,11.218207,23.1,4.49
T07,GL-4592,2026-03-15 22:34:00,7.436812,11.218793,34.6,3.08
T07,GL-4592,2026-03-15 22:35:00,7.436488,11.21922,56.9,3.68
T07,GL-4592,2026-03-15 22:36:00,7.435885,11.219575,14.6,5.52
T07,GL-4592,2026-03-15 22:37:00,7.435445,11.219939,26.3,3.73
T07,GL-4592,2026-03-15 22:38:00,7.434539,11.22085,20.9,3.85
T07,GL-4592,2026-03-15 22:39:00,7.434268,11.221246,57.9,4.75
T07,GL-4592,2026-03-15 22:40:00,7.433191,11.221619,32.7,3.7
T07,GL-4592,2026-03-15 22:41:00,7.432226,11.221489,22.3,5.14
T07,GL-4592,2026-03-15 22:42:00,7.43147,11.222769,46.5,4.14
T07,GL-4592,2026-03-15 22:43:00,7.431396,11.223057,38.2,4.96
T07,GL-4592,2026-03-15 22:44:00,7.430583,11.223701,39.6,4.26
T07,GL-4592,2026-03-15 22:45:00,7.430004,11.223466,49.8,4.58
T07,GL-4592,2026-03-15 22:46:00,7.429448,11.224316,40.7,4.59
T07,GL-4592,2026-03-15 22:47:00,7.428715,11.2248,55.9,5.53
T07,GL-4592,2026-03-15 22:48:00,7.428155,11.224531,18.8,2.92
T07,GL-4592,2026-03-15 22:49:00,7.427669,11.22523,22.4,4.03
T07,GL-4592,2026-03-15 22:50:00,7.427164,11.225867,24.5,5.06
T07,GL-4592,2026-03-15 22:51:00,7.426621,11.226208,51.8,4.39
T07,GL-4592,2026-03-15 22:52:00,7.425986,11.226574,42.0,5.1
T07,GL-4592,2026-03-15 22:53:00,7.425176,11.226876,49.7,3.86
T07,GL-4592,2026-03-15 22:54:00,7.424256,11.227318,49.2,5.53
T07,GL-4592,2026-03-15 22:55:00,7.424043,11.22758,57.0,3.85
T07,GL-4592,2026-03-15 22:56:00,7.423522,11.227987,42.4,4.01
T07,GL-4592,2026-03-15 22:57:00,7.422477,11.228722,24.7,4.16
T07,GL-4592,2026-03-15 22:58:00,7.422307,11.228972,53.6,3.56
T07,GL-4592,2026-03-15 22:59:00,7.421262,11.229407,35.2,5.55
T07,GL-4592,2026-03-15 23:00:00,7.420757,11.230279,33.3,4.64
T07,GL-4592,2026-03-15 23:01:00,7.420407,11.230393,43.6,4.13
T07,GL-4592,2026-03-15 23:02:00,7.419227,11.230552,31.3,3.28
T07,GL-4592,2026-03-15 23:03:00,7.418903,11.231418,51.5,3.06
T07,GL-4592,2026-03-15 23:04:00,7.417974,11.231858,23.3,4.68
T07,GL-4592,2026-03-15 23:05:00,7.4173,11.232173,36.6,4.61
T07,GL-4592,2026-03-15 23:06:00,7.417061,11.232573,32.3,4.31
T07,GL-4592,2026-03-15 23:07:00,7.416139,11.232869,33.9,5.03
T07,GL-4592,2026-03-15 23:08:00,7.415334,11.233535,36.9,3.26
T07,GL-4592,2026-03-15 23:09:00,7.414817,11.233764,52.6,5.55
T07,GL-4592,2026-03-15 23:10:00,7.414372,11.234179,26.5,3.15
T07,GL-4592,2026-03-15 23:11:00,7.414112,11.234829,51.3,4.2
T07,GL-4592,2026-03-15 23:12:00,7.413085,11.235044,,3.6
T07,GL-4592,2026-03-15 23:13:00,7.412156,11.235466,29.1,2.82
T07,GL-4592,2026-03-15 23:14:00,7.41184,11.235656,46.3,2.92
T07,GL-4592,2026-03-15 23:15:00,7.411671,11.236121,45.1,4.67
T07,GL-4592,2026-03-15 23:16:00,7.422034,11.236933,55.4,396.24
T07,GL-4592,2026-03-15 23:17:00,7.41026,11.236491,33.0,3.83
T07,GL-4592,2026-03-15 23:18:00,7.409243,11.237136,56.9,4.01
T07,GL-4592,2026-03-15 23:19:00,7.409058,11.237872,32.4,4.01
T07,GL-4592,2026-03-15 23:20:00,7.408033,11.237974,18.6,5.04
T07,GL-4592,2026-03-15 23:21:00,7.407429,11.238821,49.7,4.43
T07,GL-4592,2026-03-15 23:22:00,7.40669,11.239508,25.5,4.5
T07,GL-4592,2026-03-15 23:23:00,7.406142,11.239494,17.3,3.8
T07,GL-4592,2026-03-15 23:24:00,7.405652,11.240217,30.0,3.73
T07,GL-4592,2026-03-15 23:25:00,7.405222,11.240179,39.2,3.72
T07,GL-4592,2026-03-15 23:26:00,7.404492,11.240914,36.6,4.12
T07,GL-4592,2026-03-15 23:27:00,7.403632,11.24156,38.5,5.36
T07,GL-4592,2026-03-15 23:28:00,7.402983,11.241671,16.1,2.92
T07,GL-4592,2026-03-15 23:29:00,7.402603,11.242282,48.8,5.26
T07,GL-4592,2026-03-15 23:30:00,7.402051,11.243139,23.0,2.84
T07,GL-4592,2026-03-15 23:31:00,7.401661,11.24298,19.9,3.16
T07,GL-4592,2026-03-15 23:32:00,7.400688,11.243605,47.5,4.48
T07,GL-4592,2026-03-15 23:33:00,7.400093,11.243963,27.0,3.11
T07,GL-4592,2026-03-15 23:34:00,7.399452,11.244438,31.6,2.89
T07,GL-4592,2026-03-15 23:35:00,7.398794,11.24501,25.4,5.43
T07,GL-4592,2026-03-15 23:36:00,7.398374,11.245084,22.7,4.05
T07,GL-4592,2026-03-15 23:37:00,7.397534,11.245864,37.4,4.31
T07,GL-4592,2026-03-15 23:38:00,7.397269,11.246043,54.9,3.91
T07,GL-4592,2026-03-15 23:39:00,7.396457,11.246584,20.0,4.92
T07,GL-4592,2026-03-15 23:40:00,7.395712,11.246905,27.6,4.65
T07,GL-4592,2026-03-15 23:41:00,7.394902,11.247296,40.1,5.6
T07,GL-4592,2026-03-15 23:42:00,7.39437,11.247697,22.5,2.96
T07,GL-4592,2026-03-15 23:43:00,7.394021,11.248089,32.9,4.2
T07,GL-4592,2026-03-15 23:44:00,7.393136,11.248707,14.1,3.1
T07,GL-4592,2026-03-15 23:45:00,7.39265,11.249048,38.8,3.78
T07,GL-4592,2026-03-15 23:46:00,7.392178,11.249497,31.4,4.43
T07,GL-4592,2026-03-15 23:47:00,7.391502,11.249693,43.7,2.83
T07,GL-4592,2026-03-15 23:48:00,7.390418,11.250262,43.5,4.39
T07,GL-4592,2026-03-15 23:49:00,7.389708,11.250996,14.0,5.53
T07,GL-4592,2026-03-15 23:50:00,7.389785,11.251234,32.6,2.91
T07,GL-4592,2026-03-15 23:51:00,7.388786,11.251894,15.3,3.15
T07,GL-4592,2026-03-15 23:52:00,7.388496,11.251724,51.2,5.15
T07,GL-4592,2026-03-15 23:53:00,7.38758,11.252308,29.1,4.69
T07,GL-4592,2026-03-15 23:54:00,7.386772,11.2525,43.2,5.19
T07,GL-4592,2026-03-15 23:55:00,7.175523,11.253052,53.7,270.5
T07,GL-4592,2026-03-15 23:56:00,7.385594,11.253587,56.7,3.49
T07,GL-4592,2026-03-15 23:57:00,7.385028,11.25395,53.3,3.75
T07,GL-4592,2026-03-15 23:58:00,7.384727,11.254173,54.5,5.03
T07,GL-4592,2026-03-15 23:59:00,7.383742,11.254478,28.1,4.43
T07,GL-4592,2026-03-16 00:00:00,7.383587,11.255229,37.3,5.5
T07,GL-4592,2026-03-16 00:01:00,7.382448,11.255716,22.0,4.91
T07,GL-4592,2026-03-16 00:02:00,7.382194,11.256267,28.3,3.12
T07,GL-4592,2026-03-16 00:03:00,7.381455,11.256803,56.4,5.1
T07,GL-4592,2026-03-16 00:04:00,7.380877,11.257021,15.7,4.61
T07,GL-4592,2026-03-16 00:05:00,7.380594,11.257751,28.8,4.36
T07,GL-4592,2026-03-16 00:06:00,7.379123,11.25792,26.7,3.23
T07,GL-4592,2026-03-16 00:07:00,7.378442,11.258945,38.2,5.17
T07,GL-4592,2026-03-16 00:08:00,7.378266,11.258587,18.0,4.83
T07,GL-4592,2026-03-16 00:09:00,7.377517,11.259014,31.5,4.78
T07,GL-4592,2026-03-16 00:10:00,7.376811,11.259925,46.9,3.52
T07,GL-4592,2026-03-16 00:11:00,7.376145,11.260036,28.3,3.06
T07,GL-4592,2026-03-16 00:12:00,7.375821,11.260661,23.8,3.16
T07,GL-4592,2026-03-16 00:13:00,7.374993,11.260707,36.4,5.57
T07,GL-4592,2026-03-16 00:14:00,7.374452,11.261176,55.3,5.24
T07,GL-4592,2026-03-16 00:15:00,7.373688,11.262288,47.2,3.79
T07,GL-4592,2026-03-16 00:16:00,7.37292,11.262006,35.7,3.7
T07,GL-4592,2026-03-16 00:17:00,7.372454,11.262237,49.8,4.82
T07,GL-4592,2026-03-16 00:18:00,7.37162,11.262611,26.4,4.3
T07,GL-4592,2026-03-16 00:19:00,7.371554,11.263406,39.6,4.83
T07,GL-4592,2026-03-16 00:20:00,7.371139,11.263769,27.3,3.27
T07,GL-4592,2026-03-16 00:21:00,7.369996,11.26417,37.1,4.66
T07,GL-4592,2026-03-16 00:22:00,7.3695,11.264739,21.1,3.88
T07,GL-4592,2026-03-16 00:23:00,7.368793,11.265309,33.1,4.67
T07,GL-4592,2026-03-16 00:24:00,7.368359,11.265537,55.6,4.13
T07,GL-4592,2026-03-16 00:25:00,7.36727,11.2659,27.1,5.5
T07,GL-4592,2026-03-16 00:26:00,7.366885,11.266385,43.1,3.44
T07,GL-4592,2026-03-16 00:27:00,7.366672,11.266691,22.7,5.11
T07,GL-4592,2026-03-16 00:28:00,7.365844,11.267533,45.9,4.19
T07,GL-4592,2026-03-16 00:29:00,7.365159,11.267874,31.3,4.37
T07,GL-4592,2026-03-16 00:30:00,7.364656,11.268111,33.7,3.19
T07,GL-4592,2026-03-16 00:31:00,7.364289,11.268813,25.5,3.36
T07,GL-4592,2026-03-16 00:32:00,7.363022,11.269576,,4.58
T07,GL-4592,2026-03-16 00:33:00,7.362623,11.269364,47.5,3.1
T07,GL-4592,2026-03-16 00:34:00,7.362507,11.270235,43.5,2.81
T07,GL-4592,2026-03-16 00:35:00,7.361405,11.270116,57.2,2.88
T07,GL-4592,2026-03-16 00:36:00,7.360826,11.270863,17.4,3.23
T07,GL-4592,2026-03-16 00:37:00,7.360433,11.271198,37.3,4.49
T07,GL-4592,2026-03-16 00:38:00,7.35934,11.271445,52.7,5.33
T07,GL-4592,2026-03-16 00:39:00,7.358547,11.271901,31.6,4.47
T07,GL-4592,2026-03-16 00:40:00,7.358052,11.272093,54.4,3.25
T07,GL-4592,2026-03-16 00:41:00,7.357196,11.272878,34.0,2.83
T07,GL-4592,2026-03-16 00:42:00,7.357234,11.27297,57.3,3.68
T07,GL-4592,2026-03-16 00:43:00,7.356605,11.273401,33.8,3.29
T07,GL-4592,2026-03-16 00:44:00,7.355513,11.273683,48.9,4.91
T07,GL-4592,2026-03-16 00:45:00,7.35494,11.274557,19.7,4.85
T07,GL-4592,2026-03-16 00:46:00,7.35437,11.27479,19.3,3.16
T07,GL-4592,2026-03-16 00:47:00,7.354008,11.275248,28.0,5.05
T07,GL-4592,2026-03-16 00:48:00,7.35302,11.275774,53.0,4.68
T07,GL-4592,2026-03-16 00:49:00,7.35278,11.275895,55.2,4.39
T07,GL-4592,2026-03-16 00:50:00,7.351932,11.276684,53.9,4.17
T07,GL-4592,2026-03-16 00:51:00,7.35131,11.277084,30.2,4.76
T07,GL-4592,2026-03-16 00:52:00,7.351011,11.277341,19.4,4.71
T07,GL-4592,2026-03-16 00:53:00,7.350054,11.277603,42.3,4.27
T07,GL-4592,2026-03-16 00:54:00,7.349419,11.278513,39.6,3.52
T07,GL-4592,2026-03-16 00:55:00,7.348753,11.278506,54.7,4.4
T07,GL-4592,2026-03-16 00:56:00,7.348326,11.279039,26.5,3.73
T07,GL-4592,2026-03-16 00:57:00,7.347877,11.279555,48.4,4.07
T07,GL-4592,2026-03-16 00:58:00,7.346807,11.279878,45.9,4.04
T07,GL-4592,2026-03-16 00:59:00,7.34629,11.280233,37.9,5.13
T07,GL-4592,2026-03-16 01:00:00,7.345792,11.280936,,5.48
T07,GL-4592,2026-03-16 01:01:00,7.345202,11.280866,40.0,2.93
T07,GL-4592,2026-03-16 01:02:00,7.344334,11.281929,48.3,4.03
T07,GL-4592,2026-03-16 01:03:00,7.343923,11.282021,38.2,3.45
T07,GL-4592,2026-03-16 01:04:00,7.343437,11.282647,34.2,5.35
T07,GL-4592,2026-03-16 01:05:00,7.34211,11.283083,44.3,4.76
T07,GL-4592,2026-03-16 01:06:00,7.34184,11.283684,14.2,4.68
T07,GL-4592,2026-03-16 01:07:00,7.341512,11.283992,20.0,4.7
T07,GL-4592,2026-03-16 01:08:00,7.341223,11.284169,51.5,3.01
T07,GL-4592,2026-03-16 01:09:00,7.339768,11.284496,37.6,2.85
T07,GL-4592,2026-03-16 01:10:00,7.339161,11.284686,51.8,4.04
T07,GL-4592,2026-03-16 01:11:00,7.339381,11.285282,51.7,4.32
T07,GL-4592,2026-03-16 01:12:00,7.338372,11.285662,45.5,5.1
T07,GL-4592,2026-03-16 01:13:00,7.337838,11.286393,22.2,3.53
T07,GL-4592,2026-03-16 01:14:00,7.336978,11.286784,56.2,3.24
T07,GL-4592,2026-03-16 01:15:00,7.335863,11.287274,22.7,3.87
T07,GL-4592,2026-03-16 01:16:00,7.335706,11.288204,40.6,3.37
T07,GL-4592,2026-03-16 01:17:00,7.335532,11.288171,30.1,3.16
T07,GL-4592,2026-03-16 01:18:00,7.334089,11.288163,21.9,3.9
T07,GL-4592,2026-03-16 01:19:00,7.333726,11.288575,21.2,3.89
T07,GL-4592,2026-03-16 01:20:00,7.333149,11.289256,24.7,3.99
T07,GL-4592,2026-03-16 01:21:00,7.332702,11.289525,42.6,4.4
T07,GL-4592,2026-03-16 01:22:00,7.332303,11.290137,23.0,5.02
T07,GL-4592,2026-03-16 01:23:00,7.331487,11.290616,23.4,3.33
T07,GL-4592,2026-03-16 01:24:00,7.331147,11.290969,49.7,3.28
T07,GL-4592,2026-03-16 01:25:00,7.329811,11.291271,56.9,3.26
T07,GL-4592,2026-03-16 01:26:00,7.329441,11.2917,50.4,3.53
T07,GL-4592,2026-03-16 01:27:00,7.328445,11.291763,,4.99
T07,GL-4592,2026-03-16 01:28:00,7.328213,11.293078,57.5,4.46
T07,GL-4592,2026-03-16 01:29:00,7.32737,11.293323,53.1,4.0
T07,GL-4592,2026-03-16 01:30:00,7.326844,11.293377,47.3,4.0
T07,GL-4592,2026-03-16 01:31:00,7.326645,11.293722,41.3,5.04
T07,GL-4592,2026-03-16 01:32:00,7.325683,11.294588,36.5,4.76
T07,GL-4592,2026-03-16 01:33:00,7.325318,11.29505,32.6,4.99
T07,GL-4592,2026-03-16 01:34:00,7.324432,11.295107,26.9,3.18
T07,GL-4592,2026-03-16 01:35:00,7.324246,11.295315,49.4,4.58
T07,GL-4592,2026-03-16 01:36:00,7.323273,11.296008,45.9,4.75
T07,GL-4592,2026-03-16 01:37:00,7.322434,11.296337,36.6,3.1
T07,GL-4592,2026-03-16 01:38:00,7.322095,11.297259,55.9,3.91
T07,GL-4592,2026-03-16 01:39:00,7.321263,11.297394,41.4,4.93
T07,GL-4592,2026-03-16 01:40:00,7.320414,11.297306,50.9,5.48
T07,GL-4592,2026-03-16 01:41:00,7.320231,11.298509,55.9,3.04
T07,GL-4592,2026-03-16 01:42:00,7.31925,11.29824,35.9,4.94
T07,GL-4592,2026-03-16 01:43:00,7.318975,11.299217,42.8,5.52
T07,GL-4592,2026-03-16 01:44:00,7.318662,11.29895,35.7,3.76
T07,GL-4592,2026-03-16 01:45:00,7.317408,11.299432,14.8,3.51
T07,GL-4592,2026-03-16 01:46:00,7.316978,11.300205,54.0,4.92
T07,GL-4592,2026-03-16 01:47:00,7.316814,11.30093,28.2,3.58
T07,GL-4592,2026-03-16 01:48:00,7.31543,11.301021,,3.86
T07,GL-4592,2026-03-16 01:49:00,7.314964,11.301112,30.0,4.99
T07,GL-4592,2026-03-16 01:50:00,7.314341,11.301707,31.4,4.82
T07,GL-4592,2026-03-16 01:51:00,7.313343,11.302207,40.1,4.72
T07,GL-4592,2026-03-16 01:52:00,7.313134,11.302774,48.6,4.0
T07,GL-4592,2026-03-16 01:53:00,7.312556,11.303406,51.8,2.94
T07,GL-4592,2026-03-16 01:54:00,7.311984,11.304123,26.5,2.93
T07,GL-4592,2026-03-16 01:55:00,7.311047,11.304468,25.6,3.91
T07,GL-4592,2026-03-16 01:56:00,7.310433,11.304335,44.5,3.09
T07,GL-4592,2026-03-16 01:57:00,7.310098,11.304993,49.3,3.41
T07,GL-4592,2026-03-16 01:58:00,7.310065,11.30485,46.8,0.54
T07,GL-4592,2026-03-16 01:59:00,7.309906,11.304879,29.4,0.55
T07,GL-4592,2026-03-16 02:00:00,7.310596,11.304867,38.9,0.6
T07,GL-4592,2026-03-16 02:01:00,7.30992,11.30461,26.7,0.29
T07,GL-4592,2026-03-16 02:02:00,7.310219,11.304644,48.7,0.46
T07,GL-4592,2026-03-16 02:03:00,7.310471,11.304944,22.3,0.88
T07,GL-4592,2026-03-16 02:04:00,7.310341,11.30487,19.9,0.03
T07,GL-4592,2026-03-16 02:05:00,7.310222,11.305114,52.7,0.22
T07,GL-4592,2026-03-16 02:06:00,7.310702,11.304638,48.3,0.31
T07,GL-4592,2026-03-16 02:07:00,7.310153,11.305531,14.2,0.48
T07,GL-4592,2026-03-16 02:08:00,7.309657,11.305097,53.5,0.64
T07,GL-4592,2026-03-16 02:09:00,7.310356,11.305312,16.4,0.39
T07,GL-4592,2026-03-16 02:10:00,7.310234,11.305231,32.5,0.34
T07,GL-4592,2026-03-16 02:11:00,7.310098,11.305484,34.5,0.47
T07,GL-4592,2026-03-16 02:12:00,7.309966,11.305053,49.1,0.78
T07,GL-4592,2026-03-16 02:13:00,7.310538,11.304921,32.9,0.81
T07,GL-4592,2026-03-16 02:14:00,7.310011,11.304889,45.2,0.15
T07,GL-4592,2026-03-16 02:15:00,7.310241,11.304762,40.0,0.51
T07,GL-4592,2026-03-16 02:16:00,7.310154,11.304856,46.3,0.15
T07,GL-4592,2026-03-16 02:17:00,7.310254,11.304352,27.6,0.87
T07,GL-4592,2026-03-16 02:18:00,7.309596,11.304634,51.6,0.77
T07,GL-4592,2026-03-16 02:19:00,7.309912,11.305006,36.5,0.15
T07,GL-4592,2026-03-16 02:20:00,7.310175,11.30491,52.2,0.77
T07,GL-4592,2026-03-16 02:21:00,7.309754,11.304733,20.6,0.09
T07,GL-4592,2026-03-16 02:22:00,7.309994,11.305022,26.5,0.06
T07,GL-4592,2026-03-16 02:23:00,7.309995,11.304834,52.1,0.47
T07,GL-4592,2026-03-16 02:24:00,7.310823,11.304592,30.3,3.35
T07,GL-4592,2026-03-16 02:25:00,7.311549,11.304529,21.5,4.85
T07,GL-4592,2026-03-16 02:26:00,7.311679,11.304203,21.6,3.63
T07,GL-4592,2026-03-16 02:27:00,7.313062,11.304312,46.9,4.4
T07,GL-4592,2026-03-16 02:28:00,7.313467,11.30377,39.2,5.24
T07,GL-4592,2026-03-16 02:29:00,7.314114,11.30367,14.5,2.93
T07,GL-4592,2026-03-16 02:30:00,7.315221,11.303049,20.2,5.11
T07,GL-4592,2026-03-16 02:31:00,7.315556,11.302884,17.4,5.06
T07,GL-4592,2026-03-16 02:32:00,7.316138,11.302788,15.4,3.05
T07,GL-4592,2026-03-16 02:33:00,7.31691,11.30272,47.5,4.56
T07,GL-4592,2026-03-16 02:34:00,7.317699,11.30249,39.4,5.18
T07,GL-4592,2026-03-16 02:35:00,7.31797,11.302255,29.8,3.35
T07,GL-4592,2026-03-16 02:36:00,7.319133,11.301825,34.6,4.96
T07,GL-4592,2026-03-16 02:37:00,7.319404,11.301411,30.4,5.43
T07,GL-4592,2026-03-16 02:38:00,7.320145,11.301414,51.1,3.36
T07,GL-4592,2026-03-16 02:39:00,7.320464,11.301036,21.8,3.79
T07,GL-4592,2026-03-16 02:40:00,7.3214,11.300726,56.9,3.53
T07,GL-4592,2026-03-16 02:41:00,7.322425,11.301161,17.5,5.57
T07,GL-4592,2026-03-16 02:42:00,7.32266,11.300541,41.7,3.47
T07,GL-4592,2026-03-16 02:43:00,7.323016,11.300033,47.1,4.97
T07,GL-4592,2026-03-16 02:44:00,7.323903,11.300135,35.2,4.88
T07,GL-4592,2026-03-16 02:45:00,7.324763,11.299609,43.9,4.48
T07,GL-4592,2026-03-16 02:46:00,7.32528,11.29925,40.2,2.91
T07,GL-4592,2026-03-16 02:47:00,7.326303,11.29897,32.0,4.89
T07,GL-4592,2026-03-16 02:48:00,7.327364,11.298895,45.8,3.25
T07,GL-4592,2026-03-16 02:49:00,7.326841,11.298686,34.9,5.38
T07,GL-4592,2026-03-16 02:50:00,7.328282,11.298674,45.9,3.21
T07,GL-4592,2026-03-16 02:51:00,7.329035,11.297952,43.5,3.4
T07,GL-4592,2026-03-16 02:52:00,7.329514,11.297951,44.4,5.07
T07,GL-4592,2026-03-16 02:53:00,7.329805,11.297417,21.3,4.79
T07,GL-4592,2026-03-16 02:54:00,7.330653,11.297558,27.0,5.51
T07,GL-4592,2026-03-16 02:55:00,7.331176,11.297475,55.2,3.04
T07,GL-4592,2026-03-16 02:56:00,7.33187,11.296732,32.3,4.3
T07,GL-4592,2026-03-16 02:57:00,7.332677,11.296914,57.4,3.29
T07,GL-4592,2026-03-16 02:58:00,7.33367,11.296569,34.8,4.85
T07,GL-4592,2026-03-16 02:59:00,7.334191,11.296476,37.7,4.0
T07,GL-4592,2026-03-16 03:00:00,7.335337,11.296025,16.7,3.22
T07,GL-4592,2026-03-16 03:01:00,7.335472,11.296196,20.3,3.5
T07,GL-4592,2026-03-16 03:02:00,7.336212,11.295802,25.3,2.9
T07,GL-4592,2026-03-16 03:03:00,7.3369,11.295645,49.1,5.04
T07,GL-4592,2026-03-16 03:04:00,7.337519,11.295077,49.1,4.5
T07,GL-4592,2026-03-16 03:05:00,7.338258,11.294503,15.2,3.46
T07,GL-4592,2026-03-16 03:06:00,7.339149,11.294415,56.4,4.62
T07,GL-4592,2026-03-16 03:07:00,7.339432,11.294133,14.8,4.2
T07,GL-4592,2026-03-16 03:08:00,7.340297,11.29414,35.3,4.63
T07,GL-4592,2026-03-16 03:09:00,7.340888,11.293928,57.6,5.49
T07,GL-4592,2026-03-16 03:10:00,7.342024,11.29378,56.8,5.46
T07,GL-4592,2026-03-16 03:11:00,7.342362,11.293741,27.0,5.36
T07,GL-4592,2026-03-16 03:12:00,7.343012,11.293049,46.7,3.33
T07,GL-4592,2026-03-16 03:13:00,7.344015,11.293333,46.0,3.52
T07,GL-4592,2026-03-16 03:14:00,7.344208,11.292896,45.8,2.96
T07,GL-4592,2026-03-16 03:15:00,7.345055,11.292536,40.7,2.83
T07,GL-4592,2026-03-16 03:16:00,7.345588,11.292573,21.4,4.74
T07,GL-4592,2026-03-16 03:17:00,7.346183,11.292124,26.5,3.49
T07,GL-4592,2026-03-16 03:18:00,7.346727,11.291706,53.5,4.34
T07,GL-4592,2026-03-16 03:19:00,7.347532,11.291709,57.9,3.98
T07,GL-4592,2026-03-16 03:20:00,7.348217,11.291491,44.4,3.13
T07,GL-4592,2026-03-16 03:21:00,7.348813,11.291116,49.4,4.94
T07,GL-4592,2026-03-16 03:22:00,7.34977,11.290827,47.4,3.39
T07,GL-4592,2026-03-16 03:23:00,7.350237,11.290521,55.0,4.11
T07,GL-4592,2026-03-16 03:24:00,7.350721,11.290473,18.6,4.39
T07,GL-4592,2026-03-16 03:25:00,7.35182,11.290241,21.9,4.17
T07,GL-4592,2026-03-16 03:26:00,7.352198,11.289216,38.6,3.82
T07,GL-4592,2026-03-16 03:27:00,7.35276,11.289803,25.7,3.49
T07,GL-4592,2026-03-16 03:28:00,7.353972,11.289725,53.1,3.22
T07,GL-4592,2026-03-16 03:29:00,7.354086,11.289198,37.3,3.73
T07,GL-4592,2026-03-16 03:30:00,7.35481,11.288939,22.3,4.78
T07,GL-4592,2026-03-16 03:31:00,7.35547,11.28873,37.2,4.76
T07,GL-4592,2026-03-16 03:32:00,7.355981,11.288718,28.1,4.55
T07,GL-4592,2026-03-16 03:33:00,7.35711,11.287816,54.9,2.81
T07,GL-4592,2026-03-16 03:34:00,7.35747,11.288265,26.9,4.76
T07,GL-4592,2026-03-16 03:35:00,7.357933,11.287319,15.8,4.62
T07,GL-4592,2026-03-16 03:36:00,7.35882,11.287769,19.6,3.8
T07,GL-4592,2026-03-16 03:37:00,7.359734,11.286836,38.0,4.92
T07,GL-4592,2026-03-16 03:38:00,7.360175,11.28715,49.9,3.7
T07,GL-4592,2026-03-16 03:39:00,7.361104,11.28687,25.6,2.84
T07,GL-4592,2026-03-16 03:40:00,7.361409,11.286491,51.0,3.02
T07,GL-4592,2026-03-16 03:41:00,7.362303,11.286109,33.4,5.46
T07,GL-4592,2026-03-16 03:42:00,7.362781,11.286121,16.3,4.19
T07,GL-4592,2026-03-16 03:43:00,7.363616,11.285674,28.1,3.12
T07,GL-4592,2026-03-16 03:44:00,7.363995,11.285428,55.1,3.7
T07,GL-4592,2026-03-16 03:45:00,7.365142,11.285912,35.0,3.03
T07,GL-4592,2026-03-16 03:46:00,7.365498,11.284979,27.3,3.96
T07,GL-4592,2026-03-16 03:47:00,7.366096,11.284615,37.9,3.16
T07,GL-4592,2026-03-16 03:48:00,7.366789,11.284721,32.1,2.87
T07,GL-4592,2026-03-16 03:49:00,7.367667,11.284111,19.5,4.5
T07,GL-4592,2026-03-16 03:50:00,7.368114,11.283977,30.8,3.41
T07,GL-4592,2026-03-16 03:51:00,7.368828,11.284318,39.7,3.22
T07,GL-4592,2026-03-16 03:52:00,7.369648,11.28363,41.1,4.81
T07,GL-4592,2026-03-16 03:53:00,7.370265,11.283163,35.7,3.26
T07,GL-4592,2026-03-16 03:54:00,7.370972,11.283387,40.2,4.93
T07,GL-4592,2026-03-16 03:55:00,7.371506,11.282961,29.1,4.18
T07,GL-4592,2026-03-16 03:56:00,7.372281,11.282405,20.6,3.74
T07,GL-4592,2026-03-16 03:57:00,7.373256,11.282447,31.7,3.19
T07,GL-4592,2026-03-16 03:58:00,7.37341,11.281614,57.4,4.4
T07,GL-4592,2026-03-16 03:59:00,7.374188,11.282184,47.5,5.13
T07,GL-4592,2026-03-16 04:00:00,7.375131,11.281969,29.3,3.2
T07,GL-4592,2026-03-16 04:01:00,7.375501,11.281784,25.7,4.67
T07,GL-4592,2026-03-16 04:02:00,7.376366,11.280983,34.1,4.34
T07,GL-4592,2026-03-16 04:03:00,7.377056,11.28057,22.6,3.82
T07,GL-4592,2026-03-16 04:04:00,7.377343,11.280755,16.7,3.73
T07,GL-4592,2026-03-16 04:05:00,7.378109,11.280041,53.8,3.73
T07,GL-4592,2026-03-16 04:06:00,7.378866,11.280151,53.9,5.54
T07,GL-4592,2026-03-16 04:07:00,7.379726,11.279966,32.2,4.68
T07,GL-4592,2026-03-16 04:08:00,7.380107,11.27993,39.7,4.08
T07,GL-4592,2026-03-16 04:09:00,7.381096,11.279851,44.5,3.37
T07,GL-4592,2026-03-16 04:10:00,7.381444,11.27925,41.2,3.74
T07,GL-4592,2026-03-16 04:11:00,7.382414,11.279242,33.8,3.24
T07,GL-4592,2026-03-16 04:12:00,7.383208,11.278691,29.6,3.07
T07,GL-4592,2026-03-16 04:13:00,7.383632,11.278491,55.9,4.28
T07,GL-4592,2026-03-16 04:14:00,7.384024,11.277989,18.9,4.43
T07,GL-4592,2026-03-16 04:15:00,7.385077,11.27789,30.4,4.53
T07,GL-4592,2026-03-16 04:16:00,7.385892,11.278103,43.8,3.0
T07,GL-4592,2026-03-16 04:17:00,7.386204,11.277632,50.9,4.35
T07,GL-4592,2026-03-16 04:18:00,7.387124,11.277711,15.9,4.14
T07,GL-4592,2026-03-16 04:19:00,7.38788,11.277427,51.0,4.24
T07,GL-4592,2026-03-16 04:20:00,7.388459,11.277187,35.9,3.51
T07,GL-4592,2026-03-16 04:21:00,7.389118,11.276738,28.6,4.46
T07,GL-4592,2026-03-16 04:22:00,7.389555,11.276408,33.3,3.39
T07,GL-4592,2026-03-16 04:23:00,7.390128,11.276514,23.5,3.59
T07,GL-4592,2026-03-16 04:24:00,7.391373,11.275798,39.9,4.66
T07,GL-4592,2026-03-16 04:25:00,7.391596,11.275451,40.6,4.52
T07,GL-4592,2026-03-16 04:26:00,7.392014,11.276093,45.8,2.81
T07,GL-4592,2026-03-16 04:27:00,7.393159,11.275181,55.8,4.26
T07,GL-4592,2026-03-16 04:28:00,7.393861,11.275166,29.2,4.32
T07,GL-4592,2026-03-16 04:29:00,7.394724,11.274887,19.6,4.1
T07,GL-4592,2026-03-16 04:30:00,7.395056,11.274707,19.7,4.11
T07,GL-4592,2026-03-16 04:31:00,7.395913,11.274564,37.7,3.39
T07,GL-4592,2026-03-16 04:32:00,7.396185,11.273862,50.8,3.91
T07,GL-4592,2026-03-16 04:33:00,7.396806,11.273625,43.9,4.3
T07,GL-4592,2026-03-16 04:34:00,7.397814,11.273762,51.2,4.65
T07,GL-4592,2026-03-16 04:35:00,7.398257,11.273311,42.7,3.54
T07,GL-4592,2026-03-16 04:36:00,7.399266,11.273098,,4.66
T07,GL-4592,2026-03-16 04:37:00,7.399784,11.272598,56.4,3.97
T07,GL-4592,2026-03-16 04:38:00,7.399935,11.27263,42.6,5.59
T07,GL-4592,2026-03-16 04:39:00,7.400834,11.272572,22.8,4.52
T07,GL-4592,2026-03-16 04:40:00,7.401463,11.272352,49.4,5.12
T07,GL-4592,2026-03-16 04:41:00,7.402254,11.271902,32.3,3.57
T07,GL-4592,2026-03-16 04:42:00,7.403162,11.271742,15.5,3.79
T07,GL-4592,2026-03-16 04:43:00,7.403735,11.271519,22.6,3.04
T07,GL-4592,2026-03-16 04:44:00,7.404646,11.271019,57.5,4.58
T07,GL-4592,2026-03-16 04:45:00,7.404921,11.270836,14.6,2.92
T07,GL-4592,2026-03-16 04:46:00,7.405783,11.270914,34.5,4.62
T07,GL-4592,2026-03-16 04:47:00,7.40624,11.270569,32.8,3.21
T07,GL-4592,2026-03-16 04:48:00,7.407039,11.269871,58.0,3.31
T07,GL-4592,2026-03-16 04:49:00,7.407762,11.269945,14.2,5.57
T07,GL-4592,2026-03-16 04:50:00,7.408631,11.269497,14.8,3.18
T07,GL-4592,2026-03-16 04:51:00,7.409083,11.269613,50.8,5.13
T07,GL-4592,2026-03-16 04:52:00,7.409833,11.269327,17.4,4.97
T07,GL-4592,2026-03-16 04:53:00,7.410363,11.269113,27.2,4.02
T07,GL-4592,2026-03-16 04:54:00,7.411347,11.268523,14.7,4.52
T07,GL-4592,2026-03-16 04:55:00,7.411748,11.268374,54.2,3.67
T07,GL-4592,2026-03-16 04:56:00,7.41247,11.268129,17.7,4.64
T07,GL-4592,2026-03-16 04:57:00,7.413342,11.268493,50.9,4.52
T07,GL-4592,2026-03-16 04:58:00,7.413789,11.267576,51.0,5.41
T07,GL-4592,2026-03-16 04:59:00,7.41443,11.267646,19.5,4.74
T07,GL-4592,2026-03-16 05:00:00,7.415177,11.267354,40.4,4.18
T07,GL-4592,2026-03-16 05:01:00,7.415574,11.267052,19.7,3.7
T07,GL-4592,2026-03-16 05:02:00,7.416893,11.266464,42.1,4.34
T07,GL-4592,2026-03-16 05:03:00,7.417251,11.266702,28.5,3.25
T07,GL-4592,2026-03-16 05:04:00,7.417986,11.26659,51.7,4.53
T07,GL-4592,2026-03-16 05:05:00,7.418447,11.266064,42.0,3.03
T07,GL-4592,2026-03-16 05:06:00,7.418911,11.266027,57.5,4.56
T07,GL-4592,2026-03-16 05:07:00,7.419568,11.265754,50.4,3.3
T07,GL-4592,2026-03-16 05:08:00,7.420246,11.26515,57.5,3.63
T07,GL-4592,2026-03-16 05:09:00,7.421367,11.264847,39.9,3.5
T07,GL-4592,2026-03-16 05:10:00,7.421709,11.265404,21.4,3.64
T07,GL-4592,2026-03-16 05:11:00,7.42248,11.264795,53.6,3.86
T07,GL-4592,2026-03-16 05:12:00,7.423198,11.264403,41.6,4.78
T07,GL-4592,2026-03-16 05:13:00,7.423788,11.264298,17.0,5.51
T07,GL-4592,2026-03-16 05:14:00,7.4248,11.264463,28.5,4.5
T07,GL-4592,2026-03-16 05:15:00,7.425201,11.263509,46.8,3.45
T07,GL-4592,2026-03-16 05:16:00,7.42581,11.263443,52.1,5.15
T07,GL-4592,2026-03-16 05:17:00,7.426323,11.263093,22.2,3.67
T07,GL-4592,2026-03-16 05:18:00,7.427019,11.262959,37.1,3.4
T07,GL-4592,2026-03-16 05:19:00,7.427454,11.2626,30.3,3.68
T07,GL-4592,2026-03-16 05:20:00,7.428246,11.262485,40.3,3.79
T07,GL-4592,2026-03-16 05:21:00,7.428534,11.262505,15.9,3.06
T07,GL-4592,2026-03-16 05:22:00,7.429915,11.261967,35.3,4.27
T07,GL-4592,2026-03-16 05:23:00,7.430265,11.26213,53.1,3.4
T07,GL-4592,2026-03-16 05:24:00,7.430712,11.261426,15.3,4.14
T07,GL-4592,2026-03-16 05:25:00,7.431712,11.261241,17.0,4.77
T07,GL-4592,2026-03-16 05:26:00,7.432254,11.26107,43.3,4.73
T07,GL-4592,2026-03-16 05:27:00,7.432913,11.260907,28.2,4.5
T07,GL-4592,2026-03-16 05:28:00,7.433753,11.260556,14.5,3.8
T07,GL-4592,2026-03-16 05:29:00,7.434609,11.260715,32.1,3.42
T07,GL-4592,2026-03-16 05:30:00,7.434845,11.260151,41.6,3.45
T07,GL-4592,2026-03-16 05:31:00,7.435873,11.260161,33.5,4.8
T07,GL-4592,2026-03-16 05:32:00,7.436476,11.259677,55.6,5.2
T07,GL-4592,2026-03-16 05:33:00,7.43733,11.259412,52.6,5.02
T07,GL-4592,2026-03-16 05:34:00,7.437738,11.259217,44.3,5.56
T07,GL-4592,2026-03-16 05:35:00,7.438555,11.258648,18.8,4.24
T07,GL-4592,2026-03-16 05:36:00,7.439229,11.25887,24.0,4.49
T07,GL-4592,2026-03-16 05:37:00,7.44003,11.258191,42.9,5.5
T07,GL-4592,2026-03-16 05:38:00,7.440439,11.258394,52.1,4.4
T07,GL-4592,2026-03-16 05:39:00,7.441194,11.257974,32.4,3.02
T07,GL-4592,2026-03-16 05:40:00,7.441561,11.257569,39.4,4.84
T07,GL-4592,2026-03-16 05:41:00,7.442384,11.257224,23.8,5.33
T07,GL-4592,2026-03-16 05:42:00,7.443064,11.256985,25.6,4.99
T07,GL-4592,2026-03-16 05:43:00,7.44378,11.25653,57.4,4.21
T07,GL-4592,2026-03-16 05:44:00,7.444572,11.256769,47.4,5.5
T07,GL-4592,2026-03-16 05:45:00,7.445232,11.256474,16.4,2.81
T07,GL-4592,2026-03-16 05:46:00,7.445679,11.256628,32.6,4.5
T07,GL-4592,2026-03-16 05:47:00,7.446304,11.256229,29.1,4.38
T07,GL-4592,2026-03-16 05:48:00,7.44717,11.255735,18.2,3.72
T07,GL-4592,2026-03-16 05:49:00,7.447847,11.255716,19.0,3.33
T07,GL-4592,2026-03-16 05:50:00,7.448646,11.255595,51.6,3.14
T07,GL-4592,2026-03-16 05:51:00,7.449076,11.255263,36.7,4.99
T07,GL-4592,2026-03-16 05:52:00,7.449645,11.255027,28.9,4.56
T07,GL-4592,2026-03-16 05:53:00,7.450234,11.255041,48.5,3.96
T07,GL-4592,2026-03-16 05:54:00,7.4515,11.254354,46.9,5.16
T07,GL-4592,2026-03-16 05:55:00,7.451514,11.253969,16.3,4.0
T07,GL-4592,2026-03-16 05:56:00,7.452483,11.253801,34.2,3.22
T07,GL-4592,2026-03-16 05:57:00,7.453,11.253807,46.9,3.73
T07,GL-4592,2026-03-16 05:58:00,7.453782,11.253244,,4.57
T07,GL-4592,2026-03-16 05:59:00,7.45445,11.252991,16.2,3.09
T07,GL-4592,2026-03-16 06:00:00,7.454964,11.252912,30.7,2.93
T07,GL-4592,2026-03-16 06:01:00,7.45506,11.252702,35.1,4.6
T07,GL-4592,2026-03-16 06:02:00,7.456667,11.252673,19.7,5.32
T07,GL-4592,2026-03-16 06:03:00,7.457105,11.252105,56.2,3.91
T07,GL-4592,2026-03-16 06:04:00,7.457979,11.252047,40.7,3.34
T07,GL-4592,2026-03-16 06:05:00,7.458872,11.251762,38.6,3.51
T07,GL-4592,2026-03-16 06:06:00,7.459213,11.251299,35.7,3.15
T07,GL-4592,2026-03-16 06:07:00,7.459757,11.251266,41.9,4.71
T07,GL-4592,2026-03-16 06:08:00,7.460368,11.251355,,4.41
T07,GL-4592,2026-03-16 06:09:00,7.461017,11.250941,31.6,5.53
T07,GL-4592,2026-03-16 06:10:00,7.462071,11.250132,,3.79
T07,GL-4592,2026-03-16 06:11:00,7.462558,11.250359,24.0,4.27
T07,GL-4592,2026-03-16 06:12:00,7.462951,11.249708,43.4,5.45
T07,GL-4592,2026-03-16 06:13:00,7.463899,11.249603,29.0,3.25
T07,GL-4592,2026-03-16 06:14:00,7.464603,11.249541,17.3,3.36
T07,GL-4592,2026-03-16 06:15:00,7.464815,11.249285,37.5,3.07
T07,GL-4592,2026-03-16 06:16:00,7.465505,11.248882,19.1,4.4
T07,GL-4592,2026-03-16 06:17:00,7.466561,11.249078,32.8,3.71
T07,GL-4592,2026-03-16 06:18:00,7.467183,11.248501,20.5,4.12
T07,GL-4592,2026-03-16 06:19:00,7.468236,11.248253,46.1,5.39
T07,GL-4592,2026-03-16 06:20:00,7.468645,11.248206,32.4,5.24
T07,GL-4592,2026-03-16 06:21:00,7.469703,11.247721,16.6,3.94
T07,GL-4592,2026-03-16 06:22:00,7.469794,11.247941,29.3,4.41
T07,GL-4592,2026-03-16 06:23:00,7.470504,11.247532,54.9,4.4
T07,GL-4592,2026-03-16 06:24:00,7.471299,11.247324,30.5,3.31
T07,GL-4592,2026-03-16 06:25:00,7.472093,11.247017,53.4,5.1
T07,GL-4592,2026-03-16 06:26:00,7.47229,11.246311,16.2,4.58
T07,GL-4592,2026-03-16 06:27:00,7.473156,11.246418,32.5,5.45
T07,GL-4592,2026-03-16 06:28:00,7.473876,11.246296,18.3,3.5
T07,GL-4592,2026-03-16 06:29:00,7.474495,11.246096,39.0,5.07
T07,GL-4592,2026-03-16 06:30:00,7.475227,11.245818,18.1,4.98
T07,GL-4592,2026-03-16 06:31:00,7.475797,11.245562,29.1,4.39
T07,GL-4592,2026-03-16 06:32:00,7.476738,11.245022,47.6,4.39
T07,GL-4592,2026-03-16 06:33:00,7.477515,11.24501,32.2,3.43
T07,GL-4592,2026-03-16 06:34:00,7.478118,11.244976,19.5,4.01
T07,GL-4592,2026-03-16 06:35:00,7.47854,11.2444,48.7,5.39
T07,GL-4592,2026-03-16 06:36:00,7.4793,11.244468,17.8,3.35
T07,GL-4592,2026-03-16 06:37:00,7.479421,11.244286,32.1,3.51
T07,GL-4592,2026-03-16 06:38:00,7.480525,11.243979,33.1,5.04
T07,GL-4592,2026-03-16 06:39:00,7.480948,11.243683,25.3,4.18
T07,GL-4592,2026-03-16 06:40:00,7.481891,11.242931,36.4,2.81
T07,GL-4592,2026-03-16 06:41:00,7.482623,11.24307,48.8,4.58
T07,GL-4592,2026-03-16 06:42:00,7.483536,11.243116,51.2,3.48
T07,GL-4592,2026-03-16 06:43:00,7.48374,11.242567,27.9,4.09
T07,GL-4592,2026-03-16 06:44:00,7.484633,11.242566,56.8,4.9
T07,GL-4592,2026-03-16 06:45:00,7.48506,11.24242,57.5,5.52
T07,GL-4592,2026-03-16 06:46:00,7.485525,11.241889,56.2,3.27
T07,GL-4592,2026-03-16 06:47:00,7.486621,11.241691,43.8,3.26
T07,GL-4592,2026-03-16 06:48:00,7.487716,11.241241,45.3,3.16
T07,GL-4592,2026-03-16 06:49:00,7.487675,11.241067,15.3,3.73
T07,GL-4592,2026-03-16 06:50:00,7.488727,11.240825,52.9,4.67
T07,GL-4592,2026-03-16 06:51:00,7.489186,11.240673,52.6,2.94
T07,GL-4592,2026-03-16 06:52:00,7.490435,11.240452,19.2,2.91
T07,GL-4592,2026-03-16 06:53:00,7.49076,11.240331,40.8,4.23
T07,GL-4592,2026-03-16 06:54:00,7.491463,11.23986,48.0,2.83
T07,GL-4592,2026-03-16 06:55:00,7.491688,11.239814,51.9,5.08
T07,GL-4592,2026-03-16 06:56:00,7.492507,11.239406,32.4,5.47
T07,GL-4592,2026-03-16 06:57:00,7.492951,11.239205,41.6,4.46
T07,GL-4592,2026-03-16 06:58:00,7.494022,11.238976,44.9,3.26
T07,GL-4592,2026-03-16 06:59:00,7.49466,11.238838,26.6,3.15
T07,GL-4592,2026-03-16 07:00:00,7.495426,11.238494,57.0,5.24
T07,GL-4592,2026-03-16 07:01:00,7.496072,11.237949,25.9,4.62
T07,GL-4592,2026-03-16 07:02:00,7.496961,11.23835,27.1,3.33
T07,GL-4592,2026-03-16 07:03:00,7.497135,11.237728,55.4,3.19
T07,GL-4592,2026-03-16 07:04:00,7.498217,11.237662,33.2,5.36
T07,GL-4592,2026-03-16 07:05:00,7.498738,11.23731,27.8,5.58
T07,GL-4592,2026-03-16 07:06:00,7.499334,11.237021,57.9,3.87
T07,GL-4592,2026-03-16 07:07:00,7.50001,11.236548,15.2,2.88
T07,GL-4592,2026-03-16 07:08:00,7.50061,11.236649,21.2,2.87
T07,GL-4592,2026-03-16 07:09:00,7.501326,11.236566,33.2,3.47
T07,GL-4592,2026-03-16 07:10:00,7.501833,11.236241,44.3,5.3
T07,GL-4592,2026-03-16 07:11:00,7.502839,11.235928,45.2,3.82
T07,GL-4592,2026-03-16 07:12:00,7.503279,11.235542,14.7,4.01
T07,GL-4592,2026-03-16 07:13:00,7.503963,11.235645,32.5,4.43
T07,GL-4592,2026-03-16 07:14:00,7.504869,11.235347,24.1,4.55
T07,GL-4592,2026-03-16 07:15:00,7.505312,11.234731,16.4,4.11
T07,GL-4592,2026-03-16 07:16:00,7.505979,11.234811,41.5,4.95
T07,GL-4592,2026-03-16 07:17:00,7.506669,11.234556,26.7,2.9
T07,GL-4592,2026-03-16 07:18:00,7.507105,11.234067,18.9,4.37
T07,GL-4592,2026-03-16 07:19:00,7.649845,11.234175,40.1,300.15
T07,GL-4592,2026-03-16 07:20:00,7.508522,11.233771,17.5,5.53
T07,GL-4592,2026-03-16 07:21:00,7.509177,11.233747,43.0,3.39
T07,GL-4592,2026-03-16 07:22:00,7.51024,11.23322,42.3,4.0
T07,GL-4592,2026-03-16 07:23:00,7.510447,11.232778,37.5,3.28
T07,GL-4592,2026-03-16 07:24:00,7.511287,11.232779,53.6,5.34
T07,GL-4592,2026-03-16 07:25:00,7.511646,11.232265,40.3,4.17
T07,GL-4592,2026-03-16 07:26:00,7.512732,11.23228,50.1,5.11
T07,GL-4592,2026-03-16 07:27:00,7.512956,11.232328,22.4,5.22
T07,GL-4592,2026-03-16 07:28:00,7.514015,11.231522,36.9,4.53
T07,GL-4592,2026-03-16 07:29:00,7.514496,11.231436,35.4,5.58
T07,GL-4592,2026-03-16 07:30:00,7.515307,11.231597,19.1,4.34
T07,GL-4592,2026-03-16 07:31:00,7.515841,11.231243,56.0,5.57
T07,GL-4592,2026-03-16 07:32:00,7.516618,11.230906,37.5,3.89
T07,GL-4592,2026-03-16 07:33:00,7.517013,11.230394,30.1,4.22
T07,GL-4592,2026-03-16 07:34:00,7.518232,11.230428,55.7,5.2
T07,GL-4592,2026-03-16 07:35:00,7.518879,11.230069,46.4,4.93
T07,GL-4592,2026-03-16 07:36:00,7.519836,11.229518,23.7,3.22
T07,GL-4592,2026-03-16 07:37:00,7.519625,11.22993,18.0,4.41
T07,GL-4592,2026-03-16 07:38:00,7.52061,11.229635,28.6,4.59
T07,GL-4592,2026-03-16 07:39:00,7.521269,11.229278,37.4,3.07
T07,GL-4592,2026-03-16 07:40:00,7.522213,11.228493,45.5,3.93
T07,GL-4592,2026-03-16 07:41:00,7.522587,11.228573,31.7,4.81
T07,GL-4592,2026-03-16 07:42:00,7.523032,11.228571,35.0,5.37
T07,GL-4592,2026-03-16 07:43:00,7.523785,11.228185,29.6,3.4
T07,GL-4592,2026-03-16 07:44:00,7.524928,11.228047,34.8,4.62
T07,GL-4592,2026-03-16 07:45:00,7.525611,11.227891,41.9,4.96
T07,GL-4592,2026-03-16 07:46:00,7.526088,11.227418,21.3,4.46
T07,GL-4592,2026-03-16 07:47:00,7.526374,11.22771,26.6,3.63
T07,GL-4592,2026-03-16 07:48:00,7.527339,11.226761,19.4,5.53
T07,GL-4592,2026-03-16 07:49:00,7.528285,11.226474,49.5,4.56
T07,GL-4592,2026-03-16 07:50:00,7.528481,11.226447,50.5,4.73
T07,GL-4592,2026-03-16 07:51:00,7.529228,11.226247,56.2,3.33
T07,GL-4592,2026-03-16 07:52:00,7.530277,11.226146,45.1,3.17
T07,GL-4592,2026-03-16 07:53:00,7.53086,11.225714,43.9,4.26
T07,GL-4592,2026-03-16 07:54:00,7.531596,11.22557,18.7,4.18
T07,GL-4592,2026-03-16 07:55:00,7.532191,11.225184,54.1,5.57
T07,GL-4592,2026-03-16 07:56:00,7.532476,11.22531,23.7,3.76
T07,GL-4592,2026-03-16 07:57:00,7.533399,11.224876,39.3,4.8
T07,GL-4592,2026-03-16 07:58:00,7.533796,11.224816,14.1,4.39
T07,GL-4592,2026-03-16 07:59:00,7.534761,11.224686,50.9,4.32
T07,GL-4592,2026-03-16 08:00:00,7.535526,11.224278,50.4,4.4
T07,GL-4592,2026-03-16 08:01:00,7.536178,11.223875,,3.2
T07,GL-4592,2026-03-16 08:02:00,7.536624,11.223791,17.2,4.79
T07,GL-4592,2026-03-16 08:03:00,7.537399,11.223175,45.6,3.7
T07,GL-4592,2026-03-16 08:04:00,7.537847,11.222765,55.4,4.71
T07,GL-4592,2026-03-16 08:05:00,7.539068,11.222849,35.2,3.86
T07,GL-4592,2026-03-16 08:06:00,7.539522,11.222322,41.3,2.84
T07,GL-4592,2026-03-16 08:07:00,7.539785,11.222845,40.3,5.21
T07,GL-4592,2026-03-16 08:08:00,7.540561,11.221851,26.7,4.06
T07,GL-4592,2026-03-16 08:09:00,7.541669,11.221883,25.5,4.51
T07,GL-4592,2026-03-16 08:10:00,7.542081,11.221879,15.3,5.58
T07,GL-4592,2026-03-16 08:11:00,7.543013,11.221698,30.7,4.83
T07,GL-4592,2026-03-16 08:12:00,7.543425,11.221137,48.5,3.98
T07,GL-4592,2026-03-16 08:13:00,7.544103,11.220951,24.7,4.74
T07,GL-4592,2026-03-16 08:14:00,7.545008,11.220824,36.7,3.57
T07,GL-4592,2026-03-16 08:15:00,7.545419,11.220649,20.1,4.24
T07,GL-4592,2026-03-16 08:16:00,7.546071,11.220018,49.2,2.98
T07,GL-4592,2026-03-16 08:17:00,7.547036,11.220228,22.4,5.49
T07,GL-4592,2026-03-16 08:18:00,7.54692,11.220109,18.1,4.12
T07,GL-4592,2026-03-16 08:19:00,7.547807,11.219999,41.4,3.64
T07,GL-4592,2026-03-16 08:20:00,7.54866,11.219105,54.1,2.9
T07,GL-4592,2026-03-16 08:21:00,7.206652,11.219243,18.0,424.2
T07,GL-4592,2026-03-16 08:22:00,7.549934,11.218641,57.9,5.13
T07,GL-4592,2026-03-16 08:23:00,7.551077,11.218865,23.4,5.53
T07,GL-4592,2026-03-16 08:24:00,7.551068,11.218211,33.5,4.25
T07,GL-4592,2026-03-16 08:25:00,7.551922,11.217997,33.6,4.06
T07,GL-4592,2026-03-16 08:26:00,7.552792,11.21811,57.7,2.98
T07,GL-4592,2026-03-16 08:27:00,7.55332,11.217448,45.9,5.33
T07,GL-4592,2026-03-16 08:28:00,7.554332,11.217372,53.9,4.85
T07,GL-4592,2026-03-16 08:29:00,7.555018,11.217159,27.8,2.91
T07,GL-4592,2026-03-16 08:30:00,7.555557,11.216967,17.8,4.24
T07,GL-4592,2026-03-16 08:31:00,7.556423,11.217095,29.2,3.92
T07,GL-4592,2026-03-16 08:32:00,7.556609,11.216311,28.1,3.72
T07,GL-4592,2026-03-16 08:33:00,7.557214,11.216421,16.5,3.32
T07,GL-4592,2026-03-16 08:34:00,7.557792,11.216308,39.4,3.71
T07,GL-4592,2026-03-16 08:35:00,7.558867,11.215642,44.9,3.4
T07,GL-4592,2026-03-16 08:36:00,7.559502,11.215561,46.5,4.31
T07,GL-4592,2026-03-16 08:37:00,7.559762,11.21473,30.9,3.95
T07,GL-4592,2026-03-16 08:38:00,7.560679,11.215285,23.9,3.16
T07,GL-4592,2026-03-16 08:39:00,7.561337,11.214984,35.6,3.94
T07,GL-4592,2026-03-16 08:40:00,7.562186,11.214725,32.3,5.45
T07,GL-4592,2026-03-16 08:41:00,7.562868,11.214268,20.3,3.3
T07,GL-4592,2026-03-16 08:42:00,7.563596,11.214098,28.3,5.51
T07,GL-4592,2026-03-16 08:43:00,7.56402,11.213356,19.9,4.69
T07,GL-4592,2026-03-16 08:44:00,7.56491,11.213662,15.1,4.09
T07,GL-4592,2026-03-16 08:45:00,7.565124,11.213146,55.6,4.21
T07,GL-4592,2026-03-16 08:46:00,7.565933,11.213169,54.3,2.87
T07,GL-4592,2026-03-16 08:47:00,7.566659,11.212874,48.5,4.89
T07,GL-4592,2026-03-16 08:48:00,7.567441,11.212534,52.9,3.35
T07,GL-4592,2026-03-16 08:49:00,7.568008,11.212758,43.6,5.3
T07,GL-4592,2026-03-16 08:50:00,7.56887,11.212216,19.8,4.18
T07,GL-4592,2026-03-16 08:51:00,7.569601,11.211744,22.3,4.34
T07,GL-4592,2026-03-16 08:52:00,7.570245,11.211668,26.3,4.48
T07,GL-4592,2026-03-16 08:53:00,7.571031,11.210916,34.1,4.8
T07,GL-4592,2026-03-16 08:54:00,7.571583,11.210864,41.8,4.77
T07,GL-4592,2026-03-16 08:55:00,7.572389,11.210967,43.1,4.21
T07,GL-4592,2026-03-16 08:56:00,7.573048,11.211,23.6,3.43
T07,GL-4592,2026-03-16 08:57:00,7.573532,11.210658,19.0,4.38
T07,GL-4592,2026-03-16 08:58:00,7.574193,11.210257,28.6,4.09
T07,GL-4592,2026-03-16 08:59:00,7.574604,11.209989,41.0,2.94
T07,GL-4592,2026-03-16 09:00:00,7.575229,11.209558,38.0,4.92
T07,GL-4592,2026-03-16 09:01:00,7.576112,11.209303,16.1,3.5
T07,GL-4592,2026-03-16 09:02:00,7.576418,11.2092,26.9,3.12
T07,GL-4592,2026-03-16 09:03:00,7.577704,11.209181,49.4,3.96
T07,GL-4592,2026-03-16 09:04:00,7.578364,11.209018,38.5,3.56
T07,GL-4592,2026-03-16 09:05:00,7.578955,11.208335,53.1,3.84
T07,GL-4592,2026-03-16 09:06:00,7.579142,11.208421,51.0,5.42
T07,GL-4592,2026-03-16 09:07:00,7.580213,11.207804,55.6,4.81
T07,GL-4592,2026-03-16 09:08:00,7.580918,11.207819,42.5,3.78
T07,GL-4592,2026-03-16 09:09:00,7.581519,11.207566,56.0,2.87
T07,GL-4592,2026-03-16 09:10:00,7.581812,11.206862,49.4,3.19
T07,GL-4592,2026-03-16 09:11:00,7.582857,11.207241,44.5,5.19
T07,GL-4592,2026-03-16 09:12:00,7.583129,11.207208,14.6,4.78
T07,GL-4592,2026-03-16 09:13:00,7.583946,11.206635,49.9,4.6
T07,GL-4592,2026-03-16 09:14:00,7.585037,11.206928,17.7,5.45
T07,GL-4592,2026-03-16 09:15:00,7.585487,11.206446,27.5,4.22
T07,GL-4592,2026-03-16 09:16:00,7.586335,11.206054,21.0,5.2
T07,GL-4592,2026-03-16 09:17:00,7.586923,11.205596,,3.64
T07,GL-4592,2026-03-16 09:18:00,7.587504,11.205505,21.2,5.24
T07,GL-4592,2026-03-16 09:19:00,7.58802,11.205457,45.5,3.71
T07,GL-4592,2026-03-16 09:20:00,7.588858,11.205167,49.9,5.5
T07,GL-4592,2026-03-16 09:21:00,7.589754,11.204652,43.7,4.71
T07,GL-4592,2026-03-16 09:22:00,7.590339,11.204484,31.0,4.74
T07,GL-4592,2026-03-16 09:23:00,7.590835,11.204763,16.3,3.04
T07,GL-4592,2026-03-16 09:24:00,7.591503,11.203818,53.9,3.2
T07,GL-4592,2026-03-16 09:25:00,7.591807,11.20347,46.0,5.45
T07,GL-4592,2026-03-16 09:26:00,7.593062,11.203427,24.2,4.22
T07,GL-4592,2026-03-16 09:27:00,7.593218,11.203374,29.8,4.18
T07,GL-4592,2026-03-16 09:28:00,7.593789,11.203075,34.9,5.06
T07,GL-4592,2026-03-16 09:29:00,7.595102,11.203096,18.0,3.49
T07,GL-4592,2026-03-16 09:30:00,7.595692,11.202745,22.6,4.34
T07,GL-4592,2026-03-16 09:31:00,7.596133,11.202401,45.6,5.28
T07,GL-4592,2026-03-16 09:32:00,7.597266,11.202195,17.2,3.5
T07,GL-4592,2026-03-16 09:33:00,7.597627,11.2022,18.0,5.45
T07,GL-4592,2026-03-16 09:34:00,7.597965,11.201692,21.6,4.16
T07,GL-4592,2026-03-16 09:35:00,7.599078,11.201663,54.5,4.04
T07,GL-4592,2026-03-16 09:36:00,7.599644,11.200974,50.1,3.94
T07,GL-4592,2026-03-16 09:37:00,7.600261,11.200834,16.9,3.68
T07,GL-4592,2026-03-16 09:38:00,7.600716,11.200824,52.4,3.15
T07,GL-4592,2026-03-16 09:39:00,7.601534,11.200299,53.9,4.27
T07,GL-4592,2026-03-16 09:40:00,7.602256,11.200282,50.8,4.88
T07,GL-4592,2026-03-16 09:41:00,7.603089,11.200402,41.6,4.57
T07,GL-4592,2026-03-16 09:42:00,7.603515,11.199426,18.3,4.29
T07,GL-4592,2026-03-16 09:43:00,7.604323,11.19982,31.4,4.35
T07,GL-4592,2026-03-16 09:44:00,7.6051,11.199403,34.0,3.91
T07,GL-4592,2026-03-16 09:45:00,7.605424,11.198799,24.1,3.56
T07,GL-4592,2026-03-16 09:46:00,7.606465,11.198942,55.6,5.3
T07,GL-4592,2026-03-16 09:47:00,7.60724,11.198658,51.1,3.77
T07,GL-4592,2026-03-16 09:48:00,7.607388,11.198427,35.0,5.53
T07,GL-4592,2026-03-16 09:49:00,7.608229,11.198207,53.7,4.28
T07,GL-4592,2026-03-16 09:50:00,7.608801,11.197623,27.5,5.25
T07,GL-4592,2026-03-16 09:51:00,7.609398,11.197473,38.4,4.97
T07,GL-4592,2026-03-16 09:52:00,7.610114,11.196931,55.9,4.56
T07,GL-4592,2026-03-16 09:53:00,7.611099,11.196895,33.4,3.71
T07,GL-4592,2026-03-16 09:54:00,7.611597,11.196743,16.5,5.38
T07,GL-4592,2026-03-16 09:55:00,7.61258,11.196783,41.4,5.17
T07,GL-4592,2026-03-16 09:56:00,7.612973,11.195988,25.3,2.82
T07,GL-4592,2026-03-16 09:57:00,7.613665,11.196137,36.8,3.72
T07,GL-4592,2026-03-16 09:58:00,7.614172,11.195822,50.5,4.33
T07,GL-4592,2026-03-16 09:59:00,7.614778,11.195102,53.6,4.14
T07,GL-4592,2026-03-16 10:00:00,7.615505,11.195129,48.9,4.07
T07,GL-4592,2026-03-16 10:01:00,7.61626,11.194604,27.6,3.28
T07,GL-4592,2026-03-16 10:02:00,7.616615,11.194781,57.3,5.49
T07,GL-4592,2026-03-16 10:03:00,7.617528,11.195002,50.0,4.87
T07,GL-4592,2026-03-16 10:04:00,7.61856,11.194249,45.6,4.16
T07,GL-4592,2026-03-16 10:05:00,7.618741,11.194039,16.2,4.61
T07,GL-4592,2026-03-16 10:06:00,7.619501,11.194098,52.6,4.45
T07,GL-4592,2026-03-16 10:07:00,7.620491,11.193589,57.2,4.83
T07,GL-4592,2026-03-16 10:08:00,7.620941,11.193413,56.7,3.61
T07,GL-4592,2026-03-16 10:09:00,7.621618,11.193497,34.6,3.46
T07,GL-4592,2026-03-16 10:10:00,7.62283,11.192957,29.2,3.3
T07,GL-4592,2026-03-16 10:11:00,7.622937,11.192796,15.5,2.98
T07,GL-4592,2026-03-16 10:12:00,7.623792,11.192733,41.5,5.55
T07,GL-4592,2026-03-16 10:13:00,7.624722,11.192158,55.5,3.02
T07,GL-4592,2026-03-16 10:14:00,7.625084,11.192287,54.9,3.13
T07,GL-4592,2026-03-16 10:15:00,7.626123,11.192038,,3.11
T07,GL-4592,2026-03-16 10:16:00,7.625814,11.191232,,5.16
T07,GL-4592,2026-03-16 10:17:00,7.627587,11.191429,57.1,5.04
T07,GL-4592,2026-03-16 10:18:00,7.627627,11.190915,34.2,2.86
T07,GL-4592,2026-03-16 10:19:00,7.628644,11.190637,39.1,3.83
T07,GL-4592,2026-03-16 10:20:00,7.629173,11.190614,31.4,3.52
T07,GL-4592,2026-03-16 10:21:00,7.629536,11.190364,55.0,3.19
T07,GL-4592,2026-03-16 10:22:00,7.63,11.19038,18.3,5.17
T07,GL-4592,2026-03-16 10:23:00,7.630794,11.189743,34.0,4.36
T07,GL-4592,2026-03-16 10:24:00,7.632049,11.189851,34.9,3.71
T07,GL-4592,2026-03-16 10:25:00,7.632287,11.189247,35.5,4.69
T07,GL-4592,2026-03-16 10:26:00,7.633235,11.189569,41.7,2.96
T07,GL-4592,2026-03-16 10:27:00,7.633574,11.18852,25.2,3.34
T07,GL-4592,2026-03-16 10:28:00,7.634309,11.188825,22.1,5.35
T07,GL-4592,2026-03-16 10:29:00,7.634973,11.188775,15.1,5.26
T07,GL-4592,2026-03-16 10:30:00,7.635902,11.188538,48.2,3.4
T07,GL-4592,2026-03-16 10:31:00,7.636405,11.187967,22.4,3.31
T07,GL-4592,2026-03-16 10:32:00,7.636973,11.18744,18.9,3.48
T07,GL-4592,2026-03-16 10:33:00,7.637546,11.187433,40.6,4.2
T07,GL-4592,2026-03-16 10:34:00,7.638258,11.187408,16.7,4.57
T07,GL-4592,2026-03-16 10:35:00,7.638642,11.187013,54.2,3.56
T07,GL-4592,2026-03-16 10:36:00,7.639612,11.186866,54.2,3.41
T07,GL-4592,2026-03-16 10:37:00,7.640819,11.186506,41.2,3.88
T07,GL-4592,2026-03-16 10:38:00,7.641252,11.186391,36.4,4.28
T07,GL-4592,2026-03-16 10:39:00,7.641692,11.186232,32.3,3.9
T07,GL-4592,2026-03-16 10:40:00,7.642291,11.185799,34.7,3.29
T07,GL-4592,2026-03-16 10:41:00,7.64272,11.185653,16.8,5.42
T07,GL-4592,2026-03-16 10:42:00,7.644112,11.185463,46.6,3.07
T07,GL-4592,2026-03-16 10:43:00,7.643859,11.184998,22.3,3.84
T07,GL-4592,2026-03-16 10:44:00,7.644932,11.184807,27.0,4.19
T07,GL-4592,2026-03-16 10:45:00,7.645287,11.184467,23.1,4.48
T07,GL-4592,2026-03-16 10:46:00,7.646545,11.184247,,5.43
T07,GL-4592,2026-03-16 10:47:00,7.647318,11.183984,55.2,3.86
T07,GL-4592,2026-03-16 10:48:00,7.647542,11.18405,48.3,5.09
T07,GL-4592,2026-03-16 10:49:00,7.648331,11.184096,35.2,3.86
T07,GL-4592,2026-03-16 10:50:00,7.649105,11.183335,57.8,5.06
T07,GL-4592,2026-03-16 10:51:00,7.649732,11.182988,32.7,3.58
T07,GL-4592,2026-03-16 10:52:00,7.650281,11.183205,31.9,3.05
T07,GL-4592,2026-03-16 10:53:00,7.651174,11.182651,56.3,3.09
T07,GL-4592,2026-03-16 10:54:00,7.651683,11.182446,26.8,3.75
T07,GL-4592,2026-03-16 10:55:00,7.652459,11.182063,50.3,3.84
T07,GL-4592,2026-03-16 10:56:00,7.653519,11.182225,56.8,4.33
T07,GL-4592,2026-03-16 10:57:00,7.653876,11.181914,52.4,3.66
T07,GL-4592,2026-03-16 10:58:00,7.653981,11.181569,40.5,3.44
T07,GL-4592,2026-03-16 10:59:00,7.654967,11.180953,30.4,4.21
T07,GL-4592,2026-03-16 11:00:00,7.65547,11.18104,14.9,3.39
T07,GL-4592,2026-03-16 11:01:00,7.656463,11.180464,41.3,3.41
T07,GL-4592,2026-03-16 11:02:00,7.657171,11.180493,44.7,5.13
T07,GL-4592,2026-03-16 11:03:00,7.658286,11.180235,39.3,3.36
T07,GL-4592,2026-03-16 11:04:00,7.658044,11.179992,24.4,5.36
T07,GL-4592,2026-03-16 11:05:00,7.658697,11.179739,,3.51
T07,GL-4592,2026-03-16 11:06:00,7.659745,11.179936,36.6,3.79
T07,GL-4592,2026-03-16 11:07:00,7.660397,11.179139,25.6,4.65
T07,GL-4592,2026-03-16 11:08:00,7.66115,11.179147,30.0,3.14
T07,GL-4592,2026-03-16 11:09:00,7.661478,11.178953,48.0,4.21
T07,GL-4592,2026-03-16 11:10:00,7.662427,11.178921,40.1,3.58
T07,GL-4592,2026-03-16 11:11:00,7.662955,11.178398,17.5,5.1
T07,GL-4592,2026-03-16 11:12:00,7.663484,11.178473,22.8,4.77
T07,GL-4592,2026-03-16 11:13:00,7.664392,11.1776,55.8,4.25
T07,GL-4592,2026-03-16 11:14:00,7.665368,11.177546,27.4,4.46
T07,GL-4592,2026-03-16 11:15:00,7.665797,11.177071,49.5,3.99
T07,GL-4592,2026-03-16 11:16:00,7.666336,11.177461,19.4,2.9
T07,GL-4592,2026-03-16 11:17:00,7.666805,11.17727,23.6,3.41
T07,GL-4592,2026-03-16 11:18:00,7.667846,11.176714,19.4,3.66
T07,GL-4592,2026-03-16 11:19:00,7.668617,11.176708,21.0,5.18
T07,GL-4592,2026-03-16 11:20:00,7.669358,11.176193,55.1,5.17
T07,GL-4592,2026-03-16 11:21:00,7.669326,11.176102,47.4,3.83
T07,GL-4592,2026-03-16 11:22:00,7.670636,11.176333,42.3,3.09
T07,GL-4592,2026-03-16 11:23:00,6.903616,11.17573,23.9,404.04
T07,GL-4592,2026-03-16 11:24:00,7.671912,11.175196,48.0,4.88
T07,GL-4592,2026-03-16 11:25:00,7.672141,11.175084,16.9,3.39
T07,GL-4592,2026-03-16 11:26:00,7.673229,11.174537,54.3,4.17
T07,GL-4592,2026-03-16 11:27:00,7.673977,11.174397,45.4,5.12
T07,GL-4592,2026-03-16 11:28:00,7.674112,11.174457,38.5,3.4
T07,GL-4592,2026-03-16 11:29:00,7.675228,11.174328,48.8,3.9
T07,GL-4592,2026-03-16 11:30:00,7.676109,11.173654,19.6,5.0
T07,GL-4592,2026-03-16 11:31:00,7.676444,11.173349,41.8,4.18
T07,GL-4592,2026-03-16 11:32:00,7.677035,11.17273,15.0,3.93
T07,GL-4592,2026-03-16 11:33:00,7.678122,11.173073,44.4,3.21
T07,GL-4592,2026-03-16 11:34:00,7.678605,11.172885,42.0,5.3
T07,GL-4592,2026-03-16 11:35:00,7.679576,11.172458,53.3,3.92
T07,GL-4592,2026-03-16 11:36:00,7.679723,11.172068,26.3,3.0
T07,GL-4592,2026-03-16 11:37:00,7.680295,11.172143,51.2,4.6
T07,GL-4592,2026-03-16 11:38:00,7.681224,11.172259,31.8,3.39
T07,GL-4592,2026-03-16 11:39:00,7.681868,11.171612,40.8,3.7
T07,GL-4592,2026-03-16 11:40:00,7.682595,11.171596,56.4,4.48
T07,GL-4592,2026-03-16 11:41:00,7.682667,11.171016,14.1,4.49
T07,GL-4592,2026-03-16 11:42:00,7.683927,11.170469,40.5,3.12
T07,GL-4592,2026-03-16 11:43:00,7.684416,11.170617,29.2,4.15
T07,GL-4592,2026-03-16 11:44:00,7.685088,11.170254,29.1,4.12
T07,GL-4592,2026-03-16 11:45:00,7.685744,11.170488,39.3,3.4
T07,GL-4592,2026-03-16 11:46:00,7.686525,11.169594,20.0,4.58
T07,GL-4592,2026-03-16 11:47:00,7.687132,11.169943,42.7,4.72
T07,GL-4592,2026-03-16 11:48:00,7.687766,11.169504,24.2,4.59
T07,GL-4592,2026-03-16 11:49:00,7.688543,11.169355,21.0,3.82
T07,GL-4592,2026-03-16 11:50:00,7.689269,11.169071,24.7,2.9
T07,GL-4592,2026-03-16 11:51:00,7.689292,11.169036,32.5,3.48
T07,GL-4592,2026-03-16 11:52:00,7.690642,11.168697,16.5,2.91
T07,GL-4592,2026-03-16 11:53:00,7.691252,11.168546,42.6,3.22
T07,GL-4592,2026-03-16 11:54:00,7.691841,11.168212,49.2,5.08
T07,GL-4592,2026-03-16 11:55:00,7.692675,11.167937,19.4,4.05
T07,GL-4592,2026-03-16 11:56:00,7.693175,11.168059,51.1,3.95
T07,GL-4592,2026-03-16 11:57:00,7.693613,11.167439,23.0,3.17
T07,GL-4592,2026-03-16 11:58:00,7.694768,11.166944,45.4,2.98
T07,GL-4592,2026-03-16 11:59:00,7.695071,11.167031,23.7,4.54
T07,GL-4592,2026-03-16 12:00:00,7.695711,11.166586,55.7,4.14
T07,GL-4592,2026-03-16 12:01:00,7.696539,11.166089,22.6,5.57
T07,GL-4592,2026-03-16 12:02:00,7.696846,11.166293,21.1,2.99
T07,GL-4592,2026-03-16 12:03:00,7.698135,11.165821,20.6,5.09
T07,GL-4592,2026-03-16 12:04:00,7.69864,11.165606,49.8,4.15
T07,GL-4592,2026-03-16 12:05:00,7.699018,11.165627,43.1,4.25
T07,GL-4592,2026-03-16 12:06:00,7.699834,11.165034,24.4,3.79
T07,GL-4592,2026-03-16 12:07:00,7.700793,11.165446,14.6,4.33
T07,GL-4592,2026-03-16 12:08:00,7.701473,11.165123,35.5,3.7
T07,GL-4592,2026-03-16 12:09:00,7.701758,11.164797,32.3,4.13
T07,GL-4592,2026-03-16 12:10:00,7.702384,11.163991,21.5,4.65
T07,GL-4592,2026-03-16 12:11:00,7.703149,11.163859,29.0,4.86
T07,GL-4592,2026-03-16 12:12:00,7.703491,11.16404,15.7,3.22
T07,GL-4592,2026-03-16 12:13:00,7.704501,11.163282,41.7,4.93
T07,GL-4592,2026-03-16 12:14:00,7.705087,11.163162,31.1,2.98
T07,GL-4592,2026-03-16 12:15:00,7.705868,11.163249,55.7,3.43
T07,GL-4592,2026-03-16 12:16:00,7.70655,11.162937,33.7,3.08
T07,GL-4592,2026-03-16 12:17:00,7.707155,11.162436,38.8,3.26
T07,GL-4592,2026-03-16 12:18:00,7.707772,11.162108,27.9,2.86
T07,GL-4592,2026-03-16 12:19:00,7.708581,11.162163,18.1,3.36
T07,GL-4592,2026-03-16 12:20:00,7.70916,11.16203,21.1,4.6
T07,GL-4592,2026-03-16 12:21:00,7.70953,11.161536,23.9,5.59
T07,GL-4592,2026-03-16 12:22:00,7.710542,11.161761,38.1,4.98
T07,GL-4592,2026-03-16 12:23:00,7.711527,11.160546,,3.79
T07,GL-4592,2026-03-16 12:24:00,7.711867,11.160574,18.9,5.11
T07,GL-4592,2026-03-16 12:25:00,7.712808,11.161132,30.3,3.49
T07,GL-4592,2026-03-16 12:26:00,7.712921,11.160629,47.1,4.26
T07,GL-4592,2026-03-16 12:27:00,7.713799,11.160055,21.0,3.51
T07,GL-4592,2026-03-16 12:28:00,7.714279,11.15979,48.1,4.73
T07,GL-4592,2026-03-16 12:29:00,7.715277,11.159575,46.0,4.43
T07,GL-4592,2026-03-16 12:30:00,7.716135,11.159258,28.5,3.1
T07,GL-4592,2026-03-16 12:31:00,7.71633,11.159148,29.4,4.41
T07,GL-4592,2026-03-16 12:32:00,7.717308,11.15891,15.5,3.87
T07,GL-4592,2026-03-16 12:33:00,7.717892,11.158629,24.4,4.13
T07,GL-4592,2026-03-16 12:34:00,7.718926,11.158661,28.6,4.02
T07,GL-4592,2026-03-16 12:35:00,7.719341,11.158205,45.7,3.18
T07,GL-4592,2026-03-16 12:36:00,7.720306,11.15778,24.6,3.8
T07,GL-4592,2026-03-16 12:37:00,7.720465,11.157682,32.3,3.73
T07,GL-4592,2026-03-16 12:38:00,7.721429,11.15761,46.4,3.55
T07,GL-4592,2026-03-16 12:39:00,7.722129,11.157261,53.0,3.25
T07,GL-4592,2026-03-16 12:40:00,7.722299,11.156881,53.8,5.22
T07,GL-4592,2026-03-16 12:41:00,7.723495,11.157185,25.2,3.77
T07,GL-4592,2026-03-16 12:42:00,7.723949,11.156438,14.7,3.78
T07,GL-4592,2026-03-16 12:43:00,7.724848,11.155958,55.5,5.38
T07,GL-4592,2026-03-16 12:44:00,7.725713,11.156227,40.1,4.71
T07,GL-4592,2026-03-16 12:45:00,7.726003,11.156031,31.5,3.74
T07,GL-4592,2026-03-16 12:46:00,7.726695,11.155858,26.8,5.09
T07,GL-4592,2026-03-16 12:47:00,7.727386,11.155454,52.0,3.71
T07,GL-4592,2026-03-16 12:48:00,7.72781,11.155013,23.6,5.34
T07,GL-4592,2026-03-16 12:49:00,7.728787,11.154665,46.0,4.29
T07,GL-4592,2026-03-16 12:50:00,7.729512,11.154804,57.8,3.63
T07,GL-4592,2026-03-16 12:51:00,7.729795,11.154814,40.8,3.85
T07,GL-4592,2026-03-16 12:52:00,7.730821,11.154236,57.1,4.53
T07,GL-4592,2026-03-16 12:53:00,7.730882,11.153776,45.8,3.83
T07,GL-4592,2026-03-16 12:54:00,7.731926,11.153784,39.3,3.41
T07,GL-4592,2026-03-16 12:55:00,7.732567,11.153492,53.0,4.65
T07,GL-4592,2026-03-16 12:56:00,7.733296,11.153468,20.9,4.68
T07,GL-4592,2026-03-16 12:57:00,7.733867,11.152704,37.3,4.31
T07,GL-4592,2026-03-16 12:58:00,7.734785,11.152648,15.1,5.12
T07,GL-4592,2026-03-16 12:59:00,7.735262,11.152417,33.4,4.09
T07,GL-4592,2026-03-16 13:00:00,7.7362,11.152049,45.8,3.33
T07,GL-4592,2026-03-16 13:01:00,7.736835,11.15253,36.1,5.36
T07,GL-4592,2026-03-16 13:02:00,7.737428,11.151856,35.6,5.01
T07,GL-4592,2026-03-16 13:03:00,7.737696,11.151781,43.5,4.47
T07,GL-4592,2026-03-16 13:04:00,7.738913,11.151607,54.5,5.32
T07,GL-4592,2026-03-16 13:05:00,7.739345,11.151191,22.2,4.65
T07,GL-4592,2026-03-16 13:06:00,7.73989,11.150716,23.1,4.13
T07,GL-4592,2026-03-16 13:07:00,7.74029,11.150716,46.8,2.94
T07,GL-4592,2026-03-16 13:08:00,7.741197,11.150216,54.2,4.04
T07,GL-4592,2026-03-16 13:09:00,7.742084,11.15008,43.0,5.44
T07,GL-4592,2026-03-16 13:10:00,7.742793,11.149864,49.8,4.71
T07,GL-4592,2026-03-16 13:11:00,7.743412,11.149038,42.6,3.43
T07,GL-4592,2026-03-16 13:12:00,7.743708,11.14964,35.6,4.0
T07,GL-4592,2026-03-16 13:13:00,7.744636,11.149168,23.3,4.6
T07,GL-4592,2026-03-16 13:14:00,7.745208,11.148961,47.8,3.97
T07,GL-4592,2026-03-16 13:15:00,7.745708,11.148802,31.7,5.45
T07,GL-4592,2026-03-16 13:16:00,7.746869,11.148387,17.4,3.8
T07,GL-4592,2026-03-16 13:17:00,7.747372,11.148271,33.6,4.14
T07,GL-4592,2026-03-16 13:18:00,7.747917,11.147737,37.3,5.35
T07,GL-4592,2026-03-16 13:19:00,7.748466,11.147594,16.4,3.0
T07,GL-4592,2026-03-16 13:20:00,7.749481,11.147428,39.3,4.92
T07,GL-4592,2026-03-16 13:21:00,7.749689,11.147176,27.5,3.1
T07,GL-4592,2026-03-16 13:22:00,7.750611,11.146773,23.5,3.49
T07,GL-4592,2026-03-16 13:23:00,7.751354,11.1467,27.0,3.35
T07,GL-4592,2026-03-16 13:24:00,7.751595,11.146485,46.4,3.11
T07,GL-4592,2026-03-16 13:25:00,7.752614,11.146429,26.9,4.16
T07,GL-4592,2026-03-16 13:26:00,7.75303,11.14612,33.2,2.92
T07,GL-4592,2026-03-16 13:27:00,7.754382,11.145876,29.2,2.97
T07,GL-4592,2026-03-16 13:28:00,7.754597,11.145988,49.4,4.25
T07,GL-4592,2026-03-16 13:29:00,7.755372,11.145373,42.4,3.29
T07,GL-4592,2026-03-16 13:30:00,7.756158,11.144928,15.3,3.55
T07,GL-4592,2026-03-16 13:31:00,7.756948,11.144514,18.4,5.31
T07,GL-4592,2026-03-16 13:32:00,7.757523,11.144609,42.2,4.45
T07,GL-4592,2026-03-16 13:33:00,7.757751,11.144075,15.4,3.12
T07,GL-4592,2026-03-16 13:34:00,7.7588,11.143987,28.3,3.21
T07,GL-4592,2026-03-16 13:35:00,7.759299,11.143753,33.8,5.16
T07,GL-4592,2026-03-16 13:36:00,7.760373,11.143957,15.1,3.77
T07,GL-4592,2026-03-16 13:37:00,7.760634,11.143321,48.9,5.46
T07,GL-4592,2026-03-16 13:38:00,7.761404,11.143212,44.2,5.5
T07,GL-4592,2026-03-16 13:39:00,7.761956,11.142156,16.1,2.97
T07,GL-4592,2026-03-16 13:40:00,7.762602,11.142998,17.3,4.73
T07,GL-4592,2026-03-16 13:41:00,7.762934,11.142423,28.7,4.98
T07,GL-4592,2026-03-16 13:42:00,7.763827,11.142092,32.4,5.01
T07,GL-4592,2026-03-16 13:43:00,7.764821,11.142121,23.2,4.47
T07,GL-4592,2026-03-16 13:44:00,7.765385,11.141758,32.7,4.36
T07,GL-4592,2026-03-16 13:45:00,7.765795,11.14115,34.6,4.53
T07,GL-4592,2026-03-16 13:46:00,7.766739,11.141649,31.1,5.3
T07,GL-4592,2026-03-16 13:47:00,7.767463,11.140987,48.1,3.45
T07,GL-4592,2026-03-16 13:48:00,7.767841,11.140856,30.8,3.15
T07,GL-4592,2026-03-16 13:49:00,7.768124,11.140484,17.0,2.95
T07,GL-4592,2026-03-16 13:50:00,7.769439,11.139748,25.0,3.18
T07,GL-4592,2026-03-16 13:51:00,7.769894,11.139941,22.7,4.88
T07,GL-4592,2026-03-16 13:52:00,7.770459,11.139532,54.9,4.69
T07,GL-4592,2026-03-16 13:53:00,7.771255,11.140061,33.1,4.75
T07,GL-4592,2026-03-16 13:54:00,7.772231,11.139689,50.1,5.5
T07,GL-4592,2026-03-16 13:55:00,7.77258,11.138809,15.9,5.2
T07,GL-4592,2026-03-16 13:56:00,7.773162,11.138614,33.8,4.88
T07,GL-4592,2026-03-16 13:57:00,7.774054,11.138622,57.1,4.05
T07,GL-4592,2026-03-16 13:58:00,7.77458,11.138573,48.0,2.88
T07,GL-4592,2026-03-16 13:59:00,7.775388,11.138093,18.2,3.15
T07,GL-4592,2026-03-16 14:00:00,7.776088,11.137834,50.0,5.49
T07,GL-4592,2026-03-16 14:01:00,7.776761,11.137521,53.0,4.64
T07,GL-4592,2026-03-16 14:02:00,7.777205,11.137104,34.4,3.5
T07,GL-4592,2026-03-16 14:03:00,7.778376,11.137071,53.1,4.69
T07,GL-4592,2026-03-16 14:04:00,7.778551,11.136808,,4.79
T07,GL-4592,2026-03-16 14:05:00,7.779357,11.1367,16.9,3.07
T07,GL-4592,2026-03-16 14:06:00,7.779971,11.136236,51.2,5.17
T07,GL-4592,2026-03-16 14:07:00,7.780903,11.136473,36.7,4.87
T07,GL-4592,2026-03-16 14:08:00,7.781454,11.135893,21.4,3.67
T07,GL-4592,2026-03-16 14:09:00,7.781972,11.135576,51.6,4.1
T07,GL-4592,2026-03-16 14:10:00,7.782894,11.135119,32.9,4.48
T07,GL-4592,2026-03-16 14:11:00,7.783245,11.134955,55.6,2.82
T07,GL-4592,2026-03-16 14:12:00,7.784243,11.135225,40.9,3.94
T07,GL-4592,2026-03-16 14:13:00,7.784951,11.134886,53.5,4.49
T07,GL-4592,2026-03-16 14:14:00,7.785438,11.134535,26.4,3.54
T07,GL-4592,2026-03-16 14:15:00,7.786037,11.133972,26.1,4.44
T07,GL-4592,2026-03-16 14:16:00,7.78659,11.13422,57.5,4.02
T07,GL-4592,2026-03-16 14:17:00,7.787428,11.13389,30.6,4.4
T07,GL-4592,2026-03-16 14:18:00,7.788,11.13357,56.4,5.02
T07,GL-4592,2026-03-16 14:19:00,7.788374,11.133138,54.3,3.47
T07,GL-4592,2026-03-16 14:20:00,7.789503,11.133167,24.8,5.4
T07,GL-4592,2026-03-16 14:21:00,7.790318,11.132616,40.4,3.58
T07,GL-4592,2026-03-16 14:22:00,7.790817,11.13233,20.4,3.76
T07,GL-4592,2026-03-16 14:23:00,7.791188,11.132339,19.8,5.42
T07,GL-4592,2026-03-16 14:24:00,7.792176,11.131991,33.6,5.42
T07,GL-4592,2026-03-16 14:25:00,7.792682,11.131651,23.9,3.08
T07,GL-4592,2026-03-16 14:26:00,7.793574,11.131562,20.2,2.86
T07,GL-4592,2026-03-16 14:27:00,7.794192,11.131188,17.5,5.58
T07,GL-4592,2026-03-16 14:28:00,7.795226,11.130943,53.3,5.27
T07,GL-4592,2026-03-16 14:29:00,7.795389,11.131262,46.6,3.15
T07,GL-4592,2026-03-16 14:30:00,7.796228,11.130857,40.8,3.82
T07,GL-4592,2026-03-16 14:31:00,7.796751,11.130118,34.8,5.59
T07,GL-4592,2026-03-16 14:32:00,7.79761,11.130037,28.0,2.87
T07,GL-4592,2026-03-16 14:33:00,7.798038,11.129843,26.7,3.34
T07,GL-4592,2026-03-16 14:34:00,7.798919,11.129359,32.2,4.92
T07,GL-4592,2026-03-16 14:35:00,7.79943,11.129598,50.1,4.04
T07,GL-4592,2026-03-16 14:36:00,7.80019,11.129238,42.6,3.87
T07,GL-4592,2026-03-16 14:37:00,7.800822,11.128649,21.2,4.46
T07,GL-4592,2026-03-16 14:38:00,7.80123,11.128896,48.5,3.42
T07,GL-4592,2026-03-16 14:39:00,7.802222,11.128742,31.1,3.9
T07,GL-4592,2026-03-16 14:40:00,7.802896,11.128577,19.5,3.32
T07,GL-4592,2026-03-16 14:41:00,7.803488,11.128035,29.8,5.52
T07,GL-4592,2026-03-16 14:42:00,7.804479,11.127673,45.4,4.15
T07,GL-4592,2026-03-16 14:43:00,7.804511,11.127132,51.1,4.43
T07,GL-4592,2026-03-16 14:44:00,7.805275,11.126878,28.9,4.88
T07,GL-4592,2026-03-16 14:45:00,7.806837,11.12719,27.8,5.13
T07,GL-4592,2026-03-16 14:46:00,7.806788,11.126484,27.7,3.72
T07,GL-4592,2026-03-16 14:47:00,7.807472,11.126383,49.7,3.17
T07,GL-4592,2026-03-16 14:48:00,7.808036,11.126453,25.9,5.59
T07,GL-4592,2026-03-16 14:49:00,7.808861,11.125963,28.1,4.38
T07,GL-4592,2026-03-16 14:50:00,7.809084,11.126009,56.3,3.32
T07,GL-4592,2026-03-16 14:51:00,7.810276,11.12619,44.5,5.0
T07,GL-4592,2026-03-16 14:52:00,7.810929,11.125516,26.3,4.03
T07,GL-4592,2026-03-16 14:53:00,7.811359,11.125172,22.0,3.82
T07,GL-4592,2026-03-16 14:54:00,7.811909,11.124897,47.3,5.39
T07,GL-4592,2026-03-16 14:55:00,7.812425,11.124694,47.1,3.75
T07,GL-4592,2026-03-16 14:56:00,7.813696,11.124395,39.9,3.52
T07,GL-4592,2026-03-16 14:57:00,7.814102,11.123983,20.2,3.43
T07,GL-4592,2026-03-16 14:58:00,7.814934,11.123922,15.6,3.82
T07,GL-4592,2026-03-16 14:59:00,7.815813,11.123589,27.5,3.88
T07,GL-4592,2026-03-16 15:00:00,7.816324,11.12354,21.8,5.41
T07,GL-4592,2026-03-16 15:01:00,7.816697,11.123137,41.3,3.57
T07,GL-4592,2026-03-16 15:02:00,7.818027,11.123147,14.9,3.3
T07,GL-4592,2026-03-16 15:03:00,7.818464,11.122706,35.3,2.94
T07,GL-4592,2026-03-16 15:04:00,7.818753,11.122512,56.1,2.9
T07,GL-4592,2026-03-16 15:05:00,7.819924,11.122152,57.8,5.49
T07,GL-4592,2026-03-16 15:06:00,7.820314,11.122245,35.9,3.42
T07,GL-4592,2026-03-16 15:07:00,7.820975,11.12176,56.2,4.26
T07,GL-4592,2026-03-16 15:08:00,7.821446,11.121514,20.1,3.51
T07,GL-4592,2026-03-16 15:09:00,7.822285,11.12122,52.3,3.4
T07,GL-4592,2026-03-16 15:10:00,7.823151,11.121251,44.7,5.54
T07,GL-4592,2026-03-16 15:11:00,7.823837,11.120937,44.6,3.78
T07,GL-4592,2026-03-16 15:12:00,7.824013,11.120481,47.2,4.48
T07,GL-4592,2026-03-16 15:13:00,7.825036,11.12015,57.9,3.96
T07,GL-4592,2026-03-16 15:14:00,7.825933,11.120189,54.0,3.25
T07,GL-4592,2026-03-16 15:15:00,7.826232,11.119512,17.8,3.74
T07,GL-4592,2026-03-16 15:16:00,7.826988,11.119757,44.6,3.45
T07,GL-4592,2026-03-16 15:17:00,7.827225,11.119416,30.6,3.38
T07,GL-4592,2026-03-16 15:18:00,7.828394,11.119363,34.4,3.76
T07,GL-4592,2026-03-16 15:19:00,7.828835,11.118904,49.7,3.44
T07,GL-4592,2026-03-16 15:20:00,7.829671,11.118533,32.0,4.28
T07,GL-4592,2026-03-16 15:21:00,7.830486,11.11838,15.6,3.71
T07,GL-4592,2026-03-16 15:22:00,7.83099,11.118443,20.8,4.13
T07,GL-4592,2026-03-16 15:23:00,7.831632,11.118191,39.0,3.22
T07,GL-4592,2026-03-16 15:24:00,7.832072,11.118191,21.4,4.09
T07,GL-4592,2026-03-16 15:25:00,7.832585,11.117797,31.1,3.14
T07,GL-4592,2026-03-16 15:26:00,7.833539,11.117366,23.6,4.19
T07,GL-4592,2026-03-16 15:27:00,7.834194,11.117297,21.4,2.94
T07,GL-4592,2026-03-16 15:28:00,7.834816,11.116521,27.9,4.13
T07,GL-4592,2026-03-16 15:29:00,7.835297,11.116492,31.9,5.29
T07,GL-4592,2026-03-16 15:30:00,7.83643,11.116368,44.6,5.48
T07,GL-4592,2026-03-16 15:31:00,7.836739,11.116047,25.7,3.48
T07,GL-4592,2026-03-16 15:32:00,7.837591,11.116043,44.4,3.51
T07,GL-4592,2026-03-16 15:33:00,7.838319,11.116109,17.0,4.98
T07,GL-4592,2026-03-16 15:34:00,7.838746,11.115049,15.0,3.08
T07,GL-4592,2026-03-16 15:35:00,7.839405,11.115276,39.2,3.8
T07,GL-4592,2026-03-16 15:36:00,7.840522,11.114646,41.1,5.17
T07,GL-4592,2026-03-16 15:37:00,7.840189,11.114898,17.3,3.75
T07,GL-4592,2026-03-16 15:38:00,7.841386,11.114974,19.6,2.99
T07,GL-4592,2026-03-16 15:39:00,7.842291,11.114042,25.7,3.25
T07,GL-4592,2026-03-16 15:40:00,7.842688,11.114198,46.8,4.13
T07,GL-4592,2026-03-16 15:41:00,7.843787,11.114084,15.6,3.78
T07,GL-4592,2026-03-16 15:42:00,7.844234,11.113387,21.6,5.32
T07,GL-4592,2026-03-16 15:43:00,7.844599,11.113087,44.3,5.4
T07,GL-4592,2026-03-16 15:44:00,7.845943,11.112565,48.2,3.52
T07,GL-4592,2026-03-16 15:45:00,7.846445,11.112725,16.1,5.2
T07,GL-4592,2026-03-16 15:46:00,7.846851,11.112071,37.3,4.7
T07,GL-4592,2026-03-16 15:47:00,7.847524,11.112097,30.6,2.88
T07,GL-4592,2026-03-16 15:48:00,7.848069,11.111712,45.4,4.7
T07,GL-4592,2026-03-16 15:49:00,7.84906,11.111774,44.6,3.71
T07,GL-4592,2026-03-16 15:50:00,7.849542,11.111443,26.6,3.68
T07,GL-4592,2026-03-16 15:51:00,7.850286,11.111511,35.2,4.0
T07,GL-4592,2026-03-16 15:52:00,7.851055,11.111554,36.7,3.95
T07,GL-4592,2026-03-16 15:53:00,7.851713,11.110581,40.2,2.99
T07,GL-4592,2026-03-16 15:54:00,7.852329,11.110596,44.5,5.17
T07,GL-4592,2026-03-16 15:55:00,7.852991,11.110229,48.3,4.83
T07,GL-4592,2026-03-16 15:56:00,7.853325,11.109883,53.1,4.88
T07,GL-4592,2026-03-16 15:57:00,7.854358,11.11025,32.3,2.82
T07,GL-4592,2026-03-16 15:58:00,7.855438,11.109494,27.3,4.73
T07,GL-4592,2026-03-16 15:59:00,7.856301,11.10882,32.4,4.53
T07,GL-4592,2026-03-16 16:00:00,7.856316,11.109375,39.8,4.31
T07,GL-4592,2026-03-16 16:01:00,7.85683,11.109111,23.4,4.18
T07,GL-4592,2026-03-16 16:02:00,7.857901,11.108812,,5.43
T07,GL-4592,2026-03-16 16:03:00,7.858257,11.108467,37.6,4.11
T07,GL-4592,2026-03-16 16:04:00,7.859309,11.108163,45.4,5.59
T07,GL-4592,2026-03-16 16:05:00,7.859677,11.107758,33.7,5.32
T07,GL-4592,2026-03-16 16:06:00,7.860249,11.107353,18.1,3.84
T07,GL-4592,2026-03-16 16:07:00,7.861094,11.107386,14.3,3.18
T07,GL-4592,2026-03-16 16:08:00,7.861639,11.107388,22.1,4.16
T07,GL-4592,2026-03-16 16:09:00,7.862338,11.106914,36.7,3.1
T07,GL-4592,2026-03-16 16:10:00,7.863124,11.106831,31.1,5.44
T07,GL-4592,2026-03-16 16:11:00,7.863378,11.106322,44.3,3.8
T07,GL-4592,2026-03-16 16:12:00,7.864248,11.106613,37.7,5.45
T07,GL-4592,2026-03-16 16:13:00,7.865005,11.105899,24.2,2.82
T07,GL-4592,2026-03-16 16:14:00,7.865766,11.105747,30.9,4.17
T07,GL-4592,2026-03-16 16:15:00,7.866163,11.105425,41.0,5.46
T07,GL-4592,2026-03-16 16:16:00,7.866812,11.105297,50.3,3.99
T07,GL-4592,2026-03-16 16:17:00,7.867824,11.105047,18.5,5.0
T07,GL-4592,2026-03-16 16:18:00,7.868414,11.104848,35.6,4.88
T07,GL-4592,2026-03-16 16:19:00,7.868894,11.104395,27.4,4.84
T07,GL-4592,2026-03-16 16:20:00,7.869315,11.104283,50.3,4.35
T07,GL-4592,2026-03-16 16:21:00,7.870342,11.104007,47.9,4.81
T07,GL-4592,2026-03-16 16:22:00,7.871134,11.103576,48.6,3.06
T07,GL-4592,2026-03-16 16:23:00,7.871944,11.103475,30.2,3.81
T07,GL-4592,2026-03-16 16:24:00,7.871969,11.1035,14.5,5.41
T07,GL-4592,2026-03-16 16:25:00,7.87318,11.103253,41.0,3.01
T07,GL-4592,2026-03-16 16:26:00,7.874114,11.102682,56.3,4.96
T07,GL-4592,2026-03-16 16:27:00,7.874755,11.102788,36.4,3.35
T07,GL-4592,2026-03-16 16:28:00,7.874946,11.102358,33.1,5.15
T07,GL-4592,2026-03-16 16:29:00,7.875585,11.102055,50.3,4.86
T07,GL-4592,2026-03-16 16:30:00,7.876557,11.101925,23.7,5.27
T07,GL-4592,2026-03-16 16:31:00,7.877055,11.10167,54.1,5.03
T07,GL-4592,2026-03-16 16:32:00,7.877972,11.101111,56.2,3.29
T07,GL-4592,2026-03-16 16:33:00,7.878335,11.100939,19.8,3.72
T07,GL-4592,2026-03-16 16:34:00,7.879011,11.101105,20.5,4.14
T07,GL-4592,2026-03-16 16:35:00,7.879871,11.100563,35.6,3.31
T07,GL-4592,2026-03-16 16:36:00,7.880567,11.100398,39.8,4.09
T07,GL-4592,2026-03-16 16:37:00,7.880816,11.100062,51.5,3.54
T07,GL-4592,2026-03-16 16:38:00,7.881439,11.100217,22.1,4.74
T07,GL-4592,2026-03-16 16:39:00,7.882603,11.099785,18.8,4.19
T07,GL-4592,2026-03-16 16:40:00,7.883402,11.099389,17.6,2.84
T07,GL-4592,2026-03-16 16:41:00,7.883791,11.099417,22.8,4.26
T07,GL-4592,2026-03-16 16:42:00,7.884576,11.099457,28.8,4.19
T07,GL-4592,2026-03-16 16:43:00,7.885014,11.098524,51.5,3.51
T07,GL-4592,2026-03-16 16:44:00,7.885583,11.098837,48.1,3.04
T07,GL-4592,2026-03-16 16:45:00,7.886243,11.098069,28.0,5.31
T07,GL-4592,2026-03-16 16:46:00,7.887419,11.098077,56.9,3.2
T07,GL-4592,2026-03-16 16:47:00,7.887936,11.097756,20.0,5.57
T07,GL-4592,2026-03-16 16:48:00,7.88832,11.097312,47.4,4.9
T07,GL-4592,2026-03-16 16:49:00,7.889059,11.097372,54.9,3.47
T07,GL-4592,2026-03-16 16:50:00,7.889983,11.096939,31.5,5.59
T07,GL-4592,2026-03-16 16:51:00,7.890455,11.096649,53.1,3.71
T07,GL-4592,2026-03-16 16:52:00,7.890527,11.096496,50.9,3.09
T07,GL-4592,2026-03-16 16:53:00,7.891539,11.096357,20.5,4.12
T07,GL-4592,2026-03-16 16:54:00,7.892714,11.095898,,3.31
T07,GL-4592,2026-03-16 16:55:00,7.892733,11.095677,41.8,4.83
T07,GL-4592,2026-03-16 16:56:00,7.893707,11.09578,39.0,4.24
T07,GL-4592,2026-03-16 16:57:00,7.894156,11.095582,43.0,5.05
T07,GL-4592,2026-03-16 16:58:00,7.895365,11.095113,46.7,4.48
T07,GL-4592,2026-03-16 16:59:00,7.896023,11.095293,20.4,4.76
T07,GL-4592,2026-03-16 17:00:00,7.896545,11.094996,45.7,3.73
T07,GL-4592,2026-03-16 17:01:00,7.897045,11.094605,47.5,4.44
T07,GL-4592,2026-03-16 17:02:00,7.8974,11.094398,26.4,2.93
T07,GL-4592,2026-03-16 17:03:00,7.898454,11.093863,18.6,3.62
T07,GL-4592,2026-03-16 17:04:00,7.898804,11.09412,18.8,4.77
T07,GL-4592,2026-03-16 17:05:00,7.899738,11.09349,34.0,5.17
T07,GL-4592,2026-03-16 17:06:00,7.900665,11.09383,49.6,3.71
T07,GL-4592,2026-03-16 17:07:00,7.901153,11.092957,38.0,4.83
T07,GL-4592,2026-03-16 17:08:00,7.902042,11.092735,33.1,3.41
T07,GL-4592,2026-03-16 17:09:00,7.903094,11.092724,46.8,4.19
T07,GL-4592,2026-03-16 17:10:00,7.902674,11.092271,47.8,3.32
T07,GL-4592,2026-03-16 17:11:00,7.903801,11.092309,44.3,4.18
T07,GL-4592,2026-03-16 17:12:00,7.904042,11.091829,41.3,3.84
T07,GL-4592,2026-03-16 17:13:00,7.904971,11.091714,27.9,4.95
T07,GL-4592,2026-03-16 17:14:00,7.90619,11.091591,46.3,4.52
T07,GL-4592,2026-03-16 17:15:00,7.906365,11.091056,34.7,5.18
T07,GL-4592,2026-03-16 17:16:00,7.907363,11.091039,52.5,3.96
T07,GL-4592,2026-03-16 17:17:00,7.90792,11.090482,37.5,4.06
T07,GL-4592,2026-03-16 17:18:00,7.908224,11.090216,29.6,4.79
T07,GL-4592,2026-03-16 17:19:00,7.909315,11.090023,26.7,5.37
T07,GL-4592,2026-03-16 17:20:00,7.909868,11.089619,16.3,5.27
T07,GL-4592,2026-03-16 17:21:00,7.909947,11.089852,49.1,4.81
T07,GL-4592,2026-03-16 17:22:00,7.911466,11.089476,51.9,5.13
T07,GL-4592,2026-03-16 17:23:00,7.911951,11.089253,53.5,3.62
T07,GL-4592,2026-03-16 17:24:00,7.912395,11.088709,47.4,3.96
T07,GL-4592,2026-03-16 17:25:00,7.912722,11.08888,22.5,5.17
T07,GL-4592,2026-03-16 17:26:00,7.913644,11.088673,35.4,3.89
T07,GL-4592,2026-03-16 17:27:00,7.914353,11.088181,24.4,4.21
T07,GL-4592,2026-03-16 17:28:00,7.915274,11.088067,43.3,2.86
T07,GL-4592,2026-03-16 17:29:00,7.915751,11.087931,48.4,5.01
T07,GL-4592,2026-03-16 17:30:00,8.158159,11.087614,42.7,377.03
T07,GL-4592,2026-03-16 17:31:00,7.917085,11.087188,31.3,5.58
T07,GL-4592,2026-03-16 17:32:00,7.917947,11.08707,29.6,4.69
T07,GL-4592,2026-03-16 17:33:00,7.918596,11.086928,50.2,3.29
T07,GL-4592,2026-03-16 17:34:00,7.919125,11.086706,29.0,4.24
T07,GL-4592,2026-03-16 17:35:00,7.919762,11.086196,21.4,3.22
T07,GL-4592,2026-03-16 17:36:00,7.920517,11.086272,48.8,5.49
T07,GL-4592,2026-03-16 17:37:00,7.920978,11.085713,51.1,4.45
T07,GL-4592,2026-03-16 17:38:00,7.921773,11.085618,34.5,3.68
T07,GL-4592,2026-03-16 17:39:00,7.922384,11.085165,24.1,3.96
T07,GL-4592,2026-03-16 17:40:00,7.923059,11.085183,26.9,4.3
T07,GL-4592,2026-03-16 17:41:00,7.923744,11.085074,53.0,3.41
T07,GL-4592,2026-03-16 17:42:00,7.924506,11.084422,20.6,4.05
T07,GL-4592,2026-03-16 17:43:00,7.925178,11.084261,45.6,3.33
T07,GL-4592,2026-03-16 17:44:00,7.612693,11.084233,48.1,152.33
T07,GL-4592,2026-03-16 17:45:00,7.926283,11.083666,36.2,4.62
T07,GL-4592,2026-03-16 17:46:00,7.92734,11.083775,30.2,2.91
T07,GL-4592,2026-03-16 17:47:00,7.927698,11.083549,15.4,5.35
T07,GL-4592,2026-03-16 17:48:00,7.928407,11.08319,32.1,4.2
T07,GL-4592,2026-03-16 17:49:00,7.929305,11.082813,18.9,3.88
T07,GL-4592,2026-03-16 17:50:00,7.929645,11.083031,34.3,4.64
T07,GL-4592,2026-03-16 17:51:00,7.930761,11.08226,,4.02
T07,GL-4592,2026-03-16 17:52:00,7.93118,11.082423,49.1,3.34
T07,GL-4592,2026-03-16 17:53:00,7.931891,11.082128,54.2,2.81
T07,GL-4592,2026-03-16 17:54:00,7.932958,11.08188,15.5,4.3
T07,GL-4592,2026-03-16 17:55:00,7.933066,11.081602,45.7,3.74
T07,GL-4592,2026-03-16 17:56:00,7.933949,11.080969,39.1,3.0
T07,GL-4592,2026-03-16 17:57:00,7.934548,11.080675,15.9,2.84
T07,GL-4592,2026-03-16 17:58:00,7.935185,11.080966,15.9,3.87
T07,GL-4592,2026-03-16 17:59:00,7.935758,11.080444,49.2,3.14
T07,GL-4592,2026-03-16 18:00:00,7.93632,11.080117,50.3,4.06
T07,GL-4592,2026-03-16 18:01:00,7.937201,11.080131,32.0,5.57
T07,GL-4592,2026-03-16 18:02:00,7.938019,11.079656,47.1,2.98
T07,GL-4592,2026-03-16 18:03:00,7.938751,11.079414,21.0,5.41
T07,GL-4592,2026-03-16 18:04:00,7.939165,11.079486,22.6,3.02
T07,GL-4592,2026-03-16 18:05:00,7.94001,11.07914,33.0,3.89
T07,GL-4592,2026-03-16 18:06:00,7.940766,11.079029,44.5,3.16
T07,GL-4592,2026-03-16 18:07:00,7.9413,11.078135,18.9,4.24
T07,GL-4592,2026-03-16 18:08:00,7.94215,11.078717,47.2,5.02
T07,GL-4592,2026-03-16 18:09:00,7.942606,11.078463,21.1,3.5
T07,GL-4592,2026-03-16 18:10:00,7.943188,11.078021,34.2,3.11
T07,GL-4592,2026-03-16 18:11:00,7.943654,11.077335,37.0,3.75
T07,GL-4592,2026-03-16 18:12:00,7.944651,11.077479,21.5,5.02
T07,GL-4592,2026-03-16 18:13:00,7.945035,11.077562,49.8,3.69
T07,GL-4592,2026-03-16 18:14:00,7.946511,11.077071,51.4,4.21
T07,GL-4592,2026-03-16 18:15:00,7.946421,11.07645,26.8,3.0
T07,GL-4592,2026-03-16 18:16:00,7.947379,11.076592,46.9,2.92
T07,GL-4592,2026-03-16 18:17:00,7.947781,11.075865,37.6,2.85
T07,GL-4592,2026-03-16 18:18:00,7.948291,11.076345,26.7,4.17
T07,GL-4592,2026-03-16 18:19:00,7.949079,11.075486,45.3,3.9
T07,GL-4592,2026-03-16 18:20:00,7.949696,11.075594,55.7,5.17
T07,GL-4592,2026-03-16 18:21:00,7.950608,11.075342,40.8,4.14
T07,GL-4592,2026-03-16 18:22:00,7.951227,11.07516,41.0,4.69
T07,GL-4592,2026-03-16 18:23:00,7.951799,11.074402,34.5,4.67
T07,GL-4592,2026-03-16 18:24:00,7.952582,11.07457,48.6,4.97
T07,GL-4592,2026-03-16 18:25:00,7.952907,11.074575,39.6,3.35
T07,GL-4592,2026-03-16 18:26:00,7.95386,11.073973,43.7,4.18
T07,GL-4592,2026-03-16 18:27:00,7.954383,11.073849,31.9,3.93
T07,GL-4592,2026-03-16 18:28:00,7.955032,11.073439,57.7,3.65
T07,GL-4592,2026-03-16 18:29:00,7.955564,11.073236,46.3,4.11
T07,GL-4592,2026-03-16 18:30:00,7.956436,11.073259,52.6,4.94
T07,GL-4592,2026-03-16 18:31:00,7.957104,11.072584,41.4,3.48
T07,GL-4592,2026-03-16 18:32:00,7.957739,11.072988,18.0,3.38
T07,GL-4592,2026-03-16 18:33:00,7.958692,11.072656,49.7,3.56
T07,GL-4592,2026-03-16 18:34:00,7.959314,11.072524,42.5,3.93
T07,GL-4592,2026-03-16 18:35:00,7.9601,11.071875,47.6,3.84
T07,GL-4592,2026-03-16 18:36:00,7.960759,11.071788,14.7,4.61
T07,GL-4592,2026-03-16 18:37:00,7.961391,11.071726,20.2,2.83
T07,GL-4592,2026-03-16 18:38:00,7.961505,11.070977,16.2,3.33
T07,GL-4592,2026-03-16 18:39:00,7.96254,11.070981,44.5,4.96
T07,GL-4592,2026-03-16 18:40:00,7.963295,11.071073,22.3,3.04
T07,GL-4592,2026-03-16 18:41:00,7.963772,11.070629,42.9,4.84
T07,GL-4592,2026-03-16 18:42:00,7.964618,11.070806,54.0,3.7
T07,GL-4592,2026-03-16 18:43:00,7.965243,11.07027,35.2,5.12
T07,GL-4592,2026-03-16 18:44:00,7.965785,11.070023,28.6,4.69
T07,GL-4592,2026-03-16 18:45:00,7.966493,11.069557,20.9,4.71
T07,GL-4592,2026-03-16 18:46:00,7.967073,11.0691,43.0,3.96
T07,GL-4592,2026-03-16 18:47:00,7.967576,11.068749,40.1,5.07
T07,GL-4592,2026-03-16 18:48:00,7.968777,11.069124,53.9,3.4
T07,GL-4592,2026-03-16 18:49:00,7.968983,11.068511,31.0,4.38
T07,GL-4592,2026-03-16 18:50:00,7.970123,11.068581,49.7,4.16
T07,GL-4592,2026-03-16 18:51:00,7.970692,11.068129,47.1,2.87
T07,GL-4592,2026-03-16 18:52:00,7.971341,11.067656,22.1,3.65
T07,GL-4592,2026-03-16 18:53:00,7.97238,11.067611,39.3,3.34
T07,GL-4592,2026-03-16 18:54:00,7.972699,11.06738,29.3,4.73
T07,GL-4592,2026-03-16 18:55:00,7.973093,11.06687,19.1,2.96
T07,GL-4592,2026-03-16 18:56:00,7.973977,11.066851,28.9,5.37
T07,GL-4592,2026-03-16 18:57:00,7.974812,11.066903,47.2,3.54
T07,GL-4592,2026-03-16 18:58:00,7.975265,11.066091,56.9,3.89
T07,GL-4592,2026-03-16 18:59:00,7.975725,11.065991,20.4,5.01
T07,GL-4592,2026-03-16 19:00:00,7.9761,11.06596,,3.86
T07,GL-4592,2026-03-16 19:01:00,7.97727,11.065827,46.1,5.43
T07,GL-4592,2026-03-16 19:02:00,7.97775,11.065263,31.9,4.79
T07,GL-4592,2026-03-16 19:03:00,7.978765,11.065651,28.6,3.23
T07,GL-4592,2026-03-16 19:04:00,7.978748,11.065275,34.3,3.24
T07,GL-4592,2026-03-16 19:05:00,7.97999,11.064799,24.8,3.27
T07,GL-4592,2026-03-16 19:06:00,7.980739,11.064669,53.4,2.87
T07,GL-4592,2026-03-16 19:07:00,7.981359,11.06439,26.9,5.34
T07,GL-4592,2026-03-16 19:08:00,7.981717,11.063786,41.8,5.59
T07,GL-4592,2026-03-16 19:09:00,7.982769,11.063582,35.6,3.21
T07,GL-4592,2026-03-16 19:10:00,7.983297,11.063483,52.5,3.93
T07,GL-4592,2026-03-16 19:11:00,7.984275,11.063489,52.5,4.88
T07,GL-4592,2026-03-16 19:12:00,7.984333,11.063179,43.4,4.91
T07,GL-4592,2026-03-16 19:13:00,7.985396,11.063003,24.5,3.33
T07,GL-4592,2026-03-16 19:14:00,7.985809,11.062472,58.0,4.12
T07,GL-4592,2026-03-16 19:15:00,7.986616,11.062426,36.6,3.7
T07,GL-4592,2026-03-16 19:16:00,7.987624,11.061906,56.2,3.92
T07,GL-4592,2026-03-16 19:17:00,7.988393,11.061805,51.0,3.36
T07,GL-4592,2026-03-16 19:18:00,7.988809,11.06161,43.6,3.18
T07,GL-4592,2026-03-16 19:19:00,7.989169,11.061097,24.9,4.94
T07,GL-4592,2026-03-16 19:20:00,7.990129,11.061466,33.3,3.89
T07,GL-4592,2026-03-16 19:21:00,7.990402,11.060648,52.3,3.01
T07,GL-4592,2026-03-16 19:22:00,7.991331,11.060727,48.9,5.32
T07,GL-4592,2026-03-16 19:23:00,7.991734,11.060302,19.7,3.99
T07,GL-4592,2026-03-16 19:24:00,7.99281,11.059908,17.8,2.82
T07,GL-4592,2026-03-16 19:25:00,7.993449,11.059713,37.1,4.82
T07,GL-4592,2026-03-16 19:26:00,7.99421,11.059722,40.0,3.75
T07,GL-4592,2026-03-16 19:27:00,7.994896,11.059172,22.5,3.24
T07,GL-4592,2026-03-16 19:28:00,7.995235,11.059206,18.8,3.27
T07,GL-4592,2026-03-16 19:29:00,7.996024,11.058949,31.4,5.44
T07,GL-4592,2026-03-16 19:30:00,7.996669,11.058933,38.0,3.08
T07,GL-4592,2026-03-16 19:31:00,7.997116,11.05845,40.1,3.68
T07,GL-4592,2026-03-16 19:32:00,7.997992,11.058344,19.7,4.5
T07,GL-4592,2026-03-16 19:33:00,7.998887,11.057893,23.9,3.36
T07,GL-4592,2026-03-16 19:34:00,7.999192,11.057973,28.3,5.38
T07,GL-4592,2026-03-16 19:35:00,7.999925,11.05783,14.4,4.0
T07,GL-4592,2026-03-16 19:36:00,8.000712,11.056982,52.2,4.12
T07,GL-4592,2026-03-16 19:37:00,8.001363,11.057423,23.4,2.84
T07,GL-4592,2026-03-16 19:38:00,8.002244,11.056847,27.6,4.58
T07,GL-4592,2026-03-16 19:39:00,8.00261,11.056471,17.5,4.07
T07,GL-4592,2026-03-16 19:40:00,8.003682,11.056423,25.4,2.8
T07,GL-4592,2026-03-16 19:41:00,8.004039,11.055856,29.0,3.73
T07,GL-4592,2026-03-16 19:42:00,8.004296,11.05569,45.2,5.48
T07,GL-4592,2026-03-16 19:43:00,8.005537,11.055547,19.2,3.75
T07,GL-4592,2026-03-16 19:44:00,8.006497,11.055372,42.0,5.28
T07,GL-4592,2026-03-16 19:45:00,8.006846,11.055354,23.9,4.85
T07,GL-4592,2026-03-16 19:46:00,8.007589,11.054728,18.7,3.05
T07,GL-4592,2026-03-16 19:47:00,8.008332,11.054831,35.0,3.89
T07,GL-4592,2026-03-16 19:48:00,8.008487,11.054792,44.9,3.56
T07,GL-4592,2026-03-16 19:49:00,8.009399,11.053941,30.0,3.8
T07,GL-4592,2026-03-16 19:50:00,8.010388,11.053605,52.6,2.89
T07,GL-4592,2026-03-16 19:51:00,8.010963,11.054182,46.9,3.88
T07,GL-4592,2026-03-16 19:52:00,8.011281,11.05368,31.3,4.88
T07,GL-4592,2026-03-16 19:53:00,7.919187,11.053334,36.9,385.86
T07,GL-4592,2026-03-16 19:54:00,8.012397,11.053528,56.7,3.6
T07,GL-4592,2026-03-16 19:55:00,8.012909,11.052961,54.7,5.4
T07,GL-4592,2026-03-16 19:56:00,8.014367,11.052556,27.7,4.56
T07,GL-4592,2026-03-16 19:57:00,8.014777,11.052303,32.9,3.86
T07,GL-4592,2026-03-16 19:58:00,8.015589,11.052283,43.3,3.59
T07,GL-4592,2026-03-16 19:59:00,8.016319,11.052015,45.9,4.93
T07,GL-4592,2026-03-16 20:00:00,8.016843,11.051475,51.0,3.02
T07,GL-4592,2026-03-16 20:01:00,8.156742,11.051618,17.1,463.28
T07,GL-4592,2026-03-16 20:02:00,8.018134,11.051269,38.8,3.87
T07,GL-4592,2026-03-16 20:03:00,8.018965,11.050337,53.3,5.48
T07,GL-4592,2026-03-16 20:04:00,8.019249,11.050346,17.0,5.2
T07,GL-4592,2026-03-16 20:05:00,8.020093,11.050269,46.7,3.07
T07,GL-4592,2026-03-16 20:06:00,8.020486,11.04995,41.5,3.15
T07,GL-4592,2026-03-16 20:07:00,8.021371,11.049765,26.1,5.05
T07,GL-4592,2026-03-16 20:08:00,8.022232,11.049512,22.3,4.27
T07,GL-4592,2026-03-16 20:09:00,8.022472,11.049329,27.7,4.57
T07,GL-4592,2026-03-16 20:10:00,8.023314,11.048995,48.7,3.67
T07,GL-4592,2026-03-16 20:11:00,8.024539,11.048623,30.6,2.92
T07,GL-4592,2026-03-16 20:12:00,8.0245,11.049001,45.8,3.67
T07,GL-4592,2026-03-16 20:13:00,8.025385,11.048442,44.8,2.87
T07,GL-4592,2026-03-16 20:14:00,8.026131,11.048255,42.9,4.11
T07,GL-4592,2026-03-16 20:15:00,8.026524,11.047807,25.3,3.19
T07,GL-4592,2026-03-16 20:16:00,8.02791,11.047737,22.6,4.32
T07,GL-4592,2026-03-16 20:17:00,8.028332,11.04738,21.4,4.26
T07,GL-4592,2026-03-16 20:18:00,8.02893,11.047552,35.8,3.79
T07,GL-4592,2026-03-16 20:19:00,8.029512,11.046888,18.0,5.41
T07,GL-4592,2026-03-16 20:20:00,8.02999,11.046874,32.5,3.44
T07,GL-4592,2026-03-16 20:21:00,8.030998,11.046136,37.1,4.35
T07,GL-4592,2026-03-16 20:22:00,8.031735,11.046323,57.3,4.3
T07,GL-4592,2026-03-16 20:23:00,8.031791,11.045831,55.9,3.38
T07,GL-4592,2026-03-16 20:24:00,8.032602,11.045821,21.6,2.89
T07,GL-4592,2026-03-16 20:25:00,8.033858,11.045511,17.7,3.28
T07,GL-4592,2026-03-16 20:26:00,8.034048,11.045278,30.1,4.42
T07,GL-4592,2026-03-16 20:27:00,8.034763,11.044725,49.4,2.92
T07,GL-4592,2026-03-16 20:28:00,8.035786,11.04447,52.2,3.32
T07,GL-4592,2026-03-16 20:29:00,8.036114,11.044479,,3.43
T07,GL-4592,2026-03-16 20:30:00,8.037012,11.04411,31.2,4.35
T07,GL-4592,2026-03-16 20:31:00,8.03736,11.044356,21.8,2.87
T07,GL-4592,2026-03-16 20:32:00,8.038188,11.043754,52.0,3.37
T07,GL-4592,2026-03-16 20:33:00,8.038929,11.043485,26.5,2.91
T07,GL-4592,2026-03-16 20:34:00,8.03949,11.043371,16.0,3.15
T07,GL-4592,2026-03-16 20:35:00,8.040148,11.04322,30.1,3.67
T07,GL-4592,2026-03-16 20:36:00,8.040864,11.043072,46.0,4.97
T07,GL-4592,2026-03-16 20:37:00,8.041258,11.042405,46.1,4.56
T07,GL-4592,2026-03-16 20:38:00,8.041926,11.042485,49.0,4.71
T07,GL-4592,2026-03-16 20:39:00,8.042807,11.042253,30.5,3.52
T07,GL-4592,2026-03-16 20:40:00,8.043328,11.041964,25.3,5.58
T07,GL-4592,2026-03-16 20:41:00,8.044175,11.041803,18.9,3.92
T07,GL-4592,2026-03-16 20:42:00,8.044946,11.041366,42.1,4.62
T07,GL-4592,2026-03-16 20:43:00,8.045584,11.041445,45.0,3.7
T07,GL-4592,2026-03-16 20:44:00,8.04635,11.04136,27.2,3.79
T07,GL-4592,2026-03-16 20:45:00,8.046662,11.041023,17.2,3.7
T07,GL-4592,2026-03-16 20:46:00,8.047782,11.040618,45.7,3.85
T07,GL-4592,2026-03-16 20:47:00,8.048231,11.040435,24.0,4.48
T07,GL-4592,2026-03-16 20:48:00,8.048715,11.039828,35.3,2.86
T07,GL-4592,2026-03-16 20:49:00,8.049303,11.039742,47.9,4.81
T07,GL-4592,2026-03-16 20:50:00,8.049924,11.039839,42.6,3.71
T07,GL-4592,2026-03-16 20:51:00,8.050953,11.039496,53.1,5.21
T07,GL-4592,2026-03-16 20:52:00,8.051553,11.039164,45.3,5.06
T07,GL-4592,2026-03-16 20:53:00,8.05218,11.038711,42.5,5.0
T07,GL-4592,2026-03-16 20:54:00,8.053028,11.038801,40.0,4.37
T07,GL-4592,2026-03-16 20:55:00,8.053468,11.037999,55.4,5.12
T07,GL-4592,2026-03-16 20:56:00,8.054115,11.038311,27.6,4.95
T07,GL-4592,2026-03-16 20:57:00,8.054638,11.037732,40.0,3.72
T07,GL-4592,2026-03-16 20:58:00,8.055235,11.037719,24.8,4.56
T07,GL-4592,2026-03-16 20:59:00,8.056078,11.036899,50.2,3.52
T07,GL-4592,2026-03-16 21:00:00,8.056636,11.037134,42.9,5.47
T07,GL-4592,2026-03-16 21:01:00,8.057254,11.036832,32.2,5.27
T07,GL-4592,2026-03-16 21:02:00,8.058166,11.036662,,4.55
T07,GL-4592,2026-03-16 21:03:00,8.059194,11.03655,56.3,4.2
T07,GL-4592,2026-03-16 21:04:00,8.059474,11.036568,29.5,4.86
T07,GL-4592,2026-03-16 21:05:00,8.059611,11.0363,48.2,3.93
T07,GL-4592,2026-03-16 21:06:00,8.060765,11.035449,50.5,2.96
T07,GL-4592,2026-03-16 21:07:00,8.061564,11.035629,15.8,2.99
T07,GL-4592,2026-03-16 21:08:00,8.062174,11.035521,56.4,5.44
T07,GL-4592,2026-03-16 21:09:00,8.063069,11.035224,57.9,3.64
T07,GL-4592,2026-03-16 21:10:00,8.06382,11.034807,44.5,3.52
T07,GL-4592,2026-03-16 21:11:00,8.064744,11.034221,50.2,4.14
T07,GL-4592,2026-03-16 21:12:00,8.064765,11.03425,37.7,4.63
T07,GL-4592,2026-03-16 21:13:00,8.065605,11.034379,28.8,4.96
T07,GL-4592,2026-03-16 21:14:00,8.066019,11.034343,45.8,3.55
T07,GL-4592,2026-03-16 21:15:00,8.066941,11.033512,39.7,3.76
T07,GL-4592,2026-03-16 21:16:00,8.067392,11.033215,39.3,4.74
T07,GL-4592,2026-03-16 21:17:00,8.068103,11.032974,35.3,3.37
T07,GL-4592,2026-03-16 21:18:00,8.068883,11.032654,52.6,5.01
T07,GL-4592,2026-03-16 21:19:00,8.069371,11.032704,34.5,3.89
T07,GL-4592,2026-03-16 21:20:00,8.070258,11.032429,30.0,3.69
T07,GL-4592,2026-03-16 21:21:00,8.070993,11.032231,24.6,4.43
T07,GL-4592,2026-03-16 21:22:00,8.071496,11.031651,38.0,3.75
T07,GL-4592,2026-03-16 21:23:00,8.072232,11.03177,45.7,4.71
T07,GL-4592,2026-03-16 21:24:00,8.073105,11.031452,15.9,3.45
T07,GL-4592,2026-03-16 21:25:00,8.073481,11.031291,50.5,3.11
T07,GL-4592,2026-03-16 21:26:00,8.073938,11.030806,49.5,3.96
T07,GL-4592,2026-03-16 21:27:00,8.074746,11.030562,19.4,4.68
T07,GL-4592,2026-03-16 21:28:00,8.07523,11.030171,52.2,3.29
T07,GL-4592,2026-03-16 21:29:00,8.076506,11.030148,53.4,3.92
T07,GL-4592,2026-03-16 21:30:00,8.07739,11.030037,32.1,4.85
T07,GL-4592,2026-03-16 21:31:00,8.077295,11.029838,39.0,5.3
T07,GL-4592,2026-03-16 21:32:00,8.078137,11.029194,38.7,3.91
T07,GL-4592,2026-03-16 21:33:00,8.078847,11.028897,53.7,3.98
T07,GL-4592,2026-03-16 21:34:00,8.079682,11.028934,28.2,3.28
T07,GL-4592,2026-03-16 21:35:00,8.079983,11.028966,50.7,5.16
T07,GL-4592,2026-03-16 21:36:00,8.080981,11.028216,16.8,3.86
T07,GL-4592,2026-03-16 21:37:00,8.0814,11.028233,32.7,4.62
T07,GL-4592,2026-03-16 21:38:00,8.082483,11.028048,22.1,5.54
T07,GL-4592,2026-03-16 21:39:00,8.082638,11.027817,45.3,5.24
T07,GL-4592,2026-03-16 21:40:00,8.083912,11.027658,37.1,4.11
T07,GL-4592,2026-03-16 21:41:00,8.084766,11.027544,54.7,4.26
T07,GL-4592,2026-03-16 21:42:00,8.084953,11.027192,18.3,5.11
T07,GL-4592,2026-03-16 21:43:00,8.085361,11.026818,57.7,3.82
T07,GL-4592,2026-03-16 21:44:00,8.085939,11.026515,29.2,2.98
T07,GL-4592,2026-03-16 21:45:00,8.087067,11.026449,19.4,2.88
T07,GL-4592,2026-03-16 21:46:00,8.08781,11.025727,30.0,5.25
T07,GL-4592,2026-03-16 21:47:00,8.088259,11.026168,37.5,2.82
T07,GL-4592,2026-03-16 21:48:00,8.089402,11.025295,49.0,3.48
T07,GL-4592,2026-03-16 21:49:00,8.089888,11.026002,52.5,4.11
T07,GL-4592,2026-03-16 21:50:00,8.090039,11.025025,41.0,4.15
T07,GL-4592,2026-03-16 21:51:00,8.091231,11.024982,20.7,3.05
T07,GL-4592,2026-03-16 21:52:00,8.091638,11.024466,49.3,3.73
T07,GL-4592,2026-03-16 21:53:00,8.092039,11.024451,25.2,5.28
T07,GL-4592,2026-03-16 21:54:00,8.092759,11.024268,26.1,4.96
T07,GL-4592,2026-03-16 21:55:00,8.093627,11.023814,36.0,2.87
T07,GL-4592,2026-03-16 21:56:00,8.094577,11.02324,35.0,2.98
T07,GL-4592,2026-03-16 21:57:00,8.094757,11.023126,36.6,5.41
T07,GL-4592,2026-03-16 21:58:00,8.09552,11.023191,21.6,5.44
T07,GL-4592,2026-03-16 21:59:00,8.096333,11.02355,47.3,2.83
T07,GL-4592,2026-03-16 22:00:00,8.096901,11.022968,21.6,4.52
T07,GL-4592,2026-03-16 22:01:00,8.097896,11.022754,33.4,5.0
T07,GL-4592,2026-03-16 22:02:00,8.098433,11.022308,56.6,3.12
T07,GL-4592,2026-03-16 22:03:00,8.098648,11.021935,39.4,3.81
T07,GL-4592,2026-03-16 22:04:00,8.099897,11.021912,25.9,5.13
T07,GL-4592,2026-03-16 22:05:00,8.100221,11.021685,25.5,4.24
T07,GL-4592,2026-03-16 22:06:00,8.101388,11.021304,54.5,5.28
T07,GL-4592,2026-03-16 22:07:00,8.101322,11.021183,54.2,3.48
T07,GL-4592,2026-03-16 22:08:00,8.102343,11.021005,57.4,3.36
T07,GL-4592,2026-03-16 22:09:00,8.103202,11.020476,50.2,4.33
T07,GL-4592,2026-03-16 22:10:00,8.103568,11.020534,46.8,3.47
T07,GL-4592,2026-03-16 22:11:00,8.104592,11.020137,26.1,3.72
T07,GL-4592,2026-03-16 22:12:00,8.105305,11.019793,44.9,2.85
T07,GL-4592,2026-03-16 22:13:00,8.105625,11.01968,29.2,3.14
T07,GL-4592,2026-03-16 22:14:00,8.106476,11.019394,51.5,3.21
T07,GL-4592,2026-03-16 22:15:00,8.106995,11.019236,49.5,5.5
T07,GL-4592,2026-03-16 22:16:00,8.107697,11.019137,39.1,4.83
T07,GL-4592,2026-03-16 22:17:00,8.108312,11.01861,31.6,2.93
T07,GL-4592,2026-03-16 22:18:00,8.109024,11.01856,43.2,3.18
T07,GL-4592,2026-03-16 22:19:00,8.109895,11.018133,56.2,2.96
T07,GL-4592,2026-03-16 22:20:00,8.110142,11.017758,36.9,5.47
T07,GL-4592,2026-03-16 22:21:00,8.111391,11.017898,45.8,4.77
T07,GL-4592,2026-03-16 22:22:00,8.1118,11.017483,16.7,3.35
T07,GL-4592,2026-03-16 22:23:00,8.111974,11.017548,22.7,5.41
T07,GL-4592,2026-03-16 22:24:00,8.112931,11.017253,47.3,3.01
T07,GL-4592,2026-03-16 22:25:00,8.113384,11.016925,17.5,4.63
T07,GL-4592,2026-03-16 22:26:00,8.114671,11.016301,23.3,3.14
T07,GL-4592,2026-03-16 22:27:00,8.114894,11.016374,44.8,3.97
T07,GL-4592,2026-03-16 22:28:00,8.115687,11.01661,25.1,4.19
T07,GL-4592,2026-03-16 22:29:00,8.116221,11.0158,27.3,3.15
T07,GL-4592,2026-03-16 22:30:00,8.116916,11.015907,17.0,3.91
T07,GL-4592,2026-03-16 22:31:00,8.117424,11.015451,36.3,3.56
T07,GL-4592,2026-03-16 22:32:00,8.118011,11.014792,,3.86
T07,GL-4592,2026-03-16 22:33:00,8.118959,11.014853,56.3,4.88
T07,GL-4592,2026-03-16 22:34:00,8.119496,11.014574,25.5,3.72
T07,GL-4592,2026-03-16 22:35:00,8.120101,11.014096,44.3,4.14
T07,GL-4592,2026-03-16 22:36:00,8.12115,11.013846,48.2,3.45
T07,GL-4592,2026-03-16 22:37:00,8.12189,11.013798,54.7,4.02
T07,GL-4592,2026-03-16 22:38:00,8.122251,11.013558,21.7,5.32
T07,GL-4592,2026-03-16 22:39:00,8.123652,11.013517,42.5,4.58
T07,GL-4592,2026-03-16 22:40:00,8.123587,11.01356,29.0,3.37
T07,GL-4592,2026-03-16 22:41:00,8.124629,11.012691,28.5,4.04
T07,GL-4592,2026-03-16 22:42:00,8.125053,11.01303,18.5,4.4
T07,GL-4592,2026-03-16 22:43:00,8.126049,11.012867,20.7,3.9
T07,GL-4592,2026-03-16 22:44:00,8.126084,11.012423,49.2,4.99
T07,GL-4592,2026-03-16 22:45:00,8.127063,11.012006,48.6,4.5
T07,GL-4592,2026-03-16 22:46:00,8.127799,11.011673,55.4,3.87
T07,GL-4592,2026-03-16 22:47:00,8.128042,11.011425,42.7,4.58
T07,GL-4592,2026-03-16 22:48:00,8.129048,11.011164,29.8,3.0
T07,GL-4592,2026-03-16 22:49:00,8.129825,11.011217,46.1,3.68
T07,GL-4592,2026-03-16 22:50:00,8.130221,11.010907,28.8,5.38
T07,GL-4592,2026-03-16 22:51:00,8.130801,11.010706,44.3,5.12
T07,GL-4592,2026-03-16 22:52:00,8.131785,11.010624,46.5,5.31
T07,GL-4592,2026-03-16 22:53:00,8.132376,11.009947,21.6,3.51
T07,GL-4592,2026-03-16 22:54:00,8.133116,11.010358,33.3,4.76
T07,GL-4592,2026-03-16 22:55:00,8.134072,11.009605,36.6,3.7
T07,GL-4592,2026-03-16 22:56:00,8.134245,11.009549,24.1,4.81
T07,GL-4592,2026-03-16 22:57:00,8.135126,11.008918,53.9,2.98
T07,GL-4592,2026-03-16 22:58:00,8.135788,11.008703,15.0,4.47
T07,GL-4592,2026-03-16 22:59:00,8.136177,11.008507,49.7,5.35
T07,GL-4592,2026-03-16 23:00:00,8.136795,11.008508,24.9,4.84
T07,GL-4592,2026-03-16 23:01:00,8.138033,11.008551,30.0,3.19
T07,GL-4592,2026-03-16 23:02:00,8.138359,11.007937,56.0,3.48
T07,GL-4592,2026-03-16 23:03:00,8.139265,11.008087,38.5,5.18
T07,GL-4592,2026-03-16 23:04:00,8.139343,11.007433,31.7,3.66
T07,GL-4592,2026-03-16 23:05:00,8.140682,11.006995,29.8,4.41
T07,GL-4592,2026-03-16 23:06:00,8.141084,11.006947,48.6,4.7
T07,GL-4592,2026-03-16 23:07:00,8.141749,11.007,25.0,3.98
T07,GL-4592,2026-03-16 23:08:00,8.142152,11.006737,21.5,4.2
T07,GL-4592,2026-03-16 23:09:00,8.143028,11.006407,52.0,2.95
T07,GL-4592,2026-03-16 23:10:00,8.144037,11.006005,45.1,3.52
T07,GL-4592,2026-03-16 23:11:00,8.144504,11.005544,19.1,3.08
T07,GL-4592,2026-03-16 23:12:00,8.145149,11.005402,41.5,3.66
T07,GL-4592,2026-03-16 23:13:00,8.145904,11.005461,15.0,4.82
T07,GL-4592,2026-03-16 23:14:00,8.146247,11.005072,44.9,5.5
T07,GL-4592,2026-03-16 23:15:00,8.147199,11.004644,25.9,4.21
T07,GL-4592,2026-03-16 23:16:00,8.147628,11.004659,30.2,3.8
T07,GL-4592,2026-03-16 23:17:00,8.148643,11.004597,48.3,5.38
T07,GL-4592,2026-03-16 23:18:00,8.14928,11.004294,17.6,3.13
T07,GL-4592,2026-03-16 23:19:00,8.149432,11.003675,52.3,3.25
T07,GL-4592,2026-03-16 23:20:00,8.150498,11.003681,47.6,5.19
T07,GL-4592,2026-03-16 23:21:00,8.151329,11.003383,52.2,4.56
T07,GL-4592,2026-03-16 23:22:00,8.151789,11.003168,47.2,4.02
T07,GL-4592,2026-03-16 23:23:00,8.152434,11.003138,56.7,3.07
T07,GL-4592,2026-03-16 23:24:00,8.153319,11.00296,57.9,3.8
T07,GL-4592,2026-03-16 23:25:00,8.153937,11.002483,40.4,4.38
T07,GL-4592,2026-03-16 23:26:00,8.154685,11.002736,34.9,4.96
T07,GL-4592,2026-03-16 23:27:00,8.155104,11.001993,31.5,4.5
T07,GL-4592,2026-03-16 23:28:00,8.155841,11.001971,43.5,4.91
T07,GL-4592,2026-03-16 23:29:00,8.156705,11.001468,28.3,5.12
T07,GL-4592,2026-03-16 23:30:00,8.157224,11.001287,32.0,5.0
T07,GL-4592,2026-03-16 23:31:00,8.157614,11.00107,14.4,5.0
T07,GL-4592,2026-03-16 23:32:00,8.158693,11.001044,45.8,3.86
T07,GL-4592,2026-03-16 23:33:00,8.158982,11.00054,29.0,2.99
T07,GL-4592,2026-03-16 23:34:00,8.159464,10.999851,32.4,5.34
T07,GL-4592,2026-03-16 23:35:00,8.160334,10.999787,49.0,5.52
T07,GL-4592,2026-03-16 23:36:00,8.161198,10.999842,52.9,3.09
T07,GL-4592,2026-03-16 23:37:00,8.161656,10.999569,29.7,3.03
T07,GL-4592,2026-03-16 23:38:00,8.162585,10.999002,34.9,5.29
T07,GL-4592,2026-03-16 23:39:00,8.163425,10.998963,54.1,5.42
T07,GL-4592,2026-03-16 23:40:00,8.163405,10.998976,53.5,3.22
T07,GL-4592,2026-03-16 23:41:00,8.164326,10.99819,52.8,5.54
T07,GL-4592,2026-03-16 23:42:00,8.165092,10.998106,39.0,3.28
T07,GL-4592,2026-03-16 23:43:00,8.165668,10.997914,56.3,4.66
T07,GL-4592,2026-03-16 23:44:00,8.166328,10.997934,53.3,5.43
T07,GL-4592,2026-03-16 23:45:00,8.16715,10.997327,45.5,3.27
T07,GL-4592,2026-03-16 23:46:00,8.168092,10.99753,20.3,3.58
T07,GL-4592,2026-03-16 23:47:00,8.168669,10.997369,40.7,5.24
T07,GL-4592,2026-03-16 23:48:00,8.16935,10.996652,46.7,4.76
T07,GL-4592,2026-03-16 23:49:00,8.169666,10.996882,29.6,5.34
T07,GL-4592,2026-03-16 23:50:00,8.17054,10.996339,32.9,4.0
T07,GL-4592,2026-03-16 23:51:00,8.170883,10.996083,49.7,4.82
T07,GL-4592,2026-03-16 23:52:00,8.17162,10.995924,36.9,3.66
T07,GL-4592,2026-03-16 23:53:00,8.172804,10.995763,52.9,3.36
T07,GL-4592,2026-03-16 23:54:00,8.173163,10.995524,21.5,3.1
T07,GL-4592,2026-03-16 23:55:00,8.173753,10.995322,17.7,4.9
T07,GL-4592,2026-03-16 23:56:00,8.174334,10.995122,44.9,2.85
T07,GL-4592,2026-03-16 23:57:00,8.175252,10.994211,46.9,2.98
T07,GL-4592,2026-03-16 23:58:00,8.175555,10.994413,38.1,5.04
T07,GL-4592,2026-03-16 23:59:00,8.176578,10.994533,24.6,4.25
T07,GL-4592,2026-03-17 00:00:00,8.17724,10.993784,53.8,3.49
T07,GL-4592,2026-03-17 00:01:00,8.177611,10.99358,38.0,3.33
T07,GL-4592,2026-03-17 00:02:00,8.178216,10.993114,29.3,5.15
T07,GL-4592,2026-03-17 00:03:00,8.178945,10.993163,,4.84
T07,GL-4592,2026-03-17 00:04:00,8.179646,10.993289,15.5,3.97
T07,GL-4592,2026-03-17 00:05:00,8.180832,10.992408,46.7,2.87
T07,GL-4592,2026-03-17 00:06:00,8.181057,10.992572,48.8,3.13
T07,GL-4592,2026-03-17 00:07:00,8.181722,10.992284,48.9,4.04
T07,GL-4592,2026-03-17 00:08:00,8.182357,10.991879,22.3,4.98
T07,GL-4592,2026-03-17 00:09:00,8.183082,10.991798,16.2,5.03
T07,GL-4592,2026-03-17 00:10:00,8.184227,10.991903,20.1,3.61
T07,GL-4592,2026-03-17 00:11:00,8.18473,10.991244,34.6,4.11
T07,GL-4592,2026-03-17 00:12:00,8.185154,10.991139,34.6,4.1
T07,GL-4592,2026-03-17 00:13:00,8.186055,10.990892,54.2,2.89
T07,GL-4592,2026-03-17 00:14:00,8.186214,10.990354,33.9,5.26
T07,GL-4592,2026-03-17 00:15:00,8.18698,10.990351,26.7,2.84
T07,GL-4592,2026-03-17 00:16:00,8.187575,10.989959,22.5,4.04
T07,GL-4592,2026-03-17 00:17:00,8.18854,10.989896,42.3,3.75
T07,GL-4592,2026-03-17 00:18:00,8.188843,10.989371,37.6,2.97
T07,GL-4592,2026-03-17 00:19:00,8.189837,10.989517,38.5,2.93
T07,GL-4592,2026-03-17 00:20:00,8.19047,10.989253,34.5,5.3
T07,GL-4592,2026-03-17 00:21:00,8.190799,10.988593,31.5,3.42
T07,GL-4592,2026-03-17 00:22:00,8.191669,10.989094,15.6,2.98
T07,GL-4592,2026-03-17 00:23:00,8.19251,10.988438,35.5,4.14
T07,GL-4592,2026-03-17 00:24:00,8.192939,10.988375,53.7,4.28
T07,GL-4592,2026-03-17 00:25:00,8.193993,10.988097,21.8,2.98
T07,GL-4592,2026-03-17 00:26:00,8.194467,10.987653,55.7,4.94
T07,GL-4592,2026-03-17 00:27:00,8.1955,10.987643,53.9,2.86
T07,GL-4592,2026-03-17 00:28:00,8.195815,10.987211,27.6,5.55
T07,GL-4592,2026-03-17 00:29:00,8.196648,10.987226,53.6,4.27
T07,GL-4592,2026-03-17 00:30:00,8.197014,10.986886,40.8,4.59
T07,GL-4592,2026-03-17 00:31:00,8.197798,10.98623,29.4,3.61
T07,GL-4592,2026-03-17 00:32:00,8.197842,10.986071,43.4,4.85
T07,GL-4592,2026-03-17 00:33:00,8.199326,10.986105,46.8,4.62
T07,GL-4592,2026-03-17 00:34:00,8.199751,10.985727,54.3,5.44
T07,GL-4592,2026-03-17 00:35:00,8.200488,10.985529,38.5,3.22
T07,GL-4592,2026-03-17 00:36:00,8.201403,10.985355,40.0,5.02
T07,GL-4592,2026-03-17 00:37:00,8.201845,10.985348,20.8,5.16
T07,GL-4592,2026-03-17 00:38:00,8.202605,10.984605,48.9,3.68
T07,GL-4592,2026-03-17 00:39:00,8.203334,10.984617,36.1,5.24
T07,GL-4592,2026-03-17 00:40:00,8.204185,10.984474,39.4,4.2
T07,GL-4592,2026-03-17 00:41:00,8.204605,10.984533,30.9,3.34
T07,GL-4592,2026-03-17 00:42:00,8.205469,10.983979,,4.58
T07,GL-4592,2026-03-17 00:43:00,8.205959,10.983894,31.2,5.48
T07,GL-4592,2026-03-17 00:44:00,8.206547,10.983981,33.7,4.07
T07,GL-4592,2026-03-17 00:45:00,8.207182,10.983113,55.8,5.51
T07,GL-4592,2026-03-17 00:46:00,8.208094,10.98291,27.2,3.11
T07,GL-4592,2026-03-17 00:47:00,8.20912,10.982601,39.3,4.13
T07,GL-4592,2026-03-17 00:48:00,8.209028,10.982517,50.7,5.0
T07,GL-4592,2026-03-17 00:49:00,8.209738,10.982771,57.2,4.06
T07,GL-4592,2026-03-17 00:50:00,8.210495,10.982244,29.7,5.06
T07,GL-4592,2026-03-17 00:51:00,8.21132,10.981938,52.8,4.13
T07,GL-4592,2026-03-17 00:52:00,8.212058,10.981586,23.4,5.08
T07,GL-4592,2026-03-17 00:53:00,8.212168,10.98118,39.7,3.03
T07,GL-4592,2026-03-17 00:54:00,8.212944,10.980918,29.2,5.51
T07,GL-4592,2026-03-17 00:55:00,8.213899,10.981208,57.4,5.22
T07,GL-4592,2026-03-17 00:56:00,8.214652,10.980204,31.1,3.3
T07,GL-4592,2026-03-17 00:57:00,8.215625,10.980604,17.7,4.09
T07,GL-4592,2026-03-17 00:58:00,8.21543,10.979929,44.3,4.41
T07,GL-4592,2026-03-17 00:59:00,8.216722,10.979954,34.7,4.2
T07,GL-4592,2026-03-17 01:00:00,8.217108,10.97998,29.2,3.83
T07,GL-4592,2026-03-17 01:01:00,8.217881,10.979297,30.7,3.21
T07,GL-4592,2026-03-17 01:02:00,8.218755,10.978784,30.3,3.97
T07,GL-4592,2026-03-17 01:03:00,8.219115,10.979091,34.4,4.29
T07,GL-4592,2026-03-17 01:04:00,8.220166,10.978452,31.8,3.04
T07,GL-4592,2026-03-17 01:05:00,8.220581,10.978622,37.2,3.17
T07,GL-4592,2026-03-17 01:06:00,8.221733,10.978121,26.9,5.08
T07,GL-4592,2026-03-17 01:07:00,8.22218,10.978105,18.4,5.48
T07,GL-4592,2026-03-17 01:08:00,8.222486,10.977428,36.6,5.6
T07,GL-4592,2026-03-17 01:09:00,8.22341,10.977554,32.5,2.99
T07,GL-4592,2026-03-17 01:10:00,8.224133,10.977527,29.3,3.59
T07,GL-4592,2026-03-17 01:11:00,8.224458,10.977125,,5.26
T07,GL-4592,2026-03-17 01:12:00,8.225133,10.976737,45.1,3.91
T07,GL-4592,2026-03-17 01:13:00,8.226244,10.976865,34.5,3.11
T07,GL-4592,2026-03-17 01:14:00,8.226495,10.976089,43.1,5.13
T07,GL-4592,2026-03-17 01:15:00,8.226893,10.975882,47.0,3.91
T07,GL-4592,2026-03-17 01:16:00,8.228701,10.975542,29.1,3.2
T07,GL-4592,2026-03-17 01:17:00,8.228785,10.975475,18.2,4.55
T07,GL-4592,2026-03-17 01:18:00,8.229407,10.974988,33.0,4.22
T07,GL-4592,2026-03-17 01:19:00,8.230449,10.975221,34.6,4.87
T07,GL-4592,2026-03-17 01:20:00,8.230826,10.974791,27.8,4.96
T07,GL-4592,2026-03-17 01:21:00,8.2314,10.974125,41.6,3.46
T07,GL-4592,2026-03-17 01:22:00,8.232178,10.974264,19.8,3.78
T07,GL-4592,2026-03-17 01:23:00,8.23266,10.974396,53.6,4.69
T07,GL-4592,2026-03-17 01:24:00,8.233395,10.974104,32.0,4.41
T07,GL-4592,2026-03-17 01:25:00,8.234069,10.973204,34.8,5.11
T07,GL-4592,2026-03-17 01:26:00,8.234588,10.973139,34.1,3.23
T07,GL-4592,2026-03-17 01:27:00,8.235455,10.97334,46.4,4.89
T07,GL-4592,2026-03-17 01:28:00,8.542141,10.97298,33.5,370.06
T07,GL-4592,2026-03-17 01:29:00,8.236555,10.972938,37.5,3.84
T07,GL-4592,2026-03-17 01:30:00,8.237329,10.972799,19.8,4.56
T07,GL-4592,2026-03-17 01:31:00,8.23781,10.972385,28.2,4.65
T07,GL-4592,2026-03-17 01:32:00,8.238918,10.972004,14.9,3.63
T07,GL-4592,2026-03-17 01:33:00,8.239728,10.971531,52.9,3.49
T07,GL-4592,2026-03-17 01:34:00,8.240151,10.971598,42.1,3.81
T07,GL-4592,2026-03-17 01:35:00,8.240962,10.971266,16.1,4.37
T07,GL-4592,2026-03-17 01:36:00,8.24115,10.970977,16.6,4.84
T07,GL-4592,2026-03-17 01:37:00,8.241725,10.970616,42.1,3.56
T07,GL-4592,2026-03-17 01:38:00,8.242772,10.970642,48.5,3.86
T07,GL-4592,2026-03-17 01:39:00,8.243372,10.970667,51.4,4.32
T07,GL-4592,2026-03-17 01:40:00,8.244106,10.969778,25.0,4.94
T07,GL-4592,2026-03-17 01:41:00,8.244611,10.970087,37.5,5.16
T07,GL-4592,2026-03-17 01:42:00,8.245599,10.969424,19.9,4.28
T07,GL-4592,2026-03-17 01:43:00,8.246263,10.969191,52.6,2.98
T07,GL-4592,2026-03-17 01:44:00,8.246707,10.969188,33.4,5.41
T07,GL-4592,2026-03-17 01:45:00,8.24723,10.968483,34.0,4.45
T07,GL-4592,2026-03-17 01:46:00,8.24784,10.968263,24.3,4.96
T07,GL-4592,2026-03-17 01:47:00,8.248517,10.96815,17.2,5.17
T07,GL-4592,2026-03-17 01:48:00,8.249969,10.968104,21.1,3.21
T07,GL-4592,2026-03-17 01:49:00,8.249966,10.968151,18.0,4.46
T07,GL-4592,2026-03-17 01:50:00,8.250605,10.967416,43.1,3.23
T07,GL-4592,2026-03-17 01:51:00,8.251515,10.967571,55.2,3.89
T07,GL-4592,2026-03-17 01:52:00,8.252014,10.967318,55.8,4.95
T07,GL-4592,2026-03-17 01:53:00,8.252392,10.966733,29.2,4.97
T07,GL-4592,2026-03-17 01:54:00,8.253342,10.966968,28.5,5.57
T07,GL-4592,2026-03-17 01:55:00,8.253943,10.966056,39.5,4.14
T07,GL-4592,2026-03-17 01:56:00,8.254662,10.966533,36.0,4.56
T07,GL-4592,2026-03-17 01:57:00,8.255614,10.966049,41.0,4.78
T07,GL-4592,2026-03-17 01:58:00,8.255844,10.965621,43.9,4.76
T07,GL-4592,2026-03-17 01:59:00,8.257077,10.965887,15.3,5.55
T07,GL-4592,2026-03-17 02:00:00,8.257347,10.965278,41.9,3.88
T07,GL-4592,2026-03-17 02:01:00,8.258118,10.96507,45.1,4.86
T07,GL-4592,2026-03-17 02:02:00,8.258942,10.965153,22.0,5.28
T07,GL-4592,2026-03-17 02:03:00,8.259302,10.96456,33.0,3.47
T07,GL-4592,2026-03-17 02:04:00,8.25981,10.964145,49.4,3.93
T07,GL-4592,2026-03-17 02:05:00,8.260599,10.96373,49.5,4.6
T07,GL-4592,2026-03-17 02:06:00,8.261686,10.963679,35.9,5.34
T07,GL-4592,2026-03-17 02:07:00,8.262039,10.963873,25.9,4.31
T07,GL-4592,2026-03-17 02:08:00,8.262661,10.963228,36.9,3.38
T07,GL-4592,2026-03-17 02:09:00,8.263199,10.962935,29.7,5.29
T07,GL-4592,2026-03-17 02:10:00,8.263903,10.962836,17.7,3.82
T07,GL-4592,2026-03-17 02:11:00,8.264683,10.962694,52.4,5.41
T07,GL-4592,2026-03-17 02:12:00,8.265411,10.962281,39.7,3.27
T07,GL-4592,2026-03-17 02:13:00,8.266358,10.962345,56.2,4.08
T07,GL-4592,2026-03-17 02:14:00,8.266906,10.962127,40.2,4.45
T07,GL-4592,2026-03-17 02:15:00,8.267639,10.961367,26.3,4.6
T07,GL-4592,2026-03-17 02:16:00,8.267671,10.96092,15.9,3.87
T07,GL-4592,2026-03-17 02:17:00,8.268585,10.960913,56.2,4.83
T07,GL-4592,2026-03-17 02:18:00,8.269535,10.960736,37.7,3.33
T07,GL-4592,2026-03-17 02:19:00,8.270194,10.960708,19.9,3.02
T07,GL-4592,2026-03-17 02:20:00,8.270636,10.960928,,3.97
T07,GL-4592,2026-03-17 02:21:00,8.27139,10.960319,54.5,5.08
T07,GL-4592,2026-03-17 02:22:00,8.272202,10.95998,26.3,3.04
T07,GL-4592,2026-03-17 02:23:00,8.272307,10.95948,20.9,4.77
T07,GL-4592,2026-03-17 02:24:00,8.273352,10.959251,23.5,4.56
T07,GL-4592,2026-03-17 02:25:00,8.274223,10.959356,42.2,5.28
T07,GL-4592,2026-03-17 02:26:00,8.274899,10.959419,25.1,4.5
T07,GL-4592,2026-03-17 02:27:00,8.275563,10.958685,29.5,3.32
T07,GL-4592,2026-03-17 02:28:00,8.275948,10.958195,31.3,4.87
T07,GL-4592,2026-03-17 02:29:00,8.276868,10.958457,35.6,5.08
T07,GL-4592,2026-03-17 02:30:00,8.277315,10.957956,32.4,3.23
T07,GL-4592,2026-03-17 02:31:00,8.278145,10.957748,15.1,4.85
T07,GL-4592,2026-03-17 02:32:00,8.278731,10.957609,22.1,5.11
T07,GL-4592,2026-03-17 02:33:00,8.279357,10.957649,34.3,5.23
T07,GL-4592,2026-03-17 02:34:00,8.280474,10.957154,42.3,4.28
T07,GL-4592,2026-03-17 02:35:00,8.280588,10.956905,34.0,3.01
T07,GL-4592,2026-03-17 02:36:00,8.281437,10.956697,51.5,3.14
T07,GL-4592,2026-03-17 02:37:00,8.282129,10.956335,29.1,3.74
T07,GL-4592,2026-03-17 02:38:00,8.282666,10.955885,15.2,4.79
T07,GL-4592,2026-03-17 02:39:00,8.283753,10.955596,28.0,4.87
T07,GL-4592,2026-03-17 02:40:00,8.284218,10.955453,17.9,4.89
T07,GL-4592,2026-03-17 02:41:00,8.284745,10.95539,55.5,4.19
T07,GL-4592,2026-03-17 02:42:00,8.285579,10.955394,23.8,3.9
T07,GL-4592,2026-03-17 02:43:00,8.285978,10.954878,42.5,3.92
T07,GL-4592,2026-03-17 02:44:00,8.286943,10.954736,51.8,4.52
T07,GL-4592,2026-03-17 02:45:00,8.287244,10.954686,28.4,4.15
T07,GL-4592,2026-03-17 02:46:00,8.287725,10.954199,51.5,3.59
T07,GL-4592,2026-03-17 02:47:00,8.28863,10.954086,27.7,4.5
T07,GL-4592,2026-03-17 02:48:00,8.289597,10.953656,23.7,2.92
T07,GL-4592,2026-03-17 02:49:00,8.290068,10.95339,37.9,5.32
T07,GL-4592,2026-03-17 02:50:00,8.290212,10.953353,15.7,4.89
T07,GL-4592,2026-03-17 02:51:00,8.291172,10.953025,43.9,5.54
T07,GL-4592,2026-03-17 02:52:00,8.292346,10.952735,40.6,2.88
T07,GL-4592,2026-03-17 02:53:00,8.292699,10.952324,38.4,3.72
T07,GL-4592,2026-03-17 02:54:00,8.293599,10.952529,40.0,4.75
T07,GL-4592,2026-03-17 02:55:00,8.294415,10.952214,46.0,4.93
T07,GL-4592,2026-03-17 02:56:00,8.294889,10.951535,21.2,4.09
T07,GL-4592,2026-03-17 02:57:00,8.295395,10.951411,32.3,3.72
T07,GL-4592,2026-03-17 02:58:00,8.296503,10.951313,21.4,3.16
T07,GL-4592,2026-03-17 02:59:00,8.296838,10.950933,32.7,5.02
T07,GL-4592,2026-03-17 03:00:00,8.297402,10.950877,34.2,5.4
T07,GL-4592,2026-03-17 03:01:00,8.298411,10.950622,36.8,4.26
T07,GL-4592,2026-03-17 03:02:00,8.299077,10.950429,36.0,3.42
T07,GL-4592,2026-03-17 03:03:00,8.299574,10.950735,40.2,4.0
T07,GL-4592,2026-03-17 03:04:00,8.299783,10.94985,16.7,3.23
T07,GL-4592,2026-03-17 03:05:00,8.300648,10.949703,42.5,3.08
T07,GL-4592,2026-03-17 03:06:00,8.301452,10.949342,37.9,3.04
T07,GL-4592,2026-03-17 03:07:00,8.302174,10.949257,20.1,4.36
T07,GL-4592,2026-03-17 03:08:00,8.303343,10.948568,28.5,3.55
T07,GL-4592,2026-03-17 03:09:00,8.303295,10.948728,56.1,4.45
T07,GL-4592,2026-03-17 03:10:00,8.304411,10.948329,21.6,3.67
T07,GL-4592,2026-03-17 03:11:00,8.305041,10.948362,47.9,3.98
T07,GL-4592,2026-03-17 03:12:00,8.305264,10.947931,28.7,4.83
T07,GL-4592,2026-03-17 03:13:00,8.305916,10.947752,39.8,4.05
T07,GL-4592,2026-03-17 03:14:00,8.30719,10.947425,39.2,4.03
T07,GL-4592,2026-03-17 03:15:00,8.307664,10.947463,16.5,5.19
T07,GL-4592,2026-03-17 03:16:00,8.307932,10.947143,52.2,4.13
T07,GL-4592,2026-03-17 03:17:00,8.308795,10.946923,31.3,4.9
T07,GL-4592,2026-03-17 03:18:00,8.309379,10.946376,43.5,3.21
T07,GL-4592,2026-03-17 03:19:00,8.310564,10.946273,55.7,3.69
T07,GL-4592,2026-03-17 03:20:00,8.311075,10.94626,52.1,5.59
T07,GL-4592,2026-03-17 03:21:00,8.311823,10.94609,50.3,4.06
T07,GL-4592,2026-03-17 03:22:00,8.312444,10.945662,19.2,3.52
T07,GL-4592,2026-03-17 03:23:00,8.312952,10.945318,41.1,4.09
T07,GL-4592,2026-03-17 03:24:00,8.313497,10.945206,46.5,3.37
T07,GL-4592,2026-03-17 03:25:00,8.314423,10.944962,56.8,5.5
T07,GL-4592,2026-03-17 03:26:00,8.315013,10.944781,26.9,4.27
T07,GL-4592,2026-03-17 03:27:00,8.315865,10.944306,14.9,4.37
T07,GL-4592,2026-03-17 03:28:00,8.316229,10.943825,24.4,4.81
T07,GL-4592,2026-03-17 03:29:00,8.317092,10.944291,57.5,5.52
T07,GL-4592,2026-03-17 03:30:00,8.317865,10.943859,37.2,4.83
T07,GL-4592,2026-03-17 03:31:00,8.318484,10.943481,56.4,5.32
T07,GL-4592,2026-03-17 03:32:00,8.318767,10.942965,24.9,3.4
T07,GL-4592,2026-03-17 03:33:00,8.31945,10.942545,49.4,4.76
T07,GL-4592,2026-03-17 03:34:00,8.320484,10.942697,20.0,4.62
T07,GL-4592,2026-03-17 03:35:00,8.320968,10.942669,40.7,2.94
T07,GL-4592,2026-03-17 03:36:00,8.321663,10.942279,24.2,4.14
T07,GL-4592,2026-03-17 03:37:00,8.322275,10.941736,38.0,5.46
T07,GL-4592,2026-03-17 03:38:00,8.322864,10.941749,39.4,3.32
T07,GL-4592,2026-03-17 03:39:00,8.32352,10.941568,56.4,3.38
T07,GL-4592,2026-03-17 03:40:00,8.323976,10.941295,24.3,5.12
T07,GL-4592,2026-03-17 03:41:00,8.325275,10.94108,21.8,3.26
T07,GL-4592,2026-03-17 03:42:00,8.325485,10.940782,36.2,3.59
T07,GL-4592,2026-03-17 03:43:00,8.326389,10.940662,49.7,3.57
T07,GL-4592,2026-03-17 03:44:00,8.326846,10.940062,17.2,4.92
T07,GL-4592,2026-03-17 03:45:00,8.327441,10.939999,52.7,4.37
T07,GL-4592,2026-03-17 03:46:00,8.328401,10.939471,25.6,5.1
T07,GL-4592,2026-03-17 03:47:00,8.329117,10.939956,34.4,5.41
T07,GL-4592,2026-03-17 03:48:00,8.329428,10.939176,44.7,4.9
T07,GL-4592,2026-03-17 03:49:00,8.330082,10.939433,19.1,4.06
T07,GL-4592,2026-03-17 03:50:00,8.331053,10.938316,50.2,4.13
T07,GL-4592,2026-03-17 03:51:00,8.331789,10.938675,22.2,4.96
T07,GL-4592,2026-03-17 03:52:00,8.332364,10.938019,26.8,4.77
T07,GL-4592,2026-03-17 03:53:00,8.333051,10.938128,20.6,4.86
T07,GL-4592,2026-03-17 03:54:00,8.333903,10.938115,24.5,4.0
T07,GL-4592,2026-03-17 03:55:00,8.334531,10.937886,16.8,5.02
T07,GL-4592,2026-03-17 03:56:00,8.335086,10.937254,34.8,3.25
T07,GL-4592,2026-03-17 03:57:00,8.335514,10.937343,15.1,2.92
T07,GL-4592,2026-03-17 03:58:00,8.336256,10.937027,40.7,3.13
T07,GL-4592,2026-03-17 03:59:00,8.336772,10.93692,40.8,4.63
T07,GL-4592,2026-03-17 04:00:00,8.337843,10.936744,41.4,3.18
T07,GL-4592,2026-03-17 04:01:00,8.338372,10.936179,22.2,4.72
T07,GL-4592,2026-03-17 04:02:00,8.338817,10.936103,42.5,4.99
T07,GL-4592,2026-03-17 04:03:00,8.340096,10.936122,49.1,3.88
T07,GL-4592,2026-03-17 04:04:00,8.340171,10.935483,42.6,5.55
T07,GL-4592,2026-03-17 04:05:00,8.340604,10.935377,45.8,3.18
T07,GL-4592,2026-03-17 04:06:00,8.341656,10.935352,30.0,3.34
T07,GL-4592,2026-03-17 04:07:00,8.342144,10.934651,22.8,5.06
T07,GL-4592,2026-03-17 04:08:00,8.34269,10.934592,20.0,5.34
T07,GL-4592,2026-03-17 04:09:00,8.343636,10.934246,47.6,5.51
T07,GL-4592,2026-03-17 04:10:00,8.34421,10.934279,46.1,2.83
T07,GL-4592,2026-03-17 04:11:00,8.344862,10.934181,32.3,3.24
T07,GL-4592,2026-03-17 04:12:00,8.345426,10.933407,39.6,3.66
T07,GL-4592,2026-03-17 04:13:00,8.346125,10.933576,30.9,3.32
T07,GL-4592,2026-03-17 04:14:00,8.346945,10.933013,40.9,4.59
T07,GL-4592,2026-03-17 04:15:00,8.34797,10.932941,20.5,3.89
T07,GL-4592,2026-03-17 04:16:00,8.348525,10.932506,45.7,5.19
T07,GL-4592,2026-03-17 04:17:00,8.348735,10.932337,18.2,2.81
T07,GL-4592,2026-03-17 04:18:00,8.349416,10.932432,47.5,3.72
T07,GL-4592,2026-03-17 04:19:00,8.350535,10.932121,55.1,5.11
T07,GL-4592,2026-03-17 04:20:00,8.350987,10.931641,17.8,4.58
T07,GL-4592,2026-03-17 04:21:00,8.351574,10.931595,50.6,4.83
T07,GL-4592,2026-03-17 04:22:00,8.352976,10.931197,48.7,4.89
T07,GL-4592,2026-03-17 04:23:00,8.353111,10.931155,32.7,3.27
T07,GL-4592,2026-03-17 04:24:00,8.353082,10.93066,45.8,3.65
T07,GL-4592,2026-03-17 04:25:00,8.354595,10.930988,33.0,3.23
T07,GL-4592,2026-03-17 04:26:00,8.355197,10.93034,54.7,5.28
T07,GL-4592,2026-03-17 04:27:00,8.355908,10.930167,56.8,5.25
T07,GL-4592,2026-03-17 04:28:00,8.356389,10.930286,57.3,4.78
T07,GL-4592,2026-03-17 04:29:00,8.356933,10.929776,26.0,5.35
T07,GL-4592,2026-03-17 04:30:00,8.357508,10.929541,27.4,2.93
T07,GL-4592,2026-03-17 04:31:00,8.35807,10.929328,23.9,3.69
T07,GL-4592,2026-03-17 04:32:00,8.359158,10.928955,35.8,5.14
T07,GL-4592,2026-03-17 04:33:00,8.359801,10.928552,53.7,4.96
T07,GL-4592,2026-03-17 04:34:00,8.360421,10.928024,36.6,2.93
T07,GL-4592,2026-03-17 04:35:00,8.360898,10.928118,37.8,3.87
T07,GL-4592,2026-03-17 04:36:00,8.361483,10.927439,25.7,4.42
T07,GL-4592,2026-03-17 04:37:00,8.427559,10.927444,25.0,427.08
T07,GL-4592,2026-03-17 04:38:00,8.363443,10.927032,29.8,3.92
T07,GL-4592,2026-03-17 04:39:00,8.363728,10.927146,25.9,4.35
T07,GL-4592,2026-03-17 04:40:00,8.364282,10.926975,54.8,3.97
T07,GL-4592,2026-03-17 04:41:00,8.365009,10.926502,22.1,4.84
T07,GL-4592,2026-03-17 04:42:00,8.365532,10.926787,53.1,3.33
T07,GL-4592,2026-03-17 04:43:00,8.366113,10.926308,25.8,3.0
T07,GL-4592,2026-03-17 04:44:00,8.367256,10.925981,31.2,5.38
T07,GL-4592,2026-03-17 04:45:00,8.367636,10.925534,48.4,5.3
T07,GL-4592,2026-03-17 04:46:00,8.367512,10.925975,50.7,0.07
T07,GL-4592,2026-03-17 04:47:00,8.367934,10.925753,19.4,0.28
T07,GL-4592,2026-03-17 04:48:00,8.367749,10.926235,30.8,0.49
T07,GL-4592,2026-03-17 04:49:00,8.36773,10.925313,52.7,0.21
T07,GL-4592,2026-03-17 04:50:00,8.367432,10.925949,48.0,0.06
T07,GL-4592,2026-03-17 04:51:00,8.367912,10.925379,26.7,0.9
T07,GL-4592,2026-03-17 04:52:00,8.367884,10.925126,16.9,0.67
T07,GL-4592,2026-03-17 04:53:00,8.367457,10.926229,21.6,0.52
T07,GL-4592,2026-03-17 04:54:00,8.367698,10.926095,39.9,0.4
T07,GL-4592,2026-03-17 04:55:00,8.36759,10.925664,31.2,0.65
T07,GL-4592,2026-03-17 04:56:00,8.367447,10.925873,26.3,0.68
T07,GL-4592,2026-03-17 04:57:00,8.367474,10.926044,35.7,0.3
T07,GL-4592,2026-03-17 04:58:00,8.367698,10.925689,15.6,0.68
T07,GL-4592,2026-03-17 04:59:00,8.367905,10.92564,33.2,0.35
T07,GL-4592,2026-03-17 05:00:00,8.367833,10.925623,41.6,0.23
T07,GL-4592,2026-03-17 05:01:00,8.367684,10.925836,50.3,0.44
T07,GL-4592,2026-03-17 05:02:00,8.367774,10.92653,55.9,0.3
T07,GL-4592,2026-03-17 05:03:00,8.367571,10.92535,16.7,0.44
T07,GL-4592,2026-03-17 05:04:00,8.367898,10.926109,35.0,0.87
T07,GL-4592,2026-03-17 05:05:00,8.367453,10.925445,16.9,0.17
T07,GL-4592,2026-03-17 05:06:00,8.367677,10.925493,29.0,0.08
T07,GL-4592,2026-03-17 05:07:00,8.36777,10.925974,50.1,0.73
T07,GL-4592,2026-03-17 05:08:00,8.367268,10.925852,39.0,4.9
T07,GL-4592,2026-03-17 05:09:00,8.3667,10.925772,31.3,3.69
T07,GL-4592,2026-03-17 05:10:00,8.366162,10.925845,37.7,3.31
T07,GL-4592,2026-03-17 05:11:00,8.365815,10.926225,14.1,4.11
T07,GL-4592,2026-03-17 05:12:00,8.365075,10.926648,45.7,4.48
T07,GL-4592,2026-03-17 05:13:00,8.364768,10.926789,19.8,3.32
T07,GL-4592,2026-03-17 05:14:00,8.364521,10.926673,25.1,5.43
T07,GL-4592,2026-03-17 05:15:00,8.363175,10.927182,53.0,5.06
T07,GL-4592,2026-03-17 05:16:00,8.363513,10.92732,57.4,4.1
T07,GL-4592,2026-03-17 05:17:00,8.362455,10.92738,53.8,5.32
T07,GL-4592,2026-03-17 05:18:00,8.36193,10.927412,48.5,4.56
T07,GL-4592,2026-03-17 05:19:00,8.361338,10.927575,43.1,5.6
T07,GL-4592,2026-03-17 05:20:00,8.361206,10.927267,46.3,3.2
T07,GL-4592,2026-03-17 05:21:00,8.360891,10.927918,,3.94
T07,GL-4592,2026-03-17 05:22:00,8.359834,10.928296,38.6,5.25
T07,GL-4592,2026-03-17 05:23:00,8.359612,10.92799,38.3,4.47
T07,GL-4592,2026-03-17 05:24:00,8.359203,10.928321,,4.17
T07,GL-4592,2026-03-17 05:25:00,8.358291,10.928386,35.0,3.86
T07,GL-4592,2026-03-17 05:26:00,8.358573,10.928611,51.2,4.85
T07,GL-4592,2026-03-17 05:27:00,8.357473,10.928742,38.4,3.3
T07,GL-4592,2026-03-17 05:28:00,8.35692,10.92891,47.0,4.52
T07,GL-4592,2026-03-17 05:29:00,8.35671,10.929113,27.7,5.06
T07,GL-4592,2026-03-17 05:30:00,8.356324,10.929038,36.5,3.98
T07,GL-4592,2026-03-17 05:31:00,8.355485,10.929405,19.7,4.05
T07,GL-4592,2026-03-17 05:32:00,8.355005,10.92975,20.5,4.77
T07,GL-4592,2026-03-17 05:33:00,8.354735,10.929449,27.5,5.55
T07,GL-4592,2026-03-17 05:34:00,8.353786,10.929389,37.4,4.77
T07,GL-4592,2026-03-17 05:35:00,8.353151,10.930167,55.5,5.14
T07,GL-4592,2026-03-17 05:36:00,8.35324,10.930074,30.1,2.97
T07,GL-4592,2026-03-17 05:37:00,8.352706,10.929876,29.3,5.0
T07,GL-4592,2026-03-17 05:38:00,8.352301,10.930376,18.2,2.83
T07,GL-4592,2026-03-17 05:39:00,8.351566,10.930349,21.6,3.43
T07,GL-4592,2026-03-17 05:40:00,8.350907,10.930343,43.1,3.44
T07,GL-4592,2026-03-17 05:41:00,8.350163,10.931326,52.1,3.42
T07,GL-4592,2026-03-17 05:42:00,8.349834,10.931505,38.2,3.23
T07,GL-4592,2026-03-17 05:43:00,8.349379,10.931086,45.2,3.3
T07,GL-4592,2026-03-17 05:44:00,8.349138,10.93151,16.7,5.51
T07,GL-4592,2026-03-17 05:45:00,8.348609,10.931191,42.9,4.73
T07,GL-4592,2026-03-17 05:46:00,8.34764,10.931878,16.2,5.43
T07,GL-4592,2026-03-17 05:47:00,8.347487,10.932087,27.3,3.72
T07,GL-4592,2026-03-17 05:48:00,8.347314,10.932055,43.7,3.13
T07,GL-4592,2026-03-17 05:49:00,8.346536,10.932073,48.3,4.9
T07,GL-4592,2026-03-17 05:50:00,8.346193,10.932188,43.3,5.21
T07,GL-4592,2026-03-17 05:51:00,8.345311,10.932394,36.3,5.3
T07,GL-4592,2026-03-17 05:52:00,8.34446,10.932718,36.0,4.44
T07,GL-4592,2026-03-17 05:53:00,8.344431,10.933003,49.2,5.18
T07,GL-4592,2026-03-17 05:54:00,8.34376,10.932782,34.6,3.13
T07,GL-4592,2026-03-17 05:55:00,8.34339,10.933283,54.4,3.21
T07,GL-4592,2026-03-17 05:56:00,8.129873,10.933317,18.1,433.51
T07,GL-4592,2026-03-17 05:57:00,8.341935,10.933441,21.7,5.42
T07,GL-4592,2026-03-17 05:58:00,8.342039,10.933803,45.3,4.61
T07,GL-4592,2026-03-17 05:59:00,8.341658,10.933321,,5.0
T07,GL-4592,2026-03-17 06:00:00,8.340963,10.934086,24.2,3.3
T07,GL-4592,2026-03-17 06:01:00,8.340172,10.934091,37.3,3.5
T07,GL-4592,2026-03-17 06:02:00,8.339644,10.93455,35.6,3.97
T07,GL-4592,2026-03-17 06:03:00,8.33945,10.93456,17.1,4.8
T07,GL-4592,2026-03-17 06:04:00,8.338801,10.934728,24.8,3.3
T07,GL-4592,2026-03-17 06:05:00,8.338726,10.935108,52.6,5.19
T07,GL-4592,2026-03-17 06:06:00,8.337608,10.934808,21.5,5.44
T07,GL-4592,2026-03-17 06:07:00,8.337566,10.934886,24.0,3.38
T07,GL-4592,2026-03-17 06:08:00,8.336848,10.935021,40.1,2.86
T07,GL-4592,2026-03-17 06:09:00,8.336073,10.93513,38.6,4.05
T07,GL-4592,2026-03-17 06:10:00,8.336036,10.935469,30.0,3.38
T07,GL-4592,2026-03-17 06:11:00,8.335319,10.935584,28.3,2.84
T07,GL-4592,2026-03-17 06:12:00,8.33497,10.936274,35.5,3.55
T07,GL-4592,2026-03-17 06:13:00,8.33424,10.936301,42.3,4.83
T07,GL-4592,2026-03-17 06:14:00,8.333837,10.936016,39.4,3.18
T07,GL-4592,2026-03-17 06:15:00,8.333294,10.936176,40.6,4.01
T07,GL-4592,2026-03-17 06:16:00,8.332584,10.936288,23.2,3.91
T07,GL-4592,2026-03-17 06:17:00,8.332054,10.936987,35.0,4.12
T07,GL-4592,2026-03-17 06:18:00,8.331678,10.937061,47.4,4.58
T07,GL-4592,2026-03-17 06:19:00,8.331407,10.936967,49.7,5.07
T07,GL-4592,2026-03-17 06:20:00,8.330765,10.937311,43.8,3.87
T07,GL-4592,2026-03-17 06:21:00,8.32999,10.937193,56.5,3.35
T07,GL-4592,2026-03-17 06:22:00,8.329965,10.937619,24.9,3.39
T07,GL-4592,2026-03-17 06:23:00,8.32913,10.937946,32.1,4.5
T07,GL-4592,2026-03-17 06:24:00,8.328792,10.937648,15.2,4.02
T07,GL-4592,2026-03-17 06:25:00,8.328177,10.938084,30.0,2.84
T07,GL-4592,2026-03-17 06:26:00,8.327265,10.938015,50.2,4.24
T07,GL-4592,2026-03-17 06:27:00,8.327085,10.938092,37.8,5.6
T07,GL-4592,2026-03-17 06:28:00,8.32626,10.938384,49.7,2.89
T07,GL-4592,2026-03-17 06:29:00,8.326031,10.93864,17.3,3.49
T07,GL-4592,2026-03-17 06:30:00,8.325511,10.938697,22.4,3.86
T07,GL-4592,2026-03-17 06:31:00,8.325063,10.938614,22.6,4.57
T07,GL-4592,2026-03-17 06:32:00,8.324547,10.939064,20.7,4.77
T07,GL-4592,2026-03-17 06:33:00,8.324171,10.938862,52.6,4.77
T07,GL-4592,2026-03-17 06:34:00,8.323602,10.939109,31.5,4.54
T07,GL-4592,2026-03-17 06:35:00,8.322782,10.939327,50.4,5.14
T07,GL-4592,2026-03-17 06:36:00,8.322674,10.939569,16.3,4.43
T07,GL-4592,2026-03-17 06:37:00,8.322407,10.939815,53.8,3.61
T07,GL-4592,2026-03-17 06:38:00,8.321192,10.940014,15.3,4.85
T07,GL-4592,2026-03-17 06:39:00,8.32093,10.939873,19.1,3.14
T07,GL-4592,2026-03-17 06:40:00,8.320813,10.940306,53.2,3.7
T07,GL-4592,2026-03-17 06:41:00,8.319906,10.940412,23.7,4.45
T07,GL-4592,2026-03-17 06:42:00,8.319568,10.940981,22.0,4.29
T07,GL-4592,2026-03-17 06:43:00,8.319005,10.940736,36.7,5.31
T07,GL-4592,2026-03-17 06:44:00,8.318787,10.940809,22.7,4.67
T07,GL-4592,2026-03-17 06:45:00,8.317853,10.94098,46.3,4.26
T07,GL-4592,2026-03-17 06:46:00,8.317546,10.941403,15.4,4.54
T07,GL-4592,2026-03-17 06:47:00,8.317214,10.941479,25.8,4.44
T07,GL-4592,2026-03-17 06:48:00,8.316372,10.941317,28.8,4.79
T07,GL-4592,2026-03-17 06:49:00,8.316134,10.941629,50.9,3.54
T07,GL-4592,2026-03-17 06:50:00,8.315305,10.941827,56.2,5.4
T07,GL-4592,2026-03-17 06:51:00,8.315392,10.94224,21.5,4.16
T07,GL-4592,2026-03-17 06:52:00,8.314599,10.942258,44.5,4.94
T07,GL-4592,2026-03-17 06:53:00,8.314158,10.941843,54.0,4.71
T07,GL-4592,2026-03-17 06:54:00,8.313311,10.942546,23.9,4.91
T07,GL-4592,2026-03-17 06:55:00,8.313192,10.942291,43.9,4.52
T07,GL-4592,2026-03-17 06:56:00,8.312509,10.942731,43.4,2.97
T07,GL-4592,2026-03-17 06:57:00,8.312151,10.942523,54.5,4.92
T07,GL-4592,2026-03-17 06:58:00,8.311834,10.942909,38.5,3.51
T07,GL-4592,2026-03-17 06:59:00,8.311128,10.9434,19.2,3.13
T07,GL-4592,2026-03-17 07:00:00,8.310436,10.942965,17.6,3.8
T07,GL-4592,2026-03-17 07:01:00,8.310275,10.943638,47.0,2.84
T07,GL-4592,2026-03-17 07:02:00,8.309724,10.943468,45.7,4.52
T07,GL-4592,2026-03-17 07:03:00,8.309116,10.943458,30.4,3.99
T07,GL-4592,2026-03-17 07:04:00,8.308599,10.943932,18.1,3.35
T07,GL-4592,2026-03-17 07:05:00,8.307939,10.944064,18.0,3.04
T07,GL-4592,2026-03-17 07:06:00,8.307421,10.944355,54.7,4.03
T07,GL-4592,2026-03-17 07:07:00,8.306565,10.944812,51.9,3.07
T07,GL-4592,2026-03-17 07:08:00,8.306208,10.944932,18.7,4.29
T07,GL-4592,2026-03-17 07:09:00,8.305944,10.944588,18.7,4.51
T07,GL-4592,2026-03-17 07:10:00,8.305574,10.945133,48.8,5.4
T07,GL-4592,2026-03-17 07:11:00,8.304872,10.945058,36.8,3.19
T07,GL-4592,2026-03-17 07:12:00,8.304125,10.94543,54.0,5.11
T07,GL-4592,2026-03-17 07:13:00,8.303896,10.945358,33.7,4.31
T07,GL-4592,2026-03-17 07:14:00,8.303306,10.945499,30.7,4.71
T07,GL-4592,2026-03-17 07:15:00,8.302691,10.945448,38.8,2.92
T07,GL-4592,2026-03-17 07:16:00,8.302657,10.945896,40.5,5.11
T07,GL-4592,2026-03-17 07:17:00,8.302217,10.946162,21.4,3.75
T07,GL-4592,2026-03-17 07:18:00,8.301576,10.94613,25.5,5.6
T07,GL-4592,2026-03-17 07:19:00,8.300807,10.94618,18.7,5.23
T07,GL-4592,2026-03-17 07:20:00,8.300255,10.946683,27.7,5.45
T07,GL-4592,2026-03-17 07:21:00,8.299718,10.946609,15.9,3.94
T07,GL-4592,2026-03-17 07:22:00,8.299246,10.946715,54.8,2.98
T07,GL-4592,2026-03-17 07:23:00,8.298425,10.946947,45.9,5.23
T07,GL-4592,2026-03-17 07:24:00,8.298485,10.947244,57.7,5.29
T07,GL-4592,2026-03-17 07:25:00,8.297484,10.947546,35.7,2.99
T07,GL-4592,2026-03-17 07:26:00,8.297459,10.946895,49.3,5.03
T07,GL-4592,2026-03-17 07:27:00,8.296625,10.947868,41.6,5.42
T07,GL-4592,2026-03-17 07:28:00,8.296224,10.948056,41.7,4.34
T07,GL-4592,2026-03-17 07:29:00,8.295711,10.947644,16.6,3.51
T07,GL-4592,2026-03-17 07:30:00,8.295058,10.94769,32.6,5.38
T07,GL-4592,2026-03-17 07:31:00,8.294412,10.948236,17.1,3.09
T07,GL-4592,2026-03-17 07:32:00,8.293951,10.948588,51.6,2.93
T07,GL-4592,2026-03-17 07:33:00,8.293648,10.948584,57.4,4.68
T07,GL-4592,2026-03-17 07:34:00,8.293835,10.948548,30.0,4.16
T07,GL-4592,2026-03-17 07:35:00,8.292793,10.949007,44.4,2.97
T07,GL-4592,2026-03-17 07:36:00,8.292463,10.948602,47.3,4.29
T07,GL-4592,2026-03-17 07:37:00,8.291685,10.949044,40.7,4.65
T07,GL-4592,2026-03-17 07:38:00,8.291347,10.948924,29.8,3.25
T07,GL-4592,2026-03-17 07:39:00,8.290863,10.949516,47.6,5.55
T07,GL-4592,2026-03-17 07:40:00,8.290054,10.950184,40.3,4.04
T07,GL-4592,2026-03-17 07:41:00,8.289663,10.949766,23.4,3.92
T07,GL-4592,2026-03-17 07:42:00,8.289081,10.949876,19.6,4.54
T07,GL-4592,2026-03-17 07:43:00,8.288582,10.949754,,5.05
T07,GL-4592,2026-03-17 07:44:00,8.28795,10.950376,43.2,3.01
T07,GL-4592,2026-03-17 07:45:00,8.287644,10.950189,17.3,4.41
T07,GL-4592,2026-03-17 07:46:00,8.28691,10.950824,44.3,5.45
T07,GL-4592,2026-03-17 07:47:00,8.286474,10.950549,33.5,4.23
T07,GL-4592,2026-03-17 07:48:00,8.286328,10.950852,24.2,3.47
T07,GL-4592,2026-03-17 07:49:00,8.285361,10.950735,18.9,5.36
T07,GL-4592,2026-03-17 07:50:00,8.285211,10.951388,57.7,3.62
T07,GL-4592,2026-03-17 07:51:00,8.284732,10.951449,37.3,4.26
T07,GL-4592,2026-03-17 07:52:00,8.284111,10.951261,24.0,3.77
T07,GL-4592,2026-03-17 07:53:00,8.283705,10.951586,53.4,3.86
T07,GL-4592,2026-03-17 07:54:00,8.28302,10.951654,47.4,3.47
T07,GL-4592,2026-03-17 07:55:00,8.282648,10.952222,17.1,4.82
T07,GL-4592,2026-03-17 07:56:00,8.281829,10.952238,38.3,5.07
T07,GL-4592,2026-03-17 07:57:00,8.281434,10.952257,54.8,3.38
T07,GL-4592,2026-03-17 07:58:00,8.281268,10.952333,57.5,4.52
T07,GL-4592,2026-03-17 07:59:00,8.280822,10.952981,43.8,4.96
T07,GL-4592,2026-03-17 08:00:00,8.280221,10.953094,49.6,5.35
T07,GL-4592,2026-03-17 08:01:00,8.279462,10.953065,48.8,4.33
T07,GL-4592,2026-03-17 08:02:00,8.279339,10.953195,30.5,5.52
T07,GL-4592,2026-03-17 08:03:00,8.278453,10.953575,52.5,3.88
T07,GL-4592,2026-03-17 08:04:00,8.277939,10.953879,35.4,3.11
T07,GL-4592,2026-03-17 08:05:00,8.277783,10.953177,48.1,3.09
T07,GL-4592,2026-03-17 08:06:00,8.277287,10.953347,44.3,5.28
T07,GL-4592,2026-03-17 08:07:00,8.27678,10.953688,14.7,3.16
T07,GL-4592,2026-03-17 08:08:00,8.276106,10.954152,49.0,3.24
T07,GL-4592,2026-03-17 08:09:00,8.275579,10.954324,52.3,2.83
T07,GL-4592,2026-03-17 08:10:00,8.274781,10.954234,47.0,3.26
T07,GL-4592,2026-03-17 08:11:00,8.274429,10.954472,34.7,4.05
T07,GL-4592,2026-03-17 08:12:00,8.273941,10.954849,22.4,5.23
T07,GL-4592,2026-03-17 08:13:00,8.273709,10.95476,37.6,2.9
T07,GL-4592,2026-03-17 08:14:00,8.2731,10.95486,38.8,4.18
T07,GL-4592,2026-03-17 08:15:00,8.272488,10.955181,16.5,2.87
T07,GL-4592,2026-03-17 08:16:00,8.27234,10.955466,23.0,4.63
T07,GL-4592,2026-03-17 08:17:00,8.27121,10.95545,43.0,3.41
T07,GL-4592,2026-03-17 08:18:00,8.271219,10.955434,27.9,5.23
T07,GL-4592,2026-03-17 08:19:00,8.27054,10.955988,24.0,5.24
T07,GL-4592,2026-03-17 08:20:00,8.270028,10.955875,53.3,5.1
T07,GL-4592,2026-03-17 08:21:00,8.269662,10.956104,26.6,4.58
T07,GL-4592,2026-03-17 08:22:00,8.26912,10.955981,34.9,2.88
T07,GL-4592,2026-03-17 08:23:00,8.268266,10.956587,50.5,4.44
T07,GL-4592,2026-03-17 08:24:00,8.267909,10.956363,49.9,3.43
T07,GL-4592,2026-03-17 08:25:00,8.267434,10.956361,38.2,3.07
T07,GL-4592,2026-03-17 08:26:00,8.266603,10.95668,35.4,3.68
T07,GL-4592,2026-03-17 08:27:00,8.266427,10.957505,31.5,4.17
T07,GL-4592,2026-03-17 08:28:00,8.266006,10.957274,49.1,3.14
T07,GL-4592,2026-03-17 08:29:00,8.265203,10.957188,37.4,4.91
T07,GL-4592,2026-03-17 08:30:00,8.265144,10.957175,48.7,4.1
T07,GL-4592,2026-03-17 08:31:00,8.26443,10.957326,16.5,3.65
T07,GL-4592,2026-03-17 08:32:00,8.263826,10.957788,45.8,4.12
T07,GL-4592,2026-03-17 08:33:00,8.263371,10.957824,55.8,4.75
T07,GL-4592,2026-03-17 08:34:00,8.262413,10.958326,36.1,4.76
T07,GL-4592,2026-03-17 08:35:00,8.262224,10.95816,52.2,4.97
T07,GL-4592,2026-03-17 08:36:00,8.261924,10.958471,37.3,2.81
T07,GL-4592,2026-03-17 08:37:00,8.261063,10.958855,14.8,3.69
T07,GL-4592,2026-03-17 08:38:00,8.260917,10.958513,25.3,5.07
T07,GL-4592,2026-03-17 08:39:00,8.260406,10.958969,36.7,5.26
T07,GL-4592,2026-03-17 08:40:00,8.259723,10.958589,55.6,4.72
T07,GL-4592,2026-03-17 08:41:00,8.259515,10.958886,34.3,2.9
T07,GL-4592,2026-03-17 08:42:00,8.258431,10.95916,52.9,4.32
T07,GL-4592,2026-03-17 08:43:00,8.257995,10.959388,35.5,3.96
T07,GL-4592,2026-03-17 08:44:00,8.257731,10.960059,54.0,2.93
T07,GL-4592,2026-03-17 08:45:00,8.256938,10.959572,51.1,3.91
T07,GL-4592,2026-03-17 08:46:00,8.256872,10.960047,33.1,3.33
T07,GL-4592,2026-03-17 08:47:00,8.25618,10.959446,17.3,3.01
T07,GL-4592,2026-03-17 08:48:00,8.25566,10.960029,23.1,3.52
T07,GL-4592,2026-03-17 08:49:00,8.255,10.960515,46.4,3.32
T07,GL-4592,2026-03-17 08:50:00,8.25472,10.960462,22.4,2.85
T07,GL-4592,2026-03-17 08:51:00,8.254233,10.960762,51.0,5.04
T07,GL-4592,2026-03-17 08:52:00,8.253813,10.960804,30.5,5.24
T07,GL-4592,2026-03-17 08:53:00,8.252989,10.961028,18.2,4.3
T07,GL-4592,2026-03-17 08:54:00,8.252615,10.960863,16.9,3.67
T07,GL-4592,2026-03-17 08:55:00,8.252371,10.961634,51.0,3.79
T07,GL-4592,2026-03-17 08:56:00,8.251815,10.961795,44.7,3.9
T07,GL-4592,2026-03-17 08:57:00,8.25089,10.961543,53.0,3.54
T07,GL-4592,2026-03-17 08:58:00,8.250655,10.961792,54.7,4.05
T07,GL-4592,2026-03-17 08:59:00,8.250392,10.96179,53.6,3.54
T07,GL-4592,2026-03-17 09:00:00,8.249617,10.962157,24.6,5.07
T07,GL-4592,2026-03-17 09:01:00,8.24935,10.962072,41.7,5.43
T07,GL-4592,2026-03-17 09:02:00,8.248722,10.962618,40.4,5.19
T07,GL-4592,2026-03-17 09:03:00,8.248049,10.96255,21.0,5.08
T07,GL-4592,2026-03-17 09:04:00,8.247669,10.962998,42.3,4.45
T07,GL-4592,2026-03-17 09:05:00,8.247124,10.96292,30.4,4.3
T07,GL-4592,2026-03-17 09:06:00,8.246728,10.962911,51.4,4.01
T07,GL-4592,2026-03-17 09:07:00,8.245906,10.963413,56.4,3.75
T07,GL-4592,2026-03-17 09:08:00,8.245992,10.963593,35.4,3.31
T07,GL-4592,2026-03-17 09:09:00,8.244944,10.963444,38.0,4.39
T07,GL-4592,2026-03-17 09:10:00,8.244179,10.963697,17.5,5.32
T07,GL-4592,2026-03-17 09:11:00,8.244437,10.964068,14.6,4.45
T07,GL-4592,2026-03-17 09:12:00,8.243285,10.964127,24.7,3.18
T07,GL-4592,2026-03-17 09:13:00,8.243045,10.964246,,4.13
T07,GL-4592,2026-03-17 09:14:00,8.242601,10.964327,49.8,3.36
T07,GL-4592,2026-03-17 09:15:00,8.242028,10.964699,57.9,4.26
T07,GL-4592,2026-03-17 09:16:00,8.241608,10.964434,47.2,3.0
T07,GL-4592,2026-03-17 09:17:00,8.240527,10.964717,56.4,5.0
T07,GL-4592,2026-03-17 09:18:00,8.240825,10.965037,40.3,3.82
T07,GL-4592,2026-03-17 09:19:00,8.240042,10.964843,28.5,5.58
T07,GL-4592,2026-03-17 09:20:00,8.239707,10.9652,51.4,4.41
T07,GL-4592,2026-03-17 09:21:00,8.239005,10.965496,26.1,5.37
T07,GL-4592,2026-03-17 09:22:00,8.238755,10.965817,41.9,4.69
T07,GL-4592,2026-03-17 09:23:00,8.237502,10.965484,,4.39
T07,GL-4592,2026-03-17 09:24:00,8.237158,10.966318,27.0,2.94
T07,GL-4592,2026-03-17 09:25:00,8.236978,10.966081,45.6,3.54
T07,GL-4592,2026-03-17 09:26:00,8.236315,10.966614,50.9,4.5
T07,GL-4592,2026-03-17 09:27:00,8.235321,10.966227,17.9,4.78
T07,GL-4592,2026-03-17 09:28:00,8.235635,10.966273,41.9,2.88
T07,GL-4592,2026-03-17 09:29:00,8.235214,10.966987,35.0,3.14
T07,GL-4592,2026-03-17 09:30:00,8.234602,10.966706,19.6,4.23
T07,GL-4592,2026-03-17 09:31:00,8.234023,10.967013,24.2,3.86
T07,GL-4592,2026-03-17 09:32:00,8.233441,10.966928,28.9,4.04
T07,GL-4592,2026-03-17 09:33:00,8.232714,10.967194,23.6,4.4
T07,GL-4592,2026-03-17 09:34:00,8.232327,10.967657,57.3,3.83
T07,GL-4592,2026-03-17 09:35:00,8.232328,10.967882,55.8,3.9
T07,GL-4592,2026-03-17 09:36:00,8.231385,10.967915,16.2,3.15
T07,GL-4592,2026-03-17 09:37:00,8.230742,10.96788,52.5,3.95
T07,GL-4592,2026-03-17 09:38:00,8.230482,10.96789,20.6,3.0
T07,GL-4592,2026-03-17 09:39:00,8.230011,10.968142,35.6,3.01
T07,GL-4592,2026-03-17 09:40:00,8.229515,10.968398,34.0,4.43
T07,GL-4592,2026-03-17 09:41:00,8.228667,10.968831,40.3,3.31
T07,GL-4592,2026-03-17 09:42:00,8.228147,10.968645,33.5,5.18
T07,GL-4592,2026-03-17 09:43:00,8.227556,10.968986,48.1,4.69
T07,GL-4592,2026-03-17 09:44:00,8.227214,10.968857,45.2,4.08
T07,GL-4592,2026-03-17 09:45:00,8.226783,10.969179,33.6,5.0
T07,GL-4592,2026-03-17 09:46:00,8.226556,10.968963,34.2,3.08
T07,GL-4592,2026-03-17 09:47:00,8.225732,10.969431,20.6,5.59
T07,GL-4592,2026-03-17 09:48:00,8.225116,10.969607,33.2,4.47
T07,GL-4592,2026-03-17 09:49:00,8.224866,10.969362,33.0,4.08
T07,GL-4592,2026-03-17 09:50:00,8.224339,10.970134,56.7,5.1
T07,GL-4592,2026-03-17 09:51:00,8.224018,10.97053,29.3,3.93
T07,GL-4592,2026-03-17 09:52:00,8.223666,10.970217,26.2,3.93
T07,GL-4592,2026-03-17 09:53:00,8.222899,10.970427,44.3,5.52
T07,GL-4592,2026-03-17 09:54:00,8.222053,10.97051,45.3,4.14
T07,GL-4592,2026-03-17 09:55:00,8.221714,10.970729,15.8,3.55
T07,GL-4592,2026-03-17 09:56:00,8.221202,10.971317,15.8,5.29
T07,GL-4592,2026-03-17 09:57:00,8.220976,10.971385,37.1,5.32
T07,GL-4592,2026-03-17 09:58:00,8.220131,10.971604,48.2,4.44
T07,GL-4592,2026-03-17 09:59:00,8.219644,10.971551,39.7,3.06
T07,GL-4592,2026-03-17 10:00:00,8.219399,10.971542,35.4,3.6
T07,GL-4592,2026-03-17 10:01:00,8.218592,10.971892,44.4,5.18
T07,GL-4592,2026-03-17 10:02:00,8.218179,10.971505,21.9,4.45
T07,GL-4592,2026-03-17 10:03:00,8.217845,10.972161,23.8,4.04
T07,GL-4592,2026-03-17 10:04:00,8.217182,10.971968,49.6,4.09
T07,GL-4592,2026-03-17 10:05:00,8.216475,10.97197,28.7,3.45
T07,GL-4592,2026-03-17 10:06:00,8.216078,10.972233,29.8,3.58
T07,GL-4592,2026-03-17 10:07:00,8.215701,10.972189,15.2,4.1
T07,GL-4592,2026-03-17 10:08:00,8.215358,10.972512,43.6,3.14
T07,GL-4592,2026-03-17 10:09:00,8.214462,10.97299,42.8,5.29
T07,GL-4592,2026-03-17 10:10:00,8.214329,10.972941,43.5,3.95
T07,GL-4592,2026-03-17 10:11:00,8.21345,10.973511,31.4,4.35
T07,GL-4592,2026-03-17 10:12:00,8.213155,10.973156,54.5,4.98
T07,GL-4592,2026-03-17 10:13:00,8.212789,10.973339,34.7,5.58
T07,GL-4592,2026-03-17 10:14:00,8.212336,10.973298,49.4,2.97
T07,GL-4592,2026-03-17 10:15:00,8.211531,10.973842,14.5,5.4
T07,GL-4592,2026-03-17 10:16:00,8.211454,10.973911,30.2,3.04
T07,GL-4592,2026-03-17 10:17:00,8.210564,10.97429,33.6,2.89
T07,GL-4592,2026-03-17 10:18:00,8.210292,10.974648,57.2,4.28
T07,GL-4592,2026-03-17 10:19:00,8.209675,10.974703,43.8,4.19
T07,GL-4592,2026-03-17 10:20:00,8.208585,10.97497,42.5,3.76
T07,GL-4592,2026-03-17 10:21:00,8.208942,10.974456,54.4,3.52
T07,GL-4592,2026-03-17 10:22:00,8.208286,10.974843,51.7,4.99
T07,GL-4592,2026-03-17 10:23:00,8.207261,10.974711,48.0,3.91
T07,GL-4592,2026-03-17 10:24:00,8.207409,10.975191,41.2,4.57
T07,GL-4592,2026-03-17 10:25:00,8.206482,10.975699,49.4,3.61
T07,GL-4592,2026-03-17 10:26:00,8.205784,10.975715,40.3,3.46
T07,GL-4592,2026-03-17 10:27:00,8.205599,10.976085,37.5,3.12
T07,GL-4592,2026-03-17 10:28:00,8.205225,10.975728,24.8,5.06
T07,GL-4592,2026-03-17 10:29:00,8.204539,10.976134,18.4,3.54
T07,GL-4592,2026-03-17 10:30:00,8.204261,10.976077,24.9,3.43
T07,GL-4592,2026-03-17 10:31:00,8.203478,10.976621,27.6,4.63
T07,GL-4592,2026-03-17 10:32:00,8.20343,10.976622,54.9,3.83
T07,GL-4592,2026-03-17 10:33:00,8.202487,10.976512,34.4,3.85
T07,GL-4592,2026-03-17 10:34:00,8.202046,10.976923,41.6,5.14
T07,GL-4592,2026-03-17 10:35:00,8.201368,10.977006,49.9,5.1
T07,GL-4592,2026-03-17 10:36:00,8.200774,10.977089,38.8,3.12
T07,GL-4592,2026-03-17 10:37:00,8.200579,10.977546,30.1,2.87
T07,GL-4592,2026-03-17 10:38:00,8.199982,10.977516,30.9,5.16
T07,GL-4592,2026-03-17 10:39:00,8.199346,10.977657,38.7,5.21
T07,GL-4592,2026-03-17 10:40:00,8.198908,10.977748,45.4,3.65
T07,GL-4592,2026-03-17 10:41:00,8.198537,10.977703,42.0,5.28
T07,GL-4592,2026-03-17 10:42:00,8.198245,10.977981,19.7,5.42
T07,GL-4592,2026-03-17 10:43:00,8.197526,10.978362,33.9,3.7
T07,GL-4592,2026-03-17 10:44:00,8.196888,10.978344,57.4,4.15
T07,GL-4592,2026-03-17 10:45:00,8.196402,10.978491,28.9,3.93
T07,GL-4592,2026-03-17 10:46:00,8.196047,10.978866,41.8,3.05
T07,GL-4592,2026-03-17 10:47:00,8.195324,10.978961,16.8,5.59
T07,GL-4592,2026-03-17 10:48:00,8.194986,10.978812,36.9,4.79
T07,GL-4592,2026-03-17 10:49:00,8.194184,10.979006,55.9,3.23
T07,GL-4592,2026-03-17 10:50:00,8.19401,10.979389,57.2,4.96
T07,GL-4592,2026-03-17 10:51:00,8.193048,10.979658,35.2,5.44
T07,GL-4592,2026-03-17 10:52:00,8.192818,10.979197,24.2,5.16
T07,GL-4592,2026-03-17 10:53:00,8.192133,10.97971,42.5,3.36
T07,GL-4592,2026-03-17 10:54:00,8.192029,10.979906,43.7,4.16
T07,GL-4592,2026-03-17 10:55:00,8.191398,10.980202,44.1,4.75
T07,GL-4592,2026-03-17 10:56:00,8.190953,10.980527,33.4,3.49
T07,GL-4592,2026-03-17 10:57:00,8.190482,10.980755,24.3,5.35
T07,GL-4592,2026-03-17 10:58:00,8.190231,10.980744,31.9,2.91
T07,GL-4592,2026-03-17 10:59:00,8.188958,10.981053,38.8,4.77
T07,GL-4592,2026-03-17 11:00:00,8.188827,10.9808,41.6,2.94
T07,GL-4592,2026-03-17 11:01:00,8.188015,10.980926,55.8,4.28
T07,GL-4592,2026-03-17 11:02:00,8.188079,10.981142,46.6,3.54
T07,GL-4592,2026-03-17 11:03:00,8.18715,10.981317,56.1,2.86
T07,GL-4592,2026-03-17 11:04:00,8.186642,10.981219,24.6,4.99
T07,GL-4592,2026-03-17 11:05:00,8.185921,10.981706,29.4,4.5
T07,GL-4592,2026-03-17 11:06:00,8.185363,10.982426,43.7,5.0
T07,GL-4592,2026-03-17 11:07:00,8.185314,10.981798,46.2,4.92
T07,GL-4592,2026-03-17 11:08:00,8.18466,10.981881,53.9,3.87
T07,GL-4592,2026-03-17 11:09:00,8.184296,10.982213,23.0,4.02
T07,GL-4592,2026-03-17 11:10:00,8.183941,10.982077,17.1,3.84
T07,GL-4592,2026-03-17 11:11:00,8.183718,10.982357,38.4,5.19
T07,GL-4592,2026-03-17 11:12:00,8.182496,10.982737,47.7,3.12
T07,GL-4592,2026-03-17 11:13:00,8.182597,10.98328,21.1,5.39
T07,GL-4592,2026-03-17 11:14:00,8.181752,10.983245,16.8,4.87
T07,GL-4592,2026-03-17 11:15:00,8.181556,10.983418,25.9,3.96
T07,GL-4592,2026-03-17 11:16:00,8.180952,10.983393,28.0,3.28
T07,GL-4592,2026-03-17 11:17:00,8.180125,10.983553,17.6,4.35
T07,GL-4592,2026-03-17 11:18:00,8.179826,10.983695,45.1,4.03
T07,GL-4592,2026-03-17 11:19:00,8.178767,10.983613,33.8,2.94
T07,GL-4592,2026-03-17 11:20:00,8.178525,10.983716,39.4,4.67
T07,GL-4592,2026-03-17 11:21:00,8.178061,10.984357,18.7,3.46
T07,GL-4592,2026-03-17 11:22:00,8.177844,10.984334,54.9,3.66
T07,GL-4592,2026-03-17 11:23:00,8.176982,10.984389,27.5,4.56
T07,GL-4592,2026-03-17 11:24:00,8.176425,10.984291,41.3,4.75
T07,GL-4592,2026-03-17 11:25:00,8.176235,10.98504,57.3,4.16
T07,GL-4592,2026-03-17 11:26:00,8.175706,10.985089,23.2,5.52
T07,GL-4592,2026-03-17 11:27:00,8.175529,10.984806,48.5,4.74
T07,GL-4592,2026-03-17 11:28:00,8.174471,10.985172,18.2,4.04
T07,GL-4592,2026-03-17 11:29:00,8.174061,10.985173,44.7,5.26
T07,GL-4592,2026-03-17 11:30:00,8.173876,10.985572,33.5,3.64
T07,GL-4592,2026-03-17 11:31:00,8.173276,10.98572,36.0,3.18
T07,GL-4592,2026-03-17 11:32:00,8.172794,10.98585,40.0,4.39
T07,GL-4592,2026-03-17 11:33:00,8.172543,10.986136,52.0,5.5
T07,GL-4592,2026-03-17 11:34:00,8.171577,10.986171,17.0,3.35
T07,GL-4592,2026-03-17 11:35:00,8.171048,10.986015,56.7,3.4
T07,GL-4592,2026-03-17 11:36:00,8.170404,10.986413,31.5,3.89
T07,GL-4592,2026-03-17 11:37:00,8.170153,10.986693,16.3,3.18
T07,GL-4592,2026-03-17 11:38:00,8.169394,10.986756,35.3,2.86
T07,GL-4592,2026-03-17 11:39:00,8.168801,10.987238,33.5,3.72
T07,GL-4592,2026-03-17 11:40:00,8.168397,10.98717,23.3,4.52
T07,GL-4592,2026-03-17 11:41:00,8.168218,10.987193,23.9,4.0
T07,GL-4592,2026-03-17 11:42:00,8.167726,10.987287,23.3,3.67
T07,GL-4592,2026-03-17 11:43:00,8.167002,10.98779,19.7,3.48
T07,GL-4592,2026-03-17 11:44:00,8.166416,10.98805,47.2,2.9
T07,GL-4592,2026-03-17 11:45:00,8.165938,10.988187,27.4,4.81
T07,GL-4592,2026-03-17 11:46:00,8.165799,10.987876,26.7,4.39
T07,GL-4592,2026-03-17 11:47:00,8.165522,10.988363,46.4,2.93
T07,GL-4592,2026-03-17 11:48:00,8.164514,10.988582,45.0,3.87
T07,GL-4592,2026-03-17 11:49:00,8.164036,10.98914,57.8,4.21
T07,GL-4592,2026-03-17 11:50:00,8.163546,10.988814,19.0,4.01
T07,GL-4592,2026-03-17 11:51:00,8.163074,10.989155,14.3,5.03
T07,GL-4592,2026-03-17 11:52:00,8.162377,10.989328,16.5,4.14
T07,GL-4592,2026-03-17 11:53:00,8.162178,10.989464,48.2,3.62
T07,GL-4592,2026-03-17 11:54:00,8.161232,10.989161,50.0,4.69
T07,GL-4592,2026-03-17 11:55:00,8.160889,10.989163,23.5,5.15
T07,GL-4592,2026-03-17 11:56:00,8.160176,10.989292,41.8,5.37
T07,GL-4592,2026-03-17 11:57:00,8.160024,10.990078,24.2,4.53
T07,GL-4592,2026-03-17 11:58:00,8.159623,10.989277,18.4,5.38
T07,GL-4592,2026-03-17 11:59:00,8.158463,10.990089,19.8,4.5
T07,GL-4592,2026-03-17 12:00:00,8.158598,10.990474,54.6,2.9
T07,GL-4592,2026-03-17 12:01:00,8.158162,10.990474,30.2,3.36
T07,GL-4592,2026-03-17 12:02:00,8.15758,10.990548,42.7,3.31
T07,GL-4592,2026-03-17 12:03:00,8.15696,10.99092,37.6,4.25
T07,GL-4592,2026-03-17 12:04:00,8.15663,10.990756,50.5,5.42
T07,GL-4592,2026-03-17 12:05:00,8.155946,10.991136,49.9,5.35
T07,GL-4592,2026-03-17 12:06:00,8.155468,10.991313,15.0,4.62
T07,GL-4592,2026-03-17 12:07:00,8.155054,10.991788,26.3,4.8
T07,GL-4592,2026-03-17 12:08:00,8.15418,10.991676,52.5,5.27
T07,GL-4592,2026-03-17 12:09:00,8.154103,10.991465,35.5,4.08
T07,GL-4592,2026-03-17 12:10:00,8.153213,10.991641,17.6,4.19
T07,GL-4592,2026-03-17 12:11:00,8.153015,10.992217,24.1,3.08
T07,GL-4592,2026-03-17 12:12:00,8.152373,10.992381,40.1,3.96
T07,GL-4592,2026-03-17 12:13:00,8.151988,10.992042,15.5,4.55
T07,GL-4592,2026-03-17 12:14:00,8.151193,10.992743,35.0,4.44
T07,GL-4592,2026-03-17 12:15:00,8.150666,10.992662,46.4,3.98
T07,GL-4592,2026-03-17 12:16:00,8.150302,10.992698,55.8,3.08
T07,GL-4592,2026-03-17 12:17:00,8.149781,10.993047,17.1,4.24
T07,GL-4592,2026-03-17 12:18:00,8.149317,10.993146,32.2,5.31
T07,GL-4592,2026-03-17 12:19:00,8.148871,10.993059,18.5,4.23
T07,GL-4592,2026-03-17 12:20:00,8.148567,10.99316,32.1,5.29
T07,GL-4592,2026-03-17 12:21:00,8.147991,10.993775,32.6,3.6
T07,GL-4592,2026-03-17 12:22:00,8.146964,10.993898,55.4,3.52
T07,GL-4592,2026-03-17 12:23:00,8.146406,10.99388,40.7,3.94
T07,GL-4592,2026-03-17 12:24:00,8.14641,10.993975,15.1,3.51
T07,GL-4592,2026-03-17 12:25:00,8.145522,10.994114,36.2,4.9
T07,GL-4592,2026-03-17 12:26:00,8.145159,10.994273,33.6,3.28
T07,GL-4592,2026-03-17 12:27:00,8.144724,10.994643,41.9,4.44
T07,GL-4592,2026-03-17 12:28:00,8.14468,10.994708,37.1,3.36
T07,GL-4592,2026-03-17 12:29:00,8.143617,10.995021,30.4,3.34
T07,GL-4592,2026-03-17 12:30:00,8.143411,10.995446,21.5,3.72
T07,GL-4592,2026-03-17 12:31:00,8.142814,10.994957,34.1,3.39
T07,GL-4592,2026-03-17 12:32:00,8.141985,10.995878,29.2,3.57
T07,GL-4592,2026-03-17 12:33:00,8.141618,10.995685,27.4,5.27
T07,GL-4592,2026-03-17 12:34:00,8.140926,10.995497,29.8,3.76
T07,GL-4592,2026-03-17 12:35:00,8.140991,10.995431,25.8,4.71
T07,GL-4592,2026-03-17 12:36:00,8.139981,10.996184,27.8,3.46
T07,GL-4592,2026-03-17 12:37:00,8.139561,10.996014,49.0,4.37
T07,GL-4592,2026-03-17 12:38:00,8.13925,10.996144,51.0,4.66
T07,GL-4592,2026-03-17 12:39:00,8.138778,10.996267,31.7,2.85
T07,GL-4592,2026-03-17 12:40:00,8.138337,10.996944,45.5,5.12
T07,GL-4592,2026-03-17 12:41:00,8.138053,10.996834,28.2,5.01
T07,GL-4592,2026-03-17 12:42:00,8.137448,10.996974,25.7,5.08
T07,GL-4592,2026-03-17 12:43:00,8.136361,10.997099,31.8,3.35
T07,GL-4592,2026-03-17 12:44:00,8.136485,10.99722,24.4,4.27
T07,GL-4592,2026-03-17 12:45:00,8.135599,10.997354,30.1,4.12
T07,GL-4592,2026-03-17 12:46:00,8.135132,10.997429,34.0,3.04
T07,GL-4592,2026-03-17 12:47:00,8.135137,10.997895,44.4,3.59
T07,GL-4592,2026-03-17 12:48:00,8.134352,10.997568,31.0,5.38
T07,GL-4592,2026-03-17 12:49:00,8.133698,10.99795,45.3,4.4
T07,GL-4592,2026-03-17 12:50:00,8.132995,10.998363,,3.76
T07,GL-4592,2026-03-17 12:51:00,8.132907,10.99822,39.7,3.1
T07,GL-4592,2026-03-17 12:52:00,8.132027,10.998319,56.4,3.88
T07,GL-4592,2026-03-17 12:53:00,8.1314,10.998296,41.0,3.14
T07,GL-4592,2026-03-17 12:54:00,8.130528,10.998715,29.0,5.0
T07,GL-4592,2026-03-17 12:55:00,8.130706,10.998899,22.6,4.79
T07,GL-4592,2026-03-17 12:56:00,8.130009,10.999181,15.2,3.98
T07,GL-4592,2026-03-17 12:57:00,8.129423,10.999168,46.3,5.59
T07,GL-4592,2026-03-17 12:58:00,8.128758,10.999154,31.0,3.24
T07,GL-4592,2026-03-17 12:59:00,8.12878,10.999626,37.2,4.93
T07,GL-4592,2026-03-17 13:00:00,8.12815,10.999705,16.4,5.1
T07,GL-4592,2026-03-17 13:01:00,8.127423,11.000068,47.3,2.89
T07,GL-4592,2026-03-17 13:02:00,8.127448,11.000004,30.8,3.25
T07,GL-4592,2026-03-17 13:03:00,8.126285,11.000026,19.0,4.97
T07,GL-4592,2026-03-17 13:04:00,8.126246,11.000073,35.8,3.7
T07,GL-4592,2026-03-17 13:05:00,8.125481,11.000344,50.1,4.24
T07,GL-4592,2026-03-17 13:06:00,8.125524,11.000378,29.2,5.18
T07,GL-4592,2026-03-17 13:07:00,8.124466,11.000634,44.3,3.25
T07,GL-4592,2026-03-17 13:08:00,8.124102,11.001284,32.9,5.21
T07,GL-4592,2026-03-17 13:09:00,8.123674,11.001099,56.2,3.52
T07,GL-4592,2026-03-17 13:10:00,8.122761,11.001549,19.8,4.04
T07,GL-4592,2026-03-17 13:11:00,8.122455,11.001262,31.4,4.53
T07,GL-4592,2026-03-17 13:12:00,8.122128,11.001526,50.3,5.49
T07,GL-4592,2026-03-17 13:13:00,8.121326,11.00155,43.2,4.14
T07,GL-4592,2026-03-17 13:14:00,8.120491,11.001943,24.3,4.34
T07,GL-4592,2026-03-17 13:15:00,8.120257,11.002431,42.9,2.91
T07,GL-4592,2026-03-17 13:16:00,8.1195,11.001875,30.9,4.14
T07,GL-4592,2026-03-17 13:17:00,8.119089,11.002474,16.5,4.37
T07,GL-4592,2026-03-17 13:18:00,8.118719,11.002472,48.6,4.64
T07,GL-4592,2026-03-17 13:19:00,8.118022,11.002769,41.8,3.33
T07,GL-4592,2026-03-17 13:20:00,8.118263,11.002679,50.3,3.0
T07,GL-4592,2026-03-17 13:21:00,8.117913,11.002765,36.1,4.93
T07,GL-4592,2026-03-17 13:22:00,8.117171,11.002897,40.2,4.27
T07,GL-4592,2026-03-17 13:23:00,8.116495,11.002787,27.5,5.29
T07,GL-4592,2026-03-17 13:24:00,8.115587,11.003173,42.1,3.28
T07,GL-4592,2026-03-17 13:25:00,8.115413,11.00348,33.5,4.12
T07,GL-4592,2026-03-17 13:26:00,8.114706,11.003738,20.8,4.45
T07,GL-4592,2026-03-17 13:27:00,8.114394,11.00393,25.1,3.39
T07,GL-4592,2026-03-17 13:28:00,8.114284,11.004195,43.1,3.8
T07,GL-4592,2026-03-17 13:29:00,8.113553,11.004301,14.4,4.24
T07,GL-4592,2026-03-17 13:30:00,8.112828,11.004358,30.1,5.42
T07,GL-4592,2026-03-17 13:31:00,8.112592,11.004323,35.7,5.34
T07,GL-4592,2026-03-17 13:32:00,8.111771,11.004436,22.7,5.15
T07,GL-4592,2026-03-17 13:33:00,8.111364,11.004728,22.9,3.95
T07,GL-4592,2026-03-17 13:34:00,8.110901,11.005013,35.6,3.14
T07,GL-4592,2026-03-17 13:35:00,8.110356,11.004949,32.4,3.5
T07,GL-4592,2026-03-17 13:36:00,8.109919,11.005092,48.0,3.5
T07,GL-4592,2026-03-17 13:37:00,8.109323,11.005294,42.2,4.59
T07,GL-4592,2026-03-17 13:38:00,8.108787,11.00552,32.3,3.89
T07,GL-4592,2026-03-17 13:39:00,8.107926,11.00593,,3.09
T07,GL-4592,2026-03-17 13:40:00,8.10788,11.005377,36.1,4.59
T07,GL-4592,2026-03-17 13:41:00,8.107475,11.006223,34.1,4.92
T07,GL-4592,2026-03-17 13:42:00,8.106963,11.006073,50.5,3.12
T07,GL-4592,2026-03-17 13:43:00,8.106144,11.006615,18.9,4.56
T07,GL-4592,2026-03-17 13:44:00,8.105756,11.006622,53.3,4.73
T07,GL-4592,2026-03-17 13:45:00,8.105025,11.006585,22.2,4.92
T07,GL-4592,2026-03-17 13:46:00,8.104958,11.006906,21.3,5.15
T07,GL-4592,2026-03-17 13:47:00,8.10385,11.006964,53.2,5.03
T07,GL-4592,2026-03-17 13:48:00,8.103654,11.007379,42.1,4.9
T07,GL-4592,2026-03-17 13:49:00,8.103359,11.00735,40.8,4.48
T07,GL-4592,2026-03-17 13:50:00,8.102855,11.007819,45.1,3.42
T07,GL-4592,2026-03-17 13:51:00,8.102103,11.00754,24.9,5.17
T07,GL-4592,2026-03-17 13:52:00,8.101427,11.007546,52.1,5.08
T07,GL-4592,2026-03-17 13:53:00,8.101101,11.007752,35.5,3.51
T07,GL-4592,2026-03-17 13:54:00,8.1006,11.007747,17.8,3.86
T07,GL-4592,2026-03-17 13:55:00,8.100643,11.008041,49.5,2.91
T07,GL-4592,2026-03-17 13:56:00,8.099639,11.008506,48.0,4.34
T07,GL-4592,2026-03-17 13:57:00,8.09909,11.008385,50.0,4.92
T07,GL-4592,2026-03-17 13:58:00,8.098454,11.008727,39.2,3.99
T07,GL-4592,2026-03-17 13:59:00,8.098343,11.009011,39.1,4.87
T07,GL-4592,2026-03-17 14:00:00,8.097715,11.009063,51.9,3.16
T07,GL-4592,2026-03-17 14:01:00,8.096962,11.009468,50.1,4.26
T07,GL-4592,2026-03-17 14:02:00,8.096589,11.008974,39.3,3.66
T07,GL-4592,2026-03-17 14:03:00,8.096022,11.00932,30.4,5.57
T07,GL-4592,2026-03-17 14:04:00,8.095609,11.009666,46.8,3.26
T07,GL-4592,2026-03-17 14:05:00,8.095309,11.010019,36.4,3.82
T07,GL-4592,2026-03-17 14:06:00,8.094643,11.010098,52.8,5.36
T07,GL-4592,2026-03-17 14:07:00,8.094283,11.010231,26.7,5.37
T07,GL-4592,2026-03-17 14:08:00,8.093377,11.010392,43.3,4.32
T07,GL-4592,2026-03-17 14:09:00,8.093047,11.01044,57.2,2.84
T07,GL-4592,2026-03-17 14:10:00,8.092357,11.010734,43.3,3.85
T07,GL-4592,2026-03-17 14:11:00,8.092022,11.01041,40.8,3.57
T07,GL-4592,2026-03-17 14:12:00,8.091779,11.01078,36.7,4.61
T07,GL-4592,2026-03-17 14:13:00,8.091178,11.010852,17.7,2.88
T07,GL-4592,2026-03-17 14:14:00,8.090538,11.011181,26.8,3.47
T07,GL-4592,2026-03-17 14:15:00,8.089823,11.011132,24.3,5.57
T07,GL-4592,2026-03-17 14:16:00,8.08931,11.011844,38.3,4.24
T07,GL-4592,2026-03-17 14:17:00,8.088926,11.011724,31.5,5.46
T07,GL-4592,2026-03-17 14:18:00,8.088287,11.011697,30.8,4.05
T07,GL-4592,2026-03-17 14:19:00,8.088033,11.011625,44.6,2.96
T07,GL-4592,2026-03-17 14:20:00,8.087992,11.012254,47.6,4.69
T07,GL-4592,2026-03-17 14:21:00,8.087226,11.012534,52.6,5.51
T07,GL-4592,2026-03-17 14:22:00,8.08679,11.012255,16.0,3.58
T07,GL-4592,2026-03-17 14:23:00,8.085436,11.012865,47.7,4.58
T07,GL-4592,2026-03-17 14:24:00,8.085521,11.012878,52.0,5.13
T07,GL-4592,2026-03-17 14:25:00,8.084894,11.012604,25.9,4.41
T07,GL-4592,2026-03-17 14:26:00,8.084577,11.013042,43.8,4.88
T07,GL-4592,2026-03-17 14:27:00,8.084072,11.013121,29.9,2.98
T07,GL-4592,2026-03-17 14:28:00,8.083474,11.013193,51.5,4.6
T07,GL-4592,2026-03-17 14:29:00,8.082834,11.012936,19.6,4.05
T07,GL-4592,2026-03-17 14:30:00,8.081961,11.013437,55.4,4.5
T07,GL-4592,2026-03-17 14:31:00,8.082143,11.014108,46.9,4.43
T07,GL-4592,2026-03-17 14:32:00,8.081535,11.014048,38.8,5.16
T07,GL-4592,2026-03-17 14:33:00,8.081029,11.014379,24.3,4.09
T07,GL-4592,2026-03-17 14:34:00,8.080644,11.014363,22.9,4.95
T07,GL-4592,2026-03-17 14:35:00,8.080015,11.014236,39.1,4.73
T07,GL-4592,2026-03-17 14:36:00,8.079547,11.014403,45.4,4.65
T07,GL-4592,2026-03-17 14:37:00,8.078714,11.014697,25.0,4.43
T07,GL-4592,2026-03-17 14:38:00,8.078563,11.015146,55.9,4.28
T07,GL-4592,2026-03-17 14:39:00,8.077766,11.015128,47.7,2.9
T07,GL-4592,2026-03-17 14:40:00,8.0772,11.015491,50.2,4.98
T07,GL-4592,2026-03-17 14:41:00,8.077103,11.01503,36.2,3.41
T07,GL-4592,2026-03-17 14:42:00,8.076305,11.015546,45.3,3.18
T07,GL-4592,2026-03-17 14:43:00,8.075901,11.015886,32.1,4.23
T07,GL-4592,2026-03-17 14:44:00,8.075391,11.01585,52.2,4.09
T07,GL-4592,2026-03-17 14:45:00,8.074872,11.016176,44.8,5.47
T07,GL-4592,2026-03-17 14:46:00,8.074259,11.016553,34.8,5.36
T07,GL-4592,2026-03-17 14:47:00,8.073551,11.016237,30.4,3.14
T07,GL-4592,2026-03-17 14:48:00,8.073305,11.016828,25.5,5.05
T07,GL-4592,2026-03-17 14:49:00,8.072905,11.016873,42.4,2.97
T07,GL-4592,2026-03-17 14:50:00,8.072564,11.016792,38.5,5.31
T07,GL-4592,2026-03-17 14:51:00,8.071994,11.017485,49.3,4.73
T07,GL-4592,2026-03-17 14:52:00,8.071298,11.01722,25.8,3.74
T07,GL-4592,2026-03-17 14:53:00,8.070879,11.017386,33.3,3.03
T07,GL-4592,2026-03-17 14:54:00,8.070906,11.017782,22.3,3.54
T07,GL-4592,2026-03-17 14:55:00,8.069926,11.017599,26.1,3.38
T07,GL-4592,2026-03-17 14:56:00,8.06912,11.017858,14.8,3.98
T07,GL-4592,2026-03-17 14:57:00,8.068663,11.017693,48.2,4.25
T07,GL-4592,2026-03-17 14:58:00,8.068154,11.018039,51.6,3.48
T07,GL-4592,2026-03-17 14:59:00,8.067635,11.017682,23.5,4.85
T07,GL-4592,2026-03-17 15:00:00,8.067203,11.018586,52.5,4.4
T07,GL-4592,2026-03-17 15:01:00,8.067101,11.018696,37.9,3.48
T07,GL-4592,2026-03-17 15:02:00,8.066318,11.018651,33.1,5.08
T07,GL-4592,2026-03-17 15:03:00,8.065982,11.019186,19.1,4.11
T07,GL-4592,2026-03-17 15:04:00,8.0653,11.019158,42.8,2.89
T07,GL-4592,2026-03-17 15:05:00,8.064368,11.019538,41.3,3.44
T07,GL-4592,2026-03-17 15:06:00,8.06461,11.019507,14.2,4.91
T07,GL-4592,2026-03-17 15:07:00,8.063624,11.01968,43.7,4.26
T07,GL-4592,2026-03-17 15:08:00,8.063176,11.019194,18.9,4.91
T07,GL-4592,2026-03-17 15:09:00,8.06255,11.01994,43.3,3.98
T07,GL-4592,2026-03-17 15:10:00,8.062256,11.019859,14.2,3.04
T07,GL-4592,2026-03-17 15:11:00,8.061698,11.019561,18.6,4.84
T07,GL-4592,2026-03-17 15:12:00,8.06144,11.020088,34.3,4.84
T07,GL-4592,2026-03-17 15:13:00,8.060472,11.020575,24.8,4.13
T07,GL-4592,2026-03-17 15:14:00,8.059936,11.020476,30.8,3.93
T07,GL-4592,2026-03-17 15:15:00,8.059303,11.020962,51.3,4.94
T07,GL-4592,2026-03-17 15:16:00,8.059134,11.02084,53.3,3.15
T07,GL-4592,2026-03-17 15:17:00,8.05881,11.021169,27.9,5.47
T07,GL-4592,2026-03-17 15:18:00,8.058438,11.021543,16.0,4.28
T07,GL-4592,2026-03-17 15:19:00,8.057919,11.02123,57.6,4.61
T07,GL-4592,2026-03-17 15:20:00,8.057033,11.021582,35.3,3.46
T07,GL-4592,2026-03-17 15:21:00,8.056115,11.021815,23.8,5.25
T07,GL-4592,2026-03-17 15:22:00,8.056464,11.022098,41.8,3.63
T07,GL-4592,2026-03-17 15:23:00,8.055438,11.022046,53.2,3.98
T07,GL-4592,2026-03-17 15:24:00,8.055155,11.021687,57.3,3.53
T07,GL-4592,2026-03-17 15:25:00,8.054461,11.022486,49.0,3.51
T07,GL-4592,2026-03-17 15:26:00,8.054088,11.022365,25.9,4.5
T07,GL-4592,2026-03-17 15:27:00,8.053717,11.023039,33.0,4.79
T07,GL-4592,2026-03-17 15:28:00,8.053121,11.022853,52.6,3.91
T07,GL-4592,2026-03-17 15:29:00,8.05273,11.022669,20.3,3.54
T07,GL-4592,2026-03-17 15:30:00,8.052281,11.022719,33.4,3.24
T07,GL-4592,2026-03-17 15:31:00,8.051967,11.023429,26.8,2.98
T07,GL-4592,2026-03-17 15:32:00,8.05083,11.023267,53.7,3.23
T07,GL-4592,2026-03-17 15:33:00,8.05055,11.023963,31.5,5.15
T07,GL-4592,2026-03-17 15:34:00,8.050178,11.023784,34.7,3.47
T07,GL-4592,2026-03-17 15:35:00,8.049373,11.024311,15.2,5.54
T07,GL-4592,2026-03-17 15:36:00,8.048881,11.023981,24.2,3.1
T07,GL-4592,2026-03-17 15:37:00,8.048761,11.024634,24.1,5.42
T07,GL-4592,2026-03-17 15:38:00,8.047491,11.02454,48.6,4.23
T07,GL-4592,2026-03-17 15:39:00,8.047658,11.024409,52.6,3.06
T07,GL-4592,2026-03-17 15:40:00,8.046837,11.024846,30.2,3.12
T07,GL-4592,2026-03-17 15:41:00,8.046598,11.025195,48.6,5.26
T07,GL-4592,2026-03-17 15:42:00,8.045549,11.024973,,3.51
T07,GL-4592,2026-03-17 15:43:00,8.045618,11.024839,48.2,4.25
T07,GL-4592,2026-03-17 15:44:00,8.044832,11.02529,15.8,3.09
T07,GL-4592,2026-03-17 15:45:00,8.044613,11.025295,49.8,3.03
T07,GL-4592,2026-03-17 15:46:00,8.043952,11.025613,43.8,4.26
T07,GL-4592,2026-03-17 15:47:00,8.043414,11.026093,,5.47
T07,GL-4592,2026-03-17 15:48:00,8.042785,11.025921,51.8,5.42
T07,GL-4592,2026-03-17 15:49:00,8.04239,11.026018,31.1,3.33
T07,GL-4592,2026-03-17 15:50:00,8.041848,11.026445,49.5,5.32
T07,GL-4592,2026-03-17 15:51:00,8.041088,11.026414,52.2,5.57
T07,GL-4592,2026-03-17 15:52:00,8.040711,11.026563,52.4,5.39
T07,GL-4592,2026-03-17 15:53:00,8.040487,11.02665,51.6,3.36
T07,GL-4592,2026-03-17 15:54:00,8.039574,11.027084,15.7,4.65
T07,GL-4592,2026-03-17 15:55:00,8.039224,11.027214,24.4,3.8
T07,GL-4592,2026-03-17 15:56:00,8.038859,11.027048,24.4,3.06
T07,GL-4592,2026-03-17 15:57:00,8.038386,11.0272,42.1,4.6
T07,GL-4592,2026-03-17 15:58:00,8.037424,11.027256,42.4,5.47
T07,GL-4592,2026-03-17 15:59:00,8.037308,11.027786,48.7,5.26
T07,GL-4592,2026-03-17 16:00:00,8.036734,11.02772,19.6,5.27
T07,GL-4592,2026-03-17 16:01:00,8.036124,11.028008,45.5,4.45
T07,GL-4592,2026-03-17 16:02:00,8.035534,11.028076,16.0,3.73
T07,GL-4592,2026-03-17 16:03:00,8.035116,11.028014,23.8,3.83
T07,GL-4592,2026-03-17 16:04:00,8.034699,11.028556,43.3,5.24
T07,GL-4592,2026-03-17 16:05:00,8.034207,11.028532,43.5,5.08
T07,GL-4592,2026-03-17 16:06:00,8.033771,11.028522,57.5,4.93
T07,GL-4592,2026-03-17 16:07:00,8.033212,11.028996,32.8,5.58
T07,GL-4592,2026-03-17 16:08:00,8.03268,11.028844,25.2,2.92
T07,GL-4592,2026-03-17 16:09:00,8.031793,11.029266,30.0,4.0
T07,GL-4592,2026-03-17 16:10:00,8.031868,11.029713,25.4,2.95
T07,GL-4592,2026-03-17 16:11:00,8.031012,11.029212,21.7,4.05
T07,GL-4592,2026-03-17 16:12:00,8.03084,11.02961,28.6,4.68
T07,GL-4592,2026-03-17 16:13:00,8.02974,11.029549,50.4,3.56
T07,GL-4592,2026-03-17 16:14:00,8.029488,11.029469,28.6,5.53
T07,GL-4592,2026-03-17 16:15:00,8.029128,11.030304,38.8,5.54
T07,GL-4592,2026-03-17 16:16:00,8.028705,11.030299,49.6,4.69
T07,GL-4592,2026-03-17 16:17:00,8.028229,11.030354,53.7,3.49
T07,GL-4592,2026-03-17 16:18:00,8.02812,11.030297,42.6,3.36
T07,GL-4592,2026-03-17 16:19:00,8.026828,11.030816,42.6,5.32
T07,GL-4592,2026-03-17 16:20:00,8.026896,11.031167,48.3,3.43
T07,GL-4592,2026-03-17 16:21:00,8.026094,11.031156,19.5,3.99
T07,GL-4592,2026-03-17 16:22:00,8.02603,11.031303,,3.99
T07,GL-4592,2026-03-17 16:23:00,8.024773,11.031601,50.4,3.96
T07,GL-4592,2026-03-17 16:24:00,8.024619,11.03173,51.6,5.02
T07,GL-4592,2026-03-17 16:25:00,8.024222,11.031469,18.2,2.82
T07,GL-4592,2026-03-17 16:26:00,8.023648,11.031848,21.6,3.85
T07,GL-4592,2026-03-17 16:27:00,8.02338,11.032433,23.5,5.48
T07,GL-4592,2026-03-17 16:28:00,8.022534,11.032144,32.1,3.87
T07,GL-4592,2026-03-17 16:29:00,8.021708,11.032311,39.5,4.79
T07,GL-4592,2026-03-17 16:30:00,8.021742,11.032646,25.9,4.68
T07,GL-4592,2026-03-17 16:31:00,8.020876,11.032656,27.0,2.9
T07,GL-4592,2026-03-17 16:32:00,8.020433,11.032856,57.9,5.36
T07,GL-4592,2026-03-17 16:33:00,8.020242,11.0328,43.5,3.48
T07,GL-4592,2026-03-17 16:34:00,8.019262,11.032884,38.5,5.47
T07,GL-4592,2026-03-17 16:35:00,8.019141,11.032793,35.1,4.23
T07,GL-4592,2026-03-17 16:36:00,8.018335,11.033497,22.6,5.49
T07,GL-4592,2026-03-17 16:37:00,8.018117,11.033686,29.2,3.03
T07,GL-4592,2026-03-17 16:38:00,8.017705,11.033433,39.4,5.1
T07,GL-4592,2026-03-17 16:39:00,8.017137,11.034072,31.4,4.84
T07,GL-4592,2026-03-17 16:40:00,8.016797,11.033866,23.1,4.29
T07,GL-4592,2026-03-17 16:41:00,8.016077,11.034634,52.3,3.58
T07,GL-4592,2026-03-17 16:42:00,8.015738,11.034194,14.4,5.1
T07,GL-4592,2026-03-17 16:43:00,8.014974,11.034612,,4.38
T07,GL-4592,2026-03-17 16:44:00,8.014439,11.034833,24.6,5.5
T07,GL-4592,2026-03-17 16:45:00,8.014253,11.034725,46.6,4.84
T07,GL-4592,2026-03-17 16:46:00,8.013394,11.035039,36.4,4.13
T07,GL-4592,2026-03-17 16:47:00,8.01297,11.034945,33.5,3.63
T07,GL-4592,2026-03-17 16:48:00,8.012887,11.035422,16.9,5.24
T07,GL-4592,2026-03-17 16:49:00,8.01188,11.035692,22.9,4.7
T07,GL-4592,2026-03-17 16:50:00,8.011731,11.035875,24.6,3.82
T07,GL-4592,2026-03-17 16:51:00,8.011143,11.035956,46.6,4.47
T07,GL-4592,2026-03-17 16:52:00,8.010374,11.035803,48.2,4.26
T07,GL-4592,2026-03-17 16:53:00,8.009896,11.03638,36.4,5.13
T07,GL-4592,2026-03-17 16:54:00,8.00916,11.036005,33.8,2.97
T07,GL-4592,2026-03-17 16:55:00,8.008823,11.036208,29.3,4.45
T07,GL-4592,2026-03-17 16:56:00,8.00868,11.036384,30.0,4.27
T07,GL-4592,2026-03-17 16:57:00,8.008225,11.036611,21.8,5.0
T07,GL-4592,2026-03-17 16:58:00,8.00743,11.036938,37.5,5.49
T07,GL-4592,2026-03-17 16:59:00,8.006855,11.036687,49.4,4.27
T07,GL-4592,2026-03-17 17:00:00,8.006451,11.036592,54.4,4.57
T07,GL-4592,2026-03-17 17:01:00,8.006012,11.03732,54.1,3.98
T07,GL-4592,2026-03-17 17:02:00,8.005491,11.037341,52.6,5.46
T07,GL-4592,2026-03-17 17:03:00,8.004905,11.03754,57.2,4.78
T07,GL-4592,2026-03-17 17:04:00,8.004692,11.037611,38.2,4.94
T07,GL-4592,2026-03-17 17:05:00,8.004064,11.037674,55.3,3.03
T07,GL-4592,2026-03-17 17:06:00,8.003405,11.038474,44.6,2.98
T07,GL-4592,2026-03-17 17:07:00,8.003008,11.03869,29.1,4.22
T07,GL-4592,2026-03-17 17:08:00,8.002089,11.038686,52.6,4.0
T07,GL-4592,2026-03-17 17:09:00,8.001996,11.038565,42.1,4.36
T07,GL-4592,2026-03-17 17:10:00,8.001748,11.039119,42.5,3.19
T07,GL-4592,2026-03-17 17:11:00,8.000629,11.038711,56.4,3.79
T07,GL-4592,2026-03-17 17:12:00,8.000148,11.039053,14.5,2.97
T07,GL-4592,2026-03-17 17:13:00,7.999473,11.039131,15.3,5.43
T07,GL-4592,2026-03-17 17:14:00,7.99937,11.039056,48.3,3.76
T07,GL-4592,2026-03-17 17:15:00,7.998915,11.039582,24.8,4.62
T07,GL-4592,2026-03-17 17:16:00,7.844651,11.039884,45.3,460.58
T07,GL-4592,2026-03-17 17:17:00,7.997671,11.04022,47.0,3.46
T07,GL-4592,2026-03-17 17:18:00,7.997325,11.040135,16.9,4.9
T07,GL-4592,2026-03-17 17:19:00,7.996706,11.040244,49.4,3.62
T07,GL-4592,2026-03-17 17:20:00,7.996074,11.040043,41.5,4.11
T07,GL-4592,2026-03-17 17:21:00,7.995676,11.040835,45.0,4.47
T07,GL-4592,2026-03-17 17:22:00,7.995659,11.04052,25.5,5.28
T07,GL-4592,2026-03-17 17:23:00,7.994546,11.040882,,4.36
T07,GL-4592,2026-03-17 17:24:00,7.994195,11.040746,40.2,3.1
T07,GL-4592,2026-03-17 17:25:00,7.993563,11.041177,33.2,3.45
T07,GL-4592,2026-03-17 17:26:00,7.992813,11.041272,53.5,5.4
T07,GL-4592,2026-03-17 17:27:00,7.9931,11.041578,14.8,4.83
T07,GL-4592,2026-03-17 17:28:00,7.992643,11.041455,38.0,4.16
T07,GL-4592,2026-03-17 17:29:00,7.991777,11.042099,16.6,4.18
T07,GL-4592,2026-03-17 17:30:00,7.99111,11.041664,20.3,5.13
T07,GL-4592,2026-03-17 17:31:00,7.990699,11.041852,44.0,3.86
T07,GL-4592,2026-03-17 17:32:00,7.990087,11.042091,19.8,3.34
T07,GL-4592,2026-03-17 17:33:00,7.989853,11.042163,45.5,4.14
T07,GL-4592,2026-03-17 17:34:00,7.989529,11.042739,46.4,3.35
T07,GL-4592,2026-03-17 17:35:00,7.98873,11.042757,14.4,2.98
T07,GL-4592,2026-03-17 17:36:00,7.988469,11.043244,53.7,2.96
T07,GL-4592,2026-03-17 17:37:00,7.987486,11.043187,33.2,4.44
T07,GL-4592,2026-03-17 17:38:00,7.987023,11.042958,44.3,4.02
T07,GL-4592,2026-03-17 17:39:00,7.986932,11.043325,27.2,4.88
T07,GL-4592,2026-03-17 17:40:00,7.985899,11.043905,17.4,4.1
T07,GL-4592,2026-03-17 17:41:00,7.98568,11.043484,57.0,4.92
T07,GL-4592,2026-03-17 17:42:00,7.985315,11.043651,20.1,4.99
T07,GL-4592,2026-03-17 17:43:00,7.984756,11.043906,36.2,3.57
T07,GL-4592,2026-03-17 17:44:00,7.984167,11.044206,48.6,3.27
T07,GL-4592,2026-03-17 17:45:00,7.983664,11.044252,33.2,5.33
T07,GL-4592,2026-03-17 17:46:00,8.09693,11.043927,30.0,276.4
T07,GL-4592,2026-03-17 17:47:00,7.982357,11.044728,35.3,3.47
T07,GL-4592,2026-03-17 17:48:00,7.982332,11.044751,20.3,3.58
T07,GL-4592,2026-03-17 17:49:00,7.981521,11.044698,47.4,5.46
T07,GL-4592,2026-03-17 17:50:00,7.981236,11.045287,26.6,4.65
T07,GL-4592,2026-03-17 17:51:00,7.980598,11.045292,57.2,4.72
T07,GL-4592,2026-03-17 17:52:00,7.980148,11.044883,46.5,4.09
T07,GL-4592,2026-03-17 17:53:00,7.979539,11.045459,15.4,3.54
T07,GL-4592,2026-03-17 17:54:00,7.979054,11.045637,40.6,4.65
T07,GL-4592,2026-03-17 17:55:00,7.978496,11.045943,33.3,3.03
T07,GL-4592,2026-03-17 17:56:00,7.97813,11.046171,52.5,2.81
T07,GL-4592,2026-03-17 17:57:00,7.977335,11.045812,40.1,3.6
T07,GL-4592,2026-03-17 17:58:00,7.97708,11.046209,54.0,3.66
T07,GL-4592,2026-03-17 17:59:00,7.976477,11.046357,55.9,4.81
T07,GL-4592,2026-03-17 18:00:00,7.976411,11.046837,40.4,4.67
T07,GL-4592,2026-03-17 18:01:00,7.975483,11.046888,31.2,4.78
T07,GL-4592,2026-03-17 18:02:00,7.974812,11.04661,20.5,3.69
T07,GL-4592,2026-03-17 18:03:00,7.974068,11.047266,38.6,2.94
T07,GL-4592,2026-03-17 18:04:00,7.974073,11.047245,24.6,3.06
T07,GL-4592,2026-03-17 18:05:00,7.973228,11.047595,23.1,4.02
T07,GL-4592,2026-03-17 18:06:00,7.972885,11.04791,26.5,3.61
T07,GL-4592,2026-03-17 18:07:00,7.972615,11.047602,14.2,3.06
T07,GL-4592,2026-03-17 18:08:00,7.972041,11.047992,14.4,4.08
T07,GL-4592,2026-03-17 18:09:00,7.971104,11.047983,30.6,5.38
T07,GL-4592,2026-03-17 18:10:00,7.970879,11.047815,31.8,2.94
T07,GL-4592,2026-03-17 18:11:00,7.970266,11.048202,37.5,3.32
T07,GL-4592,2026-03-17 18:12:00,7.97006,11.048219,14.3,5.26
T07,GL-4592,2026-03-17 18:13:00,7.96956,11.048693,37.2,3.62
T07,GL-4592,2026-03-17 18:14:00,7.968986,11.048819,31.9,3.73
T07,GL-4592,2026-03-17 18:15:00,7.968291,11.048669,48.1,5.15
T07,GL-4592,2026-03-17 18:16:00,7.967607,11.049385,19.9,4.73
T07,GL-4592,2026-03-17 18:17:00,7.967406,11.049388,54.4,5.03
T07,GL-4592,2026-03-17 18:18:00,7.967122,11.049577,31.8,2.94
T07,GL-4592,2026-03-17 18:19:00,7.966486,11.049782,55.4,5.41
T07,GL-4592,2026-03-17 18:20:00,7.965689,11.049794,46.1,3.1
T07,GL-4592,2026-03-17 18:21:00,7.965747,11.049434,,3.77
T07,GL-4592,2026-03-17 18:22:00,7.965038,11.050223,46.9,5.41
T07,GL-4592,2026-03-17 18:23:00,7.964814,11.049915,53.0,4.3
T07,GL-4592,2026-03-17 18:24:00,7.963708,11.050654,26.0,3.49
T07,GL-4592,2026-03-17 18:25:00,7.963013,11.050656,17.2,3.63
T07,GL-4592,2026-03-17 18:26:00,7.96294,11.050677,51.7,3.99
T07,GL-4592,2026-03-17 18:27:00,7.962215,11.051031,26.4,4.24
T07,GL-4592,2026-03-17 18:28:00,7.962357,11.051332,18.0,3.74
T07,GL-4592,2026-03-17 18:29:00,7.961601,11.0509,28.5,4.36
T07,GL-4592,2026-03-17 18:30:00,7.960869,11.051429,39.4,5.08
T07,GL-4592,2026-03-17 18:31:00,7.960568,11.051354,54.9,3.81
T07,GL-4592,2026-03-17 18:32:00,7.959566,11.05179,17.7,3.73
T07,GL-4592,2026-03-17 18:33:00,7.959305,11.051428,14.5,3.55
T07,GL-4592,2026-03-17 18:34:00,7.959137,11.051929,55.1,4.33
T07,GL-4592,2026-03-17 18:35:00,7.958539,11.051986,47.7,3.09
T07,GL-4592,2026-03-17 18:36:00,7.957502,11.052309,52.8,3.67
T07,GL-4592,2026-03-17 18:37:00,7.957798,11.052279,14.3,5.28
T07,GL-4592,2026-03-17 18:38:00,7.956789,11.05281,50.6,5.41
T07,GL-4592,2026-03-17 18:39:00,7.955902,11.052548,42.3,5.53
T07,GL-4592,2026-03-17 18:40:00,7.956172,11.052668,53.4,4.59
T07,GL-4592,2026-03-17 18:41:00,7.955566,11.053025,34.6,3.62
T07,GL-4592,2026-03-17 18:42:00,7.954643,11.053549,36.7,4.45
T07,GL-4592,2026-03-17 18:43:00,7.954291,11.053209,20.4,5.16
T07,GL-4592,2026-03-17 18:44:00,7.953939,11.05364,20.9,5.1
T07,GL-4592,2026-03-17 18:45:00,7.953347,11.053303,22.2,4.96
T07,GL-4592,2026-03-17 18:46:00,7.952671,11.053807,44.1,2.83
T07,GL-4592,2026-03-17 18:47:00,7.952478,11.054243,16.5,3.63
T07,GL-4592,2026-03-17 18:48:00,7.951839,11.054382,16.6,2.91
T07,GL-4592,2026-03-17 18:49:00,7.951064,11.054048,57.4,2.88
T07,GL-4592,2026-03-17 18:50:00,7.950654,11.054732,46.4,4.58
T07,GL-4592,2026-03-17 18:51:00,7.950279,11.054617,31.9,4.05
T07,GL-4592,2026-03-17 18:52:00,7.949734,11.054877,38.4,2.99
T07,GL-4592,2026-03-17 18:53:00,7.949618,11.05493,31.2,4.85
T07,GL-4592,2026-03-17 18:54:00,7.948727,11.055229,39.8,3.19
T07,GL-4592,2026-03-17 18:55:00,7.948221,11.055084,47.6,4.25
T07,GL-4592,2026-03-17 18:56:00,7.947511,11.055384,54.4,5.56
T07,GL-4592,2026-03-17 18:57:00,7.946912,11.055847,39.4,3.31
T07,GL-4592,2026-03-17 18:58:00,7.946814,11.055816,43.1,3.82
T07,GL-4592,2026-03-17 18:59:00,7.946399,11.056069,20.0,3.86
T07,GL-4592,2026-03-17 19:00:00,7.945554,11.055808,44.8,3.35
T07,GL-4592,2026-03-17 19:01:00,7.944883,11.056056,51.9,5.05
T07,GL-4592,2026-03-17 19:02:00,7.944295,11.056154,23.2,3.11
T07,GL-4592,2026-03-17 19:03:00,7.943982,11.056368,49.7,4.93
T07,GL-4592,2026-03-17 19:04:00,7.943667,11.056546,28.2,4.93
T07,GL-4592,2026-03-17 19:05:00,7.943233,11.056525,42.2,3.47
T07,GL-4592,2026-03-17 19:06:00,7.942558,11.056832,45.5,3.37
T07,GL-4592,2026-03-17 19:07:00,7.705323,11.057054,24.6,399.51
T07,GL-4592,2026-03-17 19:08:00,7.941622,11.057337,50.3,3.88
T07,GL-4592,2026-03-17 19:09:00,7.941025,11.057566,22.2,5.33
T07,GL-4592,2026-03-17 19:10:00,7.940545,11.057548,30.8,4.35
T07,GL-4592,2026-03-17 19:11:00,7.939891,11.057888,50.1,4.59
T07,GL-4592,2026-03-17 19:12:00,7.93956,11.057799,18.5,3.75
T07,GL-4592,2026-03-17 19:13:00,7.938992,11.058107,22.8,4.76
T07,GL-4592,2026-03-17 19:14:00,7.938648,11.057938,54.1,4.69
T07,GL-4592,2026-03-17 19:15:00,7.938035,11.058429,48.7,4.46
T07,GL-4592,2026-03-17 19:16:00,7.937612,11.058116,30.9,4.16
T07,GL-4592,2026-03-17 19:17:00,7.936534,11.05833,32.6,4.38
T07,GL-4592,2026-03-17 19:18:00,7.936826,11.058611,40.1,4.26
T07,GL-4592,2026-03-17 19:19:00,7.936276,11.059182,25.5,4.78
T07,GL-4592,2026-03-17 19:20:00,7.935101,11.058937,15.5,3.97
T07,GL-4592,2026-03-17 19:21:00,7.93514,11.059209,46.1,4.6
T07,GL-4592,2026-03-17 19:22:00,8.096602,11.059643,18.2,266.83
T07,GL-4592,2026-03-17 19:23:00,7.933643,11.05966,57.5,3.03
T07,GL-4592,2026-03-17 19:24:00,7.93343,11.059736,44.7,4.46
T07,GL-4592,2026-03-17 19:25:00,7.93272,11.059855,17.1,4.19
T07,GL-4592,2026-03-17 19:26:00,7.932379,11.060008,18.0,2.92
T07,GL-4592,2026-03-17 19:27:00,7.932003,11.060198,49.5,4.46
T07,GL-4592,2026-03-17 19:28:00,7.931731,11.060016,46.0,3.07
T07,GL-4592,2026-03-17 19:29:00,7.930921,11.060547,54.7,4.55
T07,GL-4592,2026-03-17 19:30:00,7.930056,11.060752,26.1,3.32
T07,GL-4592,2026-03-17 19:31:00,7.930239,11.060866,17.0,5.11
T07,GL-4592,2026-03-17 19:32:00,7.929398,11.060792,50.9,3.48
T07,GL-4592,2026-03-17 19:33:00,7.928787,11.061107,24.4,3.8
T07,GL-4592,2026-03-17 19:34:00,7.928656,11.061313,38.9,2.94
T07,GL-4592,2026-03-17 19:35:00,7.927625,11.061341,32.3,2.96
T07,GL-4592,2026-03-17 19:36:00,7.927529,11.061428,43.4,5.58
T07,GL-4592,2026-03-17 19:37:00,7.926585,11.061676,53.8,3.0
T07,GL-4592,2026-03-17 19:38:00,7.926153,11.061772,58.0,3.81
T07,GL-4592,2026-03-17 19:39:00,7.926111,11.062159,29.4,2.82
T07,GL-4592,2026-03-17 19:40:00,7.925512,11.062021,42.2,3.93
T07,GL-4592,2026-03-17 19:41:00,7.925048,11.062254,37.3,3.45
T07,GL-4592,2026-03-17 19:42:00,7.924653,11.062408,29.7,4.33
T07,GL-4592,2026-03-17 19:43:00,7.92398,11.062815,25.7,3.14
T07,GL-4592,2026-03-17 19:44:00,7.923497,11.062992,30.5,4.03
T07,GL-4592,2026-03-17 19:45:00,7.922966,11.063112,38.9,3.75
T07,GL-4592,2026-03-17 19:46:00,7.922566,11.063035,34.4,5.37
T07,GL-4592,2026-03-17 19:47:00,7.921924,11.063349,33.3,3.28
T07,GL-4592,2026-03-17 19:48:00,7.921205,11.063439,18.1,3.71
T07,GL-4592,2026-03-17 19:49:00,7.920698,11.063631,29.9,4.68
T07,GL-4592,2026-03-17 19:50:00,7.920311,11.06386,17.1,5.52
T07,GL-4592,2026-03-17 19:51:00,7.919947,11.064068,17.4,4.71
T07,GL-4592,2026-03-17 19:52:00,7.919397,11.063646,37.2,4.45
T07,GL-4592,2026-03-17 19:53:00,7.918736,11.064046,51.5,2.95
T07,GL-4592,2026-03-17 19:54:00,7.918456,11.064227,46.2,2.9
T07,GL-4592,2026-03-17 19:55:00,7.917578,11.064774,44.5,3.11
T07,GL-4592,2026-03-17 19:56:00,7.916618,11.06465,55.2,4.41
T07,GL-4592,2026-03-17 19:57:00,7.916598,11.06472,20.3,3.31
T07,GL-4592,2026-03-17 19:58:00,7.916295,11.065077,53.1,4.67
T07,GL-4592,2026-03-17 19:59:00,7.915563,11.065128,53.6,3.66
T07,GL-4592,2026-03-17 20:00:00,7.915332,11.065353,47.1,5.22
T07,GL-4592,2026-03-17 20:01:00,7.914946,11.06531,53.7,4.96
T07,GL-4592,2026-03-17 20:02:00,7.914186,11.065803,20.6,5.23
T07,GL-4592,2026-03-17 20:03:00,7.914021,11.065824,19.6,3.69
T07,GL-4592,2026-03-17 20:04:00,7.912911,11.065858,15.9,3.62
T07,GL-4592,2026-03-17 20:05:00,7.913001,11.066117,42.1,3.55
T07,GL-4592,2026-03-17 20:06:00,7.911922,11.066395,,4.63
T07,GL-4592,2026-03-17 20:07:00,7.911551,11.066734,57.0,2.86
T07,GL-4592,2026-03-17 20:08:00,7.911242,11.066658,55.6,4.13
T07,GL-4592,2026-03-17 20:09:00,7.910992,11.066648,46.6,4.8
T07,GL-4592,2026-03-17 20:10:00,7.910446,11.066944,21.0,4.77
T07,GL-4592,2026-03-17 20:11:00,7.909626,11.067179,29.8,2.88
T07,GL-4592,2026-03-17 20:12:00,7.90893,11.066928,31.3,4.3
T07,GL-4592,2026-03-17 20:13:00,7.908281,11.066975,30.9,5.02
T07,GL-4592,2026-03-17 20:14:00,7.90846,11.067772,37.0,3.96
T07,GL-4592,2026-03-17 20:15:00,7.907409,11.067664,44.4,3.67
T07,GL-4592,2026-03-17 20:16:00,7.907219,11.067812,36.0,3.09
T07,GL-4592,2026-03-17 20:17:00,7.906295,11.067932,41.3,3.37
T07,GL-4592,2026-03-17 20:18:00,7.905746,11.067921,45.7,4.79
T07,GL-4592,2026-03-17 20:19:00,7.906,11.068211,37.4,3.31
T07,GL-4592,2026-03-17 20:20:00,7.905008,11.06854,43.4,3.79
T07,GL-4592,2026-03-17 20:21:00,7.904494,11.068366,35.7,4.62
T07,GL-4592,2026-03-17 20:22:00,7.903963,11.069116,52.9,4.16
T07,GL-4592,2026-03-17 20:23:00,7.903964,11.068882,36.0,4.9
T07,GL-4592,2026-03-17 20:24:00,7.902963,11.069023,27.1,2.91
T07,GL-4592,2026-03-17 20:25:00,7.902399,11.069274,18.9,5.38
T07,GL-4592,2026-03-17 20:26:00,7.901939,11.069492,40.8,3.4
T07,GL-4592,2026-03-17 20:27:00,7.901911,11.069492,57.2,3.57
T07,GL-4592,2026-03-17 20:28:00,7.901311,11.069658,26.0,3.7
T07,GL-4592,2026-03-17 20:29:00,7.900354,11.069608,40.8,5.58
T07,GL-4592,2026-03-17 20:30:00,7.899935,11.070183,40.2,3.5
T07,GL-4592,2026-03-17 20:31:00,7.899428,11.070374,16.3,2.94
T07,GL-4592,2026-03-17 20:32:00,7.89908,11.070332,58.0,5.34
T07,GL-4592,2026-03-17 20:33:00,7.898303,11.070464,34.5,5.29
T07,GL-4592,2026-03-17 20:34:00,7.898514,11.070532,34.3,4.74
T07,GL-4592,2026-03-17 20:35:00,7.89754,11.070627,16.1,3.4
T07,GL-4592,2026-03-17 20:36:00,7.897312,11.070888,26.5,4.69
T07,GL-4592,2026-03-17 20:37:00,7.896371,11.071149,22.0,4.55
T07,GL-4592,2026-03-17 20:38:00,7.896325,11.071522,30.9,3.0
T07,GL-4592,2026-03-17 20:39:00,7.895556,11.071506,22.2,2.92
T07,GL-4592,2026-03-17 20:40:00,7.895338,11.07158,40.8,3.86
T07,GL-4592,2026-03-17 20:41:00,7.894411,11.071823,52.2,4.1
T07,GL-4592,2026-03-17 20:42:00,7.893836,11.072295,36.2,4.47
T07,GL-4592,2026-03-17 20:43:00,7.893351,11.07225,38.9,3.54
T07,GL-4592,2026-03-17 20:44:00,7.893101,11.072175,39.7,5.39
T07,GL-4592,2026-03-17 20:45:00,7.892102,11.072306,38.5,5.37
T07,GL-4592,2026-03-17 20:46:00,7.891834,11.072595,21.4,5.2
T07,GL-4592,2026-03-17 20:47:00,7.891407,11.072624,52.6,2.91
T07,GL-4592,2026-03-17 20:48:00,7.890775,11.072332,15.2,4.44
T07,GL-4592,2026-03-17 20:49:00,7.89065,11.073006,18.7,3.75
T07,GL-4592,2026-03-17 20:50:00,7.88969,11.073183,40.1,4.7
T07,GL-4592,2026-03-17 20:51:00,7.889099,11.07321,17.1,5.23
T07,GL-4592,2026-03-17 20:52:00,7.889258,11.073512,45.2,3.74
T07,GL-4592,2026-03-17 20:53:00,7.888526,11.073841,27.7,4.26
T07,GL-4592,2026-03-17 20:54:00,7.887365,11.073803,37.4,3.87
T07,GL-4592,2026-03-17 20:55:00,7.887067,11.073855,43.5,5.4
T07,GL-4592,2026-03-17 20:56:00,7.886714,11.074176,40.9,3.43
T07,GL-4592,2026-03-17 20:57:00,7.886064,11.074164,51.0,3.21
T07,GL-4592,2026-03-17 20:58:00,7.886012,11.074938,28.0,4.97
T07,GL-4592,2026-03-17 20:59:00,7.885344,11.074875,51.4,2.8
T07,GL-4592,2026-03-17 21:00:00,7.884692,11.074487,54.0,4.98
T07,GL-4592,2026-03-17 21:01:00,7.884189,11.075178,16.6,4.98
T07,GL-4592,2026-03-17 21:02:00,7.883436,11.074948,37.9,3.11
T07,GL-4592,2026-03-17 21:03:00,7.88337,11.075147,53.4,5.46
T07,GL-4592,2026-03-17 21:04:00,7.882776,11.075406,27.9,3.63
T07,GL-4592,2026-03-17 21:05:00,7.882396,11.075755,45.3,3.51
T07,GL-4592,2026-03-17 21:06:00,7.881663,11.075098,23.6,4.53
T07,GL-4592,2026-03-17 21:07:00,7.881319,11.075868,55.1,4.93
T07,GL-4592,2026-03-17 21:08:00,7.881062,11.075819,14.2,3.72
T07,GL-4592,2026-03-17 21:09:00,7.880593,11.075935,14.2,3.36
T07,GL-4592,2026-03-17 21:10:00,7.879348,11.07611,40.9,5.43
T07,GL-4592,2026-03-17 21:11:00,7.879064,11.076479,53.9,4.05
T07,GL-4592,2026-03-17 21:12:00,7.878535,11.076692,33.3,4.55
T07,GL-4592,2026-03-17 21:13:00,7.877937,11.076878,49.0,4.88
T07,GL-4592,2026-03-17 21:14:00,7.877668,11.076743,28.1,5.16
T07,GL-4592,2026-03-17 21:15:00,7.87717,11.077181,32.6,3.43
T07,GL-4592,2026-03-17 21:16:00,7.876944,11.077263,25.0,3.58
T07,GL-4592,2026-03-17 21:17:00,7.876426,11.077093,20.3,3.18
T07,GL-4592,2026-03-17 21:18:00,7.875357,11.07743,18.6,3.21
T07,GL-4592,2026-03-17 21:19:00,7.87549,11.077441,32.9,3.19
T07,GL-4592,2026-03-17 21:20:00,7.874659,11.07784,27.7,4.42
T07,GL-4592,2026-03-17 21:21:00,7.873901,11.07798,20.5,3.6
T07,GL-4592,2026-03-17 21:22:00,7.873292,11.078054,44.6,4.57
T07,GL-4592,2026-03-17 21:23:00,7.87331,11.078079,21.3,5.29
T07,GL-4592,2026-03-17 21:24:00,7.872598,11.078576,44.1,3.22
T07,GL-4592,2026-03-17 21:25:00,7.871972,11.078931,21.0,3.4
T07,GL-4592,2026-03-17 21:26:00,7.871712,11.078753,29.5,3.74
T07,GL-4592,2026-03-17 21:27:00,7.871144,11.079123,46.1,4.5
T07,GL-4592,2026-03-17 21:28:00,7.870597,11.079259,56.9,3.26
T07,GL-4592,2026-03-17 21:29:00,7.869821,11.07952,19.3,2.81
T07,GL-4592,2026-03-17 21:30:00,7.869343,11.079164,32.1,4.06
T07,GL-4592,2026-03-17 21:31:00,7.8693,11.079201,57.1,5.07
T07,GL-4592,2026-03-17 21:32:00,7.868295,11.08021,52.3,4.11
T07,GL-4592,2026-03-17 21:33:00,7.867712,11.079697,22.4,4.84
T07,GL-4592,2026-03-17 21:34:00,7.867428,11.080027,17.4,3.69
T07,GL-4592,2026-03-17 21:35:00,7.866754,11.080012,48.5,3.73
T07,GL-4592,2026-03-17 21:36:00,7.867016,11.079863,15.8,5.5
T07,GL-4592,2026-03-17 21:37:00,7.866082,11.080875,50.6,3.11
T07,GL-4592,2026-03-17 21:38:00,7.865315,11.08055,14.6,4.52
T07,GL-4592,2026-03-17 21:39:00,7.865275,11.080775,50.8,4.61
T07,GL-4592,2026-03-17 21:40:00,7.864628,11.081553,46.3,4.85
T07,GL-4592,2026-03-17 21:41:00,7.863667,11.081057,26.3,4.41
T07,GL-4592,2026-03-17 21:42:00,7.863689,11.081239,31.9,5.14
T07,GL-4592,2026-03-17 21:43:00,7.863414,11.081406,33.5,4.86
T07,GL-4592,2026-03-17 21:44:00,7.862618,11.081713,41.2,5.26
T07,GL-4592,2026-03-17 21:45:00,7.862169,11.081519,25.9,3.78
T07,GL-4592,2026-03-17 21:46:00,7.86143,11.082026,31.8,5.06
T07,GL-4592,2026-03-17 21:47:00,7.8608,11.082454,14.0,3.75
T07,GL-4592,2026-03-17 21:48:00,7.860214,11.082237,50.5,5.11
T07,GL-4592,2026-03-17 21:49:00,7.859914,11.082373,47.1,3.47
T07,GL-4592,2026-03-17 21:50:00,7.859629,11.082711,,3.22
T07,GL-4592,2026-03-17 21:51:00,7.85893,11.082725,31.5,5.36
T07,GL-4592,2026-03-17 21:52:00,7.858774,11.082728,24.2,5.44
T07,GL-4592,2026-03-17 21:53:00,7.857722,11.082993,53.0,3.36
T07,GL-4592,2026-03-17 21:54:00,7.857478,11.083007,22.2,3.33
T07,GL-4592,2026-03-17 21:55:00,7.856645,11.083093,24.7,3.92
T07,GL-4592,2026-03-17 21:56:00,7.856548,11.083594,28.5,5.33
T07,GL-4592,2026-03-17 21:57:00,7.856055,11.083536,32.7,3.36
T07,GL-4592,2026-03-17 21:58:00,7.855364,11.083832,49.1,5.17
T07,GL-4592,2026-03-17 21:59:00,7.854945,11.083956,55.7,3.76
T07,GL-4592,2026-03-17 22:00:00,7.854705,11.084114,44.8,5.13
T07,GL-4592,2026-03-17 22:01:00,7.853914,11.084218,31.9,4.05
T07,GL-4592,2026-03-17 22:02:00,7.853165,11.084854,27.1,3.29
T07,GL-4592,2026-03-17 22:03:00,7.852593,11.084823,28.0,4.42
T07,GL-4592,2026-03-17 22:04:00,7.852882,11.08465,44.9,3.11
T07,GL-4592,2026-03-17 22:05:00,7.851307,11.085236,22.3,4.7
T07,GL-4592,2026-03-17 22:06:00,7.85123,11.084731,37.9,5.02
T07,GL-4592,2026-03-17 22:07:00,7.850855,11.085065,42.9,4.98
T07,GL-4592,2026-03-17 22:08:00,7.850335,11.085612,37.9,3.33
T07,GL-4592,2026-03-17 22:09:00,7.849776,11.085581,24.1,3.11
T07,GL-4592,2026-03-17 22:10:00,7.849297,11.085506,55.0,4.36
T07,GL-4592,2026-03-17 22:11:00,7.848889,11.085336,22.2,4.4
T07,GL-4592,2026-03-17 22:12:00,7.848423,11.08592,34.8,3.4
T07,GL-4592,2026-03-17 22:13:00,7.847594,11.086484,22.6,2.83
T07,GL-4592,2026-03-17 22:14:00,7.847451,11.086178,53.6,3.03
T07,GL-4592,2026-03-17 22:15:00,7.846938,11.086214,19.1,2.86
T07,GL-4592,2026-03-17 22:16:00,7.846256,11.086555,38.1,3.36
T07,GL-4592,2026-03-17 22:17:00,7.845488,11.08642,28.4,3.87
T07,GL-4592,2026-03-17 22:18:00,7.845458,11.087194,48.3,4.0
T07,GL-4592,2026-03-17 22:19:00,7.844923,11.087059,34.7,4.34
T07,GL-4592,2026-03-17 22:20:00,7.844067,11.087455,46.6,3.49
T07,GL-4592,2026-03-17 22:21:00,7.843589,11.087456,36.5,4.53
T07,GL-4592,2026-03-17 22:22:00,7.843499,11.087503,19.8,3.1
T07,GL-4592,2026-03-17 22:23:00,7.84266,11.087701,14.5,4.17
T07,GL-4592,2026-03-17 22:24:00,7.842032,11.087808,29.6,2.89
T07,GL-4592,2026-03-17 22:25:00,7.841693,11.087986,19.7,3.41
T07,GL-4592,2026-03-17 22:26:00,7.84123,11.088189,30.0,3.53
T07,GL-4592,2026-03-17 22:27:00,7.840652,11.088315,28.6,5.46
T07,GL-4592,2026-03-17 22:28:00,7.839791,11.088117,33.2,4.0
T07,GL-4592,2026-03-17 22:29:00,7.840048,11.088684,47.1,4.15
T07,GL-4592,2026-03-17 22:30:00,7.839321,11.088659,18.9,3.69
T07,GL-4592,2026-03-17 22:31:00,7.838821,11.088419,17.4,3.68
T07,GL-4592,2026-03-17 22:32:00,7.838182,11.088973,23.3,3.74
T07,GL-4592,2026-03-17 22:33:00,7.838001,11.089545,24.7,3.46
T07,GL-4592,2026-03-17 22:34:00,7.837266,11.089373,33.7,4.95
T07,GL-4592,2026-03-17 22:35:00,7.83643,11.089434,16.8,3.65
T07,GL-4592,2026-03-17 22:36:00,7.835991,11.089802,36.1,2.96
T07,GL-4592,2026-03-17 22:37:00,7.835606,11.089889,42.5,4.46
T07,GL-4592,2026-03-17 22:38:00,7.835311,11.09011,39.7,5.31
T07,GL-4592,2026-03-17 22:39:00,7.834451,11.090117,24.6,5.14
T07,GL-4592,2026-03-17 22:40:00,7.834096,11.090283,49.6,3.47
T07,GL-4592,2026-03-17 22:41:00,7.833751,11.090519,16.9,3.7
T07,GL-4592,2026-03-17 22:42:00,7.833584,11.090161,45.0,5.09
T07,GL-4592,2026-03-17 22:43:00,7.832577,11.090832,34.0,4.91
T07,GL-4592,2026-03-17 22:44:00,7.832105,11.091264,14.1,4.05
T07,GL-4592,2026-03-17 22:45:00,7.831723,11.091173,28.0,4.09
T07,GL-4592,2026-03-17 22:46:00,7.831139,11.091354,56.4,5.1
T07,GL-4592,2026-03-17 22:47:00,7.830532,11.091206,31.0,3.09
T07,GL-4592,2026-03-17 22:48:00,7.830304,11.091686,51.8,4.18
T07,GL-4592,2026-03-17 22:49:00,7.829647,11.091416,47.2,4.76
T07,GL-4592,2026-03-17 22:50:00,7.829047,11.09214,31.4,5.15
T07,GL-4592,2026-03-17 22:51:00,7.828663,11.092223,56.6,4.09
T07,GL-4592,2026-03-17 22:52:00,7.827851,11.092306,26.7,4.14
T07,GL-4592,2026-03-17 22:53:00,7.827386,11.092715,35.2,5.26
T07,GL-4592,2026-03-17 22:54:00,7.826888,11.092225,39.8,4.45
T07,GL-4592,2026-03-17 22:55:00,7.826733,11.092544,56.1,4.61
T07,GL-4592,2026-03-17 22:56:00,7.826151,11.092945,48.3,3.85
T07,GL-4592,2026-03-17 22:57:00,7.559867,11.092863,30.9,200.6
T07,GL-4592,2026-03-17 22:58:00,7.824881,11.093148,37.2,5.02
T07,GL-4592,2026-03-17 22:59:00,7.825051,11.093345,47.7,4.33
T07,GL-4592,2026-03-17 23:00:00,7.824055,11.093582,25.3,3.9
T07,GL-4592,2026-03-17 23:01:00,7.823927,11.093948,21.1,3.3
T07,GL-4592,2026-03-17 23:02:00,7.822866,11.093361,48.6,2.95
T07,GL-4592,2026-03-17 23:03:00,7.822785,11.094285,28.9,3.29
T07,GL-4592,2026-03-17 23:04:00,7.822084,11.094197,52.6,4.56
T07,GL-4592,2026-03-17 23:05:00,7.821845,11.094171,31.3,5.05
T07,GL-4592,2026-03-17 23:06:00,7.821002,11.094712,33.8,5.28
T07,GL-4592,2026-03-17 23:07:00,7.820247,11.094586,14.2,4.97
T07,GL-4592,2026-03-17 23:08:00,7.819908,11.094675,21.7,5.05
T07,GL-4592,2026-03-17 23:09:00,7.819198,11.094903,20.3,4.22
T07,GL-4592,2026-03-17 23:10:00,7.819202,11.095069,24.1,4.48
T07,GL-4592,2026-03-17 23:11:00,7.818317,11.094978,40.1,3.08
T07,GL-4592,2026-03-17 23:12:00,7.818261,11.095367,43.6,4.01
T07,GL-4592,2026-03-17 23:13:00,7.817381,11.095309,56.3,3.2
T07,GL-4592,2026-03-17 23:14:00,7.816927,11.095965,29.4,3.69
T07,GL-4592,2026-03-17 23:15:00,7.816417,11.095674,49.8,3.19
T07,GL-4592,2026-03-17 23:16:00,7.815799,11.095854,20.2,4.59
T07,GL-4592,2026-03-17 23:17:00,7.815343,11.096324,23.4,3.33
T07,GL-4592,2026-03-17 23:18:00,7.814739,11.096094,36.5,4.83
T07,GL-4592,2026-03-17 23:19:00,7.814501,11.09639,18.5,4.16
T07,GL-4592,2026-03-17 23:20:00,7.813478,11.096358,39.0,5.35
T07,GL-4592,2026-03-17 23:21:00,7.813699,11.097101,48.4,4.88
T07,GL-4592,2026-03-17 23:22:00,7.812975,11.096973,23.7,3.27
T07,GL-4592,2026-03-17 23:23:00,7.812449,11.097217,38.5,5.21
T07,GL-4592,2026-03-17 23:24:00,7.812065,11.097253,41.6,4.61
T07,GL-4592,2026-03-17 23:25:00,7.811123,11.09713,29.3,3.46
T07,GL-4592,2026-03-17 23:26:00,7.810719,11.097489,14.3,3.54
T07,GL-4592,2026-03-17 23:27:00,7.810437,11.097898,50.9,3.55
T07,GL-4592,2026-03-17 23:28:00,7.809898,11.098049,33.1,3.67
T07,GL-4592,2026-03-17 23:29:00,7.809342,11.098359,21.9,4.22
T07,GL-4592,2026-03-17 23:30:00,7.808803,11.098246,50.1,3.17
T07,GL-4592,2026-03-17 23:31:00,7.808178,11.098226,50.5,4.68
T07,GL-4592,2026-03-17 23:32:00,7.807689,11.098528,24.4,3.81
T07,GL-4592,2026-03-17 23:33:00,7.807599,11.098736,25.0,4.23
T07,GL-4592,2026-03-17 23:34:00,7.806459,11.098725,44.5,5.1
T07,GL-4592,2026-03-17 23:35:00,7.806248,11.098834,56.8,4.07
T07,GL-4592,2026-03-17 23:36:00,7.805642,11.099012,26.8,5.49
T07,GL-4592,2026-03-17 23:37:00,7.805619,11.099448,47.2,4.44
T07,GL-4592,2026-03-17 23:38:00,7.804739,11.099608,16.8,5.59
T07,GL-4592,2026-03-17 23:39:00,7.804046,11.099634,21.7,4.69
T07,GL-4592,2026-03-17 23:40:00,7.803729,11.100107,34.6,5.19
T07,GL-4592,2026-03-17 23:41:00,7.803243,11.099624,,5.29
T07,GL-4592,2026-03-17 23:42:00,7.80285,11.100174,36.8,3.62
T07,GL-4592,2026-03-17 23:43:00,7.802068,11.100045,27.3,3.6
T07,GL-4592,2026-03-17 23:44:00,7.801579,11.100041,31.0,2.99
T07,GL-4592,2026-03-17 23:45:00,7.801203,11.100719,,5.13
T07,GL-4592,2026-03-17 23:46:00,7.80088,11.100758,51.4,2.92
T07,GL-4592,2026-03-17 23:47:00,7.800473,11.100355,14.8,5.54
T07,GL-4592,2026-03-17 23:48:00,7.799396,11.101004,47.0,3.56
T07,GL-4592,2026-03-17 23:49:00,7.799266,11.101058,30.4,3.72
T07,GL-4592,2026-03-17 23:50:00,7.798856,11.101127,49.2,4.31
T07,GL-4592,2026-03-17 23:51:00,7.798455,11.101755,23.1,4.75
T07,GL-4592,2026-03-17 23:52:00,7.797838,11.101395,44.2,4.61
T07,GL-4592,2026-03-17 23:53:00,7.797266,11.102098,33.4,3.24
T07,GL-4592,2026-03-17 23:54:00,7.796717,11.101879,27.0,4.3
T07,GL-4592,2026-03-17 23:55:00,7.796393,11.101771,30.7,4.41
T07,GL-4592,2026-03-17 23:56:00,7.795735,11.10238,45.3,4.21
T07,GL-4592,2026-03-17 23:57:00,7.795229,11.102376,19.8,4.33
T07,GL-4592,2026-03-17 23:58:00,7.794755,11.102754,54.2,4.06
T07,GL-4592,2026-03-17 23:59:00,7.794103,11.102849,50.5,4.15
T07,GL-4592,2026-03-18 00:00:00,7.793582,11.103007,33.2,4.88
T07,GL-4592,2026-03-18 00:01:00,7.793141,11.102992,18.7,3.65
T07,GL-4592,2026-03-18 00:02:00,7.792359,11.10303,23.0,3.98
T07,GL-4592,2026-03-18 00:03:00,7.792113,11.103213,,3.73
T07,GL-4592,2026-03-18 00:04:00,7.791292,11.102814,42.1,4.59
T07,GL-4592,2026-03-18 00:05:00,7.791088,11.10377,29.6,3.45
T07,GL-4592,2026-03-18 00:06:00,7.790617,11.104281,22.9,5.34
T07,GL-4592,2026-03-18 00:07:00,7.817132,11.10386,52.5,194.44
T07,GL-4592,2026-03-18 00:08:00,7.789838,11.104245,19.2,4.94
T07,GL-4592,2026-03-18 00:09:00,7.78901,11.104414,32.8,3.87
T07,GL-4592,2026-03-18 00:10:00,7.78874,11.104682,28.3,3.6
T07,GL-4592,2026-03-18 00:11:00,7.787894,11.104594,47.4,3.39
T07,GL-4592,2026-03-18 00:12:00,7.787791,11.104538,45.0,4.31
T07,GL-4592,2026-03-18 00:13:00,7.786833,11.104966,44.9,4.64
T07,GL-4592,2026-03-18 00:14:00,7.786641,11.105129,15.3,5.19
T07,GL-4592,2026-03-18 00:15:00,7.78631,11.105248,42.2,4.44
T07,GL-4592,2026-03-18 00:16:00,7.785434,11.105538,16.3,5.21
T07,GL-4592,2026-03-18 00:17:00,7.784933,11.105297,,4.29
T07,GL-4592,2026-03-18 00:18:00,7.784661,11.105246,18.9,3.29
T07,GL-4592,2026-03-18 00:19:00,7.783856,11.105891,42.3,3.7
T07,GL-4592,2026-03-18 00:20:00,7.78388,11.106045,57.4,5.42
T07,GL-4592,2026-03-18 00:21:00,7.782754,11.106065,36.8,4.83
T07,GL-4592,2026-03-18 00:22:00,7.78243,11.105959,40.5,2.94
T07,GL-4592,2026-03-18 00:23:00,7.781872,11.106745,36.2,5.27
T07,GL-4592,2026-03-18 00:24:00,7.781095,11.106744,53.9,5.16
T07,GL-4592,2026-03-18 00:25:00,7.78114,11.106875,37.3,2.81
T07,GL-4592,2026-03-18 00:26:00,7.780037,11.106694,,3.21
T07,GL-4592,2026-03-18 00:27:00,7.779833,11.106916,26.6,5.28
T07,GL-4592,2026-03-18 00:28:00,7.779324,11.107207,24.9,4.93
T07,GL-4592,2026-03-18 00:29:00,7.77905,11.107586,14.3,4.98
T07,GL-4592,2026-03-18 00:30:00,7.778401,11.107896,54.9,4.26
T07,GL-4592,2026-03-18 00:31:00,7.777691,11.107563,28.0,5.41
T07,GL-4592,2026-03-18 00:32:00,7.777206,11.107788,44.6,3.87
T07,GL-4592,2026-03-18 00:33:00,7.776792,11.108144,37.5,3.55
T07,GL-4592,2026-03-18 00:34:00,7.776576,11.10832,49.1,3.28
T07,GL-4592,2026-03-18 00:35:00,7.775772,11.108464,38.8,3.18
T07,GL-4592,2026-03-18 00:36:00,7.775351,11.108855,30.2,4.8
T07,GL-4592,2026-03-18 00:37:00,7.774519,11.109006,20.6,5.24
T07,GL-4592,2026-03-18 00:38:00,7.774226,11.109041,35.9,3.34
T07,GL-4592,2026-03-18 00:39:00,7.773806,11.10873,43.5,3.11
T07,GL-4592,2026-03-18 00:40:00,7.773689,11.109076,20.6,4.95
T07,GL-4592,2026-03-18 00:41:00,7.77244,11.109227,54.8,5.34
T07,GL-4592,2026-03-18 00:42:00,7.772763,11.109077,51.9,4.54
T07,GL-4592,2026-03-18 00:43:00,7.77161,11.109919,14.2,4.44
T07,GL-4592,2026-03-18 00:44:00,7.771075,11.109918,15.4,2.89
T07,GL-4592,2026-03-18 00:45:00,7.77085,11.110091,29.6,3.45
T07,GL-4592,2026-03-18 00:46:00,7.769994,11.10986,22.1,3.73
T07,GL-4592,2026-03-18 00:47:00,7.769688,11.110114,49.6,3.16
T07,GL-4592,2026-03-18 00:48:00,7.769464,11.110328,51.6,4.66
T07,GL-4592,2026-03-18 00:49:00,7.76887,11.110806,31.0,5.22
T07,GL-4592,2026-03-18 00:50:00,7.768284,11.110591,49.7,3.14
T07,GL-4592,2026-03-18 00:51:00,7.767867,11.1107,19.3,4.54
T07,GL-4592,2026-03-18 00:52:00,7.767345,11.110833,36.1,5.45
T07,GL-4592,2026-03-18 00:53:00,7.766477,11.111541,18.8,4.05
T07,GL-4592,2026-03-18 00:54:00,7.765847,11.111003,44.1,3.62
T07,GL-4592,2026-03-18 00:55:00,7.76576,11.111204,39.6,2.8
T07,GL-4592,2026-03-18 00:56:00,7.76525,11.111708,39.2,4.19
T07,GL-4592,2026-03-18 00:57:00,7.764631,11.111851,47.0,5.56
T07,GL-4592,2026-03-18 00:58:00,7.763805,11.111733,23.8,2.95
T07,GL-4592,2026-03-18 00:59:00,7.764252,11.112313,14.9,3.1
T07,GL-4592,2026-03-18 01:00:00,7.763302,11.112246,55.8,4.07
T07,GL-4592,2026-03-18 01:01:00,7.762906,11.112702,55.4,2.91
T07,GL-4592,2026-03-18 01:02:00,7.761907,11.112634,53.0,3.54
T07,GL-4592,2026-03-18 01:03:00,7.762056,11.112524,19.1,4.48
T07,GL-4592,2026-03-18 01:04:00,7.761235,11.112726,52.9,3.17
T07,GL-4592,2026-03-18 01:05:00,7.760667,11.113149,57.9,4.51
T07,GL-4592,2026-03-18 01:06:00,7.760091,11.113122,50.9,4.64
T07,GL-4592,2026-03-18 01:07:00,7.759722,11.113583,46.6,2.91
T07,GL-4592,2026-03-18 01:08:00,7.758848,11.113549,37.7,4.01
T07,GL-4592,2026-03-18 01:09:00,7.75828,11.11347,23.5,3.7
T07,GL-4592,2026-03-18 01:10:00,7.758203,11.113367,17.9,5.53
T07,GL-4592,2026-03-18 01:11:00,7.757565,11.113647,21.9,4.09
T07,GL-4592,2026-03-18 01:12:00,7.757186,11.114038,19.7,3.73
T07,GL-4592,2026-03-18 01:13:00,7.756544,11.1141,50.8,5.33
T07,GL-4592,2026-03-18 01:14:00,7.755803,11.114342,48.3,3.58
T07,GL-4592,2026-03-18 01:15:00,7.755646,11.114851,55.9,3.82
T07,GL-4592,2026-03-18 01:16:00,7.755495,11.11473,42.9,3.44
T07,GL-4592,2026-03-18 01:17:00,7.754615,11.114542,43.6,4.21
T07,GL-4592,2026-03-18 01:18:00,7.754059,11.115146,15.6,3.49
T07,GL-4592,2026-03-18 01:19:00,7.753665,11.115136,54.1,4.83
T07,GL-4592,2026-03-18 01:20:00,7.753169,11.115462,56.1,5.25
T07,GL-4592,2026-03-18 01:21:00,7.752541,11.115449,44.5,4.37
T07,GL-4592,2026-03-18 01:22:00,7.751823,11.115513,25.1,3.3
T07,GL-4592,2026-03-18 01:23:00,7.751603,11.115937,53.6,5.37
T07,GL-4592,2026-03-18 01:24:00,7.750767,11.115881,48.2,5.51
T07,GL-4592,2026-03-18 01:25:00,7.750399,11.116474,22.8,4.81
T07,GL-4592,2026-03-18 01:26:00,7.749802,11.116411,56.7,2.85
T07,GL-4592,2026-03-18 01:27:00,7.749321,11.116447,15.7,3.88
T07,GL-4592,2026-03-18 01:28:00,7.748941,11.116578,28.6,4.39
T07,GL-4592,2026-03-18 01:29:00,7.748436,11.116468,29.6,4.31
T07,GL-4592,2026-03-18 01:30:00,7.747947,11.116609,21.2,3.1
T07,GL-4592,2026-03-18 01:31:00,7.747639,11.117081,15.7,4.52
T07,GL-4592,2026-03-18 01:32:00,7.74692,11.117319,41.1,3.28
T07,GL-4592,2026-03-18 01:33:00,7.746615,11.117426,48.9,3.34
T07,GL-4592,2026-03-18 01:34:00,7.745581,11.117758,48.8,3.33
T07,GL-4592,2026-03-18 01:35:00,7.745464,11.117757,44.3,5.38
T07,GL-4592,2026-03-18 01:36:00,7.745055,11.117906,17.0,3.55
T07,GL-4592,2026-03-18 01:37:00,7.744357,11.118208,39.3,4.24
T07,GL-4592,2026-03-18 01:38:00,7.743974,11.118037,20.3,4.45
T07,GL-4592,2026-03-18 01:39:00,7.743537,11.11865,50.2,4.86
T07,GL-4592,2026-03-18 01:40:00,7.742962,11.118458,15.2,4.6
T07,GL-4592,2026-03-18 01:41:00,7.74251,11.118603,36.0,4.46
T07,GL-4592,2026-03-18 01:42:00,7.741782,11.118645,18.0,3.27
T07,GL-4592,2026-03-18 01:43:00,7.741707,11.11873,21.3,3.32
T07,GL-4592,2026-03-18 01:44:00,7.740834,11.118702,41.9,3.45
T07,GL-4592,2026-03-18 01:45:00,7.740176,11.119029,28.6,3.04
T07,GL-4592,2026-03-18 01:46:00,7.739602,11.119375,46.3,4.76
T07,GL-4592,2026-03-18 01:47:00,7.739302,11.11965,41.3,5.18
T07,GL-4592,2026-03-18 01:48:00,7.738754,11.11952,28.6,3.29
T07,GL-4592,2026-03-18 01:49:00,7.738813,11.119645,15.8,5.37
T07,GL-4592,2026-03-18 01:50:00,7.738135,11.120214,15.2,3.95
T07,GL-4592,2026-03-18 01:51:00,7.737465,11.120514,23.3,4.45
T07,GL-4592,2026-03-18 01:52:00,7.73672,11.119875,37.5,5.53
T07,GL-4592,2026-03-18 01:53:00,7.73611,11.120748,39.1,4.78
T07,GL-4592,2026-03-18 01:54:00,7.735948,11.120727,29.3,4.45
T07,GL-4592,2026-03-18 01:55:00,7.735497,11.121176,50.9,3.53
T07,GL-4592,2026-03-18 01:56:00,7.734804,11.120768,28.9,3.58
T07,GL-4592,2026-03-18 01:57:00,7.734458,11.121339,43.1,4.69
T07,GL-4592,2026-03-18 01:58:00,7.733894,11.121111,23.6,4.35
T07,GL-4592,2026-03-18 01:59:00,7.733204,11.121259,39.5,5.13
T07,GL-4592,2026-03-18 02:00:00,7.732963,11.12162,50.4,2.89
T07,GL-4592,2026-03-18 02:01:00,7.732388,11.121866,19.7,4.97
T07,GL-4592,2026-03-18 02:02:00,7.731631,11.12221,21.4,4.14
T07,GL-4592,2026-03-18 02:03:00,7.731115,11.121497,44.1,3.24
T07,GL-4592,2026-03-18 02:04:00,7.730755,11.122349,23.7,4.84
T07,GL-4592,2026-03-18 02:05:00,7.730311,11.122698,51.8,4.27
T07,GL-4592,2026-03-18 02:06:00,7.729807,11.122678,31.5,3.27
T07,GL-4592,2026-03-18 02:07:00,7.729141,11.122516,35.7,4.86
T07,GL-4592,2026-03-18 02:08:00,7.728923,11.12296,37.4,4.95
T07,GL-4592,2026-03-18 02:09:00,7.728395,11.122584,14.3,3.61
T07,GL-4592,2026-03-18 02:10:00,7.727342,11.123101,46.4,5.08
T07,GL-4592,2026-03-18 02:11:00,7.726963,11.123429,34.1,3.79
T07,GL-4592,2026-03-18 02:12:00,7.726602,11.123395,40.3,5.22
T07,GL-4592,2026-03-18 02:13:00,7.726459,11.123515,35.8,3.77
T07,GL-4592,2026-03-18 02:14:00,7.725631,11.123992,27.0,2.96
T07,GL-4592,2026-03-18 02:15:00,7.725326,11.124235,29.3,4.4
T07,GL-4592,2026-03-18 02:16:00,7.72448,11.124067,35.5,4.66
T07,GL-4592,2026-03-18 02:17:00,7.724292,11.124141,44.5,4.14
T07,GL-4592,2026-03-18 02:18:00,7.723377,11.124525,39.5,3.39
T07,GL-4592,2026-03-18 02:19:00,7.722851,11.124538,43.7,3.59
T07,GL-4592,2026-03-18 02:20:00,7.722461,11.124559,48.1,4.48
T07,GL-4592,2026-03-18 02:21:00,7.721963,11.124864,44.5,3.27
T07,GL-4592,2026-03-18 02:22:00,7.722175,11.124667,27.8,4.36
T07,GL-4592,2026-03-18 02:23:00,7.721,11.12487,32.5,3.56
T07,GL-4592,2026-03-18 02:24:00,7.720996,11.125213,44.5,3.77
T07,GL-4592,2026-03-18 02:25:00,7.720308,11.125591,19.2,3.7
T07,GL-4592,2026-03-18 02:26:00,7.719683,11.125682,46.9,4.57
T07,GL-4592,2026-03-18 02:27:00,7.71916,11.126101,37.4,5.29
T07,GL-4592,2026-03-18 02:28:00,7.718442,11.126326,,2.85
T07,GL-4592,2026-03-18 02:29:00,7.717871,11.125691,20.2,5.21
T07,GL-4592,2026-03-18 02:30:00,7.717056,11.126704,57.3,5.04
T07,GL-4592,2026-03-18 02:31:00,7.716887,11.126521,16.0,2.93
T07,GL-4592,2026-03-18 02:32:00,7.716665,11.126445,53.4,3.5
T07,GL-4592,2026-03-18 02:33:00,7.71609,11.126649,17.3,3.89
T07,GL-4592,2026-03-18 02:34:00,7.715941,11.126651,30.3,4.6
T07,GL-4592,2026-03-18 02:35:00,7.71488,11.127568,52.3,3.98
T07,GL-4592,2026-03-18 02:36:00,7.714908,11.127305,34.8,4.16
T07,GL-4592,2026-03-18 02:37:00,7.714249,11.127496,20.3,4.04
T07,GL-4592,2026-03-18 02:38:00,7.713333,11.12768,38.2,4.29
T07,GL-4592,2026-03-18 02:39:00,7.713064,11.127799,34.0,4.11
T07,GL-4592,2026-03-18 02:40:00,7.712535,11.127789,39.8,3.22
T07,GL-4592,2026-03-18 02:41:00,7.712047,11.128359,24.9,4.18
T07,GL-4592,2026-03-18 02:42:00,7.711598,11.128184,38.6,4.36
T07,GL-4592,2026-03-18 02:43:00,7.710517,11.128449,49.0,3.84
T07,GL-4592,2026-03-18 02:44:00,7.710804,11.128442,48.4,3.76
T07,GL-4592,2026-03-18 02:45:00,7.710186,11.128642,51.5,2.99
T07,GL-4592,2026-03-18 02:46:00,7.709497,11.128797,31.4,5.46
T07,GL-4592,2026-03-18 02:47:00,7.708911,11.129031,44.4,3.89
T07,GL-4592,2026-03-18 02:48:00,7.708277,11.128897,47.7,2.88
T07,GL-4592,2026-03-18 02:49:00,7.708218,11.129363,42.2,4.15
T07,GL-4592,2026-03-18 02:50:00,7.707636,11.129506,38.7,5.04
T07,GL-4592,2026-03-18 02:51:00,7.706896,11.129392,46.1,3.27
T07,GL-4592,2026-03-18 02:52:00,7.70625,11.129479,29.5,5.37
T07,GL-4592,2026-03-18 02:53:00,7.706411,11.130114,55.2,5.12
T07,GL-4592,2026-03-18 02:54:00,7.705963,11.130072,32.9,3.26
T07,GL-4592,2026-03-18 02:55:00,7.704704,11.130071,43.6,5.18
T07,GL-4592,2026-03-18 02:56:00,7.704729,11.13016,16.3,3.85
T07,GL-4592,2026-03-18 02:57:00,7.704002,11.130395,31.7,5.57
T07,GL-4592,2026-03-18 02:58:00,7.703544,11.130726,39.6,4.34
T07,GL-4592,2026-03-18 02:59:00,7.702958,11.131152,41.5,3.07
T07,GL-4592,2026-03-18 03:00:00,7.702476,11.130931,54.4,5.55
T07,GL-4592,2026-03-18 03:01:00,7.701852,11.131039,27.7,2.94
T07,GL-4592,2026-03-18 03:02:00,7.701322,11.131584,51.7,4.59
T07,GL-4592,2026-03-18 03:03:00,7.700672,11.131479,18.6,5.49
T07,GL-4592,2026-03-18 03:04:00,7.70055,11.131817,27.7,4.78
T07,GL-4592,2026-03-18 03:05:00,7.700129,11.131394,34.6,3.35
T07,GL-4592,2026-03-18 03:06:00,7.699264,11.13189,50.9,3.12
T07,GL-4592,2026-03-18 03:07:00,7.69882,11.132295,32.9,3.49
T07,GL-4592,2026-03-18 03:08:00,7.698447,11.132667,21.5,4.74
T07,GL-4592,2026-03-18 03:09:00,7.697765,11.132463,47.5,3.35
T07,GL-4592,2026-03-18 03:10:00,7.697081,11.132734,25.9,2.87
T07,GL-4592,2026-03-18 03:11:00,7.696705,11.13286,18.3,4.42
T07,GL-4592,2026-03-18 03:12:00,7.695883,11.133062,49.9,4.4
T07,GL-4592,2026-03-18 03:13:00,7.695757,11.133183,34.0,3.39
T07,GL-4592,2026-03-18 03:14:00,7.695439,11.132867,28.1,3.26
T07,GL-4592,2026-03-18 03:15:00,7.695161,11.133229,33.8,3.87
T07,GL-4592,2026-03-18 03:16:00,7.694191,11.133354,20.9,3.83
T07,GL-4592,2026-03-18 03:17:00,7.694303,11.133295,50.9,3.66
T07,GL-4592,2026-03-18 03:18:00,7.693306,11.133815,40.4,4.03
T07,GL-4592,2026-03-18 03:19:00,7.692702,11.134143,49.4,5.23
T07,GL-4592,2026-03-18 03:20:00,7.692241,11.133893,19.6,3.46
T07,GL-4592,2026-03-18 03:21:00,7.691902,11.13456,23.5,4.7
T07,GL-4592,2026-03-18 03:22:00,7.691339,11.134629,47.9,3.11
T07,GL-4592,2026-03-18 03:23:00,7.69026,11.134604,53.1,5.02
T07,GL-4592,2026-03-18 03:24:00,7.689716,11.134657,51.4,2.81
T07,GL-4592,2026-03-18 03:25:00,7.690128,11.134903,52.0,2.92
T07,GL-4592,2026-03-18 03:26:00,7.689483,11.135061,35.6,3.73
T07,GL-4592,2026-03-18 03:27:00,7.68881,11.135127,51.6,3.45
T07,GL-4592,2026-03-18 03:28:00,7.68827,11.135396,56.7,4.03
T07,GL-4592,2026-03-18 03:29:00,7.687544,11.135575,36.9,4.42
T07,GL-4592,2026-03-18 03:30:00,7.68699,11.135559,31.4,4.63
T07,GL-4592,2026-03-18 03:31:00,7.687067,11.135453,17.9,4.81
T07,GL-4592,2026-03-18 03:32:00,7.686229,11.136185,20.4,3.94
T07,GL-4592,2026-03-18 03:33:00,7.685678,11.136286,50.3,4.94
T07,GL-4592,2026-03-18 03:34:00,7.685004,11.13614,29.2,3.99
T07,GL-4592,2026-03-18 03:35:00,7.684663,11.136312,29.6,3.26
T07,GL-4592,2026-03-18 03:36:00,7.683834,11.136692,,4.2
T07,GL-4592,2026-03-18 03:37:00,7.683816,11.13677,15.1,5.2
T07,GL-4592,2026-03-18 03:38:00,7.682825,11.137182,55.8,4.88
T07,GL-4592,2026-03-18 03:39:00,7.682452,11.137384,57.6,3.69
T07,GL-4592,2026-03-18 03:40:00,7.682142,11.137425,31.5,5.38
T07,GL-4592,2026-03-18 03:41:00,7.681517,11.137211,42.3,4.61
T07,GL-4592,2026-03-18 03:42:00,7.680876,11.13749,42.8,3.7
T07,GL-4592,2026-03-18 03:43:00,7.680471,11.137766,50.5,2.92
T07,GL-4592,2026-03-18 03:44:00,7.680118,11.137591,20.2,4.52
T07,GL-4592,2026-03-18 03:45:00,7.679744,11.137548,56.1,3.6
T07,GL-4592,2026-03-18 03:46:00,7.679005,11.137963,27.7,5.16
T07,GL-4592,2026-03-18 03:47:00,7.678091,11.138735,25.3,5.19
T07,GL-4592,2026-03-18 03:48:00,7.67781,11.138811,25.5,5.35
T07,GL-4592,2026-03-18 03:49:00,7.677481,11.138661,30.6,5.23
T07,GL-4592,2026-03-18 03:50:00,7.6768,11.138862,39.9,4.33
T07,GL-4592,2026-03-18 03:51:00,7.676864,11.138839,37.6,5.25
T07,GL-4592,2026-03-18 03:52:00,7.676293,11.139473,46.6,4.23
T07,GL-4592,2026-03-18 03:53:00,7.675709,11.139842,19.5,4.21
T07,GL-4592,2026-03-18 03:54:00,7.674846,11.13925,56.6,3.99
T07,GL-4592,2026-03-18 03:55:00,7.674224,11.139254,40.5,3.47
T07,GL-4592,2026-03-18 03:56:00,7.673958,11.139832,17.3,5.34
T07,GL-4592,2026-03-18 03:57:00,7.67372,11.139938,37.1,4.75
T07,GL-4592,2026-03-18 03:58:00,7.673366,11.140241,39.6,5.21
T07,GL-4592,2026-03-18 03:59:00,7.672615,11.140085,36.6,3.85
T07,GL-4592,2026-03-18 04:00:00,7.671693,11.140259,54.7,5.03
T07,GL-4592,2026-03-18 04:01:00,7.671891,11.140552,,4.01
T07,GL-4592,2026-03-18 04:02:00,7.67102,11.140584,53.2,4.63
T07,GL-4592,2026-03-18 04:03:00,7.670248,11.140645,18.0,5.3
T07,GL-4592,2026-03-18 04:04:00,7.669611,11.141055,27.2,5.22
T07,GL-4592,2026-03-18 04:05:00,7.669011,11.141169,38.1,3.65
T07,GL-4592,2026-03-18 04:06:00,7.669055,11.141632,25.5,5.1
T07,GL-4592,2026-03-18 04:07:00,7.668431,11.141635,48.7,4.1
T07,GL-4592,2026-03-18 04:08:00,7.667555,11.141779,17.0,5.52
T07,GL-4592,2026-03-18 04:09:00,7.667225,11.141953,15.4,4.98
T07,GL-4592,2026-03-18 04:10:00,7.666882,11.14191,41.3,4.35
T07,GL-4592,2026-03-18 04:11:00,7.666605,11.141898,32.0,3.64
T07,GL-4592,2026-03-18 04:12:00,7.666094,11.142273,15.6,4.5
T07,GL-4592,2026-03-18 04:13:00,7.665747,11.142366,31.6,5.49
T07,GL-4592,2026-03-18 04:14:00,7.665149,11.142434,44.2,4.99
T07,GL-4592,2026-03-18 04:15:00,7.664408,11.142778,48.2,5.44
T07,GL-4592,2026-03-18 04:16:00,7.663821,11.142796,55.4,4.34
T07,GL-4592,2026-03-18 04:17:00,7.663844,11.143368,42.3,4.4
T07,GL-4592,2026-03-18 04:18:00,7.662726,11.142985,39.1,3.53
T07,GL-4592,2026-03-18 04:19:00,7.662655,11.143213,17.7,3.66
T07,GL-4592,2026-03-18 04:20:00,7.662085,11.143775,20.7,5.51
T07,GL-4592,2026-03-18 04:21:00,7.661605,11.143516,52.4,5.57
T07,GL-4592,2026-03-18 04:22:00,7.660797,11.143287,19.9,5.05
T07,GL-4592,2026-03-18 04:23:00,7.660308,11.144255,25.9,5.22
T07,GL-4592,2026-03-18 04:24:00,7.660126,11.144289,18.0,3.26
T07,GL-4592,2026-03-18 04:25:00,7.659083,11.144302,39.2,5.32
T07,GL-4592,2026-03-18 04:26:00,7.860023,11.144282,44.1,351.49
T07,GL-4592,2026-03-18 04:27:00,7.658083,11.144827,25.5,5.27
T07,GL-4592,2026-03-18 04:28:00,7.657908,11.144924,32.5,2.99
T07,GL-4592,2026-03-18 04:29:00,7.657091,11.145028,43.7,3.12
T07,GL-4592,2026-03-18 04:30:00,7.65663,11.144888,47.9,4.4
T07,GL-4592,2026-03-18 04:31:00,7.65623,11.14548,19.8,4.15
T07,GL-4592,2026-03-18 04:32:00,7.656121,11.145572,27.3,4.8
T07,GL-4592,2026-03-18 04:33:00,7.65502,11.145822,19.9,3.8
T07,GL-4592,2026-03-18 04:34:00,7.65495,11.145813,54.7,5.17
T07,GL-4592,2026-03-18 04:35:00,7.654105,11.145659,54.5,4.31
T07,GL-4592,2026-03-18 04:36:00,7.653644,11.146112,45.8,4.98
T07,GL-4592,2026-03-18 04:37:00,7.653264,11.146315,45.3,4.62
T07,GL-4592,2026-03-18 04:38:00,7.652394,11.146112,45.9,5.28
T07,GL-4592,2026-03-18 04:39:00,7.652303,11.14652,56.0,4.1
T07,GL-4592,2026-03-18 04:40:00,7.651708,11.146849,28.8,4.39
T07,GL-4592,2026-03-18 04:41:00,7.651479,11.146868,30.2,2.84
T07,GL-4592,2026-03-18 04:42:00,7.65097,11.147099,28.3,4.45
T07,GL-4592,2026-03-18 04:43:00,7.650338,11.147105,28.2,3.06
T07,GL-4592,2026-03-18 04:44:00,7.649638,11.147162,43.4,5.32
T07,GL-4592,2026-03-18 04:45:00,7.648859,11.147291,49.8,5.14
T07,GL-4592,2026-03-18 04:46:00,7.648403,11.147729,24.2,4.92
T07,GL-4592,2026-03-18 04:47:00,7.64812,11.147447,42.4,5.52
T07,GL-4592,2026-03-18 04:48:00,7.647707,11.148019,40.5,4.81
T07,GL-4592,2026-03-18 04:49:00,7.647203,11.148156,35.3,4.71
T07,GL-4592,2026-03-18 04:50:00,7.646368,11.148153,45.9,3.81
T07,GL-4592,2026-03-18 04:51:00,7.646124,11.148065,27.6,3.53
T07,GL-4592,2026-03-18 04:52:00,7.645689,11.148569,17.8,5.39
T07,GL-4592,2026-03-18 04:53:00,7.645073,11.148402,33.3,3.74
T07,GL-4592,2026-03-18 04:54:00,7.644703,11.148798,22.5,5.45
T07,GL-4592,2026-03-18 04:55:00,7.64427,11.149047,49.0,2.83
T07,GL-4592,2026-03-18 04:56:00,7.643235,11.148984,46.1,4.51
T07,GL-4592,2026-03-18 04:57:00,7.642888,11.149433,32.3,3.55
T07,GL-4592,2026-03-18 04:58:00,7.642856,11.149573,46.2,4.87
T07,GL-4592,2026-03-18 04:59:00,7.642115,11.149782,33.9,4.54
T07,GL-4592,2026-03-18 05:00:00,7.641481,11.149542,55.2,3.49
T07,GL-4592,2026-03-18 05:01:00,7.640644,11.149577,47.8,5.36
T07,GL-4592,2026-03-18 05:02:00,7.640469,11.150433,15.9,4.97
T07,GL-4592,2026-03-18 05:03:00,7.639624,11.150369,56.8,3.32
T07,GL-4592,2026-03-18 05:04:00,7.639273,11.150628,,2.9
T07,GL-4592,2026-03-18 05:05:00,7.638981,11.150709,32.1,5.07
T07,GL-4592,2026-03-18 05:06:00,7.638679,11.150729,40.5,3.29
T07,GL-4592,2026-03-18 05:07:00,7.638005,11.150689,42.9,5.15
T07,GL-4592,2026-03-18 05:08:00,7.637454,11.151035,22.1,3.4
T07,GL-4592,2026-03-18 05:09:00,7.636878,11.151209,38.6,4.05
T07,GL-4592,2026-03-18 05:10:00,7.636693,11.151639,28.0,5.14
T07,GL-4592,2026-03-18 05:11:00,7.636066,11.151457,14.9,5.42
T07,GL-4592,2026-03-18 05:12:00,7.635115,11.151742,21.2,4.4
T07,GL-4592,2026-03-18 05:13:00,7.634676,11.151908,44.3,4.16
T07,GL-4592,2026-03-18 05:14:00,7.634567,11.152107,38.3,5.05
T07,GL-4592,2026-03-18 05:15:00,7.634048,11.15161,48.7,3.98
T07,GL-4592,2026-03-18 05:16:00,7.633711,11.15227,57.7,4.59
T07,GL-4592,2026-03-18 05:17:00,7.633032,11.152361,36.7,4.28
T07,GL-4592,2026-03-18 05:18:00,7.632443,11.152692,39.8,3.74
T07,GL-4592,2026-03-18 05:19:00,7.632353,11.152873,18.4,3.77
T07,GL-4592,2026-03-18 05:20:00,7.631543,11.152847,36.6,4.37
T07,GL-4592,2026-03-18 05:21:00,7.630759,11.152884,15.6,3.31
T07,GL-4592,2026-03-18 05:22:00,7.630271,11.153369,44.9,4.82
T07,GL-4592,2026-03-18 05:23:00,7.629801,11.153547,24.4,3.34
T07,GL-4592,2026-03-18 05:24:00,7.629516,11.15361,54.8,2.9
T07,GL-4592,2026-03-18 05:25:00,7.628913,11.153972,51.3,4.11
T07,GL-4592,2026-03-18 05:26:00,7.628646,11.153836,18.4,5.49
T07,GL-4592,2026-03-18 05:27:00,7.628161,11.153901,25.5,5.43
T07,GL-4592,2026-03-18 05:28:00,7.627489,11.15442,55.2,3.03
T07,GL-4592,2026-03-18 05:29:00,7.626932,11.154236,40.4,3.6
T07,GL-4592,2026-03-18 05:30:00,7.626678,11.154358,55.9,4.84
T07,GL-4592,2026-03-18 05:31:00,7.625898,11.154359,19.2,5.14
T07,GL-4592,2026-03-18 05:32:00,7.62509,11.15495,16.5,3.71
T07,GL-4592,2026-03-18 05:33:00,7.624706,11.155169,53.0,2.89
T07,GL-4592,2026-03-18 05:34:00,7.624418,11.155117,43.6,3.02
T07,GL-4592,2026-03-18 05:35:00,7.623819,11.154996,55.7,3.72
T07,GL-4592,2026-03-18 05:36:00,7.623388,11.155332,46.4,3.12
T07,GL-4592,2026-03-18 05:37:00,7.623111,11.15548,57.5,4.16
T07,GL-4592,2026-03-18 05:38:00,7.621936,11.155325,31.9,3.31
T07,GL-4592,2026-03-18 05:39:00,7.622183,11.156071,25.8,3.58
T07,GL-4592,2026-03-18 05:40:00,7.621504,11.156347,27.1,3.27
T07,GL-4592,2026-03-18 05:41:00,7.620761,11.156257,51.7,3.17
T07,GL-4592,2026-03-18 05:42:00,7.620248,11.156781,34.3,3.85
T07,GL-4592,2026-03-18 05:43:00,7.619517,11.156546,38.2,4.81
T07,GL-4592,2026-03-18 05:44:00,7.619631,11.156527,16.0,4.83
T07,GL-4592,2026-03-18 05:45:00,7.618522,11.157365,16.1,3.64
T07,GL-4592,2026-03-18 05:46:00,7.618315,11.157031,45.9,3.63
T07,GL-4592,2026-03-18 05:47:00,7.617647,11.156904,17.1,3.71
T07,GL-4592,2026-03-18 05:48:00,7.617508,11.157378,54.7,2.99
T07,GL-4592,2026-03-18 05:49:00,7.616665,11.157763,41.4,3.51
T07,GL-4592,2026-03-18 05:50:00,7.616349,11.157635,34.6,4.09
T07,GL-4592,2026-03-18 05:51:00,7.615944,11.157712,30.2,3.4
T07,GL-4592,2026-03-18 05:52:00,7.615467,11.158098,42.8,2.91
T07,GL-4592,2026-03-18 05:53:00,7.614847,11.158096,41.0,4.34
T07,GL-4592,2026-03-18 05:54:00,7.614301,11.157948,21.4,3.94
T07,GL-4592,2026-03-18 05:55:00,7.614099,11.158291,54.0,5.46
T07,GL-4592,2026-03-18 05:56:00,7.613474,11.158311,31.3,3.13
T07,GL-4592,2026-03-18 05:57:00,7.612527,11.158566,20.0,4.34
T07,GL-4592,2026-03-18 05:58:00,7.611929,11.158972,32.0,3.15
T07,GL-4592,2026-03-18 05:59:00,7.611682,11.159179,31.7,3.7
T07,GL-4592,2026-03-18 06:00:00,7.611198,11.15919,56.4,4.85
T07,GL-4592,2026-03-18 06:01:00,7.610393,11.159712,15.0,5.24
T07,GL-4592,2026-03-18 06:02:00,7.610381,11.159232,30.0,4.84
T07,GL-4592,2026-03-18 06:03:00,7.610186,11.159782,51.5,5.25
T07,GL-4592,2026-03-18 06:04:00,7.609457,11.159603,38.8,2.89
T07,GL-4592,2026-03-18 06:05:00,7.608821,11.160031,28.2,2.9
T07,GL-4592,2026-03-18 06:06:00,7.607969,11.160035,16.7,5.03
T07,GL-4592,2026-03-18 06:07:00,7.607896,11.159818,33.6,5.47
T07,GL-4592,2026-03-18 06:08:00,7.607366,11.160421,14.8,5.25
T07,GL-4592,2026-03-18 06:09:00,7.606588,11.1607,34.3,5.51
T07,GL-4592,2026-03-18 06:10:00,7.606305,11.160283,15.1,3.44
T07,GL-4592,2026-03-18 06:11:00,7.605603,11.161219,14.0,4.55
T07,GL-4592,2026-03-18 06:12:00,7.604995,11.161057,53.5,4.18
T07,GL-4592,2026-03-18 06:13:00,7.604619,11.161168,52.6,3.79
T07,GL-4592,2026-03-18 06:14:00,7.60432,11.161125,19.8,4.69
T07,GL-4592,2026-03-18 06:15:00,7.603869,11.161784,32.0,3.78
T07,GL-4592,2026-03-18 06:16:00,7.603014,11.161514,56.8,3.37
T07,GL-4592,2026-03-18 06:17:00,7.602707,11.162159,47.5,4.25
T07,GL-4592,2026-03-18 06:18:00,7.601883,11.162041,16.0,3.62
T07,GL-4592,2026-03-18 06:19:00,7.601401,11.162568,28.1,3.95
T07,GL-4592,2026-03-18 06:20:00,7.601536,11.162229,49.3,4.88
T07,GL-4592,2026-03-18 06:21:00,7.600488,11.162524,18.1,4.02
T07,GL-4592,2026-03-18 06:22:00,7.600287,11.162402,52.8,3.92
T07,GL-4592,2026-03-18 06:23:00,7.59996,11.162704,42.3,3.51
T07,GL-4592,2026-03-18 06:24:00,7.599037,11.163214,37.4,3.64
T07,GL-4592,2026-03-18 06:25:00,7.598412,11.163308,47.4,2.81
T07,GL-4592,2026-03-18 06:26:00,7.598033,11.163679,42.1,3.44
T07,GL-4592,2026-03-18 06:27:00,7.597178,11.163303,33.4,4.23
T07,GL-4592,2026-03-18 06:28:00,7.597208,11.163608,54.1,3.42
T07,GL-4592,2026-03-18 06:29:00,7.596815,11.163251,17.4,4.74
T07,GL-4592,2026-03-18 06:30:00,7.595696,11.164167,19.8,4.99
T07,GL-4592,2026-03-18 06:31:00,7.595557,11.163949,28.2,4.52
T07,GL-4592,2026-03-18 06:32:00,7.595041,11.164066,32.9,4.62
T07,GL-4592,2026-03-18 06:33:00,7.594221,11.164269,16.0,5.47
T07,GL-4592,2026-03-18 06:34:00,7.59428,11.164604,30.5,5.46
T07,GL-4592,2026-03-18 06:35:00,7.593232,11.165025,31.7,4.64
T07,GL-4592,2026-03-18 06:36:00,7.593008,11.164822,40.5,3.89
T07,GL-4592,2026-03-18 06:37:00,7.592848,11.164909,23.4,4.44
T07,GL-4592,2026-03-18 06:38:00,7.592193,11.165054,41.0,5.59
T07,GL-4592,2026-03-18 06:39:00,7.591365,11.165597,55.7,4.49
T07,GL-4592,2026-03-18 06:40:00,7.590844,11.165159,17.5,4.83
T07,GL-4592,2026-03-18 06:41:00,7.590222,11.165154,21.0,4.22
T07,GL-4592,2026-03-18 06:42:00,7.59006,11.165749,34.0,4.23
T07,GL-4592,2026-03-18 06:43:00,7.589637,11.166047,41.1,5.3
T07,GL-4592,2026-03-18 06:44:00,7.588902,11.165838,40.9,3.24
T07,GL-4592,2026-03-18 06:45:00,7.588133,11.165949,56.6,3.42
T07,GL-4592,2026-03-18 06:46:00,7.587991,11.166343,51.3,4.22
T07,GL-4592,2026-03-18 06:47:00,7.587425,11.166486,55.5,4.34
T07,GL-4592,2026-03-18 06:48:00,7.587174,11.16657,52.0,3.86
T07,GL-4592,2026-03-18 06:49:00,7.586501,11.166824,35.6,3.9
T07,GL-4592,2026-03-18 06:50:00,7.585931,11.167091,39.6,2.83
T07,GL-4592,2026-03-18 06:51:00,7.585441,11.16712,38.2,4.2
T07,GL-4592,2026-03-18 06:52:00,7.584836,11.166888,32.9,4.12
T07,GL-4592,2026-03-18 06:53:00,7.584717,11.167692,24.8,3.71
T07,GL-4592,2026-03-18 06:54:00,7.583906,11.167513,52.6,4.05
T07,GL-4592,2026-03-18 06:55:00,7.583328,11.167525,19.5,5.58
T07,GL-4592,2026-03-18 06:56:00,7.582443,11.16822,28.6,4.35
T07,GL-4592,2026-03-18 06:57:00,7.582575,11.168365,24.2,3.7
T07,GL-4592,2026-03-18 06:58:00,7.290702,11.168324,57.7,470.5
T07,GL-4592,2026-03-18 06:59:00,7.580738,11.168575,32.6,4.14
T07,GL-4592,2026-03-18 07:00:00,7.580747,11.168899,45.1,4.03
T07,GL-4592,2026-03-18 07:01:00,7.580056,11.168702,48.3,5.33
T07,GL-4592,2026-03-18 07:02:00,7.579928,11.168629,33.6,5.51
T07,GL-4592,2026-03-18 07:03:00,7.579319,11.168784,52.9,2.92
T07,GL-4592,2026-03-18 07:04:00,7.57862,11.169271,57.0,4.8
T07,GL-4592,2026-03-18 07:05:00,7.578215,11.169457,17.2,3.3
T07,GL-4592,2026-03-18 07:06:00,7.577368,11.169678,44.5,3.99
T07,GL-4592,2026-03-18 07:07:00,7.577486,11.169177,29.6,5.53
T07,GL-4592,2026-03-18 07:08:00,7.576484,11.170086,28.3,3.89
T07,GL-4592,2026-03-18 07:09:00,7.576172,11.170165,56.2,4.7
T07,GL-4592,2026-03-18 07:10:00,7.575716,11.170415,18.8,4.95
T07,GL-4592,2026-03-18 07:11:00,7.575513,11.170248,23.6,3.62
T07,GL-4592,2026-03-18 07:12:00,7.574436,11.170609,49.2,3.28
T07,GL-4592,2026-03-18 07:13:00,7.573949,11.170582,46.1,3.3
T07,GL-4592,2026-03-18 07:14:00,7.573594,11.170594,19.8,3.73
T07,GL-4592,2026-03-18 07:15:00,7.572771,11.17075,17.7,4.16
T07,GL-4592,2026-03-18 07:16:00,7.57258,11.171098,23.6,4.13
T07,GL-4592,2026-03-18 07:17:00,7.572077,11.171191,31.6,5.37
T07,GL-4592,2026-03-18 07:18:00,7.571636,11.171588,53.1,3.01
T07,GL-4592,2026-03-18 07:19:00,7.571124,11.171411,31.3,4.34
T07,GL-4592,2026-03-18 07:20:00,7.570644,11.171648,54.4,3.15
T07,GL-4592,2026-03-18 07:21:00,7.570092,11.171878,42.6,4.67
T07,GL-4592,2026-03-18 07:22:00,7.569496,11.171923,46.4,3.98
T07,GL-4592,2026-03-18 07:23:00,7.569244,11.17195,57.2,4.91
T07,GL-4592,2026-03-18 07:24:00,7.568514,11.172089,31.7,3.36
T07,GL-4592,2026-03-18 07:25:00,7.568317,11.172763,28.5,3.59
T07,GL-4592,2026-03-18 07:26:00,7.567611,11.172539,16.8,3.33
T07,GL-4592,2026-03-18 07:27:00,7.566804,11.17267,44.5,4.62
T07,GL-4592,2026-03-18 07:28:00,7.566627,11.172613,41.2,4.29
T07,GL-4592,2026-03-18 07:29:00,7.566308,11.172922,18.1,4.03
T07,GL-4592,2026-03-18 07:30:00,7.565443,11.173488,21.1,4.29
T07,GL-4592,2026-03-18 07:31:00,7.565011,11.17361,16.8,4.14
T07,GL-4592,2026-03-18 07:32:00,7.564683,11.173338,53.2,5.0
T07,GL-4592,2026-03-18 07:33:00,7.564333,11.173812,47.2,4.54
T07,GL-4592,2026-03-18 07:34:00,7.563732,11.173843,43.4,5.27
T07,GL-4592,2026-03-18 07:35:00,7.562692,11.174213,33.9,5.14
T07,GL-4592,2026-03-18 07:36:00,7.562499,11.174321,25.9,3.63
T07,GL-4592,2026-03-18 07:37:00,7.562099,11.174524,15.5,4.69
T07,GL-4592,2026-03-18 07:38:00,7.561235,11.174503,49.4,3.58
T07,GL-4592,2026-03-18 07:39:00,7.561006,11.174543,,5.0
T07,GL-4592,2026-03-18 07:40:00,7.560213,11.175103,37.6,4.27
T07,GL-4592,2026-03-18 07:41:00,7.560331,11.174957,57.7,3.27
T07,GL-4592,2026-03-18 07:42:00,7.559554,11.175547,20.4,3.62
T07,GL-4592,2026-03-18 07:43:00,7.55904,11.175708,41.4,3.96
T07,GL-4592,2026-03-18 07:44:00,7.557794,11.175192,39.4,4.21
T07,GL-4592,2026-03-18 07:45:00,7.557611,11.175332,36.3,4.11
T07,GL-4592,2026-03-18 07:46:00,7.557007,11.175337,52.4,5.0
T07,GL-4592,2026-03-18 07:47:00,7.557213,11.17559,38.9,3.27
T07,GL-4592,2026-03-18 07:48:00,7.556253,11.175941,38.7,4.27
T07,GL-4592,2026-03-18 07:49:00,7.556011,11.175908,21.3,2.98
T07,GL-4592,2026-03-18 07:50:00,7.555181,11.17648,44.1,4.14
T07,GL-4592,2026-03-18 07:51:00,7.554848,11.176846,15.7,5.14
T07,GL-4592,2026-03-18 07:52:00,7.554575,11.176565,56.0,3.82
T07,GL-4592,2026-03-18 07:53:00,7.55375,11.176847,55.4,5.05
T07,GL-4592,2026-03-18 07:54:00,7.553334,11.176907,39.3,3.94
T07,GL-4592,2026-03-18 07:55:00,7.552797,11.177186,15.1,5.5
T07,GL-4592,2026-03-18 07:56:00,7.552477,11.177407,34.2,3.7
T07,GL-4592,2026-03-18 07:57:00,7.551744,11.177462,54.4,4.98
T07,GL-4592,2026-03-18 07:58:00,7.551195,11.177564,38.8,2.89
T07,GL-4592,2026-03-18 07:59:00,7.550715,11.177813,28.1,4.17
T07,GL-4592,2026-03-18 08:00:00,7.550195,11.177951,53.6,4.63
T07,GL-4592,2026-03-18 08:01:00,7.550004,11.178235,50.9,5.21
T07,GL-4592,2026-03-18 08:02:00,7.549955,11.177939,25.1,4.78
T07,GL-4592,2026-03-18 08:03:00,7.549005,11.178449,48.6,4.66
T07,GL-4592,2026-03-18 08:04:00,7.5483,11.178649,54.9,4.15
T07,GL-4592,2026-03-18 08:05:00,7.547732,11.179028,47.8,3.35
T07,GL-4592,2026-03-18 08:06:00,7.547283,11.178745,54.0,3.33
T07,GL-4592,2026-03-18 08:07:00,7.546742,11.179065,21.7,5.13
T07,GL-4592,2026-03-18 08:08:00,7.546552,11.17954,47.7,4.3
T07,GL-4592,2026-03-18 08:09:00,7.54547,11.179228,56.4,3.31
T07,GL-4592,2026-03-18 08:10:00,7.545209,11.179573,29.9,2.88
T07,GL-4592,2026-03-18 08:11:00,7.544381,11.179855,22.7,4.28
T07,GL-4592,2026-03-18 08:12:00,7.544396,11.180196,41.3,3.77
T07,GL-4592,2026-03-18 08:13:00,7.543953,11.179847,22.8,4.25
T07,GL-4592,2026-03-18 08:14:00,7.543216,11.180501,48.5,4.1
T07,GL-4592,2026-03-18 08:15:00,7.542752,11.180349,19.1,3.93
T07,GL-4592,2026-03-18 08:16:00,7.542097,11.180416,56.3,3.59
T07,GL-4592,2026-03-18 08:17:00,7.541749,11.180713,49.5,3.55
T07,GL-4592,2026-03-18 08:18:00,7.54147,11.180825,53.3,4.04
T07,GL-4592,2026-03-18 08:19:00,7.540962,11.180567,43.8,4.05
T07,GL-4592,2026-03-18 08:20:00,7.540085,11.180811,18.8,3.93
T07,GL-4592,2026-03-18 08:21:00,7.53955,11.181174,,3.19
T07,GL-4592,2026-03-18 08:22:00,7.539324,11.18141,15.3,5.0
T07,GL-4592,2026-03-18 08:23:00,7.538559,11.181419,,5.6
T07,GL-4592,2026-03-18 08:24:00,7.538373,11.181791,15.0,3.36
T07,GL-4592,2026-03-18 08:25:00,7.537591,11.181949,23.8,3.36
T07,GL-4592,2026-03-18 08:26:00,7.537406,11.181953,48.2,3.04
T07,GL-4592,2026-03-18 08:27:00,7.536593,11.182572,48.3,4.17
T07,GL-4592,2026-03-18 08:28:00,7.535953,11.182461,51.9,4.69
T07,GL-4592,2026-03-18 08:29:00,7.535607,11.182758,41.0,2.88
T07,GL-4592,2026-03-18 08:30:00,7.535195,11.182538,49.1,4.2
T07,GL-4592,2026-03-18 08:31:00,7.534594,11.182673,44.1,3.01
T07,GL-4592,2026-03-18 08:32:00,7.534266,11.182584,35.0,5.4
T07,GL-4592,2026-03-18 08:33:00,7.534074,11.183265,43.8,4.75
T07,GL-4592,2026-03-18 08:34:00,7.533131,11.183134,32.0,4.48
T07,GL-4592,2026-03-18 08:35:00,7.5325,11.183468,16.8,3.59
T07,GL-4592,2026-03-18 08:36:00,7.532385,11.183466,31.9,4.6
T07,GL-4592,2026-03-18 08:37:00,7.531524,11.183429,16.8,4.09
T07,GL-4592,2026-03-18 08:38:00,7.531139,11.183996,15.4,4.72
T07,GL-4592,2026-03-18 08:39:00,7.530642,11.183786,31.6,4.2
T07,GL-4592,2026-03-18 08:40:00,7.529922,11.183958,25.7,4.55
T07,GL-4592,2026-03-18 08:41:00,7.529622,11.184782,14.2,5.17
T07,GL-4592,2026-03-18 08:42:00,7.529321,11.184618,33.9,3.57
T07,GL-4592,2026-03-18 08:43:00,7.528399,11.184492,28.2,5.16
T07,GL-4592,2026-03-18 08:44:00,7.528003,11.184427,43.2,4.52
T07,GL-4592,2026-03-18 08:45:00,7.527634,11.185248,27.8,5.32
T07,GL-4592,2026-03-18 08:46:00,7.527267,11.185354,16.7,3.17
T07,GL-4592,2026-03-18 08:47:00,7.526341,11.185541,32.8,4.17
T07,GL-4592,2026-03-18 08:48:00,7.526268,11.18539,38.9,4.06
T07,GL-4592,2026-03-18 08:49:00,7.525689,11.185506,23.2,5.18
T07,GL-4592,2026-03-18 08:50:00,7.525022,11.186015,24.7,5.59
T07,GL-4592,2026-03-18 08:51:00,7.52404,11.185876,55.3,4.96
T07,GL-4592,2026-03-18 08:52:00,7.524053,11.186166,41.9,4.91
T07,GL-4592,2026-03-18 08:53:00,7.523657,11.186715,52.5,3.99
T07,GL-4592,2026-03-18 08:54:00,7.5231,11.186556,40.3,4.24
T07,GL-4592,2026-03-18 08:55:00,7.522098,11.186431,49.8,3.59
T07,GL-4592,2026-03-18 08:56:00,7.521861,11.186399,44.3,3.69
T07,GL-4592,2026-03-18 08:57:00,7.521326,11.186884,56.7,3.11
T07,GL-4592,2026-03-18 08:58:00,7.520774,11.186889,20.8,3.97
T07,GL-4592,2026-03-18 08:59:00,7.520454,11.187074,52.4,3.21
T07,GL-4592,2026-03-18 09:00:00,7.519972,11.186888,39.0,4.43
T07,GL-4592,2026-03-18 09:01:00,7.519684,11.187742,26.7,4.85
T07,GL-4592,2026-03-18 09:02:00,7.518929,11.187975,47.9,4.32
T07,GL-4592,2026-03-18 09:03:00,7.518595,11.187602,19.2,4.89
T07,GL-4592,2026-03-18 09:04:00,7.518123,11.187886,36.5,5.25
T07,GL-4592,2026-03-18 09:05:00,7.517616,11.188385,55.5,5.15
T07,GL-4592,2026-03-18 09:06:00,7.517159,11.188543,56.4,3.03
T07,GL-4592,2026-03-18 09:07:00,7.516531,11.188319,44.8,5.14
T07,GL-4592,2026-03-18 09:08:00,7.516073,11.188359,46.3,3.6
T07,GL-4592,2026-03-18 09:09:00,7.51532,11.188611,26.3,3.68
T07,GL-4592,2026-03-18 09:10:00,7.514751,11.189119,27.0,5.2
T07,GL-4592,2026-03-18 09:11:00,7.514119,11.189253,28.6,5.46
T07,GL-4592,2026-03-18 09:12:00,7.513655,11.189247,42.5,4.6
T07,GL-4592,2026-03-18 09:13:00,7.513609,11.188899,18.9,4.4
T07,GL-4592,2026-03-18 09:14:00,7.512772,11.189206,21.2,5.1
T07,GL-4592,2026-03-18 09:15:00,7.512339,11.190122,30.2,5.5
T07,GL-4592,2026-03-18 09:16:00,7.511649,11.189838,41.2,4.36
T07,GL-4592,2026-03-18 09:17:00,7.511337,11.189605,38.1,3.46
T07,GL-4592,2026-03-18 09:18:00,7.51067,11.189952,27.3,5.06
T07,GL-4592,2026-03-18 09:19:00,7.510247,11.190157,18.3,5.2
T07,GL-4592,2026-03-18 09:20:00,7.510414,11.190109,54.5,3.06
T07,GL-4592,2026-03-18 09:21:00,7.509233,11.190808,53.0,5.21
T07,GL-4592,2026-03-18 09:22:00,7.508892,11.190555,56.7,4.97
T07,GL-4592,2026-03-18 09:23:00,7.508295,11.19064,42.0,4.75
T07,GL-4592,2026-03-18 09:24:00,7.507973,11.190659,24.0,4.86
T07,GL-4592,2026-03-18 09:25:00,7.507415,11.191265,31.8,3.47
T07,GL-4592,2026-03-18 09:26:00,7.506373,11.190896,19.4,4.13
T07,GL-4592,2026-03-18 09:27:00,7.506568,11.19164,39.4,3.83
T07,GL-4592,2026-03-18 09:28:00,7.505821,11.191785,40.9,2.86
T07,GL-4592,2026-03-18 09:29:00,7.505255,11.191628,41.0,2.82
T07,GL-4592,2026-03-18 09:30:00,7.504359,11.19192,33.8,3.85
T07,GL-4592,2026-03-18 09:31:00,7.504491,11.192302,23.4,5.06
T07,GL-4592,2026-03-18 09:32:00,7.503572,11.1926,50.0,4.98
T07,GL-4592,2026-03-18 09:33:00,7.503237,11.192022,43.2,4.77
T07,GL-4592,2026-03-18 09:34:00,7.502728,11.192742,56.7,5.56
T07,GL-4592,2026-03-18 09:35:00,7.502389,11.192551,24.8,5.41
T07,GL-4592,2026-03-18 09:36:00,7.501695,11.192845,18.6,4.73
T07,GL-4592,2026-03-18 09:37:00,7.501384,11.193089,35.1,4.94
T07,GL-4592,2026-03-18 09:38:00,7.500935,11.193699,41.5,5.05
T07,GL-4592,2026-03-18 09:39:00,7.500337,11.19356,30.8,3.57
T07,GL-4592,2026-03-18 09:40:00,7.499505,11.193562,22.6,3.13
T07,GL-4592,2026-03-18 09:41:00,7.49926,11.193718,46.1,5.08
T07,GL-4592,2026-03-18 09:42:00,7.49887,11.193871,38.7,4.48
T07,GL-4592,2026-03-18 09:43:00,7.498193,11.194278,57.4,2.81
T07,GL-4592,2026-03-18 09:44:00,7.497398,11.194037,53.4,3.28
T07,GL-4592,2026-03-18 09:45:00,7.497163,11.194397,14.6,4.52
T07,GL-4592,2026-03-18 09:46:00,7.496613,11.194928,17.1,3.31
T07,GL-4592,2026-03-18 09:47:00,7.496204,11.194821,50.8,5.32
T07,GL-4592,2026-03-18 09:48:00,7.49552,11.194687,24.5,5.5
T07,GL-4592,2026-03-18 09:49:00,7.495271,11.194978,44.7,4.72
T07,GL-4592,2026-03-18 09:50:00,7.494571,11.195392,38.0,4.05
T07,GL-4592,2026-03-18 09:51:00,7.494121,11.195518,48.2,4.37
T07,GL-4592,2026-03-18 09:52:00,7.493659,11.195002,26.1,3.62
T07,GL-4592,2026-03-18 09:53:00,7.492823,11.19536,24.6,4.22
T07,GL-4592,2026-03-18 09:54:00,7.492521,11.195627,25.8,3.41
T07,GL-4592,2026-03-18 09:55:00,7.492111,11.196255,20.1,3.17
T07,GL-4592,2026-03-18 09:56:00,7.49177,11.196267,28.7,3.17
T07,GL-4592,2026-03-18 09:57:00,7.491043,11.196287,30.9,5.27
T07,GL-4592,2026-03-18 09:58:00,7.490855,11.196137,40.8,4.08
T07,GL-4592,2026-03-18 09:59:00,7.489875,11.196216,30.4,4.9
T07,GL-4592,2026-03-18 10:00:00,7.48986,11.196404,57.4,5.15
T07,GL-4592,2026-03-18 10:01:00,7.488491,11.196912,38.9,3.33
T07,GL-4592,2026-03-18 10:02:00,7.488576,11.19707,55.7,5.01
T07,GL-4592,2026-03-18 10:03:00,7.488028,11.197106,39.9,3.05
T07,GL-4592,2026-03-18 10:04:00,7.487388,11.197612,14.5,4.95
T07,GL-4592,2026-03-18 10:05:00,7.487128,11.197752,38.2,4.08
T07,GL-4592,2026-03-18 10:06:00,7.486721,11.1973,33.4,5.21
T07,GL-4592,2026-03-18 10:07:00,7.486335,11.197722,14.8,3.34
T07,GL-4592,2026-03-18 10:08:00,7.485393,11.198042,44.3,4.24
T07,GL-4592,2026-03-18 10:09:00,7.48507,11.197783,25.3,3.42
T07,GL-4592,2026-03-18 10:10:00,7.484653,11.198448,27.1,4.31
T07,GL-4592,2026-03-18 10:11:00,7.484136,11.198706,56.1,4.48
T07,GL-4592,2026-03-18 10:12:00,7.483132,11.198686,16.1,2.83
T07,GL-4592,2026-03-18 10:13:00,7.482899,11.198815,44.4,5.05
T07,GL-4592,2026-03-18 10:14:00,7.482579,11.198761,20.6,4.56
T07,GL-4592,2026-03-18 10:15:00,7.481646,11.198793,51.0,5.28
T07,GL-4592,2026-03-18 10:16:00,7.481307,11.199073,24.4,3.33
T07,GL-4592,2026-03-18 10:17:00,7.481064,11.199246,25.0,2.87
T07,GL-4592,2026-03-18 10:18:00,7.74016,11.199933,45.0,437.85
T07,GL-4592,2026-03-18 10:19:00,7.479643,11.199759,57.4,3.58
T07,GL-4592,2026-03-18 10:20:00,7.479435,11.199804,44.0,4.46
T07,GL-4592,2026-03-18 10:21:00,7.47923,11.199858,51.6,2.81
T07,GL-4592,2026-03-18 10:22:00,7.478392,11.200335,34.9,3.0
T07,GL-4592,2026-03-18 10:23:00,7.4781,11.200516,54.6,3.04
T07,GL-4592,2026-03-18 10:24:00,7.47687,11.200584,41.3,2.95
T07,GL-4592,2026-03-18 10:25:00,7.477522,11.200501,50.1,3.24
T07,GL-4592,2026-03-18 10:26:00,7.476144,11.200857,27.0,3.78
T07,GL-4592,2026-03-18 10:27:00,7.475839,11.20059,36.6,5.3
T07,GL-4592,2026-03-18 10:28:00,7.475474,11.200922,23.1,4.53
T07,GL-4592,2026-03-18 10:29:00,7.475207,11.200994,26.4,3.49
T07,GL-4592,2026-03-18 10:30:00,7.474255,11.2016,46.5,4.79
T07,GL-4592,2026-03-18 10:31:00,7.473743,11.201554,39.1,4.01
T07,GL-4592,2026-03-18 10:32:00,7.473028,11.201486,25.5,3.29
T07,GL-4592,2026-03-18 10:33:00,7.472603,11.201991,51.7,4.82
T07,GL-4592,2026-03-18 10:34:00,7.472411,11.202371,37.1,4.44
T07,GL-4592,2026-03-18 10:35:00,7.471761,11.202157,46.0,4.75
T07,GL-4592,2026-03-18 10:36:00,7.471008,11.202268,25.7,4.19
T07,GL-4592,2026-03-18 10:37:00,7.470935,11.202323,16.0,3.68
T07,GL-4592,2026-03-18 10:38:00,7.470155,11.202811,42.3,5.08
T07,GL-4592,2026-03-18 10:39:00,7.469765,11.202944,24.5,3.84
T07,GL-4592,2026-03-18 10:40:00,7.469096,11.202744,25.7,4.22
T07,GL-4592,2026-03-18 10:41:00,7.469017,11.203314,23.6,3.22
T07,GL-4592,2026-03-18 10:42:00,7.468026,11.203512,28.0,2.93
T07,GL-4592,2026-03-18 10:43:00,7.46769,11.20313,27.4,4.99
T07,GL-4592,2026-03-18 10:44:00,7.467277,11.203257,35.2,3.98
T07,GL-4592,2026-03-18 10:45:00,7.466561,11.203885,34.5,4.99
T07,GL-4592,2026-03-18 10:46:00,7.466156,11.204151,15.8,3.83
T07,GL-4592,2026-03-18 10:47:00,7.465561,11.204226,24.9,3.82
T07,GL-4592,2026-03-18 10:48:00,7.465506,11.203995,39.5,4.51
T07,GL-4592,2026-03-18 10:49:00,7.464593,11.204755,55.2,4.64
T07,GL-4592,2026-03-18 10:50:00,7.464402,11.204351,56.8,5.28
T07,GL-4592,2026-03-18 10:51:00,7.463916,11.204545,21.1,4.66
T07,GL-4592,2026-03-18 10:52:00,7.46339,11.204992,51.7,4.35
T07,GL-4592,2026-03-18 10:53:00,7.462957,11.205185,24.1,3.46
T07,GL-4592,2026-03-18 10:54:00,7.462263,11.205073,41.9,2.93
T07,GL-4592,2026-03-18 10:55:00,7.461667,11.205152,53.1,3.4
T07,GL-4592,2026-03-18 10:56:00,7.461286,11.20534,34.3,4.56
T07,GL-4592,2026-03-18 10:57:00,7.460816,11.205513,32.8,4.52
T07,GL-4592,2026-03-18 10:58:00,7.460199,11.206015,45.5,2.85
T07,GL-4592,2026-03-18 10:59:00,7.459815,11.205845,28.0,5.43
T07,GL-4592,2026-03-18 11:00:00,7.459229,11.205787,40.0,5.04
T07,GL-4592,2026-03-18 11:01:00,7.45849,11.206554,49.2,3.07
T07,GL-4592,2026-03-18 11:02:00,7.458158,11.205895,23.2,3.68
T07,GL-4592,2026-03-18 11:03:00,7.457874,11.206805,27.1,4.85
T07,GL-4592,2026-03-18 11:04:00,7.457077,11.206437,34.0,3.03
T07,GL-4592,2026-03-18 11:05:00,7.456735,11.207391,24.2,3.27
T07,GL-4592,2026-03-18 11:06:00,7.455917,11.207004,56.9,3.79
T07,GL-4592,2026-03-18 11:07:00,7.456118,11.207479,54.3,4.69
T07,GL-4592,2026-03-18 11:08:00,7.455392,11.207103,51.4,4.98
T07,GL-4592,2026-03-18 11:09:00,7.454518,11.207686,28.3,3.89
T07,GL-4592,2026-03-18 11:10:00,7.453907,11.20772,50.8,3.4
T07,GL-4592,2026-03-18 11:11:00,7.453354,11.207684,53.7,5.53
T07,GL-4592,2026-03-18 11:12:00,7.453021,11.207933,27.2,4.94
T07,GL-4592,2026-03-18 11:13:00,7.452972,11.208055,50.2,5.04
T07,GL-4592,2026-03-18 11:14:00,7.452084,11.20809,16.4,5.52
T07,GL-4592,2026-03-18 11:15:00,7.451766,11.20839,38.6,3.84
T07,GL-4592,2026-03-18 11:16:00,7.450825,11.208656,20.8,4.65
T07,GL-4592,2026-03-18 11:17:00,7.450545,11.208632,56.1,3.59
T07,GL-4592,2026-03-18 11:18:00,7.45049,11.209015,57.3,2.97
T07,GL-4592,2026-03-18 11:19:00,7.449388,11.209532,52.5,4.78
T07,GL-4592,2026-03-18 11:20:00,7.449143,11.209608,30.9,5.52
T07,GL-4592,2026-03-18 11:21:00,7.448655,11.209594,18.2,2.93
T07,GL-4592,2026-03-18 11:22:00,7.448098,11.209566,32.0,5.4
T07,GL-4592,2026-03-18 11:23:00,7.447453,11.209577,36.6,3.32
T07,GL-4592,2026-03-18 11:24:00,7.446819,11.21004,21.6,5.49
T07,GL-4592,2026-03-18 11:25:00,7.446157,11.210072,26.7,3.23
T07,GL-4592,2026-03-18 11:26:00,7.446233,11.21063,24.6,5.24
T07,GL-4592,2026-03-18 11:27:00,7.445418,11.210394,47.1,4.46
T07,GL-4592,2026-03-18 11:28:00,7.444675,11.210666,21.6,4.77
T07,GL-4592,2026-03-18 11:29:00,7.44458,11.21074,22.3,3.57
T07,GL-4592,2026-03-18 11:30:00,7.44435,11.210396,55.3,5.43
T07,GL-4592,2026-03-18 11:31:00,7.443006,11.211119,29.3,2.93
T07,GL-4592,2026-03-18 11:32:00,7.443091,11.21126,41.1,3.26
T07,GL-4592,2026-03-18 11:33:00,7.442431,11.211265,17.1,4.03
T07,GL-4592,2026-03-18 11:34:00,7.442137,11.211504,51.8,5.33
T07,GL-4592,2026-03-18 11:35:00,7.441007,11.211109,31.7,4.02
T07,GL-4592,2026-03-18 11:36:00,7.441168,11.21138,23.1,5.47
T07,GL-4592,2026-03-18 11:37:00,7.440598,11.211995,33.8,5.09
T07,GL-4592,2026-03-18 11:38:00,7.440085,11.211902,32.5,5.26
T07,GL-4592,2026-03-18 11:39:00,7.439093,11.212325,31.3,3.47
T07,GL-4592,2026-03-18 11:40:00,7.438422,11.212205,24.5,4.3
T07,GL-4592,2026-03-18 11:41:00,7.438136,11.212891,39.4,4.01
T07,GL-4592,2026-03-18 11:42:00,7.437183,11.212647,48.9,3.73
T07,GL-4592,2026-03-18 11:43:00,7.437281,11.212887,40.8,3.88
T07,GL-4592,2026-03-18 11:44:00,7.436886,11.21297,14.9,4.88
T07,GL-4592,2026-03-18 11:45:00,7.436335,11.212824,55.0,3.52
T07,GL-4592,2026-03-18 11:46:00,7.43594,11.213292,41.2,4.8
T07,GL-4592,2026-03-18 11:47:00,7.435764,11.213315,37.9,4.26
T07,GL-4592,2026-03-18 11:48:00,7.434639,11.21329,47.2,5.41
T07,GL-4592,2026-03-18 11:49:00,7.434213,11.213966,17.7,4.58
T07,GL-4592,2026-03-18 11:50:00,7.433698,11.213877,24.4,4.3
T07,GL-4592,2026-03-18 11:51:00,7.43354,11.213901,49.4,3.14
T07,GL-4592,2026-03-18 11:52:00,7.432706,11.214514,35.3,4.3
T07,GL-4592,2026-03-18 11:53:00,7.432491,11.214339,39.3,5.07
T07,GL-4592,2026-03-18 11:54:00,7.431947,11.214551,17.4,3.25
T07,GL-4592,2026-03-18 11:55:00,7.431212,11.214492,14.1,3.56
T07,GL-4592,2026-03-18 11:56:00,7.430779,11.214425,49.0,5.22
T07,GL-4592,2026-03-18 11:57:00,7.430496,11.215066,45.9,4.95
T07,GL-4592,2026-03-18 11:58:00,7.429506,11.215099,33.7,4.07
T07,GL-4592,2026-03-18 11:59:00,7.429474,11.215014,17.2,3.18
T07,GL-4592,2026-03-18 12:00:00,7.428767,11.215592,33.6,5.2
T07,GL-4592,2026-03-18 12:01:00,7.428312,11.21573,25.0,3.16
T07,GL-4592,2026-03-18 12:02:00,7.427991,11.215927,51.0,5.14
T07,GL-4592,2026-03-18 12:03:00,7.427108,11.216161,50.6,5.44
T07,GL-4592,2026-03-18 12:04:00,7.426985,11.216408,27.5,3.53
T07,GL-4592,2026-03-18 12:05:00,7.426464,11.216307,17.2,4.23
T07,GL-4592,2026-03-18 12:06:00,7.425671,11.216217,36.1,3.93
T07,GL-4592,2026-03-18 12:07:00,7.425158,11.216674,54.5,4.99
T07,GL-4592,2026-03-18 12:08:00,7.425135,11.217138,17.0,3.51
T07,GL-4592,2026-03-18 12:09:00,7.424617,11.217632,56.6,5.29
T07,GL-4592,2026-03-18 12:10:00,7.423639,11.216719,47.4,4.18
T07,GL-4592,2026-03-18 12:11:00,7.423196,11.21698,56.1,4.06
T07,GL-4592,2026-03-18 12:12:00,7.422505,11.21748,49.7,4.88
T07,GL-4592,2026-03-18 12:13:00,7.421984,11.217119,54.4,4.56
T07,GL-4592,2026-03-18 12:14:00,7.421954,11.217637,27.7,5.14
T07,GL-4592,2026-03-18 12:15:00,7.421112,11.21809,19.4,3.46
T07,GL-4592,2026-03-18 12:16:00,7.420565,11.217685,25.4,4.3
T07,GL-4592,2026-03-18 12:17:00,7.420355,11.217957,26.8,5.19
T07,GL-4592,2026-03-18 12:18:00,7.419747,11.217899,46.5,3.53
T07,GL-4592,2026-03-18 12:19:00,7.41906,11.21828,18.1,3.73
T07,GL-4592,2026-03-18 12:20:00,7.418503,11.218227,35.8,5.46
T07,GL-4592,2026-03-18 12:21:00,7.418003,11.218766,47.2,5.35
T07,GL-4592,2026-03-18 12:22:00,7.417742,11.218999,30.5,4.39
T07,GL-4592,2026-03-18 12:23:00,7.417085,11.219209,19.7,3.64
T07,GL-4592,2026-03-18 12:24:00,7.416436,11.219238,43.4,3.12
T07,GL-4592,2026-03-18 12:25:00,7.416225,11.21936,56.7,3.28
T07,GL-4592,2026-03-18 12:26:00,7.415539,11.219801,42.8,3.65
T07,GL-4592,2026-03-18 12:27:00,7.415275,11.219897,33.0,4.86
T07,GL-4592,2026-03-18 12:28:00,7.414842,11.219727,47.0,5.23
T07,GL-4592,2026-03-18 12:29:00,7.41387,11.220119,39.6,4.86
T07,GL-4592,2026-03-18 12:30:00,7.413757,11.220292,34.9,4.36
T07,GL-4592,2026-03-18 12:31:00,7.413084,11.220289,51.8,2.98
T07,GL-4592,2026-03-18 12:32:00,7.412546,11.22055,50.7,4.99
T07,GL-4592,2026-03-18 12:33:00,7.412046,11.220819,53.3,4.56
T07,GL-4592,2026-03-18 12:34:00,7.41148,11.220479,35.1,5.19
T07,GL-4592,2026-03-18 12:35:00,7.411223,11.220968,17.9,3.68
T07,GL-4592,2026-03-18 12:36:00,7.410456,11.221666,36.5,3.38
T07,GL-4592,2026-03-18 12:37:00,7.410286,11.221238,49.7,4.74
T07,GL-4592,2026-03-18 12:38:00,7.409038,11.221294,28.8,3.08
T07,GL-4592,2026-03-18 12:39:00,7.408975,11.22169,16.6,3.81
T07,GL-4592,2026-03-18 12:40:00,7.408351,11.221609,18.1,5.11
T07,GL-4592,2026-03-18 12:41:00,7.408145,11.222038,16.8,3.56
T07,GL-4592,2026-03-18 12:42:00,7.407771,11.221971,15.4,5.48
T07,GL-4592,2026-03-18 12:43:00,7.406932,11.222137,,4.8
T07,GL-4592,2026-03-18 12:44:00,7.406066,11.222664,35.0,3.69
T07,GL-4592,2026-03-18 12:45:00,7.406054,11.22247,26.9,4.27
T07,GL-4592,2026-03-18 12:46:00,7.405827,11.222332,36.5,3.14
T07,GL-4592,2026-03-18 12:47:00,7.404913,11.223204,21.7,4.97
T07,GL-4592,2026-03-18 12:48:00,7.404377,11.223325,48.3,2.85
T07,GL-4592,2026-03-18 12:49:00,7.404076,11.223115,37.9,4.63
T07,GL-4592,2026-03-18 12:50:00,7.403024,11.223173,51.1,3.02
T07,GL-4592,2026-03-18 12:51:00,7.402875,11.223305,43.6,3.35
T07,GL-4592,2026-03-18 12:52:00,7.402269,11.223591,52.8,3.83
T07,GL-4592,2026-03-18 12:53:00,7.402052,11.224087,16.3,5.39
T07,GL-4592,2026-03-18 12:54:00,7.401086,11.224058,18.4,5.01
T07,GL-4592,2026-03-18 12:55:00,7.400599,11.223897,28.2,4.78
T07,GL-4592,2026-03-18 12:56:00,7.400327,11.224465,18.6,3.2
T07,GL-4592,2026-03-18 12:57:00,7.400148,11.224073,56.9,5.51
T07,GL-4592,2026-03-18 12:58:00,7.399266,11.224472,32.1,3.72
T07,GL-4592,2026-03-18 12:59:00,7.398647,11.224197,20.5,5.17
T07,GL-4592,2026-03-18 13:00:00,7.398308,11.224936,52.1,3.59
T07,GL-4592,2026-03-18 13:01:00,7.398076,11.225208,28.5,3.01
T07,GL-4592,2026-03-18 13:02:00,7.397505,11.225158,56.2,4.69
T07,GL-4592,2026-03-18 13:03:00,7.396788,11.224943,39.8,4.15
T07,GL-4592,2026-03-18 13:04:00,7.396796,11.225302,46.6,4.72
T07,GL-4592,2026-03-18 13:05:00,7.395707,11.22554,,4.17
T07,GL-4592,2026-03-18 13:06:00,7.39498,11.225822,18.5,5.39
T07,GL-4592,2026-03-18 13:07:00,7.395193,11.225776,17.9,3.58
T07,GL-4592,2026-03-18 13:08:00,7.393899,11.225808,15.8,3.66
T07,GL-4592,2026-03-18 13:09:00,7.393418,11.226274,43.9,5.08
T07,GL-4592,2026-03-18 13:10:00,7.39366,11.226334,22.9,3.95
T07,GL-4592,2026-03-18 13:11:00,7.392606,11.22721,17.5,4.09
T07,GL-4592,2026-03-18 13:12:00,7.392584,11.227089,29.1,4.17
T07,GL-4592,2026-03-18 13:13:00,7.392023,11.226984,48.6,3.09
T07,GL-4592,2026-03-18 13:14:00,7.391427,11.227151,25.6,5.23
T07,GL-4592,2026-03-18 13:15:00,7.390426,11.227036,56.8,2.86
T07,GL-4592,2026-03-18 13:16:00,7.389955,11.22739,39.1,3.37
T07,GL-4592,2026-03-18 13:17:00,7.389926,11.228041,56.3,4.01
T07,GL-4592,2026-03-18 13:18:00,7.389078,11.227382,55.1,5.21
T07,GL-4592,2026-03-18 13:19:00,7.38875,11.227649,50.3,4.15
T07,GL-4592,2026-03-18 13:20:00,7.388206,11.227958,35.1,5.05
T07,GL-4592,2026-03-18 13:21:00,7.387672,11.228129,29.3,5.5
T07,GL-4592,2026-03-18 13:22:00,7.386903,11.228526,29.5,3.11
T07,GL-4592,2026-03-18 13:23:00,7.386618,11.228736,42.0,3.03
T07,GL-4592,2026-03-18 13:24:00,7.386136,11.228616,45.0,4.8
T07,GL-4592,2026-03-18 13:25:00,7.385584,11.229018,56.8,5.42
T07,GL-4592,2026-03-18 13:26:00,7.385235,11.228658,22.2,5.33
T07,GL-4592,2026-03-18 13:27:00,7.384575,11.229029,25.7,4.96
T07,GL-4592,2026-03-18 13:28:00,7.383914,11.228938,29.4,5.19
T07,GL-4592,2026-03-18 13:29:00,7.383288,11.229328,56.7,5.27
T07,GL-4592,2026-03-18 13:30:00,7.383158,11.229645,36.7,3.97
T07,GL-4592,2026-03-18 13:31:00,7.382571,11.229606,17.7,3.48
T07,GL-4592,2026-03-18 13:32:00,7.382106,11.23008,24.7,4.82
T07,GL-4592,2026-03-18 13:33:00,7.381853,11.230027,39.3,3.66
T07,GL-4592,2026-03-18 13:34:00,7.38133,11.230239,51.4,5.21
T07,GL-4592,2026-03-18 13:35:00,7.380488,11.229991,31.7,4.0
T07,GL-4592,2026-03-18 13:36:00,7.380049,11.230621,52.9,4.01
T07,GL-4592,2026-03-18 13:37:00,7.379557,11.230949,18.1,4.23
T07,GL-4592,2026-03-18 13:38:00,7.379409,11.230776,52.9,2.99
T07,GL-4592,2026-03-18 13:39:00,7.378359,11.230876,22.6,4.02
T07,GL-4592,2026-03-18 13:40:00,7.378171,11.230883,39.3,2.93
T07,GL-4592,2026-03-18 13:41:00,7.377311,11.231269,42.0,3.6
T07,GL-4592,2026-03-18 13:42:00,7.377035,11.231369,45.9,3.05
T07,GL-4592,2026-03-18 13:43:00,7.376453,11.231613,52.1,5.36
T07,GL-4592,2026-03-18 13:44:00,7.375988,11.23199,52.3,5.05
T07,GL-4592,2026-03-18 13:45:00,7.375556,11.231733,30.3,4.21
T07,GL-4592,2026-03-18 13:46:00,7.37512,11.231941,,5.19
T07,GL-4592,2026-03-18 13:47:00,7.374225,11.232252,49.7,3.62
T07,GL-4592,2026-03-18 13:48:00,7.373792,11.232279,48.3,3.91
T07,GL-4592,2026-03-18 13:49:00,7.37321,11.232721,,3.63
T07,GL-4592,2026-03-18 13:50:00,7.373155,11.232597,54.0,3.82
T07,GL-4592,2026-03-18 13:51:00,7.473206,11.233121,45.9,236.95
T07,GL-4592,2026-03-18 13:52:00,7.372393,11.232887,23.6,4.46
T07,GL-4592,2026-03-18 13:53:00,7.371811,11.233484,56.6,3.83
T07,GL-4592,2026-03-18 13:54:00,7.371196,11.233072,38.4,0.0
T07,GL-4592,2026-03-18 13:55:00,7.37161,11.232671,14.8,0.31
T07,GL-4592,2026-03-18 13:56:00,7.371837,11.233134,38.7,0.13
T07,GL-4592,2026-03-18 13:57:00,7.372059,11.23326,30.7,0.02
T07,GL-4592,2026-03-18 13:58:00,7.371283,11.232631,26.1,0.06
T07,GL-4592,2026-03-18 13:59:00,7.371068,11.233091,51.8,0.16
T07,GL-4592,2026-03-18 14:00:00,7.371508,11.233236,19.0,0.11
T07,GL-4592,2026-03-18 14:01:00,7.371711,11.233095,37.5,0.04
T07,GL-4592,2026-03-18 14:02:00,7.371835,11.233448,21.2,0.76
T07,GL-4592,2026-03-18 14:03:00,7.371138,11.233659,25.1,0.47
T07,GL-4592,2026-03-18 14:04:00,7.38315,11.233575,44.8,236.88
T07,GL-4592,2026-03-18 14:05:00,7.371699,11.233256,49.6,0.87
T07,GL-4592,2026-03-18 14:06:00,7.3716,11.232774,41.3,0.13
T07,GL-4592,2026-03-18 14:07:00,7.371504,11.233239,,0.87
T07,GL-4592,2026-03-18 14:08:00,7.371365,11.23299,35.2,0.39
T07,GL-4592,2026-03-18 14:09:00,7.37133,11.233233,20.8,0.06
T07,GL-4592,2026-03-18 14:10:00,7.372365,11.233196,47.9,0.4
T07,GL-4592,2026-03-18 14:11:00,7.372199,11.232867,41.2,0.13
T07,GL-4592,2026-03-18 14:12:00,7.371647,11.233396,52.2,0.83
T07,GL-4592,2026-03-18 14:13:00,7.371348,11.23321,39.3,0.39
T07,GL-4592,2026-03-18 14:14:00,7.371421,11.232794,15.5,0.0
T07,GL-4592,2026-03-18 14:15:00,7.371868,11.23279,26.3,0.21
T07,GL-4592,2026-03-18 14:16:00,7.371334,11.232596,51.5,0.77
T07,GL-4592,2026-03-18 14:17:00,7.371466,11.232411,38.0,0.33
T07,GL-4592,2026-03-18 14:18:00,7.371365,11.233778,19.8,0.16
T07,GL-4592,2026-03-18 14:19:00,7.371086,11.232966,15.8,0.2
T07,GL-4592,2026-03-18 14:20:00,7.371846,11.233198,25.0,0.42
T07,GL-4592,2026-03-18 14:21:00,7.370994,11.233103,32.8,0.76
T07,GL-4592,2026-03-18 14:22:00,7.371218,11.233599,17.5,0.25
T07,GL-4592,2026-03-18 14:23:00,7.371501,11.233005,34.4,0.32
T07,GL-4592,2026-03-18 14:24:00,7.370611,11.233387,25.9,4.14
T07,GL-4592,2026-03-18 14:25:00,7.369902,11.233702,38.4,3.68
T07,GL-4592,2026-03-18 14:26:00,7.369752,11.234265,56.7,4.21
T07,GL-4592,2026-03-18 14:27:00,7.36845,11.234651,16.0,4.01
T07,GL-4592,2026-03-18 14:28:00,7.368193,11.235263,52.9,5.33
T07,GL-4592,2026-03-18 14:29:00,7.367505,11.234924,36.6,5.59
T07,GL-4592,2026-03-18 14:30:00,7.366955,11.235602,17.0,4.32
T07,GL-4592,2026-03-18 14:31:00,7.366153,11.235905,35.6,3.82
T07,GL-4592,2026-03-18 14:32:00,7.365454,11.236147,16.3,4.24
T07,GL-4592,2026-03-18 14:33:00,7.36507,11.236703,26.9,3.64
T07,GL-4592,2026-03-18 14:34:00,7.364062,11.23719,51.4,4.11
T07,GL-4592,2026-03-18 14:35:00,7.363263,11.237535,15.7,3.46
T07,GL-4592,2026-03-18 14:36:00,7.165419,11.237877,57.0,242.76
T07,GL-4592,2026-03-18 14:37:00,7.362077,11.237948,49.0,2.83
T07,GL-4592,2026-03-18 14:38:00,7.361348,11.238552,20.8,4.09
T07,GL-4592,2026-03-18 14:39:00,7.361035,11.238919,33.2,5.1
T07,GL-4592,2026-03-18 14:40:00,7.35994,11.23914,47.3,4.46
T07,GL-4592,2026-03-18 14:41:00,7.359253,11.239433,31.4,3.78
T07,GL-4592,2026-03-18 14:42:00,7.358529,11.239845,56.3,3.78
T07,GL-4592,2026-03-18 14:43:00,7.357573,11.240144,25.0,3.69
T07,GL-4592,2026-03-18 14:44:00,7.357082,11.240695,19.4,4.59
T07,GL-4592,2026-03-18 14:45:00,7.356319,11.240716,51.9,3.34
T07,GL-4592,2026-03-18 14:46:00,7.355975,11.24069,49.0,0.08
T07,GL-4592,2026-03-18 14:47:00,7.356437,11.24048,40.8,0.61
T07,GL-4592,2026-03-18 14:48:00,7.356548,11.24099,56.5,0.81
T07,GL-4592,2026-03-18 14:49:00,7.356564,11.240796,53.1,0.84
T07,GL-4592,2026-03-18 14:50:00,7.356726,11.240264,31.7,0.75
T07,GL-4592,2026-03-18 14:51:00,7.3562,11.240761,27.6,0.67
T07,GL-4592,2026-03-18 14:52:00,7.356491,11.240942,21.3,0.03
T07,GL-4592,2026-03-18 14:53:00,7.356421,11.241367,,0.67
T07,GL-4592,2026-03-18 14:54:00,7.356811,11.241153,16.8,0.54
T07,GL-4592,2026-03-18 14:55:00,7.357213,11.241317,35.6,0.58
T07,GL-4592,2026-03-18 14:56:00,7.356322,11.240918,22.7,0.37
T07,GL-4592,2026-03-18 14:57:00,7.356209,11.240767,23.2,0.57
T07,GL-4592,2026-03-18 14:58:00,7.356359,11.240961,39.9,0.27
T07,GL-4592,2026-03-18 14:59:00,7.356481,11.241176,44.9,0.65
T07,GL-4592,2026-03-18 15:00:00,7.356054,11.240964,47.5,0.79
T07,GL-4592,2026-03-18 15:01:00,7.356693,11.241173,20.6,0.78
T07,GL-4592,2026-03-18 15:02:00,7.356539,11.240879,20.4,0.15
T07,GL-4592,2026-03-18 15:03:00,7.356392,11.241453,50.9,0.88
T07,GL-4592,2026-03-18 15:04:00,7.356821,11.240505,24.2,0.8
T07,GL-4592,2026-03-18 15:05:00,7.357352,11.24076,57.2,5.08
T07,GL-4592,2026-03-18 15:06:00,7.357669,11.240596,28.0,4.73
T07,GL-4592,2026-03-18 15:07:00,7.358306,11.240288,32.9,4.82
T07,GL-4592,2026-03-18 15:08:00,7.358924,11.240272,,3.75
T07,GL-4592,2026-03-18 15:09:00,7.359629,11.240648,50.1,2.95
T07,GL-4592,2026-03-18 15:10:00,7.360244,11.239737,42.1,5.24
T07,GL-4592,2026-03-18 15:11:00,7.360854,11.239937,49.1,3.68
T07,GL-4592,2026-03-18 15:12:00,7.361058,11.239749,48.1,5.44
T07,GL-4592,2026-03-18 15:13:00,7.361976,11.239424,39.3,3.7
T07,GL-4592,2026-03-18 15:14:00,7.362358,11.23912,20.8,4.02
T07,GL-4592,2026-03-18 15:15:00,7.363431,11.239214,57.4,5.03
T07,GL-4592,2026-03-18 15:16:00,7.36371,11.238982,41.7,4.23
T07,GL-4592,2026-03-18 15:17:00,7.364571,11.238826,43.6,4.43
T07,GL-4592,2026-03-18 15:18:00,7.365036,11.238271,17.3,5.52
T07,GL-4592,2026-03-18 15:19:00,7.366208,11.238241,14.1,4.32
T07,GL-4592,2026-03-18 15:20:00,7.366508,11.23826,48.7,2.82
T07,GL-4592,2026-03-18 15:21:00,7.367217,11.237913,53.6,3.5
T07,GL-4592,2026-03-18 15:22:00,7.367505,11.237893,27.9,4.75
T07,GL-4592,2026-03-18 15:23:00,7.368371,11.237374,31.6,3.75
T07,GL-4592,2026-03-18 15:24:00,7.369186,11.237566,55.6,4.58
T07,GL-4592,2026-03-18 15:25:00,7.369686,11.237528,24.9,3.36
T07,GL-4592,2026-03-18 15:26:00,7.370472,11.237349,35.8,5.06
T07,GL-4592,2026-03-18 15:27:00,7.371056,11.237241,53.5,4.81
T07,GL-4592,2026-03-18 15:28:00,7.371122,11.236682,16.8,4.99
T07,GL-4592,2026-03-18 15:29:00,7.372071,11.23661,32.0,3.41
T07,GL-4592,2026-03-18 15:30:00,7.372236,11.236236,33.8,5.25
T07,GL-4592,2026-03-18 15:31:00,7.373333,11.236279,30.7,4.95
T07,GL-4592,2026-03-18 15:32:00,7.374037,11.235969,38.6,3.99
T07,GL-4592,2026-03-18 15:33:00,7.374384,11.23553,41.5,4.53
T07,GL-4592,2026-03-18 15:34:00,7.375185,11.235631,28.1,5.5
T07,GL-4592,2026-03-18 15:35:00,7.375656,11.234861,33.7,4.41
T07,GL-4592,2026-03-18 15:36:00,7.376536,11.235697,21.8,2.99
T07,GL-4592,2026-03-18 15:37:00,7.376772,11.235176,24.0,3.41
T07,GL-4592,2026-03-18 15:38:00,7.377738,11.23484,53.5,5.39
T07,GL-4592,2026-03-18 15:39:00,7.378148,11.23497,47.7,2.9
T07,GL-4592,2026-03-18 15:40:00,7.379037,11.234683,57.8,3.62
T07,GL-4592,2026-03-18 15:41:00,7.379781,11.234835,50.2,3.74
T07,GL-4592,2026-03-18 15:42:00,7.38013,11.23418,26.0,3.45
T07,GL-4592,2026-03-18 15:43:00,7.380909,11.233799,29.9,5.02
T07,GL-4592,2026-03-18 15:44:00,7.381453,11.233682,50.0,5.44
T07,GL-4592,2026-03-18 15:45:00,7.382168,11.233661,45.4,4.11
T07,GL-4592,2026-03-18 15:46:00,7.382863,11.233852,41.5,3.44
T07,GL-4592,2026-03-18 15:47:00,7.383614,11.233083,43.8,3.64
T07,GL-4592,2026-03-18 15:48:00,7.384222,11.232749,29.2,3.07
T07,GL-4592,2026-03-18 15:49:00,7.384608,11.232906,24.8,4.36
T07,GL-4592,2026-03-18 15:50:00,7.384783,11.233011,45.7,0.21
T07,GL-4592,2026-03-18 15:51:00,7.384642,11.233067,34.2,0.47
T07,GL-4592,2026-03-18 15:52:00,7.38515,11.233352,33.0,0.75
T07,GL-4592,2026-03-18 15:53:00,7.384393,11.233076,35.6,0.56
T07,GL-4592,2026-03-18 15:54:00,7.384589,11.232837,16.1,0.11
T07,GL-4592,2026-03-18 15:55:00,7.383959,11.233248,47.6,0.64
T07,GL-4592,2026-03-18 15:56:00,7.384712,11.232954,17.9,0.3
T07,GL-4592,2026-03-18 15:57:00,7.384179,11.232655,45.2,0.26
T07,GL-4592,2026-03-18 15:58:00,7.384481,11.233141,53.8,0.68
T07,GL-4592,2026-03-18 15:59:00,7.384602,11.233614,26.0,0.41
T07,GL-4592,2026-03-18 16:00:00,7.385278,11.233413,34.0,0.88
T07,GL-4592,2026-03-18 16:01:00,7.384925,11.232944,56.9,0.18
T07,GL-4592,2026-03-18 16:02:00,7.384949,11.233354,38.7,0.76
T07,GL-4592,2026-03-18 16:03:00,7.38474,11.23339,50.3,0.66
T07,GL-4592,2026-03-18 16:04:00,7.38426,11.233493,53.9,0.49
T07,GL-4592,2026-03-18 16:05:00,7.385269,11.232456,21.3,0.28
T07,GL-4592,2026-03-18 16:06:00,7.384793,11.232534,,3.39
T07,GL-4592,2026-03-18 16:07:00,7.385036,11.232059,20.2,4.35
T07,GL-4592,2026-03-18 16:08:00,7.385873,11.231241,42.2,4.71
T07,GL-4592,2026-03-18 16:09:00,7.386151,11.230072,20.4,3.93
T07,GL-4592,2026-03-18 16:10:00,7.386699,11.229966,31.8,4.59
T07,GL-4592,2026-03-18 16:11:00,7.38735,11.229646,32.6,3.79
T07,GL-4592,2026-03-18 16:12:00,7.387786,11.228635,57.8,5.15
T07,GL-4592,2026-03-18 16:13:00,7.388079,11.228154,31.5,4.02
T07,GL-4592,2026-03-18 16:14:00,7.388425,11.22741,19.4,4.15
T07,GL-4592,2026-03-18 16:15:00,7.388572,11.226765,37.0,2.9
T07,GL-4592,2026-03-18 16:16:00,7.389168,11.226314,20.3,4.32
T07,GL-4592,2026-03-18 16:17:00,7.389741,11.225605,47.7,5.45
T07,GL-4592,2026-03-18 16:18:00,7.390309,11.225356,46.0,3.94
T07,GL-4592,2026-03-18 16:19:00,7.390689,11.224539,25.9,5.02
T07,GL-4592,2026-03-18 16:20:00,7.390978,11.223702,52.0,5.33
T07,GL-4592,2026-03-18 16:21:00,7.391326,11.223085,38.2,5.33
T07,GL-4592,2026-03-18 16:22:00,7.39176,11.22239,50.0,3.25
T07,GL-4592,2026-03-18 16:23:00,7.392293,11.222129,47.0,4.43
T07,GL-4592,2026-03-18 16:24:00,7.392356,11.221282,48.6,4.14
T07,GL-4592,2026-03-18 16:25:00,7.392953,11.220794,26.5,4.41
T07,GL-4592,2026-03-18 16:26:00,7.393802,11.22023,47.8,2.84
T07,GL-4592,2026-03-18 16:27:00,7.394109,11.219559,50.6,3.35
T07,GL-4592,2026-03-18 16:28:00,7.394194,11.219257,55.7,3.88
T07,GL-4592,2026-03-18 16:29:00,7.394437,11.218079,56.6,3.11
T07,GL-4592,2026-03-18 16:30:00,7.395357,11.217623,47.5,4.33
T07,GL-4592,2026-03-18 16:31:00,7.395747,11.216468,28.5,4.03
T07,GL-4592,2026-03-18 16:32:00,7.39632,11.216084,23.0,4.2
T07,GL-4592,2026-03-18 16:33:00,7.396162,11.215616,28.2,3.09
T07,GL-4592,2026-03-18 16:34:00,7.397029,11.214845,20.8,4.3
T07,GL-4592,2026-03-18 16:35:00,7.397449,11.214693,51.4,4.68
T07,GL-4592,2026-03-18 16:36:00,7.397444,11.214423,47.6,3.51
T07,GL-4592,2026-03-18 16:37:00,7.397984,11.213534,51.7,3.69
T07,GL-4592,2026-03-18 16:38:00,7.39868,11.212338,58.0,4.61
T07,GL-4592,2026-03-18 16:39:00,7.398973,11.212033,36.7,3.75
T07,GL-4592,2026-03-18 16:40:00,7.399497,11.211705,36.5,4.72
T07,GL-4592,2026-03-18 16:41:00,7.399577,11.21089,47.1,5.32
T07,GL-4592,2026-03-18 16:42:00,7.400046,11.210114,,3.95
T07,GL-4592,2026-03-18 16:43:00,7.40092,11.209791,46.9,5.22
T07,GL-4592,2026-03-18 16:44:00,7.40131,11.209536,43.6,5.59
T07,GL-4592,2026-03-18 16:45:00,7.401171,11.208811,31.3,5.12
T07,GL-4592,2026-03-18 16:46:00,7.401912,11.207839,23.2,5.21
T07,GL-4592,2026-03-18 16:47:00,7.402531,11.207431,18.4,3.3
T07,GL-4592,2026-03-18 16:48:00,7.403462,11.206756,42.7,5.39
T07,GL-4592,2026-03-18 16:49:00,7.403191,11.205863,20.0,5.21
T07,GL-4592,2026-03-18 16:50:00,7.403944,11.205456,55.5,3.42
T07,GL-4592,2026-03-18 16:51:00,7.403951,11.20454,39.4,4.94
T07,GL-4592,2026-03-18 16:52:00,7.404505,11.203768,40.2,3.89
T07,GL-4592,2026-03-18 16:53:00,7.405101,11.203528,53.3,4.76
T07,GL-4592,2026-03-18 16:54:00,7.40578,11.202972,27.1,4.97
T07,GL-4592,2026-03-18 16:55:00,7.405794,11.202103,45.5,4.93
T07,GL-4592,2026-03-18 16:56:00,7.406261,11.20156,49.2,3.16
T07,GL-4592,2026-03-18 16:57:00,7.406673,11.20097,16.6,2.93
T07,GL-4592,2026-03-18 16:58:00,7.406941,11.200928,50.0,4.49
T07,GL-4592,2026-03-18 16:59:00,7.407266,11.200185,44.4,4.91
T07,GL-4592,2026-03-18 17:00:00,7.407663,11.19904,57.4,3.75
T07,GL-4592,2026-03-18 17:01:00,7.408053,11.198594,51.2,3.41
T07,GL-4592,2026-03-18 17:02:00,7.40862,11.198511,49.6,3.32
T07,GL-4592,2026-03-18 17:03:00,7.4094,11.197585,47.9,3.34
T07,GL-4592,2026-03-18 17:04:00,7.409559,11.196688,44.7,3.41
T07,GL-4592,2026-03-18 17:05:00,7.40997,11.196501,28.5,3.81
T07,GL-4592,2026-03-18 17:06:00,7.410392,11.195748,46.4,5.27
T07,GL-4592,2026-03-18 17:07:00,7.411026,11.195282,52.3,4.21
T07,GL-4592,2026-03-18 17:08:00,7.41133,11.194247,24.4,5.5
T07,GL-4592,2026-03-18 17:09:00,7.411848,11.193987,43.5,2.98
T07,GL-4592,2026-03-18 17:10:00,7.412371,11.192977,41.0,2.89
T07,GL-4592,2026-03-18 17:11:00,7.412505,11.192737,36.0,4.96
T07,GL-4592,2026-03-18 17:12:00,7.412903,11.192058,24.4,3.14
T07,GL-4592,2026-03-18 17:13:00,7.413556,11.191002,25.3,4.7
T07,GL-4592,2026-03-18 17:14:00,7.413839,11.190872,43.5,4.02
T07,GL-4592,2026-03-18 17:15:00,7.414271,11.189841,38.8,4.97
T07,GL-4592,2026-03-18 17:16:00,7.414636,11.189744,52.6,5.13
T07,GL-4592,2026-03-18 17:17:00,7.415244,11.188909,57.0,5.47
T07,GL-4592,2026-03-18 17:18:00,7.41519,11.188166,,3.33
T07,GL-4592,2026-03-18 17:19:00,7.41608,11.187186,45.1,5.09
T07,GL-4592,2026-03-18 17:20:00,7.41653,11.187027,16.3,3.46
T07,GL-4592,2026-03-18 17:21:00,7.417133,11.186244,56.6,4.85
T07,GL-4592,2026-03-18 17:22:00,7.417334,11.185699,14.1,4.39
T07,GL-4592,2026-03-18 17:23:00,7.417767,11.185037,57.9,5.13
T07,GL-4592,2026-03-18 17:24:00,7.4182,11.184668,21.6,5.04
T07,GL-4592,2026-03-18 17:25:00,7.418902,11.184005,14.9,4.41
T07,GL-4592,2026-03-18 17:26:00,7.418815,11.183446,15.4,4.27
T07,GL-4592,2026-03-18 17:27:00,7.419528,11.182755,44.8,4.75
T07,GL-4592,2026-03-18 17:28:00,7.419703,11.182157,21.4,5.16
T07,GL-4592,2026-03-18 17:29:00,7.420119,11.181611,38.7,5.28
T07,GL-4592,2026-03-18 17:30:00,7.420535,11.181048,35.4,2.81
T07,GL-4592,2026-03-18 17:31:00,7.421269,11.18031,56.4,4.56
T07,GL-4592,2026-03-18 17:32:00,7.421506,11.179452,25.6,3.9
T07,GL-4592,2026-03-18 17:33:00,7.421729,11.178869,22.3,3.86
T07,GL-4592,2026-03-18 17:34:00,7.422636,11.178444,53.5,3.29
T07,GL-4592,2026-03-18 17:35:00,7.422695,11.177691,42.9,5.04
T07,GL-4592,2026-03-18 17:36:00,7.423255,11.177527,26.4,2.98
T07,GL-4592,2026-03-18 17:37:00,7.423598,11.176524,44.4,4.9
T07,GL-4592,2026-03-18 17:38:00,7.424072,11.175988,26.3,4.56
T07,GL-4592,2026-03-18 17:39:00,7.424978,11.174986,57.2,4.15
T07,GL-4592,2026-03-18 17:40:00,7.424983,11.17459,52.4,2.88
T07,GL-4592,2026-03-18 17:41:00,7.42549,11.174215,56.5,5.48
T07,GL-4592,2026-03-18 17:42:00,7.425615,11.173965,32.2,4.98
T07,GL-4592,2026-03-18 17:43:00,7.42615,11.17317,,5.29
T07,GL-4592,2026-03-18 17:44:00,7.426677,11.17242,27.6,3.89
T07,GL-4592,2026-03-18 17:45:00,7.426937,11.1718,19.8,5.59
T07,GL-4592,2026-03-18 17:46:00,7.427643,11.170802,27.0,3.85
T07,GL-4592,2026-03-18 17:47:00,7.428027,11.170614,29.0,5.5
T07,GL-4592,2026-03-18 17:48:00,7.428124,11.170155,49.9,4.11
T07,GL-4592,2026-03-18 17:49:00,7.428601,11.16915,22.8,5.14
T07,GL-4592,2026-03-18 17:50:00,7.428942,11.168358,18.6,5.27
T07,GL-4592,2026-03-18 17:51:00,7.429836,11.167667,43.0,3.35
T07,GL-4592,2026-03-18 17:52:00,7.429966,11.16797,48.5,2.83
T07,GL-4592,2026-03-18 17:53:00,7.430545,11.166737,,3.05
T07,GL-4592,2026-03-18 17:54:00,7.430362,11.166295,,3.09
T07,GL-4592,2026-03-18 17:55:00,7.431206,11.165716,28.8,4.95
T07,GL-4592,2026-03-18 17:56:00,7.431774,11.165318,48.4,3.57
T07,GL-4592,2026-03-18 17:57:00,7.432082,11.164119,30.7,3.3
T07,GL-4592,2026-03-18 17:58:00,7.432502,11.163776,19.6,4.8
T07,GL-4592,2026-03-18 17:59:00,7.4331,11.163293,20.4,2.91
T07,GL-4592,2026-03-18 18:00:00,7.433286,11.162672,41.0,5.53
T07,GL-4592,2026-03-18 18:01:00,7.433878,11.162037,45.5,3.7
T07,GL-4592,2026-03-18 18:02:00,7.434055,11.161102,25.5,3.57
T07,GL-4592,2026-03-18 18:03:00,7.434445,11.16089,45.8,5.45
T07,GL-4592,2026-03-18 18:04:00,7.435136,11.160136,35.5,3.84
T07,GL-4592,2026-03-18 18:05:00,7.43569,11.159108,40.0,3.1
T07,GL-4592,2026-03-18 18:06:00,7.436512,11.158662,34.6,3.16
T07,GL-4592,2026-03-18 18:07:00,7.436322,11.158511,53.0,3.69
T07,GL-4592,2026-03-18 18:08:00,7.435976,11.158606,38.2,0.42
T07,GL-4592,2026-03-18 18:09:00,7.436649,11.157816,22.7,0.46
T07,GL-4592,2026-03-18 18:10:00,7.436285,11.158159,14.6,0.05
T07,GL-4592,2026-03-18 18:11:00,7.436067,11.158379,15.3,0.7
T07,GL-4592,2026-03-18 18:12:00,7.436336,11.157723,28.1,0.2
T07,GL-4592,2026-03-18 18:13:00,7.436471,11.157945,,0.21
T07,GL-4592,2026-03-18 18:14:00,7.436438,11.158364,39.9,0.23
T07,GL-4592,2026-03-18 18:15:00,7.436357,11.158189,40.3,0.86
T07,GL-4592,2026-03-18 18:16:00,7.43664,11.158166,24.0,0.44
T07,GL-4592,2026-03-18 18:17:00,7.436403,11.158025,19.6,0.31
T07,GL-4592,2026-03-18 18:18:00,7.436469,11.158358,51.9,0.27
T07,GL-4592,2026-03-18 18:19:00,7.436392,11.158361,,0.22
T07,GL-4592,2026-03-18 18:20:00,7.436045,11.157866,18.4,0.35
T07,GL-4592,2026-03-18 18:21:00,7.436344,11.158606,51.4,0.43
T07,GL-4592,2026-03-18 18:22:00,7.435903,11.157826,21.8,0.76
T07,GL-4592,2026-03-18 18:23:00,7.436329,11.158248,52.9,0.5
T07,GL-4592,2026-03-18 18:24:00,7.436611,11.157851,49.6,0.73
T07,GL-4592,2026-03-18 18:25:00,7.43662,11.15821,27.5,0.46
T07,GL-4592,2026-03-18 18:26:00,7.436761,11.157781,57.1,0.35
T07,GL-4592,2026-03-18 18:27:00,7.436289,11.158636,47.1,5.25
T07,GL-4592,2026-03-18 18:28:00,7.435843,11.159613,45.3,4.47
T07,GL-4592,2026-03-18 18:29:00,7.436555,11.159822,,4.37
T07,GL-4592,2026-03-18 18:30:00,7.436122,11.160789,14.3,3.76
T07,GL-4592,2026-03-18 18:31:00,7.435815,11.161228,58.0,2.95
T07,GL-4592,2026-03-18 18:32:00,7.435102,11.161402,27.8,5.36
T07,GL-4592,2026-03-18 18:33:00,7.435597,11.162135,41.8,3.06
T07,GL-4592,2026-03-18 18:34:00,7.435089,11.16291,,5.47
T07,GL-4592,2026-03-18 18:35:00,7.435553,11.163377,33.5,3.93
T07,GL-4592,2026-03-18 18:36:00,7.435336,11.164141,45.1,3.66
T07,GL-4592,2026-03-18 18:37:00,7.435139,11.164634,16.0,4.8
T07,GL-4592,2026-03-18 18:38:00,7.434845,11.165063,36.3,5.16
T07,GL-4592,2026-03-18 18:39:00,7.435118,11.165394,54.9,2.81
T07,GL-4592,2026-03-18 18:40:00,7.434934,11.166063,58.0,4.79
T07,GL-4592,2026-03-18 18:41:00,7.43466,11.166674,53.9,4.72
T07,GL-4592,2026-03-18 18:42:00,7.434628,11.167616,17.1,3.49
T07,GL-4592,2026-03-18 18:43:00,7.434174,11.167861,19.1,5.28
T07,GL-4592,2026-03-18 18:44:00,7.434542,11.168301,38.4,3.2
T07,GL-4592,2026-03-18 18:45:00,7.43412,11.169372,35.9,3.49
T07,GL-4592,2026-03-18 18:46:00,7.433903,11.169336,55.7,3.53
T07,GL-4592,2026-03-18 18:47:00,7.433693,11.170356,41.5,4.33
T07,GL-4592,2026-03-18 18:48:00,7.433826,11.170939,33.6,3.84
T07,GL-4592,2026-03-18 18:49:00,7.433601,11.171504,18.7,3.65
T07,GL-4592,2026-03-18 18:50:00,7.43381,11.172095,47.7,4.64
T07,GL-4592,2026-03-18 18:51:00,7.433545,11.172433,14.7,5.6
T07,GL-4592,2026-03-18 18:52:00,7.433441,11.172838,56.0,3.31
T07,GL-4592,2026-03-18 18:53:00,7.433365,11.173315,23.7,4.1
T07,GL-4592,2026-03-18 18:54:00,7.433184,11.173928,,5.48
T07,GL-4592,2026-03-18 18:55:00,7.433064,11.174919,15.8,5.2
T07,GL-4592,2026-03-18 18:56:00,7.432436,11.175282,20.7,5.12
T07,GL-4592,2026-03-18 18:57:00,7.432837,11.175615,36.0,5.16
T07,GL-4592,2026-03-18 18:58:00,7.432593,11.176187,34.4,5.01
T07,GL-4592,2026-03-18 18:59:00,7.432488,11.177206,28.3,4.94
T07,GL-4592,2026-03-18 19:00:00,7.43245,11.177663,28.1,2.91
T07,GL-4592,2026-03-18 19:01:00,7.432322,11.178294,29.5,4.86
T07,GL-4592,2026-03-18 19:02:00,7.43183,11.178707,21.7,5.53
T07,GL-4592,2026-03-18 19:03:00,7.432019,11.179299,36.2,3.62
T07,GL-4592,2026-03-18 19:04:00,7.432125,11.180161,36.8,4.52
T07,GL-4592,2026-03-18 19:05:00,7.431954,11.18026,37.3,4.75
T07,GL-4592,2026-03-18 19:06:00,7.432063,11.181167,57.2,3.0
T07,GL-4592,2026-03-18 19:07:00,7.431919,11.181523,53.1,4.37
T07,GL-4592,2026-03-18 19:08:00,7.431779,11.182347,19.3,3.5
T07,GL-4592,2026-03-18 19:09:00,7.431404,11.18246,50.3,5.34
T07,GL-4592,2026-03-18 19:10:00,7.431353,11.18299,31.5,4.6
T07,GL-4592,2026-03-18 19:11:00,7.431173,11.183876,41.3,3.87
T07,GL-4592,2026-03-18 19:12:00,7.431186,11.184614,36.6,3.11
T07,GL-4592,2026-03-18 19:13:00,7.431064,11.185185,34.0,4.99
T07,GL-4592,2026-03-18 19:14:00,7.430979,11.185409,39.6,4.37
T07,GL-4592,2026-03-18 19:15:00,7.430712,11.186421,45.4,2.9
T07,GL-4592,2026-03-18 19:16:00,7.43071,11.18654,20.9,3.25
T07,GL-4592,2026-03-18 19:17:00,7.430261,11.187031,50.5,3.43
T07,GL-4592,2026-03-18 19:18:00,7.430539,11.1879,15.1,3.61
T07,GL-4592,2026-03-18 19:19:00,7.430334,11.188453,22.9,3.45
T07,GL-4592,2026-03-18 19:20:00,7.430291,11.189168,28.8,2.96
T07,GL-4592,2026-03-18 19:21:00,7.430291,11.189567,27.4,5.56
T07,GL-4592,2026-03-18 19:22:00,7.430208,11.190009,,3.32
T07,GL-4592,2026-03-18 19:23:00,7.430157,11.190575,37.8,4.99
T07,GL-4592,2026-03-18 19:24:00,7.429435,11.191344,57.0,4.87
T07,GL-4592,2026-03-18 19:25:00,7.429686,11.191829,21.1,5.09
T07,GL-4592,2026-03-18 19:26:00,7.429522,11.192552,35.1,4.91
T07,GL-4592,2026-03-18 19:27:00,7.429186,11.19305,40.3,2.91
T07,GL-4592,2026-03-18 19:28:00,7.429661,11.193751,51.1,2.82
T07,GL-4592,2026-03-18 19:29:00,7.429277,11.19427,16.4,5.13
T07,GL-4592,2026-03-18 19:30:00,7.429131,11.194534,26.7,4.68
T07,GL-4592,2026-03-18 19:31:00,7.42883,11.195437,17.3,3.42
T07,GL-4592,2026-03-18 19:32:00,7.42904,11.196069,50.3,3.72
T07,GL-4592,2026-03-18 19:33:00,7.42893,11.19621,35.9,3.84
T07,GL-4592,2026-03-18 19:34:00,7.428794,11.196667,42.3,4.79
T07,GL-4592,2026-03-18 19:35:00,7.428557,11.197422,36.8,3.42
T07,GL-4592,2026-03-18 19:36:00,7.42866,11.197814,23.0,2.83
T07,GL-4592,2026-03-18 19:37:00,7.428261,11.198656,48.4,2.94
T07,GL-4592,2026-03-18 19:38:00,7.428175,11.199286,53.6,5.51
T07,GL-4592,2026-03-18 19:39:00,7.428148,11.199752,40.1,4.99
T07,GL-4592,2026-03-18 19:40:00,7.428045,11.200697,28.8,5.1
T07,GL-4592,2026-03-18 19:41:00,7.427981,11.20098,33.2,3.72
T07,GL-4592,2026-03-18 19:42:00,7.428053,11.200516,56.6,0.69
T07,GL-4592,2026-03-18 19:43:00,7.428078,11.200776,57.0,0.34
T07,GL-4592,2026-03-18 19:44:00,7.427959,11.20132,28.6,0.22
T07,GL-4592,2026-03-18 19:45:00,7.427768,11.200894,20.8,0.61
T07,GL-4592,2026-03-18 19:46:00,7.427931,11.20083,,0.85
T07,GL-4592,2026-03-18 19:47:00,7.427768,11.200915,34.3,0.77
T07,GL-4592,2026-03-18 19:48:00,7.427946,11.200916,36.4,0.69
T07,GL-4592,2026-03-18 19:49:00,7.427703,11.201141,47.7,0.8
T07,GL-4592,2026-03-18 19:50:00,7.428592,11.201704,25.6,0.19
T07,GL-4592,2026-03-18 19:51:00,7.427884,11.201155,36.0,0.06
T07,GL-4592,2026-03-18 19:52:00,7.428146,11.200923,38.6,0.05
T07,GL-4592,2026-03-18 19:53:00,7.428134,11.20095,27.6,0.54
T07,GL-4592,2026-03-18 19:54:00,7.428103,11.200874,50.2,0.28
T07,GL-4592,2026-03-18 19:55:00,7.427814,11.20077,56.9,0.68
T07,GL-4592,2026-03-18 19:56:00,7.428033,11.200612,21.9,0.86
T07,GL-4592,2026-03-18 19:57:00,7.427626,11.200888,20.5,0.87
T07,GL-4592,2026-03-18 19:58:00,7.427884,11.200269,24.8,0.75
T07,GL-4592,2026-03-18 19:59:00,7.427245,11.200987,57.2,0.16
T07,GL-4592,2026-03-18 20:00:00,7.428384,11.200701,57.2,0.87
T07,GL-4592,2026-03-18 20:01:00,7.427695,11.200632,18.9,0.25
T07,GL-4592,2026-03-18 20:02:00,7.427528,11.20116,40.5,0.76
T07,GL-4592,2026-03-18 20:03:00,7.428108,11.20083,25.4,0.21
T07,GL-4592,2026-03-18 20:04:00,7.427832,11.20115,42.2,0.12
T07,GL-4592,2026-03-18 20:05:00,7.428312,11.201052,24.7,0.16
T07,GL-4592,2026-03-18 20:06:00,7.427507,11.201024,39.1,0.57
T07,GL-4592,2026-03-18 20:07:00,7.427798,11.200705,29.4,0.12
T07,GL-4592,2026-03-18 20:08:00,7.4275,11.201354,27.0,0.42
T07,GL-4592,2026-03-18 20:09:00,7.427987,11.200852,26.0,0.48
T07,GL-4592,2026-03-18 20:10:00,7.427998,11.20159,48.8,0.4
T07,GL-4592,2026-03-18 20:11:00,7.42865,11.200925,22.8,2.89
T07,GL-4592,2026-03-18 20:12:00,7.429138,11.200925,24.6,5.03
T07,GL-4592,2026-03-18 20:13:00,7.429772,11.200364,44.3,4.46
T07,GL-4592,2026-03-18 20:14:00,7.429983,11.199982,48.3,4.91
T07,GL-4592,2026-03-18 20:15:00,7.43058,11.199543,18.6,5.16
T07,GL-4592,2026-03-18 20:16:00,7.431215,11.199363,29.3,4.83
T07,GL-4592,2026-03-18 20:17:00,7.431847,11.199406,47.4,4.56
T07,GL-4592,2026-03-18 20:18:00,7.432257,11.198933,43.3,2.99
T07,GL-4592,2026-03-18 20:19:00,7.432851,11.198744,39.1,5.39
T07,GL-4592,2026-03-18 20:20:00,7.433325,11.198314,17.5,3.57
T07,GL-4592,2026-03-18 20:21:00,7.433834,11.198394,48.0,2.87
T07,GL-4592,2026-03-18 20:22:00,7.435045,11.197974,29.4,4.93
T07,GL-4592,2026-03-18 20:23:00,7.435034,11.198042,20.0,4.61
T07,GL-4592,2026-03-18 20:24:00,7.435569,11.197497,40.1,3.93
T07,GL-4592,2026-03-18 20:25:00,7.436136,11.196869,27.4,3.07
T07,GL-4592,2026-03-18 20:26:00,7.436634,11.197416,40.2,4.72
T07,GL-4592,2026-03-18 20:27:00,7.437422,11.196219,17.0,2.92
T07,GL-4592,2026-03-18 20:28:00,7.437998,11.196435,23.7,3.27
T07,GL-4592,2026-03-18 20:29:00,7.43841,11.196251,39.6,3.87
T07,GL-4592,2026-03-18 20:30:00,7.439029,11.196094,33.8,4.88
T07,GL-4592,2026-03-18 20:31:00,7.439838,11.195824,22.4,3.27
T07,GL-4592,2026-03-18 20:32:00,7.440197,11.195172,45.5,4.98
T07,GL-4592,2026-03-18 20:33:00,7.44094,11.194869,38.9,4.48
T07,GL-4592,2026-03-18 20:34:00,7.44136,11.194984,34.0,2.95
T07,GL-4592,2026-03-18 20:35:00,7.442145,11.194248,24.3,3.65
T07,GL-4592,2026-03-18 20:36:00,7.442425,11.1946,28.2,3.09
T07,GL-4592,2026-03-18 20:37:00,7.442488,11.193857,50.0,3.02
T07,GL-4592,2026-03-18 20:38:00,7.443475,11.194373,26.4,2.96
T07,GL-4592,2026-03-18 20:39:00,7.444312,11.193447,18.6,3.58
T07,GL-4592,2026-03-18 20:40:00,7.444499,11.193336,47.9,3.25
T07,GL-4592,2026-03-18 20:41:00,7.445205,11.193526,38.7,4.15
T07,GL-4592,2026-03-18 20:42:00,7.445372,11.1931,46.3,5.17
T07,GL-4592,2026-03-18 20:43:00,7.446553,11.192512,25.8,4.16
T07,GL-4592,2026-03-18 20:44:00,7.447,11.192372,56.6,4.91
T07,GL-4592,2026-03-18 20:45:00,7.44711,11.192298,57.9,3.88
T07,GL-4592,2026-03-18 20:46:00,7.447778,11.192399,42.3,5.35
T07,GL-4592,2026-03-18 20:47:00,7.448742,11.191986,27.0,5.42
T07,GL-4592,2026-03-18 20:48:00,7.448966,11.191708,23.6,5.49
T07,GL-4592,2026-03-18 20:49:00,7.449771,11.191211,37.0,4.09
T07,GL-4592,2026-03-18 20:50:00,7.450171,11.190553,27.1,5.44
T07,GL-4592,2026-03-18 20:51:00,7.450502,11.190896,54.4,3.46
T07,GL-4592,2026-03-18 20:52:00,7.451313,11.191008,37.3,2.96
T07,GL-4592,2026-03-18 20:53:00,7.451938,11.190601,45.5,5.0
T07,GL-4592,2026-03-18 20:54:00,7.452261,11.19012,16.8,4.25
T07,GL-4592,2026-03-18 20:55:00,7.453104,11.189771,32.7,5.12
T07,GL-4592,2026-03-18 20:56:00,7.453835,11.189516,49.9,4.36
T07,GL-4592,2026-03-18 20:57:00,7.454423,11.189606,24.6,3.39
T07,GL-4592,2026-03-18 20:58:00,7.454877,11.189188,56.0,5.47
T07,GL-4592,2026-03-18 20:59:00,7.455555,11.188949,34.5,4.35
T07,GL-4592,2026-03-18 21:00:00,7.455373,11.188501,37.8,5.3
T07,GL-4592,2026-03-18 21:01:00,7.456089,11.188119,47.2,4.96
T07,GL-4592,2026-03-18 21:02:00,7.457106,11.18796,45.7,4.6
T07,GL-4592,2026-03-18 21:03:00,7.457142,11.187996,31.2,4.95
T07,GL-4592,2026-03-18 21:04:00,7.458278,11.187685,39.9,3.11
T07,GL-4592,2026-03-18 21:05:00,7.458733,11.187389,29.6,4.46
T07,GL-4592,2026-03-18 21:06:00,7.458765,11.187387,57.0,3.95
T07,GL-4592,2026-03-18 21:07:00,7.459672,11.187145,20.9,5.18
T07,GL-4592,2026-03-18 21:08:00,7.460618,11.186312,53.4,5.35
T07,GL-4592,2026-03-18 21:09:00,7.460905,11.186598,49.4,3.9
T07,GL-4592,2026-03-18 21:10:00,7.461852,11.186187,14.2,3.01
T07,GL-4592,2026-03-18 21:11:00,7.462352,11.18562,50.3,3.72
T07,GL-4592,2026-03-18 21:12:00,7.462811,11.185474,26.7,5.28
T07,GL-4592,2026-03-18 21:13:00,7.462951,11.185621,29.1,3.84
T07,GL-4592,2026-03-18 21:14:00,7.463779,11.18531,16.1,3.74
T07,GL-4592,2026-03-18 21:15:00,7.464091,11.185047,51.1,4.2
T07,GL-4592,2026-03-18 21:16:00,7.464626,11.184691,54.5,3.33
T07,GL-4592,2026-03-18 21:17:00,7.465085,11.184221,24.6,3.81
T07,GL-4592,2026-03-18 21:18:00,7.465821,11.184223,30.4,3.99
T07,GL-4592,2026-03-18 21:19:00,7.466581,11.184066,57.8,2.88
T07,GL-4592,2026-03-18 21:20:00,7.467182,11.18393,22.4,3.25
T07,GL-4592,2026-03-18 21:21:00,7.467639,11.183617,30.7,4.97
T07,GL-4592,2026-03-18 21:22:00,7.468126,11.182801,46.6,5.43
T07,GL-4592,2026-03-18 21:23:00,7.468776,11.182867,54.7,4.48
T07,GL-4592,2026-03-18 21:24:00,7.469243,11.182673,20.4,5.09
T07,GL-4592,2026-03-18 21:25:00,7.469981,11.182511,19.9,4.06
T07,GL-4592,2026-03-18 21:26:00,7.470338,11.182586,47.1,5.22
T07,GL-4592,2026-03-18 21:27:00,7.470672,11.181966,26.1,4.13
T07,GL-4592,2026-03-18 21:28:00,7.471598,11.181752,29.1,3.93
T07,GL-4592,2026-03-18 21:29:00,7.472074,11.181717,,4.94
T07,GL-4592,2026-03-18 21:30:00,7.472276,11.181212,26.2,2.81
T07,GL-4592,2026-03-18 21:31:00,7.473107,11.180868,40.0,4.42
T07,GL-4592,2026-03-18 21:32:00,7.473675,11.180316,47.6,4.02
T07,GL-4592,2026-03-18 21:33:00,7.474015,11.180953,52.1,3.39
T07,GL-4592,2026-03-18 21:34:00,7.474707,11.180731,33.1,4.02
T07,GL-4592,2026-03-18 21:35:00,7.475415,11.180413,43.3,3.92
T07,GL-4592,2026-03-18 21:36:00,7.475899,11.179876,48.3,3.4
T07,GL-4592,2026-03-18 21:37:00,7.476592,11.179631,16.7,2.88
T07,GL-4592,2026-03-18 21:38:00,7.477155,11.179406,19.2,5.57
T07,GL-4592,2026-03-18 21:39:00,7.477917,11.179337,56.5,3.18
T07,GL-4592,2026-03-18 21:40:00,7.477969,11.178648,,3.72
T07,GL-4592,2026-03-18 21:41:00,7.478204,11.17856,42.3,2.92
T07,GL-4592,2026-03-18 21:42:00,7.479012,11.177883,52.0,5.54
T07,GL-4592,2026-03-18 21:43:00,7.47949,11.17825,28.2,3.65
T07,GL-4592,2026-03-18 21:44:00,7.480154,11.177871,19.5,5.0
T07,GL-4592,2026-03-18 21:45:00,7.481176,11.177732,47.8,3.46
T07,GL-4592,2026-03-18 21:46:00,7.481518,11.17714,50.7,3.05
T07,GL-4592,2026-03-18 21:47:00,7.482117,11.177,45.2,4.02
T07,GL-4592,2026-03-18 21:48:00,7.482061,11.176898,24.7,3.75
T07,GL-4592,2026-03-18 21:49:00,7.483017,11.176394,44.4,5.02
T07,GL-4592,2026-03-18 21:50:00,7.48372,11.176217,18.0,5.05
T07,GL-4592,2026-03-18 21:51:00,7.484603,11.176245,40.3,3.53
T07,GL-4592,2026-03-18 21:52:00,7.484729,11.176026,24.3,5.31
T07,GL-4592,2026-03-18 21:53:00,7.484903,11.175904,52.4,4.48
T07,GL-4592,2026-03-18 21:54:00,7.486198,11.175598,40.8,2.81
T07,GL-4592,2026-03-18 21:55:00,7.48652,11.175038,16.5,5.47
T07,GL-4592,2026-03-18 21:56:00,7.487748,11.174809,27.6,4.64
T07,GL-4592,2026-03-18 21:57:00,7.487699,11.174758,33.9,4.35
T07,GL-4592,2026-03-18 21:58:00,7.488223,11.174648,17.7,4.31
T07,GL-4592,2026-03-18 21:59:00,7.488712,11.174313,48.6,5.39
T07,GL-4592,2026-03-18 22:00:00,7.489401,11.173949,57.4,3.83
T07,GL-4592,2026-03-18 22:01:00,7.489811,11.173608,15.3,5.0
T07,GL-4592,2026-03-18 22:02:00,7.490566,11.173224,30.2,4.88
T07,GL-4592,2026-03-18 22:03:00,7.491202,11.172909,50.9,5.29
T07,GL-4592,2026-03-18 22:04:00,7.491496,11.173042,14.7,2.98
T07,GL-4592,2026-03-18 22:05:00,7.491779,11.172749,35.9,5.55
T07,GL-4592,2026-03-18 22:06:00,7.493071,11.172416,46.0,5.53
T07,GL-4592,2026-03-18 22:07:00,7.493424,11.172595,43.3,5.47
T07,GL-4592,2026-03-18 22:08:00,7.493457,11.171804,18.6,5.24
T07,GL-4592,2026-03-18 22:09:00,7.493891,11.171867,55.2,3.51
T07,GL-4592,2026-03-18 22:10:00,7.494999,11.171634,26.7,5.43
T07,GL-4592,2026-03-18 22:11:00,7.495576,11.171062,54.5,5.45
T07,GL-4592,2026-03-18 22:12:00,7.495783,11.170472,28.5,2.93
T07,GL-4592,2026-03-18 22:13:00,7.496717,11.171046,47.2,5.39
T07,GL-4592,2026-03-18 22:14:00,7.496965,11.17075,15.0,3.92
T07,GL-4592,2026-03-18 22:15:00,7.497966,11.170334,19.5,3.91
T07,GL-4592,2026-03-18 22:16:00,7.49783,11.170096,48.9,4.0
T07,GL-4592,2026-03-18 22:17:00,7.498713,11.170202,55.9,2.84
T07,GL-4592,2026-03-18 22:18:00,7.499721,11.170032,49.6,3.4
T07,GL-4592,2026-03-18 22:19:00,7.50039,11.169245,27.8,4.69
T07,GL-4592,2026-03-18 22:20:00,7.500282,11.168812,54.2,3.71
T07,GL-4592,2026-03-18 22:21:00,7.501225,11.169015,37.6,4.94
T07,GL-4592,2026-03-18 22:22:00,7.501724,11.168877,17.5,5.45
T07,GL-4592,2026-03-18 22:23:00,7.501956,11.167859,56.0,4.35
T07,GL-4592,2026-03-18 22:24:00,7.502685,11.1682,32.2,4.37
T07,GL-4592,2026-03-18 22:25:00,7.503598,11.167863,35.9,3.26
T07,GL-4592,2026-03-18 22:26:00,7.504245,11.167638,16.3,4.27
T07,GL-4592,2026-03-18 22:27:00,7.504083,11.167469,19.5,3.48
T07,GL-4592,2026-03-18 22:28:00,7.505257,11.166901,23.5,4.72
T07,GL-4592,2026-03-18 22:29:00,7.50516,11.166479,48.6,5.25
T07,GL-4592,2026-03-18 22:30:00,7.505565,11.166327,23.2,5.54
T07,GL-4592,2026-03-18 22:31:00,7.507064,11.166349,39.9,3.22
T07,GL-4592,2026-03-18 22:32:00,7.50738,11.16641,30.5,2.93
T07,GL-4592,2026-03-18 22:33:00,7.507908,11.16576,,5.1
T07,GL-4592,2026-03-18 22:34:00,7.507798,11.165694,18.4,3.97
T07,GL-4592,2026-03-18 22:35:00,7.508551,11.165454,24.8,4.54
T07,GL-4592,2026-03-18 22:36:00,7.509686,11.16522,39.6,4.41
T07,GL-4592,2026-03-18 22:37:00,7.510086,11.165164,32.4,4.59
T07,GL-4592,2026-03-18 22:38:00,7.510146,11.16472,23.4,4.69
T07,GL-4592,2026-03-18 22:39:00,7.511454,11.164295,31.1,5.3
T07,GL-4592,2026-03-18 22:40:00,7.511413,11.16403,27.7,3.03
T07,GL-4592,2026-03-18 22:41:00,7.51196,11.163891,32.8,4.95
T07,GL-4592,2026-03-18 22:42:00,7.51274,11.163329,18.0,3.58
T07,GL-4592,2026-03-18 22:43:00,7.513262,11.163367,21.8,3.98
T07,GL-4592,2026-03-18 22:44:00,7.513523,11.162716,45.7,3.22
T07,GL-4592,2026-03-18 22:45:00,7.514378,11.162864,28.7,4.77
T07,GL-4592,2026-03-18 22:46:00,7.514658,11.162094,41.4,3.71
T07,GL-4592,2026-03-18 22:47:00,7.515343,11.162395,29.7,4.73
T07,GL-4592,2026-03-18 22:48:00,7.516008,11.161828,53.6,5.08
T07,GL-4592,2026-03-18 22:49:00,7.516632,11.162035,51.5,3.71
T07,GL-4592,2026-03-18 22:50:00,7.517613,11.161595,38.8,4.67
T07,GL-4592,2026-03-18 22:51:00,7.517949,11.161667,47.7,3.68
T07,GL-4592,2026-03-18 22:52:00,7.517995,11.160783,20.0,4.52
T07,GL-4592,2026-03-18 22:53:00,7.51911,11.160679,51.5,2.81
T07,GL-4592,2026-03-18 22:54:00,7.519364,11.160444,24.0,4.01
T07,GL-4592,2026-03-18 22:55:00,7.519901,11.160457,27.2,4.83
T07,GL-4592,2026-03-18 22:56:00,7.520738,11.160351,46.0,4.91
T07,GL-4592,2026-03-18 22:57:00,7.520937,11.159615,31.9,5.08
T07,GL-4592,2026-03-18 22:58:00,7.522094,11.159611,53.5,4.77
T07,GL-4592,2026-03-18 22:59:00,7.522707,11.159347,22.8,4.24
T07,GL-4592,2026-03-18 23:00:00,7.522959,11.158893,42.4,3.66
T07,GL-4592,2026-03-18 23:01:00,7.523694,11.159627,23.2,4.97
T07,GL-4592,2026-03-18 23:02:00,7.523849,11.158646,25.1,3.5
T07,GL-4592,2026-03-18 23:03:00,7.524678,11.158331,54.3,5.43
T07,GL-4592,2026-03-18 23:04:00,7.524753,11.158481,54.8,5.28
T07,GL-4592,2026-03-18 23:05:00,7.525611,11.157754,22.1,2.96
T07,GL-4592,2026-03-18 23:06:00,7.526209,11.157643,56.6,3.72
T07,GL-4592,2026-03-18 23:07:00,7.526729,11.157354,16.0,5.44
T07,GL-4592,2026-03-18 23:08:00,7.527129,11.157487,37.3,3.1
T07,GL-4592,2026-03-18 23:09:00,7.528006,11.157071,25.4,3.68
T07,GL-4592,2026-03-18 23:10:00,7.528179,11.156755,41.2,2.85
T07,GL-4592,2026-03-18 23:11:00,7.529022,11.156842,37.5,5.11
T07,GL-4592,2026-03-18 23:12:00,7.529483,11.156694,27.4,4.16
T07,GL-4592,2026-03-18 23:13:00,7.5299,11.156266,30.0,4.51
T07,GL-4592,2026-03-18 23:14:00,7.530262,11.156159,38.8,5.22
T07,GL-4592,2026-03-18 23:15:00,7.530704,11.155257,47.6,5.38
T07,GL-4592,2026-03-18 23:16:00,7.531833,11.155517,27.7,4.1
T07,GL-4592,2026-03-18 23:17:00,7.532375,11.154988,27.7,5.38
T07,GL-4592,2026-03-18 23:18:00,7.532645,11.154665,48.5,4.24
T07,GL-4592,2026-03-18 23:19:00,7.533646,11.154303,16.4,3.04
T07,GL-4592,2026-03-18 23:20:00,7.534213,11.154079,44.6,3.74
T07,GL-4592,2026-03-18 23:21:00,7.534324,11.154215,23.6,3.96
T07,GL-4592,2026-03-18 23:22:00,7.53458,11.153886,19.4,4.08
T07,GL-4592,2026-03-18 23:23:00,7.535616,11.153613,31.3,4.05
T07,GL-4592,2026-03-18 23:24:00,7.536339,11.153133,33.8,4.66
T07,GL-4592,2026-03-18 23:25:00,7.536612,11.153083,39.6,3.36
T07,GL-4592,2026-03-18 23:26:00,7.537785,11.152906,34.2,3.43
T07,GL-4592,2026-03-18 23:27:00,7.538418,11.152796,46.4,5.54
T07,GL-4592,2026-03-18 23:28:00,7.538654,11.152139,53.1,3.45
T07,GL-4592,2026-03-18 23:29:00,7.538644,11.152033,54.8,5.07
T07,GL-4592,2026-03-18 23:30:00,7.539392,11.151881,43.8,3.12
T07,GL-4592,2026-03-18 23:31:00,7.540468,11.151658,39.6,5.1
T07,GL-4592,2026-03-18 23:32:00,7.541478,11.15143,31.9,3.77
T07,GL-4592,2026-03-18 23:33:00,7.541192,11.150879,19.0,3.28
T07,GL-4592,2026-03-18 23:34:00,7.541629,11.151027,18.5,4.37
T07,GL-4592,2026-03-18 23:35:00,7.542267,11.150243,30.1,4.25
T07,GL-4592,2026-03-18 23:36:00,7.543041,11.150248,54.9,5.37
T07,GL-4592,2026-03-18 23:37:00,7.543183,11.150339,48.5,4.82
T07,GL-4592,2026-03-18 23:38:00,7.543694,11.14979,39.0,3.34
T07,GL-4592,2026-03-18 23:39:00,7.544369,11.149521,44.2,3.96
T07,GL-4592,2026-03-18 23:40:00,7.545228,11.149439,30.8,3.98
T07,GL-4592,2026-03-18 23:41:00,7.54523,11.149016,20.7,4.13
T07,GL-4592,2026-03-18 23:42:00,7.54607,11.148674,26.4,3.09
T07,GL-4592,2026-03-18 23:43:00,7.546641,11.148688,35.9,5.1
T07,GL-4592,2026-03-18 23:44:00,7.547371,11.148582,43.2,4.05
T07,GL-4592,2026-03-18 23:45:00,7.547934,11.147944,50.7,4.97
T07,GL-4592,2026-03-18 23:46:00,7.548452,11.147799,24.3,4.28
T07,GL-4592,2026-03-18 23:47:00,7.54895,11.147613,15.4,4.29
T07,GL-4592,2026-03-18 23:48:00,7.549181,11.147062,49.6,4.05
T07,GL-4592,2026-03-18 23:49:00,7.550297,11.147208,42.9,3.26
T07,GL-4592,2026-03-18 23:50:00,7.550641,11.147236,24.9,4.25
T07,GL-4592,2026-03-18 23:51:00,7.551402,11.146594,46.8,4.19
T07,GL-4592,2026-03-18 23:52:00,7.551583,11.146801,18.4,3.95
T07,GL-4592,2026-03-18 23:53:00,7.552505,11.14646,48.9,2.84
T07,GL-4592,2026-03-18 23:54:00,7.552593,11.146093,40.4,5.32
T07,GL-4592,2026-03-18 23:55:00,7.553285,11.145628,15.0,3.35
T07,GL-4592,2026-03-18 23:56:00,7.554103,11.145361,51.4,5.08
T07,GL-4592,2026-03-18 23:57:00,7.554665,11.145537,17.9,2.9
T07,GL-4592,2026-03-18 23:58:00,7.55485,11.145025,52.6,4.72
T07,GL-4592,2026-03-18 23:59:00,7.556058,11.14492,49.6,4.98
T07,GL-4592,2026-03-19 00:00:00,7.556412,11.144272,26.4,2.94
T07,GL-4592,2026-03-19 00:01:00,7.556973,11.144436,36.4,2.96
T07,GL-4592,2026-03-19 00:02:00,7.556839,11.143883,51.9,4.37
T07,GL-4592,2026-03-19 00:03:00,7.558135,11.143815,41.7,5.23
T07,GL-4592,2026-03-19 00:04:00,7.558651,11.143392,38.7,5.52
T07,GL-4592,2026-03-19 00:05:00,7.558708,11.142953,45.2,5.17
T07,GL-4592,2026-03-19 00:06:00,7.560164,11.142858,52.0,4.08
T07,GL-4592,2026-03-19 00:07:00,7.56023,11.142586,46.9,3.97
T07,GL-4592,2026-03-19 00:08:00,7.560743,11.142618,49.6,3.82
T07,GL-4592,2026-03-19 00:09:00,7.561714,11.1421,25.1,5.0
T07,GL-4592,2026-03-19 00:10:00,7.561969,11.14171,43.1,3.96
T07,GL-4592,2026-03-19 00:11:00,7.562292,11.142076,38.6,4.64
T07,GL-4592,2026-03-19 00:12:00,7.563387,11.141098,37.6,4.12
T07,GL-4592,2026-03-19 00:13:00,7.563911,11.141241,16.6,5.55
T07,GL-4592,2026-03-19 00:14:00,7.564026,11.140668,36.1,4.7
T07,GL-4592,2026-03-19 00:15:00,7.564983,11.140761,14.3,5.19
T07,GL-4592,2026-03-19 00:16:00,7.565084,11.140403,18.6,3.83
T07,GL-4592,2026-03-19 00:17:00,7.565547,11.140114,39.6,4.13
T07,GL-4592,2026-03-19 00:18:00,7.566516,11.139935,37.4,3.34
T07,GL-4592,2026-03-19 00:19:00,7.567323,11.139521,26.3,4.65
T07,GL-4592,2026-03-19 00:20:00,7.567192,11.139534,33.5,5.59
T07,GL-4592,2026-03-19 00:21:00,7.567813,11.139355,14.3,4.85
T07,GL-4592,2026-03-19 00:22:00,7.569083,11.139452,38.8,3.97
T07,GL-4592,2026-03-19 00:23:00,7.569404,11.138823,17.4,2.9
T07,GL-4592,2026-03-19 00:24:00,7.570092,11.138418,45.2,5.31
T07,GL-4592,2026-03-19 00:25:00,7.570083,11.138023,24.3,3.92
T07,GL-4592,2026-03-19 00:26:00,7.570995,11.137892,35.5,4.38
T07,GL-4592,2026-03-19 00:27:00,7.571236,11.137813,29.0,5.44
T07,GL-4592,2026-03-19 00:28:00,7.572257,11.137338,36.4,3.15
T07,GL-4592,2026-03-19 00:29:00,7.572104,11.137626,55.6,3.75
T07,GL-4592,2026-03-19 00:30:00,7.573376,11.137393,22.9,5.19
T07,GL-4592,2026-03-19 00:31:00,7.573631,11.137094,53.8,4.51
T07,GL-4592,2026-03-19 00:32:00,7.573901,11.136994,56.5,4.15
T07,GL-4592,2026-03-19 00:33:00,7.574638,11.136469,31.7,3.98
T07,GL-4592,2026-03-19 00:34:00,7.575379,11.136141,39.0,3.14
T07,GL-4592,2026-03-19 00:35:00,7.576164,11.136096,14.8,3.31
T07,GL-4592,2026-03-19 00:36:00,7.576524,11.135662,15.3,3.86
T07,GL-4592,2026-03-19 00:37:00,7.576999,11.135579,49.7,3.22
T07,GL-4592,2026-03-19 00:38:00,7.577135,11.135661,17.1,5.4
T07,GL-4592,2026-03-19 00:39:00,7.578166,11.134735,47.5,5.17
T07,GL-4592,2026-03-19 00:40:00,7.578701,11.134402,19.9,4.07
T07,GL-4592,2026-03-19 00:41:00,7.579261,11.134676,47.9,3.03
T07,GL-4592,2026-03-19 00:42:00,7.57973,11.134032,35.8,4.32
T07,GL-4592,2026-03-19 00:43:00,7.580601,11.133843,45.6,4.97
T07,GL-4592,2026-03-19 00:44:00,7.58083,11.133835,51.0,3.24
T07,GL-4592,2026-03-19 00:45:00,7.581243,11.133663,29.4,3.52
T07,GL-4592,2026-03-19 00:46:00,7.581407,11.13306,23.7,2.8
T07,GL-4592,2026-03-19 00:47:00,7.582489,11.133164,57.5,4.38
T07,GL-4592,2026-03-19 00:48:00,7.582987,11.132845,55.4,4.95
T07,GL-4592,2026-03-19 00:49:00,7.58388,11.132526,34.9,4.14
T07,GL-4592,2026-03-19 00:50:00,7.584128,11.132404,55.1,2.94
T07,GL-4592,2026-03-19 00:51:00,7.584312,11.132156,56.9,3.53
T07,GL-4592,2026-03-19 00:52:00,7.585093,11.131594,20.9,4.46
T07,GL-4592,2026-03-19 00:53:00,7.586301,11.131118,43.7,2.99
T07,GL-4592,2026-03-19 00:54:00,7.586155,11.131153,25.2,3.03
T07,GL-4592,2026-03-19 00:55:00,7.587017,11.130946,43.5,3.82
T07,GL-4592,2026-03-19 00:56:00,7.587408,11.130662,27.8,4.59
T07,GL-4592,2026-03-19 00:57:00,7.588401,11.13056,57.2,3.83
T07,GL-4592,2026-03-19 00:58:00,7.588669,11.130011,27.2,4.54
T07,GL-4592,2026-03-19 00:59:00,7.58892,11.129458,54.1,4.74
T07,GL-4592,2026-03-19 01:00:00,7.5898,11.12931,55.6,3.49
T07,GL-4592,2026-03-19 01:01:00,7.590502,11.129466,45.1,4.97
T07,GL-4592,2026-03-19 01:02:00,7.590933,11.129344,43.2,4.12
T07,GL-4592,2026-03-19 01:03:00,7.591434,11.129342,33.1,3.67
T07,GL-4592,2026-03-19 01:04:00,7.592485,11.129179,46.4,3.62
T07,GL-4592,2026-03-19 01:05:00,7.592635,11.1282,25.7,5.08
T07,GL-4592,2026-03-19 01:06:00,7.593018,11.128304,55.1,3.8
T07,GL-4592,2026-03-19 01:07:00,7.593516,11.128031,39.8,3.21
T07,GL-4592,2026-03-19 01:08:00,7.594527,11.127816,43.0,3.64
T07,GL-4592,2026-03-19 01:09:00,7.595012,11.12727,42.1,3.79
T07,GL-4592,2026-03-19 01:10:00,7.595538,11.127578,44.9,3.13
T07,GL-4592,2026-03-19 01:11:00,7.595716,11.126854,20.6,3.96
T07,GL-4592,2026-03-19 01:12:00,7.596304,11.126617,36.3,2.94
T07,GL-4592,2026-03-19 01:13:00,7.597175,11.126895,39.0,4.59
T07,GL-4592,2026-03-19 01:14:00,7.59744,11.126808,50.1,3.21
T07,GL-4592,2026-03-19 01:15:00,7.598096,11.125863,48.5,3.81
T07,GL-4592,2026-03-19 01:16:00,7.598607,11.125667,48.4,4.31
T07,GL-4592,2026-03-19 01:17:00,7.598729,11.125488,38.0,4.77
T07,GL-4592,2026-03-19 01:18:00,7.599964,11.125278,25.0,3.84
T07,GL-4592,2026-03-19 01:19:00,7.600217,11.125189,44.2,4.21
T07,GL-4592,2026-03-19 01:20:00,7.600845,11.124581,,4.99
T07,GL-4592,2026-03-19 01:21:00,7.601326,11.124564,44.0,3.91
T07,GL-4592,2026-03-19 01:22:00,7.60173,11.124303,23.8,4.73
T07,GL-4592,2026-03-19 01:23:00,7.602638,11.123743,19.9,2.93
T07,GL-4592,2026-03-19 01:24:00,7.603003,11.123633,30.3,2.99
T07,GL-4592,2026-03-19 01:25:00,7.603633,11.123708,18.0,3.93
T07,GL-4592,2026-03-19 01:26:00,7.603926,11.123597,55.2,3.55
T07,GL-4592,2026-03-19 01:27:00,7.604912,11.12328,29.0,5.48
T07,GL-4592,2026-03-19 01:28:00,7.605286,11.123142,25.9,5.54
T07,GL-4592,2026-03-19 01:29:00,7.605843,11.12264,38.2,4.75
T07,GL-4592,2026-03-19 01:30:00,7.6066,11.121915,46.4,3.73
T07,GL-4592,2026-03-19 01:31:00,7.607177,11.122084,32.6,3.35
T07,GL-4592,2026-03-19 01:32:00,7.607599,11.12233,20.8,3.11
T07,GL-4592,2026-03-19 01:33:00,7.608096,11.12182,43.8,5.32
T07,GL-4592,2026-03-19 01:34:00,7.608345,11.12139,20.5,3.54
T07,GL-4592,2026-03-19 01:35:00,7.609251,11.120661,17.2,2.95
T07,GL-4592,2026-03-19 01:36:00,7.610019,11.121023,39.8,5.16
T07,GL-4592,2026-03-19 01:37:00,7.610534,11.120573,17.9,3.33
T07,GL-4592,2026-03-19 01:38:00,7.611073,11.120598,44.8,3.29
T07,GL-4592,2026-03-19 01:39:00,7.611829,11.119852,25.9,5.44
T07,GL-4592,2026-03-19 01:40:00,7.611932,11.119755,31.8,3.54
T07,GL-4592,2026-03-19 01:41:00,7.612871,11.119941,38.5,4.1
T07,GL-4592,2026-03-19 01:42:00,7.613296,11.119694,35.3,3.83
T07,GL-4592,2026-03-19 01:43:00,7.613903,11.1191,,5.56
T07,GL-4592,2026-03-19 01:44:00,7.614421,11.11887,38.9,4.64
T07,GL-4592,2026-03-19 01:45:00,7.614559,11.119053,17.7,4.88
T07,GL-4592,2026-03-19 01:46:00,7.615447,11.118375,53.4,5.41
T07,GL-4592,2026-03-19 01:47:00,7.61567,11.118862,35.5,4.33
T07,GL-4592,2026-03-19 01:48:00,7.616608,11.117842,29.5,4.86
T07,GL-4592,2026-03-19 01:49:00,7.617412,11.11773,46.0,4.21
T07,GL-4592,2026-03-19 01:50:00,7.617597,11.117561,35.0,3.72
T07,GL-4592,2026-03-19 01:51:00,7.618368,11.117572,22.3,5.15
T07,GL-4592,2026-03-19 01:52:00,7.756936,11.116945,51.8,254.79
T07,GL-4592,2026-03-19 01:53:00,7.619388,11.116717,39.9,3.39
T07,GL-4592,2026-03-19 01:54:00,7.619745,11.11678,52.2,4.7
T07,GL-4592,2026-03-19 01:55:00,7.620394,11.116652,54.2,4.37
T07,GL-4592,2026-03-19 01:56:00,7.621226,11.115938,28.7,5.21
T07,GL-4592,2026-03-19 01:57:00,7.621429,11.115549,14.7,5.54
T07,GL-4592,2026-03-19 01:58:00,7.622048,11.115666,30.2,3.94
T07,GL-4592,2026-03-19 01:59:00,7.623001,11.115233,46.1,4.18
T07,GL-4592,2026-03-19 02:00:00,7.623299,11.115057,51.3,3.02
T07,GL-4592,2026-03-19 02:01:00,7.623871,11.114582,24.8,4.88
T07,GL-4592,2026-03-19 02:02:00,7.624414,11.11438,50.0,5.47
T07,GL-4592,2026-03-19 02:03:00,7.625015,11.114464,24.4,3.42
T07,GL-4592,2026-03-19 02:04:00,7.625234,11.113945,43.7,2.82
T07,GL-4592,2026-03-19 02:05:00,7.62591,11.113663,47.7,3.43
T07,GL-4592,2026-03-19 02:06:00,7.626467,11.113168,34.1,4.58
T07,GL-4592,2026-03-19 02:07:00,7.62693,11.113217,31.7,5.43
T07,GL-4592,2026-03-19 02:08:00,7.627953,11.113182,26.5,4.34
T07,GL-4592,2026-03-19 02:09:00,7.62851,11.112553,21.8,4.65
T07,GL-4592,2026-03-19 02:10:00,7.628713,11.112463,43.4,3.22
T07,GL-4592,2026-03-19 02:11:00,7.629225,11.112277,46.3,5.51
T07,GL-4592,2026-03-19 02:12:00,7.62981,11.112104,48.0,3.82
T07,GL-4592,2026-03-19 02:13:00,7.630746,11.111944,33.7,5.12
T07,GL-4592,2026-03-19 02:14:00,7.631035,11.111597,54.3,4.49
T07,GL-4592,2026-03-19 02:15:00,7.631347,11.111519,29.0,3.09
T07,GL-4592,2026-03-19 02:16:00,7.632532,11.110666,34.5,4.32
T07,GL-4592,2026-03-19 02:17:00,7.632671,11.110822,28.1,4.67
T07,GL-4592,2026-03-19 02:18:00,7.633191,11.110589,37.2,4.57
T07,GL-4592,2026-03-19 02:19:00,7.633918,11.110659,36.3,4.09
T07,GL-4592,2026-03-19 02:20:00,7.634389,11.110029,22.8,5.09
T07,GL-4592,2026-03-19 02:21:00,7.635079,11.109776,29.7,3.18
T07,GL-4592,2026-03-19 02:22:00,7.635668,11.109102,23.6,4.33
T07,GL-4592,2026-03-19 02:23:00,7.636048,11.109571,,5.22
T07,GL-4592,2026-03-19 02:24:00,7.63667,11.109162,56.1,3.35
T07,GL-4592,2026-03-19 02:25:00,7.637032,11.109316,31.3,3.51
T07,GL-4592,2026-03-19 02:26:00,7.637886,11.108493,55.1,4.5
T07,GL-4592,2026-03-19 02:27:00,7.638464,11.108616,32.0,2.92
T07,GL-4592,2026-03-19 02:28:00,7.639054,11.10781,30.3,4.85
T07,GL-4592,2026-03-19 02:29:00,7.639394,11.107883,50.8,3.73
T07,GL-4592,2026-03-19 02:30:00,7.640184,11.10805,21.3,3.15
T07,GL-4592,2026-03-19 02:31:00,7.640644,11.107341,42.7,4.08
T07,GL-4592,2026-03-19 02:32:00,7.641216,11.107173,28.6,4.4
T07,GL-4592,2026-03-19 02:33:00,7.641702,11.106525,36.5,4.83
T07,GL-4592,2026-03-19 02:34:00,7.641967,11.106689,54.1,5.38
T07,GL-4592,2026-03-19 02:35:00,7.642444,11.106543,25.5,3.5
T07,GL-4592,2026-03-19 02:36:00,7.643223,11.106372,23.3,5.21
T07,GL-4592,2026-03-19 02:37:00,7.643782,11.105973,42.7,5.41
T07,GL-4592,2026-03-19 02:38:00,7.644394,11.105409,51.4,3.82
T07,GL-4592,2026-03-19 02:39:00,7.645175,11.105381,42.3,4.2
T07,GL-4592,2026-03-19 02:40:00,7.645355,11.105128,41.7,3.25
T07,GL-4592,2026-03-19 02:41:00,7.646254,11.104562,44.3,4.71
T07,GL-4592,2026-03-19 02:42:00,7.647014,11.104828,24.3,4.03
T07,GL-4592,2026-03-19 02:43:00,7.64716,11.104393,47.8,4.32
T07,GL-4592,2026-03-19 02:44:00,7.647895,11.103635,34.3,2.82
T07,GL-4592,2026-03-19 02:45:00,7.648222,11.103795,32.8,2.8
T07,GL-4592,2026-03-19 02:46:00,7.648672,11.103786,45.2,3.97
T07,GL-4592,2026-03-19 02:47:00,7.649521,11.103329,50.8,3.31
T07,GL-4592,2026-03-19 02:48:00,7.649875,11.103274,29.6,3.34
T07,GL-4592,2026-03-19 02:49:00,7.650293,11.102865,36.2,4.56
T07,GL-4592,2026-03-19 02:50:00,7.65126,11.102368,23.8,3.7
T07,GL-4592,2026-03-19 02:51:00,7.651874,11.102428,40.3,4.63
T07,GL-4592,2026-03-19 02:52:00,7.652802,11.102494,16.4,5.08
T07,GL-4592,2026-03-19 02:53:00,7.652766,11.102009,34.3,4.07
T07,GL-4592,2026-03-19 02:54:00,7.653365,11.101963,21.1,4.57
T07,GL-4592,2026-03-19 02:55:00,7.653998,11.101538,14.7,3.09
T07,GL-4592,2026-03-19 02:56:00,7.654711,11.101149,32.5,4.57
T07,GL-4592,2026-03-19 02:57:00,7.655311,11.101057,46.3,3.36
T07,GL-4592,2026-03-19 02:58:00,7.655414,11.100438,26.9,4.68
T07,GL-4592,2026-03-19 02:59:00,7.656253,11.100675,33.4,3.81
T07,GL-4592,2026-03-19 03:00:00,7.65694,11.100192,41.4,5.52
T07,GL-4592,2026-03-19 03:01:00,7.657481,11.10022,26.1,5.16
T07,GL-4592,2026-03-19 03:02:00,7.657515,11.099741,55.1,3.7
T07,GL-4592,2026-03-19 03:03:00,7.658658,11.099358,16.8,3.71
T07,GL-4592,2026-03-19 03:04:00,7.658907,11.099306,18.6,4.44
T07,GL-4592,2026-03-19 03:05:00,7.659646,11.098955,50.8,4.45
T07,GL-4592,2026-03-19 03:06:00,7.659795,11.098916,32.3,2.91
T07,GL-4592,2026-03-19 03:07:00,7.660352,11.098241,57.9,2.94
T07,GL-4592,2026-03-19 03:08:00,7.661348,11.098339,37.4,5.47
T07,GL-4592,2026-03-19 03:09:00,7.661508,11.098298,52.5,3.67
T07,GL-4592,2026-03-19 03:10:00,7.662594,11.097838,48.0,4.18
T07,GL-4592,2026-03-19 03:11:00,7.66326,11.097854,41.3,5.42
T07,GL-4592,2026-03-19 03:12:00,7.663593,11.097165,40.8,3.27
T07,GL-4592,2026-03-19 03:13:00,7.664028,11.096794,22.1,3.85
T07,GL-4592,2026-03-19 03:14:00,7.664843,11.09738,52.0,3.8
T07,GL-4592,2026-03-19 03:15:00,7.66492,11.096416,19.9,5.5
T07,GL-4592,2026-03-19 03:16:00,7.665524,11.09606,54.7,5.44
T07,GL-4592,2026-03-19 03:17:00,7.666241,11.096163,38.3,4.53
T07,GL-4592,2026-03-19 03:18:00,7.6668,11.095912,28.4,5.37
T07,GL-4592,2026-03-19 03:19:00,7.667438,11.095609,42.8,3.23
T07,GL-4592,2026-03-19 03:20:00,7.667797,11.095796,56.8,3.3
T07,GL-4592,2026-03-19 03:21:00,7.668682,11.095186,30.4,3.47
T07,GL-4592,2026-03-19 03:22:00,7.668917,11.095044,57.3,4.97
T07,GL-4592,2026-03-19 03:23:00,7.669255,11.094772,15.5,5.17
T07,GL-4592,2026-03-19 03:24:00,7.670121,11.094265,26.9,3.07
T07,GL-4592,2026-03-19 03:25:00,7.670773,11.094381,41.9,2.91
T07,GL-4592,2026-03-19 03:26:00,7.671349,11.093735,37.3,4.64
T07,GL-4592,2026-03-19 03:27:00,7.671781,11.0934,22.9,3.05
T07,GL-4592,2026-03-19 03:28:00,7.672459,11.093206,17.3,5.48
T07,GL-4592,2026-03-19 03:29:00,7.673016,11.092802,16.5,4.51
T07,GL-4592,2026-03-19 03:30:00,7.673466,11.092866,29.2,5.41
T07,GL-4592,2026-03-19 03:31:00,7.673826,11.092557,24.2,4.04
T07,GL-4592,2026-03-19 03:32:00,7.674624,11.092648,25.3,2.98
T07,GL-4592,2026-03-19 03:33:00,7.675393,11.092364,24.7,3.18
T07,GL-4592,2026-03-19 03:34:00,7.675833,11.091658,55.4,3.84
T07,GL-4592,2026-03-19 03:35:00,7.676487,11.091879,36.6,5.1
T07,GL-4592,2026-03-19 03:36:00,7.676778,11.091736,17.8,3.05
T07,GL-4592,2026-03-19 03:37:00,7.677639,11.091083,45.4,3.27
T07,GL-4592,2026-03-19 03:38:00,7.67803,11.091026,15.1,3.89
T07,GL-4592,2026-03-19 03:39:00,7.678416,11.090861,53.1,3.76
T07,GL-4592,2026-03-19 03:40:00,7.678706,11.090369,15.0,4.96
T07,GL-4592,2026-03-19 03:41:00,7.679777,11.089947,33.7,5.13
T07,GL-4592,2026-03-19 03:42:00,7.679749,11.090005,27.4,4.25
T07,GL-4592,2026-03-19 03:43:00,7.681148,11.089716,47.5,4.97
T07,GL-4592,2026-03-19 03:44:00,7.681397,11.089469,15.4,2.92
T07,GL-4592,2026-03-19 03:45:00,7.68224,11.08973,25.6,5.38
T07,GL-4592,2026-03-19 03:46:00,7.682472,11.089378,33.7,3.42
T07,GL-4592,2026-03-19 03:47:00,7.683303,11.08898,19.3,4.48
T07,GL-4592,2026-03-19 03:48:00,7.683671,11.088356,24.4,5.13
T07,GL-4592,2026-03-19 03:49:00,7.684173,11.088778,40.1,3.53
T07,GL-4592,2026-03-19 03:50:00,7.68463,11.088093,17.9,5.17
T07,GL-4592,2026-03-19 03:51:00,7.685291,11.087369,44.8,3.8
T07,GL-4592,2026-03-19 03:52:00,7.685769,11.087505,21.8,5.23
T07,GL-4592,2026-03-19 03:53:00,7.686433,11.087366,34.1,4.33
T07,GL-4592,2026-03-19 03:54:00,7.686815,11.087128,43.9,5.34
T07,GL-4592,2026-03-19 03:55:00,7.687185,11.087035,56.3,4.65
T07,GL-4592,2026-03-19 03:56:00,7.688277,11.086489,47.3,2.98
T07,GL-4592,2026-03-19 03:57:00,7.688469,11.086322,14.8,4.33
T07,GL-4592,2026-03-19 03:58:00,7.689273,11.086165,16.5,4.62
T07,GL-4592,2026-03-19 03:59:00,7.689941,11.085909,45.8,3.99
T07,GL-4592,2026-03-19 04:00:00,7.690254,11.08548,54.6,4.44
T07,GL-4592,2026-03-19 04:01:00,7.690819,11.085579,36.9,4.1
T07,GL-4592,2026-03-19 04:02:00,7.691389,11.085165,19.1,4.63
T07,GL-4592,2026-03-19 04:03:00,7.692105,11.084911,27.6,5.54
T07,GL-4592,2026-03-19 04:04:00,7.692981,11.084302,41.0,5.32
T07,GL-4592,2026-03-19 04:05:00,7.692625,11.084361,16.1,3.38
T07,GL-4592,2026-03-19 04:06:00,7.693544,11.08404,20.5,2.91
T07,GL-4592,2026-03-19 04:07:00,7.694225,11.083924,47.7,3.39
T07,GL-4592,2026-03-19 04:08:00,7.694541,11.083845,52.2,4.53
T07,GL-4592,2026-03-19 04:09:00,7.695485,11.083144,46.3,2.9
T07,GL-4592,2026-03-19 04:10:00,7.695892,11.082887,15.8,3.47
T07,GL-4592,2026-03-19 04:11:00,7.696271,11.083088,30.5,5.08
T07,GL-4592,2026-03-19 04:12:00,7.696792,11.082548,33.8,5.26
T07,GL-4592,2026-03-19 04:13:00,7.697123,11.0822,56.1,5.09
T07,GL-4592,2026-03-19 04:14:00,7.698116,11.082006,45.2,5.58
T07,GL-4592,2026-03-19 04:15:00,7.698633,11.082036,16.7,4.92
T07,GL-4592,2026-03-19 04:16:00,7.699389,11.081867,40.5,3.75
T07,GL-4592,2026-03-19 04:17:00,7.699396,11.081248,33.4,5.45
T07,GL-4592,2026-03-19 04:18:00,7.70046,11.080867,43.3,2.9
T07,GL-4592,2026-03-19 04:19:00,7.700582,11.081024,47.4,5.19
T07,GL-4592,2026-03-19 04:20:00,7.701287,11.080505,52.9,4.42
T07,GL-4592,2026-03-19 04:21:00,7.702181,11.080476,21.3,5.18
T07,GL-4592,2026-03-19 04:22:00,7.702359,11.080149,30.9,5.0
T07,GL-4592,2026-03-19 04:23:00,7.703153,11.080351,14.7,3.48
T07,GL-4592,2026-03-19 04:24:00,7.703288,11.079708,21.8,5.48
T07,GL-4592,2026-03-19 04:25:00,7.703807,11.078789,21.6,2.98
T07,GL-4592,2026-03-19 04:26:00,7.704808,11.079089,48.0,3.82
T07,GL-4592,2026-03-19 04:27:00,7.705332,11.079211,22.0,3.17
T07,GL-4592,2026-03-19 04:28:00,7.706217,11.078297,21.2,5.02
T07,GL-4592,2026-03-19 04:29:00,7.706693,11.07843,38.9,4.83
T07,GL-4592,2026-03-19 04:30:00,7.707154,11.078189,45.8,3.05
T07,GL-4592,2026-03-19 04:31:00,7.707775,11.078139,15.8,3.38
T07,GL-4592,2026-03-19 04:32:00,7.708186,11.077417,47.2,4.03
T07,GL-4592,2026-03-19 04:33:00,7.708804,11.077566,27.2,3.55
T07,GL-4592,2026-03-19 04:34:00,7.709378,11.07701,40.7,4.2
T07,GL-4592,2026-03-19 04:35:00,7.71002,11.076906,29.3,3.42
T07,GL-4592,2026-03-19 04:36:00,7.710161,11.076678,14.7,4.72
T07,GL-4592,2026-03-19 04:37:00,7.710802,11.076111,21.9,2.85
T07,GL-4592,2026-03-19 04:38:00,7.711398,11.076198,35.3,2.97
T07,GL-4592,2026-03-19 04:39:00,7.711732,11.076428,14.6,5.56
T07,GL-4592,2026-03-19 04:40:00,7.712803,11.07573,27.8,4.48
T07,GL-4592,2026-03-19 04:41:00,7.713573,11.075581,48.4,3.53
T07,GL-4592,2026-03-19 04:42:00,7.713851,11.075477,47.1,5.19
T07,GL-4592,2026-03-19 04:43:00,7.713929,11.075042,38.5,3.94
T07,GL-4592,2026-03-19 04:44:00,7.714916,11.074824,35.5,3.96
T07,GL-4592,2026-03-19 04:45:00,7.715421,11.074338,50.5,3.08
T07,GL-4592,2026-03-19 04:46:00,7.715673,11.074084,47.5,5.34
T07,GL-4592,2026-03-19 04:47:00,7.716349,11.073865,14.1,3.79
T07,GL-4592,2026-03-19 04:48:00,7.717027,11.074095,45.5,4.05
T07,GL-4592,2026-03-19 04:49:00,7.717733,11.073698,30.6,4.38
T07,GL-4592,2026-03-19 04:50:00,7.71802,11.073168,56.9,4.94
T07,GL-4592,2026-03-19 04:51:00,7.71827,11.073178,,4.7
T07,GL-4592,2026-03-19 04:52:00,7.719625,11.073087,57.9,4.93
T07,GL-4592,2026-03-19 04:53:00,7.719478,11.073074,51.1,4.9
T07,GL-4592,2026-03-19 04:54:00,7.720366,11.072513,31.2,4.39
T07,GL-4592,2026-03-19 04:55:00,7.721083,11.072104,28.4,2.96
T07,GL-4592,2026-03-19 04:56:00,7.721513,11.071815,33.6,3.58
T07,GL-4592,2026-03-19 04:57:00,7.722398,11.071854,23.2,3.28
T07,GL-4592,2026-03-19 04:58:00,7.722396,11.071242,41.5,5.06
T07,GL-4592,2026-03-19 04:59:00,7.722631,11.071177,28.9,3.32
T07,GL-4592,2026-03-19 05:00:00,7.723569,11.071294,27.3,5.08
T07,GL-4592,2026-03-19 05:01:00,7.723843,11.070049,49.2,3.75
T07,GL-4592,2026-03-19 05:02:00,7.724972,11.070458,18.7,2.88
T07,GL-4592,2026-03-19 05:03:00,7.725649,11.070255,45.9,3.93
T07,GL-4592,2026-03-19 05:04:00,7.72597,11.069981,57.1,3.21
T07,GL-4592,2026-03-19 05:05:00,7.726515,11.069504,40.9,3.19
T07,GL-4592,2026-03-19 05:06:00,7.726976,11.069475,19.2,4.8
T07,GL-4592,2026-03-19 05:07:00,7.727935,11.069136,47.1,4.49
T07,GL-4592,2026-03-19 05:08:00,7.728068,11.068704,15.4,3.53
T07,GL-4592,2026-03-19 05:09:00,7.728539,11.06854,21.2,4.62
T07,GL-4592,2026-03-19 05:10:00,7.729552,11.068487,32.7,4.71
T07,GL-4592,2026-03-19 05:11:00,7.73005,11.068228,16.0,4.12
T07,GL-4592,2026-03-19 05:12:00,7.730836,11.06794,21.7,4.74
T07,GL-4592,2026-03-19 05:13:00,7.73092,11.067443,30.4,3.45
T07,GL-4592,2026-03-19 05:14:00,7.731475,11.067201,14.1,3.77
T07,GL-4592,2026-03-19 05:15:00,7.73194,11.067381,19.8,5.28
T07,GL-4592,2026-03-19 05:16:00,7.733123,11.066755,39.3,4.35
T07,GL-4592,2026-03-19 05:17:00,7.733203,11.066606,38.0,3.2
T07,GL-4592,2026-03-19 05:18:00,7.733871,11.066348,50.5,4.69
T07,GL-4592,2026-03-19 05:19:00,7.734146,11.066233,30.0,3.29
T07,GL-4592,2026-03-19 05:20:00,7.734596,11.066243,31.7,4.74
T07,GL-4592,2026-03-19 05:21:00,7.73547,11.065899,38.4,3.22
T07,GL-4592,2026-03-19 05:22:00,7.736065,11.065428,24.2,3.16
T07,GL-4592,2026-03-19 05:23:00,7.736345,11.065197,42.2,2.84
T07,GL-4592,2026-03-19 05:24:00,7.737247,11.064829,20.5,3.31
T07,GL-4592,2026-03-19 05:25:00,7.737764,11.064902,24.4,5.13
T07,GL-4592,2026-03-19 05:26:00,7.738234,11.064348,18.1,3.24
T07,GL-4592,2026-03-19 05:27:00,7.738732,11.064432,,3.05
T07,GL-4592,2026-03-19 05:28:00,7.7396,11.063979,38.1,4.53
T07,GL-4592,2026-03-19 05:29:00,7.740028,11.063959,24.3,3.21
T07,GL-4592,2026-03-19 05:30:00,7.740519,11.063315,37.2,4.55
T07,GL-4592,2026-03-19 05:31:00,7.741238,11.06346,50.3,5.52
T07,GL-4592,2026-03-19 05:32:00,7.741793,11.062795,45.8,3.46
T07,GL-4592,2026-03-19 05:33:00,7.742839,11.06296,48.7,3.24
T07,GL-4592,2026-03-19 05:34:00,7.742832,11.062483,45.7,3.3
T07,GL-4592,2026-03-19 05:35:00,7.743485,11.062547,22.8,3.15
T07,GL-4592,2026-03-19 05:36:00,7.74414,11.062186,50.7,4.41
T07,GL-4592,2026-03-19 05:37:00,7.744508,11.061936,23.8,4.48
T07,GL-4592,2026-03-19 05:38:00,7.74465,11.061317,57.4,4.22
T07,GL-4592,2026-03-19 05:39:00,7.745344,11.061357,45.8,3.32
T07,GL-4592,2026-03-19 05:40:00,7.74583,11.061296,29.2,5.2
T07,GL-4592,2026-03-19 05:41:00,7.746891,11.06075,27.2,5.53
T07,GL-4592,2026-03-19 05:42:00,7.747056,11.060542,57.0,4.31
T07,GL-4592,2026-03-19 05:43:00,7.747993,11.060135,36.4,3.63
T07,GL-4592,2026-03-19 05:44:00,7.748132,11.059839,30.6,4.83
T07,GL-4592,2026-03-19 05:45:00,7.748611,11.059945,28.3,3.14
T07,GL-4592,2026-03-19 05:46:00,7.749487,11.059811,16.9,3.71
T07,GL-4592,2026-03-19 05:47:00,7.749941,11.059021,14.9,4.25
T07,GL-4592,2026-03-19 05:48:00,7.750796,11.059424,,4.24
T07,GL-4592,2026-03-19 05:49:00,7.751324,11.058562,53.3,3.46
T07,GL-4592,2026-03-19 05:50:00,7.751793,11.058597,17.2,3.47
T07,GL-4592,2026-03-19 05:51:00,7.752406,11.058277,39.1,5.57
T07,GL-4592,2026-03-19 05:52:00,7.752668,11.058027,50.3,3.34
T07,GL-4592,2026-03-19 05:53:00,7.753172,11.058203,37.1,3.66
T07,GL-4592,2026-03-19 05:54:00,7.75386,11.05748,19.9,3.58
T07,GL-4592,2026-03-19 05:55:00,7.754498,11.057119,50.9,4.77
T07,GL-4592,2026-03-19 05:56:00,7.754962,11.057282,40.4,5.37
T07,GL-4592,2026-03-19 05:57:00,7.755535,11.056779,21.6,5.1
T07,GL-4592,2026-03-19 05:58:00,7.756178,11.056721,40.8,3.66
T07,GL-4592,2026-03-19 05:59:00,7.75642,11.05601,36.8,2.97
T07,GL-4592,2026-03-19 06:00:00,7.757675,11.055934,18.3,4.12
T07,GL-4592,2026-03-19 06:01:00,7.757604,11.056137,36.7,4.82
T07,GL-4592,2026-03-19 06:02:00,7.758298,11.055549,32.0,5.56
T07,GL-4592,2026-03-19 06:03:00,7.759039,11.055214,52.0,5.2
T07,GL-4592,2026-03-19 06:04:00,7.759436,11.055149,42.3,2.88
T07,GL-4592,2026-03-19 06:05:00,7.760126,11.054625,31.7,4.76
T07,GL-4592,2026-03-19 06:06:00,7.760775,11.05468,26.2,5.22
T07,GL-4592,2026-03-19 06:07:00,7.760627,11.054365,55.1,4.98
T07,GL-4592,2026-03-19 06:08:00,7.761553,11.054298,36.5,3.65
T07,GL-4592,2026-03-19 06:09:00,7.761811,11.054269,18.2,4.85
T07,GL-4592,2026-03-19 06:10:00,7.762671,11.053592,17.7,4.82
T07,GL-4592,2026-03-19 06:11:00,7.763396,11.053567,23.9,3.27
T07,GL-4592,2026-03-19 06:12:00,7.763865,11.053096,52.4,4.73
T07,GL-4592,2026-03-19 06:13:00,7.764397,11.052837,49.3,4.34
T07,GL-4592,2026-03-19 06:14:00,7.764925,11.0526,53.6,5.47
T07,GL-4592,2026-03-19 06:15:00,7.765508,11.052591,37.6,3.35
T07,GL-4592,2026-03-19 06:16:00,7.766109,11.052363,14.5,4.1
T07,GL-4592,2026-03-19 06:17:00,7.766632,11.052182,33.3,5.06
T07,GL-4592,2026-03-19 06:18:00,7.767351,11.051776,29.5,4.47
T07,GL-4592,2026-03-19 06:19:00,7.768281,11.051762,30.5,4.47
T07,GL-4592,2026-03-19 06:20:00,7.768359,11.051424,55.9,5.41
T07,GL-4592,2026-03-19 06:21:00,7.769151,11.050991,46.9,4.81
T07,GL-4592,2026-03-19 06:22:00,7.769826,11.050831,28.8,5.48
T07,GL-4592,2026-03-19 06:23:00,7.770483,11.050557,56.4,3.72
T07,GL-4592,2026-03-19 06:24:00,7.770446,11.04989,57.1,4.19
T07,GL-4592,2026-03-19 06:25:00,7.77115,11.04961,29.8,4.79
T07,GL-4592,2026-03-19 06:26:00,7.771504,11.049389,49.4,4.4
T07,GL-4592,2026-03-19 06:27:00,7.772026,11.049364,22.3,4.5
T07,GL-4592,2026-03-19 06:28:00,7.772928,11.049441,19.7,4.27
T07,GL-4592,2026-03-19 06:29:00,7.773293,11.049028,21.0,5.01
T07,GL-4592,2026-03-19 06:30:00,7.774105,11.048724,51.9,3.86
T07,GL-4592,2026-03-19 06:31:00,7.7742,11.048607,21.2,4.65
T07,GL-4592,2026-03-19 06:32:00,7.774759,11.048229,35.4,3.51
T07,GL-4592,2026-03-19 06:33:00,7.775808,11.048063,48.8,4.67
T07,GL-4592,2026-03-19 06:34:00,7.776234,11.047605,17.4,3.8
T07,GL-4592,2026-03-19 06:35:00,7.776685,11.047316,33.7,4.88
T07,GL-4592,2026-03-19 06:36:00,7.777502,11.047479,21.7,4.39
T07,GL-4592,2026-03-19 06:37:00,7.777381,11.047182,,3.76
T07,GL-4592,2026-03-19 06:38:00,7.778815,11.046475,14.5,4.72
T07,GL-4592,2026-03-19 06:39:00,7.779127,11.046622,39.1,4.43
T07,GL-4592,2026-03-19 06:40:00,7.779544,11.046314,56.0,4.16
T07,GL-4592,2026-03-19 06:41:00,7.780381,11.046245,27.9,5.31
T07,GL-4592,2026-03-19 06:42:00,7.781,11.046017,20.6,5.49
T07,GL-4592,2026-03-19 06:43:00,7.780978,11.045462,30.1,4.39
T07,GL-4592,2026-03-19 06:44:00,7.781997,11.045274,15.3,4.94
T07,GL-4592,2026-03-19 06:45:00,7.782529,11.044994,14.2,3.16
T07,GL-4592,2026-03-19 06:46:00,7.782837,11.04499,25.6,3.6
T07,GL-4592,2026-03-19 06:47:00,7.783656,11.044798,24.2,4.96
T07,GL-4592,2026-03-19 06:48:00,7.784186,11.04426,45.6,4.83
T07,GL-4592,2026-03-19 06:49:00,7.784804,11.043823,44.4,5.57
T07,GL-4592,2026-03-19 06:50:00,7.78492,11.043662,,3.59
T07,GL-4592,2026-03-19 06:51:00,7.785508,11.043148,35.5,3.8
T07,GL-4592,2026-03-19 06:52:00,7.786501,11.043145,21.5,4.95
T07,GL-4592,2026-03-19 06:53:00,7.787258,11.043301,35.9,4.09
T07,GL-4592,2026-03-19 06:54:00,7.787435,11.043108,52.5,2.97
T07,GL-4592,2026-03-19 06:55:00,7.787982,11.042342,27.6,5.14
T07,GL-4592,2026-03-19 06:56:00,7.788464,11.042382,14.8,3.98
T07,GL-4592,2026-03-19 06:57:00,7.789109,11.04194,50.6,3.12
T07,GL-4592,2026-03-19 06:58:00,7.789394,11.042268,53.1,2.98
T07,GL-4592,2026-03-19 06:59:00,7.790324,11.041391,38.6,3.64
T07,GL-4592,2026-03-19 07:00:00,7.790342,11.041521,17.8,3.16
T07,GL-4592,2026-03-19 07:01:00,7.790656,11.041129,44.1,5.13
T07,GL-4592,2026-03-19 07:02:00,7.791906,11.041084,20.2,3.87
T07,GL-4592,2026-03-19 07:03:00,7.791949,11.041037,18.1,4.0
T07,GL-4592,2026-03-19 07:04:00,7.793163,11.040495,36.1,4.36
T07,GL-4592,2026-03-19 07:05:00,7.793509,11.040501,17.3,4.96
T07,GL-4592,2026-03-19 07:06:00,7.794378,11.039909,32.3,3.19
T07,GL-4592,2026-03-19 07:07:00,7.795059,11.040061,18.0,5.04
T07,GL-4592,2026-03-19 07:08:00,7.795329,11.039556,,3.0
T07,GL-4592,2026-03-19 07:09:00,7.7959,11.039025,32.2,3.66
T07,GL-4592,2026-03-19 07:10:00,7.796738,11.039276,23.5,5.27
T07,GL-4592,2026-03-19 07:11:00,7.796898,11.038867,19.5,3.15
T07,GL-4592,2026-03-19 07:12:00,7.797617,11.038509,39.9,5.13
T07,GL-4592,2026-03-19 07:13:00,7.798468,11.038608,53.7,4.39
T07,GL-4592,2026-03-19 07:14:00,7.798353,11.037945,35.9,5.05
T07,GL-4592,2026-03-19 07:15:00,7.798815,11.037882,30.1,4.38
T07,GL-4592,2026-03-19 07:16:00,7.799629,11.037415,25.9,5.55
T07,GL-4592,2026-03-19 07:17:00,7.800093,11.037278,26.3,5.13
T07,GL-4592,2026-03-19 07:18:00,7.800885,11.03719,51.2,5.42
T07,GL-4592,2026-03-19 07:19:00,7.801363,11.036769,19.1,3.24
T07,GL-4592,2026-03-19 07:20:00,7.802279,11.036388,57.8,4.88
T07,GL-4592,2026-03-19 07:21:00,7.802636,11.036396,19.9,5.31
T07,GL-4592,2026-03-19 07:22:00,7.80303,11.036111,23.9,3.04
T07,GL-4592,2026-03-19 07:23:00,7.803593,11.035962,33.7,5.21
T07,GL-4592,2026-03-19 07:24:00,7.804401,11.035509,18.4,3.71
T07,GL-4592,2026-03-19 07:25:00,7.805014,11.035622,37.8,5.24
T07,GL-4592,2026-03-19 07:26:00,7.805764,11.035204,,3.76
T07,GL-4592,2026-03-19 07:27:00,7.805635,11.034406,15.0,4.95
T07,GL-4592,2026-03-19 07:28:00,7.806182,11.034663,56.9,3.28
T07,GL-4592,2026-03-19 07:29:00,7.806508,11.034186,36.2,2.9
T07,GL-4592,2026-03-19 07:30:00,7.807881,11.033564,53.9,5.32
T07,GL-4592,2026-03-19 07:31:00,7.808139,11.034313,15.3,5.57
T07,GL-4592,2026-03-19 07:32:00,7.808935,11.033495,39.8,3.51
T07,GL-4592,2026-03-19 07:33:00,7.809417,11.033567,20.8,4.7
T07,GL-4592,2026-03-19 07:34:00,7.8098,11.033046,30.9,3.44
T07,GL-4592,2026-03-19 07:35:00,7.810754,11.0326,48.7,2.87
T07,GL-4592,2026-03-19 07:36:00,7.811157,11.03296,26.3,4.29
T07,GL-4592,2026-03-19 07:37:00,7.811534,11.032861,56.1,5.54
T07,GL-4592,2026-03-19 07:38:00,7.811678,11.032262,,4.89
T07,GL-4592,2026-03-19 07:39:00,7.812429,11.031827,18.5,4.2
T07,GL-4592,2026-03-19 07:40:00,7.813199,11.031735,29.8,4.72
T07,GL-4592,2026-03-19 07:41:00,7.813736,11.03119,47.4,4.5
T07,GL-4592,2026-03-19 07:42:00,7.813924,11.031461,27.2,5.0
T07,GL-4592,2026-03-19 07:43:00,7.814779,11.030859,30.8,3.73
T07,GL-4592,2026-03-19 07:44:00,7.815264,11.030821,31.9,3.03
T07,GL-4592,2026-03-19 07:45:00,7.815933,11.030424,44.8,3.04
T07,GL-4592,2026-03-19 07:46:00,7.816533,11.029944,24.9,3.12
T07,GL-4592,2026-03-19 07:47:00,7.816785,11.029645,21.0,3.24
T07,GL-4592,2026-03-19 07:48:00,7.817908,11.029401,32.9,5.4
T07,GL-4592,2026-03-19 07:49:00,7.817909,11.029272,34.7,2.82
T07,GL-4592,2026-03-19 07:50:00,7.81862,11.028988,16.0,4.98
T07,GL-4592,2026-03-19 07:51:00,7.819378,11.028993,36.6,4.31
T07,GL-4592,2026-03-19 07:52:00,7.819901,11.028736,26.0,5.02
T07,GL-4592,2026-03-19 07:53:00,7.82006,11.028258,55.1,5.26
T07,GL-4592,2026-03-19 07:54:00,7.820786,11.028231,26.1,2.97
T07,GL-4592,2026-03-19 07:55:00,7.821146,11.028085,29.6,5.54
T07,GL-4592,2026-03-19 07:56:00,7.821749,11.027871,23.4,5.4
T07,GL-4592,2026-03-19 07:57:00,7.822429,11.02707,52.8,3.3
T07,GL-4592,2026-03-19 07:58:00,7.823231,11.026769,17.6,4.43
T07,GL-4592,2026-03-19 07:59:00,7.823322,11.026871,48.7,4.11
T07,GL-4592,2026-03-19 08:00:00,7.824188,11.026529,15.4,3.76
T07,GL-4592,2026-03-19 08:01:00,7.825117,11.026163,52.6,4.32
T07,GL-4592,2026-03-19 08:02:00,7.825195,11.026017,20.4,2.91
T07,GL-4592,2026-03-19 08:03:00,7.82615,11.026052,,5.23
T07,GL-4592,2026-03-19 08:04:00,7.826715,11.025648,33.0,2.88
T07,GL-4592,2026-03-19 08:05:00,7.82693,11.025908,52.2,4.47
T07,GL-4592,2026-03-19 08:06:00,7.827387,11.024927,34.8,5.48
T07,GL-4592,2026-03-19 08:07:00,7.828076,11.024484,25.7,4.61
T07,GL-4592,2026-03-19 08:08:00,7.828897,11.02516,23.9,3.63
T07,GL-4592,2026-03-19 08:09:00,7.829448,11.024234,51.9,5.43
T07,GL-4592,2026-03-19 08:10:00,7.830106,11.024351,16.1,3.41
T07,GL-4592,2026-03-19 08:11:00,7.830511,11.024091,40.1,3.16
T07,GL-4592,2026-03-19 08:12:00,7.831095,11.023854,45.2,5.17
T07,GL-4592,2026-03-19 08:13:00,7.831379,11.023499,48.1,5.28
T07,GL-4592,2026-03-19 08:14:00,7.832075,11.023154,42.6,3.47
T07,GL-4592,2026-03-19 08:15:00,7.832439,11.022971,27.6,5.16
T07,GL-4592,2026-03-19 08:16:00,7.832999,11.022196,47.6,3.8
T07,GL-4592,2026-03-19 08:17:00,7.834089,11.022584,54.0,3.77
T07,GL-4592,2026-03-19 08:18:00,7.834671,11.022006,40.6,3.68
T07,GL-4592,2026-03-19 08:19:00,7.835264,11.022316,14.1,3.54
T07,GL-4592,2026-03-19 08:20:00,7.835143,11.021929,43.7,3.33
T07,GL-4592,2026-03-19 08:21:00,7.835919,11.021623,27.4,3.06
T07,GL-4592,2026-03-19 08:22:00,7.836455,11.02138,19.5,3.15
T07,GL-4592,2026-03-19 08:23:00,7.837366,11.020401,49.5,4.05
T07,GL-4592,2026-03-19 08:24:00,7.83799,11.021008,32.0,3.78
T07,GL-4592,2026-03-19 08:25:00,7.838229,11.020259,31.5,3.48
T07,GL-4592,2026-03-19 08:26:00,7.838507,11.020498,28.0,4.51
T07,GL-4592,2026-03-19 08:27:00,7.839358,11.019551,53.7,5.09
T07,GL-4592,2026-03-19 08:28:00,7.840174,11.019508,16.1,3.62
T07,GL-4592,2026-03-19 08:29:00,7.840295,11.019655,37.7,5.11
T07,GL-4592,2026-03-19 08:30:00,7.840925,11.019041,54.8,4.56
T07,GL-4592,2026-03-19 08:31:00,7.84188,11.019123,41.3,4.59
T07,GL-4592,2026-03-19 08:32:00,7.842144,11.019043,35.0,3.68
T07,GL-4592,2026-03-19 08:33:00,7.842655,11.018638,26.7,4.39
T07,GL-4592,2026-03-19 08:34:00,7.843386,11.018166,50.1,5.0
T07,GL-4592,2026-03-19 08:35:00,7.843685,11.018347,57.1,3.64
T07,GL-4592,2026-03-19 08:36:00,7.844186,11.017627,52.4,4.83
T07,GL-4592,2026-03-19 08:37:00,7.844439,11.017468,52.3,3.06
T07,GL-4592,2026-03-19 08:38:00,7.845059,11.017469,28.4,5.13
T07,GL-4592,2026-03-19 08:39:00,7.845845,11.016635,18.1,5.32
T07,GL-4592,2026-03-19 08:40:00,7.846151,11.01691,27.0,4.04
T07,GL-4592,2026-03-19 08:41:00,7.846967,11.016675,25.2,3.84
T07,GL-4592,2026-03-19 08:42:00,7.847558,11.016109,30.0,3.07
T07,GL-4592,2026-03-19 08:43:00,7.848202,11.016317,50.5,4.47
T07,GL-4592,2026-03-19 08:44:00,7.8488,11.015729,29.8,4.65
T07,GL-4592,2026-03-19 08:45:00,7.849565,11.015888,33.3,4.18
T07,GL-4592,2026-03-19 08:46:00,7.849837,11.01557,25.0,3.14
T07,GL-4592,2026-03-19 08:47:00,7.850427,11.01551,37.3,3.17
T07,GL-4592,2026-03-19 08:48:00,7.850961,11.014437,30.3,4.33
T07,GL-4592,2026-03-19 08:49:00,7.85188,11.01465,55.8,3.62
T07,GL-4592,2026-03-19 08:50:00,7.852045,11.01453,32.9,3.4
T07,GL-4592,2026-03-19 08:51:00,7.852449,11.014044,33.2,3.27
T07,GL-4592,2026-03-19 08:52:00,7.852836,11.013838,22.0,3.74
T07,GL-4592,2026-03-19 08:53:00,7.853729,11.013759,23.5,4.8
T07,GL-4592,2026-03-19 08:54:00,7.854214,11.013058,44.9,4.86
T07,GL-4592,2026-03-19 08:55:00,7.855419,11.013163,45.0,2.93
T07,GL-4592,2026-03-19 08:56:00,7.855753,11.012825,54.4,4.37
T07,GL-4592,2026-03-19 08:57:00,7.855986,11.012581,24.7,4.78
T07,GL-4592,2026-03-19 08:58:00,7.856889,11.012595,15.0,4.81
T07,GL-4592,2026-03-19 08:59:00,7.857479,11.012322,20.3,5.46
T07,GL-4592,2026-03-19 09:00:00,7.857514,11.011935,38.4,3.32
T07,GL-4592,2026-03-19 09:01:00,7.858362,11.012103,49.9,5.37
T07,GL-4592,2026-03-19 09:02:00,7.85911,11.011209,52.6,4.24
T07,GL-4592,2026-03-19 09:03:00,7.859492,11.011092,17.4,4.94
T07,GL-4592,2026-03-19 09:04:00,7.860013,11.010951,54.1,3.73
T07,GL-4592,2026-03-19 09:05:00,7.860559,11.010728,42.2,5.28
T07,GL-4592,2026-03-19 09:06:00,7.861235,11.010453,53.9,4.58
T07,GL-4592,2026-03-19 09:07:00,7.861368,11.010369,23.8,2.9
T07,GL-4592,2026-03-19 09:08:00,7.861948,11.010228,15.1,5.58
T07,GL-4592,2026-03-19 09:09:00,7.863015,11.009564,40.9,4.68
T07,GL-4592,2026-03-19 09:10:00,7.863605,11.009728,57.1,3.16
T07,GL-4592,2026-03-19 09:11:00,7.864101,11.00923,43.6,4.55
T07,GL-4592,2026-03-19 09:12:00,7.864458,11.009259,28.5,5.28
T07,GL-4592,2026-03-19 09:13:00,7.86481,11.009104,48.6,2.87
T07,GL-4592,2026-03-19 09:14:00,7.865277,11.008189,24.4,3.52
T07,GL-4592,2026-03-19 09:15:00,7.866167,11.007814,49.8,3.48
T07,GL-4592,2026-03-19 09:16:00,7.866217,11.008229,16.7,4.09
T07,GL-4592,2026-03-19 09:17:00,7.866949,11.007567,53.6,5.27
T07,GL-4592,2026-03-19 09:18:00,7.868257,11.00761,26.1,3.95
T07,GL-4592,2026-03-19 09:19:00,7.867824,11.007221,22.2,4.31
T07,GL-4592,2026-03-19 09:20:00,7.868982,11.007134,21.3,3.11
T07,GL-4592,2026-03-19 09:21:00,7.869315,11.007051,49.9,5.05
T07,GL-4592,2026-03-19 09:22:00,7.870011,11.006709,35.9,4.2
T07,GL-4592,2026-03-19 09:23:00,7.870788,11.00606,17.8,3.49
T07,GL-4592,2026-03-19 09:24:00,7.87098,11.006034,24.7,5.37
T07,GL-4592,2026-03-19 09:25:00,7.871302,11.005635,42.6,4.64
T07,GL-4592,2026-03-19 09:26:00,7.872061,11.005723,43.1,4.69
T07,GL-4592,2026-03-19 09:27:00,7.873141,11.005396,56.7,5.58
T07,GL-4592,2026-03-19 09:28:00,7.873263,11.004846,17.5,5.12
T07,GL-4592,2026-03-19 09:29:00,7.873686,11.004792,18.5,4.46
T07,GL-4592,2026-03-19 09:30:00,7.874273,11.004885,40.6,3.67
T07,GL-4592,2026-03-19 09:31:00,7.875231,11.004309,40.3,2.94
T07,GL-4592,2026-03-19 09:32:00,7.875249,11.004398,34.5,3.71
T07,GL-4592,2026-03-19 09:33:00,7.87627,11.003829,50.5,4.47
T07,GL-4592,2026-03-19 09:34:00,7.876843,11.003796,38.7,2.93
T07,GL-4592,2026-03-19 09:35:00,7.877523,11.003498,24.6,3.09
T07,GL-4592,2026-03-19 09:36:00,7.87781,11.003421,32.6,3.05
T07,GL-4592,2026-03-19 09:37:00,7.878532,11.002873,14.0,3.12
T07,GL-4592,2026-03-19 09:38:00,7.878886,11.002252,32.0,3.14
T07,GL-4592,2026-03-19 09:39:00,7.879597,11.002949,52.6,5.25
T07,GL-4592,2026-03-19 09:40:00,7.880178,11.002257,15.2,3.38
T07,GL-4592,2026-03-19 09:41:00,7.88019,11.001754,,5.31
T07,GL-4592,2026-03-19 09:42:00,7.88112,11.001799,21.4,3.66
T07,GL-4592,2026-03-19 09:43:00,7.881625,11.001536,19.2,4.41
T07,GL-4592,2026-03-19 09:44:00,7.882074,11.00135,14.3,4.76
T07,GL-4592,2026-03-19 09:45:00,7.882637,11.000816,20.7,3.85
T07,GL-4592,2026-03-19 09:46:00,7.883119,11.000818,36.5,3.35
T07,GL-4592,2026-03-19 09:47:00,7.88401,11.000558,42.3,3.85
T07,GL-4592,2026-03-19 09:48:00,7.884816,11.000171,16.0,4.38
T07,GL-4592,2026-03-19 09:49:00,7.885056,10.999922,56.3,4.72
T07,GL-4592,2026-03-19 09:50:00,7.885935,10.999985,16.9,5.47
T07,GL-4592,2026-03-19 09:51:00,7.886393,10.999318,18.1,3.52
T07,GL-4592,2026-03-19 09:52:00,7.886426,10.999021,48.2,5.38
T07,GL-4592,2026-03-19 09:53:00,7.887003,10.99904,57.5,3.56
T07,GL-4592,2026-03-19 09:54:00,7.888052,10.998478,18.1,4.82
T07,GL-4592,2026-03-19 09:55:00,7.88849,10.998564,33.7,4.01
T07,GL-4592,2026-03-19 09:56:00,7.889167,10.998301,19.3,3.65
T07,GL-4592,2026-03-19 09:57:00,7.889547,10.997888,43.2,4.4
T07,GL-4592,2026-03-19 09:58:00,7.889916,10.997826,22.0,5.45
T07,GL-4592,2026-03-19 09:59:00,7.890637,10.997367,22.7,3.56
T07,GL-4592,2026-03-19 10:00:00,7.890983,10.997401,50.4,3.81
T07,GL-4592,2026-03-19 10:01:00,7.891919,10.997268,46.7,3.18
T07,GL-4592,2026-03-19 10:02:00,7.892261,10.996984,17.6,5.02
T07,GL-4592,2026-03-19 10:03:00,7.892775,10.996293,19.3,4.36
T07,GL-4592,2026-03-19 10:04:00,7.893727,10.995971,22.8,5.22
T07,GL-4592,2026-03-19 10:05:00,7.893783,10.995985,56.3,3.35
T07,GL-4592,2026-03-19 10:06:00,7.894359,10.99612,37.6,4.33
T07,GL-4592,2026-03-19 10:07:00,7.895038,10.996018,32.5,5.42
T07,GL-4592,2026-03-19 10:08:00,7.895532,10.995594,26.0,5.43
T07,GL-4592,2026-03-19 10:09:00,7.89618,10.994937,29.9,3.37
T07,GL-4592,2026-03-19 10:10:00,7.897159,10.994956,27.3,3.53
T07,GL-4592,2026-03-19 10:11:00,7.897545,10.994291,24.3,5.29
T07,GL-4592,2026-03-19 10:12:00,7.898005,10.994689,26.8,4.93
T07,GL-4592,2026-03-19 10:13:00,7.898482,10.994116,14.9,5.37
T07,GL-4592,2026-03-19 10:14:00,7.899045,10.993568,43.2,4.35
T07,GL-4592,2026-03-19 10:15:00,7.89944,10.993501,39.9,3.08
T07,GL-4592,2026-03-19 10:16:00,7.900084,10.993536,48.9,4.7
T07,GL-4592,2026-03-19 10:17:00,7.900661,10.99344,53.1,3.64
T07,GL-4592,2026-03-19 10:18:00,7.901614,10.992613,49.0,5.58
T07,GL-4592,2026-03-19 10:19:00,7.901913,10.992715,45.4,3.0
T07,GL-4592,2026-03-19 10:20:00,7.902307,10.992067,44.7,4.52
T07,GL-4592,2026-03-19 10:21:00,7.902831,10.992351,20.0,4.43
T07,GL-4592,2026-03-19 10:22:00,7.903222,10.991754,22.8,4.13
T07,GL-4592,2026-03-19 10:23:00,7.904078,10.991315,29.2,4.58
T07,GL-4592,2026-03-19 10:24:00,7.904525,10.991865,40.9,4.56
T07,GL-4592,2026-03-19 10:25:00,7.905227,10.991155,40.8,5.49
T07,GL-4592,2026-03-19 10:26:00,7.906383,10.990905,53.6,3.5
T07,GL-4592,2026-03-19 10:27:00,7.906671,10.990625,32.2,3.53
T07,GL-4592,2026-03-19 10:28:00,7.906527,10.99028,45.7,3.99
T07,GL-4592,2026-03-19 10:29:00,7.90728,10.990302,18.2,4.37
T07,GL-4592,2026-03-19 10:30:00,7.908428,10.989234,51.7,3.28
T07,GL-4592,2026-03-19 10:31:00,7.908364,10.989276,32.2,4.32
T07,GL-4592,2026-03-19 10:32:00,7.908912,10.989246,40.4,4.93
T07,GL-4592,2026-03-19 10:33:00,7.909739,10.989225,35.0,5.34
T07,GL-4592,2026-03-19 10:34:00,7.910335,10.988952,51.3,4.53
T07,GL-4592,2026-03-19 10:35:00,7.910631,10.989076,57.5,3.75
T07,GL-4592,2026-03-19 10:36:00,7.911556,10.988257,,3.01
T07,GL-4592,2026-03-19 10:37:00,7.911699,10.988363,46.4,5.41
T07,GL-4592,2026-03-19 10:38:00,7.912214,10.98816,33.1,2.86
T07,GL-4592,2026-03-19 10:39:00,7.913127,10.987635,32.2,5.41
T07,GL-4592,2026-03-19 10:40:00,7.913864,10.987423,,3.38
T07,GL-4592,2026-03-19 10:41:00,7.914104,10.987281,29.4,3.76
T07,GL-4592,2026-03-19 10:42:00,7.914222,10.987107,15.5,2.82
T07,GL-4592,2026-03-19 10:43:00,7.915178,10.986799,24.8,4.25
T07,GL-4592,2026-03-19 10:44:00,7.915594,10.986766,45.8,3.39
T07,GL-4592,2026-03-19 10:45:00,7.915814,10.986184,18.5,3.08
T07,GL-4592,2026-03-19 10:46:00,7.916864,10.985755,14.1,5.39
T07,GL-4592,2026-03-19 10:47:00,7.917074,10.985692,54.3,5.12
T07,GL-4592,2026-03-19 10:48:00,7.918088,10.985148,44.2,3.23
T07,GL-4592,2026-03-19 10:49:00,7.918756,10.985161,33.0,3.08
T07,GL-4592,2026-03-19 10:50:00,7.919369,10.984982,17.9,4.23
T07,GL-4592,2026-03-19 10:51:00,7.920009,10.984628,15.8,3.14
T07,GL-4592,2026-03-19 10:52:00,7.919798,10.984394,36.4,4.98
T07,GL-4592,2026-03-19 10:53:00,7.920495,10.984385,45.5,4.99
T07,GL-4592,2026-03-19 10:54:00,7.921205,10.984139,48.4,4.32
T07,GL-4592,2026-03-19 10:55:00,7.921895,10.983942,34.2,5.32
T07,GL-4592,2026-03-19 10:56:00,7.922797,10.98338,53.5,4.33
T07,GL-4592,2026-03-19 10:57:00,7.923022,10.983226,16.9,3.59
T07,GL-4592,2026-03-19 10:58:00,7.9236,10.982804,48.3,3.6
T07,GL-4592,2026-03-19 10:59:00,7.924272,10.982558,52.5,3.75
T07,GL-4592,2026-03-19 11:00:00,7.924733,10.982472,54.4,5.11
T07,GL-4592,2026-03-19 11:01:00,7.925605,10.982185,44.0,4.99
T07,GL-4592,2026-03-19 11:02:00,7.925964,10.981885,19.2,3.5
T07,GL-4592,2026-03-19 11:03:00,7.926613,10.981463,32.4,4.87
T07,GL-4592,2026-03-19 11:04:00,7.926705,10.98153,16.2,3.8
T07,GL-4592,2026-03-19 11:05:00,7.927524,10.981669,31.7,3.39
T07,GL-4592,2026-03-19 11:06:00,7.928161,10.980672,14.9,3.08
T07,GL-4592,2026-03-19 11:07:00,7.928541,10.980809,20.7,4.89
T07,GL-4592,2026-03-19 11:08:00,7.928963,10.980847,42.1,3.22
T07,GL-4592,2026-03-19 11:09:00,7.929956,10.980337,54.7,5.34
T07,GL-4592,2026-03-19 11:10:00,7.930475,10.980365,,4.27
T07,GL-4592,2026-03-19 11:11:00,7.930643,10.979488,51.5,3.84
T07,GL-4592,2026-03-19 11:12:00,7.931522,10.97943,56.3,5.07
T07,GL-4592,2026-03-19 11:13:00,7.931985,10.978996,22.6,3.84
T07,GL-4592,2026-03-19 11:14:00,7.932632,10.978902,29.4,3.37
T07,GL-4592,2026-03-19 11:15:00,7.932966,10.979024,56.1,4.3
T07,GL-4592,2026-03-19 11:16:00,7.933552,10.978768,41.0,4.01
T07,GL-4592,2026-03-19 11:17:00,7.934409,10.978078,32.1,4.65
T07,GL-4592,2026-03-19 11:18:00,7.934938,10.978365,34.4,3.23
T07,GL-4592,2026-03-19 11:19:00,7.935655,10.977702,51.8,4.79
T07,GL-4592,2026-03-19 11:20:00,7.935826,10.977293,38.7,4.89
T07,GL-4592,2026-03-19 11:21:00,7.936559,10.977068,33.0,3.65
T07,GL-4592,2026-03-19 11:22:00,7.93726,10.97719,51.0,4.63
T07,GL-4592,2026-03-19 11:23:00,7.937524,10.977144,36.8,5.35
T07,GL-4592,2026-03-19 11:24:00,7.938302,10.97692,,3.83
T07,GL-4592,2026-03-19 11:25:00,7.938863,10.976616,52.8,3.1
T07,GL-4592,2026-03-19 11:26:00,7.939246,10.976191,49.7,4.71
T07,GL-4592,2026-03-19 11:27:00,7.939747,10.975962,21.6,5.3
T07,GL-4592,2026-03-19 11:28:00,7.939986,10.975429,34.5,4.17
T07,GL-4592,2026-03-19 11:29:00,7.940923,10.975421,43.1,3.35
T07,GL-4592,2026-03-19 11:30:00,7.941482,10.975519,28.1,4.97
T07,GL-4592,2026-03-19 11:31:00,7.942422,10.974985,56.4,3.84
T07,GL-4592,2026-03-19 11:32:00,7.942611,10.974996,52.2,3.93
T07,GL-4592,2026-03-19 11:33:00,7.943325,10.973974,15.9,4.97
T07,GL-4592,2026-03-19 11:34:00,7.944106,10.97427,25.4,3.59
T07,GL-4592,2026-03-19 11:35:00,7.944289,10.974065,47.7,5.37
T07,GL-4592,2026-03-19 11:36:00,7.944953,10.973881,46.1,3.44
T07,GL-4592,2026-03-19 11:37:00,7.945222,10.973041,33.9,4.07
T07,GL-4592,2026-03-19 11:38:00,7.945801,10.972958,47.3,3.91
T07,GL-4592,2026-03-19 11:39:00,7.94663,10.972671,35.4,4.99
T07,GL-4592,2026-03-19 11:40:00,7.947147,10.972448,46.9,3.96
T07,GL-4592,2026-03-19 11:41:00,7.948078,10.972731,31.3,4.56
T07,GL-4592,2026-03-19 11:42:00,7.948331,10.971677,42.3,2.96
T07,GL-4592,2026-03-19 11:43:00,7.948563,10.971805,15.5,5.55
T07,GL-4592,2026-03-19 11:44:00,7.949157,10.971549,49.2,5.33
T07,GL-4592,2026-03-19 11:45:00,7.949516,10.971482,21.8,4.0
T07,GL-4592,2026-03-19 11:46:00,7.950356,10.971209,44.9,5.19
T07,GL-4592,2026-03-19 11:47:00,7.951035,10.971015,34.8,3.44
T07,GL-4592,2026-03-19 11:48:00,7.951463,10.971174,16.0,5.09
T07,GL-4592,2026-03-19 11:49:00,7.952062,10.970429,19.9,5.36
T07,GL-4592,2026-03-19 11:50:00,7.95265,10.970229,44.5,4.09
T07,GL-4592,2026-03-19 11:51:00,7.953666,10.969833,55.0,5.23
T07,GL-4592,2026-03-19 11:52:00,7.954018,10.969982,46.6,3.05
T07,GL-4592,2026-03-19 11:53:00,7.954287,10.969438,35.4,3.12
T07,GL-4592,2026-03-19 11:54:00,7.954725,10.969644,23.3,3.87
T07,GL-4592,2026-03-19 11:55:00,7.955268,10.969105,53.5,2.95
T07,GL-4592,2026-03-19 11:56:00,7.955639,10.96901,21.2,5.35
T07,GL-4592,2026-03-19 11:57:00,8.097589,10.96848,35.1,451.16
T07,GL-4592,2026-03-19 11:58:00,7.957474,10.968056,30.9,4.36
T07,GL-4592,2026-03-19 11:59:00,7.957595,10.968234,37.3,3.26
T07,GL-4592,2026-03-19 12:00:00,7.958428,10.968279,47.8,3.34
T07,GL-4592,2026-03-19 12:01:00,7.958867,10.967472,36.4,3.64
T07,GL-4592,2026-03-19 12:02:00,7.959265,10.96736,53.7,3.34
T07,GL-4592,2026-03-19 12:03:00,7.959883,10.966861,20.8,4.5
T07,GL-4592,2026-03-19 12:04:00,7.9606,10.96683,20.6,5.5
T07,GL-4592,2026-03-19 12:05:00,7.961406,10.966386,33.1,5.16
T07,GL-4592,2026-03-19 12:06:00,7.961437,10.966758,,5.21
T07,GL-4592,2026-03-19 12:07:00,7.962328,10.966009,43.4,5.55
T07,GL-4592,2026-03-19 12:08:00,7.962617,10.965847,51.8,5.33
T07,GL-4592,2026-03-19 12:09:00,7.962939,10.965691,16.5,4.87
T07,GL-4592,2026-03-19 12:10:00,7.963647,10.965124,15.3,5.28
T07,GL-4592,2026-03-19 12:11:00,7.964812,10.964732,34.0,4.49
T07,GL-4592,2026-03-19 12:12:00,7.964945,10.965147,36.8,4.23
T07,GL-4592,2026-03-19 12:13:00,7.965126,10.964763,40.5,3.31
T07,GL-4592,2026-03-19 12:14:00,7.966349,10.96427,52.6,3.74
T07,GL-4592,2026-03-19 12:15:00,7.966588,10.963991,25.0,5.33
T07,GL-4592,2026-03-19 12:16:00,7.967432,10.963827,46.1,3.37
T07,GL-4592,2026-03-19 12:17:00,7.967939,10.963153,31.4,4.28
T07,GL-4592,2026-03-19 12:18:00,7.968098,10.963936,49.6,5.12
T07,GL-4592,2026-03-19 12:19:00,7.96902,10.963412,43.8,5.09
T07,GL-4592,2026-03-19 12:20:00,7.96967,10.962698,26.9,4.18
T07,GL-4592,2026-03-19 12:21:00,7.969772,10.962782,37.6,4.72
T07,GL-4592,2026-03-19 12:22:00,7.970881,10.962522,23.3,5.52
T07,GL-4592,2026-03-19 12:23:00,7.970845,10.961982,45.3,5.11
T07,GL-4592,2026-03-19 12:24:00,7.971478,10.962105,22.1,4.49
T07,GL-4592,2026-03-19 12:25:00,7.972526,10.961464,18.9,4.85
T07,GL-4592,2026-03-19 12:26:00,7.972662,10.961386,38.3,4.02
T07,GL-4592,2026-03-19 12:27:00,7.97329,10.961427,27.4,3.93
T07,GL-4592,2026-03-19 12:28:00,7.973834,10.96068,35.3,4.32
T07,GL-4592,2026-03-19 12:29:00,7.974523,10.960832,57.0,4.63
T07,GL-4592,2026-03-19 12:30:00,7.974794,10.960141,53.2,3.6
T07,GL-4592,2026-03-19 12:31:00,7.975811,10.959896,43.5,4.9
T07,GL-4592,2026-03-19 12:32:00,7.975994,10.959918,25.0,4.97
T07,GL-4592,2026-03-19 12:33:00,7.977092,10.959512,35.5,3.62
T07,GL-4592,2026-03-19 12:34:00,7.977524,10.95936,20.2,4.18
T07,GL-4592,2026-03-19 12:35:00,7.977963,10.958979,52.3,3.88
T07,GL-4592,2026-03-19 12:36:00,7.978635,10.958934,19.9,3.43
T07,GL-4592,2026-03-19 12:37:00,7.978958,10.958622,48.0,3.36
T07,GL-4592,2026-03-19 12:38:00,7.979095,10.958278,33.1,4.08
T07,GL-4592,2026-03-19 12:39:00,7.980373,10.957952,37.1,5.06
T07,GL-4592,2026-03-19 12:40:00,7.980678,10.958377,50.2,5.11
T07,GL-4592,2026-03-19 12:41:00,7.981199,10.957821,34.4,5.03
T07,GL-4592,2026-03-19 12:42:00,7.981563,10.95725,46.5,3.48
T07,GL-4592,2026-03-19 12:43:00,7.982208,10.957523,35.4,4.72
T07,GL-4592,2026-03-19 12:44:00,7.982581,10.957012,50.7,5.15
T07,GL-4592,2026-03-19 12:45:00,7.983327,10.956384,18.6,4.75
T07,GL-4592,2026-03-19 12:46:00,7.984054,10.956499,47.3,3.95
T07,GL-4592,2026-03-19 12:47:00,7.984411,10.956468,45.5,5.07
T07,GL-4592,2026-03-19 12:48:00,7.984545,10.955748,44.2,4.27
T07,GL-4592,2026-03-19 12:49:00,7.985683,10.955374,15.8,4.13
T07,GL-4592,2026-03-19 12:50:00,7.986107,10.955449,41.9,3.43
T07,GL-4592,2026-03-19 12:51:00,7.98675,10.955368,30.7,2.95
T07,GL-4592,2026-03-19 12:52:00,7.987455,10.955002,47.9,5.6
T07,GL-4592,2026-03-19 12:53:00,7.98762,10.954689,35.8,4.13
T07,GL-4592,2026-03-19 12:54:00,7.988027,10.955025,39.5,4.49
T07,GL-4592,2026-03-19 12:55:00,7.988709,10.954306,39.3,4.47
T07,GL-4592,2026-03-19 12:56:00,7.98934,10.9537,18.2,3.41
T07,GL-4592,2026-03-19 12:57:00,7.99019,10.95408,44.7,2.91
T07,GL-4592,2026-03-19 12:58:00,7.990832,10.953285,23.7,5.05
T07,GL-4592,2026-03-19 12:59:00,7.991082,10.953871,22.7,2.93
T07,GL-4592,2026-03-19 13:00:00,7.9917,10.953064,18.4,4.59
T07,GL-4592,2026-03-19 13:01:00,7.991886,10.952896,52.9,4.03
T07,GL-4592,2026-03-19 13:02:00,7.993049,10.952822,44.9,4.2
T07,GL-4592,2026-03-19 13:03:00,7.99353,10.952483,24.2,4.55
T07,GL-4592,2026-03-19 13:04:00,7.994008,10.951974,46.0,4.21
T07,GL-4592,2026-03-19 13:05:00,7.994467,10.952007,18.0,3.83
T07,GL-4592,2026-03-19 13:06:00,7.995529,10.951787,34.0,5.28
T07,GL-4592,2026-03-19 13:07:00,7.995688,10.951111,53.2,3.94
T07,GL-4592,2026-03-19 13:08:00,7.996077,10.951184,34.1,2.96
T07,GL-4592,2026-03-19 13:09:00,7.997296,10.95114,45.5,4.11
T07,GL-4592,2026-03-19 13:10:00,7.99708,10.950557,30.7,4.87
T07,GL-4592,2026-03-19 13:11:00,7.998029,10.950164,32.3,3.47
T07,GL-4592,2026-03-19 13:12:00,7.998204,10.950312,50.1,3.23
T07,GL-4592,2026-03-19 13:13:00,7.99945,10.949748,,4.26
T07,GL-4592,2026-03-19 13:14:00,7.999524,10.949546,40.3,3.59
T07,GL-4592,2026-03-19 13:15:00,7.999935,10.949341,20.2,3.29
T07,GL-4592,2026-03-19 13:16:00,8.000259,10.949449,50.2,4.27
T07,GL-4592,2026-03-19 13:17:00,8.000857,10.948932,40.0,4.67
T07,GL-4592,2026-03-19 13:18:00,8.001655,10.948648,19.2,5.1
T07,GL-4592,2026-03-19 13:19:00,8.002203,10.948709,50.5,5.11
T07,GL-4592,2026-03-19 13:20:00,8.003107,10.947923,24.4,3.04
T07,GL-4592,2026-03-19 13:21:00,8.003588,10.947852,38.0,2.94
T07,GL-4592,2026-03-19 13:22:00,8.004192,10.947556,48.8,4.49
T07,GL-4592,2026-03-19 13:23:00,8.004557,10.947192,49.5,5.17
T07,GL-4592,2026-03-19 13:24:00,8.005346,10.94711,,3.63
T07,GL-4592,2026-03-19 13:25:00,8.005409,10.946962,28.5,4.7
T07,GL-4592,2026-03-19 13:26:00,8.006339,10.946566,29.4,3.57
T07,GL-4592,2026-03-19 13:27:00,8.006746,10.946355,52.6,2.88
T07,GL-4592,2026-03-19 13:28:00,8.00739,10.946101,16.1,3.13
T07,GL-4592,2026-03-19 13:29:00,8.007826,10.946188,32.0,3.83
T07,GL-4592,2026-03-19 13:30:00,8.008839,10.945995,16.2,4.34
T07,GL-4592,2026-03-19 13:31:00,8.008946,10.94569,14.3,4.16
T07,GL-4592,2026-03-19 13:32:00,8.009622,10.945349,14.4,3.24
T07,GL-4592,2026-03-19 13:33:00,8.010306,10.945242,54.3,2.99
T07,GL-4592,2026-03-19 13:34:00,8.010644,10.944828,40.2,4.92
T07,GL-4592,2026-03-19 13:35:00,8.011146,10.944586,16.3,2.98
T07,GL-4592,2026-03-19 13:36:00,8.011815,10.94449,25.9,4.59
T07,GL-4592,2026-03-19 13:37:00,8.012111,10.944029,37.8,5.29
T07,GL-4592,2026-03-19 13:38:00,8.012821,10.943564,29.0,4.2
T07,GL-4592,2026-03-19 13:39:00,8.013695,10.943387,56.9,4.68
T07,GL-4592,2026-03-19 13:40:00,8.013981,10.943113,25.5,4.91
T07,GL-4592,2026-03-19 13:41:00,8.014714,10.942844,53.0,3.39
T07,GL-4592,2026-03-19 13:42:00,8.015502,10.943002,43.9,3.65
T07,GL-4592,2026-03-19 13:43:00,8.015591,10.94237,14.5,5.27
T07,GL-4592,2026-03-19 13:44:00,8.016148,10.942073,25.0,3.67
T07,GL-4592,2026-03-19 13:45:00,8.017029,10.94206,19.6,4.03
T07,GL-4592,2026-03-19 13:46:00,8.017671,10.941815,,4.4
T07,GL-4592,2026-03-19 13:47:00,8.017714,10.941071,26.1,4.25
T07,GL-4592,2026-03-19 13:48:00,8.018749,10.941338,18.7,4.58
T07,GL-4592,2026-03-19 13:49:00,8.01967,10.941086,19.3,2.91
T07,GL-4592,2026-03-19 13:50:00,8.019436,10.940779,34.3,3.04
T07,GL-4592,2026-03-19 13:51:00,8.020057,10.940724,15.8,5.36
T07,GL-4592,2026-03-19 13:52:00,8.020716,10.940682,39.4,2.91
T07,GL-4592,2026-03-19 13:53:00,8.021343,10.939702,35.6,5.53
T07,GL-4592,2026-03-19 13:54:00,8.021916,10.939686,25.6,5.3
T07,GL-4592,2026-03-19 13:55:00,8.022313,10.939616,15.4,5.12
T07,GL-4592,2026-03-19 13:56:00,8.022911,10.939476,30.3,3.96
T07,GL-4592,2026-03-19 13:57:00,8.023588,10.939416,25.2,4.03
T07,GL-4592,2026-03-19 13:58:00,8.024087,10.938866,35.5,3.18
T07,GL-4592,2026-03-19 13:59:00,8.024715,10.938628,18.7,4.71
T07,GL-4592,2026-03-19 14:00:00,8.025438,10.938609,46.0,3.84
T07,GL-4592,2026-03-19 14:01:00,8.02599,10.938063,54.8,3.22
T07,GL-4592,2026-03-19 14:02:00,8.02601,10.937593,32.9,4.87
T07,GL-4592,2026-03-19 14:03:00,8.026971,10.937373,57.2,3.12
T07,GL-4592,2026-03-19 14:04:00,8.027626,10.937276,47.9,4.9
T07,GL-4592,2026-03-19 14:05:00,8.027974,10.937056,16.5,3.56
T07,GL-4592,2026-03-19 14:06:00,8.028099,10.937015,34.9,4.52
T07,GL-4592,2026-03-19 14:07:00,8.029243,10.936482,37.6,2.99
T07,GL-4592,2026-03-19 14:08:00,8.029999,10.93656,51.5,2.94
T07,GL-4592,2026-03-19 14:09:00,8.030162,10.936328,54.9,3.68
T07,GL-4592,2026-03-19 14:10:00,8.031243,10.935854,32.2,5.13
T07,GL-4592,2026-03-19 14:11:00,8.031578,10.935687,56.9,3.9
T07,GL-4592,2026-03-19 14:12:00,8.031968,10.935547,24.2,2.92
T07,GL-4592,2026-03-19 14:13:00,8.032871,10.935125,39.6,2.98
T07,GL-4592,2026-03-19 14:14:00,8.03301,10.935305,44.4,4.31
T07,GL-4592,2026-03-19 14:15:00,8.033521,10.935273,28.1,5.6
T07,GL-4592,2026-03-19 14:16:00,8.033869,10.934788,32.5,3.74
T07,GL-4592,2026-03-19 14:17:00,8.035196,10.933959,,2.87
T07,GL-4592,2026-03-19 14:18:00,8.035067,10.933723,15.1,5.24
T07,GL-4592,2026-03-19 14:19:00,8.035826,10.933848,18.8,5.44
T07,GL-4592,2026-03-19 14:20:00,8.036441,10.933073,27.5,2.82
T07,GL-4592,2026-03-19 14:21:00,8.037002,10.932982,19.1,4.28
T07,GL-4592,2026-03-19 14:22:00,8.037521,10.93303,35.9,3.97
T07,GL-4592,2026-03-19 14:23:00,8.03792,10.932402,49.0,4.08
T07,GL-4592,2026-03-19 14:24:00,8.0384,10.932428,57.0,3.56
T07,GL-4592,2026-03-19 14:25:00,8.039201,10.931938,30.8,4.98
T07,GL-4592,2026-03-19 14:26:00,8.039633,10.93231,43.3,4.38
T07,GL-4592,2026-03-19 14:27:00,8.04,10.931487,34.2,3.45
T07,GL-4592,2026-03-19 14:28:00,8.040536,10.931322,25.0,2.95
T07,GL-4592,2026-03-19 14:29:00,8.041292,10.931114,18.5,5.01
T07,GL-4592,2026-03-19 14:30:00,8.042247,10.931091,34.6,3.97
T07,GL-4592,2026-03-19 14:31:00,8.042381,10.930549,45.4,3.55
T07,GL-4592,2026-03-19 14:32:00,8.043305,10.931025,47.6,5.39
T07,GL-4592,2026-03-19 14:33:00,8.043608,10.930201,16.3,5.16
T07,GL-4592,2026-03-19 14:34:00,8.044055,10.929798,57.3,4.48
T07,GL-4592,2026-03-19 14:35:00,8.044981,10.929713,50.5,5.28
T07,GL-4592,2026-03-19 14:36:00,8.045259,10.929347,,5.47
T07,GL-4592,2026-03-19 14:37:00,8.045896,10.929786,18.6,5.09
T07,GL-4592,2026-03-19 14:38:00,8.046513,10.928945,17.6,3.56
T07,GL-4592,2026-03-19 14:39:00,8.04708,10.928921,57.4,4.2
T07,GL-4592,2026-03-19 14:40:00,8.047435,10.928328,29.9,2.93
T07,GL-4592,2026-03-19 14:41:00,8.047739,10.928176,26.3,4.88
T07,GL-4592,2026-03-19 14:42:00,8.048592,10.927955,56.8,3.55
T07,GL-4592,2026-03-19 14:43:00,8.04954,10.927706,43.5,3.9
T07,GL-4592,2026-03-19 14:44:00,8.050351,10.927582,42.8,4.73
T07,GL-4592,2026-03-19 14:45:00,8.050069,10.92703,30.6,5.45
T07,GL-4592,2026-03-19 14:46:00,8.051211,10.927706,54.7,4.49
T07,GL-4592,2026-03-19 14:47:00,8.051428,10.92711,17.4,5.36
T07,GL-4592,2026-03-19 14:48:00,8.051734,10.926591,15.7,3.94
T07,GL-4592,2026-03-19 14:49:00,8.052524,10.926095,47.9,3.4
T07,GL-4592,2026-03-19 14:50:00,8.053114,10.926188,26.1,3.03
T07,GL-4592,2026-03-19 14:51:00,8.053336,10.925771,28.1,3.53
T07,GL-4592,2026-03-19 14:52:00,8.144768,10.925411,25.2,375.24
T07,GL-4592,2026-03-19 14:53:00,8.055089,10.925482,31.9,3.49
T07,GL-4592,2026-03-19 14:54:00,8.055296,10.924988,57.8,3.03
T07,GL-4592,2026-03-19 14:55:00,8.055541,10.924853,39.7,3.28
T07,GL-4592,2026-03-19 14:56:00,8.056443,10.924618,32.7,3.63
T07,GL-4592,2026-03-19 14:57:00,8.057427,10.924575,54.0,3.47
T07,GL-4592,2026-03-19 14:58:00,8.057442,10.924412,32.1,3.08
T07,GL-4592,2026-03-19 14:59:00,8.058242,10.923385,17.5,4.49
T07,GL-4592,2026-03-19 15:00:00,8.058702,10.923655,15.1,3.46
T07,GL-4592,2026-03-19 15:01:00,8.059268,10.923247,16.1,4.17
T07,GL-4592,2026-03-19 15:02:00,8.059492,10.923203,56.4,4.33
T07,GL-4592,2026-03-19 15:03:00,8.060192,10.922706,21.0,5.18
T07,GL-4592,2026-03-19 15:04:00,8.060936,10.922913,46.7,3.7
T07,GL-4592,2026-03-19 15:05:00,8.061521,10.922221,20.2,3.34
T07,GL-4592,2026-03-19 15:06:00,8.062313,10.921982,14.6,5.52
T07,GL-4592,2026-03-19 15:07:00,8.062094,10.922443,24.1,3.07
T07,GL-4592,2026-03-19 15:08:00,8.063269,10.922005,42.2,4.93
T07,GL-4592,2026-03-19 15:09:00,8.063346,10.921475,45.7,2.82
T07,GL-4592,2026-03-19 15:10:00,8.063921,10.921066,56.8,5.21
T07,GL-4592,2026-03-19 15:11:00,8.064713,10.921227,48.7,3.71
T07,GL-4592,2026-03-19 15:12:00,8.06551,10.920481,23.7,5.52
T07,GL-4592,2026-03-19 15:13:00,8.066028,10.920135,47.9,4.51
T07,GL-4592,2026-03-19 15:14:00,8.066375,10.920409,46.1,3.88
T07,GL-4592,2026-03-19 15:15:00,8.067359,10.919736,45.1,4.27
T07,GL-4592,2026-03-19 15:16:00,8.0675,10.919961,32.9,3.98
T07,GL-4592,2026-03-19 15:17:00,8.068243,10.919743,,3.44
T07,GL-4592,2026-03-19 15:18:00,8.068638,10.919127,44.7,5.55
T07,GL-4592,2026-03-19 15:19:00,8.069357,10.918893,16.7,3.22
T07,GL-4592,2026-03-19 15:20:00,8.069573,10.918275,23.5,4.56
T07,GL-4592,2026-03-19 15:21:00,8.070064,10.9184,47.4,4.66
T07,GL-4592,2026-03-19 15:22:00,8.070877,10.918642,46.4,3.2
T07,GL-4592,2026-03-19 15:23:00,8.071367,10.918089,47.4,4.09
T07,GL-4592,2026-03-19 15:24:00,8.072033,10.918086,42.3,4.96
T07,GL-4592,2026-03-19 15:25:00,8.073003,10.917312,20.8,4.87
T07,GL-4592,2026-03-19 15:26:00,8.073371,10.916837,48.4,3.75
T07,GL-4592,2026-03-19 15:27:00,8.073814,10.917329,15.3,4.2
T07,GL-4592,2026-03-19 15:28:00,8.074399,10.916908,50.2,5.2
T07,GL-4592,2026-03-19 15:29:00,8.075314,10.916329,29.3,5.42
T07,GL-4592,2026-03-19 15:30:00,8.07529,10.916761,45.8,3.49
T07,GL-4592,2026-03-19 15:31:00,8.076216,10.916112,17.1,4.78
T07,GL-4592,2026-03-19 15:32:00,8.076628,10.915996,34.1,3.27
T07,GL-4592,2026-03-19 15:33:00,8.07699,10.915536,51.0,5.6
T07,GL-4592,2026-03-19 15:34:00,8.07768,10.915716,49.7,5.46
T07,GL-4592,2026-03-19 15:35:00,8.078142,10.915029,15.7,3.53
T07,GL-4592,2026-03-19 15:36:00,8.078399,10.914963,22.9,4.98
T07,GL-4592,2026-03-19 15:37:00,8.079438,10.914117,20.1,4.93
T07,GL-4592,2026-03-19 15:38:00,8.079931,10.914357,43.1,3.76
T07,GL-4592,2026-03-19 15:39:00,8.080254,10.913967,55.7,4.46
T07,GL-4592,2026-03-19 15:40:00,8.081167,10.914011,,5.17
T07,GL-4592,2026-03-19 15:41:00,8.081955,10.913575,,4.64
T07,GL-4592,2026-03-19 15:42:00,8.082462,10.91323,48.6,2.88
T07,GL-4592,2026-03-19 15:43:00,8.082837,10.912944,54.3,3.46
T07,GL-4592,2026-03-19 15:44:00,8.083229,10.912912,33.7,2.95
T07,GL-4592,2026-03-19 15:45:00,8.083695,10.912559,56.6,3.15
T07,GL-4592,2026-03-19 15:46:00,8.084653,10.912297,36.0,3.25
T07,GL-4592,2026-03-19 15:47:00,8.084773,10.912363,44.3,3.56
T07,GL-4592,2026-03-19 15:48:00,8.085544,10.911647,39.3,4.37
T07,GL-4592,2026-03-19 15:49:00,8.086128,10.911614,44.6,4.1
T07,GL-4592,2026-03-19 15:50:00,8.086686,10.911257,52.1,4.69
T07,GL-4592,2026-03-19 15:51:00,8.087085,10.911018,29.1,4.86
T07,GL-4592,2026-03-19 15:52:00,8.087974,10.910587,40.3,3.1
T07,GL-4592,2026-03-19 15:53:00,8.088309,10.910582,51.0,3.42
T07,GL-4592,2026-03-19 15:54:00,8.088867,10.910249,28.1,4.4
T07,GL-4592,2026-03-19 15:55:00,8.089441,10.910387,56.7,4.64
T07,GL-4592,2026-03-19 15:56:00,8.090072,10.909867,24.5,2.81
T07,GL-4592,2026-03-19 15:57:00,8.090383,10.909729,49.5,4.86
T07,GL-4592,2026-03-19 15:58:00,8.09118,10.909603,53.4,3.53
T07,GL-4592,2026-03-19 15:59:00,8.091645,10.909195,31.1,3.11
T07,GL-4592,2026-03-19 16:00:00,8.09215,10.908509,51.9,5.48
T07,GL-4592,2026-03-19 16:01:00,8.092977,10.908793,45.0,4.11
T07,GL-4592,2026-03-19 16:02:00,8.093327,10.908618,16.9,2.94
T07,GL-4592,2026-03-19 16:03:00,8.094287,10.908024,42.7,4.44
T07,GL-4592,2026-03-19 16:04:00,8.094354,10.907847,54.6,5.12
T07,GL-4592,2026-03-19 16:05:00,8.09523,10.90752,25.4,3.07
T07,GL-4592,2026-03-19 16:06:00,8.095535,10.907504,39.5,4.01
T07,GL-4592,2026-03-19 16:07:00,8.096065,10.907379,53.8,4.0
T07,GL-4592,2026-03-19 16:08:00,8.096765,10.906765,50.6,3.6
T07,GL-4592,2026-03-19 16:09:00,8.097183,10.906863,43.1,5.48
T07,GL-4592,2026-03-19 16:10:00,8.098262,10.906781,31.2,5.11
T07,GL-4592,2026-03-19 16:11:00,8.098473,10.906301,15.2,3.1
T07,GL-4592,2026-03-19 16:12:00,8.098485,10.905826,18.8,4.07
T07,GL-4592,2026-03-19 16:13:00,8.099371,10.905769,45.8,2.9
T07,GL-4592,2026-03-19 16:14:00,8.099712,10.905661,48.7,3.32
T07,GL-4592,2026-03-19 16:15:00,8.100558,10.905308,57.9,3.74
T07,GL-4592,2026-03-19 16:16:00,8.101445,10.905268,18.0,5.3
T07,GL-4592,2026-03-19 16:17:00,8.102066,10.904839,41.8,3.88
T07,GL-4592,2026-03-19 16:18:00,8.102248,10.904574,27.0,3.65
T07,GL-4592,2026-03-19 16:19:00,8.103011,10.904307,34.7,3.75
T07,GL-4592,2026-03-19 16:20:00,8.103302,10.904003,30.9,3.0
T07,GL-4592,2026-03-19 16:21:00,8.10407,10.903796,15.5,4.05
T07,GL-4592,2026-03-19 16:22:00,8.104246,10.903762,57.5,3.55
T07,GL-4592,2026-03-19 16:23:00,8.105266,10.903524,22.5,3.04
T07,GL-4592,2026-03-19 16:24:00,8.105221,10.903491,20.5,5.14
T07,GL-4592,2026-03-19 16:25:00,8.10639,10.902844,49.6,4.27
T07,GL-4592,2026-03-19 16:26:00,8.106779,10.902494,38.3,4.79
T07,GL-4592,2026-03-19 16:27:00,8.107117,10.901945,32.8,3.66
T07,GL-4592,2026-03-19 16:28:00,8.10783,10.901778,37.6,3.19
T07,GL-4592,2026-03-19 16:29:00,8.108313,10.902076,53.1,4.79
T07,GL-4592,2026-03-19 16:30:00,8.109146,10.901707,50.4,3.13
T07,GL-4592,2026-03-19 16:31:00,8.109592,10.901542,34.1,4.28
T07,GL-4592,2026-03-19 16:32:00,8.110033,10.901228,46.9,4.41
T07,GL-4592,2026-03-19 16:33:00,8.110795,10.900616,30.2,4.66
T07,GL-4592,2026-03-19 16:34:00,8.110767,10.900676,31.0,4.73
T07,GL-4592,2026-03-19 16:35:00,8.1117,10.900512,21.4,5.13
T07,GL-4592,2026-03-19 16:36:00,8.112473,10.900182,42.1,5.4
T07,GL-4592,2026-03-19 16:37:00,8.112368,10.899598,26.5,2.9
T07,GL-4592,2026-03-19 16:38:00,8.113504,10.899511,39.6,2.88
T07,GL-4592,2026-03-19 16:39:00,8.113801,10.899543,,3.63
T07,GL-4592,2026-03-19 16:40:00,8.114842,10.899354,47.7,3.5
T07,GL-4592,2026-03-19 16:41:00,8.115256,10.899262,27.8,4.98
T07,GL-4592,2026-03-19 16:42:00,8.115353,10.898447,50.9,2.99
T07,GL-4592,2026-03-19 16:43:00,8.116227,10.897949,45.0,3.46
T07,GL-4592,2026-03-19 16:44:00,8.116715,10.898276,44.0,5.26
T07,GL-4592,2026-03-19 16:45:00,8.117499,10.897538,50.7,5.46
T07,GL-4592,2026-03-19 16:46:00,8.118171,10.897467,45.2,5.1
T07,GL-4592,2026-03-19 16:47:00,8.118393,10.897274,40.2,4.67
T07,GL-4592,2026-03-19 16:48:00,8.118804,10.89729,27.2,5.45
T07,GL-4592,2026-03-19 16:49:00,8.119497,10.897112,51.6,4.21
T07,GL-4592,2026-03-19 16:50:00,8.119891,10.89664,32.0,4.0
T07,GL-4592,2026-03-19 17:08:00,8.13054,10.892086,52.4,4.88
T07,GL-4592,2026-03-19 17:09:00,8.130968,10.892008,21.9,5.19
T07,GL-4592,2026-03-19 17:10:00,8.131339,10.891895,34.5,3.55
T07,GL-4592,2026-03-19 17:11:00,8.131945,10.891574,32.3,4.07
T07,GL-4592,2026-03-19 17:12:00,8.132154,10.891104,43.8,2.98
T07,GL-4592,2026-03-19 17:13:00,8.132768,10.891423,37.2,3.82
T07,GL-4592,2026-03-19 17:14:00,8.133829,10.890743,55.6,4.43
T07,GL-4592,2026-03-19 17:15:00,8.133892,10.89066,37.8,4.2
T07,GL-4592,2026-03-19 17:16:00,8.134278,10.889955,51.3,3.03
T07,GL-4592,2026-03-19 17:17:00,8.135114,10.889953,22.2,3.38
T07,GL-4592,2026-03-19 17:18:00,8.135449,10.889865,29.6,3.77
T07,GL-4592,2026-03-19 17:19:00,8.136384,10.889883,17.7,4.36
T07,GL-4592,2026-03-19 17:20:00,8.136918,10.889323,26.2,4.85
T07,GL-4592,2026-03-19 17:21:00,8.137694,10.888981,28.9,3.86
T07,GL-4592,2026-03-19 17:22:00,8.138245,10.888846,31.1,3.83
T07,GL-4592,2026-03-19 17:23:00,8.138587,10.88846,,4.64
T07,GL-4592,2026-03-19 17:24:00,8.138985,10.888472,47.9,5.58
T07,GL-4592,2026-03-19 17:25:00,8.139578,10.888253,32.7,4.92
T07,GL-4592,2026-03-19 17:26:00,8.14024,10.888092,27.1,3.09
T07,GL-4592,2026-03-19 17:27:00,8.140827,10.887803,20.6,3.41
T07,GL-4592,2026-03-19 17:28:00,8.141184,10.88773,30.8,3.32
T07,GL-4592,2026-03-19 17:29:00,8.142001,10.887248,,5.4
T07,GL-4592,2026-03-19 17:30:00,8.141917,10.887112,24.2,3.31
T07,GL-4592,2026-03-19 17:31:00,8.143244,10.886484,25.5,3.39
T07,GL-4592,2026-03-19 17:32:00,8.143534,10.88623,52.8,4.35
T07,GL-4592,2026-03-19 17:33:00,8.144004,10.885645,57.4,3.65
T07,GL-4592,2026-03-19 17:34:00,8.144294,10.885446,15.0,4.6
T07,GL-4592,2026-03-19 17:35:00,8.14505,10.885506,47.2,3.0
T07,GL-4592,2026-03-19 17:36:00,8.14576,10.885486,44.7,5.13
T07,GL-4592,2026-03-19 17:37:00,8.146789,10.885044,19.3,3.62
T07,GL-4592,2026-03-19 17:38:00,8.147433,10.884709,18.8,3.23
T07,GL-4592,2026-03-19 17:39:00,8.147602,10.884811,14.7,3.94
T07,GL-4592,2026-03-19 17:40:00,8.148216,10.884148,38.6,4.7
T07,GL-4592,2026-03-19 17:41:00,8.148579,10.884146,15.9,4.75
T07,GL-4592,2026-03-19 17:42:00,8.149104,10.883874,45.7,3.34
T07,GL-4592,2026-03-19 17:43:00,8.149498,10.883649,19.1,4.75
T07,GL-4592,2026-03-19 17:44:00,8.150321,10.883254,41.6,4.4
T07,GL-4592,2026-03-19 17:45:00,8.151214,10.882864,18.4,3.67
T07,GL-4592,2026-03-19 17:46:00,8.151585,10.882804,56.2,3.28
T07,GL-4592,2026-03-19 17:47:00,8.151561,10.88326,22.6,4.59
T07,GL-4592,2026-03-19 17:48:00,8.152769,10.882621,28.5,5.0
T07,GL-4592,2026-03-19 17:49:00,8.15329,10.882337,44.5,4.39
T07,GL-4592,2026-03-19 17:50:00,8.153551,10.881489,17.6,4.8
T07,GL-4592,2026-03-19 17:51:00,8.154199,10.881846,42.8,2.99
T07,GL-4592,2026-03-19 17:52:00,8.15481,10.881593,17.9,3.92
T07,GL-4592,2026-03-19 17:53:00,8.155293,10.881205,23.1,5.06
T07,GL-4592,2026-03-19 17:54:00,8.155602,10.88119,23.8,3.79
T07,GL-4592,2026-03-19 17:55:00,8.156201,10.880853,26.3,3.39
T07,GL-4592,2026-03-19 17:56:00,8.157282,10.880517,34.6,3.51
T07,GL-4592,2026-03-19 17:57:00,8.157453,10.880284,47.8,4.41
T07,GL-4592,2026-03-19 17:58:00,8.158166,10.879742,29.5,4.96
T07,GL-4592,2026-03-19 17:59:00,8.158407,10.879842,40.0,3.5
T07,GL-4592,2026-03-19 18:00:00,8.158998,10.879714,43.5,5.12
T07,GL-4592,2026-03-19 18:01:00,8.160332,10.879261,47.1,3.11
T07,GL-4592,2026-03-19 18:02:00,8.160506,10.878798,24.8,5.34
T07,GL-4592,2026-03-19 18:03:00,8.161048,10.878667,49.1,3.0
T07,GL-4592,2026-03-19 18:04:00,8.161211,10.878616,16.6,4.31
T07,GL-4592,2026-03-19 18:05:00,8.161795,10.878125,18.0,3.76
T07,GL-4592,2026-03-19 18:06:00,8.162724,10.877858,51.1,3.47
T07,GL-4592,2026-03-19 18:07:00,8.163035,10.877502,22.1,3.98
T07,GL-4592,2026-03-19 18:08:00,8.163695,10.877535,32.1,3.94
T07,GL-4592,2026-03-19 18:09:00,8.164336,10.877632,,4.71
T07,GL-4592,2026-03-19 18:10:00,8.164613,10.876899,25.3,3.0
T07,GL-4592,2026-03-19 18:11:00,8.165305,10.876757,43.6,3.32
T07,GL-4592,2026-03-19 18:12:00,8.165771,10.876841,24.6,4.01
T07,GL-4592,2026-03-19 18:13:00,8.166451,10.876229,36.7,2.89
T07,GL-4592,2026-03-19 18:14:00,8.167448,10.87591,38.6,2.88
T07,GL-4592,2026-03-19 18:15:00,8.167439,10.875856,,5.14
T07,GL-4592,2026-03-19 18:16:00,8.167899,10.875234,21.1,2.94
T07,GL-4592,2026-03-19 18:17:00,8.16853,10.875379,34.1,4.64
T07,GL-4592,2026-03-19 18:18:00,8.16899,10.874995,46.0,4.84
T07,GL-4592,2026-03-19 18:19:00,8.170152,10.874735,36.2,3.57
T07,GL-4592,2026-03-19 18:20:00,8.527473,10.874696,57.8,282.19
T07,GL-4592,2026-03-19 18:21:00,8.17115,10.8739,23.1,5.28
T07,GL-4592,2026-03-19 18:22:00,8.171212,10.874098,38.6,5.28
T07,GL-4592,2026-03-19 18:23:00,8.172052,10.873729,51.6,3.18
T07,GL-4592,2026-03-19 18:24:00,8.172427,10.873467,33.8,4.06
T07,GL-4592,2026-03-19 18:25:00,8.172847,10.873682,16.1,4.31
T07,GL-4592,2026-03-19 18:26:00,8.173674,10.873032,51.6,3.18
T07,GL-4592,2026-03-19 18:27:00,8.174452,10.872696,24.1,3.5
T07,GL-4592,2026-03-19 18:28:00,8.174641,10.872532,32.9,4.8
T07,GL-4592,2026-03-19 18:29:00,8.175613,10.871998,17.8,3.01
T07,GL-4592,2026-03-19 18:30:00,8.175887,10.872295,42.7,4.66
T07,GL-4592,2026-03-19 18:31:00,8.176506,10.871815,16.7,5.29
T07,GL-4592,2026-03-19 18:32:00,8.177079,10.871945,46.7,4.66
T07,GL-4592,2026-03-19 18:33:00,8.177186,10.871549,33.6,4.56
T07,GL-4592,2026-03-19 18:34:00,8.178408,10.871274,55.9,3.26
T07,GL-4592,2026-03-19 18:35:00,8.178488,10.870478,52.4,3.49
T07,GL-4592,2026-03-19 18:36:00,8.179154,10.870608,38.4,3.04
T07,GL-4592,2026-03-19 18:37:00,8.179821,10.870287,19.4,4.58
T07,GL-4592,2026-03-19 18:38:00,8.180789,10.87021,44.0,4.71
T07,GL-4592,2026-03-19 18:39:00,8.181065,10.869404,33.0,4.78
T07,GL-4592,2026-03-19 18:40:00,8.181724,10.869469,56.2,3.76
T07,GL-4592,2026-03-19 18:41:00,8.182036,10.86943,45.9,5.52
T07,GL-4592,2026-03-19 18:42:00,8.182781,10.869534,20.3,4.6
T07,GL-4592,2026-03-19 18:43:00,8.182933,10.869118,28.6,5.21
T07,GL-4592,2026-03-19 18:44:00,8.183302,10.868832,16.5,4.41
T07,GL-4592,2026-03-19 18:45:00,8.18446,10.868222,23.2,4.6
T07,GL-4592,2026-03-19 18:46:00,8.184833,10.867661,14.4,4.32
T07,GL-4592,2026-03-19 18:47:00,8.185199,10.868193,41.9,4.73
T07,GL-4592,2026-03-19 18:48:00,8.186353,10.867718,45.8,3.73
T07,GL-4592,2026-03-19 18:49:00,8.186754,10.867903,19.2,5.09
T07,GL-4592,2026-03-19 18:50:00,8.187379,10.866764,23.7,3.49
T07,GL-4592,2026-03-19 18:51:00,8.18762,10.86666,53.9,3.02
T07,GL-4592,2026-03-19 18:52:00,8.188122,10.866776,39.6,3.72
T07,GL-4592,2026-03-19 18:53:00,8.188589,10.866322,55.1,3.42
T07,GL-4592,2026-03-19 18:54:00,8.189081,10.8662,35.8,3.84
T07,GL-4592,2026-03-19 18:55:00,8.189941,10.866434,56.8,3.68
T07,GL-4592,2026-03-19 18:56:00,8.190659,10.865826,54.4,5.59
T07,GL-4592,2026-03-19 18:57:00,8.191121,10.865317,42.4,3.31
T07,GL-4592,2026-03-19 18:58:00,8.191635,10.865311,56.2,3.68
T07,GL-4592,2026-03-19 18:59:00,8.192033,10.864689,52.9,3.7
T07,GL-4592,2026-03-19 19:00:00,8.192615,10.864584,45.8,2.95
T07,GL-4592,2026-03-19 19:01:00,8.193146,10.864809,54.8,3.35
T07,GL-4592,2026-03-19 19:02:00,8.193417,10.864218,37.2,3.97
T07,GL-4592,2026-03-19 19:03:00,8.194504,10.863851,16.2,3.27
T07,GL-4592,2026-03-19 19:04:00,8.194891,10.864316,24.7,3.23
T07,GL-4592,2026-03-19 19:05:00,8.195713,10.863931,50.5,3.01
T07,GL-4592,2026-03-19 19:06:00,8.195854,10.863441,36.7,4.9
T07,GL-4592,2026-03-19 19:07:00,8.196451,10.863176,43.1,3.36
T07,GL-4592,2026-03-19 19:08:00,8.196912,10.862788,,4.19
T07,GL-4592,2026-03-19 19:09:00,8.197576,10.862676,36.2,3.91
T07,GL-4592,2026-03-19 19:10:00,8.198316,10.862278,53.2,3.07
T07,GL-4592,2026-03-19 19:11:00,8.198752,10.861925,41.6,5.04
T07,GL-4592,2026-03-19 19:12:00,8.199262,10.862136,17.6,3.7
T07,GL-4592,2026-03-19 19:13:00,8.199913,10.861759,39.7,4.86
T07,GL-4592,2026-03-19 19:14:00,8.200478,10.861603,25.9,4.37
T07,GL-4592,2026-03-19 19:15:00,8.200953,10.861422,48.4,2.89
T07,GL-4592,2026-03-19 19:16:00,8.147418,10.860666,25.7,221.82
T07,GL-4592,2026-03-19 19:17:00,8.202426,10.860627,54.8,4.9
T07,GL-4592,2026-03-19 19:18:00,8.203071,10.860117,43.9,4.18
T07,GL-4592,2026-03-19 19:19:00,8.203483,10.859653,16.6,3.42
T07,GL-4592,2026-03-19 19:20:00,8.203801,10.860123,29.3,5.1
T07,GL-4592,2026-03-19 19:21:00,8.204389,10.859666,42.6,3.42
T07,GL-4592,2026-03-19 19:22:00,8.204997,10.859737,40.8,4.01
T07,GL-4592,2026-03-19 19:23:00,8.205882,10.859176,44.9,3.45
T07,GL-4592,2026-03-19 19:24:00,8.206035,10.85905,33.1,4.93
T07,GL-4592,2026-03-19 19:25:00,8.206565,10.858394,15.4,4.97
T07,GL-4592,2026-03-19 19:26:00,8.207343,10.858308,25.3,4.59
T07,GL-4592,2026-03-19 19:27:00,8.208219,10.858041,22.7,3.78
T07,GL-4592,2026-03-19 19:28:00,8.208479,10.857713,15.2,3.16
T07,GL-4592,2026-03-19 19:29:00,8.20922,10.857428,45.8,5.54
T07,GL-4592,2026-03-19 19:30:00,8.2092,10.857637,19.7,4.29
T07,GL-4592,2026-03-19 19:31:00,8.21009,10.857389,15.4,4.96
T07,GL-4592,2026-03-19 19:32:00,8.21065,10.856855,46.4,3.39
T07,GL-4592,2026-03-19 19:33:00,8.211086,10.85633,39.4,4.74
T07,GL-4592,2026-03-19 19:34:00,8.211659,10.856191,27.5,2.94
T07,GL-4592,2026-03-19 19:35:00,8.212383,10.856319,40.6,4.01
T07,GL-4592,2026-03-19 19:36:00,8.212641,10.855937,40.9,3.67
T07,GL-4592,2026-03-19 19:37:00,8.213413,10.855692,37.5,3.73
T07,GL-4592,2026-03-19 19:38:00,8.21377,10.855288,27.2,5.45
T07,GL-4592,2026-03-19 19:39:00,8.21461,10.855249,33.5,3.73
T07,GL-4592,2026-03-19 19:40:00,8.215194,10.854963,34.8,4.59
T07,GL-4592,2026-03-19 19:41:00,8.215557,10.854801,19.1,4.89
T07,GL-4592,2026-03-19 19:42:00,8.216216,10.854371,23.1,4.09
T07,GL-4592,2026-03-19 19:43:00,8.216511,10.854373,27.8,4.0
T07,GL-4592,2026-03-19 19:44:00,8.21735,10.853961,18.6,4.53
T07,GL-4592,2026-03-19 19:45:00,8.217541,10.854114,38.0,4.72
T07,GL-4592,2026-03-19 19:46:00,8.218409,10.853424,27.9,3.19
T07,GL-4592,2026-03-19 19:47:00,8.218637,10.853175,28.7,3.24
T07,GL-4592,2026-03-19 19:48:00,8.219438,10.853488,14.3,3.72
T07,GL-4592,2026-03-19 19:49:00,8.220493,10.853004,18.2,3.63
T07,GL-4592,2026-03-19 19:50:00,8.220294,10.852429,36.1,4.83
T07,GL-4592,2026-03-19 19:51:00,8.22105,10.852497,28.2,4.2
T07,GL-4592,2026-03-19 19:52:00,8.221591,10.851806,44.2,5.26
T07,GL-4592,2026-03-19 19:53:00,8.222083,10.851712,46.8,3.95
T07,GL-4592,2026-03-19 19:54:00,8.222927,10.851417,41.7,4.92
T07,GL-4592,2026-03-19 19:55:00,8.223678,10.851338,33.4,4.14
T07,GL-4592,2026-03-19 19:56:00,8.223884,10.851229,24.9,3.07
T07,GL-4592,2026-03-19 19:57:00,8.224585,10.850732,19.0,4.7
T07,GL-4592,2026-03-19 19:58:00,8.224942,10.850505,26.3,4.13
T07,GL-4592,2026-03-19 19:59:00,8.226242,10.850376,28.1,4.67
T07,GL-4592,2026-03-19 20:00:00,8.226281,10.850652,20.7,4.3
T07,GL-4592,2026-03-19 20:01:00,8.227011,10.849748,44.3,3.46
T07,GL-4592,2026-03-19 20:02:00,8.227443,10.849393,55.9,3.62
T07,GL-4592,2026-03-19 20:03:00,8.227809,10.849402,40.1,4.73
T07,GL-4592,2026-03-19 20:04:00,8.228283,10.848753,55.7,4.71
T07,GL-4592,2026-03-19 20:05:00,8.228998,10.849191,42.9,5.08
T07,GL-4592,2026-03-19 20:06:00,8.229409,10.848613,35.9,3.18
T07,GL-4592,2026-03-19 20:07:00,8.230386,10.848252,20.4,5.51
T07,GL-4592,2026-03-19 20:08:00,8.230661,10.847903,30.0,5.46
T07,GL-4592,2026-03-19 20:09:00,8.231144,10.847651,26.1,4.82
T07,GL-4592,2026-03-19 20:10:00,8.231519,10.847542,16.3,4.46
T07,GL-4592,2026-03-19 20:11:00,8.232008,10.847342,45.1,5.57
T07,GL-4592,2026-03-19 20:12:00,8.232737,10.8471,49.4,4.38
T07,GL-4592,2026-03-19 20:13:00,8.233812,10.847002,41.6,4.5
T07,GL-4592,2026-03-19 20:14:00,8.233949,10.846693,15.0,4.37
T07,GL-4592,2026-03-19 20:15:00,8.234879,10.846833,50.5,3.32
T07,GL-4592,2026-03-19 20:16:00,8.23522,10.84583,15.6,5.51
T07,GL-4592,2026-03-19 20:17:00,8.236158,10.845513,44.1,4.11
T07,GL-4592,2026-03-19 20:18:00,8.236523,10.845194,28.6,4.17
T07,GL-4592,2026-03-19 20:19:00,8.236722,10.845237,43.6,4.09
T07,GL-4592,2026-03-19 20:20:00,8.237241,10.84492,49.6,3.23
T07,GL-4592,2026-03-19 20:21:00,8.237857,10.84467,32.6,2.89
T07,GL-4592,2026-03-19 20:22:00,8.238755,10.844551,27.9,3.98
T07,GL-4592,2026-03-19 20:23:00,8.239205,10.844263,42.4,5.4
T07,GL-4592,2026-03-19 20:24:00,8.239671,10.844109,32.0,3.89
T07,GL-4592,2026-03-19 20:25:00,8.239546,10.843576,30.2,2.99
T07,GL-4592,2026-03-19 20:26:00,8.240646,10.843347,36.6,5.02
T07,GL-4592,2026-03-19 20:27:00,8.241151,10.843229,23.0,3.45
T07,GL-4592,2026-03-19 20:28:00,8.242085,10.843027,23.1,4.48
T07,GL-4592,2026-03-19 20:29:00,8.242455,10.842887,51.6,2.86
T07,GL-4592,2026-03-19 20:30:00,8.242994,10.842998,48.3,4.4
T07,GL-4592,2026-03-19 20:31:00,8.243944,10.84199,48.4,4.04
T07,GL-4592,2026-03-19 20:32:00,8.243885,10.842305,27.3,3.42
T07,GL-4592,2026-03-19 20:33:00,8.244584,10.842048,,5.01
T07,GL-4592,2026-03-19 20:34:00,8.245062,10.841818,23.6,5.0
T07,GL-4592,2026-03-19 20:35:00,8.245964,10.841222,47.2,4.71
T07,GL-4592,2026-03-19 20:36:00,8.246251,10.841049,17.9,4.33
T07,GL-4592,2026-03-19 20:37:00,8.247023,10.841208,49.2,3.66
T07,GL-4592,2026-03-19 20:38:00,8.24734,10.84093,15.5,5.5
T07,GL-4592,2026-03-19 20:39:00,8.247926,10.840578,32.1,2.81
T07,GL-4592,2026-03-19 20:40:00,8.248675,10.840233,30.2,3.92
T07,GL-4592,2026-03-19 20:41:00,8.24907,10.840283,33.6,5.19
T07,GL-4592,2026-03-19 20:42:00,8.249828,10.839633,28.9,2.87
T07,GL-4592,2026-03-19 20:43:00,8.249961,10.839147,52.3,4.9
T07,GL-4592,2026-03-19 20:44:00,8.250854,10.839121,36.0,5.24
T07,GL-4592,2026-03-19 20:45:00,8.251437,10.839115,53.5,4.86
T07,GL-4592,2026-03-19 20:46:00,8.252128,10.838774,37.7,3.84
T07,GL-4592,2026-03-19 20:47:00,8.252319,10.838676,27.7,4.41
T07,GL-4592,2026-03-19 20:48:00,8.252809,10.838444,39.1,5.38
T07,GL-4592,2026-03-19 20:49:00,8.253496,10.837832,,3.45
T07,GL-4592,2026-03-19 20:50:00,8.254082,10.837925,20.9,3.42
T07,GL-4592,2026-03-19 20:51:00,8.254705,10.837427,45.1,4.78
T07,GL-4592,2026-03-19 20:52:00,8.255284,10.83734,17.1,3.39
T07,GL-4592,2026-03-19 20:53:00,8.255883,10.83727,56.8,4.37
T07,GL-4592,2026-03-19 20:54:00,8.256639,10.836474,57.5,5.58
T07,GL-4592,2026-03-19 20:55:00,8.256461,10.83652,22.2,4.43
T07,GL-4592,2026-03-19 20:56:00,8.257348,10.83627,19.0,0.89
T07,GL-4592,2026-03-19 20:57:00,8.257131,10.836181,39.0,0.44
T07,GL-4592,2026-03-19 20:58:00,8.257119,10.836712,31.3,0.34
T07,GL-4592,2026-03-19 20:59:00,8.257383,10.836598,46.1,0.36
T07,GL-4592,2026-03-19 21:00:00,8.256842,10.836394,,0.18
T07,GL-4592,2026-03-19 21:01:00,8.25682,10.836138,53.5,0.76
T07,GL-4592,2026-03-19 21:02:00,8.256444,10.836461,43.4,0.51
T07,GL-4592,2026-03-19 21:03:00,8.257033,10.836654,17.4,0.06
T07,GL-4592,2026-03-19 21:04:00,8.256833,10.836492,53.5,0.08
T07,GL-4592,2026-03-19 21:05:00,8.256757,10.836563,14.9,0.11
T07,GL-4592,2026-03-19 21:06:00,8.257034,10.837008,19.4,0.32
T07,GL-4592,2026-03-19 21:07:00,8.256824,10.836722,21.4,0.88
T07,GL-4592,2026-03-19 21:08:00,8.256747,10.837335,31.9,0.77
T07,GL-4592,2026-03-19 21:09:00,8.256289,10.836434,46.7,0.15
T07,GL-4592,2026-03-19 21:10:00,8.256644,10.836304,38.9,0.14
T07,GL-4592,2026-03-19 21:11:00,8.257022,10.836641,51.3,0.24
T07,GL-4592,2026-03-19 21:12:00,8.256906,10.835996,39.4,0.45
T07,GL-4592,2026-03-19 21:13:00,8.257128,10.836409,33.8,0.9
T07,GL-4592,2026-03-19 21:14:00,8.25665,10.836595,47.2,0.09
T07,GL-4592,2026-03-19 21:15:00,8.257069,10.836079,16.4,0.3
T07,GL-4592,2026-03-19 21:16:00,8.256517,10.835996,44.8,0.87
T07,GL-4592,2026-03-19 21:17:00,8.257696,10.836157,33.9,0.57
T07,GL-4592,2026-03-19 21:18:00,8.257206,10.836088,22.9,0.12
T07,GL-4592,2026-03-19 21:19:00,8.257015,10.836274,40.1,0.72
T07,GL-4592,2026-03-19 21:20:00,8.257048,10.836415,54.3,0.17
T07,GL-4592,2026-03-19 21:21:00,8.25623,10.836813,21.5,0.18
T07,GL-4592,2026-03-19 21:22:00,8.25724,10.836079,50.6,0.56
T07,GL-4592,2026-03-19 21:23:00,8.257086,10.836424,50.2,0.36
T07,GL-4592,2026-03-19 21:24:00,8.25659,10.836294,53.2,0.79
T07,GL-4592,2026-03-19 21:25:00,8.256618,10.836269,47.8,0.4
T07,GL-4592,2026-03-19 21:26:00,8.256865,10.8364,54.0,0.18
T07,GL-4592,2026-03-19 21:27:00,8.257204,10.836488,43.0,0.25
T07,GL-4592,2026-03-19 21:28:00,8.25678,10.836422,41.0,0.01
T07,GL-4592,2026-03-19 21:29:00,8.256897,10.836542,39.9,0.22
T07,GL-4592,2026-03-19 21:30:00,8.256945,10.836436,25.1,0.05
T07,GL-4592,2026-03-19 21:31:00,8.256742,10.836618,41.9,0.21
T07,GL-4592,2026-03-19 21:32:00,8.256734,10.836511,56.7,0.05
T07,GL-4592,2026-03-19 21:33:00,8.256927,10.836517,29.0,0.15
T07,GL-4592,2026-03-19 21:34:00,8.256907,10.836631,20.7,0.18
T07,GL-4592,2026-03-19 21:35:00,8.257187,10.836623,47.6,0.39
T07,GL-4592,2026-03-19 21:36:00,8.257068,10.836382,51.2,0.38
T07,GL-4592,2026-03-19 21:37:00,8.256822,10.836403,39.1,0.2
T07,GL-4592,2026-03-19 21:38:00,8.256739,10.836515,15.0,0.13
T07,GL-4592,2026-03-19 21:39:00,8.257045,10.836523,37.5,0.26
T07,GL-4592,2026-03-19 21:40:00,8.256936,10.836669,23.2,0.11
T07,GL-4592,2026-03-19 21:41:00,8.256928,10.836647,36.0,0.25
T07,GL-4592,2026-03-19 21:42:00,8.25702,10.836547,25.8,0.11
T07,GL-4592,2026-03-19 21:43:00,8.257009,10.836407,19.8,0.18
T07,GL-4592,2026-03-19 21:44:00,8.257019,10.836511,38.3,0.0
T07,GL-4592,2026-03-19 21:45:00,8.256916,10.836489,38.9,0.1
T07,GL-4592,2026-03-19 21:46:00,8.256748,10.83663,25.3,0.14
T07,GL-4592,2026-03-19 21:47:00,8.346396,10.836479,,328.9
T07,GL-4592,2026-03-19 21:48:00,8.256955,10.836599,14.5,0.12
T07,GL-4592,2026-03-19 21:49:00,8.256893,10.836328,45.5,0.06
T07,GL-4592,2026-03-19 21:50:00,8.256938,10.836516,33.6,0.38
T07,GL-4592,2026-03-19 21:51:00,8.25693,10.836477,26.8,0.31
T07,GL-4592,2026-03-19 21:52:00,8.257109,10.83651,28.2,0.3
T07,GL-4592,2026-03-19 21:53:00,8.256777,10.836314,29.7,0.21
T07,GL-4592,2026-03-19 21:54:00,8.256948,10.836455,24.4,0.17
T07,GL-4592,2026-03-19 21:55:00,8.256981,10.836452,28.7,0.13
T07,GL-4592,2026-03-19 21:56:00,8.257036,10.836403,34.3,0.03
T07,GL-4592,2026-03-19 21:57:00,8.256858,10.836603,22.2,0.18
T07,GL-4592,2026-03-19 21:58:00,8.256865,10.836531,52.5,0.03
T07,GL-4592,2026-03-19 21:59:00,8.256976,10.836639,43.7,0.09
T07,GL-4592,2026-03-19 22:00:00,8.256914,10.836631,39.8,0.29
T07,GL-4592,2026-03-19 22:01:00,8.256887,10.836457,28.9,0.15
T07,GL-4592,2026-03-19 22:02:00,8.256833,10.836449,25.1,0.29
T07,GL-4592,2026-03-19 22:03:00,8.256601,10.83664,31.6,0.13
T07,GL-4592,2026-03-19 22:04:00,8.256618,10.836439,33.4,0.06
T07,GL-4592,2026-03-19 22:05:00,8.25679,10.836668,55.0,0.25
T07,GL-4592,2026-03-19 22:06:00,8.256778,10.836784,40.9,0.34
T07,GL-4592,2026-03-19 22:07:00,8.256743,10.836559,39.5,0.18
T07,GL-4592,2026-03-19 22:08:00,8.25686,10.836299,52.8,0.19
T07,GL-4592,2026-03-19 22:09:00,8.256735,10.836677,53.1,0.15
T07,GL-4592,2026-03-19 22:10:00,8.257008,10.836584,22.0,0.37
T07,GL-4592,2026-03-19 22:11:00,8.256897,10.836423,20.0,0.36
T07,GL-4592,2026-03-19 22:12:00,8.257013,10.836681,19.6,0.05
T07,GL-4592,2026-03-19 22:13:00,8.256843,10.836562,16.5,0.17
T07,GL-4592,2026-03-19 22:14:00,8.256956,10.836542,16.2,0.32
T07,GL-4592,2026-03-19 22:15:00,8.256816,10.836348,37.2,0.1
T07,GL-4592,2026-03-19 22:16:00,8.256818,10.83624,37.6,0.29
T07,GL-4592,2026-03-19 22:17:00,8.256967,10.836497,19.9,0.26
T07,GL-4592,2026-03-19 22:18:00,8.256956,10.836318,56.1,0.1
T07,GL-4592,2026-03-19 22:19:00,8.256985,10.836592,44.8,0.02
T07,GL-4592,2026-03-19 22:20:00,8.256954,10.836548,56.8,0.11
T07,GL-4592,2026-03-19 22:21:00,8.256925,10.836418,36.2,0.11
T07,GL-4592,2026-03-19 22:22:00,8.256769,10.836634,25.6,0.34
T07,GL-4592,2026-03-19 22:23:00,8.256835,10.836662,38.9,0.05
T07,GL-4592,2026-03-19 22:24:00,8.256902,10.836402,27.0,0.34
T07,GL-4592,2026-03-19 22:25:00,8.257015,10.836693,46.5,0.07
T07,GL-4592,2026-03-19 22:26:00,8.25695,10.83658,22.7,0.34
T07,GL-4592,2026-03-19 22:27:00,8.25681,10.836534,55.4,0.06
T07,GL-4592,2026-03-19 22:28:00,8.257013,10.836442,30.3,0.02
T07,GL-4592,2026-03-19 22:29:00,8.256852,10.836584,20.3,0.03
T07,GL-4592,2026-03-19 22:30:00,8.256855,10.836462,34.6,0.05
T07,GL-4592,2026-03-19 22:31:00,8.257002,10.836397,42.5,0.1
T07,GL-4592,2026-03-19 22:32:00,8.256809,10.836435,50.8,0.2
T07,GL-4592,2026-03-19 22:33:00,8.257026,10.836552,25.7,0.18
T07,GL-4592,2026-03-19 22:34:00,8.257016,10.836488,31.7,0.33
T07,GL-4592,2026-03-19 22:35:00,8.256828,10.83656,19.3,0.06
T07,GL-4592,2026-03-19 22:36:00,8.256728,10.836611,43.7,0.15
T07,GL-4592,2026-03-19 22:37:00,8.256924,10.836679,23.1,0.16
T07,GL-4592,2026-03-19 22:38:00,8.257143,10.836492,25.9,0.32
T07,GL-4592,2026-03-19 22:39:00,8.256805,10.836493,46.7,0.33
T07,GL-4592,2026-03-19 22:40:00,8.25702,10.83652,14.7,0.1
T07,GL-4592,2026-03-19 22:41:00,8.2569,10.836635,32.1,0.4
T07,GL-4592,2026-03-19 22:42:00,8.256676,10.836672,30.0,0.32
T07,GL-4592,2026-03-19 22:43:00,8.256923,10.836395,47.6,0.16
T07,GL-4592,2026-03-19 22:44:00,8.25688,10.836542,48.5,0.25
T07,GL-4592,2026-03-19 22:45:00,8.257124,10.836587,37.4,0.12
T07,GL-4592,2026-03-19 22:46:00,8.256866,10.836679,19.3,0.01
T07,GL-4592,2026-03-19 22:47:00,8.257032,10.836322,31.2,0.29
T07,GL-4592,2026-03-19 22:48:00,8.256843,10.83655,39.9,0.1
T07,GL-4592,2026-03-19 22:49:00,8.25686,10.836493,40.3,0.28
T07,GL-4592,2026-03-19 22:50:00,8.256682,10.836581,40.9,0.37
T07,GL-4592,2026-03-19 22:51:00,8.25706,10.836474,57.2,0.35
T07,GL-4592,2026-03-19 22:52:00,8.256849,10.836551,18.1,0.24
T07,GL-4592,2026-03-19 22:53:00,8.256737,10.836673,27.4,0.04
T07,GL-4592,2026-03-19 22:54:00,8.257001,10.836557,43.7,0.27
T07,GL-4592,2026-03-19 22:55:00,8.256745,10.836749,19.9,0.07
T07,GL-4592,2026-03-19 22:56:00,8.256925,10.836616,34.9,0.07
T07,GL-4592,2026-03-19 22:57:00,8.256719,10.836615,24.4,0.21
T07,GL-4592,2026-03-19 22:58:00,8.256878,10.836607,52.4,0.17
T07,GL-4592,2026-03-19 22:59:00,8.256746,10.836587,55.0,0.26
T07,GL-4592,2026-03-19 23:00:00,8.2568,10.836532,34.6,0.02
T07,GL-4592,2026-03-19 23:01:00,8.256946,10.836445,23.4,0.34
T07,GL-4592,2026-03-19 23:02:00,8.256798,10.836436,22.1,0.39
T07,GL-4592,2026-03-19 23:03:00,8.256475,10.836913,47.2,3.66
T07,GL-4592,2026-03-19 23:04:00,8.255588,10.836747,32.1,4.54
T07,GL-4592,2026-03-19 23:05:00,8.254692,10.837285,45.8,5.26
T07,GL-4592,2026-03-19 23:06:00,8.254168,10.837664,57.3,3.53
T07,GL-4592,2026-03-19 23:07:00,8.253717,10.838255,50.2,5.43
T07,GL-4592,2026-03-19 23:08:00,8.252307,10.838297,54.9,2.8
T07,GL-4592,2026-03-19 23:09:00,8.251691,10.838383,29.7,4.92
T07,GL-4592,2026-03-19 23:10:00,8.250724,10.83816,45.9,4.26
T07,GL-4592,2026-03-19 23:11:00,8.250141,10.838536,39.0,3.13
T07,GL-4592,2026-03-19 23:12:00,8.249364,10.838818,28.6,4.7
T07,GL-4592,2026-03-19 23:13:00,8.248652,10.839255,19.0,3.81
T07,GL-4592,2026-03-19 23:14:00,8.247951,10.839175,40.0,5.04
T07,GL-4592,2026-03-19 23:15:00,8.247005,10.839808,57.1,4.38
T07,GL-4592,2026-03-19 23:16:00,8.246772,10.839869,57.4,3.87
T07,GL-4592,2026-03-19 23:17:00,8.246248,10.84008,32.2,5.57
T07,GL-4592,2026-03-19 23:18:00,8.245902,10.839867,29.5,0.45
T07,GL-4592,2026-03-19 23:19:00,8.246126,10.840278,36.7,0.38
T07,GL-4592,2026-03-19 23:20:00,8.245701,10.839887,52.8,0.44
T07,GL-4592,2026-03-19 23:21:00,8.245929,10.840137,53.7,0.41
T07,GL-4592,2026-03-19 23:22:00,8.245643,10.839908,44.6,0.7
T07,GL-4592,2026-03-19 23:23:00,8.245806,10.840394,57.2,0.05
T07,GL-4592,2026-03-19 23:24:00,8.245751,10.84017,39.0,0.35
T07,GL-4592,2026-03-19 23:25:00,8.245727,10.840282,15.4,0.71
T07,GL-4592,2026-03-19 23:26:00,8.245618,10.83992,45.7,0.74
T07,GL-4592,2026-03-19 23:27:00,8.245853,10.839851,28.7,0.21
T07,GL-4592,2026-03-19 23:28:00,8.245646,10.840127,52.1,0.53
T07,GL-4592,2026-03-19 23:29:00,8.245771,10.839776,46.1,0.63
T07,GL-4592,2026-03-19 23:30:00,8.24578,10.840034,26.3,0.72
T07,GL-4592,2026-03-19 23:31:00,8.245681,10.840265,57.5,0.15
T07,GL-4592,2026-03-19 23:32:00,8.246307,10.839717,49.3,0.83
T07,GL-4592,2026-03-19 23:33:00,8.245407,10.840516,15.2,0.1
T07,GL-4592,2026-03-19 23:34:00,8.245928,10.840151,17.7,0.46
T07,GL-4592,2026-03-19 23:35:00,8.627207,10.839948,28.3,322.05
T07,GL-4592,2026-03-19 23:36:00,8.245643,10.84013,57.7,0.71
T07,GL-4592,2026-03-19 23:37:00,8.246412,10.839707,33.6,0.86
T07,GL-4592,2026-03-19 23:38:00,8.245964,10.840275,41.1,0.55
T07,GL-4592,2026-03-19 23:39:00,8.245696,10.840341,25.8,0.31
T07,GL-4592,2026-03-19 23:40:00,8.245602,10.840685,29.7,0.18
T07,GL-4592,2026-03-19 23:41:00,8.245554,10.839833,15.7,0.58
T07,GL-4592,2026-03-19 23:42:00,8.245347,10.840861,27.7,3.56
T07,GL-4592,2026-03-19 23:43:00,8.244833,10.840496,49.6,5.51
T07,GL-4592,2026-03-19 23:44:00,8.244413,10.841064,26.8,5.58
T07,GL-4592,2026-03-19 23:45:00,8.243448,10.841259,22.5,5.19
T07,GL-4592,2026-03-19 23:46:00,8.243123,10.841631,49.6,3.73
T07,GL-4592,2026-03-19 23:47:00,8.241781,10.841789,17.8,3.31
T07,GL-4592,2026-03-19 23:48:00,8.241979,10.841773,23.9,4.11
T07,GL-4592,2026-03-19 23:49:00,8.241362,10.841926,18.3,3.19
T07,GL-4592,2026-03-19 23:50:00,8.24077,10.842053,47.5,3.43
T07,GL-4592,2026-03-19 23:51:00,8.240203,10.842907,31.9,4.98
T07,GL-4592,2026-03-19 23:52:00,8.239628,10.842841,42.0,3.41
T07,GL-4592,2026-03-19 23:53:00,8.239256,10.843471,25.7,4.68
T07,GL-4592,2026-03-19 23:54:00,8.238106,10.843107,39.9,4.33
T07,GL-4592,2026-03-19 23:55:00,8.237654,10.843685,32.9,3.73
T07,GL-4592,2026-03-19 23:56:00,8.237875,10.844096,33.4,5.46
T07,GL-4592,2026-03-19 23:57:00,8.236787,10.844216,16.9,4.42
T07,GL-4592,2026-03-19 23:58:00,8.235984,10.844504,49.7,3.7
T07,GL-4592,2026-03-19 23:59:00,8.235599,10.844982,19.4,3.38
T07,GL-4592,2026-03-20 00:00:00,8.235052,10.845204,40.3,4.37
T07,GL-4592,2026-03-20 00:01:00,8.234924,10.845734,58.0,5.18
T07,GL-4592,2026-03-20 00:02:00,8.233851,10.845827,29.1,4.91
T07,GL-4592,2026-03-20 00:03:00,8.23384,10.845931,42.1,5.56
T07,GL-4592,2026-03-20 00:04:00,8.233223,10.846139,54.5,4.97
T07,GL-4592,2026-03-20 00:05:00,8.232059,10.846494,32.8,4.23
T07,GL-4592,2026-03-20 00:06:00,8.232185,10.846516,51.3,3.59
T07,GL-4592,2026-03-20 00:07:00,8.23166,10.846414,22.1,3.14
T07,GL-4592,2026-03-20 00:08:00,8.230413,10.847184,23.1,5.06
T07,GL-4592,2026-03-20 00:09:00,8.230369,10.847311,16.6,2.94
T07,GL-4592,2026-03-20 00:10:00,8.229668,10.847535,18.9,4.53
T07,GL-4592,2026-03-20 00:11:00,8.2289,10.847706,51.5,4.1
T07,GL-4592,2026-03-20 00:12:00,8.228265,10.848491,20.2,4.19
T07,GL-4592,2026-03-20 00:13:00,8.227668,10.848387,43.5,2.82
T07,GL-4592,2026-03-20 00:14:00,8.227869,10.848645,25.2,3.99
T07,GL-4592,2026-03-20 00:15:00,8.226757,10.848721,50.9,4.51
T07,GL-4592,2026-03-20 00:16:00,8.226063,10.84937,14.7,4.03
T07,GL-4592,2026-03-20 00:17:00,8.225644,10.849784,46.0,4.68
T07,GL-4592,2026-03-20 00:18:00,8.225144,10.849299,51.8,5.43
T07,GL-4592,2026-03-20 00:19:00,8.224102,10.850275,21.5,3.5
T07,GL-4592,2026-03-20 00:20:00,8.22421,10.850372,33.2,3.43
T07,GL-4592,2026-03-20 00:21:00,8.223298,10.850437,21.5,3.52
T07,GL-4592,2026-03-20 00:22:00,8.222487,10.850357,58.0,3.48
T07,GL-4592,2026-03-20 00:23:00,8.983695,10.851029,45.2,278.5
T07,GL-4592,2026-03-20 00:24:00,8.221445,10.851254,54.6,5.12
T07,GL-4592,2026-03-20 00:25:00,8.221073,10.851129,14.6,4.4
T07,GL-4592,2026-03-20 00:26:00,8.220277,10.851517,30.3,3.61
T07,GL-4592,2026-03-20 00:27:00,8.220176,10.85242,35.3,5.27
T07,GL-4592,2026-03-20 00:28:00,8.219284,10.851867,54.5,5.35
T07,GL-4592,2026-03-20 00:29:00,8.218694,10.85282,16.4,3.5
T07,GL-4592,2026-03-20 00:30:00,8.218607,10.853071,49.1,4.43
T07,GL-4592,2026-03-20 00:31:00,8.217956,10.853503,29.3,5.01
T07,GL-4592,2026-03-20 00:32:00,8.217672,10.852957,21.3,3.92
T07,GL-4592,2026-03-20 00:33:00,8.216667,10.853469,24.3,5.02
T07,GL-4592,2026-03-20 00:34:00,8.216295,10.853933,18.5,4.49
T07,GL-4592,2026-03-20 00:35:00,8.215493,10.85407,45.9,4.68
T07,GL-4592,2026-03-20 00:36:00,8.215164,10.854495,40.1,4.84
T07,GL-4592,2026-03-20 00:37:00,8.214139,10.85432,54.5,3.76
T07,GL-4592,2026-03-20 00:38:00,8.213692,10.85505,46.0,4.07
T07,GL-4592,2026-03-20 00:39:00,8.213265,10.854662,16.6,3.74
T07,GL-4592,2026-03-20 00:40:00,8.212392,10.855315,35.5,3.53
T07,GL-4592,2026-03-20 00:41:00,8.21218,10.855121,56.0,4.82
T07,GL-4592,2026-03-20 00:42:00,8.211253,10.855604,47.7,3.37
T07,GL-4592,2026-03-20 00:43:00,8.211234,10.85661,18.9,3.51
T07,GL-4592,2026-03-20 00:44:00,8.210385,10.85663,49.8,5.33
T07,GL-4592,2026-03-20 00:45:00,8.209652,10.856481,49.4,5.1
T07,GL-4592,2026-03-20 00:46:00,8.209374,10.856778,42.1,3.11
T07,GL-4592,2026-03-20 00:47:00,8.208763,10.857025,28.8,5.44
T07,GL-4592,2026-03-20 00:48:00,8.207843,10.857782,47.1,2.97
T07,GL-4592,2026-03-20 00:49:00,8.207532,10.857515,49.0,5.31
T07,GL-4592,2026-03-20 00:50:00,8.207443,10.857834,26.9,2.85
T07,GL-4592,2026-03-20 00:51:00,8.206287,10.858255,37.1,3.1
T07,GL-4592,2026-03-20 00:52:00,8.205952,10.858509,27.6,5.23
T07,GL-4592,2026-03-20 00:53:00,8.205126,10.858416,30.6,3.3
T07,GL-4592,2026-03-20 00:54:00,8.204764,10.859052,32.7,4.11
T07,GL-4592,2026-03-20 00:55:00,8.204142,10.858975,18.3,4.33
T07,GL-4592,2026-03-20 00:56:00,8.203813,10.859121,23.5,4.68
T07,GL-4592,2026-03-20 00:57:00,8.20307,10.859187,35.0,3.56
T07,GL-4592,2026-03-20 00:58:00,8.202504,10.859742,52.9,4.43
T07,GL-4592,2026-03-20 00:59:00,8.202132,10.860149,19.8,5.52
T07,GL-4592,2026-03-20 01:00:00,8.201451,10.860394,35.5,5.15
T07,GL-4592,2026-03-20 01:01:00,8.200909,10.860517,55.1,4.81
T07,GL-4592,2026-03-20 01:02:00,8.20007,10.861093,43.3,5.45
T07,GL-4592,2026-03-20 01:03:00,8.199179,10.860852,50.2,4.35
T07,GL-4592,2026-03-20 01:04:00,8.199017,10.86176,17.7,2.82
T07,GL-4592,2026-03-20 01:05:00,8.19892,10.861891,53.1,4.86
T07,GL-4592,2026-03-20 01:06:00,8.197922,10.861969,36.1,4.38
T07,GL-4592,2026-03-20 01:07:00,8.198018,10.862419,37.6,4.68
T07,GL-4592,2026-03-20 01:08:00,8.196642,10.862087,37.0,3.29
T07,GL-4592,2026-03-20 01:09:00,8.196808,10.862849,41.1,3.17
T07,GL-4592,2026-03-20 01:10:00,8.196045,10.863117,15.6,3.22
T07,GL-4592,2026-03-20 01:11:00,8.195716,10.863243,37.3,3.48
T07,GL-4592,2026-03-20 01:12:00,8.194689,10.86374,18.5,4.75
T07,GL-4592,2026-03-20 01:13:00,8.193729,10.863802,56.7,3.04
T07,GL-4592,2026-03-20 01:14:00,8.193767,10.863612,53.9,3.35
T07,GL-4592,2026-03-20 01:15:00,8.193031,10.864168,38.7,5.05
T07,GL-4592,2026-03-20 01:16:00,8.192564,10.864823,17.6,5.33
T07,GL-4592,2026-03-20 01:17:00,8.192115,10.864842,18.1,4.64
T07,GL-4592,2026-03-20 01:18:00,8.191215,10.864758,40.6,5.11
T07,GL-4592,2026-03-20 01:19:00,8.190888,10.865288,54.4,3.97
T07,GL-4592,2026-03-20 01:20:00,8.190239,10.865332,18.6,4.74
T07,GL-4592,2026-03-20 01:21:00,8.189447,10.865668,39.4,4.58
T07,GL-4592,2026-03-20 01:22:00,8.189243,10.865829,31.4,4.25
T07,GL-4592,2026-03-20 01:23:00,8.188521,10.86645,34.0,4.16
T07,GL-4592,2026-03-20 01:24:00,8.188072,10.866676,20.2,2.9
T07,GL-4592,2026-03-20 01:25:00,8.187572,10.867423,29.2,5.11
T07,GL-4592,2026-03-20 01:26:00,8.187072,10.866925,50.7,4.72
T07,GL-4592,2026-03-20 01:27:00,8.18625,10.867124,51.6,4.57
T07,GL-4592,2026-03-20 01:28:00,8.185795,10.867542,51.2,3.39
T07,GL-4592,2026-03-20 01:29:00,8.1854,10.867802,55.3,3.67
T07,GL-4592,2026-03-20 01:30:00,8.184794,10.868072,40.5,5.11
T07,GL-4592,2026-03-20 01:31:00,8.184351,10.868757,21.0,4.66
T07,GL-4592,2026-03-20 01:32:00,8.183728,10.86854,18.0,5.15
T07,GL-4592,2026-03-20 01:33:00,8.18282,10.869146,55.5,3.48
T07,GL-4592,2026-03-20 01:34:00,8.182176,10.868959,34.8,2.92
T07,GL-4592,2026-03-20 01:35:00,8.181501,10.869824,26.9,3.22
T07,GL-4592,2026-03-20 01:36:00,8.181264,10.869728,41.4,4.57
T07,GL-4592,2026-03-20 01:37:00,8.180949,10.869717,52.4,5.14
T07,GL-4592,2026-03-20 01:38:00,8.17985,10.870179,34.4,5.44
T07,GL-4592,2026-03-20 01:39:00,8.179612,10.870495,28.2,5.47
T07,GL-4592,2026-03-20 01:40:00,8.178901,10.870513,17.8,5.05
T07,GL-4592,2026-03-20 01:41:00,8.178413,10.870859,26.5,3.52
T07,GL-4592,2026-03-20 01:42:00,8.177762,10.871108,22.4,5.36
T07,GL-4592,2026-03-20 01:43:00,8.17738,10.871743,26.8,4.43
T07,GL-4592,2026-03-20 01:44:00,8.177043,10.871879,41.6,2.91
T07,GL-4592,2026-03-20 01:45:00,8.176286,10.872087,24.2,2.85
T07,GL-4592,2026-03-20 01:46:00,8.175448,10.871475,17.3,2.93
T07,GL-4592,2026-03-20 01:47:00,8.175334,10.872315,31.0,4.09
T07,GL-4592,2026-03-20 01:48:00,8.174394,10.872571,47.7,3.51
T07,GL-4592,2026-03-20 01:49:00,8.173888,10.872838,26.9,4.46
T07,GL-4592,2026-03-20 01:50:00,8.173244,10.873373,49.8,4.34
T07,GL-4592,2026-03-20 01:51:00,8.172814,10.873663,30.2,5.51
T07,GL-4592,2026-03-20 01:52:00,8.172049,10.873384,15.8,4.72
T07,GL-4592,2026-03-20 01:53:00,8.171537,10.874205,25.2,3.48
T07,GL-4592,2026-03-20 01:54:00,8.170952,10.874128,47.6,3.6
T07,GL-4592,2026-03-20 01:55:00,8.170361,10.874699,56.7,3.56
T07,GL-4592,2026-03-20 01:56:00,10.875176,8.170068,53.0,4.39
T07,GL-4592,2026-03-20 01:57:00,8.169415,10.874833,21.0,2.96
T07,GL-4592,2026-03-20 01:58:00,8.168252,10.875396,54.9,4.62
T07,GL-4592,2026-03-20 01:59:00,8.168229,10.875458,36.3,3.26
T07,GL-4592,2026-03-20 02:00:00,8.167898,10.875869,22.1,4.12
T07,GL-4592,2026-03-20 02:01:00,8.167284,10.876358,52.2,3.76
T07,GL-4592,2026-03-20 02:02:00,8.166498,10.876757,50.7,4.32
T07,GL-4592,2026-03-20 02:03:00,8.165933,10.876513,26.8,5.35
T07,GL-4592,2026-03-20 02:04:00,8.165509,10.876685,53.6,2.86
T07,GL-4592,2026-03-20 02:05:00,8.164687,10.877467,18.0,4.68
T07,GL-4592,2026-03-20 02:06:00,8.164511,10.877086,23.4,4.36
T07,GL-4592,2026-03-20 02:07:00,8.163905,10.877269,17.8,4.33
T07,GL-4592,2026-03-20 02:08:00,8.163283,10.877583,23.3,2.96
T07,GL-4592,2026-03-20 02:09:00,8.162622,10.878151,17.9,5.11
T07,GL-4592,2026-03-20 02:10:00,8.162018,10.878761,39.0,3.84
T07,GL-4592,2026-03-20 02:11:00,8.161541,10.87884,40.3,3.27
T07,GL-4592,2026-03-20 02:12:00,8.16097,10.879149,39.5,3.25
T07,GL-4592,2026-03-20 02:13:00,8.160303,10.878969,35.5,3.34
T07,GL-4592,2026-03-20 02:14:00,8.160225,10.879518,46.3,4.66
T07,GL-4592,2026-03-20 02:15:00,8.159465,10.880283,41.3,3.41
T07,GL-4592,2026-03-20 02:16:00,8.158632,10.880113,22.2,4.06
T07,GL-4592,2026-03-20 02:17:00,8.158179,10.880109,42.7,2.87
T07,GL-4592,2026-03-20 02:18:00,8.157344,10.880356,48.6,5.46
T07,GL-4592,2026-03-20 02:19:00,8.156777,10.880696,26.3,3.94
T07,GL-4592,2026-03-20 02:20:00,8.156528,10.881255,37.4,5.01
T07,GL-4592,2026-03-20 02:21:00,8.155837,10.881249,48.7,5.28
T07,GL-4592,2026-03-20 02:22:00,8.155697,10.881296,47.1,5.1
T07,GL-4592,2026-03-20 02:23:00,8.154839,10.881738,45.5,4.24
T07,GL-4592,2026-03-20 02:24:00,8.154191,10.881957,51.0,3.67
T07,GL-4592,2026-03-20 02:25:00,8.1536,10.882565,28.4,5.31
T07,GL-4592,2026-03-20 02:26:00,8.152807,10.88227,57.7,4.51
T07,GL-4592,2026-03-20 02:27:00,8.152518,10.882593,14.7,4.34
T07,GL-4592,2026-03-20 02:28:00,8.151896,10.883053,52.5,4.78
T07,GL-4592,2026-03-20 02:29:00,8.151363,10.883381,16.8,3.36
T07,GL-4592,2026-03-20 02:30:00,8.150883,10.883315,40.6,5.04
T07,GL-4592,2026-03-20 02:31:00,8.150529,10.884167,45.4,4.74
T07,GL-4592,2026-03-20 02:32:00,8.149806,10.883993,29.2,3.4
T07,GL-4592,2026-03-20 02:33:00,8.149228,10.883951,19.1,4.97
T07,GL-4592,2026-03-20 02:34:00,8.14902,10.884282,44.7,5.29
T07,GL-4592,2026-03-20 02:35:00,8.147695,10.884708,49.0,3.17
T07,GL-4592,2026-03-20 02:36:00,8.147072,10.884726,36.3,4.16
T07,GL-4592,2026-03-20 02:37:00,8.146135,10.885278,37.8,3.21
T07,GL-4592,2026-03-20 02:38:00,8.146252,10.885924,32.0,5.14
T07,GL-4592,2026-03-20 02:39:00,8.145645,10.885966,26.6,4.21
T07,GL-4592,2026-03-20 02:40:00,8.145297,10.886041,34.5,5.31
T07,GL-4592,2026-03-20 02:41:00,8.144926,10.88638,52.7,3.19
T07,GL-4592,2026-03-20 02:42:00,8.144524,10.886694,29.8,4.59
T07,GL-4592,2026-03-20 02:43:00,8.143571,10.886751,16.4,4.62
T07,GL-4592,2026-03-20 02:44:00,8.143453,10.887189,49.7,3.49
T07,GL-4592,2026-03-20 02:45:00,8.142702,10.887357,18.4,3.85
T07,GL-4592,2026-03-20 02:46:00,8.141863,10.887733,23.5,5.44
T07,GL-4592,2026-03-20 02:47:00,8.141354,10.887874,38.0,3.27
T07,GL-4592,2026-03-20 02:48:00,8.140249,10.887797,32.7,4.43
T07,GL-4592,2026-03-20 02:49:00,8.140244,10.888101,56.0,3.44
T07,GL-4592,2026-03-20 02:50:00,8.139561,10.88882,42.1,4.88
T07,GL-4592,2026-03-20 02:51:00,8.139243,10.889071,37.8,3.58
T07,GL-4592,2026-03-20 02:52:00,8.138705,10.888817,47.7,4.01
T07,GL-4592,2026-03-20 02:53:00,8.137437,10.890109,34.6,4.97
T07,GL-4592,2026-03-20 02:54:00,8.137417,10.889525,36.9,4.02
T07,GL-4592,2026-03-20 02:55:00,8.136871,10.889932,,3.22
T07,GL-4592,2026-03-20 02:56:00,8.136101,10.890345,16.2,3.47
T07,GL-4592,2026-03-20 02:57:00,8.13584,10.890342,25.5,3.95
T07,GL-4592,2026-03-20 02:58:00,8.135423,10.890711,32.7,4.61
T07,GL-4592,2026-03-20 02:59:00,8.133906,10.891057,54.8,4.47
T07,GL-4592,2026-03-20 03:00:00,8.133206,10.891522,31.2,5.23
T07,GL-4592,2026-03-20 03:01:00,8.133295,10.891553,31.5,3.86
T07,GL-4592,2026-03-20 03:02:00,8.132797,10.891608,27.5,3.41
T07,GL-4592,2026-03-20 03:03:00,8.132073,10.892184,14.6,4.34
T07,GL-4592,2026-03-20 03:04:00,8.131308,10.892497,29.6,4.09
T07,GL-4592,2026-03-20 03:05:00,8.131386,10.892301,29.0,2.89
T07,GL-4592,2026-03-20 03:06:00,8.130974,10.8923,42.4,3.4
T07,GL-4592,2026-03-20 03:07:00,8.129864,10.893139,22.7,4.84
T07,GL-4592,2026-03-20 03:08:00,8.129502,10.893362,20.9,3.14
T07,GL-4592,2026-03-20 03:09:00,8.129036,10.893399,45.7,4.54
T07,GL-4592,2026-03-20 03:10:00,8.128445,10.893841,54.3,3.06
T07,GL-4592,2026-03-20 03:11:00,8.127721,10.893829,31.7,5.46
T07,GL-4592,2026-03-20 03:12:00,8.12701,10.894064,46.2,5.04
T07,GL-4592,2026-03-20 03:13:00,8.12657,10.894465,19.5,3.16
T07,GL-4592,2026-03-20 03:14:00,8.12593,10.894866,52.3,2.98
T07,GL-4592,2026-03-20 03:15:00,8.125658,10.895166,32.5,4.71
T07,GL-4592,2026-03-20 03:16:00,8.125093,10.895378,52.9,5.06
T07,GL-4592,2026-03-20 03:17:00,8.124418,10.895743,50.5,3.47
T07,GL-4592,2026-03-20 03:18:00,8.123938,10.895981,50.6,5.11
T07,GL-4592,2026-03-20 03:19:00,8.123103,10.896241,40.7,3.55
T07,GL-4592,2026-03-20 03:20:00,8.122232,10.896176,39.7,3.0
T07,GL-4592,2026-03-20 03:21:00,8.122147,10.896628,28.3,3.67
T07,GL-4592,2026-03-20 03:22:00,8.121424,10.896669,27.2,4.71
T07,GL-4592,2026-03-20 03:23:00,8.120726,10.897299,49.1,5.43
T07,GL-4592,2026-03-20 03:24:00,8.120167,10.897694,40.4,5.4
T07,GL-4592,2026-03-20 03:25:00,8.119786,10.897393,31.8,4.66
T07,GL-4592,2026-03-20 03:26:00,8.119573,10.898065,46.6,5.17
T07,GL-4592,2026-03-20 03:27:00,8.118575,10.898308,47.5,4.3
T07,GL-4592,2026-03-20 03:28:00,8.118378,10.898781,16.3,3.18
T07,GL-4592,2026-03-20 03:29:00,8.117851,10.898596,30.9,4.39
T07,GL-4592,2026-03-20 03:30:00,8.117285,10.898973,,2.87
T07,GL-4592,2026-03-20 03:31:00,8.116748,10.898879,47.9,2.85
T07,GL-4592,2026-03-20 03:32:00,8.116594,10.899542,35.6,4.33
T07,GL-4592,2026-03-20 03:33:00,8.115274,10.89959,29.8,4.19
T07,GL-4592,2026-03-20 03:34:00,8.114597,10.89991,36.5,3.2
T07,GL-4592,2026-03-20 03:35:00,8.114337,10.899921,26.7,4.36
T07,GL-4592,2026-03-20 03:36:00,8.113362,10.90042,36.3,2.91
T07,GL-4592,2026-03-20 03:37:00,8.113416,10.900708,14.3,3.25
T07,GL-4592,2026-03-20 03:38:00,8.112926,10.901161,19.4,3.7
T07,GL-4592,2026-03-20 03:39:00,8.111475,10.901234,31.0,3.93
T07,GL-4592,2026-03-20 03:40:00,8.111373,10.901479,35.4,4.42
T07,GL-4592,2026-03-20 03:41:00,8.111113,10.901782,47.6,3.11
T07,GL-4592,2026-03-20 03:42:00,8.11048,10.902135,29.8,3.83
T07,GL-4592,2026-03-20 03:43:00,8.109537,10.902517,32.0,5.51
T07,GL-4592,2026-03-20 03:44:00,8.109012,10.902719,52.3,3.54
T07,GL-4592,2026-03-20 03:45:00,8.108238,10.902593,23.1,5.24
T07,GL-4592,2026-03-20 03:46:00,8.107698,10.902817,29.9,4.73
T07,GL-4592,2026-03-20 03:47:00,8.10757,10.903448,23.8,3.08
T07,GL-4592,2026-03-20 03:48:00,8.106893,10.903641,36.7,5.04
T07,GL-4592,2026-03-20 03:49:00,8.106303,10.903819,19.0,4.09
T07,GL-4592,2026-03-20 03:50:00,8.105714,10.903827,17.7,5.59
T07,GL-4592,2026-03-20 03:51:00,8.105437,10.904705,29.2,3.96
T07,GL-4592,2026-03-20 03:52:00,8.104848,10.904535,35.4,3.09
T07,GL-4592,2026-03-20 03:53:00,8.104086,10.905041,31.2,5.43
T07,GL-4592,2026-03-20 03:54:00,8.103618,10.905406,35.4,5.06
T07,GL-4592,2026-03-20 03:55:00,8.102958,10.90527,26.3,3.68
T07,GL-4592,2026-03-20 03:56:00,8.10275,10.905617,29.8,5.18
T07,GL-4592,2026-03-20 03:57:00,8.102034,10.905936,28.0,4.8
T07,GL-4592,2026-03-20 03:58:00,8.101162,10.905852,47.6,5.37
T07,GL-4592,2026-03-20 03:59:00,8.101048,10.906438,37.5,2.87
T07,GL-4592,2026-03-20 04:00:00,8.099827,10.906596,14.1,3.09
T07,GL-4592,2026-03-20 04:01:00,8.099609,10.906709,32.0,3.13
T07,GL-4592,2026-03-20 04:02:00,8.099071,10.907605,33.1,3.69
T07,GL-4592,2026-03-20 04:03:00,8.098362,10.907238,18.6,5.46
T07,GL-4592,2026-03-20 04:04:00,8.097627,10.907763,57.8,3.97
T07,GL-4592,2026-03-20 04:05:00,8.097192,10.907919,57.2,5.51
T07,GL-4592,2026-03-20 04:06:00,8.096879,10.908115,34.2,5.28
T07,GL-4592,2026-03-20 04:07:00,8.096378,10.908214,27.4,4.64
T07,GL-4592,2026-03-20 04:08:00,8.095849,10.908553,16.7,3.19
T07,GL-4592,2026-03-20 04:09:00,8.095124,10.909105,38.8,4.97
T07,GL-4592,2026-03-20 04:10:00,8.094581,10.909283,40.7,4.06
T07,GL-4592,2026-03-20 04:11:00,8.093895,10.909606,23.9,4.22
T07,GL-4592,2026-03-20 04:12:00,8.093126,10.909704,44.7,5.46
T07,GL-4592,2026-03-20 04:13:00,8.093115,10.909858,36.2,3.87
T07,GL-4592,2026-03-20 04:14:00,8.092177,10.910556,36.4,4.76
T07,GL-4592,2026-03-20 04:15:00,8.091867,10.910417,34.4,2.94
T07,GL-4592,2026-03-20 04:16:00,8.091368,10.910741,37.8,3.1
T07,GL-4592,2026-03-20 04:17:00,8.090916,10.910954,21.6,4.71
T07,GL-4592,2026-03-20 04:18:00,8.089949,10.910982,42.7,3.14
T07,GL-4592,2026-03-20 04:19:00,8.0899,10.911596,30.9,4.73
T07,GL-4592,2026-03-20 04:20:00,8.089055,10.911799,30.2,4.02
T07,GL-4592,2026-03-20 04:21:00,8.088184,10.911749,18.5,5.07
T07,GL-4592,2026-03-20 04:22:00,8.087453,10.912082,30.4,4.15
T07,GL-4592,2026-03-20 04:23:00,8.087546,10.912617,57.0,4.59
T07,GL-4592,2026-03-20 04:24:00,8.086765,10.912834,45.7,5.05
T07,GL-4592,2026-03-20 04:25:00,8.085907,10.912784,30.5,2.97
T07,GL-4592,2026-03-20 04:26:00,8.085498,10.913121,33.2,5.4
T07,GL-4592,2026-03-20 04:27:00,8.085019,10.913569,15.1,3.16
T07,GL-4592,2026-03-20 04:28:00,8.084692,10.914358,33.2,5.44
T07,GL-4592,2026-03-20 04:29:00,8.083754,10.913942,33.9,4.11
T07,GL-4592,2026-03-20 04:30:00,8.083546,10.914324,37.5,3.86
T07,GL-4592,2026-03-20 04:31:00,8.082925,10.914247,48.6,5.1
T07,GL-4592,2026-03-20 04:32:00,8.081883,10.914529,16.4,3.06
T07,GL-4592,2026-03-20 04:33:00,8.08147,10.914853,24.9,3.68
T07,GL-4592,2026-03-20 04:34:00,8.081327,10.915305,16.9,4.3
T07,GL-4592,2026-03-20 04:35:00,8.080777,10.91611,33.5,5.5
T07,GL-4592,2026-03-20 04:36:00,8.07988,10.915757,52.9,3.71
T07,GL-4592,2026-03-20 04:37:00,8.079516,10.915985,35.0,4.67
T07,GL-4592,2026-03-20 04:38:00,8.078679,10.916562,20.2,4.28
T07,GL-4592,2026-03-20 04:39:00,8.078604,10.916412,39.2,3.3
T07,GL-4592,2026-03-20 04:40:00,8.077404,10.917041,,4.41
T07,GL-4592,2026-03-20 04:41:00,8.077001,10.917261,,3.53
T07,GL-4592,2026-03-20 04:42:00,8.076523,10.917328,33.1,3.52
T07,GL-4592,2026-03-20 04:43:00,8.075777,10.917394,35.4,3.4
T07,GL-4592,2026-03-20 04:44:00,8.075614,10.917751,45.5,4.4
T07,GL-4592,2026-03-20 04:45:00,8.074828,10.917976,30.6,4.95
T07,GL-4592,2026-03-20 04:46:00,8.074644,10.918555,22.2,4.18
T07,GL-4592,2026-03-20 04:47:00,8.073512,10.919002,35.6,5.5
T07,GL-4592,2026-03-20 04:48:00,8.072952,10.918867,18.7,4.51
T07,GL-4592,2026-03-20 04:49:00,8.072704,10.919135,28.1,4.5
T07,GL-4592,2026-03-20 04:50:00,8.072143,10.919549,32.7,3.17
T07,GL-4592,2026-03-20 04:51:00,8.071266,10.919834,26.3,3.99
T07,GL-4592,2026-03-20 04:52:00,8.070703,10.920068,28.6,3.71
T07,GL-4592,2026-03-20 04:53:00,8.070726,10.920172,17.1,5.2
T07,GL-4592,2026-03-20 04:54:00,8.069986,10.920847,50.1,2.87
T07,GL-4592,2026-03-20 04:55:00,8.069223,10.92067,18.6,4.35
T07,GL-4592,2026-03-20 04:56:00,8.068481,10.92113,29.9,4.71
T07,GL-4592,2026-03-20 04:57:00,8.068133,10.921499,43.1,5.4
T07,GL-4592,2026-03-20 04:58:00,8.067415,10.921528,26.0,3.87
T07,GL-4592,2026-03-20 04:59:00,8.067343,10.921628,22.4,4.19
T07,GL-4592,2026-03-20 05:00:00,8.066029,10.921948,55.3,3.55
T07,GL-4592,2026-03-20 05:01:00,8.066145,10.922362,34.5,5.38
T07,GL-4592,2026-03-20 05:02:00,8.065347,10.922174,27.9,3.11
T07,GL-4592,2026-03-20 05:03:00,8.064571,10.922878,31.5,4.93
T07,GL-4592,2026-03-20 05:04:00,8.064003,10.923073,48.5,3.55
T07,GL-4592,2026-03-20 05:05:00,8.063502,10.92317,56.8,2.96
T07,GL-4592,2026-03-20 05:06:00,8.062951,10.92346,34.1,5.19
T07,GL-4592,2026-03-20 05:07:00,8.062613,10.923546,53.9,5.06
T07,GL-4592,2026-03-20 05:08:00,8.061959,10.923761,56.2,4.77
T07,GL-4592,2026-03-20 05:09:00,8.061723,10.924211,33.4,4.42
T07,GL-4592,2026-03-20 05:10:00,8.060851,10.924604,24.7,3.44
T07,GL-4592,2026-03-20 05:11:00,8.060137,10.924557,47.7,4.17
T07,GL-4592,2026-03-20 05:12:00,8.059489,10.925077,55.3,3.25
T07,GL-4592,2026-03-20 05:13:00,8.058989,10.925221,29.1,3.02
T07,GL-4592,2026-03-20 05:14:00,8.058437,10.925309,25.4,3.78
T07,GL-4592,2026-03-20 05:15:00,8.057593,10.925808,24.0,5.58
T07,GL-4592,2026-03-20 05:16:00,8.057211,10.926878,25.5,3.64
T07,GL-4592,2026-03-20 05:17:00,8.057109,10.926389,34.5,3.3
T07,GL-4592,2026-03-20 05:18:00,8.056028,10.926731,16.9,3.55
T07,GL-4592,2026-03-20 05:19:00,8.055764,10.92703,45.6,4.0
T07,GL-4592,2026-03-20 05:20:00,8.054996,10.927206,24.0,5.27
T07,GL-4592,2026-03-20 05:21:00,8.054786,10.927283,42.3,3.64
T07,GL-4592,2026-03-20 05:22:00,8.054254,10.927755,19.2,4.23
T07,GL-4592,2026-03-20 05:23:00,8.053759,10.92832,53.8,4.16
T07,GL-4592,2026-03-20 05:24:00,8.052673,10.927999,27.5,3.39
T07,GL-4592,2026-03-20 05:25:00,8.052343,10.9285,27.5,3.36
T07,GL-4592,2026-03-20 05:26:00,8.052048,10.928563,33.0,3.31
T07,GL-4592,2026-03-20 05:27:00,8.050989,10.929392,35.6,3.26
T07,GL-4592,2026-03-20 05:28:00,8.050499,10.929261,49.1,4.03
T07,GL-4592,2026-03-20 05:29:00,8.050387,10.92941,21.1,4.91
T07,GL-4592,2026-03-20 05:30:00,8.049691,10.92948,30.4,4.44
T07,GL-4592,2026-03-20 05:31:00,8.048788,10.92993,29.7,5.35
T07,GL-4592,2026-03-20 05:32:00,8.048219,10.930329,57.3,4.52
T07,GL-4592,2026-03-20 05:33:00,8.048192,10.930036,48.9,4.92
T07,GL-4592,2026-03-20 05:34:00,8.047064,10.930641,53.9,4.92
T07,GL-4592,2026-03-20 05:35:00,8.046735,10.931241,41.2,5.2
T07,GL-4592,2026-03-20 05:36:00,8.046584,10.931261,49.3,3.17
T07,GL-4592,2026-03-20 05:37:00,8.045809,10.931443,24.5,3.88
T07,GL-4592,2026-03-20 05:38:00,8.045383,10.931795,31.3,2.91
T07,GL-4592,2026-03-20 05:39:00,8.04437,10.931958,19.6,3.65
T07,GL-4592,2026-03-20 05:40:00,8.044088,10.932419,54.7,2.87
T07,GL-4592,2026-03-20 05:41:00,8.043244,10.932773,42.8,4.65
T07,GL-4592,2026-03-20 05:42:00,8.042822,10.932629,52.2,5.47
T07,GL-4592,2026-03-20 05:43:00,8.04224,10.933,55.1,3.61
T07,GL-4592,2026-03-20 05:44:00,8.041246,10.933206,55.8,3.58
T07,GL-4592,2026-03-20 05:45:00,8.040983,10.933529,39.5,3.7
T07,GL-4592,2026-03-20 05:46:00,8.040706,10.933724,44.8,5.0
T07,GL-4592,2026-03-20 05:47:00,8.040187,10.933915,47.4,2.86
T07,GL-4592,2026-03-20 05:48:00,8.039285,10.934261,47.9,3.14
T07,GL-4592,2026-03-20 05:49:00,8.038874,10.934788,17.4,3.16
T07,GL-4592,2026-03-20 05:50:00,8.038211,10.934952,23.2,3.5
T07,GL-4592,2026-03-20 05:51:00,8.037736,10.935033,17.3,5.4
T07,GL-4592,2026-03-20 05:52:00,8.037051,10.93582,54.3,3.8
T07,GL-4592,2026-03-20 05:53:00,8.036771,10.935554,21.2,3.79
T07,GL-4592,2026-03-20 05:54:00,8.036042,10.935552,53.3,3.2
T07,GL-4592,2026-03-20 05:55:00,8.035591,10.935876,46.2,3.32
T07,GL-4592,2026-03-20 05:56:00,8.03489,10.936188,55.6,4.88
T07,GL-4592,2026-03-20 05:57:00,8.034069,10.936314,30.8,3.45
T07,GL-4592,2026-03-20 05:58:00,8.034082,10.937029,41.0,3.74
T07,GL-4592,2026-03-20 05:59:00,8.033234,10.937077,19.6,3.68
T07,GL-4592,2026-03-20 06:00:00,8.032769,10.937276,57.0,4.23
T07,GL-4592,2026-03-20 06:01:00,8.03197,10.937376,22.6,4.82
T07,GL-4592,2026-03-20 06:02:00,8.031971,10.938091,24.0,3.09
T07,GL-4592,2026-03-20 06:03:00,8.030823,10.938149,21.2,5.33
T07,GL-4592,2026-03-20 06:04:00,8.030438,10.938367,15.8,3.03
T07,GL-4592,2026-03-20 06:05:00,8.030106,10.938343,28.8,4.55
T07,GL-4592,2026-03-20 06:06:00,8.029038,10.938831,26.8,4.05
T07,GL-4592,2026-03-20 06:07:00,8.028438,10.939118,36.9,4.95
T07,GL-4592,2026-03-20 06:08:00,8.027941,10.939661,34.1,4.94
T07,GL-4592,2026-03-20 06:09:00,8.027468,10.939803,20.4,4.59
T07,GL-4592,2026-03-20 06:10:00,8.026837,10.9398,21.4,4.34
T07,GL-4592,2026-03-20 06:11:00,8.026228,10.939851,22.5,3.1
T07,GL-4592,2026-03-20 06:12:00,8.025907,10.940251,53.2,4.29
T07,GL-4592,2026-03-20 06:13:00,8.024944,10.940499,26.3,3.14
T07,GL-4592,2026-03-20 06:14:00,8.024932,10.940808,27.1,3.87
T07,GL-4592,2026-03-20 06:15:00,8.023989,10.94096,57.0,4.7
T07,GL-4592,2026-03-20 06:16:00,8.023225,10.941402,55.8,4.26
T07,GL-4592,2026-03-20 06:17:00,8.023157,10.941384,36.4,5.12
T07,GL-4592,2026-03-20 06:18:00,8.022347,10.941944,55.6,5.38
T07,GL-4592,2026-03-20 06:19:00,8.021842,10.942386,22.0,2.91
T07,GL-4592,2026-03-20 06:20:00,8.214678,10.942352,28.0,236.95
T07,GL-4592,2026-03-20 06:21:00,8.020327,10.942327,21.3,3.31
T07,GL-4592,2026-03-20 06:22:00,8.02008,10.942886,47.5,5.21
T07,GL-4592,2026-03-20 06:23:00,8.01991,10.943335,38.8,5.54
T07,GL-4592,2026-03-20 06:24:00,8.01925,10.943486,31.7,3.72
T07,GL-4592,2026-03-20 06:25:00,8.018773,10.943894,56.2,2.84
T07,GL-4592,2026-03-20 06:26:00,8.018376,10.944249,42.6,4.97
T07,GL-4592,2026-03-20 06:27:00,8.01705,10.944765,41.2,5.49
T07,GL-4592,2026-03-20 06:28:00,8.016917,10.944299,41.3,3.19
T07,GL-4592,2026-03-20 06:29:00,8.016472,10.944979,19.2,3.05
T07,GL-4592,2026-03-20 06:30:00,8.015362,10.94538,44.5,4.09
T07,GL-4592,2026-03-20 06:31:00,8.015476,10.945173,28.8,3.74
T07,GL-4592,2026-03-20 06:32:00,8.01457,10.945679,33.7,3.8
T07,GL-4592,2026-03-20 06:33:00,8.014278,10.945944,32.1,3.7
T07,GL-4592,2026-03-20 06:34:00,8.014003,10.9458,36.6,5.5
T07,GL-4592,2026-03-20 06:35:00,8.012888,10.946586,,5.27
T07,GL-4592,2026-03-20 06:36:00,8.012404,10.947135,54.0,5.52
T07,GL-4592,2026-03-20 06:37:00,8.011749,10.94709,51.4,4.57
T07,GL-4592,2026-03-20 06:38:00,8.011452,10.947589,41.5,5.27
T07,GL-4592,2026-03-20 06:39:00,8.010398,10.947517,40.0,5.13
T07,GL-4592,2026-03-20 06:40:00,8.01053,10.947799,43.0,5.49
T07,GL-4592,2026-03-20 06:41:00,8.009358,10.947938,48.2,4.68
T07,GL-4592,2026-03-20 06:42:00,8.009143,10.947774,35.9,3.01
T07,GL-4592,2026-03-20 06:43:00,8.008571,10.94822,48.1,4.75
T07,GL-4592,2026-03-20 06:44:00,8.007935,10.949059,40.4,2.86
T07,GL-4592,2026-03-20 06:45:00,8.007439,10.948793,57.2,4.5
T07,GL-4592,2026-03-20 06:46:00,8.006881,10.949323,25.1,4.73
T07,GL-4592,2026-03-20 06:47:00,8.006279,10.949568,52.9,5.17
T07,GL-4592,2026-03-20 06:48:00,8.005456,10.949707,20.0,2.93
T07,GL-4592,2026-03-20 06:49:00,8.004884,10.949756,41.3,3.02
T07,GL-4592,2026-03-20 06:50:00,8.004502,10.950328,19.5,5.4
T07,GL-4592,2026-03-20 06:51:00,8.004129,10.95052,31.4,2.85
T07,GL-4592,2026-03-20 06:52:00,8.003515,10.950795,19.9,3.72
T07,GL-4592,2026-03-20 06:53:00,8.002919,10.951161,33.3,4.18
T07,GL-4592,2026-03-20 06:54:00,8.00239,10.950951,43.5,4.03
T07,GL-4592,2026-03-20 06:55:00,8.001597,10.951547,48.3,4.93
T07,GL-4592,2026-03-20 06:56:00,8.001261,10.951953,16.4,3.95
T07,GL-4592,2026-03-20 06:57:00,8.00045,10.951925,24.6,3.02
T07,GL-4592,2026-03-20 06:58:00,7.999726,10.952503,38.2,4.63
T07,GL-4592,2026-03-20 06:59:00,7.999604,10.952283,54.6,5.53
T07,GL-4592,2026-03-20 07:00:00,7.998729,10.952682,19.9,3.75
T07,GL-4592,2026-03-20 07:01:00,7.998339,10.952635,55.2,3.35
T07,GL-4592,2026-03-20 07:02:00,7.997908,10.953068,15.7,5.51
T07,GL-4592,2026-03-20 07:03:00,7.997215,10.953513,34.1,5.08
T07,GL-4592,2026-03-20 07:04:00,7.997014,10.953672,19.6,3.45
T07,GL-4592,2026-03-20 07:05:00,7.995958,10.953787,39.9,4.12
T07,GL-4592,2026-03-20 07:06:00,7.995522,10.954468,22.3,5.26
T07,GL-4592,2026-03-20 07:07:00,7.99491,10.95476,19.9,4.04
T07,GL-4592,2026-03-20 07:08:00,7.994638,10.954773,22.5,4.5
T07,GL-4592,2026-03-20 07:09:00,7.993869,10.955006,29.4,3.4
T07,GL-4592,2026-03-20 07:10:00,7.993283,10.955343,26.8,4.91
T07,GL-4592,2026-03-20 07:11:00,7.992347,10.955466,42.3,5.36
T07,GL-4592,2026-03-20 07:12:00,7.992274,10.955725,45.8,2.97
T07,GL-4592,2026-03-20 07:13:00,7.991317,10.956415,46.9,3.56
T07,GL-4592,2026-03-20 07:14:00,7.990813,10.956281,14.9,3.42
T07,GL-4592,2026-03-20 07:15:00,8.00881,10.956278,20.9,430.38
T07,GL-4592,2026-03-20 07:16:00,7.989832,10.956583,,4.38
T07,GL-4592,2026-03-20 07:17:00,7.989075,10.957233,41.9,3.65
T07,GL-4592,2026-03-20 07:18:00,7.98848,10.957377,50.6,4.42
T07,GL-4592,2026-03-20 07:19:00,7.988157,10.957445,44.3,5.19
T07,GL-4592,2026-03-20 07:20:00,7.98753,10.957637,53.9,4.67
T07,GL-4592,2026-03-20 07:21:00,7.987227,10.958017,16.6,3.4
T07,GL-4592,2026-03-20 07:22:00,7.986389,10.958601,45.7,3.58
T07,GL-4592,2026-03-20 07:23:00,7.98579,10.958722,48.2,3.45
T07,GL-4592,2026-03-20 07:24:00,7.985373,10.958774,29.5,3.32
T07,GL-4592,2026-03-20 07:25:00,7.985047,10.959457,22.0,3.32
T07,GL-4592,2026-03-20 07:26:00,7.984322,10.959284,21.4,5.59
T07,GL-4592,2026-03-20 07:27:00,7.983675,10.95981,57.5,5.42
T07,GL-4592,2026-03-20 07:28:00,7.983535,10.960092,39.3,5.05
T07,GL-4592,2026-03-20 07:29:00,7.982716,10.960326,16.1,4.7
T07,GL-4592,2026-03-20 07:30:00,7.981873,10.960443,23.9,3.09
T07,GL-4592,2026-03-20 07:31:00,7.981452,10.96088,16.4,3.97
T07,GL-4592,2026-03-20 07:32:00,7.980446,10.961031,44.7,5.36
T07,GL-4592,2026-03-20 07:33:00,7.980201,10.961274,51.9,4.16
T07,GL-4592,2026-03-20 07:34:00,7.980107,10.961141,57.6,4.44
T07,GL-4592,2026-03-20 07:35:00,7.979435,10.961532,15.7,5.53
T07,GL-4592,2026-03-20 07:36:00,7.978702,10.962069,27.8,3.38
T07,GL-4592,2026-03-20 07:37:00,7.978024,10.962056,16.5,5.24
T07,GL-4592,2026-03-20 07:38:00,7.977546,10.962761,37.1,4.85
T07,GL-4592,2026-03-20 07:39:00,7.976587,10.962894,26.3,4.17
T07,GL-4592,2026-03-20 07:40:00,7.976644,10.96277,50.2,2.99
T07,GL-4592,2026-03-20 07:41:00,7.975849,10.963157,21.3,3.3
T07,GL-4592,2026-03-20 07:42:00,7.975537,10.963545,19.1,4.89
T07,GL-4592,2026-03-20 07:43:00,7.974689,10.963644,42.9,4.82
T07,GL-4592,2026-03-20 07:44:00,7.974133,10.963911,50.6,4.03
T07,GL-4592,2026-03-20 07:45:00,7.973876,10.964131,40.4,4.84
T07,GL-4592,2026-03-20 07:46:00,7.972884,10.964696,28.7,5.57
T07,GL-4592,2026-03-20 07:47:00,7.972647,10.965016,37.1,4.74
T07,GL-4592,2026-03-20 07:48:00,7.972194,10.964978,47.2,3.95
T07,GL-4592,2026-03-20 07:49:00,7.971221,10.965375,43.3,2.83
T07,GL-4592,2026-03-20 07:50:00,7.970859,10.965383,44.2,3.33
T07,GL-4592,2026-03-20 07:51:00,7.970459,10.965922,53.1,4.13
T07,GL-4592,2026-03-20 07:52:00,7.969542,10.966028,18.2,4.64
T07,GL-4592,2026-03-20 07:53:00,7.968934,10.966505,22.2,4.13
T07,GL-4592,2026-03-20 07:54:00,7.968288,10.966658,22.5,4.5
T07,GL-4592,2026-03-20 07:55:00,7.968018,10.96699,,5.4
T07,GL-4592,2026-03-20 07:56:00,7.967352,10.96738,56.3,3.0
T07,GL-4592,2026-03-20 07:57:00,7.967004,10.96741,45.5,3.03
T07,GL-4592,2026-03-20 07:58:00,7.966493,10.967756,38.8,4.65
T07,GL-4592,2026-03-20 07:59:00,7.965643,10.967923,24.4,5.17
T07,GL-4592,2026-03-20 08:00:00,7.965323,10.968202,52.6,4.56
T07,GL-4592,2026-03-20 08:01:00,7.964659,10.968257,49.8,4.12
T07,GL-4592,2026-03-20 08:02:00,7.963963,10.968478,15.2,4.08
T07,GL-4592,2026-03-20 08:03:00,7.96368,10.969386,19.0,3.25
T07,GL-4592,2026-03-20 08:04:00,7.9629,10.969186,44.9,3.94
T07,GL-4592,2026-03-20 08:05:00,7.962435,10.96898,40.0,3.82
T07,GL-4592,2026-03-20 08:06:00,7.961797,10.96983,40.6,5.24
T07,GL-4592,2026-03-20 08:07:00,7.960797,10.969831,56.1,4.96
T07,GL-4592,2026-03-20 08:08:00,7.960233,10.97026,56.4,3.4
T07,GL-4592,2026-03-20 08:09:00,7.959595,10.970795,19.9,4.42
T07,GL-4592,2026-03-20 08:10:00,7.959526,10.970832,56.9,3.29
T07,GL-4592,2026-03-20 08:11:00,7.958832,10.97059,14.8,5.55
T07,GL-4592,2026-03-20 08:12:00,7.958573,10.970959,,4.11
T07,GL-4592,2026-03-20 08:13:00,7.957849,10.971239,52.8,3.11
T07,GL-4592,2026-03-20 08:14:00,7.957283,10.971858,41.9,3.08
T07,GL-4592,2026-03-20 08:15:00,7.956316,10.972104,46.5,4.04
T07,GL-4592,2026-03-20 08:16:00,7.956139,10.971997,30.1,4.9
T07,GL-4592,2026-03-20 08:17:00,7.955486,10.972233,46.6,4.73
T07,GL-4592,2026-03-20 08:18:00,7.95509,10.972396,26.2,4.47
T07,GL-4592,2026-03-20 08:19:00,7.954091,10.97332,50.8,3.57
T07,GL-4592,2026-03-20 08:20:00,7.953611,10.973148,40.1,4.57
T07,GL-4592,2026-03-20 08:21:00,7.953217,10.973285,34.8,3.59
T07,GL-4592,2026-03-20 08:22:00,7.952885,10.974145,15.1,2.88
T07,GL-4592,2026-03-20 08:23:00,7.951988,10.973693,52.1,4.89
T07,GL-4592,2026-03-20 08:24:00,7.952251,10.97444,14.8,3.24
T07,GL-4592,2026-03-20 08:25:00,7.951219,10.974695,42.8,2.98
T07,GL-4592,2026-03-20 08:26:00,7.950609,10.974812,15.6,4.31
T07,GL-4592,2026-03-20 08:27:00,7.949738,10.975015,47.2,5.15
T07,GL-4592,2026-03-20 08:28:00,7.949202,10.975518,27.7,3.79
T07,GL-4592,2026-03-20 08:29:00,7.948955,10.975695,28.7,5.55
T07,GL-4592,2026-03-20 08:30:00,7.948127,10.975642,54.8,2.97
T07,GL-4592,2026-03-20 08:31:00,7.947511,10.975756,48.7,3.5
T07,GL-4592,2026-03-20 08:32:00,7.946875,10.976438,,2.99
T07,GL-4592,2026-03-20 08:33:00,7.946765,10.976673,42.7,5.38
T07,GL-4592,2026-03-20 08:34:00,7.946144,10.976978,30.1,3.08
T07,GL-4592,2026-03-20 08:35:00,7.945393,10.976605,50.2,3.39
T07,GL-4592,2026-03-20 08:36:00,7.944995,10.977708,30.2,4.1
T07,GL-4592,2026-03-20 08:37:00,7.944416,10.977821,16.4,5.45
T07,GL-4592,2026-03-20 08:38:00,7.943762,10.977781,35.7,2.94
T07,GL-4592,2026-03-20 08:39:00,7.943209,10.978322,34.3,4.94
T07,GL-4592,2026-03-20 08:40:00,7.943017,10.978626,44.7,3.01
T07,GL-4592,2026-03-20 08:41:00,7.942396,10.978754,39.6,3.59
T07,GL-4592,2026-03-20 08:42:00,7.941578,10.978864,55.4,4.95
T07,GL-4592,2026-03-20 08:43:00,7.940716,10.979244,19.1,4.81
T07,GL-4592,2026-03-20 08:44:00,7.940706,10.979346,27.5,4.12
T07,GL-4592,2026-03-20 08:45:00,7.93992,10.979517,57.0,4.45
T07,GL-4592,2026-03-20 08:46:00,7.939208,10.980095,38.7,4.94
T07,GL-4592,2026-03-20 08:47:00,7.939189,10.980163,16.8,5.24
T07,GL-4592,2026-03-20 08:48:00,7.938454,10.980405,46.8,4.05
T07,GL-4592,2026-03-20 08:49:00,7.937588,10.98072,51.1,4.68
T07,GL-4592,2026-03-20 08:50:00,7.937504,10.980922,48.4,4.21
T07,GL-4592,2026-03-20 08:51:00,7.936865,10.981332,27.8,5.5
T07,GL-4592,2026-03-20 08:52:00,7.93571,10.981819,27.0,5.48
T07,GL-4592,2026-03-20 08:53:00,7.93516,10.981811,51.0,4.85
T07,GL-4592,2026-03-20 08:54:00,7.935025,10.981639,,5.19
T07,GL-4592,2026-03-20 08:55:00,7.934435,10.982115,34.0,4.57
T07,GL-4592,2026-03-20 08:56:00,7.933725,10.982833,25.4,4.46
T07,GL-4592,2026-03-20 08:57:00,7.932926,10.982767,25.8,3.77
T07,GL-4592,2026-03-20 08:58:00,7.932596,10.98294,46.3,5.09
T07,GL-4592,2026-03-20 08:59:00,7.932338,10.98347,28.5,3.72
T07,GL-4592,2026-03-20 09:00:00,7.931345,10.983875,23.1,4.21
T07,GL-4592,2026-03-20 09:01:00,7.931104,10.98369,31.6,3.66
T07,GL-4592,2026-03-20 09:02:00,7.929899,10.984217,49.1,5.09
T07,GL-4592,2026-03-20 09:03:00,7.929668,10.984483,52.2,3.2
T07,GL-4592,2026-03-20 09:04:00,7.9295,10.984787,48.1,5.5
T07,GL-4592,2026-03-20 09:05:00,7.928691,10.98511,48.2,5.53
T07,GL-4592,2026-03-20 09:06:00,7.927614,10.985381,22.7,5.14
T07,GL-4592,2026-03-20 09:07:00,7.927418,10.985285,35.3,2.83
T07,GL-4592,2026-03-20 09:08:00,7.927282,10.985855,19.4,2.83
T07,GL-4592,2026-03-20 09:09:00,7.92599,10.986083,31.9,3.54
T07,GL-4592,2026-03-20 09:10:00,7.925665,10.98607,45.2,4.2
T07,GL-4592,2026-03-20 09:11:00,7.92543,10.986367,19.7,4.74
T07,GL-4592,2026-03-20 09:12:00,7.924463,10.986626,20.9,3.05
T07,GL-4592,2026-03-20 09:13:00,7.923976,10.986493,25.1,3.84
T07,GL-4592,2026-03-20 09:14:00,7.923657,10.987432,20.0,2.84
T07,GL-4592,2026-03-20 09:15:00,7.923095,10.987379,39.2,3.68
T07,GL-4592,2026-03-20 09:16:00,7.922917,10.987406,54.6,3.9
T07,GL-4592,2026-03-20 09:17:00,7.921611,10.987845,46.3,5.24
T07,GL-4592,2026-03-20 09:18:00,7.921235,10.988243,54.2,4.85
T07,GL-4592,2026-03-20 09:19:00,7.920418,10.988075,23.6,4.78
T07,GL-4592,2026-03-20 09:20:00,7.920302,10.988975,24.2,3.99
T07,GL-4592,2026-03-20 09:21:00,7.919841,10.989006,44.9,5.13
T07,GL-4592,2026-03-20 09:22:00,7.919121,10.989544,18.8,3.88
T07,GL-4592,2026-03-20 09:23:00,7.918314,10.989347,21.5,5.11
T07,GL-4592,2026-03-20 09:24:00,7.917944,10.989697,25.1,2.82
T07,GL-4592,2026-03-20 09:25:00,7.917087,10.989828,17.4,3.37
T07,GL-4592,2026-03-20 09:26:00,7.916726,10.990114,38.4,4.85
T07,GL-4592,2026-03-20 09:27:00,7.916389,10.9905,22.1,3.1
T07,GL-4592,2026-03-20 09:28:00,7.915429,10.990706,54.0,3.04
T07,GL-4592,2026-03-20 09:29:00,7.915006,10.990959,44.8,4.63
T07,GL-4592,2026-03-20 09:30:00,7.914469,10.991298,52.7,3.51
T07,GL-4592,2026-03-20 09:31:00,7.914392,10.991632,19.1,5.14
T07,GL-4592,2026-03-20 09:32:00,7.913563,10.992209,16.1,3.73
T07,GL-4592,2026-03-20 09:33:00,7.912399,10.991837,43.1,5.06
T07,GL-4592,2026-03-20 09:34:00,7.912029,10.992095,,3.39
T07,GL-4592,2026-03-20 09:35:00,7.911927,10.992984,25.8,3.98
T07,GL-4592,2026-03-20 09:36:00,7.91105,10.993185,47.7,3.33
T07,GL-4592,2026-03-20 09:37:00,7.910605,10.993013,57.6,3.51
T07,GL-4592,2026-03-20 09:38:00,7.909941,10.993334,46.9,4.79
T07,GL-4592,2026-03-20 09:39:00,7.909584,10.993458,43.4,4.51
T07,GL-4592,2026-03-20 09:40:00,7.909011,10.993948,23.9,4.33
T07,GL-4592,2026-03-20 09:41:00,7.908331,10.994209,55.9,3.34
T07,GL-4592,2026-03-20 09:42:00,7.908038,10.994171,37.2,3.45
T07,GL-4592,2026-03-20 09:43:00,7.907502,10.994361,35.5,5.26
T07,GL-4592,2026-03-20 09:44:00,7.906317,10.994866,34.1,3.89
T07,GL-4592,2026-03-20 09:45:00,7.906164,10.99523,33.7,4.82
T07,GL-4592,2026-03-20 09:46:00,7.905826,10.995339,22.6,3.89
T07,GL-4592,2026-03-20 09:47:00,7.904715,10.995466,53.3,5.35
T07,GL-4592,2026-03-20 09:48:00,7.904728,10.99598,,3.96
T07,GL-4592,2026-03-20 09:49:00,7.903834,10.995679,41.0,4.86
T07,GL-4592,2026-03-20 09:50:00,7.902734,10.99672,57.3,5.24
T07,GL-4592,2026-03-20 09:51:00,7.903073,10.996444,42.8,5.47
T07,GL-4592,2026-03-20 09:52:00,7.90243,10.996722,26.5,4.76
T07,GL-4592,2026-03-20 09:53:00,7.901095,10.996879,51.3,5.11
T07,GL-4592,2026-03-20 09:54:00,7.900923,10.997674,15.6,4.43
T07,GL-4592,2026-03-20 09:55:00,7.900458,10.997389,15.0,3.19
T07,GL-4592,2026-03-20 09:56:00,7.900015,10.997773,22.3,4.99
T07,GL-4592,2026-03-20 09:57:00,7.899295,10.997958,20.5,4.62
T07,GL-4592,2026-03-20 09:58:00,7.899115,10.998968,52.5,3.82
T07,GL-4592,2026-03-20 09:59:00,7.898259,10.998542,49.5,3.62
T07,GL-4592,2026-03-20 10:00:00,7.897508,10.999152,57.2,3.7
T07,GL-4592,2026-03-20 10:01:00,7.896935,10.999364,51.7,4.58
T07,GL-4592,2026-03-20 10:02:00,7.896942,10.999574,19.3,4.93
T07,GL-4592,2026-03-20 10:03:00,7.896018,10.999536,47.8,4.8
T07,GL-4592,2026-03-20 10:04:00,7.895719,11.000108,33.3,3.68
T07,GL-4592,2026-03-20 10:05:00,7.894655,11.000364,38.9,5.01
T07,GL-4592,2026-03-20 10:06:00,7.894303,11.000298,17.7,3.76
T07,GL-4592,2026-03-20 10:07:00,7.893277,11.000523,42.4,3.95
T07,GL-4592,2026-03-20 10:08:00,7.892986,11.000996,26.2,5.44
T07,GL-4592,2026-03-20 10:09:00,7.892763,11.001159,55.9,3.29
T07,GL-4592,2026-03-20 10:10:00,7.892245,11.001303,31.3,5.05
T07,GL-4592,2026-03-20 10:11:00,7.891652,11.001608,35.7,3.46
T07,GL-4592,2026-03-20 10:12:00,7.890704,11.001534,44.7,5.3
T07,GL-4592,2026-03-20 10:13:00,7.890341,11.002448,24.8,3.79
T07,GL-4592,2026-03-20 10:14:00,7.889899,11.002457,41.0,4.62
T07,GL-4592,2026-03-20 10:15:00,7.889114,11.003089,14.6,4.22
T07,GL-4592,2026-03-20 10:16:00,7.888724,11.003022,32.7,3.88
T07,GL-4592,2026-03-20 10:17:00,7.888045,11.003301,28.1,4.07
T07,GL-4592,2026-03-20 10:18:00,7.887999,11.003177,40.1,4.83
T07,GL-4592,2026-03-20 10:19:00,7.886882,11.003955,42.3,4.78
T07,GL-4592,2026-03-20 10:20:00,7.886521,11.004013,54.3,3.33
T07,GL-4592,2026-03-20 10:21:00,7.886061,11.004379,45.2,3.24
T07,GL-4592,2026-03-20 10:22:00,7.885237,11.004608,19.7,4.31
T07,GL-4592,2026-03-20 10:23:00,7.884481,11.004628,49.7,4.46
T07,GL-4592,2026-03-20 10:24:00,7.884,11.004927,54.7,5.36
T07,GL-4592,2026-03-20 10:25:00,7.883603,11.005583,18.5,4.52
T07,GL-4592,2026-03-20 10:26:00,7.882962,11.005457,29.3,4.01
T07,GL-4592,2026-03-20 10:27:00,7.882629,11.005793,31.6,5.51
T07,GL-4592,2026-03-20 10:28:00,7.881615,11.00603,56.4,5.04
T07,GL-4592,2026-03-20 10:29:00,7.881523,11.005908,29.1,4.86
T07,GL-4592,2026-03-20 10:30:00,7.880783,11.006789,28.6,5.16
T07,GL-4592,2026-03-20 10:31:00,7.880207,11.00698,34.9,3.06
T07,GL-4592,2026-03-20 10:32:00,7.880013,11.007408,56.3,5.15
T07,GL-4592,2026-03-20 10:33:00,7.879027,11.007335,15.1,5.43
T07,GL-4592,2026-03-20 10:34:00,7.878405,11.007691,54.5,3.85
T07,GL-4592,2026-03-20 10:35:00,7.878424,11.008152,51.2,5.51
T07,GL-4592,2026-03-20 10:36:00,7.877526,11.008197,46.0,4.27
T07,GL-4592,2026-03-20 10:37:00,7.876573,11.007904,23.9,3.18
T07,GL-4592,2026-03-20 10:38:00,7.876259,11.008928,27.6,5.11
T07,GL-4592,2026-03-20 10:39:00,7.875334,11.008713,32.6,4.22
T07,GL-4592,2026-03-20 10:40:00,7.874999,11.009479,28.9,4.68
T07,GL-4592,2026-03-20 10:41:00,7.874391,11.009231,31.6,4.17
T07,GL-4592,2026-03-20 10:42:00,7.873873,11.010036,24.1,5.29
T07,GL-4592,2026-03-20 10:43:00,7.873522,11.010034,42.6,5.38
T07,GL-4592,2026-03-20 10:44:00,7.872767,11.010164,22.9,5.29
T07,GL-4592,2026-03-20 10:45:00,7.872665,11.01018,22.4,3.84
T07,GL-4592,2026-03-20 10:46:00,7.871934,11.010625,38.0,5.52
T07,GL-4592,2026-03-20 10:47:00,7.871349,11.01067,,3.41
T07,GL-4592,2026-03-20 10:48:00,7.870701,11.01164,40.7,5.55
T07,GL-4592,2026-03-20 10:49:00,7.870094,11.011341,49.8,4.75
T07,GL-4592,2026-03-20 10:50:00,7.869197,11.01187,47.7,4.52
T07,GL-4592,2026-03-20 10:51:00,7.868734,11.012091,36.6,4.5
T07,GL-4592,2026-03-20 10:52:00,7.868036,11.012011,,5.1
T07,GL-4592,2026-03-20 10:53:00,7.867914,11.012347,22.3,4.55
T07,GL-4592,2026-03-20 10:54:00,7.867461,11.012785,40.4,4.47
T07,GL-4592,2026-03-20 10:55:00,7.867013,11.013178,50.5,4.33
T07,GL-4592,2026-03-20 10:56:00,7.866012,11.013036,41.5,3.54
T07,GL-4592,2026-03-20 10:57:00,7.86544,11.013896,38.4,2.84
T07,GL-4592,2026-03-20 10:58:00,7.865025,11.013618,14.3,4.82
T07,GL-4592,2026-03-20 10:59:00,7.8646,11.014484,37.8,5.31
T07,GL-4592,2026-03-20 11:00:00,7.863779,11.014605,,4.08
T07,GL-4592,2026-03-20 11:01:00,7.862934,11.014535,50.3,4.58
T07,GL-4592,2026-03-20 11:02:00,7.862745,11.015063,56.8,4.9
T07,GL-4592,2026-03-20 11:03:00,7.86182,11.014936,22.0,3.73
T07,GL-4592,2026-03-20 11:04:00,7.861801,11.01527,57.4,3.45
T07,GL-4592,2026-03-20 11:05:00,7.861021,11.015668,25.5,4.51
T07,GL-4592,2026-03-20 11:06:00,7.861321,11.015744,33.2,3.04
T07,GL-4592,2026-03-20 11:07:00,7.860091,11.016204,35.8,3.78
T07,GL-4592,2026-03-20 11:08:00,7.859478,11.016598,21.4,4.58
T07,GL-4592,2026-03-20 11:09:00,7.859207,11.016558,30.5,3.29
T07,GL-4592,2026-03-20 11:10:00,7.858262,11.016761,44.8,5.02
T07,GL-4592,2026-03-20 11:11:00,7.857652,11.017355,23.1,3.14
T07,GL-4592,2026-03-20 11:12:00,7.857219,11.017336,32.5,2.96
T07,GL-4592,2026-03-20 11:13:00,7.856166,11.017358,52.4,4.76
T07,GL-4592,2026-03-20 11:14:00,7.855785,11.017708,46.4,3.63
T07,GL-4592,2026-03-20 11:15:00,7.855131,11.018263,52.8,3.64
T07,GL-4592,2026-03-20 11:16:00,7.854812,11.018269,34.8,3.16
T07,GL-4592,2026-03-20 11:17:00,7.854548,11.018877,29.6,4.46
T07,GL-4592,2026-03-20 11:18:00,7.853957,11.018655,37.7,5.59
T07,GL-4592,2026-03-20 11:19:00,7.853375,11.019001,27.1,3.77
T07,GL-4592,2026-03-20 11:20:00,7.852627,11.01965,37.0,5.1
T07,GL-4592,2026-03-20 11:21:00,7.852035,11.019863,49.1,4.3
T07,GL-4592,2026-03-20 11:22:00,7.851369,11.019579,37.6,3.76
T07,GL-4592,2026-03-20 11:23:00,7.851047,11.019747,51.5,3.27
T07,GL-4592,2026-03-20 11:24:00,7.850668,11.020507,42.8,5.32
T07,GL-4592,2026-03-20 11:25:00,7.850043,11.020739,51.0,5.29
T07,GL-4592,2026-03-20 11:26:00,7.849377,11.020921,32.9,2.9
T07,GL-4592,2026-03-20 11:27:00,7.848256,11.021457,57.3,4.86
T07,GL-4592,2026-03-20 11:28:00,7.848113,11.02132,32.0,3.9
T07,GL-4592,2026-03-20 11:29:00,7.848066,11.021413,27.2,3.96
T07,GL-4592,2026-03-20 11:30:00,7.846982,11.022065,,4.88
T07,GL-4592,2026-03-20 11:31:00,7.846966,11.022099,29.7,3.28
T07,GL-4592,2026-03-20 11:32:00,7.846053,11.022259,41.2,3.0
T07,GL-4592,2026-03-20 11:33:00,7.845176,11.022674,39.7,3.43
T07,GL-4592,2026-03-20 11:34:00,7.845014,11.023351,57.3,3.63
T07,GL-4592,2026-03-20 11:35:00,7.844188,11.023476,52.9,5.32
T07,GL-4592,2026-03-20 11:36:00,7.843712,11.023451,57.5,2.98
T07,GL-4592,2026-03-20 11:37:00,7.843425,11.023912,33.1,3.23
T07,GL-4592,2026-03-20 11:38:00,7.842431,11.02404,54.3,4.34
T07,GL-4592,2026-03-20 11:39:00,7.841791,11.02435,26.9,4.95
T07,GL-4592,2026-03-20 11:40:00,7.841449,11.024606,52.8,3.05
T07,GL-4592,2026-03-20 11:41:00,7.840977,11.024731,17.3,3.28
T07,GL-4592,2026-03-20 11:42:00,7.840686,11.024969,53.8,4.5
T07,GL-4592,2026-03-20 11:43:00,7.839824,11.025808,30.5,5.18
T07,GL-4592,2026-03-20 11:44:00,7.839048,11.025871,16.8,2.86
T07,GL-4592,2026-03-20 11:45:00,7.838629,11.025629,43.9,3.57
T07,GL-4592,2026-03-20 11:46:00,7.838146,11.026106,31.3,4.07
T07,GL-4592,2026-03-20 11:47:00,7.837786,11.026387,49.3,2.94
T07,GL-4592,2026-03-20 11:48:00,7.836852,11.026211,41.3,4.64
T07,GL-4592,2026-03-20 11:49:00,7.836652,11.02647,49.1,5.44
T07,GL-4592,2026-03-20 11:50:00,7.835451,11.026998,52.8,4.93
T07,GL-4592,2026-03-20 11:51:00,7.835258,11.027366,19.6,5.54
T07,GL-4592,2026-03-20 11:52:00,7.834473,11.027176,41.9,4.25
T07,GL-4592,2026-03-20 11:53:00,7.833906,11.027907,41.3,3.45
T07,GL-4592,2026-03-20 11:54:00,7.833892,11.028256,42.0,4.03
T07,GL-4592,2026-03-20 11:55:00,7.833175,11.028257,56.6,2.94
T07,GL-4592,2026-03-20 11:56:00,7.83244,11.028651,22.0,5.09
T07,GL-4592,2026-03-20 11:57:00,7.831929,11.029166,47.7,4.35
T07,GL-4592,2026-03-20 11:58:00,7.831193,11.029051,40.1,3.56
T07,GL-4592,2026-03-20 11:59:00,7.83073,11.029322,32.0,3.34
T07,GL-4592,2026-03-20 12:00:00,7.829997,11.029711,36.4,4.57
T07,GL-4592,2026-03-20 12:01:00,7.829665,11.030047,53.7,4.84
T07,GL-4592,2026-03-20 12:02:00,7.829173,11.030184,55.8,5.53
T07,GL-4592,2026-03-20 12:03:00,7.828108,11.030575,38.2,2.94
T07,GL-4592,2026-03-20 12:04:00,7.828077,11.030911,43.2,4.11
T07,GL-4592,2026-03-20 12:05:00,7.827466,11.030908,28.4,4.07
T07,GL-4592,2026-03-20 12:06:00,7.826849,11.031376,55.6,4.97
T07,GL-4592,2026-03-20 12:07:00,7.82618,11.031523,36.2,4.96
T07,GL-4592,2026-03-20 12:08:00,7.825952,11.031994,31.8,4.48
T07,GL-4592,2026-03-20 12:09:00,7.825002,11.032153,21.3,2.82
T07,GL-4592,2026-03-20 12:10:00,7.824205,11.032085,16.5,3.57
T07,GL-4592,2026-03-20 12:11:00,7.824022,11.032273,22.4,2.99
T07,GL-4592,2026-03-20 12:12:00,7.823491,11.032566,31.8,5.49
T07,GL-4592,2026-03-20 12:13:00,7.822905,11.033137,20.4,4.0
T07,GL-4592,2026-03-20 12:14:00,7.822242,11.033276,22.1,3.93
T07,GL-4592,2026-03-20 12:15:00,7.821945,11.033803,20.1,3.65
T07,GL-4592,2026-03-20 12:16:00,7.82126,11.033802,39.3,3.06
T07,GL-4592,2026-03-20 12:17:00,7.820604,11.034075,15.8,2.92
T07,GL-4592,2026-03-20 12:18:00,7.820336,11.034209,46.3,3.33
T07,GL-4592,2026-03-20 12:19:00,7.819465,11.034879,26.6,4.48
T07,GL-4592,2026-03-20 12:20:00,7.81876,11.034646,28.1,4.76
T07,GL-4592,2026-03-20 12:21:00,7.818651,11.035069,54.1,3.66
T07,GL-4592,2026-03-20 12:22:00,7.817525,11.034894,47.7,4.04
T07,GL-4592,2026-03-20 12:23:00,7.817077,11.035631,16.2,3.63
T07,GL-4592,2026-03-20 12:24:00,7.816485,11.035815,57.6,3.92
T07,GL-4592,2026-03-20 12:25:00,7.816274,11.0361,31.7,2.81
T07,GL-4592,2026-03-20 12:26:00,7.815264,11.036475,43.4,4.76
T07,GL-4592,2026-03-20 12:27:00,7.814988,11.036639,57.7,4.51
T07,GL-4592,2026-03-20 12:28:00,7.814264,11.036745,33.0,5.03
T07,GL-4592,2026-03-20 12:29:00,7.814093,11.037479,47.0,2.84
T07,GL-4592,2026-03-20 12:30:00,7.81327,11.037091,17.3,4.28
T07,GL-4592,2026-03-20 12:31:00,7.812838,11.037491,25.6,3.43
T07,GL-4592,2026-03-20 12:32:00,7.812127,11.037931,39.9,5.23
T07,GL-4592,2026-03-20 12:33:00,7.811389,11.037945,15.1,5.45
T07,GL-4592,2026-03-20 12:34:00,7.810927,11.038506,22.4,5.11
T07,GL-4592,2026-03-20 12:35:00,7.810581,11.038313,54.4,4.73
T07,GL-4592,2026-03-20 12:36:00,7.810141,11.038507,16.6,5.27
T07,GL-4592,2026-03-20 12:37:00,7.809514,11.039017,43.9,3.45
T07,GL-4592,2026-03-20 12:38:00,7.80844,11.039338,36.2,5.18
T07,GL-4592,2026-03-20 12:39:00,7.808375,11.039785,36.5,3.99
T07,GL-4592,2026-03-20 12:40:00,7.807687,11.03984,27.6,4.72
T07,GL-4592,2026-03-20 12:41:00,7.807173,11.040161,41.2,4.65
T07,GL-4592,2026-03-20 12:42:00,7.806173,11.040372,26.5,4.85
T07,GL-4592,2026-03-20 12:43:00,7.805725,11.040957,40.7,3.2
T07,GL-4592,2026-03-20 12:44:00,7.805112,11.041349,17.4,5.11
T07,GL-4592,2026-03-20 12:45:00,7.804997,11.041043,52.7,3.92
T07,GL-4592,2026-03-20 12:46:00,7.80436,11.041822,23.5,5.3
T07,GL-4592,2026-03-20 12:47:00,7.803294,11.041393,52.4,3.65
T07,GL-4592,2026-03-20 12:48:00,7.803402,11.042161,16.1,4.5
T07,GL-4592,2026-03-20 12:49:00,7.8025,11.042475,17.5,3.52
T07,GL-4592,2026-03-20 12:50:00,7.801921,11.042017,22.9,5.32
T07,GL-4592,2026-03-20 12:51:00,7.801399,11.042691,35.2,4.39
T07,GL-4592,2026-03-20 12:52:00,7.800693,11.043116,31.4,4.71
T07,GL-4592,2026-03-20 12:53:00,7.800459,11.042945,24.3,4.68
T07,GL-4592,2026-03-20 12:54:00,7.799964,11.04362,43.7,4.31
T07,GL-4592,2026-03-20 12:55:00,7.799213,11.04357,29.5,3.38
T07,GL-4592,2026-03-20 12:56:00,7.798542,11.044141,46.2,5.09
T07,GL-4592,2026-03-20 12:57:00,7.797911,11.044229,37.6,5.6
T07,GL-4592,2026-03-20 12:58:00,7.797796,11.044471,31.0,2.86
T07,GL-4592,2026-03-20 12:59:00,7.796832,11.044535,25.1,4.26
T07,GL-4592,2026-03-20 13:00:00,7.796716,11.044635,23.2,4.16
T07,GL-4592,2026-03-20 13:01:00,7.796424,11.045307,54.9,3.77
T07,GL-4592,2026-03-20 13:02:00,7.795608,11.045491,15.7,4.37
T07,GL-4592,2026-03-20 13:03:00,7.794764,11.045636,37.0,3.69
T07,GL-4592,2026-03-20 13:04:00,7.793886,11.04614,15.6,3.51
T07,GL-4592,2026-03-20 13:05:00,7.793297,11.046479,51.6,4.68
T07,GL-4592,2026-03-20 13:06:00,7.793194,11.046821,23.7,4.97
T07,GL-4592,2026-03-20 13:07:00,7.792592,11.046975,54.2,3.66
T07,GL-4592,2026-03-20 13:08:00,7.792289,11.04699,28.5,4.77
T07,GL-4592,2026-03-20 13:09:00,7.791556,11.047203,29.7,4.39
T07,GL-4592,2026-03-20 13:10:00,7.790699,11.047522,36.2,3.14
T07,GL-4592,2026-03-20 13:11:00,7.790386,11.047649,29.7,4.2
T07,GL-4592,2026-03-20 13:12:00,7.789868,11.048401,19.9,4.22
T07,GL-4592,2026-03-20 13:13:00,7.788994,11.048499,44.7,5.21
T07,GL-4592,2026-03-20 13:14:00,7.788611,11.048682,53.5,5.26
T07,GL-4592,2026-03-20 13:15:00,7.787997,11.048621,31.5,5.16
T07,GL-4592,2026-03-20 13:16:00,7.787535,11.049481,17.6,3.24
T07,GL-4592,2026-03-20 13:17:00,7.786844,11.049239,39.3,4.06
T07,GL-4592,2026-03-20 13:18:00,7.78635,11.049374,27.0,4.45
T07,GL-4592,2026-03-20 13:19:00,7.785857,11.049778,48.1,3.7
T07,GL-4592,2026-03-20 13:20:00,7.785033,11.050158,38.1,4.08
T07,GL-4592,2026-03-20 13:21:00,7.784452,11.050509,40.6,4.51
T07,GL-4592,2026-03-20 13:22:00,7.784032,11.050738,51.5,2.94
T07,GL-4592,2026-03-20 13:23:00,7.783791,11.051126,21.7,5.54
T07,GL-4592,2026-03-20 13:24:00,7.783022,11.05151,45.2,4.0
T07,GL-4592,2026-03-20 13:25:00,7.782591,11.051292,53.0,4.9
T07,GL-4592,2026-03-20 13:26:00,7.781455,11.051571,25.8,4.46
T07,GL-4592,2026-03-20 13:27:00,7.781198,11.052101,25.0,4.42
T07,GL-4592,2026-03-20 13:28:00,7.780611,11.052344,51.2,4.51
T07,GL-4592,2026-03-20 13:29:00,7.78027,11.052024,34.4,3.83
T07,GL-4592,2026-03-20 13:30:00,7.779285,11.052803,57.2,4.77
T07,GL-4592,2026-03-20 13:31:00,7.778908,11.052928,56.4,5.26
T07,GL-4592,2026-03-20 13:32:00,7.778659,11.053159,28.2,5.45
T07,GL-4592,2026-03-20 13:33:00,7.777977,11.053598,56.5,3.33
T07,GL-4592,2026-03-20 13:34:00,7.777311,11.053699,24.8,4.29
T07,GL-4592,2026-03-20 13:35:00,7.776586,11.053883,29.2,4.8
T07,GL-4592,2026-03-20 13:36:00,7.77595,11.054447,46.7,3.26
T07,GL-4592,2026-03-20 13:37:00,7.775519,11.054582,40.2,5.05
T07,GL-4592,2026-03-20 13:38:00,7.775041,11.054595,21.2,3.61
T07,GL-4592,2026-03-20 13:39:00,7.774123,11.055203,,3.4
T07,GL-4592,2026-03-20 13:40:00,7.773706,11.055217,32.4,4.5
T07,GL-4592,2026-03-20 13:41:00,7.77325,11.056052,20.7,4.79
T07,GL-4592,2026-03-20 13:42:00,7.772819,11.055504,24.6,4.07
T07,GL-4592,2026-03-20 13:43:00,7.772291,11.055916,33.8,4.99
T07,GL-4592,2026-03-20 13:44:00,7.771627,11.056145,27.5,4.48
T07,GL-4592,2026-03-20 13:45:00,7.771019,11.056846,52.7,3.36
T07,GL-4592,2026-03-20 13:46:00,7.770612,11.056908,32.6,5.39
T07,GL-4592,2026-03-20 13:47:00,7.769992,11.057292,29.4,3.54
T07,GL-4592,2026-03-20 13:48:00,7.769859,11.057517,38.7,4.36
T07,GL-4592,2026-03-20 13:49:00,7.768966,11.05798,56.7,3.13
T07,GL-4592,2026-03-20 13:50:00,7.768631,11.057294,33.5,5.03
T07,GL-4592,2026-03-20 13:51:00,7.767774,11.05843,14.6,5.16
T07,GL-4592,2026-03-20 13:52:00,7.767018,11.058616,18.5,5.49
T07,GL-4592,2026-03-20 13:53:00,7.766914,11.058999,27.0,5.36
T07,GL-4592,2026-03-20 13:54:00,7.765882,11.059099,54.2,5.22
T07,GL-4592,2026-03-20 13:55:00,7.765553,11.059047,44.4,3.74
T07,GL-4592,2026-03-20 13:56:00,7.765235,11.059523,34.5,4.04
T07,GL-4592,2026-03-20 13:57:00,7.764204,11.059473,50.3,3.14
T07,GL-4592,2026-03-20 13:58:00,7.763998,11.059935,42.0,4.03
T07,GL-4592,2026-03-20 13:59:00,7.76342,11.059892,28.4,5.44
T07,GL-4592,2026-03-20 14:00:00,7.762402,11.060475,19.4,3.77
T07,GL-4592,2026-03-20 14:01:00,7.762241,11.06048,18.1,3.48
T07,GL-4592,2026-03-20 14:02:00,7.761612,11.061003,45.8,5.08
T07,GL-4592,2026-03-20 14:03:00,7.761212,11.061407,29.7,3.55
T07,GL-4592,2026-03-20 14:04:00,7.760448,11.061291,18.4,4.77
T07,GL-4592,2026-03-20 14:05:00,7.759618,11.061462,17.7,5.57
T07,GL-4592,2026-03-20 14:06:00,7.75893,11.062079,49.7,4.18
T07,GL-4592,2026-03-20 14:07:00,7.758447,11.062208,18.6,5.2
T07,GL-4592,2026-03-20 14:08:00,7.758095,11.062741,46.2,5.42
T07,GL-4592,2026-03-20 14:09:00,7.757474,11.06308,45.5,3.21
T07,GL-4592,2026-03-20 14:10:00,7.7569,11.062959,51.3,3.16
T07,GL-4592,2026-03-20 14:11:00,7.756558,11.06325,20.7,3.14
T07,GL-4592,2026-03-20 14:12:00,7.755848,11.063617,55.0,3.34
T07,GL-4592,2026-03-20 14:13:00,7.755248,11.063777,38.0,5.53
T07,GL-4592,2026-03-20 14:14:00,7.75459,11.063991,56.1,3.5
T07,GL-4592,2026-03-20 14:15:00,7.753821,11.064525,30.1,4.64
T07,GL-4592,2026-03-20 14:16:00,7.753987,11.064744,26.6,4.19
T07,GL-4592,2026-03-20 14:17:00,7.752933,11.064842,28.0,4.31
T07,GL-4592,2026-03-20 14:18:00,7.752716,11.065334,26.3,5.45
T07,GL-4592,2026-03-20 14:19:00,7.752087,11.065,54.0,3.44
T07,GL-4592,2026-03-20 14:20:00,7.751421,11.065388,36.2,5.58
T07,GL-4592,2026-03-20 14:21:00,7.751332,11.066209,41.5,3.79
T07,GL-4592,2026-03-20 14:22:00,7.750009,11.066421,21.5,5.58
T07,GL-4592,2026-03-20 14:23:00,7.74995,11.066426,54.1,4.96
T07,GL-4592,2026-03-20 14:24:00,7.749434,11.06632,32.9,4.36
T07,GL-4592,2026-03-20 14:25:00,7.748503,11.066868,15.6,3.24
T07,GL-4592,2026-03-20 14:26:00,7.748187,11.06703,33.9,5.1
T07,GL-4592,2026-03-20 14:27:00,7.747422,11.067107,25.4,3.02
T07,GL-4592,2026-03-20 14:28:00,7.746543,11.067764,18.5,4.87
T07,GL-4592,2026-03-20 14:29:00,7.745907,11.067701,22.5,3.41
T07,GL-4592,2026-03-20 14:30:00,7.745932,11.06801,51.9,4.97
T07,GL-4592,2026-03-20 14:31:00,7.745342,11.068332,47.4,4.95
T07,GL-4592,2026-03-20 14:32:00,7.744563,11.068782,25.1,3.76
T07,GL-4592,2026-03-20 14:33:00,7.744298,11.069207,50.8,2.83
T07,GL-4592,2026-03-20 14:34:00,7.743184,11.069648,46.6,4.91
T07,GL-4592,2026-03-20 14:35:00,7.742834,11.069399,48.5,3.88
T07,GL-4592,2026-03-20 14:36:00,7.7422,11.06965,21.6,3.46
T07,GL-4592,2026-03-20 14:37:00,7.741866,11.070207,32.2,3.21
T07,GL-4592,2026-03-20 14:38:00,7.741171,11.069898,22.8,3.75
T07,GL-4592,2026-03-20 14:39:00,7.740995,11.070539,17.5,3.65
T07,GL-4592,2026-03-20 14:40:00,7.740498,11.070602,21.7,3.7
T07,GL-4592,2026-03-20 14:41:00,7.740243,11.070925,42.3,5.16
T07,GL-4592,2026-03-20 14:42:00,7.739137,11.071688,18.1,4.4
T07,GL-4592,2026-03-20 14:43:00,7.738686,11.071423,23.8,5.6
T07,GL-4592,2026-03-20 14:44:00,7.738346,11.071738,24.9,5.52
T07,GL-4592,2026-03-20 14:45:00,7.737287,11.071748,31.3,4.64
T07,GL-4592,2026-03-20 14:46:00,7.736525,11.07249,56.7,5.0
T07,GL-4592,2026-03-20 14:47:00,7.736249,11.072356,53.2,3.73
T07,GL-4592,2026-03-20 14:48:00,7.73548,11.072411,19.3,3.97
T07,GL-4592,2026-03-20 14:49:00,7.734701,11.073075,36.1,4.17
T07,GL-4592,2026-03-20 14:50:00,7.734698,11.073038,30.6,5.27
T07,GL-4592,2026-03-20 14:51:00,7.73424,11.073616,14.7,2.82
T07,GL-4592,2026-03-20 14:52:00,7.733763,11.073684,22.7,4.61
T07,GL-4592,2026-03-20 14:53:00,7.732781,11.074402,18.7,3.01
T07,GL-4592,2026-03-20 14:54:00,7.732066,11.074652,47.5,5.59
T07,GL-4592,2026-03-20 14:55:00,7.73199,11.074935,38.4,4.45
T07,GL-4592,2026-03-20 14:56:00,7.731013,11.075073,51.3,4.64
T07,GL-4592,2026-03-20 14:57:00,7.730999,11.07574,41.9,4.7
T07,GL-4592,2026-03-20 14:58:00,7.729741,11.075484,14.5,3.56
T07,GL-4592,2026-03-20 14:59:00,7.729776,11.075661,25.3,3.09
T07,GL-4592,2026-03-20 15:00:00,7.728948,11.076012,53.8,3.69
T07,GL-4592,2026-03-20 15:01:00,7.728742,11.075958,22.5,3.93
T07,GL-4592,2026-03-20 15:02:00,7.727784,11.076307,39.3,3.95
T07,GL-4592,2026-03-20 15:03:00,7.727205,11.076349,48.9,4.17
T07,GL-4592,2026-03-20 15:04:00,7.726473,11.076652,29.1,4.28
T07,GL-4592,2026-03-20 15:05:00,7.726056,11.077028,51.1,3.86
T07,GL-4592,2026-03-20 15:06:00,7.72532,11.077642,28.9,5.42
T07,GL-4592,2026-03-20 15:07:00,7.724801,11.077691,18.0,3.75
T07,GL-4592,2026-03-20 15:08:00,7.72455,11.078168,47.5,4.85
T07,GL-4592,2026-03-20 15:09:00,7.723519,11.078042,34.1,5.34
T07,GL-4592,2026-03-20 15:10:00,7.722979,11.078437,16.9,3.93
T07,GL-4592,2026-03-20 15:11:00,7.722902,11.078964,39.1,3.49
T07,GL-4592,2026-03-20 15:12:00,7.722219,11.078849,41.0,5.59
T07,GL-4592,2026-03-20 15:13:00,7.721544,11.079229,38.4,4.78
T07,GL-4592,2026-03-20 15:14:00,7.721039,11.079091,56.9,3.82
T07,GL-4592,2026-03-20 15:15:00,7.720501,11.079803,50.9,3.24
T07,GL-4592,2026-03-20 15:16:00,7.719941,11.080223,34.6,4.52
T07,GL-4592,2026-03-20 15:17:00,7.719663,11.079948,49.2,5.55
T07,GL-4592,2026-03-20 15:18:00,7.718373,11.080516,57.8,5.09
T07,GL-4592,2026-03-20 15:19:00,7.718291,11.080243,25.8,3.96
T07,GL-4592,2026-03-20 15:20:00,7.717801,11.081092,15.6,4.03
T07,GL-4592,2026-03-20 15:21:00,7.717005,11.08118,22.1,3.97
T07,GL-4592,2026-03-20 15:22:00,7.716275,11.080985,55.8,4.49
T07,GL-4592,2026-03-20 15:23:00,7.716111,11.081778,32.9,2.87
T07,GL-4592,2026-03-20 15:24:00,7.715492,11.082326,52.6,3.88
T07,GL-4592,2026-03-20 15:25:00,7.714981,11.082014,35.5,3.87
T07,GL-4592,2026-03-20 15:26:00,7.714403,11.082373,18.3,3.1
T07,GL-4592,2026-03-20 15:27:00,7.713825,11.083062,35.6,5.31
T07,GL-4592,2026-03-20 15:28:00,7.713184,11.082939,18.6,3.06
T07,GL-4592,2026-03-20 15:29:00,7.712858,11.083269,45.5,2.93
T07,GL-4592,2026-03-20 15:30:00,7.711965,11.083526,39.9,4.56
T07,GL-4592,2026-03-20 15:31:00,7.711521,11.083541,53.9,4.59
T07,GL-4592,2026-03-20 15:32:00,7.710784,11.084206,44.5,3.1
T07,GL-4592,2026-03-20 15:33:00,7.710497,11.084184,47.7,3.47
T07,GL-4592,2026-03-20 15:34:00,7.709941,11.08461,30.3,3.32
T07,GL-4592,2026-03-20 15:35:00,7.709394,11.084715,32.8,3.2
T07,GL-4592,2026-03-20 15:36:00,7.708286,11.085135,38.2,2.95
T07,GL-4592,2026-03-20 15:37:00,7.708112,11.085287,17.1,4.78
T07,GL-4592,2026-03-20 15:38:00,7.707366,11.085913,57.4,3.4
T07,GL-4592,2026-03-20 15:39:00,7.707394,11.085505,40.4,3.82
T07,GL-4592,2026-03-20 15:40:00,7.706561,11.086131,16.7,5.22
T07,GL-4592,2026-03-20 15:41:00,7.705692,11.085893,22.5,3.45
T07,GL-4592,2026-03-20 15:42:00,7.705436,11.086707,29.9,4.93
T07,GL-4592,2026-03-20 15:43:00,7.704928,11.0867,14.9,4.69
T07,GL-4592,2026-03-20 15:44:00,7.703991,11.086757,27.7,4.05
T07,GL-4592,2026-03-20 15:45:00,7.703733,11.087125,35.5,5.07
T07,GL-4592,2026-03-20 15:46:00,7.702997,11.087454,55.0,3.49
T07,GL-4592,2026-03-20 15:47:00,7.702166,11.087873,32.5,4.34
T07,GL-4592,2026-03-20 15:48:00,7.701854,11.088099,52.7,3.26
T07,GL-4592,2026-03-20 15:49:00,7.701291,11.088783,14.3,5.3
T07,GL-4592,2026-03-20 15:50:00,7.700648,11.088559,27.1,4.56
T07,GL-4592,2026-03-20 15:51:00,7.700291,11.089154,46.3,5.47
T07,GL-4592,2026-03-20 15:52:00,7.69985,11.089358,45.9,3.52
T07,GL-4592,2026-03-20 15:53:00,7.69901,11.089808,39.7,4.15
T07,GL-4592,2026-03-20 15:54:00,7.698449,11.089796,43.1,4.92
T07,GL-4592,2026-03-20 15:55:00,7.698095,11.09009,16.7,5.45
T07,GL-4592,2026-03-20 15:56:00,7.697526,11.090143,33.8,5.53
T07,GL-4592,2026-03-20 15:57:00,7.696724,11.090635,40.6,2.98
T07,GL-4592,2026-03-20 15:58:00,7.696134,11.091139,15.4,4.06
T07,GL-4592,2026-03-20 15:59:00,7.69584,11.091271,23.1,2.88
T07,GL-4592,2026-03-20 16:00:00,7.695014,11.091256,17.3,3.24
T07,GL-4592,2026-03-20 16:01:00,7.6948,11.091787,25.8,3.43
T07,GL-4592,2026-03-20 16:02:00,7.694059,11.092017,57.5,4.01
T07,GL-4592,2026-03-20 16:03:00,7.693294,11.091761,32.4,4.71
T07,GL-4592,2026-03-20 16:04:00,7.692806,11.09192,45.1,3.59
T07,GL-4592,2026-03-20 16:05:00,7.621696,11.092623,40.1,451.07
T07,GL-4592,2026-03-20 16:06:00,7.691638,11.092859,50.0,4.85
T07,GL-4592,2026-03-20 16:07:00,7.691141,11.093075,56.0,2.85
T07,GL-4592,2026-03-20 16:08:00,7.690591,11.093155,40.9,4.86
T07,GL-4592,2026-03-20 16:09:00,7.690229,11.093736,14.4,5.01
T07,GL-4592,2026-03-20 16:10:00,7.689585,11.093877,37.1,3.31
T07,GL-4592,2026-03-20 16:11:00,7.689175,11.094261,19.2,4.28
T07,GL-4592,2026-03-20 16:12:00,7.688504,11.094216,,3.21
T07,GL-4592,2026-03-20 16:13:00,7.687422,11.093812,49.5,3.96
T07,GL-4592,2026-03-20 16:14:00,7.687278,11.094942,46.7,5.11
T07,GL-4592,2026-03-20 16:15:00,7.686729,11.095018,51.6,5.24
T07,GL-4592,2026-03-20 16:16:00,7.686124,11.095099,51.8,3.07
T07,GL-4592,2026-03-20 16:17:00,7.685433,11.095645,29.0,5.17
T07,GL-4592,2026-03-20 16:18:00,7.685214,11.095964,40.8,5.26
T07,GL-4592,2026-03-20 16:19:00,7.684346,11.096436,42.3,4.67
T07,GL-4592,2026-03-20 16:20:00,7.683925,11.096543,51.7,4.02
T07,GL-4592,2026-03-20 16:21:00,7.683471,11.096616,27.0,4.76
T07,GL-4592,2026-03-20 16:22:00,7.68257,11.096445,44.4,4.27
T07,GL-4592,2026-03-20 16:23:00,7.681945,11.09704,27.9,3.9
T07,GL-4592,2026-03-20 16:24:00,7.681687,11.096997,20.1,4.16
T07,GL-4592,2026-03-20 16:25:00,7.681002,11.097899,19.3,3.02
T07,GL-4592,2026-03-20 16:26:00,7.68062,11.097768,35.4,5.48
T07,GL-4592,2026-03-20 16:27:00,7.680123,11.098543,17.0,5.55
T07,GL-4592,2026-03-20 16:28:00,7.67902,11.098398,56.2,3.56
T07,GL-4592,2026-03-20 16:29:00,7.679134,11.09919,,4.21
T07,GL-4592,2026-03-20 16:30:00,7.6781,11.098841,21.0,5.07
T07,GL-4592,2026-03-20 16:31:00,7.677654,11.099413,22.5,4.97
T07,GL-4592,2026-03-20 16:32:00,7.6771,11.09906,40.8,4.17
T07,GL-4592,2026-03-20 16:33:00,7.676541,11.099591,44.5,2.94
T07,GL-4592,2026-03-20 16:34:00,7.676208,11.099686,16.6,3.62
T07,GL-4592,2026-03-20 16:35:00,7.674923,11.100393,35.4,5.17
T07,GL-4592,2026-03-20 16:36:00,7.67548,11.100544,50.1,3.52
T07,GL-4592,2026-03-20 16:37:00,7.674312,11.100318,36.6,4.98
T07,GL-4592,2026-03-20 16:38:00,7.673402,11.101012,54.1,4.42
T07,GL-4592,2026-03-20 16:39:00,7.673464,11.10098,41.4,4.91
T07,GL-4592,2026-03-20 16:40:00,7.672746,11.101108,40.5,5.56
T07,GL-4592,2026-03-20 16:41:00,7.672273,11.102057,52.0,3.3
T07,GL-4592,2026-03-20 16:42:00,7.671527,11.101816,26.5,4.25
T07,GL-4592,2026-03-20 16:43:00,7.670789,11.102533,41.9,3.28
T07,GL-4592,2026-03-20 16:44:00,7.670466,11.102778,57.5,3.92
T07,GL-4592,2026-03-20 16:45:00,7.669381,11.102997,42.3,3.78
T07,GL-4592,2026-03-20 16:46:00,7.669125,11.103147,21.4,5.55
T07,GL-4592,2026-03-20 16:47:00,7.668257,11.103407,23.7,2.81
T07,GL-4592,2026-03-20 16:48:00,7.668064,11.103424,48.2,4.56
T07,GL-4592,2026-03-20 16:49:00,7.66768,11.104103,52.3,3.66
T07,GL-4592,2026-03-20 16:50:00,7.666849,11.104303,45.6,3.53
T07,GL-4592,2026-03-20 16:51:00,7.666094,11.104277,44.5,3.5
T07,GL-4592,2026-03-20 16:52:00,7.665893,11.104487,48.2,5.37
T07,GL-4592,2026-03-20 16:53:00,7.665539,11.104946,43.2,5.12
T07,GL-4592,2026-03-20 16:54:00,7.664664,11.105292,30.5,4.54
T07,GL-4592,2026-03-20 16:55:00,7.664328,11.105368,36.8,3.7
T07,GL-4592,2026-03-20 16:56:00,7.663997,11.105771,55.9,2.98
T07,GL-4592,2026-03-20 16:57:00,7.662823,11.105835,21.7,5.39
T07,GL-4592,2026-03-20 16:58:00,7.662285,11.105891,31.1,5.28
T07,GL-4592,2026-03-20 16:59:00,7.662526,11.106205,14.5,4.79
T07,GL-4592,2026-03-20 17:00:00,7.661176,11.106417,43.0,3.43
T07,GL-4592,2026-03-20 17:01:00,7.660827,11.106525,40.9,3.45
T07,GL-4592,2026-03-20 17:02:00,7.660421,11.106932,28.1,3.21
T07,GL-4592,2026-03-20 17:03:00,7.660503,11.107723,42.6,5.36
T07,GL-4592,2026-03-20 17:04:00,7.659382,11.107674,50.3,4.86
T07,GL-4592,2026-03-20 17:05:00,7.658843,11.107773,30.1,4.92
T07,GL-4592,2026-03-20 17:06:00,7.658014,11.108312,38.1,4.18
T07,GL-4592,2026-03-20 17:07:00,7.657496,11.108301,42.3,2.99
T07,GL-4592,2026-03-20 17:08:00,7.656603,11.108311,35.9,5.08
T07,GL-4592,2026-03-20 17:09:00,7.65643,11.108888,53.4,3.29
T07,GL-4592,2026-03-20 17:10:00,7.655808,11.109104,35.2,4.93
T07,GL-4592,2026-03-20 17:11:00,7.655294,11.109225,49.6,4.17
T07,GL-4592,2026-03-20 17:12:00,7.654972,11.10975,49.0,2.87
T07,GL-4592,2026-03-20 17:13:00,7.65438,11.109839,31.5,5.51
T07,GL-4592,2026-03-20 17:14:00,7.653584,11.110041,48.0,5.14
T07,GL-4592,2026-03-20 17:15:00,7.652512,11.110429,36.4,3.39
T07,GL-4592,2026-03-20 17:16:00,7.652524,11.110685,25.6,4.33
T07,GL-4592,2026-03-20 17:17:00,7.652103,11.111285,40.7,3.64
T07,GL-4592,2026-03-20 17:18:00,7.651273,11.111449,55.0,4.48
T07,GL-4592,2026-03-20 17:19:00,7.65057,11.111716,53.8,5.25
T07,GL-4592,2026-03-20 17:20:00,7.650283,11.111683,27.8,3.44
T07,GL-4592,2026-03-20 17:21:00,7.649464,11.111731,26.8,3.44
T07,GL-4592,2026-03-20 17:22:00,7.649363,11.112576,23.1,5.57
T07,GL-4592,2026-03-20 17:23:00,7.648474,11.112266,46.1,5.37
T07,GL-4592,2026-03-20 17:24:00,7.648072,11.11255,31.1,4.12
T07,GL-4592,2026-03-20 17:25:00,7.647035,11.113171,44.8,3.8
T07,GL-4592,2026-03-20 17:26:00,7.646956,11.113519,28.9,4.01
T07,GL-4592,2026-03-20 17:27:00,7.646369,11.113576,43.2,3.82
T07,GL-4592,2026-03-20 17:28:00,7.645848,11.113869,17.2,3.24
T07,GL-4592,2026-03-20 17:29:00,7.645173,11.114046,33.6,4.43
T07,GL-4592,2026-03-20 17:30:00,7.644162,11.114266,43.3,4.33
T07,GL-4592,2026-03-20 17:31:00,7.644114,11.114455,43.3,3.38
T07,GL-4592,2026-03-20 17:32:00,7.6436,11.114903,28.0,5.49
T07,GL-4592,2026-03-20 17:33:00,7.642809,11.115316,43.8,4.91
T07,GL-4592,2026-03-20 17:34:00,7.642422,11.11499,54.7,4.63
T07,GL-4592,2026-03-20 17:35:00,7.641805,11.11541,26.9,3.02
T07,GL-4592,2026-03-20 17:36:00,7.641329,11.11558,26.8,4.4
T07,GL-4592,2026-03-20 17:37:00,7.640371,11.116399,46.0,5.48
T07,GL-4592,2026-03-20 17:38:00,7.639909,11.116118,17.5,5.43
T07,GL-4592,2026-03-20 17:39:00,7.639623,11.116388,50.8,4.33
T07,GL-4592,2026-03-20 17:40:00,7.639149,11.116861,55.1,5.17
T07,GL-4592,2026-03-20 17:41:00,7.638177,11.117172,26.9,3.96
T07,GL-4592,2026-03-20 17:42:00,7.637705,11.117512,33.0,4.17
T07,GL-4592,2026-03-20 17:43:00,7.637151,11.11758,20.1,3.4
T07,GL-4592,2026-03-20 17:44:00,7.636877,11.118119,35.9,2.98
T07,GL-4592,2026-03-20 17:45:00,7.635943,11.11841,46.3,5.06
T07,GL-4592,2026-03-20 17:46:00,7.635028,11.118371,39.7,3.71
T07,GL-4592,2026-03-20 17:47:00,7.635008,11.118586,47.8,4.22
T07,GL-4592,2026-03-20 17:48:00,7.634373,11.118676,50.2,3.84
T07,GL-4592,2026-03-20 17:49:00,7.633507,11.119092,50.4,3.06
T07,GL-4592,2026-03-20 17:50:00,7.633737,11.119453,54.6,4.75
T07,GL-4592,2026-03-20 17:51:00,7.632685,11.119217,35.5,4.04
T07,GL-4592,2026-03-20 17:52:00,7.632121,11.119749,56.5,4.54
T07,GL-4592,2026-03-20 17:53:00,7.631606,11.12028,18.9,4.21
T07,GL-4592,2026-03-20 17:54:00,7.631133,11.120357,26.4,5.12
T07,GL-4592,2026-03-20 17:55:00,7.63051,11.12111,42.2,4.23
T07,GL-4592,2026-03-20 17:56:00,7.62946,11.120874,31.2,3.54
T07,GL-4592,2026-03-20 17:57:00,7.629793,11.12101,14.9,3.57
T07,GL-4592,2026-03-20 17:58:00,7.628417,11.121783,26.9,5.3
T07,GL-4592,2026-03-20 17:59:00,7.628221,11.121575,,2.99
T07,GL-4592,2026-03-20 18:00:00,7.627567,11.122324,57.6,5.28
T07,GL-4592,2026-03-20 18:01:00,7.626762,11.122302,15.8,5.18
T07,GL-4592,2026-03-20 18:02:00,7.626473,11.12263,47.3,2.97
T07,GL-4592,2026-03-20 18:03:00,7.625667,11.122692,57.1,4.63
T07,GL-4592,2026-03-20 18:04:00,7.625486,11.123162,18.0,3.44
T07,GL-4592,2026-03-20 18:05:00,7.624612,11.123335,31.0,5.49
T07,GL-4592,2026-03-20 18:06:00,7.624362,11.123457,21.8,4.72
T07,GL-4592,2026-03-20 18:07:00,7.623787,11.123506,36.5,3.34
T07,GL-4592,2026-03-20 18:08:00,7.623149,11.124117,56.7,4.57
T07,GL-4592,2026-03-20 18:09:00,7.622858,11.123986,44.6,4.37
T07,GL-4592,2026-03-20 18:10:00,7.622249,11.124398,50.0,4.3
T07,GL-4592,2026-03-20 18:11:00,7.62166,11.124857,23.2,3.55
T07,GL-4592,2026-03-20 18:12:00,7.620574,11.125066,37.5,4.35
T07,GL-4592,2026-03-20 18:13:00,7.620241,11.125218,37.6,4.05
T07,GL-4592,2026-03-20 18:14:00,7.619576,11.125181,37.2,5.39
T07,GL-4592,2026-03-20 18:15:00,7.619047,11.125775,19.2,3.75
T07,GL-4592,2026-03-20 18:16:00,7.618722,11.125922,37.6,4.22
T07,GL-4592,2026-03-20 18:17:00,7.617976,11.126411,42.9,2.93
T07,GL-4592,2026-03-20 18:18:00,7.617745,11.12646,17.6,5.37
T07,GL-4592,2026-03-20 18:19:00,7.616996,11.126878,29.5,4.81
T07,GL-4592,2026-03-20 18:20:00,7.61626,11.126844,14.2,5.17
T07,GL-4592,2026-03-20 18:21:00,7.615367,11.126909,50.4,4.57
T07,GL-4592,2026-03-20 18:22:00,7.615002,11.127648,52.5,4.33
T07,GL-4592,2026-03-20 18:23:00,7.614734,11.127948,54.3,3.23
T07,GL-4592,2026-03-20 18:24:00,7.613693,11.128027,,3.42
T07,GL-4592,2026-03-20 18:25:00,7.613812,11.128623,24.5,3.87
T07,GL-4592,2026-03-20 18:26:00,7.61288,11.128605,28.7,3.35
T07,GL-4592,2026-03-20 18:27:00,7.61271,11.12909,,3.01
T07,GL-4592,2026-03-20 18:28:00,7.611739,11.128995,32.6,3.25
T07,GL-4592,2026-03-20 18:29:00,7.611128,11.129657,57.0,2.83
T07,GL-4592,2026-03-20 18:30:00,7.610761,11.129262,51.4,5.14
T07,GL-4592,2026-03-20 18:31:00,7.610616,11.129715,32.3,5.33
T07,GL-4592,2026-03-20 18:32:00,7.609712,11.130381,34.9,4.2
T07,GL-4592,2026-03-20 18:33:00,7.608619,11.130148,46.2,4.6
T07,GL-4592,2026-03-20 18:34:00,7.608117,11.13032,44.2,4.25
T07,GL-4592,2026-03-20 18:35:00,7.608367,11.130991,36.0,4.92
T07,GL-4592,2026-03-20 18:36:00,7.607249,11.13123,45.6,3.21
T07,GL-4592,2026-03-20 18:37:00,7.606805,11.131286,52.7,3.95
T07,GL-4592,2026-03-20 18:38:00,7.606507,11.131884,26.1,4.41
T07,GL-4592,2026-03-20 18:39:00,7.605771,11.132606,40.7,5.39
T07,GL-4592,2026-03-20 18:40:00,7.605214,11.13219,21.8,5.17
T07,GL-4592,2026-03-20 18:41:00,7.604287,11.132501,35.2,3.17
T07,GL-4592,2026-03-20 18:42:00,7.604006,11.133021,38.3,4.97
T07,GL-4592,2026-03-20 18:43:00,7.603393,11.132968,52.1,3.05
T07,GL-4592,2026-03-20 18:44:00,7.603021,11.133032,18.2,4.99
T07,GL-4592,2026-03-20 18:45:00,7.602865,11.133594,56.9,4.31
T07,GL-4592,2026-03-20 18:46:00,7.601754,11.133565,22.3,4.38
T07,GL-4592,2026-03-20 18:47:00,7.601299,11.13411,35.5,5.18
T07,GL-4592,2026-03-20 18:48:00,7.600643,11.134378,41.3,3.55
T07,GL-4592,2026-03-20 18:49:00,7.600366,11.13449,29.2,3.5
T07,GL-4592,2026-03-20 18:50:00,7.599592,11.134852,52.3,3.55
T07,GL-4592,2026-03-20 18:51:00,7.599245,11.134854,49.6,4.33
T07,GL-4592,2026-03-20 18:52:00,7.598419,11.135371,39.7,3.03
T07,GL-4592,2026-03-20 18:53:00,7.598057,11.135798,55.6,4.16
T07,GL-4592,2026-03-20 18:54:00,7.597662,11.136119,17.1,4.96
T07,GL-4592,2026-03-20 18:55:00,7.596577,11.135968,26.8,4.31
T07,GL-4592,2026-03-20 18:56:00,7.596199,11.136578,33.6,5.04
T07,GL-4592,2026-03-20 18:57:00,7.595582,11.136385,54.4,3.07
T07,GL-4592,2026-03-20 18:58:00,7.595186,11.1375,55.5,5.58
T07,GL-4592,2026-03-20 18:59:00,7.594116,11.136935,23.6,2.91
T07,GL-4592,2026-03-20 19:00:00,7.5935,11.13721,22.1,4.81
T07,GL-4592,2026-03-20 19:01:00,7.593378,11.137375,18.6,4.48
T07,GL-4592,2026-03-20 19:02:00,7.592385,11.137714,36.1,5.4
T07,GL-4592,2026-03-20 19:03:00,7.59245,11.138045,52.7,3.13
T07,GL-4592,2026-03-20 19:04:00,7.591179,11.138239,30.7,3.51
T07,GL-4592,2026-03-20 19:05:00,7.591092,11.138441,34.8,4.06
T07,GL-4592,2026-03-20 19:06:00,7.590365,11.138911,52.9,5.52
T07,GL-4592,2026-03-20 19:07:00,7.590335,11.138949,36.3,3.86
T07,GL-4592,2026-03-20 19:08:00,7.589518,11.139048,14.7,5.27
T07,GL-4592,2026-03-20 19:09:00,7.588878,11.14003,54.1,3.21
T07,GL-4592,2026-03-20 19:10:00,7.588111,11.14006,35.7,4.3
T07,GL-4592,2026-03-20 19:11:00,7.587564,11.140112,52.7,3.76
T07,GL-4592,2026-03-20 19:12:00,7.587319,11.14022,38.2,2.9
T07,GL-4592,2026-03-20 19:13:00,7.586178,11.140536,15.7,5.26
T07,GL-4592,2026-03-20 19:14:00,7.586102,11.141227,57.3,3.38
T07,GL-4592,2026-03-20 19:15:00,7.585298,11.141324,18.5,5.02
T07,GL-4592,2026-03-20 19:16:00,7.585262,11.141291,19.2,5.48
T07,GL-4592,2026-03-20 19:17:00,7.584161,11.141732,46.1,4.83
T07,GL-4592,2026-03-20 19:18:00,7.583508,11.142446,52.4,4.84
T07,GL-4592,2026-03-20 19:19:00,7.58326,11.142043,44.2,3.96
T07,GL-4592,2026-03-20 19:20:00,7.582795,11.142537,,3.95
T07,GL-4592,2026-03-20 19:21:00,7.581592,11.14255,56.9,4.59
T07,GL-4592,2026-03-20 19:22:00,7.581427,11.143302,26.7,5.09
T07,GL-4592,2026-03-20 19:23:00,7.580985,11.143416,23.2,4.96
T07,GL-4592,2026-03-20 19:24:00,7.580595,11.143549,35.1,4.12
T07,GL-4592,2026-03-20 19:25:00,7.579842,11.143629,26.3,4.44
T07,GL-4592,2026-03-20 19:26:00,7.57946,11.144025,41.3,3.29
T07,GL-4592,2026-03-20 19:27:00,7.579009,11.14463,16.4,3.95
T07,GL-4592,2026-03-20 19:28:00,7.578014,11.144346,44.6,4.14
T07,GL-4592,2026-03-20 19:29:00,7.577284,11.144903,49.6,3.22
T07,GL-4592,2026-03-20 19:30:00,7.576548,11.145139,20.5,3.21
T07,GL-4592,2026-03-20 19:31:00,7.576735,11.145504,32.1,4.87
T07,GL-4592,2026-03-20 19:32:00,7.5758,11.145847,14.8,5.43
T07,GL-4592,2026-03-20 19:33:00,7.575338,11.145829,30.4,4.76
T07,GL-4592,2026-03-20 19:34:00,7.574938,11.146358,46.3,3.53
T07,GL-4592,2026-03-20 19:35:00,7.574092,11.14642,38.4,3.69
T07,GL-4592,2026-03-20 19:36:00,7.573535,11.146292,45.0,3.35
T07,GL-4592,2026-03-20 19:37:00,7.573022,11.146675,57.5,4.39
T07,GL-4592,2026-03-20 19:38:00,7.572639,11.147089,21.8,3.13
T07,GL-4592,2026-03-20 19:39:00,7.572072,11.147612,33.7,3.1
T07,GL-4592,2026-03-20 19:40:00,7.571531,11.147313,15.3,2.91
T07,GL-4592,2026-03-20 19:41:00,7.570863,11.148388,45.6,3.18
T07,GL-4592,2026-03-20 19:42:00,7.570117,11.147732,37.3,3.02
T07,GL-4592,2026-03-20 19:43:00,7.569514,11.148351,54.0,3.51
T07,GL-4592,2026-03-20 19:44:00,7.568811,11.149001,28.3,3.65
T07,GL-4592,2026-03-20 19:45:00,7.568337,11.148998,43.7,3.0
T07,GL-4592,2026-03-20 19:46:00,7.567727,11.148969,29.3,3.52
T07,GL-4592,2026-03-20 19:47:00,7.567864,11.149065,18.4,4.9
T07,GL-4592,2026-03-20 19:48:00,7.567067,11.149898,19.5,3.05
T07,GL-4592,2026-03-20 19:49:00,7.566283,11.15008,41.7,3.06
T07,GL-4592,2026-03-20 19:50:00,7.565326,11.15015,14.5,5.51
T07,GL-4592,2026-03-20 19:51:00,7.564854,11.150368,14.4,4.6
T07,GL-4592,2026-03-20 19:52:00,7.565164,11.150459,54.5,3.67
T07,GL-4592,2026-03-20 19:53:00,7.564357,11.151093,30.2,4.53
T07,GL-4592,2026-03-20 19:54:00,7.563258,11.15159,32.0,5.32
T07,GL-4592,2026-03-20 19:55:00,7.562648,11.151735,27.6,4.56
T07,GL-4592,2026-03-20 19:56:00,7.562496,11.151817,41.3,3.88
T07,GL-4592,2026-03-20 19:57:00,7.561854,11.152073,53.0,3.56
T07,GL-4592,2026-03-20 19:58:00,7.561288,11.152193,37.7,3.66
T07,GL-4592,2026-03-20 19:59:00,7.560176,11.152607,44.4,5.57
T07,GL-4592,2026-03-20 20:00:00,7.560327,11.152863,51.9,3.56
T07,GL-4592,2026-03-20 20:01:00,7.559697,11.152839,41.9,4.98
T07,GL-4592,2026-03-20 20:02:00,7.558877,11.153117,20.0,5.54
T07,GL-4592,2026-03-20 20:03:00,7.558083,11.153233,32.8,3.72
T07,GL-4592,2026-03-20 20:04:00,7.557834,11.153993,57.1,5.46
T07,GL-4592,2026-03-20 20:05:00,7.556897,11.153851,25.3,4.46
T07,GL-4592,2026-03-20 20:06:00,7.556742,11.154281,30.4,3.28
T07,GL-4592,2026-03-20 20:07:00,7.556453,11.15468,54.3,2.94
T07,GL-4592,2026-03-20 20:08:00,7.555667,11.154884,54.1,4.73
T07,GL-4592,2026-03-20 20:09:00,7.555157,11.154939,50.0,4.51
T07,GL-4592,2026-03-20 20:10:00,7.554504,11.155672,19.1,4.34
T07,GL-4592,2026-03-20 20:11:00,7.553983,11.155533,30.6,4.39
T07,GL-4592,2026-03-20 20:12:00,7.553416,11.155878,42.0,4.42
T07,GL-4592,2026-03-20 20:13:00,7.552734,11.156131,30.3,4.16
T07,GL-4592,2026-03-20 20:14:00,7.551933,11.156118,32.0,4.38
T07,GL-4592,2026-03-20 20:15:00,7.5517,11.156728,50.7,3.41
T07,GL-4592,2026-03-20 20:16:00,7.551061,11.156967,19.2,4.9
T07,GL-4592,2026-03-20 20:17:00,7.550791,11.157317,30.5,3.69
T07,GL-4592,2026-03-20 20:18:00,7.550297,11.157257,15.4,3.59
T07,GL-4592,2026-03-20 20:19:00,7.549451,11.15823,24.5,3.12
T07,GL-4592,2026-03-20 20:20:00,7.549071,11.158005,51.3,3.53
T07,GL-4592,2026-03-20 20:21:00,7.54821,11.157961,34.3,3.15
T07,GL-4592,2026-03-20 20:22:00,7.547346,11.158924,39.5,3.06
T07,GL-4592,2026-03-20 20:23:00,7.547524,11.158473,49.4,2.87
T07,GL-4592,2026-03-20 20:24:00,7.546713,11.158953,37.1,5.06
T07,GL-4592,2026-03-20 20:25:00,7.54636,11.159101,28.6,4.92
T07,GL-4592,2026-03-20 20:26:00,7.545578,11.159481,55.1,3.61
T07,GL-4592,2026-03-20 20:27:00,7.544806,11.159395,48.8,4.97
T07,GL-4592,2026-03-20 20:28:00,7.544542,11.159958,53.2,4.9
T07,GL-4592,2026-03-20 20:29:00,7.54362,11.16023,50.8,4.29
T07,GL-4592,2026-03-20 20:30:00,7.543363,11.160258,18.5,3.2
T07,GL-4592,2026-03-20 20:31:00,7.542705,11.160627,42.9,5.05
T07,GL-4592,2026-03-20 20:32:00,7.542365,11.161068,22.6,4.1
T07,GL-4592,2026-03-20 20:33:00,7.541578,11.161,39.6,3.24
T07,GL-4592,2026-03-20 20:34:00,7.541251,11.161917,40.2,5.39
T07,GL-4592,2026-03-20 20:35:00,7.540324,11.161839,41.0,3.25
T07,GL-4592,2026-03-20 20:36:00,7.539505,11.162056,43.0,4.04
T07,GL-4592,2026-03-20 20:37:00,7.539126,11.162059,54.9,4.96
T07,GL-4592,2026-03-20 20:38:00,7.538927,11.16207,56.6,4.71
T07,GL-4592,2026-03-20 20:39:00,7.53823,11.162479,54.2,5.27
T07,GL-4592,2026-03-20 20:40:00,7.537597,11.163104,16.9,4.38
T07,GL-4592,2026-03-20 20:41:00,7.53681,11.16316,21.7,5.29
T07,GL-4592,2026-03-20 20:42:00,7.536396,11.163647,16.8,3.12
T07,GL-4592,2026-03-20 20:43:00,7.536021,11.163504,53.1,4.76
T07,GL-4592,2026-03-20 20:44:00,7.535494,11.164254,43.6,2.93
T07,GL-4592,2026-03-20 20:45:00,7.534645,11.164292,56.2,2.95
T07,GL-4592,2026-03-20 20:46:00,7.534026,11.164325,51.1,4.45
T07,GL-4592,2026-03-20 20:47:00,7.533976,11.164978,39.5,4.88
T07,GL-4592,2026-03-20 20:48:00,7.53291,11.164588,41.9,5.29
T07,GL-4592,2026-03-20 20:49:00,7.532637,11.165637,45.5,4.12
T07,GL-4592,2026-03-20 20:50:00,7.532181,11.165648,45.3,3.34
T07,GL-4592,2026-03-20 20:51:00,7.531757,11.165661,26.6,4.33
T07,GL-4592,2026-03-20 20:52:00,7.530995,11.166142,40.2,3.75
T07,GL-4592,2026-03-20 20:53:00,7.530224,11.166161,53.4,4.22
T07,GL-4592,2026-03-20 20:54:00,7.52996,11.166649,16.1,3.09
T07,GL-4592,2026-03-20 20:55:00,7.528941,11.167136,37.3,4.18
T07,GL-4592,2026-03-20 20:56:00,7.528491,11.167365,27.7,5.05
T07,GL-4592,2026-03-20 20:57:00,7.528161,11.167034,42.7,4.63
T07,GL-4592,2026-03-20 20:58:00,7.527646,11.167297,52.3,4.77
T07,GL-4592,2026-03-20 20:59:00,7.527014,11.167613,26.7,4.96
T07,GL-4592,2026-03-20 21:00:00,7.526384,11.168209,27.9,5.36
T07,GL-4592,2026-03-20 21:01:00,7.526015,11.168763,20.7,3.66
T07,GL-4592,2026-03-20 21:02:00,7.525511,11.168818,43.4,4.43
T07,GL-4592,2026-03-20 21:03:00,7.5248,11.169132,47.2,5.16
T07,GL-4592,2026-03-20 21:04:00,7.524075,11.168774,57.9,3.6
T07,GL-4592,2026-03-20 21:05:00,7.523934,11.169428,53.3,3.99
T07,GL-4592,2026-03-20 21:06:00,7.523016,11.169424,33.7,5.02
T07,GL-4592,2026-03-20 21:07:00,7.522359,11.169772,19.1,3.17
T07,GL-4592,2026-03-20 21:08:00,7.522048,11.170145,38.8,3.53
T07,GL-4592,2026-03-20 21:09:00,7.521515,11.170579,33.4,4.74
T07,GL-4592,2026-03-20 21:10:00,7.520687,11.170832,56.2,4.99
T07,GL-4592,2026-03-20 21:11:00,7.520326,11.171224,18.4,4.74
T07,GL-4592,2026-03-20 21:12:00,7.519442,11.171298,35.7,3.81
T07,GL-4592,2026-03-20 21:13:00,7.519166,11.17167,29.2,4.99
T07,GL-4592,2026-03-20 21:14:00,7.51836,11.171481,55.2,3.78
T07,GL-4592,2026-03-20 21:15:00,7.517901,11.17201,46.3,4.0
T07,GL-4592,2026-03-20 21:16:00,7.517643,11.17197,22.6,3.5
T07,GL-4592,2026-03-20 21:17:00,7.516801,11.172736,21.5,4.74
T07,GL-4592,2026-03-20 21:18:00,7.516255,11.172887,50.0,3.57
T07,GL-4592,2026-03-20 21:19:00,7.515774,11.173064,30.9,3.43
T07,GL-4592,2026-03-20 21:20:00,7.514546,11.172977,43.9,5.59
T07,GL-4592,2026-03-20 21:21:00,7.514135,11.173696,16.3,5.37
T07,GL-4592,2026-03-20 21:22:00,7.514324,11.174002,15.7,3.99
T07,GL-4592,2026-03-20 21:23:00,7.513103,11.174118,55.7,4.49
T07,GL-4592,2026-03-20 21:24:00,7.512796,11.174245,24.7,3.2
T07,GL-4592,2026-03-20 21:25:00,7.512195,11.174946,37.3,3.65
T07,GL-4592,2026-03-20 21:26:00,7.511473,11.175045,41.7,5.12
T07,GL-4592,2026-03-20 21:27:00,7.511193,11.174753,49.8,4.49
T07,GL-4592,2026-03-20 21:28:00,7.510496,11.175376,24.8,3.83
T07,GL-4592,2026-03-20 21:29:00,7.509789,11.175327,52.2,5.49
T07,GL-4592,2026-03-20 21:30:00,7.509875,11.176261,36.6,4.42
T07,GL-4592,2026-03-20 21:31:00,7.509302,11.176068,18.6,3.51
T07,GL-4592,2026-03-20 21:32:00,7.508959,11.176495,41.4,3.03
T07,GL-4592,2026-03-20 21:33:00,7.507553,11.176199,57.9,3.42
T07,GL-4592,2026-03-20 21:34:00,7.507368,11.177025,45.8,4.85
T07,GL-4592,2026-03-20 21:35:00,7.506657,11.177653,37.6,5.22
T07,GL-4592,2026-03-20 21:36:00,7.505711,11.177684,46.3,5.26
T07,GL-4592,2026-03-20 21:37:00,7.506165,11.177725,22.2,5.39
T07,GL-4592,2026-03-20 21:38:00,7.505648,11.177938,57.1,4.85
T07,GL-4592,2026-03-20 21:39:00,7.50458,11.178014,34.9,4.05
T07,GL-4592,2026-03-20 21:40:00,7.504049,11.178231,31.5,5.0
T07,GL-4592,2026-03-20 21:41:00,7.503323,11.178722,47.1,5.05
T07,GL-4592,2026-03-20 21:42:00,7.502626,11.178821,33.8,4.34
T07,GL-4592,2026-03-20 21:43:00,7.502275,11.17989,41.7,2.84
T07,GL-4592,2026-03-20 21:44:00,7.502196,11.179524,23.4,4.13
T07,GL-4592,2026-03-20 21:45:00,7.500964,11.179792,39.2,3.77
T07,GL-4592,2026-03-20 21:46:00,7.500631,11.179651,34.0,4.71
T07,GL-4592,2026-03-20 21:47:00,7.500057,11.180046,29.3,4.87
T07,GL-4592,2026-03-20 21:48:00,7.499679,11.180638,39.3,3.14
T07,GL-4592,2026-03-20 21:49:00,7.499179,11.18065,33.8,5.47
T07,GL-4592,2026-03-20 21:50:00,7.49817,11.181058,22.6,4.35
T07,GL-4592,2026-03-20 21:51:00,7.497544,11.180965,22.7,5.47
T07,GL-4592,2026-03-20 21:52:00,7.496984,11.181291,34.3,3.96
T07,GL-4592,2026-03-20 21:53:00,7.496355,11.181557,28.5,5.51
T07,GL-4592,2026-03-20 21:54:00,7.496084,11.182276,26.6,3.78
T07,GL-4592,2026-03-20 21:55:00,7.49573,11.182589,,3.23
T07,GL-4592,2026-03-20 21:56:00,7.494968,11.18243,54.4,3.3
T07,GL-4592,2026-03-20 21:57:00,7.494144,11.182992,38.2,5.36
T07,GL-4592,2026-03-20 21:58:00,7.493598,11.182907,27.0,5.2
T07,GL-4592,2026-03-20 21:59:00,7.49336,11.183052,56.4,4.99
T07,GL-4592,2026-03-20 22:00:00,7.49247,11.183508,41.0,3.65
T07,GL-4592,2026-03-20 22:01:00,7.491787,11.184119,22.6,4.56
T07,GL-4592,2026-03-20 22:02:00,7.491547,11.183927,50.8,5.05
T07,GL-4592,2026-03-20 22:03:00,7.490875,11.184286,47.7,2.9
T07,GL-4592,2026-03-20 22:04:00,7.490111,11.184529,57.6,4.02
T07,GL-4592,2026-03-20 22:05:00,7.489728,11.184723,44.1,5.53
T07,GL-4592,2026-03-20 22:06:00,7.489418,11.184995,44.4,5.3
T07,GL-4592,2026-03-20 22:07:00,7.488783,11.185614,44.6,4.33
T07,GL-4592,2026-03-20 22:08:00,7.488699,11.185601,28.5,4.7
T07,GL-4592,2026-03-20 22:09:00,7.487663,11.185646,,3.58
T07,GL-4592,2026-03-20 22:10:00,7.487053,11.186209,49.2,4.92
T07,GL-4592,2026-03-20 22:11:00,7.486323,11.186307,14.7,4.26
T07,GL-4592,2026-03-20 22:12:00,7.486127,11.186636,46.4,2.94
T07,GL-4592,2026-03-20 22:13:00,7.485711,11.186674,48.0,5.05
T07,GL-4592,2026-03-20 22:14:00,7.484873,11.187017,20.0,3.38
T07,GL-4592,2026-03-20 22:15:00,7.483707,11.187588,42.1,4.43
T07,GL-4592,2026-03-20 22:16:00,7.483635,11.187695,52.1,4.75
T07,GL-4592,2026-03-20 22:17:00,7.48277,11.187799,36.4,3.23
T07,GL-4592,2026-03-20 22:18:00,7.482785,11.188305,22.0,3.95
T07,GL-4592,2026-03-20 22:19:00,7.482066,11.188354,37.0,3.23
T07,GL-4592,2026-03-20 22:20:00,7.48158,11.188392,31.1,3.08
T07,GL-4592,2026-03-20 22:21:00,7.480922,11.188781,26.1,3.12
T07,GL-4592,2026-03-20 22:22:00,7.480346,11.189191,42.7,3.28
T07,GL-4592,2026-03-20 22:23:00,7.479799,11.189464,21.9,4.78
T07,GL-4592,2026-03-20 22:24:00,7.479473,11.189365,24.9,4.84
T07,GL-4592,2026-03-20 22:25:00,7.478504,11.189467,34.4,4.49
T07,GL-4592,2026-03-20 22:26:00,7.477926,11.190131,49.6,3.93
T07,GL-4592,2026-03-20 22:27:00,7.477666,11.190661,57.9,3.51
T07,GL-4592,2026-03-20 22:28:00,7.477059,11.190763,15.5,3.95
T07,GL-4592,2026-03-20 22:29:00,7.476093,11.19094,22.7,3.74
T07,GL-4592,2026-03-20 22:30:00,7.47583,11.191282,57.7,3.83
T07,GL-4592,2026-03-20 22:31:00,7.47487,11.191403,31.9,5.47
T07,GL-4592,2026-03-20 22:32:00,7.474703,11.191627,55.7,4.11
T07,GL-4592,2026-03-20 22:33:00,7.474105,11.192102,16.3,4.52
T07,GL-4592,2026-03-20 22:34:00,7.473455,11.192109,50.6,3.22
T07,GL-4592,2026-03-20 22:35:00,7.472829,11.191992,43.0,3.4
T07,GL-4592,2026-03-20 22:36:00,7.472342,11.192453,31.3,4.53
T07,GL-4592,2026-03-20 22:37:00,7.471829,11.193454,14.1,3.33
T07,GL-4592,2026-03-20 22:38:00,7.471349,11.193463,23.1,3.2
T07,GL-4592,2026-03-20 22:39:00,7.470948,11.193599,14.8,4.59
T07,GL-4592,2026-03-20 22:40:00,7.47047,11.193937,44.0,4.65
T07,GL-4592,2026-03-20 22:41:00,7.469911,11.193773,35.2,3.28
T07,GL-4592,2026-03-20 22:42:00,7.468946,11.194155,37.7,5.3
T07,GL-4592,2026-03-20 22:43:00,7.468331,11.194094,36.5,4.15
T07,GL-4592,2026-03-20 22:44:00,7.468094,11.194849,39.7,3.82
T07,GL-4592,2026-03-20 22:45:00,7.467185,11.195274,14.8,2.87
T07,GL-4592,2026-03-20 22:46:00,7.466776,11.19558,21.0,3.45
T07,GL-4592,2026-03-20 22:47:00,7.466078,11.195581,25.0,5.44
T07,GL-4592,2026-03-20 22:48:00,7.465836,11.195835,15.5,3.69
T07,GL-4592,2026-03-20 22:49:00,7.46523,11.196178,25.0,3.16
T07,GL-4592,2026-03-20 22:50:00,7.464601,11.196116,29.5,4.75
T07,GL-4592,2026-03-20 22:51:00,7.463711,11.196535,47.5,3.58
T07,GL-4592,2026-03-20 22:52:00,7.46338,11.196723,20.6,5.56
T07,GL-4592,2026-03-20 22:53:00,7.462872,11.196781,19.5,3.1
T07,GL-4592,2026-03-20 22:54:00,7.462545,11.19726,41.6,3.41
T07,GL-4592,2026-03-20 22:55:00,7.461878,11.197078,38.2,4.14
T07,GL-4592,2026-03-20 22:56:00,7.461268,11.197623,55.4,4.07
T07,GL-4592,2026-03-20 22:57:00,7.460656,11.197985,45.9,5.03
T07,GL-4592,2026-03-20 22:58:00,7.459956,11.19844,28.6,4.01
T07,GL-4592,2026-03-20 22:59:00,7.459411,11.198369,45.2,3.4
T07,GL-4592,2026-03-20 23:00:00,7.458834,11.199037,29.8,3.26
T07,GL-4592,2026-03-20 23:01:00,7.458298,11.19929,17.3,4.16
T07,GL-4592,2026-03-20 23:02:00,7.458524,11.199017,28.0,0.78
T07,GL-4592,2026-03-20 23:03:00,7.458665,11.198856,15.0,0.55
T07,GL-4592,2026-03-20 23:04:00,7.458571,11.19948,57.7,0.71
T07,GL-4592,2026-03-20 23:05:00,7.458917,11.198549,51.0,0.53
T07,GL-4592,2026-03-20 23:06:00,7.457937,11.198576,28.1,0.5
T07,GL-4592,2026-03-20 23:07:00,7.457936,11.199329,52.0,0.84
T07,GL-4592,2026-03-20 23:08:00,7.458632,11.199184,,0.59
T07,GL-4592,2026-03-20 23:09:00,7.45865,11.198752,46.3,0.49
T07,GL-4592,2026-03-20 23:10:00,7.458538,11.199305,22.7,0.34
T07,GL-4592,2026-03-20 23:11:00,7.458574,11.199008,18.0,0.33
T07,GL-4592,2026-03-20 23:12:00,7.458445,11.198985,38.0,0.06
T07,GL-4592,2026-03-20 23:13:00,7.457821,11.199326,27.9,0.67
T07,GL-4592,2026-03-20 23:14:00,7.459104,11.198849,54.8,0.08
T07,GL-4592,2026-03-20 23:15:00,7.458729,11.19933,27.3,0.19
T07,GL-4592,2026-03-20 23:16:00,7.45811,11.199444,32.1,0.87
T07,GL-4592,2026-03-20 23:17:00,7.458289,11.199602,34.1,0.78
T07,GL-4592,2026-03-20 23:18:00,7.457996,11.198826,21.2,0.23
T07,GL-4592,2026-03-20 23:19:00,7.458444,11.198901,17.4,0.33
T07,GL-4592,2026-03-20 23:20:00,7.458422,11.198698,27.9,0.57
T07,GL-4592,2026-03-20 23:21:00,7.458533,11.198967,47.0,0.86
T07,GL-4592,2026-03-20 23:22:00,7.457735,11.199182,21.8,0.65
T07,GL-4592,2026-03-20 23:23:00,7.458399,11.198338,18.2,0.64
T07,GL-4592,2026-03-20 23:24:00,7.45817,11.1993,28.8,0.0
T07,GL-4592,2026-03-20 23:25:00,7.458806,11.198436,41.1,0.33
T07,GL-4592,2026-03-20 23:26:00,7.45865,11.199182,38.2,0.85
T07,GL-4592,2026-03-20 23:27:00,7.458067,11.199239,20.2,0.5
T07,GL-4592,2026-03-20 23:28:00,7.458191,11.199443,47.4,0.03
T07,GL-4592,2026-03-20 23:29:00,7.458784,11.199049,21.1,0.39
T07,GL-4592,2026-03-20 23:30:00,7.457781,11.199423,50.2,4.46
T07,GL-4592,2026-03-20 23:31:00,7.457054,11.199831,44.8,3.36
T07,GL-4592,2026-03-20 23:32:00,7.456553,11.200574,31.8,3.48
T07,GL-4592,2026-03-20 23:33:00,7.45581,11.200717,41.5,2.84
T07,GL-4592,2026-03-20 23:34:00,7.455095,11.201188,23.7,3.08
T07,GL-4592,2026-03-20 23:35:00,7.454591,11.201626,17.0,4.47
T07,GL-4592,2026-03-20 23:36:00,7.45433,11.201887,44.9,3.54
T07,GL-4592,2026-03-20 23:37:00,7.452986,11.202461,42.8,5.02
T07,GL-4592,2026-03-20 23:38:00,7.45275,11.202687,22.2,4.3
T07,GL-4592,2026-03-20 23:39:00,7.452331,11.202904,21.8,4.91
T07,GL-4592,2026-03-20 23:40:00,7.451069,11.203209,43.1,5.0
T07,GL-4592,2026-03-20 23:41:00,7.451132,11.203649,21.1,3.62
T07,GL-4592,2026-03-20 23:42:00,7.449756,11.20399,22.7,4.36
T07,GL-4592,2026-03-20 23:43:00,7.449375,11.204551,55.5,3.38
T07,GL-4592,2026-03-20 23:44:00,7.448884,11.205283,,4.66
T07,GL-4592,2026-03-20 23:45:00,7.448268,11.205505,33.2,4.04
T07,GL-4592,2026-03-20 23:46:00,7.447738,11.205992,46.3,5.36
T07,GL-4592,2026-03-20 23:47:00,7.446746,11.206197,37.5,5.02
T07,GL-4592,2026-03-20 23:48:00,7.446095,11.206526,44.0,3.62
T07,GL-4592,2026-03-20 23:49:00,7.445859,11.20699,46.2,3.01
T07,GL-4592,2026-03-20 23:50:00,7.445097,11.207689,16.4,3.27
T07,GL-4592,2026-03-20 23:51:00,7.443971,11.207694,14.2,5.48
T07,GL-4592,2026-03-20 23:52:00,7.443648,11.207571,20.6,5.24
T07,GL-4592,2026-03-20 23:53:00,7.442888,11.208766,56.5,3.45
T07,GL-4592,2026-03-20 23:54:00,7.442645,11.209303,20.5,4.64
T07,GL-4592,2026-03-20 23:55:00,7.441593,11.209449,56.2,2.85
T07,GL-4592,2026-03-20 23:56:00,7.441277,11.20952,34.4,5.39
T07,GL-4592,2026-03-20 23:57:00,7.440246,11.209823,21.6,4.32
T07,GL-4592,2026-03-20 23:58:00,7.439786,11.210534,54.3,5.13
T07,GL-4592,2026-03-20 23:59:00,7.439206,11.21107,53.8,3.76
T07,GL-4592,2026-03-21 00:00:00,7.438518,11.211036,21.5,3.05
T07,GL-4592,2026-03-21 00:01:00,7.437949,11.211808,14.0,3.76
T07,GL-4592,2026-03-21 00:02:00,7.437689,11.212222,45.0,4.77
T07,GL-4592,2026-03-21 00:03:00,7.436898,11.212579,39.1,4.54
T07,GL-4592,2026-03-21 00:04:00,7.436184,11.212917,25.8,2.86
T07,GL-4592,2026-03-21 00:05:00,7.435527,11.213082,55.9,4.86
T07,GL-4592,2026-03-21 00:06:00,7.434642,11.214038,56.6,4.13
T07,GL-4592,2026-03-21 00:07:00,7.434407,11.214036,53.3,4.83
T07,GL-4592,2026-03-21 00:08:00,7.433377,11.214361,54.0,5.48
T07,GL-4592,2026-03-21 00:09:00,7.432898,11.214914,24.5,2.82
T07,GL-4592,2026-03-21 00:10:00,7.43216,11.215243,39.9,2.84
T07,GL-4592,2026-03-21 00:11:00,7.431431,11.215936,40.3,4.81
T07,GL-4592,2026-03-21 00:12:00,7.431079,11.215677,34.9,5.25
T07,GL-4592,2026-03-21 00:13:00,7.43019,11.216641,47.3,4.41
T07,GL-4592,2026-03-21 00:14:00,7.429826,11.21675,57.0,5.58
T07,GL-4592,2026-03-21 00:15:00,7.429224,11.217197,47.9,4.96
T07,GL-4592,2026-03-21 00:16:00,7.428068,11.217484,30.2,4.82
T07,GL-4592,2026-03-21 00:17:00,7.427968,11.218195,22.4,3.06
T07,GL-4592,2026-03-21 00:18:00,7.426983,11.2183,43.6,4.64
T07,GL-4592,2026-03-21 00:19:00,7.426229,11.21887,,5.53
T07,GL-4592,2026-03-21 00:20:00,7.425656,11.219046,50.2,5.5
T07,GL-4592,2026-03-21 00:21:00,7.42557,11.219498,53.7,5.33
T07,GL-4592,2026-03-21 00:22:00,7.424537,11.219843,51.8,4.33
T07,GL-4592,2026-03-21 00:23:00,7.423992,11.220311,45.2,4.02
T07,GL-4592,2026-03-21 00:24:00,7.423156,11.220364,26.5,3.35
T07,GL-4592,2026-03-21 00:25:00,7.42259,11.221227,39.7,5.27
T07,GL-4592,2026-03-21 00:26:00,7.422216,11.221343,40.5,4.28
T07,GL-4592,2026-03-21 00:27:00,7.421404,11.221821,17.6,4.85
T07,GL-4592,2026-03-21 00:28:00,7.421096,11.222008,35.4,3.74
T07,GL-4592,2026-03-21 00:29:00,7.420428,11.222824,55.7,3.56
T07,GL-4592,2026-03-21 00:30:00,7.419267,11.222911,28.9,3.11
T07,GL-4592,2026-03-21 00:31:00,7.418939,11.223287,19.9,5.58
T07,GL-4592,2026-03-21 00:32:00,7.418474,11.223743,22.4,3.3
T07,GL-4592,2026-03-21 00:33:00,7.41736,11.22432,52.4,5.19
T07,GL-4592,2026-03-21 00:34:00,7.417163,11.224859,27.6,3.82
T07,GL-4592,2026-03-21 00:35:00,7.416737,11.224639,31.9,4.87
T07,GL-4592,2026-03-21 00:36:00,7.415617,11.224964,43.6,4.3
T07,GL-4592,2026-03-21 00:37:00,7.415284,11.225613,25.6,4.38
T07,GL-4592,2026-03-21 00:38:00,7.414421,11.226372,29.6,3.9
T07,GL-4592,2026-03-21 00:39:00,7.414002,11.226645,42.2,3.67
T07,GL-4592,2026-03-21 00:40:00,7.413235,11.226993,56.3,4.98
T07,GL-4592,2026-03-21 00:41:00,7.412634,11.227013,27.1,4.71
T07,GL-4592,2026-03-21 00:42:00,7.411938,11.227325,46.5,2.98
T07,GL-4592,2026-03-21 00:43:00,7.411278,11.228151,55.3,4.15
T07,GL-4592,2026-03-21 00:44:00,7.410955,11.228452,26.3,3.06
T07,GL-4592,2026-03-21 00:45:00,7.410117,11.228941,42.5,5.39
T07,GL-4592,2026-03-21 00:46:00,7.409365,11.228809,20.9,5.09
T07,GL-4592,2026-03-21 00:47:00,7.408789,11.229751,43.7,4.44
T07,GL-4592,2026-03-21 00:48:00,7.408244,11.22969,46.9,5.08
T07,GL-4592,2026-03-21 00:49:00,7.407324,11.230437,26.2,5.53
T07,GL-4592,2026-03-21 00:50:00,7.406844,11.230788,48.7,3.97
T07,GL-4592,2026-03-21 00:51:00,7.406307,11.231449,28.2,3.03
T07,GL-4592,2026-03-21 00:52:00,7.405571,11.231622,47.4,4.16
T07,GL-4592,2026-03-21 00:53:00,7.404462,11.232299,38.8,5.24
T07,GL-4592,2026-03-21 00:54:00,7.404182,11.232222,38.8,3.49
T07,GL-4592,2026-03-21 00:55:00,7.403306,11.233087,37.7,3.07
T07,GL-4592,2026-03-21 00:56:00,7.403014,11.232835,19.5,4.12
T07,GL-4592,2026-03-21 00:57:00,7.402649,11.233703,55.7,2.86
T07,GL-4592,2026-03-21 00:58:00,7.401504,11.234121,37.5,3.61
T07,GL-4592,2026-03-21 00:59:00,7.400901,11.233983,56.8,5.59
T07,GL-4592,2026-03-21 01:00:00,7.400669,11.23485,37.6,5.53
T07,GL-4592,2026-03-21 01:01:00,7.399693,11.235077,45.0,5.3
T07,GL-4592,2026-03-21 01:02:00,7.399096,11.23537,35.9,2.83
T07,GL-4592,2026-03-21 01:03:00,7.398626,11.235548,51.6,3.02
T07,GL-4592,2026-03-21 01:04:00,7.397736,11.236271,36.3,4.67
T07,GL-4592,2026-03-21 01:05:00,7.397093,11.236718,47.8,4.83
T07,GL-4592,2026-03-21 01:06:00,7.397113,11.237286,32.5,3.59
T07,GL-4592,2026-03-21 01:07:00,7.39609,11.237515,48.0,3.53
T07,GL-4592,2026-03-21 01:08:00,7.395384,11.238044,43.6,4.74
T07,GL-4592,2026-03-21 01:09:00,7.394959,11.238629,31.3,4.04
T07,GL-4592,2026-03-21 01:10:00,7.393959,11.238215,57.6,5.48
T07,GL-4592,2026-03-21 01:11:00,7.393508,11.23894,25.7,3.89
T07,GL-4592,2026-03-21 01:12:00,7.392778,11.239252,25.8,5.14
T07,GL-4592,2026-03-21 01:13:00,7.39203,11.239432,57.1,3.16
T07,GL-4592,2026-03-21 01:14:00,7.39145,11.240044,42.1,3.95
T07,GL-4592,2026-03-21 01:15:00,7.390947,11.240439,53.9,3.67
T07,GL-4592,2026-03-21 01:16:00,7.390299,11.241074,16.5,2.86
T07,GL-4592,2026-03-21 01:17:00,7.389295,11.241443,51.9,3.71
T07,GL-4592,2026-03-21 01:18:00,7.388883,11.241563,35.9,3.44
T07,GL-4592,2026-03-21 01:19:00,7.388185,11.242116,47.9,5.38
T07,GL-4592,2026-03-21 01:20:00,7.387809,11.242298,48.0,4.44
T07,GL-4592,2026-03-21 01:21:00,7.386551,11.24246,15.7,4.44
T07,GL-4592,2026-03-21 01:22:00,7.386227,11.243353,57.6,2.83
T07,GL-4592,2026-03-21 01:23:00,7.3859,11.243615,49.4,3.84
T07,GL-4592,2026-03-21 01:24:00,7.384862,11.244018,54.4,4.7
T07,GL-4592,2026-03-21 01:25:00,7.384683,11.244369,41.4,3.8
T07,GL-4592,2026-03-21 01:26:00,7.383903,11.245088,56.9,5.15
T07,GL-4592,2026-03-21 01:27:00,7.383073,11.244842,45.3,3.79
T07,GL-4592,2026-03-21 01:28:00,7.382629,11.245609,52.7,5.24
T07,GL-4592,2026-03-21 01:29:00,7.382605,11.245721,18.2,5.12
T07,GL-4592,2026-03-21 01:30:00,7.381115,11.246348,26.4,3.92
T07,GL-4592,2026-03-21 01:31:00,7.381145,11.246365,50.2,0.69
T07,GL-4592,2026-03-21 01:32:00,7.381674,11.246463,51.1,0.17
T07,GL-4592,2026-03-21 01:33:00,7.381551,11.246368,24.3,0.63
T07,GL-4592,2026-03-21 01:34:00,7.381342,11.246167,19.3,0.11
T07,GL-4592,2026-03-21 01:35:00,7.381129,11.246486,58.0,0.09
T07,GL-4592,2026-03-21 01:36:00,7.380806,11.246325,14.9,0.26
T07,GL-4592,2026-03-21 01:37:00,7.380879,11.245987,49.2,0.36
T07,GL-4592,2026-03-21 01:38:00,7.381258,11.246557,49.7,0.75
T07,GL-4592,2026-03-21 01:39:00,7.381055,11.246057,37.9,0.1
T07,GL-4592,2026-03-21 01:40:00,7.38135,11.246025,45.4,0.69
T07,GL-4592,2026-03-21 01:41:00,7.381268,11.246494,39.5,0.76
T07,GL-4592,2026-03-21 01:42:00,7.381312,11.246291,54.9,0.05
T07,GL-4592,2026-03-21 01:43:00,7.381278,11.246009,50.2,0.23
T07,GL-4592,2026-03-21 01:44:00,7.38123,11.246207,49.9,0.7
T07,GL-4592,2026-03-21 01:45:00,7.381009,11.246666,14.4,0.46
T07,GL-4592,2026-03-21 01:46:00,7.381118,11.246635,50.5,0.43
T07,GL-4592,2026-03-21 01:47:00,7.381657,11.246524,15.8,0.06
T07,GL-4592,2026-03-21 01:48:00,7.381217,11.246393,32.8,0.4
T07,GL-4592,2026-03-21 01:49:00,7.381246,11.246682,36.9,0.44
T07,GL-4592,2026-03-21 01:50:00,7.381863,11.246519,23.3,0.87
T07,GL-4592,2026-03-21 01:51:00,7.381538,11.24625,36.8,0.81
T07,GL-4592,2026-03-21 01:52:00,7.381506,11.246614,,0.64
T07,GL-4592,2026-03-21 01:53:00,7.380572,11.246664,26.4,4.19
T07,GL-4592,2026-03-21 01:54:00,7.380335,11.246822,57.1,3.19
T07,GL-4592,2026-03-21 01:55:00,7.379486,11.246893,34.5,3.07
T07,GL-4592,2026-03-21 01:56:00,7.378772,11.24779,29.2,3.71
T07,GL-4592,2026-03-21 01:57:00,7.377869,11.247978,40.7,3.7
T07,GL-4592,2026-03-21 01:58:00,7.377128,11.24835,32.6,3.77
T07,GL-4592,2026-03-21 01:59:00,7.376861,11.248767,15.1,2.88
T07,GL-4592,2026-03-21 02:00:00,7.376415,11.249189,36.0,3.54
T07,GL-4592,2026-03-21 02:01:00,7.375417,11.249227,57.1,4.47
T07,GL-4592,2026-03-21 02:02:00,7.37493,11.249349,16.2,5.13
T07,GL-4592,2026-03-21 02:03:00,7.374584,11.249963,42.9,3.42
T07,GL-4592,2026-03-21 02:04:00,7.373671,11.250188,49.1,5.13
T07,GL-4592,2026-03-21 02:05:00,7.373516,11.250422,41.8,3.75
T07,GL-4592,2026-03-21 02:06:00,7.372495,11.250947,21.5,4.6
T07,GL-4592,2026-03-21 02:07:00,7.37214,11.251162,55.8,2.96
T07,GL-4592,2026-03-21 02:08:00,7.371154,11.251637,49.2,5.1
T07,GL-4592,2026-03-21 02:09:00,7.370874,11.252248,27.6,5.47
T07,GL-4592,2026-03-21 02:10:00,7.369628,11.25241,42.5,3.47
T07,GL-4592,2026-03-21 02:11:00,7.369748,11.252955,44.6,2.89
T07,GL-4592,2026-03-21 02:12:00,7.369061,11.252697,53.3,2.99
T07,GL-4592,2026-03-21 02:13:00,7.367987,11.253362,41.4,3.9
T07,GL-4592,2026-03-21 02:14:00,7.367454,11.253845,43.6,4.83
T07,GL-4592,2026-03-21 02:15:00,7.367068,11.254016,22.0,4.93
T07,GL-4592,2026-03-21 02:16:00,7.366242,11.254162,31.4,3.81
T07,GL-4592,2026-03-21 02:17:00,7.365947,11.254577,39.1,5.18
T07,GL-4592,2026-03-21 02:18:00,7.365085,11.254798,54.3,2.84
T07,GL-4592,2026-03-21 02:19:00,7.364559,11.25552,28.5,2.93
T07,GL-4592,2026-03-21 02:20:00,7.364324,11.255738,41.6,4.04
T07,GL-4592,2026-03-21 02:21:00,7.363127,11.255463,39.9,5.53
T07,GL-4592,2026-03-21 02:22:00,7.362096,11.256185,39.2,2.93
T07,GL-4592,2026-03-21 02:23:00,7.36199,11.256399,54.5,2.82
T07,GL-4592,2026-03-21 02:24:00,7.361431,11.2573,25.2,3.3
T07,GL-4592,2026-03-21 02:25:00,7.360763,11.257104,49.3,3.09
T07,GL-4592,2026-03-21 02:26:00,7.360426,11.25725,37.9,5.04
T07,GL-4592,2026-03-21 02:27:00,7.359839,11.257637,41.0,5.3
T07,GL-4592,2026-03-21 02:28:00,7.358464,11.258098,50.8,4.58
T07,GL-4592,2026-03-21 02:29:00,7.358558,11.258665,56.1,3.93
T07,GL-4592,2026-03-21 02:30:00,7.357964,11.259085,51.4,3.28
T07,GL-4592,2026-03-21 02:31:00,7.357444,11.259106,42.6,3.9
T07,GL-4592,2026-03-21 02:32:00,7.356724,11.259775,35.5,2.85
T07,GL-4592,2026-03-21 02:33:00,7.355558,11.260162,37.5,2.87
T07,GL-4592,2026-03-21 02:34:00,7.355283,11.260425,49.5,3.88
T07,GL-4592,2026-03-21 02:35:00,7.354438,11.260551,47.9,4.91
T07,GL-4592,2026-03-21 02:36:00,7.354436,11.260671,26.7,3.37
T07,GL-4592,2026-03-21 02:37:00,7.353627,11.261137,23.8,4.52
T07,GL-4592,2026-03-21 02:38:00,7.352661,11.261392,54.3,5.26
T07,GL-4592,2026-03-21 02:39:00,7.351793,11.261433,36.9,3.51
T07,GL-4592,2026-03-21 02:40:00,7.351897,11.262536,18.6,3.22
T07,GL-4592,2026-03-21 02:41:00,7.35112,11.262429,47.7,5.22
T07,GL-4592,2026-03-21 02:42:00,7.350126,11.26312,32.5,3.78
T07,GL-4592,2026-03-21 02:43:00,7.349639,11.263349,30.3,5.39
T07,GL-4592,2026-03-21 02:44:00,7.349345,11.263442,28.9,5.14
T07,GL-4592,2026-03-21 02:45:00,7.348683,11.264002,18.5,4.36
T07,GL-4592,2026-03-21 02:46:00,7.347953,11.264358,41.9,3.16
T07,GL-4592,2026-03-21 02:47:00,7.347318,11.264171,30.0,4.46
T07,GL-4592,2026-03-21 02:48:00,7.346744,11.264568,37.4,4.29
T07,GL-4592,2026-03-21 02:49:00,7.346033,11.264748,47.8,4.88
T07,GL-4592,2026-03-21 02:50:00,7.345157,11.265751,45.4,5.2
T07,GL-4592,2026-03-21 02:51:00,7.345111,11.265072,17.8,0.36
T07,GL-4592,2026-03-21 02:52:00,7.34532,11.265854,38.0,0.66
T07,GL-4592,2026-03-21 02:53:00,7.345718,11.265513,29.5,0.04
T07,GL-4592,2026-03-21 02:54:00,7.34538,11.265481,52.7,0.55
T07,GL-4592,2026-03-21 02:55:00,7.34486,11.265179,17.8,0.52
T07,GL-4592,2026-03-21 02:56:00,7.34536,11.265144,49.2,0.51
T07,GL-4592,2026-03-21 02:57:00,7.345751,11.265838,35.6,0.01
T07,GL-4592,2026-03-21 02:58:00,7.345104,11.265054,23.8,0.2
T07,GL-4592,2026-03-21 02:59:00,7.34518,11.265722,36.6,0.12
T07,GL-4592,2026-03-21 03:00:00,7.345372,11.265409,24.8,0.89
T07,GL-4592,2026-03-21 03:01:00,7.345269,11.265282,57.2,0.56
T07,GL-4592,2026-03-21 03:02:00,7.345071,11.265476,29.0,0.24
T07,GL-4592,2026-03-21 03:03:00,7.344875,11.26551,32.1,0.88
T07,GL-4592,2026-03-21 03:04:00,7.345254,11.265794,50.2,0.13
T07,GL-4592,2026-03-21 03:05:00,7.345482,11.265977,15.6,0.39
T07,GL-4592,2026-03-21 03:06:00,7.345041,11.265769,26.8,0.51
T07,GL-4592,2026-03-21 03:07:00,7.345285,11.265856,42.4,0.89
T07,GL-4592,2026-03-21 03:08:00,7.345475,11.264682,40.3,0.85
T07,GL-4592,2026-03-21 03:09:00,7.344959,11.265896,56.8,0.48
T07,GL-4592,2026-03-21 03:10:00,7.345417,11.265741,27.9,0.67
T07,GL-4592,2026-03-21 03:11:00,7.345781,11.265114,34.6,0.87
T07,GL-4592,2026-03-21 03:12:00,7.345774,11.265091,56.7,0.64
T07,GL-4592,2026-03-21 03:13:00,7.345067,11.264847,27.3,0.53
T07,GL-4592,2026-03-21 03:14:00,7.344958,11.265287,26.7,0.23
T07,GL-4592,2026-03-21 03:15:00,7.345389,11.26574,33.6,0.6
T07,GL-4592,2026-03-21 03:16:00,7.345865,11.265528,38.3,0.67
T07,GL-4592,2026-03-21 03:17:00,7.345043,11.265838,28.0,0.41
T07,GL-4592,2026-03-21 03:18:00,7.344985,11.266082,50.5,3.95
T07,GL-4592,2026-03-21 03:19:00,7.344762,11.266667,45.5,5.26
T07,GL-4592,2026-03-21 03:20:00,7.344828,11.267305,51.8,4.66
T07,GL-4592,2026-03-21 03:21:00,7.344591,11.26778,57.0,2.8
T07,GL-4592,2026-03-21 03:22:00,7.344227,11.26834,53.3,3.51
T07,GL-4592,2026-03-21 03:23:00,7.344039,11.269141,47.6,3.05
T07,GL-4592,2026-03-21 03:24:00,7.343902,11.269672,27.6,3.17
T07,GL-4592,2026-03-21 03:25:00,7.34295,11.27012,23.4,3.36
T07,GL-4592,2026-03-21 03:26:00,7.343246,11.270542,23.8,3.55
T07,GL-4592,2026-03-21 03:27:00,7.343404,11.271371,37.9,2.91
T07,GL-4592,2026-03-21 03:28:00,7.342675,11.271793,34.6,4.06
T07,GL-4592,2026-03-21 03:29:00,7.342259,11.272581,,5.21
T07,GL-4592,2026-03-21 03:30:00,7.342127,11.272859,32.4,2.96
T07,GL-4592,2026-03-21 03:31:00,7.342614,11.273581,28.4,4.15
T07,GL-4592,2026-03-21 03:32:00,7.341886,11.274067,32.7,4.73
T07,GL-4592,2026-03-21 03:33:00,7.341985,11.274429,45.9,4.46
T07,GL-4592,2026-03-21 03:34:00,7.341367,11.275563,54.8,4.77
T07,GL-4592,2026-03-21 03:35:00,7.3414,11.276024,39.6,4.07
T07,GL-4592,2026-03-21 03:36:00,7.340691,11.276291,23.0,3.24
T07,GL-4592,2026-03-21 03:37:00,7.340705,11.276912,35.7,5.42
T07,GL-4592,2026-03-21 03:38:00,7.340618,11.277494,25.1,5.17
T07,GL-4592,2026-03-21 03:39:00,7.340212,11.278129,19.6,5.58
T07,GL-4592,2026-03-21 03:40:00,7.339856,11.278422,37.1,4.11
T07,GL-4592,2026-03-21 03:41:00,7.340254,11.279566,44.5,4.06
T07,GL-4592,2026-03-21 03:42:00,7.339565,11.27975,26.2,4.55
T07,GL-4592,2026-03-21 03:43:00,7.33931,11.281052,51.3,5.5
T07,GL-4592,2026-03-21 03:44:00,7.339537,11.28095,14.5,4.9
T07,GL-4592,2026-03-21 03:45:00,7.339011,11.281609,47.9,4.67
T07,GL-4592,2026-03-21 03:46:00,7.338768,11.282264,47.1,2.94
T07,GL-4592,2026-03-21 03:47:00,7.338638,11.28283,41.7,5.1
T07,GL-4592,2026-03-21 03:48:00,7.338826,11.283478,38.4,4.82
T07,GL-4592,2026-03-21 03:49:00,7.337887,11.284568,14.9,4.08
T07,GL-4592,2026-03-21 03:50:00,7.337706,11.284339,43.3,3.82
T07,GL-4592,2026-03-21 03:51:00,7.337711,11.285099,40.9,4.5
T07,GL-4592,2026-03-21 03:52:00,7.337592,11.285547,22.0,3.63
T07,GL-4592,2026-03-21 03:53:00,7.337547,11.286059,51.0,5.43
T07,GL-4592,2026-03-21 03:54:00,7.337382,11.28677,24.1,4.78
T07,GL-4592,2026-03-21 03:55:00,7.336931,11.28774,36.4,3.64
T07,GL-4592,2026-03-21 03:56:00,7.336785,11.287546,31.4,3.0
T07,GL-4592,2026-03-21 03:57:00,7.336422,11.288331,22.9,4.92
T07,GL-4592,2026-03-21 03:58:00,7.336488,11.28931,20.0,2.8
T07,GL-4592,2026-03-21 03:59:00,7.336089,11.289999,22.8,4.0
T07,GL-4592,2026-03-21 04:00:00,7.335754,11.290124,42.5,3.89
T07,GL-4592,2026-03-21 04:01:00,7.335911,11.29066,14.4,3.2
T07,GL-4592,2026-03-21 04:02:00,7.335361,11.291291,29.9,3.43
T07,GL-4592,2026-03-21 04:03:00,7.335186,11.291857,30.6,3.93
T07,GL-4592,2026-03-21 04:04:00,7.334847,11.292808,47.3,3.44
T07,GL-4592,2026-03-21 04:05:00,7.334771,11.292918,29.6,2.96
T07,GL-4592,2026-03-21 04:06:00,7.334471,11.293884,38.5,4.08
T07,GL-4592,2026-03-21 04:07:00,7.334121,11.29442,30.2,4.2
T07,GL-4592,2026-03-21 04:08:00,7.333703,11.294995,55.9,5.1
T07,GL-4592,2026-03-21 04:09:00,7.334277,11.295616,27.2,3.51
T07,GL-4592,2026-03-21 04:10:00,7.333886,11.295696,28.1,3.74
T07,GL-4592,2026-03-21 04:11:00,7.333425,11.296519,18.7,4.45
T07,GL-4592,2026-03-21 04:12:00,7.33313,11.297197,50.0,5.41
T07,GL-4592,2026-03-21 04:13:00,7.332649,11.297649,14.4,5.26
T07,GL-4592,2026-03-21 04:14:00,7.332814,11.298419,20.1,3.75
T07,GL-4592,2026-03-21 04:15:00,7.33267,11.299043,32.2,4.41
T07,GL-4592,2026-03-21 04:16:00,7.332408,11.30001,27.9,4.83
T07,GL-4592,2026-03-21 04:17:00,7.359607,11.30007,15.9,163.67
T07,GL-4592,2026-03-21 04:18:00,7.331898,11.300261,42.5,4.25
T07,GL-4592,2026-03-21 04:19:00,7.331705,11.300802,42.2,4.3
T07,GL-4592,2026-03-21 04:20:00,7.331047,11.301466,30.4,3.06
T07,GL-4592,2026-03-21 04:21:00,7.330891,11.302831,54.1,4.17
T07,GL-4592,2026-03-21 04:22:00,7.331105,11.303028,47.0,5.26
T07,GL-4592,2026-03-21 04:23:00,7.33063,11.303676,50.8,4.43
T07,GL-4592,2026-03-21 04:24:00,7.330509,11.304548,19.8,2.84
T07,GL-4592,2026-03-21 04:25:00,7.330264,11.304991,17.5,3.16
T07,GL-4592,2026-03-21 04:26:00,7.330025,11.305614,19.6,3.08
T07,GL-4592,2026-03-21 04:27:00,7.330051,11.305647,52.6,2.96
T07,GL-4592,2026-03-21 04:28:00,7.329441,11.306293,21.1,4.3
T07,GL-4592,2026-03-21 04:29:00,7.329199,11.307132,35.9,4.97
T07,GL-4592,2026-03-21 04:30:00,7.329305,11.307848,48.0,4.08
T07,GL-4592,2026-03-21 04:31:00,7.328798,11.30825,19.9,4.86
T07,GL-4592,2026-03-21 04:32:00,7.328685,11.308546,57.1,3.56
T07,GL-4592,2026-03-21 04:33:00,7.327887,11.309138,56.6,5.55
T07,GL-4592,2026-03-21 04:34:00,7.328228,11.30989,46.3,3.41
T07,GL-4592,2026-03-21 04:35:00,7.32815,11.310079,49.3,5.34
T07,GL-4592,2026-03-21 04:36:00,7.327641,11.311152,35.7,4.66
T07,GL-4592,2026-03-21 04:37:00,7.327778,11.311673,31.4,3.31
T07,GL-4592,2026-03-21 04:38:00,7.327414,11.312192,56.0,3.28
T07,GL-4592,2026-03-21 04:39:00,7.327532,11.313017,35.3,5.45
T07,GL-4592,2026-03-21 04:40:00,7.326611,11.313216,57.7,4.94
T07,GL-4592,2026-03-21 04:41:00,7.326745,11.314096,32.1,3.96
T07,GL-4592,2026-03-21 04:42:00,7.326284,11.31399,47.8,4.16
T07,GL-4592,2026-03-21 04:43:00,7.32626,11.315465,53.4,4.66
T07,GL-4592,2026-03-21 04:44:00,7.326109,11.315998,45.0,4.93
T07,GL-4592,2026-03-21 04:45:00,7.325848,11.316224,40.7,4.25
T07,GL-4592,2026-03-21 04:46:00,7.325432,11.316628,32.8,5.54
T07,GL-4592,2026-03-21 04:47:00,7.325413,11.317192,32.4,2.93
T07,GL-4592,2026-03-21 04:48:00,7.325276,11.317711,47.3,4.0
T07,GL-4592,2026-03-21 04:49:00,7.324874,11.318356,33.3,4.44
T07,GL-4592,2026-03-21 04:50:00,7.324721,11.318852,37.5,4.56
T07,GL-4592,2026-03-21 04:51:00,7.324675,11.320052,35.6,4.11
T07,GL-4592,2026-03-21 04:52:00,7.324429,11.320315,21.0,3.58
T07,GL-4592,2026-03-21 04:53:00,7.324054,11.320544,50.7,2.99
T07,GL-4592,2026-03-21 04:54:00,7.323566,11.321231,56.7,4.61
T07,GL-4592,2026-03-21 04:55:00,7.323864,11.321984,39.4,3.03
T07,GL-4592,2026-03-21 04:56:00,7.323156,11.322346,47.5,5.3
T07,GL-4592,2026-03-21 04:57:00,7.3233,11.323028,56.6,5.58
T07,GL-4592,2026-03-21 04:58:00,7.322714,11.323517,15.8,5.51
T07,GL-4592,2026-03-21 04:59:00,7.322582,11.324292,49.2,3.92
T07,GL-4592,2026-03-21 05:00:00,7.322585,11.324869,38.9,4.87
T07,GL-4592,2026-03-21 05:01:00,7.322212,11.325153,45.3,5.34
T07,GL-4592,2026-03-21 05:02:00,7.322397,11.325886,48.2,3.72
T07,GL-4592,2026-03-21 05:03:00,7.321987,11.32632,54.6,3.98
T07,GL-4592,2026-03-21 05:04:00,7.321519,11.327327,48.7,5.49
T07,GL-4592,2026-03-21 05:05:00,7.321703,11.32761,54.0,3.06
T07,GL-4592,2026-03-21 05:06:00,7.321064,11.328265,46.0,3.9
T07,GL-4592,2026-03-21 05:07:00,7.320603,11.328653,20.3,5.45
T07,GL-4592,2026-03-21 05:08:00,7.320382,11.329613,44.7,4.7
T07,GL-4592,2026-03-21 05:09:00,7.320808,11.329594,25.3,0.83
T07,GL-4592,2026-03-21 05:10:00,7.320516,11.329679,20.5,0.83
T07,GL-4592,2026-03-21 05:11:00,7.321298,11.328869,57.6,0.18
T07,GL-4592,2026-03-21 05:12:00,7.32104,11.329362,36.0,0.75
T07,GL-4592,2026-03-21 05:13:00,7.320988,11.329617,28.0,0.22
T07,GL-4592,2026-03-21 05:14:00,7.320918,11.330074,17.4,0.54
T07,GL-4592,2026-03-21 05:15:00,7.320682,11.32951,28.1,0.63
T07,GL-4592,2026-03-21 05:16:00,7.320121,11.329264,22.2,0.16
T07,GL-4592,2026-03-21 05:17:00,7.320812,11.328828,33.7,0.17
T07,GL-4592,2026-03-21 05:18:00,7.320755,11.329089,,0.8
T07,GL-4592,2026-03-21 05:19:00,7.32087,11.329438,57.0,0.4
T07,GL-4592,2026-03-21 05:20:00,7.320998,11.329278,42.1,0.14
T07,GL-4592,2026-03-21 05:21:00,7.320823,11.3294,29.1,0.67
T07,GL-4592,2026-03-21 05:22:00,7.321185,11.329695,22.3,0.54
T07,GL-4592,2026-03-21 05:23:00,7.320693,11.329453,,0.24
T07,GL-4592,2026-03-21 05:24:00,7.320918,11.329661,38.7,0.42
T07,GL-4592,2026-03-21 05:25:00,7.320565,11.329446,17.5,0.37
T07,GL-4592,2026-03-21 05:26:00,7.320223,11.329624,44.8,0.13
T07,GL-4592,2026-03-21 05:27:00,7.320658,11.329317,15.1,0.09
T07,GL-4592,2026-03-21 05:28:00,7.320204,11.329485,45.9,0.78
T07,GL-4592,2026-03-21 05:29:00,7.320867,11.329434,34.6,0.69
T07,GL-4592,2026-03-21 05:30:00,7.321024,11.32931,23.5,0.35
T07,GL-4592,2026-03-21 05:31:00,7.320968,11.32901,18.8,0.07
T07,GL-4592,2026-03-21 05:32:00,7.320821,11.329459,20.1,0.3
T07,GL-4592,2026-03-21 05:33:00,7.321091,11.329735,17.9,0.63
T07,GL-4592,2026-03-21 05:34:00,7.320915,11.329087,44.1,0.56
T07,GL-4592,2026-03-21 05:35:00,7.320581,11.329318,24.9,0.62
T07,GL-4592,2026-03-21 05:36:00,7.320563,11.329547,16.4,0.9
T07,GL-4592,2026-03-21 05:37:00,7.320995,11.328963,38.6,0.04
T07,GL-4592,2026-03-21 05:38:00,7.321267,11.32892,50.3,0.87
T07,GL-4592,2026-03-21 05:39:00,7.320493,11.328838,31.7,0.47
T07,GL-4592,2026-03-21 05:40:00,7.321636,11.329239,31.9,3.28
T07,GL-4592,2026-03-21 05:41:00,7.322163,11.328477,34.0,4.85
T07,GL-4592,2026-03-21 05:42:00,7.322689,11.328764,42.3,4.93
T07,GL-4592,2026-03-21 05:43:00,7.323353,11.328036,26.5,5.38
T07,GL-4592,2026-03-21 05:44:00,7.324346,11.328054,38.7,5.36
T07,GL-4592,2026-03-21 05:45:00,7.324906,11.327717,25.4,4.71
T07,GL-4592,2026-03-21 05:46:00,7.325183,11.327632,30.0,4.62
T07,GL-4592,2026-03-21 05:47:00,7.326202,11.327342,15.8,4.89
T07,GL-4592,2026-03-21 05:48:00,7.327013,11.327053,21.6,4.17
T07,GL-4592,2026-03-21 05:49:00,7.327761,11.326419,19.6,5.47
T07,GL-4592,2026-03-21 05:50:00,7.328322,11.326105,36.7,4.72
T07,GL-4592,2026-03-21 05:51:00,7.328913,11.325842,47.3,4.19
T07,GL-4592,2026-03-21 05:52:00,7.329358,11.325635,46.4,4.15
T07,GL-4592,2026-03-21 05:53:00,7.329958,11.325831,21.9,4.56
T07,GL-4592,2026-03-21 05:54:00,7.330992,11.324807,24.7,3.05
T07,GL-4592,2026-03-21 05:55:00,7.331305,11.324628,14.1,3.12
T07,GL-4592,2026-03-21 05:56:00,7.33235,11.324397,23.2,5.3
T07,GL-4592,2026-03-21 05:57:00,7.332907,11.32408,53.5,3.22
T07,GL-4592,2026-03-21 05:58:00,7.333844,11.324097,42.8,3.41
T07,GL-4592,2026-03-21 05:59:00,7.334436,11.323528,21.3,4.55
T07,GL-4592,2026-03-21 06:00:00,7.334759,11.323094,24.8,2.85
T07,GL-4592,2026-03-21 06:01:00,7.33553,11.323123,48.6,5.27
T07,GL-4592,2026-03-21 06:02:00,7.336082,11.322906,53.6,4.21
T07,GL-4592,2026-03-21 06:03:00,7.337273,11.322615,38.5,5.3
T07,GL-4592,2026-03-21 06:04:00,7.338029,11.322635,47.8,3.44
T07,GL-4592,2026-03-21 06:05:00,7.339007,11.321768,15.5,3.22
T07,GL-4592,2026-03-21 06:06:00,7.339139,11.321484,30.6,4.38
T07,GL-4592,2026-03-21 06:07:00,7.339774,11.321459,46.3,4.55
T07,GL-4592,2026-03-21 06:08:00,7.340729,11.321102,24.3,3.52
T07,GL-4592,2026-03-21 06:09:00,7.341124,11.320768,30.2,3.93
T07,GL-4592,2026-03-21 06:10:00,7.342072,11.32108,26.1,3.19
T07,GL-4592,2026-03-21 06:11:00,7.342752,11.320328,51.6,5.15
T07,GL-4592,2026-03-21 06:12:00,7.343156,11.320063,25.0,3.56
T07,GL-4592,2026-03-21 06:13:00,7.343998,11.319857,38.1,3.41
T07,GL-4592,2026-03-21 06:14:00,7.344396,11.319378,26.7,4.27
T07,GL-4592,2026-03-21 06:15:00,7.344865,11.318998,47.2,4.88
T07,GL-4592,2026-03-21 06:16:00,7.345985,11.318878,44.2,3.17
T07,GL-4592,2026-03-21 06:17:00,7.346615,11.318405,52.2,5.37
T07,GL-4592,2026-03-21 06:18:00,7.34727,11.318156,39.9,5.08
T07,GL-4592,2026-03-21 06:19:00,7.348207,11.318313,32.9,5.53
T07,GL-4592,2026-03-21 06:20:00,7.34843,11.317749,33.8,5.15
T07,GL-4592,2026-03-21 06:21:00,7.349057,11.317648,42.1,4.34
T07,GL-4592,2026-03-21 06:22:00,7.349563,11.31703,46.1,5.02
T07,GL-4592,2026-03-21 06:23:00,7.350472,11.317366,,4.84
T07,GL-4592,2026-03-21 06:24:00,7.350867,11.316709,27.8,3.91
T07,GL-4592,2026-03-21 06:25:00,7.351688,11.316377,44.7,2.83
T07,GL-4592,2026-03-21 06:26:00,7.352106,11.316352,35.2,3.83
T07,GL-4592,2026-03-21 06:27:00,7.353301,11.315549,23.9,4.9
T07,GL-4592,2026-03-21 06:28:00,7.353828,11.315264,25.4,2.86
T07,GL-4592,2026-03-21 06:29:00,7.35485,11.315442,54.8,4.45
T07,GL-4592,2026-03-21 06:30:00,7.355214,11.314905,36.3,4.57
T07,GL-4592,2026-03-21 06:31:00,7.356047,11.314246,57.1,5.09
T07,GL-4592,2026-03-21 06:32:00,7.356655,11.314329,46.8,3.85
T07,GL-4592,2026-03-21 06:33:00,7.356812,11.314152,34.4,3.64
T07,GL-4592,2026-03-21 06:34:00,7.358029,11.313819,19.5,3.27
T07,GL-4592,2026-03-21 06:35:00,7.358328,11.313545,43.5,4.57
T07,GL-4592,2026-03-21 06:36:00,7.359383,11.313389,25.0,4.05
T07,GL-4592,2026-03-21 06:37:00,7.3604,11.31302,57.1,3.55
T07,GL-4592,2026-03-21 06:38:00,7.360835,11.312553,55.9,5.53
T07,GL-4592,2026-03-21 06:39:00,7.361818,11.312246,49.9,4.3
T07,GL-4592,2026-03-21 06:40:00,7.36229,11.312015,26.7,3.28
T07,GL-4592,2026-03-21 06:41:00,7.362505,11.311582,26.7,3.28
T07,GL-4592,2026-03-21 06:42:00,7.363094,11.311356,33.6,3.38
T07,GL-4592,2026-03-21 06:43:00,7.364193,11.311164,37.4,5.3
T07,GL-4592,2026-03-21 06:44:00,7.364581,11.311201,54.0,4.31
T07,GL-4592,2026-03-21 06:45:00,7.365528,11.310777,33.9,3.1
T07,GL-4592,2026-03-21 06:46:00,7.366426,11.310124,55.4,4.01
T07,GL-4592,2026-03-21 06:47:00,7.366794,11.310072,40.7,2.83
T07,GL-4592,2026-03-21 06:48:00,7.367368,11.309854,46.5,2.97
T07,GL-4592,2026-03-21 06:49:00,7.368118,11.309423,51.4,4.64
T07,GL-4592,2026-03-21 06:50:00,7.368845,11.30943,45.6,3.75
T07,GL-4592,2026-03-21 06:51:00,7.369455,11.308991,19.6,4.21
T07,GL-4592,2026-03-21 06:52:00,7.370424,11.308813,17.3,4.16
T07,GL-4592,2026-03-21 06:53:00,7.371124,11.308456,45.6,5.27
T07,GL-4592,2026-03-21 06:54:00,7.372276,11.307767,34.4,4.19
T07,GL-4592,2026-03-21 06:55:00,7.372247,11.307403,55.0,5.26
T07,GL-4592,2026-03-21 06:56:00,7.373099,11.307174,25.5,5.24
T07,GL-4592,2026-03-21 06:57:00,7.373501,11.307302,36.4,2.83
T07,GL-4592,2026-03-21 06:58:00,7.374484,11.306791,,4.78
T07,GL-4592,2026-03-21 06:59:00,7.374869,11.306456,18.1,5.23
T07,GL-4592,2026-03-21 07:00:00,7.375681,11.306528,23.0,4.11
T07,GL-4592,2026-03-21 07:01:00,7.376464,11.305976,55.8,3.34
T07,GL-4592,2026-03-21 07:02:00,7.377091,11.305533,50.6,4.39
T07,GL-4592,2026-03-21 07:03:00,7.377523,11.305568,15.3,3.87
T07,GL-4592,2026-03-21 07:04:00,7.378123,11.305375,39.5,4.95
T07,GL-4592,2026-03-21 07:05:00,7.3787,11.304994,22.5,3.72
T07,GL-4592,2026-03-21 07:06:00,7.379508,11.304867,57.8,2.97
T07,GL-4592,2026-03-21 07:07:00,7.380418,11.30413,28.2,3.03
T07,GL-4592,2026-03-21 07:08:00,7.380989,11.303978,39.5,5.26
T07,GL-4592,2026-03-21 07:09:00,7.381317,11.303702,19.5,3.99
T07,GL-4592,2026-03-21 07:10:00,7.382174,11.303344,49.1,5.48
T07,GL-4592,2026-03-21 07:11:00,7.382954,11.30365,36.6,3.62
T07,GL-4592,2026-03-21 07:12:00,7.383574,11.302769,46.6,5.38
T07,GL-4592,2026-03-21 07:13:00,7.384326,11.302331,31.7,4.68
T07,GL-4592,2026-03-21 07:14:00,7.385242,11.302177,42.7,4.93
T07,GL-4592,2026-03-21 07:15:00,7.385987,11.301453,53.5,4.09
T07,GL-4592,2026-03-21 07:16:00,7.386651,11.302055,45.5,4.42
T07,GL-4592,2026-03-21 07:17:00,7.38715,11.301095,44.2,3.7
T07,GL-4592,2026-03-21 07:18:00,7.387754,11.301277,21.0,5.16
T07,GL-4592,2026-03-21 07:19:00,7.388601,11.300876,15.4,4.98
T07,GL-4592,2026-03-21 07:20:00,7.388868,11.300097,20.0,4.46
T07,GL-4592,2026-03-21 07:21:00,7.389654,11.300434,31.4,3.02
T07,GL-4592,2026-03-21 07:22:00,7.390659,11.300242,18.6,4.43
T07,GL-4592,2026-03-21 07:23:00,7.391158,11.299425,,3.97
T07,GL-4592,2026-03-21 07:24:00,7.391602,11.299762,43.0,5.56
T07,GL-4592,2026-03-21 07:25:00,7.392623,11.299048,17.1,4.42
T07,GL-4592,2026-03-21 07:26:00,7.392955,11.299058,15.0,3.22
T07,GL-4592,2026-03-21 07:27:00,7.394005,11.298697,44.3,3.99
T07,GL-4592,2026-03-21 07:28:00,7.39451,11.298245,20.7,2.93
T07,GL-4592,2026-03-21 07:29:00,7.395352,11.298099,46.6,4.0
T07,GL-4592,2026-03-21 07:30:00,7.395575,11.297789,25.8,4.9
T07,GL-4592,2026-03-21 07:31:00,7.396596,11.29782,23.1,5.36
T07,GL-4592,2026-03-21 07:32:00,7.397569,11.297313,49.7,3.97
T07,GL-4592,2026-03-21 07:33:00,7.397865,11.297075,30.4,3.0
T07,GL-4592,2026-03-21 07:34:00,7.398473,11.296799,35.2,5.46
T07,GL-4592,2026-03-21 07:35:00,7.399588,11.29597,53.9,4.57
T07,GL-4592,2026-03-21 07:36:00,7.399885,11.295941,26.1,4.15
T07,GL-4592,2026-03-21 07:37:00,7.40076,11.29597,56.2,3.34
T07,GL-4592,2026-03-21 07:38:00,7.401139,11.295269,36.2,4.61
T07,GL-4592,2026-03-21 07:39:00,7.402166,11.295264,36.5,4.74
T07,GL-4592,2026-03-21 07:40:00,7.402753,11.294691,21.7,4.15
T07,GL-4592,2026-03-21 07:41:00,7.403075,11.29419,53.2,4.68
T07,GL-4592,2026-03-21 07:42:00,7.404353,11.294097,44.7,3.87
T07,GL-4592,2026-03-21 07:43:00,7.404355,11.293879,40.2,3.35
T07,GL-4592,2026-03-21 07:44:00,7.40572,11.293427,48.9,3.41
T07,GL-4592,2026-03-21 07:45:00,7.405836,11.29332,56.7,4.5
T07,GL-4592,2026-03-21 07:46:00,7.406528,11.293227,29.5,2.93
T07,GL-4592,2026-03-21 07:47:00,7.407571,11.292719,32.8,2.83
T07,GL-4592,2026-03-21 07:48:00,7.407616,11.292719,41.0,4.01
T07,GL-4592,2026-03-21 07:49:00,7.408569,11.292513,21.9,3.99
T07,GL-4592,2026-03-21 07:50:00,7.409174,11.292208,23.5,3.26
T07,GL-4592,2026-03-21 07:51:00,7.41032,11.291665,45.5,3.16
T07,GL-4592,2026-03-21 07:52:00,7.411191,11.291833,31.7,4.2
T07,GL-4592,2026-03-21 07:53:00,7.411462,11.290988,40.8,3.39
T07,GL-4592,2026-03-21 07:54:00,7.411919,11.290874,17.2,4.51
T07,GL-4592,2026-03-21 07:55:00,7.412681,11.290922,28.2,5.29
T07,GL-4592,2026-03-21 07:56:00,7.413424,11.290615,56.7,5.54
T07,GL-4592,2026-03-21 07:57:00,7.414237,11.290041,24.2,2.97
T07,GL-4592,2026-03-21 07:58:00,7.41488,11.289791,35.6,5.35
T07,GL-4592,2026-03-21 07:59:00,7.415611,11.289754,37.0,2.94
T07,GL-4592,2026-03-21 08:00:00,7.416159,11.289063,,3.85
T07,GL-4592,2026-03-21 08:01:00,7.41656,11.289456,38.4,5.05
T07,GL-4592,2026-03-21 08:02:00,7.417619,11.288792,38.3,4.75
T07,GL-4592,2026-03-21 08:03:00,7.418087,11.288265,40.1,3.58
T07,GL-4592,2026-03-21 08:04:00,7.418635,11.288083,39.3,3.04
T07,GL-4592,2026-03-21 08:05:00,7.41955,11.288256,41.9,5.0
T07,GL-4592,2026-03-21 08:06:00,7.420122,11.287564,,2.89
T07,GL-4592,2026-03-21 08:07:00,7.420694,11.287004,54.8,3.9
T07,GL-4592,2026-03-21 08:08:00,7.421563,11.287076,16.4,3.72
T07,GL-4592,2026-03-21 08:09:00,7.422087,11.287047,16.0,5.15
T07,GL-4592,2026-03-21 08:10:00,7.42279,11.286476,,4.06
T07,GL-4592,2026-03-21 08:11:00,7.423249,11.286034,55.9,4.71
T07,GL-4592,2026-03-21 08:12:00,7.423927,11.285635,14.8,5.2
T07,GL-4592,2026-03-21 08:13:00,7.424704,11.285486,22.3,2.91
T07,GL-4592,2026-03-21 08:14:00,7.425611,11.28527,37.0,3.76
T07,GL-4592,2026-03-21 08:15:00,7.426602,11.285095,28.2,3.51
T07,GL-4592,2026-03-21 08:16:00,7.426903,11.284724,20.1,3.64
T07,GL-4592,2026-03-21 08:17:00,7.428032,11.284498,27.3,5.16
T07,GL-4592,2026-03-21 08:18:00,7.428439,11.283876,33.8,2.92
T07,GL-4592,2026-03-21 08:19:00,7.429034,11.283848,26.8,3.37
T07,GL-4592,2026-03-21 08:20:00,7.429607,11.283518,41.3,5.11
T07,GL-4592,2026-03-21 08:21:00,7.429944,11.283415,32.1,4.9
T07,GL-4592,2026-03-21 08:22:00,7.431067,11.283008,30.6,4.16
T07,GL-4592,2026-03-21 08:23:00,7.431782,11.282668,14.6,4.76
T07,GL-4592,2026-03-21 08:24:00,7.432449,11.28224,37.2,3.37
T07,GL-4592,2026-03-21 08:25:00,7.433116,11.28212,24.0,3.4
T07,GL-4592,2026-03-21 08:26:00,7.433823,11.281627,29.8,3.63
T07,GL-4592,2026-03-21 08:27:00,7.434324,11.281319,23.3,2.89
T07,GL-4592,2026-03-21 08:28:00,7.435244,11.281564,30.5,4.42
T07,GL-4592,2026-03-21 08:29:00,7.436024,11.280782,19.6,3.07
T07,GL-4592,2026-03-21 08:30:00,7.43648,11.280696,47.7,5.48
T07,GL-4592,2026-03-21 08:31:00,7.436954,11.280263,14.9,3.11
T07,GL-4592,2026-03-21 08:32:00,7.437708,11.280504,55.0,3.6
T07,GL-4592,2026-03-21 08:33:00,7.438708,11.280081,31.7,4.44
T07,GL-4592,2026-03-21 08:34:00,7.439371,11.279522,51.2,4.31
T07,GL-4592,2026-03-21 08:35:00,7.439969,11.279161,44.9,2.96
T07,GL-4592,2026-03-21 08:36:00,7.4403,11.278707,53.4,3.14
T07,GL-4592,2026-03-21 08:37:00,7.441171,11.278319,41.0,3.33
T07,GL-4592,2026-03-21 08:38:00,7.441753,11.278474,37.6,3.24
T07,GL-4592,2026-03-21 08:39:00,7.442723,11.278414,56.0,3.95
T07,GL-4592,2026-03-21 08:40:00,7.44338,11.278214,16.1,4.3
T07,GL-4592,2026-03-21 08:41:00,7.443489,11.277445,41.2,5.05
T07,GL-4592,2026-03-21 08:42:00,7.444462,11.277473,57.0,3.84
T07,GL-4592,2026-03-21 08:43:00,7.445609,11.27676,39.9,4.79
T07,GL-4592,2026-03-21 08:44:00,7.446354,11.276672,15.1,5.51
T07,GL-4592,2026-03-21 08:45:00,7.44651,11.276499,47.7,3.27
T07,GL-4592,2026-03-21 08:46:00,7.447418,11.276072,39.9,4.97
T07,GL-4592,2026-03-21 08:47:00,7.448089,11.275526,57.9,3.44
T07,GL-4592,2026-03-21 08:48:00,7.448319,11.275442,28.7,4.23
T07,GL-4592,2026-03-21 08:49:00,7.449106,11.275235,26.6,5.37
T07,GL-4592,2026-03-21 08:50:00,7.449674,11.274803,37.4,4.17
T07,GL-4592,2026-03-21 08:51:00,7.450359,11.274303,53.3,4.44
T07,GL-4592,2026-03-21 08:52:00,7.45156,11.273886,54.0,4.2
T07,GL-4592,2026-03-21 08:53:00,7.451833,11.273937,21.0,3.22
T07,GL-4592,2026-03-21 08:54:00,7.452909,11.273806,41.6,5.31
T07,GL-4592,2026-03-21 08:55:00,7.453277,11.273665,42.7,5.1
T07,GL-4592,2026-03-21 08:56:00,7.454136,11.273226,31.1,3.63
T07,GL-4592,2026-03-21 08:57:00,7.454692,11.272946,18.1,3.52
T07,GL-4592,2026-03-21 08:58:00,7.455507,11.27223,38.8,3.02
T07,GL-4592,2026-03-21 08:59:00,7.456425,11.27274,49.0,3.44
T07,GL-4592,2026-03-21 09:00:00,7.456907,11.271988,51.9,4.09
T07,GL-4592,2026-03-21 09:01:00,7.457417,11.271686,17.0,3.56
T07,GL-4592,2026-03-21 09:02:00,7.45826,11.271492,25.8,5.36
T07,GL-4592,2026-03-21 09:03:00,7.458956,11.271464,56.4,2.86
T07,GL-4592,2026-03-21 09:04:00,7.459383,11.27096,,4.08
T07,GL-4592,2026-03-21 09:05:00,7.46027,11.270625,46.8,4.88
T07,GL-4592,2026-03-21 09:06:00,7.460879,11.270039,51.3,4.45
T07,GL-4592,2026-03-21 09:07:00,7.461403,11.269924,42.8,3.6
T07,GL-4592,2026-03-21 09:08:00,7.462145,11.269553,47.8,3.34
T07,GL-4592,2026-03-21 09:09:00,7.463035,11.269514,40.0,5.03
T07,GL-4592,2026-03-21 09:10:00,7.463769,11.2693,48.2,3.54
T07,GL-4592,2026-03-21 09:11:00,7.46412,11.268833,35.9,5.47
T07,GL-4592,2026-03-21 09:12:00,7.464849,11.268739,46.7,5.28
T07,GL-4592,2026-03-21 09:13:00,7.465468,11.268432,46.5,5.19
T07,GL-4592,2026-03-21 09:14:00,7.466087,11.26825,43.0,5.06
T07,GL-4592,2026-03-21 09:15:00,7.467012,11.26797,,4.16
T07,GL-4592,2026-03-21 09:16:00,7.467407,11.267665,39.5,4.49
T07,GL-4592,2026-03-21 09:17:00,7.467957,11.267382,25.9,4.79
T07,GL-4592,2026-03-21 09:18:00,7.468959,11.267081,50.1,4.65
T07,GL-4592,2026-03-21 09:19:00,7.46956,11.266567,22.3,4.27
T07,GL-4592,2026-03-21 09:20:00,7.470606,11.266337,39.0,5.38
T07,GL-4592,2026-03-21 09:21:00,7.471234,11.266036,43.1,5.12
T07,GL-4592,2026-03-21 09:22:00,7.470996,11.266026,35.2,4.57
T07,GL-4592,2026-03-21 09:23:00,7.47229,11.265645,55.6,4.73
T07,GL-4592,2026-03-21 09:24:00,7.47312,11.265347,30.6,4.63
T07,GL-4592,2026-03-21 09:25:00,7.473787,11.265035,43.7,5.19
T07,GL-4592,2026-03-21 09:26:00,7.474437,11.264404,40.1,5.13
T07,GL-4592,2026-03-21 09:27:00,7.475134,11.264314,32.4,5.42
T07,GL-4592,2026-03-21 09:28:00,7.475694,11.264377,40.1,4.6
T07,GL-4592,2026-03-21 09:29:00,7.476615,11.264087,49.7,3.15
T07,GL-4592,2026-03-21 09:30:00,7.477214,11.263766,32.9,2.86
T07,GL-4592,2026-03-21 09:31:00,7.477804,11.263186,46.5,3.99
T07,GL-4592,2026-03-21 09:32:00,7.478327,11.262842,32.8,3.27
T07,GL-4592,2026-03-21 09:33:00,7.47938,11.262704,43.8,4.83
T07,GL-4592,2026-03-21 09:34:00,7.479465,11.261747,43.7,3.75
T07,GL-4592,2026-03-21 09:35:00,7.479918,11.261941,51.5,4.37
T07,GL-4592,2026-03-21 09:36:00,7.48119,11.261533,48.6,3.93
T07,GL-4592,2026-03-21 09:37:00,7.481315,11.261223,41.5,4.4
T07,GL-4592,2026-03-21 09:38:00,7.482539,11.260982,18.5,5.08
T07,GL-4592,2026-03-21 09:39:00,7.48309,11.261198,50.8,4.71
T07,GL-4592,2026-03-21 09:40:00,7.483577,11.26036,35.5,3.23
T07,GL-4592,2026-03-21 09:41:00,7.484523,11.260433,39.0,5.18
T07,GL-4592,2026-03-21 09:42:00,7.485004,11.260391,21.9,5.24
T07,GL-4592,2026-03-21 09:43:00,7.485848,11.259782,18.5,4.43
T07,GL-4592,2026-03-21 09:44:00,7.486988,11.259544,43.9,4.22
T07,GL-4592,2026-03-21 09:45:00,7.48719,11.259399,31.1,4.81
T07,GL-4592,2026-03-21 09:46:00,7.487719,11.259036,53.2,4.53
T07,GL-4592,2026-03-21 09:47:00,7.488787,11.258653,23.3,5.06
T07,GL-4592,2026-03-21 09:48:00,7.489356,11.25848,22.1,3.67
T07,GL-4592,2026-03-21 09:49:00,7.489826,11.258386,27.2,4.55
T07,GL-4592,2026-03-21 09:50:00,7.490403,11.257861,21.0,4.47
T07,GL-4592,2026-03-21 09:51:00,7.490959,11.257731,22.9,4.16
T07,GL-4592,2026-03-21 09:52:00,7.491912,11.257219,26.9,3.99
T07,GL-4592,2026-03-21 09:53:00,7.492778,11.257084,45.8,4.89
T07,GL-4592,2026-03-21 09:54:00,7.493257,11.256465,15.4,5.4
T07,GL-4592,2026-03-21 09:55:00,7.49372,11.256603,30.5,3.89
T07,GL-4592,2026-03-21 09:56:00,7.494606,11.255865,37.5,5.39
T07,GL-4592,2026-03-21 09:57:00,7.495545,11.255981,43.2,4.22
T07,GL-4592,2026-03-21 09:58:00,7.49575,11.255329,36.8,5.51
T07,GL-4592,2026-03-21 09:59:00,7.496402,11.254939,16.0,3.39
T07,GL-4592,2026-03-21 10:00:00,7.497403,11.254753,35.0,3.99
T07,GL-4592,2026-03-21 10:01:00,7.49788,11.254412,23.8,4.44
T07,GL-4592,2026-03-21 10:02:00,7.498751,11.254397,21.1,4.04
T07,GL-4592,2026-03-21 10:03:00,7.499009,11.254073,25.2,3.73
T07,GL-4592,2026-03-21 10:04:00,7.500034,11.253933,27.3,3.23
T07,GL-4592,2026-03-21 10:05:00,7.500525,11.253578,14.9,4.55
T07,GL-4592,2026-03-21 10:06:00,7.501558,11.253083,24.5,4.73
T07,GL-4592,2026-03-21 10:07:00,7.502078,11.253094,43.5,5.56
T07,GL-4592,2026-03-21 10:08:00,7.502828,11.25215,33.4,5.03
T07,GL-4592,2026-03-21 10:09:00,7.503581,11.252298,35.3,4.79
T07,GL-4592,2026-03-21 10:10:00,7.503873,11.251716,23.8,5.21
T07,GL-4592,2026-03-21 10:11:00,7.504967,11.251756,20.8,3.61
T07,GL-4592,2026-03-21 10:12:00,7.505696,11.251299,45.8,2.87
T07,GL-4592,2026-03-21 10:13:00,7.50618,11.251204,54.8,3.33
T07,GL-4592,2026-03-21 10:14:00,7.50713,11.251149,15.6,5.26
T07,GL-4592,2026-03-21 10:15:00,7.507836,11.250822,43.6,5.52
T07,GL-4592,2026-03-21 10:16:00,7.50797,11.250701,39.5,3.09
T07,GL-4592,2026-03-21 10:17:00,7.509035,11.249936,42.9,3.82
T07,GL-4592,2026-03-21 10:18:00,7.509452,11.249634,48.4,4.92
T07,GL-4592,2026-03-21 10:19:00,7.510192,11.249617,52.1,4.04
T07,GL-4592,2026-03-21 10:20:00,7.510553,11.249431,36.7,5.35
T07,GL-4592,2026-03-21 10:21:00,7.511348,11.249102,48.0,4.42
T07,GL-4592,2026-03-21 10:22:00,7.512595,11.248841,41.2,3.17
T07,GL-4592,2026-03-21 10:23:00,7.512723,11.248256,,4.02
T07,GL-4592,2026-03-21 10:24:00,7.513574,11.248441,37.6,3.68
T07,GL-4592,2026-03-21 10:25:00,7.514322,11.247977,52.6,4.38
T07,GL-4592,2026-03-21 10:26:00,7.514846,11.247919,50.5,4.1
T07,GL-4592,2026-03-21 10:27:00,7.515718,11.247002,44.2,4.05
T07,GL-4592,2026-03-21 10:28:00,7.516266,11.247238,45.5,3.08
T07,GL-4592,2026-03-21 10:29:00,7.516571,11.246932,57.0,5.36
T07,GL-4592,2026-03-21 10:30:00,7.517422,11.246469,47.2,4.39
T07,GL-4592,2026-03-21 10:31:00,7.518292,11.246641,29.2,2.97
T07,GL-4592,2026-03-21 10:32:00,7.519104,11.246173,16.4,4.65
T07,GL-4592,2026-03-21 10:33:00,7.519941,11.245685,33.4,4.18
T07,GL-4592,2026-03-21 10:34:00,7.5204,11.245389,46.7,4.97
T07,GL-4592,2026-03-21 10:35:00,7.521044,11.244747,21.0,4.17
T07,GL-4592,2026-03-21 10:36:00,7.521651,11.244692,27.5,4.9
T07,GL-4592,2026-03-21 10:37:00,7.522391,11.244479,57.4,4.24
T07,GL-4592,2026-03-21 10:38:00,7.523236,11.243882,43.6,3.79
T07,GL-4592,2026-03-21 10:39:00,7.523942,11.244234,50.6,5.16
T07,GL-4592,2026-03-21 10:40:00,7.524234,11.243754,52.1,4.75
T07,GL-4592,2026-03-21 10:41:00,7.525165,11.243687,45.8,3.46
T07,GL-4592,2026-03-21 10:42:00,7.525953,11.243177,19.4,3.93
T07,GL-4592,2026-03-21 10:43:00,7.526644,11.242483,38.1,4.84
T07,GL-4592,2026-03-21 10:44:00,7.526891,11.242463,55.4,4.11
T07,GL-4592,2026-03-21 10:45:00,7.527382,11.242185,27.9,4.36
T07,GL-4592,2026-03-21 10:46:00,7.528441,11.241984,55.6,3.33
T07,GL-4592,2026-03-21 10:47:00,7.528721,11.241286,34.1,2.99
T07,GL-4592,2026-03-21 10:48:00,7.529356,11.241571,45.5,4.69
T07,GL-4592,2026-03-21 10:49:00,7.530379,11.241262,24.0,5.58
T07,GL-4592,2026-03-21 10:50:00,7.530892,11.240547,22.5,2.93
T07,GL-4592,2026-03-21 10:51:00,7.532197,11.240416,19.2,3.89
T07,GL-4592,2026-03-21 10:52:00,7.53258,11.240473,55.6,4.46
T07,GL-4592,2026-03-21 10:53:00,7.533056,11.239752,18.5,4.27
T07,GL-4592,2026-03-21 10:54:00,7.533974,11.239956,30.2,3.61
T07,GL-4592,2026-03-21 10:55:00,7.534449,11.239576,26.0,4.1
T07,GL-4592,2026-03-21 10:56:00,7.535289,11.238933,34.9,5.45
T07,GL-4592,2026-03-21 10:57:00,7.53621,11.239307,38.7,4.39
T07,GL-4592,2026-03-21 10:58:00,7.536643,11.238089,37.2,3.84
T07,GL-4592,2026-03-21 10:59:00,7.53723,11.238296,24.2,4.12
T07,GL-4592,2026-03-21 11:00:00,7.537967,11.237856,34.5,4.25
T07,GL-4592,2026-03-21 11:01:00,7.538276,11.237537,27.8,5.54
T07,GL-4592,2026-03-21 11:02:00,7.539437,11.237482,17.5,3.44
T07,GL-4592,2026-03-21 11:03:00,7.539745,11.237259,50.4,3.38
T07,GL-4592,2026-03-21 11:04:00,7.5405,11.236593,40.3,5.58
T07,GL-4592,2026-03-21 11:05:00,7.541216,11.236899,18.5,3.92
T07,GL-4592,2026-03-21 11:06:00,7.542382,11.23619,14.4,3.19
T07,GL-4592,2026-03-21 11:07:00,7.542519,11.236246,50.9,2.88
T07,GL-4592,2026-03-21 11:08:00,7.54353,11.235402,52.4,4.68
T07,GL-4592,2026-03-21 11:09:00,7.544014,11.235418,31.3,2.99
T07,GL-4592,2026-03-21 11:10:00,7.544637,11.234905,39.5,5.39
T07,GL-4592,2026-03-21 11:11:00,7.545532,11.234981,57.4,3.79
T07,GL-4592,2026-03-21 11:12:00,7.54581,11.234329,22.8,3.45
T07,GL-4592,2026-03-21 11:13:00,7.546464,11.234262,40.9,4.12
T07,GL-4592,2026-03-21 11:14:00,7.547422,11.233981,50.0,4.14
T07,GL-4592,2026-03-21 11:15:00,7.548023,11.233657,25.8,3.86
T07,GL-4592,2026-03-21 11:16:00,7.549055,11.23351,49.5,4.96
T07,GL-4592,2026-03-21 11:17:00,7.549726,11.232706,37.5,4.36
T07,GL-4592,2026-03-21 11:18:00,7.550346,11.233074,43.3,4.33
T07,GL-4592,2026-03-21 11:19:00,7.550857,11.23227,48.3,4.38
T07,GL-4592,2026-03-21 11:20:00,7.551443,11.232191,44.1,3.19
T07,GL-4592,2026-03-21 11:21:00,7.552641,11.232129,29.1,5.59
T07,GL-4592,2026-03-21 11:22:00,7.552849,11.231795,45.7,5.51
T07,GL-4592,2026-03-21 11:23:00,7.553648,11.231654,48.8,4.91
T07,GL-4592,2026-03-21 11:24:00,7.554399,11.231135,25.2,5.35
T07,GL-4592,2026-03-21 11:25:00,7.554459,11.230876,28.6,4.39
T07,GL-4592,2026-03-21 11:26:00,7.555186,11.230149,33.8,3.34
T07,GL-4592,2026-03-21 11:27:00,7.556275,11.230497,41.6,2.99
T07,GL-4592,2026-03-21 11:28:00,7.55691,11.23002,14.8,3.18
T07,GL-4592,2026-03-21 11:29:00,7.557558,11.229758,26.5,3.77
T07,GL-4592,2026-03-21 11:30:00,7.558231,11.229907,15.2,5.52
T07,GL-4592,2026-03-21 11:31:00,7.55876,11.228773,38.1,2.96
T07,GL-4592,2026-03-21 11:32:00,7.559414,11.229233,31.0,3.5
T07,GL-4592,2026-03-21 11:33:00,7.560852,11.228767,26.6,3.55
T07,GL-4592,2026-03-21 11:34:00,7.561022,11.228469,29.2,4.05
T07,GL-4592,2026-03-21 11:35:00,7.56162,11.228144,55.9,5.55
T07,GL-4592,2026-03-21 11:36:00,7.56253,11.227541,14.3,3.87
T07,GL-4592,2026-03-21 11:37:00,7.562898,11.227301,17.4,4.91
T07,GL-4592,2026-03-21 11:38:00,7.563364,11.227212,18.4,4.4
T07,GL-4592,2026-03-21 11:39:00,7.564205,11.22707,21.8,4.87
T07,GL-4592,2026-03-21 11:40:00,7.56525,11.22641,38.9,4.7
T07,GL-4592,2026-03-21 11:41:00,7.565951,11.226401,36.8,5.19
T07,GL-4592,2026-03-21 11:42:00,7.566405,11.226139,54.2,3.18
T07,GL-4592,2026-03-21 11:43:00,7.567173,11.225739,45.0,3.93
T07,GL-4592,2026-03-21 11:44:00,7.567235,11.225234,31.6,4.08
T07,GL-4592,2026-03-21 11:45:00,7.568373,11.225185,30.6,3.16
T07,GL-4592,2026-03-21 11:46:00,7.569261,11.224589,47.3,4.2
T07,GL-4592,2026-03-21 11:47:00,7.569775,11.224914,40.5,4.95
T07,GL-4592,2026-03-21 11:48:00,7.569991,11.224428,30.6,4.0
T07,GL-4592,2026-03-21 11:49:00,7.571085,11.223981,57.9,4.43
T07,GL-4592,2026-03-21 11:50:00,7.571823,11.223499,32.8,3.26
T07,GL-4592,2026-03-21 11:51:00,7.572661,11.223189,21.8,3.22
T07,GL-4592,2026-03-21 11:52:00,7.573515,11.223119,14.3,3.36
T07,GL-4592,2026-03-21 11:53:00,7.574046,11.223052,57.2,2.95
T07,GL-4592,2026-03-21 11:54:00,7.57437,11.222531,24.7,5.32
T07,GL-4592,2026-03-21 11:55:00,7.575162,11.222215,36.1,2.88
T07,GL-4592,2026-03-21 11:56:00,7.576518,11.222022,19.5,3.2
T07,GL-4592,2026-03-21 11:57:00,7.576423,11.221744,46.6,3.45
T07,GL-4592,2026-03-21 11:58:00,7.577411,11.221567,34.5,3.11
T07,GL-4592,2026-03-21 11:59:00,7.578095,11.221334,57.3,5.47
T07,GL-4592,2026-03-21 12:00:00,7.578795,11.221249,32.4,3.3
T07,GL-4592,2026-03-21 12:01:00,7.579263,11.220482,34.6,4.78
T07,GL-4592,2026-03-21 12:02:00,7.579745,11.220463,41.6,3.36
T07,GL-4592,2026-03-21 12:03:00,7.581081,11.219943,34.4,4.03
T07,GL-4592,2026-03-21 12:04:00,7.581775,11.219375,25.1,5.01
T07,GL-4592,2026-03-21 12:05:00,7.581549,11.219425,,3.76
T07,GL-4592,2026-03-21 12:06:00,7.582635,11.218641,20.1,4.5
T07,GL-4592,2026-03-21 12:07:00,7.583127,11.218741,38.0,3.68
T07,GL-4592,2026-03-21 12:08:00,7.583515,11.218521,26.9,4.41
T07,GL-4592,2026-03-21 12:09:00,7.584623,11.218219,45.5,2.99
T07,GL-4592,2026-03-21 12:10:00,7.585328,11.217836,24.3,3.5
T07,GL-4592,2026-03-21 12:11:00,7.586517,11.217537,53.4,5.53
T07,GL-4592,2026-03-21 12:12:00,7.586699,11.217362,31.9,3.08
T07,GL-4592,2026-03-21 12:13:00,7.58724,11.217226,21.6,4.06
T07,GL-4592,2026-03-21 12:14:00,7.588002,11.216989,37.0,3.43
T07,GL-4592,2026-03-21 12:15:00,7.588578,11.216613,23.3,4.09
T07,GL-4592,2026-03-21 12:16:00,7.589155,11.216424,45.5,5.5
T07,GL-4592,2026-03-21 12:17:00,7.59003,11.215984,29.2,3.67
T07,GL-4592,2026-03-21 12:18:00,7.591066,11.215328,47.6,4.03
T07,GL-4592,2026-03-21 12:19:00,7.591189,11.215102,54.2,3.57
T07,GL-4592,2026-03-21 12:20:00,7.592243,11.215301,16.8,4.61
T07,GL-4592,2026-03-21 12:21:00,7.593026,11.214692,42.4,3.23
T07,GL-4592,2026-03-21 12:22:00,7.593555,11.214512,35.6,2.85
T07,GL-4592,2026-03-21 12:23:00,7.594208,11.214251,44.8,3.28
T07,GL-4592,2026-03-21 12:24:00,7.594505,11.214084,45.3,5.49
T07,GL-4592,2026-03-21 12:25:00,7.595408,11.21321,28.6,4.5
T07,GL-4592,2026-03-21 12:26:00,7.596104,11.213235,16.6,5.14
T07,GL-4592,2026-03-21 12:27:00,7.596873,11.213307,28.2,3.12
T07,GL-4592,2026-03-21 12:28:00,7.597657,11.213169,22.3,3.96
T07,GL-4592,2026-03-21 12:29:00,7.598355,11.212487,48.0,5.55
T07,GL-4592,2026-03-21 12:30:00,7.59888,11.212733,51.5,5.02
T07,GL-4592,2026-03-21 12:31:00,7.599518,11.211755,30.8,3.67
T07,GL-4592,2026-03-21 12:32:00,7.600296,11.211467,32.0,3.13
T07,GL-4592,2026-03-21 12:33:00,7.600698,11.211538,57.6,5.26
T07,GL-4592,2026-03-21 12:34:00,7.601578,11.211285,30.0,5.57
T07,GL-4592,2026-03-21 12:35:00,7.602202,11.210711,35.0,5.6
T07,GL-4592,2026-03-21 12:36:00,7.603026,11.210376,41.5,5.09
T07,GL-4592,2026-03-21 12:37:00,7.603739,11.210205,39.0,5.16
T07,GL-4592,2026-03-21 12:38:00,7.604273,11.209863,27.2,4.55
T07,GL-4592,2026-03-21 12:39:00,7.60511,11.209719,24.5,3.29
T07,GL-4592,2026-03-21 12:40:00,7.60556,11.209158,44.4,4.84
T07,GL-4592,2026-03-21 12:41:00,7.606238,11.209021,53.6,5.14
T07,GL-4592,2026-03-21 12:42:00,7.606945,11.208693,49.1,5.3
T07,GL-4592,2026-03-21 12:43:00,7.607397,11.208536,53.0,5.26
T07,GL-4592,2026-03-21 12:44:00,7.607893,11.207757,52.1,4.31
T07,GL-4592,2026-03-21 12:45:00,7.609144,11.207812,31.6,5.43
T07,GL-4592,2026-03-21 12:46:00,7.610272,11.207938,53.2,4.49
T07,GL-4592,2026-03-21 12:47:00,7.610106,11.207215,40.0,3.36
T07,GL-4592,2026-03-21 12:48:00,7.610793,11.207347,50.9,5.09
T07,GL-4592,2026-03-21 12:49:00,7.611697,11.206913,36.7,4.19
T07,GL-4592,2026-03-21 12:50:00,7.612436,11.206309,55.8,3.81
T07,GL-4592,2026-03-21 12:51:00,7.612915,11.206325,20.7,4.92
T07,GL-4592,2026-03-21 12:52:00,7.613913,11.205869,50.5,3.32
T07,GL-4592,2026-03-21 12:53:00,7.614343,11.205857,54.5,4.73
T07,GL-4592,2026-03-21 12:54:00,7.614957,11.205364,44.0,4.34
T07,GL-4592,2026-03-21 12:55:00,7.61566,11.205494,40.2,3.41
T07,GL-4592,2026-03-21 12:56:00,7.616532,11.204684,,5.42
T07,GL-4592,2026-03-21 12:57:00,7.617258,11.204719,27.5,4.09
T07,GL-4592,2026-03-21 12:58:00,7.618125,11.204491,40.4,3.86
T07,GL-4592,2026-03-21 12:59:00,7.618688,11.203673,36.4,4.64
T07,GL-4592,2026-03-21 13:00:00,7.619333,11.203552,51.3,3.29
T07,GL-4592,2026-03-21 13:01:00,7.619537,11.203505,31.2,4.86
T07,GL-4592,2026-03-21 13:02:00,7.620559,11.202999,37.3,4.52
T07,GL-4592,2026-03-21 13:03:00,7.621594,11.202727,,3.1
T07,GL-4592,2026-03-21 13:04:00,7.622159,11.202631,45.5,5.53
T07,GL-4592,2026-03-21 13:05:00,7.622765,11.202428,43.4,4.48
T07,GL-4592,2026-03-21 13:06:00,7.623148,11.202097,25.0,3.09
T07,GL-4592,2026-03-21 13:07:00,7.624135,11.202038,28.4,5.22
T07,GL-4592,2026-03-21 13:08:00,7.624504,11.201052,55.2,3.67
T07,GL-4592,2026-03-21 13:09:00,7.625503,11.200968,36.5,3.06
T07,GL-4592,2026-03-21 13:10:00,7.625598,11.201235,43.3,2.83
T07,GL-4592,2026-03-21 13:11:00,7.626723,11.200955,15.3,3.04
T07,GL-4592,2026-03-21 13:12:00,7.627216,11.200245,56.5,5.13
T07,GL-4592,2026-03-21 13:13:00,7.628175,11.200061,41.7,3.8
T07,GL-4592,2026-03-21 13:14:00,7.628667,11.199669,17.6,3.74
T07,GL-4592,2026-03-21 13:15:00,7.629536,11.199514,28.3,5.42
T07,GL-4592,2026-03-21 13:16:00,7.629725,11.199239,15.1,3.14
T07,GL-4592,2026-03-21 13:17:00,7.630161,11.199114,55.8,4.01
T07,GL-4592,2026-03-21 13:18:00,7.631524,11.198574,50.5,5.19
T07,GL-4592,2026-03-21 13:19:00,7.631796,11.198279,42.8,4.37
T07,GL-4592,2026-03-21 13:20:00,7.632638,11.197799,43.6,4.13
T07,GL-4592,2026-03-21 13:21:00,7.633284,11.197428,42.6,4.52
T07,GL-4592,2026-03-21 13:22:00,7.634315,11.197533,22.4,3.6
T07,GL-4592,2026-03-21 13:23:00,7.634431,11.197374,44.8,4.14
T07,GL-4592,2026-03-21 13:24:00,7.635303,11.196649,30.3,2.98
T07,GL-4592,2026-03-21 13:25:00,7.636605,11.196782,27.2,3.96
T07,GL-4592,2026-03-21 13:26:00,7.636787,11.196475,41.4,2.87
T07,GL-4592,2026-03-21 13:27:00,7.637746,11.196255,26.5,2.87
T07,GL-4592,2026-03-21 13:28:00,7.63807,11.195354,28.1,3.08
T07,GL-4592,2026-03-21 13:29:00,7.638969,11.195557,27.3,5.6
T07,GL-4592,2026-03-21 13:30:00,7.63937,11.194808,24.2,3.0
T07,GL-4592,2026-03-21 13:31:00,7.639813,11.195174,20.1,4.1
T07,GL-4592,2026-03-21 13:32:00,7.640498,11.194463,45.2,4.52
T07,GL-4592,2026-03-21 13:33:00,7.64136,11.194051,53.8,4.5
T07,GL-4592,2026-03-21 13:34:00,7.642229,11.194267,29.8,5.26
T07,GL-4592,2026-03-21 13:35:00,7.642998,11.194131,23.8,3.3
T07,GL-4592,2026-03-21 13:36:00,7.643465,11.193653,55.1,3.79
T07,GL-4592,2026-03-21 13:37:00,7.64427,11.193315,28.1,4.92
T07,GL-4592,2026-03-21 13:38:00,7.645181,11.19304,22.6,4.74
T07,GL-4592,2026-03-21 13:39:00,7.645593,11.192679,55.8,4.93
T07,GL-4592,2026-03-21 13:40:00,7.646289,11.192095,20.0,3.33
T07,GL-4592,2026-03-21 13:41:00,7.647033,11.192427,52.9,3.53
T07,GL-4592,2026-03-21 13:42:00,7.647653,11.191685,46.3,3.05
T07,GL-4592,2026-03-21 13:43:00,7.648095,11.19139,47.8,5.46
T07,GL-4592,2026-03-21 13:44:00,7.648799,11.191438,18.5,5.06
T07,GL-4592,2026-03-21 13:45:00,7.649821,11.190854,39.3,3.64
T07,GL-4592,2026-03-21 13:46:00,7.650483,11.190715,16.7,4.33
T07,GL-4592,2026-03-21 13:47:00,7.650926,11.190459,55.7,4.04
T07,GL-4592,2026-03-21 13:48:00,7.651257,11.190042,33.7,2.96
T07,GL-4592,2026-03-21 13:49:00,7.652392,11.190046,42.5,5.48
T07,GL-4592,2026-03-21 13:50:00,7.65294,11.189675,16.6,5.08
T07,GL-4592,2026-03-21 13:51:00,7.653702,11.189272,38.9,4.33
T07,GL-4592,2026-03-21 13:52:00,7.654459,11.189164,28.9,2.88
T07,GL-4592,2026-03-21 13:53:00,7.655057,11.188307,19.7,4.09
T07,GL-4592,2026-03-21 13:54:00,7.655653,11.188455,56.0,3.06
T07,GL-4592,2026-03-21 13:55:00,7.656365,11.188095,46.6,5.16
T07,GL-4592,2026-03-21 13:56:00,7.657241,11.188171,48.0,2.97
T07,GL-4592,2026-03-21 13:57:00,7.658395,11.18746,57.3,5.33
T07,GL-4592,2026-03-21 13:58:00,7.658074,11.187282,24.9,3.59
T07,GL-4592,2026-03-21 13:59:00,7.659218,11.186576,51.1,5.27
T07,GL-4592,2026-03-21 14:00:00,7.659813,11.186524,50.8,5.06
T07,GL-4592,2026-03-21 14:01:00,7.660448,11.186669,32.3,5.29
T07,GL-4592,2026-03-21 14:02:00,7.660967,11.18604,55.1,3.7
T07,GL-4592,2026-03-21 14:03:00,7.661796,11.185492,45.6,4.76
T07,GL-4592,2026-03-21 14:04:00,7.66253,11.185609,24.1,3.31
T07,GL-4592,2026-03-21 14:05:00,7.662984,11.185335,36.2,4.58
T07,GL-4592,2026-03-21 14:06:00,7.663591,11.184844,16.7,5.27
T07,GL-4592,2026-03-21 14:07:00,7.664548,11.184568,57.2,4.37
T07,GL-4592,2026-03-21 14:08:00,7.66514,11.184559,23.7,4.22
T07,GL-4592,2026-03-21 14:09:00,7.666149,11.183793,32.5,3.86
T07,GL-4592,2026-03-21 14:10:00,7.667049,11.183623,41.1,5.38
T07,GL-4592,2026-03-21 14:11:00,7.667206,11.183091,43.7,3.17
T07,GL-4592,2026-03-21 14:12:00,7.667872,11.183363,14.4,3.13
T07,GL-4592,2026-03-21 14:13:00,7.668644,11.182949,54.9,4.98
T07,GL-4592,2026-03-21 14:14:00,7.668843,11.182713,26.9,4.09
T07,GL-4592,2026-03-21 14:15:00,7.66965,11.182353,26.4,4.61
T07,GL-4592,2026-03-21 14:16:00,7.670624,11.182136,57.2,4.55
T07,GL-4592,2026-03-21 14:17:00,7.67123,11.181897,36.6,3.66
T07,GL-4592,2026-03-21 14:18:00,7.672047,11.181671,56.3,4.11
T07,GL-4592,2026-03-21 14:19:00,7.672856,11.180995,21.2,3.25
T07,GL-4592,2026-03-21 14:20:00,7.673505,11.181151,27.8,3.74
T07,GL-4592,2026-03-21 14:21:00,7.674015,11.180327,34.6,3.73
T07,GL-4592,2026-03-21 14:22:00,7.674415,11.180027,16.8,5.21
T07,GL-4592,2026-03-21 14:23:00,7.675235,11.179644,15.5,4.83
T07,GL-4592,2026-03-21 14:24:00,7.676061,11.1797,54.0,3.83
T07,GL-4592,2026-03-21 14:25:00,7.676728,11.179359,16.1,3.31
T07,GL-4592,2026-03-21 14:26:00,7.677507,11.179256,37.9,3.42
T07,GL-4592,2026-03-21 14:27:00,7.67773,11.179025,52.0,3.72
T07,GL-4592,2026-03-21 14:28:00,7.678828,11.178406,20.6,3.19
T07,GL-4592,2026-03-21 14:29:00,7.679196,11.178268,56.8,4.89
T07,GL-4592,2026-03-21 14:30:00,7.680504,11.178228,14.9,5.39
T07,GL-4592,2026-03-21 14:31:00,7.680762,11.177743,23.7,5.04
T07,GL-4592,2026-03-21 14:32:00,7.681417,11.177953,46.0,3.72
T07,GL-4592,2026-03-21 14:33:00,7.682111,11.176849,19.2,3.53
T07,GL-4592,2026-03-21 14:34:00,7.68305,11.176867,23.7,4.01
T07,GL-4592,2026-03-21 14:35:00,7.683585,11.176521,54.7,3.33
T07,GL-4592,2026-03-21 14:36:00,7.479441,11.176763,31.6,390.15
T07,GL-4592,2026-03-21 14:37:00,7.685031,11.176232,24.6,2.88
T07,GL-4592,2026-03-21 14:38:00,7.685599,11.17585,47.5,5.13
T07,GL-4592,2026-03-21 14:39:00,7.686205,11.175657,16.0,4.06
T07,GL-4592,2026-03-21 14:40:00,7.686723,11.175094,17.8,5.04
T07,GL-4592,2026-03-21 14:41:00,7.687813,11.174748,52.4,4.59
T07,GL-4592,2026-03-21 14:42:00,7.68808,11.174553,30.5,2.98
T07,GL-4592,2026-03-21 14:43:00,7.689267,11.173985,57.3,3.63
T07,GL-4592,2026-03-21 14:44:00,7.689596,11.17419,16.2,3.59
T07,GL-4592,2026-03-21 14:45:00,7.690557,11.173591,25.5,3.0
T07,GL-4592,2026-03-21 14:46:00,7.690743,11.17347,51.4,5.22
T07,GL-4592,2026-03-21 14:47:00,7.691837,11.173124,20.2,3.39
T07,GL-4592,2026-03-21 14:48:00,7.692403,11.172914,39.4,3.55
T07,GL-4592,2026-03-21 14:49:00,7.69263,11.172874,24.8,3.85
T07,GL-4592,2026-03-21 14:50:00,7.693781,11.17263,31.7,3.18
T07,GL-4592,2026-03-21 14:51:00,7.694463,11.172368,56.3,5.1
T07,GL-4592,2026-03-21 14:52:00,7.694984,11.171344,29.2,4.95
T07,GL-4592,2026-03-21 14:53:00,7.695708,11.171726,28.8,5.23
T07,GL-4592,2026-03-21 14:54:00,7.696237,11.17125,34.4,3.17
T07,GL-4592,2026-03-21 14:55:00,7.696929,11.171067,22.0,3.17
T07,GL-4592,2026-03-21 14:56:00,7.697602,11.170562,16.6,4.86
T07,GL-4592,2026-03-21 14:57:00,7.698554,11.170592,35.7,3.11
T07,GL-4592,2026-03-21 14:58:00,7.698794,11.170094,35.8,4.94
T07,GL-4592,2026-03-21 14:59:00,7.699362,11.170161,45.5,5.48
T07,GL-4592,2026-03-21 15:00:00,7.700338,11.169561,45.5,3.55
T07,GL-4592,2026-03-21 15:01:00,7.700851,11.169512,51.6,3.4
T07,GL-4592,2026-03-21 15:02:00,7.701733,11.169345,48.2,3.14
T07,GL-4592,2026-03-21 15:03:00,7.702252,11.168469,18.4,3.86
T07,GL-4592,2026-03-21 15:04:00,7.703287,11.168759,45.5,5.07
T07,GL-4592,2026-03-21 15:05:00,7.703583,11.168467,57.6,3.49
T07,GL-4592,2026-03-21 15:06:00,7.704729,11.167517,50.2,5.01
T07,GL-4592,2026-03-21 15:07:00,7.704975,11.167821,31.0,4.44
T07,GL-4592,2026-03-21 15:08:00,7.706033,11.167238,30.0,3.43
T07,GL-4592,2026-03-21 15:09:00,7.706621,11.166576,34.2,5.39
T07,GL-4592,2026-03-21 15:10:00,7.707371,11.166548,20.0,4.31
T07,GL-4592,2026-03-21 15:11:00,7.707848,11.166334,38.1,4.06
T07,GL-4592,2026-03-21 15:12:00,7.708645,11.166089,50.3,3.47
T07,GL-4592,2026-03-21 15:13:00,7.709235,11.166303,19.4,3.75
T07,GL-4592,2026-03-21 15:14:00,7.710213,11.165627,33.6,3.7
T07,GL-4592,2026-03-21 15:15:00,7.710331,11.165161,51.5,2.97
T07,GL-4592,2026-03-21 15:16:00,7.711322,11.165348,23.1,4.14
T07,GL-4592,2026-03-21 15:17:00,7.712079,11.165105,20.2,4.12
T07,GL-4592,2026-03-21 15:18:00,7.712284,11.164296,34.2,3.82
T07,GL-4592,2026-03-21 15:19:00,7.712948,11.164038,28.6,3.33
T07,GL-4592,2026-03-21 15:20:00,7.713876,11.163619,53.6,5.35
T07,GL-4592,2026-03-21 15:21:00,7.714793,11.163605,53.1,3.4
T07,GL-4592,2026-03-21 15:22:00,7.714834,11.163535,46.4,4.68
T07,GL-4592,2026-03-21 15:23:00,7.71615,11.162852,14.8,3.37
T07,GL-4592,2026-03-21 15:24:00,7.716287,11.162706,48.2,4.33
T07,GL-4592,2026-03-21 15:25:00,7.71766,11.162234,37.4,4.19
T07,GL-4592,2026-03-21 15:26:00,7.718157,11.162416,49.4,3.25
T07,GL-4592,2026-03-21 15:27:00,7.719184,11.161758,22.0,5.47
T07,GL-4592,2026-03-21 15:28:00,7.719524,11.161653,37.2,3.56
T07,GL-4592,2026-03-21 15:29:00,7.719976,11.161157,14.3,5.12
T07,GL-4592,2026-03-21 15:30:00,7.720587,11.160619,44.2,5.38
T07,GL-4592,2026-03-21 15:31:00,7.7212,11.160734,51.5,4.21
T07,GL-4592,2026-03-21 15:32:00,7.721821,11.160808,35.9,3.32
T07,GL-4592,2026-03-21 15:33:00,7.72293,11.160166,,5.03
T07,GL-4592,2026-03-21 15:34:00,7.723368,11.160144,28.7,5.36
T07,GL-4592,2026-03-21 15:35:00,7.723948,11.159413,18.2,5.12
T07,GL-4592,2026-03-21 15:36:00,7.725035,11.159088,45.1,5.28
T07,GL-4592,2026-03-21 15:37:00,7.725788,11.158978,41.6,5.13
T07,GL-4592,2026-03-21 15:38:00,7.726164,11.158276,27.8,3.74
T07,GL-4592,2026-03-21 15:39:00,7.726399,11.158299,18.3,3.96
T07,GL-4592,2026-03-21 15:40:00,7.72754,11.157971,16.8,4.29
T07,GL-4592,2026-03-21 15:41:00,7.727998,11.157925,50.0,4.59
T07,GL-4592,2026-03-21 15:42:00,7.728766,11.15796,19.9,4.21
T07,GL-4592,2026-03-21 15:43:00,7.729093,11.157344,14.8,3.35
T07,GL-4592,2026-03-21 15:44:00,7.73045,11.15685,47.8,4.9
T07,GL-4592,2026-03-21 15:45:00,7.730752,11.156779,37.6,3.78
T07,GL-4592,2026-03-21 15:46:00,7.731676,11.1565,24.8,3.38
T07,GL-4592,2026-03-21 15:47:00,7.732312,11.155887,35.4,3.55
T07,GL-4592,2026-03-21 15:48:00,7.733053,11.155963,43.8,3.53
T07,GL-4592,2026-03-21 15:49:00,7.733919,11.155526,50.9,4.82
T07,GL-4592,2026-03-21 15:50:00,7.733961,11.155658,25.2,3.59
T07,GL-4592,2026-03-21 15:51:00,7.73542,11.154788,28.8,4.24
T07,GL-4592,2026-03-21 15:52:00,7.735411,11.154432,31.8,4.27
T07,GL-4592,2026-03-21 15:53:00,7.736068,11.154939,39.7,4.72
T07,GL-4592,2026-03-21 15:54:00,7.737293,11.15407,20.2,4.22
T07,GL-4592,2026-03-21 15:55:00,7.737818,11.153817,48.1,5.41
T07,GL-4592,2026-03-21 15:56:00,7.737922,11.153634,38.8,4.38
T07,GL-4592,2026-03-21 15:57:00,7.738928,11.153684,19.1,5.05
T07,GL-4592,2026-03-21 15:58:00,7.739847,11.152817,37.8,3.2
T07,GL-4592,2026-03-21 15:59:00,7.74063,11.152574,18.9,4.52
T07,GL-4592,2026-03-21 16:00:00,7.741482,11.152576,28.0,4.61
T07,GL-4592,2026-03-21 16:01:00,7.741647,11.152211,14.9,2.85
T07,GL-4592,2026-03-21 16:02:00,7.742474,11.151832,50.3,3.0
T07,GL-4592,2026-03-21 16:03:00,7.742831,11.151721,26.0,3.23
T07,GL-4592,2026-03-21 16:04:00,7.743819,11.151418,38.8,4.8
T07,GL-4592,2026-03-21 16:05:00,7.744483,11.151117,38.6,5.22
T07,GL-4592,2026-03-21 16:06:00,7.745303,11.151057,22.0,4.05
T07,GL-4592,2026-03-21 16:07:00,7.745557,11.150255,23.5,2.96
T07,GL-4592,2026-03-21 16:08:00,7.746471,11.150208,20.0,4.77
T07,GL-4592,2026-03-21 16:09:00,7.746653,11.149895,27.4,3.58
T07,GL-4592,2026-03-21 16:10:00,7.747605,11.149133,39.7,3.51
T07,GL-4592,2026-03-21 16:11:00,7.748672,11.149456,54.2,3.27
T07,GL-4592,2026-03-21 16:12:00,7.749339,11.149212,35.7,4.44
T07,GL-4592,2026-03-21 16:13:00,7.749956,11.148755,46.9,3.68
T07,GL-4592,2026-03-21 16:14:00,7.750187,11.148247,53.0,3.07
T07,GL-4592,2026-03-21 16:15:00,7.750731,11.148489,51.9,4.9
T07,GL-4592,2026-03-21 16:16:00,7.751798,11.148182,40.9,3.62
T07,GL-4592,2026-03-21 16:17:00,7.752173,11.147367,50.4,4.02
T07,GL-4592,2026-03-21 16:18:00,7.752909,11.146499,49.5,4.2
T07,GL-4592,2026-03-21 16:19:00,7.753813,11.146833,53.3,2.92
T07,GL-4592,2026-03-21 16:20:00,7.754734,11.146497,29.8,4.56
T07,GL-4592,2026-03-21 16:21:00,7.755132,11.145831,22.1,5.56
T07,GL-4592,2026-03-21 16:22:00,7.75563,11.145995,35.0,5.02
T07,GL-4592,2026-03-21 16:23:00,7.756565,11.146089,20.4,5.47
T07,GL-4592,2026-03-21 16:24:00,7.757201,11.145839,48.0,4.51
T07,GL-4592,2026-03-21 16:25:00,7.758147,11.14553,38.7,4.42
T07,GL-4592,2026-03-21 16:26:00,7.758812,11.144774,20.2,5.14
T07,GL-4592,2026-03-21 16:27:00,7.759455,11.144981,25.1,4.93
T07,GL-4592,2026-03-21 16:28:00,7.759922,11.144434,19.2,4.06
T07,GL-4592,2026-03-21 16:29:00,7.760829,11.144091,30.8,3.36
T07,GL-4592,2026-03-21 16:30:00,7.761109,11.143916,34.2,5.43
T07,GL-4592,2026-03-21 16:31:00,7.762503,11.143717,19.5,4.21
T07,GL-4592,2026-03-21 16:32:00,7.76296,11.143434,23.6,3.72
T07,GL-4592,2026-03-21 16:33:00,7.763466,11.142709,56.2,3.13
T07,GL-4592,2026-03-21 16:34:00,7.763849,11.142109,54.3,5.06
T07,GL-4592,2026-03-21 16:35:00,7.764959,11.142094,39.3,4.75
T07,GL-4592,2026-03-21 16:36:00,7.765156,11.141832,25.4,4.06
T07,GL-4592,2026-03-21 16:37:00,7.766613,11.141821,31.0,5.07
T07,GL-4592,2026-03-21 16:38:00,7.76683,11.141192,27.6,2.94
T07,GL-4592,2026-03-21 16:39:00,7.767347,11.141382,49.1,5.51
T07,GL-4592,2026-03-21 16:40:00,7.768391,11.140853,32.2,5.13
T07,GL-4592,2026-03-21 16:41:00,7.76892,11.140608,27.5,5.17
T07,GL-4592,2026-03-21 16:42:00,7.769137,11.140408,28.3,5.19
T07,GL-4592,2026-03-21 16:43:00,7.769876,11.139863,45.0,3.68
T07,GL-4592,2026-03-21 16:44:00,7.770545,11.140074,24.8,4.12
T07,GL-4592,2026-03-21 16:45:00,7.77163,11.13975,,3.61
T07,GL-4592,2026-03-21 16:46:00,7.772147,11.139399,34.0,4.12
T07,GL-4592,2026-03-21 16:47:00,7.772747,11.139261,27.1,3.9
T07,GL-4592,2026-03-21 16:48:00,7.7736,11.138229,28.5,3.11
T07,GL-4592,2026-03-21 16:49:00,7.773793,11.138467,37.6,4.38
T07,GL-4592,2026-03-21 16:50:00,7.774409,11.137905,19.0,4.33
T07,GL-4592,2026-03-21 16:51:00,7.775395,11.13754,40.2,3.82
T07,GL-4592,2026-03-21 16:52:00,7.776163,11.137769,19.5,4.84
T07,GL-4592,2026-03-21 16:53:00,7.776708,11.137788,20.6,5.35
T07,GL-4592,2026-03-21 16:54:00,7.77779,11.137363,56.2,5.0
T07,GL-4592,2026-03-21 16:55:00,7.778372,11.136921,22.5,3.37
T07,GL-4592,2026-03-21 16:56:00,7.778905,11.136227,45.2,2.87
T07,GL-4592,2026-03-21 16:57:00,7.780145,11.136351,18.3,5.39
T07,GL-4592,2026-03-21 16:58:00,7.78009,11.136207,41.6,5.19
T07,GL-4592,2026-03-21 16:59:00,7.78046,11.135368,57.7,4.42
T07,GL-4592,2026-03-21 17:00:00,7.781786,11.13535,30.3,5.26
T07,GL-4592,2026-03-21 17:01:00,7.781941,11.135187,53.9,4.83
T07,GL-4592,2026-03-21 17:02:00,7.782964,11.134625,40.5,4.85
T07,GL-4592,2026-03-21 17:03:00,7.784074,11.134437,19.1,4.32
T07,GL-4592,2026-03-21 17:04:00,7.784369,11.134053,36.3,4.74
T07,GL-4592,2026-03-21 17:05:00,7.785158,11.133551,57.7,5.54
T07,GL-4592,2026-03-21 17:06:00,7.786207,11.133912,48.4,3.25
T07,GL-4592,2026-03-21 17:07:00,7.786599,11.133328,47.1,3.69
T07,GL-4592,2026-03-21 17:08:00,7.786918,11.132656,53.0,4.73
T07,GL-4592,2026-03-21 17:09:00,7.787284,11.132838,36.1,3.24
T07,GL-4592,2026-03-21 17:10:00,7.788321,11.132571,51.8,3.2
T07,GL-4592,2026-03-21 17:11:00,7.789224,11.132303,24.5,5.32
T07,GL-4592,2026-03-21 17:12:00,7.789739,11.132006,31.3,3.76
T07,GL-4592,2026-03-21 17:13:00,7.790109,11.131865,20.4,2.94
T07,GL-4592,2026-03-21 17:14:00,7.791138,11.13104,21.3,4.96
T07,GL-4592,2026-03-21 17:15:00,7.791704,11.131225,40.5,4.03
T07,GL-4592,2026-03-21 17:16:00,7.792471,11.130607,22.0,3.53
T07,GL-4592,2026-03-21 17:17:00,7.793257,11.130384,18.0,4.79
T07,GL-4592,2026-03-21 17:18:00,7.793724,11.130154,16.4,3.78
T07,GL-4592,2026-03-21 17:19:00,7.794571,11.130213,22.0,3.72
T07,GL-4592,2026-03-21 17:20:00,7.795287,11.129211,38.0,4.6
T07,GL-4592,2026-03-21 17:21:00,7.795526,11.12973,41.9,4.94
T07,GL-4592,2026-03-21 17:22:00,7.796364,11.129221,26.1,3.1
T07,GL-4592,2026-03-21 17:23:00,7.797422,11.128747,54.6,4.77
T07,GL-4592,2026-03-21 17:24:00,7.797666,11.128345,31.9,3.41
T07,GL-4592,2026-03-21 17:25:00,7.798776,11.128139,27.4,4.12
T07,GL-4592,2026-03-21 17:26:00,7.798785,11.127815,37.7,5.36
T07,GL-4592,2026-03-21 17:27:00,7.80002,11.127629,17.2,3.99
T07,GL-4592,2026-03-21 17:28:00,7.800777,11.12736,24.2,5.4
T07,GL-4592,2026-03-21 17:29:00,7.80077,11.127092,54.5,3.1
T07,GL-4592,2026-03-21 17:30:00,7.801896,11.127138,18.6,5.04
T07,GL-4592,2026-03-21 17:31:00,7.802655,11.126307,47.4,4.4
T07,GL-4592,2026-03-21 17:32:00,7.803297,11.126214,35.7,3.84
T07,GL-4592,2026-03-21 17:33:00,7.804006,11.12575,50.8,5.04
T07,GL-4592,2026-03-21 17:34:00,7.804328,11.125605,36.3,3.52
T07,GL-4592,2026-03-21 17:35:00,7.805058,11.125244,57.9,4.69
T07,GL-4592,2026-03-21 17:36:00,7.805897,11.125138,44.4,2.92
T07,GL-4592,2026-03-21 17:37:00,7.806833,11.124441,16.2,4.9
T07,GL-4592,2026-03-21 17:38:00,7.807424,11.124294,20.9,3.5
T07,GL-4592,2026-03-21 17:39:00,7.80818,11.12448,53.9,2.92
T07,GL-4592,2026-03-21 17:40:00,7.808731,11.124071,38.5,5.34
T07,GL-4592,2026-03-21 17:41:00,7.809358,11.123572,14.8,4.74
T07,GL-4592,2026-03-21 17:42:00,7.810205,11.123557,50.4,4.55
T07,GL-4592,2026-03-21 17:43:00,7.810692,11.12328,53.4,2.9
T07,GL-4592,2026-03-21 17:44:00,7.811034,11.123122,30.2,5.29
T07,GL-4592,2026-03-21 17:45:00,7.81237,11.122565,52.4,3.84
T07,GL-4592,2026-03-21 17:46:00,7.81266,11.122491,49.9,3.33
T07,GL-4592,2026-03-21 17:47:00,7.813229,11.121938,33.2,3.7
T07,GL-4592,2026-03-21 17:48:00,7.814162,11.121878,33.0,3.06
T07,GL-4592,2026-03-21 17:49:00,7.81503,11.121732,31.3,4.43
T07,GL-4592,2026-03-21 17:50:00,7.815447,11.121323,23.7,3.5
T07,GL-4592,2026-03-21 17:51:00,7.816012,11.120595,35.4,4.28
T07,GL-4592,2026-03-21 17:52:00,7.816795,11.12063,26.7,5.24
T07,GL-4592,2026-03-21 17:53:00,7.817748,11.119927,27.2,3.03
T07,GL-4592,2026-03-21 17:54:00,7.818199,11.119926,46.8,4.49
T07,GL-4592,2026-03-21 17:55:00,7.818353,11.11987,57.3,4.02
T07,GL-4592,2026-03-21 17:56:00,7.819362,11.119243,53.6,3.57
T07,GL-4592,2026-03-21 17:57:00,7.819657,11.119125,36.6,4.41
T07,GL-4592,2026-03-21 17:58:00,7.821028,11.119145,53.4,4.13
T07,GL-4592,2026-03-21 17:59:00,7.821624,11.118531,33.8,4.18
T07,GL-4592,2026-03-21 18:00:00,7.822287,11.118142,25.3,5.0
T07,GL-4592,2026-03-21 18:01:00,7.822703,11.117918,42.0,5.56
T07,GL-4592,2026-03-21 18:02:00,7.823335,11.117514,,2.96
T07,GL-4592,2026-03-21 18:03:00,7.824361,11.117685,46.1,3.25
T07,GL-4592,2026-03-21 18:04:00,7.824969,11.116676,30.3,3.2
T07,GL-4592,2026-03-21 18:05:00,7.825241,11.117312,27.7,4.73
T07,GL-4592,2026-03-21 18:06:00,7.826501,11.116332,30.9,4.66
T07,GL-4592,2026-03-21 18:07:00,7.826663,11.116134,35.4,3.69
T07,GL-4592,2026-03-21 18:08:00,7.827551,11.116129,32.8,3.31
T07,GL-4592,2026-03-21 18:09:00,7.828674,11.115541,48.4,3.94
T07,GL-4592,2026-03-21 18:10:00,7.828783,11.115511,36.2,4.54
T07,GL-4592,2026-03-21 18:11:00,7.829644,11.115084,45.0,5.56
T07,GL-4592,2026-03-21 18:12:00,7.829992,11.115112,27.5,2.81
T07,GL-4592,2026-03-21 18:13:00,7.831148,11.114656,57.4,3.11
T07,GL-4592,2026-03-21 18:14:00,7.831331,11.114052,39.1,3.5
T07,GL-4592,2026-03-21 18:15:00,7.832884,11.114327,14.3,5.39
T07,GL-4592,2026-03-21 18:16:00,7.83317,11.113611,57.2,5.1
T07,GL-4592,2026-03-21 18:17:00,7.83383,11.113521,27.8,4.8
T07,GL-4592,2026-03-21 18:18:00,7.834792,11.113077,21.7,4.09
T07,GL-4592,2026-03-21 18:19:00,7.834956,11.112822,47.9,4.38
T07,GL-4592,2026-03-21 18:20:00,7.835941,11.112446,41.4,4.47
T07,GL-4592,2026-03-21 18:21:00,7.836812,11.11223,15.5,3.12
T07,GL-4592,2026-03-21 18:22:00,7.837299,11.112119,54.5,5.55
T07,GL-4592,2026-03-21 18:23:00,7.837872,11.111826,52.4,2.94
T07,GL-4592,2026-03-21 18:24:00,7.838134,11.111407,39.2,4.27
T07,GL-4592,2026-03-21 18:25:00,7.839037,11.111148,,5.02
T07,GL-4592,2026-03-21 18:26:00,7.8398,11.110821,42.1,5.55
T07,GL-4592,2026-03-21 18:27:00,7.840277,11.110853,42.1,4.94
T07,GL-4592,2026-03-21 18:28:00,7.841169,11.110164,42.1,5.11
T07,GL-4592,2026-03-21 18:29:00,7.841574,11.110369,49.2,3.57
T07,GL-4592,2026-03-21 18:30:00,7.842704,11.109673,16.8,3.21
T07,GL-4592,2026-03-21 18:31:00,7.843006,11.109176,39.8,3.12
T07,GL-4592,2026-03-21 18:32:00,7.843946,11.109146,51.1,5.01
T07,GL-4592,2026-03-21 18:33:00,7.844628,11.108911,28.9,4.34
T07,GL-4592,2026-03-21 18:34:00,7.845287,11.108723,41.6,3.58
T07,GL-4592,2026-03-21 18:35:00,7.846137,11.108137,52.9,4.46
T07,GL-4592,2026-03-21 18:36:00,7.846286,11.108286,33.9,4.61
T07,GL-4592,2026-03-21 18:37:00,7.84696,11.10752,33.0,4.52
T07,GL-4592,2026-03-21 18:38:00,7.848149,11.107259,38.8,4.58
T07,GL-4592,2026-03-21 18:39:00,7.848691,11.107041,45.2,4.9
T07,GL-4592,2026-03-21 18:40:00,7.849158,11.106858,28.3,4.06
T07,GL-4592,2026-03-21 18:41:00,7.849949,11.106339,31.7,5.53
T07,GL-4592,2026-03-21 18:42:00,7.850946,11.106306,36.7,5.13
T07,GL-4592,2026-03-21 18:43:00,7.851724,11.105995,25.9,2.87
T07,GL-4592,2026-03-21 18:44:00,7.851443,11.105791,25.7,5.13
T07,GL-4592,2026-03-21 18:45:00,7.852437,11.105712,50.2,4.17
T07,GL-4592,2026-03-21 18:46:00,7.853427,11.105179,49.1,3.35
T07,GL-4592,2026-03-21 18:47:00,7.85394,11.104528,45.4,2.97
T07,GL-4592,2026-03-21 18:48:00,7.854684,11.104669,22.0,3.9
T07,GL-4592,2026-03-21 18:49:00,7.855219,11.103971,21.5,5.46
T07,GL-4592,2026-03-21 18:50:00,7.856069,11.104106,18.3,5.18
T07,GL-4592,2026-03-21 18:51:00,7.85665,11.103838,36.2,4.24
T07,GL-4592,2026-03-21 18:52:00,7.857527,11.103641,22.6,3.07
T07,GL-4592,2026-03-21 18:53:00,7.85833,11.10306,28.5,4.13
T07,GL-4592,2026-03-21 18:54:00,7.858859,11.102379,32.3,3.88
T07,GL-4592,2026-03-21 18:55:00,7.859668,11.10249,37.4,4.08
T07,GL-4592,2026-03-21 18:56:00,7.860209,11.10235,25.7,4.5
T07,GL-4592,2026-03-21 18:57:00,7.861137,11.101856,25.4,3.77
T07,GL-4592,2026-03-21 18:58:00,7.861552,11.101971,23.8,3.17
T07,GL-4592,2026-03-21 18:59:00,7.862003,11.101508,50.4,5.06
T07,GL-4592,2026-03-21 19:00:00,7.862578,11.101346,41.6,2.96
T07,GL-4592,2026-03-21 19:01:00,7.863381,11.100779,45.9,3.26
T07,GL-4592,2026-03-21 19:02:00,7.864052,11.101121,14.5,4.21
T07,GL-4592,2026-03-21 19:03:00,7.86505,11.100164,38.3,5.43
T07,GL-4592,2026-03-21 19:04:00,7.86536,11.099644,26.4,4.63
T07,GL-4592,2026-03-21 19:05:00,7.866015,11.099561,39.1,5.39
T07,GL-4592,2026-03-21 19:06:00,7.86687,11.099808,43.8,2.87
T07,GL-4592,2026-03-21 19:07:00,7.867339,11.099141,36.0,4.88
T07,GL-4592,2026-03-21 19:08:00,7.868395,11.098501,24.4,4.9
T07,GL-4592,2026-03-21 19:09:00,7.868902,11.098519,39.4,5.46
T07,GL-4592,2026-03-21 19:10:00,7.869231,11.098453,22.4,4.48
T07,GL-4592,2026-03-21 19:11:00,7.870232,11.097904,25.7,2.81
T07,GL-4592,2026-03-21 19:12:00,7.87086,11.097465,15.9,5.29
T07,GL-4592,2026-03-21 19:13:00,7.87169,11.097243,43.9,5.09
T07,GL-4592,2026-03-21 19:14:00,7.872229,11.097096,50.4,4.92
T07,GL-4592,2026-03-21 19:15:00,7.873262,11.09663,18.2,5.56
T07,GL-4592,2026-03-21 19:16:00,7.873723,11.096569,38.0,5.43
T07,GL-4592,2026-03-21 19:17:00,7.874325,11.096695,19.7,4.65
T07,GL-4592,2026-03-21 19:18:00,7.87531,11.096272,54.1,3.73
T07,GL-4592,2026-03-21 19:19:00,7.875392,11.095768,44.2,2.95
T07,GL-4592,2026-03-21 19:20:00,7.876092,11.095579,30.0,4.16
T07,GL-4592,2026-03-21 19:21:00,7.876687,11.095457,45.7,5.42
T07,GL-4592,2026-03-21 19:22:00,7.877875,11.09472,57.8,4.87
T07,GL-4592,2026-03-21 19:23:00,7.87821,11.094946,22.4,3.27
T07,GL-4592,2026-03-21 19:24:00,7.879082,11.094508,15.2,4.11
T07,GL-4592,2026-03-21 19:25:00,7.879893,11.093704,33.6,4.03
T07,GL-4592,2026-03-21 19:26:00,7.880258,11.094075,52.7,5.32
T07,GL-4592,2026-03-21 19:27:00,7.880756,11.093394,40.6,5.56
T07,GL-4592,2026-03-21 19:28:00,7.881882,11.093049,53.4,5.4
T07,GL-4592,2026-03-21 19:29:00,7.882683,11.092856,56.5,5.24
T07,GL-4592,2026-03-21 19:30:00,7.88297,11.092699,26.8,5.47
T07,GL-4592,2026-03-21 19:31:00,7.88362,11.092161,54.9,5.34
T07,GL-4592,2026-03-21 19:32:00,7.88466,11.091926,27.4,3.15
T07,GL-4592,2026-03-21 19:33:00,7.884961,11.091638,40.8,4.18
T07,GL-4592,2026-03-21 19:34:00,7.885693,11.091673,38.7,4.51
T07,GL-4592,2026-03-21 19:35:00,7.886613,11.091426,37.9,3.85
T07,GL-4592,2026-03-21 19:36:00,7.886968,11.090825,40.5,4.58
T07,GL-4592,2026-03-21 19:37:00,7.887725,11.090534,46.3,5.13
T07,GL-4592,2026-03-21 19:38:00,7.888548,11.090526,53.5,5.01
T07,GL-4592,2026-03-21 19:39:00,7.889733,11.089688,36.9,4.9
T07,GL-4592,2026-03-21 19:40:00,7.889249,11.089469,26.0,5.23
T07,GL-4592,2026-03-21 19:41:00,7.890698,11.089427,24.2,4.52
T07,GL-4592,2026-03-21 19:42:00,7.891412,11.089026,17.9,3.49
T07,GL-4592,2026-03-21 19:43:00,7.891871,11.088997,40.3,3.9
T07,GL-4592,2026-03-21 19:44:00,7.892684,11.088592,43.8,5.11
T07,GL-4592,2026-03-21 19:45:00,7.893379,11.088403,53.1,2.9
T07,GL-4592,2026-03-21 19:46:00,7.893886,11.088262,54.6,3.5
T07,GL-4592,2026-03-21 19:47:00,7.894609,11.087967,42.0,3.04
T07,GL-4592,2026-03-21 19:48:00,7.894958,11.087659,41.6,4.81
T07,GL-4592,2026-03-21 19:49:00,7.896,11.087401,26.5,3.84
T07,GL-4592,2026-03-21 19:50:00,7.897254,11.086747,46.1,4.51
T07,GL-4592,2026-03-21 19:51:00,7.897052,11.086651,19.1,4.11
T07,GL-4592,2026-03-21 19:52:00,7.897798,11.086126,27.6,3.49
T07,GL-4592,2026-03-21 19:53:00,7.899108,11.085977,,5.5
T07,GL-4592,2026-03-21 19:54:00,7.899341,11.085475,51.5,5.06
T07,GL-4592,2026-03-21 19:55:00,7.900063,11.085153,56.7,4.23
T07,GL-4592,2026-03-21 19:56:00,7.901205,11.085559,45.0,2.87
T07,GL-4592,2026-03-21 19:57:00,7.90122,11.084715,18.2,4.38
T07,GL-4592,2026-03-21 19:58:00,7.902469,11.084295,29.2,4.38
T07,GL-4592,2026-03-21 19:59:00,7.902812,11.084384,46.4,4.49
T07,GL-4592,2026-03-21 20:00:00,7.903234,11.084154,27.4,3.93
T07,GL-4592,2026-03-21 20:01:00,7.903646,11.0837,27.3,3.35
T07,GL-4592,2026-03-21 20:02:00,7.904712,11.083301,55.2,5.27
T07,GL-4592,2026-03-21 20:03:00,7.905689,11.083249,34.2,2.81
T07,GL-4592,2026-03-21 20:04:00,7.906083,11.082723,42.9,4.19
T07,GL-4592,2026-03-21 20:05:00,7.907153,11.082658,35.1,5.08
T07,GL-4592,2026-03-21 20:06:00,7.907698,11.082373,35.0,3.02
T07,GL-4592,2026-03-21 20:07:00,7.908173,11.081963,32.4,3.65
T07,GL-4592,2026-03-21 20:08:00,7.908734,11.081477,18.1,3.24
T07,GL-4592,2026-03-21 20:09:00,7.909243,11.081672,54.4,4.58
T07,GL-4592,2026-03-21 20:10:00,7.910414,11.081253,56.7,3.73
T07,GL-4592,2026-03-21 20:11:00,7.910918,11.081097,23.7,3.94
T07,GL-4592,2026-03-21 20:12:00,7.911754,11.080526,49.2,4.52
T07,GL-4592,2026-03-21 20:13:00,7.91223,11.080158,39.0,3.86
T07,GL-4592,2026-03-21 20:14:00,7.913012,11.080295,31.1,3.31
T07,GL-4592,2026-03-21 20:15:00,7.913521,11.079554,19.7,4.89
T07,GL-4592,2026-03-21 20:16:00,7.914232,11.079465,24.8,4.63
T07,GL-4592,2026-03-21 20:17:00,7.915318,11.079397,24.8,5.47
T07,GL-4592,2026-03-21 20:18:00,7.915627,11.079015,15.6,5.37
T07,GL-4592,2026-03-21 20:19:00,7.91593,11.079075,45.3,2.84
T07,GL-4592,2026-03-21 20:20:00,7.9169,11.078304,16.0,2.86
T07,GL-4592,2026-03-21 20:21:00,7.918005,11.078109,50.8,3.25
T07,GL-4592,2026-03-21 20:22:00,7.918648,11.07796,23.5,3.41
T07,GL-4592,2026-03-21 20:23:00,7.918907,11.077534,46.5,4.48
T07,GL-4592,2026-03-21 20:24:00,7.919716,11.077458,26.9,3.21
T07,GL-4592,2026-03-21 20:25:00,7.920215,11.076734,30.8,3.51
T07,GL-4592,2026-03-21 20:26:00,7.920579,11.076708,56.3,3.2
T07,GL-4592,2026-03-21 20:27:00,7.597649,11.07623,29.6,157.03
T07,GL-4592,2026-03-21 20:28:00,7.92223,11.076161,30.9,5.49
T07,GL-4592,2026-03-21 20:29:00,7.923133,11.07612,45.7,5.03
T07,GL-4592,2026-03-21 20:30:00,7.923711,11.07541,54.0,4.13
T07,GL-4592,2026-03-21 20:31:00,7.924028,11.075103,50.9,4.47
T07,GL-4592,2026-03-21 20:32:00,7.925327,11.074698,47.5,4.98
T07,GL-4592,2026-03-21 20:33:00,7.925618,11.074715,26.2,4.75
T07,GL-4592,2026-03-21 20:34:00,7.926596,11.074412,49.3,5.16
T07,GL-4592,2026-03-21 20:35:00,7.927097,11.074517,23.4,4.7
T07,GL-4592,2026-03-21 20:36:00,7.928474,11.073955,56.1,4.13
T07,GL-4592,2026-03-21 20:37:00,7.928618,11.073564,39.1,4.6
T07,GL-4592,2026-03-21 20:38:00,7.929299,11.073262,39.5,3.25
T07,GL-4592,2026-03-21 20:39:00,7.930299,11.07306,27.4,4.91
T07,GL-4592,2026-03-21 20:40:00,7.930723,11.072468,32.1,4.83
T07,GL-4592,2026-03-21 20:41:00,7.930908,11.072294,45.8,3.9
T07,GL-4592,2026-03-21 20:42:00,7.931675,11.072401,14.5,3.95
T07,GL-4592,2026-03-21 20:43:00,7.93203,11.072064,20.2,4.59
T07,GL-4592,2026-03-21 20:44:00,7.933158,11.071498,36.7,3.85
T07,GL-4592,2026-03-21 20:45:00,7.933973,11.071772,22.0,4.26
T07,GL-4592,2026-03-21 20:46:00,7.934613,11.071199,48.1,5.22
T07,GL-4592,2026-03-21 20:47:00,7.93556,11.07035,28.8,5.57
T07,GL-4592,2026-03-21 20:48:00,7.935903,11.07049,54.6,4.43
T07,GL-4592,2026-03-21 20:49:00,7.936193,11.070935,15.3,3.14
T07,GL-4592,2026-03-21 20:50:00,7.937444,11.069661,56.1,3.41
T07,GL-4592,2026-03-21 20:51:00,7.93765,11.069506,16.8,5.08
T07,GL-4592,2026-03-21 20:52:00,7.938423,11.069358,22.9,3.96
T07,GL-4592,2026-03-21 20:53:00,7.939565,11.068602,45.3,2.96
T07,GL-4592,2026-03-21 20:54:00,7.940055,11.068952,43.6,4.55
T07,GL-4592,2026-03-21 20:55:00,7.940661,11.068304,43.1,4.34
T07,GL-4592,2026-03-21 20:56:00,7.941524,11.068154,43.1,4.11
T07,GL-4592,2026-03-21 20:57:00,7.941696,11.067336,50.5,3.7
T07,GL-4592,2026-03-21 20:58:00,7.942274,11.067691,42.5,4.62
T07,GL-4592,2026-03-21 20:59:00,7.942942,11.067155,39.4,3.91
T07,GL-4592,2026-03-21 21:00:00,7.944278,11.067526,33.8,4.32
T07,GL-4592,2026-03-21 21:01:00,7.944754,11.066888,47.4,4.89
T07,GL-4592,2026-03-21 21:02:00,7.945465,11.066278,52.4,3.65
T07,GL-4592,2026-03-21 21:03:00,7.945773,11.066277,22.3,4.11
T07,GL-4592,2026-03-21 21:04:00,7.947039,11.065927,45.3,5.06
T07,GL-4592,2026-03-21 21:05:00,7.947613,11.065494,27.8,3.31
T07,GL-4592,2026-03-21 21:06:00,7.948492,11.064998,38.1,4.95
T07,GL-4592,2026-03-21 21:07:00,7.949091,11.064865,35.4,3.06
T07,GL-4592,2026-03-21 21:08:00,7.949167,11.06505,26.8,4.87
T07,GL-4592,2026-03-21 21:09:00,7.950248,11.064265,42.1,3.52
T07,GL-4592,2026-03-21 21:10:00,7.950893,11.06406,19.5,4.63
T07,GL-4592,2026-03-21 21:11:00,7.951359,11.063758,54.5,3.16
T07,GL-4592,2026-03-21 21:12:00,7.952248,11.063692,20.2,4.35
T07,GL-4592,2026-03-21 21:13:00,7.952892,11.063282,15.2,4.21
T07,GL-4592,2026-03-21 21:14:00,7.953406,11.062832,29.4,3.52
T07,GL-4592,2026-03-21 21:15:00,7.954151,11.063035,53.4,4.27
T07,GL-4592,2026-03-21 21:16:00,7.954687,11.062312,56.5,4.64
T07,GL-4592,2026-03-21 21:17:00,8.077402,11.061795,33.3,259.29
T07,GL-4592,2026-03-21 21:18:00,7.956017,11.062243,30.5,3.11
T07,GL-4592,2026-03-21 21:19:00,7.95667,11.061716,54.5,3.59
T07,GL-4592,2026-03-21 21:20:00,7.957216,11.061221,41.0,3.01
T07,GL-4592,2026-03-21 21:21:00,7.958075,11.061435,37.0,3.03
T07,GL-4592,2026-03-21 21:22:00,7.958585,11.060832,38.0,4.21
T07,GL-4592,2026-03-21 21:23:00,7.959801,11.061058,45.6,5.24
T07,GL-4592,2026-03-21 21:24:00,7.959992,11.060274,54.1,5.52
T07,GL-4592,2026-03-21 21:25:00,7.960978,11.059697,50.1,2.87
T07,GL-4592,2026-03-21 21:26:00,7.96156,11.059554,14.9,3.61
T07,GL-4592,2026-03-21 21:27:00,7.9625,11.059044,29.3,5.5
T07,GL-4592,2026-03-21 21:28:00,7.963146,11.058928,53.5,3.69
T07,GL-4592,2026-03-21 21:29:00,7.963643,11.058669,15.4,3.64
T07,GL-4592,2026-03-21 21:30:00,7.964508,11.058231,34.1,3.06
T07,GL-4592,2026-03-21 21:31:00,7.965218,11.05809,25.7,5.28
T07,GL-4592,2026-03-21 21:32:00,7.965705,11.058439,38.0,3.28
T07,GL-4592,2026-03-21 21:33:00,7.96648,11.057355,54.4,3.22
T07,GL-4592,2026-03-21 21:34:00,7.967097,11.057404,46.5,5.0
T07,GL-4592,2026-03-21 21:35:00,7.967619,11.056822,56.9,3.74
T07,GL-4592,2026-03-21 21:36:00,7.968495,11.056641,31.7,3.78
T07,GL-4592,2026-03-21 21:37:00,7.968967,11.05633,39.3,4.19
T07,GL-4592,2026-03-21 21:38:00,7.969925,11.056434,27.1,4.36
T07,GL-4592,2026-03-21 21:39:00,7.970378,11.055875,20.0,5.55
T07,GL-4592,2026-03-21 21:40:00,7.971196,11.055822,22.4,4.57
T07,GL-4592,2026-03-21 21:41:00,7.971424,11.055125,24.5,4.98
T07,GL-4592,2026-03-21 21:42:00,7.972098,11.055167,49.8,3.69
T07,GL-4592,2026-03-21 21:43:00,7.97332,11.054305,15.1,5.36
T07,GL-4592,2026-03-21 21:44:00,7.973964,11.054715,20.2,4.15
T07,GL-4592,2026-03-21 21:45:00,7.974507,11.054505,31.6,3.91
T07,GL-4592,2026-03-21 21:46:00,7.975474,11.054012,47.1,3.17
T07,GL-4592,2026-03-21 21:47:00,7.975844,11.053499,18.3,3.21
T07,GL-4592,2026-03-21 21:48:00,7.976365,11.053226,51.4,4.23
T07,GL-4592,2026-03-21 21:49:00,7.976866,11.053105,43.2,3.37
T07,GL-4592,2026-03-21 21:50:00,7.977905,11.052881,24.7,5.32
T07,GL-4592,2026-03-21 21:51:00,7.978491,11.052724,57.3,5.34
T07,GL-4592,2026-03-21 21:52:00,7.979004,11.052208,55.3,5.13
T07,GL-4592,2026-03-21 21:53:00,7.980037,11.051673,49.9,3.41
T07,GL-4592,2026-03-21 21:54:00,7.980628,11.051547,42.3,2.96
T07,GL-4592,2026-03-21 21:55:00,7.98137,11.051343,39.0,4.48
T07,GL-4592,2026-03-21 21:56:00,7.98171,11.050969,28.2,4.29
T07,GL-4592,2026-03-21 21:57:00,7.982612,11.051092,46.3,4.12
T07,GL-4592,2026-03-21 21:58:00,7.98311,11.050224,46.8,3.0
T07,GL-4592,2026-03-21 21:59:00,7.983956,11.050015,43.2,4.76
T07,GL-4592,2026-03-21 22:00:00,7.984523,11.049662,17.3,3.17
T07,GL-4592,2026-03-21 22:01:00,7.985374,11.049543,31.8,5.41
T07,GL-4592,2026-03-21 22:02:00,7.986218,11.049265,38.3,3.16
T07,GL-4592,2026-03-21 22:03:00,7.986984,11.049114,32.8,3.6
T07,GL-4592,2026-03-21 22:04:00,7.987425,11.048635,36.2,4.61
T07,GL-4592,2026-03-21 22:05:00,7.988054,11.048265,29.6,3.56
T07,GL-4592,2026-03-21 22:06:00,11.047978,7.988834,27.8,3.31
T07,GL-4592,2026-03-21 22:07:00,7.989043,11.048227,39.0,4.54
T07,GL-4592,2026-03-21 22:08:00,7.990074,11.047734,42.5,3.42
T07,GL-4592,2026-03-21 22:09:00,7.99065,11.047178,17.7,4.73
T07,GL-4592,2026-03-21 22:10:00,7.991474,11.047148,17.9,4.94
T07,GL-4592,2026-03-21 22:11:00,7.992412,11.046752,19.9,5.46
T07,GL-4592,2026-03-21 22:12:00,7.992739,11.046479,52.2,2.87
T07,GL-4592,2026-03-21 22:13:00,7.993224,11.046265,34.4,3.08
T07,GL-4592,2026-03-21 22:14:00,7.993958,11.045801,22.1,3.22
T07,GL-4592,2026-03-21 22:15:00,7.994968,11.045544,53.5,3.22
T07,GL-4592,2026-03-21 22:16:00,7.995111,11.045284,32.4,4.6
T07,GL-4592,2026-03-21 22:17:00,7.996076,11.044962,37.6,4.55
T07,GL-4592,2026-03-21 22:18:00,7.996803,11.044903,38.3,3.54
T07,GL-4592,2026-03-21 22:19:00,7.99737,11.044639,15.4,4.49
T07,GL-4592,2026-03-21 22:20:00,7.998083,11.044001,51.5,5.28
T07,GL-4592,2026-03-21 22:21:00,7.998799,11.043881,55.9,3.78
T07,GL-4592,2026-03-21 22:22:00,7.999507,11.043641,46.0,4.51
T07,GL-4592,2026-03-21 22:23:00,8.000156,11.043139,27.3,3.71
T07,GL-4592,2026-03-21 22:24:00,8.000865,11.043336,39.4,4.05
T07,GL-4592,2026-03-21 22:25:00,8.001852,11.042495,15.5,3.15
T07,GL-4592,2026-03-21 22:26:00,8.002339,11.042424,35.1,5.07
T07,GL-4592,2026-03-21 22:27:00,8.002802,11.04207,27.5,4.64
T07,GL-4592,2026-03-21 22:28:00,8.003719,11.042176,33.4,5.03
T07,GL-4592,2026-03-21 22:29:00,8.004127,11.041331,,4.75
T07,GL-4592,2026-03-21 22:30:00,8.005065,11.041543,23.8,4.3
T07,GL-4592,2026-03-21 22:31:00,8.00576,11.04127,23.2,4.93
T07,GL-4592,2026-03-21 22:32:00,8.00626,11.040156,26.6,2.84
T07,GL-4592,2026-03-21 22:33:00,8.0068,11.040953,31.8,3.83
T07,GL-4592,2026-03-21 22:34:00,8.007574,11.040253,53.4,4.89
T07,GL-4592,2026-03-21 22:35:00,8.008279,11.04011,24.0,4.59
T07,GL-4592,2026-03-21 22:36:00,8.009106,11.039768,18.6,3.3
T07,GL-4592,2026-03-21 22:37:00,8.009918,11.03949,47.3,3.4
T07,GL-4592,2026-03-21 22:38:00,8.010211,11.038796,52.1,3.03
T07,GL-4592,2026-03-21 22:39:00,8.010929,11.038307,24.0,4.63
T07,GL-4592,2026-03-21 22:40:00,8.011858,11.038466,55.4,3.05
T07,GL-4592,2026-03-21 22:41:00,8.012793,11.038603,17.0,4.0
T07,GL-4592,2026-03-21 22:42:00,8.012828,11.038002,24.8,4.92
T07,GL-4592,2026-03-21 22:43:00,8.013387,11.037559,57.3,3.04
T07,GL-4592,2026-03-21 22:44:00,8.014649,11.037458,57.5,4.71
T07,GL-4592,2026-03-21 22:45:00,8.014691,11.037179,48.8,3.42
T07,GL-4592,2026-03-21 22:46:00,8.016058,11.03692,25.1,5.0
T07,GL-4592,2026-03-21 22:47:00,8.016678,11.036417,54.0,3.98
T07,GL-4592,2026-03-21 22:48:00,8.017171,11.036321,54.6,4.4
T07,GL-4592,2026-03-21 22:49:00,8.017668,11.035834,51.3,4.16
T07,GL-4592,2026-03-21 22:50:00,8.018487,11.03564,30.0,3.36
T07,GL-4592,2026-03-21 22:51:00,8.019239,11.035344,51.4,5.07
T07,GL-4592,2026-03-21 22:52:00,8.020303,11.035108,16.5,4.15
T07,GL-4592,2026-03-21 22:53:00,8.0202,11.034475,23.0,5.07
T07,GL-4592,2026-03-21 22:54:00,8.021178,11.034757,48.7,3.18
T07,GL-4592,2026-03-21 22:55:00,8.021673,11.03494,56.4,4.48
T07,GL-4592,2026-03-21 22:56:00,8.02269,11.034088,36.6,5.02
T07,GL-4592,2026-03-21 22:57:00,8.023354,11.033482,33.2,4.58
T07,GL-4592,2026-03-21 22:58:00,8.024004,11.033315,44.8,4.69
T07,GL-4592,2026-03-21 22:59:00,8.024549,11.033109,28.2,3.51
T07,GL-4592,2026-03-21 23:00:00,8.02497,11.032531,35.8,4.02
T07,GL-4592,2026-03-21 23:01:00,8.025434,11.032407,43.4,3.0
T07,GL-4592,2026-03-21 23:02:00,8.026418,11.032286,29.6,2.87
T07,GL-4592,2026-03-21 23:03:00,8.027328,11.031857,24.3,3.68
T07,GL-4592,2026-03-21 23:04:00,8.027656,11.031736,44.5,4.89
T07,GL-4592,2026-03-21 23:05:00,8.028749,11.031134,48.4,3.26
T07,GL-4592,2026-03-21 23:06:00,8.029231,11.031221,27.8,3.9
T07,GL-4592,2026-03-21 23:07:00,8.029867,11.030565,54.8,4.79
T07,GL-4592,2026-03-21 23:08:00,8.030724,11.030389,56.3,5.48
T07,GL-4592,2026-03-21 23:09:00,8.031084,11.030447,18.2,4.05
T07,GL-4592,2026-03-21 23:10:00,8.031564,11.029822,52.8,3.37
T07,GL-4592,2026-03-21 23:11:00,8.032765,11.029646,26.1,4.39
T07,GL-4592,2026-03-21 23:12:00,8.033357,11.029291,53.4,4.27
T07,GL-4592,2026-03-21 23:13:00,8.033456,11.028527,34.6,4.43
T07,GL-4592,2026-03-21 23:14:00,8.034633,11.029033,50.2,2.99
T07,GL-4592,2026-03-21 23:15:00,8.035177,11.02843,50.7,4.22
T07,GL-4592,2026-03-21 23:16:00,8.036511,11.028246,30.0,3.12
T07,GL-4592,2026-03-21 23:17:00,8.036974,11.027745,19.5,5.33
T07,GL-4592,2026-03-21 23:18:00,8.037514,11.028019,20.2,5.54
T07,GL-4592,2026-03-21 23:19:00,8.038366,11.027433,36.6,3.65
T07,GL-4592,2026-03-21 23:20:00,8.038439,11.026881,51.8,4.76
T07,GL-4592,2026-03-21 23:21:00,8.039577,11.026829,20.4,3.36
T07,GL-4592,2026-03-21 23:22:00,8.039868,11.026443,14.1,3.06
T07,GL-4592,2026-03-21 23:23:00,8.040474,11.026334,14.0,3.36
T07,GL-4592,2026-03-21 23:24:00,8.041682,11.026025,21.3,3.22
T07,GL-4592,2026-03-21 23:25:00,8.042025,11.026061,42.5,4.64
T07,GL-4592,2026-03-21 23:26:00,8.042661,11.025309,36.1,3.85
T07,GL-4592,2026-03-21 23:27:00,8.043667,11.025342,22.3,3.42
T07,GL-4592,2026-03-21 23:28:00,8.044292,11.025068,18.0,3.33
T07,GL-4592,2026-03-21 23:29:00,8.045228,11.024396,56.2,5.55
T07,GL-4592,2026-03-21 23:30:00,8.04506,11.023841,23.4,5.16
T07,GL-4592,2026-03-21 23:31:00,8.045935,11.023662,46.7,4.0
T07,GL-4592,2026-03-21 23:32:00,8.046699,11.023657,22.0,4.18
T07,GL-4592,2026-03-21 23:33:00,8.047518,11.0233,14.3,4.01
T07,GL-4592,2026-03-21 23:34:00,8.047544,11.023671,53.0,3.05
T07,GL-4592,2026-03-21 23:35:00,8.049063,11.022698,20.4,5.13
T07,GL-4592,2026-03-21 23:36:00,8.049807,11.022476,45.2,5.33
T07,GL-4592,2026-03-21 23:37:00,8.050196,11.022215,27.9,3.75
T07,GL-4592,2026-03-21 23:38:00,8.051191,11.022054,19.2,4.31
T07,GL-4592,2026-03-21 23:39:00,8.05181,11.02162,35.1,4.39
T07,GL-4592,2026-03-21 23:40:00,8.052513,11.02125,38.2,5.38
T07,GL-4592,2026-03-21 23:41:00,8.052718,11.021123,15.0,3.89
T07,GL-4592,2026-03-21 23:42:00,8.053339,11.020515,20.7,4.65
T07,GL-4592,2026-03-21 23:43:00,8.054663,11.020652,56.7,4.22
T07,GL-4592,2026-03-21 23:44:00,8.05538,11.020472,47.1,4.33
T07,GL-4592,2026-03-21 23:45:00,8.05523,11.019832,20.1,3.64
T07,GL-4592,2026-03-21 23:46:00,8.056241,11.019841,46.5,5.02
T07,GL-4592,2026-03-21 23:47:00,8.057116,11.019584,55.2,3.04
T07,GL-4592,2026-03-21 23:48:00,8.057415,11.01939,27.3,3.82
T07,GL-4592,2026-03-21 23:49:00,8.058025,11.018878,47.4,5.54
T07,GL-4592,2026-03-21 23:50:00,8.058651,11.018386,51.7,4.17
T07,GL-4592,2026-03-21 23:51:00,8.059126,11.018405,37.8,5.18
T07,GL-4592,2026-03-21 23:52:00,8.06045,11.018059,,5.0
T07,GL-4592,2026-03-21 23:53:00,8.060799,11.017708,38.5,4.51
T07,GL-4592,2026-03-21 23:54:00,8.06134,11.017301,51.5,3.53
T07,GL-4592,2026-03-21 23:55:00,8.06246,11.017238,25.7,3.54
T07,GL-4592,2026-03-21 23:56:00,8.063168,11.016545,34.7,4.45
T07,GL-4592,2026-03-21 23:57:00,8.064383,11.016737,53.4,5.3
T07,GL-4592,2026-03-21 23:58:00,8.064643,11.016363,43.1,4.26
T07,GL-4592,2026-03-21 23:59:00,8.064962,11.016057,38.3,3.64
T07,GL-4592,2026-03-22 00:00:00,8.065601,11.015751,23.7,5.49
T07,GL-4592,2026-03-22 00:01:00,8.06652,11.015429,29.2,4.78
T07,GL-4592,2026-03-22 00:02:00,8.067463,11.015264,,5.59
T07,GL-4592,2026-03-22 00:03:00,8.06781,11.014714,39.9,4.32
T07,GL-4592,2026-03-22 00:04:00,8.068522,11.014573,21.6,3.99
T07,GL-4592,2026-03-22 00:05:00,8.069268,11.014237,37.0,4.38
T07,GL-4592,2026-03-22 00:06:00,8.069892,11.014102,41.9,4.32
T07,GL-4592,2026-03-22 00:07:00,8.070675,11.013592,32.8,4.71
T07,GL-4592,2026-03-22 00:08:00,8.071285,11.013947,39.7,5.27
T07,GL-4592,2026-03-22 00:09:00,8.072133,11.013081,49.4,3.12
T07,GL-4592,2026-03-22 00:10:00,8.072739,11.012701,32.2,3.3
T07,GL-4592,2026-03-22 00:11:00,8.072838,11.012575,54.0,3.16
T07,GL-4592,2026-03-22 00:12:00,8.073716,11.012121,34.6,4.91
T07,GL-4592,2026-03-22 00:13:00,8.07448,11.011738,35.7,5.39
T07,GL-4592,2026-03-22 00:14:00,8.075224,11.01149,31.3,4.77
T07,GL-4592,2026-03-22 00:15:00,8.076046,11.011725,18.0,5.31
T07,GL-4592,2026-03-22 00:16:00,8.07684,11.01105,36.2,4.08
T07,GL-4592,2026-03-22 00:17:00,8.077256,11.010544,50.7,5.15
T07,GL-4592,2026-03-22 00:18:00,8.077763,11.010558,16.3,3.49
T07,GL-4592,2026-03-22 00:19:00,8.078528,11.010376,24.6,3.41
T07,GL-4592,2026-03-22 00:20:00,8.079028,11.009992,57.9,4.2
T07,GL-4592,2026-03-22 00:21:00,8.079704,11.009427,24.6,5.06
T07,GL-4592,2026-03-22 00:22:00,8.080673,11.009361,41.8,4.73
T07,GL-4592,2026-03-22 00:23:00,8.081533,11.009779,48.2,3.66
T07,GL-4592,2026-03-22 00:24:00,8.081826,11.00874,16.6,3.55
T07,GL-4592,2026-03-22 00:25:00,8.082576,11.008332,56.9,3.79
T07,GL-4592,2026-03-22 00:26:00,8.083357,11.008569,43.6,3.53
T07,GL-4592,2026-03-22 00:27:00,8.084345,11.008165,23.8,3.42
T07,GL-4592,2026-03-22 00:28:00,8.084629,11.008093,37.6,2.92
T07,GL-4592,2026-03-22 00:29:00,8.085841,11.007331,17.0,4.65
T07,GL-4592,2026-03-22 00:30:00,8.086126,11.007209,54.4,4.97
T07,GL-4592,2026-03-22 00:31:00,8.086748,11.00729,54.7,4.49
T07,GL-4592,2026-03-22 00:32:00,8.087475,11.006535,25.3,4.66
T07,GL-4592,2026-03-22 00:33:00,8.088243,11.006208,34.0,4.67
T07,GL-4592,2026-03-22 00:34:00,8.089209,11.005836,20.7,5.57
T07,GL-4592,2026-03-22 00:35:00,8.089454,11.005861,27.0,3.65
T07,GL-4592,2026-03-22 00:36:00,8.090135,11.005132,25.5,3.13
T07,GL-4592,2026-03-22 00:37:00,8.091095,11.005236,46.0,3.72
T07,GL-4592,2026-03-22 00:38:00,8.091414,11.004701,46.6,5.17
T07,GL-4592,2026-03-22 00:39:00,8.09202,11.004451,42.0,3.36
T07,GL-4592,2026-03-22 00:40:00,8.092977,11.003953,18.5,3.18
T07,GL-4592,2026-03-22 00:41:00,8.093726,11.003802,57.4,3.0
T07,GL-4592,2026-03-22 00:42:00,8.094396,11.004026,28.1,3.35
T07,GL-4592,2026-03-22 00:43:00,8.094907,11.00324,18.6,4.94
T07,GL-4592,2026-03-22 00:44:00,8.095414,11.003278,46.7,4.14
T07,GL-4592,2026-03-22 00:45:00,8.096065,11.002541,39.3,5.48
T07,GL-4592,2026-03-22 00:46:00,8.097353,11.002373,17.1,2.84
T07,GL-4592,2026-03-22 00:47:00,8.097724,11.002427,27.9,3.28
T07,GL-4592,2026-03-22 00:48:00,8.098162,11.001897,22.8,4.59
T07,GL-4592,2026-03-22 00:49:00,8.099358,11.001661,49.6,3.48
T07,GL-4592,2026-03-22 00:50:00,8.099724,11.001631,35.1,2.84
T07,GL-4592,2026-03-22 00:51:00,8.100407,11.001027,19.8,3.83
T07,GL-4592,2026-03-22 00:52:00,8.100924,11.000895,53.1,4.13
T07,GL-4592,2026-03-22 00:53:00,8.101966,11.000695,34.7,3.25
T07,GL-4592,2026-03-22 00:54:00,8.102207,11.000568,48.2,5.02
T07,GL-4592,2026-03-22 00:55:00,8.102973,10.999912,15.7,3.74
T07,GL-4592,2026-03-22 00:56:00,8.103995,10.999516,40.8,4.44
T07,GL-4592,2026-03-22 00:57:00,8.104562,10.999488,32.6,3.93
T07,GL-4592,2026-03-22 00:58:00,8.105254,10.999336,21.7,4.5
T07,GL-4592,2026-03-22 00:59:00,8.105769,10.998787,15.5,4.61
T07,GL-4592,2026-03-22 01:00:00,8.106698,10.99838,17.6,3.9
T07,GL-4592,2026-03-22 01:01:00,8.107056,10.998297,57.7,4.15
T07,GL-4592,2026-03-22 01:02:00,8.107804,10.997847,28.8,3.0
T07,GL-4592,2026-03-22 01:03:00,8.107939,10.998166,46.5,3.29
T07,GL-4592,2026-03-22 01:04:00,8.109304,10.997572,42.6,4.39
T07,GL-4592,2026-03-22 01:05:00,8.109974,10.997299,53.3,3.56
T07,GL-4592,2026-03-22 01:06:00,8.110598,10.997119,38.1,5.22
T07,GL-4592,2026-03-22 01:07:00,8.111058,10.99669,48.5,3.97
T07,GL-4592,2026-03-22 01:08:00,8.112009,10.996238,17.0,4.77
T07,GL-4592,2026-03-22 01:09:00,8.112254,10.995964,39.5,4.18
T07,GL-4592,2026-03-22 01:10:00,8.113112,10.996066,28.7,3.3
T07,GL-4592,2026-03-22 01:11:00,8.113671,10.995514,20.2,4.29
T07,GL-4592,2026-03-22 01:12:00,8.114402,10.995003,16.8,4.51
T07,GL-4592,2026-03-22 01:13:00,8.115822,10.99493,21.4,3.32
T07,GL-4592,2026-03-22 01:14:00,8.115821,10.994393,27.7,5.48
T07,GL-4592,2026-03-22 01:15:00,8.11708,10.994522,31.4,4.63
T07,GL-4592,2026-03-22 01:16:00,8.117292,10.994201,56.4,3.91
T07,GL-4592,2026-03-22 01:17:00,8.11822,10.99416,14.7,4.74
T07,GL-4592,2026-03-22 01:18:00,8.118779,10.993169,,5.11
T07,GL-4592,2026-03-22 01:19:00,8.119145,10.993137,38.3,4.32
T07,GL-4592,2026-03-22 01:20:00,8.119961,10.992667,54.5,4.24
T07,GL-4592,2026-03-22 01:21:00,8.121151,10.99258,48.6,3.29
T07,GL-4592,2026-03-22 01:22:00,8.121396,10.992446,26.2,3.08
T07,GL-4592,2026-03-22 01:23:00,8.121761,10.992357,26.9,5.54
T07,GL-4592,2026-03-22 01:24:00,8.122776,10.991878,31.3,4.22
T07,GL-4592,2026-03-22 01:25:00,8.123425,10.991237,36.1,4.97
T07,GL-4592,2026-03-22 01:26:00,8.12434,10.991384,15.0,5.2
T07,GL-4592,2026-03-22 01:27:00,8.124761,10.990778,46.3,5.1
T07,GL-4592,2026-03-22 01:28:00,8.125622,10.99094,16.5,3.25
T07,GL-4592,2026-03-22 01:29:00,8.126095,10.990722,25.1,4.45
T07,GL-4592,2026-03-22 01:30:00,8.126863,10.990396,20.8,3.24
T07,GL-4592,2026-03-22 01:31:00,8.127542,10.989385,55.9,3.82
T07,GL-4592,2026-03-22 01:32:00,8.128073,10.989525,43.1,3.16
T07,GL-4592,2026-03-22 01:33:00,8.128786,10.989354,56.9,5.08
T07,GL-4592,2026-03-22 01:34:00,8.129107,10.988996,31.1,4.0
T07,GL-4592,2026-03-22 01:35:00,8.130031,10.988387,51.6,3.85
T07,GL-4592,2026-03-22 01:36:00,8.131267,10.988652,29.2,4.96
T07,GL-4592,2026-03-22 01:37:00,8.131448,10.988124,32.8,3.26
T07,GL-4592,2026-03-22 01:38:00,8.132109,10.988027,40.3,2.9
T07,GL-4592,2026-03-22 01:39:00,8.133094,10.987115,29.2,3.11
T07,GL-4592,2026-03-22 01:40:00,8.13368,10.987057,14.2,4.21
T07,GL-4592,2026-03-22 01:41:00,8.13455,10.986499,50.2,4.14
T07,GL-4592,2026-03-22 01:42:00,8.134798,10.986738,18.3,3.45
T07,GL-4592,2026-03-22 01:43:00,8.13548,10.986422,23.2,5.33
T07,GL-4592,2026-03-22 01:44:00,8.135895,10.985699,56.3,3.58
T07,GL-4592,2026-03-22 01:45:00,8.136358,10.98558,,5.0
T07,GL-4592,2026-03-22 01:46:00,8.137724,10.985249,,4.33
T07,GL-4592,2026-03-22 01:47:00,8.138248,10.985288,42.1,3.71
T07,GL-4592,2026-03-22 01:48:00,8.138997,10.984583,51.2,3.36
T07,GL-4592,2026-03-22 01:49:00,8.139578,10.984857,,5.23
T07,GL-4592,2026-03-22 01:50:00,8.139983,10.984085,26.2,3.04
T07,GL-4592,2026-03-22 01:51:00,8.141469,10.98442,40.5,3.61
T07,GL-4592,2026-03-22 01:52:00,8.141134,10.983742,25.8,3.33
T07,GL-4592,2026-03-22 01:53:00,8.142161,10.983613,42.8,3.15
T07,GL-4592,2026-03-22 01:54:00,8.143034,10.983473,37.4,3.14
T07,GL-4592,2026-03-22 01:55:00,7.988882,10.982959,39.2,380.8
T07,GL-4592,2026-03-22 01:56:00,8.144563,10.982666,45.5,4.94
T07,GL-4592,2026-03-22 01:57:00,8.145158,10.981919,47.9,3.35
T07,GL-4592,2026-03-22 01:58:00,8.145934,10.982132,24.2,5.42
T07,GL-4592,2026-03-22 01:59:00,8.146204,10.981857,16.4,3.4
T07,GL-4592,2026-03-22 02:00:00,8.147027,10.981568,48.7,4.5
T07,GL-4592,2026-03-22 02:01:00,8.147823,10.981263,36.4,4.91
T07,GL-4592,2026-03-22 02:02:00,8.148112,10.981053,31.8,3.59
T07,GL-4592,2026-03-22 02:03:00,8.149115,10.98063,39.5,4.63
T07,GL-4592,2026-03-22 02:04:00,8.14966,10.980626,52.9,5.57
T07,GL-4592,2026-03-22 02:05:00,8.150471,10.9797,26.9,4.89
T07,GL-4592,2026-03-22 02:06:00,8.150917,10.979822,53.2,5.48
T07,GL-4592,2026-03-22 02:07:00,8.151686,10.979295,56.9,4.62
T07,GL-4592,2026-03-22 02:08:00,8.152514,10.979234,38.3,4.62
T07,GL-4592,2026-03-22 02:09:00,8.152846,10.978856,54.4,3.51
T07,GL-4592,2026-03-22 02:10:00,8.154116,10.978721,28.9,5.52
T07,GL-4592,2026-03-22 02:11:00,8.154459,10.978405,55.4,3.27
T07,GL-4592,2026-03-22 02:12:00,8.155139,10.977974,32.0,4.32
T07,GL-4592,2026-03-22 02:13:00,8.155873,10.978228,38.3,4.56
T07,GL-4592,2026-03-22 02:14:00,8.156645,10.977922,39.4,3.96
T07,GL-4592,2026-03-22 02:15:00,8.1571,10.977324,53.7,3.47
T07,GL-4592,2026-03-22 02:16:00,8.15743,10.977208,20.7,3.11
T07,GL-4592,2026-03-22 02:17:00,8.158453,10.976585,44.5,3.12
T07,GL-4592,2026-03-22 02:18:00,8.158864,10.97582,37.4,4.49
T07,GL-4592,2026-03-22 02:19:00,8.159645,10.97581,53.7,5.15
T07,GL-4592,2026-03-22 02:20:00,8.160372,10.975627,19.9,5.26
T07,GL-4592,2026-03-22 02:21:00,8.161396,10.975817,53.7,3.59
T07,GL-4592,2026-03-22 02:22:00,8.162584,10.975424,46.9,3.78
T07,GL-4592,2026-03-22 02:23:00,8.162627,10.975052,51.2,3.96
T07,GL-4592,2026-03-22 02:24:00,8.162869,10.974984,45.2,4.64
T07,GL-4592,2026-03-22 02:25:00,8.163995,10.973835,37.9,3.91
T07,GL-4592,2026-03-22 02:26:00,8.16493,10.973886,47.0,3.54
T07,GL-4592,2026-03-22 02:27:00,8.165595,10.973538,48.2,4.23
T07,GL-4592,2026-03-22 02:28:00,8.16603,10.973709,38.6,2.98
T07,GL-4592,2026-03-22 02:29:00,8.167178,10.973111,47.0,3.72
T07,GL-4592,2026-03-22 02:30:00,8.167911,10.972815,54.8,3.74
T07,GL-4592,2026-03-22 02:31:00,8.168066,10.972522,49.7,2.81
T07,GL-4592,2026-03-22 02:32:00,8.168817,10.972447,47.9,4.34
T07,GL-4592,2026-03-22 02:33:00,8.169662,10.972291,37.5,4.44
T07,GL-4592,2026-03-22 02:34:00,8.170321,10.971806,47.8,3.81
T07,GL-4592,2026-03-22 02:35:00,8.17072,10.972062,40.2,5.09
T07,GL-4592,2026-03-22 02:36:00,8.171291,10.971313,39.1,3.89
T07,GL-4592,2026-03-22 02:37:00,8.171789,10.970706,25.0,4.03
T07,GL-4592,2026-03-22 02:38:00,8.172868,10.971089,20.4,4.5
T07,GL-4592,2026-03-22 02:39:00,8.173808,10.970629,46.9,4.28
T07,GL-4592,2026-03-22 02:40:00,8.174561,10.970382,17.8,4.7
T07,GL-4592,2026-03-22 02:41:00,8.17511,10.969624,38.5,5.2
T07,GL-4592,2026-03-22 02:42:00,8.175519,10.969363,15.6,2.81
T07,GL-4592,2026-03-22 02:43:00,8.176112,10.969141,22.4,4.07
T07,GL-4592,2026-03-22 02:44:00,8.177204,10.968851,18.8,2.97
T07,GL-4592,2026-03-22 02:45:00,8.177322,10.968393,52.7,4.89
T07,GL-4592,2026-03-22 02:46:00,8.178081,10.968446,16.6,4.16
T07,GL-4592,2026-03-22 02:47:00,8.17895,10.967886,41.3,5.06
T07,GL-4592,2026-03-22 02:48:00,8.179539,10.967712,54.8,3.63
T07,GL-4592,2026-03-22 02:49:00,8.180154,10.9674,52.3,4.65
T07,GL-4592,2026-03-22 02:50:00,8.180582,10.967108,19.1,5.06
T07,GL-4592,2026-03-22 02:51:00,8.181351,10.967211,56.2,3.12
T07,GL-4592,2026-03-22 02:52:00,8.182254,10.967131,22.0,5.2
T07,GL-4592,2026-03-22 02:53:00,8.182777,10.966134,55.9,3.57
T07,GL-4592,2026-03-22 02:54:00,8.183854,10.965942,43.2,3.2
T07,GL-4592,2026-03-22 02:55:00,8.184373,10.965838,44.2,2.99
T07,GL-4592,2026-03-22 02:56:00,8.184956,10.965259,57.3,4.9
T07,GL-4592,2026-03-22 02:57:00,8.186003,10.96507,55.9,3.84
T07,GL-4592,2026-03-22 02:58:00,8.186309,10.964749,19.7,4.89
T07,GL-4592,2026-03-22 02:59:00,8.187155,10.964692,37.6,4.43
T07,GL-4592,2026-03-22 03:00:00,8.187584,10.964392,45.1,3.31
T07,GL-4592,2026-03-22 03:01:00,8.188651,10.964359,21.0,4.93
T07,GL-4592,2026-03-22 03:02:00,8.189369,10.963725,14.8,5.07
T07,GL-4592,2026-03-22 03:03:00,8.189201,10.963348,52.4,3.0
T07,GL-4592,2026-03-22 03:04:00,8.190364,10.963104,20.4,4.72
T07,GL-4592,2026-03-22 03:05:00,8.191135,10.962993,37.6,3.13
T07,GL-4592,2026-03-22 03:06:00,8.191545,10.962599,,4.62
T07,GL-4592,2026-03-22 03:07:00,8.192567,10.962477,19.4,4.88
T07,GL-4592,2026-03-22 03:08:00,8.192971,10.962202,56.2,4.81
T07,GL-4592,2026-03-22 03:09:00,8.193807,10.961747,17.7,3.15
T07,GL-4592,2026-03-22 03:10:00,8.194192,10.961815,53.6,5.29
T07,GL-4592,2026-03-22 03:11:00,8.195213,10.96137,22.1,3.86
T07,GL-4592,2026-03-22 03:12:00,8.196194,10.960856,32.7,3.71
T07,GL-4592,2026-03-22 03:13:00,8.196249,10.960419,20.4,3.17
T07,GL-4592,2026-03-22 03:14:00,8.196775,10.960048,27.7,5.37
T07,GL-4592,2026-03-22 03:15:00,8.198394,10.960042,45.1,3.16
T07,GL-4592,2026-03-22 03:16:00,8.198944,10.959966,47.4,3.71
T07,GL-4592,2026-03-22 03:17:00,8.199401,10.959262,54.3,3.65
T07,GL-4592,2026-03-22 03:18:00,8.199615,10.95934,35.3,3.58
T07,GL-4592,2026-03-22 03:19:00,8.200789,10.95924,26.0,2.95
T07,GL-4592,2026-03-22 03:20:00,8.20081,10.95854,48.1,4.63
T07,GL-4592,2026-03-22 03:21:00,8.202005,10.958606,42.8,4.29
T07,GL-4592,2026-03-22 03:22:00,8.202392,10.958106,14.0,4.32
T07,GL-4592,2026-03-22 03:23:00,8.203353,10.95784,45.1,3.86
T07,GL-4592,2026-03-22 03:24:00,8.20409,10.958196,31.6,5.25
T07,GL-4592,2026-03-22 03:25:00,8.204312,10.957312,28.0,4.28
T07,GL-4592,2026-03-22 03:26:00,8.205084,10.957252,18.2,3.91
T07,GL-4592,2026-03-22 03:27:00,8.205788,10.956627,22.0,3.53
T07,GL-4592,2026-03-22 03:28:00,8.206527,10.956603,24.1,4.58
T07,GL-4592,2026-03-22 03:29:00,8.207236,10.956166,41.2,5.31
T07,GL-4592,2026-03-22 03:30:00,8.208019,10.955689,40.0,4.84
T07,GL-4592,2026-03-22 03:31:00,8.208937,10.955099,33.7,3.06
T07,GL-4592,2026-03-22 03:32:00,8.209683,10.955385,40.4,5.33
T07,GL-4592,2026-03-22 03:33:00,8.209917,10.955122,51.0,3.41
T07,GL-4592,2026-03-22 03:34:00,8.211129,10.954329,44.4,4.37
T07,GL-4592,2026-03-22 03:35:00,8.211244,10.954239,27.2,3.71
T07,GL-4592,2026-03-22 03:36:00,8.21191,10.954392,35.1,5.45
T07,GL-4592,2026-03-22 03:37:00,8.21277,10.953842,40.9,5.2
T07,GL-4592,2026-03-22 03:38:00,8.21353,10.953724,29.1,4.51
T07,GL-4592,2026-03-22 03:39:00,8.213945,10.953399,37.5,5.25
T07,GL-4592,2026-03-22 03:40:00,8.214584,10.953234,20.5,3.05
T07,GL-4592,2026-03-22 03:41:00,8.215243,10.952734,24.4,4.1
T07,GL-4592,2026-03-22 03:42:00,8.216169,10.952717,20.7,3.73
T07,GL-4592,2026-03-22 03:43:00,8.216698,10.9522,32.2,4.6
T07,GL-4592,2026-03-22 03:44:00,8.217643,10.952221,43.1,4.41
T07,GL-4592,2026-03-22 03:45:00,8.218254,10.951836,55.1,4.67
T07,GL-4592,2026-03-22 03:46:00,8.218755,10.951565,49.6,3.11
T07,GL-4592,2026-03-22 03:47:00,8.219491,10.950885,39.7,3.62
T07,GL-4592,2026-03-22 03:48:00,8.219871,10.951143,36.3,3.25
T07,GL-4592,2026-03-22 03:49:00,8.220858,10.950875,45.2,3.23
T07,GL-4592,2026-03-22 03:50:00,8.221269,10.950338,51.7,5.47
T07,GL-4592,2026-03-22 03:51:00,8.222455,10.949515,15.2,5.33
T07,GL-4592,2026-03-22 03:52:00,8.222649,10.949433,23.2,3.64
T07,GL-4592,2026-03-22 03:53:00,8.223521,10.949156,56.4,3.43
T07,GL-4592,2026-03-22 03:54:00,8.223815,10.949126,36.8,4.08
T07,GL-4592,2026-03-22 03:55:00,8.224929,10.948811,57.3,3.13
T07,GL-4592,2026-03-22 03:56:00,8.225545,10.948773,52.0,4.67
T07,GL-4592,2026-03-22 03:57:00,8.226279,10.948317,27.7,4.69
T07,GL-4592,2026-03-22 03:58:00,8.227017,10.947976,34.1,2.86
T07,GL-4592,2026-03-22 03:59:00,8.227486,10.947652,28.2,5.41
T07,GL-4592,2026-03-22 04:00:00,8.227972,10.947526,21.7,4.82
T07,GL-4592,2026-03-22 04:01:00,8.228804,10.946524,36.1,5.15
T07,GL-4592,2026-03-22 04:02:00,8.229572,10.946397,,4.29
T07,GL-4592,2026-03-22 04:03:00,8.230259,10.946982,37.1,5.3
T07,GL-4592,2026-03-22 04:04:00,8.230974,10.946389,17.1,3.98
T07,GL-4592,2026-03-22 04:05:00,8.231515,10.945696,49.4,4.8
T07,GL-4592,2026-03-22 04:06:00,8.232376,10.945617,53.8,4.63
T07,GL-4592,2026-03-22 04:07:00,8.232934,10.945302,54.8,4.76
T07,GL-4592,2026-03-22 04:08:00,8.233675,10.944945,20.0,5.5
T07,GL-4592,2026-03-22 04:09:00,8.23425,10.944788,22.6,5.24
T07,GL-4592,2026-03-22 04:10:00,8.234836,10.944512,51.5,4.61
T07,GL-4592,2026-03-22 04:11:00,8.235835,10.944243,54.8,5.08
T07,GL-4592,2026-03-22 04:12:00,8.236279,10.943749,55.4,3.43
T07,GL-4592,2026-03-22 04:13:00,8.237176,10.943861,53.6,4.9
T07,GL-4592,2026-03-22 04:14:00,8.237985,10.943029,22.0,3.09
T07,GL-4592,2026-03-22 04:15:00,8.238725,10.942933,55.9,5.46
T07,GL-4592,2026-03-22 04:16:00,8.239126,10.943,39.1,4.8
T07,GL-4592,2026-03-22 04:17:00,8.239877,10.942545,51.8,4.85
T07,GL-4592,2026-03-22 04:18:00,8.240735,10.941954,23.4,3.5
T07,GL-4592,2026-03-22 04:19:00,8.240672,10.942064,45.8,3.2
T07,GL-4592,2026-03-22 04:20:00,8.242045,10.941689,47.7,4.49
T07,GL-4592,2026-03-22 04:21:00,8.242096,10.941029,32.6,3.73
T07,GL-4592,2026-03-22 04:22:00,8.243009,10.94065,52.5,4.77
T07,GL-4592,2026-03-22 04:23:00,8.243438,10.940715,46.6,3.18
T07,GL-4592,2026-03-22 04:24:00,8.244923,10.940441,24.8,5.55
T07,GL-4592,2026-03-22 04:25:00,8.245248,10.940365,54.9,4.05
T07,GL-4592,2026-03-22 04:26:00,8.245138,10.939637,32.7,5.52
T07,GL-4592,2026-03-22 04:27:00,8.24638,10.939603,54.0,4.54
T07,GL-4592,2026-03-22 04:28:00,8.247319,10.939253,41.5,4.7
T07,GL-4592,2026-03-22 04:29:00,8.248186,10.939083,32.5,4.29
T07,GL-4592,2026-03-22 04:30:00,8.248342,10.938884,42.6,4.95
T07,GL-4592,2026-03-22 04:31:00,8.24937,10.938205,49.5,5.06
T07,GL-4592,2026-03-22 04:32:00,8.249755,10.937851,54.9,5.1
T07,GL-4592,2026-03-22 04:33:00,8.250738,10.938306,55.3,4.56
T07,GL-4592,2026-03-22 04:34:00,8.251039,10.937784,23.9,3.36
T07,GL-4592,2026-03-22 04:35:00,8.251812,10.937218,38.0,5.12
T07,GL-4592,2026-03-22 04:36:00,8.252884,10.936969,35.7,4.09
T07,GL-4592,2026-03-22 04:37:00,8.253372,10.936954,49.3,4.84
T07,GL-4592,2026-03-22 04:38:00,8.253628,10.936456,27.3,3.68
T07,GL-4592,2026-03-22 04:39:00,8.254551,10.936182,55.3,4.28
T07,GL-4592,2026-03-22 04:40:00,8.255651,10.935332,33.4,5.19
T07,GL-4592,2026-03-22 04:41:00,8.255614,10.935362,49.0,3.48
T07,GL-4592,2026-03-22 04:42:00,8.256837,10.935406,29.7,3.56
T07,GL-4592,2026-03-22 04:43:00,8.257162,10.935051,32.3,2.99
T07,GL-4592,2026-03-22 04:44:00,8.257988,10.934201,40.3,5.21
T07,GL-4592,2026-03-22 04:45:00,8.258807,10.93475,38.4,5.09
T07,GL-4592,2026-03-22 04:46:00,8.259696,10.934355,23.1,5.43
T07,GL-4592,2026-03-22 04:47:00,8.259999,10.934007,18.1,3.5
T07,GL-4592,2026-03-22 04:48:00,8.260579,10.933584,43.0,4.28
T07,GL-4592,2026-03-22 04:49:00,8.261621,10.933307,38.9,4.27
T07,GL-4592,2026-03-22 04:50:00,8.262283,10.933382,41.2,4.23
T07,GL-4592,2026-03-22 04:51:00,8.263295,10.932684,25.9,4.79
T07,GL-4592,2026-03-22 04:52:00,8.263267,10.932688,32.8,3.97
T07,GL-4592,2026-03-22 04:53:00,8.263995,10.932146,17.5,3.95
T07,GL-4592,2026-03-22 04:54:00,8.264547,10.931844,26.2,3.84
T07,GL-4592,2026-03-22 04:55:00,8.265403,10.93161,36.5,3.64
T07,GL-4592,2026-03-22 04:56:00,8.266257,10.931128,49.9,4.06
T07,GL-4592,2026-03-22 04:57:00,8.26714,10.930799,28.6,5.3
T07,GL-4592,2026-03-22 04:58:00,8.267616,10.931189,53.9,3.23
T07,GL-4592,2026-03-22 04:59:00,8.267836,10.930381,18.0,3.11
T07,GL-4592,2026-03-22 05:00:00,8.268499,10.930326,51.7,5.6
T07,GL-4592,2026-03-22 05:01:00,8.269706,10.929982,57.7,3.98
T07,GL-4592,2026-03-22 05:02:00,8.270041,10.929779,30.0,5.47
T07,GL-4592,2026-03-22 05:03:00,8.270991,10.929611,43.6,3.56
T07,GL-4592,2026-03-22 05:04:00,8.271407,10.92906,55.1,4.72
T07,GL-4592,2026-03-22 05:05:00,8.272298,10.928734,45.6,5.01
T07,GL-4592,2026-03-22 05:06:00,8.273089,10.928645,26.6,3.86
T07,GL-4592,2026-03-22 05:07:00,8.273386,10.928321,22.1,4.96
T07,GL-4592,2026-03-22 05:08:00,8.274637,10.927719,49.5,4.17
T07,GL-4592,2026-03-22 05:09:00,8.275029,10.9274,18.9,4.91
T07,GL-4592,2026-03-22 05:10:00,8.275567,10.927379,37.5,3.86
T07,GL-4592,2026-03-22 05:11:00,8.277149,10.927088,15.7,3.5
T07,GL-4592,2026-03-22 05:12:00,8.277071,10.926866,27.1,4.84
T07,GL-4592,2026-03-22 05:13:00,8.277593,10.926291,51.6,4.5
T07,GL-4592,2026-03-22 05:14:00,8.278266,10.925986,25.1,4.23
T07,GL-4592,2026-03-22 05:15:00,8.278684,10.925963,57.6,3.14
T07,GL-4592,2026-03-22 05:16:00,8.279512,10.925876,57.1,3.81
T07,GL-4592,2026-03-22 05:17:00,8.280084,10.925525,,4.89
T07,GL-4592,2026-03-22 05:18:00,8.281268,10.925256,30.0,3.02
T07,GL-4592,2026-03-22 05:19:00,8.281853,10.925052,34.6,5.43
T07,GL-4592,2026-03-22 05:20:00,8.282198,10.924771,,4.26
T07,GL-4592,2026-03-22 05:21:00,8.283137,10.924175,55.5,4.64
T07,GL-4592,2026-03-22 05:22:00,8.283538,10.923925,42.7,4.26
T07,GL-4592,2026-03-22 05:23:00,8.284226,10.923344,54.0,5.43
T07,GL-4592,2026-03-22 05:24:00,8.285064,10.923326,32.5,4.52
T07,GL-4592,2026-03-22 05:25:00,8.285663,10.92268,53.2,4.74
T07,GL-4592,2026-03-22 05:26:00,8.286213,10.922567,42.1,3.11
T07,GL-4592,2026-03-22 05:27:00,8.287478,10.922494,29.6,4.67
T07,GL-4592,2026-03-22 05:28:00,8.287729,10.922599,46.0,4.53
T07,GL-4592,2026-03-22 05:29:00,8.287936,10.921881,43.9,4.0
T07,GL-4592,2026-03-22 05:30:00,8.288853,10.922031,44.5,4.0
T07,GL-4592,2026-03-22 05:31:00,8.289742,10.92107,49.5,3.32
T07,GL-4592,2026-03-22 05:32:00,8.290401,10.921097,34.5,4.41
T07,GL-4592,2026-03-22 05:33:00,8.290999,10.920852,48.7,5.06
T07,GL-4592,2026-03-22 05:34:00,8.291442,10.920789,26.1,5.21
T07,GL-4592,2026-03-22 05:35:00,8.292826,10.920534,16.9,5.2
T07,GL-4592,2026-03-22 05:36:00,8.293733,10.92009,35.0,4.99
T07,GL-4592,2026-03-22 05:37:00,8.294096,10.919813,39.4,3.37
T07,GL-4592,2026-03-22 05:38:00,8.294669,10.919405,57.5,4.63
T07,GL-4592,2026-03-22 05:39:00,8.295158,10.919292,47.3,3.34
T07,GL-4592,2026-03-22 05:40:00,8.295703,10.91882,50.0,3.62
T07,GL-4592,2026-03-22 05:41:00,8.296822,10.918601,25.1,2.95
T07,GL-4592,2026-03-22 05:42:00,8.29755,10.918205,48.1,4.0
T07,GL-4592,2026-03-22 05:43:00,8.29828,10.91781,23.0,2.96
T07,GL-4592,2026-03-22 05:44:00,8.298563,10.918083,39.3,5.46
T07,GL-4592,2026-03-22 05:45:00,8.299343,10.917179,25.5,4.52
T07,GL-4592,2026-03-22 05:46:00,8.299873,10.917298,25.8,4.28
T07,GL-4592,2026-03-22 05:47:00,8.300935,10.917157,43.2,4.12
T07,GL-4592,2026-03-22 05:48:00,8.301584,10.916586,57.9,3.02
T07,GL-4592,2026-03-22 05:49:00,8.302188,10.916202,29.7,4.49
T07,GL-4592,2026-03-22 05:50:00,8.302763,10.916273,35.6,4.18
T07,GL-4592,2026-03-22 05:51:00,8.303524,10.915854,41.7,3.92
T07,GL-4592,2026-03-22 05:52:00,8.304195,10.915159,28.9,4.95
T07,GL-4592,2026-03-22 05:53:00,8.304991,10.91504,23.5,4.21
T07,GL-4592,2026-03-22 05:54:00,8.305448,10.914609,45.4,3.91
T07,GL-4592,2026-03-22 05:55:00,8.306139,10.914797,45.7,4.11
T07,GL-4592,2026-03-22 05:56:00,8.306777,10.914202,18.2,3.23
T07,GL-4592,2026-03-22 05:57:00,8.307502,10.913974,39.4,3.82
T07,GL-4592,2026-03-22 05:58:00,8.308018,10.913767,29.6,3.53
T07,GL-4592,2026-03-22 05:59:00,8.308768,10.913467,22.2,4.36
T07,GL-4592,2026-03-22 06:00:00,8.309335,10.913056,40.5,4.19
T07,GL-4592,2026-03-22 06:01:00,8.309899,10.912802,35.0,4.54
T07,GL-4592,2026-03-22 06:02:00,8.310592,10.912604,42.5,3.92
T07,GL-4592,2026-03-22 06:03:00,8.311535,10.912417,52.0,3.2
T07,GL-4592,2026-03-22 06:04:00,8.312314,10.911772,26.6,4.42
T07,GL-4592,2026-03-22 06:05:00,8.312951,10.911085,37.4,4.06
T07,GL-4592,2026-03-22 06:06:00,8.313343,10.911222,37.6,4.59
T07,GL-4592,2026-03-22 06:07:00,8.314293,10.910646,37.4,4.26
T07,GL-4592,2026-03-22 06:08:00,8.314589,10.910528,26.3,4.79
T07,GL-4592,2026-03-22 06:09:00,8.314066,10.910948,44.1,0.03
T07,GL-4592,2026-03-22 06:10:00,8.314781,10.910795,51.1,0.05
T07,GL-4592,2026-03-22 06:11:00,8.314994,10.910962,51.7,0.01
T07,GL-4592,2026-03-22 06:12:00,8.315122,10.910771,18.6,0.8
T07,GL-4592,2026-03-22 06:13:00,8.31524,10.910982,28.7,0.41
T07,GL-4592,2026-03-22 06:14:00,8.314842,10.91111,39.4,0.54
T07,GL-4592,2026-03-22 06:15:00,8.3147,10.91119,46.2,0.34
T07,GL-4592,2026-03-22 06:16:00,8.315021,10.911064,49.5,0.71
T07,GL-4592,2026-03-22 06:17:00,8.314756,10.910961,14.9,0.53
T07,GL-4592,2026-03-22 06:18:00,8.314649,10.911428,46.1,0.14
T07,GL-4592,2026-03-22 06:19:00,8.314978,10.910586,26.4,0.55
T07,GL-4592,2026-03-22 06:20:00,8.315131,10.910785,45.8,0.12
T07,GL-4592,2026-03-22 06:21:00,8.315087,10.910678,33.5,0.5
T07,GL-4592,2026-03-22 06:22:00,8.31483,10.910671,49.9,0.09
T07,GL-4592,2026-03-22 06:23:00,8.315141,10.910205,29.2,0.11
T07,GL-4592,2026-03-22 06:24:00,8.31523,10.911317,56.8,0.75
T07,GL-4592,2026-03-22 06:25:00,8.314712,10.911086,37.4,0.2
T07,GL-4592,2026-03-22 06:26:00,8.314295,10.910958,51.6,0.11
T07,GL-4592,2026-03-22 06:27:00,8.315012,10.911067,53.8,0.87
T07,GL-4592,2026-03-22 06:28:00,8.314693,10.910964,53.9,2.92
T07,GL-4592,2026-03-22 06:29:00,8.31334,10.910664,29.7,4.49
T07,GL-4592,2026-03-22 06:30:00,8.312951,10.910517,54.3,4.65
T07,GL-4592,2026-03-22 06:31:00,8.31239,10.910936,48.7,4.15
T07,GL-4592,2026-03-22 06:32:00,8.311944,10.91061,34.8,3.12
T07,GL-4592,2026-03-22 06:33:00,8.310839,10.910704,27.2,5.53
T07,GL-4592,2026-03-22 06:34:00,8.31035,10.910199,20.9,3.94
T07,GL-4592,2026-03-22 06:35:00,8.309882,10.910831,55.8,3.93
T07,GL-4592,2026-03-22 06:36:00,8.309126,10.910291,52.4,4.14
T07,GL-4592,2026-03-22 06:37:00,8.308414,10.910312,35.6,5.41
T07,GL-4592,2026-03-22 06:38:00,8.307614,10.910093,37.5,4.08
T07,GL-4592,2026-03-22 06:39:00,8.306882,10.910422,46.6,3.1
T07,GL-4592,2026-03-22 06:40:00,8.306874,10.909961,57.2,5.5
T07,GL-4592,2026-03-22 06:41:00,8.30598,10.910132,28.9,4.12
T07,GL-4592,2026-03-22 06:42:00,8.304723,10.910641,53.6,4.75
T07,GL-4592,2026-03-22 06:43:00,8.304703,10.910367,36.2,3.42
T07,GL-4592,2026-03-22 06:44:00,8.303846,10.910462,48.2,2.82
T07,GL-4592,2026-03-22 06:45:00,8.303376,10.910345,27.1,4.09
T07,GL-4592,2026-03-22 06:46:00,8.302786,10.909899,53.5,3.15
T07,GL-4592,2026-03-22 06:47:00,8.301944,10.909839,57.2,3.25
T07,GL-4592,2026-03-22 06:48:00,8.301343,10.910278,36.1,3.26
T07,GL-4592,2026-03-22 06:49:00,8.300546,10.910004,19.2,3.44
T07,GL-4592,2026-03-22 06:50:00,8.299889,10.909765,41.6,3.01
T07,GL-4592,2026-03-22 06:51:00,8.299425,10.909961,54.5,4.21
T07,GL-4592,2026-03-22 06:52:00,8.298634,10.909564,40.5,4.52
T07,GL-4592,2026-03-22 06:53:00,8.297834,10.90957,43.8,3.02
T07,GL-4592,2026-03-22 06:54:00,8.297689,10.909686,49.1,4.15
T07,GL-4592,2026-03-22 06:55:00,8.296726,10.910112,26.0,4.21
T07,GL-4592,2026-03-22 06:56:00,8.296202,10.909864,53.4,5.07
T07,GL-4592,2026-03-22 06:57:00,8.295822,10.909472,32.7,4.32
T07,GL-4592,2026-03-22 06:58:00,8.295058,10.909275,16.9,3.93
T07,GL-4592,2026-03-22 06:59:00,8.294636,10.909542,33.9,2.83
T07,GL-4592,2026-03-22 07:00:00,8.293535,10.909459,24.8,3.31
T07,GL-4592,2026-03-22 07:01:00,8.293255,10.909395,35.5,3.92
T07,GL-4592,2026-03-22 07:02:00,8.292423,10.909421,21.4,5.38
T07,GL-4592,2026-03-22 07:03:00,8.292238,10.909585,34.8,5.19
T07,GL-4592,2026-03-22 07:04:00,8.290852,10.909341,34.6,4.96
T07,GL-4592,2026-03-22 07:05:00,8.290215,10.909077,29.1,3.09
T07,GL-4592,2026-03-22 07:06:00,8.289454,10.90929,20.6,4.42
T07,GL-4592,2026-03-22 07:07:00,8.289212,10.909044,34.1,4.42
T07,GL-4592,2026-03-22 07:08:00,8.288525,10.909878,25.6,4.91
T07,GL-4592,2026-03-22 07:09:00,8.288003,10.90903,38.8,3.17
T07,GL-4592,2026-03-22 07:10:00,8.287496,10.909125,49.6,4.56
T07,GL-4592,2026-03-22 07:11:00,8.28684,10.90916,52.9,3.56
T07,GL-4592,2026-03-22 07:12:00,8.286066,10.908344,45.4,5.15
T07,GL-4592,2026-03-22 07:13:00,8.285495,10.909153,29.7,3.41
T07,GL-4592,2026-03-22 07:14:00,8.284464,10.909127,17.5,4.12
T07,GL-4592,2026-03-22 07:15:00,8.284018,10.908924,31.5,5.21
T07,GL-4592,2026-03-22 07:16:00,8.28334,10.908531,25.6,3.99
T07,GL-4592,2026-03-22 07:17:00,8.282727,10.908811,47.3,3.71
T07,GL-4592,2026-03-22 07:18:00,8.281864,10.908481,31.6,5.34
T07,GL-4592,2026-03-22 07:19:00,8.281339,10.908327,46.5,4.82
T07,GL-4592,2026-03-22 07:20:00,8.28053,10.908443,18.8,3.75
T07,GL-4592,2026-03-22 07:21:00,8.280153,10.90867,18.5,4.19
T07,GL-4592,2026-03-22 07:22:00,8.27936,10.90844,43.1,4.61
T07,GL-4592,2026-03-22 07:23:00,8.278714,10.908427,52.1,4.45
T07,GL-4592,2026-03-22 07:24:00,8.278321,10.908347,,4.96
T07,GL-4592,2026-03-22 07:25:00,8.277466,10.908024,50.1,5.51
T07,GL-4592,2026-03-22 07:26:00,8.276971,10.908357,20.4,2.95
T07,GL-4592,2026-03-22 07:27:00,8.276464,10.908451,31.4,3.36
T07,GL-4592,2026-03-22 07:28:00,8.275626,10.908675,21.9,5.39
T07,GL-4592,2026-03-22 07:29:00,8.275255,10.907658,41.1,3.33
T07,GL-4592,2026-03-22 07:30:00,8.274348,10.908592,15.0,3.62
T07,GL-4592,2026-03-22 07:31:00,8.273604,10.908326,31.8,5.41
T07,GL-4592,2026-03-22 07:32:00,8.273155,10.908114,23.2,5.59
T07,GL-4592,2026-03-22 07:33:00,8.272601,10.90793,31.4,4.06
T07,GL-4592,2026-03-22 07:34:00,8.27137,10.90783,52.1,5.4
T07,GL-4592,2026-03-22 07:35:00,8.271204,10.90814,33.6,3.18
T07,GL-4592,2026-03-22 07:36:00,8.270234,10.908155,27.2,4.42
T07,GL-4592,2026-03-22 07:37:00,8.269921,10.907634,37.9,2.82
T07,GL-4592,2026-03-22 07:38:00,8.268984,10.907744,37.8,3.32
T07,GL-4592,2026-03-22 07:39:00,8.268965,10.90761,57.5,3.19
T07,GL-4592,2026-03-22 07:40:00,8.267746,10.907796,28.5,5.19
T07,GL-4592,2026-03-22 07:41:00,8.267471,10.907412,36.4,3.8
T07,GL-4592,2026-03-22 07:42:00,8.26659,10.907536,56.3,4.23
T07,GL-4592,2026-03-22 07:43:00,8.26604,10.907794,25.7,5.49
T07,GL-4592,2026-03-22 07:44:00,8.265064,10.907304,55.7,4.82
T07,GL-4592,2026-03-22 07:45:00,8.264451,10.90754,22.7,3.23
T07,GL-4592,2026-03-22 07:46:00,8.263867,10.907447,32.1,3.71
T07,GL-4592,2026-03-22 07:47:00,8.263479,10.907406,18.1,4.88
T07,GL-4592,2026-03-22 07:48:00,8.262426,10.907389,43.2,3.14
T07,GL-4592,2026-03-22 07:49:00,8.2624,10.907103,45.5,5.11
T07,GL-4592,2026-03-22 07:50:00,8.261577,10.907345,27.6,2.9
T07,GL-4592,2026-03-22 07:51:00,8.260934,10.907257,50.1,3.96
T07,GL-4592,2026-03-22 07:52:00,8.260074,10.907366,57.4,3.28
T07,GL-4592,2026-03-22 07:53:00,8.259401,10.907075,52.6,3.84
T07,GL-4592,2026-03-22 07:54:00,8.258964,10.907096,15.9,5.43
T07,GL-4592,2026-03-22 07:55:00,8.258422,10.907425,52.0,3.91
T07,GL-4592,2026-03-22 07:56:00,8.257958,10.907166,32.7,3.33
T07,GL-4592,2026-03-22 07:57:00,8.256837,10.906795,18.6,5.46
T07,GL-4592,2026-03-22 07:58:00,8.256763,10.907086,16.6,3.04
T07,GL-4592,2026-03-22 07:59:00,8.25585,10.907249,23.6,4.3
T07,GL-4592,2026-03-22 08:00:00,8.255233,10.906653,23.5,5.0
T07,GL-4592,2026-03-22 08:01:00,7.965587,10.906428,24.7,274.32
T07,GL-4592,2026-03-22 08:02:00,8.253845,10.906162,32.4,3.86
T07,GL-4592,2026-03-22 08:03:00,8.253528,10.906642,26.4,4.85
T07,GL-4592,2026-03-22 08:04:00,8.252445,10.906203,53.7,3.81
T07,GL-4592,2026-03-22 08:05:00,8.251718,10.906448,54.1,5.31
T07,GL-4592,2026-03-22 08:06:00,8.251384,10.906318,33.9,5.05
T07,GL-4592,2026-03-22 08:07:00,8.250534,10.906603,44.1,4.51
T07,GL-4592,2026-03-22 08:08:00,8.24992,10.906379,32.9,4.86
T07,GL-4592,2026-03-22 08:09:00,8.249238,10.906783,30.1,5.15
T07,GL-4592,2026-03-22 08:10:00,8.248974,10.906405,21.2,2.87
T07,GL-4592,2026-03-22 08:11:00,8.247988,10.906064,17.6,4.33
T07,GL-4592,2026-03-22 08:12:00,8.24754,10.906253,29.5,3.34
T07,GL-4592,2026-03-22 08:13:00,8.246675,10.906474,36.7,4.91
T07,GL-4592,2026-03-22 08:14:00,8.246167,10.906054,53.3,3.05
T07,GL-4592,2026-03-22 08:15:00,8.245722,10.906225,51.2,4.87
T07,GL-4592,2026-03-22 08:16:00,8.244861,10.905923,55.3,4.63
T07,GL-4592,2026-03-22 08:17:00,8.244423,10.906287,39.4,3.13
T07,GL-4592,2026-03-22 08:18:00,8.243704,10.906249,24.5,4.51
T07,GL-4592,2026-03-22 08:19:00,8.242694,10.905986,52.8,3.64
T07,GL-4592,2026-03-22 08:20:00,8.241923,10.905593,15.6,4.91
T07,GL-4592,2026-03-22 08:21:00,8.241988,10.905778,48.0,5.47
T07,GL-4592,2026-03-22 08:22:00,8.241141,10.906168,54.1,4.9
T07,GL-4592,2026-03-22 08:23:00,8.240705,10.905935,48.4,3.68
T07,GL-4592,2026-03-22 08:24:00,8.239472,10.905853,22.8,3.88
T07,GL-4592,2026-03-22 08:25:00,8.238757,10.905994,48.4,4.14
T07,GL-4592,2026-03-22 08:26:00,8.2387,10.905464,45.3,3.53
T07,GL-4592,2026-03-22 08:27:00,8.237744,10.906008,48.7,4.25
T07,GL-4592,2026-03-22 08:28:00,8.237412,10.905809,50.9,3.45
T07,GL-4592,2026-03-22 08:29:00,8.235861,10.905477,55.5,4.04
T07,GL-4592,2026-03-22 08:30:00,8.235521,10.905646,40.7,4.04
T07,GL-4592,2026-03-22 08:31:00,8.235247,10.905782,20.0,4.15
T07,GL-4592,2026-03-22 08:32:00,8.234444,10.905298,27.5,3.24
T07,GL-4592,2026-03-22 08:33:00,8.234018,10.905543,53.4,5.56
T07,GL-4592,2026-03-22 08:34:00,8.233011,10.905262,,3.83
T07,GL-4592,2026-03-22 08:35:00,8.232611,10.905174,18.9,3.51
T07,GL-4592,2026-03-22 08:36:00,8.231815,10.905369,18.7,3.17
T07,GL-4592,2026-03-22 08:37:00,8.231237,10.904865,30.1,5.45
T07,GL-4592,2026-03-22 08:38:00,8.231015,10.90488,15.7,3.36
T07,GL-4592,2026-03-22 08:39:00,8.229938,10.905505,42.6,5.06
T07,GL-4592,2026-03-22 08:40:00,8.229712,10.905132,41.5,4.35
T07,GL-4592,2026-03-22 08:41:00,8.228497,10.904968,14.9,4.29
T07,GL-4592,2026-03-22 08:42:00,8.227629,10.905203,15.3,5.0
T07,GL-4592,2026-03-22 08:43:00,8.226925,10.905126,39.7,4.33
T07,GL-4592,2026-03-22 08:44:00,8.226687,10.905071,49.9,3.39
T07,GL-4592,2026-03-22 08:45:00,8.226129,10.904861,27.3,2.91
T07,GL-4592,2026-03-22 08:46:00,8.22553,10.905017,36.9,5.44
T07,GL-4592,2026-03-22 08:47:00,8.224854,10.905231,39.2,4.31
T07,GL-4592,2026-03-22 08:48:00,8.224293,10.904653,27.1,3.53
T07,GL-4592,2026-03-22 08:49:00,8.223663,10.90483,18.2,3.99
T07,GL-4592,2026-03-22 08:50:00,8.222916,10.905349,16.0,5.16
T07,GL-4592,2026-03-22 08:51:00,8.222738,10.904807,14.4,0.61
T07,GL-4592,2026-03-22 08:52:00,8.223274,10.90508,31.4,0.3
T07,GL-4592,2026-03-22 08:53:00,8.223041,10.90472,21.0,0.64
T07,GL-4592,2026-03-22 08:54:00,8.223199,10.90514,33.6,0.71
T07,GL-4592,2026-03-22 08:55:00,8.223057,10.904209,21.5,0.88
T07,GL-4592,2026-03-22 08:56:00,8.222834,10.904737,20.0,0.46
T07,GL-4592,2026-03-22 08:57:00,8.223169,10.904165,45.2,0.88
T07,GL-4592,2026-03-22 08:58:00,8.222914,10.904803,17.5,0.67
T07,GL-4592,2026-03-22 08:59:00,8.222508,10.904624,34.4,0.78
T07,GL-4592,2026-03-22 09:00:00,8.222813,10.903903,42.3,0.48
T07,GL-4592,2026-03-22 09:01:00,8.22258,10.905137,19.0,0.03
T07,GL-4592,2026-03-22 09:02:00,8.223312,10.904183,42.0,0.39
T07,GL-4592,2026-03-22 09:03:00,8.222993,10.90474,48.1,0.74
T07,GL-4592,2026-03-22 09:04:00,8.223622,10.90505,49.8,0.27
T07,GL-4592,2026-03-22 09:05:00,8.22362,10.905245,21.2,0.45
T07,GL-4592,2026-03-22 09:06:00,8.223657,10.904627,51.7,4.78
T07,GL-4592,2026-03-22 09:07:00,8.223981,10.904832,22.8,5.32
T07,GL-4592,2026-03-22 09:08:00,8.22459,10.904534,57.3,3.2
T07,GL-4592,2026-03-22 09:09:00,8.225176,10.904666,16.9,4.49
T07,GL-4592,2026-03-22 09:10:00,8.226279,10.905261,19.9,4.94
T07,GL-4592,2026-03-22 09:11:00,8.092039,10.904825,45.6,366.36
T07,GL-4592,2026-03-22 09:12:00,8.226924,10.904887,24.9,3.65
T07,GL-4592,2026-03-22 09:13:00,8.227502,10.905049,,4.72
T07,GL-4592,2026-03-22 09:14:00,8.227962,10.905195,32.9,3.68
T07,GL-4592,2026-03-22 09:15:00,8.228696,10.90465,54.9,5.21
T07,GL-4592,2026-03-22 09:16:00,8.229191,10.904861,49.5,3.88
T07,GL-4592,2026-03-22 09:17:00,8.229535,10.905021,40.6,4.6
T07,GL-4592,2026-03-22 09:18:00,8.230486,10.904805,38.9,5.55
T07,GL-4592,2026-03-22 09:19:00,8.230328,10.904937,26.4,5.33
T07,GL-4592,2026-03-22 09:20:00,8.230955,10.904533,57.3,5.34
T07,GL-4592,2026-03-22 09:21:00,8.23149,10.904986,42.6,3.63
T07,GL-4592,2026-03-22 09:22:00,8.232227,10.905038,41.2,4.0
T07,GL-4592,2026-03-22 09:23:00,8.232705,10.905138,57.4,3.93
T07,GL-4592,2026-03-22 09:24:00,8.233335,10.905073,16.6,3.59
T07,GL-4592,2026-03-22 09:25:00,8.233924,10.905143,39.2,4.4
T07,GL-4592,2026-03-22 09:26:00,8.234407,10.905097,31.7,4.28
T07,GL-4592,2026-03-22 09:27:00,8.235087,10.905197,55.9,4.83
T07,GL-4592,2026-03-22 09:28:00,8.235097,10.905131,15.3,5.14
T07,GL-4592,2026-03-22 09:29:00,8.236301,10.905079,34.7,3.94
T07,GL-4592,2026-03-22 09:30:00,8.236214,10.904583,19.3,5.25
T07,GL-4592,2026-03-22 09:31:00,8.237212,10.905012,23.0,5.05
T07,GL-4592,2026-03-22 09:32:00,8.162981,10.904979,26.3,159.2
T07,GL-4592,2026-03-22 09:33:00,8.238455,10.905269,42.5,3.5
T07,GL-4592,2026-03-22 09:34:00,8.23891,10.905302,29.0,3.38
T07,GL-4592,2026-03-22 09:35:00,8.239328,10.90497,40.2,4.87
T07,GL-4592,2026-03-22 09:36:00,8.2396,10.905249,21.6,4.61
T07,GL-4592,2026-03-22 09:37:00,8.240233,10.904947,38.2,3.69
T07,GL-4592,2026-03-22 09:38:00,8.24127,10.905092,29.8,3.88
T07,GL-4592,2026-03-22 09:39:00,8.241322,10.905417,52.8,3.08
T07,GL-4592,2026-03-22 09:40:00,8.241865,10.905142,46.0,4.69
T07,GL-4592,2026-03-22 09:41:00,8.24239,10.904921,,4.66
T07,GL-4592,2026-03-22 09:42:00,8.243234,10.905276,22.0,3.19
T07,GL-4592,2026-03-22 09:43:00,8.243026,10.90525,56.9,4.95
T07,GL-4592,2026-03-22 09:44:00,8.244042,10.905245,39.3,4.89
T07,GL-4592,2026-03-22 09:45:00,8.244882,10.904828,52.2,4.92
T07,GL-4592,2026-03-22 09:46:00,8.245087,10.905153,49.1,3.23
T07,GL-4592,2026-03-22 09:47:00,8.24602,10.905612,41.9,3.65
T07,GL-4592,2026-03-22 09:48:00,8.246419,10.905033,37.8,5.21
T07,GL-4592,2026-03-22 09:49:00,8.247619,10.905403,52.4,4.47
T07,GL-4592,2026-03-22 09:50:00,8.247521,10.905628,,3.59
T07,GL-4592,2026-03-22 09:51:00,8.247996,10.90521,32.0,5.08
T07,GL-4592,2026-03-22 09:52:00,8.248285,10.905215,47.2,4.77
T07,GL-4592,2026-03-22 09:53:00,8.248905,10.905402,16.8,3.79
T07,GL-4592,2026-03-22 09:54:00,8.249668,10.905203,50.8,4.11
T07,GL-4592,2026-03-22 09:55:00,8.250301,10.905853,53.5,3.37
T07,GL-4592,2026-03-22 09:56:00,8.250473,10.905458,14.8,4.34
T07,GL-4592,2026-03-22 09:57:00,8.250906,10.90511,18.2,2.84
T07,GL-4592,2026-03-22 09:58:00,8.251801,10.905435,42.2,5.52
T07,GL-4592,2026-03-22 09:59:00,8.251751,10.905169,49.9,4.75
T07,GL-4592,2026-03-22 10:00:00,8.252718,10.905361,,4.55
T07,GL-4592,2026-03-22 10:01:00,8.253434,10.905663,54.7,3.48
T07,GL-4592,2026-03-22 10:02:00,8.253682,10.905229,15.8,4.08
T07,GL-4592,2026-03-22 10:03:00,8.25475,10.905553,36.3,5.41
T07,GL-4592,2026-03-22 10:04:00,8.255424,10.90588,35.8,3.87
T07,GL-4592,2026-03-22 10:05:00,8.255545,10.905419,55.4,4.58
T07,GL-4592,2026-03-22 10:06:00,8.256022,10.905381,43.4,5.31
T07,GL-4592,2026-03-22 10:07:00,8.256799,10.905377,42.6,4.93
T07,GL-4592,2026-03-22 10:08:00,8.257182,10.905442,33.7,4.58
T07,GL-4592,2026-03-22 10:09:00,8.257854,10.905776,55.9,5.52
T07,GL-4592,2026-03-22 10:10:00,8.258355,10.905192,24.8,4.61
T07,GL-4592,2026-03-22 10:11:00,8.258539,10.905547,48.6,3.48
T07,GL-4592,2026-03-22 10:12:00,8.259213,10.905922,43.3,5.42
T07,GL-4592,2026-03-22 10:13:00,8.259637,10.905885,27.3,5.47
T07,GL-4592,2026-03-22 10:14:00,8.26043,10.905925,22.4,3.34
T07,GL-4592,2026-03-22 10:15:00,8.261228,10.905932,,5.44
T07,GL-4592,2026-03-22 10:16:00,8.261309,10.90532,23.2,4.54
T07,GL-4592,2026-03-22 10:17:00,8.262028,10.905743,15.4,4.2
T07,GL-4592,2026-03-22 10:18:00,8.263108,10.905675,19.3,5.51
T07,GL-4592,2026-03-22 10:19:00,8.263334,10.905794,21.1,3.29
T07,GL-4592,2026-03-22 10:20:00,8.263569,10.90604,,3.68
T07,GL-4592,2026-03-22 10:21:00,8.264509,10.905557,38.8,3.03
T07,GL-4592,2026-03-22 10:22:00,8.264431,10.905671,25.5,5.26
T07,GL-4592,2026-03-22 10:23:00,8.265354,10.905797,50.1,4.49
T07,GL-4592,2026-03-22 10:24:00,8.266012,10.906103,53.2,3.01
T07,GL-4592,2026-03-22 10:25:00,8.266041,10.905942,50.4,3.73
T07,GL-4592,2026-03-22 10:26:00,8.266741,10.906227,29.1,4.26
T07,GL-4592,2026-03-22 10:27:00,8.267787,10.905721,26.6,4.0
T07,GL-4592,2026-03-22 10:28:00,8.267812,10.905798,43.4,2.86
T07,GL-4592,2026-03-22 10:29:00,8.268395,10.905625,24.7,4.02
T07,GL-4592,2026-03-22 10:30:00,8.269621,10.906044,23.1,3.85
T07,GL-4592,2026-03-22 10:31:00,8.26979,10.905874,38.6,4.42
T07,GL-4592,2026-03-22 10:32:00,8.270246,10.905421,23.8,5.56
T07,GL-4592,2026-03-22 10:33:00,8.270785,10.90577,57.8,3.31
T07,GL-4592,2026-03-22 10:34:00,8.270937,10.906118,51.3,3.56
T07,GL-4592,2026-03-22 10:35:00,8.271711,10.906314,14.1,3.25
T07,GL-4592,2026-03-22 10:36:00,8.272601,10.906208,27.3,4.95
T07,GL-4592,2026-03-22 10:37:00,8.273019,10.905957,46.9,5.04
T07,GL-4592,2026-03-22 10:38:00,8.273172,10.906232,14.5,4.27
T07,GL-4592,2026-03-22 10:39:00,8.274302,10.906208,28.4,3.41
T07,GL-4592,2026-03-22 10:40:00,8.274515,10.905876,43.5,3.05
T07,GL-4592,2026-03-22 10:41:00,8.274944,10.90633,31.4,3.45
T07,GL-4592,2026-03-22 10:42:00,8.275318,10.906082,14.9,4.64
T07,GL-4592,2026-03-22 10:43:00,8.275934,10.906287,45.8,3.43
T07,GL-4592,2026-03-22 10:44:00,8.276566,10.90615,39.2,3.43
T07,GL-4592,2026-03-22 10:45:00,8.277311,10.906171,26.8,3.58
T07,GL-4592,2026-03-22 10:46:00,8.278054,10.906161,27.3,4.67
T07,GL-4592,2026-03-22 10:47:00,8.278398,10.906086,,5.3
T07,GL-4592,2026-03-22 10:48:00,8.278947,10.906486,50.2,4.49
T07,GL-4592,2026-03-22 10:49:00,8.279477,10.906455,31.8,4.1
T07,GL-4592,2026-03-22 10:50:00,8.280028,10.90619,54.6,5.24
T07,GL-4592,2026-03-22 10:51:00,8.280523,10.905834,48.4,3.8
T07,GL-4592,2026-03-22 10:52:00,8.281266,10.90631,19.6,4.1
T07,GL-4592,2026-03-22 10:53:00,8.281407,10.906295,27.8,3.29
T07,GL-4592,2026-03-22 10:54:00,8.282172,10.906354,40.7,3.07
T07,GL-4592,2026-03-22 10:55:00,8.282422,10.906147,23.1,2.96
T07,GL-4592,2026-03-22 10:56:00,8.283311,10.906319,16.5,3.12
T07,GL-4592,2026-03-22 10:57:00,8.283626,10.906165,15.0,4.26
T07,GL-4592,2026-03-22 10:58:00,8.284638,10.906464,39.6,4.33
T07,GL-4592,2026-03-22 10:59:00,8.284944,10.905976,50.1,5.14
T07,GL-4592,2026-03-22 11:00:00,8.28549,10.906393,26.1,4.83
T07,GL-4592,2026-03-22 11:01:00,8.285988,10.906579,33.8,4.84
T07,GL-4592,2026-03-22 11:02:00,8.286968,10.906153,23.0,4.21
T07,GL-4592,2026-03-22 11:03:00,8.287108,10.906336,57.3,3.07
T07,GL-4592,2026-03-22 11:04:00,8.287287,10.906849,34.6,3.61
T07,GL-4592,2026-03-22 11:05:00,8.288127,10.906448,,4.32
T07,GL-4592,2026-03-22 11:06:00,8.288793,10.906565,34.9,3.48
T07,GL-4592,2026-03-22 11:07:00,8.289423,10.906526,21.4,3.85
T07,GL-4592,2026-03-22 11:08:00,8.289937,10.906571,38.7,3.09
T07,GL-4592,2026-03-22 11:09:00,8.290335,10.906422,47.1,4.28
T07,GL-4592,2026-03-22 11:10:00,8.291177,10.906461,33.4,4.5
T07,GL-4592,2026-03-22 11:11:00,8.291551,10.906735,55.3,2.85
T07,GL-4592,2026-03-22 11:12:00,8.292185,10.906398,57.2,3.5
T07,GL-4592,2026-03-22 11:13:00,8.292521,10.906378,50.3,3.01
T07,GL-4592,2026-03-22 11:14:00,8.292814,10.906681,37.1,3.03
T07,GL-4592,2026-03-22 11:15:00,8.293782,10.906303,33.2,5.21
T07,GL-4592,2026-03-22 11:16:00,8.293749,10.906666,17.6,3.26
T07,GL-4592,2026-03-22 11:17:00,8.294349,10.906277,56.0,5.31
T07,GL-4592,2026-03-22 11:18:00,8.295156,10.906351,34.4,3.17
T07,GL-4592,2026-03-22 11:19:00,8.295608,10.906622,19.6,5.58
T07,GL-4592,2026-03-22 11:20:00,8.296591,10.906819,48.1,5.08
T07,GL-4592,2026-03-22 11:21:00,8.296572,10.906549,35.3,4.3
T07,GL-4592,2026-03-22 11:22:00,8.297014,10.90648,16.9,5.29
T07,GL-4592,2026-03-22 11:23:00,8.297649,10.906767,42.9,4.38
T07,GL-4592,2026-03-22 11:24:00,8.29844,10.906267,50.5,3.86
T07,GL-4592,2026-03-22 11:25:00,8.299149,10.906857,23.9,3.29
T07,GL-4592,2026-03-22 11:26:00,8.29961,10.906638,37.4,3.87
T07,GL-4592,2026-03-22 11:27:00,8.299983,10.906417,28.1,2.97
T07,GL-4592,2026-03-22 11:28:00,8.300289,10.906727,14.9,2.86
T07,GL-4592,2026-03-22 11:29:00,8.301182,10.906537,54.1,4.57
T07,GL-4592,2026-03-22 11:30:00,8.301499,10.907014,15.9,4.19
T07,GL-4592,2026-03-22 11:31:00,8.30221,10.906856,51.6,4.15
T07,GL-4592,2026-03-22 11:32:00,8.302745,10.906804,48.5,4.53
T07,GL-4592,2026-03-22 11:33:00,8.302958,10.90652,30.8,5.07
T07,GL-4592,2026-03-22 11:34:00,8.303641,10.906887,42.7,3.74
T07,GL-4592,2026-03-22 11:35:00,8.304746,10.906898,33.3,2.93
T07,GL-4592,2026-03-22 11:36:00,8.305061,10.906876,36.5,5.32
T07,GL-4592,2026-03-22 11:37:00,8.305204,10.90677,43.5,4.6
T07,GL-4592,2026-03-22 11:38:00,8.305648,10.906662,45.2,5.1
T07,GL-4592,2026-03-22 11:39:00,8.306331,10.907099,19.2,4.54
T07,GL-4592,2026-03-22 11:40:00,8.307164,10.907276,44.8,4.85
T07,GL-4592,2026-03-22 11:41:00,8.307842,10.906933,31.5,4.05
T07,GL-4592,2026-03-22 11:42:00,8.307938,10.907253,36.6,4.28
T07,GL-4592,2026-03-22 11:43:00,8.308683,10.907147,57.3,4.35
T07,GL-4592,2026-03-22 11:44:00,8.308995,10.907005,34.8,5.17
T07,GL-4592,2026-03-22 11:45:00,8.309953,10.906969,27.7,3.41
T07,GL-4592,2026-03-22 11:46:00,8.31024,10.907099,25.9,4.98
T07,GL-4592,2026-03-22 11:47:00,8.310576,10.906786,31.4,4.07
T07,GL-4592,2026-03-22 11:48:00,8.311231,10.906834,31.1,4.86
T07,GL-4592,2026-03-22 11:49:00,8.312015,10.90676,37.6,4.11
T07,GL-4592,2026-03-22 11:50:00,8.312671,10.907065,40.8,5.08
T07,GL-4592,2026-03-22 11:51:00,8.312692,10.907381,25.9,5.07
T07,GL-4592,2026-03-22 11:52:00,8.313379,10.906725,31.3,2.93
T07,GL-4592,2026-03-22 11:53:00,8.314068,10.906939,28.7,5.39
T07,GL-4592,2026-03-22 11:54:00,8.314847,10.90715,53.6,4.61
T07,GL-4592,2026-03-22 11:55:00,8.3152,10.906682,35.5,5.01
T07,GL-4592,2026-03-22 11:56:00,8.315873,10.907258,56.7,3.05
T07,GL-4592,2026-03-22 11:57:00,8.31581,10.907049,40.2,5.4
T07,GL-4592,2026-03-22 11:58:00,8.31687,10.907234,53.9,2.88
T07,GL-4592,2026-03-22 11:59:00,8.317096,10.906735,44.1,4.11
T07,GL-4592,2026-03-22 12:00:00,8.317838,10.907164,33.9,4.87
T07,GL-4592,2026-03-22 12:01:00,8.31843,10.907017,44.4,4.76
T07,GL-4592,2026-03-22 12:02:00,8.319515,10.907005,24.4,4.25
T07,GL-4592,2026-03-22 12:03:00,8.319382,10.906992,21.7,5.4
T07,GL-4592,2026-03-22 12:04:00,8.320398,10.907036,54.6,3.98
T07,GL-4592,2026-03-22 12:05:00,8.320744,10.906887,33.3,5.32
T07,GL-4592,2026-03-22 12:06:00,8.32119,10.907414,42.2,3.31
T07,GL-4592,2026-03-22 12:07:00,8.321566,10.9073,48.6,5.33
T07,GL-4592,2026-03-22 12:08:00,8.321943,10.906767,31.1,5.24
T07,GL-4592,2026-03-22 12:09:00,8.323017,10.907363,55.4,4.24
T07,GL-4592,2026-03-22 12:10:00,8.323446,10.907354,24.7,4.64
T07,GL-4592,2026-03-22 12:11:00,8.32392,10.907261,,4.97
T07,GL-4592,2026-03-22 12:12:00,8.324551,10.906708,20.8,4.67
T07,GL-4592,2026-03-22 12:13:00,8.324663,10.90766,23.8,5.55
T07,GL-4592,2026-03-22 12:14:00,8.325572,10.907536,33.3,4.48
T07,GL-4592,2026-03-22 12:15:00,8.326095,10.907193,44.4,3.66
T07,GL-4592,2026-03-22 12:16:00,8.326692,10.907254,23.7,3.6
T07,GL-4592,2026-03-22 12:17:00,8.327125,10.907935,17.5,3.2
T07,GL-4592,2026-03-22 12:18:00,8.327507,10.907507,15.6,5.26
T07,GL-4592,2026-03-22 12:19:00,8.328199,10.907448,53.3,5.49
T07,GL-4592,2026-03-22 12:20:00,8.328273,10.907278,29.3,4.82
T07,GL-4592,2026-03-22 12:21:00,8.329038,10.907551,19.8,4.79
T07,GL-4592,2026-03-22 12:22:00,8.329359,10.907124,16.1,5.16
T07,GL-4592,2026-03-22 12:23:00,8.330351,10.907517,32.3,4.94
T07,GL-4592,2026-03-22 12:24:00,8.330924,10.907525,20.4,2.82
T07,GL-4592,2026-03-22 12:25:00,8.331534,10.90792,17.9,3.08
T07,GL-4592,2026-03-22 12:26:00,8.331394,10.906989,16.9,2.84
T07,GL-4592,2026-03-22 12:27:00,8.332243,10.90764,47.3,4.95
T07,GL-4592,2026-03-22 12:28:00,8.33303,10.907517,46.1,4.39
T07,GL-4592,2026-03-22 12:29:00,8.333617,10.907445,31.7,3.28
T07,GL-4592,2026-03-22 12:30:00,8.334322,10.907707,34.2,3.11
T07,GL-4592,2026-03-22 12:31:00,8.334807,10.907656,16.0,5.36
T07,GL-4592,2026-03-22 12:32:00,8.335059,10.907761,39.7,4.79
T07,GL-4592,2026-03-22 12:33:00,8.336026,10.907575,54.0,3.07
T07,GL-4592,2026-03-22 12:34:00,8.335953,10.907289,24.2,5.16
T07,GL-4592,2026-03-22 12:35:00,8.33674,10.907582,17.5,3.62
T07,GL-4592,2026-03-22 12:36:00,8.337514,10.907498,28.9,4.72
T07,GL-4592,2026-03-22 12:37:00,8.338058,10.907822,30.8,4.71
T07,GL-4592,2026-03-22 12:38:00,8.33872,10.907419,19.5,4.58
T07,GL-4592,2026-03-22 12:39:00,8.338867,10.908083,28.5,5.58
T07,GL-4592,2026-03-22 12:40:00,8.339442,10.907495,24.0,5.45
T07,GL-4592,2026-03-22 12:41:00,8.340338,10.907646,39.7,3.48
T07,GL-4592,2026-03-22 12:42:00,8.340854,10.907839,27.6,4.89
T07,GL-4592,2026-03-22 12:43:00,8.341407,10.907819,34.5,4.54
T07,GL-4592,2026-03-22 12:44:00,8.341789,10.907749,46.2,5.51
T07,GL-4592,2026-03-22 12:45:00,8.342368,10.907759,35.1,3.81
T07,GL-4592,2026-03-22 12:46:00,8.342936,10.907251,20.4,3.41
T07,GL-4592,2026-03-22 12:47:00,8.343567,10.907889,15.2,5.35
T07,GL-4592,2026-03-22 12:48:00,8.344279,10.907899,54.8,3.57
T07,GL-4592,2026-03-22 12:49:00,8.344368,10.907607,39.2,2.81
T07,GL-4592,2026-03-22 12:50:00,8.345378,10.907769,23.4,4.14
T07,GL-4592,2026-03-22 12:51:00,8.345751,10.908021,26.0,5.31
T07,GL-4592,2026-03-22 12:52:00,8.345326,10.908186,25.4,0.55
T07,GL-4592,2026-03-22 12:53:00,8.345552,10.907629,25.2,0.32
T07,GL-4592,2026-03-22 12:54:00,8.345351,10.907601,27.8,0.64
T07,GL-4592,2026-03-22 12:55:00,8.345424,10.907205,46.6,0.75
T07,GL-4592,2026-03-22 12:56:00,8.345659,10.908059,30.8,0.43
T07,GL-4592,2026-03-22 12:57:00,8.345743,10.907728,41.8,0.74
T07,GL-4592,2026-03-22 12:58:00,8.345159,10.907658,45.1,0.06
T07,GL-4592,2026-03-22 12:59:00,8.345496,10.907737,31.8,0.18
T07,GL-4592,2026-03-22 13:00:00,8.345659,10.908223,47.0,0.58
T07,GL-4592,2026-03-22 13:01:00,8.345868,10.907549,23.0,0.15
T07,GL-4592,2026-03-22 13:02:00,8.345467,10.907999,24.0,0.05
T07,GL-4592,2026-03-22 13:03:00,8.345708,10.907383,21.6,0.17
T07,GL-4592,2026-03-22 13:04:00,8.345474,10.907755,54.6,0.62
T07,GL-4592,2026-03-22 13:05:00,8.345581,10.907711,56.9,0.56
T07,GL-4592,2026-03-22 13:06:00,8.345633,10.907313,55.2,0.12
T07,GL-4592,2026-03-22 13:07:00,8.345559,10.907888,55.9,0.35
T07,GL-4592,2026-03-22 13:08:00,8.344862,10.907763,39.7,2.98
T07,GL-4592,2026-03-22 13:09:00,8.344134,10.90821,29.3,5.31
T07,GL-4592,2026-03-22 13:10:00,8.343842,10.908595,31.0,4.48
T07,GL-4592,2026-03-22 13:11:00,8.342725,10.908895,47.5,2.99
T07,GL-4592,2026-03-22 13:12:00,8.342169,10.908987,24.6,5.24
T07,GL-4592,2026-03-22 13:13:00,8.341249,10.908923,23.3,3.79
T07,GL-4592,2026-03-22 13:14:00,8.34082,10.909448,33.1,4.5
T07,GL-4592,2026-03-22 13:15:00,8.339773,10.909361,24.0,5.29
T07,GL-4592,2026-03-22 13:16:00,8.338894,10.909909,56.5,3.14
T07,GL-4592,2026-03-22 13:17:00,8.338627,10.910117,34.5,4.69
T07,GL-4592,2026-03-22 13:18:00,8.337805,10.910453,33.8,4.84
T07,GL-4592,2026-03-22 13:19:00,8.336874,10.910518,30.3,5.59
T07,GL-4592,2026-03-22 13:20:00,8.336614,10.911058,42.0,3.78
T07,GL-4592,2026-03-22 13:21:00,8.336174,10.911105,27.1,4.64
T07,GL-4592,2026-03-22 13:22:00,8.334827,10.91118,51.3,3.62
T07,GL-4592,2026-03-22 13:23:00,8.334278,10.911384,54.7,3.05
T07,GL-4592,2026-03-22 13:24:00,8.333166,10.912034,47.1,4.45
T07,GL-4592,2026-03-22 13:25:00,8.3329,10.911991,27.5,5.4
T07,GL-4592,2026-03-22 13:26:00,8.332006,10.912441,53.3,3.94
T07,GL-4592,2026-03-22 13:27:00,8.331578,10.91281,15.5,4.21
T07,GL-4592,2026-03-22 13:28:00,8.33064,10.912336,28.9,3.52
T07,GL-4592,2026-03-22 13:29:00,8.330083,10.912958,29.9,3.25
T07,GL-4592,2026-03-22 13:30:00,8.32922,10.913215,33.8,5.15
T07,GL-4592,2026-03-22 13:31:00,8.328673,10.91346,26.4,5.35
T07,GL-4592,2026-03-22 13:32:00,8.327857,10.913671,43.2,4.51
T07,GL-4592,2026-03-22 13:33:00,8.327415,10.913678,18.8,4.58
T07,GL-4592,2026-03-22 13:34:00,8.326275,10.914023,49.8,4.96
T07,GL-4592,2026-03-22 13:35:00,8.325746,10.913882,44.9,5.47
T07,GL-4592,2026-03-22 13:36:00,8.32474,10.914686,,4.65
T07,GL-4592,2026-03-22 13:37:00,8.324598,10.914741,19.7,4.05
T07,GL-4592,2026-03-22 13:38:00,8.323515,10.914724,57.3,4.54
T07,GL-4592,2026-03-22 13:39:00,8.323156,10.915612,32.8,5.56
T07,GL-4592,2026-03-22 13:40:00,8.322317,10.91558,35.0,2.88
T07,GL-4592,2026-03-22 13:41:00,8.321321,10.915914,41.8,3.99
T07,GL-4592,2026-03-22 13:42:00,8.32096,10.91591,31.3,5.12
T07,GL-4592,2026-03-22 13:43:00,8.320167,10.915987,39.0,4.17
T07,GL-4592,2026-03-22 13:44:00,8.319472,10.916277,52.1,4.86
T07,GL-4592,2026-03-22 13:45:00,8.318689,10.916572,43.9,5.47
T07,GL-4592,2026-03-22 13:46:00,8.317699,10.916918,29.1,3.0
T07,GL-4592,2026-03-22 13:47:00,8.317436,10.916974,21.5,3.92
T07,GL-4592,2026-03-22 13:48:00,8.316896,10.916938,50.7,4.23
T07,GL-4592,2026-03-22 13:49:00,8.316159,10.917607,44.6,3.17
T07,GL-4592,2026-03-22 13:50:00,8.315634,10.917893,49.2,4.1
T07,GL-4592,2026-03-22 13:51:00,8.314448,10.917815,47.0,3.24
T07,GL-4592,2026-03-22 13:52:00,8.313753,10.918469,46.2,2.83
T07,GL-4592,2026-03-22 13:53:00,8.31332,10.918343,16.3,3.3
T07,GL-4592,2026-03-22 13:54:00,8.312563,10.918598,27.6,4.8
T07,GL-4592,2026-03-22 13:55:00,8.311888,10.918853,,4.77
T07,GL-4592,2026-03-22 13:56:00,8.311028,10.919082,57.6,2.93
T07,GL-4592,2026-03-22 13:57:00,8.310582,10.919223,43.1,4.44
T07,GL-4592,2026-03-22 13:58:00,8.309895,10.919194,32.5,4.59
T07,GL-4592,2026-03-22 13:59:00,8.308574,10.919589,32.9,4.73
T07,GL-4592,2026-03-22 14:00:00,8.30814,10.91945,19.7,4.59
T07,GL-4592,2026-03-22 14:01:00,8.307454,10.920311,37.5,4.68
T07,GL-4592,2026-03-22 14:02:00,8.306853,10.920242,35.7,4.09
T07,GL-4592,2026-03-22 14:03:00,8.306337,10.920319,51.7,2.82
T07,GL-4592,2026-03-22 14:04:00,8.305314,10.921238,,5.13
T07,GL-4592,2026-03-22 14:05:00,8.305183,10.921195,30.4,2.97
T07,GL-4592,2026-03-22 14:06:00,8.304062,10.921405,19.3,5.02
T07,GL-4592,2026-03-22 14:07:00,8.303402,10.92114,46.4,3.72
T07,GL-4592,2026-03-22 14:08:00,8.302788,10.921537,43.7,3.57
T07,GL-4592,2026-03-22 14:09:00,8.301986,10.922033,22.9,2.87
T07,GL-4592,2026-03-22 14:10:00,8.300896,10.922158,16.4,4.82
T07,GL-4592,2026-03-22 14:11:00,8.300221,10.922638,24.4,3.78
T07,GL-4592,2026-03-22 14:12:00,8.299852,10.922433,39.9,5.17
T07,GL-4592,2026-03-22 14:13:00,8.299461,10.922888,47.6,5.21
T07,GL-4592,2026-03-22 14:14:00,8.29821,10.923084,23.3,5.53
T07,GL-4592,2026-03-22 14:15:00,8.297894,10.9234,45.6,5.59
T07,GL-4592,2026-03-22 14:16:00,8.297046,10.923346,40.4,5.35
T07,GL-4592,2026-03-22 14:17:00,8.295839,10.923113,55.2,5.56
T07,GL-4592,2026-03-22 14:18:00,8.295588,10.923829,38.1,5.25
T07,GL-4592,2026-03-22 14:19:00,8.294563,10.924296,26.1,4.6
T07,GL-4592,2026-03-22 14:20:00,8.294453,10.924697,36.5,3.32
T07,GL-4592,2026-03-22 14:21:00,8.293431,10.924836,44.3,4.19
T07,GL-4592,2026-03-22 14:22:00,8.292926,10.924623,32.7,2.99
T07,GL-4592,2026-03-22 14:23:00,8.292299,10.924934,23.6,3.01
T07,GL-4592,2026-03-22 14:24:00,8.291008,10.925385,34.7,4.02
T07,GL-4592,2026-03-22 14:25:00,8.290709,10.925723,32.7,3.49
T07,GL-4592,2026-03-22 14:26:00,8.290246,10.925744,37.2,4.69
T07,GL-4592,2026-03-22 14:27:00,8.289247,10.92613,25.0,2.96
T07,GL-4592,2026-03-22 14:28:00,8.28866,10.926292,31.1,3.89
T07,GL-4592,2026-03-22 14:29:00,8.287746,10.926696,19.5,4.71
T07,GL-4592,2026-03-22 14:30:00,8.287009,10.926912,39.6,4.6
T07,GL-4592,2026-03-22 14:31:00,8.286481,10.926888,37.8,4.25
T07,GL-4592,2026-03-22 14:32:00,8.285609,10.927059,44.5,3.1
T07,GL-4592,2026-03-22 14:33:00,8.284902,10.927559,42.2,3.5
T07,GL-4592,2026-03-22 14:34:00,8.284215,10.927443,53.2,5.33
T07,GL-4592,2026-03-22 14:35:00,8.283199,10.927474,25.6,5.07
T07,GL-4592,2026-03-22 14:36:00,8.283162,10.927983,29.2,3.41
T07,GL-4592,2026-03-22 14:37:00,8.282128,10.92869,55.1,4.77
T07,GL-4592,2026-03-22 14:38:00,8.281608,10.928576,20.6,4.84
T07,GL-4592,2026-03-22 14:39:00,8.281106,10.92896,42.1,4.58
T07,GL-4592,2026-03-22 14:40:00,8.280234,10.928738,19.9,4.38
T07,GL-4592,2026-03-22 14:41:00,8.280071,10.929484,,3.79
T07,GL-4592,2026-03-22 14:42:00,8.278605,10.928912,39.6,4.6
T07,GL-4592,2026-03-22 14:43:00,8.278646,10.92994,53.6,3.26
T07,GL-4592,2026-03-22 14:44:00,8.276805,10.929673,14.6,5.26
T07,GL-4592,2026-03-22 14:45:00,8.276597,10.930252,20.4,3.07
T07,GL-4592,2026-03-22 14:46:00,8.275831,10.930691,32.9,3.73
T07,GL-4592,2026-03-22 14:47:00,8.275288,10.930848,30.6,4.44
T07,GL-4592,2026-03-22 14:48:00,8.27465,10.930546,27.0,3.79
T07,GL-4592,2026-03-22 14:49:00,8.273769,10.93116,24.0,5.34
T07,GL-4592,2026-03-22 14:50:00,8.273274,10.931592,32.0,4.51
T07,GL-4592,2026-03-22 14:51:00,8.272684,10.931697,49.5,3.86
T07,GL-4592,2026-03-22 14:52:00,8.271827,10.931575,55.4,3.57
T07,GL-4592,2026-03-22 14:53:00,8.270898,10.932121,36.5,4.45
T07,GL-4592,2026-03-22 14:54:00,8.270259,10.932327,17.5,3.39
T07,GL-4592,2026-03-22 14:55:00,8.269264,10.932159,55.2,4.84
T07,GL-4592,2026-03-22 14:56:00,8.268634,10.932758,,4.93
T07,GL-4592,2026-03-22 14:57:00,8.267659,10.932707,,3.75
T07,GL-4592,2026-03-22 14:58:00,8.267498,10.933367,30.0,2.88
T07,GL-4592,2026-03-22 14:59:00,8.26648,10.933064,50.5,4.64
T07,GL-4592,2026-03-22 15:00:00,8.266264,10.933231,34.4,4.59
T07,GL-4592,2026-03-22 15:01:00,8.265319,10.933471,57.3,3.45
T07,GL-4592,2026-03-22 15:02:00,8.264861,10.934198,30.9,3.66
T07,GL-4592,2026-03-22 15:03:00,8.263903,10.934261,54.2,5.2
T07,GL-4592,2026-03-22 15:04:00,8.263489,10.934308,51.6,3.98
T07,GL-4592,2026-03-22 15:05:00,8.262578,10.934655,37.4,3.34
T07,GL-4592,2026-03-22 15:06:00,8.261624,10.934824,33.6,5.15
T07,GL-4592,2026-03-22 15:07:00,8.261473,10.935114,29.1,3.73
T07,GL-4592,2026-03-22 15:08:00,8.260229,10.935313,42.3,5.05
T07,GL-4592,2026-03-22 15:09:00,8.259836,10.93568,32.3,3.35
T07,GL-4592,2026-03-22 15:10:00,8.259015,10.935831,39.3,4.85
T07,GL-4592,2026-03-22 15:11:00,8.258445,10.936342,34.5,2.92
T07,GL-4592,2026-03-22 15:12:00,8.257325,10.936534,37.8,5.08
T07,GL-4592,2026-03-22 15:13:00,8.257005,10.936272,22.5,5.43
T07,GL-4592,2026-03-22 15:14:00,8.256308,10.937349,27.8,4.92
T07,GL-4592,2026-03-22 15:15:00,8.255632,10.937028,41.1,5.03
T07,GL-4592,2026-03-22 15:16:00,8.254699,10.937279,19.4,3.55
T07,GL-4592,2026-03-22 15:17:00,8.254382,10.937599,33.0,3.17
T07,GL-4592,2026-03-22 15:18:00,8.253253,10.937499,45.4,4.33
T07,GL-4592,2026-03-22 15:19:00,8.252457,10.938256,21.2,5.13
T07,GL-4592,2026-03-22 15:20:00,8.252246,10.938009,37.6,3.76
T07,GL-4592,2026-03-22 15:21:00,8.251217,10.938147,47.8,3.2
T07,GL-4592,2026-03-22 15:22:00,8.250442,10.938556,48.9,3.54
T07,GL-4592,2026-03-22 15:23:00,8.249989,10.938837,53.8,4.05
T07,GL-4592,2026-03-22 15:24:00,8.249131,10.93888,25.8,5.25
T07,GL-4592,2026-03-22 15:25:00,8.248644,10.938974,36.7,3.16
T07,GL-4592,2026-03-22 15:26:00,8.247749,10.939149,43.9,3.69
T07,GL-4592,2026-03-22 15:27:00,8.247528,10.939683,32.9,5.26
T07,GL-4592,2026-03-22 15:28:00,8.246271,10.940042,18.6,3.08
T07,GL-4592,2026-03-22 15:29:00,8.245362,10.940473,50.2,4.18
T07,GL-4592,2026-03-22 15:30:00,8.244652,10.940728,38.5,4.1
T07,GL-4592,2026-03-22 15:31:00,8.244071,10.940606,16.9,4.05
T07,GL-4592,2026-03-22 15:32:00,8.243505,10.940828,25.2,4.11
T07,GL-4592,2026-03-22 15:33:00,8.242673,10.940898,44.9,3.38
T07,GL-4592,2026-03-22 15:34:00,8.242136,10.94131,30.3,3.61
T07,GL-4592,2026-03-22 15:35:00,8.240944,10.94149,50.3,3.24
T07,GL-4592,2026-03-22 15:36:00,8.240533,10.941859,24.5,5.18
T07,GL-4592,2026-03-22 15:37:00,8.240177,10.942137,43.5,5.36
T07,GL-4592,2026-03-22 15:38:00,8.239059,10.942165,47.7,3.35
T07,GL-4592,2026-03-22 15:39:00,8.238533,10.942553,43.3,3.8
T07,GL-4592,2026-03-22 15:40:00,8.238089,10.94251,20.8,5.19
T07,GL-4592,2026-03-22 15:41:00,8.237294,10.943209,21.0,4.33
T07,GL-4592,2026-03-22 15:42:00,8.236075,10.943033,31.7,4.53
T07,GL-4592,2026-03-22 15:43:00,8.235839,10.943003,41.8,3.15
T07,GL-4592,2026-03-22 15:44:00,8.234835,10.943677,29.7,4.27
T07,GL-4592,2026-03-22 15:45:00,8.23393,10.943846,45.3,4.85
T07,GL-4592,2026-03-22 15:46:00,8.233592,10.943941,40.6,2.88
T07,GL-4592,2026-03-22 15:47:00,8.232951,10.943927,49.8,3.14
T07,GL-4592,2026-03-22 15:48:00,8.232879,10.944901,40.4,4.59
T07,GL-4592,2026-03-22 15:49:00,8.231634,10.944386,24.9,4.81
T07,GL-4592,2026-03-22 15:50:00,8.230974,10.94508,32.7,2.81
T07,GL-4592,2026-03-22 15:51:00,8.23038,10.944977,40.1,4.06
T07,GL-4592,2026-03-22 15:52:00,8.229456,10.945249,43.8,4.76
T07,GL-4592,2026-03-22 15:53:00,8.228496,10.945424,19.8,3.28
T07,GL-4592,2026-03-22 15:54:00,8.227812,10.945926,31.2,3.61
T07,GL-4592,2026-03-22 15:55:00,8.227528,10.946266,55.3,3.67
T07,GL-4592,2026-03-22 15:56:00,8.226947,10.946676,53.4,3.65
T07,GL-4592,2026-03-22 15:57:00,8.225708,10.946679,46.9,4.15
T07,GL-4592,2026-03-22 15:58:00,8.224999,10.947003,20.4,4.01
T07,GL-4592,2026-03-22 15:59:00,8.224191,10.947075,33.3,2.83
T07,GL-4592,2026-03-22 16:00:00,8.223826,10.947594,53.5,3.13
T07,GL-4592,2026-03-22 16:01:00,8.223604,10.947385,50.9,2.93
T07,GL-4592,2026-03-22 16:02:00,8.222215,10.947424,52.1,3.42
T07,GL-4592,2026-03-22 16:03:00,8.221915,10.947947,39.9,3.72
T07,GL-4592,2026-03-22 16:04:00,8.221119,10.948271,15.4,5.48
T07,GL-4592,2026-03-22 16:05:00,8.220554,10.948765,30.5,4.8
T07,GL-4592,2026-03-22 16:06:00,8.21945,10.948312,28.8,4.52
T07,GL-4592,2026-03-22 16:07:00,8.218861,10.948644,50.7,2.81
T07,GL-4592,2026-03-22 16:08:00,8.218263,10.949024,29.0,5.23
T07,GL-4592,2026-03-22 16:09:00,8.217647,10.949299,30.7,3.51
T07,GL-4592,2026-03-22 16:10:00,8.216603,10.949379,39.8,5.58
T07,GL-4592,2026-03-22 16:11:00,8.216063,10.950054,26.0,5.07
T07,GL-4592,2026-03-22 16:12:00,8.215079,10.950355,26.7,4.76
T07,GL-4592,2026-03-22 16:13:00,8.215009,10.950112,,4.18
T07,GL-4592,2026-03-22 16:14:00,8.213779,10.950453,47.5,4.44
T07,GL-4592,2026-03-22 16:15:00,8.2132,10.950656,44.6,4.28
T07,GL-4592,2026-03-22 16:16:00,8.21234,10.950896,29.9,5.29
T07,GL-4592,2026-03-22 16:17:00,8.211585,10.950887,38.1,5.49
T07,GL-4592,2026-03-22 16:18:00,8.211222,10.951415,45.4,4.55
T07,GL-4592,2026-03-22 16:19:00,8.210315,10.95172,50.0,2.99
T07,GL-4592,2026-03-22 16:20:00,8.20993,10.95168,40.9,5.04
T07,GL-4592,2026-03-22 16:21:00,8.208609,10.952071,42.9,4.46
T07,GL-4592,2026-03-22 16:22:00,8.208217,10.952636,44.7,5.01
T07,GL-4592,2026-03-22 16:23:00,8.207747,10.952542,23.3,4.54
T07,GL-4592,2026-03-22 16:24:00,8.206902,10.952784,47.7,3.99
T07,GL-4592,2026-03-22 16:25:00,8.206374,10.953123,34.2,5.23
T07,GL-4592,2026-03-22 16:26:00,8.205693,10.95317,40.0,2.95
T07,GL-4592,2026-03-22 16:27:00,8.204701,10.953729,41.4,4.06
T07,GL-4592,2026-03-22 16:28:00,8.204276,10.953943,22.1,3.63
T07,GL-4592,2026-03-22 16:29:00,8.203606,10.953895,18.5,4.32
T07,GL-4592,2026-03-22 16:30:00,8.202553,10.954088,38.3,3.36
T07,GL-4592,2026-03-22 16:31:00,8.202176,10.954807,39.1,4.74
T07,GL-4592,2026-03-22 16:32:00,8.201128,10.954795,18.9,4.02
T07,GL-4592,2026-03-22 16:33:00,8.20054,10.954971,38.9,3.17
T07,GL-4592,2026-03-22 16:34:00,8.196012,10.95536,53.3,215.1
T07,GL-4592,2026-03-22 16:35:00,8.199092,10.954894,42.0,3.65
T07,GL-4592,2026-03-22 16:36:00,8.198661,10.955763,21.3,2.86
T07,GL-4592,2026-03-22 16:37:00,8.197464,10.955649,47.2,2.91
T07,GL-4592,2026-03-22 16:38:00,8.19697,10.954968,26.9,3.28
T07,GL-4592,2026-03-22 16:39:00,8.196328,10.956436,31.3,4.21
T07,GL-4592,2026-03-22 16:40:00,8.195823,10.956096,33.5,3.21
T07,GL-4592,2026-03-22 16:41:00,8.194949,10.956916,35.9,3.82
T07,GL-4592,2026-03-22 16:42:00,8.194073,10.956834,21.0,4.53
T07,GL-4592,2026-03-22 16:43:00,8.193662,10.957397,22.7,3.14
T07,GL-4592,2026-03-22 16:44:00,8.192891,10.95763,49.0,3.0
T07,GL-4592,2026-03-22 16:45:00,8.192064,10.957236,24.8,4.93
T07,GL-4592,2026-03-22 16:46:00,8.191281,10.957715,55.6,3.25
T07,GL-4592,2026-03-22 16:47:00,8.190635,10.957972,28.5,3.39
T07,GL-4592,2026-03-22 16:48:00,8.190124,10.958439,52.9,5.14
T07,GL-4592,2026-03-22 16:49:00,8.18965,10.958496,45.1,3.04
T07,GL-4592,2026-03-22 16:50:00,8.188587,10.958704,33.8,5.55
T07,GL-4592,2026-03-22 16:51:00,8.187842,10.958517,36.5,4.06
T07,GL-4592,2026-03-22 16:52:00,8.186993,10.959121,56.2,5.51
T07,GL-4592,2026-03-22 16:53:00,8.186382,10.959521,29.3,3.87
T07,GL-4592,2026-03-22 16:54:00,8.185782,10.959384,28.0,4.8
T07,GL-4592,2026-03-22 16:55:00,8.184607,10.959568,36.1,3.08
T07,GL-4592,2026-03-22 16:56:00,8.184372,10.96012,26.6,3.63
T07,GL-4592,2026-03-22 16:57:00,8.183343,10.960572,28.5,5.38
T07,GL-4592,2026-03-22 16:58:00,8.182951,10.96062,44.7,4.3
T07,GL-4592,2026-03-22 16:59:00,8.182511,10.960902,19.3,3.38
T07,GL-4592,2026-03-22 17:00:00,8.181869,10.960894,28.0,5.12
T07,GL-4592,2026-03-22 17:01:00,8.180936,10.960731,43.5,4.17
T07,GL-4592,2026-03-22 17:02:00,8.179647,10.961216,57.5,5.03
T07,GL-4592,2026-03-22 17:03:00,8.17938,10.96182,15.4,4.28
T07,GL-4592,2026-03-22 17:04:00,8.178862,10.961696,33.7,4.22
T07,GL-4592,2026-03-22 17:05:00,8.178175,10.962117,35.8,3.12
T07,GL-4592,2026-03-22 17:06:00,8.177342,10.962211,20.7,4.51
T07,GL-4592,2026-03-22 17:07:00,8.176317,10.962624,57.4,3.68
T07,GL-4592,2026-03-22 17:08:00,8.175905,10.962674,51.4,3.21
T07,GL-4592,2026-03-22 17:09:00,8.175121,10.963391,30.1,5.21
T07,GL-4592,2026-03-22 17:10:00,8.174814,10.962745,31.1,4.82
T07,GL-4592,2026-03-22 17:11:00,8.173952,10.963758,37.2,4.0
T07,GL-4592,2026-03-22 17:12:00,8.173233,10.963531,22.8,4.99
T07,GL-4592,2026-03-22 17:13:00,8.172596,10.963879,49.6,4.1
T07,GL-4592,2026-03-22 17:14:00,8.171697,10.964352,38.3,5.03
T07,GL-4592,2026-03-22 17:15:00,8.171263,10.964869,24.4,5.5
T07,GL-4592,2026-03-22 17:16:00,8.170741,10.964393,36.9,5.4
T07,GL-4592,2026-03-22 17:17:00,8.169419,10.964714,21.9,4.66
T07,GL-4592,2026-03-22 17:18:00,8.168312,10.965083,28.5,3.15
T07,GL-4592,2026-03-22 17:19:00,8.168534,10.965011,43.2,4.32
T07,GL-4592,2026-03-22 17:20:00,8.167271,10.965542,19.5,3.28
T07,GL-4592,2026-03-22 17:21:00,8.166909,10.965993,52.6,3.34
T07,GL-4592,2026-03-22 17:22:00,8.16607,10.966133,48.0,3.34
T07,GL-4592,2026-03-22 17:23:00,8.165632,10.966004,44.9,3.35
T07,GL-4592,2026-03-22 17:24:00,8.164375,10.966357,25.9,5.16
T07,GL-4592,2026-03-22 17:25:00,8.164133,10.966694,25.5,3.98
T07,GL-4592,2026-03-22 17:26:00,8.163147,10.966642,39.7,4.67
T07,GL-4592,2026-03-22 17:27:00,8.162759,10.966931,44.1,3.86
T07,GL-4592,2026-03-22 17:28:00,8.161674,10.967413,41.9,4.64
T07,GL-4592,2026-03-22 17:29:00,8.161386,10.967792,28.9,5.55
T07,GL-4592,2026-03-22 17:30:00,8.159921,10.967584,16.6,5.6
T07,GL-4592,2026-03-22 17:31:00,8.159723,10.967967,40.7,4.51
T07,GL-4592,2026-03-22 17:32:00,8.158718,10.968399,30.2,3.29
T07,GL-4592,2026-03-22 17:33:00,8.158141,10.96876,19.5,3.77
T07,GL-4592,2026-03-22 17:34:00,8.157881,10.968668,17.4,5.37
T07,GL-4592,2026-03-22 17:35:00,8.156782,10.969092,20.6,3.19
T07,GL-4592,2026-03-22 17:36:00,8.156156,10.969344,18.2,5.16
T07,GL-4592,2026-03-22 17:37:00,8.155128,10.969417,33.3,3.83
T07,GL-4592,2026-03-22 17:38:00,8.154813,10.969888,,4.36
T07,GL-4592,2026-03-22 17:39:00,8.153951,10.969758,35.0,2.84
T07,GL-4592,2026-03-22 17:40:00,8.153242,10.970167,33.9,4.36
T07,GL-4592,2026-03-22 17:41:00,8.153114,10.970685,47.6,3.24
T07,GL-4592,2026-03-22 17:42:00,8.152076,10.970271,31.4,3.33
T07,GL-4592,2026-03-22 17:43:00,8.151219,10.97088,14.4,3.1
T07,GL-4592,2026-03-22 17:44:00,8.150638,10.970996,21.8,4.31
T07,GL-4592,2026-03-22 17:45:00,8.149971,10.970801,30.1,4.86
T07,GL-4592,2026-03-22 17:46:00,8.149441,10.971059,40.1,5.29
T07,GL-4592,2026-03-22 17:47:00,8.148339,10.971703,44.2,3.01
T07,GL-4592,2026-03-22 17:48:00,8.147697,10.971913,55.7,3.37
T07,GL-4592,2026-03-22 17:49:00,8.147064,10.972098,18.8,4.72
T07,GL-4592,2026-03-22 17:50:00,8.145939,10.972467,54.3,3.1
T07,GL-4592,2026-03-22 17:51:00,8.14577,10.97266,49.6,4.23
T07,GL-4592,2026-03-22 17:52:00,8.144903,10.972479,34.7,3.27
T07,GL-4592,2026-03-22 17:53:00,8.144735,10.973171,34.7,3.31
T07,GL-4592,2026-03-22 17:54:00,8.143435,10.973232,21.3,5.02
T07,GL-4592,2026-03-22 17:55:00,8.142623,10.973273,34.8,5.54
T07,GL-4592,2026-03-22 17:56:00,8.142511,10.973922,49.1,3.57
T07,GL-4592,2026-03-22 17:57:00,8.141274,10.973651,35.9,5.12
T07,GL-4592,2026-03-22 17:58:00,8.140497,10.974495,30.6,3.2
T07,GL-4592,2026-03-22 17:59:00,8.140246,10.974024,34.7,3.48
T07,GL-4592,2026-03-22 18:00:00,8.139529,10.974644,27.7,3.49
T07,GL-4592,2026-03-22 18:01:00,8.138835,10.974935,15.8,5.14
T07,GL-4592,2026-03-22 18:02:00,8.138262,10.975761,36.0,5.12
T07,GL-4592,2026-03-22 18:03:00,8.13733,10.97505,20.9,3.17
T07,GL-4592,2026-03-22 18:04:00,8.136544,10.975871,53.2,3.03
T07,GL-4592,2026-03-22 18:05:00,8.136033,10.975939,52.9,3.83
T07,GL-4592,2026-03-22 18:06:00,8.135479,10.975862,21.7,4.39
T07,GL-4592,2026-03-22 18:07:00,8.134344,10.975776,41.7,4.71
T07,GL-4592,2026-03-22 18:08:00,8.133249,10.976544,24.0,5.59
T07,GL-4592,2026-03-22 18:09:00,8.132769,10.97689,33.3,5.59
T07,GL-4592,2026-03-22 18:10:00,8.132015,10.976257,57.3,3.48
T07,GL-4592,2026-03-22 18:11:00,8.132273,10.9769,35.4,3.78
T07,GL-4592,2026-03-22 18:12:00,8.130714,10.976879,32.9,3.49
T07,GL-4592,2026-03-22 18:13:00,8.129949,10.977311,36.5,4.12
T07,GL-4592,2026-03-22 18:14:00,8.129342,10.97747,45.2,5.33
T07,GL-4592,2026-03-22 18:15:00,8.129073,10.97845,37.9,3.58
T07,GL-4592,2026-03-22 18:16:00,8.128367,10.97766,18.6,4.4
T07,GL-4592,2026-03-22 18:17:00,8.127589,10.978453,19.4,3.46
T07,GL-4592,2026-03-22 18:18:00,8.126594,10.978643,52.4,3.93
T07,GL-4592,2026-03-22 18:19:00,8.126385,10.978722,14.1,3.69
T07,GL-4592,2026-03-22 18:20:00,8.125024,10.979073,51.5,4.61
T07,GL-4592,2026-03-22 18:21:00,8.124621,10.979235,44.3,5.17
T07,GL-4592,2026-03-22 18:22:00,8.123433,10.979702,28.5,5.53
T07,GL-4592,2026-03-22 18:23:00,8.123279,10.979624,50.1,3.04
T07,GL-4592,2026-03-22 18:24:00,8.122473,10.979739,55.9,5.32
T07,GL-4592,2026-03-22 18:25:00,8.121401,10.980065,36.6,5.04
T07,GL-4592,2026-03-22 18:26:00,8.121268,10.980996,26.9,5.42
T07,GL-4592,2026-03-22 18:27:00,8.120295,10.980826,23.1,4.72
T07,GL-4592,2026-03-22 18:28:00,8.119543,10.980502,28.7,3.72
T07,GL-4592,2026-03-22 18:29:00,8.118508,10.981257,55.1,5.39
T07,GL-4592,2026-03-22 18:30:00,8.117912,10.981555,20.7,3.91
T07,GL-4592,2026-03-22 18:31:00,8.117524,10.981927,18.0,3.58
T07,GL-4592,2026-03-22 18:32:00,8.117074,10.982183,56.7,4.47
T07,GL-4592,2026-03-22 18:33:00,8.11616,10.982189,37.7,4.7
T07,GL-4592,2026-03-22 18:34:00,8.115379,10.982405,16.5,5.56
T07,GL-4592,2026-03-22 18:35:00,8.114927,10.982733,44.5,5.41
T07,GL-4592,2026-03-22 18:36:00,8.114042,10.982544,33.5,3.93
T07,GL-4592,2026-03-22 18:37:00,8.113427,10.982792,30.8,5.03
T07,GL-4592,2026-03-22 18:38:00,8.112338,10.983421,14.1,3.73
T07,GL-4592,2026-03-22 18:39:00,8.111804,10.983573,23.1,4.74
T07,GL-4592,2026-03-22 18:40:00,8.111075,10.98328,41.8,3.27
T07,GL-4592,2026-03-22 18:41:00,8.11065,10.983815,19.4,4.16
T07,GL-4592,2026-03-22 18:42:00,8.10995,10.984392,26.4,3.79
T07,GL-4592,2026-03-22 18:43:00,8.109061,10.984269,14.6,3.02
T07,GL-4592,2026-03-22 18:44:00,8.107849,10.984544,17.9,3.99
T07,GL-4592,2026-03-22 18:45:00,8.107348,10.984474,27.9,4.27
T07,GL-4592,2026-03-22 18:46:00,8.106571,10.984812,18.0,3.05
T07,GL-4592,2026-03-22 18:47:00,8.105961,10.985224,57.8,3.62
T07,GL-4592,2026-03-22 18:48:00,8.105458,10.985697,54.5,3.9
T07,GL-4592,2026-03-22 18:49:00,8.104587,10.985785,51.5,4.18
T07,GL-4592,2026-03-22 18:50:00,8.10433,10.986086,33.7,4.01
T07,GL-4592,2026-03-22 18:51:00,8.103293,10.986095,27.8,5.11
T07,GL-4592,2026-03-22 18:52:00,8.102769,10.986364,53.3,4.7
T07,GL-4592,2026-03-22 18:53:00,8.102143,10.986816,22.8,5.36
T07,GL-4592,2026-03-22 18:54:00,8.10116,10.98728,15.2,4.82
T07,GL-4592,2026-03-22 18:55:00,8.100553,10.987109,31.8,3.17
T07,GL-4592,2026-03-22 18:56:00,8.099935,10.987273,38.3,5.35
T07,GL-4592,2026-03-22 18:57:00,8.099367,10.987622,51.8,4.79
T07,GL-4592,2026-03-22 18:58:00,8.09839,10.987717,41.4,4.63
T07,GL-4592,2026-03-22 18:59:00,8.097589,10.988406,54.3,4.37
T07,GL-4592,2026-03-22 19:00:00,8.096837,10.988387,57.3,5.37
T07,GL-4592,2026-03-22 19:01:00,8.096041,10.988653,27.4,4.91
T07,GL-4592,2026-03-22 19:02:00,8.095578,10.988385,21.9,4.98
T07,GL-4592,2026-03-22 19:03:00,8.095132,10.989214,34.3,4.32
T07,GL-4592,2026-03-22 19:04:00,8.094099,10.989339,33.4,5.12
T07,GL-4592,2026-03-22 19:05:00,8.093894,10.98944,47.8,4.92
T07,GL-4592,2026-03-22 19:06:00,8.092767,10.989508,47.6,5.52
T07,GL-4592,2026-03-22 19:07:00,8.092154,10.989977,50.7,3.82
T07,GL-4592,2026-03-22 19:08:00,8.091458,10.990097,20.8,3.9
T07,GL-4592,2026-03-22 19:09:00,8.090668,10.990252,35.2,4.8
T07,GL-4592,2026-03-22 19:10:00,8.09,10.990489,42.7,4.56
T07,GL-4592,2026-03-22 19:11:00,8.089168,10.990647,35.1,4.84
T07,GL-4592,2026-03-22 19:12:00,8.088772,10.990955,42.7,4.68
T07,GL-4592,2026-03-22 19:13:00,8.088127,10.991217,24.3,4.9
T07,GL-4592,2026-03-22 19:14:00,8.087009,10.991631,46.6,3.39
T07,GL-4592,2026-03-22 19:15:00,8.086817,10.991854,15.4,4.23
T07,GL-4592,2026-03-22 19:16:00,8.085711,10.992324,54.4,4.16
T07,GL-4592,2026-03-22 19:17:00,8.085013,10.991907,39.0,5.08
T07,GL-4592,2026-03-22 19:18:00,8.084318,10.992728,53.9,5.42
T07,GL-4592,2026-03-22 19:19:00,8.083844,10.992817,51.5,2.96
T07,GL-4592,2026-03-22 19:20:00,8.083093,10.992597,54.7,3.26
T07,GL-4592,2026-03-22 19:21:00,8.082438,10.993049,16.1,4.72
T07,GL-4592,2026-03-22 19:22:00,8.081485,10.992957,21.2,3.68
T07,GL-4592,2026-03-22 19:23:00,8.080989,10.993574,39.5,4.59
T07,GL-4592,2026-03-22 19:24:00,8.080341,10.993291,18.7,5.47
T07,GL-4592,2026-03-22 19:25:00,8.079483,10.993843,50.6,2.98
T07,GL-4592,2026-03-22 19:26:00,8.078948,10.994442,31.0,3.79
T07,GL-4592,2026-03-22 19:27:00,8.078253,10.994393,20.9,4.31
T07,GL-4592,2026-03-22 19:28:00,8.076952,10.99469,47.6,3.89
T07,GL-4592,2026-03-22 19:29:00,8.07655,10.995244,52.4,4.33
T07,GL-4592,2026-03-22 19:30:00,8.075916,10.995308,28.4,2.91
T07,GL-4592,2026-03-22 19:31:00,8.07518,10.995308,57.3,3.19
T07,GL-4592,2026-03-22 19:32:00,8.074641,10.995678,15.7,5.46
T07,GL-4592,2026-03-22 19:33:00,8.074093,10.996065,41.1,4.21
T07,GL-4592,2026-03-22 19:34:00,8.072969,10.996065,29.1,4.04
T07,GL-4592,2026-03-22 19:35:00,8.072154,10.996173,25.7,4.65
T07,GL-4592,2026-03-22 19:36:00,8.072152,10.996834,,5.48
T07,GL-4592,2026-03-22 19:37:00,8.071303,10.996445,28.9,4.36
T07,GL-4592,2026-03-22 19:38:00,8.070247,10.996984,18.1,4.75
T07,GL-4592,2026-03-22 19:39:00,8.069713,10.997081,,5.57
T07,GL-4592,2026-03-22 19:40:00,8.068472,10.997364,49.9,3.73
T07,GL-4592,2026-03-22 19:41:00,8.068474,10.997849,15.5,3.95
T07,GL-4592,2026-03-22 19:42:00,8.067531,10.997989,19.4,4.28
T07,GL-4592,2026-03-22 19:43:00,8.067093,10.998331,23.8,5.31
T07,GL-4592,2026-03-22 19:44:00,8.066255,10.998467,48.2,3.1
T07,GL-4592,2026-03-22 19:45:00,8.065687,10.998501,54.1,4.05
T07,GL-4592,2026-03-22 19:46:00,8.064748,10.99897,14.4,2.82
T07,GL-4592,2026-03-22 19:47:00,8.063978,10.998959,22.9,3.68
T07,GL-4592,2026-03-22 19:48:00,8.063286,10.999491,55.0,4.27
T07,GL-4592,2026-03-22 19:49:00,8.062619,10.998993,25.8,3.38
T07,GL-4592,2026-03-22 19:50:00,8.061795,10.999481,49.2,4.75
T07,GL-4592,2026-03-22 19:51:00,8.061545,10.999769,38.0,3.16
T07,GL-4592,2026-03-22 19:52:00,8.060604,11.000288,21.2,4.17
T07,GL-4592,2026-03-22 19:53:00,8.059602,11.000022,23.3,4.83
T07,GL-4592,2026-03-22 19:54:00,8.059177,11.000262,49.9,5.41
T07,GL-4592,2026-03-22 19:55:00,8.058714,11.000643,35.7,4.24
T07,GL-4592,2026-03-22 19:56:00,8.057735,11.000965,49.2,3.26
T07,GL-4592,2026-03-22 19:57:00,8.056754,11.001141,47.0,4.23
T07,GL-4592,2026-03-22 19:58:00,8.056248,11.001901,36.9,3.09
T07,GL-4592,2026-03-22 19:59:00,8.05579,11.00141,36.4,4.13
T07,GL-4592,2026-03-22 20:00:00,8.054981,11.001785,54.5,5.16
T07,GL-4592,2026-03-22 20:01:00,8.054049,11.002276,43.7,4.67
T07,GL-4592,2026-03-22 20:02:00,8.05361,11.002674,36.2,4.7
T07,GL-4592,2026-03-22 20:03:00,8.052881,11.002735,42.2,4.5
T07,GL-4592,2026-03-22 20:04:00,8.05182,11.002981,44.5,3.54
T07,GL-4592,2026-03-22 20:05:00,8.051607,11.003456,49.5,3.9
T07,GL-4592,2026-03-22 20:06:00,8.050313,11.002826,52.8,3.49
T07,GL-4592,2026-03-22 20:07:00,8.049893,11.003554,19.7,3.57
T07,GL-4592,2026-03-22 20:08:00,8.049385,11.003596,16.5,2.96
T07,GL-4592,2026-03-22 20:09:00,8.048586,11.004205,29.6,4.54
T07,GL-4592,2026-03-22 20:10:00,8.047927,11.004555,56.0,4.73
T07,GL-4592,2026-03-22 20:11:00,8.047397,11.004064,27.2,5.42
T07,GL-4592,2026-03-22 20:12:00,8.046301,11.004418,44.0,2.83
T07,GL-4592,2026-03-22 20:13:00,8.045922,11.004912,36.2,4.64
T07,GL-4592,2026-03-22 20:14:00,8.044787,11.004785,18.5,5.02
T07,GL-4592,2026-03-22 20:15:00,8.044445,11.005587,24.6,4.9
T07,GL-4592,2026-03-22 20:16:00,8.043854,11.005731,25.4,5.15
T07,GL-4592,2026-03-22 20:17:00,8.042945,11.005754,39.7,3.74
T07,GL-4592,2026-03-22 20:18:00,8.041968,11.005957,49.1,5.35
T07,GL-4592,2026-03-22 20:19:00,8.04137,11.006593,18.5,3.69
T07,GL-4592,2026-03-22 20:20:00,8.041101,11.006465,34.9,3.01
T07,GL-4592,2026-03-22 20:21:00,8.039652,11.006993,38.2,4.44
T07,GL-4592,2026-03-22 20:22:00,8.039252,11.007287,54.0,3.61
T07,GL-4592,2026-03-22 20:23:00,8.03896,11.00723,46.6,4.99
T07,GL-4592,2026-03-22 20:24:00,8.038198,11.007562,49.4,4.04
T07,GL-4592,2026-03-22 20:25:00,8.037266,11.008085,29.6,4.06
T07,GL-4592,2026-03-22 20:26:00,8.036388,11.00779,28.9,5.44
T07,GL-4592,2026-03-22 20:27:00,8.035661,11.007977,14.4,3.89
T07,GL-4592,2026-03-22 20:28:00,8.034834,11.008386,51.9,3.59
T07,GL-4592,2026-03-22 20:29:00,8.034545,11.00832,46.5,4.0
T07,GL-4592,2026-03-22 20:30:00,8.033188,11.008774,17.1,4.47
T07,GL-4592,2026-03-22 20:31:00,8.032767,11.009019,19.9,3.44
T07,GL-4592,2026-03-22 20:32:00,8.032595,11.009416,38.8,3.45
T07,GL-4592,2026-03-22 20:33:00,8.03169,11.009484,41.9,4.98
T07,GL-4592,2026-03-22 20:34:00,8.031034,11.009868,14.4,4.34
T07,GL-4592,2026-03-22 20:35:00,8.030144,11.009621,52.4,3.71
T07,GL-4592,2026-03-22 20:36:00,8.029619,11.010406,47.8,4.92
T07,GL-4592,2026-03-22 20:37:00,8.028716,11.010274,22.2,3.42
T07,GL-4592,2026-03-22 20:38:00,8.028185,11.010631,37.6,5.41
T07,GL-4592,2026-03-22 20:39:00,8.027368,11.010662,56.8,2.92
T07,GL-4592,2026-03-22 20:40:00,8.026819,11.011347,16.7,3.76
T07,GL-4592,2026-03-22 20:41:00,8.026056,11.011442,41.1,2.87
T07,GL-4592,2026-03-22 20:42:00,8.025562,11.011644,28.0,2.87
T07,GL-4592,2026-03-22 20:43:00,8.024466,11.011747,17.4,4.27
T07,GL-4592,2026-03-22 20:44:00,8.023829,11.011953,16.9,5.15
T07,GL-4592,2026-03-22 20:45:00,8.022749,11.012251,28.6,3.96
T07,GL-4592,2026-03-22 20:46:00,8.022434,11.012338,34.4,3.2
T07,GL-4592,2026-03-22 20:47:00,8.021948,11.012611,52.5,3.32
T07,GL-4592,2026-03-22 20:48:00,8.02099,11.013009,29.2,5.42
T07,GL-4592,2026-03-22 20:49:00,8.020526,11.01296,51.8,3.48
T07,GL-4592,2026-03-22 20:50:00,8.019596,11.013548,18.3,3.75
T07,GL-4592,2026-03-22 20:51:00,8.019066,11.01332,53.6,4.47
T07,GL-4592,2026-03-22 20:52:00,8.018141,11.014123,24.9,3.19
T07,GL-4592,2026-03-22 20:53:00,8.016937,11.013913,36.9,3.67
T07,GL-4592,2026-03-22 20:54:00,8.016722,11.014338,46.6,3.83
T07,GL-4592,2026-03-22 20:55:00,8.016603,11.014763,16.8,3.67
T07,GL-4592,2026-03-22 20:56:00,8.015611,11.014711,47.4,4.0
T07,GL-4592,2026-03-22 20:57:00,8.014714,11.015008,53.3,4.92
T07,GL-4592,2026-03-22 20:58:00,8.014508,11.014794,34.1,3.71
T07,GL-4592,2026-03-22 20:59:00,8.013191,11.015214,24.8,4.14
T07,GL-4592,2026-03-22 21:00:00,8.01274,11.015538,36.2,4.46
T07,GL-4592,2026-03-22 21:01:00,8.011942,11.015955,50.1,4.78
T07,GL-4592,2026-03-22 21:02:00,8.011314,11.016063,45.6,4.5
T07,GL-4592,2026-03-22 21:03:00,8.010629,11.016433,52.4,5.04
T07,GL-4592,2026-03-22 21:04:00,8.009933,11.016945,23.7,4.7
T07,GL-4592,2026-03-22 21:05:00,8.009002,11.016639,14.1,5.52
T07,GL-4592,2026-03-22 21:06:00,8.008709,11.016905,26.7,5.39
T07,GL-4592,2026-03-22 21:07:00,8.007761,11.017245,35.0,5.35
T07,GL-4592,2026-03-22 21:08:00,8.006759,11.017249,49.6,4.87
T07,GL-4592,2026-03-22 21:09:00,8.006675,11.017842,19.3,4.88
T07,GL-4592,2026-03-22 21:10:00,8.005591,11.018093,24.5,4.56
T07,GL-4592,2026-03-22 21:11:00,8.004814,11.018093,45.1,5.34
T07,GL-4592,2026-03-22 21:12:00,8.004165,11.0181,36.2,3.68
T07,GL-4592,2026-03-22 21:13:00,8.003281,11.018431,14.7,3.4
T07,GL-4592,2026-03-22 21:14:00,8.002852,11.018547,26.7,3.87
T07,GL-4592,2026-03-22 21:15:00,8.002331,11.018879,22.1,3.57
T07,GL-4592,2026-03-22 21:16:00,8.001363,11.01929,46.8,3.3
T07,GL-4592,2026-03-22 21:17:00,8.000844,11.019843,26.7,3.32
T07,GL-4592,2026-03-22 21:18:00,7.999513,11.019664,28.8,3.94
T07,GL-4592,2026-03-22 21:19:00,7.999274,11.019842,52.5,3.01
T07,GL-4592,2026-03-22 21:20:00,7.998319,11.020132,23.4,5.45
T07,GL-4592,2026-03-22 21:21:00,7.997564,11.020371,54.7,4.83
T07,GL-4592,2026-03-22 21:22:00,7.997154,11.020818,19.0,5.24
T07,GL-4592,2026-03-22 21:23:00,7.996173,11.021337,30.9,3.49
T07,GL-4592,2026-03-22 21:24:00,7.995917,11.021211,53.3,3.01
T07,GL-4592,2026-03-22 21:25:00,7.995138,11.02121,48.9,5.45
T07,GL-4592,2026-03-22 21:26:00,7.994445,11.021714,43.6,5.48
T07,GL-4592,2026-03-22 21:27:00,7.993598,11.021617,47.7,4.09
T07,GL-4592,2026-03-22 21:28:00,7.992766,11.021882,,5.54
T07,GL-4592,2026-03-22 21:29:00,7.992291,11.022357,32.1,5.21
T07,GL-4592,2026-03-22 21:30:00,7.991945,11.022749,35.8,5.29
T07,GL-4592,2026-03-22 21:31:00,7.990662,11.022464,53.4,3.3
T07,GL-4592,2026-03-22 21:32:00,7.99028,11.023145,45.4,5.39
T07,GL-4592,2026-03-22 21:33:00,7.989215,11.023675,49.0,4.36
T07,GL-4592,2026-03-22 21:34:00,7.988765,11.023343,25.5,5.2
T07,GL-4592,2026-03-22 21:35:00,7.987907,11.023782,39.3,4.0
T07,GL-4592,2026-03-22 21:36:00,7.987264,11.024271,40.9,2.82
T07,GL-4592,2026-03-22 21:37:00,7.986988,11.024072,55.5,3.87
T07,GL-4592,2026-03-22 21:38:00,7.985823,11.024294,40.7,5.02
T07,GL-4592,2026-03-22 21:39:00,7.985479,11.024922,18.0,5.51
T07,GL-4592,2026-03-22 21:40:00,7.984595,11.024605,23.9,4.83
T07,GL-4592,2026-03-22 21:41:00,7.983759,11.025015,38.1,4.8
T07,GL-4592,2026-03-22 21:42:00,7.982878,11.025628,25.9,2.85
T07,GL-4592,2026-03-22 21:43:00,7.982306,11.025714,39.1,3.02
T07,GL-4592,2026-03-22 21:44:00,7.981602,11.02539,34.2,4.74
T07,GL-4592,2026-03-22 21:45:00,7.980896,11.025915,16.0,3.21
T07,GL-4592,2026-03-22 21:46:00,7.98082,11.025944,37.0,3.01
T07,GL-4592,2026-03-22 21:47:00,7.979383,11.026405,38.6,4.83
T07,GL-4592,2026-03-22 21:48:00,7.97904,11.026357,22.9,3.19
T07,GL-4592,2026-03-22 21:49:00,7.978719,11.026714,47.7,5.12
T07,GL-4592,2026-03-22 21:50:00,7.977535,11.027315,50.5,5.25
T07,GL-4592,2026-03-22 21:51:00,8.001934,11.027403,47.7,345.95
T07,GL-4592,2026-03-22 21:52:00,7.976023,11.027115,15.3,4.38
T07,GL-4592,2026-03-22 21:53:00,7.975572,11.027702,21.1,5.07
T07,GL-4592,2026-03-22 21:54:00,7.974665,11.028038,42.2,4.11
T07,GL-4592,2026-03-22 21:55:00,7.973967,11.028364,18.7,3.21
T07,GL-4592,2026-03-22 21:56:00,7.973457,11.028734,53.8,3.46
T07,GL-4592,2026-03-22 21:57:00,7.972262,11.028615,52.6,4.64
T07,GL-4592,2026-03-22 21:58:00,7.971747,11.028869,21.5,5.38
T07,GL-4592,2026-03-22 21:59:00,7.970937,11.029177,24.0,3.0
T07,GL-4592,2026-03-22 22:00:00,7.969881,11.029077,53.2,4.01
T07,GL-4592,2026-03-22 22:01:00,7.969825,11.029578,47.1,3.68
T07,GL-4592,2026-03-22 22:02:00,7.96883,11.02972,,4.23
T07,GL-4592,2026-03-22 22:03:00,7.968581,11.030055,57.8,5.54
T07,GL-4592,2026-03-22 22:04:00,7.96747,11.030741,15.4,4.25
T07,GL-4592,2026-03-22 22:05:00,7.966752,11.030924,34.6,3.45
T07,GL-4592,2026-03-22 22:06:00,7.96649,11.030724,35.5,4.38
T07,GL-4592,2026-03-22 22:07:00,7.9652,11.030529,43.9,3.42
T07,GL-4592,2026-03-22 22:08:00,7.964915,11.031425,14.3,3.85
T07,GL-4592,2026-03-22 22:09:00,7.963891,11.031027,49.3,4.21
T07,GL-4592,2026-03-22 22:10:00,7.963736,11.031366,38.5,3.51
T07,GL-4592,2026-03-22 22:11:00,7.962455,11.031838,39.3,4.39
T07,GL-4592,2026-03-22 22:12:00,7.962013,11.03196,16.4,5.4
T07,GL-4592,2026-03-22 22:13:00,7.960991,11.032222,52.2,5.0
T07,GL-4592,2026-03-22 22:14:00,7.960827,11.032539,49.0,4.33
T07,GL-4592,2026-03-22 22:15:00,7.959825,11.032784,57.2,4.59
T07,GL-4592,2026-03-22 22:16:00,7.959185,11.032999,25.7,3.86
T07,GL-4592,2026-03-22 22:17:00,7.958304,11.032995,50.5,2.93
T07,GL-4592,2026-03-22 22:18:00,7.957853,11.033046,15.9,4.9
T07,GL-4592,2026-03-22 22:19:00,7.957115,11.033669,55.4,5.23
T07,GL-4592,2026-03-22 22:20:00,7.956729,11.034079,50.4,3.4
T07,GL-4592,2026-03-22 22:21:00,7.955864,11.033814,34.3,4.07
T07,GL-4592,2026-03-22 22:22:00,7.95487,11.034154,52.5,5.31
T07,GL-4592,2026-03-22 22:23:00,7.953965,11.034944,39.0,5.13
T07,GL-4592,2026-03-22 22:24:00,7.953486,11.035418,43.5,3.91
T07,GL-4592,2026-03-22 22:25:00,7.952592,11.034879,57.3,4.87
T07,GL-4592,2026-03-22 22:26:00,7.952154,11.034909,42.3,5.34
T07,GL-4592,2026-03-22 22:27:00,7.951799,11.035532,17.4,4.04
T07,GL-4592,2026-03-22 22:28:00,7.95073,11.035272,15.6,3.4
T07,GL-4592,2026-03-22 22:29:00,7.94968,11.036067,25.0,4.89
T07,GL-4592,2026-03-22 22:30:00,7.949193,11.036125,45.9,5.07
T07,GL-4592,2026-03-22 22:31:00,7.948209,11.036559,30.0,4.33
T07,GL-4592,2026-03-22 22:32:00,7.947625,11.037024,20.8,4.19
T07,GL-4592,2026-03-22 22:33:00,7.947013,11.037163,28.8,5.33
T07,GL-4592,2026-03-22 22:34:00,7.94694,11.036958,37.0,2.97
T07,GL-4592,2026-03-22 22:35:00,7.94569,11.037036,33.9,3.71
T07,GL-4592,2026-03-22 22:36:00,7.944985,11.037492,56.4,3.83
T07,GL-4592,2026-03-22 22:37:00,7.944525,11.037872,34.2,3.94
T07,GL-4592,2026-03-22 22:38:00,7.943518,11.038214,22.5,3.91
T07,GL-4592,2026-03-22 22:39:00,7.943341,11.038412,24.9,4.98
T07,GL-4592,2026-03-22 22:40:00,7.942237,11.038484,45.8,4.67
T07,GL-4592,2026-03-22 22:41:00,7.941337,11.03848,40.9,2.83
T07,GL-4592,2026-03-22 22:42:00,7.940645,11.039049,55.4,4.32
T07,GL-4592,2026-03-22 22:43:00,7.939922,11.038864,56.3,3.69
T07,GL-4592,2026-03-22 22:44:00,7.939628,11.039483,14.2,4.12
T07,GL-4592,2026-03-22 22:45:00,7.938436,11.039924,46.1,4.84
T07,GL-4592,2026-03-22 22:46:00,7.93794,11.039665,40.4,4.67
T07,GL-4592,2026-03-22 22:47:00,7.936991,11.040292,31.8,3.49
T07,GL-4592,2026-03-22 22:48:00,7.936201,11.039841,35.9,5.45
T07,GL-4592,2026-03-22 22:49:00,7.935957,11.040366,17.1,3.1
T07,GL-4592,2026-03-22 22:50:00,7.935423,11.041083,53.0,3.81
T07,GL-4592,2026-03-22 22:51:00,7.934574,11.041081,,3.32
T07,GL-4592,2026-03-22 22:52:00,7.933849,11.041252,20.2,3.79
T07,GL-4592,2026-03-22 22:53:00,7.932888,11.04148,51.5,3.28
T07,GL-4592,2026-03-22 22:54:00,7.932295,11.041924,27.2,3.99
T07,GL-4592,2026-03-22 22:55:00,7.931462,11.041724,49.4,5.15
T07,GL-4592,2026-03-22 22:56:00,7.931038,11.041916,49.3,4.26
T07,GL-4592,2026-03-22 22:57:00,7.930058,11.042108,45.3,3.42
T07,GL-4592,2026-03-22 22:58:00,7.929567,11.042636,40.5,3.73
T07,GL-4592,2026-03-22 22:59:00,7.92902,11.042654,46.2,3.25
T07,GL-4592,2026-03-22 23:00:00,7.928096,11.043201,56.3,4.55
T07,GL-4592,2026-03-22 23:01:00,7.927406,11.042961,29.6,5.52
T07,GL-4592,2026-03-22 23:02:00,7.926465,11.043231,37.0,3.53
T07,GL-4592,2026-03-22 23:03:00,7.926143,11.04379,55.4,5.01
T07,GL-4592,2026-03-22 23:04:00,7.925255,11.043856,29.0,5.32
T07,GL-4592,2026-03-22 23:05:00,7.924808,11.04428,45.9,5.49
T07,GL-4592,2026-03-22 23:06:00,7.923743,11.044521,15.6,5.48
T07,GL-4592,2026-03-22 23:07:00,7.923839,11.04466,53.9,3.21
T07,GL-4592,2026-03-22 23:08:00,7.922987,11.044997,35.4,5.24
T07,GL-4592,2026-03-22 23:09:00,7.921952,11.045167,28.1,4.96
T07,GL-4592,2026-03-22 23:10:00,7.920843,11.044846,42.3,4.53
T07,GL-4592,2026-03-22 23:11:00,7.920658,11.045391,49.0,5.52
T07,GL-4592,2026-03-22 23:12:00,8.004226,11.046164,50.2,170.8
T07,GL-4592,2026-03-22 23:13:00,7.919408,11.045631,41.2,5.11
T07,GL-4592,2026-03-22 23:14:00,7.918348,11.046661,30.6,3.79
T07,GL-4592,2026-03-22 23:15:00,7.917758,11.046236,30.7,4.68
T07,GL-4592,2026-03-22 23:16:00,7.91675,11.046727,50.5,4.47
T07,GL-4592,2026-03-22 23:17:00,7.916162,11.046757,46.8,5.08
T07,GL-4592,2026-03-22 23:18:00,7.915232,11.047278,29.8,5.5
T07,GL-4592,2026-03-22 23:19:00,7.914541,11.047327,52.9,5.46
T07,GL-4592,2026-03-22 23:20:00,7.913904,11.047672,44.7,5.6
T07,GL-4592,2026-03-22 23:21:00,7.913758,11.047975,42.7,5.45
T07,GL-4592,2026-03-22 23:22:00,7.91295,11.047894,16.0,3.85
T07,GL-4592,2026-03-22 23:23:00,7.627665,11.048463,52.0,371.35
T07,GL-4592,2026-03-22 23:24:00,7.911675,11.048258,16.3,5.24
T07,GL-4592,2026-03-22 23:25:00,7.910363,11.049122,23.9,3.56
T07,GL-4592,2026-03-22 23:26:00,7.909708,11.049066,51.9,5.48
T07,GL-4592,2026-03-22 23:27:00,7.90926,11.049223,46.5,4.81
T07,GL-4592,2026-03-22 23:28:00,7.908308,11.049338,16.3,4.75
T07,GL-4592,2026-03-22 23:29:00,7.90779,11.04953,24.1,3.94
T07,GL-4592,2026-03-22 23:30:00,7.907111,11.049627,21.1,4.93
T07,GL-4592,2026-03-22 23:31:00,7.906136,11.049994,48.9,3.96
T07,GL-4592,2026-03-22 23:32:00,7.90586,11.050317,38.6,3.99
T07,GL-4592,2026-03-22 23:33:00,7.904941,11.050715,37.5,3.91
T07,GL-4592,2026-03-22 23:34:00,7.904118,11.051006,27.5,2.96
T07,GL-4592,2026-03-22 23:35:00,7.903494,11.050993,34.0,4.5
T07,GL-4592,2026-03-22 23:36:00,7.9029,11.051397,58.0,5.23
T07,GL-4592,2026-03-22 23:37:00,7.902181,11.051489,38.7,4.36
T07,GL-4592,2026-03-22 23:38:00,7.901451,11.051531,23.0,2.9
T07,GL-4592,2026-03-22 23:39:00,7.90084,11.051863,45.0,5.11
T07,GL-4592,2026-03-22 23:40:00,7.899954,11.051717,38.4,3.12
T07,GL-4592,2026-03-22 23:41:00,7.899798,11.052425,46.8,3.67
T07,GL-4592,2026-03-22 23:42:00,7.898758,11.052468,21.8,2.81
T07,GL-4592,2026-03-22 23:43:00,7.897847,11.053278,48.5,3.98
T07,GL-4592,2026-03-22 23:44:00,7.897181,11.053359,50.5,3.38
T07,GL-4592,2026-03-22 23:45:00,7.896229,11.052983,14.8,5.18
T07,GL-4592,2026-03-22 23:46:00,7.895897,11.053468,20.5,4.8
T07,GL-4592,2026-03-22 23:47:00,7.895116,11.054102,31.7,3.76
T07,GL-4592,2026-03-22 23:48:00,7.893883,11.053936,34.3,5.17
T07,GL-4592,2026-03-22 23:49:00,7.893815,11.05395,46.3,3.69
T07,GL-4592,2026-03-22 23:50:00,7.892965,11.054546,,4.04
T07,GL-4592,2026-03-22 23:51:00,7.892436,11.054634,37.8,5.22
T07,GL-4592,2026-03-22 23:52:00,7.891851,11.054885,50.0,3.22
T07,GL-4592,2026-03-22 23:53:00,7.89068,11.055127,57.5,3.21
T07,GL-4592,2026-03-22 23:54:00,7.89005,11.055175,38.5,2.81
T07,GL-4592,2026-03-22 23:55:00,7.889646,11.055716,40.2,5.24
T07,GL-4592,2026-03-22 23:56:00,8.246187,11.055829,33.4,448.39
T07,GL-4592,2026-03-22 23:57:00,7.887604,11.055769,18.2,3.14
T07,GL-4592,2026-03-22 23:58:00,7.887718,11.056224,39.6,4.59
T07,GL-4592,2026-03-22 23:59:00,7.886746,11.056239,24.3,4.23
T07,GL-4592,2026-03-23 00:00:00,7.885937,11.056682,55.2,5.05
T07,GL-4592,2026-03-23 00:01:00,7.885431,11.056701,28.7,5.5
T07,GL-4592,2026-03-23 00:02:00,7.884288,11.057227,28.1,3.91
T07,GL-4592,2026-03-23 00:03:00,7.883865,11.05736,,5.26
T07,GL-4592,2026-03-23 00:04:00,7.883309,11.057607,23.9,2.84
T07,GL-4592,2026-03-23 00:05:00,7.882627,11.05805,39.9,4.19
T07,GL-4592,2026-03-23 00:06:00,7.882024,11.057766,24.8,3.43
T07,GL-4592,2026-03-23 00:07:00,7.880903,11.058149,37.9,4.67
T07,GL-4592,2026-03-23 00:08:00,7.879778,11.05845,44.1,3.71
T07,GL-4592,2026-03-23 00:09:00,7.879871,11.058861,39.0,4.34
T07,GL-4592,2026-03-23 00:10:00,7.879078,11.058645,46.5,3.7
T07,GL-4592,2026-03-23 00:11:00,7.878204,11.059412,41.6,3.8
T07,GL-4592,2026-03-23 00:12:00,7.877364,11.059206,15.9,4.06
T07,GL-4592,2026-03-23 00:13:00,7.876637,11.059235,42.7,4.81
T07,GL-4592,2026-03-23 00:14:00,7.875886,11.06011,19.0,4.46
T07,GL-4592,2026-03-23 00:15:00,7.875773,11.059949,48.3,2.91
T07,GL-4592,2026-03-23 00:16:00,7.874715,11.060288,47.3,5.23
T07,GL-4592,2026-03-23 00:17:00,7.873918,11.060417,,4.16
T07,GL-4592,2026-03-23 00:18:00,7.873177,11.060759,44.3,4.14
T07,GL-4592,2026-03-23 00:19:00,7.872361,11.061043,17.2,5.54
T07,GL-4592,2026-03-23 00:20:00,7.872214,11.061503,15.3,5.0
T07,GL-4592,2026-03-23 00:21:00,7.871353,11.061749,40.1,4.86
T07,GL-4592,2026-03-23 00:22:00,7.870524,11.061593,14.2,4.11
T07,GL-4592,2026-03-23 00:23:00,7.869642,11.061989,18.3,5.51
T07,GL-4592,2026-03-23 00:24:00,7.86937,11.062452,25.5,5.41
T07,GL-4592,2026-03-23 00:25:00,7.868055,11.062183,56.1,2.82
T07,GL-4592,2026-03-23 00:26:00,7.867688,11.062675,22.0,3.93
T07,GL-4592,2026-03-23 00:27:00,7.866731,11.062794,40.1,4.32
T07,GL-4592,2026-03-23 00:28:00,7.866071,11.063283,,4.84
T07,GL-4592,2026-03-23 00:29:00,7.865245,11.06285,17.8,5.22
T07,GL-4592,2026-03-23 00:30:00,7.864502,11.063798,54.5,2.99
T07,GL-4592,2026-03-23 00:31:00,7.863989,11.063486,35.6,4.69
T07,GL-4592,2026-03-23 00:32:00,7.86327,11.063801,51.4,4.69
T07,GL-4592,2026-03-23 00:33:00,7.863128,11.064077,55.2,3.55
T07,GL-4592,2026-03-23 00:34:00,7.862171,11.064351,34.8,4.2
T07,GL-4592,2026-03-23 00:35:00,7.861164,11.064394,46.7,2.83
T07,GL-4592,2026-03-23 00:36:00,7.86085,11.064673,46.1,3.19
T07,GL-4592,2026-03-23 00:37:00,7.859854,11.06498,51.8,5.25
T07,GL-4592,2026-03-23 00:38:00,7.859071,11.065213,,3.65
T07,GL-4592,2026-03-23 00:39:00,7.858823,11.065945,51.5,3.98
T07,GL-4592,2026-03-23 00:40:00,7.857454,11.065523,31.4,2.92
T07,GL-4592,2026-03-23 00:41:00,7.857022,11.066223,40.0,4.02
T07,GL-4592,2026-03-23 00:42:00,7.856339,11.066269,22.3,3.38
T07,GL-4592,2026-03-23 00:43:00,7.855628,11.066809,23.3,2.9
T07,GL-4592,2026-03-23 00:44:00,7.85529,11.066353,35.1,4.61
T07,GL-4592,2026-03-23 00:45:00,7.854094,11.066766,23.3,3.6
T07,GL-4592,2026-03-23 00:46:00,7.853349,11.066931,38.7,4.06
T07,GL-4592,2026-03-23 00:47:00,7.852813,11.067438,26.4,3.72
T07,GL-4592,2026-03-23 00:48:00,7.852185,11.067665,15.4,4.84
T07,GL-4592,2026-03-23 00:49:00,7.851653,11.068281,24.4,5.39
T07,GL-4592,2026-03-23 00:50:00,7.85063,11.068057,20.6,4.89
T07,GL-4592,2026-03-23 00:51:00,7.849299,11.068509,53.8,5.36
T07,GL-4592,2026-03-23 00:52:00,7.848968,11.068787,42.0,4.88
T07,GL-4592,2026-03-23 00:53:00,7.848732,11.068478,32.7,3.27
T07,GL-4592,2026-03-23 00:54:00,7.848096,11.069034,47.8,5.51
T07,GL-4592,2026-03-23 00:55:00,7.847242,11.069235,20.5,5.4
T07,GL-4592,2026-03-23 00:56:00,7.846115,11.069583,52.9,3.12
T07,GL-4592,2026-03-23 00:57:00,7.845616,11.06976,54.5,4.73
T07,GL-4592,2026-03-23 00:58:00,7.84502,11.070166,26.5,4.09
T07,GL-4592,2026-03-23 00:59:00,7.844139,11.070354,30.1,3.4
T07,GL-4592,2026-03-23 01:00:00,7.843554,11.070477,39.4,4.13
T07,GL-4592,2026-03-23 01:01:00,7.843238,11.070477,23.9,3.68
T07,GL-4592,2026-03-23 01:02:00,7.842285,11.070999,27.8,3.08
T07,GL-4592,2026-03-23 01:03:00,7.841658,11.071379,47.9,3.31
T07,GL-4592,2026-03-23 01:04:00,7.840997,11.071126,56.7,4.26
T07,GL-4592,2026-03-23 01:05:00,7.839706,11.071559,27.4,5.37
T07,GL-4592,2026-03-23 01:06:00,7.839101,11.07185,42.9,2.8
T07,GL-4592,2026-03-23 01:07:00,7.839107,11.07192,18.2,3.41
T07,GL-4592,2026-03-23 01:08:00,7.83842,11.072004,50.1,3.06
T07,GL-4592,2026-03-23 01:09:00,7.837365,11.072512,55.9,3.35
T07,GL-4592,2026-03-23 01:10:00,7.836529,11.072475,53.5,4.17
T07,GL-4592,2026-03-23 01:11:00,7.835914,11.073071,21.0,5.38
T07,GL-4592,2026-03-23 01:12:00,7.835376,11.07312,32.5,3.2
T07,GL-4592,2026-03-23 01:13:00,7.83488,11.073449,55.3,3.7
T07,GL-4592,2026-03-23 01:14:00,7.834241,11.073595,22.8,2.99
T07,GL-4592,2026-03-23 01:15:00,7.832824,11.073987,35.4,4.92
T07,GL-4592,2026-03-23 01:16:00,7.832109,11.073444,14.9,5.01
T07,GL-4592,2026-03-23 01:17:00,7.83166,11.07416,15.0,4.82
T07,GL-4592,2026-03-23 01:18:00,7.830742,11.074268,23.3,4.08
T07,GL-4592,2026-03-23 01:19:00,7.830427,11.074746,44.4,3.53
T07,GL-4592,2026-03-23 01:20:00,7.829887,11.075003,50.4,4.54
T07,GL-4592,2026-03-23 01:21:00,7.752708,11.074848,27.3,291.64
T07,GL-4592,2026-03-23 01:22:00,7.828171,11.074918,34.4,3.67
T07,GL-4592,2026-03-23 01:23:00,7.827564,11.07557,23.1,5.2
T07,GL-4592,2026-03-23 01:24:00,7.826651,11.075782,16.1,3.08
T07,GL-4592,2026-03-23 01:25:00,7.826485,11.076225,,3.86
T07,GL-4592,2026-03-23 01:26:00,7.825345,11.076497,52.3,2.88
T07,GL-4592,2026-03-23 01:27:00,7.82445,11.076286,28.2,5.11
T07,GL-4592,2026-03-23 01:28:00,7.823712,11.077168,24.7,4.11
T07,GL-4592,2026-03-23 01:29:00,7.823013,11.076986,32.6,4.33
T07,GL-4592,2026-03-23 01:30:00,7.822348,11.076833,,4.64
T07,GL-4592,2026-03-23 01:31:00,7.821905,11.077762,26.1,3.75
T07,GL-4592,2026-03-23 01:32:00,7.821033,11.077695,39.8,5.21
T07,GL-4592,2026-03-23 01:33:00,7.820566,11.077954,48.4,4.37
T07,GL-4592,2026-03-23 01:34:00,7.819538,11.077844,34.0,3.74
T07,GL-4592,2026-03-23 01:35:00,7.818908,11.078454,45.3,4.65
T07,GL-4592,2026-03-23 01:36:00,7.818346,11.078901,43.0,5.32
T07,GL-4592,2026-03-23 01:37:00,7.81755,11.078636,28.8,3.53
T07,GL-4592,2026-03-23 01:38:00,7.816771,11.078762,29.4,2.93
T07,GL-4592,2026-03-23 01:39:00,7.816313,11.07936,26.7,4.97
T07,GL-4592,2026-03-23 01:40:00,7.815401,11.079685,23.5,2.95
T07,GL-4592,2026-03-23 01:41:00,7.814875,11.079456,56.9,3.26
T07,GL-4592,2026-03-23 01:42:00,7.814343,11.079694,45.1,5.58
T07,GL-4592,2026-03-23 01:43:00,7.81349,11.080336,53.3,4.89
T07,GL-4592,2026-03-23 01:44:00,7.812386,11.080695,28.7,5.57
T07,GL-4592,2026-03-23 01:45:00,7.812159,11.080454,23.4,3.57
T07,GL-4592,2026-03-23 01:46:00,7.811353,11.080877,24.1,3.55
T07,GL-4592,2026-03-23 01:47:00,7.8108,11.081415,49.7,4.37
T07,GL-4592,2026-03-23 01:48:00,7.809758,11.081447,20.8,3.19
T07,GL-4592,2026-03-23 01:49:00,7.808918,11.081261,53.2,5.15
T07,GL-4592,2026-03-23 01:50:00,7.808507,11.081757,19.0,5.4
T07,GL-4592,2026-03-23 01:51:00,7.807718,11.08181,28.2,4.75
T07,GL-4592,2026-03-23 01:52:00,7.806911,11.082308,18.7,3.95
T07,GL-4592,2026-03-23 01:53:00,7.806465,11.082149,23.1,3.36
T07,GL-4592,2026-03-23 01:54:00,7.805744,11.082726,15.2,4.25
T07,GL-4592,2026-03-23 01:55:00,7.805185,11.08309,17.2,4.05
T07,GL-4592,2026-03-23 01:56:00,7.804228,11.0834,45.8,5.34
T07,GL-4592,2026-03-23 01:57:00,7.803746,11.083478,40.4,5.03
T07,GL-4592,2026-03-23 01:58:00,7.802961,11.083622,24.4,4.11
T07,GL-4592,2026-03-23 01:59:00,7.80227,11.083852,,4.07
T07,GL-4592,2026-03-23 02:00:00,7.80128,11.083615,30.1,3.47
T07,GL-4592,2026-03-23 02:01:00,7.800803,11.084271,23.3,5.13
T07,GL-4592,2026-03-23 02:02:00,7.800027,11.084913,56.5,4.89
T07,GL-4592,2026-03-23 02:03:00,7.799623,11.084911,18.7,2.98
T07,GL-4592,2026-03-23 02:04:00,7.798563,11.084879,40.8,4.69
T07,GL-4592,2026-03-23 02:05:00,7.797959,11.085173,53.2,5.42
T07,GL-4592,2026-03-23 02:06:00,7.797281,11.085582,49.6,4.37
T07,GL-4592,2026-03-23 02:07:00,7.796572,11.085799,48.5,3.38
T07,GL-4592,2026-03-23 02:08:00,7.796126,11.085938,48.0,5.52
T07,GL-4592,2026-03-23 02:09:00,7.795017,11.086293,35.3,3.15
T07,GL-4592,2026-03-23 02:10:00,7.79429,11.086154,21.9,3.88
T07,GL-4592,2026-03-23 02:11:00,7.793839,11.086473,40.6,5.02
T07,GL-4592,2026-03-23 02:12:00,7.793041,11.087054,41.9,4.54
T07,GL-4592,2026-03-23 02:13:00,7.792114,11.087228,29.7,3.33
T07,GL-4592,2026-03-23 02:14:00,7.791491,11.087487,16.0,5.23
T07,GL-4592,2026-03-23 02:15:00,7.790962,11.08812,40.2,2.95
T07,GL-4592,2026-03-23 02:16:00,7.79015,11.08784,38.0,4.78
T07,GL-4592,2026-03-23 02:17:00,7.789758,11.087712,28.2,5.03
T07,GL-4592,2026-03-23 02:18:00,7.788996,11.088684,36.4,2.9
T07,GL-4592,2026-03-23 02:19:00,7.7882,11.088373,16.8,3.26
T07,GL-4592,2026-03-23 02:20:00,7.78746,11.0889,18.7,4.38
T07,GL-4592,2026-03-23 02:21:00,7.786464,11.088751,48.8,2.85
T07,GL-4592,2026-03-23 02:22:00,7.786277,11.089159,38.8,4.01
T07,GL-4592,2026-03-23 02:23:00,7.785217,11.089017,43.3,3.69
T07,GL-4592,2026-03-23 02:24:00,7.784827,11.089477,20.5,4.12
T07,GL-4592,2026-03-23 02:25:00,7.783893,11.089587,40.6,5.58
T07,GL-4592,2026-03-23 02:26:00,7.78362,11.089786,40.2,5.14
T07,GL-4592,2026-03-23 02:27:00,7.782501,11.090165,45.8,4.94
T07,GL-4592,2026-03-23 02:28:00,7.781816,11.09032,41.5,5.15
T07,GL-4592,2026-03-23 02:29:00,7.781134,11.090915,36.3,4.67
T07,GL-4592,2026-03-23 02:30:00,7.129309,11.090854,15.1,403.37
T07,GL-4592,2026-03-23 02:31:00,7.7797,11.091128,44.9,3.19
T07,GL-4592,2026-03-23 02:32:00,7.778982,11.091015,28.7,3.33
T07,GL-4592,2026-03-23 02:33:00,7.778342,11.091382,28.7,5.31
T07,GL-4592,2026-03-23 02:34:00,7.777508,11.09171,50.9,4.35
T07,GL-4592,2026-03-23 02:35:00,7.776954,11.092236,47.5,3.38
T07,GL-4592,2026-03-23 02:36:00,7.776411,11.092108,35.5,4.67
T07,GL-4592,2026-03-23 02:37:00,7.775206,11.09243,23.6,4.23
T07,GL-4592,2026-03-23 02:38:00,7.774267,11.09279,14.9,3.32
T07,GL-4592,2026-03-23 02:39:00,7.77426,11.093102,47.0,3.69
T07,GL-4592,2026-03-23 02:40:00,7.773428,11.093173,17.5,5.1
T07,GL-4592,2026-03-23 02:41:00,7.772853,11.093458,23.6,4.6
T07,GL-4592,2026-03-23 02:42:00,7.771971,11.093379,48.0,5.22
T07,GL-4592,2026-03-23 02:43:00,7.771069,11.093794,33.2,3.65
T07,GL-4592,2026-03-23 02:44:00,7.770045,11.093671,47.8,4.31
T07,GL-4592,2026-03-23 02:45:00,7.769592,11.094387,47.5,5.04
T07,GL-4592,2026-03-23 02:46:00,7.769308,11.094338,57.1,3.65
T07,GL-4592,2026-03-23 02:47:00,7.768437,11.094688,22.2,2.81
T07,GL-4592,2026-03-23 02:48:00,7.76755,11.095126,20.3,3.44
T07,GL-4592,2026-03-23 02:49:00,7.767077,11.094957,35.3,4.59
T07,GL-4592,2026-03-23 02:50:00,7.766562,11.09554,42.0,4.67
T07,GL-4592,2026-03-23 02:51:00,7.765284,11.09545,25.4,4.96
T07,GL-4592,2026-03-23 02:52:00,7.765095,11.095919,22.6,4.65
T07,GL-4592,2026-03-23 02:53:00,7.764173,11.095998,49.4,3.71
T07,GL-4592,2026-03-23 02:54:00,7.763473,11.096382,27.0,4.51
T07,GL-4592,2026-03-23 02:55:00,7.762677,11.09659,28.7,5.06
T07,GL-4592,2026-03-23 02:56:00,7.76189,11.096865,31.6,4.7
T07,GL-4592,2026-03-23 02:57:00,7.760951,11.097201,27.7,3.67
T07,GL-4592,2026-03-23 02:58:00,7.760725,11.097161,34.9,4.51
T07,GL-4592,2026-03-23 02:59:00,7.759734,11.097188,14.6,2.83
T07,GL-4592,2026-03-23 03:00:00,7.759267,11.097329,29.6,5.56
T07,GL-4592,2026-03-23 03:01:00,7.758483,11.098253,16.1,4.43
T07,GL-4592,2026-03-23 03:02:00,7.75804,11.098328,26.3,4.95
T07,GL-4592,2026-03-23 03:03:00,7.756998,11.098091,25.4,2.85
T07,GL-4592,2026-03-23 03:04:00,7.756587,11.098476,48.8,3.65
T07,GL-4592,2026-03-23 03:05:00,7.755646,11.099,25.2,4.88
T07,GL-4592,2026-03-23 03:06:00,7.754925,11.099042,29.4,3.31
T07,GL-4592,2026-03-23 03:07:00,7.754154,11.099078,17.8,5.01
T07,GL-4592,2026-03-23 03:08:00,7.753395,11.099839,38.5,4.62
T07,GL-4592,2026-03-23 03:09:00,7.753252,11.100046,56.3,3.68
T07,GL-4592,2026-03-23 03:10:00,7.752531,11.100344,37.4,3.59
T07,GL-4592,2026-03-23 03:11:00,7.75145,11.100438,49.5,4.56
T07,GL-4592,2026-03-23 03:12:00,7.750899,11.100312,35.2,4.81
T07,GL-4592,2026-03-23 03:13:00,7.750072,11.100881,30.4,3.16
T07,GL-4592,2026-03-23 03:14:00,7.749429,11.101028,27.9,3.56
T07,GL-4592,2026-03-23 03:15:00,7.74895,11.101544,32.8,5.48
T07,GL-4592,2026-03-23 03:16:00,7.748131,11.101419,30.0,2.88
T07,GL-4592,2026-03-23 03:17:00,7.747552,11.101149,54.1,4.0
T07,GL-4592,2026-03-23 03:18:00,7.746362,11.102029,18.9,3.22
T07,GL-4592,2026-03-23 03:19:00,7.746193,11.102016,40.6,3.32
T07,GL-4592,2026-03-23 03:20:00,7.745378,11.10254,19.6,4.83
T07,GL-4592,2026-03-23 03:21:00,7.744721,11.102394,39.7,4.58
T07,GL-4592,2026-03-23 03:22:00,7.74389,11.102661,55.9,4.36
T07,GL-4592,2026-03-23 03:23:00,7.743127,11.10302,29.9,3.07
T07,GL-4592,2026-03-23 03:24:00,7.742513,11.10347,18.8,4.83
T07,GL-4592,2026-03-23 03:25:00,7.741436,11.103127,47.9,2.93
T07,GL-4592,2026-03-23 03:26:00,7.740594,11.103722,53.4,5.21
T07,GL-4592,2026-03-23 03:27:00,7.740127,11.10359,44.2,5.51
T07,GL-4592,2026-03-23 03:28:00,7.739571,11.103719,30.5,3.49
T07,GL-4592,2026-03-23 03:29:00,7.738885,11.104205,38.6,3.0
T07,GL-4592,2026-03-23 03:30:00,7.738164,11.104276,16.8,3.03
T07,GL-4592,2026-03-23 03:31:00,7.737694,11.104546,29.4,2.87
T07,GL-4592,2026-03-23 03:32:00,7.736481,11.105271,22.1,2.87
T07,GL-4592,2026-03-23 03:33:00,7.736004,11.105228,16.3,4.41
T07,GL-4592,2026-03-23 03:34:00,7.735371,11.105822,41.8,4.2
T07,GL-4592,2026-03-23 03:35:00,7.734612,11.10592,,5.53
T07,GL-4592,2026-03-23 03:36:00,7.733933,11.105942,52.6,4.59
T07,GL-4592,2026-03-23 03:37:00,7.732885,11.105611,22.4,5.1
T07,GL-4592,2026-03-23 03:38:00,7.732773,11.106252,36.7,4.45
T07,GL-4592,2026-03-23 03:39:00,7.73186,11.106841,44.8,4.87
T07,GL-4592,2026-03-23 03:40:00,7.730834,11.107016,32.2,3.46
T07,GL-4592,2026-03-23 03:41:00,7.729957,11.106813,16.1,3.49
T07,GL-4592,2026-03-23 03:42:00,7.7297,11.107611,27.8,5.51
T07,GL-4592,2026-03-23 03:43:00,7.728786,11.107393,33.4,5.47
T07,GL-4592,2026-03-23 03:44:00,7.728383,11.107866,16.8,3.28
T07,GL-4592,2026-03-23 03:45:00,7.727842,11.107941,47.5,5.08
T07,GL-4592,2026-03-23 03:46:00,7.726726,11.108368,18.3,5.29
T07,GL-4592,2026-03-23 03:47:00,7.726111,11.108199,24.5,3.35
T07,GL-4592,2026-03-23 03:48:00,7.725605,11.108539,39.0,3.68
T07,GL-4592,2026-03-23 03:49:00,7.724267,11.10904,53.8,3.14
T07,GL-4592,2026-03-23 03:50:00,7.723696,11.109145,30.3,3.7
T07,GL-4592,2026-03-23 03:51:00,7.723636,11.109247,25.7,3.05
T07,GL-4592,2026-03-23 03:52:00,7.722441,11.109704,14.4,4.29
T07,GL-4592,2026-03-23 03:53:00,7.721754,11.109752,21.2,4.8
T07,GL-4592,2026-03-23 03:54:00,7.721562,11.109996,22.7,3.36
T07,GL-4592,2026-03-23 03:55:00,7.720411,11.110269,48.6,4.93
T07,GL-4592,2026-03-23 03:56:00,7.720044,11.11041,35.7,4.4
T07,GL-4592,2026-03-23 03:57:00,7.718995,11.110774,39.9,4.06
T07,GL-4592,2026-03-23 03:58:00,7.718413,11.111307,19.3,3.79
T07,GL-4592,2026-03-23 03:59:00,7.717494,11.110771,54.4,3.76
T07,GL-4592,2026-03-23 04:00:00,7.717415,11.111143,,4.85
T07,GL-4592,2026-03-23 04:01:00,7.716199,11.111352,24.3,5.55
T07,GL-4592,2026-03-23 04:02:00,7.715599,11.111829,23.5,3.2
T07,GL-4592,2026-03-23 04:03:00,7.714903,11.112134,53.3,4.95
T07,GL-4592,2026-03-23 04:04:00,7.71402,11.112786,49.7,2.97
T07,GL-4592,2026-03-23 04:05:00,7.71357,11.112449,52.1,4.13
T07,GL-4592,2026-03-23 04:06:00,7.712748,11.112962,25.6,3.18
T07,GL-4592,2026-03-23 04:07:00,7.711944,11.112842,39.9,4.76
T07,GL-4592,2026-03-23 04:08:00,7.711536,11.113696,45.0,3.05
T07,GL-4592,2026-03-23 04:09:00,7.710698,11.113366,32.3,5.15
T07,GL-4592,2026-03-23 04:10:00,7.710349,11.114129,57.6,3.63
T07,GL-4592,2026-03-23 04:11:00,7.709058,11.114184,30.3,5.05
T07,GL-4592,2026-03-23 04:12:00,7.70857,11.114075,47.8,4.54
T07,GL-4592,2026-03-23 04:13:00,7.707616,11.114265,26.7,5.46
T07,GL-4592,2026-03-23 04:14:00,7.707307,11.114542,36.0,4.69
T07,GL-4592,2026-03-23 04:15:00,7.706576,11.114919,49.4,4.94
T07,GL-4592,2026-03-23 04:16:00,7.705642,11.114694,48.0,2.91
T07,GL-4592,2026-03-23 04:17:00,7.705355,11.115038,45.6,5.06
T07,GL-4592,2026-03-23 04:18:00,7.704385,11.115417,47.4,5.08
T07,GL-4592,2026-03-23 04:19:00,7.703217,11.115708,22.8,4.83
T07,GL-4592,2026-03-23 04:20:00,7.702875,11.116124,54.5,3.9
T07,GL-4592,2026-03-23 04:21:00,7.702204,11.116112,50.0,3.6
T07,GL-4592,2026-03-23 04:22:00,7.701093,11.11661,36.1,3.36
T07,GL-4592,2026-03-23 04:23:00,7.700496,11.116718,27.1,4.01
T07,GL-4592,2026-03-23 04:24:00,7.700094,11.117035,,3.3
T07,GL-4592,2026-03-23 04:25:00,7.699308,11.117195,53.2,4.18
T07,GL-4592,2026-03-23 04:26:00,7.69895,11.11742,48.1,4.23
T07,GL-4592,2026-03-23 04:27:00,7.698307,11.117743,55.9,4.72
T07,GL-4592,2026-03-23 04:28:00,7.696875,11.118084,32.4,4.05
T07,GL-4592,2026-03-23 04:29:00,7.696365,11.11847,14.7,4.0
T07,GL-4592,2026-03-23 04:30:00,7.695993,11.118333,49.6,4.74
T07,GL-4592,2026-03-23 04:31:00,7.695613,11.11807,52.4,4.48
T07,GL-4592,2026-03-23 04:32:00,7.694532,11.119012,15.5,3.2
T07,GL-4592,2026-03-23 04:33:00,7.693762,11.118867,30.3,3.43
T07,GL-4592,2026-03-23 04:34:00,7.693196,11.119655,21.0,3.38
T07,GL-4592,2026-03-23 04:35:00,7.692297,11.119468,49.0,3.27
T07,GL-4592,2026-03-23 04:36:00,7.691585,11.119687,43.1,3.09
T07,GL-4592,2026-03-23 04:37:00,7.69092,11.119206,44.6,3.41
T07,GL-4592,2026-03-23 04:38:00,7.690418,11.119937,34.4,3.36
T07,GL-4592,2026-03-23 04:39:00,7.689556,11.120378,18.0,3.37
T07,GL-4592,2026-03-23 04:40:00,7.688798,11.120949,34.9,4.16
T07,GL-4592,2026-03-23 04:41:00,7.6881,11.120356,26.9,4.61
T07,GL-4592,2026-03-23 04:42:00,7.687693,11.12109,34.4,4.2
T07,GL-4592,2026-03-23 04:43:00,7.6866,11.121223,45.6,4.25
T07,GL-4592,2026-03-23 04:44:00,7.686069,11.121458,15.6,2.81
T07,GL-4592,2026-03-23 04:45:00,7.685262,11.121817,44.3,4.19
T07,GL-4592,2026-03-23 04:46:00,7.684147,11.121519,55.9,4.64
T07,GL-4592,2026-03-23 04:47:00,7.683658,11.122107,44.3,4.36
T07,GL-4592,2026-03-23 04:48:00,7.683387,11.122278,18.2,4.49
T07,GL-4592,2026-03-23 04:49:00,7.682659,11.123069,17.1,4.39
T07,GL-4592,2026-03-23 04:50:00,7.681929,11.122947,19.1,3.39
T07,GL-4592,2026-03-23 04:51:00,7.681222,11.123003,32.5,3.32
T07,GL-4592,2026-03-23 04:52:00,7.680144,11.123426,52.9,4.52
T07,GL-4592,2026-03-23 04:53:00,7.679523,11.123788,31.9,3.82
T07,GL-4592,2026-03-23 04:54:00,7.67886,11.123741,18.9,4.55
T07,GL-4592,2026-03-23 04:55:00,7.678588,11.123633,32.5,3.24
T07,GL-4592,2026-03-23 04:56:00,7.677613,11.123998,37.7,4.58
T07,GL-4592,2026-03-23 04:57:00,7.677019,11.123993,38.5,4.68
T07,GL-4592,2026-03-23 04:58:00,7.675972,11.12424,43.5,2.96
T07,GL-4592,2026-03-23 04:59:00,7.67544,11.125066,14.9,4.93
T07,GL-4592,2026-03-23 05:00:00,7.674621,11.124729,33.1,4.81
T07,GL-4592,2026-03-23 05:01:00,7.67423,11.125336,44.5,3.04
T07,GL-4592,2026-03-23 05:02:00,7.673338,11.12572,15.4,3.01
T07,GL-4592,2026-03-23 05:03:00,7.67251,11.125726,33.4,3.25
T07,GL-4592,2026-03-23 05:04:00,7.672295,11.125703,16.9,5.54
T07,GL-4592,2026-03-23 05:05:00,7.671092,11.12637,45.3,3.6
T07,GL-4592,2026-03-23 05:06:00,7.670549,11.126711,46.9,2.83
T07,GL-4592,2026-03-23 05:07:00,7.670059,11.126742,20.5,4.78
T07,GL-4592,2026-03-23 05:08:00,7.669181,11.127166,40.3,3.57
T07,GL-4592,2026-03-23 05:09:00,7.668491,11.127062,22.6,3.23
T07,GL-4592,2026-03-23 05:10:00,7.667731,11.127274,52.8,3.78
T07,GL-4592,2026-03-23 05:11:00,7.667119,11.1279,55.1,3.52
T07,GL-4592,2026-03-23 05:12:00,7.665943,11.12767,26.2,4.8
T07,GL-4592,2026-03-23 05:13:00,7.665961,11.128334,32.1,3.49
T07,GL-4592,2026-03-23 05:14:00,7.664805,11.128657,30.0,4.84
T07,GL-4592,2026-03-23 05:15:00,7.663999,11.128572,46.5,5.41
T07,GL-4592,2026-03-23 05:16:00,7.663869,11.128787,,4.63
T07,GL-4592,2026-03-23 05:17:00,7.66279,11.128967,56.0,4.92
T07,GL-4592,2026-03-23 05:18:00,7.661768,11.129629,33.8,4.22
T07,GL-4592,2026-03-23 05:19:00,7.661149,11.129389,50.2,5.39
T07,GL-4592,2026-03-23 05:20:00,7.660393,11.129535,53.1,4.5
T07,GL-4592,2026-03-23 05:21:00,7.660025,11.129945,55.4,5.58
T07,GL-4592,2026-03-23 05:22:00,7.659304,11.130244,46.7,4.62
T07,GL-4592,2026-03-23 05:23:00,7.658793,11.13022,27.6,3.8
T07,GL-4592,2026-03-23 05:24:00,7.658524,11.130728,26.0,4.74
T07,GL-4592,2026-03-23 05:25:00,7.657192,11.131238,49.7,5.04
T07,GL-4592,2026-03-23 05:26:00,7.65681,11.131499,31.3,3.53
T07,GL-4592,2026-03-23 05:27:00,7.655784,11.131362,29.6,4.6
T07,GL-4592,2026-03-23 05:28:00,7.65505,11.131515,41.8,3.37
T07,GL-4592,2026-03-23 05:29:00,7.654304,11.131945,50.7,2.95
T07,GL-4592,2026-03-23 05:30:00,7.653672,11.131626,52.8,4.0
T07,GL-4592,2026-03-23 05:31:00,7.652971,11.132338,40.8,4.42
T07,GL-4592,2026-03-23 05:32:00,7.65214,11.132236,42.4,5.33
T07,GL-4592,2026-03-23 05:33:00,7.651473,11.13259,47.9,3.55
T07,GL-4592,2026-03-23 05:34:00,7.650578,11.132588,51.7,5.49
T07,GL-4592,2026-03-23 05:35:00,7.65048,11.132735,30.9,3.29
T07,GL-4592,2026-03-23 05:36:00,7.649092,11.13295,36.7,4.91
T07,GL-4592,2026-03-23 05:37:00,7.648794,11.133517,20.6,4.59
T07,GL-4592,2026-03-23 05:38:00,7.64803,11.133688,,4.26
T07,GL-4592,2026-03-23 05:39:00,7.647214,11.133988,20.9,5.39
T07,GL-4592,2026-03-23 05:40:00,7.646696,11.134024,25.4,3.62
T07,GL-4592,2026-03-23 05:41:00,7.645618,11.134596,57.5,4.67
T07,GL-4592,2026-03-23 05:42:00,7.645572,11.134528,16.9,5.33
T07,GL-4592,2026-03-23 05:43:00,7.644033,11.134613,56.4,4.16
T07,GL-4592,2026-03-23 05:44:00,7.643583,11.135339,42.2,4.12
T07,GL-4592,2026-03-23 05:45:00,7.6435,11.135366,15.7,4.81
T07,GL-4592,2026-03-23 05:46:00,7.642402,11.135352,,5.3
T07,GL-4592,2026-03-23 05:47:00,7.641619,11.135852,28.8,2.89
T07,GL-4592,2026-03-23 05:48:00,7.641314,11.135571,49.7,5.05
T07,GL-4592,2026-03-23 05:49:00,7.640143,11.136368,33.2,4.29
T07,GL-4592,2026-03-23 05:50:00,7.639645,11.136384,15.5,3.49
T07,GL-4592,2026-03-23 05:51:00,7.63871,11.136484,26.9,4.7
T07,GL-4592,2026-03-23 05:52:00,7.638119,11.136801,15.9,2.81
T07,GL-4592,2026-03-23 05:53:00,7.637782,11.137189,38.8,5.13
T07,GL-4592,2026-03-23 05:54:00,7.636604,11.137113,54.8,3.33
T07,GL-4592,2026-03-23 05:55:00,7.635912,11.137701,56.8,4.82
T07,GL-4592,2026-03-23 05:56:00,7.635217,11.138138,52.5,3.43
T07,GL-4592,2026-03-23 05:57:00,7.634718,11.137901,25.0,4.44
T07,GL-4592,2026-03-23 05:58:00,7.633948,11.138161,34.0,2.88
T07,GL-4592,2026-03-23 05:59:00,7.633407,11.138616,56.9,3.22
T07,GL-4592,2026-03-23 06:00:00,7.632483,11.138757,47.1,5.15
T07,GL-4592,2026-03-23 06:01:00,7.631709,11.138772,54.5,3.54
T07,GL-4592,2026-03-23 06:02:00,7.631101,11.139574,49.7,3.72
T07,GL-4592,2026-03-23 06:03:00,7.63071,11.139195,18.7,5.22
T07,GL-4592,2026-03-23 06:04:00,7.62985,11.139661,15.6,4.13
T07,GL-4592,2026-03-23 06:05:00,7.628888,11.139869,22.7,3.04
T07,GL-4592,2026-03-23 06:06:00,7.62837,11.14019,17.8,3.31
T07,GL-4592,2026-03-23 06:07:00,7.627588,11.140322,26.8,4.74
T07,GL-4592,2026-03-23 06:08:00,7.626974,11.140737,39.9,5.36
T07,GL-4592,2026-03-23 06:09:00,7.626247,11.140853,27.1,4.7
T07,GL-4592,2026-03-23 06:10:00,7.625508,11.140804,56.7,4.31
T07,GL-4592,2026-03-23 06:11:00,7.625044,11.140834,31.3,5.44
T07,GL-4592,2026-03-23 06:12:00,7.623951,11.141282,45.2,5.12
T07,GL-4592,2026-03-23 06:13:00,7.623343,11.141588,45.2,2.88
T07,GL-4592,2026-03-23 06:14:00,7.622882,11.142204,35.9,4.48
T07,GL-4592,2026-03-23 06:15:00,7.621988,11.141876,17.9,4.34
T07,GL-4592,2026-03-23 06:16:00,7.62118,11.14223,50.3,3.81
T07,GL-4592,2026-03-23 06:17:00,7.620899,11.14259,27.0,4.24
T07,GL-4592,2026-03-23 06:18:00,7.620035,11.142518,44.0,3.3
T07,GL-4592,2026-03-23 06:19:00,7.619344,11.142719,50.6,3.74
T07,GL-4592,2026-03-23 06:20:00,7.61866,11.143175,47.1,3.82
T07,GL-4592,2026-03-23 06:21:00,7.617692,11.143895,20.8,4.11
T07,GL-4592,2026-03-23 06:22:00,7.61686,11.144121,29.9,3.37
T07,GL-4592,2026-03-23 06:23:00,7.616304,11.144618,27.5,3.3
T07,GL-4592,2026-03-23 06:24:00,7.615661,11.144173,16.9,3.09
T07,GL-4592,2026-03-23 06:25:00,7.614918,11.144558,18.6,4.8
T07,GL-4592,2026-03-23 06:26:00,7.614426,11.144591,44.7,3.21
T07,GL-4592,2026-03-23 06:27:00,7.613568,11.144865,56.2,3.57
T07,GL-4592,2026-03-23 06:28:00,7.612605,11.145324,18.8,4.49
T07,GL-4592,2026-03-23 06:29:00,7.612377,11.145237,48.6,3.27
T07,GL-4592,2026-03-23 06:30:00,7.611681,11.145159,38.0,4.29
T07,GL-4592,2026-03-23 06:31:00,7.610897,11.14596,27.3,4.76
T07,GL-4592,2026-03-23 06:32:00,7.610159,11.146017,44.6,2.93
T07,GL-4592,2026-03-23 06:33:00,7.60948,11.146181,51.4,2.88
T07,GL-4592,2026-03-23 06:34:00,7.608707,11.14672,33.8,4.76
T07,GL-4592,2026-03-23 06:35:00,7.607799,11.146988,41.5,5.27
T07,GL-4592,2026-03-23 06:36:00,7.607028,11.146682,50.5,3.64
T07,GL-4592,2026-03-23 06:37:00,7.606585,11.147061,23.6,4.89
T07,GL-4592,2026-03-23 06:38:00,7.605562,11.147237,26.4,4.56
T07,GL-4592,2026-03-23 06:39:00,7.604993,11.147557,46.1,4.36
T07,GL-4592,2026-03-23 06:40:00,7.604627,11.147874,42.2,5.2
T07,GL-4592,2026-03-23 06:41:00,7.60404,11.148407,18.5,4.75
T07,GL-4592,2026-03-23 06:42:00,7.602591,11.14837,40.7,3.61
T07,GL-4592,2026-03-23 06:43:00,7.602447,11.148325,32.8,3.56
T07,GL-4592,2026-03-23 06:44:00,7.601732,11.148717,22.6,4.76
T07,GL-4592,2026-03-23 06:45:00,7.601217,11.149232,14.3,5.0
T07,GL-4592,2026-03-23 06:46:00,7.600186,11.149662,42.6,5.12
T07,GL-4592,2026-03-23 06:47:00,7.599534,11.149278,17.5,4.02
T07,GL-4592,2026-03-23 06:48:00,7.598937,11.149381,57.3,3.52
T07,GL-4592,2026-03-23 06:49:00,7.598173,11.149875,23.6,3.45
T07,GL-4592,2026-03-23 06:50:00,7.597181,11.149797,37.4,4.45
T07,GL-4592,2026-03-23 06:51:00,7.596281,11.151167,54.3,3.86
T07,GL-4592,2026-03-23 06:52:00,7.596053,11.150484,57.6,4.03
T07,GL-4592,2026-03-23 06:53:00,7.594961,11.1508,46.2,4.06
T07,GL-4592,2026-03-23 06:54:00,7.594251,11.151336,33.1,3.86
T07,GL-4592,2026-03-23 06:55:00,7.593833,11.151112,46.6,3.7
T07,GL-4592,2026-03-23 06:56:00,7.59326,11.151676,55.5,3.74
T07,GL-4592,2026-03-23 06:57:00,7.592824,11.152109,55.6,3.38
T07,GL-4592,2026-03-23 06:58:00,7.591685,11.15195,48.6,4.95
T07,GL-4592,2026-03-23 06:59:00,7.591071,11.152664,41.1,2.98
T07,GL-4592,2026-03-23 07:00:00,7.590046,11.152459,34.1,4.31
T07,GL-4592,2026-03-23 07:01:00,7.589899,11.152689,34.8,4.13
T07,GL-4592,2026-03-23 07:02:00,7.588941,11.152744,29.5,3.69
T07,GL-4592,2026-03-23 07:03:00,7.588058,11.153239,47.5,3.98
T07,GL-4592,2026-03-23 07:04:00,7.587673,11.153604,56.9,4.39
T07,GL-4592,2026-03-23 07:05:00,7.587133,11.153827,14.2,5.09
T07,GL-4592,2026-03-23 07:06:00,7.586286,11.153797,20.3,3.58
T07,GL-4592,2026-03-23 07:07:00,7.585374,11.154115,44.1,5.31
T07,GL-4592,2026-03-23 07:08:00,7.584816,11.154022,41.7,3.52
T07,GL-4592,2026-03-23 07:09:00,7.583817,11.154748,34.7,4.48
T07,GL-4592,2026-03-23 07:10:00,7.583649,11.154965,21.3,2.81
T07,GL-4592,2026-03-23 07:11:00,7.58254,11.154822,49.3,4.12
T07,GL-4592,2026-03-23 07:12:00,7.582027,11.154828,46.5,5.24
T07,GL-4592,2026-03-23 07:13:00,7.581555,11.155288,41.8,4.8
T07,GL-4592,2026-03-23 07:14:00,7.580626,11.155927,37.9,3.6
T07,GL-4592,2026-03-23 07:15:00,7.579423,11.155972,49.0,2.97
T07,GL-4592,2026-03-23 07:16:00,7.579329,11.156348,24.8,4.44
T07,GL-4592,2026-03-23 07:17:00,7.578393,11.156637,41.4,3.27
T07,GL-4592,2026-03-23 07:18:00,7.577281,11.156567,14.6,4.92
T07,GL-4592,2026-03-23 07:19:00,7.577115,11.156239,31.9,3.5
T07,GL-4592,2026-03-23 07:20:00,7.576339,11.157198,,5.32
T07,GL-4592,2026-03-23 07:21:00,7.575684,11.157507,25.5,3.03
T07,GL-4592,2026-03-23 07:22:00,7.57519,11.157338,26.9,3.89
T07,GL-4592,2026-03-23 07:23:00,7.57423,11.157889,23.4,4.86
T07,GL-4592,2026-03-23 07:24:00,7.573176,11.157983,25.9,3.11
T07,GL-4592,2026-03-23 07:25:00,7.572783,11.15839,43.2,5.42
T07,GL-4592,2026-03-23 07:26:00,7.572084,11.158625,33.8,4.24
T07,GL-4592,2026-03-23 07:27:00,7.571325,11.158502,31.2,4.92
T07,GL-4592,2026-03-23 07:28:00,7.570548,11.158762,41.4,3.61
T07,GL-4592,2026-03-23 07:29:00,7.570114,11.159197,27.1,3.24
T07,GL-4592,2026-03-23 07:30:00,7.569153,11.159283,52.2,3.65
T07,GL-4592,2026-03-23 07:31:00,7.568654,11.15993,34.4,4.78
T07,GL-4592,2026-03-23 07:32:00,7.567795,11.159741,36.2,4.04
T07,GL-4592,2026-03-23 07:33:00,7.567264,11.15996,19.1,4.05
T07,GL-4592,2026-03-23 07:34:00,7.566523,11.160547,53.3,4.02
T07,GL-4592,2026-03-23 07:35:00,7.565709,11.160166,40.2,2.97
T07,GL-4592,2026-03-23 07:36:00,7.565035,11.160768,49.1,3.42
T07,GL-4592,2026-03-23 07:37:00,7.564125,11.160873,53.4,3.49
T07,GL-4592,2026-03-23 07:38:00,7.563639,11.161331,31.4,5.05
T07,GL-4592,2026-03-23 07:39:00,7.56263,11.161374,39.3,5.36
T07,GL-4592,2026-03-23 07:40:00,7.562212,11.161447,41.0,3.69
T07,GL-4592,2026-03-23 07:41:00,7.561545,11.162005,45.8,4.19
T07,GL-4592,2026-03-23 07:42:00,7.561229,11.162,24.5,4.44
T07,GL-4592,2026-03-23 07:43:00,7.559978,11.162073,15.0,4.49
T07,GL-4592,2026-03-23 07:44:00,7.559387,11.162477,39.3,4.01
T07,GL-4592,2026-03-23 07:45:00,7.558284,11.162603,23.0,3.04
T07,GL-4592,2026-03-23 07:46:00,7.55774,11.162798,40.3,4.23
T07,GL-4592,2026-03-23 07:47:00,7.557525,11.163168,30.6,3.72
T07,GL-4592,2026-03-23 07:48:00,7.556759,11.163471,31.3,4.66
T07,GL-4592,2026-03-23 07:49:00,7.555798,11.163342,17.5,4.31
T07,GL-4592,2026-03-23 07:50:00,7.555429,11.163938,40.1,3.51
T07,GL-4592,2026-03-23 07:51:00,7.554406,11.164454,53.9,3.32
T07,GL-4592,2026-03-23 07:52:00,7.553593,11.164396,38.4,4.15
T07,GL-4592,2026-03-23 07:53:00,7.553011,11.164637,36.9,4.67
T07,GL-4592,2026-03-23 07:54:00,7.552429,11.164547,52.2,3.1
T07,GL-4592,2026-03-23 07:55:00,7.551855,11.164669,20.9,3.73
T07,GL-4592,2026-03-23 07:56:00,7.55037,11.165051,19.2,4.07
T07,GL-4592,2026-03-23 07:57:00,7.549983,11.165474,22.8,5.22
T07,GL-4592,2026-03-23 07:58:00,7.549493,11.165805,30.0,3.61
T07,GL-4592,2026-03-23 07:59:00,7.548652,11.165774,43.9,4.03
T07,GL-4592,2026-03-23 08:00:00,7.548035,11.166121,42.0,3.71
T07,GL-4592,2026-03-23 08:01:00,7.547324,11.166509,34.6,4.56
T07,GL-4592,2026-03-23 08:02:00,7.546523,11.166477,41.5,2.89
T07,GL-4592,2026-03-23 08:03:00,7.545814,11.166736,25.1,4.68
T07,GL-4592,2026-03-23 08:04:00,7.544944,11.16676,48.7,3.85
T07,GL-4592,2026-03-23 08:05:00,7.544731,11.167402,57.7,4.09
T07,GL-4592,2026-03-23 08:06:00,7.543624,11.167049,22.4,5.1
T07,GL-4592,2026-03-23 08:07:00,7.543247,11.167905,45.5,2.85
T07,GL-4592,2026-03-23 08:08:00,7.542801,11.167942,38.9,5.08
T07,GL-4592,2026-03-23 08:09:00,7.541481,11.168372,52.8,4.25
T07,GL-4592,2026-03-23 08:10:00,7.541365,11.168285,35.2,4.84
T07,GL-4592,2026-03-23 08:11:00,7.540487,11.168444,46.7,3.36
T07,GL-4592,2026-03-23 08:12:00,7.539296,11.1687,14.2,3.82
T07,GL-4592,2026-03-23 08:13:00,7.539167,11.169072,49.9,5.21
T07,GL-4592,2026-03-23 08:14:00,7.538226,11.169399,47.0,2.98
T07,GL-4592,2026-03-23 08:15:00,7.537562,11.169509,42.0,5.16
T07,GL-4592,2026-03-23 08:16:00,7.536803,11.169629,53.1,3.73
T07,GL-4592,2026-03-23 08:17:00,7.535796,11.169995,44.1,3.42
T07,GL-4592,2026-03-23 08:18:00,7.535572,11.170464,49.0,4.33
T07,GL-4592,2026-03-23 08:19:00,7.535004,11.169758,25.8,3.81
T07,GL-4592,2026-03-23 08:20:00,7.533605,11.170612,,4.98
T07,GL-4592,2026-03-23 08:21:00,7.533535,11.170742,52.1,3.48
T07,GL-4592,2026-03-23 08:22:00,7.532599,11.171253,57.7,5.01
T07,GL-4592,2026-03-23 08:23:00,7.532086,11.171292,15.0,3.07
T07,GL-4592,2026-03-23 08:24:00,7.531129,11.171539,,3.25
T07,GL-4592,2026-03-23 08:25:00,7.530909,11.171843,42.1,4.46
T07,GL-4592,2026-03-23 08:26:00,7.529674,11.172121,18.3,4.94
T07,GL-4592,2026-03-23 08:27:00,7.529264,11.172175,31.5,5.39
T07,GL-4592,2026-03-23 08:28:00,7.528463,11.172456,17.9,3.75
T07,GL-4592,2026-03-23 08:29:00,7.527417,11.172994,17.4,3.4
T07,GL-4592,2026-03-23 08:30:00,7.527001,11.17319,43.1,3.16
T07,GL-4592,2026-03-23 08:31:00,7.52628,11.173067,24.9,4.65
T07,GL-4592,2026-03-23 08:32:00,7.525715,11.173719,33.6,2.89
T07,GL-4592,2026-03-23 08:33:00,7.524465,11.173642,50.8,3.06
T07,GL-4592,2026-03-23 08:34:00,7.524097,11.173524,14.6,5.03
T07,GL-4592,2026-03-23 08:35:00,7.523708,11.174099,48.8,3.03
T07,GL-4592,2026-03-23 08:36:00,7.522829,11.174293,15.0,5.57
T07,GL-4592,2026-03-23 08:37:00,7.521705,11.174637,42.1,3.24
T07,GL-4592,2026-03-23 08:38:00,7.520909,11.175074,36.3,5.25
T07,GL-4592,2026-03-23 08:39:00,7.520842,11.17499,57.8,3.7
T07,GL-4592,2026-03-23 08:40:00,7.519798,11.175201,40.0,4.73
T07,GL-4592,2026-03-23 08:41:00,7.519134,11.17537,50.4,3.19
T07,GL-4592,2026-03-23 08:42:00,7.518052,11.175777,55.8,4.97
T07,GL-4592,2026-03-23 08:43:00,7.517821,11.175935,53.3,3.09
T07,GL-4592,2026-03-23 08:44:00,7.517099,11.176002,30.6,5.39
T07,GL-4592,2026-03-23 08:45:00,7.516418,11.176547,29.2,4.74
T07,GL-4592,2026-03-23 08:46:00,7.515813,11.176633,56.1,4.76
T07,GL-4592,2026-03-23 08:47:00,7.514656,11.176924,49.2,4.62
T07,GL-4592,2026-03-23 08:48:00,7.514283,11.177297,27.9,2.89
T07,GL-4592,2026-03-23 08:49:00,7.513578,11.177074,50.7,3.4
T07,GL-4592,2026-03-23 08:50:00,7.512888,11.177434,27.3,4.88
T07,GL-4592,2026-03-23 08:51:00,7.512465,11.177899,32.0,3.59
T07,GL-4592,2026-03-23 08:52:00,7.511523,11.178106,18.6,3.73
T07,GL-4592,2026-03-23 08:53:00,7.511218,11.178176,52.3,5.08
T07,GL-4592,2026-03-23 08:54:00,7.510151,11.178258,53.4,5.38
T07,GL-4592,2026-03-23 08:55:00,7.50923,11.178863,23.6,5.35
T07,GL-4592,2026-03-23 08:56:00,7.509213,11.178943,32.1,3.73
T07,GL-4592,2026-03-23 08:57:00,7.507999,11.179189,15.4,4.44
T07,GL-4592,2026-03-23 08:58:00,7.507226,11.179414,50.1,4.76
T07,GL-4592,2026-03-23 08:59:00,7.506683,11.17934,56.3,5.2
T07,GL-4592,2026-03-23 09:00:00,7.505543,11.179295,45.5,4.51
T07,GL-4592,2026-03-23 09:01:00,7.505073,11.180322,20.1,4.07
T07,GL-4592,2026-03-23 09:02:00,7.504418,11.180113,36.0,3.3
T07,GL-4592,2026-03-23 09:03:00,7.503585,11.18043,21.7,4.1
T07,GL-4592,2026-03-23 09:04:00,7.502928,11.180522,24.8,3.96
T07,GL-4592,2026-03-23 09:05:00,7.502335,11.180934,39.5,3.32
T07,GL-4592,2026-03-23 09:06:00,7.501312,11.181459,43.2,5.58
T07,GL-4592,2026-03-23 09:07:00,7.501184,11.181514,31.1,5.12
T07,GL-4592,2026-03-23 09:08:00,7.500298,11.181657,29.4,3.35
T07,GL-4592,2026-03-23 09:09:00,7.499274,11.181781,49.6,4.11
T07,GL-4592,2026-03-23 09:10:00,7.498631,11.182363,56.3,4.72
T07,GL-4592,2026-03-23 09:11:00,7.498167,11.182317,39.1,2.89
T07,GL-4592,2026-03-23 09:12:00,7.497283,11.1822,26.5,5.54
T07,GL-4592,2026-03-23 09:13:00,7.496909,11.182952,53.9,2.84
T07,GL-4592,2026-03-23 09:14:00,7.496092,11.182667,52.9,4.76
T07,GL-4592,2026-03-23 09:15:00,7.495288,11.182638,25.1,4.3
T07,GL-4592,2026-03-23 09:16:00,7.494631,11.183592,23.4,5.32
T07,GL-4592,2026-03-23 09:17:00,7.493802,11.183715,50.0,5.01
T07,GL-4592,2026-03-23 09:18:00,7.492932,11.184126,47.5,3.63
T07,GL-4592,2026-03-23 09:19:00,7.492584,11.184068,26.0,4.42
T07,GL-4592,2026-03-23 09:20:00,7.491718,11.184716,38.8,3.53
T07,GL-4592,2026-03-23 09:21:00,7.491075,11.18476,33.5,3.71
T07,GL-4592,2026-03-23 09:22:00,7.490521,11.185366,42.8,4.45
T07,GL-4592,2026-03-23 09:23:00,7.489508,11.185221,40.8,5.41
T07,GL-4592,2026-03-23 09:24:00,7.488926,11.185632,58.0,4.97
T07,GL-4592,2026-03-23 09:25:00,7.488205,11.185474,23.8,3.6
T07,GL-4592,2026-03-23 09:26:00,7.487807,11.185442,46.2,4.96
T07,GL-4592,2026-03-23 09:27:00,7.487189,11.18574,52.8,3.9
T07,GL-4592,2026-03-23 09:28:00,7.485985,11.186477,51.9,3.41
T07,GL-4592,2026-03-23 09:29:00,7.485752,11.186432,35.9,4.65
T07,GL-4592,2026-03-23 09:30:00,7.484986,11.186701,22.6,2.93
T07,GL-4592,2026-03-23 09:31:00,7.484016,11.186995,49.7,5.06
T07,GL-4592,2026-03-23 09:32:00,7.483551,11.186695,24.8,4.26
T07,GL-4592,2026-03-23 09:33:00,7.482972,11.187086,23.0,3.2
T07,GL-4592,2026-03-23 09:34:00,7.481958,11.187674,37.8,5.04
T07,GL-4592,2026-03-23 09:35:00,7.481577,11.187576,51.5,5.05
T07,GL-4592,2026-03-23 09:36:00,7.480582,11.188255,45.7,3.43
T07,GL-4592,2026-03-23 09:37:00,7.479649,11.188041,36.7,4.82
T07,GL-4592,2026-03-23 09:38:00,7.478769,11.188629,16.4,3.55
T07,GL-4592,2026-03-23 09:39:00,7.478828,11.188526,27.1,3.57
T07,GL-4592,2026-03-23 09:40:00,7.477799,11.188595,27.0,3.74
T07,GL-4592,2026-03-23 09:41:00,7.477046,11.188961,37.6,3.38
T07,GL-4592,2026-03-23 09:42:00,7.476508,11.188911,27.7,4.79
T07,GL-4592,2026-03-23 09:43:00,7.475714,11.189265,16.1,5.44
T07,GL-4592,2026-03-23 09:44:00,7.474929,11.189596,27.1,5.25
T07,GL-4592,2026-03-23 09:45:00,7.473868,11.189988,32.1,4.99
T07,GL-4592,2026-03-23 09:46:00,7.473294,11.190567,27.0,3.61
T07,GL-4592,2026-03-23 09:47:00,7.47236,11.190591,27.4,5.21
T07,GL-4592,2026-03-23 09:48:00,7.471883,11.190924,48.3,4.51
T07,GL-4592,2026-03-23 09:49:00,7.471501,11.190937,46.3,5.48
T07,GL-4592,2026-03-23 09:50:00,7.470816,11.191199,27.4,3.34
T07,GL-4592,2026-03-23 09:51:00,7.469643,11.191467,31.5,4.33
T07,GL-4592,2026-03-23 09:52:00,7.469168,11.191347,42.8,5.3
T07,GL-4592,2026-03-23 09:53:00,7.46877,11.191717,54.6,2.98
T07,GL-4592,2026-03-23 09:54:00,7.467516,11.192287,14.5,4.97
T07,GL-4592,2026-03-23 09:55:00,7.467199,11.19244,54.8,3.62
T07,GL-4592,2026-03-23 09:56:00,7.466627,11.193078,36.3,3.36
T07,GL-4592,2026-03-23 09:57:00,7.465282,11.192971,30.9,3.21
T07,GL-4592,2026-03-23 09:58:00,7.464968,11.193279,39.0,3.9
T07,GL-4592,2026-03-23 09:59:00,7.464547,11.193035,32.9,4.8
T07,GL-4592,2026-03-23 10:00:00,7.463697,11.193226,39.4,5.31
T07,GL-4592,2026-03-23 10:01:00,7.46322,11.194179,46.6,3.7
T07,GL-4592,2026-03-23 10:02:00,7.462041,11.1937,48.3,3.31
T07,GL-4592,2026-03-23 10:03:00,7.46155,11.194226,20.6,4.11
T07,GL-4592,2026-03-23 10:04:00,7.461221,11.194228,34.7,4.62
T07,GL-4592,2026-03-23 10:05:00,7.459866,11.194755,52.6,5.53
T07,GL-4592,2026-03-23 10:06:00,7.459449,11.194846,17.3,4.22
T07,GL-4592,2026-03-23 10:07:00,7.458953,11.195073,38.2,3.91
T07,GL-4592,2026-03-23 10:08:00,7.45787,11.195414,38.3,5.01
T07,GL-4592,2026-03-23 10:09:00,7.457099,11.19524,39.9,5.57
T07,GL-4592,2026-03-23 10:10:00,7.456674,11.195484,27.9,4.05
T07,GL-4592,2026-03-23 10:11:00,6.918517,11.195492,34.2,245.7
T07,GL-4592,2026-03-23 10:12:00,7.45491,11.196408,43.3,3.3
T07,GL-4592,2026-03-23 10:13:00,7.454186,11.196553,55.8,5.24
T07,GL-4592,2026-03-23 10:14:00,7.453545,11.196255,26.8,4.83
T07,GL-4592,2026-03-23 10:15:00,7.45269,11.197229,39.9,4.44
T07,GL-4592,2026-03-23 10:16:00,7.452476,11.197291,22.2,4.74
T07,GL-4592,2026-03-23 10:17:00,7.451702,11.196777,30.6,3.28
T07,GL-4592,2026-03-23 10:18:00,7.451043,11.197438,19.8,4.66
T07,GL-4592,2026-03-23 10:19:00,7.450401,11.197863,47.5,4.96
T07,GL-4592,2026-03-23 10:20:00,7.450053,11.1983,40.4,5.15
T07,GL-4592,2026-03-23 10:21:00,7.448714,11.198508,16.0,3.24
T07,GL-4592,2026-03-23 10:22:00,7.448067,11.198554,46.9,3.56
T07,GL-4592,2026-03-23 10:23:00,7.447841,11.198704,35.8,5.47
T07,GL-4592,2026-03-23 10:24:00,7.446758,11.198945,32.4,4.25
T07,GL-4592,2026-03-23 10:25:00,7.445751,11.199175,29.5,4.4
T07,GL-4592,2026-03-23 10:26:00,7.445164,11.199522,23.1,3.25
T07,GL-4592,2026-03-23 10:27:00,7.444698,11.199542,44.9,3.0
T07,GL-4592,2026-03-23 10:28:00,7.44371,11.199909,26.2,5.32
T07,GL-4592,2026-03-23 10:29:00,7.443026,11.200573,55.2,3.73
T07,GL-4592,2026-03-23 10:30:00,7.442291,11.200379,48.6,4.04
T07,GL-4592,2026-03-23 10:31:00,7.441658,11.200714,46.9,4.13
T07,GL-4592,2026-03-23 10:32:00,7.441023,11.200427,17.2,2.99
T07,GL-4592,2026-03-23 10:33:00,7.440155,11.201233,46.1,3.43
T07,GL-4592,2026-03-23 10:34:00,7.439603,11.201196,24.3,4.91
T07,GL-4592,2026-03-23 10:35:00,7.438969,11.201352,30.6,4.82
T07,GL-4592,2026-03-23 10:36:00,7.438384,11.201923,31.1,4.05
T07,GL-4592,2026-03-23 10:37:00,7.437806,11.202168,50.3,3.71
T07,GL-4592,2026-03-23 10:38:00,7.436802,11.202249,37.0,3.21
T07,GL-4592,2026-03-23 10:39:00,7.435812,11.202492,31.6,4.49
T07,GL-4592,2026-03-23 10:40:00,7.435399,11.202947,29.7,2.8
T07,GL-4592,2026-03-23 10:41:00,7.4351,11.202635,40.2,3.64
T07,GL-4592,2026-03-23 10:42:00,7.433709,11.203314,31.7,3.83
T07,GL-4592,2026-03-23 10:43:00,7.433326,11.203255,18.3,4.34
T07,GL-4592,2026-03-23 10:44:00,7.432512,11.203565,47.2,4.99
T07,GL-4592,2026-03-23 10:45:00,7.43178,11.203702,56.9,3.88
T07,GL-4592,2026-03-23 10:46:00,7.431391,11.20354,34.8,4.9
T07,GL-4592,2026-03-23 10:47:00,7.430747,11.204094,54.7,4.88
T07,GL-4592,2026-03-23 10:48:00,7.429848,11.20437,14.1,5.51
T07,GL-4592,2026-03-23 10:49:00,7.429335,11.204696,16.1,5.06
T07,GL-4592,2026-03-23 10:50:00,7.428234,11.204711,46.1,4.88
T07,GL-4592,2026-03-23 10:51:00,7.42745,11.20545,46.9,2.87
T07,GL-4592,2026-03-23 10:52:00,7.42712,11.205505,18.3,4.89
T07,GL-4592,2026-03-23 10:53:00,7.426474,11.205284,17.7,4.16
T07,GL-4592,2026-03-23 10:54:00,7.425436,11.205523,42.5,4.22
T07,GL-4592,2026-03-23 10:55:00,7.424661,11.205967,52.9,5.47
T07,GL-4592,2026-03-23 10:56:00,7.424126,11.206463,44.1,3.95
T07,GL-4592,2026-03-23 10:57:00,7.423379,11.206632,24.4,4.79
T07,GL-4592,2026-03-23 10:58:00,7.422367,11.206709,16.0,5.39
T07,GL-4592,2026-03-23 10:59:00,7.422431,11.20706,29.8,5.47
T07,GL-4592,2026-03-23 11:00:00,7.421483,11.207276,43.5,4.57
T07,GL-4592,2026-03-23 11:01:00,7.420262,11.207493,17.4,3.28
T07,GL-4592,2026-03-23 11:02:00,7.420039,11.207304,22.6,4.02
T07,GL-4592,2026-03-23 11:03:00,7.418776,11.207892,55.5,5.0
T07,GL-4592,2026-03-23 11:04:00,7.418533,11.207362,49.1,5.18
T07,GL-4592,2026-03-23 11:05:00,7.41793,11.208576,52.5,5.22
T07,GL-4592,2026-03-23 11:06:00,7.417292,11.208886,33.2,4.34
T07,GL-4592,2026-03-23 11:07:00,7.416819,11.208791,43.0,5.5
T07,GL-4592,2026-03-23 11:08:00,7.415769,11.208625,34.3,3.38
T07,GL-4592,2026-03-23 11:09:00,7.414759,11.209221,38.5,3.59
T07,GL-4592,2026-03-23 11:10:00,7.414513,11.209633,55.8,2.89
T07,GL-4592,2026-03-23 11:11:00,7.413537,11.209432,18.7,5.31
T07,GL-4592,2026-03-23 11:12:00,7.412832,11.209958,36.1,3.39
T07,GL-4592,2026-03-23 11:13:00,7.412256,11.210388,22.4,3.49
T07,GL-4592,2026-03-23 11:14:00,7.411354,11.210476,40.7,2.98
T07,GL-4592,2026-03-23 11:15:00,7.411141,11.210674,55.7,4.19
T07,GL-4592,2026-03-23 11:16:00,7.409779,11.210755,47.4,5.2
T07,GL-4592,2026-03-23 11:17:00,7.409558,11.210845,25.9,4.34
T07,GL-4592,2026-03-23 11:18:00,7.408461,11.211382,45.8,4.57
T07,GL-4592,2026-03-23 11:19:00,7.407932,11.211423,21.4,2.85
T07,GL-4592,2026-03-23 11:20:00,7.407371,11.211564,56.2,4.61
T07,GL-4592,2026-03-23 11:21:00,7.406949,11.212096,33.1,3.6
T07,GL-4592,2026-03-23 11:22:00,7.405606,11.211918,37.6,3.69
T07,GL-4592,2026-03-23 11:23:00,7.405413,11.212366,22.5,2.87
T07,GL-4592,2026-03-23 11:24:00,7.404158,11.212653,29.1,5.24
T07,GL-4592,2026-03-23 11:25:00,7.403762,11.212493,14.2,4.26
T07,GL-4592,2026-03-23 11:26:00,7.402964,11.213111,57.9,5.58
T07,GL-4592,2026-03-23 11:27:00,7.402675,11.213297,55.5,4.2
T07,GL-4592,2026-03-23 11:28:00,7.401849,11.213361,29.5,4.48
T07,GL-4592,2026-03-23 11:29:00,7.401303,11.213677,20.2,4.35
T07,GL-4592,2026-03-23 11:30:00,7.400314,11.2141,22.8,4.73
T07,GL-4592,2026-03-23 11:31:00,7.399561,11.214127,24.0,3.75
T07,GL-4592,2026-03-23 11:32:00,7.39885,11.214515,56.2,4.12
T07,GL-4592,2026-03-23 11:33:00,7.398409,11.214718,44.2,5.0
T07,GL-4592,2026-03-23 11:34:00,7.397651,11.214573,32.6,3.91
T07,GL-4592,2026-03-23 11:35:00,7.397157,11.215391,44.1,4.79
T07,GL-4592,2026-03-23 11:36:00,7.396189,11.215291,20.9,5.53
T07,GL-4592,2026-03-23 11:37:00,7.395659,11.215872,14.6,4.18
T07,GL-4592,2026-03-23 11:38:00,7.394493,11.21612,20.0,5.46
T07,GL-4592,2026-03-23 11:39:00,7.393872,11.216167,43.0,3.29
T07,GL-4592,2026-03-23 11:40:00,7.393191,11.216423,53.2,4.09
T07,GL-4592,2026-03-23 11:41:00,7.392275,11.216448,48.4,3.65
T07,GL-4592,2026-03-23 11:42:00,7.39167,11.216866,25.1,2.87
T07,GL-4592,2026-03-23 11:43:00,7.390931,11.217087,27.5,5.26
T07,GL-4592,2026-03-23 11:44:00,7.39045,11.217106,24.2,5.4
T07,GL-4592,2026-03-23 11:45:00,7.389369,11.217713,32.9,4.79
T07,GL-4592,2026-03-23 11:46:00,7.389123,11.217837,15.2,4.84
T07,GL-4592,2026-03-23 11:47:00,7.388104,11.217457,36.4,4.96
T07,GL-4592,2026-03-23 11:48:00,7.387693,11.217996,45.7,3.87
T07,GL-4592,2026-03-23 11:49:00,7.386735,11.21831,47.0,5.36
T07,GL-4592,2026-03-23 11:50:00,7.386295,11.218905,30.1,2.87
T07,GL-4592,2026-03-23 11:51:00,7.385567,11.218699,44.9,3.32
T07,GL-4592,2026-03-23 11:52:00,7.384859,11.218807,56.8,4.99
T07,GL-4592,2026-03-23 11:53:00,7.384359,11.219393,31.9,5.39
T07,GL-4592,2026-03-23 11:54:00,7.383256,11.219602,37.5,5.48
T07,GL-4592,2026-03-23 11:55:00,7.382881,11.219789,21.8,4.08
T07,GL-4592,2026-03-23 11:56:00,7.381751,11.219542,34.2,4.46
T07,GL-4592,2026-03-23 11:57:00,7.381791,11.22036,48.7,3.72
T07,GL-4592,2026-03-23 11:58:00,7.380967,11.220749,50.4,2.93
T07,GL-4592,2026-03-23 11:59:00,7.379964,11.220907,20.5,2.81
T07,GL-4592,2026-03-23 12:00:00,7.379322,11.220839,41.9,3.95
T07,GL-4592,2026-03-23 12:01:00,7.37881,11.220988,52.5,2.81
T07,GL-4592,2026-03-23 12:02:00,7.37784,11.221525,45.4,2.96
T07,GL-4592,2026-03-23 12:03:00,7.376858,11.221171,27.9,2.91
T07,GL-4592,2026-03-23 12:04:00,7.376423,11.22166,45.5,3.89
T07,GL-4592,2026-03-23 12:05:00,7.376482,11.221933,52.5,0.56
T07,GL-4592,2026-03-23 12:06:00,7.376911,11.221646,53.9,0.25
T07,GL-4592,2026-03-23 12:07:00,7.376384,11.221469,22.2,0.82
T07,GL-4592,2026-03-23 12:08:00,7.376795,11.22161,15.8,0.35
T07,GL-4592,2026-03-23 12:09:00,7.376489,11.221721,23.6,0.54
T07,GL-4592,2026-03-23 12:10:00,7.376611,11.22211,50.7,0.06
T07,GL-4592,2026-03-23 12:11:00,7.376397,11.221434,51.4,0.23
T07,GL-4592,2026-03-23 12:12:00,7.37642,11.221246,52.4,0.19
T07,GL-4592,2026-03-23 12:13:00,7.376245,11.221715,14.4,0.69
T07,GL-4592,2026-03-23 12:14:00,7.376522,11.221899,41.8,0.42
T07,GL-4592,2026-03-23 12:15:00,7.376424,11.22199,41.0,0.1
T07,GL-4592,2026-03-23 12:16:00,7.376587,11.221404,23.0,0.82
T07,GL-4592,2026-03-23 12:17:00,7.376796,11.221685,14.6,0.39
T07,GL-4592,2026-03-23 12:18:00,7.376664,11.221851,33.9,0.46
T07,GL-4592,2026-03-23 12:19:00,7.375773,11.221441,32.9,0.45
T07,GL-4592,2026-03-23 12:20:00,7.376371,11.221358,16.7,0.37
T07,GL-4592,2026-03-23 12:21:00,7.376321,11.22187,34.6,0.47
T07,GL-4592,2026-03-23 12:22:00,7.376309,11.221891,14.0,0.59
T07,GL-4592,2026-03-23 12:23:00,7.376551,11.221543,18.6,0.36
T07,GL-4592,2026-03-23 12:24:00,7.376558,11.221498,49.8,0.06
T07,GL-4592,2026-03-23 12:25:00,7.376367,11.221486,34.2,0.77
T07,GL-4592,2026-03-23 12:26:00,7.376131,11.222052,38.2,0.76
T07,GL-4592,2026-03-23 12:27:00,7.375533,11.222017,18.5,0.78
T07,GL-4592,2026-03-23 12:28:00,7.376775,11.221138,39.0,0.04
T07,GL-4592,2026-03-23 12:29:00,7.375891,11.221709,38.3,0.54
T07,GL-4592,2026-03-23 12:30:00,7.376349,11.221917,18.5,0.81
T07,GL-4592,2026-03-23 12:31:00,7.376626,11.221413,35.7,0.54
T07,GL-4592,2026-03-23 12:32:00,7.375928,11.221551,23.6,0.13
T07,GL-4592,2026-03-23 12:33:00,7.376133,11.221937,18.1,0.35
T07,GL-4592,2026-03-23 12:34:00,7.375791,11.221433,39.7,0.04
T07,GL-4592,2026-03-23 12:35:00,7.376138,11.221683,37.6,0.35
T07,GL-4592,2026-03-23 12:36:00,7.376469,11.221715,16.0,0.1
T07,GL-4592,2026-03-23 12:37:00,7.376715,11.22209,52.6,3.46
T07,GL-4592,2026-03-23 12:38:00,7.3775,11.222499,34.6,2.8
T07,GL-4592,2026-03-23 12:39:00,7.377933,11.222981,43.9,4.73
T07,GL-4592,2026-03-23 12:40:00,7.378618,11.223513,43.9,4.49
T07,GL-4592,2026-03-23 12:41:00,7.379029,11.223934,20.5,4.7
T07,GL-4592,2026-03-23 12:42:00,7.37947,11.224346,33.6,3.72
T07,GL-4592,2026-03-23 12:43:00,7.379364,11.224673,56.5,3.22
T07,GL-4592,2026-03-23 12:44:00,7.3806,11.225317,16.4,5.17
T07,GL-4592,2026-03-23 12:45:00,7.381176,11.22592,16.7,4.17
T07,GL-4592,2026-03-23 12:46:00,7.381787,11.225616,37.6,5.17
T07,GL-4592,2026-03-23 12:47:00,7.381973,11.226398,20.9,4.18
T07,GL-4592,2026-03-23 12:48:00,7.382464,11.226794,53.1,3.77
T07,GL-4592,2026-03-23 12:49:00,7.383046,11.227597,35.9,4.95
T07,GL-4592,2026-03-23 12:50:00,7.38314,11.227933,54.3,4.12
T07,GL-4592,2026-03-23 12:51:00,7.384009,11.228303,20.8,3.21
T07,GL-4592,2026-03-23 12:52:00,7.384558,11.228664,16.2,3.95
T07,GL-4592,2026-03-23 12:53:00,7.384623,11.228959,55.0,5.48
T07,GL-4592,2026-03-23 12:54:00,7.385623,11.229627,38.4,3.62
T07,GL-4592,2026-03-23 12:55:00,7.386106,11.230085,24.2,5.49
T07,GL-4592,2026-03-23 12:56:00,7.386611,11.230204,42.5,3.27
T07,GL-4592,2026-03-23 12:57:00,7.387149,11.230911,29.2,2.99
T07,GL-4592,2026-03-23 12:58:00,7.388163,11.23125,30.7,2.95
T07,GL-4592,2026-03-23 12:59:00,7.388557,11.231819,16.9,5.58
T07,GL-4592,2026-03-23 13:00:00,7.388744,11.232349,52.3,5.36
T07,GL-4592,2026-03-23 13:01:00,7.389054,11.232479,51.2,5.11
T07,GL-4592,2026-03-23 13:02:00,7.389691,11.233228,44.2,3.54
T07,GL-4592,2026-03-23 13:03:00,7.390173,11.233723,33.2,3.94
T07,GL-4592,2026-03-23 13:04:00,7.390449,11.234024,39.5,3.13
T07,GL-4592,2026-03-23 13:05:00,7.391363,11.234419,26.2,4.31
T07,GL-4592,2026-03-23 13:06:00,7.391641,11.235182,37.7,3.54
T07,GL-4592,2026-03-23 13:07:00,7.392513,11.235369,34.8,2.86
T07,GL-4592,2026-03-23 13:08:00,7.392817,11.236216,14.7,3.07
T07,GL-4592,2026-03-23 13:09:00,7.393085,11.236178,40.7,5.51
T07,GL-4592,2026-03-23 13:10:00,7.39349,11.237034,,3.53
T07,GL-4592,2026-03-23 13:11:00,7.394259,11.237355,43.0,5.35
T07,GL-4592,2026-03-23 13:12:00,7.394831,11.237405,52.9,3.8
T07,GL-4592,2026-03-23 13:13:00,7.395102,11.237777,31.6,3.62
T07,GL-4592,2026-03-23 13:14:00,7.395978,11.23829,31.5,3.69
T07,GL-4592,2026-03-23 13:15:00,7.396332,11.23869,38.0,5.11
T07,GL-4592,2026-03-23 13:16:00,7.396646,11.239348,33.0,5.36
T07,GL-4592,2026-03-23 13:17:00,7.397127,11.239819,46.5,5.41
T07,GL-4592,2026-03-23 13:18:00,7.39792,11.239736,31.1,4.18
T07,GL-4592,2026-03-23 13:19:00,7.398267,11.24042,40.5,4.87
T07,GL-4592,2026-03-23 13:20:00,7.399236,11.240808,34.4,5.17
T07,GL-4592,2026-03-23 13:21:00,7.398746,11.241747,27.5,5.57
T07,GL-4592,2026-03-23 13:22:00,7.40003,11.241665,23.7,2.97
T07,GL-4592,2026-03-23 13:23:00,7.40057,11.242249,28.8,3.37
T07,GL-4592,2026-03-23 13:24:00,7.400993,11.242945,20.9,3.41
T07,GL-4592,2026-03-23 13:25:00,7.401253,11.243259,31.8,3.88
T07,GL-4592,2026-03-23 13:26:00,7.402296,11.243708,32.1,3.22
T07,GL-4592,2026-03-23 13:27:00,7.402647,11.244239,44.2,5.37
T07,GL-4592,2026-03-23 13:28:00,7.403068,11.244362,44.0,3.71
T07,GL-4592,2026-03-23 13:29:00,7.40393,11.244983,45.1,4.93
T07,GL-4592,2026-03-23 13:30:00,7.404277,11.245354,56.0,4.84
T07,GL-4592,2026-03-23 13:31:00,7.404562,11.245958,14.4,3.39
T07,GL-4592,2026-03-23 13:32:00,7.405366,11.246059,38.2,2.93
T07,GL-4592,2026-03-23 13:33:00,7.405579,11.247014,27.7,3.64
T07,GL-4592,2026-03-23 13:34:00,7.406252,11.247082,19.0,3.37
T07,GL-4592,2026-03-23 13:35:00,7.406403,11.247361,35.4,4.89
T07,GL-4592,2026-03-23 13:36:00,7.40717,11.248048,20.1,5.13
T07,GL-4592,2026-03-23 13:37:00,7.408017,11.248281,50.3,5.26
T07,GL-4592,2026-03-23 13:38:00,7.407717,11.248407,48.1,3.69
T07,GL-4592,2026-03-23 13:39:00,7.408667,11.249749,23.1,4.15
T07,GL-4592,2026-03-23 13:40:00,7.409262,11.249611,19.4,5.04
T07,GL-4592,2026-03-23 13:41:00,7.409659,11.249915,25.9,5.14
T07,GL-4592,2026-03-23 13:42:00,7.410464,11.250559,51.9,5.24
T07,GL-4592,2026-03-23 13:43:00,7.410849,11.251213,25.2,3.05
T07,GL-4592,2026-03-23 13:44:00,7.411337,11.251216,17.2,5.56
T07,GL-4592,2026-03-23 13:45:00,7.411257,11.251648,54.4,3.75
T07,GL-4592,2026-03-23 13:46:00,7.412048,11.252269,42.8,4.24
T07,GL-4592,2026-03-23 13:47:00,7.412856,11.253024,,2.92
T07,GL-4592,2026-03-23 13:48:00,7.413366,11.25346,30.6,4.42
T07,GL-4592,2026-03-23 13:49:00,7.413928,11.25359,51.3,3.81
T07,GL-4592,2026-03-23 13:50:00,7.414171,11.254378,19.7,4.25
T07,GL-4592,2026-03-23 13:51:00,7.414939,11.254552,53.8,3.15
T07,GL-4592,2026-03-23 13:52:00,7.415022,11.254923,51.8,4.48
T07,GL-4592,2026-03-23 13:53:00,7.416152,11.254901,18.5,4.97
T07,GL-4592,2026-03-23 13:54:00,7.416485,11.255785,37.1,2.98
T07,GL-4592,2026-03-23 13:55:00,7.416772,11.256432,41.5,4.92
T07,GL-4592,2026-03-23 13:56:00,7.417359,11.25683,53.7,3.48
T07,GL-4592,2026-03-23 13:57:00,7.417792,11.256808,56.5,4.94
T07,GL-4592,2026-03-23 13:58:00,7.418404,11.257741,16.2,3.23
T07,GL-4592,2026-03-23 13:59:00,7.418576,11.258887,40.9,3.83
T07,GL-4592,2026-03-23 14:00:00,7.419376,11.25812,52.4,5.48
T07,GL-4592,2026-03-23 14:01:00,7.419904,11.258926,48.3,3.28
T07,GL-4592,2026-03-23 14:02:00,7.420421,11.259432,31.4,5.25
T07,GL-4592,2026-03-23 14:03:00,7.420948,11.259819,47.9,4.14
T07,GL-4592,2026-03-23 14:04:00,7.421164,11.260063,36.6,5.39
T07,GL-4592,2026-03-23 14:05:00,7.421884,11.260658,40.8,4.0
T07,GL-4592,2026-03-23 14:06:00,7.422613,11.261103,34.8,4.94
T07,GL-4592,2026-03-23 14:07:00,7.423062,11.261454,18.5,4.23
T07,GL-4592,2026-03-23 14:08:00,7.423085,11.262292,57.4,4.24
T07,GL-4592,2026-03-23 14:09:00,7.423839,11.262366,25.3,2.91
T07,GL-4592,2026-03-23 14:10:00,7.424516,11.262594,48.2,5.58
T07,GL-4592,2026-03-23 14:11:00,7.424691,11.263128,44.4,4.21
T07,GL-4592,2026-03-23 14:12:00,7.425477,11.2639,49.5,4.48
T07,GL-4592,2026-03-23 14:13:00,7.426327,11.263915,40.9,4.63
T07,GL-4592,2026-03-23 14:14:00,7.426393,11.264658,31.5,3.54
T07,GL-4592,2026-03-23 14:15:00,7.426876,11.265269,19.7,4.91
T07,GL-4592,2026-03-23 14:16:00,7.427209,11.265415,22.5,3.89
T07,GL-4592,2026-03-23 14:17:00,7.428258,11.265739,48.5,4.6
T07,GL-4592,2026-03-23 14:18:00,7.428195,11.26576,17.2,0.55
T07,GL-4592,2026-03-23 14:19:00,7.428188,11.266562,45.7,0.43
T07,GL-4592,2026-03-23 14:20:00,7.428142,11.265625,15.2,0.64
T07,GL-4592,2026-03-23 14:21:00,7.428354,11.266283,28.1,0.54
T07,GL-4592,2026-03-23 14:22:00,7.427795,11.265684,41.5,0.89
T07,GL-4592,2026-03-23 14:23:00,7.428414,11.266327,31.9,0.08
T07,GL-4592,2026-03-23 14:24:00,7.428016,11.26604,21.0,0.89
T07,GL-4592,2026-03-23 14:25:00,7.428004,11.266281,40.6,0.8
T07,GL-4592,2026-03-23 14:26:00,7.428413,11.265753,27.3,0.1
T07,GL-4592,2026-03-23 14:27:00,7.427565,11.265602,34.0,0.67
T07,GL-4592,2026-03-23 14:28:00,7.4276,11.266278,21.1,0.4
T07,GL-4592,2026-03-23 14:29:00,7.428045,11.265373,46.4,0.31
T07,GL-4592,2026-03-23 14:30:00,7.42784,11.266429,47.3,0.37
T07,GL-4592,2026-03-23 14:31:00,7.428406,11.265574,25.2,0.1
T07,GL-4592,2026-03-23 14:32:00,7.42799,11.265505,34.8,0.03
T07,GL-4592,2026-03-23 14:33:00,7.428328,11.266088,46.0,0.67
T07,GL-4592,2026-03-23 14:34:00,7.428377,11.266079,23.6,0.46
T07,GL-4592,2026-03-23 14:35:00,7.428205,11.265794,18.9,0.36
T07,GL-4592,2026-03-23 14:36:00,7.427642,11.26629,28.2,0.24
T07,GL-4592,2026-03-23 14:37:00,7.427751,11.265848,17.8,0.38
T07,GL-4592,2026-03-23 14:38:00,7.427887,11.266392,51.5,0.17
T07,GL-4592,2026-03-23 14:39:00,7.428049,11.266042,45.6,0.66
T07,GL-4592,2026-03-23 14:40:00,7.428366,11.266268,38.6,0.83
T07,GL-4592,2026-03-23 14:41:00,7.428096,11.265386,41.4,0.88
T07,GL-4592,2026-03-23 14:42:00,7.427916,11.266446,40.0,0.41
T07,GL-4592,2026-03-23 14:43:00,7.428162,11.265506,24.8,0.07
T07,GL-4592,2026-03-23 14:44:00,7.427987,11.265897,54.2,0.47
T07,GL-4592,2026-03-23 14:45:00,7.428877,11.266049,51.8,0.78
T07,GL-4592,2026-03-23 14:46:00,7.428385,11.265382,45.0,0.02
T07,GL-4592,2026-03-23 14:47:00,7.428897,11.265828,51.6,5.11
T07,GL-4592,2026-03-23 14:48:00,7.429024,11.265672,37.7,3.32
T07,GL-4592,2026-03-23 14:49:00,7.430156,11.265223,48.6,3.28
T07,GL-4592,2026-03-23 14:50:00,7.430504,11.264928,53.9,4.79
T07,GL-4592,2026-03-23 14:51:00,7.431649,11.264767,41.5,4.88
T07,GL-4592,2026-03-23 14:52:00,7.432174,11.264678,29.3,4.38
T07,GL-4592,2026-03-23 14:53:00,7.432806,11.2641,20.4,4.77
T07,GL-4592,2026-03-23 14:54:00,7.433411,11.263989,15.0,3.46
T07,GL-4592,2026-03-23 14:55:00,7.433748,11.26415,56.5,4.21
T07,GL-4592,2026-03-23 14:56:00,7.434532,11.263714,37.5,2.83
T07,GL-4592,2026-03-23 14:57:00,7.435342,11.262593,36.4,5.47
T07,GL-4592,2026-03-23 14:58:00,7.435856,11.262521,50.4,4.08
T07,GL-4592,2026-03-23 14:59:00,7.436544,11.262413,32.5,3.63
T07,GL-4592,2026-03-23 15:00:00,7.438077,11.261945,48.0,3.97
T07,GL-4592,2026-03-23 15:01:00,7.438494,11.26189,31.0,4.52
T07,GL-4592,2026-03-23 15:02:00,7.438663,11.261451,33.1,5.14
T07,GL-4592,2026-03-23 15:03:00,7.439364,11.261756,28.8,3.99
T07,GL-4592,2026-03-23 15:04:00,7.439907,11.260911,25.5,4.08
T07,GL-4592,2026-03-23 15:05:00,7.440762,11.260645,41.8,2.96
T07,GL-4592,2026-03-23 15:06:00,7.44116,11.260235,32.5,4.28
T07,GL-4592,2026-03-23 15:07:00,7.442151,11.260459,24.1,3.71
T07,GL-4592,2026-03-23 15:08:00,7.442878,11.260335,45.8,5.49
T07,GL-4592,2026-03-23 15:09:00,7.443573,11.259732,46.2,2.85
T07,GL-4592,2026-03-23 15:10:00,7.444336,11.259473,51.1,5.51
T07,GL-4592,2026-03-23 15:11:00,7.444758,11.259516,17.7,4.73
T07,GL-4592,2026-03-23 15:12:00,7.445208,11.258998,25.0,4.03
T07,GL-4592,2026-03-23 15:13:00,7.446359,11.258553,15.7,4.59
T07,GL-4592,2026-03-23 15:14:00,7.446783,11.258416,44.3,5.41
T07,GL-4592,2026-03-23 15:15:00,7.447678,11.258294,47.9,3.81
T07,GL-4592,2026-03-23 15:16:00,7.448263,11.257549,30.6,5.33
T07,GL-4592,2026-03-23 15:17:00,7.448726,11.257463,36.0,4.96
T07,GL-4592,2026-03-23 15:18:00,7.449166,11.257053,47.2,3.87
T07,GL-4592,2026-03-23 15:19:00,7.450081,11.257248,26.0,3.21
T07,GL-4592,2026-03-23 15:20:00,7.450655,11.25648,38.5,5.11
T07,GL-4592,2026-03-23 15:21:00,7.451708,11.256265,26.6,5.31
T07,GL-4592,2026-03-23 15:22:00,7.452263,11.25606,48.8,5.06
T07,GL-4592,2026-03-23 15:23:00,7.452863,11.255412,45.9,5.08
T07,GL-4592,2026-03-23 15:24:00,7.453536,11.255939,38.7,5.48
T07,GL-4592,2026-03-23 15:25:00,7.453838,11.255002,26.7,3.84
T07,GL-4592,2026-03-23 15:26:00,7.454415,11.25476,26.8,4.01
T07,GL-4592,2026-03-23 15:27:00,7.455703,11.25479,49.3,2.81
T07,GL-4592,2026-03-23 15:28:00,7.456287,11.254869,43.5,4.59
T07,GL-4592,2026-03-23 15:29:00,7.456872,11.254295,50.8,3.16
T07,GL-4592,2026-03-23 15:30:00,7.45716,11.25406,26.1,3.4
T07,GL-4592,2026-03-23 15:31:00,7.458388,11.253725,45.4,4.85
T07,GL-4592,2026-03-23 15:32:00,7.458594,11.253522,56.8,3.18
T07,GL-4592,2026-03-23 15:33:00,7.459727,11.253009,14.8,4.23
T07,GL-4592,2026-03-23 15:34:00,7.460369,11.252934,48.4,3.5
T07,GL-4592,2026-03-23 15:35:00,7.460861,11.252323,26.2,4.84
T07,GL-4592,2026-03-23 15:36:00,7.461538,11.252323,50.5,3.93
T07,GL-4592,2026-03-23 15:37:00,7.462298,11.251986,56.3,3.21
T07,GL-4592,2026-03-23 15:38:00,7.462936,11.252001,27.8,4.72
T07,GL-4592,2026-03-23 15:39:00,7.463605,11.25117,36.9,4.81
T07,GL-4592,2026-03-23 15:40:00,7.464243,11.251267,49.6,5.17
T07,GL-4592,2026-03-23 15:41:00,7.464559,11.251316,21.6,4.17
T07,GL-4592,2026-03-23 15:42:00,7.465894,11.250675,47.7,4.01
T07,GL-4592,2026-03-23 15:43:00,7.465836,11.250351,33.1,3.56
T07,GL-4592,2026-03-23 15:44:00,7.467006,11.249843,57.5,4.86
T07,GL-4592,2026-03-23 15:45:00,7.467526,11.249544,42.5,3.79
T07,GL-4592,2026-03-23 15:46:00,7.468123,11.249599,31.8,3.92
T07,GL-4592,2026-03-23 15:47:00,7.468801,11.249409,21.2,4.33
T07,GL-4592,2026-03-23 15:48:00,7.469492,11.249055,24.8,3.3
T07,GL-4592,2026-03-23 15:49:00,7.470153,11.248875,24.0,3.99
T07,GL-4592,2026-03-23 15:50:00,7.47072,11.248493,34.7,3.02
T07,GL-4592,2026-03-23 15:51:00,7.471703,11.248232,29.3,5.26
T07,GL-4592,2026-03-23 15:52:00,7.471848,11.247564,15.2,3.66
T07,GL-4592,2026-03-23 15:53:00,7.472901,11.247356,48.3,4.51
T07,GL-4592,2026-03-23 15:54:00,7.473724,11.247659,19.6,3.51
T07,GL-4592,2026-03-23 15:55:00,7.474407,11.246981,56.3,5.36
T07,GL-4592,2026-03-23 15:56:00,7.47517,11.247046,33.7,4.65
T07,GL-4592,2026-03-23 15:57:00,7.475522,11.247036,43.6,3.45
T07,GL-4592,2026-03-23 15:58:00,7.476292,11.246188,24.8,5.18
T07,GL-4592,2026-03-23 15:59:00,7.477068,11.245772,46.3,4.16
T07,GL-4592,2026-03-23 16:00:00,7.477538,11.245916,,4.16
T07,GL-4592,2026-03-23 16:01:00,7.478305,11.245509,45.4,3.27
T07,GL-4592,2026-03-23 16:02:00,7.479477,11.245273,31.8,4.51
T07,GL-4592,2026-03-23 16:03:00,7.479753,11.244983,44.0,4.25
T07,GL-4592,2026-03-23 16:04:00,7.480115,11.244568,34.9,4.69
T07,GL-4592,2026-03-23 16:05:00,7.480673,11.244078,38.2,4.93
T07,GL-4592,2026-03-23 16:06:00,7.481551,11.244019,32.9,4.3
T07,GL-4592,2026-03-23 16:07:00,7.482534,11.243973,27.5,5.06
T07,GL-4592,2026-03-23 16:08:00,7.482843,11.243815,56.5,4.97
T07,GL-4592,2026-03-23 16:09:00,7.483867,11.243124,52.7,4.11
T07,GL-4592,2026-03-23 16:10:00,7.484472,11.242957,26.2,3.81
T07,GL-4592,2026-03-23 16:11:00,7.485287,11.242918,50.8,5.46
T07,GL-4592,2026-03-23 16:12:00,7.485818,11.242773,45.4,4.83
T07,GL-4592,2026-03-23 16:13:00,7.486527,11.242242,44.2,5.47
T07,GL-4592,2026-03-23 16:14:00,7.487011,11.242012,24.2,5.24
T07,GL-4592,2026-03-23 16:15:00,7.656465,11.241676,24.1,227.32
T07,GL-4592,2026-03-23 16:16:00,7.488086,11.241556,30.8,4.87
T07,GL-4592,2026-03-23 16:17:00,7.489348,11.241112,23.6,5.54
T07,GL-4592,2026-03-23 16:18:00,7.489486,11.240725,18.5,4.61
T07,GL-4592,2026-03-23 16:19:00,7.490454,11.240932,30.4,3.21
T07,GL-4592,2026-03-23 16:20:00,7.491126,11.240532,48.2,5.3
T07,GL-4592,2026-03-23 16:21:00,7.491483,11.239453,42.9,3.47
T07,GL-4592,2026-03-23 16:22:00,7.492098,11.239754,22.2,3.16
T07,GL-4592,2026-03-23 16:23:00,7.492911,11.239305,35.5,4.55
T07,GL-4592,2026-03-23 16:24:00,7.493694,11.239283,15.0,4.34
T07,GL-4592,2026-03-23 16:25:00,7.494418,11.238932,29.9,3.12
T07,GL-4592,2026-03-23 16:26:00,7.495411,11.238408,21.7,3.9
T07,GL-4592,2026-03-23 16:27:00,7.496071,11.238297,35.6,3.86
T07,GL-4592,2026-03-23 16:28:00,7.496142,11.238348,43.5,3.51
T07,GL-4592,2026-03-23 16:29:00,7.4974,11.23801,54.0,3.46
T07,GL-4592,2026-03-23 16:30:00,7.497822,11.237587,20.0,4.26
T07,GL-4592,2026-03-23 16:31:00,7.498387,11.237141,29.5,4.16
T07,GL-4592,2026-03-23 16:32:00,7.499167,11.23711,33.8,3.99
T07,GL-4592,2026-03-23 16:33:00,7.499936,11.236865,49.8,5.08
T07,GL-4592,2026-03-23 16:34:00,7.500529,11.236316,57.3,3.5
T07,GL-4592,2026-03-23 16:35:00,7.500882,11.235974,36.1,2.98
T07,GL-4592,2026-03-23 16:36:00,7.502109,11.235904,39.9,4.3
T07,GL-4592,2026-03-23 16:37:00,7.502804,11.235846,38.4,4.03
T07,GL-4592,2026-03-23 16:38:00,7.503112,11.235182,37.7,4.88
T07,GL-4592,2026-03-23 16:39:00,7.503769,11.235432,50.4,5.18
T07,GL-4592,2026-03-23 16:40:00,7.504115,11.234902,16.8,3.85
T07,GL-4592,2026-03-23 16:41:00,7.505053,11.234668,35.1,5.44
T07,GL-4592,2026-03-23 16:42:00,7.505938,11.234026,45.1,5.23
T07,GL-4592,2026-03-23 16:43:00,7.506321,11.233822,17.9,3.09
T07,GL-4592,2026-03-23 16:44:00,7.506785,11.23367,53.8,4.8
T07,GL-4592,2026-03-23 16:45:00,7.507543,11.233376,49.4,3.44
T07,GL-4592,2026-03-23 16:46:00,7.508491,11.233212,14.5,2.95
T07,GL-4592,2026-03-23 16:47:00,7.509463,11.232784,20.0,5.07
T07,GL-4592,2026-03-23 16:48:00,7.509776,11.232333,58.0,3.43
T07,GL-4592,2026-03-23 16:49:00,7.510694,11.232293,42.1,3.46
T07,GL-4592,2026-03-23 16:50:00,7.511106,11.232324,16.9,4.39
T07,GL-4592,2026-03-23 16:51:00,7.511577,11.231909,22.1,2.94
T07,GL-4592,2026-03-23 16:52:00,7.512517,11.231662,45.7,4.66
T07,GL-4592,2026-03-23 16:53:00,7.513063,11.2313,23.0,3.31
T07,GL-4592,2026-03-23 16:54:00,7.51405,11.231013,15.5,4.59
T07,GL-4592,2026-03-23 16:55:00,7.514616,11.230904,17.2,4.49
T07,GL-4592,2026-03-23 16:56:00,7.514738,11.230489,36.7,5.38
T07,GL-4592,2026-03-23 16:57:00,7.515425,11.230708,47.7,5.21
T07,GL-4592,2026-03-23 16:58:00,7.51663,11.229808,35.5,5.53
T07,GL-4592,2026-03-23 16:59:00,7.517293,11.229739,15.1,4.62
T07,GL-4592,2026-03-23 17:00:00,7.518389,11.229494,26.1,4.55
T07,GL-4592,2026-03-23 17:01:00,7.518703,11.228915,17.7,3.18
T07,GL-4592,2026-03-23 17:02:00,7.519701,11.229093,16.4,4.77
T07,GL-4592,2026-03-23 17:03:00,7.519694,11.228862,34.2,5.58
T07,GL-4592,2026-03-23 17:04:00,7.520556,11.2282,43.4,2.96
T07,GL-4592,2026-03-23 17:05:00,7.520866,11.228014,14.6,3.65
T07,GL-4592,2026-03-23 17:06:00,7.52157,11.227635,21.9,5.45
T07,GL-4592,2026-03-23 17:07:00,7.522481,11.227288,51.1,3.94
T07,GL-4592,2026-03-23 17:08:00,7.523429,11.227117,21.5,5.45
T07,GL-4592,2026-03-23 17:09:00,7.523508,11.227157,17.7,3.69
T07,GL-4592,2026-03-23 17:10:00,7.524282,11.226712,49.5,3.24
T07,GL-4592,2026-03-23 17:11:00,7.525184,11.226351,22.6,4.42
T07,GL-4592,2026-03-23 17:12:00,7.52591,11.226227,50.7,4.55
T07,GL-4592,2026-03-23 17:13:00,7.526248,11.225866,14.7,5.09
T07,GL-4592,2026-03-23 17:14:00,7.527358,11.225015,33.9,3.39
T07,GL-4592,2026-03-23 17:15:00,7.527684,11.225625,53.9,4.33
T07,GL-4592,2026-03-23 17:16:00,7.528406,11.224766,52.9,2.89
T07,GL-4592,2026-03-23 17:17:00,7.529242,11.224942,31.0,4.51
T07,GL-4592,2026-03-23 17:18:00,7.53024,11.224427,35.4,2.8
T07,GL-4592,2026-03-23 17:19:00,7.530382,11.224157,20.3,4.84
T07,GL-4592,2026-03-23 17:20:00,7.53102,11.224155,19.1,4.71
T07,GL-4592,2026-03-23 17:21:00,7.531848,11.223416,45.5,5.4
T07,GL-4592,2026-03-23 17:22:00,7.532733,11.223437,56.7,3.88
T07,GL-4592,2026-03-23 17:23:00,7.533094,11.223056,16.5,3.38
T07,GL-4592,2026-03-23 17:24:00,7.533667,11.223069,54.0,4.57
T07,GL-4592,2026-03-23 17:25:00,7.53442,11.222764,31.8,3.46
T07,GL-4592,2026-03-23 17:26:00,7.535511,11.222719,30.4,3.46
T07,GL-4592,2026-03-23 17:27:00,7.536146,11.221635,27.7,3.57
T07,GL-4592,2026-03-23 17:28:00,7.536236,11.221597,44.8,5.49
T07,GL-4592,2026-03-23 17:29:00,7.536935,11.221076,53.3,3.61
T07,GL-4592,2026-03-23 17:30:00,7.537846,11.221026,47.1,4.72
T07,GL-4592,2026-03-23 17:31:00,7.53855,11.220976,18.6,3.14
T07,GL-4592,2026-03-23 17:32:00,7.539763,11.22074,19.9,5.34
T07,GL-4592,2026-03-23 17:33:00,7.539961,11.220458,22.1,5.4
T07,GL-4592,2026-03-23 17:34:00,7.54043,11.22019,52.6,3.75
T07,GL-4592,2026-03-23 17:35:00,7.541388,11.219553,35.3,4.1
T07,GL-4592,2026-03-23 17:36:00,7.541915,11.219537,42.2,4.54
T07,GL-4592,2026-03-23 17:37:00,7.542642,11.218992,23.7,5.16
T07,GL-4592,2026-03-23 17:38:00,7.543343,11.219036,33.6,4.36
T07,GL-4592,2026-03-23 17:39:00,7.544119,11.218683,49.4,3.19
T07,GL-4592,2026-03-23 17:40:00,7.544836,11.21882,48.3,3.33
T07,GL-4592,2026-03-23 17:41:00,7.544917,11.217927,52.7,5.58
T07,GL-4592,2026-03-23 17:42:00,7.546044,11.217508,35.8,5.0
T07,GL-4592,2026-03-23 17:43:00,7.546107,11.217785,30.5,5.49
T07,GL-4592,2026-03-23 17:44:00,7.547746,11.217339,24.6,5.39
T07,GL-4592,2026-03-23 17:45:00,7.547855,11.216974,,3.75
T07,GL-4592,2026-03-23 17:46:00,7.548622,11.216814,48.5,2.88
T07,GL-4592,2026-03-23 17:47:00,7.549349,11.216644,14.3,3.55
T07,GL-4592,2026-03-23 17:48:00,7.549698,11.216512,44.5,4.91
T07,GL-4592,2026-03-23 17:49:00,7.550839,11.215677,50.6,4.52
T07,GL-4592,2026-03-23 17:50:00,7.55109,11.215951,50.5,4.15
T07,GL-4592,2026-03-23 17:51:00,7.552096,11.215387,49.0,4.15
T07,GL-4592,2026-03-23 17:52:00,7.552684,11.215298,23.1,5.5
T07,GL-4592,2026-03-23 17:53:00,7.553286,11.214691,23.8,4.62
T07,GL-4592,2026-03-23 17:54:00,7.554084,11.214761,37.1,3.13
T07,GL-4592,2026-03-23 17:55:00,7.554533,11.214223,30.2,5.36
T07,GL-4592,2026-03-23 17:56:00,7.555627,11.21396,34.5,4.39
T07,GL-4592,2026-03-23 17:57:00,7.555831,11.213682,51.9,5.18
T07,GL-4592,2026-03-23 17:58:00,7.556595,11.213183,43.7,3.62
T07,GL-4592,2026-03-23 17:59:00,7.557457,11.212813,27.4,3.72
T07,GL-4592,2026-03-23 18:00:00,7.558032,11.213,23.9,5.02
T07,GL-4592,2026-03-23 18:01:00,7.558959,11.212514,56.1,3.89
T07,GL-4592,2026-03-23 18:02:00,7.559503,11.212396,42.3,5.12
T07,GL-4592,2026-03-23 18:03:00,7.560494,11.211848,49.7,2.86
T07,GL-4592,2026-03-23 18:04:00,7.560682,11.211519,34.0,5.51
T07,GL-4592,2026-03-23 18:05:00,7.560963,11.211872,21.6,5.1
T07,GL-4592,2026-03-23 18:06:00,7.561975,11.211505,17.9,5.29
T07,GL-4592,2026-03-23 18:07:00,7.562877,11.211143,32.6,4.0
T07,GL-4592,2026-03-23 18:08:00,7.563488,11.210976,22.6,3.03
T07,GL-4592,2026-03-23 18:09:00,7.563876,11.210269,37.8,3.68
T07,GL-4592,2026-03-23 18:10:00,7.564545,11.210394,52.9,3.08
T07,GL-4592,2026-03-23 18:11:00,7.565382,11.210107,23.6,4.98
T07,GL-4592,2026-03-23 18:12:00,7.566399,11.209594,16.5,5.29
T07,GL-4592,2026-03-23 18:13:00,7.566534,11.209425,41.1,2.92
T07,GL-4592,2026-03-23 18:14:00,7.56753,11.209271,50.7,4.33
T07,GL-4592,2026-03-23 18:15:00,7.567849,11.208501,47.4,4.12
T07,GL-4592,2026-03-23 18:16:00,7.568697,11.208609,51.5,5.22
T07,GL-4592,2026-03-23 18:17:00,7.569418,11.208248,29.9,4.68
T07,GL-4592,2026-03-23 18:18:00,7.570085,11.208038,30.5,5.36
T07,GL-4592,2026-03-23 18:19:00,7.570917,11.207684,47.3,5.36
T07,GL-4592,2026-03-23 18:20:00,7.571378,11.207614,31.0,3.12
T07,GL-4592,2026-03-23 18:21:00,7.572059,11.207393,23.0,2.83
T07,GL-4592,2026-03-23 18:22:00,7.572841,11.206932,41.3,5.33
T07,GL-4592,2026-03-23 18:23:00,7.573855,11.206504,27.9,5.08
T07,GL-4592,2026-03-23 18:24:00,7.574172,11.206251,53.1,4.67
T07,GL-4592,2026-03-23 18:25:00,7.574973,11.206058,34.1,3.66
T07,GL-4592,2026-03-23 18:26:00,7.575634,11.205993,22.4,5.16
T07,GL-4592,2026-03-23 18:27:00,7.57578,11.205232,23.2,2.92
T07,GL-4592,2026-03-23 18:28:00,7.576655,11.205191,51.9,4.19
T07,GL-4592,2026-03-23 18:29:00,7.577547,11.205072,43.2,4.57
T07,GL-4592,2026-03-23 18:30:00,7.577925,11.204453,54.8,5.18
T07,GL-4592,2026-03-23 18:31:00,7.57892,11.204481,19.2,2.9
T07,GL-4592,2026-03-23 18:32:00,7.579427,11.204554,45.8,2.89
T07,GL-4592,2026-03-23 18:33:00,7.580061,11.203843,14.8,3.69
T07,GL-4592,2026-03-23 18:34:00,7.580852,11.203827,25.3,2.86
T07,GL-4592,2026-03-23 18:35:00,7.581043,11.203328,52.3,4.72
T07,GL-4592,2026-03-23 18:36:00,7.582113,11.203051,51.3,4.15
T07,GL-4592,2026-03-23 18:37:00,7.582947,11.202576,29.0,3.87
T07,GL-4592,2026-03-23 18:38:00,7.583568,11.203192,30.2,4.42
T07,GL-4592,2026-03-23 18:39:00,7.584033,11.202342,54.8,5.2
T07,GL-4592,2026-03-23 18:40:00,7.585141,11.202116,26.7,2.95
T07,GL-4592,2026-03-23 18:41:00,7.58519,11.201482,33.8,3.47
T07,GL-4592,2026-03-23 18:42:00,7.5865,11.201918,48.9,3.12
T07,GL-4592,2026-03-23 18:43:00,7.586891,11.201482,45.2,2.92
T07,GL-4592,2026-03-23 18:44:00,7.587729,11.201246,17.6,2.98
T07,GL-4592,2026-03-23 18:45:00,7.587788,11.200514,,4.2
T07,GL-4592,2026-03-23 18:46:00,7.588777,11.199906,27.2,3.8
T07,GL-4592,2026-03-23 18:47:00,7.589697,11.199922,43.9,2.84
T07,GL-4592,2026-03-23 18:48:00,7.589905,11.199548,38.7,5.04
T07,GL-4592,2026-03-23 18:49:00,7.590754,11.199875,15.9,5.53
T07,GL-4592,2026-03-23 18:50:00,7.591364,11.199203,52.0,2.93
T07,GL-4592,2026-03-23 18:51:00,7.592516,11.198932,47.2,5.43
T07,GL-4592,2026-03-23 18:52:00,7.592603,11.198688,26.9,3.31
T07,GL-4592,2026-03-23 18:53:00,7.593191,11.198501,57.7,3.12
T07,GL-4592,2026-03-23 18:54:00,7.593947,11.198084,33.7,4.35
T07,GL-4592,2026-03-23 18:55:00,7.341519,11.198118,37.8,192.96
T07,GL-4592,2026-03-23 18:56:00,7.595637,11.197548,43.4,2.98
T07,GL-4592,2026-03-23 18:57:00,7.596223,11.1972,17.8,4.99
T07,GL-4592,2026-03-23 18:58:00,7.596942,11.196665,33.5,3.71
T07,GL-4592,2026-03-23 18:59:00,7.597453,11.196525,14.5,4.1
T07,GL-4592,2026-03-23 19:00:00,7.598171,11.196551,39.7,4.91
T07,GL-4592,2026-03-23 19:01:00,7.599428,11.19605,38.7,4.01
T07,GL-4592,2026-03-23 19:02:00,7.599625,11.196297,17.4,3.23
T07,GL-4592,2026-03-23 19:03:00,7.600185,11.195983,15.5,4.35
T07,GL-4592,2026-03-23 19:04:00,7.601064,11.19558,53.6,2.82
T07,GL-4592,2026-03-23 19:05:00,7.602043,11.194971,33.5,3.7
T07,GL-4592,2026-03-23 19:06:00,7.602154,11.194729,42.9,5.25
T07,GL-4592,2026-03-23 19:07:00,7.602727,11.194359,25.3,4.21
T07,GL-4592,2026-03-23 19:08:00,7.603381,11.194188,27.3,5.18
T07,GL-4592,2026-03-23 19:09:00,7.604112,11.19427,21.9,4.62
T07,GL-4592,2026-03-23 19:10:00,7.60479,11.193648,22.2,3.27
T07,GL-4592,2026-03-23 19:11:00,7.605662,11.193169,32.0,4.66
T07,GL-4592,2026-03-23 19:12:00,7.606122,11.193422,32.3,3.66
T07,GL-4592,2026-03-23 19:13:00,7.606661,11.193181,26.0,3.1
T07,GL-4592,2026-03-23 19:14:00,7.607288,11.192527,28.2,4.86
T07,GL-4592,2026-03-23 19:15:00,7.608359,11.192451,44.3,5.13
T07,GL-4592,2026-03-23 19:16:00,7.60871,11.192281,19.4,4.94
T07,GL-4592,2026-03-23 19:17:00,7.609763,11.191864,18.0,4.1
T07,GL-4592,2026-03-23 19:18:00,7.610027,11.191645,51.6,2.93
T07,GL-4592,2026-03-23 19:19:00,7.611297,11.191724,54.6,2.87
T07,GL-4592,2026-03-23 19:20:00,7.611867,11.190738,37.8,5.37
T07,GL-4592,2026-03-23 19:21:00,7.611971,11.190775,34.1,5.24
T07,GL-4592,2026-03-23 19:22:00,7.613043,11.190211,25.8,5.09
T07,GL-4592,2026-03-23 19:23:00,7.613558,11.190476,29.1,4.76
T07,GL-4592,2026-03-23 19:24:00,7.614578,11.189963,20.9,3.12
T07,GL-4592,2026-03-23 19:25:00,7.615118,11.189643,42.0,3.09
T07,GL-4592,2026-03-23 19:26:00,7.615373,11.189484,36.2,3.14
T07,GL-4592,2026-03-23 19:27:00,7.61629,11.189385,41.4,5.16
T07,GL-4592,2026-03-23 19:28:00,7.616925,11.189018,38.3,4.66
T07,GL-4592,2026-03-23 19:29:00,7.617573,11.188731,49.4,4.12
T07,GL-4592,2026-03-23 19:30:00,7.618354,11.188688,43.8,4.26
T07,GL-4592,2026-03-23 19:31:00,7.618788,11.188004,34.6,4.43
T07,GL-4592,2026-03-23 19:32:00,7.619533,11.18787,49.0,4.69
T07,GL-4592,2026-03-23 19:33:00,7.620106,11.187934,42.3,5.49
T07,GL-4592,2026-03-23 19:34:00,7.620781,11.187097,55.9,3.92
T07,GL-4592,2026-03-23 19:35:00,7.621644,11.186676,16.2,3.35
T07,GL-4592,2026-03-23 19:36:00,7.622049,11.186683,30.9,4.89
T07,GL-4592,2026-03-23 19:37:00,7.622609,11.186463,29.1,5.56
T07,GL-4592,2026-03-23 19:38:00,7.623702,11.186208,55.9,2.94
T07,GL-4592,2026-03-23 19:39:00,7.624078,11.18609,32.0,3.86
T07,GL-4592,2026-03-23 19:40:00,7.624631,11.185705,52.3,3.95
T07,GL-4592,2026-03-23 19:41:00,7.625439,11.185569,37.9,5.59
T07,GL-4592,2026-03-23 19:42:00,7.626144,11.184951,55.5,4.7
T07,GL-4592,2026-03-23 19:43:00,7.627064,11.185241,57.7,4.52
T07,GL-4592,2026-03-23 19:44:00,7.627753,11.18421,29.0,4.38
T07,GL-4592,2026-03-23 19:45:00,7.628099,11.184681,34.4,4.32
T07,GL-4592,2026-03-23 19:46:00,7.629047,11.184091,18.7,2.83
T07,GL-4592,2026-03-23 19:47:00,7.629711,11.183946,14.3,3.51
T07,GL-4592,2026-03-23 19:48:00,7.631,11.183555,16.5,5.52
T07,GL-4592,2026-03-23 19:49:00,7.630972,11.182896,51.1,3.83
T07,GL-4592,2026-03-23 19:50:00,7.631877,11.183018,16.5,3.19
T07,GL-4592,2026-03-23 19:51:00,7.632473,11.182522,,4.82
T07,GL-4592,2026-03-23 19:52:00,7.633164,11.182127,19.5,5.32
T07,GL-4592,2026-03-23 19:53:00,7.63393,11.182016,22.8,4.32
T07,GL-4592,2026-03-23 19:54:00,7.634131,11.181913,36.7,5.1
T07,GL-4592,2026-03-23 19:55:00,7.635305,11.181375,,5.58
T07,GL-4592,2026-03-23 19:56:00,7.635504,11.181133,17.5,4.71
T07,GL-4592,2026-03-23 19:57:00,7.63697,11.181169,43.4,2.95
T07,GL-4592,2026-03-23 19:58:00,7.63691,11.180677,27.8,5.56
T07,GL-4592,2026-03-23 19:59:00,7.637863,11.180046,39.7,4.38
T07,GL-4592,2026-03-23 20:00:00,7.638251,11.180395,41.9,3.2
T07,GL-4592,2026-03-23 20:01:00,7.638957,11.180213,33.7,2.93
T07,GL-4592,2026-03-23 20:02:00,7.639744,11.179352,48.4,4.41
T07,GL-4592,2026-03-23 20:03:00,7.640205,11.178995,27.9,4.53
T07,GL-4592,2026-03-23 20:04:00,7.641418,11.179093,45.0,3.21
T07,GL-4592,2026-03-23 20:05:00,7.642601,11.178863,47.4,4.56
T07,GL-4592,2026-03-23 20:06:00,7.642253,11.178751,24.8,3.4
T07,GL-4592,2026-03-23 20:07:00,7.643076,11.177996,15.7,3.69
T07,GL-4592,2026-03-23 20:08:00,7.643911,11.177747,40.7,3.29
T07,GL-4592,2026-03-23 20:09:00,7.643986,11.177455,20.4,5.11
T07,GL-4592,2026-03-23 20:10:00,7.644578,11.177498,25.8,5.0
T07,GL-4592,2026-03-23 20:11:00,7.64589,11.177237,39.3,4.94
T07,GL-4592,2026-03-23 20:12:00,7.646488,11.177108,36.3,3.56
T07,GL-4592,2026-03-23 20:13:00,7.327136,11.176608,24.6,357.84
T07,GL-4592,2026-03-23 20:14:00,7.647921,11.176797,18.9,4.24
T07,GL-4592,2026-03-23 20:15:00,7.648782,11.176538,32.7,4.88
T07,GL-4592,2026-03-23 20:16:00,7.648956,11.17576,23.2,3.8
T07,GL-4592,2026-03-23 20:17:00,7.649817,11.17534,24.4,3.01
T07,GL-4592,2026-03-23 20:18:00,7.65017,11.175365,41.2,3.85
T07,GL-4592,2026-03-23 20:19:00,7.650865,11.17505,35.6,3.13
T07,GL-4592,2026-03-23 20:20:00,7.651929,11.174393,18.5,4.24
T07,GL-4592,2026-03-23 20:21:00,7.652619,11.174496,56.5,3.83
T07,GL-4592,2026-03-23 20:22:00,7.653017,11.174217,24.3,5.5
T07,GL-4592,2026-03-23 20:23:00,7.653662,11.173604,47.0,3.54
T07,GL-4592,2026-03-23 20:24:00,7.654606,11.17376,17.2,3.15
T07,GL-4592,2026-03-23 20:25:00,7.655241,11.17342,26.9,3.3
T07,GL-4592,2026-03-23 20:26:00,7.655313,11.173265,43.9,4.39
T07,GL-4592,2026-03-23 20:27:00,7.656723,11.172763,38.4,4.45
T07,GL-4592,2026-03-23 20:28:00,7.657092,11.17246,47.3,5.13
T07,GL-4592,2026-03-23 20:29:00,7.657895,11.172169,43.6,5.17
T07,GL-4592,2026-03-23 20:30:00,7.658279,11.171959,36.7,5.44
T07,GL-4592,2026-03-23 20:31:00,7.659273,11.171431,26.4,4.23
T07,GL-4592,2026-03-23 20:32:00,7.660063,11.171838,27.4,3.36
T07,GL-4592,2026-03-23 20:33:00,7.660581,11.171014,42.6,4.74
T07,GL-4592,2026-03-23 20:34:00,7.661331,11.170808,22.6,4.83
T07,GL-4592,2026-03-23 20:35:00,7.661741,11.170694,16.8,4.89
T07,GL-4592,2026-03-23 20:36:00,7.662599,11.170434,35.4,2.87
T07,GL-4592,2026-03-23 20:37:00,7.663225,11.169938,22.0,4.45
T07,GL-4592,2026-03-23 20:38:00,7.664137,11.169722,23.6,3.56
T07,GL-4592,2026-03-23 20:39:00,7.664621,11.169556,51.5,3.68
T07,GL-4592,2026-03-23 20:40:00,7.665201,11.169413,56.0,3.83
T07,GL-4592,2026-03-23 20:41:00,7.665994,11.168928,45.6,3.52
T07,GL-4592,2026-03-23 20:42:00,7.666423,11.168671,50.7,4.97
T07,GL-4592,2026-03-23 20:43:00,7.667151,11.168589,31.2,5.12
T07,GL-4592,2026-03-23 20:44:00,7.667737,11.168146,31.6,5.49
T07,GL-4592,2026-03-23 20:45:00,7.668805,11.167746,28.3,3.46
T07,GL-4592,2026-03-23 20:46:00,7.668961,11.167782,45.1,4.56
T07,GL-4592,2026-03-23 20:47:00,7.669904,11.16737,21.6,5.19
T07,GL-4592,2026-03-23 20:48:00,7.670765,11.166963,22.9,4.31
T07,GL-4592,2026-03-23 20:49:00,7.671312,11.166402,46.1,4.36
T07,GL-4592,2026-03-23 20:50:00,7.672087,11.166715,18.0,5.05
T07,GL-4592,2026-03-23 20:51:00,7.672462,11.166031,41.4,4.28
T07,GL-4592,2026-03-23 20:52:00,7.67334,11.165937,38.9,4.09
T07,GL-4592,2026-03-23 20:53:00,7.674034,11.165484,36.2,3.04
T07,GL-4592,2026-03-23 20:54:00,7.674764,11.165455,26.0,5.49
T07,GL-4592,2026-03-23 20:55:00,7.675296,11.165023,16.9,4.8
T07,GL-4592,2026-03-23 20:56:00,7.675732,11.164775,15.8,4.13
T07,GL-4592,2026-03-23 20:57:00,7.676456,11.164706,54.3,4.78
T07,GL-4592,2026-03-23 20:58:00,7.67745,11.163833,32.1,3.31
T07,GL-4592,2026-03-23 20:59:00,7.678258,11.164084,43.8,3.76
T07,GL-4592,2026-03-23 21:00:00,7.678582,11.164162,26.7,3.29
T07,GL-4592,2026-03-23 21:01:00,7.67984,11.163917,55.2,3.99
T07,GL-4592,2026-03-23 21:02:00,7.679714,11.163213,54.1,4.48
T07,GL-4592,2026-03-23 21:03:00,7.680623,11.162925,42.5,4.33
T07,GL-4592,2026-03-23 21:04:00,7.681209,11.162289,26.7,3.66
T07,GL-4592,2026-03-23 21:05:00,7.682116,11.162322,42.6,3.16
T07,GL-4592,2026-03-23 21:06:00,7.682747,11.161525,22.9,4.57
T07,GL-4592,2026-03-23 21:07:00,7.683083,11.161782,48.8,3.0
T07,GL-4592,2026-03-23 21:08:00,7.684265,11.161699,43.1,4.71
T07,GL-4592,2026-03-23 21:09:00,7.684601,11.161325,,5.57
T07,GL-4592,2026-03-23 21:10:00,7.685591,11.161073,51.1,4.25
T07,GL-4592,2026-03-23 21:11:00,7.686217,11.160366,44.7,4.09
T07,GL-4592,2026-03-23 21:12:00,7.687075,11.160528,19.9,3.05
T07,GL-4592,2026-03-23 21:13:00,7.687705,11.159873,48.2,5.59
T07,GL-4592,2026-03-23 21:14:00,7.687704,11.159778,48.7,5.04
T07,GL-4592,2026-03-23 21:15:00,7.688719,11.159758,45.7,4.02
T07,GL-4592,2026-03-23 21:16:00,7.68924,11.159366,53.7,5.49
T07,GL-4592,2026-03-23 21:17:00,7.689793,11.159179,44.7,3.09
T07,GL-4592,2026-03-23 21:18:00,7.690592,11.159125,23.5,4.8
T07,GL-4592,2026-03-23 21:19:00,7.691086,11.158586,41.0,4.29
T07,GL-4592,2026-03-23 21:20:00,7.691961,11.158236,20.0,4.14
T07,GL-4592,2026-03-23 21:21:00,7.692819,11.158275,49.5,3.45
T07,GL-4592,2026-03-23 21:22:00,7.693219,11.157973,31.7,4.09
T07,GL-4592,2026-03-23 21:23:00,7.693639,11.157657,22.3,3.87
T07,GL-4592,2026-03-23 21:24:00,7.694633,11.157195,27.0,3.5
T07,GL-4592,2026-03-23 21:25:00,7.695413,11.15668,56.5,4.52
T07,GL-4592,2026-03-23 21:26:00,7.696215,11.156673,47.4,5.39
T07,GL-4592,2026-03-23 21:27:00,7.697018,11.156521,48.6,3.1
T07,GL-4592,2026-03-23 21:28:00,7.697397,11.15594,52.8,4.22
T07,GL-4592,2026-03-23 21:29:00,7.698122,11.155801,45.4,5.22
T07,GL-4592,2026-03-23 21:30:00,7.698805,11.155096,36.6,4.85
T07,GL-4592,2026-03-23 21:31:00,7.699596,11.155254,18.8,4.54
T07,GL-4592,2026-03-23 21:32:00,7.700299,11.155049,52.4,4.58
T07,GL-4592,2026-03-23 21:33:00,7.700606,11.154803,43.3,5.26
T07,GL-4592,2026-03-23 21:34:00,7.701557,11.154429,35.2,4.01
T07,GL-4592,2026-03-23 21:35:00,7.702155,11.154175,19.6,5.57
T07,GL-4592,2026-03-23 21:36:00,7.70235,11.154052,39.8,4.49
T07,GL-4592,2026-03-23 21:37:00,7.70333,11.153474,46.9,4.32
T07,GL-4592,2026-03-23 21:38:00,7.704222,11.154087,23.4,4.56
T07,GL-4592,2026-03-23 21:39:00,7.705021,11.152613,15.0,5.17
T07,GL-4592,2026-03-23 21:40:00,7.705315,11.152501,55.4,5.17
T07,GL-4592,2026-03-23 21:41:00,7.705834,11.152561,24.6,3.19
T07,GL-4592,2026-03-23 21:42:00,7.707065,11.152485,29.0,4.77
T07,GL-4592,2026-03-23 21:43:00,7.707225,11.15252,51.6,5.28
T07,GL-4592,2026-03-23 21:44:00,7.708289,11.151804,30.3,3.5
T07,GL-4592,2026-03-23 21:45:00,7.708787,11.151526,31.9,4.22
T07,GL-4592,2026-03-23 21:46:00,7.709267,11.151066,19.6,4.77
T07,GL-4592,2026-03-23 21:47:00,7.710261,11.151143,53.7,3.76
T07,GL-4592,2026-03-23 21:48:00,7.860261,11.150908,35.4,469.49
T07,GL-4592,2026-03-23 21:49:00,7.711385,11.150134,53.3,5.5
T07,GL-4592,2026-03-23 21:50:00,7.711992,11.150279,38.5,4.28
T07,GL-4592,2026-03-23 21:51:00,7.712897,11.149474,27.2,2.96
T07,GL-4592,2026-03-23 21:52:00,7.713235,11.149633,44.3,5.46
T07,GL-4592,2026-03-23 21:53:00,7.714155,11.149434,20.4,3.46
T07,GL-4592,2026-03-23 21:54:00,7.714844,11.148903,25.5,3.64
T07,GL-4592,2026-03-23 21:55:00,7.715253,11.148781,18.7,4.59
T07,GL-4592,2026-03-23 21:56:00,7.71635,11.14854,44.8,5.32
T07,GL-4592,2026-03-23 21:57:00,7.716908,11.148074,44.3,4.63
T07,GL-4592,2026-03-23 21:58:00,7.71743,11.147906,29.9,5.29
T07,GL-4592,2026-03-23 21:59:00,7.718257,11.147508,42.6,4.08
T07,GL-4592,2026-03-23 22:00:00,7.718918,11.147521,42.7,3.67
T07,GL-4592,2026-03-23 22:01:00,7.719426,11.147058,,3.57
T07,GL-4592,2026-03-23 22:02:00,7.720183,11.146754,15.0,5.41
T07,GL-4592,2026-03-23 22:03:00,7.72089,11.14651,40.4,3.48
T07,GL-4592,2026-03-23 22:04:00,7.721335,11.14624,47.2,3.17
T07,GL-4592,2026-03-23 22:05:00,7.721893,11.146124,20.1,2.84
T07,GL-4592,2026-03-23 22:06:00,7.722955,11.145513,18.3,3.86
T07,GL-4592,2026-03-23 22:07:00,7.723409,11.145359,,3.14
T07,GL-4592,2026-03-23 22:08:00,7.7237,11.145023,33.9,5.21
T07,GL-4592,2026-03-23 22:09:00,7.724999,11.144895,21.4,3.72
T07,GL-4592,2026-03-23 22:10:00,7.72529,11.144745,44.1,3.43
T07,GL-4592,2026-03-23 22:11:00,7.726351,11.144462,35.1,4.37
T07,GL-4592,2026-03-23 22:12:00,7.726717,11.144213,18.4,4.42
T07,GL-4592,2026-03-23 22:13:00,7.727392,11.143877,27.3,5.21
T07,GL-4592,2026-03-23 22:14:00,7.727979,11.144139,27.2,3.45
T07,GL-4592,2026-03-23 22:15:00,7.728786,11.14304,45.8,5.14
T07,GL-4592,2026-03-23 22:16:00,7.729144,11.142771,33.5,3.8
T07,GL-4592,2026-03-23 22:17:00,7.730141,11.142372,44.1,3.44
T07,GL-4592,2026-03-23 22:18:00,7.730614,11.14275,,5.04
T07,GL-4592,2026-03-23 22:19:00,7.731377,11.142399,37.0,4.28
T07,GL-4592,2026-03-23 22:20:00,7.73216,11.141873,16.9,4.89
T07,GL-4592,2026-03-23 22:21:00,7.732878,11.141123,30.1,3.85
T07,GL-4592,2026-03-23 22:22:00,7.733546,11.141415,54.5,3.5
T07,GL-4592,2026-03-23 22:23:00,7.734353,11.140618,46.0,3.46
T07,GL-4592,2026-03-23 22:24:00,7.735027,11.140676,46.0,4.45
T07,GL-4592,2026-03-23 22:25:00,7.735798,11.14034,40.2,4.15
T07,GL-4592,2026-03-23 22:26:00,7.736246,11.140261,19.0,3.59
T07,GL-4592,2026-03-23 22:27:00,7.736812,11.139987,45.1,3.5
T07,GL-4592,2026-03-23 22:28:00,7.73727,11.139807,44.8,4.79
T07,GL-4592,2026-03-23 22:29:00,7.738087,11.139324,45.2,3.85
T07,GL-4592,2026-03-23 22:30:00,7.738385,11.139117,21.4,4.65
T07,GL-4592,2026-03-23 22:31:00,7.739253,11.138898,17.2,3.3
T07,GL-4592,2026-03-23 22:32:00,7.740358,11.138441,37.7,4.92
T07,GL-4592,2026-03-23 22:33:00,7.740204,11.138541,53.3,4.56
T07,GL-4592,2026-03-23 22:34:00,7.741977,11.13796,28.6,3.99
T07,GL-4592,2026-03-23 22:35:00,7.742049,11.137706,41.3,3.56
T07,GL-4592,2026-03-23 22:36:00,7.742986,11.137543,36.9,3.25
T07,GL-4592,2026-03-23 22:37:00,7.743592,11.137254,27.9,4.93
T07,GL-4592,2026-03-23 22:38:00,7.744498,11.137114,,4.96
T07,GL-4592,2026-03-23 22:39:00,7.744729,11.136581,34.5,3.7
T07,GL-4592,2026-03-23 22:40:00,7.745227,11.136393,29.7,4.56
T07,GL-4592,2026-03-23 22:41:00,7.746083,11.136309,28.1,4.56
T07,GL-4592,2026-03-23 22:42:00,7.746718,11.1357,49.5,4.07
T07,GL-4592,2026-03-23 22:43:00,7.747359,11.136004,52.1,4.41
T07,GL-4592,2026-03-23 22:44:00,7.748622,11.135457,22.5,4.36
T07,GL-4592,2026-03-23 22:45:00,7.748883,11.134923,28.2,4.71
T07,GL-4592,2026-03-23 22:46:00,7.749802,11.134977,37.4,4.75
T07,GL-4592,2026-03-23 22:47:00,7.750103,11.134424,37.6,5.27
T07,GL-4592,2026-03-23 22:48:00,7.751005,11.134402,30.4,3.27
T07,GL-4592,2026-03-23 22:49:00,7.75168,11.133814,31.6,3.0
T07,GL-4592,2026-03-23 22:50:00,7.752027,11.134146,18.1,4.14
T07,GL-4592,2026-03-23 22:51:00,7.75299,11.133426,46.1,3.53
T07,GL-4592,2026-03-23 22:52:00,7.753867,11.133083,28.9,3.67
T07,GL-4592,2026-03-23 22:53:00,7.754437,11.132865,47.6,3.51
T07,GL-4592,2026-03-23 22:54:00,7.755545,11.132281,25.1,3.88
T07,GL-4592,2026-03-23 22:55:00,7.75562,11.132364,16.3,4.75
T07,GL-4592,2026-03-23 22:56:00,7.756279,11.131745,28.0,4.67
T07,GL-4592,2026-03-23 22:57:00,7.756902,11.131855,51.8,4.09
T07,GL-4592,2026-03-23 22:58:00,7.757445,11.131501,55.1,4.6
T07,GL-4592,2026-03-23 22:59:00,7.758654,11.131238,46.6,2.93
T07,GL-4592,2026-03-23 23:00:00,7.759123,11.131068,56.8,4.02
T07,GL-4592,2026-03-23 23:01:00,7.759971,11.130709,14.1,3.38
T07,GL-4592,2026-03-23 23:02:00,7.760223,11.130758,50.7,4.34
T07,GL-4592,2026-03-23 23:03:00,7.761338,11.12997,17.2,5.16
T07,GL-4592,2026-03-23 23:04:00,7.761676,11.130065,26.8,5.51
T07,GL-4592,2026-03-23 23:05:00,7.762393,11.129467,38.4,3.25
T07,GL-4592,2026-03-23 23:06:00,7.762881,11.128958,21.9,3.35
T07,GL-4592,2026-03-23 23:07:00,7.763735,11.129227,14.5,4.63
T07,GL-4592,2026-03-23 23:08:00,7.764268,11.129062,40.3,4.9
T07,GL-4592,2026-03-23 23:09:00,7.765043,11.128438,53.3,3.79
T07,GL-4592,2026-03-23 23:10:00,7.765514,11.128415,25.4,4.11
T07,GL-4592,2026-03-23 23:11:00,7.766314,11.128214,40.0,3.51
T07,GL-4592,2026-03-23 23:12:00,7.7671,11.127848,17.4,3.22
T07,GL-4592,2026-03-23 23:13:00,7.768267,11.127675,56.5,5.21
T07,GL-4592,2026-03-23 23:14:00,7.768211,11.127144,14.9,3.88
T07,GL-4592,2026-03-23 23:15:00,7.769089,11.126887,36.0,5.11
T07,GL-4592,2026-03-23 23:16:00,7.769574,11.126561,44.5,5.19
T07,GL-4592,2026-03-23 23:17:00,7.770717,11.126669,39.9,5.1
T07,GL-4592,2026-03-23 23:18:00,7.770776,11.126232,43.6,4.46
T07,GL-4592,2026-03-23 23:19:00,7.771735,11.125913,43.9,4.68
T07,GL-4592,2026-03-23 23:20:00,7.77256,11.125161,57.5,3.94
T07,GL-4592,2026-03-23 23:21:00,7.773441,11.125328,57.9,4.59
T07,GL-4592,2026-03-23 23:22:00,7.773305,11.12501,49.8,5.57
T07,GL-4592,2026-03-23 23:23:00,7.774274,11.124807,51.6,4.54
T07,GL-4592,2026-03-23 23:24:00,7.775034,11.12445,51.5,4.03
T07,GL-4592,2026-03-23 23:25:00,7.775742,11.123995,25.3,5.33
T07,GL-4592,2026-03-23 23:26:00,7.776519,11.124014,41.7,5.03
T07,GL-4592,2026-03-23 23:27:00,7.776931,11.123326,46.3,3.55
T07,GL-4592,2026-03-23 23:28:00,7.777516,11.123445,28.5,5.43
T07,GL-4592,2026-03-23 23:29:00,7.778431,11.123147,43.8,3.94
T07,GL-4592,2026-03-23 23:30:00,7.778971,11.122889,38.3,4.75
T07,GL-4592,2026-03-23 23:31:00,7.779833,11.122632,38.5,3.52
T07,GL-4592,2026-03-23 23:32:00,7.780131,11.122391,37.0,4.04
T07,GL-4592,2026-03-23 23:33:00,7.780563,11.12234,17.6,5.1
T07,GL-4592,2026-03-23 23:34:00,7.781691,11.121749,44.9,4.06
T07,GL-4592,2026-03-23 23:35:00,7.782375,11.121156,33.3,3.79
T07,GL-4592,2026-03-23 23:36:00,7.783144,11.121298,33.0,3.82
T07,GL-4592,2026-03-23 23:37:00,7.783965,11.121171,27.0,3.53
T07,GL-4592,2026-03-23 23:38:00,7.784035,11.120419,14.2,4.47
T07,GL-4592,2026-03-23 23:39:00,7.784719,11.120087,48.0,4.97
T07,GL-4592,2026-03-23 23:40:00,7.786063,11.119874,42.9,5.45
T07,GL-4592,2026-03-23 23:41:00,7.786407,11.119565,44.5,5.34
T07,GL-4592,2026-03-23 23:42:00,7.787086,11.119319,43.0,4.32
T07,GL-4592,2026-03-23 23:43:00,7.787567,11.119529,19.0,3.4
T07,GL-4592,2026-03-23 23:44:00,7.789202,11.118769,33.3,3.22
T07,GL-4592,2026-03-23 23:45:00,7.789167,11.118738,24.7,3.49
T07,GL-4592,2026-03-23 23:46:00,7.789774,11.11834,27.9,5.01
T07,GL-4592,2026-03-23 23:47:00,7.790357,11.118031,33.1,4.87
T07,GL-4592,2026-03-23 23:48:00,7.790859,11.118192,24.6,3.48
T07,GL-4592,2026-03-23 23:49:00,7.792259,11.11727,34.2,5.43
T07,GL-4592,2026-03-23 23:50:00,7.792245,11.117083,39.6,4.17
T07,GL-4592,2026-03-23 23:51:00,7.793197,11.117162,21.1,4.26
T07,GL-4592,2026-03-23 23:52:00,7.793855,11.117069,28.5,3.62
T07,GL-4592,2026-03-23 23:53:00,7.795005,11.116661,45.0,3.77
T07,GL-4592,2026-03-23 23:54:00,7.795115,11.116171,46.8,5.05
T07,GL-4592,2026-03-23 23:55:00,7.795985,11.116438,45.4,3.31
T07,GL-4592,2026-03-23 23:56:00,7.796609,11.115839,25.9,5.34
T07,GL-4592,2026-03-23 23:57:00,7.796954,11.115363,33.4,4.1
T07,GL-4592,2026-03-23 23:58:00,7.797751,11.115513,30.4,5.13
T07,GL-4592,2026-03-23 23:59:00,7.798361,11.114716,50.3,4.89
T07,GL-4592,2026-03-24 00:00:00,7.79904,11.114554,46.0,3.24
T07,GL-4592,2026-03-24 00:01:00,7.79987,11.114218,22.7,4.77
T07,GL-4592,2026-03-24 00:02:00,7.800409,11.114368,23.9,4.95
T07,GL-4592,2026-03-24 00:03:00,7.801313,11.113833,52.2,3.97
T07,GL-4592,2026-03-24 00:04:00,7.801825,11.113194,42.6,3.15
T07,GL-4592,2026-03-24 00:05:00,7.802511,11.113306,,5.34
T07,GL-4592,2026-03-24 00:06:00,7.803395,11.11305,46.8,5.08
T07,GL-4592,2026-03-24 00:07:00,7.803828,11.11287,16.8,2.9
T07,GL-4592,2026-03-24 00:08:00,7.804277,11.112131,23.1,3.76
T07,GL-4592,2026-03-24 00:09:00,7.805761,11.111906,23.4,4.92
T07,GL-4592,2026-03-24 00:10:00,7.805746,11.112112,40.2,3.15
T07,GL-4592,2026-03-24 00:11:00,7.806722,11.111396,41.5,2.95
T07,GL-4592,2026-03-24 00:12:00,7.807403,11.11131,56.7,4.85
T07,GL-4592,2026-03-24 00:13:00,7.808189,11.110767,26.7,3.76
T07,GL-4592,2026-03-24 00:14:00,7.808505,11.110387,41.1,2.93
T07,GL-4592,2026-03-24 00:15:00,7.809132,11.110312,38.3,4.44
T07,GL-4592,2026-03-24 00:16:00,7.809985,11.109993,51.3,4.54
T07,GL-4592,2026-03-24 00:17:00,7.810815,11.109697,17.8,2.9
T07,GL-4592,2026-03-24 00:18:00,7.810988,11.109832,51.3,4.08
T07,GL-4592,2026-03-24 00:19:00,7.812257,11.109682,23.7,3.78
T07,GL-4592,2026-03-24 00:20:00,7.812542,11.109394,25.8,5.0
T07,GL-4592,2026-03-24 00:21:00,7.812737,11.108941,19.1,4.31
T07,GL-4592,2026-03-24 00:22:00,7.81416,11.108921,17.4,3.69
T07,GL-4592,2026-03-24 00:23:00,7.814972,11.108141,16.6,4.15
T07,GL-4592,2026-03-24 00:24:00,7.815008,11.107925,37.1,2.82
T07,GL-4592,2026-03-24 00:25:00,7.815885,11.107393,39.6,3.79
T07,GL-4592,2026-03-24 00:26:00,7.816432,11.107152,22.7,5.0
T07,GL-4592,2026-03-24 00:27:00,7.817059,11.107338,29.3,4.82
T07,GL-4592,2026-03-24 00:28:00,7.818126,11.107318,23.5,4.0
T07,GL-4592,2026-03-24 00:29:00,7.818699,11.106657,22.4,4.74
T07,GL-4592,2026-03-24 00:30:00,7.818965,11.106153,29.8,2.84
T07,GL-4592,2026-03-24 00:31:00,7.819745,11.106201,16.7,3.56
T07,GL-4592,2026-03-24 00:32:00,7.820461,11.106032,17.7,4.31
T07,GL-4592,2026-03-24 00:33:00,7.821184,11.105367,22.0,4.15
T07,GL-4592,2026-03-24 00:34:00,7.821767,11.104963,18.9,4.17
T07,GL-4592,2026-03-24 00:35:00,7.822642,11.104949,45.1,4.74
T07,GL-4592,2026-03-24 00:36:00,7.823272,11.104793,32.0,4.46
T07,GL-4592,2026-03-24 00:37:00,7.824313,11.104156,52.8,4.69
T07,GL-4592,2026-03-24 00:38:00,7.824666,11.10424,57.3,3.9
T07,GL-4592,2026-03-24 00:39:00,7.825156,11.103894,35.6,3.53
T07,GL-4592,2026-03-24 00:40:00,7.82584,11.103649,37.3,3.04
T07,GL-4592,2026-03-24 00:41:00,7.82703,11.103417,35.2,5.08
T07,GL-4592,2026-03-24 00:42:00,7.826893,11.103254,47.8,3.94
T07,GL-4592,2026-03-24 00:43:00,7.828128,11.103092,24.3,4.26
T07,GL-4592,2026-03-24 00:44:00,7.828371,11.102437,25.7,4.3
T07,GL-4592,2026-03-24 00:45:00,7.829108,11.102422,44.1,4.05
T07,GL-4592,2026-03-24 00:46:00,7.829848,11.102109,41.1,5.12
T07,GL-4592,2026-03-24 00:47:00,7.830913,11.101809,46.6,4.79
T07,GL-4592,2026-03-24 00:48:00,7.831161,11.101714,17.0,3.79
T07,GL-4592,2026-03-24 00:49:00,7.83188,11.101432,31.4,5.34
T07,GL-4592,2026-03-24 00:50:00,7.832254,11.101145,27.0,4.19
T07,GL-4592,2026-03-24 00:51:00,7.833532,11.10079,49.6,3.17
T07,GL-4592,2026-03-24 00:52:00,7.833745,11.100389,18.8,2.86
T07,GL-4592,2026-03-24 00:53:00,7.834473,11.100043,46.0,4.37
T07,GL-4592,2026-03-24 00:54:00,7.835507,11.099762,39.1,4.32
T07,GL-4592,2026-03-24 00:55:00,7.835751,11.099506,37.0,5.29
T07,GL-4592,2026-03-24 00:56:00,7.836362,11.09925,36.6,4.98
T07,GL-4592,2026-03-24 00:57:00,7.83738,11.098882,14.4,3.55
T07,GL-4592,2026-03-24 00:58:00,7.837793,11.098887,42.5,4.66
T07,GL-4592,2026-03-24 00:59:00,7.838569,11.098172,41.1,5.16
T07,GL-4592,2026-03-24 01:00:00,7.839091,11.098257,26.3,3.56
T07,GL-4592,2026-03-24 01:01:00,7.839729,11.097692,55.1,4.45
T07,GL-4592,2026-03-24 01:02:00,7.84079,11.097723,22.6,3.57
T07,GL-4592,2026-03-24 01:03:00,7.841312,11.097308,15.4,2.87
T07,GL-4592,2026-03-24 01:04:00,7.84206,11.097482,30.9,4.41
T07,GL-4592,2026-03-24 01:05:00,7.842244,11.096523,26.9,4.8
T07,GL-4592,2026-03-24 01:06:00,7.842965,11.096466,18.0,3.61
T07,GL-4592,2026-03-24 01:07:00,7.844064,11.096357,55.9,4.04
T07,GL-4592,2026-03-24 01:08:00,7.844583,11.095715,14.0,5.1
T07,GL-4592,2026-03-24 01:09:00,7.845158,11.096175,38.6,4.24
T07,GL-4592,2026-03-24 01:10:00,7.846418,11.095353,27.7,4.82
T07,GL-4592,2026-03-24 01:11:00,7.846381,11.095372,14.7,5.52
T07,GL-4592,2026-03-24 01:12:00,7.84711,11.094869,15.2,4.61
T07,GL-4592,2026-03-24 01:13:00,7.848293,11.094833,27.7,4.65
T07,GL-4592,2026-03-24 01:14:00,7.848602,11.094416,33.7,4.56
T07,GL-4592,2026-03-24 01:15:00,7.849421,11.094342,56.7,2.91
T07,GL-4592,2026-03-24 01:16:00,7.850232,11.093869,35.1,4.31
T07,GL-4592,2026-03-24 01:17:00,7.850478,11.093637,37.1,3.79
T07,GL-4592,2026-03-24 01:18:00,7.851233,11.093213,34.8,5.28
T07,GL-4592,2026-03-24 01:19:00,7.852276,11.09304,18.8,4.52
T07,GL-4592,2026-03-24 01:20:00,7.852616,11.092556,26.4,3.51
T07,GL-4592,2026-03-24 01:21:00,7.85365,11.092409,39.6,2.8
T07,GL-4592,2026-03-24 01:22:00,7.737982,11.091922,17.4,171.19
T07,GL-4592,2026-03-24 01:23:00,7.854976,11.091927,34.8,3.59
T07,GL-4592,2026-03-24 01:24:00,7.85528,11.091573,43.7,3.57
T07,GL-4592,2026-03-24 01:25:00,7.855969,11.091398,17.7,5.02
T07,GL-4592,2026-03-24 01:26:00,7.857068,11.091244,56.2,3.41
T07,GL-4592,2026-03-24 01:27:00,7.857668,11.090893,26.3,4.73
T07,GL-4592,2026-03-24 01:28:00,7.858194,11.090458,40.2,4.47
T07,GL-4592,2026-03-24 01:29:00,7.85883,11.090197,45.9,4.46
T07,GL-4592,2026-03-24 01:30:00,7.85963,11.089909,45.8,4.75
T07,GL-4592,2026-03-24 01:31:00,7.860259,11.089502,31.4,3.74
T07,GL-4592,2026-03-24 01:32:00,7.860473,11.089861,23.2,3.39
T07,GL-4592,2026-03-24 01:33:00,7.861665,11.08917,31.8,3.64
T07,GL-4592,2026-03-24 01:34:00,7.861977,11.089142,49.1,3.88
T07,GL-4592,2026-03-24 01:35:00,7.862816,11.088746,39.3,4.53
T07,GL-4592,2026-03-24 01:36:00,7.863246,11.088866,19.8,4.1
T07,GL-4592,2026-03-24 01:37:00,7.864131,11.087968,41.3,3.38
T07,GL-4592,2026-03-24 01:38:00,7.864845,11.088052,33.8,4.9
T07,GL-4592,2026-03-24 01:39:00,7.865371,11.08778,34.5,2.97
T07,GL-4592,2026-03-24 01:40:00,7.866148,11.087013,34.8,3.72
T07,GL-4592,2026-03-24 01:41:00,7.866973,11.087275,17.2,4.27
T07,GL-4592,2026-03-24 01:42:00,7.867334,11.086325,45.6,3.96
T07,GL-4592,2026-03-24 01:43:00,7.86787,11.086583,25.8,4.69
T07,GL-4592,2026-03-24 01:44:00,7.869082,11.085614,56.1,3.85
T07,GL-4592,2026-03-24 01:45:00,7.869025,11.086181,20.1,4.03
T07,GL-4592,2026-03-24 01:46:00,7.86997,11.085642,16.9,4.78
T07,GL-4592,2026-03-24 01:47:00,7.87106,11.084828,21.7,3.68
T07,GL-4592,2026-03-24 01:48:00,7.871846,11.084871,26.0,2.9
T07,GL-4592,2026-03-24 01:49:00,7.872339,11.084836,21.7,4.19
T07,GL-4592,2026-03-24 01:50:00,7.873045,11.084558,19.7,4.49
T07,GL-4592,2026-03-24 01:51:00,7.873292,11.084233,15.6,3.66
T07,GL-4592,2026-03-24 01:52:00,7.874101,11.084485,49.3,5.55
T07,GL-4592,2026-03-24 01:53:00,7.87488,11.083251,14.8,3.97
T07,GL-4592,2026-03-24 01:54:00,7.875355,11.083945,,5.11
T07,GL-4592,2026-03-24 01:55:00,7.875749,11.08297,26.7,4.88
T07,GL-4592,2026-03-24 01:56:00,7.876772,11.082998,23.8,3.68
T07,GL-4592,2026-03-24 01:57:00,7.877422,11.082836,21.5,5.04
T07,GL-4592,2026-03-24 01:58:00,7.878563,11.082265,22.0,5.33
T07,GL-4592,2026-03-24 01:59:00,7.878463,11.082031,21.9,2.82
T07,GL-4592,2026-03-24 02:00:00,7.879555,11.081621,32.4,4.94
T07,GL-4592,2026-03-24 02:01:00,7.879709,11.081486,49.1,4.42
T07,GL-4592,2026-03-24 02:02:00,7.880928,11.08138,47.3,5.1
T07,GL-4592,2026-03-24 02:03:00,7.881629,11.08128,22.9,2.97
T07,GL-4592,2026-03-24 02:04:00,7.882195,11.081171,51.2,2.88
T07,GL-4592,2026-03-24 02:05:00,7.882705,11.080051,20.5,4.58
T07,GL-4592,2026-03-24 02:06:00,7.883676,11.080147,32.0,4.81
T07,GL-4592,2026-03-24 02:07:00,7.884325,11.080201,37.7,4.09
T07,GL-4592,2026-03-24 02:08:00,7.885221,11.07998,38.7,5.45
T07,GL-4592,2026-03-24 02:09:00,7.885281,11.079165,47.1,3.94
T07,GL-4592,2026-03-24 02:10:00,7.886383,11.079056,55.6,4.28
T07,GL-4592,2026-03-24 02:11:00,7.88697,11.079184,15.0,4.37
T07,GL-4592,2026-03-24 02:12:00,7.887602,11.078629,18.9,4.25
T07,GL-4592,2026-03-24 02:13:00,7.888431,11.077398,42.9,3.47
T07,GL-4592,2026-03-24 02:14:00,7.889023,11.078356,52.0,4.84
T07,GL-4592,2026-03-24 02:15:00,7.889724,11.077484,41.2,3.36
T07,GL-4592,2026-03-24 02:16:00,7.890228,11.077364,50.0,5.05
T07,GL-4592,2026-03-24 02:17:00,7.891194,11.077462,54.4,4.1
T07,GL-4592,2026-03-24 02:18:00,7.891606,11.077041,32.0,2.82
T07,GL-4592,2026-03-24 02:19:00,7.892211,11.076442,20.1,5.5
T07,GL-4592,2026-03-24 02:20:00,7.892832,11.076379,49.1,3.22
T07,GL-4592,2026-03-24 02:21:00,7.893446,11.076494,23.4,4.49
T07,GL-4592,2026-03-24 02:22:00,7.894252,11.075593,40.3,5.07
T07,GL-4592,2026-03-24 02:23:00,7.895109,11.075601,16.7,2.89
T07,GL-4592,2026-03-24 02:24:00,7.89554,11.075518,42.4,3.86
T07,GL-4592,2026-03-24 02:25:00,7.896338,11.075081,37.9,3.37
T07,GL-4592,2026-03-24 02:26:00,7.896659,11.074517,37.0,5.34
T07,GL-4592,2026-03-24 02:27:00,7.897919,11.074406,19.9,4.91
T07,GL-4592,2026-03-24 02:28:00,7.898709,11.07439,43.8,4.25
T07,GL-4592,2026-03-24 02:29:00,7.898935,11.073954,18.4,3.16
T07,GL-4592,2026-03-24 02:30:00,7.89962,11.073978,41.2,5.37
T07,GL-4592,2026-03-24 02:31:00,7.900429,11.073483,22.1,3.53
T07,GL-4592,2026-03-24 02:32:00,7.900999,11.073143,56.3,4.93
T07,GL-4592,2026-03-24 02:33:00,7.901861,11.072698,18.4,3.28
T07,GL-4592,2026-03-24 02:34:00,7.902636,11.072618,32.4,4.23
T07,GL-4592,2026-03-24 02:35:00,7.90311,11.072032,44.6,4.38
T07,GL-4592,2026-03-24 02:36:00,7.903199,11.071689,27.9,4.52
T07,GL-4592,2026-03-24 02:37:00,7.904017,11.071501,24.6,2.89
T07,GL-4592,2026-03-24 02:38:00,7.905018,11.071498,30.6,4.17
T07,GL-4592,2026-03-24 02:39:00,7.905242,11.071287,26.3,4.96
T07,GL-4592,2026-03-24 02:40:00,7.90632,11.070467,56.6,4.98
T07,GL-4592,2026-03-24 02:41:00,7.90722,11.070234,18.4,5.55
T07,GL-4592,2026-03-24 02:42:00,7.90796,11.070203,19.1,4.97
T07,GL-4592,2026-03-24 02:43:00,8.161762,11.070434,23.5,161.21
T07,GL-4592,2026-03-24 02:44:00,7.908861,11.070154,53.8,4.09
T07,GL-4592,2026-03-24 02:45:00,7.909452,11.069811,44.7,4.8
T07,GL-4592,2026-03-24 02:46:00,7.910303,11.069253,50.1,3.32
T07,GL-4592,2026-03-24 02:47:00,7.911117,11.069084,27.3,4.82
T07,GL-4592,2026-03-24 02:48:00,7.911602,11.068727,44.3,3.76
T07,GL-4592,2026-03-24 02:49:00,7.912476,11.06862,34.3,3.66
T07,GL-4592,2026-03-24 02:50:00,7.913181,11.068039,35.7,4.99
T07,GL-4592,2026-03-24 02:51:00,7.913934,11.067375,47.9,5.33
T07,GL-4592,2026-03-24 02:52:00,7.9146,11.067676,22.6,5.41
T07,GL-4592,2026-03-24 02:53:00,7.915213,11.067602,54.3,5.43
T07,GL-4592,2026-03-24 02:54:00,7.916081,11.066958,28.9,5.3
T07,GL-4592,2026-03-24 02:55:00,7.916515,11.066425,16.9,5.58
T07,GL-4592,2026-03-24 02:56:00,7.917034,11.066166,35.6,3.25
T07,GL-4592,2026-03-24 02:57:00,7.917451,11.066461,53.5,3.73
T07,GL-4592,2026-03-24 02:58:00,7.918461,11.06636,,5.32
T07,GL-4592,2026-03-24 02:59:00,7.918905,11.06559,55.4,3.38
T07,GL-4592,2026-03-24 03:00:00,7.919844,11.065599,16.2,4.46
T07,GL-4592,2026-03-24 03:01:00,7.920205,11.065245,53.2,3.09
T07,GL-4592,2026-03-24 03:02:00,7.921233,11.064778,47.7,4.56
T07,GL-4592,2026-03-24 03:03:00,7.922187,11.064415,24.8,4.98
T07,GL-4592,2026-03-24 03:04:00,7.922542,11.064404,,5.25
T07,GL-4592,2026-03-24 03:05:00,7.923252,11.06421,16.6,5.43
T07,GL-4592,2026-03-24 03:06:00,7.923738,11.063695,31.3,3.06
T07,GL-4592,2026-03-24 03:07:00,7.924381,11.063648,44.2,3.78
T07,GL-4592,2026-03-24 03:08:00,7.924628,11.063285,57.1,3.62
T07,GL-4592,2026-03-24 03:09:00,7.925801,11.06333,46.5,4.87
T07,GL-4592,2026-03-24 03:10:00,7.926455,11.062384,31.2,2.88
T07,GL-4592,2026-03-24 03:11:00,7.927204,11.062895,48.3,5.17
T07,GL-4592,2026-03-24 03:12:00,7.927763,11.062172,16.9,3.07
T07,GL-4592,2026-03-24 03:13:00,7.928383,11.062023,24.0,2.98
T07,GL-4592,2026-03-24 03:14:00,7.928937,11.061665,15.7,3.2
T07,GL-4592,2026-03-24 03:15:00,7.930093,11.061106,31.8,4.95
T07,GL-4592,2026-03-24 03:16:00,7.930124,11.061081,22.4,2.88
T07,GL-4592,2026-03-24 03:17:00,7.931121,11.060829,43.8,5.56
T07,GL-4592,2026-03-24 03:18:00,7.931315,11.060385,44.5,3.08
T07,GL-4592,2026-03-24 03:19:00,7.932722,11.060334,47.2,5.15
T07,GL-4592,2026-03-24 03:20:00,7.933058,11.05997,17.5,3.19
T07,GL-4592,2026-03-24 03:21:00,7.933681,11.059354,15.2,4.16
T07,GL-4592,2026-03-24 03:22:00,7.934544,11.059399,48.9,5.03
T07,GL-4592,2026-03-24 03:23:00,7.934868,11.059239,20.0,2.99
T07,GL-4592,2026-03-24 03:24:00,7.935627,11.058896,33.2,4.89
T07,GL-4592,2026-03-24 03:25:00,7.936714,11.058587,25.1,3.19
T07,GL-4592,2026-03-24 03:26:00,7.937294,11.05853,51.0,3.41
T07,GL-4592,2026-03-24 03:27:00,7.937631,11.058214,40.7,2.82
T07,GL-4592,2026-03-24 03:28:00,7.937988,11.057253,49.8,3.61
T07,GL-4592,2026-03-24 03:29:00,7.939299,11.057363,54.1,4.74
T07,GL-4592,2026-03-24 03:30:00,7.93959,11.05757,52.6,4.92
T07,GL-4592,2026-03-24 03:31:00,7.940551,11.056589,26.6,5.48
T07,GL-4592,2026-03-24 03:32:00,7.941118,11.05675,28.4,4.88
T07,GL-4592,2026-03-24 03:33:00,7.941965,11.056289,52.3,4.91
T07,GL-4592,2026-03-24 03:34:00,7.942232,11.056091,26.9,3.04
T07,GL-4592,2026-03-24 03:35:00,7.943331,11.055653,23.8,4.93
T07,GL-4592,2026-03-24 03:36:00,7.943738,11.055516,41.4,4.89
T07,GL-4592,2026-03-24 03:37:00,7.944676,11.055382,31.7,3.92
T07,GL-4592,2026-03-24 03:38:00,7.945292,11.055058,36.8,4.03
T07,GL-4592,2026-03-24 03:39:00,7.946108,11.054949,22.0,5.57
T07,GL-4592,2026-03-24 03:40:00,7.946691,11.054735,53.4,3.58
T07,GL-4592,2026-03-24 03:41:00,7.947072,11.05421,,4.81
T07,GL-4592,2026-03-24 03:42:00,7.947777,11.054265,35.0,4.26
T07,GL-4592,2026-03-24 03:43:00,7.948176,11.053547,21.0,4.79
T07,GL-4592,2026-03-24 03:44:00,7.949402,11.053628,30.8,5.5
T07,GL-4592,2026-03-24 03:45:00,7.949507,11.053199,30.2,5.35
T07,GL-4592,2026-03-24 03:46:00,7.950875,11.053356,31.1,4.46
T07,GL-4592,2026-03-24 03:47:00,7.951078,11.052712,56.0,5.29
T07,GL-4592,2026-03-24 03:48:00,7.952096,11.052274,21.2,4.48
T07,GL-4592,2026-03-24 03:49:00,7.952619,11.051895,37.0,5.0
T07,GL-4592,2026-03-24 03:50:00,7.953513,11.05184,42.4,3.24
T07,GL-4592,2026-03-24 03:51:00,7.954311,11.05129,48.3,5.08
T07,GL-4592,2026-03-24 03:52:00,7.954853,11.05113,24.5,4.27
T07,GL-4592,2026-03-24 03:53:00,7.955003,11.050765,30.5,5.39
T07,GL-4592,2026-03-24 03:54:00,7.95582,11.050723,23.7,2.93
T07,GL-4592,2026-03-24 03:55:00,7.956539,11.050568,38.7,3.88
T07,GL-4592,2026-03-24 03:56:00,7.956819,11.050388,51.2,3.56
T07,GL-4592,2026-03-24 03:57:00,7.957873,11.049801,23.3,3.92
T07,GL-4592,2026-03-24 03:58:00,7.95842,11.049671,19.3,4.82
T07,GL-4592,2026-03-24 03:59:00,8.039797,11.049196,23.9,402.46
T07,GL-4592,2026-03-24 04:00:00,7.959932,11.049432,47.7,5.44
T07,GL-4592,2026-03-24 04:01:00,7.960256,11.048118,15.5,4.44
T07,GL-4592,2026-03-24 04:02:00,7.961639,11.048649,45.0,4.16
T07,GL-4592,2026-03-24 04:03:00,7.961621,11.048136,25.4,3.44
T07,GL-4592,2026-03-24 04:04:00,7.9628,11.04743,15.3,5.06
T07,GL-4592,2026-03-24 04:05:00,7.963629,11.047912,39.0,3.34
T07,GL-4592,2026-03-24 04:06:00,7.964149,11.047788,29.3,4.06
T07,GL-4592,2026-03-24 04:07:00,7.964518,11.047293,34.5,5.09
T07,GL-4592,2026-03-24 04:08:00,7.9654,11.047101,51.3,3.05
T07,GL-4592,2026-03-24 04:09:00,7.966138,11.046542,31.2,3.14
T07,GL-4592,2026-03-24 04:10:00,7.966806,11.046083,27.2,4.47
T07,GL-4592,2026-03-24 04:11:00,7.967232,11.046238,31.1,4.25
T07,GL-4592,2026-03-24 04:12:00,7.967942,11.046127,40.3,3.27
T07,GL-4592,2026-03-24 04:13:00,7.968649,11.045621,37.9,4.81
T07,GL-4592,2026-03-24 04:14:00,7.969593,11.045045,44.3,5.27
T07,GL-4592,2026-03-24 04:15:00,7.970109,11.044719,42.7,3.83
T07,GL-4592,2026-03-24 04:16:00,7.970484,11.044504,28.5,5.04
T07,GL-4592,2026-03-24 04:17:00,7.971514,11.0446,31.9,3.79
T07,GL-4592,2026-03-24 04:18:00,7.971834,11.0443,35.7,5.17
T07,GL-4592,2026-03-24 04:19:00,7.972724,11.044007,24.7,3.24
T07,GL-4592,2026-03-24 04:20:00,7.973504,11.04328,53.8,3.67
T07,GL-4592,2026-03-24 04:21:00,7.973865,11.043249,19.4,4.76
T07,GL-4592,2026-03-24 04:22:00,7.974629,11.042624,,4.41
T07,GL-4592,2026-03-24 04:23:00,7.975346,11.042775,29.3,4.42
T07,GL-4592,2026-03-24 04:24:00,7.975937,11.042461,32.3,4.31
T07,GL-4592,2026-03-24 04:25:00,7.977196,11.042297,43.1,4.2
T07,GL-4592,2026-03-24 04:26:00,7.977461,11.041948,28.3,4.25
T07,GL-4592,2026-03-24 04:27:00,7.977823,11.042074,42.6,4.42
T07,GL-4592,2026-03-24 04:28:00,7.978747,11.041479,30.1,3.45
T07,GL-4592,2026-03-24 04:29:00,7.978974,11.0411,44.9,3.37
T07,GL-4592,2026-03-24 04:30:00,7.979723,11.04087,52.9,3.27
T07,GL-4592,2026-03-24 04:31:00,7.980598,11.040187,21.3,4.48
T07,GL-4592,2026-03-24 04:32:00,7.981437,11.040026,43.0,5.12
T07,GL-4592,2026-03-24 04:33:00,7.982283,11.040008,37.9,4.19
T07,GL-4592,2026-03-24 04:34:00,7.982575,11.040092,42.8,3.02
T07,GL-4592,2026-03-24 04:35:00,7.983247,11.039253,25.2,2.95
T07,GL-4592,2026-03-24 04:36:00,7.984168,11.039221,54.7,3.37
T07,GL-4592,2026-03-24 04:37:00,7.984462,11.038611,24.5,5.18
T07,GL-4592,2026-03-24 04:38:00,7.985745,11.038558,47.1,5.28
T07,GL-4592,2026-03-24 04:39:00,7.986172,11.038147,37.4,4.26
T07,GL-4592,2026-03-24 04:40:00,7.986696,11.037942,26.4,3.98
T07,GL-4592,2026-03-24 04:41:00,7.987195,11.037464,52.8,4.89
T07,GL-4592,2026-03-24 04:42:00,7.988384,11.037191,42.2,3.64
T07,GL-4592,2026-03-24 04:43:00,7.988749,11.037162,51.4,4.07
T07,GL-4592,2026-03-24 04:44:00,7.989896,11.036785,41.0,5.35
T07,GL-4592,2026-03-24 04:45:00,7.989997,11.036946,42.7,3.96
T07,GL-4592,2026-03-24 04:46:00,7.99052,11.036624,43.1,5.54
T07,GL-4592,2026-03-24 04:47:00,7.991352,11.036366,28.8,2.93
T07,GL-4592,2026-03-24 04:48:00,7.992256,11.036185,28.5,4.31
T07,GL-4592,2026-03-24 04:49:00,7.99235,11.035679,57.3,4.61
T07,GL-4592,2026-03-24 04:50:00,7.993822,11.035504,44.4,4.14
T07,GL-4592,2026-03-24 04:51:00,7.994241,11.034749,23.5,2.97
T07,GL-4592,2026-03-24 04:52:00,7.994796,11.034767,24.0,3.89
T07,GL-4592,2026-03-24 04:53:00,7.995298,11.034523,15.5,4.47
T07,GL-4592,2026-03-24 04:54:00,7.996168,11.034277,50.3,3.88
T07,GL-4592,2026-03-24 04:55:00,7.997136,11.034012,21.1,3.04
T07,GL-4592,2026-03-24 04:56:00,7.997739,11.034036,15.6,4.44
T07,GL-4592,2026-03-24 04:57:00,7.997978,11.033273,46.4,3.01
T07,GL-4592,2026-03-24 04:58:00,7.998775,11.032969,20.0,4.97
T07,GL-4592,2026-03-24 04:59:00,7.999297,11.033044,19.3,4.87
T07,GL-4592,2026-03-24 05:00:00,8.000225,11.032745,40.9,5.31
T07,GL-4592,2026-03-24 05:01:00,8.000285,11.032451,15.8,4.0
T07,GL-4592,2026-03-24 05:02:00,8.001667,11.032127,29.8,4.12
T07,GL-4592,2026-03-24 05:03:00,8.002198,11.031858,21.0,3.38
T07,GL-4592,2026-03-24 05:04:00,8.002849,11.031611,21.2,4.22
T07,GL-4592,2026-03-24 05:05:00,8.003293,11.031115,40.2,3.58
T07,GL-4592,2026-03-24 05:06:00,8.004043,11.031155,,5.11
T07,GL-4592,2026-03-24 05:07:00,8.004543,11.030536,28.4,4.97
T07,GL-4592,2026-03-24 05:08:00,8.00544,11.030663,47.1,5.12
T07,GL-4592,2026-03-24 05:09:00,8.006333,11.030065,39.2,4.82
T07,GL-4592,2026-03-24 05:10:00,8.006775,11.029948,51.4,4.4
T07,GL-4592,2026-03-24 05:11:00,8.007437,11.02956,24.8,4.56
T07,GL-4592,2026-03-24 05:12:00,8.00833,11.029445,29.9,3.64
T07,GL-4592,2026-03-24 05:13:00,8.008829,11.029128,52.1,3.27
T07,GL-4592,2026-03-24 05:14:00,8.009522,11.028503,30.0,3.01
T07,GL-4592,2026-03-24 05:15:00,8.009883,11.028336,41.0,4.94
T07,GL-4592,2026-03-24 05:16:00,8.010998,11.028278,30.3,5.33
T07,GL-4592,2026-03-24 05:17:00,8.011336,11.028098,56.5,4.6
T07,GL-4592,2026-03-24 05:18:00,8.012015,11.027681,43.4,3.85
T07,GL-4592,2026-03-24 05:19:00,8.012808,11.027407,31.2,4.95
T07,GL-4592,2026-03-24 05:20:00,8.013628,11.027085,55.2,4.04
T07,GL-4592,2026-03-24 05:21:00,8.014282,11.026618,31.1,3.65
T07,GL-4592,2026-03-24 05:22:00,8.014746,11.026624,20.5,3.26
T07,GL-4592,2026-03-24 05:23:00,8.01561,11.026107,49.2,3.7
T07,GL-4592,2026-03-24 05:24:00,8.016248,11.025931,44.5,3.27
T07,GL-4592,2026-03-24 05:25:00,8.01666,11.025489,48.8,4.81
T07,GL-4592,2026-03-24 05:26:00,8.017705,11.025362,45.7,3.77
T07,GL-4592,2026-03-24 05:27:00,8.018199,11.025068,40.2,5.3
T07,GL-4592,2026-03-24 05:28:00,8.019056,11.025213,17.7,4.07
T07,GL-4592,2026-03-24 05:29:00,8.019557,11.024573,26.9,4.45
T07,GL-4592,2026-03-24 05:30:00,8.020079,11.024407,54.9,4.45
T07,GL-4592,2026-03-24 05:31:00,8.020597,11.024252,40.4,4.91
T07,GL-4592,2026-03-24 05:32:00,8.022064,11.023667,45.3,5.55
T07,GL-4592,2026-03-24 05:33:00,8.022106,11.023522,45.6,3.61
T07,GL-4592,2026-03-24 05:34:00,8.022974,11.023552,15.3,5.15
T07,GL-4592,2026-03-24 05:35:00,8.024215,11.023235,24.1,2.96
T07,GL-4592,2026-03-24 05:36:00,8.023976,11.022678,37.6,2.85
T07,GL-4592,2026-03-24 05:37:00,8.025099,11.022702,50.1,3.67
T07,GL-4592,2026-03-24 05:38:00,8.02531,11.022367,53.8,4.32
T07,GL-4592,2026-03-24 05:39:00,8.026203,11.022162,26.8,3.88
T07,GL-4592,2026-03-24 05:40:00,8.027592,11.021752,17.6,2.83
T07,GL-4592,2026-03-24 05:41:00,8.027411,11.021269,34.1,4.45
T07,GL-4592,2026-03-24 05:42:00,8.028213,11.021304,30.1,3.25
T07,GL-4592,2026-03-24 05:43:00,8.028864,11.020766,26.3,5.37
T07,GL-4592,2026-03-24 05:44:00,8.029822,11.021054,43.4,5.37
T07,GL-4592,2026-03-24 05:45:00,8.030252,11.020957,53.1,4.7
T07,GL-4592,2026-03-24 05:46:00,8.031218,11.020147,24.1,4.08
T07,GL-4592,2026-03-24 05:47:00,8.031636,11.019308,33.0,4.52
T07,GL-4592,2026-03-24 05:48:00,8.032187,11.019334,16.7,3.9
T07,GL-4592,2026-03-24 05:49:00,8.03305,11.019261,41.1,3.51
T07,GL-4592,2026-03-24 05:50:00,8.033538,11.018943,48.8,3.08
T07,GL-4592,2026-03-24 05:51:00,8.034357,11.019112,41.2,3.55
T07,GL-4592,2026-03-24 05:52:00,8.035122,11.018132,49.1,4.47
T07,GL-4592,2026-03-24 05:53:00,8.035542,11.018103,22.2,4.9
T07,GL-4592,2026-03-24 05:54:00,8.03613,11.017939,52.5,4.79
T07,GL-4592,2026-03-24 05:55:00,8.037348,11.017059,15.6,4.53
T07,GL-4592,2026-03-24 05:56:00,8.03796,11.017447,50.2,4.73
T07,GL-4592,2026-03-24 05:57:00,8.038321,11.016969,34.6,2.89
T07,GL-4592,2026-03-24 05:58:00,8.038845,11.01707,32.4,5.17
T07,GL-4592,2026-03-24 05:59:00,8.039813,11.016771,17.6,4.09
T07,GL-4592,2026-03-24 06:00:00,7.592229,11.016049,26.7,375.96
T07,GL-4592,2026-03-24 06:01:00,8.040552,11.016147,25.2,5.12
T07,GL-4592,2026-03-24 06:02:00,8.04143,11.015611,20.4,4.44
T07,GL-4592,2026-03-24 06:03:00,8.04205,11.015549,31.0,5.55
T07,GL-4592,2026-03-24 06:04:00,8.042764,11.015025,,3.87
T07,GL-4592,2026-03-24 06:05:00,8.04354,11.014996,50.0,5.34
T07,GL-4592,2026-03-24 06:06:00,8.044175,11.014383,48.2,5.0
T07,GL-4592,2026-03-24 06:07:00,8.044844,11.01455,28.9,5.34
T07,GL-4592,2026-03-24 06:08:00,8.045651,11.013891,54.2,3.3
T07,GL-4592,2026-03-24 06:09:00,8.046277,11.013379,27.7,4.01
T07,GL-4592,2026-03-24 06:10:00,8.047288,11.013485,39.3,5.42
T07,GL-4592,2026-03-24 06:11:00,8.047619,11.012994,36.1,4.9
T07,GL-4592,2026-03-24 06:12:00,8.048199,11.013031,51.4,4.11
T07,GL-4592,2026-03-24 06:13:00,8.048998,11.012793,40.2,3.67
T07,GL-4592,2026-03-24 06:14:00,8.049791,11.012534,35.8,3.27
T07,GL-4592,2026-03-24 06:15:00,8.05022,11.011842,36.3,2.87
T07,GL-4592,2026-03-24 06:16:00,8.051398,11.012029,42.4,4.85
T07,GL-4592,2026-03-24 06:17:00,8.051621,11.011656,35.5,3.2
T07,GL-4592,2026-03-24 06:18:00,8.052224,11.011397,41.9,4.55
T07,GL-4592,2026-03-24 06:19:00,8.053037,11.011027,29.9,2.84
T07,GL-4592,2026-03-24 06:20:00,8.05354,11.010697,22.2,2.98
T07,GL-4592,2026-03-24 06:21:00,8.054418,11.010093,27.1,5.06
T07,GL-4592,2026-03-24 06:22:00,8.054898,11.010325,23.8,5.14
T07,GL-4592,2026-03-24 06:23:00,8.055573,11.009898,56.5,3.34
T07,GL-4592,2026-03-24 06:24:00,8.056437,11.009739,34.7,5.21
T07,GL-4592,2026-03-24 06:25:00,8.057361,11.009517,20.3,5.47
T07,GL-4592,2026-03-24 06:26:00,8.058103,11.00912,,4.09
T07,GL-4592,2026-03-24 06:27:00,8.058365,11.008642,27.9,2.83
T07,GL-4592,2026-03-24 06:28:00,8.059033,11.008606,39.0,3.85
T07,GL-4592,2026-03-24 06:29:00,8.059883,11.008151,48.4,3.66
T07,GL-4592,2026-03-24 06:30:00,8.060603,11.008105,39.5,4.86
T07,GL-4592,2026-03-24 06:31:00,8.061108,11.007925,41.9,2.94
T07,GL-4592,2026-03-24 06:32:00,8.061388,11.007515,16.9,5.29
T07,GL-4592,2026-03-24 06:33:00,8.062141,11.007041,52.4,5.24
T07,GL-4592,2026-03-24 06:34:00,8.063014,11.006365,28.8,5.28
T07,GL-4592,2026-03-24 06:35:00,8.063946,11.007004,15.2,4.11
T07,GL-4592,2026-03-24 06:36:00,8.06449,11.006331,55.0,4.02
T07,GL-4592,2026-03-24 06:37:00,8.064941,11.006143,52.4,5.48
T07,GL-4592,2026-03-24 06:38:00,8.065688,11.006009,45.5,4.53
T07,GL-4592,2026-03-24 06:39:00,8.066598,11.005297,35.6,3.93
T07,GL-4592,2026-03-24 06:40:00,8.067444,11.005538,52.2,3.22
T07,GL-4592,2026-03-24 06:41:00,8.067953,11.005086,17.8,5.4
T07,GL-4592,2026-03-24 06:42:00,8.068707,11.004967,26.6,5.22
T07,GL-4592,2026-03-24 06:43:00,8.069065,11.00419,47.0,3.53
T07,GL-4592,2026-03-24 06:44:00,8.07007,11.003996,48.0,4.18
T07,GL-4592,2026-03-24 06:45:00,8.070595,11.003567,24.5,3.63
T07,GL-4592,2026-03-24 06:46:00,8.071219,11.003907,,3.79
T07,GL-4592,2026-03-24 06:47:00,8.071563,11.003563,27.2,4.21
T07,GL-4592,2026-03-24 06:48:00,8.072564,11.003146,37.5,4.9
T07,GL-4592,2026-03-24 06:49:00,8.073167,11.002981,44.6,4.29
T07,GL-4592,2026-03-24 06:50:00,8.073816,11.002705,,2.87
T07,GL-4592,2026-03-24 06:51:00,8.07467,11.002226,38.2,5.4
T07,GL-4592,2026-03-24 06:52:00,8.07558,11.002069,37.9,5.41
T07,GL-4592,2026-03-24 06:53:00,8.075787,11.002185,31.0,4.21
T07,GL-4592,2026-03-24 06:54:00,8.076758,11.001228,45.1,5.59
T07,GL-4592,2026-03-24 06:55:00,8.077512,11.001367,40.4,3.65
T07,GL-4592,2026-03-24 06:56:00,8.077468,11.001133,33.0,5.14
T07,GL-4592,2026-03-24 06:57:00,8.078299,11.000581,31.6,4.13
T07,GL-4592,2026-03-24 06:58:00,8.079025,11.000819,47.1,3.38
T07,GL-4592,2026-03-24 06:59:00,8.079647,11.000185,36.8,4.57
T07,GL-4592,2026-03-24 07:00:00,8.080687,10.999914,45.0,4.49
T07,GL-4592,2026-03-24 07:01:00,8.08124,10.999754,15.8,5.07
T07,GL-4592,2026-03-24 07:02:00,8.081985,10.9995,40.6,5.59
T07,GL-4592,2026-03-24 07:03:00,8.082664,10.999305,33.7,3.06
T07,GL-4592,2026-03-24 07:04:00,8.083244,10.998965,16.4,4.74
T07,GL-4592,2026-03-24 07:05:00,8.083801,10.998278,30.4,2.88
T07,GL-4592,2026-03-24 07:06:00,8.084534,10.997945,29.9,3.37
T07,GL-4592,2026-03-24 07:07:00,8.085351,10.997895,30.5,3.74
T07,GL-4592,2026-03-24 07:08:00,8.086109,10.99779,52.5,5.0
T07,GL-4592,2026-03-24 07:09:00,8.086402,10.997564,34.4,3.06
T07,GL-4592,2026-03-24 07:10:00,8.08712,10.996836,47.9,5.1
T07,GL-4592,2026-03-24 07:11:00,8.087658,10.996949,41.4,4.32
T07,GL-4592,2026-03-24 07:12:00,8.088258,10.996552,55.0,5.13
T07,GL-4592,2026-03-24 07:13:00,8.089169,10.996373,25.8,2.85
T07,GL-4592,2026-03-24 07:14:00,8.089838,10.996266,56.2,3.39
T07,GL-4592,2026-03-24 07:15:00,8.0903,10.995815,53.1,5.47
T07,GL-4592,2026-03-24 07:16:00,8.091632,10.995705,44.5,4.91
T07,GL-4592,2026-03-24 07:17:00,8.091852,10.995134,56.5,4.31
T07,GL-4592,2026-03-24 07:18:00,8.092133,10.995029,57.5,3.33
T07,GL-4592,2026-03-24 07:19:00,8.093413,10.9946,46.6,4.82
T07,GL-4592,2026-03-24 07:20:00,8.093633,10.994829,18.4,3.88
T07,GL-4592,2026-03-24 07:21:00,8.094663,10.994354,47.7,3.35
T07,GL-4592,2026-03-24 07:22:00,8.095207,10.993755,57.6,3.57
T07,GL-4592,2026-03-24 07:23:00,8.096034,10.993627,57.3,5.43
T07,GL-4592,2026-03-24 07:24:00,8.096697,10.993132,33.7,4.65
T07,GL-4592,2026-03-24 07:25:00,8.097513,10.993309,51.9,3.68
T07,GL-4592,2026-03-24 07:26:00,8.097867,10.99298,42.2,2.95
T07,GL-4592,2026-03-24 07:27:00,8.098632,10.992573,14.4,3.5
T07,GL-4592,2026-03-24 07:28:00,8.099063,10.992194,43.3,4.3
T07,GL-4592,2026-03-24 07:29:00,8.09998,10.991965,27.4,5.19
T07,GL-4592,2026-03-24 07:30:00,8.100971,10.991966,31.8,3.64
T07,GL-4592,2026-03-24 07:31:00,8.101518,10.991373,49.1,5.22
T07,GL-4592,2026-03-24 07:32:00,8.102011,10.991235,31.1,5.16
T07,GL-4592,2026-03-24 07:33:00,8.102654,10.991119,35.5,4.78
T07,GL-4592,2026-03-24 07:34:00,8.103041,10.990337,15.7,4.37
T07,GL-4592,2026-03-24 07:35:00,8.104085,10.990362,23.7,3.16
T07,GL-4592,2026-03-24 07:36:00,8.104737,10.990227,52.9,5.37
T07,GL-4592,2026-03-24 07:37:00,8.10527,10.990013,48.8,2.9
T07,GL-4592,2026-03-24 07:38:00,8.106468,10.989086,25.1,3.78
T07,GL-4592,2026-03-24 07:39:00,8.106576,10.988903,26.1,4.6
T07,GL-4592,2026-03-24 07:40:00,8.107791,10.989514,30.3,3.03
T07,GL-4592,2026-03-24 07:41:00,8.107706,10.988306,21.2,2.88
T07,GL-4592,2026-03-24 07:42:00,8.108475,10.988339,44.6,3.53
T07,GL-4592,2026-03-24 07:43:00,8.109258,10.987512,25.0,2.84
T07,GL-4592,2026-03-24 07:44:00,8.110102,10.987702,46.1,4.52
T07,GL-4592,2026-03-24 07:45:00,8.110599,10.987759,27.5,4.91
T07,GL-4592,2026-03-24 07:46:00,8.111495,10.987343,55.5,2.86
T07,GL-4592,2026-03-24 07:47:00,8.112123,10.986851,45.5,4.56
T07,GL-4592,2026-03-24 07:48:00,8.112719,10.986787,30.4,3.86
T07,GL-4592,2026-03-24 07:49:00,8.113697,10.986042,36.6,4.64
T07,GL-4592,2026-03-24 07:50:00,8.114365,10.986248,37.0,3.06
T07,GL-4592,2026-03-24 07:51:00,8.114528,10.986197,42.9,3.23
T07,GL-4592,2026-03-24 07:52:00,8.115566,10.985456,50.4,3.42
T07,GL-4592,2026-03-24 07:53:00,8.116045,10.985058,53.1,5.49
T07,GL-4592,2026-03-24 07:54:00,8.116445,10.984963,22.8,5.06
T07,GL-4592,2026-03-24 07:55:00,8.117187,10.985052,49.2,4.4
T07,GL-4592,2026-03-24 07:56:00,8.118068,10.984585,41.4,4.22
T07,GL-4592,2026-03-24 07:57:00,8.118817,10.984666,37.4,5.52
T07,GL-4592,2026-03-24 07:58:00,8.119324,10.984066,29.8,3.68
T07,GL-4592,2026-03-24 07:59:00,8.544316,10.983689,37.3,307.98
T07,GL-4592,2026-03-24 08:00:00,8.12049,10.983342,26.6,4.35
T07,GL-4592,2026-03-24 08:01:00,8.121321,10.983327,31.6,5.46
T07,GL-4592,2026-03-24 08:02:00,8.122073,10.982907,24.1,3.19
T07,GL-4592,2026-03-24 08:03:00,8.122766,10.982137,41.0,5.28
T07,GL-4592,2026-03-24 08:04:00,8.123055,10.98272,57.8,5.54
T07,GL-4592,2026-03-24 08:05:00,8.123738,10.982227,42.9,3.84
T07,GL-4592,2026-03-24 08:06:00,8.12471,10.981636,51.5,4.14
T07,GL-4592,2026-03-24 08:07:00,8.125574,10.98143,56.5,5.22
T07,GL-4592,2026-03-24 08:08:00,8.126294,10.981559,43.6,3.37
T07,GL-4592,2026-03-24 08:09:00,8.126731,10.980987,45.8,4.18
T07,GL-4592,2026-03-24 08:10:00,8.127501,10.980764,25.6,5.03
T07,GL-4592,2026-03-24 08:11:00,8.127868,10.98072,25.7,3.04
T07,GL-4592,2026-03-24 08:12:00,8.128525,10.980046,20.6,4.61
T07,GL-4592,2026-03-24 08:13:00,8.129274,10.97993,47.5,4.76
T07,GL-4592,2026-03-24 08:14:00,8.130054,10.979446,48.1,3.92
T07,GL-4592,2026-03-24 08:15:00,8.130691,10.97931,51.8,5.51
T07,GL-4592,2026-03-24 08:16:00,8.1318,10.97924,56.5,5.0
T07,GL-4592,2026-03-24 08:17:00,8.131884,10.979092,19.3,5.31
T07,GL-4592,2026-03-24 08:18:00,8.132772,10.97825,,5.32
T07,GL-4592,2026-03-24 08:19:00,8.133319,10.978094,56.1,5.07
T07,GL-4592,2026-03-24 08:20:00,8.134143,10.978129,16.5,4.27
T07,GL-4592,2026-03-24 08:21:00,8.134793,10.977928,38.8,3.76
T07,GL-4592,2026-03-24 08:22:00,8.135687,10.977733,21.1,2.88
T07,GL-4592,2026-03-24 08:23:00,8.135872,10.977075,15.0,3.4
T07,GL-4592,2026-03-24 08:24:00,8.136881,10.976975,23.8,4.1
T07,GL-4592,2026-03-24 08:25:00,8.137343,10.97657,29.4,3.45
T07,GL-4592,2026-03-24 08:26:00,8.138209,10.976434,42.4,3.9
T07,GL-4592,2026-03-24 08:27:00,8.138938,10.976423,31.4,4.94
T07,GL-4592,2026-03-24 08:28:00,8.139487,10.975969,27.0,5.58
T07,GL-4592,2026-03-24 08:29:00,8.140083,10.97521,49.7,3.79
T07,GL-4592,2026-03-24 08:30:00,8.140697,10.975274,15.2,5.16
T07,GL-4592,2026-03-24 08:31:00,8.141765,10.974843,31.5,4.73
T07,GL-4592,2026-03-24 08:32:00,8.142169,10.974394,15.8,3.71
T07,GL-4592,2026-03-24 08:33:00,8.142666,10.974716,46.4,3.58
T07,GL-4592,2026-03-24 08:34:00,8.143395,10.974104,36.2,4.16
T07,GL-4592,2026-03-24 08:35:00,8.144294,10.973549,24.7,3.35
T07,GL-4592,2026-03-24 08:36:00,8.144984,10.97346,48.2,2.99
T07,GL-4592,2026-03-24 08:37:00,8.145634,10.973299,29.6,5.35
T07,GL-4592,2026-03-24 08:38:00,8.146069,10.973267,41.4,3.74
T07,GL-4592,2026-03-24 08:39:00,8.146945,10.973109,25.5,2.94
T07,GL-4592,2026-03-24 08:40:00,8.147232,10.972455,28.5,5.24
T07,GL-4592,2026-03-24 08:41:00,8.148076,10.972264,41.4,3.17
T07,GL-4592,2026-03-24 08:42:00,8.149091,10.971965,39.7,3.47
T07,GL-4592,2026-03-24 08:43:00,8.149485,10.971517,46.6,4.1
T07,GL-4592,2026-03-24 08:44:00,8.150163,10.971614,24.1,4.5
T07,GL-4592,2026-03-24 08:45:00,8.150789,10.971072,25.9,4.81
T07,GL-4592,2026-03-24 08:46:00,8.151492,10.970875,51.4,5.05
T07,GL-4592,2026-03-24 08:47:00,8.152456,10.970593,55.0,5.15
T07,GL-4592,2026-03-24 08:48:00,8.152899,10.970284,44.1,4.57
T07,GL-4592,2026-03-24 08:49:00,8.153263,10.96984,47.5,4.25
T07,GL-4592,2026-03-24 08:50:00,8.154143,10.970327,56.1,2.84
T07,GL-4592,2026-03-24 08:51:00,7.834341,10.969474,55.3,242.04
T07,GL-4592,2026-03-24 08:52:00,8.155375,10.969057,21.5,4.38
T07,GL-4592,2026-03-24 08:53:00,8.15639,10.968774,53.8,4.5
T07,GL-4592,2026-03-24 08:54:00,8.157097,10.968257,49.6,4.31
T07,GL-4592,2026-03-24 08:55:00,8.157648,10.968793,23.1,5.09
T07,GL-4592,2026-03-24 08:56:00,8.157757,10.968424,44.3,4.64
T07,GL-4592,2026-03-24 08:57:00,8.158964,10.967417,56.1,3.98
T07,GL-4592,2026-03-24 08:58:00,8.159512,10.967823,35.8,5.56
T07,GL-4592,2026-03-24 08:59:00,8.16051,10.967843,34.6,5.44
T07,GL-4592,2026-03-24 09:00:00,8.160561,10.967016,28.3,4.38
T07,GL-4592,2026-03-24 09:01:00,8.161919,10.96696,48.0,3.88
T07,GL-4592,2026-03-24 09:02:00,8.162492,10.967059,39.9,5.02
T07,GL-4592,2026-03-24 09:03:00,8.162968,10.966408,50.0,5.22
T07,GL-4592,2026-03-24 09:04:00,8.163921,10.966228,46.3,3.09
T07,GL-4592,2026-03-24 09:05:00,8.163942,10.965617,15.9,5.34
T07,GL-4592,2026-03-24 09:06:00,8.164858,10.965158,44.3,3.08
T07,GL-4592,2026-03-24 09:07:00,8.165757,10.964921,35.2,4.86
T07,GL-4592,2026-03-24 09:08:00,8.166218,10.964562,43.2,3.56
T07,GL-4592,2026-03-24 09:09:00,8.166871,10.964594,31.5,4.12
T07,GL-4592,2026-03-24 09:10:00,8.168071,10.964655,18.0,3.3
T07,GL-4592,2026-03-24 09:11:00,8.168592,10.964234,36.8,3.18
T07,GL-4592,2026-03-24 09:12:00,8.168795,10.964109,33.1,4.05
T07,GL-4592,2026-03-24 09:13:00,8.169816,10.963557,14.1,2.98
T07,GL-4592,2026-03-24 09:14:00,8.170538,10.963399,16.2,5.09
T07,GL-4592,2026-03-24 09:15:00,8.171096,10.963017,40.3,5.31
T07,GL-4592,2026-03-24 09:16:00,8.171624,10.962538,53.0,4.36
T07,GL-4592,2026-03-24 09:17:00,8.172503,10.962152,48.6,5.1
T07,GL-4592,2026-03-24 09:18:00,8.173134,10.96179,41.8,4.39
T07,GL-4592,2026-03-24 09:19:00,8.173831,10.962076,50.8,3.41
T07,GL-4592,2026-03-24 09:20:00,8.173953,10.961495,21.6,4.21
T07,GL-4592,2026-03-24 09:21:00,8.174845,10.961352,,3.1
T07,GL-4592,2026-03-24 09:22:00,8.175701,10.961101,25.0,4.79
T07,GL-4592,2026-03-24 09:23:00,8.176466,10.961127,38.2,3.96
T07,GL-4592,2026-03-24 09:24:00,8.176827,10.960536,22.9,4.07
T07,GL-4592,2026-03-24 09:25:00,8.177566,10.96015,52.0,5.36
T07,GL-4592,2026-03-24 09:26:00,8.178499,10.959901,20.1,4.39
T07,GL-4592,2026-03-24 09:27:00,8.179452,10.959851,22.7,2.87
T07,GL-4592,2026-03-24 09:28:00,8.179841,10.959512,47.7,4.93
T07,GL-4592,2026-03-24 09:29:00,8.180181,10.959232,22.6,3.14
T07,GL-4592,2026-03-24 09:30:00,8.180976,10.958782,35.7,4.73
T07,GL-4592,2026-03-24 09:31:00,8.181483,10.958892,32.2,3.65
T07,GL-4592,2026-03-24 09:32:00,8.182354,10.958486,43.5,2.89
T07,GL-4592,2026-03-24 09:33:00,8.182742,10.958105,34.6,3.75
T07,GL-4592,2026-03-24 09:34:00,8.183783,10.95766,23.0,3.55
T07,GL-4592,2026-03-24 09:35:00,8.183918,10.957472,34.5,4.47
T07,GL-4592,2026-03-24 09:36:00,8.185309,10.957296,51.0,5.05
T07,GL-4592,2026-03-24 09:37:00,8.185276,10.956559,49.1,4.76
T07,GL-4592,2026-03-24 09:38:00,8.186407,10.956552,31.6,3.92
T07,GL-4592,2026-03-24 09:39:00,8.187022,10.956527,56.6,4.49
T07,GL-4592,2026-03-24 09:40:00,8.187403,10.955954,29.9,3.28
T07,GL-4592,2026-03-24 09:41:00,8.188452,10.955544,18.9,5.51
T07,GL-4592,2026-03-24 09:42:00,8.188816,10.95563,34.4,4.46
T07,GL-4592,2026-03-24 09:43:00,8.189233,10.955559,38.0,5.08
T07,GL-4592,2026-03-24 09:44:00,8.190143,10.954975,40.8,5.33
T07,GL-4592,2026-03-24 09:45:00,8.191548,10.954836,29.3,4.5
T07,GL-4592,2026-03-24 09:46:00,8.191616,10.954486,37.5,5.06
T07,GL-4592,2026-03-24 09:47:00,8.192747,10.954473,26.3,3.35
T07,GL-4592,2026-03-24 09:48:00,8.193053,10.953909,52.8,4.41
T07,GL-4592,2026-03-24 09:49:00,8.19353,10.953642,28.0,4.45
T07,GL-4592,2026-03-24 09:50:00,8.194612,10.953008,17.6,3.88
T07,GL-4592,2026-03-24 09:51:00,8.19518,10.952583,17.2,3.43
T07,GL-4592,2026-03-24 09:52:00,8.19565,10.952963,23.0,4.08
T07,GL-4592,2026-03-24 09:53:00,8.196189,10.952482,19.2,4.1
T07,GL-4592,2026-03-24 09:54:00,8.19742,10.952043,41.4,3.36
T07,GL-4592,2026-03-24 09:55:00,8.197667,10.952286,33.5,3.63
T07,GL-4592,2026-03-24 09:56:00,8.198385,10.951893,45.9,5.38
T07,GL-4592,2026-03-24 09:57:00,8.199056,10.951595,36.1,4.31
T07,GL-4592,2026-03-24 09:58:00,8.199838,10.950996,42.0,3.03
T07,GL-4592,2026-03-24 09:59:00,8.200364,10.950918,39.8,3.47
T07,GL-4592,2026-03-24 10:00:00,8.201056,10.950713,36.7,3.99
T07,GL-4592,2026-03-24 10:01:00,8.202005,10.950581,35.4,3.28
T07,GL-4592,2026-03-24 10:02:00,8.202345,10.950242,22.7,4.43
T07,GL-4592,2026-03-24 10:03:00,8.203218,10.950266,56.3,3.42
T07,GL-4592,2026-03-24 10:04:00,8.203598,10.949343,45.1,3.27
T07,GL-4592,2026-03-24 10:05:00,8.204581,10.94936,28.5,4.77
T07,GL-4592,2026-03-24 10:06:00,8.205307,10.948696,46.9,4.97
T07,GL-4592,2026-03-24 10:07:00,8.206179,10.948581,57.9,5.08
T07,GL-4592,2026-03-24 10:08:00,8.206247,10.948726,37.2,3.93
T07,GL-4592,2026-03-24 10:09:00,8.207239,10.948374,30.4,4.36
T07,GL-4592,2026-03-24 10:10:00,8.207936,10.947882,19.5,3.62
T07,GL-4592,2026-03-24 10:11:00,8.208536,10.94712,30.6,3.31
T07,GL-4592,2026-03-24 10:12:00,8.209063,10.947467,20.8,4.73
T07,GL-4592,2026-03-24 10:13:00,8.209756,10.94719,55.5,5.41
T07,GL-4592,2026-03-24 10:14:00,8.210196,10.947128,33.6,4.25
T07,GL-4592,2026-03-24 10:15:00,8.211208,10.946733,57.9,3.41
T07,GL-4592,2026-03-24 10:16:00,8.21171,10.946606,41.3,2.9
T07,GL-4592,2026-03-24 10:17:00,8.212249,10.946068,21.2,4.02
T07,GL-4592,2026-03-24 10:18:00,8.213036,10.945738,20.6,5.22
T07,GL-4592,2026-03-24 10:19:00,8.213949,10.945229,,4.88
T07,GL-4592,2026-03-24 10:20:00,8.214265,10.945268,33.9,4.94
T07,GL-4592,2026-03-24 10:21:00,8.214936,10.945286,57.3,4.14
T07,GL-4592,2026-03-24 10:22:00,8.215597,10.94497,,4.72
T07,GL-4592,2026-03-24 10:23:00,8.216667,10.944576,14.2,4.46
T07,GL-4592,2026-03-24 10:24:00,8.216965,10.944483,30.5,3.18
T07,GL-4592,2026-03-24 10:25:00,8.217997,10.943692,25.5,5.42
T07,GL-4592,2026-03-24 10:26:00,8.218572,10.943328,20.3,5.55
T07,GL-4592,2026-03-24 10:27:00,8.21903,10.943498,45.3,3.17
T07,GL-4592,2026-03-24 10:28:00,8.219606,10.943236,17.2,2.91
T07,GL-4592,2026-03-24 10:29:00,8.220657,10.942825,17.4,3.55
T07,GL-4592,2026-03-24 10:30:00,8.221002,10.942594,38.1,3.63
T07,GL-4592,2026-03-24 10:31:00,8.222019,10.942467,31.5,3.47
T07,GL-4592,2026-03-24 10:32:00,8.222871,10.941861,49.2,4.75
T07,GL-4592,2026-03-24 10:33:00,8.223579,10.941673,19.1,3.43
T07,GL-4592,2026-03-24 10:34:00,8.223772,10.94133,18.5,3.19
T07,GL-4592,2026-03-24 10:35:00,8.224576,10.940906,47.0,3.14
T07,GL-4592,2026-03-24 10:36:00,8.225216,10.941103,49.1,4.61
T07,GL-4592,2026-03-24 10:37:00,8.225532,10.940299,45.9,3.51
T07,GL-4592,2026-03-24 10:38:00,8.226148,10.939912,15.6,3.91
T07,GL-4592,2026-03-24 10:39:00,8.227331,10.940044,16.6,5.54
T07,GL-4592,2026-03-24 10:40:00,8.227823,10.940112,51.0,3.18
T07,GL-4592,2026-03-24 10:41:00,8.228295,10.939633,50.3,3.78
T07,GL-4592,2026-03-24 10:42:00,8.229273,10.939179,52.2,3.32
T07,GL-4592,2026-03-24 10:43:00,8.229988,10.93881,46.2,5.15
T07,GL-4592,2026-03-24 10:44:00,8.230596,10.938194,32.9,3.49
T07,GL-4592,2026-03-24 10:45:00,8.231332,10.938333,49.6,4.69
T07,GL-4592,2026-03-24 10:46:00,8.232149,10.938086,44.2,4.39
T07,GL-4592,2026-03-24 10:47:00,8.232322,10.937993,16.7,4.64
T07,GL-4592,2026-03-24 10:48:00,8.325932,10.937413,56.9,236.23
T07,GL-4592,2026-03-24 10:49:00,8.23377,10.937409,16.1,4.62
T07,GL-4592,2026-03-24 10:50:00,8.234614,10.936491,38.1,3.28
T07,GL-4592,2026-03-24 10:51:00,8.235375,10.936336,47.6,4.39
T07,GL-4592,2026-03-24 10:52:00,8.235502,10.936323,41.7,5.12
T07,GL-4592,2026-03-24 10:53:00,8.236796,10.9361,19.4,4.51
T07,GL-4592,2026-03-24 10:54:00,8.237112,10.935823,51.6,5.54
T07,GL-4592,2026-03-24 10:55:00,8.238112,10.936006,47.8,3.34
T07,GL-4592,2026-03-24 10:56:00,8.238627,10.935543,55.5,3.82
T07,GL-4592,2026-03-24 10:57:00,8.239467,10.935305,34.7,3.11
T07,GL-4592,2026-03-24 10:58:00,8.240122,10.935116,22.7,3.75
T07,GL-4592,2026-03-24 10:59:00,8.240642,10.934574,37.1,4.22
T07,GL-4592,2026-03-24 11:00:00,8.241106,10.934087,25.1,5.13
T07,GL-4592,2026-03-24 11:01:00,8.242155,10.933883,33.5,4.96
T07,GL-4592,2026-03-24 11:02:00,8.242436,10.933461,17.2,3.96
T07,GL-4592,2026-03-24 11:03:00,8.24312,10.93366,24.4,3.08
T07,GL-4592,2026-03-24 11:04:00,8.243885,10.93345,46.8,4.8
T07,GL-4592,2026-03-24 11:05:00,8.244777,10.932738,42.5,5.5
T07,GL-4592,2026-03-24 11:06:00,8.245356,10.932029,39.2,3.23
T07,GL-4592,2026-03-24 11:07:00,8.246074,10.932301,44.5,4.11
T07,GL-4592,2026-03-24 11:08:00,8.24642,10.931823,31.7,3.93
T07,GL-4592,2026-03-24 11:09:00,8.247387,10.931621,36.6,3.62
T07,GL-4592,2026-03-24 11:10:00,8.248041,10.931723,41.6,3.94
T07,GL-4592,2026-03-24 11:11:00,8.248375,10.931308,16.6,5.04
T07,GL-4592,2026-03-24 11:12:00,8.249568,10.931039,22.5,3.03
T07,GL-4592,2026-03-24 11:13:00,8.250467,10.930806,27.7,4.34
T07,GL-4592,2026-03-24 11:14:00,8.250663,10.930452,52.9,4.67
T07,GL-4592,2026-03-24 11:15:00,8.251304,10.930159,37.5,5.47
T07,GL-4592,2026-03-24 11:16:00,8.251976,10.92988,52.0,3.19
T07,GL-4592,2026-03-24 11:17:00,8.252699,10.929739,22.3,5.01
T07,GL-4592,2026-03-24 11:18:00,8.253819,10.929126,49.8,4.46
T07,GL-4592,2026-03-24 11:19:00,8.253658,10.929281,36.3,3.43
T07,GL-4592,2026-03-24 11:20:00,8.254885,10.92872,51.0,2.81
T07,GL-4592,2026-03-24 11:21:00,8.255222,10.928403,35.0,3.18
T07,GL-4592,2026-03-24 11:22:00,8.255941,10.928321,21.8,4.54
T07,GL-4592,2026-03-24 11:23:00,8.256428,10.928016,38.7,3.61
T07,GL-4592,2026-03-24 11:24:00,8.257522,10.927419,36.3,3.7
T07,GL-4592,2026-03-24 11:25:00,8.257893,10.927179,22.6,3.28
T07,GL-4592,2026-03-24 11:26:00,8.258714,10.92748,55.8,3.51
T07,GL-4592,2026-03-24 11:27:00,8.259686,10.927093,49.4,3.55
T07,GL-4592,2026-03-24 11:28:00,8.260091,10.926965,43.8,5.57
T07,GL-4592,2026-03-24 11:29:00,8.260758,10.926698,20.7,4.0
T07,GL-4592,2026-03-24 11:30:00,8.26134,10.926302,26.0,3.64
T07,GL-4592,2026-03-24 11:31:00,8.261893,10.926125,56.8,3.11
T07,GL-4592,2026-03-24 11:32:00,8.26265,10.925368,51.1,4.11
T07,GL-4592,2026-03-24 11:33:00,8.263418,10.925539,16.1,3.66
T07,GL-4592,2026-03-24 11:34:00,8.264478,10.924921,34.8,3.43
T07,GL-4592,2026-03-24 11:35:00,8.264456,10.924634,45.8,4.52
T07,GL-4592,2026-03-24 11:36:00,8.265115,10.92472,54.8,4.52
T07,GL-4592,2026-03-24 11:37:00,8.266285,10.923807,55.3,5.5
T07,GL-4592,2026-03-24 11:38:00,8.266603,10.924037,56.9,3.47
T07,GL-4592,2026-03-24 11:39:00,8.267765,10.924161,27.9,4.48
T07,GL-4592,2026-03-24 11:40:00,8.268218,10.923025,45.5,4.51
T07,GL-4592,2026-03-24 11:41:00,8.26859,10.922764,58.0,3.27
T07,GL-4592,2026-03-24 11:42:00,8.268968,10.922882,19.1,4.78
T07,GL-4592,2026-03-24 11:43:00,8.270431,10.922422,15.9,4.46
T07,GL-4592,2026-03-24 11:44:00,8.27064,10.921864,25.0,4.0
T07,GL-4592,2026-03-24 11:45:00,8.271637,10.921847,23.5,3.29
T07,GL-4592,2026-03-24 11:46:00,8.272225,10.921641,24.7,4.48
T07,GL-4592,2026-03-24 11:47:00,8.27278,10.921636,17.1,4.54
T07,GL-4592,2026-03-24 11:48:00,8.273205,10.921351,49.1,3.29
T07,GL-4592,2026-03-24 11:49:00,8.273953,10.920999,36.7,3.22
T07,GL-4592,2026-03-24 11:50:00,8.274926,10.920672,30.0,2.86
T07,GL-4592,2026-03-24 11:51:00,8.275566,10.920519,55.7,3.1
T07,GL-4592,2026-03-24 11:52:00,8.276629,10.920345,41.1,3.98
T07,GL-4592,2026-03-24 11:53:00,8.276748,10.919652,43.9,3.69
T07,GL-4592,2026-03-24 11:54:00,8.277625,10.919771,46.2,3.69
T07,GL-4592,2026-03-24 11:55:00,8.278178,10.918827,23.4,5.17
T07,GL-4592,2026-03-24 11:56:00,8.278818,10.918594,17.3,4.65
T07,GL-4592,2026-03-24 11:57:00,8.279578,10.918226,36.5,3.85
T07,GL-4592,2026-03-24 11:58:00,8.280356,10.918559,39.5,5.09
T07,GL-4592,2026-03-24 11:59:00,8.280801,10.91796,22.8,5.38
T07,GL-4592,2026-03-24 12:00:00,8.281627,10.917909,20.3,2.97
T07,GL-4592,2026-03-24 12:01:00,8.282254,10.917266,,4.29
T07,GL-4592,2026-03-24 12:02:00,8.282529,10.917074,33.4,4.81
T07,GL-4592,2026-03-24 12:03:00,8.283446,10.917017,14.4,3.49
T07,GL-4592,2026-03-24 12:04:00,8.284348,10.917251,47.0,4.16
T07,GL-4592,2026-03-24 12:05:00,8.285379,10.916671,54.6,4.65
T07,GL-4592,2026-03-24 12:06:00,8.285122,10.916202,34.5,5.1
T07,GL-4592,2026-03-24 12:07:00,8.286247,10.915723,36.0,4.4
T07,GL-4592,2026-03-24 12:08:00,8.286816,10.915573,17.3,5.54
T07,GL-4592,2026-03-24 12:09:00,8.287134,10.915686,15.6,3.45
T07,GL-4592,2026-03-24 12:10:00,8.288411,10.914915,32.3,4.05
T07,GL-4592,2026-03-24 12:11:00,8.288814,10.915109,17.3,4.27
T07,GL-4592,2026-03-24 12:12:00,8.289558,10.914461,22.9,4.7
T07,GL-4592,2026-03-24 12:13:00,8.290683,10.914909,43.8,4.66
T07,GL-4592,2026-03-24 12:14:00,8.290946,10.914215,20.0,3.33
T07,GL-4592,2026-03-24 12:15:00,8.291695,10.91399,25.7,3.68
T07,GL-4592,2026-03-24 12:16:00,8.291939,10.913391,23.0,3.51
T07,GL-4592,2026-03-24 12:17:00,8.292745,10.913307,19.0,2.99
T07,GL-4592,2026-03-24 12:18:00,8.293359,10.912914,24.7,3.42
T07,GL-4592,2026-03-24 12:19:00,8.294137,10.912828,55.8,4.71
T07,GL-4592,2026-03-24 12:20:00,8.295131,10.912598,48.5,3.07
T07,GL-4592,2026-03-24 12:21:00,8.295332,10.912251,38.3,4.93
T07,GL-4592,2026-03-24 12:22:00,8.296614,10.911525,48.9,4.61
T07,GL-4592,2026-03-24 12:23:00,8.296755,10.911792,26.5,3.28
T07,GL-4592,2026-03-24 12:24:00,8.297377,10.911487,51.7,4.41
T07,GL-4592,2026-03-24 12:25:00,8.298671,10.91147,33.1,5.11
T07,GL-4592,2026-03-24 12:26:00,8.29856,10.91053,46.3,3.26
T07,GL-4592,2026-03-24 12:27:00,8.299534,10.910866,16.8,5.18
T07,GL-4592,2026-03-24 12:28:00,8.300155,10.909894,40.5,4.39
T07,GL-4592,2026-03-24 12:29:00,8.301182,10.909713,40.2,4.64
T07,GL-4592,2026-03-24 12:30:00,8.301753,10.909621,35.9,2.85
T07,GL-4592,2026-03-24 12:31:00,8.302045,10.909164,45.1,5.38
T07,GL-4592,2026-03-24 12:32:00,8.302463,10.909138,55.9,3.01
T07,GL-4592,2026-03-24 12:33:00,8.303484,10.908814,43.2,5.04
T07,GL-4592,2026-03-24 12:34:00,8.304494,10.908544,38.4,5.51
T07,GL-4592,2026-03-24 12:35:00,8.305025,10.907969,24.4,3.07
T07,GL-4592,2026-03-24 12:36:00,8.305728,10.908176,40.9,3.72
T07,GL-4592,2026-03-24 12:37:00,8.306092,10.908158,20.0,3.16
T07,GL-4592,2026-03-24 12:38:00,8.306992,10.907376,39.5,5.43
T07,GL-4592,2026-03-24 12:39:00,8.30745,10.90724,57.0,4.77
T07,GL-4592,2026-03-24 12:40:00,8.308363,10.906908,24.8,3.13
T07,GL-4592,2026-03-24 12:41:00,8.308313,10.906999,52.1,0.04
T07,GL-4592,2026-03-24 12:42:00,8.308697,10.90714,31.5,0.47
T07,GL-4592,2026-03-24 12:43:00,8.308847,10.906798,41.7,0.03
T07,GL-4592,2026-03-24 12:44:00,8.308321,10.906923,37.5,0.52
T07,GL-4592,2026-03-24 12:45:00,8.308118,10.906946,36.8,0.65
T07,GL-4592,2026-03-24 12:46:00,8.308887,10.906893,27.1,0.15
T07,GL-4592,2026-03-24 12:47:00,8.3084,10.907075,36.2,0.8
T07,GL-4592,2026-03-24 12:48:00,8.308269,10.907124,49.2,0.18
T07,GL-4592,2026-03-24 12:49:00,8.308693,10.906735,55.8,0.02
T07,GL-4592,2026-03-24 12:50:00,8.308261,10.907307,36.6,0.19
T07,GL-4592,2026-03-24 12:51:00,8.308257,10.906725,29.1,0.06
T07,GL-4592,2026-03-24 12:52:00,8.308141,10.90722,25.9,0.3
T07,GL-4592,2026-03-24 12:53:00,8.308512,10.906596,53.5,0.06
T07,GL-4592,2026-03-24 12:54:00,8.308877,10.90675,39.1,0.17
T07,GL-4592,2026-03-24 12:55:00,8.307918,10.907092,34.1,0.17
T07,GL-4592,2026-03-24 12:56:00,8.308475,10.906865,47.8,0.02
T07,GL-4592,2026-03-24 12:57:00,8.308574,10.907619,30.1,0.79
T07,GL-4592,2026-03-24 12:58:00,8.307816,10.90712,22.8,0.46
T07,GL-4592,2026-03-24 12:59:00,8.309121,10.906978,32.4,0.55
T07,GL-4592,2026-03-24 13:00:00,8.308694,10.907081,45.6,0.39
T07,GL-4592,2026-03-24 13:01:00,8.308333,10.90721,50.6,0.77
T07,GL-4592,2026-03-24 13:02:00,8.308293,10.90683,53.4,0.79
T07,GL-4592,2026-03-24 13:03:00,8.308224,10.906969,47.1,0.31
T07,GL-4592,2026-03-24 13:04:00,8.308474,10.907055,25.2,0.35
T07,GL-4592,2026-03-24 13:05:00,8.308321,10.907167,21.8,0.56
T07,GL-4592,2026-03-24 13:06:00,8.308318,10.90689,50.7,0.63
T07,GL-4592,2026-03-24 13:07:00,8.308276,10.907275,44.0,0.49
T07,GL-4592,2026-03-24 13:08:00,8.308077,10.90672,43.8,0.09
T07,GL-4592,2026-03-24 13:09:00,8.308555,10.907427,43.8,0.45
T07,GL-4592,2026-03-24 13:10:00,8.307949,10.906602,46.9,4.76
T07,GL-4592,2026-03-24 13:11:00,8.30738,10.905649,56.3,4.81
T07,GL-4592,2026-03-24 13:12:00,8.307204,10.904996,24.2,3.44
T07,GL-4592,2026-03-24 13:13:00,8.306954,10.904273,40.5,3.46
T07,GL-4592,2026-03-24 13:14:00,8.306522,10.903215,43.3,3.04
T07,GL-4592,2026-03-24 13:15:00,8.3059,10.90264,32.6,3.34
T07,GL-4592,2026-03-24 13:16:00,8.305711,10.902173,47.2,3.65
T07,GL-4592,2026-03-24 13:17:00,8.305172,10.901627,26.1,4.87
T07,GL-4592,2026-03-24 13:18:00,8.30468,10.900757,19.8,4.62
T07,GL-4592,2026-03-24 13:19:00,8.304161,10.899852,29.5,4.65
T07,GL-4592,2026-03-24 13:20:00,8.30371,10.899295,19.2,3.24
T07,GL-4592,2026-03-24 13:21:00,8.303572,10.898886,47.2,4.27
T07,GL-4592,2026-03-24 13:22:00,8.303603,10.897922,29.1,5.42
T07,GL-4592,2026-03-24 13:23:00,8.30339,10.897061,18.2,4.77
T07,GL-4592,2026-03-24 13:24:00,8.302485,10.896342,42.1,4.43
T07,GL-4592,2026-03-24 13:25:00,8.302199,10.896176,18.1,3.97
T07,GL-4592,2026-03-24 13:26:00,8.301704,10.89541,34.9,4.96
T07,GL-4592,2026-03-24 13:27:00,8.301172,10.894089,52.7,3.33
T07,GL-4592,2026-03-24 13:28:00,8.300757,10.893632,21.7,4.06
T07,GL-4592,2026-03-24 13:29:00,8.300682,10.892985,51.8,3.83
T07,GL-4592,2026-03-24 13:30:00,8.300257,10.892679,35.2,5.51
T07,GL-4592,2026-03-24 13:31:00,8.299808,10.891958,31.1,3.93
T07,GL-4592,2026-03-24 13:32:00,8.299678,10.890832,49.2,3.37
T07,GL-4592,2026-03-24 13:33:00,8.298812,10.890262,49.2,4.77
T07,GL-4592,2026-03-24 13:34:00,8.298599,10.889977,55.6,2.91
T07,GL-4592,2026-03-24 13:35:00,8.298403,10.888762,48.0,3.52
T07,GL-4592,2026-03-24 13:36:00,8.2979,10.887815,29.8,3.17
T07,GL-4592,2026-03-24 13:37:00,8.297611,10.887665,44.6,5.46
T07,GL-4592,2026-03-24 13:38:00,8.297394,10.887189,17.7,4.9
T07,GL-4592,2026-03-24 13:39:00,8.296366,10.886346,52.7,4.25
T07,GL-4592,2026-03-24 13:40:00,8.296688,10.885225,40.8,4.14
T07,GL-4592,2026-03-24 13:41:00,8.29591,10.884861,32.4,3.19
T07,GL-4592,2026-03-24 13:42:00,8.295339,10.884102,56.9,3.71
T07,GL-4592,2026-03-24 13:43:00,8.295138,10.883542,43.2,4.06
T07,GL-4592,2026-03-24 13:44:00,8.294684,10.883072,52.9,3.01
T07,GL-4592,2026-03-24 13:45:00,8.294706,10.882037,15.5,4.51
T07,GL-4592,2026-03-24 13:46:00,8.294002,10.881042,33.2,4.92
T07,GL-4592,2026-03-24 13:47:00,8.293417,10.880487,54.5,4.66
T07,GL-4592,2026-03-24 13:48:00,8.293375,10.879865,32.7,5.11
T07,GL-4592,2026-03-24 13:49:00,8.292964,10.879109,15.0,4.75
T07,GL-4592,2026-03-24 13:50:00,8.292337,10.878549,20.0,4.04
T07,GL-4592,2026-03-24 13:51:00,8.292123,10.877825,28.3,5.11
T07,GL-4592,2026-03-24 13:52:00,8.292001,10.876663,39.3,4.73
T07,GL-4592,2026-03-24 13:53:00,8.291204,10.876671,37.5,5.26
T07,GL-4592,2026-03-24 13:54:00,8.290996,10.875482,20.0,4.14
T07,GL-4592,2026-03-24 13:55:00,8.29051,10.874556,40.6,4.87
T07,GL-4592,2026-03-24 13:56:00,8.289889,10.874119,18.9,4.35
T07,GL-4592,2026-03-24 13:57:00,8.289639,10.873655,18.1,3.02
T07,GL-4592,2026-03-24 13:58:00,8.289283,10.872847,32.9,5.12
T07,GL-4592,2026-03-24 13:59:00,8.288832,10.872306,40.7,3.39
T07,GL-4592,2026-03-24 14:00:00,8.288651,10.871571,30.1,4.32
T07,GL-4592,2026-03-24 14:01:00,8.288131,10.870698,19.9,4.67
T07,GL-4592,2026-03-24 14:02:00,8.28848,10.869997,56.4,3.21
T07,GL-4592,2026-03-24 14:03:00,8.287256,10.869084,50.5,4.04
T07,GL-4592,2026-03-24 14:04:00,8.287161,10.86803,51.4,4.09
T07,GL-4592,2026-03-24 14:05:00,8.286814,10.867963,39.8,3.0
T07,GL-4592,2026-03-24 14:06:00,8.2865,10.867656,18.7,4.92
T07,GL-4592,2026-03-24 14:07:00,8.285702,10.866695,,3.88
T07,GL-4592,2026-03-24 14:08:00,8.285511,10.866111,56.2,3.03
T07,GL-4592,2026-03-24 14:09:00,8.285182,10.865247,56.4,4.03
T07,GL-4592,2026-03-24 14:10:00,8.284967,10.864513,28.6,5.3
T07,GL-4592,2026-03-24 14:11:00,8.284701,10.864241,56.3,4.19
T07,GL-4592,2026-03-24 14:12:00,8.283682,10.863438,55.0,2.9
T07,GL-4592,2026-03-24 14:13:00,8.283627,10.862066,28.6,3.02
T07,GL-4592,2026-03-24 14:14:00,8.283221,10.861567,,4.9
T07,GL-4592,2026-03-24 14:15:00,8.282746,10.861309,26.1,5.34
T07,GL-4592,2026-03-24 14:16:00,8.282818,10.860149,53.3,4.17
T07,GL-4592,2026-03-24 14:17:00,8.282681,10.859482,48.4,4.01
T07,GL-4592,2026-03-24 14:18:00,8.281822,10.859297,42.5,3.7
T07,GL-4592,2026-03-24 14:19:00,8.281511,10.858347,45.2,3.32
T07,GL-4592,2026-03-24 14:20:00,8.281286,10.857761,35.6,3.37
T07,GL-4592,2026-03-24 14:21:00,8.280642,10.857401,40.8,4.01
T07,GL-4592,2026-03-24 14:22:00,8.280106,10.855839,47.3,5.48
T07,GL-4592,2026-03-24 14:23:00,8.28018,10.855376,21.1,4.01
T07,GL-4592,2026-03-24 14:24:00,8.279442,10.855211,51.5,2.89
T07,GL-4592,2026-03-24 14:25:00,8.279128,10.854438,42.9,3.23
T07,GL-4592,2026-03-24 14:26:00,8.279134,10.853344,23.5,4.62
T07,GL-4592,2026-03-24 14:27:00,8.27827,10.852604,23.0,3.11
T07,GL-4592,2026-03-24 14:28:00,8.278319,10.851922,54.1,3.68
T07,GL-4592,2026-03-24 14:29:00,8.277581,10.851725,28.0,3.19
T07,GL-4592,2026-03-24 14:30:00,8.277078,10.850872,54.5,4.0
T07,GL-4592,2026-03-24 14:31:00,8.276895,10.849741,44.2,3.83
T07,GL-4592,2026-03-24 14:32:00,8.276373,10.849445,39.7,4.72
T07,GL-4592,2026-03-24 14:33:00,8.27626,10.848121,32.2,3.35
T07,GL-4592,2026-03-24 14:34:00,8.275446,10.847968,30.9,4.38
T07,GL-4592,2026-03-24 14:35:00,8.275431,10.847353,22.8,4.79
T07,GL-4592,2026-03-24 14:36:00,8.274552,10.8466,42.9,3.79
T07,GL-4592,2026-03-24 14:37:00,8.274455,10.845756,35.6,4.68
T07,GL-4592,2026-03-24 14:38:00,8.274334,10.844966,26.5,4.34
T07,GL-4592,2026-03-24 14:39:00,8.273818,10.844341,53.1,3.04
T07,GL-4592,2026-03-24 14:40:00,8.273638,10.843842,43.9,3.26
T07,GL-4592,2026-03-24 14:41:00,8.27315,10.842794,34.0,4.01
T07,GL-4592,2026-03-24 14:42:00,8.272587,10.842066,46.2,4.05
T07,GL-4592,2026-03-24 14:43:00,8.272154,10.841659,47.5,3.99
T07,GL-4592,2026-03-24 14:44:00,8.272425,10.841264,32.8,0.2
T07,GL-4592,2026-03-24 14:45:00,8.271981,10.841728,27.1,0.35
T07,GL-4592,2026-03-24 14:46:00,8.272138,10.84176,45.9,0.87
T07,GL-4592,2026-03-24 14:47:00,8.272455,10.841702,27.8,0.75
T07,GL-4592,2026-03-24 14:48:00,8.272312,10.841926,50.0,0.2
T07,GL-4592,2026-03-24 14:49:00,8.271911,10.84216,28.3,0.73
T07,GL-4592,2026-03-24 14:50:00,8.272426,10.841407,25.6,0.42
T07,GL-4592,2026-03-24 14:51:00,8.272473,10.842024,51.8,0.45
T07,GL-4592,2026-03-24 14:52:00,8.272363,10.8418,46.7,0.49
T07,GL-4592,2026-03-24 14:53:00,8.272338,10.84207,14.8,0.44
T07,GL-4592,2026-03-24 14:54:00,8.272682,10.841548,47.2,0.67
T07,GL-4592,2026-03-24 14:55:00,8.271996,10.841619,52.6,0.67
T07,GL-4592,2026-03-24 14:56:00,8.272046,10.841574,26.2,0.05
T07,GL-4592,2026-03-24 14:57:00,8.272231,10.841663,49.3,0.15
T07,GL-4592,2026-03-24 14:58:00,8.271878,10.841383,28.7,0.06
T07,GL-4592,2026-03-24 14:59:00,8.272391,10.841882,45.1,0.58
T07,GL-4592,2026-03-24 15:00:00,8.272509,10.841737,49.5,0.47
T07,GL-4592,2026-03-24 15:01:00,8.271985,10.841742,40.5,0.2
T07,GL-4592,2026-03-24 15:02:00,8.271983,10.842026,24.8,0.57
T07,GL-4592,2026-03-24 15:03:00,8.271976,10.841343,15.1,0.85
T07,GL-4592,2026-03-24 15:04:00,8.271985,10.841387,21.0,0.45
T07,GL-4592,2026-03-24 15:05:00,8.27233,10.841759,35.3,0.14
T07,GL-4592,2026-03-24 15:06:00,8.271535,10.841745,31.8,0.02
T07,GL-4592,2026-03-24 15:07:00,8.272636,10.84108,16.6,0.34
T07,GL-4592,2026-03-24 15:08:00,8.272349,10.841313,48.1,0.9
T07,GL-4592,2026-03-24 15:09:00,8.272205,10.841819,54.6,0.06
T07,GL-4592,2026-03-24 15:10:00,8.272796,10.841614,25.2,0.3
T07,GL-4592,2026-03-24 15:11:00,8.271856,10.841468,30.6,0.56
T07,GL-4592,2026-03-24 15:12:00,8.272575,10.84234,37.1,0.23
T07,GL-4592,2026-03-24 15:13:00,8.271997,10.84194,56.4,0.58
T07,GL-4592,2026-03-24 15:14:00,8.272017,10.841455,32.2,0.35
T07,GL-4592,2026-03-24 15:15:00,8.272448,10.842073,44.4,0.75
