team_id,logger_id,timestamp,longitude,latitude,accuracy_m,speed_kmh
T14,GL-1388,2026-03-09 07:20:00,7.420616,11.508972,38.3,3.28
T14,GL-1388,2026-03-09 07:21:00,7.421429,11.509554,57.5,4.79
T14,GL-1388,2026-03-09 07:22:00,7.421467,11.509782,48.7,4.23
T14,GL-1388,2026-03-09 07:23:00,7.421946,11.510173,19.4,2.98
T14,GL-1388,2026-03-09 07:24:00,7.421926,11.510794,17.4,4.37
T14,GL-1388,2026-03-09 07:25:00,7.422371,11.511141,39.9,3.27
T14,GL-1388,2026-03-09 07:26:00,7.42284,11.511664,50.5,5.55
T14,GL-1388,2026-03-09 07:27:00,7.422755,11.512033,54.3,3.68
T14,GL-1388,2026-03-09 07:28:00,7.423417,11.513017,42.1,3.88
T14,GL-1388,2026-03-09 07:29:00,7.423378,11.513468,45.9,5.39
T14,GL-1388,2026-03-09 07:30:00,7.423705,11.513789,53.8,2.96
T14,GL-1388,2026-03-09 07:31:00,7.423818,11.513346,47.8,0.11
T14,GL-1388,2026-03-09 07:32:00,7.424109,11.513251,,0.52
T14,GL-1388,2026-03-09 07:33:00,7.423298,11.513767,16.1,0.14
T14,GL-1388,2026-03-09 07:34:00,7.423867,11.513472,56.1,0.13
T14,GL-1388,2026-03-09 07:35:00,7.423585,11.514015,22.4,0.17
T14,GL-1388,2026-03-09 07:36:00,7.424112,11.513925,31.4,0.28
T14,GL-1388,2026-03-09 07:37:00,7.423833,11.513993,15.8,0.73
T14,GL-1388,2026-03-09 07:38:00,7.423487,11.513807,22.1,0.72
T14,GL-1388,2026-03-09 07:39:00,7.424089,11.51366,,0.4
T14,GL-1388,2026-03-09 07:40:00,7.423822,11.513501,42.6,0.2
T14,GL-1388,2026-03-09 07:41:00,7.42357,11.513875,26.0,0.8
T14,GL-1388,2026-03-09 07:42:00,7.424149,11.513456,29.0,0.83
T14,GL-1388,2026-03-09 07:43:00,7.423214,11.513638,28.8,0.45
T14,GL-1388,2026-03-09 07:44:00,7.423816,11.513435,22.5,0.11
T14,GL-1388,2026-03-09 07:45:00,7.42427,11.513905,41.5,0.44
T14,GL-1388,2026-03-09 07:46:00,7.424263,11.513569,18.7,0.0
T14,GL-1388,2026-03-09 07:47:00,7.423702,11.513629,16.8,0.7
T14,GL-1388,2026-03-09 07:48:00,7.423364,11.513797,31.6,0.2
T14,GL-1388,2026-03-09 07:49:00,7.423343,11.514272,56.6,0.48
T14,GL-1388,2026-03-09 07:50:00,7.423751,11.513339,38.3,0.13
T14,GL-1388,2026-03-09 07:51:00,7.423818,11.513395,15.1,0.3
T14,GL-1388,2026-03-09 07:52:00,7.423489,11.513959,24.4,0.78
T14,GL-1388,2026-03-09 07:53:00,7.423544,11.513622,53.1,0.27
T14,GL-1388,2026-03-09 07:54:00,7.423297,11.513708,23.6,0.03
T14,GL-1388,2026-03-09 07:55:00,7.424015,11.51378,30.4,0.25
T14,GL-1388,2026-03-09 07:56:00,7.424307,11.513808,49.0,0.07
T14,GL-1388,2026-03-09 07:57:00,7.424443,11.513583,44.9,2.95
T14,GL-1388,2026-03-09 07:58:00,7.425342,11.51332,38.5,3.44
T14,GL-1388,2026-03-09 07:59:00,7.426091,11.513396,19.6,3.72
T14,GL-1388,2026-03-09 08:00:00,7.426812,11.513145,57.7,4.76
T14,GL-1388,2026-03-09 08:01:00,7.427469,11.512624,46.4,3.51
T14,GL-1388,2026-03-09 08:02:00,7.427874,11.512683,54.8,4.47
T14,GL-1388,2026-03-09 08:03:00,7.429142,11.512831,27.4,3.38
T14,GL-1388,2026-03-09 08:04:00,7.430077,11.512268,44.6,4.52
T14,GL-1388,2026-03-09 08:05:00,7.429997,11.512065,30.8,5.5
T14,GL-1388,2026-03-09 08:06:00,7.431065,11.512334,48.3,4.12
T14,GL-1388,2026-03-09 08:07:00,7.432114,11.511851,26.9,4.97
T14,GL-1388,2026-03-09 08:08:00,7.433111,11.5121,30.5,3.86
T14,GL-1388,2026-03-09 08:09:00,7.433137,11.51195,53.3,3.28
T14,GL-1388,2026-03-09 08:10:00,7.434377,11.511752,29.6,4.67
T14,GL-1388,2026-03-09 08:11:00,7.435052,11.511462,53.6,4.13
T14,GL-1388,2026-03-09 08:12:00,7.435678,11.510846,50.5,3.86
T14,GL-1388,2026-03-09 08:13:00,7.436259,11.511295,47.7,3.48
T14,GL-1388,2026-03-09 08:14:00,7.437274,11.51107,31.7,3.56
T14,GL-1388,2026-03-09 08:15:00,7.438351,11.511531,36.9,4.39
T14,GL-1388,2026-03-09 08:16:00,7.438391,11.510918,33.0,4.59
T14,GL-1388,2026-03-09 08:17:00,7.439818,11.510911,44.6,3.92
T14,GL-1388,2026-03-09 08:18:00,7.440454,11.510613,21.8,3.71
T14,GL-1388,2026-03-09 08:19:00,7.440859,11.51041,38.1,4.09
T14,GL-1388,2026-03-09 08:20:00,7.441819,11.510365,33.8,4.48
T14,GL-1388,2026-03-09 08:21:00,7.442477,11.510464,18.3,5.13
T14,GL-1388,2026-03-09 08:22:00,7.443641,11.51023,40.8,3.39
T14,GL-1388,2026-03-09 08:23:00,7.444092,11.509878,45.4,5.17
T14,GL-1388,2026-03-09 08:24:00,7.444685,11.509672,45.9,4.06
T14,GL-1388,2026-03-09 08:25:00,7.445572,11.509564,27.9,3.23
T14,GL-1388,2026-03-09 08:26:00,7.446355,11.509509,31.9,4.34
T14,GL-1388,2026-03-09 08:27:00,7.447113,11.509362,37.1,2.81
T14,GL-1388,2026-03-09 08:28:00,7.447475,11.509553,30.3,4.55
T14,GL-1388,2026-03-09 08:29:00,7.448657,11.508991,24.4,4.24
T14,GL-1388,2026-03-09 08:30:00,7.449491,11.508882,23.7,5.35
T14,GL-1388,2026-03-09 08:31:00,6.996745,11.508586,48.0,169.13
T14,GL-1388,2026-03-09 08:32:00,7.450453,11.508425,48.8,3.97
T14,GL-1388,2026-03-09 08:33:00,7.451442,11.508608,38.4,2.94
T14,GL-1388,2026-03-09 08:34:00,7.452304,11.508409,24.3,3.16
T14,GL-1388,2026-03-09 08:35:00,7.452898,11.508061,28.9,5.56
T14,GL-1388,2026-03-09 08:36:00,7.45382,11.508187,44.8,3.82
T14,GL-1388,2026-03-09 08:37:00,7.454612,11.507861,40.1,3.36
T14,GL-1388,2026-03-09 08:38:00,7.455517,11.50805,25.2,5.47
T14,GL-1388,2026-03-09 08:39:00,7.456262,11.508169,41.1,4.6
T14,GL-1388,2026-03-09 08:40:00,7.456835,11.507607,20.9,3.35
T14,GL-1388,2026-03-09 08:41:00,7.457685,11.507056,56.0,4.68
T14,GL-1388,2026-03-09 08:42:00,7.458177,11.507057,27.0,3.05
T14,GL-1388,2026-03-09 08:43:00,7.459661,11.507088,29.6,3.55
T14,GL-1388,2026-03-09 08:44:00,7.460141,11.507127,35.0,5.1
T14,GL-1388,2026-03-09 08:45:00,7.460434,11.506812,57.6,4.93
T14,GL-1388,2026-03-09 08:46:00,7.461525,11.506973,25.5,4.64
T14,GL-1388,2026-03-09 08:47:00,7.46231,11.506453,52.1,3.76
T14,GL-1388,2026-03-09 08:48:00,7.462696,11.506658,32.5,3.39
T14,GL-1388,2026-03-09 09:08:00,7.478087,11.504062,50.0,4.4
T14,GL-1388,2026-03-09 09:09:00,7.478418,11.503645,32.9,5.53
T14,GL-1388,2026-03-09 09:10:00,7.479189,11.503605,19.7,5.22
T14,GL-1388,2026-03-09 09:11:00,7.4802,11.503568,52.1,4.67
T14,GL-1388,2026-03-09 09:12:00,7.48067,11.503302,40.0,3.05
T14,GL-1388,2026-03-09 09:13:00,7.481757,11.50323,31.2,3.36
T14,GL-1388,2026-03-09 09:14:00,7.482667,11.503333,42.1,3.97
T14,GL-1388,2026-03-09 09:15:00,7.483378,11.502918,36.3,3.14
T14,GL-1388,2026-03-09 09:16:00,7.483761,11.502787,29.1,2.99
T14,GL-1388,2026-03-09 09:17:00,7.484874,11.502294,20.9,4.64
T14,GL-1388,2026-03-09 09:18:00,7.485386,11.502255,18.7,5.48
T14,GL-1388,2026-03-09 09:19:00,7.486205,11.502492,41.5,5.42
T14,GL-1388,2026-03-09 09:20:00,7.48684,11.502211,54.5,5.14
T14,GL-1388,2026-03-09 09:21:00,7.487837,11.502474,22.2,3.77
T14,GL-1388,2026-03-09 09:22:00,7.487662,11.501481,43.0,0.67
T14,GL-1388,2026-03-09 09:23:00,7.48745,11.502106,53.3,0.33
T14,GL-1388,2026-03-09 09:24:00,7.487213,11.502019,22.3,0.38
T14,GL-1388,2026-03-09 09:25:00,7.487815,11.502298,22.6,0.68
T14,GL-1388,2026-03-09 09:26:00,7.487865,11.502404,20.6,0.47
T14,GL-1388,2026-03-09 09:27:00,7.487627,11.502183,31.8,0.6
T14,GL-1388,2026-03-09 09:28:00,7.487932,11.502374,23.9,0.28
T14,GL-1388,2026-03-09 09:29:00,7.487085,11.501499,44.5,0.87
T14,GL-1388,2026-03-09 09:30:00,7.488013,11.502148,27.5,0.24
T14,GL-1388,2026-03-09 09:31:00,7.487681,11.502157,25.5,0.75
T14,GL-1388,2026-03-09 09:32:00,7.487972,11.502241,,0.17
T14,GL-1388,2026-03-09 09:33:00,7.487409,11.502128,,0.03
T14,GL-1388,2026-03-09 09:34:00,7.487845,11.502488,57.7,0.15
T14,GL-1388,2026-03-09 09:35:00,7.48763,11.502534,23.7,0.35
T14,GL-1388,2026-03-09 09:36:00,7.488145,11.502144,38.4,0.52
T14,GL-1388,2026-03-09 09:37:00,7.487544,11.502198,41.6,0.42
T14,GL-1388,2026-03-09 09:38:00,7.487768,11.50192,29.5,0.57
T14,GL-1388,2026-03-09 09:39:00,7.487709,11.501899,41.5,0.17
T14,GL-1388,2026-03-09 09:40:00,7.48763,11.502174,14.6,0.62
T14,GL-1388,2026-03-09 09:41:00,7.487852,11.501931,35.9,0.73
T14,GL-1388,2026-03-09 09:42:00,7.488158,11.502542,14.3,3.94
T14,GL-1388,2026-03-09 09:43:00,7.488656,11.503358,43.9,5.27
T14,GL-1388,2026-03-09 09:44:00,7.489447,11.503879,25.1,3.19
T14,GL-1388,2026-03-09 09:45:00,7.489611,11.5045,24.8,4.43
T14,GL-1388,2026-03-09 09:46:00,7.489983,11.5053,41.4,4.2
T14,GL-1388,2026-03-09 09:47:00,7.490354,11.505658,26.4,4.14
T14,GL-1388,2026-03-09 09:48:00,7.491368,11.505818,43.1,3.68
T14,GL-1388,2026-03-09 09:49:00,7.491527,11.506961,17.1,3.56
T14,GL-1388,2026-03-09 09:50:00,7.492052,11.507694,24.0,3.53
T14,GL-1388,2026-03-09 09:51:00,7.49248,11.508135,14.8,4.52
T14,GL-1388,2026-03-09 09:52:00,7.492867,11.508789,15.5,5.15
T14,GL-1388,2026-03-09 09:53:00,7.493381,11.509527,57.1,3.31
T14,GL-1388,2026-03-09 09:54:00,7.49382,11.509976,57.5,4.52
T14,GL-1388,2026-03-09 09:55:00,7.493965,11.510136,30.6,4.56
T14,GL-1388,2026-03-09 09:56:00,7.494903,11.511056,14.6,4.14
T14,GL-1388,2026-03-09 09:57:00,7.495344,11.511597,17.8,4.25
T14,GL-1388,2026-03-09 09:58:00,7.495881,11.511974,38.7,4.96
T14,GL-1388,2026-03-09 09:59:00,7.496034,11.5128,36.5,4.13
T14,GL-1388,2026-03-09 10:00:00,7.496867,11.513015,55.4,5.22
T14,GL-1388,2026-03-09 10:01:00,7.497289,11.513982,16.1,4.53
T14,GL-1388,2026-03-09 10:02:00,7.497847,11.514891,33.4,4.91
T14,GL-1388,2026-03-09 10:03:00,7.497904,11.514872,20.3,3.6
T14,GL-1388,2026-03-09 10:04:00,7.498253,11.516025,19.0,4.44
T14,GL-1388,2026-03-09 10:05:00,7.498665,11.516372,45.1,3.17
T14,GL-1388,2026-03-09 10:06:00,7.499523,11.516461,56.3,4.61
T14,GL-1388,2026-03-09 10:07:00,7.4995,11.516451,17.3,0.88
T14,GL-1388,2026-03-09 10:08:00,7.498869,11.516562,32.4,0.05
T14,GL-1388,2026-03-09 10:09:00,7.499205,11.516558,33.5,0.54
T14,GL-1388,2026-03-09 10:10:00,7.49957,11.516784,54.4,0.26
T14,GL-1388,2026-03-09 10:11:00,7.499235,11.517125,34.0,0.68
T14,GL-1388,2026-03-09 10:12:00,7.499567,11.516861,40.6,0.55
T14,GL-1388,2026-03-09 10:13:00,7.49904,11.516424,57.1,0.03
T14,GL-1388,2026-03-09 10:14:00,7.499787,11.517216,57.7,0.25
T14,GL-1388,2026-03-09 10:15:00,7.499972,11.517562,29.4,0.69
T14,GL-1388,2026-03-09 10:16:00,7.499392,11.516815,23.7,0.59
T14,GL-1388,2026-03-09 10:17:00,7.499072,11.516478,55.8,0.14
T14,GL-1388,2026-03-09 10:18:00,7.499519,11.516544,27.4,0.21
T14,GL-1388,2026-03-09 10:19:00,7.49953,11.516828,36.3,0.02
T14,GL-1388,2026-03-09 10:20:00,7.498866,11.516621,40.5,0.86
T14,GL-1388,2026-03-09 10:21:00,7.499364,11.517153,15.4,0.39
T14,GL-1388,2026-03-09 10:22:00,7.499169,11.517193,43.2,0.64
T14,GL-1388,2026-03-09 10:23:00,7.499605,11.516406,21.2,2.83
T14,GL-1388,2026-03-09 10:24:00,7.498764,11.515926,51.4,2.91
T14,GL-1388,2026-03-09 10:25:00,7.498121,11.515719,27.4,4.59
T14,GL-1388,2026-03-09 10:26:00,7.498144,11.515714,57.6,5.38
T14,GL-1388,2026-03-09 10:27:00,7.497597,11.515439,52.5,5.51
T14,GL-1388,2026-03-09 10:28:00,7.497276,11.51499,32.0,3.08
T14,GL-1388,2026-03-09 10:29:00,7.496743,11.514581,17.7,4.44
T14,GL-1388,2026-03-09 10:30:00,7.49627,11.51423,41.4,3.66
T14,GL-1388,2026-03-09 10:31:00,7.495695,11.514171,48.4,4.84
T14,GL-1388,2026-03-09 10:32:00,7.495701,11.513755,27.3,3.08
T14,GL-1388,2026-03-09 10:33:00,7.494812,11.513311,14.5,5.37
T14,GL-1388,2026-03-09 10:34:00,7.494761,11.513163,26.4,3.51
T14,GL-1388,2026-03-09 10:35:00,7.494343,11.512679,36.0,3.3
T14,GL-1388,2026-03-09 10:36:00,7.494067,11.512851,19.4,4.31
T14,GL-1388,2026-03-09 10:37:00,7.493875,11.512343,39.0,5.1
T14,GL-1388,2026-03-09 10:38:00,7.493077,11.512132,18.8,4.37
T14,GL-1388,2026-03-09 10:39:00,7.492691,11.511589,39.3,4.64
T14,GL-1388,2026-03-09 10:40:00,7.492179,11.511265,49.1,4.68
T14,GL-1388,2026-03-09 10:41:00,7.492099,11.511067,49.3,3.16
T14,GL-1388,2026-03-09 10:42:00,7.491873,11.510807,43.1,4.35
T14,GL-1388,2026-03-09 10:43:00,7.490969,11.510857,41.4,3.03
T14,GL-1388,2026-03-09 10:44:00,7.341643,11.51027,34.0,329.68
T14,GL-1388,2026-03-09 10:45:00,7.490242,11.509532,51.9,4.22
T14,GL-1388,2026-03-09 10:46:00,7.49004,11.509344,26.0,4.03
T14,GL-1388,2026-03-09 10:47:00,7.489527,11.509377,43.0,3.2
T14,GL-1388,2026-03-09 10:48:00,7.489087,11.508545,23.1,3.28
T14,GL-1388,2026-03-09 10:49:00,7.48895,11.508711,29.5,3.81
T14,GL-1388,2026-03-09 10:50:00,7.488549,11.508132,55.3,4.46
T14,GL-1388,2026-03-09 10:51:00,7.48801,11.508007,53.5,4.07
T14,GL-1388,2026-03-09 10:52:00,7.487642,11.507407,55.6,4.79
T14,GL-1388,2026-03-09 10:53:00,7.487157,11.507577,45.0,5.12
T14,GL-1388,2026-03-09 10:54:00,7.486435,11.507014,32.7,4.24
T14,GL-1388,2026-03-09 10:55:00,7.486434,11.506455,28.3,3.84
T14,GL-1388,2026-03-09 10:56:00,7.485891,11.506175,18.9,3.68
T14,GL-1388,2026-03-09 10:57:00,7.485831,11.506066,32.2,5.39
T14,GL-1388,2026-03-09 10:58:00,7.48476,11.505977,33.5,4.78
T14,GL-1388,2026-03-09 10:59:00,7.484743,11.505568,22.1,4.96
T14,GL-1388,2026-03-09 11:00:00,7.484551,11.505129,27.1,4.78
T14,GL-1388,2026-03-09 11:01:00,7.484193,11.504736,54.6,3.57
T14,GL-1388,2026-03-09 11:02:00,7.483531,11.504526,21.7,4.91
T14,GL-1388,2026-03-09 11:03:00,7.483045,11.504009,44.4,5.2
T14,GL-1388,2026-03-09 11:04:00,7.482947,11.503935,32.5,2.84
T14,GL-1388,2026-03-09 11:05:00,7.482162,11.503458,36.0,3.28
T14,GL-1388,2026-03-09 11:06:00,7.481716,11.503622,44.8,4.81
T14,GL-1388,2026-03-09 11:07:00,7.481505,11.502915,16.7,3.89
T14,GL-1388,2026-03-09 11:08:00,7.481044,11.502859,29.2,3.74
T14,GL-1388,2026-03-09 11:09:00,7.480751,11.502128,34.1,2.93
T14,GL-1388,2026-03-09 11:10:00,7.480089,11.501976,41.8,4.84
T14,GL-1388,2026-03-09 11:11:00,7.479766,11.501654,50.1,2.95
T14,GL-1388,2026-03-09 11:12:00,7.479647,11.501418,40.9,5.1
T14,GL-1388,2026-03-09 11:13:00,7.479176,11.501187,53.5,3.31
T14,GL-1388,2026-03-09 11:14:00,7.478721,11.500906,29.4,4.69
T14,GL-1388,2026-03-09 11:15:00,7.478153,11.500288,15.6,3.31
T14,GL-1388,2026-03-09 11:16:00,7.477862,11.500015,53.7,4.04
T14,GL-1388,2026-03-09 11:17:00,7.477588,11.500186,23.9,4.4
T14,GL-1388,2026-03-09 11:18:00,7.477077,11.499559,26.2,4.07
T14,GL-1388,2026-03-09 11:19:00,7.476637,11.499401,45.7,5.24
T14,GL-1388,2026-03-09 11:20:00,7.476501,11.499292,45.3,2.96
T14,GL-1388,2026-03-09 11:21:00,7.475808,11.498273,34.3,3.79
T14,GL-1388,2026-03-09 11:22:00,7.475458,11.498164,23.8,4.12
T14,GL-1388,2026-03-09 11:23:00,7.47509,11.497953,48.2,4.51
T14,GL-1388,2026-03-09 11:24:00,7.47436,11.497528,20.0,3.44
T14,GL-1388,2026-03-09 11:25:00,7.474231,11.497483,14.8,4.94
T14,GL-1388,2026-03-09 11:26:00,7.47384,11.496619,53.8,4.45
T14,GL-1388,2026-03-09 11:27:00,7.473559,11.497275,14.6,2.86
T14,GL-1388,2026-03-09 11:28:00,7.473183,11.49644,31.1,4.41
T14,GL-1388,2026-03-09 11:29:00,7.473108,11.495938,,4.42
T14,GL-1388,2026-03-09 11:30:00,7.472392,11.495992,29.2,4.84
T14,GL-1388,2026-03-09 11:31:00,7.471692,11.495425,46.7,5.01
T14,GL-1388,2026-03-09 11:32:00,7.471659,11.495496,56.8,3.74
T14,GL-1388,2026-03-09 11:33:00,7.471179,11.494713,25.1,4.44
T14,GL-1388,2026-03-09 11:34:00,7.470492,11.494717,32.4,5.45
T14,GL-1388,2026-03-09 11:35:00,7.47064,11.494214,29.3,4.71
T14,GL-1388,2026-03-09 11:36:00,7.470099,11.493793,44.2,3.35
T14,GL-1388,2026-03-09 11:37:00,7.469584,11.493634,47.7,5.06
T14,GL-1388,2026-03-09 11:38:00,7.469485,11.493294,37.1,3.9
T14,GL-1388,2026-03-09 11:39:00,7.468643,11.493293,42.0,4.83
T14,GL-1388,2026-03-09 11:40:00,7.468521,11.492827,28.5,3.57
T14,GL-1388,2026-03-09 11:41:00,7.467808,11.492491,38.3,4.17
T14,GL-1388,2026-03-09 11:42:00,7.467702,11.492065,49.0,4.13
T14,GL-1388,2026-03-09 11:43:00,7.467142,11.491559,45.0,5.4
T14,GL-1388,2026-03-09 11:44:00,7.466862,11.491395,19.6,3.82
T14,GL-1388,2026-03-09 11:45:00,7.465936,11.491554,,5.43
T14,GL-1388,2026-03-09 11:46:00,7.466011,11.490902,15.1,5.41
T14,GL-1388,2026-03-09 11:47:00,7.465647,11.490311,33.0,3.26
T14,GL-1388,2026-03-09 11:48:00,7.465277,11.490311,23.7,4.27
T14,GL-1388,2026-03-09 11:49:00,7.464542,11.489958,,5.45
T14,GL-1388,2026-03-09 11:50:00,7.46463,11.48953,17.6,3.81
T14,GL-1388,2026-03-09 11:51:00,7.463896,11.489366,52.7,3.75
T14,GL-1388,2026-03-09 11:52:00,7.463241,11.489265,23.0,3.05
T14,GL-1388,2026-03-09 11:53:00,7.462866,11.488559,50.3,2.95
T14,GL-1388,2026-03-09 11:54:00,7.462352,11.488398,28.6,3.04
T14,GL-1388,2026-03-09 11:55:00,7.462569,11.488052,34.2,3.03
T14,GL-1388,2026-03-09 11:56:00,7.462386,11.487717,22.7,5.58
T14,GL-1388,2026-03-09 11:57:00,7.461709,11.486842,31.8,3.34
T14,GL-1388,2026-03-09 11:58:00,7.460902,11.487111,46.3,5.5
T14,GL-1388,2026-03-09 11:59:00,7.460383,11.486771,57.1,3.27
T14,GL-1388,2026-03-09 12:00:00,7.460485,11.48615,43.9,5.34
T14,GL-1388,2026-03-09 12:01:00,7.459604,11.485891,57.8,4.81
T14,GL-1388,2026-03-09 12:02:00,7.459305,11.486166,28.6,4.4
T14,GL-1388,2026-03-09 12:03:00,7.458942,11.485629,44.6,3.08
T14,GL-1388,2026-03-09 12:04:00,7.458574,11.484966,27.6,4.48
T14,GL-1388,2026-03-09 12:05:00,7.45861,11.485202,47.3,4.98
T14,GL-1388,2026-03-09 12:06:00,7.457916,11.485096,21.2,5.18
T14,GL-1388,2026-03-09 12:07:00,7.457309,11.484649,20.0,3.74
T14,GL-1388,2026-03-09 12:08:00,7.456919,11.484291,42.7,5.34
T14,GL-1388,2026-03-09 12:09:00,7.456648,11.483821,27.5,5.42
T14,GL-1388,2026-03-09 12:10:00,7.445198,11.483629,55.1,357.3
T14,GL-1388,2026-03-09 12:11:00,7.455938,11.483398,22.4,5.5
T14,GL-1388,2026-03-09 12:12:00,7.45574,11.482772,38.9,5.23
T14,GL-1388,2026-03-09 12:13:00,7.45505,11.482653,16.2,4.01
T14,GL-1388,2026-03-09 12:14:00,7.454617,11.48227,41.8,4.38
T14,GL-1388,2026-03-09 12:15:00,7.454308,11.48168,39.6,2.87
T14,GL-1388,2026-03-09 12:16:00,7.453633,11.481528,31.0,4.55
T14,GL-1388,2026-03-09 12:17:00,7.453567,11.481312,21.8,4.47
T14,GL-1388,2026-03-09 12:18:00,7.453168,11.480513,14.9,3.76
T14,GL-1388,2026-03-09 12:19:00,7.452741,11.480784,45.5,3.44
T14,GL-1388,2026-03-09 12:20:00,7.452525,11.480172,38.4,3.25
T14,GL-1388,2026-03-09 12:21:00,7.452072,11.479974,43.2,3.91
T14,GL-1388,2026-03-09 12:22:00,7.451547,11.479679,18.7,3.85
T14,GL-1388,2026-03-09 12:23:00,7.450932,11.479292,51.3,3.54
T14,GL-1388,2026-03-09 12:24:00,7.450442,11.479017,37.5,4.0
T14,GL-1388,2026-03-09 12:25:00,7.450572,11.478803,32.4,3.31
T14,GL-1388,2026-03-09 12:26:00,7.450078,11.47834,52.9,3.39
T14,GL-1388,2026-03-09 12:27:00,7.449606,11.478077,50.5,4.37
T14,GL-1388,2026-03-09 12:28:00,7.449386,11.478115,17.3,3.61
T14,GL-1388,2026-03-09 12:29:00,7.448201,11.477166,43.9,4.22
T14,GL-1388,2026-03-09 12:30:00,7.448369,11.47744,29.3,4.64
T14,GL-1388,2026-03-09 12:31:00,7.447901,11.477174,39.2,4.03
T14,GL-1388,2026-03-09 12:32:00,7.447635,11.476727,51.6,4.83
T14,GL-1388,2026-03-09 12:33:00,7.447447,11.476293,34.7,5.21
T14,GL-1388,2026-03-09 12:34:00,7.446876,11.476137,51.6,4.0
T14,GL-1388,2026-03-09 12:35:00,7.446325,11.475663,54.0,3.37
T14,GL-1388,2026-03-09 12:36:00,7.445885,11.4753,41.9,3.06
T14,GL-1388,2026-03-09 12:37:00,7.445388,11.474764,18.4,3.89
T14,GL-1388,2026-03-09 12:38:00,7.445404,11.474909,57.0,3.83
T14,GL-1388,2026-03-09 12:39:00,7.444776,11.474954,14.7,4.38
T14,GL-1388,2026-03-09 12:40:00,7.444333,11.473939,53.4,3.2
T14,GL-1388,2026-03-09 12:41:00,7.443766,11.473551,51.8,4.72
T14,GL-1388,2026-03-09 12:42:00,7.44341,11.473434,21.7,5.59
T14,GL-1388,2026-03-09 12:43:00,7.442803,11.473365,36.5,5.22
T14,GL-1388,2026-03-09 12:44:00,7.44295,11.472891,26.1,3.65
T14,GL-1388,2026-03-09 12:45:00,7.442767,11.471944,51.9,2.98
T14,GL-1388,2026-03-09 12:46:00,7.441756,11.4721,56.6,3.04
T14,GL-1388,2026-03-09 12:47:00,7.441634,11.472023,36.0,3.89
T14,GL-1388,2026-03-09 12:48:00,7.44133,11.471669,36.3,4.74
T14,GL-1388,2026-03-09 12:49:00,7.440778,11.471713,19.7,5.54
T14,GL-1388,2026-03-09 12:50:00,7.440738,11.470806,20.1,3.88
T14,GL-1388,2026-03-09 12:51:00,7.439908,11.470877,22.3,4.15
T14,GL-1388,2026-03-09 12:52:00,7.439281,11.47011,32.4,4.69
T14,GL-1388,2026-03-09 12:53:00,7.438902,11.470345,,5.35
T14,GL-1388,2026-03-09 12:54:00,7.438687,11.469632,18.2,5.42
T14,GL-1388,2026-03-09 12:55:00,7.438599,11.46944,57.0,4.34
T14,GL-1388,2026-03-09 12:56:00,7.437981,11.469222,30.7,5.18
T14,GL-1388,2026-03-09 12:57:00,7.437616,11.469227,53.2,3.63
T14,GL-1388,2026-03-09 12:58:00,7.436877,11.468831,54.7,4.65
T14,GL-1388,2026-03-09 12:59:00,7.436538,11.468507,24.7,5.42
T14,GL-1388,2026-03-09 13:00:00,7.436445,11.467805,23.1,4.26
T14,GL-1388,2026-03-09 13:01:00,7.436162,11.467739,22.9,5.49
T14,GL-1388,2026-03-09 13:02:00,7.435432,11.467148,30.5,3.83
T14,GL-1388,2026-03-09 13:03:00,7.43454,11.467171,26.9,4.68
T14,GL-1388,2026-03-09 13:04:00,7.434805,11.466629,49.9,5.34
T14,GL-1388,2026-03-09 13:05:00,7.43433,11.466431,54.9,5.34
T14,GL-1388,2026-03-09 13:06:00,7.434134,11.466065,24.3,4.64
T14,GL-1388,2026-03-09 13:07:00,7.433699,11.466186,41.5,4.8
T14,GL-1388,2026-03-09 13:08:00,7.43337,11.465416,56.0,4.53
T14,GL-1388,2026-03-09 13:09:00,7.433245,11.465318,14.2,3.97
T14,GL-1388,2026-03-09 13:10:00,7.432526,11.464943,56.3,5.34
T14,GL-1388,2026-03-09 13:11:00,7.431449,11.465006,23.3,4.98
T14,GL-1388,2026-03-09 13:12:00,7.431728,11.464268,40.2,4.37
T14,GL-1388,2026-03-09 13:13:00,7.431555,11.463914,41.9,5.27
T14,GL-1388,2026-03-09 13:14:00,7.430757,11.463552,45.0,4.49
T14,GL-1388,2026-03-09 13:15:00,7.430333,11.463146,36.3,4.95
T14,GL-1388,2026-03-09 13:16:00,7.429912,11.462914,50.4,3.5
T14,GL-1388,2026-03-09 13:17:00,7.429749,11.46274,44.9,3.51
T14,GL-1388,2026-03-09 13:18:00,7.429218,11.462524,43.8,3.51
T14,GL-1388,2026-03-09 13:19:00,7.428602,11.462268,28.0,5.51
T14,GL-1388,2026-03-09 13:20:00,7.428494,11.461582,17.7,3.48
T14,GL-1388,2026-03-09 13:21:00,7.427882,11.4612,23.4,4.68
T14,GL-1388,2026-03-09 13:22:00,7.427281,11.460887,57.5,3.42
T14,GL-1388,2026-03-09 13:23:00,7.426883,11.460925,35.3,4.17
T14,GL-1388,2026-03-09 13:24:00,7.426934,11.460512,54.5,4.59
T14,GL-1388,2026-03-09 13:25:00,7.426384,11.460271,46.1,3.47
T14,GL-1388,2026-03-09 13:26:00,7.425774,11.460017,34.6,4.8
T14,GL-1388,2026-03-09 13:27:00,7.425396,11.459335,47.1,3.91
T14,GL-1388,2026-03-09 13:28:00,7.425326,11.459473,43.7,3.09
T14,GL-1388,2026-03-09 13:29:00,7.424811,11.458919,40.0,3.59
T14,GL-1388,2026-03-09 13:30:00,7.424673,11.458772,41.1,3.36
T14,GL-1388,2026-03-09 13:31:00,7.42399,11.458199,45.5,4.69
T14,GL-1388,2026-03-09 13:32:00,7.423821,11.457477,52.4,5.26
T14,GL-1388,2026-03-09 13:33:00,7.422869,11.457908,24.0,3.07
T14,GL-1388,2026-03-09 13:34:00,7.422593,11.457379,29.0,3.15
T14,GL-1388,2026-03-09 13:35:00,7.42253,11.457145,50.8,3.32
T14,GL-1388,2026-03-09 13:36:00,7.421642,11.457076,50.9,3.22
T14,GL-1388,2026-03-09 13:37:00,7.421257,11.456588,32.5,5.28
T14,GL-1388,2026-03-09 13:38:00,7.421209,11.456529,25.6,3.26
T14,GL-1388,2026-03-09 13:39:00,7.420912,11.455823,45.8,4.33
T14,GL-1388,2026-03-09 13:40:00,7.420541,11.455389,36.4,3.23
T14,GL-1388,2026-03-09 13:41:00,7.42029,11.455156,51.9,5.55
T14,GL-1388,2026-03-09 13:42:00,7.419578,11.454894,18.1,5.16
T14,GL-1388,2026-03-09 13:43:00,7.419151,11.454305,56.1,4.79
T14,GL-1388,2026-03-09 13:44:00,7.418802,11.454512,29.7,3.43
T14,GL-1388,2026-03-09 13:45:00,7.418209,11.453977,57.8,5.13
T14,GL-1388,2026-03-09 13:46:00,7.417853,11.453634,50.2,3.85
T14,GL-1388,2026-03-09 13:47:00,7.417448,11.453896,17.2,3.7
T14,GL-1388,2026-03-09 13:48:00,7.417172,11.452864,29.3,5.02
T14,GL-1388,2026-03-09 13:49:00,7.416928,11.45329,36.9,3.08
T14,GL-1388,2026-03-09 13:50:00,7.416373,11.452643,22.3,5.42
T14,GL-1388,2026-03-09 13:51:00,7.41584,11.452111,30.0,3.18
T14,GL-1388,2026-03-09 13:52:00,7.415517,11.451928,,3.98
T14,GL-1388,2026-03-09 13:53:00,7.415235,11.451443,34.6,4.26
T14,GL-1388,2026-03-09 13:54:00,7.414145,11.450919,52.3,4.68
T14,GL-1388,2026-03-09 13:55:00,7.414214,11.450783,46.0,4.81
T14,GL-1388,2026-03-09 13:56:00,7.413811,11.45069,30.0,3.76
T14,GL-1388,2026-03-09 13:57:00,7.413399,11.450128,29.7,2.94
T14,GL-1388,2026-03-09 13:58:00,7.41301,11.450067,30.0,4.93
T14,GL-1388,2026-03-09 13:59:00,7.412291,11.449654,42.3,3.52
T14,GL-1388,2026-03-09 14:00:00,7.412175,11.449461,55.8,5.31
T14,GL-1388,2026-03-09 14:01:00,7.411836,11.449321,21.5,4.69
T14,GL-1388,2026-03-09 14:02:00,7.411786,11.44885,36.6,5.35
T14,GL-1388,2026-03-09 14:03:00,7.411122,11.448428,49.0,3.65
T14,GL-1388,2026-03-09 14:04:00,7.41053,11.448354,15.4,3.34
T14,GL-1388,2026-03-09 14:05:00,7.409881,11.448063,20.4,3.97
T14,GL-1388,2026-03-09 14:06:00,7.410248,11.447684,20.5,5.02
T14,GL-1388,2026-03-09 14:07:00,7.409359,11.447281,38.0,4.69
T14,GL-1388,2026-03-09 14:08:00,7.40922,11.446877,20.3,4.54
T14,GL-1388,2026-03-09 14:09:00,7.408895,11.44678,20.8,4.52
T14,GL-1388,2026-03-09 14:10:00,7.408287,11.4463,24.5,3.05
T14,GL-1388,2026-03-09 14:11:00,7.408338,11.446148,27.6,5.35
T14,GL-1388,2026-03-09 14:12:00,7.407374,11.445833,31.0,3.72
T14,GL-1388,2026-03-09 14:13:00,7.407505,11.44564,41.2,3.28
T14,GL-1388,2026-03-09 14:14:00,7.406911,11.44516,53.0,3.03
T14,GL-1388,2026-03-09 14:15:00,7.405909,11.44512,21.5,4.64
T14,GL-1388,2026-03-09 14:16:00,7.405409,11.444499,41.8,2.98
T14,GL-1388,2026-03-09 14:17:00,7.405824,11.444196,19.5,4.01
T14,GL-1388,2026-03-09 14:18:00,7.404647,11.443703,36.9,4.96
T14,GL-1388,2026-03-09 14:19:00,7.404355,11.443844,23.5,5.36
T14,GL-1388,2026-03-09 14:20:00,7.403988,11.442932,20.7,3.06
T14,GL-1388,2026-03-09 14:21:00,7.403474,11.442704,18.6,5.44
T14,GL-1388,2026-03-09 14:22:00,7.403178,11.442381,42.1,4.43
T14,GL-1388,2026-03-09 14:23:00,7.403261,11.442315,25.8,5.2
T14,GL-1388,2026-03-09 14:24:00,7.40272,11.442121,33.7,5.14
T14,GL-1388,2026-03-09 14:25:00,7.402194,11.441853,21.3,2.86
T14,GL-1388,2026-03-09 14:26:00,7.401781,11.441407,48.6,3.95
T14,GL-1388,2026-03-09 14:27:00,7.401747,11.441553,23.7,4.55
T14,GL-1388,2026-03-09 14:28:00,7.400968,11.440632,25.1,3.74
T14,GL-1388,2026-03-09 14:29:00,7.400687,11.440447,27.6,4.29
T14,GL-1388,2026-03-09 14:30:00,7.400257,11.440181,24.6,3.33
T14,GL-1388,2026-03-09 14:31:00,7.400312,11.439646,15.2,3.53
T14,GL-1388,2026-03-09 14:32:00,7.399736,11.439688,20.5,5.26
T14,GL-1388,2026-03-09 14:33:00,7.398834,11.439303,31.0,4.92
T14,GL-1388,2026-03-09 14:34:00,7.398475,11.438867,26.1,3.59
T14,GL-1388,2026-03-09 14:35:00,7.398391,11.43854,15.2,4.67
T14,GL-1388,2026-03-09 14:36:00,7.39834,11.438286,22.1,3.49
T14,GL-1388,2026-03-09 14:37:00,7.39748,11.437871,38.5,3.52
T14,GL-1388,2026-03-09 14:38:00,7.397075,11.437553,31.6,3.36
T14,GL-1388,2026-03-09 14:39:00,7.396909,11.437295,33.0,4.24
T14,GL-1388,2026-03-09 14:40:00,7.396132,11.436699,18.5,3.06
T14,GL-1388,2026-03-09 14:41:00,7.396327,11.436825,29.1,3.8
T14,GL-1388,2026-03-09 14:42:00,7.395734,11.436455,30.5,5.04
T14,GL-1388,2026-03-09 14:43:00,7.395249,11.436164,40.5,4.95
T14,GL-1388,2026-03-09 14:44:00,7.39464,11.435707,35.0,3.43
T14,GL-1388,2026-03-09 14:45:00,7.394164,11.435374,56.3,4.05
T14,GL-1388,2026-03-09 14:46:00,7.394131,11.434981,56.7,4.05
T14,GL-1388,2026-03-09 14:47:00,7.393535,11.434845,45.3,3.66
T14,GL-1388,2026-03-09 14:48:00,7.393068,11.434369,47.0,4.6
T14,GL-1388,2026-03-09 14:49:00,7.393467,11.434364,54.0,0.22
T14,GL-1388,2026-03-09 14:50:00,7.393223,11.435219,31.6,0.18
T14,GL-1388,2026-03-09 14:51:00,7.393452,11.434366,54.7,0.23
T14,GL-1388,2026-03-09 14:52:00,7.393073,11.434777,52.7,0.09
T14,GL-1388,2026-03-09 14:53:00,7.39333,11.434692,44.2,0.64
T14,GL-1388,2026-03-09 14:54:00,7.392797,11.434547,34.1,0.09
T14,GL-1388,2026-03-09 14:55:00,7.393002,11.434181,37.3,0.1
T14,GL-1388,2026-03-09 14:56:00,7.39314,11.43444,46.1,0.27
T14,GL-1388,2026-03-09 14:57:00,7.393285,11.434771,51.6,0.21
T14,GL-1388,2026-03-09 14:58:00,7.393496,11.434707,16.0,0.48
T14,GL-1388,2026-03-09 14:59:00,7.393261,11.434631,37.9,0.72
T14,GL-1388,2026-03-09 15:00:00,7.393319,11.434639,55.9,0.19
T14,GL-1388,2026-03-09 15:01:00,7.393581,11.434556,27.9,0.71
T14,GL-1388,2026-03-09 15:02:00,7.393456,11.434571,37.4,0.46
T14,GL-1388,2026-03-09 15:03:00,7.393157,11.4352,54.7,0.67
T14,GL-1388,2026-03-09 15:04:00,7.393462,11.434924,44.2,0.61
T14,GL-1388,2026-03-09 15:05:00,7.393009,11.434704,20.4,0.41
T14,GL-1388,2026-03-09 15:06:00,7.392928,11.434284,35.2,0.15
T14,GL-1388,2026-03-09 15:07:00,7.393368,11.434274,17.7,0.8
T14,GL-1388,2026-03-09 15:08:00,7.392888,11.433852,31.4,0.86
T14,GL-1388,2026-03-09 15:09:00,7.393464,11.43421,39.9,0.28
T14,GL-1388,2026-03-09 15:10:00,7.392879,11.434725,30.7,0.8
T14,GL-1388,2026-03-09 15:11:00,7.392769,11.434284,16.2,0.65
T14,GL-1388,2026-03-09 15:12:00,7.393469,11.434465,18.0,0.71
T14,GL-1388,2026-03-09 15:13:00,7.393282,11.434482,22.1,0.24
T14,GL-1388,2026-03-09 15:14:00,7.393198,11.434454,43.4,0.83
T14,GL-1388,2026-03-09 15:15:00,7.393378,11.434621,56.8,0.34
T14,GL-1388,2026-03-09 15:16:00,7.393128,11.434817,49.1,0.38
T14,GL-1388,2026-03-09 15:17:00,7.393256,11.434585,42.9,0.82
T14,GL-1388,2026-03-09 15:18:00,7.393444,11.434913,51.0,0.33
T14,GL-1388,2026-03-09 15:19:00,7.393308,11.433804,24.0,3.53
T14,GL-1388,2026-03-09 15:20:00,7.39384,11.433373,14.9,5.22
T14,GL-1388,2026-03-09 15:21:00,7.394451,11.43219,14.8,4.52
T14,GL-1388,2026-03-09 15:22:00,7.394614,11.431796,55.6,4.5
T14,GL-1388,2026-03-09 15:23:00,7.395396,11.430913,17.2,5.26
T14,GL-1388,2026-03-09 15:24:00,7.395261,11.430499,15.9,4.59
T14,GL-1388,2026-03-09 15:25:00,7.396425,11.429838,19.9,2.88
T14,GL-1388,2026-03-09 15:26:00,7.396519,11.429693,30.7,4.49
T14,GL-1388,2026-03-09 15:27:00,7.397033,11.428777,47.2,4.54
T14,GL-1388,2026-03-09 15:28:00,7.397283,11.428035,34.2,3.7
T14,GL-1388,2026-03-09 15:29:00,7.39778,11.426922,52.3,5.04
T14,GL-1388,2026-03-09 15:30:00,7.398007,11.42671,53.8,4.27
T14,GL-1388,2026-03-09 15:31:00,7.3989,11.426274,33.9,3.34
T14,GL-1388,2026-03-09 15:32:00,7.399636,11.425434,53.8,3.61
T14,GL-1388,2026-03-09 15:33:00,7.399818,11.42467,38.1,4.24
T14,GL-1388,2026-03-09 15:34:00,7.399923,11.423851,47.0,3.32
T14,GL-1388,2026-03-09 15:35:00,7.400693,11.423769,21.2,3.98
T14,GL-1388,2026-03-09 15:36:00,7.401222,11.422974,34.3,5.46
T14,GL-1388,2026-03-09 15:37:00,7.401818,11.421755,42.0,4.35
T14,GL-1388,2026-03-09 15:38:00,7.402214,11.421702,35.9,4.44
T14,GL-1388,2026-03-09 15:39:00,7.402641,11.420897,53.4,3.95
T14,GL-1388,2026-03-09 15:40:00,7.402964,11.420588,21.8,3.21
T14,GL-1388,2026-03-09 15:41:00,7.403447,11.419358,46.8,4.55
T14,GL-1388,2026-03-09 15:42:00,7.4041,11.418842,21.6,2.83
T14,GL-1388,2026-03-09 15:43:00,7.404446,11.418091,50.9,3.19
T14,GL-1388,2026-03-09 15:44:00,7.404846,11.417914,20.1,4.79
T14,GL-1388,2026-03-09 15:45:00,7.405339,11.417356,54.5,3.93
T14,GL-1388,2026-03-09 15:46:00,7.405667,11.416881,17.1,5.47
T14,GL-1388,2026-03-09 15:47:00,7.406175,11.415476,28.6,4.6
T14,GL-1388,2026-03-09 15:48:00,7.406909,11.415241,30.5,5.35
T14,GL-1388,2026-03-09 15:49:00,7.407238,11.414493,50.8,4.19
T14,GL-1388,2026-03-09 15:50:00,7.407643,11.413286,34.7,3.69
T14,GL-1388,2026-03-09 15:51:00,7.407751,11.413834,22.6,0.32
T14,GL-1388,2026-03-09 15:52:00,7.407156,11.414199,48.3,0.32
T14,GL-1388,2026-03-09 15:53:00,7.407641,11.41402,42.7,0.23
T14,GL-1388,2026-03-09 15:54:00,7.407272,11.413789,53.5,0.47
T14,GL-1388,2026-03-09 15:55:00,7.40671,11.414099,42.5,0.16
T14,GL-1388,2026-03-09 15:56:00,7.407379,11.413929,16.3,0.21
T14,GL-1388,2026-03-09 15:57:00,7.407374,11.414188,45.9,0.2
T14,GL-1388,2026-03-09 15:58:00,7.407331,11.414128,27.9,0.9
T14,GL-1388,2026-03-09 15:59:00,7.4077,11.413729,28.3,0.49
T14,GL-1388,2026-03-09 16:00:00,7.407547,11.413613,52.8,0.77
T14,GL-1388,2026-03-09 16:01:00,7.406774,11.413545,48.3,0.89
T14,GL-1388,2026-03-09 16:02:00,7.40717,11.413672,49.6,0.55
T14,GL-1388,2026-03-09 16:03:00,7.407481,11.414761,26.4,0.31
T14,GL-1388,2026-03-09 16:04:00,7.407274,11.413593,25.9,0.19
T14,GL-1388,2026-03-09 16:05:00,7.406922,11.414204,17.5,4.09
T14,GL-1388,2026-03-09 16:06:00,7.40651,11.414511,47.9,3.11
T14,GL-1388,2026-03-09 16:07:00,7.40595,11.414762,57.4,4.09
T14,GL-1388,2026-03-09 16:08:00,7.405272,11.414635,30.2,4.81
T14,GL-1388,2026-03-09 16:09:00,7.404655,11.415148,44.4,3.51
T14,GL-1388,2026-03-09 16:10:00,7.404309,11.415867,16.9,3.88
T14,GL-1388,2026-03-09 16:11:00,7.40367,11.416059,30.7,3.88
T14,GL-1388,2026-03-09 16:12:00,7.403034,11.416541,20.7,3.7
T14,GL-1388,2026-03-09 16:13:00,7.402622,11.416675,26.1,5.14
T14,GL-1388,2026-03-09 16:14:00,7.402571,11.4163,55.8,3.0
T14,GL-1388,2026-03-09 16:15:00,7.401273,11.417206,26.6,3.85
T14,GL-1388,2026-03-09 16:16:00,7.401151,11.417577,37.2,4.89
T14,GL-1388,2026-03-09 16:17:00,7.400573,11.418082,28.9,4.73
T14,GL-1388,2026-03-09 16:18:00,7.400346,11.418061,28.2,2.9
T14,GL-1388,2026-03-09 16:19:00,7.399708,11.418275,20.1,4.27
T14,GL-1388,2026-03-09 16:20:00,7.398899,11.418645,56.9,4.68
T14,GL-1388,2026-03-09 16:21:00,7.398554,11.418592,40.3,3.35
T14,GL-1388,2026-03-09 16:22:00,7.398311,11.419143,51.9,3.57
T14,GL-1388,2026-03-09 16:23:00,7.39742,11.419633,36.0,3.93
T14,GL-1388,2026-03-09 16:24:00,7.396715,11.419921,31.3,5.02
T14,GL-1388,2026-03-09 16:25:00,7.396844,11.42014,41.3,4.62
T14,GL-1388,2026-03-09 16:26:00,7.395519,11.420426,49.7,4.21
T14,GL-1388,2026-03-09 16:27:00,7.395241,11.420686,54.6,4.23
T14,GL-1388,2026-03-09 16:28:00,7.394639,11.420975,36.1,2.86
T14,GL-1388,2026-03-09 16:29:00,7.394202,11.42154,45.6,4.94
T14,GL-1388,2026-03-09 16:30:00,7.393573,11.421622,39.9,3.98
T14,GL-1388,2026-03-09 16:31:00,7.392757,11.422321,55.2,5.59
T14,GL-1388,2026-03-09 16:32:00,7.392258,11.422158,17.3,2.99
T14,GL-1388,2026-03-09 16:33:00,7.392029,11.422383,43.4,3.65
T14,GL-1388,2026-03-09 16:34:00,7.391918,11.422853,28.9,3.33
T14,GL-1388,2026-03-09 16:35:00,7.391687,11.423181,15.7,3.76
T14,GL-1388,2026-03-09 16:36:00,7.390732,11.423505,34.0,4.1
T14,GL-1388,2026-03-09 16:37:00,7.389674,11.424029,56.2,5.26
T14,GL-1388,2026-03-09 16:38:00,7.389327,11.423916,15.7,3.18
T14,GL-1388,2026-03-09 16:39:00,7.38916,11.424664,49.7,3.73
T14,GL-1388,2026-03-09 16:40:00,7.388182,11.424534,40.7,3.26
T14,GL-1388,2026-03-09 16:41:00,7.387613,11.425044,30.7,3.66
T14,GL-1388,2026-03-09 16:42:00,7.386994,11.425047,42.4,5.0
T14,GL-1388,2026-03-09 16:43:00,7.386691,11.425345,45.2,4.37
T14,GL-1388,2026-03-09 16:44:00,7.38645,11.425644,43.9,3.34
T14,GL-1388,2026-03-09 16:45:00,7.385937,11.426408,57.3,5.48
T14,GL-1388,2026-03-09 16:46:00,7.385116,11.42639,42.6,5.56
T14,GL-1388,2026-03-09 16:47:00,7.384739,11.426433,24.1,3.81
T14,GL-1388,2026-03-09 16:48:00,7.384448,11.427088,16.8,4.05
T14,GL-1388,2026-03-09 16:49:00,7.383756,11.427387,31.2,3.47
T14,GL-1388,2026-03-09 16:50:00,7.383164,11.42761,57.8,5.13
T14,GL-1388,2026-03-09 16:51:00,7.382467,11.427984,51.9,5.39
T14,GL-1388,2026-03-09 16:52:00,7.382011,11.428439,20.4,3.34
T14,GL-1388,2026-03-09 16:53:00,7.381519,11.428621,48.9,3.67
T14,GL-1388,2026-03-09 16:54:00,7.381457,11.428845,19.5,5.52
T14,GL-1388,2026-03-09 16:55:00,7.380575,11.429237,35.7,3.81
T14,GL-1388,2026-03-09 16:56:00,7.380065,11.42934,15.6,3.56
T14,GL-1388,2026-03-09 16:57:00,7.379212,11.429922,32.8,2.82
T14,GL-1388,2026-03-09 16:58:00,7.379186,11.430325,28.5,3.17
T14,GL-1388,2026-03-09 16:59:00,7.378391,11.430627,51.7,2.98
T14,GL-1388,2026-03-09 17:00:00,7.377979,11.430727,34.1,3.05
T14,GL-1388,2026-03-09 17:01:00,7.377444,11.430958,42.5,3.57
T14,GL-1388,2026-03-09 17:02:00,7.377035,11.431488,32.5,5.14
T14,GL-1388,2026-03-09 17:03:00,7.376247,11.431476,54.7,2.92
T14,GL-1388,2026-03-09 17:04:00,7.375518,11.432014,40.6,3.72
T14,GL-1388,2026-03-09 17:05:00,7.375556,11.432578,41.0,3.38
T14,GL-1388,2026-03-09 17:06:00,7.375006,11.432568,39.2,5.57
T14,GL-1388,2026-03-09 17:07:00,7.374506,11.43235,50.7,2.91
T14,GL-1388,2026-03-09 17:08:00,7.374214,11.43334,19.6,4.21
T14,GL-1388,2026-03-09 17:09:00,7.373385,11.433563,52.2,5.01
T14,GL-1388,2026-03-09 17:10:00,7.372858,11.433845,40.2,4.68
T14,GL-1388,2026-03-09 17:11:00,7.372346,11.433984,17.4,3.14
T14,GL-1388,2026-03-09 17:12:00,7.37205,11.434724,43.1,5.33
T14,GL-1388,2026-03-09 17:13:00,7.371068,11.434512,23.1,4.93
T14,GL-1388,2026-03-09 17:14:00,7.370639,11.434953,38.7,3.35
T14,GL-1388,2026-03-09 17:15:00,7.370057,11.43508,40.0,3.61
T14,GL-1388,2026-03-09 17:16:00,7.36918,11.435294,43.8,3.35
T14,GL-1388,2026-03-09 17:17:00,7.368641,11.43597,15.2,3.52
T14,GL-1388,2026-03-09 17:18:00,7.368594,11.436195,52.4,3.93
T14,GL-1388,2026-03-09 17:19:00,7.367811,11.436851,16.2,3.31
T14,GL-1388,2026-03-09 17:20:00,7.367504,11.436822,57.9,4.23
T14,GL-1388,2026-03-09 17:21:00,7.367045,11.437045,54.8,5.26
T14,GL-1388,2026-03-09 17:22:00,7.366545,11.437584,57.9,3.26
T14,GL-1388,2026-03-09 17:23:00,7.365727,11.437773,55.3,3.05
T14,GL-1388,2026-03-09 17:24:00,7.36502,11.437904,26.5,4.87
T14,GL-1388,2026-03-09 17:25:00,7.364944,11.438005,52.7,3.03
T14,GL-1388,2026-03-09 17:26:00,7.364303,11.438399,15.0,3.24
T14,GL-1388,2026-03-09 17:27:00,7.363565,11.439126,18.4,4.58
T14,GL-1388,2026-03-09 17:28:00,7.362949,11.439461,22.8,4.12
T14,GL-1388,2026-03-09 17:29:00,7.363083,11.43903,51.1,3.24
T14,GL-1388,2026-03-09 17:30:00,7.362289,11.43972,20.7,3.93
T14,GL-1388,2026-03-09 17:31:00,7.361807,11.440569,31.8,3.83
T14,GL-1388,2026-03-09 17:32:00,7.361195,11.440446,30.7,3.55
T14,GL-1388,2026-03-09 17:33:00,7.36063,11.440945,20.1,3.7
T14,GL-1388,2026-03-09 17:34:00,7.359911,11.441284,46.0,4.49
T14,GL-1388,2026-03-09 17:35:00,7.360128,11.441393,53.8,4.9
T14,GL-1388,2026-03-09 17:36:00,7.358911,11.441853,20.6,4.81
T14,GL-1388,2026-03-09 17:37:00,7.358408,11.441326,36.2,3.46
T14,GL-1388,2026-03-09 17:38:00,7.358153,11.442108,33.0,3.72
T14,GL-1388,2026-03-09 17:39:00,7.357546,11.442421,23.5,4.47
T14,GL-1388,2026-03-09 17:40:00,7.356897,11.442732,50.1,3.27
T14,GL-1388,2026-03-09 17:41:00,7.356291,11.442839,44.5,3.2
T14,GL-1388,2026-03-09 17:42:00,7.355778,11.443276,33.8,3.01
T14,GL-1388,2026-03-09 17:43:00,7.355625,11.443687,38.9,4.42
T14,GL-1388,2026-03-09 17:44:00,7.354994,11.444118,14.9,4.05
T14,GL-1388,2026-03-09 17:45:00,7.354085,11.444302,43.8,3.44
T14,GL-1388,2026-03-09 17:46:00,7.353615,11.445218,27.6,3.71
T14,GL-1388,2026-03-09 17:47:00,7.353575,11.444907,16.0,3.34
T14,GL-1388,2026-03-09 17:48:00,7.353142,11.445353,18.5,5.48
T14,GL-1388,2026-03-09 17:49:00,7.352647,11.445856,33.6,3.89
T14,GL-1388,2026-03-09 17:50:00,7.35178,11.446026,35.6,3.44
T14,GL-1388,2026-03-09 17:51:00,7.350864,11.446294,53.9,5.57
T14,GL-1388,2026-03-09 17:52:00,7.350522,11.44688,27.8,5.45
T14,GL-1388,2026-03-09 17:53:00,7.349951,11.446883,45.5,4.5
T14,GL-1388,2026-03-09 17:54:00,7.349657,11.447122,33.0,4.59
T14,GL-1388,2026-03-09 17:55:00,7.349726,11.447392,53.2,0.51
T14,GL-1388,2026-03-09 17:56:00,7.350121,11.447072,16.4,0.21
T14,GL-1388,2026-03-09 17:57:00,7.349395,11.447296,26.0,0.67
T14,GL-1388,2026-03-09 17:58:00,7.349597,11.447252,26.9,0.62
T14,GL-1388,2026-03-09 17:59:00,7.349479,11.44696,34.6,0.14
T14,GL-1388,2026-03-09 18:00:00,7.349191,11.446915,44.5,0.02
T14,GL-1388,2026-03-09 18:01:00,7.350065,11.446649,33.7,0.67
T14,GL-1388,2026-03-09 18:02:00,7.350031,11.447181,16.2,0.83
T14,GL-1388,2026-03-09 18:03:00,7.350061,11.447088,47.7,0.75
T14,GL-1388,2026-03-09 18:04:00,7.349739,11.44694,56.9,0.38
T14,GL-1388,2026-03-09 18:05:00,7.34914,11.44754,40.6,0.5
T14,GL-1388,2026-03-09 18:06:00,7.350309,11.447392,56.9,0.24
T14,GL-1388,2026-03-09 18:07:00,7.349731,11.446967,55.2,0.79
T14,GL-1388,2026-03-09 18:08:00,7.34954,11.446836,19.9,0.73
T14,GL-1388,2026-03-09 18:09:00,7.349329,11.447186,21.0,0.86
T14,GL-1388,2026-03-09 18:10:00,7.349086,11.4476,55.4,0.05
T14,GL-1388,2026-03-09 18:11:00,7.349571,11.446723,32.8,0.45
T14,GL-1388,2026-03-09 18:12:00,7.349344,11.446644,16.2,0.81
T14,GL-1388,2026-03-09 18:13:00,7.349682,11.447582,40.2,0.5
T14,GL-1388,2026-03-09 18:14:00,7.349878,11.446989,41.7,0.8
T14,GL-1388,2026-03-09 18:15:00,7.349633,11.447163,20.5,0.3
T14,GL-1388,2026-03-09 18:16:00,7.349472,11.447289,27.0,0.89
T14,GL-1388,2026-03-09 18:17:00,7.349968,11.446661,14.3,0.43
T14,GL-1388,2026-03-09 18:18:00,7.349896,11.447096,29.4,0.77
T14,GL-1388,2026-03-09 18:19:00,7.349117,11.44742,52.5,0.37
T14,GL-1388,2026-03-09 18:20:00,7.349749,11.447271,28.1,0.81
T14,GL-1388,2026-03-09 18:21:00,7.349787,11.44722,21.4,0.44
T14,GL-1388,2026-03-09 18:22:00,7.350245,11.447148,15.6,4.71
T14,GL-1388,2026-03-09 18:23:00,7.350475,11.446729,50.5,5.37
T14,GL-1388,2026-03-09 18:24:00,7.351096,11.446038,43.2,4.29
T14,GL-1388,2026-03-09 18:25:00,7.525531,11.44604,36.9,399.09
T14,GL-1388,2026-03-09 18:26:00,7.351992,11.445881,18.1,5.34
T14,GL-1388,2026-03-09 18:27:00,7.352933,11.446243,31.5,5.52
T14,GL-1388,2026-03-09 18:28:00,7.353521,11.445501,39.1,3.99
T14,GL-1388,2026-03-09 18:29:00,7.354212,11.445189,,2.94
T14,GL-1388,2026-03-09 18:30:00,7.354501,11.445142,23.8,4.11
T14,GL-1388,2026-03-09 18:31:00,7.354988,11.444873,38.4,5.29
T14,GL-1388,2026-03-09 18:32:00,7.355553,11.44475,19.8,3.43
T14,GL-1388,2026-03-09 18:33:00,7.356054,11.444392,19.2,4.71
T14,GL-1388,2026-03-09 18:34:00,7.35647,11.443914,39.6,4.72
T14,GL-1388,2026-03-09 18:35:00,7.357063,11.443889,51.7,3.63
T14,GL-1388,2026-03-09 18:36:00,7.357454,11.443825,21.0,3.08
T14,GL-1388,2026-03-09 18:37:00,7.358265,11.443324,35.3,5.37
T14,GL-1388,2026-03-09 18:38:00,7.358611,11.44281,55.2,5.05
T14,GL-1388,2026-03-09 18:39:00,7.359408,11.443132,35.0,3.68
T14,GL-1388,2026-03-09 18:40:00,7.359833,11.442917,17.9,4.86
T14,GL-1388,2026-03-09 18:41:00,7.360321,11.442615,54.7,3.25
T14,GL-1388,2026-03-09 18:42:00,7.361135,11.44229,22.3,3.06
T14,GL-1388,2026-03-09 18:43:00,7.361301,11.441664,23.6,5.11
T14,GL-1388,2026-03-09 18:44:00,7.361942,11.441805,42.2,5.59
T14,GL-1388,2026-03-09 18:45:00,7.361956,11.441293,23.6,3.45
T14,GL-1388,2026-03-09 18:46:00,7.362744,11.441399,42.1,3.99
T14,GL-1388,2026-03-09 18:47:00,7.363304,11.440745,53.0,5.36
T14,GL-1388,2026-03-09 18:48:00,7.364125,11.440894,48.1,3.98
T14,GL-1388,2026-03-09 18:49:00,7.364596,11.440536,21.0,3.2
T14,GL-1388,2026-03-09 18:50:00,7.365136,11.440289,14.0,3.06
T14,GL-1388,2026-03-09 18:51:00,7.365491,11.440205,43.5,3.17
T14,GL-1388,2026-03-09 18:52:00,7.36609,11.439694,17.6,4.59
T14,GL-1388,2026-03-09 18:53:00,7.366844,11.439545,47.9,3.84
T14,GL-1388,2026-03-09 18:54:00,7.366999,11.439312,18.6,3.47
T14,GL-1388,2026-03-09 18:55:00,7.367832,11.439181,41.5,3.9
T14,GL-1388,2026-03-09 18:56:00,7.368191,11.438847,39.6,4.94
T14,GL-1388,2026-03-09 18:57:00,7.369142,11.438837,35.2,4.73
T14,GL-1388,2026-03-09 18:58:00,7.368884,11.438599,26.3,5.4
T14,GL-1388,2026-03-09 18:59:00,7.369716,11.438221,52.3,3.13
T14,GL-1388,2026-03-09 19:00:00,7.370471,11.438166,46.0,5.0
T14,GL-1388,2026-03-09 19:01:00,7.370408,11.43793,37.0,4.83
T14,GL-1388,2026-03-09 19:02:00,7.371389,11.437186,14.9,3.56
T14,GL-1388,2026-03-09 19:03:00,7.371701,11.43743,53.2,5.46
T14,GL-1388,2026-03-09 19:04:00,7.372408,11.437194,17.1,4.85
T14,GL-1388,2026-03-09 19:05:00,7.372855,11.436985,37.7,3.47
T14,GL-1388,2026-03-09 19:06:00,7.373612,11.436722,47.6,3.1
T14,GL-1388,2026-03-09 19:07:00,7.33135,11.436127,21.6,269.73
T14,GL-1388,2026-03-09 19:08:00,7.374625,11.435891,35.0,2.95
T14,GL-1388,2026-03-09 19:09:00,7.375334,11.435801,46.2,4.27
T14,GL-1388,2026-03-09 19:10:00,7.375448,11.435442,55.5,4.91
T14,GL-1388,2026-03-09 19:11:00,7.376232,11.435509,35.6,2.82
T14,GL-1388,2026-03-09 19:12:00,7.376722,11.435416,16.2,4.57
T14,GL-1388,2026-03-09 19:13:00,7.378014,11.434797,55.9,4.31
T14,GL-1388,2026-03-09 19:14:00,7.377649,11.434712,14.7,5.46
T14,GL-1388,2026-03-09 19:15:00,7.378025,11.434526,28.4,3.22
T14,GL-1388,2026-03-09 19:16:00,7.378843,11.434382,16.2,5.12
T14,GL-1388,2026-03-09 19:17:00,7.379311,11.434418,40.5,5.15
T14,GL-1388,2026-03-09 19:18:00,7.380007,11.434213,14.3,3.48
T14,GL-1388,2026-03-09 19:19:00,7.38035,11.433689,53.0,5.04
T14,GL-1388,2026-03-09 19:20:00,7.381089,11.433438,56.2,4.07
T14,GL-1388,2026-03-09 19:21:00,7.381602,11.432947,40.6,4.52
T14,GL-1388,2026-03-09 19:22:00,7.381935,11.433214,25.4,3.02
T14,GL-1388,2026-03-09 19:23:00,7.382296,11.432902,46.4,3.72
T14,GL-1388,2026-03-09 19:24:00,7.382889,11.432871,44.2,5.4
T14,GL-1388,2026-03-09 19:25:00,7.384083,11.432087,29.6,5.36
T14,GL-1388,2026-03-09 19:26:00,7.383791,11.4317,,4.86
T14,GL-1388,2026-03-09 19:27:00,7.385149,11.431962,25.1,3.55
T14,GL-1388,2026-03-09 19:28:00,7.385297,11.431139,15.6,3.93
T14,GL-1388,2026-03-09 19:29:00,7.385794,11.430883,47.0,3.14
T14,GL-1388,2026-03-09 19:30:00,7.3858,11.431143,22.6,4.75
T14,GL-1388,2026-03-09 19:31:00,7.386529,11.430863,33.3,5.05
T14,GL-1388,2026-03-09 19:32:00,7.387437,11.430805,26.5,4.53
T14,GL-1388,2026-03-09 19:33:00,7.387646,11.430243,52.0,4.42
T14,GL-1388,2026-03-09 19:34:00,7.388607,11.43011,17.8,4.71
T14,GL-1388,2026-03-09 19:35:00,7.388711,11.429991,56.4,5.02
T14,GL-1388,2026-03-09 19:36:00,7.389766,11.429581,41.7,4.5
T14,GL-1388,2026-03-09 19:37:00,7.390015,11.42905,50.1,3.53
T14,GL-1388,2026-03-09 19:38:00,7.390321,11.428828,54.9,3.97
T14,GL-1388,2026-03-09 19:39:00,7.390899,11.428976,22.5,2.82
T14,GL-1388,2026-03-09 19:40:00,7.391622,11.42849,41.6,2.93
T14,GL-1388,2026-03-09 19:41:00,7.391908,11.428641,57.3,4.73
T14,GL-1388,2026-03-09 19:42:00,7.392715,11.428226,14.1,3.73
T14,GL-1388,2026-03-09 19:43:00,7.393245,11.427925,35.2,3.09
T14,GL-1388,2026-03-09 19:44:00,7.393857,11.427129,15.1,5.18
T14,GL-1388,2026-03-09 19:45:00,7.394211,11.427315,54.0,4.86
T14,GL-1388,2026-03-09 19:46:00,7.39444,11.426996,57.4,4.93
T14,GL-1388,2026-03-09 19:47:00,7.395204,11.426994,29.4,3.16
T14,GL-1388,2026-03-09 19:48:00,7.395776,11.4263,54.5,5.49
T14,GL-1388,2026-03-09 19:49:00,7.396076,11.42669,34.9,4.44
T14,GL-1388,2026-03-09 19:50:00,7.396634,11.426158,20.4,3.01
T14,GL-1388,2026-03-09 19:51:00,7.397268,11.426399,40.5,4.42
T14,GL-1388,2026-03-09 19:52:00,7.39796,11.425507,34.4,3.34
T14,GL-1388,2026-03-09 19:53:00,7.398567,11.425769,43.5,3.75
T14,GL-1388,2026-03-09 19:54:00,7.399054,11.425238,49.7,4.16
T14,GL-1388,2026-03-09 19:55:00,7.398979,11.425075,45.2,5.37
T14,GL-1388,2026-03-09 19:56:00,7.400169,11.425275,54.5,4.33
T14,GL-1388,2026-03-09 19:57:00,7.400353,11.424656,19.8,3.5
T14,GL-1388,2026-03-09 19:58:00,7.400871,11.424255,53.7,2.94
T14,GL-1388,2026-03-09 19:59:00,7.402083,11.42469,48.0,3.91
T14,GL-1388,2026-03-09 20:00:00,7.401705,11.423884,38.1,0.59
T14,GL-1388,2026-03-09 20:01:00,7.40182,11.424402,29.1,0.63
T14,GL-1388,2026-03-09 20:02:00,7.401407,11.423805,54.4,0.13
T14,GL-1388,2026-03-09 20:03:00,7.401899,11.42387,16.7,0.1
T14,GL-1388,2026-03-09 20:04:00,7.401489,11.42427,46.8,0.63
T14,GL-1388,2026-03-09 20:05:00,7.400996,11.42452,23.9,0.2
T14,GL-1388,2026-03-09 20:06:00,7.401556,11.424917,29.1,0.64
T14,GL-1388,2026-03-09 20:07:00,7.40182,11.424073,38.5,0.77
T14,GL-1388,2026-03-09 20:08:00,7.40163,11.424031,47.3,0.04
T14,GL-1388,2026-03-09 20:09:00,7.402146,11.424103,55.0,0.61
T14,GL-1388,2026-03-09 20:10:00,7.401352,11.42431,29.6,0.77
T14,GL-1388,2026-03-09 20:11:00,7.402037,11.424098,49.8,0.51
T14,GL-1388,2026-03-09 20:12:00,7.401533,11.424268,16.7,0.0
T14,GL-1388,2026-03-09 20:13:00,7.401348,11.424423,32.1,0.68
T14,GL-1388,2026-03-09 20:14:00,7.401913,11.424408,39.0,0.08
T14,GL-1388,2026-03-09 20:15:00,7.401871,11.42509,21.1,0.39
T14,GL-1388,2026-03-09 20:16:00,7.401851,11.423962,35.4,0.61
T14,GL-1388,2026-03-09 20:17:00,7.401272,11.423907,18.7,0.16
T14,GL-1388,2026-03-09 20:18:00,7.401908,11.424284,53.6,0.68
T14,GL-1388,2026-03-09 20:19:00,7.401807,11.423984,28.6,0.29
T14,GL-1388,2026-03-09 20:20:00,7.402455,11.424571,20.4,3.45
T14,GL-1388,2026-03-09 20:21:00,7.402363,11.424381,38.7,5.48
T14,GL-1388,2026-03-09 20:22:00,7.402586,11.424977,37.3,5.54
T14,GL-1388,2026-03-09 20:23:00,7.402841,11.42578,,3.9
T14,GL-1388,2026-03-09 20:24:00,7.403791,11.426482,45.7,5.55
T14,GL-1388,2026-03-09 20:25:00,7.403935,11.426122,,3.94
T14,GL-1388,2026-03-09 20:26:00,7.404571,11.426304,31.2,3.35
T14,GL-1388,2026-03-09 20:27:00,7.405018,11.426849,33.0,5.01
T14,GL-1388,2026-03-09 20:28:00,7.405167,11.427134,52.8,5.1
T14,GL-1388,2026-03-09 20:29:00,7.405959,11.427325,22.3,4.45
T14,GL-1388,2026-03-09 20:30:00,7.40587,11.427785,52.5,3.4
T14,GL-1388,2026-03-09 20:31:00,7.405933,11.42815,28.4,3.99
T14,GL-1388,2026-03-09 20:32:00,7.406873,11.428804,,4.77
T14,GL-1388,2026-03-09 20:33:00,7.40744,11.42886,57.8,5.33
T14,GL-1388,2026-03-09 20:34:00,7.407743,11.429126,,4.66
T14,GL-1388,2026-03-09 20:35:00,7.407724,11.429749,32.2,3.42
T14,GL-1388,2026-03-09 20:36:00,7.40889,11.429797,17.7,3.03
T14,GL-1388,2026-03-09 20:37:00,7.408857,11.43098,15.4,3.79
T14,GL-1388,2026-03-09 20:38:00,7.409331,11.430241,44.2,3.14
T14,GL-1388,2026-03-09 20:39:00,7.409453,11.431004,24.4,4.88
T14,GL-1388,2026-03-09 20:40:00,7.410047,11.431408,44.8,2.99
T14,GL-1388,2026-03-09 20:41:00,7.410458,11.431047,54.6,4.06
T14,GL-1388,2026-03-09 20:42:00,7.41063,11.432209,21.3,3.15
T14,GL-1388,2026-03-09 20:43:00,7.411049,11.432197,36.9,3.11
T14,GL-1388,2026-03-09 20:44:00,7.41157,11.432766,,5.15
T14,GL-1388,2026-03-09 20:45:00,7.412073,11.433095,49.4,4.12
T14,GL-1388,2026-03-09 20:46:00,7.412517,11.433356,49.6,4.43
T14,GL-1388,2026-03-09 20:47:00,7.412843,11.433724,17.4,3.44
T14,GL-1388,2026-03-09 20:48:00,7.412612,11.434024,24.0,3.43
T14,GL-1388,2026-03-09 20:49:00,7.413836,11.434271,48.3,5.14
T14,GL-1388,2026-03-09 20:50:00,7.413809,11.434475,42.3,4.95
T14,GL-1388,2026-03-09 20:51:00,7.414314,11.43493,15.6,4.4
T14,GL-1388,2026-03-09 20:52:00,7.415004,11.435214,40.3,4.23
T14,GL-1388,2026-03-09 20:53:00,7.41495,11.435898,46.9,3.06
T14,GL-1388,2026-03-09 20:54:00,7.415809,11.436099,24.2,4.94
T14,GL-1388,2026-03-09 20:55:00,7.41566,11.435975,27.8,3.88
T14,GL-1388,2026-03-09 20:56:00,7.416571,11.436591,18.4,4.08
T14,GL-1388,2026-03-09 20:57:00,7.416656,11.436909,17.7,2.82
T14,GL-1388,2026-03-09 20:58:00,7.417126,11.436891,42.1,2.82
T14,GL-1388,2026-03-09 20:59:00,7.417475,11.437676,40.8,5.19
T14,GL-1388,2026-03-09 21:00:00,7.417979,11.437889,41.4,4.5
T14,GL-1388,2026-03-09 21:01:00,7.418695,11.438064,15.6,5.13
T14,GL-1388,2026-03-09 21:02:00,7.418889,11.438485,,4.69
T14,GL-1388,2026-03-09 21:03:00,7.419272,11.439039,57.4,3.57
T14,GL-1388,2026-03-09 21:04:00,7.419654,11.439289,33.6,2.93
T14,GL-1388,2026-03-09 21:05:00,7.42015,11.439852,43.8,4.94
T14,GL-1388,2026-03-09 21:06:00,7.42042,11.44009,19.0,3.16
T14,GL-1388,2026-03-09 21:07:00,7.421021,11.440614,26.2,3.39
T14,GL-1388,2026-03-09 21:08:00,7.421207,11.440737,18.8,4.23
T14,GL-1388,2026-03-09 21:09:00,7.421821,11.441303,55.3,4.18
T14,GL-1388,2026-03-09 21:10:00,7.422089,11.441557,47.4,4.91
T14,GL-1388,2026-03-09 21:11:00,7.422079,11.441934,44.5,5.38
T14,GL-1388,2026-03-09 21:12:00,7.422771,11.441864,27.7,3.77
T14,GL-1388,2026-03-09 21:13:00,7.423612,11.441992,55.9,3.95
T14,GL-1388,2026-03-09 21:14:00,7.423519,11.442471,30.8,5.09
T14,GL-1388,2026-03-09 21:15:00,7.423523,11.442995,25.5,5.32
T14,GL-1388,2026-03-09 21:16:00,7.424336,11.44304,38.9,4.15
T14,GL-1388,2026-03-09 21:17:00,7.425053,11.44389,34.5,2.95
T14,GL-1388,2026-03-09 21:18:00,7.42565,11.443797,43.1,5.48
T14,GL-1388,2026-03-09 21:19:00,7.425445,11.444276,26.1,3.51
T14,GL-1388,2026-03-09 21:20:00,7.426022,11.444589,36.3,5.6
T14,GL-1388,2026-03-09 21:21:00,7.426426,11.444893,37.7,3.81
T14,GL-1388,2026-03-09 21:22:00,7.426893,11.445188,,5.49
T14,GL-1388,2026-03-09 21:23:00,7.427684,11.44546,28.1,3.53
T14,GL-1388,2026-03-09 21:24:00,7.427581,11.446138,20.8,4.09
T14,GL-1388,2026-03-09 21:25:00,7.428103,11.446243,18.4,4.71
T14,GL-1388,2026-03-09 21:26:00,11.446526,7.428268,24.8,4.72
T14,GL-1388,2026-03-09 21:27:00,7.429042,11.446954,41.2,5.45
T14,GL-1388,2026-03-09 21:28:00,7.429248,11.44737,52.1,2.9
T14,GL-1388,2026-03-09 21:29:00,7.429384,11.447946,45.0,3.94
T14,GL-1388,2026-03-09 21:30:00,7.429995,11.448161,41.6,3.43
T14,GL-1388,2026-03-09 21:31:00,7.430268,11.447923,34.7,4.36
T14,GL-1388,2026-03-09 21:32:00,7.430926,11.448662,37.8,3.18
T14,GL-1388,2026-03-09 21:33:00,7.431287,11.449189,22.8,3.09
T14,GL-1388,2026-03-09 21:34:00,7.431614,11.449158,43.4,5.17
T14,GL-1388,2026-03-09 21:35:00,7.431736,11.449763,33.2,2.88
T14,GL-1388,2026-03-09 21:36:00,7.432188,11.450665,53.5,5.3
T14,GL-1388,2026-03-09 21:37:00,7.433109,11.450168,57.3,3.43
T14,GL-1388,2026-03-09 21:38:00,7.43299,11.450752,33.8,5.28
T14,GL-1388,2026-03-09 21:39:00,7.433751,11.451063,17.2,3.89
T14,GL-1388,2026-03-09 21:40:00,7.433484,11.451246,40.1,5.42
T14,GL-1388,2026-03-09 21:41:00,7.434515,11.451697,32.6,4.56
T14,GL-1388,2026-03-09 21:42:00,7.434709,11.452149,38.7,4.88
T14,GL-1388,2026-03-09 21:43:00,7.43534,11.452466,38.2,4.96
T14,GL-1388,2026-03-09 21:44:00,7.435376,11.45269,36.6,5.1
T14,GL-1388,2026-03-09 21:45:00,7.436089,11.453789,33.6,3.86
T14,GL-1388,2026-03-09 21:46:00,7.436332,11.45339,38.0,4.33
T14,GL-1388,2026-03-09 21:47:00,7.437174,11.454144,22.3,2.81
T14,GL-1388,2026-03-09 21:48:00,7.437648,11.4542,36.1,3.3
T14,GL-1388,2026-03-09 21:49:00,7.437287,11.454297,15.2,4.6
T14,GL-1388,2026-03-09 21:50:00,7.437972,11.454489,40.4,4.15
T14,GL-1388,2026-03-09 21:51:00,7.438513,11.455227,47.6,3.11
T14,GL-1388,2026-03-09 21:52:00,7.439055,11.455458,38.1,4.58
T14,GL-1388,2026-03-09 21:53:00,7.439152,11.455537,56.9,4.68
T14,GL-1388,2026-03-09 21:54:00,7.439968,11.455864,37.4,3.77
T14,GL-1388,2026-03-09 21:55:00,7.440149,11.456606,20.5,4.88
T14,GL-1388,2026-03-09 21:56:00,7.440563,11.457249,43.3,4.09
T14,GL-1388,2026-03-09 21:57:00,7.440808,11.457177,32.9,5.12
T14,GL-1388,2026-03-09 21:58:00,7.44126,11.457734,27.1,3.15
T14,GL-1388,2026-03-09 21:59:00,7.441145,11.457872,39.2,3.65
T14,GL-1388,2026-03-09 22:00:00,7.44217,11.458213,24.2,3.56
T14,GL-1388,2026-03-09 22:01:00,7.442372,11.45828,36.4,2.99
T14,GL-1388,2026-03-09 22:02:00,7.442854,11.459016,18.4,3.81
T14,GL-1388,2026-03-09 22:03:00,7.443496,11.459121,44.3,5.15
T14,GL-1388,2026-03-09 22:04:00,7.443258,11.45941,37.5,3.66
T14,GL-1388,2026-03-09 22:05:00,7.444099,11.459806,35.7,5.33
T14,GL-1388,2026-03-09 22:06:00,7.444748,11.459955,56.1,5.17
T14,GL-1388,2026-03-09 22:07:00,7.445051,11.4604,20.8,2.95
T14,GL-1388,2026-03-09 22:08:00,7.445297,11.461113,46.2,3.04
T14,GL-1388,2026-03-09 22:09:00,7.445721,11.461255,28.5,5.29
T14,GL-1388,2026-03-09 22:10:00,7.446049,11.461284,33.1,4.37
T14,GL-1388,2026-03-09 22:11:00,7.446416,11.462045,48.3,2.9
T14,GL-1388,2026-03-09 22:12:00,7.44644,11.462086,27.4,2.86
T14,GL-1388,2026-03-09 22:13:00,7.447406,11.462497,24.1,4.15
T14,GL-1388,2026-03-09 22:14:00,7.448051,11.462832,38.7,3.29
T14,GL-1388,2026-03-09 22:15:00,7.448179,11.463194,42.5,4.54
T14,GL-1388,2026-03-09 22:16:00,7.448389,11.463284,32.0,4.95
T14,GL-1388,2026-03-09 22:17:00,7.448578,11.463619,23.6,5.39
T14,GL-1388,2026-03-09 22:18:00,7.449523,11.464072,40.4,3.68
T14,GL-1388,2026-03-09 22:19:00,7.449958,11.464314,20.7,5.03
T14,GL-1388,2026-03-09 22:20:00,7.449714,11.464928,42.1,2.82
T14,GL-1388,2026-03-09 22:21:00,7.450087,11.465412,33.2,3.95
T14,GL-1388,2026-03-09 22:22:00,7.450768,11.465748,24.6,4.15
T14,GL-1388,2026-03-09 22:23:00,7.451201,11.465769,36.2,4.85
T14,GL-1388,2026-03-09 22:24:00,7.451889,11.466369,47.7,3.63
T14,GL-1388,2026-03-09 22:25:00,7.451984,11.466459,44.6,4.02
T14,GL-1388,2026-03-09 22:26:00,7.452128,11.466335,25.2,4.26
T14,GL-1388,2026-03-09 22:27:00,7.452645,11.467196,43.7,3.0
T14,GL-1388,2026-03-09 22:28:00,7.452996,11.46697,54.6,2.9
T14,GL-1388,2026-03-09 22:29:00,7.45345,11.4677,17.9,4.08
T14,GL-1388,2026-03-09 22:30:00,7.453982,11.467889,31.1,3.08
T14,GL-1388,2026-03-09 22:31:00,7.454168,11.468381,53.3,3.41
T14,GL-1388,2026-03-09 22:32:00,7.454637,11.468689,18.4,4.89
T14,GL-1388,2026-03-09 22:33:00,7.455297,11.468951,53.3,5.39
T14,GL-1388,2026-03-09 22:34:00,7.455666,11.469051,50.2,3.58
T14,GL-1388,2026-03-09 22:35:00,7.456171,11.469883,39.9,3.91
T14,GL-1388,2026-03-09 22:36:00,7.456621,11.470311,50.8,3.55
T14,GL-1388,2026-03-09 22:37:00,7.456892,11.470446,50.8,4.63
T14,GL-1388,2026-03-09 22:38:00,7.457057,11.47085,18.8,4.51
T14,GL-1388,2026-03-09 22:39:00,7.457585,11.470783,35.5,5.4
T14,GL-1388,2026-03-09 22:40:00,7.458033,11.471967,35.8,3.08
T14,GL-1388,2026-03-09 22:41:00,7.458801,11.471902,55.6,4.05
T14,GL-1388,2026-03-09 22:42:00,7.458822,11.472067,46.7,3.91
T14,GL-1388,2026-03-09 22:43:00,7.459082,11.472854,56.6,3.73
T14,GL-1388,2026-03-09 22:44:00,7.459572,11.47264,51.5,3.52
T14,GL-1388,2026-03-09 22:45:00,7.459729,11.473114,49.6,5.09
T14,GL-1388,2026-03-09 22:46:00,7.460501,11.473332,41.0,4.46
T14,GL-1388,2026-03-09 22:47:00,7.4608,11.473766,25.6,5.43
T14,GL-1388,2026-03-09 22:48:00,7.461395,11.473638,21.9,4.21
T14,GL-1388,2026-03-09 22:49:00,7.461358,11.474616,25.7,5.33
T14,GL-1388,2026-03-09 22:50:00,7.462331,11.474834,21.3,3.59
T14,GL-1388,2026-03-09 22:51:00,7.462302,11.475421,,5.43
T14,GL-1388,2026-03-09 22:52:00,7.46303,11.475284,54.3,4.89
T14,GL-1388,2026-03-09 22:53:00,7.463266,11.475557,43.6,5.42
T14,GL-1388,2026-03-09 22:54:00,7.463835,11.476192,40.4,3.65
T14,GL-1388,2026-03-09 22:55:00,7.464027,11.476696,46.9,5.4
T14,GL-1388,2026-03-09 22:56:00,7.464481,11.476895,26.2,3.43
T14,GL-1388,2026-03-09 22:57:00,7.465371,11.476969,16.9,3.98
T14,GL-1388,2026-03-09 22:58:00,7.464983,11.477687,34.5,4.57
T14,GL-1388,2026-03-09 22:59:00,7.465846,11.478446,37.4,3.7
T14,GL-1388,2026-03-09 23:00:00,7.466238,11.478149,38.0,3.72
T14,GL-1388,2026-03-09 23:01:00,7.466239,11.478783,53.3,3.98
T14,GL-1388,2026-03-09 23:02:00,7.466938,11.478668,31.5,3.06
T14,GL-1388,2026-03-09 23:03:00,7.467291,11.479333,24.9,4.09
T14,GL-1388,2026-03-09 23:04:00,7.467603,11.479527,27.9,4.3
T14,GL-1388,2026-03-09 23:05:00,7.468377,11.480079,19.3,3.75
T14,GL-1388,2026-03-09 23:06:00,7.468416,11.48004,22.9,5.2
T14,GL-1388,2026-03-09 23:07:00,7.468734,11.481157,47.3,5.01
T14,GL-1388,2026-03-09 23:08:00,7.469474,11.481065,32.2,4.54
T14,GL-1388,2026-03-09 23:09:00,7.469706,11.481535,47.9,4.46
T14,GL-1388,2026-03-09 23:10:00,7.470024,11.481581,41.3,5.02
T14,GL-1388,2026-03-09 23:11:00,7.46992,11.481631,56.3,3.19
T14,GL-1388,2026-03-09 23:12:00,7.470537,11.482166,42.4,4.53
T14,GL-1388,2026-03-09 23:13:00,7.471274,11.482832,23.2,4.84
T14,GL-1388,2026-03-09 23:14:00,7.471369,11.482678,52.8,3.65
T14,GL-1388,2026-03-09 23:15:00,7.472063,11.483651,22.3,4.07
T14,GL-1388,2026-03-09 23:16:00,7.472481,11.483433,50.2,3.21
T14,GL-1388,2026-03-09 23:17:00,7.473085,11.484137,37.0,3.89
T14,GL-1388,2026-03-09 23:18:00,7.473433,11.484514,47.2,4.85
T14,GL-1388,2026-03-09 23:19:00,7.473784,11.484366,41.0,3.46
T14,GL-1388,2026-03-09 23:20:00,7.473866,11.48509,50.2,5.32
T14,GL-1388,2026-03-09 23:21:00,7.474565,11.48521,53.5,5.25
T14,GL-1388,2026-03-09 23:22:00,7.474956,11.485589,23.5,4.66
T14,GL-1388,2026-03-09 23:23:00,7.475069,11.485629,30.8,3.35
T14,GL-1388,2026-03-09 23:24:00,7.475613,11.485884,27.5,3.68
T14,GL-1388,2026-03-09 23:25:00,7.476549,11.486398,43.8,3.3
T14,GL-1388,2026-03-09 23:26:00,7.476648,11.486788,31.2,5.57
T14,GL-1388,2026-03-09 23:27:00,7.477003,11.487439,27.3,2.95
T14,GL-1388,2026-03-09 23:28:00,7.477273,11.487366,28.1,3.82
T14,GL-1388,2026-03-09 23:29:00,7.477613,11.488213,27.7,3.82
T14,GL-1388,2026-03-09 23:30:00,7.478214,11.488395,24.5,3.04
T14,GL-1388,2026-03-09 23:31:00,7.478437,11.488767,26.2,4.71
T14,GL-1388,2026-03-09 23:32:00,7.478525,11.489067,50.5,4.79
T14,GL-1388,2026-03-09 23:33:00,7.479564,11.489404,27.9,5.09
T14,GL-1388,2026-03-09 23:34:00,7.480013,11.489417,22.8,4.2
T14,GL-1388,2026-03-09 23:35:00,7.479787,11.48989,39.2,4.67
T14,GL-1388,2026-03-09 23:36:00,7.4805,11.490395,38.9,3.7
T14,GL-1388,2026-03-09 23:37:00,7.481042,11.490892,50.9,4.82
T14,GL-1388,2026-03-09 23:38:00,7.481239,11.490794,20.5,5.17
T14,GL-1388,2026-03-09 23:39:00,7.481335,11.491291,54.3,5.4
T14,GL-1388,2026-03-09 23:40:00,7.481724,11.491855,52.2,5.27
T14,GL-1388,2026-03-09 23:41:00,7.482556,11.492215,47.2,5.0
T14,GL-1388,2026-03-09 23:42:00,7.482949,11.492409,30.9,4.15
T14,GL-1388,2026-03-09 23:43:00,7.483012,11.492226,27.4,5.05
T14,GL-1388,2026-03-09 23:44:00,7.483516,11.492782,41.7,3.96
T14,GL-1388,2026-03-09 23:45:00,7.484033,11.493063,52.4,3.27
T14,GL-1388,2026-03-09 23:46:00,7.48435,11.493822,33.0,4.9
T14,GL-1388,2026-03-09 23:47:00,7.484911,11.494054,56.7,4.82
T14,GL-1388,2026-03-09 23:48:00,7.485556,11.494526,36.7,4.16
T14,GL-1388,2026-03-09 23:49:00,7.485799,11.49422,15.6,5.42
T14,GL-1388,2026-03-09 23:50:00,7.486057,11.495002,46.5,3.46
T14,GL-1388,2026-03-09 23:51:00,7.486643,11.495346,,4.1
T14,GL-1388,2026-03-09 23:52:00,7.487046,11.495461,18.0,4.56
T14,GL-1388,2026-03-09 23:53:00,7.487282,11.496347,32.5,4.17
T14,GL-1388,2026-03-09 23:54:00,7.488002,11.495898,51.5,4.59
T14,GL-1388,2026-03-09 23:55:00,7.487703,11.496868,25.3,3.28
T14,GL-1388,2026-03-09 23:56:00,7.488325,11.497081,29.5,3.3
T14,GL-1388,2026-03-09 23:57:00,7.488772,11.497101,24.0,3.23
T14,GL-1388,2026-03-09 23:58:00,7.489346,11.497844,33.6,3.72
T14,GL-1388,2026-03-09 23:59:00,7.489686,11.498219,34.0,5.1
T14,GL-1388,2026-03-10 00:00:00,7.490149,11.49825,56.2,4.79
T14,GL-1388,2026-03-10 00:01:00,7.490381,11.498809,16.9,4.54
T14,GL-1388,2026-03-10 00:02:00,7.490764,11.498975,15.2,4.72
T14,GL-1388,2026-03-10 00:03:00,7.491432,11.499361,22.1,2.96
T14,GL-1388,2026-03-10 00:04:00,7.491576,11.499953,21.8,3.76
T14,GL-1388,2026-03-10 00:05:00,7.491803,11.500071,19.4,4.79
T14,GL-1388,2026-03-10 00:06:00,7.492249,11.500324,25.4,5.51
T14,GL-1388,2026-03-10 00:07:00,7.49332,11.500736,30.9,3.81
T14,GL-1388,2026-03-10 00:08:00,7.493151,11.501209,44.8,5.6
T14,GL-1388,2026-03-10 00:09:00,7.493806,11.501557,23.4,5.42
T14,GL-1388,2026-03-10 00:10:00,7.494213,11.501974,53.9,4.81
T14,GL-1388,2026-03-10 00:11:00,7.494611,11.502328,52.1,3.18
T14,GL-1388,2026-03-10 00:12:00,7.494546,11.502817,22.2,3.2
T14,GL-1388,2026-03-10 00:13:00,7.495225,11.502649,17.5,3.43
T14,GL-1388,2026-03-10 00:14:00,7.495881,11.503272,39.0,3.39
T14,GL-1388,2026-03-10 00:15:00,7.496064,11.503361,45.4,5.25
T14,GL-1388,2026-03-10 00:16:00,7.496533,11.503967,25.2,4.49
T14,GL-1388,2026-03-10 00:17:00,7.46678,11.503802,25.8,407.46
T14,GL-1388,2026-03-10 00:18:00,7.497266,11.504435,21.8,4.34
T14,GL-1388,2026-03-10 00:19:00,7.497796,11.504859,38.6,3.03
T14,GL-1388,2026-03-10 00:20:00,7.498135,11.505087,25.5,5.12
T14,GL-1388,2026-03-10 00:21:00,7.49868,11.505584,22.3,4.8
T14,GL-1388,2026-03-10 00:22:00,7.499106,11.505892,32.5,5.04
T14,GL-1388,2026-03-10 00:23:00,7.499082,11.506169,32.9,4.82
T14,GL-1388,2026-03-10 00:24:00,7.500334,11.506586,25.2,5.38
T14,GL-1388,2026-03-10 00:25:00,7.499808,11.506916,21.6,3.24
T14,GL-1388,2026-03-10 00:26:00,7.500462,11.507126,54.1,4.52
T14,GL-1388,2026-03-10 00:27:00,7.501073,11.50753,44.9,3.97
T14,GL-1388,2026-03-10 00:28:00,7.501176,11.507758,25.9,3.24
T14,GL-1388,2026-03-10 00:29:00,7.501953,11.508047,47.4,3.57
T14,GL-1388,2026-03-10 00:30:00,7.502074,11.508257,55.7,4.55
T14,GL-1388,2026-03-10 00:31:00,7.502726,11.508729,53.7,4.91
T14,GL-1388,2026-03-10 00:32:00,7.503192,11.509426,,4.49
T14,GL-1388,2026-03-10 00:33:00,7.50338,11.509364,54.3,3.61
T14,GL-1388,2026-03-10 00:34:00,7.503649,11.509768,18.8,3.78
T14,GL-1388,2026-03-10 00:35:00,7.504056,11.510442,43.9,3.48
T14,GL-1388,2026-03-10 00:36:00,7.504444,11.510452,24.4,3.88
T14,GL-1388,2026-03-10 00:37:00,7.50502,11.510605,21.2,3.52
T14,GL-1388,2026-03-10 00:38:00,7.505186,11.510998,39.7,2.86
T14,GL-1388,2026-03-10 00:39:00,7.50537,11.511543,21.6,5.31
T14,GL-1388,2026-03-10 00:40:00,7.506663,11.511477,36.6,4.57
T14,GL-1388,2026-03-10 00:41:00,7.506468,11.511873,47.4,5.03
T14,GL-1388,2026-03-10 00:42:00,7.507035,11.512418,47.9,3.93
T14,GL-1388,2026-03-10 00:43:00,7.507293,11.512703,16.2,4.41
T14,GL-1388,2026-03-10 00:44:00,7.507204,11.513223,38.9,4.73
T14,GL-1388,2026-03-10 00:45:00,7.507765,11.513296,18.2,0.58
T14,GL-1388,2026-03-10 00:46:00,7.507542,11.512699,21.6,0.19
T14,GL-1388,2026-03-10 00:47:00,7.508245,11.513708,35.6,0.06
T14,GL-1388,2026-03-10 00:48:00,7.507954,11.51299,35.3,0.29
T14,GL-1388,2026-03-10 00:49:00,7.507308,11.512865,35.2,0.31
T14,GL-1388,2026-03-10 00:50:00,7.508027,11.513356,55.6,0.72
T14,GL-1388,2026-03-10 00:51:00,7.507895,11.513286,30.4,0.38
T14,GL-1388,2026-03-10 00:52:00,7.507946,11.512784,36.5,0.5
T14,GL-1388,2026-03-10 00:53:00,7.507433,11.513247,55.7,0.79
T14,GL-1388,2026-03-10 00:54:00,7.507923,11.51322,53.8,0.13
T14,GL-1388,2026-03-10 00:55:00,7.507656,11.512846,52.5,0.54
T14,GL-1388,2026-03-10 00:56:00,7.507541,11.513006,39.8,0.07
T14,GL-1388,2026-03-10 00:57:00,7.507464,11.512844,44.3,0.55
T14,GL-1388,2026-03-10 00:58:00,7.507916,11.513056,34.2,0.0
T14,GL-1388,2026-03-10 00:59:00,7.507604,11.512797,42.5,0.3
T14,GL-1388,2026-03-10 01:00:00,7.507711,11.512721,54.3,0.84
T14,GL-1388,2026-03-10 01:01:00,7.507355,11.51285,14.9,0.82
T14,GL-1388,2026-03-10 01:02:00,7.507801,11.513028,55.7,0.17
T14,GL-1388,2026-03-10 01:03:00,7.507889,11.513152,48.0,0.01
T14,GL-1388,2026-03-10 01:04:00,7.50767,11.513392,42.2,0.63
T14,GL-1388,2026-03-10 01:05:00,7.507542,11.513132,20.7,0.49
T14,GL-1388,2026-03-10 01:06:00,7.507768,11.513112,57.9,0.33
T14,GL-1388,2026-03-10 01:07:00,7.507875,11.513404,32.2,0.65
T14,GL-1388,2026-03-10 01:08:00,7.507495,11.513122,41.9,0.52
T14,GL-1388,2026-03-10 01:09:00,7.508598,11.514084,16.7,5.45
T14,GL-1388,2026-03-10 01:10:00,7.508295,11.514758,15.1,3.55
T14,GL-1388,2026-03-10 01:11:00,7.508795,11.515233,30.7,3.96
T14,GL-1388,2026-03-10 01:12:00,7.508977,11.515929,25.8,3.27
T14,GL-1388,2026-03-10 01:13:00,7.851487,11.516169,28.8,149.82
T14,GL-1388,2026-03-10 01:14:00,7.510247,11.517215,37.6,4.05
T14,GL-1388,2026-03-10 01:15:00,7.510773,11.517769,22.8,3.93
T14,GL-1388,2026-03-10 01:16:00,7.510893,11.518277,22.0,3.99
T14,GL-1388,2026-03-10 01:17:00,7.511252,11.518715,50.2,4.92
T14,GL-1388,2026-03-10 01:18:00,7.511104,11.519562,52.4,4.15
T14,GL-1388,2026-03-10 01:19:00,7.511698,11.520119,41.5,4.64
T14,GL-1388,2026-03-10 01:20:00,7.511988,11.520841,25.1,4.17
T14,GL-1388,2026-03-10 01:21:00,7.512764,11.521553,33.9,4.92
T14,GL-1388,2026-03-10 01:22:00,7.512948,11.522142,31.1,3.68
T14,GL-1388,2026-03-10 01:23:00,7.51357,11.523085,24.7,2.88
T14,GL-1388,2026-03-10 01:24:00,7.51391,11.523497,53.9,2.85
T14,GL-1388,2026-03-10 01:25:00,7.513966,11.524266,17.2,3.18
T14,GL-1388,2026-03-10 01:26:00,7.514284,11.524921,,3.59
T14,GL-1388,2026-03-10 01:27:00,7.51495,11.525146,47.9,2.84
T14,GL-1388,2026-03-10 01:28:00,7.515602,11.526547,29.6,5.13
T14,GL-1388,2026-03-10 01:29:00,7.516026,11.526883,29.4,5.4
T14,GL-1388,2026-03-10 01:30:00,7.516464,11.527547,16.1,4.94
T14,GL-1388,2026-03-10 01:31:00,7.51667,11.528226,56.1,4.56
T14,GL-1388,2026-03-10 01:32:00,7.516973,11.529109,29.2,3.99
T14,GL-1388,2026-03-10 01:33:00,7.516876,11.529579,24.4,3.17
T14,GL-1388,2026-03-10 01:34:00,7.517488,11.529863,,3.72
T14,GL-1388,2026-03-10 01:35:00,7.51793,11.530701,41.1,4.33
T14,GL-1388,2026-03-10 01:36:00,7.518448,11.531271,14.5,4.89
T14,GL-1388,2026-03-10 01:37:00,7.518814,11.532178,26.5,4.31
T14,GL-1388,2026-03-10 01:38:00,7.519286,11.532798,51.5,2.88
T14,GL-1388,2026-03-10 01:39:00,7.519557,11.532958,34.2,4.68
T14,GL-1388,2026-03-10 01:40:00,7.51983,11.533938,53.3,4.7
T14,GL-1388,2026-03-10 01:41:00,7.520058,11.534849,19.6,3.71
T14,GL-1388,2026-03-10 01:42:00,7.520913,11.535397,35.6,5.01
T14,GL-1388,2026-03-10 01:43:00,7.521083,11.535985,22.3,4.21
T14,GL-1388,2026-03-10 01:44:00,7.521165,11.536577,28.0,4.67
T14,GL-1388,2026-03-10 01:45:00,7.521702,11.537138,26.4,3.9
T14,GL-1388,2026-03-10 01:46:00,7.522353,11.538117,46.5,4.51
T14,GL-1388,2026-03-10 01:47:00,7.522555,11.538861,49.6,4.51
T14,GL-1388,2026-03-10 01:48:00,7.523072,11.539023,43.1,4.27
T14,GL-1388,2026-03-10 01:49:00,7.523317,11.539992,15.7,3.97
T14,GL-1388,2026-03-10 01:50:00,7.524011,11.540712,31.5,3.13
T14,GL-1388,2026-03-10 01:51:00,7.524156,11.541082,50.6,4.92
T14,GL-1388,2026-03-10 01:52:00,7.524826,11.541915,36.1,4.78
T14,GL-1388,2026-03-10 01:53:00,7.524798,11.542259,42.7,4.03
T14,GL-1388,2026-03-10 01:54:00,7.525167,11.543102,54.6,3.12
T14,GL-1388,2026-03-10 01:55:00,7.525772,11.543969,33.0,4.56
T14,GL-1388,2026-03-10 01:56:00,7.526156,11.544491,52.1,3.93
T14,GL-1388,2026-03-10 01:57:00,7.526313,11.545875,46.8,5.48
T14,GL-1388,2026-03-10 01:58:00,7.526685,11.545739,20.4,3.74
T14,GL-1388,2026-03-10 01:59:00,7.527521,11.546711,23.7,5.27
T14,GL-1388,2026-03-10 02:00:00,7.527452,11.546872,15.5,5.45
T14,GL-1388,2026-03-10 02:01:00,7.528014,11.547764,31.3,3.56
T14,GL-1388,2026-03-10 02:02:00,7.528512,11.548416,45.8,4.1
T14,GL-1388,2026-03-10 02:03:00,7.529063,11.548888,35.3,5.35
T14,GL-1388,2026-03-10 02:04:00,7.529425,11.549304,53.4,4.9
T14,GL-1388,2026-03-10 02:05:00,7.529782,11.550583,40.4,2.95
T14,GL-1388,2026-03-10 02:06:00,7.52984,11.551311,49.1,4.01
T14,GL-1388,2026-03-10 02:07:00,7.530141,11.551481,46.4,3.67
T14,GL-1388,2026-03-10 02:08:00,7.530337,11.552374,43.7,4.7
T14,GL-1388,2026-03-10 02:09:00,7.531028,11.553266,45.8,3.54
T14,GL-1388,2026-03-10 02:10:00,7.531361,11.553745,31.8,4.64
T14,GL-1388,2026-03-10 02:11:00,7.532109,11.554398,16.7,4.56
T14,GL-1388,2026-03-10 02:12:00,7.53192,11.554797,48.8,3.56
T14,GL-1388,2026-03-10 02:13:00,7.532624,11.555546,22.5,3.65
T14,GL-1388,2026-03-10 02:14:00,7.53298,11.556318,49.7,2.99
T14,GL-1388,2026-03-10 02:15:00,7.533651,11.556615,34.4,3.53
T14,GL-1388,2026-03-10 02:16:00,7.724591,11.55753,30.9,231.03
T14,GL-1388,2026-03-10 02:17:00,7.534213,11.557598,18.2,4.98
T14,GL-1388,2026-03-10 02:18:00,7.533988,11.558519,42.1,5.43
T14,GL-1388,2026-03-10 02:19:00,7.534551,11.559281,54.5,3.19
T14,GL-1388,2026-03-10 02:20:00,7.535302,11.559754,41.3,4.6
T14,GL-1388,2026-03-10 02:21:00,7.535694,11.560764,36.9,3.5
T14,GL-1388,2026-03-10 02:22:00,7.535897,11.560727,34.2,0.84
T14,GL-1388,2026-03-10 02:23:00,7.535237,11.560383,28.7,0.6
T14,GL-1388,2026-03-10 02:24:00,7.535838,11.560958,41.5,0.01
T14,GL-1388,2026-03-10 02:25:00,7.535717,11.561129,23.6,0.17
T14,GL-1388,2026-03-10 02:26:00,7.535206,11.56116,49.5,0.14
T14,GL-1388,2026-03-10 02:27:00,7.535726,11.561072,21.4,0.42
T14,GL-1388,2026-03-10 02:28:00,7.535241,11.56056,43.4,0.64
T14,GL-1388,2026-03-10 02:29:00,7.535725,11.560879,16.9,0.71
T14,GL-1388,2026-03-10 02:30:00,7.535771,11.560606,18.8,0.89
T14,GL-1388,2026-03-10 02:31:00,7.534925,11.560548,48.6,0.67
T14,GL-1388,2026-03-10 02:32:00,7.535578,11.560301,23.9,0.22
T14,GL-1388,2026-03-10 02:33:00,7.535572,11.560967,50.0,0.3
T14,GL-1388,2026-03-10 02:34:00,7.535194,11.560635,19.4,0.11
T14,GL-1388,2026-03-10 02:35:00,7.535379,11.560884,32.6,0.03
T14,GL-1388,2026-03-10 02:36:00,7.535149,11.561178,28.4,0.43
T14,GL-1388,2026-03-10 02:37:00,7.535578,11.560372,54.0,0.38
T14,GL-1388,2026-03-10 02:38:00,7.534995,11.560427,43.3,0.39
T14,GL-1388,2026-03-10 02:39:00,7.535604,11.560722,39.1,0.29
T14,GL-1388,2026-03-10 02:40:00,7.535599,11.560442,14.5,0.62
T14,GL-1388,2026-03-10 02:41:00,7.535284,11.560928,41.7,0.03
T14,GL-1388,2026-03-10 02:42:00,7.535281,11.560049,39.2,0.67
T14,GL-1388,2026-03-10 02:43:00,7.535284,11.560152,33.6,0.4
T14,GL-1388,2026-03-10 02:44:00,7.536017,11.56085,49.9,0.09
T14,GL-1388,2026-03-10 02:45:00,7.535723,11.561032,31.6,0.71
T14,GL-1388,2026-03-10 02:46:00,7.535587,11.560636,18.5,0.26
T14,GL-1388,2026-03-10 02:47:00,7.535722,11.560406,43.2,0.68
T14,GL-1388,2026-03-10 02:48:00,7.535474,11.561514,55.5,0.43
T14,GL-1388,2026-03-10 02:49:00,7.535577,11.560799,41.3,0.58
T14,GL-1388,2026-03-10 02:50:00,7.535184,11.560599,53.4,0.61
T14,GL-1388,2026-03-10 02:51:00,7.535558,11.560988,,0.07
T14,GL-1388,2026-03-10 02:52:00,7.535366,11.560756,19.5,0.37
T14,GL-1388,2026-03-10 02:53:00,7.535484,11.56027,38.7,0.5
T14,GL-1388,2026-03-10 02:54:00,7.535498,11.560704,,0.38
T14,GL-1388,2026-03-10 02:55:00,7.53564,11.560852,31.1,0.2
T14,GL-1388,2026-03-10 02:56:00,7.535597,11.56085,36.8,0.21
T14,GL-1388,2026-03-10 02:57:00,7.535468,11.560655,36.4,0.39
T14,GL-1388,2026-03-10 02:58:00,7.535583,11.560981,40.1,0.18
T14,GL-1388,2026-03-10 02:59:00,7.535445,11.560722,46.3,0.29
T14,GL-1388,2026-03-10 03:00:00,7.535501,11.560687,38.1,0.26
T14,GL-1388,2026-03-10 03:01:00,7.535659,11.560725,15.8,0.27
T14,GL-1388,2026-03-10 03:02:00,7.53556,11.560603,36.9,0.27
T14,GL-1388,2026-03-10 03:03:00,7.535654,11.560613,31.3,0.39
T14,GL-1388,2026-03-10 03:04:00,7.53564,11.56091,47.7,0.05
T14,GL-1388,2026-03-10 03:05:00,7.53549,11.560921,37.8,0.11
T14,GL-1388,2026-03-10 03:06:00,7.535568,11.560763,41.7,0.26
T14,GL-1388,2026-03-10 03:07:00,7.535571,11.560744,36.8,0.35
T14,GL-1388,2026-03-10 03:08:00,7.535476,11.560792,51.5,0.36
T14,GL-1388,2026-03-10 03:09:00,7.535836,11.560481,33.6,0.1
T14,GL-1388,2026-03-10 03:10:00,7.535513,11.560789,42.0,0.32
T14,GL-1388,2026-03-10 03:11:00,7.535526,11.560627,37.2,0.27
T14,GL-1388,2026-03-10 03:12:00,7.535386,11.560878,24.9,0.07
T14,GL-1388,2026-03-10 03:13:00,7.535544,11.560673,56.3,0.23
T14,GL-1388,2026-03-10 03:14:00,7.535448,11.560826,41.2,0.18
T14,GL-1388,2026-03-10 03:15:00,7.535568,11.560931,38.6,0.3
T14,GL-1388,2026-03-10 03:16:00,7.535516,11.560676,54.3,0.14
T14,GL-1388,2026-03-10 03:17:00,7.535635,11.560802,50.7,0.31
T14,GL-1388,2026-03-10 03:18:00,7.53554,11.560594,56.9,0.1
T14,GL-1388,2026-03-10 03:19:00,7.535453,11.560814,57.9,0.04
T14,GL-1388,2026-03-10 03:20:00,7.535656,11.560652,47.2,0.36
T14,GL-1388,2026-03-10 03:21:00,7.535531,11.560683,42.8,0.33
T14,GL-1388,2026-03-10 03:22:00,7.535486,11.560781,23.9,0.32
T14,GL-1388,2026-03-10 03:23:00,7.535698,11.560874,27.3,0.3
T14,GL-1388,2026-03-10 03:24:00,7.535514,11.560602,51.7,0.07
T14,GL-1388,2026-03-10 03:25:00,7.535409,11.560803,42.5,0.25
T14,GL-1388,2026-03-10 03:26:00,7.535572,11.56081,24.2,0.06
T14,GL-1388,2026-03-10 03:27:00,7.535566,11.560724,57.1,0.29
T14,GL-1388,2026-03-10 03:28:00,7.535632,11.560885,16.0,0.38
T14,GL-1388,2026-03-10 03:29:00,7.535635,11.560674,34.0,0.19
T14,GL-1388,2026-03-10 03:30:00,7.535553,11.560708,25.3,0.05
T14,GL-1388,2026-03-10 03:31:00,7.535488,11.560738,50.2,0.02
T14,GL-1388,2026-03-10 03:32:00,7.535578,11.560852,33.6,0.12
T14,GL-1388,2026-03-10 03:33:00,7.535615,11.560851,32.7,0.22
T14,GL-1388,2026-03-10 03:34:00,7.535643,11.5609,21.3,0.2
T14,GL-1388,2026-03-10 03:35:00,7.535536,11.560832,19.2,0.13
T14,GL-1388,2026-03-10 03:36:00,7.535381,11.560744,48.4,0.38
T14,GL-1388,2026-03-10 03:37:00,7.53547,11.56086,54.5,0.25
T14,GL-1388,2026-03-10 03:38:00,7.535527,11.560559,22.3,0.38
T14,GL-1388,2026-03-10 03:39:00,7.535581,11.560767,56.4,0.11
T14,GL-1388,2026-03-10 03:40:00,7.535629,11.56085,29.4,0.4
T14,GL-1388,2026-03-10 03:41:00,7.535614,11.560691,47.8,0.08
T14,GL-1388,2026-03-10 03:42:00,7.535567,11.560883,20.0,0.07
T14,GL-1388,2026-03-10 03:43:00,7.535622,11.560893,34.3,0.19
T14,GL-1388,2026-03-10 03:44:00,7.535458,11.560912,39.4,0.05
T14,GL-1388,2026-03-10 03:45:00,7.535517,11.560719,46.8,0.22
T14,GL-1388,2026-03-10 03:46:00,7.53552,11.560584,56.0,0.32
T14,GL-1388,2026-03-10 03:47:00,7.535453,11.560768,35.3,0.36
T14,GL-1388,2026-03-10 03:48:00,7.535818,11.560694,32.2,0.01
T14,GL-1388,2026-03-10 03:49:00,7.5357,11.560678,21.5,0.29
T14,GL-1388,2026-03-10 03:50:00,7.535529,11.560697,15.2,0.39
T14,GL-1388,2026-03-10 03:51:00,7.53547,11.56078,18.4,0.13
T14,GL-1388,2026-03-10 03:52:00,7.535631,11.560833,41.5,0.12
T14,GL-1388,2026-03-10 03:53:00,7.535553,11.560976,35.8,0.25
T14,GL-1388,2026-03-10 03:54:00,7.535743,11.560775,38.4,0.13
T14,GL-1388,2026-03-10 03:55:00,7.535562,11.560957,31.1,0.15
T14,GL-1388,2026-03-10 03:56:00,7.535641,11.560486,45.8,0.03
T14,GL-1388,2026-03-10 03:57:00,7.535595,11.56067,32.8,0.14
T14,GL-1388,2026-03-10 03:58:00,7.535498,11.560753,29.7,0.06
T14,GL-1388,2026-03-10 03:59:00,7.535547,11.560888,34.2,0.05
T14,GL-1388,2026-03-10 04:00:00,7.535398,11.560676,16.6,0.18
T14,GL-1388,2026-03-10 04:01:00,7.535568,11.5608,32.2,0.09
T14,GL-1388,2026-03-10 04:02:00,7.535499,11.560746,43.2,0.29
T14,GL-1388,2026-03-10 04:03:00,7.535409,11.560797,56.7,0.28
T14,GL-1388,2026-03-10 04:04:00,7.535417,11.560714,35.5,0.27
T14,GL-1388,2026-03-10 04:05:00,7.535462,11.560711,27.8,0.01
T14,GL-1388,2026-03-10 04:06:00,7.535387,11.560748,49.5,0.29
T14,GL-1388,2026-03-10 04:07:00,7.535511,11.560886,47.9,0.15
T14,GL-1388,2026-03-10 04:08:00,7.535477,11.560801,17.0,0.33
T14,GL-1388,2026-03-10 04:09:00,7.535899,11.560927,36.8,0.27
T14,GL-1388,2026-03-10 04:10:00,7.535572,11.560823,41.8,0.05
T14,GL-1388,2026-03-10 04:11:00,7.535441,11.560702,14.9,0.16
T14,GL-1388,2026-03-10 04:12:00,7.535494,11.560593,41.9,0.21
T14,GL-1388,2026-03-10 04:13:00,7.535667,11.560674,49.3,0.08
T14,GL-1388,2026-03-10 04:14:00,7.535561,11.560773,51.0,0.1
T14,GL-1388,2026-03-10 04:15:00,7.535476,11.560703,15.0,0.29
T14,GL-1388,2026-03-10 04:16:00,7.535679,11.561025,18.0,0.4
T14,GL-1388,2026-03-10 04:17:00,7.535654,11.560708,45.3,0.23
T14,GL-1388,2026-03-10 04:18:00,7.535452,11.560918,,0.37
T14,GL-1388,2026-03-10 04:19:00,7.535643,11.560691,57.9,0.03
T14,GL-1388,2026-03-10 04:20:00,7.535558,11.56081,47.6,0.19
T14,GL-1388,2026-03-10 04:21:00,7.535536,11.560557,30.9,0.26
T14,GL-1388,2026-03-10 04:22:00,7.535738,11.560721,34.9,0.33
T14,GL-1388,2026-03-10 04:23:00,7.535506,11.560897,21.1,0.3
T14,GL-1388,2026-03-10 04:24:00,7.535424,11.560165,53.9,4.83
T14,GL-1388,2026-03-10 04:25:00,7.535501,11.559616,44.5,4.7
T14,GL-1388,2026-03-10 04:26:00,7.535141,11.558957,33.2,4.78
T14,GL-1388,2026-03-10 04:27:00,7.535029,11.558416,22.7,2.84
T14,GL-1388,2026-03-10 04:28:00,7.535501,11.558346,56.8,3.45
T14,GL-1388,2026-03-10 04:29:00,7.535303,11.557824,37.9,5.11
T14,GL-1388,2026-03-10 04:30:00,7.53484,11.557357,35.3,4.73
T14,GL-1388,2026-03-10 04:31:00,7.535324,11.556353,30.6,4.21
T14,GL-1388,2026-03-10 04:32:00,7.535432,11.555504,54.9,3.17
T14,GL-1388,2026-03-10 04:33:00,7.534998,11.555457,29.7,4.67
T14,GL-1388,2026-03-10 04:34:00,7.534995,11.555143,22.2,2.81
T14,GL-1388,2026-03-10 04:35:00,7.535123,11.554119,44.2,3.0
T14,GL-1388,2026-03-10 04:36:00,7.535187,11.553462,25.9,3.77
T14,GL-1388,2026-03-10 04:37:00,7.535226,11.552953,25.0,5.13
T14,GL-1388,2026-03-10 04:38:00,7.535409,11.55226,50.1,2.9
T14,GL-1388,2026-03-10 04:39:00,7.53508,11.552322,17.2,5.46
T14,GL-1388,2026-03-10 04:40:00,7.534679,11.551234,38.0,2.99
T14,GL-1388,2026-03-10 04:41:00,7.53486,11.550986,33.8,3.46
T14,GL-1388,2026-03-10 04:42:00,7.535213,11.550061,42.9,3.02
T14,GL-1388,2026-03-10 04:43:00,7.534656,11.549915,29.7,4.12
T14,GL-1388,2026-03-10 04:44:00,7.534822,11.549122,17.8,5.6
T14,GL-1388,2026-03-10 04:45:00,7.534798,11.549263,52.9,5.28
T14,GL-1388,2026-03-10 04:46:00,7.534635,11.548017,26.8,4.4
T14,GL-1388,2026-03-10 04:47:00,7.534665,11.547785,,5.31
T14,GL-1388,2026-03-10 04:48:00,7.53452,11.547147,45.3,3.47
T14,GL-1388,2026-03-10 04:49:00,7.5346,11.546517,38.1,5.37
T14,GL-1388,2026-03-10 04:50:00,7.534375,11.54574,37.4,3.81
T14,GL-1388,2026-03-10 04:51:00,7.534428,11.545672,19.9,3.78
T14,GL-1388,2026-03-10 04:52:00,7.534301,11.545147,31.5,5.59
T14,GL-1388,2026-03-10 04:53:00,7.53424,11.544103,41.9,3.07
T14,GL-1388,2026-03-10 04:54:00,7.534244,11.543953,,5.24
T14,GL-1388,2026-03-10 04:55:00,7.534317,11.543488,41.6,3.81
T14,GL-1388,2026-03-10 04:56:00,7.53355,11.542632,53.5,4.36
T14,GL-1388,2026-03-10 04:57:00,7.533899,11.542169,21.7,4.95
T14,GL-1388,2026-03-10 04:58:00,7.533774,11.541817,22.5,2.86
T14,GL-1388,2026-03-10 04:59:00,7.534445,11.540917,25.0,3.24
T14,GL-1388,2026-03-10 05:00:00,7.533968,11.540058,22.3,4.98
T14,GL-1388,2026-03-10 05:01:00,7.533699,11.539906,53.7,5.37
T14,GL-1388,2026-03-10 05:02:00,7.534022,11.539603,48.4,3.84
T14,GL-1388,2026-03-10 05:03:00,7.533882,11.538567,37.7,2.95
T14,GL-1388,2026-03-10 05:04:00,7.533618,11.538248,27.3,3.77
T14,GL-1388,2026-03-10 05:05:00,7.533781,11.537296,50.3,4.72
T14,GL-1388,2026-03-10 05:06:00,7.533203,11.536955,19.3,5.18
T14,GL-1388,2026-03-10 05:07:00,7.533896,11.536731,45.2,4.3
T14,GL-1388,2026-03-10 05:08:00,7.533551,11.53612,39.2,4.15
T14,GL-1388,2026-03-10 05:09:00,7.533809,11.535438,33.7,5.39
T14,GL-1388,2026-03-10 05:10:00,7.533,11.534752,25.9,3.75
T14,GL-1388,2026-03-10 05:11:00,7.533464,11.534549,28.8,2.93
T14,GL-1388,2026-03-10 05:12:00,7.533525,11.533478,41.1,5.01
T14,GL-1388,2026-03-10 05:13:00,7.533331,11.53269,39.7,5.32
T14,GL-1388,2026-03-10 05:14:00,7.533476,11.532512,29.8,3.35
T14,GL-1388,2026-03-10 05:15:00,7.533,11.532187,33.5,5.08
T14,GL-1388,2026-03-10 05:16:00,7.533205,11.531865,48.9,4.21
T14,GL-1388,2026-03-10 05:17:00,7.532897,11.531252,51.1,5.07
T14,GL-1388,2026-03-10 05:18:00,7.532663,11.53091,32.1,4.6
T14,GL-1388,2026-03-10 05:19:00,7.533054,11.530013,56.3,4.81
T14,GL-1388,2026-03-10 05:20:00,7.533023,11.529125,46.9,2.85
T14,GL-1388,2026-03-10 05:21:00,7.532802,11.528756,53.9,4.73
T14,GL-1388,2026-03-10 05:22:00,7.532771,11.528431,56.3,4.96
T14,GL-1388,2026-03-10 05:23:00,7.53304,11.527562,53.4,5.37
T14,GL-1388,2026-03-10 05:24:00,7.532933,11.527271,29.1,5.15
T14,GL-1388,2026-03-10 05:25:00,7.532483,11.526687,31.9,4.38
T14,GL-1388,2026-03-10 05:26:00,7.533425,11.525549,56.4,5.42
T14,GL-1388,2026-03-10 05:27:00,7.532939,11.525705,35.0,5.25
T14,GL-1388,2026-03-10 05:28:00,7.532912,11.525409,31.1,4.69
T14,GL-1388,2026-03-10 05:29:00,7.532627,11.525325,51.7,0.79
T14,GL-1388,2026-03-10 05:30:00,7.532894,11.525061,20.6,0.48
T14,GL-1388,2026-03-10 05:31:00,7.532897,11.525046,47.6,0.25
T14,GL-1388,2026-03-10 05:32:00,7.532307,11.525055,22.2,0.15
T14,GL-1388,2026-03-10 05:33:00,7.532652,11.524745,45.9,0.0
T14,GL-1388,2026-03-10 05:34:00,7.532687,11.524624,36.3,0.68
T14,GL-1388,2026-03-10 05:35:00,7.532836,11.524367,34.2,0.75
T14,GL-1388,2026-03-10 05:36:00,7.53295,11.525542,30.4,0.74
T14,GL-1388,2026-03-10 05:37:00,7.532918,11.525114,21.1,0.23
T14,GL-1388,2026-03-10 05:38:00,7.533242,11.525672,16.0,0.4
T14,GL-1388,2026-03-10 05:39:00,7.533265,11.525,26.4,0.67
T14,GL-1388,2026-03-10 05:40:00,7.532654,11.524701,15.2,0.01
T14,GL-1388,2026-03-10 05:41:00,7.53232,11.52471,42.9,0.41
T14,GL-1388,2026-03-10 05:42:00,7.532436,11.525102,42.6,0.59
T14,GL-1388,2026-03-10 05:43:00,7.532548,11.524876,34.8,0.39
T14,GL-1388,2026-03-10 05:44:00,7.532825,11.524997,23.6,0.26
T14,GL-1388,2026-03-10 05:45:00,7.53221,11.525097,46.5,0.46
T14,GL-1388,2026-03-10 05:46:00,11.525029,7.533019,27.3,0.53
T14,GL-1388,2026-03-10 05:47:00,7.5325,11.52525,24.5,0.42
T14,GL-1388,2026-03-10 05:48:00,7.532841,11.52476,27.9,0.4
T14,GL-1388,2026-03-10 05:49:00,7.532807,11.524948,54.0,0.87
T14,GL-1388,2026-03-10 05:50:00,7.532774,11.525121,43.6,0.5
T14,GL-1388,2026-03-10 05:51:00,7.532231,11.525194,28.9,0.34
T14,GL-1388,2026-03-10 05:52:00,7.532788,11.524909,34.3,0.67
T14,GL-1388,2026-03-10 05:53:00,7.53275,11.524374,54.1,0.2
T14,GL-1388,2026-03-10 05:54:00,7.532441,11.524872,43.2,0.5
T14,GL-1388,2026-03-10 05:55:00,7.532387,11.524561,30.7,0.73
T14,GL-1388,2026-03-10 05:56:00,7.532268,11.525041,36.7,0.38
T14,GL-1388,2026-03-10 05:57:00,7.532344,11.524224,35.7,5.59
T14,GL-1388,2026-03-10 05:58:00,7.532137,11.523919,29.9,4.85
T14,GL-1388,2026-03-10 05:59:00,7.531965,11.52352,32.3,4.96
T14,GL-1388,2026-03-10 06:00:00,7.531165,11.523301,22.6,3.24
T14,GL-1388,2026-03-10 06:01:00,7.531069,11.522876,44.2,3.4
T14,GL-1388,2026-03-10 06:02:00,7.530535,11.522531,32.6,4.19
T14,GL-1388,2026-03-10 06:03:00,7.530045,11.522005,27.8,3.55
T14,GL-1388,2026-03-10 06:04:00,7.53008,11.521799,29.3,5.19
T14,GL-1388,2026-03-10 06:05:00,7.52922,11.521212,36.3,3.28
T14,GL-1388,2026-03-10 06:06:00,7.529138,11.520846,21.1,2.86
T14,GL-1388,2026-03-10 06:07:00,7.528833,11.520146,45.7,4.34
T14,GL-1388,2026-03-10 06:08:00,7.528835,11.519981,28.9,5.2
T14,GL-1388,2026-03-10 06:09:00,7.528366,11.519063,44.1,5.29
T14,GL-1388,2026-03-10 06:10:00,7.528431,11.518772,38.6,3.73
T14,GL-1388,2026-03-10 06:11:00,7.527668,11.518983,17.2,4.85
T14,GL-1388,2026-03-10 06:12:00,7.527458,11.518214,18.9,3.34
T14,GL-1388,2026-03-10 06:13:00,7.52721,11.51753,29.3,5.08
T14,GL-1388,2026-03-10 06:14:00,7.526343,11.516734,32.4,4.37
T14,GL-1388,2026-03-10 06:15:00,7.52644,11.516955,53.3,4.01
T14,GL-1388,2026-03-10 06:16:00,7.526326,11.516184,35.4,3.53
T14,GL-1388,2026-03-10 06:17:00,7.525815,11.515752,33.8,3.06
T14,GL-1388,2026-03-10 06:18:00,7.525207,11.515666,50.4,4.33
T14,GL-1388,2026-03-10 06:19:00,7.525189,11.514744,41.7,5.53
T14,GL-1388,2026-03-10 06:20:00,7.524651,11.514656,31.7,3.17
T14,GL-1388,2026-03-10 06:21:00,7.524336,11.514098,47.6,5.54
T14,GL-1388,2026-03-10 06:22:00,7.524189,11.51369,31.0,4.94
T14,GL-1388,2026-03-10 06:23:00,7.523897,11.513192,30.5,3.2
T14,GL-1388,2026-03-10 06:24:00,7.523563,11.512469,55.1,5.41
T14,GL-1388,2026-03-10 06:25:00,7.523349,11.512443,26.9,4.97
T14,GL-1388,2026-03-10 06:26:00,7.522662,11.51188,30.3,3.52
T14,GL-1388,2026-03-10 06:27:00,7.522273,11.51131,34.9,4.59
T14,GL-1388,2026-03-10 06:28:00,7.522185,11.510747,41.8,3.1
T14,GL-1388,2026-03-10 06:29:00,7.52176,11.51104,36.5,5.52
T14,GL-1388,2026-03-10 06:30:00,7.52154,11.510554,19.3,4.87
T14,GL-1388,2026-03-10 06:31:00,7.521229,11.509428,,5.08
T14,GL-1388,2026-03-10 06:32:00,7.520694,11.509493,53.3,3.86
T14,GL-1388,2026-03-10 06:33:00,7.520526,11.50823,43.7,3.64
T14,GL-1388,2026-03-10 06:34:00,7.520407,11.508164,22.8,3.83
T14,GL-1388,2026-03-10 06:35:00,7.519832,11.50759,57.4,5.34
T14,GL-1388,2026-03-10 06:36:00,7.51931,11.507645,32.9,4.98
T14,GL-1388,2026-03-10 06:37:00,7.519555,11.507121,31.0,2.92
T14,GL-1388,2026-03-10 06:38:00,7.518823,11.506693,47.1,3.07
T14,GL-1388,2026-03-10 06:39:00,7.518394,11.506267,45.8,3.07
T14,GL-1388,2026-03-10 06:40:00,7.518199,11.505619,53.1,3.04
T14,GL-1388,2026-03-10 06:41:00,7.517803,11.505114,,4.87
T14,GL-1388,2026-03-10 06:42:00,7.517593,11.504841,19.7,4.24
T14,GL-1388,2026-03-10 06:43:00,7.517564,11.504383,24.8,5.48
T14,GL-1388,2026-03-10 06:44:00,7.516708,11.504106,30.0,3.13
T14,GL-1388,2026-03-10 06:45:00,7.516934,11.503446,18.6,4.44
T14,GL-1388,2026-03-10 06:46:00,7.516837,11.503223,45.3,4.98
T14,GL-1388,2026-03-10 06:47:00,7.516365,11.502513,40.3,4.33
T14,GL-1388,2026-03-10 06:48:00,7.515428,11.502091,44.3,4.33
T14,GL-1388,2026-03-10 06:49:00,7.515099,11.501521,51.4,2.98
T14,GL-1388,2026-03-10 06:50:00,7.515113,11.501175,35.9,5.26
T14,GL-1388,2026-03-10 06:51:00,7.515499,11.500671,53.9,3.11
T14,GL-1388,2026-03-10 06:52:00,7.514747,11.50067,44.0,4.46
T14,GL-1388,2026-03-10 06:53:00,7.514089,11.499913,36.7,5.44
T14,GL-1388,2026-03-10 06:54:00,7.513815,11.499359,39.0,4.41
T14,GL-1388,2026-03-10 06:55:00,7.513578,11.499235,52.5,5.11
T14,GL-1388,2026-03-10 06:56:00,7.513191,11.498421,38.5,2.91
T14,GL-1388,2026-03-10 06:57:00,7.512778,11.49789,33.5,3.31
T14,GL-1388,2026-03-10 06:58:00,7.512599,11.4976,29.8,3.04
T14,GL-1388,2026-03-10 06:59:00,7.511886,11.497371,31.8,5.16
T14,GL-1388,2026-03-10 07:00:00,7.511078,11.496733,41.4,4.08
T14,GL-1388,2026-03-10 07:01:00,7.511432,11.496304,20.5,5.13
T14,GL-1388,2026-03-10 07:02:00,7.511479,11.495811,45.3,3.53
T14,GL-1388,2026-03-10 07:03:00,7.510589,11.495628,38.6,3.96
T14,GL-1388,2026-03-10 07:04:00,7.510685,11.495053,38.3,4.43
T14,GL-1388,2026-03-10 07:05:00,7.50993,11.494715,43.4,3.1
T14,GL-1388,2026-03-10 07:06:00,7.509841,11.494382,43.3,4.92
T14,GL-1388,2026-03-10 07:07:00,7.509348,11.493762,29.0,5.0
T14,GL-1388,2026-03-10 07:08:00,7.509302,11.493143,15.6,5.09
T14,GL-1388,2026-03-10 07:09:00,7.509101,11.492601,15.5,3.39
T14,GL-1388,2026-03-10 07:10:00,7.508281,11.492279,22.3,4.61
T14,GL-1388,2026-03-10 07:11:00,7.508203,11.491748,52.8,3.5
T14,GL-1388,2026-03-10 07:12:00,7.508089,11.491656,15.9,3.81
T14,GL-1388,2026-03-10 07:13:00,7.507707,11.491265,56.1,4.72
T14,GL-1388,2026-03-10 07:14:00,7.507714,11.490659,27.2,3.72
T14,GL-1388,2026-03-10 07:15:00,7.50676,11.490023,18.1,5.17
T14,GL-1388,2026-03-10 07:16:00,7.506503,11.489499,54.7,3.3
T14,GL-1388,2026-03-10 07:17:00,7.506326,11.48962,31.2,4.45
T14,GL-1388,2026-03-10 07:18:00,7.505965,11.488675,15.9,5.56
T14,GL-1388,2026-03-10 07:19:00,7.505734,11.488317,50.6,5.53
T14,GL-1388,2026-03-10 07:20:00,7.505479,11.488144,43.3,2.95
T14,GL-1388,2026-03-10 07:21:00,7.50551,11.488321,41.1,0.81
T14,GL-1388,2026-03-10 07:22:00,7.505835,11.487997,27.9,0.46
T14,GL-1388,2026-03-10 07:23:00,7.504932,11.487926,27.0,0.66
T14,GL-1388,2026-03-10 07:24:00,7.505631,11.48807,49.8,0.0
T14,GL-1388,2026-03-10 07:25:00,7.505309,11.488507,21.4,0.78
T14,GL-1388,2026-03-10 07:26:00,7.505802,11.487967,51.3,0.15
T14,GL-1388,2026-03-10 07:27:00,7.505418,11.488005,17.7,0.66
T14,GL-1388,2026-03-10 07:28:00,7.505039,11.48776,39.5,0.69
T14,GL-1388,2026-03-10 07:29:00,7.50508,11.48819,32.2,0.81
T14,GL-1388,2026-03-10 07:30:00,7.505613,11.488297,31.9,0.45
T14,GL-1388,2026-03-10 07:31:00,7.505453,11.487595,24.3,0.39
T14,GL-1388,2026-03-10 07:32:00,7.505019,11.487953,53.6,0.01
T14,GL-1388,2026-03-10 07:33:00,7.505333,11.4883,45.5,0.61
T14,GL-1388,2026-03-10 07:34:00,7.505214,11.487601,22.5,0.06
T14,GL-1388,2026-03-10 07:35:00,7.505797,11.488051,46.2,0.47
T14,GL-1388,2026-03-10 07:36:00,7.505695,11.487886,51.5,0.56
T14,GL-1388,2026-03-10 07:37:00,7.505432,11.488025,30.8,0.08
T14,GL-1388,2026-03-10 07:38:00,7.505843,11.488078,36.6,0.49
T14,GL-1388,2026-03-10 07:39:00,7.504625,11.487478,45.4,0.8
T14,GL-1388,2026-03-10 07:40:00,7.505346,11.488389,32.1,0.58
T14,GL-1388,2026-03-10 07:41:00,7.505278,11.488069,35.1,0.52
T14,GL-1388,2026-03-10 07:42:00,7.505072,11.488357,19.0,0.39
T14,GL-1388,2026-03-10 07:43:00,7.505049,11.487988,52.0,0.1
T14,GL-1388,2026-03-10 07:44:00,7.505553,11.488149,51.7,0.19
T14,GL-1388,2026-03-10 07:45:00,7.504989,11.488196,16.5,0.52
T14,GL-1388,2026-03-10 07:46:00,7.505249,11.488023,22.1,0.49
T14,GL-1388,2026-03-10 07:47:00,7.5048,11.487585,29.3,0.75
T14,GL-1388,2026-03-10 07:48:00,7.504989,11.488088,19.5,5.52
T14,GL-1388,2026-03-10 07:49:00,7.504363,11.487779,44.0,4.89
T14,GL-1388,2026-03-10 07:50:00,7.503915,11.487637,20.5,4.48
T14,GL-1388,2026-03-10 07:51:00,7.503101,11.487928,53.9,3.54
T14,GL-1388,2026-03-10 07:52:00,7.502423,11.487523,25.0,3.61
T14,GL-1388,2026-03-10 07:53:00,7.502066,11.487237,40.6,3.7
T14,GL-1388,2026-03-10 07:54:00,7.50155,11.487133,33.0,3.31
T14,GL-1388,2026-03-10 07:55:00,7.500952,11.48753,36.2,3.38
T14,GL-1388,2026-03-10 07:56:00,7.50037,11.487021,24.3,2.95
T14,GL-1388,2026-03-10 07:57:00,7.499984,11.486876,53.4,3.11
T14,GL-1388,2026-03-10 07:58:00,7.499166,11.487031,15.4,3.93
T14,GL-1388,2026-03-10 07:59:00,7.498815,11.48662,32.7,3.39
T14,GL-1388,2026-03-10 08:00:00,7.498115,11.486578,33.6,2.84
T14,GL-1388,2026-03-10 08:01:00,7.498126,11.486807,19.3,4.44
T14,GL-1388,2026-03-10 08:02:00,7.497487,11.486686,33.1,5.37
T14,GL-1388,2026-03-10 08:03:00,7.496653,11.486147,43.2,4.24
T14,GL-1388,2026-03-10 08:04:00,7.49628,11.486373,15.0,4.98
T14,GL-1388,2026-03-10 08:05:00,7.495291,11.486243,23.7,5.36
T14,GL-1388,2026-03-10 08:06:00,7.495168,11.486392,30.3,4.99
T14,GL-1388,2026-03-10 08:07:00,7.494111,11.485867,21.6,3.52
T14,GL-1388,2026-03-10 08:08:00,7.494085,11.48597,17.4,3.91
T14,GL-1388,2026-03-10 08:09:00,7.493754,11.485749,49.7,3.27
T14,GL-1388,2026-03-10 08:10:00,7.492757,11.485674,27.0,4.16
T14,GL-1388,2026-03-10 08:11:00,7.492584,11.485449,43.1,4.7
T14,GL-1388,2026-03-10 08:12:00,7.508859,11.485401,24.4,184.06
T14,GL-1388,2026-03-10 08:13:00,7.491233,11.485266,56.1,4.14
T14,GL-1388,2026-03-10 08:14:00,7.491416,11.485288,34.1,3.48
T14,GL-1388,2026-03-10 08:15:00,7.490126,11.485399,37.4,3.88
T14,GL-1388,2026-03-10 08:16:00,7.489895,11.484993,43.8,4.26
T14,GL-1388,2026-03-10 08:17:00,7.489301,11.484727,52.6,4.98
T14,GL-1388,2026-03-10 08:18:00,7.488718,11.484843,29.8,4.19
T14,GL-1388,2026-03-10 08:19:00,7.487989,11.48466,50.5,3.56
T14,GL-1388,2026-03-10 08:20:00,7.487624,11.48461,,3.27
T14,GL-1388,2026-03-10 08:21:00,7.487064,11.484678,36.0,5.59
T14,GL-1388,2026-03-10 08:22:00,7.486811,11.484648,54.7,4.38
T14,GL-1388,2026-03-10 08:23:00,7.485598,11.484351,29.9,5.49
T14,GL-1388,2026-03-10 08:24:00,7.485239,11.484128,35.2,3.96
T14,GL-1388,2026-03-10 08:25:00,7.485151,11.484444,41.7,4.25
T14,GL-1388,2026-03-10 08:26:00,7.484303,11.484103,45.4,3.75
T14,GL-1388,2026-03-10 08:27:00,7.483993,11.483716,32.9,4.43
T14,GL-1388,2026-03-10 08:28:00,7.483361,11.483478,57.6,2.81
T14,GL-1388,2026-03-10 08:29:00,7.483078,11.483574,16.4,4.81
T14,GL-1388,2026-03-10 08:30:00,7.482361,11.483727,15.2,3.74
T14,GL-1388,2026-03-10 08:31:00,7.481655,11.483383,55.0,3.35
T14,GL-1388,2026-03-10 08:32:00,7.480891,11.48351,16.4,4.54
T14,GL-1388,2026-03-10 08:33:00,7.480503,11.483198,54.8,3.99
T14,GL-1388,2026-03-10 08:34:00,7.480074,11.483373,28.9,3.24
T14,GL-1388,2026-03-10 08:35:00,7.479513,11.482837,23.6,3.73
T14,GL-1388,2026-03-10 08:36:00,7.479236,11.482917,45.9,3.39
T14,GL-1388,2026-03-10 08:37:00,7.478422,11.48283,29.6,2.84
T14,GL-1388,2026-03-10 08:38:00,7.478037,11.482724,45.8,2.84
T14,GL-1388,2026-03-10 08:39:00,7.477283,11.482455,42.8,3.07
T14,GL-1388,2026-03-10 08:40:00,7.477308,11.482796,14.9,3.55
T14,GL-1388,2026-03-10 08:41:00,7.476156,11.48227,26.2,3.26
T14,GL-1388,2026-03-10 08:42:00,7.475967,11.482438,52.7,3.91
T14,GL-1388,2026-03-10 08:43:00,7.475237,11.481889,19.3,5.29
T14,GL-1388,2026-03-10 08:44:00,7.474646,11.482291,46.6,2.92
T14,GL-1388,2026-03-10 08:45:00,7.473898,11.482176,21.0,5.29
T14,GL-1388,2026-03-10 08:46:00,7.474005,11.481954,41.7,2.87
T14,GL-1388,2026-03-10 08:47:00,7.473369,11.481714,24.7,4.98
T14,GL-1388,2026-03-10 08:48:00,7.472892,11.481583,39.2,3.2
T14,GL-1388,2026-03-10 08:49:00,7.472142,11.481901,35.7,5.52
T14,GL-1388,2026-03-10 08:50:00,7.471581,11.481162,53.5,4.2
T14,GL-1388,2026-03-10 08:51:00,7.471012,11.481379,29.6,2.96
T14,GL-1388,2026-03-10 08:52:00,7.470517,11.481013,30.8,3.89
T14,GL-1388,2026-03-10 08:53:00,7.469878,11.481188,42.1,3.69
T14,GL-1388,2026-03-10 08:54:00,7.469354,11.480817,44.6,3.78
T14,GL-1388,2026-03-10 08:55:00,7.469225,11.480831,23.2,3.64
T14,GL-1388,2026-03-10 08:56:00,7.468556,11.480938,49.0,4.8
T14,GL-1388,2026-03-10 08:57:00,7.46813,11.48099,32.3,4.55
T14,GL-1388,2026-03-10 08:58:00,7.467135,11.480929,55.0,3.52
T14,GL-1388,2026-03-10 08:59:00,7.466441,11.480436,55.9,3.34
T14,GL-1388,2026-03-10 09:00:00,7.466013,11.480391,48.2,4.24
T14,GL-1388,2026-03-10 09:01:00,7.465854,11.480608,43.8,4.1
T14,GL-1388,2026-03-10 09:02:00,7.465112,11.480002,30.3,4.76
T14,GL-1388,2026-03-10 09:03:00,7.464633,11.480031,,2.85
T14,GL-1388,2026-03-10 09:04:00,7.464138,11.480229,22.1,4.37
T14,GL-1388,2026-03-10 09:05:00,7.463519,11.479709,52.4,4.15
T14,GL-1388,2026-03-10 09:06:00,7.462845,11.480342,17.2,5.5
T14,GL-1388,2026-03-10 09:07:00,7.46216,11.479795,47.1,5.31
T14,GL-1388,2026-03-10 09:08:00,7.462025,11.479677,30.9,4.32
T14,GL-1388,2026-03-10 09:09:00,7.461295,11.479267,15.6,3.92
T14,GL-1388,2026-03-10 09:10:00,7.46062,11.479338,25.2,5.48
T14,GL-1388,2026-03-10 09:11:00,7.460307,11.479186,29.4,4.94
T14,GL-1388,2026-03-10 09:12:00,7.459471,11.479146,47.2,4.11
T14,GL-1388,2026-03-10 09:13:00,7.458859,11.479042,27.9,4.62
T14,GL-1388,2026-03-10 09:14:00,7.45857,11.479035,14.9,5.58
T14,GL-1388,2026-03-10 09:15:00,7.45794,11.478904,16.6,3.05
T14,GL-1388,2026-03-10 09:16:00,7.45728,11.478719,49.0,3.37
T14,GL-1388,2026-03-10 09:17:00,7.457093,11.478432,17.0,3.56
T14,GL-1388,2026-03-10 09:18:00,7.456247,11.478612,29.1,3.23
T14,GL-1388,2026-03-10 09:19:00,7.455941,11.478826,15.8,4.48
T14,GL-1388,2026-03-10 09:20:00,7.455596,11.478858,27.7,5.28
T14,GL-1388,2026-03-10 09:21:00,7.454907,11.478241,17.3,5.49
T14,GL-1388,2026-03-10 09:22:00,7.454383,11.478031,35.9,3.51
T14,GL-1388,2026-03-10 09:23:00,7.454174,11.478362,57.1,4.35
T14,GL-1388,2026-03-10 09:24:00,7.45331,11.477961,56.9,5.16
T14,GL-1388,2026-03-10 09:25:00,7.452894,11.477773,56.2,3.43
T14,GL-1388,2026-03-10 09:26:00,7.45223,11.47788,45.6,4.45
T14,GL-1388,2026-03-10 09:27:00,7.451661,11.477594,37.9,4.51
T14,GL-1388,2026-03-10 09:28:00,7.451049,11.477721,28.3,3.86
T14,GL-1388,2026-03-10 09:29:00,7.450604,11.477473,17.3,2.96
T14,GL-1388,2026-03-10 09:30:00,7.449979,11.476929,45.6,3.71
T14,GL-1388,2026-03-10 09:31:00,7.449468,11.477008,,4.66
T14,GL-1388,2026-03-10 09:32:00,7.449106,11.477369,44.0,4.2
T14,GL-1388,2026-03-10 09:33:00,7.448405,11.477394,45.8,5.04
T14,GL-1388,2026-03-10 09:34:00,7.447919,11.476752,25.5,3.51
T14,GL-1388,2026-03-10 09:35:00,7.447329,11.476617,53.7,4.28
T14,GL-1388,2026-03-10 09:36:00,7.446946,11.47676,20.5,3.77
T14,GL-1388,2026-03-10 09:37:00,7.4464,11.476589,52.6,3.33
T14,GL-1388,2026-03-10 09:38:00,7.445589,11.47671,36.5,5.38
T14,GL-1388,2026-03-10 09:39:00,7.445203,11.47636,15.2,5.54
T14,GL-1388,2026-03-10 09:40:00,7.445044,11.476264,52.5,4.68
T14,GL-1388,2026-03-10 09:41:00,7.44426,11.476228,20.7,4.37
T14,GL-1388,2026-03-10 09:42:00,7.44336,11.475904,39.3,3.62
T14,GL-1388,2026-03-10 09:43:00,7.442988,11.476007,43.8,5.11
T14,GL-1388,2026-03-10 09:44:00,7.442333,11.475552,16.1,4.94
T14,GL-1388,2026-03-10 09:45:00,7.44164,11.476071,,5.31
T14,GL-1388,2026-03-10 09:46:00,7.441524,11.475643,44.3,3.35
T14,GL-1388,2026-03-10 09:47:00,7.441166,11.476005,51.6,5.08
T14,GL-1388,2026-03-10 09:48:00,7.44,11.475584,19.9,4.9
T14,GL-1388,2026-03-10 09:49:00,7.440138,11.475291,30.0,5.05
T14,GL-1388,2026-03-10 09:50:00,7.439395,11.475248,,3.22
T14,GL-1388,2026-03-10 09:51:00,7.439168,11.475219,37.3,4.71
T14,GL-1388,2026-03-10 09:52:00,7.437931,11.474882,50.7,4.48
T14,GL-1388,2026-03-10 09:53:00,7.437731,11.474586,52.8,3.86
T14,GL-1388,2026-03-10 09:54:00,7.437006,11.474891,33.7,3.34
T14,GL-1388,2026-03-10 09:55:00,7.435972,11.474745,26.6,5.15
T14,GL-1388,2026-03-10 09:56:00,7.436142,11.474951,20.2,4.94
T14,GL-1388,2026-03-10 09:57:00,7.435466,11.474665,52.3,2.92
T14,GL-1388,2026-03-10 09:58:00,7.434933,11.474186,24.5,5.03
T14,GL-1388,2026-03-10 09:59:00,7.435106,11.474243,45.0,3.35
T14,GL-1388,2026-03-10 10:00:00,7.433882,11.474101,14.2,3.52
T14,GL-1388,2026-03-10 10:01:00,7.432948,11.474164,27.1,3.21
T14,GL-1388,2026-03-10 10:02:00,7.433018,11.473897,56.1,3.49
T14,GL-1388,2026-03-10 10:03:00,7.432364,11.473795,21.4,4.67
T14,GL-1388,2026-03-10 10:04:00,7.431479,11.473802,44.6,4.27
T14,GL-1388,2026-03-10 10:05:00,7.431427,11.473699,20.5,5.24
T14,GL-1388,2026-03-10 10:06:00,7.431145,11.473881,20.6,4.25
T14,GL-1388,2026-03-10 10:07:00,7.430224,11.473705,29.7,3.32
T14,GL-1388,2026-03-10 10:08:00,7.429336,11.472846,55.5,3.88
T14,GL-1388,2026-03-10 10:09:00,7.428832,11.473471,52.3,5.37
T14,GL-1388,2026-03-10 10:10:00,7.428937,11.473141,18.8,3.25
T14,GL-1388,2026-03-10 10:11:00,7.427851,11.473108,42.5,3.19
T14,GL-1388,2026-03-10 10:12:00,7.427369,11.472801,36.0,3.4
T14,GL-1388,2026-03-10 10:13:00,7.427213,11.473114,16.1,5.18
T14,GL-1388,2026-03-10 10:14:00,7.426265,11.472643,50.9,5.44
T14,GL-1388,2026-03-10 10:15:00,7.426361,11.472641,37.9,5.1
T14,GL-1388,2026-03-10 10:16:00,7.425098,11.472284,36.2,4.69
T14,GL-1388,2026-03-10 10:17:00,7.424917,11.472533,43.1,4.36
T14,GL-1388,2026-03-10 10:18:00,7.424322,11.472185,16.7,4.07
T14,GL-1388,2026-03-10 10:19:00,7.424005,11.471881,19.6,5.42
T14,GL-1388,2026-03-10 10:20:00,7.422958,11.472265,39.1,3.55
T14,GL-1388,2026-03-10 10:21:00,7.422844,11.472094,27.4,3.47
T14,GL-1388,2026-03-10 10:22:00,7.421909,11.472169,19.8,5.57
T14,GL-1388,2026-03-10 10:23:00,7.421621,11.47156,57.9,4.87
T14,GL-1388,2026-03-10 10:24:00,7.421092,11.471832,36.7,5.48
T14,GL-1388,2026-03-10 10:25:00,7.420241,11.471518,30.2,4.26
T14,GL-1388,2026-03-10 10:26:00,7.419849,11.471786,18.4,4.6
T14,GL-1388,2026-03-10 10:27:00,7.419462,11.471218,53.5,4.5
T14,GL-1388,2026-03-10 10:28:00,7.419155,11.471374,23.8,3.08
T14,GL-1388,2026-03-10 10:29:00,7.419132,11.471416,49.6,5.45
T14,GL-1388,2026-03-10 10:30:00,7.417959,11.471003,26.5,5.18
T14,GL-1388,2026-03-10 10:31:00,7.417439,11.470873,53.2,4.86
T14,GL-1388,2026-03-10 10:32:00,7.416686,11.471051,27.1,4.28
T14,GL-1388,2026-03-10 10:33:00,7.416109,11.470704,26.1,4.09
T14,GL-1388,2026-03-10 10:34:00,7.41627,11.470347,52.8,5.15
T14,GL-1388,2026-03-10 10:35:00,7.414987,11.47065,55.5,2.95
T14,GL-1388,2026-03-10 10:36:00,7.414434,11.47059,48.6,4.61
T14,GL-1388,2026-03-10 10:37:00,7.41432,11.470418,33.0,5.39
T14,GL-1388,2026-03-10 10:38:00,7.413303,11.470034,41.4,5.46
T14,GL-1388,2026-03-10 10:39:00,7.412653,11.469997,24.4,4.05
T14,GL-1388,2026-03-10 10:40:00,7.412629,11.469696,31.3,3.47
T14,GL-1388,2026-03-10 10:41:00,7.4117,11.470137,49.9,3.3
T14,GL-1388,2026-03-10 10:42:00,7.411714,11.469879,56.7,2.83
T14,GL-1388,2026-03-10 10:43:00,7.410642,11.469739,35.3,3.55
T14,GL-1388,2026-03-10 10:44:00,7.41007,11.46959,47.1,4.65
T14,GL-1388,2026-03-10 10:45:00,7.410045,11.469717,42.7,4.63
T14,GL-1388,2026-03-10 10:46:00,7.409456,11.46966,41.4,5.41
T14,GL-1388,2026-03-10 10:47:00,7.408385,11.469327,26.1,3.09
T14,GL-1388,2026-03-10 10:48:00,7.408024,11.469304,51.0,3.84
T14,GL-1388,2026-03-10 10:49:00,7.407704,11.468878,23.7,3.02
T14,GL-1388,2026-03-10 10:50:00,7.407389,11.468954,39.6,5.06
T14,GL-1388,2026-03-10 10:51:00,7.406543,11.468977,30.3,4.75
T14,GL-1388,2026-03-10 10:52:00,7.406131,11.468853,45.4,4.86
T14,GL-1388,2026-03-10 10:53:00,7.4052,11.468632,43.1,5.29
T14,GL-1388,2026-03-10 10:54:00,7.405259,11.468435,29.5,4.31
T14,GL-1388,2026-03-10 10:55:00,7.404323,11.468537,17.9,4.63
T14,GL-1388,2026-03-10 10:56:00,7.404188,11.468245,21.7,4.71
T14,GL-1388,2026-03-10 10:57:00,7.403441,11.468198,56.2,4.97
T14,GL-1388,2026-03-10 10:58:00,7.402678,11.468209,32.9,3.47
T14,GL-1388,2026-03-10 10:59:00,7.402258,11.468112,17.6,4.33
T14,GL-1388,2026-03-10 11:00:00,7.401564,11.468797,23.2,4.04
T14,GL-1388,2026-03-10 11:01:00,7.400891,11.467714,15.9,3.81
T14,GL-1388,2026-03-10 11:02:00,7.400961,11.467824,15.7,5.02
T14,GL-1388,2026-03-10 11:03:00,7.400273,11.467784,57.9,4.7
T14,GL-1388,2026-03-10 11:04:00,7.39932,11.467716,45.5,5.37
T14,GL-1388,2026-03-10 11:05:00,7.398961,11.467767,39.8,5.16
T14,GL-1388,2026-03-10 11:06:00,7.398378,11.467414,47.3,5.01
T14,GL-1388,2026-03-10 11:07:00,7.398185,11.467195,57.7,4.57
T14,GL-1388,2026-03-10 11:08:00,7.397818,11.466769,36.5,4.81
T14,GL-1388,2026-03-10 11:09:00,7.396694,11.466916,49.5,4.17
T14,GL-1388,2026-03-10 11:10:00,7.396351,11.466691,53.8,4.95
T14,GL-1388,2026-03-10 11:11:00,7.395673,11.467149,16.5,5.5
T14,GL-1388,2026-03-10 11:12:00,7.395374,11.466605,17.3,3.91
T14,GL-1388,2026-03-10 11:13:00,7.394423,11.46696,47.3,3.95
T14,GL-1388,2026-03-10 11:14:00,7.39384,11.466634,55.4,3.75
T14,GL-1388,2026-03-10 11:15:00,7.393583,11.466351,34.5,3.44
T14,GL-1388,2026-03-10 11:16:00,7.393174,11.466157,27.6,2.82
T14,GL-1388,2026-03-10 11:17:00,7.392575,11.466271,40.5,5.34
T14,GL-1388,2026-03-10 11:18:00,7.392073,11.466221,50.2,3.32
T14,GL-1388,2026-03-10 11:19:00,7.391558,11.466081,57.4,2.98
T14,GL-1388,2026-03-10 11:20:00,7.39107,11.466117,53.7,3.86
T14,GL-1388,2026-03-10 11:21:00,7.390533,11.465864,28.8,4.86
T14,GL-1388,2026-03-10 11:22:00,7.390096,11.466001,47.9,4.99
T14,GL-1388,2026-03-10 11:23:00,7.389731,11.465574,28.3,3.79
T14,GL-1388,2026-03-10 11:24:00,7.388988,11.46583,44.7,3.36
T14,GL-1388,2026-03-10 11:25:00,7.38858,11.465215,33.9,3.81
T14,GL-1388,2026-03-10 11:26:00,7.388012,11.465627,25.0,5.17
T14,GL-1388,2026-03-10 11:27:00,7.387503,11.465513,26.2,0.62
T14,GL-1388,2026-03-10 11:28:00,7.387773,11.465168,47.2,0.62
T14,GL-1388,2026-03-10 11:29:00,7.387861,11.465074,58.0,0.86
T14,GL-1388,2026-03-10 11:30:00,7.388051,11.465477,17.1,0.34
T14,GL-1388,2026-03-10 11:31:00,7.387812,11.465352,47.4,0.57
T14,GL-1388,2026-03-10 11:32:00,7.387932,11.46523,16.3,0.4
T14,GL-1388,2026-03-10 11:33:00,11.465034,7.387452,53.8,0.63
T14,GL-1388,2026-03-10 11:34:00,7.387988,11.465189,24.1,0.07
T14,GL-1388,2026-03-10 11:35:00,7.387392,11.465053,50.0,0.31
T14,GL-1388,2026-03-10 11:36:00,7.387621,11.465418,46.7,0.42
T14,GL-1388,2026-03-10 11:37:00,7.38716,11.465843,37.7,0.12
T14,GL-1388,2026-03-10 11:38:00,7.388094,11.465026,52.3,0.42
T14,GL-1388,2026-03-10 11:39:00,7.387989,11.465227,20.9,0.5
T14,GL-1388,2026-03-10 11:40:00,7.388222,11.465634,21.5,0.57
T14,GL-1388,2026-03-10 11:41:00,7.388205,11.465016,37.8,0.43
T14,GL-1388,2026-03-10 11:42:00,7.388147,11.465479,22.8,0.83
T14,GL-1388,2026-03-10 11:43:00,7.38764,11.465076,52.1,0.38
T14,GL-1388,2026-03-10 11:44:00,7.388344,11.464547,16.4,3.25
T14,GL-1388,2026-03-10 11:45:00,7.389357,11.464685,31.9,3.22
T14,GL-1388,2026-03-10 11:46:00,7.389881,11.464114,51.9,5.12
T14,GL-1388,2026-03-10 11:47:00,7.390321,11.463545,14.8,4.87
T14,GL-1388,2026-03-10 11:48:00,7.391377,11.463295,35.8,5.16
T14,GL-1388,2026-03-10 11:49:00,7.391779,11.463414,57.4,5.29
T14,GL-1388,2026-03-10 11:50:00,7.392007,11.462102,19.6,5.51
T14,GL-1388,2026-03-10 11:51:00,7.393526,11.462137,40.8,4.12
T14,GL-1388,2026-03-10 11:52:00,7.393793,11.462058,22.0,5.02
T14,GL-1388,2026-03-10 11:53:00,7.394855,11.461274,16.7,2.88
T14,GL-1388,2026-03-10 11:54:00,7.395394,11.461146,20.1,3.95
T14,GL-1388,2026-03-10 11:55:00,7.39584,11.461045,32.0,3.64
T14,GL-1388,2026-03-10 11:56:00,7.396653,11.460463,34.0,5.6
T14,GL-1388,2026-03-10 11:57:00,7.396906,11.460307,49.3,3.35
T14,GL-1388,2026-03-10 11:58:00,7.398146,11.459432,31.4,5.42
T14,GL-1388,2026-03-10 11:59:00,7.398819,11.459016,57.3,4.4
T14,GL-1388,2026-03-10 12:00:00,7.399011,11.45875,39.9,4.37
T14,GL-1388,2026-03-10 12:01:00,7.400447,11.458146,35.9,3.89
T14,GL-1388,2026-03-10 12:02:00,7.400594,11.457871,21.6,3.09
T14,GL-1388,2026-03-10 12:03:00,7.401665,11.457786,45.3,4.17
T14,GL-1388,2026-03-10 12:04:00,7.402472,11.457399,18.0,4.42
T14,GL-1388,2026-03-10 12:05:00,7.403121,11.456787,47.6,2.99
T14,GL-1388,2026-03-10 12:06:00,7.403501,11.456712,35.0,4.73
T14,GL-1388,2026-03-10 12:07:00,7.404216,11.456169,30.1,3.14
T14,GL-1388,2026-03-10 12:08:00,7.404351,11.455829,55.1,3.93
T14,GL-1388,2026-03-10 12:09:00,7.405591,11.45551,41.2,4.01
T14,GL-1388,2026-03-10 12:10:00,7.406326,11.455322,45.8,2.98
T14,GL-1388,2026-03-10 12:11:00,7.406748,11.454876,24.0,5.2
T14,GL-1388,2026-03-10 12:12:00,7.407839,11.454521,54.2,2.96
T14,GL-1388,2026-03-10 12:13:00,7.408337,11.454255,24.5,3.5
T14,GL-1388,2026-03-10 12:14:00,7.408666,11.453562,39.8,5.46
T14,GL-1388,2026-03-10 12:15:00,7.409649,11.453063,43.4,3.14
T14,GL-1388,2026-03-10 12:16:00,7.410238,11.453482,37.1,3.1
T14,GL-1388,2026-03-10 12:17:00,7.410943,11.452447,33.9,5.22
T14,GL-1388,2026-03-10 12:18:00,7.411988,11.451841,30.5,2.83
T14,GL-1388,2026-03-10 12:19:00,7.412498,11.451641,48.7,4.29
T14,GL-1388,2026-03-10 12:20:00,7.413148,11.451718,52.1,2.96
T14,GL-1388,2026-03-10 12:21:00,7.413592,11.451107,48.1,4.24
T14,GL-1388,2026-03-10 12:22:00,7.414225,11.450152,26.0,3.06
T14,GL-1388,2026-03-10 12:23:00,7.414962,11.449965,31.2,3.09
T14,GL-1388,2026-03-10 12:24:00,7.416069,11.450101,15.0,3.76
T14,GL-1388,2026-03-10 12:25:00,7.416327,11.449278,36.8,3.83
T14,GL-1388,2026-03-10 12:26:00,7.417063,11.449134,36.6,4.31
T14,GL-1388,2026-03-10 12:27:00,7.417624,11.448379,49.3,4.14
T14,GL-1388,2026-03-10 12:28:00,7.418419,11.448154,,3.57
T14,GL-1388,2026-03-10 12:29:00,7.418755,11.44757,28.9,2.96
T14,GL-1388,2026-03-10 12:30:00,7.419997,11.447509,49.5,3.98
T14,GL-1388,2026-03-10 12:31:00,7.420278,11.446816,19.7,4.71
T14,GL-1388,2026-03-10 12:32:00,7.420859,11.446422,20.2,3.01
T14,GL-1388,2026-03-10 12:33:00,7.421738,11.446442,42.0,4.02
T14,GL-1388,2026-03-10 12:34:00,7.422767,11.445932,27.7,5.05
T14,GL-1388,2026-03-10 12:35:00,7.422971,11.445789,49.4,3.71
T14,GL-1388,2026-03-10 12:36:00,7.423593,11.445159,16.3,3.58
T14,GL-1388,2026-03-10 12:37:00,7.424768,11.445393,21.8,4.96
T14,GL-1388,2026-03-10 12:38:00,7.424855,11.444692,21.6,3.86
T14,GL-1388,2026-03-10 12:39:00,7.425592,11.444166,38.9,3.39
T14,GL-1388,2026-03-10 12:40:00,7.426399,11.443679,22.5,4.65
T14,GL-1388,2026-03-10 12:41:00,7.42662,11.443835,50.9,5.03
T14,GL-1388,2026-03-10 12:42:00,7.428356,11.443211,28.3,5.5
T14,GL-1388,2026-03-10 12:43:00,7.428486,11.442606,39.2,4.96
T14,GL-1388,2026-03-10 12:44:00,7.429518,11.442241,42.7,5.14
T14,GL-1388,2026-03-10 12:45:00,7.429988,11.441364,22.0,5.55
T14,GL-1388,2026-03-10 12:46:00,7.430118,11.441203,34.4,5.48
T14,GL-1388,2026-03-10 12:47:00,7.431518,11.440946,19.5,3.06
T14,GL-1388,2026-03-10 12:48:00,7.431784,11.440788,55.0,2.94
T14,GL-1388,2026-03-10 12:49:00,7.43281,11.440334,49.7,2.91
T14,GL-1388,2026-03-10 12:50:00,7.432819,11.439895,30.7,3.06
T14,GL-1388,2026-03-10 12:51:00,7.434556,11.43949,42.7,3.08
T14,GL-1388,2026-03-10 12:52:00,7.434692,11.439586,21.3,2.89
T14,GL-1388,2026-03-10 12:53:00,7.43546,11.439051,40.5,4.96
T14,GL-1388,2026-03-10 12:54:00,7.436394,11.438848,57.2,3.47
T14,GL-1388,2026-03-10 12:55:00,7.436994,11.437995,16.9,5.07
T14,GL-1388,2026-03-10 12:56:00,7.438131,11.437675,18.7,5.06
T14,GL-1388,2026-03-10 12:57:00,7.438492,11.437624,44.8,3.85
T14,GL-1388,2026-03-10 12:58:00,7.438695,11.436977,27.6,3.01
T14,GL-1388,2026-03-10 12:59:00,7.439186,11.436564,43.6,5.15
T14,GL-1388,2026-03-10 13:00:00,7.440299,11.436255,43.3,5.42
T14,GL-1388,2026-03-10 13:01:00,7.441068,11.435583,31.7,3.65
T14,GL-1388,2026-03-10 13:02:00,7.441917,11.435619,30.4,5.42
T14,GL-1388,2026-03-10 13:03:00,7.442533,11.435237,53.7,5.3
T14,GL-1388,2026-03-10 13:04:00,7.442456,11.435954,25.9,0.4
T14,GL-1388,2026-03-10 13:05:00,7.442798,11.434923,40.4,0.29
T14,GL-1388,2026-03-10 13:06:00,7.442199,11.435415,55.7,0.07
T14,GL-1388,2026-03-10 13:07:00,7.442613,11.43534,23.8,0.65
T14,GL-1388,2026-03-10 13:08:00,7.442388,11.434854,46.8,0.51
T14,GL-1388,2026-03-10 13:09:00,7.442709,11.435101,56.1,0.9
T14,GL-1388,2026-03-10 13:10:00,7.442572,11.435413,37.3,0.74
T14,GL-1388,2026-03-10 13:11:00,7.442443,11.43506,55.4,0.3
T14,GL-1388,2026-03-10 13:12:00,7.442327,11.435099,49.7,0.81
T14,GL-1388,2026-03-10 13:13:00,7.44218,11.434991,27.6,0.54
T14,GL-1388,2026-03-10 13:14:00,7.442761,11.434933,28.5,0.24
T14,GL-1388,2026-03-10 13:15:00,7.442411,11.43536,44.1,0.22
T14,GL-1388,2026-03-10 13:16:00,7.442678,11.435515,44.1,0.21
T14,GL-1388,2026-03-10 13:17:00,7.441767,11.434338,43.4,0.68
T14,GL-1388,2026-03-10 13:18:00,7.442256,11.435167,39.2,0.32
T14,GL-1388,2026-03-10 13:19:00,7.442681,11.43509,54.1,0.78
T14,GL-1388,2026-03-10 13:20:00,7.442381,11.435286,29.4,0.34
T14,GL-1388,2026-03-10 13:21:00,7.442684,11.434993,49.8,0.28
T14,GL-1388,2026-03-10 13:22:00,7.442571,11.434904,50.7,0.31
T14,GL-1388,2026-03-10 13:23:00,7.442221,11.435557,41.9,0.82
T14,GL-1388,2026-03-10 13:24:00,7.442129,11.434671,19.3,0.32
T14,GL-1388,2026-03-10 13:25:00,7.442525,11.435112,20.0,0.46
T14,GL-1388,2026-03-10 13:26:00,7.442321,11.434301,48.5,0.33
T14,GL-1388,2026-03-10 13:27:00,7.441869,11.434999,16.3,0.71
T14,GL-1388,2026-03-10 13:28:00,7.442688,11.435454,31.6,0.14
T14,GL-1388,2026-03-10 13:29:00,7.442504,11.434465,18.3,0.45
T14,GL-1388,2026-03-10 13:30:00,7.441613,11.435015,25.3,0.74
T14,GL-1388,2026-03-10 13:31:00,7.44263,11.43582,18.4,4.89
T14,GL-1388,2026-03-10 13:32:00,7.442856,11.436109,40.0,5.54
T14,GL-1388,2026-03-10 13:33:00,7.44314,11.436371,41.4,5.47
T14,GL-1388,2026-03-10 13:34:00,7.443619,11.437104,18.1,3.91
T14,GL-1388,2026-03-10 13:35:00,7.443729,11.437662,38.6,4.63
T14,GL-1388,2026-03-10 13:36:00,7.444272,11.438155,25.5,5.35
T14,GL-1388,2026-03-10 13:37:00,7.444817,11.438387,36.4,4.21
T14,GL-1388,2026-03-10 13:38:00,7.445106,11.438808,,2.9
T14,GL-1388,2026-03-10 13:39:00,7.445843,11.439433,43.5,5.21
T14,GL-1388,2026-03-10 13:40:00,7.446237,11.439723,37.9,5.13
T14,GL-1388,2026-03-10 13:41:00,7.446227,11.440297,40.5,4.71
T14,GL-1388,2026-03-10 13:42:00,7.446418,11.440155,55.8,3.62
T14,GL-1388,2026-03-10 13:43:00,7.446706,11.44102,14.2,4.52
T14,GL-1388,2026-03-10 13:44:00,7.447288,11.442113,19.1,3.17
T14,GL-1388,2026-03-10 13:45:00,7.447523,11.442515,53.9,3.72
T14,GL-1388,2026-03-10 13:46:00,7.448093,11.44274,47.1,5.58
T14,GL-1388,2026-03-10 13:47:00,7.448546,11.44254,27.5,5.06
T14,GL-1388,2026-03-10 13:48:00,7.448655,11.443696,27.0,5.03
T14,GL-1388,2026-03-10 13:49:00,7.44928,11.444281,34.3,3.7
T14,GL-1388,2026-03-10 13:50:00,7.449231,11.444727,34.1,3.8
T14,GL-1388,2026-03-10 13:51:00,7.449992,11.445535,29.1,3.74
T14,GL-1388,2026-03-10 13:52:00,7.450097,11.445969,40.1,4.31
T14,GL-1388,2026-03-10 13:53:00,7.450702,11.445985,40.0,3.48
T14,GL-1388,2026-03-10 13:54:00,7.450851,11.446643,,3.6
T14,GL-1388,2026-03-10 13:55:00,7.451094,11.447078,16.6,3.48
T14,GL-1388,2026-03-10 13:56:00,7.451872,11.447448,55.0,3.99
T14,GL-1388,2026-03-10 13:57:00,7.451893,11.44834,54.5,3.33
T14,GL-1388,2026-03-10 13:58:00,7.452143,11.448441,38.3,4.11
T14,GL-1388,2026-03-10 13:59:00,7.452633,11.449086,,4.13
T14,GL-1388,2026-03-10 14:00:00,7.45321,11.449662,33.5,3.22
T14,GL-1388,2026-03-10 14:01:00,7.453274,11.449887,35.0,4.72
T14,GL-1388,2026-03-10 14:02:00,7.453935,11.450566,14.4,5.31
T14,GL-1388,2026-03-10 14:03:00,7.454165,11.450693,20.6,5.05
T14,GL-1388,2026-03-10 14:04:00,7.454583,11.451186,18.9,4.32
T14,GL-1388,2026-03-10 14:05:00,7.455018,11.45181,28.8,4.6
T14,GL-1388,2026-03-10 14:06:00,7.455393,11.45259,21.6,4.2
T14,GL-1388,2026-03-10 14:07:00,7.455546,11.452787,32.7,5.27
T14,GL-1388,2026-03-10 14:08:00,7.456226,11.453603,55.9,5.28
T14,GL-1388,2026-03-10 14:09:00,7.45638,11.453407,56.2,5.28
T14,GL-1388,2026-03-10 14:10:00,7.456695,11.454088,49.8,4.99
T14,GL-1388,2026-03-10 14:11:00,7.456853,11.45443,33.7,4.04
T14,GL-1388,2026-03-10 14:12:00,7.457573,11.455134,45.3,3.48
T14,GL-1388,2026-03-10 14:13:00,7.458055,11.455376,37.5,4.34
T14,GL-1388,2026-03-10 14:14:00,7.457936,11.456429,56.1,3.46
T14,GL-1388,2026-03-10 14:15:00,7.458336,11.456577,19.5,2.97
T14,GL-1388,2026-03-10 14:16:00,7.45862,11.456925,44.7,5.47
T14,GL-1388,2026-03-10 14:17:00,7.459022,11.457707,29.6,5.04
T14,GL-1388,2026-03-10 14:18:00,7.459602,11.458135,46.6,3.42
T14,GL-1388,2026-03-10 14:19:00,7.45965,11.458876,33.6,5.25
T14,GL-1388,2026-03-10 14:20:00,7.460276,11.458813,39.3,4.06
T14,GL-1388,2026-03-10 14:21:00,7.460695,11.459562,38.9,3.36
T14,GL-1388,2026-03-10 14:22:00,7.461359,11.460512,27.2,3.42
T14,GL-1388,2026-03-10 14:23:00,7.460887,11.460588,50.6,3.71
T14,GL-1388,2026-03-10 14:24:00,7.461806,11.460873,23.7,5.29
T14,GL-1388,2026-03-10 14:25:00,7.461508,11.461278,46.6,4.45
T14,GL-1388,2026-03-10 14:26:00,7.462003,11.461754,30.4,4.11
T14,GL-1388,2026-03-10 14:27:00,7.463117,11.462178,33.4,5.09
T14,GL-1388,2026-03-10 14:28:00,7.463002,11.462514,38.6,3.76
T14,GL-1388,2026-03-10 14:29:00,7.463246,11.463479,19.9,3.3
T14,GL-1388,2026-03-10 14:30:00,7.463467,11.463515,49.6,2.84
T14,GL-1388,2026-03-10 14:31:00,7.464199,11.46423,24.0,4.0
T14,GL-1388,2026-03-10 14:32:00,7.464355,11.464632,50.1,3.45
T14,GL-1388,2026-03-10 14:33:00,7.464691,11.465158,26.2,0.33
T14,GL-1388,2026-03-10 14:34:00,7.464751,11.464452,24.6,0.08
T14,GL-1388,2026-03-10 14:35:00,7.464315,11.464913,34.6,0.31
T14,GL-1388,2026-03-10 14:36:00,7.464253,11.464912,26.6,0.73
T14,GL-1388,2026-03-10 14:37:00,7.464661,11.464873,21.6,0.32
T14,GL-1388,2026-03-10 14:38:00,7.464421,11.464289,55.1,0.63
T14,GL-1388,2026-03-10 14:39:00,7.464605,11.465105,53.8,0.84
T14,GL-1388,2026-03-10 14:40:00,7.46469,11.464838,20.4,0.31
T14,GL-1388,2026-03-10 14:41:00,7.464395,11.465072,19.8,0.72
T14,GL-1388,2026-03-10 14:42:00,7.464084,11.46516,29.8,0.5
T14,GL-1388,2026-03-10 14:43:00,7.464396,11.464709,26.5,0.44
T14,GL-1388,2026-03-10 14:44:00,7.46387,11.464777,21.1,0.53
T14,GL-1388,2026-03-10 14:45:00,7.464589,11.464866,49.0,0.77
T14,GL-1388,2026-03-10 14:46:00,7.46453,11.464809,45.3,0.07
T14,GL-1388,2026-03-10 14:47:00,7.464762,11.464526,21.3,0.69
T14,GL-1388,2026-03-10 14:48:00,7.464223,11.464831,51.7,0.37
T14,GL-1388,2026-03-10 14:49:00,7.464526,11.464559,40.6,0.41
T14,GL-1388,2026-03-10 14:50:00,7.464617,11.464955,44.0,0.02
T14,GL-1388,2026-03-10 14:51:00,7.464611,11.464495,43.9,0.58
T14,GL-1388,2026-03-10 14:52:00,7.465256,11.464641,52.9,0.02
T14,GL-1388,2026-03-10 14:53:00,7.464534,11.464752,54.8,0.63
T14,GL-1388,2026-03-10 14:54:00,7.464587,11.464897,53.1,0.75
T14,GL-1388,2026-03-10 14:55:00,7.464115,11.464814,42.8,0.5
T14,GL-1388,2026-03-10 14:56:00,7.464775,11.464534,46.0,0.44
T14,GL-1388,2026-03-10 14:57:00,7.464259,11.464855,54.2,0.73
T14,GL-1388,2026-03-10 14:58:00,7.464035,11.464848,52.2,4.19
T14,GL-1388,2026-03-10 14:59:00,7.463343,11.464433,46.4,4.57
T14,GL-1388,2026-03-10 15:00:00,7.462596,11.464398,48.2,3.59
T14,GL-1388,2026-03-10 15:01:00,7.462507,11.464494,44.7,3.78
T14,GL-1388,2026-03-10 15:02:00,7.461507,11.464183,22.3,4.95
T14,GL-1388,2026-03-10 15:03:00,7.461011,11.464402,47.8,4.0
T14,GL-1388,2026-03-10 15:04:00,7.460379,11.46416,48.2,4.59
T14,GL-1388,2026-03-10 15:05:00,7.726668,11.464071,32.8,405.24
T14,GL-1388,2026-03-10 15:06:00,7.45931,11.46406,20.0,5.17
T14,GL-1388,2026-03-10 15:07:00,7.458498,11.464256,45.7,3.63
T14,GL-1388,2026-03-10 15:08:00,7.457845,11.464284,36.9,5.25
T14,GL-1388,2026-03-10 15:09:00,7.457621,11.464545,26.6,3.24
T14,GL-1388,2026-03-10 15:10:00,7.456779,11.463826,15.2,3.19
T14,GL-1388,2026-03-10 15:11:00,7.455753,11.463996,36.2,3.6
T14,GL-1388,2026-03-10 15:12:00,7.455201,11.464191,53.6,5.03
T14,GL-1388,2026-03-10 15:13:00,7.454939,11.464022,39.7,5.06
T14,GL-1388,2026-03-10 15:14:00,7.454219,11.464167,53.0,5.16
T14,GL-1388,2026-03-10 15:15:00,7.453616,11.464081,22.3,4.2
T14,GL-1388,2026-03-10 15:16:00,7.453256,11.46377,57.7,4.8
T14,GL-1388,2026-03-10 15:17:00,7.452676,11.46407,48.4,5.49
T14,GL-1388,2026-03-10 15:18:00,7.451778,11.463461,38.9,4.18
T14,GL-1388,2026-03-10 15:19:00,7.451225,11.464023,54.4,4.36
T14,GL-1388,2026-03-10 15:20:00,7.45081,11.463588,31.3,3.44
T14,GL-1388,2026-03-10 15:21:00,7.450387,11.463473,52.8,5.31
T14,GL-1388,2026-03-10 15:22:00,7.449522,11.463976,33.1,4.96
T14,GL-1388,2026-03-10 15:23:00,7.448554,11.463646,41.4,5.33
T14,GL-1388,2026-03-10 15:24:00,7.448425,11.463877,37.5,3.26
T14,GL-1388,2026-03-10 15:25:00,7.447589,11.464018,27.1,5.28
T14,GL-1388,2026-03-10 15:26:00,7.447034,11.463526,18.2,3.87
T14,GL-1388,2026-03-10 15:27:00,7.446314,11.463643,28.8,3.15
T14,GL-1388,2026-03-10 15:28:00,7.445913,11.463679,22.8,3.95
T14,GL-1388,2026-03-10 15:29:00,7.445438,11.463382,36.4,3.1
T14,GL-1388,2026-03-10 15:30:00,7.444454,11.463426,18.8,5.42
T14,GL-1388,2026-03-10 15:31:00,7.443964,11.462932,33.7,4.55
T14,GL-1388,2026-03-10 15:32:00,7.443428,11.46351,35.5,5.55
T14,GL-1388,2026-03-10 15:33:00,7.442774,11.463061,50.4,3.53
T14,GL-1388,2026-03-10 15:34:00,7.442115,11.463149,,3.14
T14,GL-1388,2026-03-10 15:35:00,7.441424,11.46289,19.3,5.43
T14,GL-1388,2026-03-10 15:36:00,7.440962,11.462727,56.6,3.42
T14,GL-1388,2026-03-10 15:37:00,7.44052,11.462664,52.2,3.28
T14,GL-1388,2026-03-10 15:38:00,7.439855,11.462894,29.1,3.36
T14,GL-1388,2026-03-10 15:39:00,7.438843,11.463176,17.6,4.63
T14,GL-1388,2026-03-10 15:40:00,7.438748,11.46289,52.7,3.39
T14,GL-1388,2026-03-10 15:41:00,7.437837,11.463268,43.1,3.25
T14,GL-1388,2026-03-10 15:42:00,7.437283,11.463173,47.9,2.99
T14,GL-1388,2026-03-10 15:43:00,7.436566,11.463287,28.5,3.77
T14,GL-1388,2026-03-10 15:44:00,7.436108,11.462927,51.8,5.2
T14,GL-1388,2026-03-10 15:45:00,7.434991,11.463117,50.5,3.45
T14,GL-1388,2026-03-10 15:46:00,7.434332,11.463017,27.3,4.53
T14,GL-1388,2026-03-10 15:47:00,7.4342,11.463043,40.4,2.87
T14,GL-1388,2026-03-10 15:48:00,7.433896,11.462669,35.0,4.22
T14,GL-1388,2026-03-10 15:49:00,7.432885,11.462696,35.6,5.47
T14,GL-1388,2026-03-10 15:50:00,7.432383,11.462873,24.4,3.16
T14,GL-1388,2026-03-10 15:51:00,7.431747,11.462439,54.4,4.36
T14,GL-1388,2026-03-10 15:52:00,7.430923,11.462615,47.5,4.04
T14,GL-1388,2026-03-10 15:53:00,7.430819,11.462593,21.4,4.06
T14,GL-1388,2026-03-10 15:54:00,7.43006,11.462557,42.6,3.08
T14,GL-1388,2026-03-10 15:55:00,7.429393,11.462825,42.8,3.57
T14,GL-1388,2026-03-10 15:56:00,7.428704,11.462638,31.9,3.9
T14,GL-1388,2026-03-10 15:57:00,7.428066,11.462211,20.7,3.67
T14,GL-1388,2026-03-10 15:58:00,7.427465,11.462221,23.5,5.43
T14,GL-1388,2026-03-10 15:59:00,7.426991,11.462834,37.5,3.68
T14,GL-1388,2026-03-10 16:00:00,7.426439,11.462684,30.5,5.32
T14,GL-1388,2026-03-10 16:01:00,7.425621,11.462308,27.2,3.99
T14,GL-1388,2026-03-10 16:02:00,7.425113,11.46239,39.0,4.89
T14,GL-1388,2026-03-10 16:03:00,7.4247,11.46189,44.5,3.11
T14,GL-1388,2026-03-10 16:04:00,7.423439,11.462397,43.7,3.86
T14,GL-1388,2026-03-10 16:05:00,7.423419,11.462404,52.9,3.93
T14,GL-1388,2026-03-10 16:06:00,7.422709,11.4622,44.4,3.62
T14,GL-1388,2026-03-10 16:07:00,7.422402,11.462328,27.7,5.53
T14,GL-1388,2026-03-10 16:08:00,7.421741,11.462203,,5.47
T14,GL-1388,2026-03-10 16:09:00,7.420604,11.461624,25.0,3.36
T14,GL-1388,2026-03-10 16:10:00,7.420439,11.461771,15.5,4.51
T14,GL-1388,2026-03-10 16:11:00,7.419921,11.461615,20.8,4.21
T14,GL-1388,2026-03-10 16:12:00,7.418938,11.462201,41.5,5.11
T14,GL-1388,2026-03-10 16:13:00,7.418525,11.461793,39.6,4.9
T14,GL-1388,2026-03-10 16:14:00,7.417566,11.461526,45.2,3.31
T14,GL-1388,2026-03-10 16:15:00,7.417472,11.461796,27.7,4.5
T14,GL-1388,2026-03-10 16:16:00,7.416748,11.461702,32.5,4.94
T14,GL-1388,2026-03-10 16:17:00,7.416131,11.461652,42.1,3.88
T14,GL-1388,2026-03-10 16:18:00,7.415399,11.461441,38.5,3.8
T14,GL-1388,2026-03-10 16:19:00,7.415164,11.461594,24.9,3.77
T14,GL-1388,2026-03-10 16:20:00,7.414046,11.461825,49.7,3.43
T14,GL-1388,2026-03-10 16:21:00,7.413637,11.461453,23.0,4.21
T14,GL-1388,2026-03-10 16:22:00,7.412776,11.461565,50.5,3.31
T14,GL-1388,2026-03-10 16:23:00,7.412408,11.461443,34.9,4.96
T14,GL-1388,2026-03-10 16:24:00,7.411737,11.461406,29.8,3.54
T14,GL-1388,2026-03-10 16:25:00,7.411075,11.461481,39.8,3.57
T14,GL-1388,2026-03-10 16:26:00,7.410752,11.46146,25.9,4.97
T14,GL-1388,2026-03-10 16:27:00,7.409932,11.461277,42.8,3.89
T14,GL-1388,2026-03-10 16:28:00,7.409542,11.460993,47.7,5.46
T14,GL-1388,2026-03-10 16:29:00,7.408953,11.461223,19.1,4.28
T14,GL-1388,2026-03-10 16:30:00,7.408176,11.461093,27.5,3.05
T14,GL-1388,2026-03-10 16:31:00,7.407319,11.460954,57.9,4.16
T14,GL-1388,2026-03-10 16:32:00,7.406915,11.460806,34.2,4.89
T14,GL-1388,2026-03-10 16:33:00,7.406238,11.46103,46.5,4.66
T14,GL-1388,2026-03-10 16:34:00,7.405459,11.461254,38.2,3.13
T14,GL-1388,2026-03-10 16:35:00,7.404732,11.460977,18.4,3.97
T14,GL-1388,2026-03-10 16:36:00,7.404365,11.461157,23.3,4.78
T14,GL-1388,2026-03-10 16:37:00,7.404011,11.460807,26.6,3.33
T14,GL-1388,2026-03-10 16:38:00,7.40317,11.460801,52.1,3.58
T14,GL-1388,2026-03-10 16:39:00,7.403506,11.460749,32.1,0.51
T14,GL-1388,2026-03-10 16:40:00,7.403788,11.461118,39.5,0.69
T14,GL-1388,2026-03-10 16:41:00,7.403256,11.460829,29.8,0.7
T14,GL-1388,2026-03-10 16:42:00,7.403249,11.460643,56.7,0.87
T14,GL-1388,2026-03-10 16:43:00,7.40339,11.460499,53.5,0.4
T14,GL-1388,2026-03-10 16:44:00,7.403415,11.461366,24.4,0.53
T14,GL-1388,2026-03-10 16:45:00,7.403961,11.460717,34.3,0.39
T14,GL-1388,2026-03-10 16:46:00,7.403695,11.460971,51.5,0.64
T14,GL-1388,2026-03-10 16:47:00,7.403498,11.460546,31.8,0.27
T14,GL-1388,2026-03-10 16:48:00,7.403179,11.46063,15.0,0.54
T14,GL-1388,2026-03-10 16:49:00,7.403172,11.460777,54.5,0.25
T14,GL-1388,2026-03-10 16:50:00,7.403459,11.460637,51.6,0.83
T14,GL-1388,2026-03-10 16:51:00,7.403335,11.460273,54.4,0.28
T14,GL-1388,2026-03-10 16:52:00,7.403189,11.461401,25.0,0.37
T14,GL-1388,2026-03-10 16:53:00,7.403118,11.460263,25.6,0.4
T14,GL-1388,2026-03-10 16:54:00,7.402806,11.460293,31.3,0.88
T14,GL-1388,2026-03-10 16:55:00,7.40337,11.460606,50.3,0.11
T14,GL-1388,2026-03-10 16:56:00,7.403171,11.461341,48.1,0.08
T14,GL-1388,2026-03-10 16:57:00,7.403229,11.460626,15.4,0.17
T14,GL-1388,2026-03-10 16:58:00,7.403294,11.461002,,0.43
T14,GL-1388,2026-03-10 16:59:00,7.402991,11.461055,37.9,0.89
T14,GL-1388,2026-03-10 17:00:00,7.403654,11.46086,23.7,0.16
T14,GL-1388,2026-03-10 17:01:00,7.403077,11.460419,26.5,0.25
T14,GL-1388,2026-03-10 17:02:00,7.40371,11.461252,31.7,0.39
T14,GL-1388,2026-03-10 17:03:00,7.402952,11.460779,50.8,0.44
T14,GL-1388,2026-03-10 17:04:00,7.403321,11.460706,33.5,0.82
T14,GL-1388,2026-03-10 17:05:00,7.403973,11.46139,34.0,5.59
T14,GL-1388,2026-03-10 17:06:00,7.404298,11.462069,23.6,3.77
T14,GL-1388,2026-03-10 17:07:00,7.405133,11.462439,38.7,3.86
T14,GL-1388,2026-03-10 17:08:00,7.405816,11.463143,54.3,4.29
T14,GL-1388,2026-03-10 17:09:00,7.406302,11.463419,44.5,4.93
T14,GL-1388,2026-03-10 17:10:00,7.406639,11.463928,18.3,4.1
T14,GL-1388,2026-03-10 17:11:00,7.407465,11.464123,20.0,4.49
T14,GL-1388,2026-03-10 17:12:00,7.407984,11.464792,53.4,5.49
T14,GL-1388,2026-03-10 17:13:00,7.408258,11.465434,44.3,3.37
T14,GL-1388,2026-03-10 17:14:00,7.40839,11.465478,32.4,2.84
T14,GL-1388,2026-03-10 17:15:00,7.409239,11.466147,20.4,2.87
T14,GL-1388,2026-03-10 17:16:00,7.40994,11.466524,48.2,4.11
T14,GL-1388,2026-03-10 17:17:00,7.410453,11.467386,23.5,5.47
T14,GL-1388,2026-03-10 17:18:00,7.410729,11.467734,36.7,4.5
T14,GL-1388,2026-03-10 17:19:00,7.411273,11.468388,46.3,4.25
T14,GL-1388,2026-03-10 17:20:00,7.412058,11.468424,45.0,3.0
T14,GL-1388,2026-03-10 17:21:00,7.412647,11.468776,30.2,5.35
T14,GL-1388,2026-03-10 17:22:00,7.413175,11.469704,47.5,3.31
T14,GL-1388,2026-03-10 17:23:00,7.413634,11.470319,50.3,3.61
T14,GL-1388,2026-03-10 17:24:00,7.414243,11.470424,26.7,3.67
T14,GL-1388,2026-03-10 17:25:00,7.414959,11.471119,24.8,5.38
T14,GL-1388,2026-03-10 17:26:00,7.415383,11.471616,51.6,5.3
T14,GL-1388,2026-03-10 17:27:00,7.416071,11.47229,30.8,3.89
T14,GL-1388,2026-03-10 17:28:00,7.416398,11.472347,27.0,3.12
T14,GL-1388,2026-03-10 17:29:00,7.417133,11.47305,31.0,3.65
T14,GL-1388,2026-03-10 17:30:00,7.417594,11.473394,41.1,4.36
T14,GL-1388,2026-03-10 17:31:00,7.417845,11.473728,15.4,3.94
T14,GL-1388,2026-03-10 17:32:00,7.418595,11.474108,38.7,5.04
T14,GL-1388,2026-03-10 17:33:00,7.419248,11.474819,43.0,3.16
T14,GL-1388,2026-03-10 17:34:00,7.419988,11.475208,49.8,3.79
T14,GL-1388,2026-03-10 17:35:00,7.4202,11.475604,50.9,3.15
T14,GL-1388,2026-03-10 17:36:00,7.421037,11.476052,56.8,3.23
T14,GL-1388,2026-03-10 17:37:00,7.421292,11.476938,38.4,4.42
T14,GL-1388,2026-03-10 17:38:00,7.421632,11.477116,39.4,2.88
T14,GL-1388,2026-03-10 17:39:00,7.422248,11.477923,41.8,4.87
T14,GL-1388,2026-03-10 17:40:00,7.422524,11.478059,18.0,3.4
T14,GL-1388,2026-03-10 17:41:00,7.423514,11.478922,55.3,4.26
T14,GL-1388,2026-03-10 17:42:00,7.42356,11.479239,44.5,4.51
T14,GL-1388,2026-03-10 17:43:00,7.424365,11.479764,43.4,3.54
T14,GL-1388,2026-03-10 17:44:00,7.425294,11.480101,22.5,4.23
T14,GL-1388,2026-03-10 17:45:00,7.42569,11.480547,38.5,5.0
T14,GL-1388,2026-03-10 17:46:00,7.426101,11.481213,32.3,4.12
T14,GL-1388,2026-03-10 17:47:00,7.426682,11.481139,26.6,5.12
T14,GL-1388,2026-03-10 17:48:00,7.427194,11.481917,30.1,4.53
T14,GL-1388,2026-03-10 17:49:00,7.427785,11.482596,20.0,5.07
T14,GL-1388,2026-03-10 17:50:00,7.428593,11.483366,40.5,3.43
T14,GL-1388,2026-03-10 17:51:00,7.428986,11.483738,22.2,3.03
T14,GL-1388,2026-03-10 17:52:00,7.429786,11.483926,24.6,4.05
T14,GL-1388,2026-03-10 17:53:00,7.430129,11.48464,40.2,3.77
T14,GL-1388,2026-03-10 17:54:00,7.430442,11.485212,21.2,3.3
T14,GL-1388,2026-03-10 17:55:00,7.430819,11.485549,50.1,3.38
T14,GL-1388,2026-03-10 17:56:00,7.431506,11.486011,14.7,3.9
T14,GL-1388,2026-03-10 17:57:00,7.43213,11.486661,54.2,4.55
T14,GL-1388,2026-03-10 17:58:00,7.433268,11.486762,55.1,5.24
T14,GL-1388,2026-03-10 17:59:00,7.433619,11.487074,22.8,5.24
T14,GL-1388,2026-03-10 18:00:00,7.433713,11.487883,42.9,2.99
T14,GL-1388,2026-03-10 18:01:00,7.434168,11.488367,50.6,3.04
T14,GL-1388,2026-03-10 18:02:00,7.434882,11.488942,21.9,4.34
T14,GL-1388,2026-03-10 18:03:00,7.435651,11.489087,27.7,4.82
T14,GL-1388,2026-03-10 18:04:00,7.436204,11.490125,42.6,3.52
T14,GL-1388,2026-03-10 18:05:00,7.436218,11.490236,45.9,4.31
T14,GL-1388,2026-03-10 18:06:00,7.437008,11.490779,29.3,3.47
T14,GL-1388,2026-03-10 18:07:00,7.437435,11.49132,31.3,5.01
T14,GL-1388,2026-03-10 18:08:00,7.438371,11.491623,15.4,4.87
T14,GL-1388,2026-03-10 18:09:00,7.438382,11.492321,40.4,4.72
T14,GL-1388,2026-03-10 18:10:00,7.439461,11.492878,36.9,3.21
T14,GL-1388,2026-03-10 18:11:00,7.439792,11.49316,17.6,3.08
T14,GL-1388,2026-03-10 18:12:00,7.440347,11.493633,19.0,3.19
T14,GL-1388,2026-03-10 18:13:00,7.441118,11.493989,50.5,5.55
T14,GL-1388,2026-03-10 18:14:00,7.441045,11.494561,27.0,2.95
T14,GL-1388,2026-03-10 18:15:00,6.971059,11.494836,57.9,294.79
T14,GL-1388,2026-03-10 18:16:00,7.442824,11.495303,20.8,4.01
T14,GL-1388,2026-03-10 18:17:00,7.442978,11.495764,35.1,4.61
T14,GL-1388,2026-03-10 18:18:00,7.4435,11.496357,33.7,5.2
T14,GL-1388,2026-03-10 18:19:00,7.444422,11.496834,45.5,4.86
T14,GL-1388,2026-03-10 18:20:00,7.444827,11.497583,27.4,5.19
T14,GL-1388,2026-03-10 18:21:00,7.445145,11.498315,49.4,2.83
T14,GL-1388,2026-03-10 18:22:00,7.445838,11.498612,30.9,5.06
T14,GL-1388,2026-03-10 18:23:00,7.446179,11.499069,31.9,4.07
T14,GL-1388,2026-03-10 18:24:00,7.447106,11.499419,34.9,4.42
T14,GL-1388,2026-03-10 18:25:00,7.447598,11.49979,28.5,3.39
T14,GL-1388,2026-03-10 18:26:00,7.448093,11.500249,34.8,4.04
T14,GL-1388,2026-03-10 18:27:00,7.448335,11.501167,,4.19
T14,GL-1388,2026-03-10 18:28:00,7.448906,11.501162,15.5,5.33
T14,GL-1388,2026-03-10 18:29:00,7.449859,11.501827,52.1,2.83
T14,GL-1388,2026-03-10 18:30:00,7.450486,11.502095,46.8,3.05
T14,GL-1388,2026-03-10 18:31:00,7.450879,11.50253,42.9,3.65
T14,GL-1388,2026-03-10 18:32:00,7.451532,11.502976,16.1,3.11
T14,GL-1388,2026-03-10 18:33:00,7.451878,11.50378,14.0,3.22
T14,GL-1388,2026-03-10 18:34:00,7.452497,11.504451,52.8,5.38
T14,GL-1388,2026-03-10 18:35:00,7.452935,11.504853,40.1,5.51
T14,GL-1388,2026-03-10 18:36:00,7.453321,11.505266,16.2,3.52
T14,GL-1388,2026-03-10 18:37:00,7.45415,11.505583,40.8,3.45
T14,GL-1388,2026-03-10 18:38:00,7.454712,11.506199,24.8,5.51
T14,GL-1388,2026-03-10 18:39:00,7.455045,11.506793,34.6,5.17
T14,GL-1388,2026-03-10 18:40:00,7.455782,11.507163,,5.01
T14,GL-1388,2026-03-10 18:41:00,7.456735,11.507306,26.4,4.47
T14,GL-1388,2026-03-10 18:42:00,7.456753,11.508438,46.8,4.3
T14,GL-1388,2026-03-10 18:43:00,7.457642,11.508859,37.4,4.71
T14,GL-1388,2026-03-10 18:44:00,7.457905,11.508862,55.0,5.02
T14,GL-1388,2026-03-10 18:45:00,7.458698,11.509413,23.5,4.15
T14,GL-1388,2026-03-10 18:46:00,7.459151,11.510107,45.3,3.45
T14,GL-1388,2026-03-10 18:47:00,7.459447,11.510359,42.1,3.04
T14,GL-1388,2026-03-10 18:48:00,7.459832,11.510569,47.5,3.88
T14,GL-1388,2026-03-10 18:49:00,7.460522,11.511407,39.4,4.89
T14,GL-1388,2026-03-10 18:50:00,7.4613,11.511825,44.7,3.56
T14,GL-1388,2026-03-10 18:51:00,7.461641,11.512505,25.6,5.15
T14,GL-1388,2026-03-10 18:52:00,7.462111,11.512838,50.3,5.06
T14,GL-1388,2026-03-10 18:53:00,7.462664,11.513178,57.0,4.79
T14,GL-1388,2026-03-10 18:54:00,7.46315,11.513706,28.5,3.22
T14,GL-1388,2026-03-10 18:55:00,7.464071,11.514559,50.8,4.7
T14,GL-1388,2026-03-10 18:56:00,7.464631,11.514778,47.6,5.09
T14,GL-1388,2026-03-10 18:57:00,7.465308,11.51514,25.9,3.27
T14,GL-1388,2026-03-10 18:58:00,7.465488,11.515998,40.5,3.76
T14,GL-1388,2026-03-10 18:59:00,7.466518,11.515949,56.7,4.89
T14,GL-1388,2026-03-10 19:00:00,7.466604,11.516627,19.0,3.64
T14,GL-1388,2026-03-10 19:01:00,7.46714,11.517283,19.8,3.58
T14,GL-1388,2026-03-10 19:02:00,7.467803,11.517416,40.9,4.4
T14,GL-1388,2026-03-10 19:03:00,7.468053,11.517868,57.1,4.37
T14,GL-1388,2026-03-10 19:04:00,7.468958,11.518919,22.5,3.36
T14,GL-1388,2026-03-10 19:05:00,7.469578,11.518848,25.0,4.32
T14,GL-1388,2026-03-10 19:06:00,7.470149,11.519732,32.9,5.23
T14,GL-1388,2026-03-10 19:07:00,7.470355,11.519849,53.4,4.93
T14,GL-1388,2026-03-10 19:08:00,7.470798,11.520661,54.9,4.03
T14,GL-1388,2026-03-10 19:09:00,7.471278,11.521257,17.7,3.83
T14,GL-1388,2026-03-10 19:10:00,7.472328,11.521579,35.7,4.77
T14,GL-1388,2026-03-10 19:11:00,7.472579,11.521888,27.0,3.34
T14,GL-1388,2026-03-10 19:12:00,7.473415,11.5223,52.8,4.27
T14,GL-1388,2026-03-10 19:13:00,7.474035,11.523032,41.8,5.0
T14,GL-1388,2026-03-10 19:14:00,7.474427,11.523628,48.2,3.1
T14,GL-1388,2026-03-10 19:15:00,7.474701,11.523935,25.8,3.81
T14,GL-1388,2026-03-10 19:16:00,7.475292,11.524395,19.5,3.19
T14,GL-1388,2026-03-10 19:17:00,7.476007,11.524839,54.9,3.1
T14,GL-1388,2026-03-10 19:18:00,7.476707,11.525336,36.0,3.52
T14,GL-1388,2026-03-10 19:19:00,7.476737,11.526045,15.8,4.53
T14,GL-1388,2026-03-10 19:20:00,7.477622,11.526215,47.7,4.36
T14,GL-1388,2026-03-10 19:21:00,7.477806,11.527037,16.9,5.43
T14,GL-1388,2026-03-10 19:22:00,7.47892,11.527299,48.4,4.45
T14,GL-1388,2026-03-10 19:23:00,7.478945,11.527741,17.1,4.54
T14,GL-1388,2026-03-10 19:24:00,7.480058,11.528232,48.7,3.56
T14,GL-1388,2026-03-10 19:25:00,7.480093,11.528753,47.7,4.71
T14,GL-1388,2026-03-10 19:26:00,7.480803,11.529338,23.3,3.72
T14,GL-1388,2026-03-10 19:27:00,7.481367,11.52989,25.6,4.77
T14,GL-1388,2026-03-10 19:28:00,7.482297,11.530186,23.9,3.78
T14,GL-1388,2026-03-10 19:29:00,7.482396,11.530892,56.6,3.92
T14,GL-1388,2026-03-10 19:30:00,7.483259,11.531244,44.2,4.44
T14,GL-1388,2026-03-10 19:31:00,7.483557,11.531455,38.0,3.55
T14,GL-1388,2026-03-10 19:32:00,7.484186,11.531931,45.3,3.56
T14,GL-1388,2026-03-10 19:33:00,7.485254,11.532606,46.5,5.14
T14,GL-1388,2026-03-10 19:34:00,7.485022,11.533269,36.1,4.99
T14,GL-1388,2026-03-10 19:35:00,7.485543,11.533644,17.8,3.46
T14,GL-1388,2026-03-10 19:36:00,7.486289,11.534174,25.3,3.48
T14,GL-1388,2026-03-10 19:37:00,7.486676,11.534625,54.2,5.31
T14,GL-1388,2026-03-10 19:38:00,7.486815,11.53521,34.6,4.84
T14,GL-1388,2026-03-10 19:39:00,7.487845,11.535452,20.7,3.9
T14,GL-1388,2026-03-10 19:40:00,7.488802,11.535612,44.1,2.92
T14,GL-1388,2026-03-10 19:41:00,7.489235,11.536176,34.8,5.17
T14,GL-1388,2026-03-10 19:42:00,7.489831,11.536762,25.4,4.03
T14,GL-1388,2026-03-10 19:43:00,7.490348,11.537173,23.0,4.3
T14,GL-1388,2026-03-10 19:44:00,7.490996,11.537937,56.7,4.73
T14,GL-1388,2026-03-10 19:45:00,7.490979,11.538333,45.4,5.25
T14,GL-1388,2026-03-10 19:46:00,7.491028,11.538629,18.3,4.38
T14,GL-1388,2026-03-10 19:47:00,7.492229,11.539269,45.4,4.5
T14,GL-1388,2026-03-10 19:48:00,7.49293,11.539987,41.6,5.42
T14,GL-1388,2026-03-10 19:49:00,7.493457,11.539927,56.6,5.27
T14,GL-1388,2026-03-10 19:50:00,7.493799,11.540685,32.0,4.12
T14,GL-1388,2026-03-10 19:51:00,7.494564,11.541158,52.3,4.57
T14,GL-1388,2026-03-10 19:52:00,7.495239,11.541898,23.4,4.5
T14,GL-1388,2026-03-10 19:53:00,7.495568,11.542321,43.3,4.14
T14,GL-1388,2026-03-10 19:54:00,7.496023,11.542613,37.0,4.77
T14,GL-1388,2026-03-10 19:55:00,7.496924,11.543277,50.0,3.51
T14,GL-1388,2026-03-10 19:56:00,7.497074,11.543456,41.8,4.98
T14,GL-1388,2026-03-10 19:57:00,7.497851,11.544113,19.0,2.88
T14,GL-1388,2026-03-10 19:58:00,7.498457,11.544806,41.5,3.36
T14,GL-1388,2026-03-10 19:59:00,7.498862,11.544865,39.7,3.13
T14,GL-1388,2026-03-10 20:00:00,7.499456,11.54574,49.3,3.85
T14,GL-1388,2026-03-10 20:01:00,7.500238,11.545861,46.4,4.98
T14,GL-1388,2026-03-10 20:02:00,7.500762,11.546537,24.7,4.06
T14,GL-1388,2026-03-10 20:03:00,7.501426,11.546951,41.0,3.85
T14,GL-1388,2026-03-10 20:04:00,7.501397,11.547397,29.1,3.07
T14,GL-1388,2026-03-10 20:05:00,7.502296,11.547997,40.6,5.47
T14,GL-1388,2026-03-10 20:06:00,7.502586,11.548423,26.8,3.02
T14,GL-1388,2026-03-10 20:07:00,7.503389,11.548452,53.2,5.14
T14,GL-1388,2026-03-10 20:08:00,7.503896,11.549553,48.9,4.24
T14,GL-1388,2026-03-10 20:09:00,7.504063,11.549871,19.7,3.57
T14,GL-1388,2026-03-10 20:10:00,7.50462,11.5502,37.2,4.18
T14,GL-1388,2026-03-10 20:11:00,7.505357,11.551006,28.5,3.44
T14,GL-1388,2026-03-10 20:12:00,7.50579,11.551337,24.6,5.01
T14,GL-1388,2026-03-10 20:13:00,7.506309,11.551869,18.0,5.27
T14,GL-1388,2026-03-10 20:14:00,7.50717,11.552328,16.9,3.99
T14,GL-1388,2026-03-10 20:15:00,7.507585,11.552509,37.3,5.53
T14,GL-1388,2026-03-10 20:16:00,7.508116,11.553332,43.6,4.68
T14,GL-1388,2026-03-10 20:17:00,7.508782,11.55347,19.6,3.56
T14,GL-1388,2026-03-10 20:18:00,7.509169,11.553899,39.7,4.68
T14,GL-1388,2026-03-10 20:19:00,7.509764,11.554492,57.9,5.31
T14,GL-1388,2026-03-10 20:20:00,7.510687,11.555467,25.8,3.36
T14,GL-1388,2026-03-10 20:21:00,7.510732,11.555758,47.5,4.14
T14,GL-1388,2026-03-10 20:22:00,7.511768,11.556409,46.9,3.0
T14,GL-1388,2026-03-10 20:23:00,7.511099,11.556077,43.8,0.27
T14,GL-1388,2026-03-10 20:24:00,7.511509,11.556562,43.4,0.63
T14,GL-1388,2026-03-10 20:25:00,7.511742,11.556184,48.7,0.22
T14,GL-1388,2026-03-10 20:26:00,7.51153,11.556633,54.0,0.48
T14,GL-1388,2026-03-10 20:27:00,7.511318,11.555658,58.0,0.16
T14,GL-1388,2026-03-10 20:28:00,7.511878,11.555584,16.5,0.01
T14,GL-1388,2026-03-10 20:29:00,7.511303,11.555426,39.5,0.56
T14,GL-1388,2026-03-10 20:30:00,7.511572,11.555906,53.4,0.72
T14,GL-1388,2026-03-10 20:31:00,7.510866,11.556031,46.6,0.3
T14,GL-1388,2026-03-10 20:32:00,7.511137,11.55625,48.6,0.07
T14,GL-1388,2026-03-10 20:33:00,7.511789,11.556344,19.8,0.39
T14,GL-1388,2026-03-10 20:34:00,7.511844,11.556084,32.9,0.42
T14,GL-1388,2026-03-10 20:35:00,7.511366,11.556104,55.3,0.3
T14,GL-1388,2026-03-10 20:36:00,7.511497,11.556197,18.8,0.03
T14,GL-1388,2026-03-10 20:37:00,7.511712,11.555821,54.9,0.59
T14,GL-1388,2026-03-10 20:38:00,7.511127,11.55619,52.3,0.2
T14,GL-1388,2026-03-10 20:39:00,7.511445,11.55616,31.9,0.53
T14,GL-1388,2026-03-10 20:40:00,7.511118,11.555472,47.8,0.41
T14,GL-1388,2026-03-10 20:41:00,7.511227,11.556032,53.7,0.57
