team_id,logger_id,timestamp,longitude,latitude,accuracy_m,speed_kmh
T15,GL-3464,2026-03-12 07:34:00,7.523706,11.188749,42.2,4.05
T15,GL-3464,2026-03-12 07:35:00,7.523617,11.189527,20.5,2.84
T15,GL-3464,2026-03-12 07:36:00,7.522017,11.189801,55.2,3.88
T15,GL-3464,2026-03-12 07:37:00,7.521949,11.190349,34.6,3.15
T15,GL-3464,2026-03-12 07:38:00,7.521358,11.190828,34.4,3.85
T15,GL-3464,2026-03-12 07:39:00,7.520815,11.1915,14.2,3.89
T15,GL-3464,2026-03-12 07:40:00,7.520155,11.191802,38.6,4.1
T15,GL-3464,2026-03-12 07:41:00,7.519104,11.192158,23.8,4.37
T15,GL-3464,2026-03-12 07:42:00,7.519356,11.192262,45.6,4.48
T15,GL-3464,2026-03-12 07:43:00,7.517969,11.192547,29.9,5.46
T15,GL-3464,2026-03-12 07:44:00,7.517643,11.193316,44.6,4.38
T15,GL-3464,2026-03-12 07:45:00,7.516991,11.19393,55.3,5.21
T15,GL-3464,2026-03-12 07:46:00,7.516169,11.19425,21.7,5.42
T15,GL-3464,2026-03-12 07:47:00,7.516143,11.194238,22.4,0.88
T15,GL-3464,2026-03-12 07:48:00,7.517127,11.194095,37.7,0.83
T15,GL-3464,2026-03-12 07:49:00,7.516194,11.194166,14.2,0.79
T15,GL-3464,2026-03-12 07:50:00,7.516553,11.194463,,0.49
T15,GL-3464,2026-03-12 07:51:00,7.516514,11.193696,38.1,0.68
T15,GL-3464,2026-03-12 07:52:00,7.515948,11.193913,30.4,0.07
T15,GL-3464,2026-03-12 07:53:00,7.516148,11.193807,56.5,0.42
T15,GL-3464,2026-03-12 07:54:00,7.516114,11.194484,25.3,0.52
T15,GL-3464,2026-03-12 07:55:00,7.516639,11.19454,26.0,0.19
T15,GL-3464,2026-03-12 07:56:00,7.516367,11.194295,46.2,0.68
T15,GL-3464,2026-03-12 07:57:00,7.516186,11.194093,54.5,0.45
T15,GL-3464,2026-03-12 07:58:00,7.516584,11.193876,44.8,0.71
T15,GL-3464,2026-03-12 07:59:00,7.516824,11.194277,28.3,0.38
T15,GL-3464,2026-03-12 08:00:00,7.516712,11.194115,53.0,0.24
T15,GL-3464,2026-03-12 08:01:00,7.516424,11.194028,39.5,0.62
T15,GL-3464,2026-03-12 08:02:00,7.516343,11.194359,23.1,0.33
T15,GL-3464,2026-03-12 08:03:00,7.516126,11.194158,46.3,0.55
T15,GL-3464,2026-03-12 08:04:00,7.516086,11.193567,33.6,0.58
T15,GL-3464,2026-03-12 08:05:00,7.515783,11.19423,46.3,3.54
T15,GL-3464,2026-03-12 08:06:00,7.515758,11.194901,45.5,4.12
T15,GL-3464,2026-03-12 08:07:00,7.515449,11.195598,38.6,3.19
T15,GL-3464,2026-03-12 08:08:00,7.515313,11.195642,37.5,4.15
T15,GL-3464,2026-03-12 08:09:00,7.514803,11.195931,53.1,4.48
T15,GL-3464,2026-03-12 08:10:00,7.514706,11.196444,52.8,4.84
T15,GL-3464,2026-03-12 08:11:00,7.514575,11.197163,35.1,2.9
T15,GL-3464,2026-03-12 08:12:00,7.51419,11.197569,38.5,4.48
T15,GL-3464,2026-03-12 08:13:00,7.513202,11.197841,39.2,3.39
T15,GL-3464,2026-03-12 08:14:00,7.513137,11.198438,54.9,4.28
T15,GL-3464,2026-03-12 08:15:00,7.513196,11.198605,46.8,3.13
T15,GL-3464,2026-03-12 08:16:00,7.512731,11.199135,57.6,3.68
T15,GL-3464,2026-03-12 08:17:00,7.51234,11.199506,47.3,4.46
T15,GL-3464,2026-03-12 08:18:00,7.512364,11.200051,55.0,3.49
T15,GL-3464,2026-03-12 08:19:00,7.511983,11.200456,39.0,4.27
T15,GL-3464,2026-03-12 08:20:00,7.511783,11.200447,38.6,2.85
T15,GL-3464,2026-03-12 08:21:00,7.51127,11.200897,21.2,3.26
T15,GL-3464,2026-03-12 08:22:00,7.511291,11.201771,52.0,4.93
T15,GL-3464,2026-03-12 08:23:00,7.510859,11.201744,24.7,3.63
T15,GL-3464,2026-03-12 08:24:00,7.510604,11.202431,17.6,4.2
T15,GL-3464,2026-03-12 08:25:00,7.510004,11.20292,34.6,3.23
T15,GL-3464,2026-03-12 08:26:00,7.510278,11.202951,,3.57
T15,GL-3464,2026-03-12 08:27:00,7.509551,11.203184,55.3,3.92
T15,GL-3464,2026-03-12 08:28:00,7.509372,11.203746,25.4,3.33
T15,GL-3464,2026-03-12 08:29:00,7.509347,11.204671,33.0,4.72
T15,GL-3464,2026-03-12 08:30:00,7.508767,11.204902,19.7,2.98
T15,GL-3464,2026-03-12 08:31:00,7.508556,11.205152,29.1,3.31
T15,GL-3464,2026-03-12 08:32:00,7.507967,11.205724,55.0,5.25
T15,GL-3464,2026-03-12 08:33:00,7.508098,11.206428,51.1,4.43
T15,GL-3464,2026-03-12 08:34:00,7.507631,11.206574,51.5,4.75
T15,GL-3464,2026-03-12 08:35:00,7.507601,11.206922,17.9,2.9
T15,GL-3464,2026-03-12 08:36:00,7.507056,11.207573,54.9,2.92
T15,GL-3464,2026-03-12 08:37:00,7.506602,11.207411,17.5,3.19
T15,GL-3464,2026-03-12 08:38:00,7.506493,11.20834,,2.9
T15,GL-3464,2026-03-12 08:39:00,7.506584,11.208889,,5.28
T15,GL-3464,2026-03-12 08:40:00,7.505921,11.209004,57.5,5.23
T15,GL-3464,2026-03-12 08:41:00,7.505777,11.209521,55.0,4.84
T15,GL-3464,2026-03-12 08:42:00,7.505307,11.210008,26.5,4.1
T15,GL-3464,2026-03-12 08:43:00,7.5052,11.210241,35.4,4.21
T15,GL-3464,2026-03-12 08:44:00,7.504702,11.210765,44.4,2.8
T15,GL-3464,2026-03-12 08:45:00,7.504139,11.210969,37.4,3.13
T15,GL-3464,2026-03-12 08:46:00,7.504537,11.211292,51.6,3.43
T15,GL-3464,2026-03-12 08:47:00,7.50411,11.212181,18.1,3.94
T15,GL-3464,2026-03-12 08:48:00,7.503457,11.212363,51.6,4.94
T15,GL-3464,2026-03-12 08:49:00,7.503183,11.213099,33.1,4.11
T15,GL-3464,2026-03-12 08:50:00,7.503094,11.213517,35.3,3.42
T15,GL-3464,2026-03-12 08:51:00,7.502734,11.213649,32.8,3.36
T15,GL-3464,2026-03-12 08:52:00,7.502647,11.214161,28.4,3.75
T15,GL-3464,2026-03-12 08:53:00,7.501873,11.214479,51.0,4.65
T15,GL-3464,2026-03-12 08:54:00,7.501825,11.214771,18.1,3.35
T15,GL-3464,2026-03-12 08:55:00,7.501455,11.215079,39.4,3.19
T15,GL-3464,2026-03-12 08:56:00,7.501461,11.215729,38.5,4.69
T15,GL-3464,2026-03-12 08:57:00,7.501173,11.216236,37.0,5.03
T15,GL-3464,2026-03-12 08:58:00,7.50081,11.216459,38.1,4.79
T15,GL-3464,2026-03-12 08:59:00,7.500386,11.217171,21.8,3.9
T15,GL-3464,2026-03-12 09:00:00,7.500401,11.217317,38.1,3.64
T15,GL-3464,2026-03-12 09:01:00,7.499394,11.217805,32.1,4.64
T15,GL-3464,2026-03-12 09:02:00,7.499582,11.218321,54.8,2.99
T15,GL-3464,2026-03-12 09:03:00,7.499447,11.218696,44.3,3.57
T15,GL-3464,2026-03-12 09:04:00,7.498473,11.219354,44.5,4.31
T15,GL-3464,2026-03-12 09:05:00,7.498683,11.219265,38.5,2.95
T15,GL-3464,2026-03-12 09:06:00,7.498632,11.219864,41.0,2.8
T15,GL-3464,2026-03-12 09:07:00,7.497979,11.220585,36.8,3.07
T15,GL-3464,2026-03-12 09:08:00,7.498232,11.220821,27.4,5.03
T15,GL-3464,2026-03-12 09:09:00,7.497462,11.221307,49.4,3.76
T15,GL-3464,2026-03-12 09:10:00,7.49696,11.221466,21.8,4.96
T15,GL-3464,2026-03-12 09:11:00,7.496762,11.222144,20.8,4.21
T15,GL-3464,2026-03-12 09:12:00,7.49701,11.222429,38.9,5.48
T15,GL-3464,2026-03-12 09:13:00,7.496635,11.222563,44.6,3.31
T15,GL-3464,2026-03-12 09:14:00,7.495649,11.223045,45.1,4.96
T15,GL-3464,2026-03-12 09:15:00,7.495639,11.223512,34.6,4.6
T15,GL-3464,2026-03-12 09:16:00,7.49556,11.223931,33.5,4.5
T15,GL-3464,2026-03-12 09:17:00,7.49526,11.224504,,3.59
T15,GL-3464,2026-03-12 09:18:00,7.494876,11.2247,30.0,3.71
T15,GL-3464,2026-03-12 09:19:00,7.494827,11.225611,54.6,4.66
T15,GL-3464,2026-03-12 09:20:00,7.494324,11.22572,52.2,3.41
T15,GL-3464,2026-03-12 09:21:00,7.494138,11.226593,47.5,4.05
T15,GL-3464,2026-03-12 09:22:00,7.493235,11.226616,44.3,3.65
T15,GL-3464,2026-03-12 09:23:00,7.493394,11.22676,46.4,4.51
T15,GL-3464,2026-03-12 09:24:00,7.493024,11.227327,16.5,4.62
T15,GL-3464,2026-03-12 09:25:00,7.492871,11.227611,34.3,4.65
T15,GL-3464,2026-03-12 09:26:00,7.492472,11.228405,44.8,4.49
T15,GL-3464,2026-03-12 09:27:00,7.492493,11.228826,18.7,5.43
T15,GL-3464,2026-03-12 09:28:00,7.492204,11.228982,57.4,4.75
T15,GL-3464,2026-03-12 09:29:00,7.491871,11.228994,34.8,5.08
T15,GL-3464,2026-03-12 09:30:00,8.027931,11.229817,30.3,295.08
T15,GL-3464,2026-03-12 09:31:00,7.491237,11.230651,17.4,2.87
T15,GL-3464,2026-03-12 09:32:00,7.490522,11.230826,34.1,3.53
T15,GL-3464,2026-03-12 09:33:00,7.490522,11.231031,30.5,4.6
T15,GL-3464,2026-03-12 09:34:00,7.490494,11.231665,14.5,4.24
T15,GL-3464,2026-03-12 09:35:00,7.489859,11.232278,50.0,3.61
T15,GL-3464,2026-03-12 09:36:00,7.489963,11.231735,35.9,0.54
T15,GL-3464,2026-03-12 09:37:00,7.489921,11.2317,14.4,0.23
T15,GL-3464,2026-03-12 09:38:00,7.489869,11.2322,46.2,0.78
T15,GL-3464,2026-03-12 09:39:00,7.489609,11.231994,23.6,0.18
T15,GL-3464,2026-03-12 09:40:00,7.489751,11.23218,31.3,0.86
T15,GL-3464,2026-03-12 09:41:00,7.490201,11.231849,39.1,0.76
T15,GL-3464,2026-03-12 09:42:00,7.48977,11.231802,37.2,0.47
T15,GL-3464,2026-03-12 09:43:00,7.489804,11.231873,15.4,0.04
T15,GL-3464,2026-03-12 09:44:00,7.490075,11.231957,35.9,0.74
T15,GL-3464,2026-03-12 09:45:00,7.489856,11.231749,19.7,0.44
T15,GL-3464,2026-03-12 09:46:00,7.490019,11.23235,27.9,0.35
T15,GL-3464,2026-03-12 09:47:00,7.489877,11.231675,49.1,0.06
T15,GL-3464,2026-03-12 09:48:00,7.489845,11.231804,44.6,0.42
T15,GL-3464,2026-03-12 09:49:00,7.489897,11.231913,24.7,0.82
T15,GL-3464,2026-03-12 09:50:00,7.490155,11.232028,25.5,0.82
T15,GL-3464,2026-03-12 09:51:00,7.489924,11.231827,50.2,0.44
T15,GL-3464,2026-03-12 09:52:00,7.490659,11.231595,57.1,0.71
T15,GL-3464,2026-03-12 09:53:00,7.490284,11.232393,51.9,0.85
T15,GL-3464,2026-03-12 09:54:00,7.489943,11.231995,46.7,0.87
T15,GL-3464,2026-03-12 09:55:00,7.489712,11.231856,24.2,0.52
T15,GL-3464,2026-03-12 09:56:00,7.490132,11.231949,54.6,0.33
T15,GL-3464,2026-03-12 09:57:00,7.489565,11.231775,14.6,0.52
T15,GL-3464,2026-03-12 09:58:00,7.490018,11.232152,55.8,0.64
T15,GL-3464,2026-03-12 09:59:00,7.490058,11.2318,31.6,0.38
T15,GL-3464,2026-03-12 10:00:00,7.49057,11.232284,57.9,3.01
T15,GL-3464,2026-03-12 10:01:00,7.491026,11.232221,26.5,3.07
T15,GL-3464,2026-03-12 10:02:00,7.491837,11.232671,20.0,3.65
T15,GL-3464,2026-03-12 10:03:00,7.492733,11.23264,47.8,4.51
T15,GL-3464,2026-03-12 10:04:00,7.493032,11.232732,38.0,4.37
T15,GL-3464,2026-03-12 10:05:00,7.494017,11.233006,41.3,3.21
T15,GL-3464,2026-03-12 10:06:00,7.494976,11.233668,20.0,5.38
T15,GL-3464,2026-03-12 10:07:00,7.495252,11.233399,53.4,4.78
T15,GL-3464,2026-03-12 10:08:00,7.496411,11.233478,44.4,4.75
T15,GL-3464,2026-03-12 10:09:00,7.496693,11.233412,40.6,3.73
T15,GL-3464,2026-03-12 10:10:00,7.497072,11.234023,46.1,5.33
T15,GL-3464,2026-03-12 10:11:00,7.498356,11.234429,15.9,5.33
T15,GL-3464,2026-03-12 10:12:00,7.498267,11.234677,52.6,5.51
T15,GL-3464,2026-03-12 10:13:00,7.499693,11.234765,40.8,4.64
T15,GL-3464,2026-03-12 10:14:00,7.499782,11.234576,27.3,2.97
T15,GL-3464,2026-03-12 10:15:00,7.500746,11.234636,20.7,3.88
T15,GL-3464,2026-03-12 10:16:00,7.501045,11.235044,57.7,5.14
T15,GL-3464,2026-03-12 10:17:00,7.501556,11.235592,21.2,3.87
T15,GL-3464,2026-03-12 10:18:00,7.502742,11.235584,17.7,3.28
T15,GL-3464,2026-03-12 10:19:00,7.503564,11.235412,46.7,4.2
T15,GL-3464,2026-03-12 10:20:00,7.50367,11.235695,34.8,2.98
T15,GL-3464,2026-03-12 10:21:00,7.504857,11.236384,48.8,4.39
T15,GL-3464,2026-03-12 10:22:00,7.505478,11.23626,16.2,4.48
T15,GL-3464,2026-03-12 10:23:00,7.506075,11.236422,33.5,4.35
T15,GL-3464,2026-03-12 10:24:00,7.506399,11.236423,29.9,4.24
T15,GL-3464,2026-03-12 10:25:00,7.507306,11.23662,14.3,2.94
T15,GL-3464,2026-03-12 10:26:00,7.508015,11.23723,32.2,4.93
T15,GL-3464,2026-03-12 10:27:00,7.508368,11.23712,,3.39
T15,GL-3464,2026-03-12 10:28:00,7.509499,11.237134,56.1,4.4
T15,GL-3464,2026-03-12 10:29:00,7.510212,11.237765,41.6,4.46
T15,GL-3464,2026-03-12 10:30:00,7.510629,11.237447,54.1,3.95
T15,GL-3464,2026-03-12 10:31:00,7.511549,11.238074,56.3,5.31
T15,GL-3464,2026-03-12 10:32:00,7.511577,11.23796,49.9,3.8
T15,GL-3464,2026-03-12 10:33:00,7.512508,11.238245,44.9,3.06
T15,GL-3464,2026-03-12 10:34:00,7.51302,11.238377,51.9,4.9
T15,GL-3464,2026-03-12 10:35:00,7.513991,11.238794,17.3,5.1
T15,GL-3464,2026-03-12 10:36:00,7.514605,11.23899,31.0,4.99
T15,GL-3464,2026-03-12 10:37:00,7.515388,11.239267,22.2,4.01
T15,GL-3464,2026-03-12 10:38:00,7.516178,11.238849,24.2,4.99
T15,GL-3464,2026-03-12 10:39:00,7.51653,11.239622,56.2,5.17
T15,GL-3464,2026-03-12 10:40:00,7.516986,11.239281,44.4,2.8
T15,GL-3464,2026-03-12 10:41:00,7.517741,11.239585,37.3,3.07
T15,GL-3464,2026-03-12 10:42:00,7.518366,11.239868,46.3,3.61
T15,GL-3464,2026-03-12 10:43:00,7.518765,11.240138,53.3,3.96
T15,GL-3464,2026-03-12 10:44:00,7.51989,11.240052,17.8,3.28
T15,GL-3464,2026-03-12 10:45:00,7.463813,11.240317,39.9,240.53
T15,GL-3464,2026-03-12 10:46:00,7.521075,11.240962,31.3,4.15
T15,GL-3464,2026-03-12 10:47:00,7.521823,11.241028,24.3,3.98
T15,GL-3464,2026-03-12 10:48:00,7.522218,11.240995,45.8,5.05
T15,GL-3464,2026-03-12 10:49:00,7.52322,11.241218,37.4,5.18
T15,GL-3464,2026-03-12 10:50:00,7.523772,11.241635,18.1,5.26
T15,GL-3464,2026-03-12 10:51:00,7.52446,11.241606,28.1,3.23
T15,GL-3464,2026-03-12 10:52:00,7.525104,11.24195,57.4,3.46
T15,GL-3464,2026-03-12 10:53:00,7.525703,11.242175,33.5,4.16
T15,GL-3464,2026-03-12 10:54:00,7.526719,11.242165,22.2,4.28
T15,GL-3464,2026-03-12 10:55:00,7.526993,11.242469,24.3,3.67
T15,GL-3464,2026-03-12 10:56:00,7.527857,11.242929,29.4,5.55
T15,GL-3464,2026-03-12 10:57:00,7.528791,11.242684,39.3,3.09
T15,GL-3464,2026-03-12 10:58:00,7.528788,11.242831,48.6,4.78
T15,GL-3464,2026-03-12 10:59:00,7.529792,11.243115,22.3,5.06
T15,GL-3464,2026-03-12 11:00:00,7.530473,11.243637,14.4,5.47
T15,GL-3464,2026-03-12 11:01:00,7.531443,11.243784,33.3,4.74
T15,GL-3464,2026-03-12 11:02:00,7.531412,11.243658,26.5,4.1
T15,GL-3464,2026-03-12 11:03:00,7.532469,11.243676,37.4,4.65
T15,GL-3464,2026-03-12 11:04:00,7.533097,11.243674,24.6,2.83
T15,GL-3464,2026-03-12 11:05:00,7.533769,11.244114,46.2,4.42
T15,GL-3464,2026-03-12 11:06:00,7.534094,11.243992,15.9,4.62
T15,GL-3464,2026-03-12 11:07:00,7.53519,11.244479,23.2,4.15
T15,GL-3464,2026-03-12 11:08:00,7.535918,11.244609,31.0,3.88
T15,GL-3464,2026-03-12 11:09:00,7.536565,11.245095,30.4,3.2
T15,GL-3464,2026-03-12 11:10:00,7.537368,11.245101,28.3,5.5
T15,GL-3464,2026-03-12 11:11:00,7.738509,11.24552,38.2,225.46
T15,GL-3464,2026-03-12 11:12:00,7.538885,11.245703,48.3,3.32
T15,GL-3464,2026-03-12 11:13:00,7.539415,11.245655,50.6,3.03
T15,GL-3464,2026-03-12 11:14:00,7.539591,11.245553,50.1,5.05
T15,GL-3464,2026-03-12 11:15:00,7.540136,11.246471,33.6,5.41
T15,GL-3464,2026-03-12 11:16:00,7.541255,11.246089,36.3,3.26
T15,GL-3464,2026-03-12 11:17:00,7.541439,11.246683,37.1,5.38
T15,GL-3464,2026-03-12 11:18:00,7.542597,11.246652,31.5,5.15
T15,GL-3464,2026-03-12 11:19:00,7.542843,11.246593,19.4,4.98
T15,GL-3464,2026-03-12 11:20:00,7.543183,11.24688,43.1,5.56
T15,GL-3464,2026-03-12 11:21:00,7.544498,11.247362,47.6,3.5
T15,GL-3464,2026-03-12 11:22:00,7.545281,11.247349,47.8,4.97
T15,GL-3464,2026-03-12 11:23:00,7.546237,11.247972,16.3,3.93
T15,GL-3464,2026-03-12 11:24:00,7.546458,11.247445,34.3,3.04
T15,GL-3464,2026-03-12 11:25:00,7.546881,11.247367,23.3,5.31
T15,GL-3464,2026-03-12 11:26:00,7.547728,11.248044,30.3,5.56
T15,GL-3464,2026-03-12 11:27:00,7.548344,11.248463,16.8,5.44
T15,GL-3464,2026-03-12 11:28:00,7.548835,11.248193,56.2,3.35
T15,GL-3464,2026-03-12 11:29:00,7.549765,11.248863,44.2,2.88
T15,GL-3464,2026-03-12 11:30:00,7.550394,11.249343,51.7,4.83
T15,GL-3464,2026-03-12 11:31:00,7.550831,11.248743,15.7,3.24
T15,GL-3464,2026-03-12 11:32:00,7.551747,11.249466,49.9,3.29
T15,GL-3464,2026-03-12 11:33:00,7.552916,11.249551,48.0,5.12
T15,GL-3464,2026-03-12 11:34:00,7.552698,11.249604,37.7,4.05
T15,GL-3464,2026-03-12 11:35:00,7.553688,11.249581,53.2,3.55
T15,GL-3464,2026-03-12 11:36:00,7.554501,11.249876,44.3,4.56
T15,GL-3464,2026-03-12 11:37:00,7.555173,11.250223,53.6,3.68
T15,GL-3464,2026-03-12 11:38:00,7.555857,11.250017,20.7,3.32
T15,GL-3464,2026-03-12 11:39:00,7.556129,11.25037,30.3,3.46
T15,GL-3464,2026-03-12 11:40:00,7.557384,11.250476,30.4,3.78
T15,GL-3464,2026-03-12 11:41:00,7.557802,11.250983,14.9,3.67
T15,GL-3464,2026-03-12 11:42:00,7.558277,11.250868,51.5,3.0
T15,GL-3464,2026-03-12 11:43:00,7.558827,11.251164,22.2,3.8
T15,GL-3464,2026-03-12 11:44:00,7.559747,11.25137,24.7,4.73
T15,GL-3464,2026-03-12 11:45:00,7.560669,11.251728,20.0,5.03
T15,GL-3464,2026-03-12 11:46:00,7.560284,11.251851,49.7,3.53
T15,GL-3464,2026-03-12 11:47:00,7.56152,11.25223,27.1,3.47
T15,GL-3464,2026-03-12 11:48:00,7.56217,11.252042,36.0,4.72
T15,GL-3464,2026-03-12 11:49:00,7.562468,11.252104,54.5,5.23
T15,GL-3464,2026-03-12 11:50:00,7.563464,11.252213,31.7,5.07
T15,GL-3464,2026-03-12 11:51:00,7.564494,11.252859,28.4,3.64
T15,GL-3464,2026-03-12 11:52:00,7.565304,11.252868,37.5,3.72
T15,GL-3464,2026-03-12 11:53:00,7.565806,11.252998,55.3,5.35
T15,GL-3464,2026-03-12 11:54:00,7.566096,11.253492,26.3,2.81
T15,GL-3464,2026-03-12 11:55:00,7.566927,11.25326,27.2,5.2
T15,GL-3464,2026-03-12 11:56:00,7.567675,11.253456,26.8,5.19
T15,GL-3464,2026-03-12 11:57:00,7.568336,11.253585,52.7,5.03
T15,GL-3464,2026-03-12 11:58:00,7.568876,11.253962,50.2,3.43
T15,GL-3464,2026-03-12 11:59:00,7.569555,11.253913,21.7,5.2
T15,GL-3464,2026-03-12 12:00:00,7.570189,11.254261,52.4,2.94
T15,GL-3464,2026-03-12 12:01:00,7.570838,11.254602,28.7,5.41
T15,GL-3464,2026-03-12 12:02:00,7.57166,11.254806,27.0,5.13
T15,GL-3464,2026-03-12 12:03:00,7.572377,11.255135,44.4,5.43
T15,GL-3464,2026-03-12 12:04:00,7.572779,11.254867,26.2,5.49
T15,GL-3464,2026-03-12 12:05:00,7.573452,11.25549,20.2,4.55
T15,GL-3464,2026-03-12 12:06:00,7.574257,11.255207,51.8,4.0
T15,GL-3464,2026-03-12 12:07:00,7.575261,11.255433,37.4,3.78
T15,GL-3464,2026-03-12 12:08:00,7.575426,11.255578,51.5,4.94
T15,GL-3464,2026-03-12 12:09:00,7.576008,11.255873,41.7,3.47
T15,GL-3464,2026-03-12 12:10:00,7.576857,11.255924,31.7,5.56
T15,GL-3464,2026-03-12 12:11:00,7.577959,11.256131,23.2,3.33
T15,GL-3464,2026-03-12 12:12:00,7.578108,11.256636,35.2,5.53
T15,GL-3464,2026-03-12 12:13:00,7.57875,11.256521,30.5,4.52
T15,GL-3464,2026-03-12 12:14:00,7.579431,11.25697,55.3,5.31
T15,GL-3464,2026-03-12 12:15:00,7.580434,11.257387,31.1,3.29
T15,GL-3464,2026-03-12 12:16:00,7.580956,11.257455,,2.96
T15,GL-3464,2026-03-12 12:17:00,7.581719,11.257307,56.6,5.49
T15,GL-3464,2026-03-12 12:18:00,7.582287,11.258089,28.7,2.91
T15,GL-3464,2026-03-12 12:19:00,7.582814,11.258084,15.4,4.56
T15,GL-3464,2026-03-12 12:20:00,7.583498,11.258001,20.6,3.44
T15,GL-3464,2026-03-12 12:21:00,7.584059,11.257952,42.8,4.8
T15,GL-3464,2026-03-12 12:22:00,7.584974,11.258616,32.5,5.17
T15,GL-3464,2026-03-12 12:23:00,7.585062,11.258602,44.1,5.39
T15,GL-3464,2026-03-12 12:24:00,7.586217,11.258361,23.7,5.35
T15,GL-3464,2026-03-12 12:25:00,7.586555,11.258866,33.3,5.03
T15,GL-3464,2026-03-12 12:26:00,7.587419,11.259348,33.5,5.09
T15,GL-3464,2026-03-12 12:27:00,7.588049,11.259231,22.6,5.44
T15,GL-3464,2026-03-12 12:28:00,7.589226,11.259376,47.8,3.72
T15,GL-3464,2026-03-12 12:29:00,7.589317,11.259803,40.6,3.71
T15,GL-3464,2026-03-12 12:30:00,7.589901,11.259731,37.4,5.58
T15,GL-3464,2026-03-12 12:31:00,7.590495,11.260042,42.5,3.15
T15,GL-3464,2026-03-12 12:32:00,7.591629,11.260393,16.6,4.57
T15,GL-3464,2026-03-12 12:33:00,7.59204,11.260634,24.1,2.96
T15,GL-3464,2026-03-12 12:34:00,7.59297,11.260458,30.4,4.22
T15,GL-3464,2026-03-12 12:35:00,7.593491,11.260652,,4.82
T15,GL-3464,2026-03-12 12:36:00,7.594056,11.261068,34.9,3.65
T15,GL-3464,2026-03-12 12:37:00,7.594519,11.261081,34.6,4.69
T15,GL-3464,2026-03-12 12:38:00,7.595503,11.261179,31.0,3.03
T15,GL-3464,2026-03-12 12:39:00,7.595977,11.261361,41.3,5.29
T15,GL-3464,2026-03-12 12:40:00,7.596842,11.262032,18.0,4.47
T15,GL-3464,2026-03-12 12:41:00,7.597489,11.261879,36.3,4.4
T15,GL-3464,2026-03-12 12:42:00,7.598139,11.262142,51.7,4.47
T15,GL-3464,2026-03-12 12:43:00,7.598767,11.262179,49.4,3.62
T15,GL-3464,2026-03-12 12:44:00,7.599499,11.262164,48.0,2.98
T15,GL-3464,2026-03-12 12:45:00,7.600289,11.262262,14.9,3.07
T15,GL-3464,2026-03-12 12:46:00,7.600616,11.263178,17.1,3.2
T15,GL-3464,2026-03-12 12:47:00,7.601409,11.26291,43.2,2.83
T15,GL-3464,2026-03-12 12:48:00,7.602235,11.262799,50.9,4.21
T15,GL-3464,2026-03-12 12:49:00,7.602777,11.263413,18.6,4.92
T15,GL-3464,2026-03-12 12:50:00,7.603217,11.263269,28.9,4.95
T15,GL-3464,2026-03-12 12:51:00,7.604128,11.263802,25.0,3.99
T15,GL-3464,2026-03-12 12:52:00,7.604434,11.264175,46.7,5.14
T15,GL-3464,2026-03-12 12:53:00,7.605188,11.263691,36.3,5.12
T15,GL-3464,2026-03-12 12:54:00,7.605896,11.264533,45.9,2.93
T15,GL-3464,2026-03-12 12:55:00,7.606607,11.26425,40.4,4.02
T15,GL-3464,2026-03-12 12:56:00,7.607419,11.264288,48.3,3.13
T15,GL-3464,2026-03-12 12:57:00,7.608194,11.264876,17.1,4.48
T15,GL-3464,2026-03-12 12:58:00,7.608833,11.264975,19.0,5.23
T15,GL-3464,2026-03-12 12:59:00,7.609409,11.2652,42.9,3.23
T15,GL-3464,2026-03-12 13:00:00,7.610443,11.265492,14.6,4.38
T15,GL-3464,2026-03-12 13:01:00,7.61085,11.265977,34.2,2.99
T15,GL-3464,2026-03-12 13:02:00,7.611253,11.265556,50.5,4.13
T15,GL-3464,2026-03-12 13:03:00,7.611851,11.265779,38.1,5.26
T15,GL-3464,2026-03-12 13:04:00,7.612632,11.266282,23.2,3.48
T15,GL-3464,2026-03-12 13:05:00,7.61349,11.266011,32.7,5.44
T15,GL-3464,2026-03-12 13:06:00,7.508056,11.266501,32.1,441.93
T15,GL-3464,2026-03-12 13:07:00,7.615008,11.266402,36.1,3.79
T15,GL-3464,2026-03-12 13:08:00,7.615524,11.267064,42.7,3.87
T15,GL-3464,2026-03-12 13:09:00,7.61585,11.267422,14.0,4.7
T15,GL-3464,2026-03-12 13:10:00,7.616589,11.266854,51.6,3.53
T15,GL-3464,2026-03-12 13:11:00,7.617173,11.2675,56.8,4.66
T15,GL-3464,2026-03-12 13:12:00,7.617852,11.2675,31.8,5.11
T15,GL-3464,2026-03-12 13:13:00,7.618923,11.267589,33.5,3.39
T15,GL-3464,2026-03-12 13:14:00,7.619585,11.267926,56.9,4.33
T15,GL-3464,2026-03-12 13:15:00,7.6198,11.268002,30.1,5.04
T15,GL-3464,2026-03-12 13:16:00,7.620177,11.268403,14.2,3.26
T15,GL-3464,2026-03-12 13:17:00,7.620918,11.268719,40.0,3.04
T15,GL-3464,2026-03-12 13:18:00,7.621974,11.268998,52.4,4.52
T15,GL-3464,2026-03-12 13:19:00,7.622632,11.268901,30.0,5.45
T15,GL-3464,2026-03-12 13:20:00,7.623412,11.26889,39.9,4.12
T15,GL-3464,2026-03-12 13:21:00,7.624037,11.26915,27.7,3.05
T15,GL-3464,2026-03-12 13:22:00,7.624898,11.269285,51.4,4.09
T15,GL-3464,2026-03-12 13:23:00,7.625248,11.269761,25.9,4.44
T15,GL-3464,2026-03-12 13:24:00,7.626093,11.269781,26.2,4.34
T15,GL-3464,2026-03-12 13:25:00,7.626621,11.269956,30.2,3.82
T15,GL-3464,2026-03-12 13:26:00,7.627377,11.270552,18.2,4.1
T15,GL-3464,2026-03-12 13:27:00,7.628094,11.270436,19.0,3.2
T15,GL-3464,2026-03-12 13:28:00,7.628465,11.270593,22.5,3.16
T15,GL-3464,2026-03-12 13:29:00,7.629303,11.270763,14.5,4.78
T15,GL-3464,2026-03-12 13:30:00,7.630351,11.271045,56.9,4.4
T15,GL-3464,2026-03-12 13:31:00,7.630647,11.271246,,4.16
T15,GL-3464,2026-03-12 13:32:00,7.631335,11.271286,36.0,4.83
T15,GL-3464,2026-03-12 13:33:00,7.631693,11.271538,44.5,4.61
T15,GL-3464,2026-03-12 13:34:00,7.63265,11.271522,21.6,2.8
T15,GL-3464,2026-03-12 13:35:00,7.632891,11.271493,35.4,5.01
T15,GL-3464,2026-03-12 13:36:00,7.63406,11.271443,49.6,3.27
T15,GL-3464,2026-03-12 13:37:00,7.634315,11.271924,49.9,3.17
T15,GL-3464,2026-03-12 13:38:00,7.635256,11.272401,51.4,5.18
T15,GL-3464,2026-03-12 13:39:00,7.635785,11.272617,43.5,4.17
T15,GL-3464,2026-03-12 13:40:00,7.636315,11.272764,23.5,3.14
T15,GL-3464,2026-03-12 13:41:00,7.637294,11.273238,27.9,5.16
T15,GL-3464,2026-03-12 13:42:00,7.637954,11.273173,31.1,3.25
T15,GL-3464,2026-03-12 13:43:00,7.638634,11.272803,16.5,2.81
T15,GL-3464,2026-03-12 13:44:00,7.639094,11.273689,36.6,4.73
T15,GL-3464,2026-03-12 13:45:00,7.639508,11.273725,34.2,4.89
T15,GL-3464,2026-03-12 13:46:00,7.640804,11.273644,49.0,5.23
T15,GL-3464,2026-03-12 13:47:00,7.641312,11.274174,18.3,5.23
T15,GL-3464,2026-03-12 13:48:00,7.64186,11.27436,15.6,5.0
T15,GL-3464,2026-03-12 13:49:00,7.642314,11.274316,31.5,5.11
T15,GL-3464,2026-03-12 13:50:00,7.642778,11.274388,41.3,5.24
T15,GL-3464,2026-03-12 13:51:00,7.643993,11.274914,24.2,3.16
T15,GL-3464,2026-03-12 13:52:00,7.64453,11.274811,55.0,5.41
T15,GL-3464,2026-03-12 13:53:00,7.645382,11.275309,35.7,5.07
T15,GL-3464,2026-03-12 13:54:00,7.645465,11.275316,21.0,5.6
T15,GL-3464,2026-03-12 13:55:00,7.647084,11.275589,38.8,2.91
T15,GL-3464,2026-03-12 13:56:00,7.647374,11.275442,29.5,4.91
T15,GL-3464,2026-03-12 13:57:00,7.647669,11.275937,20.7,5.55
T15,GL-3464,2026-03-12 13:58:00,7.648188,11.276387,57.7,3.35
T15,GL-3464,2026-03-12 13:59:00,7.649326,11.275988,35.3,5.11
T15,GL-3464,2026-03-12 14:00:00,7.650205,11.27641,41.1,4.07
T15,GL-3464,2026-03-12 14:01:00,7.650386,11.277177,21.4,5.04
T15,GL-3464,2026-03-12 14:02:00,7.650813,11.277018,17.0,3.11
T15,GL-3464,2026-03-12 14:03:00,7.651918,11.276591,56.3,5.18
T15,GL-3464,2026-03-12 14:04:00,7.652575,11.277655,17.0,4.31
T15,GL-3464,2026-03-12 14:05:00,7.653577,11.277595,20.1,3.45
T15,GL-3464,2026-03-12 14:06:00,7.653991,11.277423,47.7,3.21
T15,GL-3464,2026-03-12 14:07:00,7.654545,11.277904,24.1,4.93
T15,GL-3464,2026-03-12 14:08:00,7.655519,11.278376,40.8,3.14
T15,GL-3464,2026-03-12 14:09:00,7.655922,11.278295,47.8,3.38
T15,GL-3464,2026-03-12 14:10:00,7.656318,11.278151,25.0,3.3
T15,GL-3464,2026-03-12 14:11:00,7.65754,11.278499,57.2,2.98
T15,GL-3464,2026-03-12 14:12:00,7.65752,11.278746,36.2,4.5
T15,GL-3464,2026-03-12 14:13:00,7.658538,11.278799,21.6,4.98
T15,GL-3464,2026-03-12 14:14:00,7.658767,11.279275,29.7,5.01
T15,GL-3464,2026-03-12 14:15:00,7.659925,11.279693,54.3,4.08
T15,GL-3464,2026-03-12 14:16:00,7.66055,11.279027,16.3,3.28
T15,GL-3464,2026-03-12 14:17:00,7.660104,11.279533,32.9,0.49
T15,GL-3464,2026-03-12 14:18:00,7.660564,11.279627,27.1,0.23
T15,GL-3464,2026-03-12 14:19:00,7.660338,11.279833,50.0,0.2
T15,GL-3464,2026-03-12 14:20:00,7.660543,11.279339,19.3,0.12
T15,GL-3464,2026-03-12 14:21:00,7.660805,11.279159,28.4,0.8
T15,GL-3464,2026-03-12 14:22:00,7.660476,11.279548,50.8,0.19
T15,GL-3464,2026-03-12 14:23:00,7.660636,11.279179,56.2,0.23
T15,GL-3464,2026-03-12 14:24:00,7.660559,11.279463,22.4,0.69
T15,GL-3464,2026-03-12 14:25:00,7.66042,11.280086,42.5,0.61
T15,GL-3464,2026-03-12 14:26:00,7.66076,11.279967,43.2,0.36
T15,GL-3464,2026-03-12 14:27:00,7.659948,11.279576,27.4,0.44
T15,GL-3464,2026-03-12 14:28:00,7.660478,11.279743,40.7,0.36
T15,GL-3464,2026-03-12 14:29:00,7.659955,11.279827,54.9,0.7
T15,GL-3464,2026-03-12 14:30:00,7.660492,11.279191,40.4,0.04
T15,GL-3464,2026-03-12 14:31:00,7.660593,11.279457,46.5,0.36
T15,GL-3464,2026-03-12 14:32:00,7.660636,11.279256,31.2,0.07
T15,GL-3464,2026-03-12 14:33:00,7.660452,11.27936,52.4,0.56
T15,GL-3464,2026-03-12 14:34:00,7.659916,11.279523,40.4,0.43
T15,GL-3464,2026-03-12 14:35:00,7.660249,11.279156,47.1,0.04
T15,GL-3464,2026-03-12 14:36:00,7.66072,11.279661,,0.3
T15,GL-3464,2026-03-12 14:37:00,7.660465,11.27925,16.4,0.84
T15,GL-3464,2026-03-12 14:38:00,7.660794,11.279596,22.3,0.67
T15,GL-3464,2026-03-12 14:39:00,7.660821,11.27968,22.7,0.26
T15,GL-3464,2026-03-12 14:40:00,7.659936,11.27907,40.9,0.61
T15,GL-3464,2026-03-12 14:41:00,7.659896,11.279062,15.7,0.23
T15,GL-3464,2026-03-12 14:42:00,7.659861,11.279601,20.8,4.39
T15,GL-3464,2026-03-12 14:43:00,7.659261,11.280037,16.4,4.85
T15,GL-3464,2026-03-12 14:44:00,7.658543,11.28027,54.6,5.18
T15,GL-3464,2026-03-12 14:45:00,7.658576,11.280434,50.9,5.08
T15,GL-3464,2026-03-12 14:46:00,7.65834,11.28028,39.5,3.35
T15,GL-3464,2026-03-12 14:47:00,7.657479,11.2808,31.5,4.19
T15,GL-3464,2026-03-12 14:48:00,7.657289,11.281257,37.5,3.57
T15,GL-3464,2026-03-12 14:49:00,7.656707,11.281313,16.2,4.5
T15,GL-3464,2026-03-12 14:50:00,7.656487,11.2818,52.4,4.67
T15,GL-3464,2026-03-12 14:51:00,7.656094,11.281604,23.5,4.28
T15,GL-3464,2026-03-12 14:52:00,7.655476,11.282014,55.1,4.67
T15,GL-3464,2026-03-12 14:53:00,7.65475,11.281975,27.0,3.73
T15,GL-3464,2026-03-12 14:54:00,7.65462,11.282189,48.5,5.24
T15,GL-3464,2026-03-12 14:55:00,7.653909,11.282872,55.4,3.29
T15,GL-3464,2026-03-12 14:56:00,7.653674,11.282708,40.6,5.32
T15,GL-3464,2026-03-12 14:57:00,7.939809,11.283358,51.0,242.6
T15,GL-3464,2026-03-12 14:58:00,7.652656,11.283612,20.0,5.29
T15,GL-3464,2026-03-12 14:59:00,7.652161,11.283366,35.8,2.9
T15,GL-3464,2026-03-12 15:00:00,7.651997,11.283549,33.2,3.71
T15,GL-3464,2026-03-12 15:01:00,7.651572,11.284018,40.0,5.11
T15,GL-3464,2026-03-12 15:02:00,7.650773,11.284821,40.6,3.49
T15,GL-3464,2026-03-12 15:03:00,7.650373,11.284755,35.5,5.51
T15,GL-3464,2026-03-12 15:04:00,7.649795,11.284854,49.5,3.56
T15,GL-3464,2026-03-12 15:05:00,7.649407,11.2849,40.5,5.44
T15,GL-3464,2026-03-12 15:06:00,7.649155,11.285255,40.9,4.22
T15,GL-3464,2026-03-12 15:07:00,7.648732,11.285637,19.4,3.1
T15,GL-3464,2026-03-12 15:08:00,7.647687,11.286031,47.5,5.16
T15,GL-3464,2026-03-12 15:09:00,7.647459,11.28575,20.5,4.73
T15,GL-3464,2026-03-12 15:10:00,7.647027,11.286074,33.2,5.08
T15,GL-3464,2026-03-12 15:11:00,7.646712,11.286359,24.1,4.31
T15,GL-3464,2026-03-12 15:12:00,7.646016,11.286899,35.0,3.72
T15,GL-3464,2026-03-12 15:13:00,7.64592,11.286784,48.3,3.86
T15,GL-3464,2026-03-12 15:14:00,7.645135,11.286996,20.0,4.33
T15,GL-3464,2026-03-12 15:15:00,7.644617,11.287237,29.5,5.2
T15,GL-3464,2026-03-12 15:16:00,7.644303,11.287217,41.7,5.04
T15,GL-3464,2026-03-12 15:17:00,7.643719,11.287944,36.2,3.66
T15,GL-3464,2026-03-12 15:18:00,7.643542,11.288186,47.8,4.64
T15,GL-3464,2026-03-12 15:19:00,7.642995,11.287917,38.3,3.02
T15,GL-3464,2026-03-12 15:20:00,7.642142,11.288611,48.2,4.32
T15,GL-3464,2026-03-12 15:21:00,7.641849,11.288786,31.4,3.91
T15,GL-3464,2026-03-12 15:22:00,7.641562,11.289048,40.9,3.72
T15,GL-3464,2026-03-12 15:23:00,7.640634,11.289341,51.7,3.55
T15,GL-3464,2026-03-12 15:24:00,7.639915,11.2897,16.6,5.1
T15,GL-3464,2026-03-12 15:25:00,7.639794,11.290458,27.4,3.14
T15,GL-3464,2026-03-12 15:26:00,7.639412,11.289685,20.6,3.69
T15,GL-3464,2026-03-12 15:27:00,7.639229,11.290072,20.6,3.59
T15,GL-3464,2026-03-12 15:28:00,7.638815,11.290363,30.6,4.77
T15,GL-3464,2026-03-12 15:29:00,7.638161,11.290672,38.3,4.41
T15,GL-3464,2026-03-12 15:30:00,7.637564,11.291246,15.3,4.68
T15,GL-3464,2026-03-12 15:31:00,7.63709,11.291057,49.1,4.36
T15,GL-3464,2026-03-12 15:32:00,7.636597,11.290975,51.0,5.38
T15,GL-3464,2026-03-12 15:33:00,7.636516,11.291579,50.2,3.24
T15,GL-3464,2026-03-12 15:34:00,7.635808,11.292066,26.1,3.82
T15,GL-3464,2026-03-12 15:35:00,7.63542,11.291415,43.6,5.16
T15,GL-3464,2026-03-12 15:36:00,7.634983,11.29279,47.6,3.24
T15,GL-3464,2026-03-12 15:37:00,7.634541,11.292594,41.4,4.58
T15,GL-3464,2026-03-12 15:38:00,7.634165,11.292105,25.0,3.1
T15,GL-3464,2026-03-12 15:39:00,7.633211,11.293071,29.9,5.45
T15,GL-3464,2026-03-12 15:40:00,7.633274,11.293329,41.4,4.25
T15,GL-3464,2026-03-12 15:41:00,7.632799,11.293478,50.1,4.28
T15,GL-3464,2026-03-12 15:42:00,7.632144,11.293975,49.7,4.58
T15,GL-3464,2026-03-12 15:43:00,7.63153,11.293836,42.6,5.53
T15,GL-3464,2026-03-12 15:44:00,7.631174,11.294118,48.2,4.05
T15,GL-3464,2026-03-12 15:45:00,7.630886,11.294358,48.4,3.89
T15,GL-3464,2026-03-12 15:46:00,7.630238,11.294606,36.6,3.12
T15,GL-3464,2026-03-12 15:47:00,7.630144,11.294688,40.3,4.45
T15,GL-3464,2026-03-12 15:48:00,7.629549,11.294737,26.8,3.89
T15,GL-3464,2026-03-12 15:49:00,7.628809,11.295419,43.1,3.89
T15,GL-3464,2026-03-12 15:50:00,7.62827,11.295703,38.1,3.99
T15,GL-3464,2026-03-12 15:51:00,7.628018,11.296142,34.3,3.85
T15,GL-3464,2026-03-12 15:52:00,7.627723,11.296064,29.8,4.93
T15,GL-3464,2026-03-12 15:53:00,7.626865,11.296752,28.3,5.2
T15,GL-3464,2026-03-12 15:54:00,7.626662,11.296777,23.2,3.34
T15,GL-3464,2026-03-12 15:55:00,7.626186,11.296776,53.8,4.22
T15,GL-3464,2026-03-12 15:56:00,7.625827,11.29712,21.9,4.85
T15,GL-3464,2026-03-12 15:57:00,7.625369,11.297402,15.7,2.98
T15,GL-3464,2026-03-12 15:58:00,7.625295,11.297065,25.3,3.41
T15,GL-3464,2026-03-12 15:59:00,7.624174,11.297846,15.7,4.47
T15,GL-3464,2026-03-12 16:00:00,7.623608,11.297985,41.9,5.43
T15,GL-3464,2026-03-12 16:01:00,7.623595,11.297742,52.2,3.69
T15,GL-3464,2026-03-12 16:02:00,7.622907,11.298595,25.5,2.9
T15,GL-3464,2026-03-12 16:03:00,7.622509,11.299033,21.1,3.5
T15,GL-3464,2026-03-12 16:04:00,7.621791,11.298652,32.0,2.92
T15,GL-3464,2026-03-12 16:05:00,7.621744,11.299335,37.3,3.69
T15,GL-3464,2026-03-12 16:06:00,7.620951,11.299377,35.8,4.04
T15,GL-3464,2026-03-12 16:07:00,7.62077,11.299382,55.2,2.94
T15,GL-3464,2026-03-12 16:08:00,7.620475,11.299633,57.8,3.73
T15,GL-3464,2026-03-12 16:09:00,7.619846,11.3002,17.4,4.06
T15,GL-3464,2026-03-12 16:10:00,7.619123,11.30049,52.2,3.55
T15,GL-3464,2026-03-12 16:11:00,7.618756,11.300271,57.8,4.02
T15,GL-3464,2026-03-12 16:12:00,7.617933,11.300974,16.4,4.7
T15,GL-3464,2026-03-12 16:13:00,7.617838,11.301183,53.1,5.39
T15,GL-3464,2026-03-12 16:14:00,7.617155,11.301127,25.7,5.41
T15,GL-3464,2026-03-12 16:15:00,7.61657,11.301492,33.0,4.68
T15,GL-3464,2026-03-12 16:16:00,7.616127,11.301805,51.6,5.43
T15,GL-3464,2026-03-12 16:17:00,7.615624,11.301968,41.7,4.31
T15,GL-3464,2026-03-12 16:18:00,7.615229,11.302234,44.6,4.47
T15,GL-3464,2026-03-12 16:19:00,7.614986,11.302628,16.7,2.83
T15,GL-3464,2026-03-12 16:20:00,7.614713,11.303082,26.6,5.58
T15,GL-3464,2026-03-12 16:21:00,7.613781,11.30233,56.9,3.8
T15,GL-3464,2026-03-12 16:22:00,7.613719,11.303312,16.1,5.4
T15,GL-3464,2026-03-12 16:23:00,7.613355,11.303328,54.5,3.15
T15,GL-3464,2026-03-12 16:24:00,7.612898,11.303424,19.8,3.48
T15,GL-3464,2026-03-12 16:25:00,7.612134,11.303827,30.9,4.32
T15,GL-3464,2026-03-12 16:26:00,7.611689,11.303641,40.7,4.14
T15,GL-3464,2026-03-12 16:27:00,7.611518,11.304406,46.4,3.36
T15,GL-3464,2026-03-12 16:28:00,7.610675,11.303997,44.6,3.46
T15,GL-3464,2026-03-12 16:29:00,7.610332,11.304777,27.4,4.97
T15,GL-3464,2026-03-12 16:30:00,7.609831,11.305318,15.8,4.53
T15,GL-3464,2026-03-12 16:31:00,7.609592,11.305406,33.5,4.27
T15,GL-3464,2026-03-12 16:32:00,7.609283,11.305323,22.7,4.28
T15,GL-3464,2026-03-12 16:33:00,7.608944,11.305897,34.1,3.51
T15,GL-3464,2026-03-12 16:34:00,7.60855,11.306333,54.2,4.82
T15,GL-3464,2026-03-12 16:35:00,7.607457,11.305879,18.2,4.25
T15,GL-3464,2026-03-12 16:36:00,7.606672,11.306422,33.1,4.53
T15,GL-3464,2026-03-12 16:37:00,7.606417,11.306803,18.0,4.25
T15,GL-3464,2026-03-12 16:38:00,7.606252,11.306941,29.3,4.16
T15,GL-3464,2026-03-12 16:39:00,7.605848,11.307031,56.4,5.05
T15,GL-3464,2026-03-12 16:40:00,7.605572,11.307028,38.4,4.88
T15,GL-3464,2026-03-12 16:41:00,7.6047,11.307453,32.9,4.7
T15,GL-3464,2026-03-12 16:42:00,7.604273,11.307775,27.4,2.9
T15,GL-3464,2026-03-12 16:43:00,7.604289,11.308159,17.7,4.63
T15,GL-3464,2026-03-12 16:44:00,7.603843,11.308078,15.6,4.28
T15,GL-3464,2026-03-12 16:45:00,7.603029,11.308488,21.2,5.05
T15,GL-3464,2026-03-12 16:46:00,7.602711,11.308944,14.3,3.84
T15,GL-3464,2026-03-12 16:47:00,7.60207,11.309029,43.7,4.75
T15,GL-3464,2026-03-12 16:48:00,7.601559,11.309049,38.2,3.06
T15,GL-3464,2026-03-12 16:49:00,7.600811,11.309413,37.2,4.78
T15,GL-3464,2026-03-12 16:50:00,7.600863,11.309509,46.7,3.39
T15,GL-3464,2026-03-12 16:51:00,7.599703,11.309783,21.3,3.99
T15,GL-3464,2026-03-12 16:52:00,7.599885,11.310015,29.4,2.99
T15,GL-3464,2026-03-12 16:53:00,7.599132,11.310578,36.5,5.12
T15,GL-3464,2026-03-12 16:54:00,7.598935,11.310765,42.4,5.02
T15,GL-3464,2026-03-12 16:55:00,7.598079,11.310928,51.3,4.53
T15,GL-3464,2026-03-12 16:56:00,7.597779,11.311341,46.5,4.41
T15,GL-3464,2026-03-12 16:57:00,7.59712,11.310782,31.2,4.66
T15,GL-3464,2026-03-12 16:58:00,7.597049,11.311666,24.1,4.14
T15,GL-3464,2026-03-12 16:59:00,7.596496,11.312283,17.9,5.47
T15,GL-3464,2026-03-12 17:00:00,7.59587,11.311857,51.7,2.85
T15,GL-3464,2026-03-12 17:01:00,7.595819,11.312091,20.5,5.18
T15,GL-3464,2026-03-12 17:02:00,7.595044,11.312543,25.4,4.76
T15,GL-3464,2026-03-12 17:03:00,7.594817,11.31289,30.1,2.88
T15,GL-3464,2026-03-12 17:04:00,7.594191,11.313005,26.5,4.84
T15,GL-3464,2026-03-12 17:05:00,7.593434,11.313154,41.8,3.49
T15,GL-3464,2026-03-12 17:06:00,7.593005,11.313541,36.0,3.91
T15,GL-3464,2026-03-12 17:07:00,7.592645,11.31402,38.8,5.53
T15,GL-3464,2026-03-12 17:08:00,7.592583,11.313771,16.1,5.26
T15,GL-3464,2026-03-12 17:09:00,7.591481,11.314011,30.6,3.32
T15,GL-3464,2026-03-12 17:10:00,7.591388,11.313853,25.0,3.61
T15,GL-3464,2026-03-12 17:11:00,7.591202,11.314386,16.2,5.57
T15,GL-3464,2026-03-12 17:12:00,7.590377,11.314764,41.2,5.38
T15,GL-3464,2026-03-12 17:13:00,7.590234,11.315133,41.1,5.04
T15,GL-3464,2026-03-12 17:14:00,7.589393,11.315249,23.2,3.83
T15,GL-3464,2026-03-12 17:15:00,7.589059,11.3161,31.0,5.26
T15,GL-3464,2026-03-12 17:16:00,7.588566,11.315719,57.3,4.12
T15,GL-3464,2026-03-12 17:17:00,7.587915,11.316067,39.7,5.23
T15,GL-3464,2026-03-12 17:18:00,7.587144,11.316039,26.5,3.42
T15,GL-3464,2026-03-12 17:19:00,7.587348,11.316514,31.9,4.04
T15,GL-3464,2026-03-12 17:20:00,7.586871,11.316516,46.4,5.52
T15,GL-3464,2026-03-12 17:21:00,7.586052,11.316715,14.3,2.98
T15,GL-3464,2026-03-12 17:22:00,7.585433,11.317423,40.9,5.43
T15,GL-3464,2026-03-12 17:23:00,7.585305,11.317504,24.4,5.52
T15,GL-3464,2026-03-12 17:24:00,7.584594,11.317699,44.3,5.18
T15,GL-3464,2026-03-12 17:25:00,7.584428,11.318324,23.8,3.62
T15,GL-3464,2026-03-12 17:26:00,7.583732,11.317986,31.9,3.16
T15,GL-3464,2026-03-12 17:27:00,7.583359,11.318721,54.8,3.68
T15,GL-3464,2026-03-12 17:28:00,7.583207,11.318587,49.4,5.18
T15,GL-3464,2026-03-12 17:29:00,7.582172,11.318971,52.0,5.05
T15,GL-3464,2026-03-12 17:30:00,7.582566,11.319288,53.7,3.62
T15,GL-3464,2026-03-12 17:31:00,7.581557,11.319003,29.5,3.41
T15,GL-3464,2026-03-12 17:32:00,7.581067,11.319476,45.2,3.15
T15,GL-3464,2026-03-12 17:33:00,7.580245,11.319536,56.8,3.55
T15,GL-3464,2026-03-12 17:34:00,7.580195,11.32008,44.9,5.5
T15,GL-3464,2026-03-12 17:35:00,7.579745,11.320028,55.4,3.59
T15,GL-3464,2026-03-12 17:36:00,7.579108,11.32053,32.1,5.6
T15,GL-3464,2026-03-12 17:37:00,7.578923,11.320485,40.8,3.72
T15,GL-3464,2026-03-12 17:38:00,7.578114,11.321137,56.6,3.17
T15,GL-3464,2026-03-12 17:39:00,7.577681,11.321087,27.7,4.97
T15,GL-3464,2026-03-12 17:40:00,7.577407,11.321132,15.9,3.11
T15,GL-3464,2026-03-12 17:41:00,7.576572,11.321315,33.4,2.83
T15,GL-3464,2026-03-12 17:42:00,7.576466,11.3217,49.7,4.2
T15,GL-3464,2026-03-12 17:43:00,7.575711,11.32203,45.6,4.82
T15,GL-3464,2026-03-12 17:44:00,7.575646,11.322176,39.8,3.93
T15,GL-3464,2026-03-12 17:45:00,7.574969,11.322134,45.5,2.8
T15,GL-3464,2026-03-12 17:46:00,7.574626,11.322615,35.5,3.99
T15,GL-3464,2026-03-12 17:47:00,7.573974,11.322705,42.9,3.27
T15,GL-3464,2026-03-12 17:48:00,7.573558,11.323119,55.1,5.08
T15,GL-3464,2026-03-12 17:49:00,7.572961,11.323622,49.3,4.39
T15,GL-3464,2026-03-12 17:50:00,7.57273,11.323363,56.0,2.82
T15,GL-3464,2026-03-12 17:51:00,7.57213,11.323764,53.3,3.24
T15,GL-3464,2026-03-12 17:52:00,7.571799,11.324619,18.3,4.84
T15,GL-3464,2026-03-12 17:53:00,7.57147,11.324542,43.0,4.24
T15,GL-3464,2026-03-12 17:54:00,7.570972,11.324907,21.1,3.25
T15,GL-3464,2026-03-12 17:55:00,7.570345,11.324951,56.1,4.33
T15,GL-3464,2026-03-12 17:56:00,7.569816,11.325128,44.9,4.56
T15,GL-3464,2026-03-12 17:57:00,7.569612,11.325389,28.1,3.33
T15,GL-3464,2026-03-12 17:58:00,7.56908,11.32559,20.3,5.14
T15,GL-3464,2026-03-12 17:59:00,7.568746,11.325951,16.7,3.38
T15,GL-3464,2026-03-12 18:00:00,7.567884,11.326344,39.4,3.45
T15,GL-3464,2026-03-12 18:01:00,7.567844,11.326188,41.5,4.17
T15,GL-3464,2026-03-12 18:02:00,7.567747,11.326416,19.8,5.48
T15,GL-3464,2026-03-12 18:03:00,7.566923,11.326816,45.8,2.8
T15,GL-3464,2026-03-12 18:04:00,7.566277,11.326572,25.3,4.26
T15,GL-3464,2026-03-12 18:05:00,7.565844,11.327367,57.0,3.29
T15,GL-3464,2026-03-12 18:06:00,7.56544,11.327541,18.9,3.66
T15,GL-3464,2026-03-12 18:07:00,7.565282,11.327642,43.5,4.19
T15,GL-3464,2026-03-12 18:08:00,7.564087,11.327804,22.0,3.4
T15,GL-3464,2026-03-12 18:09:00,7.564052,11.328234,34.1,5.17
T15,GL-3464,2026-03-12 18:10:00,7.563657,11.328656,43.8,4.05
T15,GL-3464,2026-03-12 18:11:00,7.563025,11.328791,29.9,4.43
T15,GL-3464,2026-03-12 18:12:00,7.562457,11.329275,30.0,4.46
T15,GL-3464,2026-03-12 18:13:00,7.562147,11.329379,35.6,3.77
T15,GL-3464,2026-03-12 18:14:00,7.562107,11.329596,56.9,5.1
T15,GL-3464,2026-03-12 18:15:00,7.561322,11.329904,41.8,4.81
T15,GL-3464,2026-03-12 18:16:00,7.560498,11.329658,40.4,4.23
T15,GL-3464,2026-03-12 18:17:00,7.560595,11.330122,35.3,3.89
T15,GL-3464,2026-03-12 18:18:00,7.559556,11.330327,51.5,4.68
T15,GL-3464,2026-03-12 18:19:00,7.559036,11.330489,46.9,5.29
T15,GL-3464,2026-03-12 18:20:00,7.55883,11.330707,54.7,5.08
T15,GL-3464,2026-03-12 18:21:00,7.558178,11.331186,51.5,4.25
T15,GL-3464,2026-03-12 18:22:00,7.558261,11.330957,31.7,5.34
T15,GL-3464,2026-03-12 18:23:00,7.557451,11.331417,36.3,5.4
T15,GL-3464,2026-03-12 18:24:00,7.556879,11.331733,46.6,3.45
T15,GL-3464,2026-03-12 18:25:00,7.55675,11.332005,21.6,5.51
T15,GL-3464,2026-03-12 18:26:00,7.555932,11.332319,37.1,5.09
T15,GL-3464,2026-03-12 18:27:00,7.555745,11.332612,53.5,4.44
T15,GL-3464,2026-03-12 18:28:00,7.555048,11.33281,46.9,4.74
T15,GL-3464,2026-03-12 18:29:00,7.554537,11.333056,17.2,4.21
T15,GL-3464,2026-03-12 18:30:00,7.554375,11.333255,49.9,3.94
T15,GL-3464,2026-03-12 18:31:00,7.553896,11.333588,14.2,5.28
T15,GL-3464,2026-03-12 18:32:00,7.553313,11.333588,51.6,2.92
T15,GL-3464,2026-03-12 18:33:00,7.552676,11.333448,14.1,3.13
T15,GL-3464,2026-03-12 18:34:00,7.552384,11.333888,23.6,4.68
T15,GL-3464,2026-03-12 18:35:00,7.551996,11.334165,40.8,3.77
T15,GL-3464,2026-03-12 18:36:00,7.551423,11.334326,52.3,4.28
T15,GL-3464,2026-03-12 18:37:00,7.550608,11.334476,15.3,3.36
T15,GL-3464,2026-03-12 18:38:00,7.550618,11.334802,25.3,3.27
T15,GL-3464,2026-03-12 18:39:00,7.550373,11.335581,15.8,4.58
T15,GL-3464,2026-03-12 18:40:00,7.549471,11.33573,15.0,4.22
T15,GL-3464,2026-03-12 18:41:00,7.549434,11.335601,28.8,3.71
T15,GL-3464,2026-03-12 18:42:00,7.548625,11.335782,49.1,3.9
T15,GL-3464,2026-03-12 18:43:00,7.548275,11.33632,46.7,3.46
T15,GL-3464,2026-03-12 18:44:00,7.547384,11.336406,45.8,4.82
T15,GL-3464,2026-03-12 18:45:00,7.547139,11.336634,21.7,3.27
T15,GL-3464,2026-03-12 18:46:00,7.546989,11.336791,57.4,4.57
T15,GL-3464,2026-03-12 18:47:00,7.546233,11.336822,47.5,4.94
T15,GL-3464,2026-03-12 18:48:00,7.545454,11.337327,22.4,3.58
T15,GL-3464,2026-03-12 18:49:00,7.545177,11.33766,22.9,3.58
T15,GL-3464,2026-03-12 18:50:00,7.544879,11.337707,39.0,3.6
T15,GL-3464,2026-03-12 18:51:00,7.544713,11.337939,,3.04
T15,GL-3464,2026-03-12 18:52:00,7.543934,11.338069,21.0,4.31
T15,GL-3464,2026-03-12 18:53:00,7.543443,11.338353,48.7,3.17
T15,GL-3464,2026-03-12 18:54:00,7.543081,11.338575,46.6,3.83
T15,GL-3464,2026-03-12 18:55:00,7.542518,11.339052,17.9,5.47
T15,GL-3464,2026-03-12 18:56:00,7.542234,11.339347,45.8,5.24
T15,GL-3464,2026-03-12 18:57:00,7.541817,11.339297,46.1,4.07
T15,GL-3464,2026-03-12 18:58:00,7.541102,11.339617,24.0,3.23
T15,GL-3464,2026-03-12 18:59:00,7.54114,11.339875,26.5,4.53
T15,GL-3464,2026-03-12 19:00:00,7.540229,11.340153,48.2,4.27
T15,GL-3464,2026-03-12 19:01:00,7.539634,11.340534,40.6,2.82
T15,GL-3464,2026-03-12 19:02:00,7.539259,11.34092,32.7,2.98
T15,GL-3464,2026-03-12 19:03:00,7.538725,11.341067,24.6,2.9
T15,GL-3464,2026-03-12 19:04:00,7.538443,11.340825,45.1,3.32
T15,GL-3464,2026-03-12 19:05:00,7.53793,11.341065,30.1,5.19
T15,GL-3464,2026-03-12 19:06:00,7.537486,11.341387,26.1,5.53
T15,GL-3464,2026-03-12 19:07:00,7.536713,11.341839,34.5,3.85
T15,GL-3464,2026-03-12 19:08:00,7.536872,11.34199,43.3,3.87
T15,GL-3464,2026-03-12 19:09:00,7.536353,11.341688,39.8,3.54
T15,GL-3464,2026-03-12 19:10:00,7.535713,11.342241,55.8,3.69
T15,GL-3464,2026-03-12 19:11:00,7.53527,11.342385,23.6,4.82
T15,GL-3464,2026-03-12 19:12:00,7.534326,11.342993,47.5,4.92
T15,GL-3464,2026-03-12 19:13:00,7.534563,11.342663,36.0,3.21
T15,GL-3464,2026-03-12 19:14:00,7.533701,11.343171,53.3,4.74
T15,GL-3464,2026-03-12 19:15:00,7.53312,11.344123,39.7,4.12
T15,GL-3464,2026-03-12 19:16:00,7.533077,11.343988,49.6,4.0
T15,GL-3464,2026-03-12 19:17:00,7.532367,11.343893,,4.25
T15,GL-3464,2026-03-12 19:18:00,7.532124,11.344385,48.7,5.47
T15,GL-3464,2026-03-12 19:19:00,7.531416,11.344699,39.9,3.06
T15,GL-3464,2026-03-12 19:20:00,7.530712,11.344455,,4.15
T15,GL-3464,2026-03-12 19:21:00,7.530304,11.345333,51.7,4.46
T15,GL-3464,2026-03-12 19:22:00,7.530088,11.345628,38.6,2.9
T15,GL-3464,2026-03-12 19:23:00,7.529425,11.345438,14.6,5.36
T15,GL-3464,2026-03-12 19:24:00,7.52921,11.346103,26.7,5.08
T15,GL-3464,2026-03-12 19:25:00,7.528716,11.346168,23.7,3.75
T15,GL-3464,2026-03-12 19:26:00,7.528474,11.345772,22.3,0.71
T15,GL-3464,2026-03-12 19:27:00,7.528479,11.345792,43.9,0.28
T15,GL-3464,2026-03-12 19:28:00,7.528343,11.346349,50.2,0.37
T15,GL-3464,2026-03-12 19:29:00,7.528323,11.346194,26.7,0.84
T15,GL-3464,2026-03-12 19:30:00,7.528642,11.346633,53.2,0.07
T15,GL-3464,2026-03-12 19:31:00,7.528845,11.346477,15.7,0.34
T15,GL-3464,2026-03-12 19:32:00,7.528653,11.346014,33.9,0.4
T15,GL-3464,2026-03-12 19:33:00,7.528603,11.346029,31.7,0.24
T15,GL-3464,2026-03-12 19:34:00,7.528527,11.346283,30.1,0.08
T15,GL-3464,2026-03-12 19:35:00,7.529142,11.346303,36.9,0.67
T15,GL-3464,2026-03-12 19:36:00,7.528382,11.34553,28.2,0.25
T15,GL-3464,2026-03-12 19:37:00,7.528549,11.345613,37.7,0.76
T15,GL-3464,2026-03-12 19:38:00,7.52892,11.345805,36.6,0.48
T15,GL-3464,2026-03-12 19:39:00,7.528855,11.346411,25.7,0.33
T15,GL-3464,2026-03-12 19:40:00,7.528326,11.345954,55.3,0.17
T15,GL-3464,2026-03-12 19:41:00,7.528564,11.346081,46.3,0.48
T15,GL-3464,2026-03-12 19:42:00,7.528356,11.345736,36.3,0.73
T15,GL-3464,2026-03-12 19:43:00,7.529067,11.346285,43.1,0.79
T15,GL-3464,2026-03-12 19:44:00,7.528313,11.34574,57.1,0.15
T15,GL-3464,2026-03-12 19:45:00,7.52905,11.345675,,0.73
T15,GL-3464,2026-03-12 19:46:00,7.528712,11.3466,26.8,0.51
T15,GL-3464,2026-03-12 19:47:00,7.528805,11.345688,42.4,0.03
T15,GL-3464,2026-03-12 19:48:00,7.528245,11.345818,25.8,0.76
T15,GL-3464,2026-03-12 19:49:00,7.528839,11.346251,52.5,0.05
T15,GL-3464,2026-03-12 19:50:00,7.528631,11.345307,56.6,0.38
T15,GL-3464,2026-03-12 19:51:00,7.528657,11.346002,21.1,0.48
T15,GL-3464,2026-03-12 19:52:00,7.528594,11.346141,35.0,0.75
T15,GL-3464,2026-03-12 19:53:00,7.52833,11.345312,49.8,3.22
T15,GL-3464,2026-03-12 19:54:00,7.528611,11.345064,52.5,3.85
T15,GL-3464,2026-03-12 19:55:00,7.52894,11.344528,26.0,4.08
T15,GL-3464,2026-03-12 19:56:00,7.528615,11.343914,38.5,4.9
T15,GL-3464,2026-03-12 19:57:00,7.528493,11.343509,51.6,4.91
T15,GL-3464,2026-03-12 19:58:00,7.528751,11.342946,52.2,4.58
T15,GL-3464,2026-03-12 19:59:00,7.528164,11.342567,30.3,5.52
T15,GL-3464,2026-03-12 20:00:00,7.528267,11.341931,19.2,5.24
T15,GL-3464,2026-03-12 20:01:00,7.528087,11.341601,17.5,3.9
T15,GL-3464,2026-03-12 20:02:00,7.527982,11.341026,22.2,5.49
T15,GL-3464,2026-03-12 20:03:00,7.528024,11.34065,41.7,3.07
T15,GL-3464,2026-03-12 20:04:00,7.52819,11.34028,21.6,5.09
T15,GL-3464,2026-03-12 20:05:00,7.52817,11.339468,14.8,3.93
T15,GL-3464,2026-03-12 20:06:00,7.528193,11.338688,22.8,3.01
T15,GL-3464,2026-03-12 20:07:00,7.527949,11.338348,27.3,3.05
T15,GL-3464,2026-03-12 20:08:00,7.527842,11.338602,26.6,3.5
T15,GL-3464,2026-03-12 20:09:00,7.527797,11.337277,49.5,4.21
T15,GL-3464,2026-03-12 20:10:00,7.527796,11.337321,50.9,4.31
T15,GL-3464,2026-03-12 20:11:00,7.527621,11.336521,37.9,4.29
T15,GL-3464,2026-03-12 20:12:00,7.527957,11.336028,19.5,4.15
T15,GL-3464,2026-03-12 20:13:00,7.527664,11.335673,19.5,3.89
T15,GL-3464,2026-03-12 20:14:00,7.527765,11.335053,53.1,4.62
T15,GL-3464,2026-03-12 20:15:00,7.527603,11.33439,56.5,5.43
T15,GL-3464,2026-03-12 20:16:00,7.5276,11.333756,32.9,3.22
T15,GL-3464,2026-03-12 20:17:00,7.527624,11.333541,29.0,5.45
T15,GL-3464,2026-03-12 20:18:00,7.527289,11.332876,53.2,3.8
T15,GL-3464,2026-03-12 20:19:00,7.527577,11.332696,57.0,3.93
T15,GL-3464,2026-03-12 20:20:00,7.527469,11.33191,16.3,4.5
T15,GL-3464,2026-03-12 20:21:00,7.527453,11.331927,35.8,4.14
T15,GL-3464,2026-03-12 20:22:00,7.527154,11.330905,56.4,4.3
T15,GL-3464,2026-03-12 20:23:00,7.527135,11.330529,42.6,4.03
T15,GL-3464,2026-03-12 20:24:00,7.52696,11.329942,14.5,3.15
T15,GL-3464,2026-03-12 20:25:00,7.527441,11.328904,42.4,2.95
T15,GL-3464,2026-03-12 20:26:00,7.526811,11.329224,52.5,3.97
T15,GL-3464,2026-03-12 20:27:00,7.526959,11.328436,31.1,4.37
T15,GL-3464,2026-03-12 20:28:00,7.526794,11.327742,28.3,4.02
T15,GL-3464,2026-03-12 20:29:00,7.526649,11.327078,56.6,4.17
T15,GL-3464,2026-03-12 20:30:00,7.526681,11.326829,51.1,5.53
T15,GL-3464,2026-03-12 20:31:00,7.527244,11.326359,30.4,3.62
T15,GL-3464,2026-03-12 20:32:00,7.527135,11.326546,16.8,4.75
T15,GL-3464,2026-03-12 20:33:00,7.526575,11.32542,17.5,5.19
T15,GL-3464,2026-03-12 20:34:00,7.526481,11.325059,39.1,2.99
T15,GL-3464,2026-03-12 20:35:00,7.526509,11.324432,20.8,4.63
T15,GL-3464,2026-03-12 20:36:00,7.526153,11.324001,42.4,5.17
T15,GL-3464,2026-03-12 20:37:00,7.526148,11.323416,29.1,3.98
T15,GL-3464,2026-03-12 20:38:00,7.526447,11.323161,,4.0
T15,GL-3464,2026-03-12 20:39:00,7.526164,11.322462,57.8,3.61
T15,GL-3464,2026-03-12 20:40:00,7.526232,11.32223,52.4,3.94
T15,GL-3464,2026-03-12 20:41:00,7.526351,11.321497,54.8,3.86
T15,GL-3464,2026-03-12 20:42:00,7.52606,11.321236,18.0,3.87
T15,GL-3464,2026-03-12 20:43:00,7.526361,11.320567,32.9,4.62
T15,GL-3464,2026-03-12 20:44:00,7.526341,11.320076,39.5,2.91
T15,GL-3464,2026-03-12 20:45:00,7.525798,11.319485,51.0,5.17
T15,GL-3464,2026-03-12 20:46:00,7.526042,11.31923,42.5,2.81
T15,GL-3464,2026-03-12 20:47:00,7.525592,11.318103,53.4,3.86
T15,GL-3464,2026-03-12 20:48:00,7.525801,11.318148,17.1,5.19
T15,GL-3464,2026-03-12 20:49:00,7.525775,11.31767,44.1,4.28
T15,GL-3464,2026-03-12 20:50:00,7.525737,11.317057,23.8,3.1
T15,GL-3464,2026-03-12 20:51:00,7.525803,11.316491,33.1,3.18
T15,GL-3464,2026-03-12 20:52:00,7.525684,11.316194,39.8,4.56
T15,GL-3464,2026-03-12 20:53:00,7.525244,11.315424,24.0,3.53
T15,GL-3464,2026-03-12 20:54:00,7.525071,11.315433,28.2,5.42
T15,GL-3464,2026-03-12 20:55:00,7.525528,11.31457,16.3,4.83
T15,GL-3464,2026-03-12 20:56:00,7.525702,11.314208,23.7,5.18
T15,GL-3464,2026-03-12 20:57:00,7.525391,11.313255,20.3,5.19
T15,GL-3464,2026-03-12 20:58:00,7.52504,11.312944,48.0,3.71
T15,GL-3464,2026-03-12 20:59:00,7.525355,11.312211,37.8,3.72
T15,GL-3464,2026-03-12 21:00:00,7.525316,11.312197,38.5,3.24
T15,GL-3464,2026-03-12 21:01:00,7.525098,11.311076,51.9,3.84
T15,GL-3464,2026-03-12 21:02:00,7.524831,11.311481,51.2,3.99
T15,GL-3464,2026-03-12 21:03:00,7.525054,11.310768,52.7,3.72
T15,GL-3464,2026-03-12 21:04:00,7.525062,11.310097,31.1,4.86
T15,GL-3464,2026-03-12 21:05:00,7.52495,11.310095,38.6,4.55
T15,GL-3464,2026-03-12 21:06:00,7.524689,11.309037,35.1,4.25
T15,GL-3464,2026-03-12 21:07:00,7.524892,11.30831,46.2,5.49
T15,GL-3464,2026-03-12 21:08:00,7.524969,11.308176,30.2,5.31
T15,GL-3464,2026-03-12 21:09:00,7.524649,11.307322,28.0,2.9
T15,GL-3464,2026-03-12 21:10:00,7.524734,11.306832,39.4,3.07
T15,GL-3464,2026-03-12 21:11:00,7.525107,11.306412,26.4,4.43
T15,GL-3464,2026-03-12 21:12:00,7.52466,11.306163,26.3,3.43
T15,GL-3464,2026-03-12 21:13:00,7.524703,11.305224,28.0,5.22
T15,GL-3464,2026-03-12 21:14:00,7.524562,11.305074,36.7,4.27
T15,GL-3464,2026-03-12 21:15:00,7.524726,11.304505,28.2,5.04
T15,GL-3464,2026-03-12 21:16:00,7.52443,11.303951,30.8,5.36
T15,GL-3464,2026-03-12 21:17:00,7.524373,11.303671,20.7,5.35
T15,GL-3464,2026-03-12 21:18:00,7.524491,11.302874,57.9,3.06
T15,GL-3464,2026-03-12 21:19:00,7.524077,11.302616,35.4,3.01
T15,GL-3464,2026-03-12 21:20:00,7.524588,11.302068,38.5,3.33
T15,GL-3464,2026-03-12 21:21:00,7.52439,11.301545,42.5,4.54
T15,GL-3464,2026-03-12 21:22:00,7.524231,11.301412,51.7,4.88
T15,GL-3464,2026-03-12 21:23:00,7.524146,11.301196,18.9,5.32
T15,GL-3464,2026-03-12 21:24:00,7.524415,11.2997,43.3,5.52
T15,GL-3464,2026-03-12 21:25:00,7.524097,11.299605,15.0,3.24
T15,GL-3464,2026-03-12 21:26:00,7.523974,11.299227,22.6,4.54
T15,GL-3464,2026-03-12 21:27:00,7.52413,11.298647,42.6,3.01
T15,GL-3464,2026-03-12 21:28:00,7.52381,11.29798,26.4,2.83
T15,GL-3464,2026-03-12 21:29:00,7.524038,11.297763,48.4,4.53
T15,GL-3464,2026-03-12 21:30:00,7.523863,11.297331,30.3,3.48
T15,GL-3464,2026-03-12 21:31:00,7.52359,11.296551,18.5,4.94
T15,GL-3464,2026-03-12 21:32:00,7.523689,11.296162,16.7,3.93
T15,GL-3464,2026-03-12 21:33:00,7.523739,11.295579,22.3,2.99
T15,GL-3464,2026-03-12 21:34:00,7.523768,11.295437,,4.93
T15,GL-3464,2026-03-12 21:35:00,7.523483,11.294452,26.6,4.08
T15,GL-3464,2026-03-12 21:36:00,7.523541,11.294071,52.7,4.96
T15,GL-3464,2026-03-12 21:37:00,7.523516,11.293433,40.6,4.64
T15,GL-3464,2026-03-12 21:38:00,7.5235,11.292854,38.9,4.59
T15,GL-3464,2026-03-12 21:39:00,7.523417,11.29241,47.3,3.06
T15,GL-3464,2026-03-12 21:40:00,7.523431,11.292097,33.6,5.51
T15,GL-3464,2026-03-12 21:41:00,7.523168,11.29161,30.7,5.44
T15,GL-3464,2026-03-12 21:42:00,7.523191,11.291259,23.2,4.65
T15,GL-3464,2026-03-12 21:43:00,7.523315,11.290304,25.2,4.54
T15,GL-3464,2026-03-12 21:44:00,7.522971,11.289902,39.4,4.17
T15,GL-3464,2026-03-12 21:45:00,7.522902,11.289357,46.5,3.06
T15,GL-3464,2026-03-12 21:46:00,7.52332,11.289191,19.7,5.53
T15,GL-3464,2026-03-12 21:47:00,7.523269,11.288629,44.9,4.05
T15,GL-3464,2026-03-12 21:48:00,7.5225,11.287828,28.0,4.13
T15,GL-3464,2026-03-12 21:49:00,7.522762,11.287401,25.8,5.47
T15,GL-3464,2026-03-12 21:50:00,7.522747,11.287046,50.3,3.09
T15,GL-3464,2026-03-12 21:51:00,7.522726,11.286479,41.9,4.37
T15,GL-3464,2026-03-12 21:52:00,7.523048,11.285814,41.0,4.6
T15,GL-3464,2026-03-12 21:53:00,7.522811,11.285501,26.2,3.54
T15,GL-3464,2026-03-12 21:54:00,7.522469,11.284934,34.5,4.86
T15,GL-3464,2026-03-12 21:55:00,7.522656,11.284514,52.2,4.99
T15,GL-3464,2026-03-12 21:56:00,7.522068,11.283929,44.0,3.3
T15,GL-3464,2026-03-12 21:57:00,7.522436,11.283608,22.0,3.47
T15,GL-3464,2026-03-12 21:58:00,7.522101,11.283334,51.5,3.7
T15,GL-3464,2026-03-12 21:59:00,7.458254,11.282425,49.1,149.24
T15,GL-3464,2026-03-12 22:00:00,7.522692,11.282208,27.1,5.12
T15,GL-3464,2026-03-12 22:01:00,7.522175,11.281515,49.2,3.17
T15,GL-3464,2026-03-12 22:02:00,7.522728,11.281066,28.2,4.97
T15,GL-3464,2026-03-12 22:03:00,7.522075,11.280566,49.9,3.94
T15,GL-3464,2026-03-12 22:04:00,7.522121,11.279828,28.8,3.58
T15,GL-3464,2026-03-12 22:05:00,7.522226,11.279578,39.2,3.77
T15,GL-3464,2026-03-12 22:06:00,7.521895,11.278735,54.1,2.96
T15,GL-3464,2026-03-12 22:07:00,7.521768,11.278295,48.2,4.47
T15,GL-3464,2026-03-12 22:08:00,7.522185,11.278154,26.0,3.59
T15,GL-3464,2026-03-12 22:09:00,7.522286,11.277435,33.8,3.82
T15,GL-3464,2026-03-12 22:10:00,7.521884,11.276953,20.0,5.36
T15,GL-3464,2026-03-12 22:11:00,7.521178,11.276447,15.0,5.33
T15,GL-3464,2026-03-12 22:12:00,7.521768,11.276302,26.2,5.27
T15,GL-3464,2026-03-12 22:13:00,7.521616,11.275467,28.4,5.21
T15,GL-3464,2026-03-12 22:14:00,7.521517,11.275013,40.4,4.45
T15,GL-3464,2026-03-12 22:15:00,7.522036,11.275008,28.1,4.78
T15,GL-3464,2026-03-12 22:16:00,7.521599,11.274221,20.5,4.61
T15,GL-3464,2026-03-12 22:17:00,7.521417,11.273397,31.6,3.88
T15,GL-3464,2026-03-12 22:18:00,7.521345,11.273109,32.0,3.03
T15,GL-3464,2026-03-12 22:19:00,7.521304,11.272557,35.9,5.51
T15,GL-3464,2026-03-12 22:20:00,7.521257,11.271962,34.5,4.37
T15,GL-3464,2026-03-12 22:21:00,7.520947,11.271597,35.5,3.96
T15,GL-3464,2026-03-12 22:22:00,7.521047,11.270608,47.4,3.57
T15,GL-3464,2026-03-12 22:23:00,7.521383,11.27076,47.9,3.15
T15,GL-3464,2026-03-12 22:24:00,7.520987,11.270021,15.9,5.39
T15,GL-3464,2026-03-12 22:25:00,7.521131,11.269733,39.4,3.14
T15,GL-3464,2026-03-12 22:26:00,7.521175,11.269139,57.4,3.85
T15,GL-3464,2026-03-12 22:27:00,7.521097,11.268422,48.7,5.1
T15,GL-3464,2026-03-12 22:28:00,7.521086,11.268481,27.4,3.85
T15,GL-3464,2026-03-12 22:29:00,7.520612,11.267896,44.2,3.17
T15,GL-3464,2026-03-12 22:30:00,7.520316,11.267089,40.7,4.38
T15,GL-3464,2026-03-12 22:31:00,7.520718,11.265976,28.2,3.44
T15,GL-3464,2026-03-12 22:32:00,7.520592,11.265988,34.4,2.94
T15,GL-3464,2026-03-12 22:33:00,7.520706,11.265218,40.8,4.42
T15,GL-3464,2026-03-12 22:34:00,7.520809,11.265041,29.6,3.69
T15,GL-3464,2026-03-12 22:35:00,7.520001,11.264291,16.7,5.13
T15,GL-3464,2026-03-12 22:36:00,7.520642,11.263641,35.3,4.75
T15,GL-3464,2026-03-12 22:37:00,7.520408,11.263226,18.9,5.28
T15,GL-3464,2026-03-12 22:38:00,7.520532,11.263341,55.7,3.5
T15,GL-3464,2026-03-12 22:39:00,7.520382,11.262509,53.3,3.79
T15,GL-3464,2026-03-12 22:40:00,7.520481,11.262402,27.0,3.81
T15,GL-3464,2026-03-12 22:41:00,7.520264,11.261765,15.7,4.09
T15,GL-3464,2026-03-12 22:42:00,7.520299,11.261082,26.2,5.03
T15,GL-3464,2026-03-12 22:43:00,7.520401,11.26091,48.9,4.25
T15,GL-3464,2026-03-12 22:44:00,7.520201,11.259982,43.8,3.65
T15,GL-3464,2026-03-12 22:45:00,7.520128,11.259372,16.1,4.66
T15,GL-3464,2026-03-12 22:46:00,7.520066,11.259165,36.7,3.49
T15,GL-3464,2026-03-12 22:47:00,7.51986,11.258209,38.0,4.15
T15,GL-3464,2026-03-12 22:48:00,7.520429,11.258061,46.6,4.88
T15,GL-3464,2026-03-12 22:49:00,7.51944,11.257538,50.6,3.86
T15,GL-3464,2026-03-12 22:50:00,7.519933,11.256753,34.7,5.32
T15,GL-3464,2026-03-12 22:51:00,7.51972,11.256423,17.8,3.2
T15,GL-3464,2026-03-12 22:52:00,7.519432,11.25625,44.4,2.87
T15,GL-3464,2026-03-12 22:53:00,7.520079,11.255761,27.3,4.43
T15,GL-3464,2026-03-12 22:54:00,7.51914,11.255005,53.2,4.43
T15,GL-3464,2026-03-12 22:55:00,7.519754,11.254175,17.7,3.96
T15,GL-3464,2026-03-12 22:56:00,7.519285,11.253809,26.2,3.23
T15,GL-3464,2026-03-12 22:57:00,7.519308,11.253345,35.2,4.13
T15,GL-3464,2026-03-12 22:58:00,7.519096,11.253124,37.4,3.49
T15,GL-3464,2026-03-12 22:59:00,7.519093,11.252473,16.9,4.93
T15,GL-3464,2026-03-12 23:00:00,7.519368,11.251692,19.8,3.07
T15,GL-3464,2026-03-12 23:01:00,7.519188,11.251509,20.1,5.19
T15,GL-3464,2026-03-12 23:02:00,7.519092,11.251407,39.8,4.23
T15,GL-3464,2026-03-12 23:03:00,7.518956,11.250602,31.9,4.94
T15,GL-3464,2026-03-12 23:04:00,7.519362,11.250035,41.2,4.34
T15,GL-3464,2026-03-12 23:05:00,7.519128,11.249158,30.5,3.83
T15,GL-3464,2026-03-12 23:06:00,7.518921,11.249265,14.3,3.62
T15,GL-3464,2026-03-12 23:07:00,7.518802,11.248721,29.0,2.99
T15,GL-3464,2026-03-12 23:08:00,7.518744,11.248115,54.5,5.41
T15,GL-3464,2026-03-12 23:09:00,7.518788,11.247421,34.7,3.46
T15,GL-3464,2026-03-12 23:10:00,7.518639,11.247461,21.9,2.82
T15,GL-3464,2026-03-12 23:11:00,7.518589,11.24669,16.0,3.91
T15,GL-3464,2026-03-12 23:12:00,7.518571,11.246045,53.2,3.34
T15,GL-3464,2026-03-12 23:13:00,7.518698,11.245472,17.1,5.06
T15,GL-3464,2026-03-12 23:14:00,7.518322,11.24497,17.7,5.24
T15,GL-3464,2026-03-12 23:15:00,7.518405,11.244549,33.5,5.17
T15,GL-3464,2026-03-12 23:16:00,7.518422,11.243846,29.1,5.23
T15,GL-3464,2026-03-12 23:17:00,7.518245,11.24357,46.2,5.24
T15,GL-3464,2026-03-12 23:18:00,7.518612,11.243213,57.6,4.61
T15,GL-3464,2026-03-12 23:19:00,7.518318,11.242783,,5.35
T15,GL-3464,2026-03-12 23:20:00,7.518084,11.241806,47.6,2.92
T15,GL-3464,2026-03-12 23:21:00,7.518105,11.241407,22.2,4.54
T15,GL-3464,2026-03-12 23:22:00,7.518655,11.241289,47.0,4.4
T15,GL-3464,2026-03-12 23:23:00,7.518084,11.240617,16.9,4.64
T15,GL-3464,2026-03-12 23:24:00,7.51793,11.239901,45.4,3.84
T15,GL-3464,2026-03-12 23:25:00,7.517833,11.239527,50.5,4.11
T15,GL-3464,2026-03-12 23:26:00,7.518369,11.238929,15.3,4.83
T15,GL-3464,2026-03-12 23:27:00,7.517884,11.238289,34.2,5.36
T15,GL-3464,2026-03-12 23:28:00,7.517667,11.238074,47.9,4.33
T15,GL-3464,2026-03-12 23:29:00,7.518312,11.237852,39.4,3.68
T15,GL-3464,2026-03-12 23:30:00,7.517707,11.237143,49.4,4.7
T15,GL-3464,2026-03-12 23:31:00,7.517921,11.236691,42.9,3.55
T15,GL-3464,2026-03-12 23:32:00,7.518134,11.235839,41.0,2.97
T15,GL-3464,2026-03-12 23:33:00,7.517729,11.23547,38.1,4.99
T15,GL-3464,2026-03-12 23:34:00,7.51757,11.234795,14.9,3.34
T15,GL-3464,2026-03-12 23:35:00,7.517356,11.234507,40.2,4.6
T15,GL-3464,2026-03-12 23:36:00,7.517395,11.234034,55.7,4.33
T15,GL-3464,2026-03-12 23:37:00,7.517417,11.23366,44.9,5.3
T15,GL-3464,2026-03-12 23:38:00,7.517741,11.232832,26.4,3.41
T15,GL-3464,2026-03-12 23:39:00,7.517386,11.23273,16.0,3.53
T15,GL-3464,2026-03-12 23:40:00,7.517099,11.232591,42.1,3.89
T15,GL-3464,2026-03-12 23:41:00,7.517185,11.231617,29.5,3.1
T15,GL-3464,2026-03-12 23:42:00,7.51703,11.230737,31.4,3.09
T15,GL-3464,2026-03-12 23:43:00,7.517299,11.230582,40.6,3.2
T15,GL-3464,2026-03-12 23:44:00,7.517298,11.229964,29.0,3.48
T15,GL-3464,2026-03-12 23:45:00,7.517307,11.229476,46.7,2.96
T15,GL-3464,2026-03-12 23:46:00,7.516855,11.229186,32.5,5.39
T15,GL-3464,2026-03-12 23:47:00,7.517008,11.228409,38.3,3.95
T15,GL-3464,2026-03-12 23:48:00,7.516896,11.2283,36.7,4.51
T15,GL-3464,2026-03-12 23:49:00,7.516275,11.2277,36.1,4.58
T15,GL-3464,2026-03-12 23:50:00,7.516785,11.227237,31.6,4.34
T15,GL-3464,2026-03-12 23:51:00,7.5169,11.226499,41.0,3.77
T15,GL-3464,2026-03-12 23:52:00,7.517073,11.225846,39.6,3.42
T15,GL-3464,2026-03-12 23:53:00,7.516284,11.22564,46.7,4.97
T15,GL-3464,2026-03-12 23:54:00,7.516523,11.224632,46.1,5.51
T15,GL-3464,2026-03-12 23:55:00,7.516355,11.224775,17.3,4.15
T15,GL-3464,2026-03-12 23:56:00,7.516134,11.224008,28.7,4.37
T15,GL-3464,2026-03-12 23:57:00,7.516503,11.223449,50.2,5.55
T15,GL-3464,2026-03-12 23:58:00,7.516272,11.222951,28.8,5.12
T15,GL-3464,2026-03-12 23:59:00,7.516463,11.222871,18.6,2.96
T15,GL-3464,2026-03-13 00:00:00,7.516581,11.222551,48.5,0.02
T15,GL-3464,2026-03-13 00:01:00,7.516131,11.222546,38.2,0.44
T15,GL-3464,2026-03-13 00:02:00,7.516618,11.221716,55.9,0.19
T15,GL-3464,2026-03-13 00:03:00,7.516164,11.222388,29.7,0.5
T15,GL-3464,2026-03-13 00:04:00,7.516296,11.222834,48.7,0.45
T15,GL-3464,2026-03-13 00:05:00,7.516591,11.222562,53.0,0.78
T15,GL-3464,2026-03-13 00:06:00,7.516074,11.223045,48.5,0.47
T15,GL-3464,2026-03-13 00:07:00,7.516138,11.222707,28.1,0.39
T15,GL-3464,2026-03-13 00:08:00,7.51659,11.221705,22.4,0.01
T15,GL-3464,2026-03-13 00:09:00,7.516492,11.222948,14.4,0.2
T15,GL-3464,2026-03-13 00:10:00,7.515983,11.223007,34.6,0.21
T15,GL-3464,2026-03-13 00:11:00,7.516298,11.22246,22.9,0.72
T15,GL-3464,2026-03-13 00:12:00,7.516646,11.222515,31.5,0.58
T15,GL-3464,2026-03-13 00:13:00,7.516518,11.222902,38.3,0.4
T15,GL-3464,2026-03-13 00:14:00,7.516464,11.222122,47.7,0.01
T15,GL-3464,2026-03-13 00:15:00,7.516292,11.222541,43.8,0.31
T15,GL-3464,2026-03-13 00:16:00,7.516353,11.22259,22.6,0.26
T15,GL-3464,2026-03-13 00:17:00,7.516625,11.222388,34.7,0.38
T15,GL-3464,2026-03-13 00:18:00,7.516675,11.222924,55.3,0.67
T15,GL-3464,2026-03-13 00:19:00,7.51648,11.222638,22.1,0.51
T15,GL-3464,2026-03-13 00:20:00,7.516879,11.222386,,0.45
T15,GL-3464,2026-03-13 00:21:00,7.516365,11.222951,54.7,0.77
T15,GL-3464,2026-03-13 00:22:00,7.516191,11.222607,21.5,0.71
T15,GL-3464,2026-03-13 00:23:00,7.516089,11.222299,29.2,0.31
T15,GL-3464,2026-03-13 00:24:00,7.516829,11.222372,35.2,0.1
T15,GL-3464,2026-03-13 00:25:00,7.516444,11.222591,37.1,0.39
T15,GL-3464,2026-03-13 00:26:00,7.516269,11.222631,50.2,0.4
T15,GL-3464,2026-03-13 00:27:00,7.690712,11.222601,31.4,469.48
T15,GL-3464,2026-03-13 00:28:00,7.516747,11.222821,42.1,0.85
T15,GL-3464,2026-03-13 00:29:00,7.516779,11.222891,23.4,3.16
T15,GL-3464,2026-03-13 00:30:00,7.517201,11.222728,,3.71
T15,GL-3464,2026-03-13 00:31:00,7.518278,11.223558,47.1,2.88
T15,GL-3464,2026-03-13 00:32:00,7.518322,11.223407,15.2,4.99
T15,GL-3464,2026-03-13 00:33:00,7.518828,11.223758,16.2,3.18
T15,GL-3464,2026-03-13 00:34:00,7.519146,11.223524,24.7,3.6
T15,GL-3464,2026-03-13 00:35:00,7.519646,11.223428,18.2,4.54
T15,GL-3464,2026-03-13 00:36:00,7.520438,11.223722,23.5,4.62
T15,GL-3464,2026-03-13 00:37:00,7.519731,11.224028,40.9,3.41
T15,GL-3464,2026-03-13 00:38:00,7.521511,11.224028,40.1,5.0
T15,GL-3464,2026-03-13 00:39:00,7.521303,11.22447,27.6,4.08
T15,GL-3464,2026-03-13 00:40:00,7.521826,11.224668,49.8,3.52
T15,GL-3464,2026-03-13 00:41:00,7.522891,11.225183,49.7,4.64
T15,GL-3464,2026-03-13 00:42:00,7.523183,11.225033,34.3,3.99
T15,GL-3464,2026-03-13 00:43:00,7.523241,11.225455,28.9,3.76
T15,GL-3464,2026-03-13 00:44:00,7.523679,11.225302,24.5,4.48
T15,GL-3464,2026-03-13 00:45:00,7.524636,11.225524,28.7,5.11
T15,GL-3464,2026-03-13 00:46:00,7.525051,11.22578,18.3,3.7
T15,GL-3464,2026-03-13 00:47:00,7.525178,11.225726,35.4,3.83
T15,GL-3464,2026-03-13 00:48:00,7.525856,11.226028,51.4,4.55
T15,GL-3464,2026-03-13 00:49:00,7.526481,11.226111,56.9,3.23
T15,GL-3464,2026-03-13 00:50:00,7.526852,11.226641,23.9,4.69
T15,GL-3464,2026-03-13 00:51:00,7.526991,11.22647,18.9,2.95
T15,GL-3464,2026-03-13 00:52:00,7.527805,11.22658,56.2,3.13
T15,GL-3464,2026-03-13 00:53:00,7.528228,11.227034,40.8,4.93
T15,GL-3464,2026-03-13 00:54:00,7.528623,11.227057,30.6,3.28
T15,GL-3464,2026-03-13 00:55:00,7.529421,11.227501,50.1,5.28
T15,GL-3464,2026-03-13 00:56:00,7.530053,11.227976,47.3,2.89
T15,GL-3464,2026-03-13 00:57:00,7.530094,11.227763,20.3,4.57
T15,GL-3464,2026-03-13 00:58:00,7.530553,11.228033,30.7,3.67
T15,GL-3464,2026-03-13 00:59:00,7.531296,11.227783,16.0,5.49
T15,GL-3464,2026-03-13 01:00:00,7.531744,11.228255,20.5,3.59
T15,GL-3464,2026-03-13 01:01:00,7.531952,11.228335,40.4,3.7
T15,GL-3464,2026-03-13 01:02:00,7.53258,11.228339,,3.65
T15,GL-3464,2026-03-13 01:03:00,7.532853,11.22828,39.2,5.4
T15,GL-3464,2026-03-13 01:04:00,7.533268,11.229121,45.6,4.76
T15,GL-3464,2026-03-13 01:05:00,7.53391,11.22909,24.5,3.6
T15,GL-3464,2026-03-13 01:06:00,7.534479,11.229286,28.6,2.83
T15,GL-3464,2026-03-13 01:07:00,7.534474,11.229484,31.3,4.33
T15,GL-3464,2026-03-13 01:08:00,7.535386,11.229366,42.0,3.66
T15,GL-3464,2026-03-13 01:09:00,7.536016,11.229855,14.5,5.22
T15,GL-3464,2026-03-13 01:10:00,7.536697,11.229767,49.5,5.54
T15,GL-3464,2026-03-13 01:11:00,7.536887,11.230022,26.3,3.4
T15,GL-3464,2026-03-13 01:12:00,7.537408,11.230023,36.2,4.53
T15,GL-3464,2026-03-13 01:13:00,7.537773,11.23047,43.8,4.17
T15,GL-3464,2026-03-13 01:14:00,7.538469,11.230573,16.0,3.0
T15,GL-3464,2026-03-13 01:15:00,7.538822,11.230845,33.2,4.66
T15,GL-3464,2026-03-13 01:16:00,7.538881,11.23084,32.6,4.54
T15,GL-3464,2026-03-13 01:17:00,7.539813,11.231248,16.2,5.57
T15,GL-3464,2026-03-13 01:18:00,7.539994,11.231276,21.7,5.43
T15,GL-3464,2026-03-13 01:19:00,7.703538,11.230908,24.3,400.93
T15,GL-3464,2026-03-13 01:20:00,7.541159,11.231484,14.7,4.69
T15,GL-3464,2026-03-13 01:21:00,7.541636,11.232093,37.1,5.24
T15,GL-3464,2026-03-13 01:22:00,7.542153,11.231907,20.8,5.37
T15,GL-3464,2026-03-13 01:23:00,7.542503,11.232038,51.5,3.44
T15,GL-3464,2026-03-13 01:24:00,7.542852,11.232586,48.7,4.29
T15,GL-3464,2026-03-13 01:25:00,7.543634,11.232435,36.8,3.1
T15,GL-3464,2026-03-13 01:26:00,7.543645,11.232961,41.5,3.83
T15,GL-3464,2026-03-13 01:27:00,7.54399,11.233021,49.9,2.91
T15,GL-3464,2026-03-13 01:28:00,7.544565,11.233337,36.0,3.33
T15,GL-3464,2026-03-13 01:29:00,7.545566,11.233592,48.7,4.5
T15,GL-3464,2026-03-13 01:30:00,7.546098,11.233392,44.8,4.17
T15,GL-3464,2026-03-13 01:31:00,7.546352,11.234184,22.5,4.88
T15,GL-3464,2026-03-13 01:32:00,7.546484,11.234086,32.5,4.97
T15,GL-3464,2026-03-13 01:33:00,7.547004,11.233629,23.9,3.72
T15,GL-3464,2026-03-13 01:34:00,7.547733,11.233989,52.2,3.2
T15,GL-3464,2026-03-13 01:35:00,7.548297,11.234307,21.5,5.45
T15,GL-3464,2026-03-13 01:36:00,7.548854,11.234594,55.9,2.92
T15,GL-3464,2026-03-13 01:37:00,7.549439,11.234887,22.2,3.9
T15,GL-3464,2026-03-13 01:38:00,7.549635,11.235114,57.0,4.41
T15,GL-3464,2026-03-13 01:39:00,7.549967,11.234947,50.1,4.12
T15,GL-3464,2026-03-13 01:40:00,7.550519,11.234703,15.5,4.65
T15,GL-3464,2026-03-13 01:41:00,7.550708,11.235432,19.6,5.48
T15,GL-3464,2026-03-13 01:42:00,7.551726,11.235175,16.8,3.52
T15,GL-3464,2026-03-13 01:43:00,7.552223,11.235658,34.4,2.91
T15,GL-3464,2026-03-13 01:44:00,7.552649,11.235535,18.8,3.63
T15,GL-3464,2026-03-13 01:45:00,7.552833,11.236196,46.4,3.2
T15,GL-3464,2026-03-13 01:46:00,7.55374,11.236127,35.9,4.35
T15,GL-3464,2026-03-13 01:47:00,7.553782,11.23628,54.3,5.38
T15,GL-3464,2026-03-13 01:48:00,7.554165,11.236325,25.0,5.04
T15,GL-3464,2026-03-13 01:49:00,7.555198,11.236897,21.3,2.93
T15,GL-3464,2026-03-13 01:50:00,7.555394,11.23654,51.8,4.59
T15,GL-3464,2026-03-13 01:51:00,7.55566,11.23736,31.1,3.05
T15,GL-3464,2026-03-13 01:52:00,7.556483,11.237273,16.4,5.32
T15,GL-3464,2026-03-13 01:53:00,7.556903,11.237328,29.7,3.96
T15,GL-3464,2026-03-13 01:54:00,7.557237,11.237492,51.3,5.41
T15,GL-3464,2026-03-13 01:55:00,7.558213,11.238136,24.6,4.12
T15,GL-3464,2026-03-13 01:56:00,7.558126,11.237752,43.0,4.13
T15,GL-3464,2026-03-13 01:57:00,7.558568,11.238251,14.6,4.0
T15,GL-3464,2026-03-13 01:58:00,7.559139,11.23863,16.1,4.17
T15,GL-3464,2026-03-13 01:59:00,7.559427,11.238222,20.6,3.22
T15,GL-3464,2026-03-13 02:00:00,7.560259,11.238552,42.3,3.79
T15,GL-3464,2026-03-13 02:01:00,7.560402,11.23869,24.7,4.85
T15,GL-3464,2026-03-13 02:02:00,7.561141,11.239144,41.1,5.32
T15,GL-3464,2026-03-13 02:03:00,7.560898,11.239122,49.9,5.24
T15,GL-3464,2026-03-13 02:04:00,7.562131,11.2392,26.0,3.88
T15,GL-3464,2026-03-13 02:05:00,7.562872,11.239413,31.3,3.67
T15,GL-3464,2026-03-13 02:06:00,7.562824,11.23969,46.1,4.31
T15,GL-3464,2026-03-13 02:07:00,7.563471,11.240023,51.6,3.61
T15,GL-3464,2026-03-13 02:08:00,7.56445,11.240038,29.8,3.93
T15,GL-3464,2026-03-13 02:09:00,7.564281,11.240465,14.2,5.18
T15,GL-3464,2026-03-13 02:10:00,7.565058,11.240298,57.9,4.95
T15,GL-3464,2026-03-13 02:11:00,7.564994,11.240373,48.0,3.1
T15,GL-3464,2026-03-13 02:12:00,7.565607,11.241124,51.7,4.89
T15,GL-3464,2026-03-13 02:13:00,7.566251,11.241249,26.3,3.97
T15,GL-3464,2026-03-13 02:14:00,7.566404,11.241117,29.9,4.8
T15,GL-3464,2026-03-13 02:15:00,7.567496,11.241139,48.6,3.71
T15,GL-3464,2026-03-13 02:16:00,7.567556,11.241535,31.2,4.67
T15,GL-3464,2026-03-13 02:17:00,7.568224,11.24142,37.5,3.83
T15,GL-3464,2026-03-13 02:18:00,7.569114,11.241706,26.8,5.41
T15,GL-3464,2026-03-13 02:19:00,7.568646,11.242007,28.1,3.36
T15,GL-3464,2026-03-13 02:20:00,7.569586,11.242207,22.4,4.38
T15,GL-3464,2026-03-13 02:21:00,7.570229,11.242537,18.7,4.47
T15,GL-3464,2026-03-13 02:22:00,7.570618,11.242792,33.2,4.48
T15,GL-3464,2026-03-13 02:23:00,7.570873,11.243038,21.8,3.76
T15,GL-3464,2026-03-13 02:24:00,7.571783,11.243293,42.0,3.5
T15,GL-3464,2026-03-13 02:25:00,7.572342,11.243141,55.4,4.22
T15,GL-3464,2026-03-13 02:26:00,7.572525,11.242874,32.2,3.91
T15,GL-3464,2026-03-13 02:27:00,7.573195,11.243536,23.2,4.52
T15,GL-3464,2026-03-13 02:28:00,7.573402,11.24362,57.8,2.87
T15,GL-3464,2026-03-13 02:29:00,7.574143,11.243713,44.8,3.15
T15,GL-3464,2026-03-13 02:30:00,7.574397,11.244088,27.3,2.87
T15,GL-3464,2026-03-13 02:31:00,7.574718,11.244288,31.1,4.88
T15,GL-3464,2026-03-13 02:32:00,7.575439,11.24483,32.7,4.96
T15,GL-3464,2026-03-13 02:33:00,7.575937,11.244421,56.0,2.82
T15,GL-3464,2026-03-13 02:34:00,7.575987,11.244744,54.3,5.56
T15,GL-3464,2026-03-13 02:35:00,7.576601,11.244747,21.0,2.92
T15,GL-3464,2026-03-13 02:36:00,7.301061,11.245169,44.4,371.49
T15,GL-3464,2026-03-13 02:37:00,7.577815,11.245152,28.0,3.25
T15,GL-3464,2026-03-13 02:38:00,7.577684,11.245323,15.5,4.06
T15,GL-3464,2026-03-13 02:39:00,7.578721,11.245888,26.2,3.09
T15,GL-3464,2026-03-13 02:40:00,7.579055,11.245592,40.1,3.59
T15,GL-3464,2026-03-13 02:41:00,7.579919,11.24611,35.2,3.12
T15,GL-3464,2026-03-13 02:42:00,7.580341,11.246072,,4.62
T15,GL-3464,2026-03-13 02:43:00,7.580702,11.246528,47.7,5.6
T15,GL-3464,2026-03-13 02:44:00,7.581021,11.246134,21.7,5.07
T15,GL-3464,2026-03-13 02:45:00,7.581279,11.246647,55.6,4.87
T15,GL-3464,2026-03-13 02:46:00,7.58207,11.246715,56.8,4.21
T15,GL-3464,2026-03-13 02:47:00,7.582091,11.246521,30.4,4.79
T15,GL-3464,2026-03-13 02:48:00,7.582988,11.247367,27.8,4.12
T15,GL-3464,2026-03-13 02:49:00,7.583603,11.247013,46.2,3.22
T15,GL-3464,2026-03-13 02:50:00,7.58398,11.247557,15.9,5.04
T15,GL-3464,2026-03-13 02:51:00,7.584335,11.247818,30.3,3.73
T15,GL-3464,2026-03-13 02:52:00,7.584615,11.24744,38.8,5.46
T15,GL-3464,2026-03-13 02:53:00,7.585516,11.24775,19.9,2.86
T15,GL-3464,2026-03-13 02:54:00,7.585598,11.24813,56.6,4.98
T15,GL-3464,2026-03-13 02:55:00,7.586454,11.247959,55.5,5.33
T15,GL-3464,2026-03-13 02:56:00,7.586763,11.248766,50.5,5.23
T15,GL-3464,2026-03-13 02:57:00,7.587093,11.248648,15.8,5.07
T15,GL-3464,2026-03-13 02:58:00,7.587547,11.249077,45.6,4.61
T15,GL-3464,2026-03-13 02:59:00,7.588147,11.248827,55.9,4.98
T15,GL-3464,2026-03-13 03:00:00,7.58873,11.249071,45.0,4.21
T15,GL-3464,2026-03-13 03:01:00,7.589254,11.249253,49.0,5.2
T15,GL-3464,2026-03-13 03:02:00,7.590288,11.249282,35.0,2.8
T15,GL-3464,2026-03-13 03:03:00,7.590028,11.24946,42.7,3.26
T15,GL-3464,2026-03-13 03:04:00,7.591201,11.250039,31.4,5.06
T15,GL-3464,2026-03-13 03:05:00,7.591196,11.249922,15.9,4.95
T15,GL-3464,2026-03-13 03:06:00,7.59178,11.250404,39.5,5.29
T15,GL-3464,2026-03-13 03:07:00,7.591943,11.250479,30.3,4.19
T15,GL-3464,2026-03-13 03:08:00,7.592684,11.250919,48.5,3.28
T15,GL-3464,2026-03-13 03:09:00,7.592906,11.250647,26.7,4.45
T15,GL-3464,2026-03-13 03:10:00,7.593157,11.250645,17.3,3.74
T15,GL-3464,2026-03-13 03:11:00,7.593579,11.25074,46.5,3.22
T15,GL-3464,2026-03-13 03:12:00,7.594536,11.2513,36.1,5.55
T15,GL-3464,2026-03-13 03:13:00,7.59524,11.251476,38.0,4.6
T15,GL-3464,2026-03-13 03:14:00,7.595687,11.251213,36.9,4.86
T15,GL-3464,2026-03-13 03:15:00,7.595619,11.251507,55.4,4.85
T15,GL-3464,2026-03-13 03:16:00,7.596322,11.251714,25.1,5.46
T15,GL-3464,2026-03-13 03:17:00,7.596493,11.251901,28.6,5.59
T15,GL-3464,2026-03-13 03:18:00,7.597132,11.252191,38.8,5.15
T15,GL-3464,2026-03-13 03:19:00,7.598122,11.252672,19.0,5.45
T15,GL-3464,2026-03-13 03:20:00,7.598169,11.252603,44.6,3.62
T15,GL-3464,2026-03-13 03:21:00,7.598969,11.25242,29.8,4.53
T15,GL-3464,2026-03-13 03:22:00,7.599305,11.253145,57.7,4.82
T15,GL-3464,2026-03-13 03:23:00,7.59928,11.25334,54.0,4.18
T15,GL-3464,2026-03-13 03:24:00,7.600297,11.253441,14.3,2.92
T15,GL-3464,2026-03-13 03:25:00,7.600864,11.25398,53.5,2.93
T15,GL-3464,2026-03-13 03:26:00,7.600925,11.253765,,3.71
T15,GL-3464,2026-03-13 03:27:00,7.60147,11.253686,20.1,3.06
T15,GL-3464,2026-03-13 03:28:00,7.60196,11.254066,26.8,4.39
T15,GL-3464,2026-03-13 03:29:00,7.602293,11.254328,39.6,4.48
T15,GL-3464,2026-03-13 03:30:00,7.603047,11.254815,47.2,4.17
T15,GL-3464,2026-03-13 03:31:00,7.60349,11.254512,34.4,3.81
T15,GL-3464,2026-03-13 03:32:00,7.603809,11.254611,28.6,4.88
T15,GL-3464,2026-03-13 03:33:00,7.604652,11.255083,14.8,4.65
T15,GL-3464,2026-03-13 03:34:00,7.604564,11.255381,20.3,4.29
T15,GL-3464,2026-03-13 03:35:00,7.605301,11.255035,56.6,3.81
T15,GL-3464,2026-03-13 03:36:00,7.605756,11.255857,32.4,4.42
T15,GL-3464,2026-03-13 03:37:00,7.606548,11.255737,41.1,3.47
T15,GL-3464,2026-03-13 03:38:00,7.606556,11.256089,33.8,4.4
T15,GL-3464,2026-03-13 03:39:00,7.607458,11.25585,28.4,4.37
T15,GL-3464,2026-03-13 03:40:00,7.607523,11.255822,32.1,4.08
T15,GL-3464,2026-03-13 03:41:00,7.608332,11.256948,30.3,3.15
T15,GL-3464,2026-03-13 03:42:00,7.609021,11.256702,32.5,4.45
T15,GL-3464,2026-03-13 03:43:00,7.609223,11.257044,49.9,4.24
T15,GL-3464,2026-03-13 03:44:00,7.610082,11.256547,54.9,4.49
T15,GL-3464,2026-03-13 03:45:00,7.610087,11.256882,22.1,4.46
T15,GL-3464,2026-03-13 03:46:00,7.61066,11.257109,20.0,4.69
T15,GL-3464,2026-03-13 03:47:00,7.611418,11.257676,52.8,3.92
T15,GL-3464,2026-03-13 03:48:00,7.611548,11.257866,34.4,4.74
T15,GL-3464,2026-03-13 03:49:00,11.257949,7.611913,54.5,4.99
T15,GL-3464,2026-03-13 03:50:00,7.612454,11.257921,33.0,5.27
T15,GL-3464,2026-03-13 03:51:00,7.612959,11.258154,21.1,3.75
T15,GL-3464,2026-03-13 03:52:00,7.613306,11.258508,22.0,3.71
T15,GL-3464,2026-03-13 03:53:00,7.613957,11.258338,19.8,4.63
T15,GL-3464,2026-03-13 03:54:00,7.614327,11.259228,41.3,5.54
T15,GL-3464,2026-03-13 03:55:00,7.61521,11.259031,29.4,3.84
T15,GL-3464,2026-03-13 03:56:00,7.615635,11.258918,16.4,5.11
T15,GL-3464,2026-03-13 03:57:00,7.616133,11.258935,34.3,3.83
T15,GL-3464,2026-03-13 03:58:00,7.616244,11.259472,27.0,4.5
T15,GL-3464,2026-03-13 03:59:00,7.616678,11.259531,20.4,3.82
T15,GL-3464,2026-03-13 04:00:00,7.617326,11.259885,20.3,3.58
T15,GL-3464,2026-03-13 04:01:00,7.617997,11.260198,36.6,5.34
T15,GL-3464,2026-03-13 04:02:00,7.61806,11.260077,49.2,3.08
T15,GL-3464,2026-03-13 04:03:00,7.619001,11.259989,45.5,4.15
T15,GL-3464,2026-03-13 04:04:00,7.619407,11.260594,48.3,2.93
T15,GL-3464,2026-03-13 04:05:00,7.6195,11.260718,20.1,5.45
T15,GL-3464,2026-03-13 04:06:00,7.620554,11.260789,50.5,3.89
T15,GL-3464,2026-03-13 04:07:00,7.620374,11.260869,57.7,3.35
T15,GL-3464,2026-03-13 04:08:00,7.62108,11.261012,30.4,3.05
T15,GL-3464,2026-03-13 04:09:00,7.621526,11.261271,19.4,4.07
T15,GL-3464,2026-03-13 04:10:00,7.621678,11.261467,49.9,4.56
T15,GL-3464,2026-03-13 04:11:00,7.62269,11.261969,50.4,3.92
T15,GL-3464,2026-03-13 04:12:00,7.623286,11.261052,27.3,3.12
T15,GL-3464,2026-03-13 04:13:00,7.623438,11.262095,17.8,3.23
T15,GL-3464,2026-03-13 04:14:00,7.623832,11.262156,46.7,5.07
T15,GL-3464,2026-03-13 04:15:00,7.624345,11.261945,54.6,2.94
T15,GL-3464,2026-03-13 04:16:00,7.625032,11.262557,28.0,2.99
T15,GL-3464,2026-03-13 04:17:00,7.625103,11.262944,36.9,4.65
T15,GL-3464,2026-03-13 04:18:00,7.626109,11.262687,33.3,3.33
T15,GL-3464,2026-03-13 04:19:00,7.626016,11.262964,37.8,3.17
T15,GL-3464,2026-03-13 04:20:00,7.626663,11.263099,34.8,3.68
T15,GL-3464,2026-03-13 04:21:00,7.627291,11.263475,17.8,5.12
T15,GL-3464,2026-03-13 04:22:00,7.627837,11.263653,54.4,3.09
T15,GL-3464,2026-03-13 04:23:00,7.628211,11.263418,29.5,3.26
T15,GL-3464,2026-03-13 04:24:00,7.62866,11.263718,42.6,4.1
T15,GL-3464,2026-03-13 04:25:00,7.629121,11.264279,19.9,4.64
T15,GL-3464,2026-03-13 04:26:00,7.629303,11.2645,21.9,5.55
T15,GL-3464,2026-03-13 04:27:00,7.630141,11.264562,19.0,3.82
T15,GL-3464,2026-03-13 04:28:00,7.630305,11.264489,16.2,4.21
T15,GL-3464,2026-03-13 04:29:00,7.630827,11.265062,30.8,2.97
T15,GL-3464,2026-03-13 04:30:00,7.631586,11.265199,56.2,3.31
T15,GL-3464,2026-03-13 04:31:00,7.632092,11.265721,41.6,5.32
T15,GL-3464,2026-03-13 04:32:00,7.632811,11.265214,18.3,4.8
T15,GL-3464,2026-03-13 04:33:00,7.632593,11.265706,42.2,3.62
T15,GL-3464,2026-03-13 04:34:00,7.633167,11.265732,17.3,2.91
T15,GL-3464,2026-03-13 04:35:00,7.63361,11.266256,25.2,4.37
T15,GL-3464,2026-03-13 04:36:00,7.63447,11.26578,42.0,5.12
T15,GL-3464,2026-03-13 04:37:00,7.634679,11.266501,45.2,4.84
T15,GL-3464,2026-03-13 04:38:00,7.635713,11.266311,50.3,5.13
T15,GL-3464,2026-03-13 04:39:00,7.635904,11.266791,35.1,4.51
T15,GL-3464,2026-03-13 04:40:00,7.636316,11.266644,44.8,4.46
T15,GL-3464,2026-03-13 04:41:00,7.637099,11.266638,16.6,5.18
T15,GL-3464,2026-03-13 04:42:00,7.637418,11.267442,35.7,4.15
T15,GL-3464,2026-03-13 04:43:00,7.637622,11.267653,37.7,5.07
T15,GL-3464,2026-03-13 04:44:00,7.638599,11.267477,27.9,4.15
T15,GL-3464,2026-03-13 04:45:00,7.638322,11.267243,31.6,3.96
T15,GL-3464,2026-03-13 04:46:00,7.639186,11.267456,54.7,4.34
T15,GL-3464,2026-03-13 04:47:00,7.639699,11.267895,41.5,5.3
T15,GL-3464,2026-03-13 04:48:00,7.640059,11.268573,47.5,4.24
T15,GL-3464,2026-03-13 04:49:00,7.640413,11.26776,16.0,5.29
T15,GL-3464,2026-03-13 04:50:00,7.640986,11.268329,33.6,3.91
T15,GL-3464,2026-03-13 04:51:00,7.641471,11.268403,20.0,3.96
T15,GL-3464,2026-03-13 04:52:00,7.642251,11.269066,37.0,5.16
T15,GL-3464,2026-03-13 04:53:00,7.642462,11.269105,24.9,5.59
T15,GL-3464,2026-03-13 04:54:00,7.642636,11.26914,32.6,4.56
T15,GL-3464,2026-03-13 04:55:00,7.643354,11.26928,22.7,4.65
T15,GL-3464,2026-03-13 04:56:00,7.644091,11.269485,20.3,3.03
T15,GL-3464,2026-03-13 04:57:00,7.644469,11.269519,24.4,2.8
T15,GL-3464,2026-03-13 04:58:00,7.644762,11.270041,19.7,5.18
T15,GL-3464,2026-03-13 04:59:00,7.645448,11.270263,45.3,4.23
T15,GL-3464,2026-03-13 05:00:00,7.645902,11.270318,38.4,2.82
T15,GL-3464,2026-03-13 05:01:00,7.646027,11.270476,40.1,2.94
T15,GL-3464,2026-03-13 05:02:00,7.64679,11.270909,29.9,3.65
T15,GL-3464,2026-03-13 05:03:00,7.647154,11.270764,36.7,3.67
T15,GL-3464,2026-03-13 05:04:00,7.647827,11.270917,34.5,3.41
T15,GL-3464,2026-03-13 05:05:00,7.647951,11.271361,55.3,3.77
T15,GL-3464,2026-03-13 05:06:00,7.648996,11.271387,53.8,5.4
T15,GL-3464,2026-03-13 05:07:00,7.649191,11.271057,51.8,3.94
T15,GL-3464,2026-03-13 05:08:00,7.649363,11.271499,18.6,4.4
T15,GL-3464,2026-03-13 05:09:00,7.650288,11.27179,23.4,3.35
T15,GL-3464,2026-03-13 05:10:00,7.650551,11.271815,28.2,3.9
T15,GL-3464,2026-03-13 05:11:00,7.650863,11.272166,40.0,3.88
T15,GL-3464,2026-03-13 05:12:00,7.651539,11.272352,55.4,5.47
T15,GL-3464,2026-03-13 05:13:00,7.65223,11.27231,14.1,3.05
T15,GL-3464,2026-03-13 05:14:00,7.652525,11.272599,21.4,4.83
T15,GL-3464,2026-03-13 05:15:00,7.653092,11.272806,44.2,3.45
T15,GL-3464,2026-03-13 05:16:00,7.653457,11.273031,26.8,4.67
T15,GL-3464,2026-03-13 05:17:00,7.653701,11.273103,31.8,4.91
T15,GL-3464,2026-03-13 05:18:00,7.654383,11.273291,55.5,2.99
T15,GL-3464,2026-03-13 05:19:00,7.654986,11.273585,43.4,4.3
T15,GL-3464,2026-03-13 05:20:00,7.655787,11.273363,18.2,3.64
T15,GL-3464,2026-03-13 05:21:00,7.655424,11.274194,45.4,4.21
T15,GL-3464,2026-03-13 05:22:00,7.656608,11.274263,35.7,2.84
T15,GL-3464,2026-03-13 05:23:00,7.656741,11.274288,22.4,3.49
T15,GL-3464,2026-03-13 05:24:00,7.657534,11.274338,32.7,4.26
T15,GL-3464,2026-03-13 05:25:00,7.658105,11.274621,25.4,4.93
T15,GL-3464,2026-03-13 05:26:00,7.658224,11.275193,41.8,3.98
T15,GL-3464,2026-03-13 05:27:00,7.658598,11.275256,17.6,4.47
T15,GL-3464,2026-03-13 05:28:00,7.659028,11.275221,38.8,5.01
T15,GL-3464,2026-03-13 05:29:00,7.659297,11.275542,43.0,3.98
T15,GL-3464,2026-03-13 05:30:00,7.659918,11.275744,34.1,2.84
T15,GL-3464,2026-03-13 05:31:00,7.660474,11.275564,46.0,5.59
T15,GL-3464,2026-03-13 05:32:00,7.66084,11.275731,54.1,4.58
T15,GL-3464,2026-03-13 05:33:00,7.661361,11.276456,21.5,3.19
T15,GL-3464,2026-03-13 05:34:00,7.662521,11.276056,36.2,3.67
T15,GL-3464,2026-03-13 05:35:00,7.662695,11.276899,55.2,2.82
T15,GL-3464,2026-03-13 05:36:00,7.662646,11.276421,28.2,3.8
T15,GL-3464,2026-03-13 05:37:00,7.66372,11.276911,40.0,2.97
T15,GL-3464,2026-03-13 05:38:00,7.663859,11.27686,40.3,4.38
T15,GL-3464,2026-03-13 05:39:00,7.664181,11.276668,24.4,3.8
T15,GL-3464,2026-03-13 05:40:00,7.664874,11.277493,46.0,4.76
T15,GL-3464,2026-03-13 05:41:00,7.665107,11.27746,51.7,3.04
T15,GL-3464,2026-03-13 05:42:00,7.665652,11.277287,43.0,3.79
T15,GL-3464,2026-03-13 05:43:00,7.666159,11.27761,52.5,3.77
T15,GL-3464,2026-03-13 05:44:00,7.6667,11.277803,57.8,5.02
T15,GL-3464,2026-03-13 05:45:00,7.666939,11.278116,44.8,4.41
T15,GL-3464,2026-03-13 05:46:00,7.667377,11.278258,57.6,3.68
T15,GL-3464,2026-03-13 05:47:00,7.668283,11.278267,48.5,5.43
T15,GL-3464,2026-03-13 05:48:00,7.668484,11.278574,52.0,4.61
T15,GL-3464,2026-03-13 05:49:00,7.669149,11.278966,33.1,3.65
T15,GL-3464,2026-03-13 05:50:00,7.669602,11.278724,51.2,5.47
T15,GL-3464,2026-03-13 05:51:00,7.669579,11.279387,21.5,3.33
T15,GL-3464,2026-03-13 05:52:00,7.670565,11.279699,50.3,3.58
T15,GL-3464,2026-03-13 05:53:00,7.670737,11.27947,36.7,3.2
T15,GL-3464,2026-03-13 05:54:00,7.671384,11.27979,25.4,4.18
T15,GL-3464,2026-03-13 05:55:00,7.672263,11.279865,26.2,4.42
T15,GL-3464,2026-03-13 05:56:00,7.672047,11.280023,22.3,2.98
T15,GL-3464,2026-03-13 05:57:00,7.67242,11.279967,20.8,4.97
T15,GL-3464,2026-03-13 05:58:00,7.673313,11.2799,20.1,2.92
T15,GL-3464,2026-03-13 05:59:00,7.673862,11.280598,26.7,3.31
T15,GL-3464,2026-03-13 06:00:00,7.674563,11.28048,43.8,4.51
T15,GL-3464,2026-03-13 06:01:00,7.67479,11.281174,55.2,5.29
T15,GL-3464,2026-03-13 06:02:00,7.675495,11.281044,16.8,2.88
T15,GL-3464,2026-03-13 06:03:00,7.675929,11.281138,38.6,4.95
T15,GL-3464,2026-03-13 06:04:00,7.676219,11.281531,35.6,3.24
T15,GL-3464,2026-03-13 06:05:00,7.676598,11.281206,57.3,4.63
T15,GL-3464,2026-03-13 06:06:00,7.677445,11.282259,25.3,3.57
T15,GL-3464,2026-03-13 06:07:00,7.67794,11.282084,44.9,3.71
T15,GL-3464,2026-03-13 06:08:00,7.678134,11.282156,42.6,3.63
T15,GL-3464,2026-03-13 06:09:00,7.678773,11.282484,30.4,3.17
T15,GL-3464,2026-03-13 06:10:00,7.678719,11.282359,21.7,4.52
T15,GL-3464,2026-03-13 06:11:00,7.679772,11.282708,39.8,5.26
T15,GL-3464,2026-03-13 06:12:00,7.679754,11.282497,54.3,4.2
T15,GL-3464,2026-03-13 06:13:00,7.68045,11.282729,35.1,3.73
T15,GL-3464,2026-03-13 06:14:00,7.680976,11.282975,22.0,3.24
T15,GL-3464,2026-03-13 06:15:00,7.681447,11.283313,24.4,5.31
T15,GL-3464,2026-03-13 06:16:00,7.682021,11.283379,29.1,5.01
T15,GL-3464,2026-03-13 06:17:00,7.682063,11.284048,40.4,3.62
T15,GL-3464,2026-03-13 06:18:00,7.683091,11.283993,45.0,3.11
T15,GL-3464,2026-03-13 06:19:00,7.683162,11.284202,26.7,5.33
T15,GL-3464,2026-03-13 06:20:00,7.683457,11.284251,34.1,4.66
T15,GL-3464,2026-03-13 06:21:00,7.684487,11.284315,28.0,5.48
T15,GL-3464,2026-03-13 06:22:00,7.684799,11.284974,52.6,2.98
T15,GL-3464,2026-03-13 06:23:00,7.685586,11.284743,43.1,5.12
T15,GL-3464,2026-03-13 06:24:00,7.685267,11.284748,30.3,5.05
T15,GL-3464,2026-03-13 06:25:00,7.686163,11.285178,26.6,2.89
T15,GL-3464,2026-03-13 06:26:00,7.686371,11.285426,19.6,5.07
T15,GL-3464,2026-03-13 06:27:00,7.686946,11.285344,33.4,3.9
T15,GL-3464,2026-03-13 06:28:00,7.687597,11.285694,23.1,3.68
T15,GL-3464,2026-03-13 06:29:00,7.688189,11.286102,35.1,4.01
T15,GL-3464,2026-03-13 06:30:00,7.688705,11.285892,14.8,4.38
T15,GL-3464,2026-03-13 06:31:00,7.68913,11.286401,47.1,3.28
T15,GL-3464,2026-03-13 06:32:00,7.689509,11.286293,19.4,3.34
T15,GL-3464,2026-03-13 06:33:00,7.690208,11.286779,28.4,3.62
T15,GL-3464,2026-03-13 06:34:00,7.690349,11.286649,14.8,4.79
T15,GL-3464,2026-03-13 06:35:00,7.690911,11.287018,,4.43
T15,GL-3464,2026-03-13 06:36:00,7.691213,11.287639,25.7,3.22
T15,GL-3464,2026-03-13 06:37:00,7.691842,11.287564,32.9,4.41
T15,GL-3464,2026-03-13 06:38:00,7.692404,11.287086,42.0,4.46
T15,GL-3464,2026-03-13 06:39:00,7.692803,11.287186,38.5,4.06
T15,GL-3464,2026-03-13 06:40:00,7.693405,11.287992,25.8,4.37
T15,GL-3464,2026-03-13 06:41:00,7.693956,11.288118,48.5,3.61
T15,GL-3464,2026-03-13 06:42:00,7.694274,11.2881,26.5,3.47
T15,GL-3464,2026-03-13 06:43:00,7.694413,11.288366,41.9,4.35
T15,GL-3464,2026-03-13 06:44:00,7.695124,11.288521,27.4,5.51
T15,GL-3464,2026-03-13 06:45:00,7.696034,11.288759,23.0,3.74
T15,GL-3464,2026-03-13 06:46:00,7.695953,11.288759,16.6,4.8
T15,GL-3464,2026-03-13 06:47:00,7.696632,11.289111,30.5,4.34
T15,GL-3464,2026-03-13 06:48:00,7.696895,11.289168,31.7,4.09
T15,GL-3464,2026-03-13 06:49:00,7.697638,11.289534,54.2,3.18
T15,GL-3464,2026-03-13 06:50:00,7.69784,11.289188,44.6,5.06
T15,GL-3464,2026-03-13 06:51:00,7.698268,11.289726,22.2,2.89
T15,GL-3464,2026-03-13 06:52:00,7.699036,11.289621,32.2,5.15
T15,GL-3464,2026-03-13 06:53:00,7.699614,11.289874,26.8,3.91
T15,GL-3464,2026-03-13 06:54:00,7.700137,11.290459,15.5,4.82
T15,GL-3464,2026-03-13 06:55:00,7.700603,11.290412,38.8,3.13
T15,GL-3464,2026-03-13 06:56:00,7.700819,11.290527,35.3,3.55
T15,GL-3464,2026-03-13 06:57:00,7.701349,11.290802,18.7,3.4
T15,GL-3464,2026-03-13 06:58:00,7.701636,11.290804,41.5,4.79
T15,GL-3464,2026-03-13 06:59:00,7.702283,11.291045,38.0,4.74
T15,GL-3464,2026-03-13 07:00:00,7.702535,11.291247,16.0,4.24
T15,GL-3464,2026-03-13 07:01:00,7.703797,11.291111,57.7,5.25
T15,GL-3464,2026-03-13 07:02:00,7.703462,11.291732,47.7,3.12
T15,GL-3464,2026-03-13 07:03:00,7.704141,11.291952,35.8,4.29
T15,GL-3464,2026-03-13 07:04:00,7.704972,11.291813,45.4,2.91
T15,GL-3464,2026-03-13 07:05:00,7.70512,11.29261,46.6,5.34
T15,GL-3464,2026-03-13 07:06:00,7.705894,11.292675,23.1,5.42
T15,GL-3464,2026-03-13 07:07:00,7.706195,11.292468,52.2,5.46
T15,GL-3464,2026-03-13 07:08:00,7.70677,11.292641,41.0,3.08
T15,GL-3464,2026-03-13 07:09:00,7.707058,11.292669,52.6,4.41
T15,GL-3464,2026-03-13 07:10:00,7.707722,11.293004,41.1,3.25
T15,GL-3464,2026-03-13 07:11:00,7.707653,11.293379,19.6,4.99
T15,GL-3464,2026-03-13 07:12:00,7.708727,11.293237,26.9,4.13
T15,GL-3464,2026-03-13 07:13:00,7.708854,11.293321,44.7,5.1
T15,GL-3464,2026-03-13 07:14:00,7.709645,11.293823,32.1,3.47
T15,GL-3464,2026-03-13 07:15:00,7.709827,11.293591,36.6,3.57
T15,GL-3464,2026-03-13 07:16:00,7.710316,11.294194,,4.62
T15,GL-3464,2026-03-13 07:17:00,7.711181,11.294519,35.5,3.48
T15,GL-3464,2026-03-13 07:18:00,7.711108,11.294286,18.8,5.01
T15,GL-3464,2026-03-13 07:19:00,7.711593,11.294879,40.9,3.14
T15,GL-3464,2026-03-13 07:20:00,7.712131,11.295166,55.8,3.03
T15,GL-3464,2026-03-13 07:21:00,7.713083,11.295022,53.6,3.87
T15,GL-3464,2026-03-13 07:22:00,7.713154,11.295046,39.5,3.4
T15,GL-3464,2026-03-13 07:23:00,7.713786,11.295611,55.7,2.82
T15,GL-3464,2026-03-13 07:24:00,7.714491,11.295713,22.4,4.64
T15,GL-3464,2026-03-13 07:25:00,7.714605,11.295769,23.5,3.85
T15,GL-3464,2026-03-13 07:26:00,7.715299,11.295752,21.0,4.59
T15,GL-3464,2026-03-13 07:27:00,7.715699,11.296526,43.8,4.88
T15,GL-3464,2026-03-13 07:28:00,7.716058,11.296068,26.4,4.75
T15,GL-3464,2026-03-13 07:29:00,7.716611,11.296473,24.6,3.44
T15,GL-3464,2026-03-13 07:30:00,7.71688,11.296276,21.8,3.72
T15,GL-3464,2026-03-13 07:31:00,7.717609,11.296914,28.2,5.28
T15,GL-3464,2026-03-13 07:32:00,7.718378,11.296795,30.6,3.29
T15,GL-3464,2026-03-13 07:33:00,7.718403,11.297276,22.6,4.29
T15,GL-3464,2026-03-13 07:34:00,7.71893,11.297429,47.2,3.89
T15,GL-3464,2026-03-13 07:35:00,7.719534,11.297281,28.0,5.38
T15,GL-3464,2026-03-13 07:36:00,7.719868,11.297751,41.1,5.36
T15,GL-3464,2026-03-13 07:37:00,7.720228,11.297826,26.5,3.68
T15,GL-3464,2026-03-13 07:38:00,7.720613,11.298017,16.4,4.17
T15,GL-3464,2026-03-13 07:39:00,7.721606,11.298294,37.7,2.92
T15,GL-3464,2026-03-13 07:40:00,7.721986,11.298228,54.4,3.96
T15,GL-3464,2026-03-13 07:41:00,7.722061,11.298227,20.7,5.38
T15,GL-3464,2026-03-13 07:42:00,7.723114,11.298843,42.1,5.08
T15,GL-3464,2026-03-13 07:43:00,7.72319,11.298676,42.6,4.98
T15,GL-3464,2026-03-13 07:44:00,7.723916,11.299323,42.1,5.43
T15,GL-3464,2026-03-13 07:45:00,7.724085,11.298861,17.2,3.25
T15,GL-3464,2026-03-13 07:46:00,7.724836,11.299052,47.2,5.38
T15,GL-3464,2026-03-13 07:47:00,7.725344,11.299856,,4.01
T15,GL-3464,2026-03-13 07:48:00,7.725657,11.299772,40.5,4.25
T15,GL-3464,2026-03-13 07:49:00,7.726216,11.299755,49.4,3.37
T15,GL-3464,2026-03-13 07:50:00,7.726594,11.299885,51.1,4.92
T15,GL-3464,2026-03-13 07:51:00,7.727097,11.300077,48.7,3.72
T15,GL-3464,2026-03-13 07:52:00,7.7276,11.30045,47.3,4.33
T15,GL-3464,2026-03-13 07:53:00,7.72827,11.300814,21.6,4.96
T15,GL-3464,2026-03-13 07:54:00,7.728589,11.301135,34.0,2.93
T15,GL-3464,2026-03-13 07:55:00,7.728171,11.300678,18.7,0.64
T15,GL-3464,2026-03-13 07:56:00,7.728722,11.301119,23.3,0.1
T15,GL-3464,2026-03-13 07:57:00,7.728625,11.301073,19.4,0.65
T15,GL-3464,2026-03-13 07:58:00,7.728811,11.300691,47.5,0.04
T15,GL-3464,2026-03-13 07:59:00,7.728676,11.300911,54.8,0.63
T15,GL-3464,2026-03-13 08:00:00,7.728088,11.300592,52.5,0.89
T15,GL-3464,2026-03-13 08:01:00,7.72842,11.300611,34.5,0.34
T15,GL-3464,2026-03-13 08:02:00,7.728364,11.300631,33.7,0.81
T15,GL-3464,2026-03-13 08:03:00,8.020474,11.301136,51.1,433.85
T15,GL-3464,2026-03-13 08:04:00,7.728504,11.300605,25.7,0.29
T15,GL-3464,2026-03-13 08:05:00,7.728092,11.30021,38.5,0.49
T15,GL-3464,2026-03-13 08:06:00,7.728498,11.300787,30.8,0.27
T15,GL-3464,2026-03-13 08:07:00,7.72857,11.300472,41.9,0.05
T15,GL-3464,2026-03-13 08:08:00,7.728875,11.300815,33.8,0.73
T15,GL-3464,2026-03-13 08:09:00,7.728487,11.300801,57.3,0.82
T15,GL-3464,2026-03-13 08:10:00,7.728044,11.300464,20.8,0.81
T15,GL-3464,2026-03-13 08:11:00,7.72883,11.300916,52.2,0.32
T15,GL-3464,2026-03-13 08:12:00,7.727953,11.300704,47.6,3.16
T15,GL-3464,2026-03-13 08:13:00,7.727527,11.300815,28.0,5.24
T15,GL-3464,2026-03-13 08:14:00,7.726754,11.301014,32.9,2.83
T15,GL-3464,2026-03-13 08:15:00,7.726767,11.301346,14.6,3.97
T15,GL-3464,2026-03-13 08:16:00,7.726066,11.301745,35.1,4.31
T15,GL-3464,2026-03-13 08:17:00,7.72477,11.301777,23.8,5.48
T15,GL-3464,2026-03-13 08:18:00,7.724762,11.30173,45.1,3.12
T15,GL-3464,2026-03-13 08:19:00,7.724017,11.301996,,3.03
T15,GL-3464,2026-03-13 08:20:00,7.723946,11.302375,50.5,5.34
T15,GL-3464,2026-03-13 08:21:00,7.723034,11.302629,32.8,4.85
T15,GL-3464,2026-03-13 08:22:00,7.722759,11.302719,48.8,3.16
T15,GL-3464,2026-03-13 08:23:00,7.721976,11.302611,33.4,4.39
T15,GL-3464,2026-03-13 08:24:00,7.721694,11.303199,30.4,5.13
T15,GL-3464,2026-03-13 08:25:00,7.720634,11.302775,54.8,3.68
T15,GL-3464,2026-03-13 08:26:00,7.720473,11.303498,23.9,4.75
T15,GL-3464,2026-03-13 08:27:00,7.720264,11.303446,46.1,4.11
T15,GL-3464,2026-03-13 08:28:00,7.719546,11.303848,28.5,4.74
T15,GL-3464,2026-03-13 08:29:00,7.718789,11.303677,37.6,4.46
T15,GL-3464,2026-03-13 08:30:00,7.718358,11.303968,44.9,5.12
T15,GL-3464,2026-03-13 08:31:00,7.717385,11.304327,29.6,4.46
T15,GL-3464,2026-03-13 08:32:00,7.717085,11.304185,19.7,4.3
T15,GL-3464,2026-03-13 08:33:00,7.71663,11.304534,35.2,5.04
T15,GL-3464,2026-03-13 08:34:00,7.716276,11.304691,33.9,3.06
T15,GL-3464,2026-03-13 08:35:00,7.71565,11.304872,21.4,4.15
T15,GL-3464,2026-03-13 08:36:00,7.714634,11.305364,23.7,4.56
T15,GL-3464,2026-03-13 08:37:00,7.713927,11.305247,38.6,3.34
T15,GL-3464,2026-03-13 08:38:00,7.713706,11.305068,46.5,3.58
T15,GL-3464,2026-03-13 08:39:00,7.713308,11.305305,29.9,3.43
T15,GL-3464,2026-03-13 08:40:00,7.71269,11.305654,21.3,5.09
T15,GL-3464,2026-03-13 08:41:00,7.712112,11.306338,51.8,3.09
T15,GL-3464,2026-03-13 08:42:00,7.711599,11.305833,49.5,4.53
T15,GL-3464,2026-03-13 08:43:00,7.711165,11.306326,56.2,4.98
T15,GL-3464,2026-03-13 08:44:00,7.710734,11.306284,15.1,5.32
T15,GL-3464,2026-03-13 08:45:00,7.710215,11.306838,42.4,3.97
T15,GL-3464,2026-03-13 08:46:00,7.709856,11.306341,43.2,3.86
T15,GL-3464,2026-03-13 08:47:00,7.70907,11.307021,28.4,4.04
T15,GL-3464,2026-03-13 08:48:00,7.708249,11.30712,26.1,5.05
T15,GL-3464,2026-03-13 08:49:00,7.708199,11.30728,16.2,3.66
T15,GL-3464,2026-03-13 08:50:00,7.707079,11.30717,51.3,4.55
T15,GL-3464,2026-03-13 08:51:00,7.706732,11.307171,22.4,2.99
T15,GL-3464,2026-03-13 08:52:00,7.706197,11.307915,52.4,2.82
T15,GL-3464,2026-03-13 08:53:00,7.7061,11.307761,33.9,4.85
T15,GL-3464,2026-03-13 08:54:00,7.705127,11.308018,24.9,5.01
T15,GL-3464,2026-03-13 08:55:00,7.704629,11.308534,57.0,5.0
T15,GL-3464,2026-03-13 08:56:00,7.703949,11.308322,26.8,4.96
T15,GL-3464,2026-03-13 08:57:00,7.703344,11.308632,17.9,3.62
T15,GL-3464,2026-03-13 08:58:00,7.702982,11.308707,52.7,5.17
T15,GL-3464,2026-03-13 08:59:00,7.702735,11.308935,18.5,3.36
T15,GL-3464,2026-03-13 09:00:00,7.701612,11.309623,19.4,5.33
T15,GL-3464,2026-03-13 09:01:00,7.701647,11.309486,49.6,4.31
T15,GL-3464,2026-03-13 09:02:00,7.700494,11.309701,57.0,3.26
T15,GL-3464,2026-03-13 09:03:00,7.700393,11.309608,33.4,5.13
T15,GL-3464,2026-03-13 09:04:00,7.699668,11.310072,45.3,5.28
T15,GL-3464,2026-03-13 09:05:00,7.699191,11.309956,45.7,3.0
T15,GL-3464,2026-03-13 09:06:00,7.698445,11.310067,23.0,4.11
T15,GL-3464,2026-03-13 09:07:00,7.69837,11.310627,38.8,3.1
T15,GL-3464,2026-03-13 09:08:00,7.69732,11.310355,46.9,4.4
T15,GL-3464,2026-03-13 09:09:00,7.697223,11.310939,38.6,3.93
T15,GL-3464,2026-03-13 09:10:00,7.696502,11.310944,18.5,5.38
T15,GL-3464,2026-03-13 09:11:00,7.695857,11.310781,54.3,4.06
T15,GL-3464,2026-03-13 09:12:00,7.695544,11.311537,17.6,3.99
T15,GL-3464,2026-03-13 09:13:00,7.6946,11.311983,32.3,3.7
T15,GL-3464,2026-03-13 09:14:00,7.694473,11.311293,21.5,3.47
T15,GL-3464,2026-03-13 09:15:00,7.694083,11.311948,26.7,4.02
T15,GL-3464,2026-03-13 09:16:00,7.693076,11.31223,32.9,4.01
T15,GL-3464,2026-03-13 09:17:00,7.692281,11.311965,25.7,5.03
T15,GL-3464,2026-03-13 09:18:00,7.691835,11.31241,26.2,4.71
T15,GL-3464,2026-03-13 09:19:00,7.691586,11.312407,45.9,4.87
T15,GL-3464,2026-03-13 09:20:00,7.690976,11.312655,21.3,3.44
T15,GL-3464,2026-03-13 09:21:00,7.690683,11.312974,39.2,4.61
T15,GL-3464,2026-03-13 09:22:00,7.689622,11.312884,23.1,4.16
T15,GL-3464,2026-03-13 09:23:00,7.689678,11.313392,45.8,3.86
T15,GL-3464,2026-03-13 09:24:00,7.689116,11.313198,17.1,2.97
T15,GL-3464,2026-03-13 09:25:00,7.68826,11.313346,33.5,5.39
T15,GL-3464,2026-03-13 09:26:00,7.687959,11.313489,14.9,3.92
T15,GL-3464,2026-03-13 09:27:00,7.686963,11.313802,23.9,3.89
T15,GL-3464,2026-03-13 09:28:00,7.686073,11.313704,46.5,4.04
T15,GL-3464,2026-03-13 09:29:00,7.685963,11.314518,21.8,2.81
T15,GL-3464,2026-03-13 09:30:00,7.685453,11.314407,48.0,4.24
T15,GL-3464,2026-03-13 09:31:00,7.684803,11.314703,38.3,3.71
T15,GL-3464,2026-03-13 09:32:00,7.684406,11.314674,18.1,2.88
T15,GL-3464,2026-03-13 09:33:00,7.684078,11.314544,34.3,4.89
T15,GL-3464,2026-03-13 09:34:00,7.683676,11.315253,15.9,2.85
T15,GL-3464,2026-03-13 09:35:00,7.682772,11.314992,54.7,4.14
T15,GL-3464,2026-03-13 09:36:00,7.682275,11.315084,49.4,2.99
T15,GL-3464,2026-03-13 09:37:00,7.681867,11.315557,26.0,5.19
T15,GL-3464,2026-03-13 09:38:00,7.681351,11.315661,48.8,4.4
T15,GL-3464,2026-03-13 09:39:00,7.680849,11.315818,37.8,5.17
T15,GL-3464,2026-03-13 09:40:00,7.680034,11.316417,44.9,4.22
T15,GL-3464,2026-03-13 09:41:00,7.679164,11.316199,19.1,4.9
T15,GL-3464,2026-03-13 09:42:00,7.678859,11.316439,56.8,3.22
T15,GL-3464,2026-03-13 09:43:00,7.678044,11.316687,44.9,4.86
T15,GL-3464,2026-03-13 09:44:00,7.677904,11.316586,53.9,3.25
T15,GL-3464,2026-03-13 09:45:00,7.677196,11.316856,23.1,3.53
T15,GL-3464,2026-03-13 09:46:00,7.676706,11.317091,47.9,4.96
T15,GL-3464,2026-03-13 09:47:00,7.676174,11.317062,22.9,3.18
T15,GL-3464,2026-03-13 09:48:00,7.675436,11.317242,45.7,3.55
T15,GL-3464,2026-03-13 09:49:00,7.674802,11.317512,47.6,5.12
T15,GL-3464,2026-03-13 09:50:00,7.674777,11.317823,28.7,3.7
T15,GL-3464,2026-03-13 09:51:00,7.67413,11.318101,22.3,4.09
T15,GL-3464,2026-03-13 09:52:00,7.673935,11.318052,48.5,3.54
T15,GL-3464,2026-03-13 09:53:00,7.673102,11.317918,49.2,3.0
T15,GL-3464,2026-03-13 09:54:00,7.672492,11.318382,39.4,4.07
T15,GL-3464,2026-03-13 09:55:00,7.672192,11.318289,29.8,5.07
T15,GL-3464,2026-03-13 09:56:00,7.6715,11.318859,27.4,4.83
T15,GL-3464,2026-03-13 09:57:00,7.671213,11.319044,36.0,5.07
T15,GL-3464,2026-03-13 09:58:00,7.67035,11.319378,39.0,4.82
T15,GL-3464,2026-03-13 09:59:00,7.669697,11.318966,18.1,5.58
T15,GL-3464,2026-03-13 10:00:00,7.669337,11.319433,36.2,2.92
T15,GL-3464,2026-03-13 10:01:00,7.668816,11.319563,47.7,3.56
T15,GL-3464,2026-03-13 10:02:00,7.667944,11.319432,24.1,4.9
T15,GL-3464,2026-03-13 10:03:00,7.667174,11.320057,37.7,3.79
T15,GL-3464,2026-03-13 10:04:00,7.667018,11.320151,27.8,5.4
T15,GL-3464,2026-03-13 10:05:00,7.666531,11.320425,41.2,4.53
T15,GL-3464,2026-03-13 10:06:00,7.66577,11.320416,29.9,2.85
T15,GL-3464,2026-03-13 10:07:00,7.665414,11.320945,20.8,3.88
T15,GL-3464,2026-03-13 10:08:00,7.66491,11.320859,56.7,3.9
T15,GL-3464,2026-03-13 10:09:00,7.664486,11.321301,46.3,4.4
T15,GL-3464,2026-03-13 10:10:00,7.663844,11.321384,19.2,4.62
T15,GL-3464,2026-03-13 10:11:00,7.663557,11.321312,17.5,3.45
T15,GL-3464,2026-03-13 10:12:00,7.662583,11.32168,24.9,4.74
T15,GL-3464,2026-03-13 10:13:00,7.662241,11.321775,37.2,4.43
T15,GL-3464,2026-03-13 10:14:00,7.661748,11.322141,34.2,4.28
T15,GL-3464,2026-03-13 10:15:00,7.661005,11.322266,44.8,4.73
T15,GL-3464,2026-03-13 10:16:00,7.660508,11.322561,43.6,5.23
T15,GL-3464,2026-03-13 10:17:00,7.659926,11.322566,14.4,4.35
T15,GL-3464,2026-03-13 10:18:00,7.65949,11.322358,31.5,4.54
T15,GL-3464,2026-03-13 10:19:00,7.659034,11.322602,21.7,4.72
T15,GL-3464,2026-03-13 10:20:00,7.658027,11.323195,25.2,4.43
T15,GL-3464,2026-03-13 10:21:00,7.65793,11.323398,31.8,5.21
T15,GL-3464,2026-03-13 10:22:00,7.657391,11.323104,17.1,4.82
T15,GL-3464,2026-03-13 10:23:00,7.656907,11.323176,16.0,4.44
T15,GL-3464,2026-03-13 10:24:00,7.656318,11.323512,43.6,4.58
T15,GL-3464,2026-03-13 10:25:00,7.655404,11.323798,25.7,3.23
T15,GL-3464,2026-03-13 10:26:00,7.655428,11.323988,19.1,4.12
T15,GL-3464,2026-03-13 10:27:00,7.654538,11.324219,27.0,3.79
T15,GL-3464,2026-03-13 10:28:00,7.653864,11.324424,42.3,4.64
T15,GL-3464,2026-03-13 10:29:00,7.653225,11.324289,30.1,4.45
T15,GL-3464,2026-03-13 10:30:00,7.652954,11.324609,34.5,4.35
T15,GL-3464,2026-03-13 10:31:00,7.652571,11.325321,40.0,3.05
T15,GL-3464,2026-03-13 10:32:00,7.651975,11.324985,52.3,4.65
T15,GL-3464,2026-03-13 10:33:00,7.651024,11.325464,28.5,5.51
T15,GL-3464,2026-03-13 10:34:00,7.892799,11.325164,18.8,280.19
T15,GL-3464,2026-03-13 10:35:00,7.650231,11.325319,21.7,3.02
T15,GL-3464,2026-03-13 10:36:00,7.649505,11.326121,21.5,3.9
T15,GL-3464,2026-03-13 10:37:00,7.648826,11.325667,46.2,5.51
T15,GL-3464,2026-03-13 10:38:00,7.64851,11.326259,38.2,2.94
T15,GL-3464,2026-03-13 10:39:00,7.648112,11.326088,29.6,2.89
T15,GL-3464,2026-03-13 10:40:00,7.647927,11.326488,32.2,3.18
T15,GL-3464,2026-03-13 10:41:00,7.647116,11.326354,48.2,3.63
T15,GL-3464,2026-03-13 10:42:00,7.646375,11.326712,36.2,5.14
T15,GL-3464,2026-03-13 10:43:00,7.646077,11.32669,29.4,3.26
T15,GL-3464,2026-03-13 10:44:00,7.64533,11.327261,55.7,5.38
T15,GL-3464,2026-03-13 10:45:00,7.645234,11.327062,29.7,2.87
T15,GL-3464,2026-03-13 10:46:00,7.644327,11.327477,50.5,4.72
T15,GL-3464,2026-03-13 10:47:00,7.643616,11.327502,53.2,4.12
T15,GL-3464,2026-03-13 10:48:00,7.642847,11.32737,54.6,3.58
T15,GL-3464,2026-03-13 10:49:00,7.642383,11.327985,41.1,3.64
T15,GL-3464,2026-03-13 10:50:00,7.641762,11.328053,31.4,3.29
T15,GL-3464,2026-03-13 10:51:00,7.641373,11.328227,52.2,3.45
T15,GL-3464,2026-03-13 10:52:00,7.640962,11.328669,21.4,5.21
T15,GL-3464,2026-03-13 10:53:00,7.640621,11.328387,55.2,2.82
T15,GL-3464,2026-03-13 10:54:00,7.63974,11.329035,40.6,4.09
T15,GL-3464,2026-03-13 10:55:00,7.639318,11.328815,57.1,4.72
T15,GL-3464,2026-03-13 10:56:00,7.639183,11.329142,35.9,4.81
T15,GL-3464,2026-03-13 10:57:00,7.637991,11.329473,25.9,4.95
T15,GL-3464,2026-03-13 10:58:00,7.637577,11.329317,52.1,3.26
T15,GL-3464,2026-03-13 10:59:00,7.637209,11.329576,46.4,4.12
T15,GL-3464,2026-03-13 11:00:00,7.636564,11.329619,28.7,4.54
T15,GL-3464,2026-03-13 11:01:00,7.636028,11.329845,41.1,3.75
T15,GL-3464,2026-03-13 11:02:00,7.63539,11.329757,31.4,3.97
T15,GL-3464,2026-03-13 11:03:00,7.634583,11.330433,57.7,2.81
T15,GL-3464,2026-03-13 11:04:00,7.634259,11.330412,52.0,3.83
T15,GL-3464,2026-03-13 11:05:00,7.63404,11.330504,27.5,3.9
T15,GL-3464,2026-03-13 11:06:00,7.633733,11.331079,45.9,3.35
T15,GL-3464,2026-03-13 11:07:00,7.632735,11.330963,54.6,4.31
T15,GL-3464,2026-03-13 11:08:00,7.632114,11.331464,20.4,3.0
T15,GL-3464,2026-03-13 11:09:00,7.631918,11.331522,21.2,3.49
T15,GL-3464,2026-03-13 11:10:00,7.631136,11.331223,54.5,3.76
T15,GL-3464,2026-03-13 11:11:00,7.630637,11.332068,56.3,3.31
T15,GL-3464,2026-03-13 11:12:00,7.629964,11.331813,41.9,4.53
T15,GL-3464,2026-03-13 11:13:00,7.629311,11.332006,16.5,4.9
T15,GL-3464,2026-03-13 11:14:00,7.628821,11.332168,39.4,3.2
T15,GL-3464,2026-03-13 11:15:00,7.628386,11.332717,32.0,2.92
T15,GL-3464,2026-03-13 11:16:00,7.627978,11.332178,51.4,3.77
T15,GL-3464,2026-03-13 11:17:00,7.627553,11.332596,20.7,4.46
T15,GL-3464,2026-03-13 11:18:00,7.6265,11.332781,49.4,4.57
T15,GL-3464,2026-03-13 11:19:00,7.625803,11.333002,41.8,4.07
T15,GL-3464,2026-03-13 11:20:00,7.625649,11.333447,36.4,5.3
T15,GL-3464,2026-03-13 11:21:00,7.625215,11.333866,28.9,5.38
T15,GL-3464,2026-03-13 11:22:00,7.624822,11.333452,20.0,2.95
T15,GL-3464,2026-03-13 11:23:00,7.62425,11.333577,17.8,2.96
T15,GL-3464,2026-03-13 11:24:00,7.623924,11.333872,53.0,3.72
T15,GL-3464,2026-03-13 11:25:00,7.622701,11.333996,50.5,4.38
T15,GL-3464,2026-03-13 11:26:00,7.62247,11.334371,30.9,2.8
T15,GL-3464,2026-03-13 11:27:00,7.621616,11.334145,24.2,4.22
T15,GL-3464,2026-03-13 11:28:00,7.621176,11.334381,51.3,4.76
T15,GL-3464,2026-03-13 11:29:00,7.620841,11.334647,32.3,4.85
T15,GL-3464,2026-03-13 11:30:00,7.620258,11.335242,,2.82
T15,GL-3464,2026-03-13 11:31:00,7.619661,11.33525,31.3,3.64
T15,GL-3464,2026-03-13 11:32:00,7.619228,11.335102,41.4,3.24
T15,GL-3464,2026-03-13 11:33:00,7.618542,11.335988,24.2,5.52
T15,GL-3464,2026-03-13 11:34:00,7.617645,11.335772,51.9,3.28
T15,GL-3464,2026-03-13 11:35:00,7.617595,11.335593,49.8,4.85
T15,GL-3464,2026-03-13 11:36:00,7.616841,11.335728,24.2,3.69
T15,GL-3464,2026-03-13 11:37:00,7.616205,11.335928,,3.89
T15,GL-3464,2026-03-13 11:38:00,7.615941,11.336249,32.6,5.53
T15,GL-3464,2026-03-13 11:39:00,7.615351,11.33629,15.4,4.98
T15,GL-3464,2026-03-13 11:40:00,7.614518,11.336579,33.5,4.59
T15,GL-3464,2026-03-13 11:41:00,7.614156,11.336644,24.9,3.52
T15,GL-3464,2026-03-13 11:42:00,7.614015,11.337087,14.6,2.9
T15,GL-3464,2026-03-13 11:43:00,7.613006,11.337646,30.1,3.57
T15,GL-3464,2026-03-13 11:44:00,7.61251,11.337328,50.3,3.39
T15,GL-3464,2026-03-13 11:45:00,7.612363,11.337796,53.6,4.34
T15,GL-3464,2026-03-13 11:46:00,7.611366,11.337715,57.3,3.71
T15,GL-3464,2026-03-13 11:47:00,7.610871,11.338393,42.8,4.07
T15,GL-3464,2026-03-13 11:48:00,7.610302,11.337635,49.8,3.52
T15,GL-3464,2026-03-13 11:49:00,7.609883,11.338269,23.9,3.97
T15,GL-3464,2026-03-13 11:50:00,7.609307,11.338127,47.8,3.55
T15,GL-3464,2026-03-13 11:51:00,7.609139,11.339013,46.0,3.55
T15,GL-3464,2026-03-13 11:52:00,7.608964,11.338747,35.1,4.41
T15,GL-3464,2026-03-13 11:53:00,7.607412,11.338889,32.8,5.05
T15,GL-3464,2026-03-13 11:54:00,7.607172,11.339341,20.4,4.83
T15,GL-3464,2026-03-13 11:55:00,7.60637,11.339388,46.7,2.96
T15,GL-3464,2026-03-13 11:56:00,7.606212,11.339077,57.7,5.14
T15,GL-3464,2026-03-13 11:57:00,7.605584,11.339288,32.8,2.94
T15,GL-3464,2026-03-13 11:58:00,7.604896,11.339736,33.7,3.72
T15,GL-3464,2026-03-13 11:59:00,7.604042,11.339807,50.8,4.74
T15,GL-3464,2026-03-13 12:00:00,7.603862,11.340286,46.5,3.12
T15,GL-3464,2026-03-13 12:01:00,7.603376,11.340148,35.2,4.58
T15,GL-3464,2026-03-13 12:02:00,7.602485,11.340475,35.5,5.28
T15,GL-3464,2026-03-13 12:03:00,7.602307,11.340682,28.4,4.82
T15,GL-3464,2026-03-13 12:04:00,7.60191,11.340767,26.4,5.36
T15,GL-3464,2026-03-13 12:05:00,7.601199,11.341054,39.0,3.85
T15,GL-3464,2026-03-13 12:06:00,7.600755,11.341022,42.2,4.31
T15,GL-3464,2026-03-13 12:07:00,7.600415,11.341045,29.4,3.47
T15,GL-3464,2026-03-13 12:08:00,7.599449,11.341489,28.1,3.16
T15,GL-3464,2026-03-13 12:09:00,7.59903,11.341949,52.7,4.25
T15,GL-3464,2026-03-13 12:10:00,7.598472,11.342176,52.8,3.39
T15,GL-3464,2026-03-13 12:11:00,7.597938,11.342223,39.6,5.33
T15,GL-3464,2026-03-13 12:12:00,7.597527,11.342484,31.9,3.01
T15,GL-3464,2026-03-13 12:13:00,7.597129,11.342353,55.1,3.74
T15,GL-3464,2026-03-13 12:14:00,7.596479,11.342433,16.2,5.41
T15,GL-3464,2026-03-13 12:15:00,7.595328,11.342625,16.4,3.44
T15,GL-3464,2026-03-13 12:16:00,7.595222,11.342808,57.0,5.32
T15,GL-3464,2026-03-13 12:17:00,7.594952,11.342767,16.0,4.61
T15,GL-3464,2026-03-13 12:18:00,7.594321,11.343311,47.6,2.8
T15,GL-3464,2026-03-13 12:19:00,7.593477,11.343292,,2.82
T15,GL-3464,2026-03-13 12:20:00,7.593058,11.343738,49.4,3.9
T15,GL-3464,2026-03-13 12:21:00,7.592604,11.343536,41.7,3.88
T15,GL-3464,2026-03-13 12:22:00,7.592102,11.343893,29.3,5.19
T15,GL-3464,2026-03-13 12:23:00,7.591293,11.344391,53.6,5.35
T15,GL-3464,2026-03-13 12:24:00,7.591062,11.344418,43.3,4.15
T15,GL-3464,2026-03-13 12:25:00,7.590027,11.3446,54.1,5.0
T15,GL-3464,2026-03-13 12:26:00,7.589706,11.344543,26.5,4.76
T15,GL-3464,2026-03-13 12:27:00,7.589508,11.34487,32.8,4.01
T15,GL-3464,2026-03-13 12:28:00,7.588448,11.344744,,4.15
T15,GL-3464,2026-03-13 12:29:00,7.588478,11.345023,14.8,3.86
T15,GL-3464,2026-03-13 12:30:00,7.587652,11.345436,43.9,3.55
T15,GL-3464,2026-03-13 12:31:00,7.587264,11.345562,50.3,3.73
T15,GL-3464,2026-03-13 12:32:00,7.586437,11.345617,49.7,3.38
T15,GL-3464,2026-03-13 12:33:00,7.58607,11.345784,21.2,2.87
T15,GL-3464,2026-03-13 12:34:00,7.585274,11.346033,48.3,5.12
T15,GL-3464,2026-03-13 12:35:00,7.585068,11.346391,27.1,4.27
T15,GL-3464,2026-03-13 12:36:00,7.583979,11.346365,34.0,5.56
T15,GL-3464,2026-03-13 12:37:00,7.583894,11.346277,54.9,4.81
T15,GL-3464,2026-03-13 12:38:00,7.58335,11.346617,23.6,5.26
T15,GL-3464,2026-03-13 12:39:00,7.58247,11.346657,49.7,3.86
T15,GL-3464,2026-03-13 12:40:00,7.582103,11.347063,26.0,5.59
T15,GL-3464,2026-03-13 12:41:00,7.581807,11.34746,53.0,3.23
T15,GL-3464,2026-03-13 12:42:00,7.581558,11.347608,31.7,4.13
T15,GL-3464,2026-03-13 12:43:00,7.580788,11.347819,31.2,5.22
T15,GL-3464,2026-03-13 12:44:00,7.579717,11.347921,30.3,4.46
T15,GL-3464,2026-03-13 12:45:00,7.579519,11.347822,53.2,4.64
T15,GL-3464,2026-03-13 12:46:00,7.5786,11.348515,33.7,4.92
T15,GL-3464,2026-03-13 12:47:00,7.578482,11.348393,24.6,4.29
T15,GL-3464,2026-03-13 12:48:00,7.57808,11.348335,41.2,4.98
T15,GL-3464,2026-03-13 12:49:00,7.577105,11.348329,24.9,3.28
T15,GL-3464,2026-03-13 12:50:00,7.577087,11.348784,22.1,4.6
T15,GL-3464,2026-03-13 12:51:00,7.576494,11.34905,46.2,3.97
T15,GL-3464,2026-03-13 12:52:00,7.575322,11.348914,43.6,2.83
T15,GL-3464,2026-03-13 12:53:00,7.575091,11.349145,57.5,5.41
T15,GL-3464,2026-03-13 12:54:00,7.5744,11.34936,34.9,5.25
T15,GL-3464,2026-03-13 12:55:00,7.574027,11.349669,35.9,5.13
T15,GL-3464,2026-03-13 12:56:00,7.573187,11.349802,,4.33
T15,GL-3464,2026-03-13 12:57:00,7.572811,11.350046,32.6,4.73
T15,GL-3464,2026-03-13 12:58:00,7.572293,11.350549,36.1,4.26
T15,GL-3464,2026-03-13 12:59:00,7.571908,11.349917,35.8,3.5
T15,GL-3464,2026-03-13 13:00:00,7.571629,11.350352,18.4,2.89
T15,GL-3464,2026-03-13 13:01:00,7.57098,11.351008,29.7,5.48
T15,GL-3464,2026-03-13 13:02:00,7.570527,11.350503,35.1,4.95
T15,GL-3464,2026-03-13 13:03:00,7.569322,11.350868,35.4,3.92
T15,GL-3464,2026-03-13 13:04:00,7.568962,11.350975,33.2,3.45
T15,GL-3464,2026-03-13 13:05:00,7.568507,11.351643,25.3,2.9
T15,GL-3464,2026-03-13 13:06:00,7.568088,11.351193,40.5,3.58
T15,GL-3464,2026-03-13 13:07:00,7.567523,11.352282,34.3,5.39
T15,GL-3464,2026-03-13 13:08:00,7.56683,11.352101,39.1,5.5
T15,GL-3464,2026-03-13 13:09:00,7.567136,11.352151,34.7,4.16
T15,GL-3464,2026-03-13 13:10:00,7.566087,11.352178,21.8,4.6
T15,GL-3464,2026-03-13 13:11:00,7.565375,11.352269,51.8,4.72
T15,GL-3464,2026-03-13 13:12:00,7.565144,11.352505,,3.26
T15,GL-3464,2026-03-13 13:13:00,7.563806,11.352596,50.6,2.85
T15,GL-3464,2026-03-13 13:14:00,7.563987,11.352651,44.4,5.52
T15,GL-3464,2026-03-13 13:15:00,7.563037,11.353164,21.8,4.94
T15,GL-3464,2026-03-13 13:16:00,7.562768,11.353076,48.7,5.5
T15,GL-3464,2026-03-13 13:17:00,7.561883,11.353665,38.5,3.91
T15,GL-3464,2026-03-13 13:18:00,7.561551,11.353611,23.9,3.24
T15,GL-3464,2026-03-13 13:19:00,7.560765,11.353633,26.9,4.44
T15,GL-3464,2026-03-13 13:20:00,7.560733,11.354017,20.0,5.28
T15,GL-3464,2026-03-13 13:21:00,7.559643,11.354257,33.3,3.58
T15,GL-3464,2026-03-13 13:22:00,7.559721,11.353984,57.3,5.34
T15,GL-3464,2026-03-13 13:23:00,7.55877,11.35423,23.2,4.33
T15,GL-3464,2026-03-13 13:24:00,7.55808,11.354375,56.2,4.54
T15,GL-3464,2026-03-13 13:25:00,7.557548,11.355084,20.3,5.4
T15,GL-3464,2026-03-13 13:26:00,7.556956,11.354784,16.0,5.54
T15,GL-3464,2026-03-13 13:27:00,7.55656,11.354646,45.1,5.55
T15,GL-3464,2026-03-13 13:28:00,7.555807,11.355205,41.9,3.59
T15,GL-3464,2026-03-13 13:29:00,7.555433,11.355693,49.9,3.34
T15,GL-3464,2026-03-13 13:30:00,7.555238,11.3555,16.5,3.19
T15,GL-3464,2026-03-13 13:31:00,7.554555,11.355531,22.5,3.3
T15,GL-3464,2026-03-13 13:32:00,7.553304,11.356075,50.9,3.36
T15,GL-3464,2026-03-13 13:33:00,7.553581,11.356133,23.1,4.07
T15,GL-3464,2026-03-13 13:34:00,7.553196,11.356115,33.6,4.85
T15,GL-3464,2026-03-13 13:35:00,7.552599,11.356626,39.1,0.27
T15,GL-3464,2026-03-13 13:36:00,7.553083,11.356231,14.0,0.74
T15,GL-3464,2026-03-13 13:37:00,7.552535,11.357356,44.8,0.25
T15,GL-3464,2026-03-13 13:38:00,7.552584,11.35619,38.2,0.36
T15,GL-3464,2026-03-13 13:39:00,7.553046,11.3566,29.6,0.18
T15,GL-3464,2026-03-13 13:40:00,7.552319,11.356443,36.7,0.3
T15,GL-3464,2026-03-13 13:41:00,7.552852,11.356198,48.5,0.16
T15,GL-3464,2026-03-13 13:42:00,7.552965,11.356062,36.5,0.07
T15,GL-3464,2026-03-13 13:43:00,7.552271,11.356648,28.6,0.21
T15,GL-3464,2026-03-13 13:44:00,7.552323,11.355815,51.4,0.6
T15,GL-3464,2026-03-13 13:45:00,7.553197,11.356423,31.9,0.49
T15,GL-3464,2026-03-13 13:46:00,7.552837,11.355982,21.4,0.7
T15,GL-3464,2026-03-13 13:47:00,7.553119,11.356366,57.2,0.28
T15,GL-3464,2026-03-13 13:48:00,7.552951,11.356349,32.3,0.25
T15,GL-3464,2026-03-13 13:49:00,7.552324,11.356515,17.9,0.19
T15,GL-3464,2026-03-13 13:50:00,7.55274,11.355809,18.9,0.35
T15,GL-3464,2026-03-13 13:51:00,7.55339,11.355894,44.1,0.51
T15,GL-3464,2026-03-13 13:52:00,7.552989,11.355431,37.8,0.28
T15,GL-3464,2026-03-13 13:53:00,7.553076,11.356091,43.9,0.3
T15,GL-3464,2026-03-13 13:54:00,7.553672,11.356132,57.9,4.27
T15,GL-3464,2026-03-13 13:55:00,7.554151,11.355608,44.3,4.61
T15,GL-3464,2026-03-13 13:56:00,7.55501,11.355401,30.2,4.58
T15,GL-3464,2026-03-13 13:57:00,7.555389,11.35533,52.1,3.13
T15,GL-3464,2026-03-13 13:58:00,7.556077,11.354581,38.0,4.3
T15,GL-3464,2026-03-13 13:59:00,7.556861,11.35427,25.4,4.38
T15,GL-3464,2026-03-13 14:00:00,7.557428,11.354431,28.1,5.02
T15,GL-3464,2026-03-13 14:01:00,7.558122,11.35422,19.2,4.05
T15,GL-3464,2026-03-13 14:02:00,7.558514,11.353685,46.0,3.12
T15,GL-3464,2026-03-13 14:03:00,7.559193,11.353548,42.3,5.1
T15,GL-3464,2026-03-13 14:04:00,7.560099,11.353107,35.1,5.37
T15,GL-3464,2026-03-13 14:05:00,7.560866,11.353376,57.3,4.96
T15,GL-3464,2026-03-13 14:06:00,7.561291,11.35271,49.9,4.21
T15,GL-3464,2026-03-13 14:07:00,7.56202,11.352265,47.2,4.15
T15,GL-3464,2026-03-13 14:08:00,7.562618,11.351923,35.1,2.86
T15,GL-3464,2026-03-13 14:09:00,7.563456,11.352003,45.6,3.78
T15,GL-3464,2026-03-13 14:10:00,7.563926,11.351097,42.5,3.16
T15,GL-3464,2026-03-13 14:11:00,7.564377,11.351107,49.2,3.3
T15,GL-3464,2026-03-13 14:12:00,7.564763,11.350847,14.3,3.27
T15,GL-3464,2026-03-13 14:13:00,7.566121,11.350636,24.6,3.97
T15,GL-3464,2026-03-13 14:14:00,7.566964,11.350286,28.5,4.61
T15,GL-3464,2026-03-13 14:15:00,7.567185,11.350271,31.5,5.28
T15,GL-3464,2026-03-13 14:16:00,7.56787,11.349912,16.0,4.28
T15,GL-3464,2026-03-13 14:17:00,7.568266,11.349553,45.6,3.01
T15,GL-3464,2026-03-13 14:18:00,7.569184,11.349298,53.6,3.12
T15,GL-3464,2026-03-13 14:19:00,7.569826,11.349323,34.1,3.47
T15,GL-3464,2026-03-13 14:20:00,7.570486,11.34911,57.3,3.64
T15,GL-3464,2026-03-13 14:21:00,7.570683,11.348251,49.6,3.98
T15,GL-3464,2026-03-13 14:22:00,7.571721,11.348341,52.2,3.27
T15,GL-3464,2026-03-13 14:23:00,7.572248,11.348214,27.4,4.59
T15,GL-3464,2026-03-13 14:24:00,7.572951,11.347405,25.3,5.15
T15,GL-3464,2026-03-13 14:25:00,7.573414,11.347217,26.6,4.05
T15,GL-3464,2026-03-13 14:26:00,7.574412,11.347524,34.8,2.99
T15,GL-3464,2026-03-13 14:27:00,7.575157,11.346519,20.8,4.9
T15,GL-3464,2026-03-13 14:28:00,7.575841,11.346975,17.1,5.14
T15,GL-3464,2026-03-13 14:29:00,7.576373,11.346324,15.3,5.43
T15,GL-3464,2026-03-13 14:30:00,7.576774,11.345826,53.3,5.47
T15,GL-3464,2026-03-13 14:31:00,7.577158,11.345809,23.0,4.9
T15,GL-3464,2026-03-13 14:32:00,7.578342,11.345774,41.4,3.37
T15,GL-3464,2026-03-13 14:33:00,7.578712,11.345195,29.1,4.19
T15,GL-3464,2026-03-13 14:34:00,7.579691,11.345222,34.7,3.25
T15,GL-3464,2026-03-13 14:35:00,7.579982,11.344877,24.4,4.85
T15,GL-3464,2026-03-13 14:36:00,7.580804,11.344499,38.2,4.48
T15,GL-3464,2026-03-13 14:37:00,7.581112,11.343817,55.8,5.54
T15,GL-3464,2026-03-13 14:38:00,7.582025,11.343892,51.4,2.86
T15,GL-3464,2026-03-13 14:39:00,7.582335,11.343416,54.8,5.22
T15,GL-3464,2026-03-13 14:40:00,7.583663,11.343147,16.3,3.11
T15,GL-3464,2026-03-13 14:41:00,7.583995,11.343215,56.5,5.47
T15,GL-3464,2026-03-13 14:42:00,7.584447,11.343021,24.0,3.19
T15,GL-3464,2026-03-13 14:43:00,7.585064,11.342085,41.1,3.29
T15,GL-3464,2026-03-13 14:44:00,7.585835,11.342062,23.3,4.21
T15,GL-3464,2026-03-13 14:45:00,7.586563,11.341737,,4.68
T15,GL-3464,2026-03-13 14:46:00,7.5871,11.341577,42.6,3.49
T15,GL-3464,2026-03-13 14:47:00,7.588421,11.341338,55.2,2.91
T15,GL-3464,2026-03-13 14:48:00,7.588449,11.340888,48.7,4.33
T15,GL-3464,2026-03-13 14:49:00,7.588994,11.341021,16.7,5.15
T15,GL-3464,2026-03-13 14:50:00,7.589607,11.340454,48.3,4.61
T15,GL-3464,2026-03-13 14:51:00,7.590478,11.340024,43.9,4.79
T15,GL-3464,2026-03-13 14:52:00,7.591001,11.339654,52.1,3.39
T15,GL-3464,2026-03-13 14:53:00,7.591727,11.33943,19.7,3.21
T15,GL-3464,2026-03-13 14:54:00,7.59257,11.339347,49.4,5.56
T15,GL-3464,2026-03-13 14:55:00,7.59313,11.339248,51.9,3.91
T15,GL-3464,2026-03-13 14:56:00,7.593561,11.338905,40.8,4.49
T15,GL-3464,2026-03-13 14:57:00,7.59454,11.338827,19.4,3.4
T15,GL-3464,2026-03-13 14:58:00,7.595241,11.337665,,3.33
T15,GL-3464,2026-03-13 14:59:00,7.595714,11.338043,41.4,4.71
T15,GL-3464,2026-03-13 15:00:00,7.59599,11.337841,41.5,4.29
T15,GL-3464,2026-03-13 15:01:00,7.596958,11.337528,21.0,4.67
T15,GL-3464,2026-03-13 15:02:00,7.597972,11.33714,35.0,3.81
T15,GL-3464,2026-03-13 15:03:00,7.598109,11.337364,46.4,3.73
T15,GL-3464,2026-03-13 15:04:00,7.59911,11.336867,28.2,3.56
T15,GL-3464,2026-03-13 15:05:00,7.599608,11.336459,54.0,5.13
T15,GL-3464,2026-03-13 15:06:00,7.600358,11.336282,19.8,3.85
T15,GL-3464,2026-03-13 15:07:00,7.601011,11.335976,57.8,5.49
T15,GL-3464,2026-03-13 15:08:00,7.601415,11.335317,54.5,4.74
T15,GL-3464,2026-03-13 15:09:00,7.602385,11.335017,25.8,2.99
T15,GL-3464,2026-03-13 15:10:00,7.602743,11.335458,51.1,3.63
T15,GL-3464,2026-03-13 15:11:00,7.603657,11.334648,54.8,3.64
T15,GL-3464,2026-03-13 15:12:00,7.604343,11.334642,36.2,5.48
T15,GL-3464,2026-03-13 15:13:00,7.604851,11.33425,31.5,3.34
T15,GL-3464,2026-03-13 15:14:00,7.605372,11.334134,47.4,4.44
T15,GL-3464,2026-03-13 15:15:00,7.606041,11.333979,27.2,5.41
T15,GL-3464,2026-03-13 15:16:00,7.606751,11.333477,45.7,4.62
T15,GL-3464,2026-03-13 15:17:00,7.607376,11.333605,54.0,4.83
T15,GL-3464,2026-03-13 15:18:00,7.60828,11.332531,45.8,3.47
T15,GL-3464,2026-03-13 15:19:00,7.608737,11.332641,41.1,4.67
T15,GL-3464,2026-03-13 15:20:00,7.609569,11.332233,39.5,4.84
T15,GL-3464,2026-03-13 15:21:00,7.609848,11.331977,29.9,3.16
T15,GL-3464,2026-03-13 15:22:00,7.610682,11.331968,34.2,4.62
T15,GL-3464,2026-03-13 15:23:00,7.611228,11.331677,23.8,3.82
T15,GL-3464,2026-03-13 15:24:00,7.611747,11.331135,31.5,4.24
T15,GL-3464,2026-03-13 15:25:00,7.612588,11.330864,17.3,3.37
T15,GL-3464,2026-03-13 15:26:00,7.613414,11.330355,49.5,3.28
T15,GL-3464,2026-03-13 15:27:00,7.61374,11.330023,33.3,3.53
T15,GL-3464,2026-03-13 15:28:00,7.614887,11.330275,41.9,5.3
T15,GL-3464,2026-03-13 15:29:00,7.615011,11.329792,43.4,4.49
T15,GL-3464,2026-03-13 15:30:00,7.615747,11.32932,22.2,2.83
T15,GL-3464,2026-03-13 15:31:00,7.616437,11.328922,32.9,3.95
T15,GL-3464,2026-03-13 15:32:00,7.617534,11.329211,49.6,5.01
T15,GL-3464,2026-03-13 15:33:00,7.617825,11.328586,15.6,5.54
T15,GL-3464,2026-03-13 15:34:00,7.618521,11.328605,24.7,5.08
T15,GL-3464,2026-03-13 15:35:00,7.618887,11.327917,33.7,4.41
T15,GL-3464,2026-03-13 15:36:00,7.620093,11.328176,44.9,3.51
T15,GL-3464,2026-03-13 15:37:00,7.620336,11.327427,36.0,3.4
T15,GL-3464,2026-03-13 15:38:00,7.621469,11.3273,45.2,5.01
T15,GL-3464,2026-03-13 15:39:00,7.621538,11.327257,44.9,3.54
T15,GL-3464,2026-03-13 15:40:00,7.622222,11.326455,,5.38
T15,GL-3464,2026-03-13 15:41:00,7.623027,11.326069,37.8,2.93
T15,GL-3464,2026-03-13 15:42:00,7.623411,11.326013,46.9,4.83
T15,GL-3464,2026-03-13 15:43:00,7.624203,11.325798,32.1,3.99
T15,GL-3464,2026-03-13 15:44:00,7.624459,11.325637,57.8,3.89
T15,GL-3464,2026-03-13 15:45:00,7.625995,11.325459,15.5,3.63
T15,GL-3464,2026-03-13 15:46:00,7.626207,11.324992,53.5,3.74
T15,GL-3464,2026-03-13 15:47:00,7.626907,11.324773,45.4,3.89
T15,GL-3464,2026-03-13 15:48:00,7.627702,11.324871,31.0,3.27
T15,GL-3464,2026-03-13 15:49:00,7.627977,11.324498,22.3,3.9
T15,GL-3464,2026-03-13 15:50:00,7.628617,11.32385,27.3,5.14
T15,GL-3464,2026-03-13 15:51:00,7.629487,11.323714,14.6,2.94
T15,GL-3464,2026-03-13 15:52:00,7.63015,11.323386,49.4,4.9
T15,GL-3464,2026-03-13 15:53:00,7.631142,11.323171,29.1,2.98
T15,GL-3464,2026-03-13 15:54:00,7.631701,11.323075,20.1,3.18
T15,GL-3464,2026-03-13 15:55:00,7.63221,11.322366,29.4,3.29
T15,GL-3464,2026-03-13 15:56:00,7.632757,11.322569,22.0,4.33
T15,GL-3464,2026-03-13 15:57:00,7.633528,11.321885,31.2,4.55
T15,GL-3464,2026-03-13 15:58:00,7.633537,11.321569,14.1,4.69
T15,GL-3464,2026-03-13 15:59:00,7.634552,11.321632,48.5,4.74
T15,GL-3464,2026-03-13 16:00:00,7.635555,11.321377,40.7,4.0
T15,GL-3464,2026-03-13 16:01:00,7.636091,11.321116,22.4,4.84
T15,GL-3464,2026-03-13 16:02:00,7.636612,11.320598,35.7,5.14
T15,GL-3464,2026-03-13 16:03:00,7.636998,11.320473,32.2,3.96
T15,GL-3464,2026-03-13 16:04:00,7.638149,11.320193,46.7,4.71
T15,GL-3464,2026-03-13 16:05:00,7.638607,11.319862,30.8,4.51
T15,GL-3464,2026-03-13 16:06:00,7.639226,11.319706,35.6,4.05
T15,GL-3464,2026-03-13 16:07:00,7.639867,11.319294,23.4,5.24
T15,GL-3464,2026-03-13 16:08:00,7.640654,11.318667,37.8,4.06
T15,GL-3464,2026-03-13 16:09:00,7.641219,11.318518,30.3,3.75
T15,GL-3464,2026-03-13 16:10:00,7.641354,11.318646,39.0,3.48
T15,GL-3464,2026-03-13 16:11:00,7.642721,11.318112,45.6,4.8
T15,GL-3464,2026-03-13 16:12:00,7.643014,11.318298,17.2,3.55
T15,GL-3464,2026-03-13 16:13:00,7.64365,11.31766,38.9,3.4
T15,GL-3464,2026-03-13 16:14:00,7.644258,11.317327,44.1,4.42
T15,GL-3464,2026-03-13 16:15:00,7.644959,11.317328,29.1,4.36
T15,GL-3464,2026-03-13 16:16:00,7.645555,11.316842,30.0,4.58
T15,GL-3464,2026-03-13 16:17:00,7.646541,11.316663,20.6,4.9
T15,GL-3464,2026-03-13 16:18:00,7.647157,11.316049,56.8,3.07
T15,GL-3464,2026-03-13 16:19:00,7.647913,11.315664,,2.89
T15,GL-3464,2026-03-13 16:20:00,7.648143,11.315625,,5.17
T15,GL-3464,2026-03-13 16:21:00,7.649057,11.31578,37.0,3.09
T15,GL-3464,2026-03-13 16:22:00,7.649796,11.315031,42.2,5.1
T15,GL-3464,2026-03-13 16:23:00,7.650088,11.315078,34.2,4.57
T15,GL-3464,2026-03-13 16:24:00,7.650598,11.314816,27.9,3.53
T15,GL-3464,2026-03-13 16:25:00,7.651935,11.314235,14.1,2.89
T15,GL-3464,2026-03-13 16:26:00,7.652276,11.313992,52.1,5.07
T15,GL-3464,2026-03-13 16:27:00,7.653011,11.313433,48.6,4.65
T15,GL-3464,2026-03-13 16:28:00,7.653663,11.31349,26.6,4.82
T15,GL-3464,2026-03-13 16:29:00,7.654082,11.313288,32.5,3.24
T15,GL-3464,2026-03-13 16:30:00,7.654756,11.312936,44.5,5.37
T15,GL-3464,2026-03-13 16:31:00,7.655338,11.312427,43.9,2.81
T15,GL-3464,2026-03-13 16:32:00,7.656069,11.312921,52.3,3.14
T15,GL-3464,2026-03-13 16:33:00,7.656847,11.311845,35.5,4.11
T15,GL-3464,2026-03-13 16:34:00,7.657614,11.3123,18.2,4.46
T15,GL-3464,2026-03-13 16:35:00,7.658178,11.31138,52.9,2.98
T15,GL-3464,2026-03-13 16:36:00,7.658566,11.311339,35.4,3.9
T15,GL-3464,2026-03-13 16:37:00,7.65927,11.311339,16.0,3.05
T15,GL-3464,2026-03-13 16:38:00,7.660129,11.310514,31.2,3.52
T15,GL-3464,2026-03-13 16:39:00,7.660728,11.310161,23.0,3.62
T15,GL-3464,2026-03-13 16:40:00,7.6613,11.31007,47.8,5.11
T15,GL-3464,2026-03-13 16:41:00,7.661773,11.30979,28.0,3.63
T15,GL-3464,2026-03-13 16:42:00,7.662664,11.308963,19.8,4.95
T15,GL-3464,2026-03-13 16:43:00,7.663362,11.309368,36.7,5.11
T15,GL-3464,2026-03-13 16:44:00,7.664071,11.308733,31.1,3.22
T15,GL-3464,2026-03-13 16:45:00,7.664348,11.308554,25.8,4.11
T15,GL-3464,2026-03-13 16:46:00,7.665038,11.308307,52.2,4.86
T15,GL-3464,2026-03-13 16:47:00,7.666004,11.308247,37.3,4.55
T15,GL-3464,2026-03-13 16:48:00,7.66643,11.30799,24.1,4.76
T15,GL-3464,2026-03-13 16:49:00,7.667515,11.307408,48.2,5.58
T15,GL-3464,2026-03-13 16:50:00,7.66826,11.307303,53.8,4.42
T15,GL-3464,2026-03-13 16:51:00,7.668305,11.307177,26.1,5.36
T15,GL-3464,2026-03-13 16:52:00,7.668902,11.306929,16.8,5.51
T15,GL-3464,2026-03-13 16:53:00,7.669646,11.306555,42.7,4.06
T15,GL-3464,2026-03-13 16:54:00,7.670382,11.306451,34.2,3.02
T15,GL-3464,2026-03-13 16:55:00,7.671217,11.30618,18.3,5.01
T15,GL-3464,2026-03-13 16:56:00,7.671821,11.305558,18.0,3.71
T15,GL-3464,2026-03-13 16:57:00,7.672619,11.305492,33.4,4.78
T15,GL-3464,2026-03-13 16:58:00,7.672999,11.305207,30.6,3.25
T15,GL-3464,2026-03-13 16:59:00,7.673634,11.304797,,2.96
T15,GL-3464,2026-03-13 17:00:00,7.674277,11.304735,18.4,3.64
T15,GL-3464,2026-03-13 17:01:00,7.674894,11.304103,43.5,4.5
T15,GL-3464,2026-03-13 17:02:00,7.675459,11.30408,38.0,3.07
T15,GL-3464,2026-03-13 17:03:00,7.675903,11.303868,33.7,4.52
T15,GL-3464,2026-03-13 17:04:00,7.676279,11.30389,22.5,4.39
T15,GL-3464,2026-03-13 17:05:00,7.677325,11.303453,34.8,3.55
T15,GL-3464,2026-03-13 17:06:00,7.678413,11.303146,28.5,2.95
T15,GL-3464,2026-03-13 17:07:00,7.678983,11.302567,30.2,3.68
T15,GL-3464,2026-03-13 17:08:00,7.679643,11.30295,18.4,3.94
T15,GL-3464,2026-03-13 17:09:00,7.680094,11.302115,48.6,3.7
T15,GL-3464,2026-03-13 17:10:00,7.680392,11.302055,54.8,3.02
T15,GL-3464,2026-03-13 17:11:00,7.681933,11.301506,42.1,4.6
T15,GL-3464,2026-03-13 17:12:00,7.682013,11.301569,54.8,4.71
T15,GL-3464,2026-03-13 17:13:00,7.68155,11.300793,14.9,0.66
T15,GL-3464,2026-03-13 17:14:00,7.681971,11.30107,30.0,0.49
T15,GL-3464,2026-03-13 17:15:00,7.682038,11.30112,31.1,0.88
T15,GL-3464,2026-03-13 17:16:00,7.681913,11.301527,51.9,0.21
T15,GL-3464,2026-03-13 17:17:00,7.681546,11.301096,47.6,0.41
T15,GL-3464,2026-03-13 17:18:00,7.682132,11.301025,24.4,0.21
T15,GL-3464,2026-03-13 17:19:00,7.681778,11.301004,32.8,0.38
T15,GL-3464,2026-03-13 17:20:00,7.682033,11.301343,36.4,0.07
T15,GL-3464,2026-03-13 17:21:00,7.68224,11.300725,34.3,0.45
T15,GL-3464,2026-03-13 17:22:00,7.681985,11.300286,45.2,0.8
T15,GL-3464,2026-03-13 17:23:00,7.682505,11.301742,18.4,0.25
T15,GL-3464,2026-03-13 17:24:00,7.682058,11.301615,23.0,0.84
T15,GL-3464,2026-03-13 17:25:00,7.682166,11.300829,31.9,0.59
T15,GL-3464,2026-03-13 17:26:00,7.682107,11.30159,39.8,0.18
T15,GL-3464,2026-03-13 17:27:00,7.682423,11.301225,15.7,0.36
T15,GL-3464,2026-03-13 17:28:00,7.681647,11.30119,36.1,0.15
T15,GL-3464,2026-03-13 17:29:00,7.529255,11.301121,37.7,165.33
T15,GL-3464,2026-03-13 17:30:00,7.681027,11.300862,50.6,3.15
T15,GL-3464,2026-03-13 17:31:00,7.680306,11.30059,56.5,3.77
T15,GL-3464,2026-03-13 17:32:00,7.679425,11.300564,44.0,5.35
T15,GL-3464,2026-03-13 17:33:00,7.678929,11.300276,37.7,5.13
T15,GL-3464,2026-03-13 17:34:00,7.678618,11.299704,53.0,3.72
T15,GL-3464,2026-03-13 17:35:00,7.677688,11.300006,39.9,5.32
T15,GL-3464,2026-03-13 17:36:00,7.677113,11.299144,38.4,4.22
T15,GL-3464,2026-03-13 17:37:00,7.676385,11.299184,17.2,2.87
T15,GL-3464,2026-03-13 17:38:00,7.676279,11.299204,41.8,2.91
T15,GL-3464,2026-03-13 17:39:00,7.675737,11.298475,53.2,4.05
T15,GL-3464,2026-03-13 17:40:00,7.674646,11.298417,46.6,3.44
T15,GL-3464,2026-03-13 17:41:00,7.673709,11.297974,21.0,4.92
T15,GL-3464,2026-03-13 17:42:00,7.673143,11.297886,46.7,4.93
T15,GL-3464,2026-03-13 17:43:00,7.672413,11.297694,22.9,3.13
T15,GL-3464,2026-03-13 17:44:00,7.671974,11.297556,54.7,4.43
T15,GL-3464,2026-03-13 17:45:00,7.671516,11.296916,50.8,5.26
T15,GL-3464,2026-03-13 17:46:00,7.670233,11.296983,21.0,3.87
T15,GL-3464,2026-03-13 17:47:00,7.670125,11.296656,54.0,4.23
T15,GL-3464,2026-03-13 17:48:00,7.669992,11.296226,38.0,3.29
T15,GL-3464,2026-03-13 17:49:00,7.668846,11.296074,52.1,4.24
T15,GL-3464,2026-03-13 17:50:00,7.668579,11.29614,38.4,3.76
T15,GL-3464,2026-03-13 17:51:00,7.667879,11.296038,53.4,3.7
T15,GL-3464,2026-03-13 17:52:00,7.667257,11.296044,55.1,3.55
T15,GL-3464,2026-03-13 17:53:00,7.666647,11.29526,20.0,5.12
T15,GL-3464,2026-03-13 17:54:00,7.666284,11.294661,40.5,5.05
T15,GL-3464,2026-03-13 17:55:00,7.665142,11.294473,34.0,5.36
T15,GL-3464,2026-03-13 17:56:00,7.664781,11.294964,16.1,3.38
T15,GL-3464,2026-03-13 17:57:00,7.664206,11.294373,16.8,5.03
T15,GL-3464,2026-03-13 17:58:00,7.663563,11.294131,37.7,3.51
T15,GL-3464,2026-03-13 17:59:00,7.662882,11.293604,35.4,3.96
T15,GL-3464,2026-03-13 18:00:00,7.662058,11.29365,19.9,3.16
T15,GL-3464,2026-03-13 18:01:00,7.661649,11.293123,49.7,4.91
T15,GL-3464,2026-03-13 18:02:00,7.66093,11.293573,41.3,5.28
T15,GL-3464,2026-03-13 18:03:00,7.660165,11.293365,47.3,4.56
T15,GL-3464,2026-03-13 18:04:00,7.659676,11.292884,31.0,5.39
T15,GL-3464,2026-03-13 18:05:00,7.658876,11.292263,16.7,5.23
T15,GL-3464,2026-03-13 18:06:00,7.658259,11.292229,36.5,3.11
T15,GL-3464,2026-03-13 18:07:00,7.657707,11.292012,52.7,3.69
T15,GL-3464,2026-03-13 18:08:00,7.656961,11.291823,42.9,3.84
T15,GL-3464,2026-03-13 18:09:00,7.656894,11.291636,45.4,4.89
T15,GL-3464,2026-03-13 18:10:00,7.655869,11.291533,21.1,3.17
T15,GL-3464,2026-03-13 18:11:00,7.655371,11.290651,23.9,3.83
T15,GL-3464,2026-03-13 18:12:00,7.654427,11.291389,48.7,4.87
T15,GL-3464,2026-03-13 18:13:00,7.6543,11.290559,35.8,4.11
T15,GL-3464,2026-03-13 18:14:00,7.653546,11.28987,56.5,4.22
T15,GL-3464,2026-03-13 18:15:00,7.652854,11.289892,26.5,3.61
T15,GL-3464,2026-03-13 18:16:00,7.652016,11.289673,15.5,2.99
T15,GL-3464,2026-03-13 18:17:00,7.651449,11.289776,,2.89
T15,GL-3464,2026-03-13 18:18:00,7.650652,11.289193,33.3,4.07
T15,GL-3464,2026-03-13 18:19:00,7.65033,11.289066,14.8,4.95
T15,GL-3464,2026-03-13 18:20:00,7.649319,11.288484,51.3,4.03
T15,GL-3464,2026-03-13 18:21:00,7.649193,11.288468,44.7,2.94
T15,GL-3464,2026-03-13 18:22:00,7.647916,11.28843,36.0,3.28
T15,GL-3464,2026-03-13 18:23:00,7.64778,11.288495,41.3,5.1
T15,GL-3464,2026-03-13 18:24:00,7.647287,11.287869,49.1,3.84
T15,GL-3464,2026-03-13 18:25:00,7.647114,11.28789,57.1,4.84
T15,GL-3464,2026-03-13 18:26:00,7.646502,11.287244,51.3,4.88
T15,GL-3464,2026-03-13 18:27:00,7.645719,11.287777,15.7,2.97
T15,GL-3464,2026-03-13 18:28:00,7.644401,11.286829,,4.67
T15,GL-3464,2026-03-13 18:29:00,7.643852,11.286789,55.9,4.79
T15,GL-3464,2026-03-13 18:30:00,8.096883,11.286345,56.9,267.63
T15,GL-3464,2026-03-13 18:31:00,7.643117,11.28601,39.1,2.93
T15,GL-3464,2026-03-13 18:32:00,7.642472,11.286056,18.0,3.34
T15,GL-3464,2026-03-13 18:33:00,7.641669,11.285718,35.0,3.73
T15,GL-3464,2026-03-13 18:34:00,7.641232,11.285342,19.8,5.0
T15,GL-3464,2026-03-13 18:35:00,7.640765,11.285163,40.3,5.08
T15,GL-3464,2026-03-13 18:36:00,7.639639,11.28477,56.2,5.19
T15,GL-3464,2026-03-13 18:37:00,7.639088,11.284775,30.2,4.39
T15,GL-3464,2026-03-13 18:38:00,7.638704,11.284521,30.4,5.2
T15,GL-3464,2026-03-13 18:39:00,7.638095,11.284232,55.2,4.24
T15,GL-3464,2026-03-13 18:40:00,7.636944,11.28403,27.0,4.87
T15,GL-3464,2026-03-13 18:41:00,7.636565,11.284081,18.2,4.58
T15,GL-3464,2026-03-13 18:42:00,7.635823,11.283838,39.3,3.82
T15,GL-3464,2026-03-13 18:43:00,7.635269,11.283733,33.6,2.83
T15,GL-3464,2026-03-13 18:44:00,7.634941,11.283047,18.0,4.05
T15,GL-3464,2026-03-13 18:45:00,7.634441,11.282969,29.4,3.92
T15,GL-3464,2026-03-13 18:46:00,7.63398,11.282591,27.5,4.24
T15,GL-3464,2026-03-13 18:47:00,7.632928,11.282235,37.1,5.29
T15,GL-3464,2026-03-13 18:48:00,7.632269,11.282238,33.1,4.22
T15,GL-3464,2026-03-13 18:49:00,7.631745,11.281974,19.7,5.44
T15,GL-3464,2026-03-13 18:50:00,7.63102,11.28151,43.0,3.98
T15,GL-3464,2026-03-13 18:51:00,7.630439,11.281475,42.5,4.36
T15,GL-3464,2026-03-13 18:52:00,7.629495,11.281428,31.5,4.14
T15,GL-3464,2026-03-13 18:53:00,7.629181,11.280761,49.3,5.18
T15,GL-3464,2026-03-13 18:54:00,7.628443,11.280586,14.7,4.93
T15,GL-3464,2026-03-13 18:55:00,7.627897,11.280499,57.7,3.98
T15,GL-3464,2026-03-13 18:56:00,7.626914,11.280446,34.8,3.53
T15,GL-3464,2026-03-13 18:57:00,7.626635,11.27941,14.5,3.95
T15,GL-3464,2026-03-13 18:58:00,7.626231,11.279878,42.8,3.26
T15,GL-3464,2026-03-13 18:59:00,7.625644,11.279286,16.9,4.21
T15,GL-3464,2026-03-13 19:00:00,7.624756,11.279589,27.3,5.0
T15,GL-3464,2026-03-13 19:01:00,7.624334,11.279108,42.8,4.31
T15,GL-3464,2026-03-13 19:02:00,7.62354,11.278815,40.4,2.88
T15,GL-3464,2026-03-13 19:03:00,7.623166,11.27853,30.0,3.83
T15,GL-3464,2026-03-13 19:04:00,7.622644,11.278419,26.5,3.13
T15,GL-3464,2026-03-13 19:05:00,7.621513,11.277648,15.1,3.21
T15,GL-3464,2026-03-13 19:06:00,7.621478,11.277721,47.2,4.2
T15,GL-3464,2026-03-13 19:07:00,7.620686,11.277195,49.5,4.03
T15,GL-3464,2026-03-13 19:08:00,7.61979,11.277263,35.2,5.02
T15,GL-3464,2026-03-13 19:09:00,7.619291,11.277352,50.2,3.52
T15,GL-3464,2026-03-13 19:10:00,7.61859,11.277137,48.0,4.43
T15,GL-3464,2026-03-13 19:11:00,7.618646,11.277,55.5,4.0
T15,GL-3464,2026-03-13 19:12:00,7.617764,11.276531,32.6,2.82
T15,GL-3464,2026-03-13 19:13:00,7.616475,11.276314,36.1,3.7
T15,GL-3464,2026-03-13 19:14:00,7.615951,11.275747,45.2,3.53
T15,GL-3464,2026-03-13 19:15:00,7.615798,11.27584,17.8,3.18
T15,GL-3464,2026-03-13 19:16:00,7.614976,11.275483,40.9,3.03
T15,GL-3464,2026-03-13 19:17:00,7.614273,11.275247,47.9,4.61
T15,GL-3464,2026-03-13 19:18:00,7.613464,11.275261,44.6,5.09
T15,GL-3464,2026-03-13 19:19:00,7.612844,11.274956,37.3,4.8
T15,GL-3464,2026-03-13 19:20:00,7.612762,11.274448,29.2,3.24
T15,GL-3464,2026-03-13 19:21:00,7.61178,11.274171,37.4,5.01
T15,GL-3464,2026-03-13 19:22:00,7.610965,11.274007,16.7,4.11
T15,GL-3464,2026-03-13 19:23:00,7.610929,11.2736,32.6,4.51
T15,GL-3464,2026-03-13 19:24:00,7.609929,11.273655,29.9,3.8
T15,GL-3464,2026-03-13 19:25:00,7.609209,11.273062,42.8,2.99
T15,GL-3464,2026-03-13 19:26:00,7.608777,11.273024,54.4,4.67
T15,GL-3464,2026-03-13 19:27:00,7.608295,11.272703,37.9,5.35
T15,GL-3464,2026-03-13 19:28:00,7.607331,11.272879,14.2,5.42
T15,GL-3464,2026-03-13 19:29:00,7.606615,11.272082,27.8,3.16
T15,GL-3464,2026-03-13 19:30:00,7.60646,11.272515,19.9,4.91
T15,GL-3464,2026-03-13 19:31:00,7.605615,11.271904,57.8,3.94
T15,GL-3464,2026-03-13 19:32:00,7.604843,11.272181,54.6,4.68
T15,GL-3464,2026-03-13 19:33:00,7.604363,11.271328,29.6,4.86
T15,GL-3464,2026-03-13 19:34:00,7.603526,11.271222,18.2,4.75
T15,GL-3464,2026-03-13 19:35:00,7.603067,11.270947,53.3,3.18
T15,GL-3464,2026-03-13 19:36:00,7.602199,11.270978,28.9,3.28
T15,GL-3464,2026-03-13 19:37:00,7.601532,11.270688,53.3,4.81
T15,GL-3464,2026-03-13 19:38:00,11.270521,7.601132,35.0,4.6
T15,GL-3464,2026-03-13 19:39:00,7.6004,11.26982,14.8,3.51
T15,GL-3464,2026-03-13 19:40:00,7.59998,11.270288,14.8,5.46
T15,GL-3464,2026-03-13 19:41:00,7.599283,11.269407,49.0,5.07
T15,GL-3464,2026-03-13 19:42:00,7.598701,11.269169,52.0,3.96
T15,GL-3464,2026-03-13 19:43:00,7.598199,11.269461,19.8,5.55
T15,GL-3464,2026-03-13 19:44:00,7.597465,11.268988,47.5,4.0
T15,GL-3464,2026-03-13 19:45:00,7.596992,11.268788,24.7,3.13
T15,GL-3464,2026-03-13 19:46:00,7.595953,11.268348,24.5,4.67
T15,GL-3464,2026-03-13 19:47:00,7.595836,11.267745,14.8,5.02
T15,GL-3464,2026-03-13 19:48:00,7.59489,11.267541,24.5,4.01
T15,GL-3464,2026-03-13 19:49:00,7.594213,11.267567,50.6,3.33
T15,GL-3464,2026-03-13 19:50:00,7.59361,11.267387,39.2,3.72
T15,GL-3464,2026-03-13 19:51:00,7.592924,11.26739,47.5,4.37
T15,GL-3464,2026-03-13 19:52:00,7.592578,11.266485,28.0,3.2
T15,GL-3464,2026-03-13 19:53:00,7.591564,11.266706,51.6,5.29
T15,GL-3464,2026-03-13 19:54:00,7.591174,11.266334,46.6,4.28
T15,GL-3464,2026-03-13 19:55:00,7.590672,11.266232,15.7,5.02
T15,GL-3464,2026-03-13 19:56:00,7.58983,11.265534,57.0,3.18
T15,GL-3464,2026-03-13 19:57:00,7.588978,11.265435,52.9,4.15
T15,GL-3464,2026-03-13 19:58:00,7.588613,11.265399,18.6,5.39
T15,GL-3464,2026-03-13 19:59:00,7.588216,11.265191,23.3,5.38
T15,GL-3464,2026-03-13 20:00:00,7.587237,11.264942,31.7,5.57
T15,GL-3464,2026-03-13 20:01:00,7.586791,11.264736,24.9,5.31
T15,GL-3464,2026-03-13 20:02:00,7.586501,11.264402,26.0,4.43
T15,GL-3464,2026-03-13 20:03:00,7.585858,11.264113,48.2,3.66
T15,GL-3464,2026-03-13 20:04:00,7.585001,11.263483,14.8,3.44
T15,GL-3464,2026-03-13 20:05:00,7.584487,11.263376,56.2,3.8
T15,GL-3464,2026-03-13 20:06:00,7.583639,11.263594,19.0,4.95
T15,GL-3464,2026-03-13 20:07:00,7.583106,11.263143,31.8,4.15
T15,GL-3464,2026-03-13 20:08:00,7.582323,11.262665,46.5,3.09
T15,GL-3464,2026-03-13 20:09:00,7.581831,11.262961,19.6,5.08
T15,GL-3464,2026-03-13 20:10:00,7.581033,11.262603,51.4,5.5
T15,GL-3464,2026-03-13 20:11:00,7.580695,11.262429,30.7,4.63
T15,GL-3464,2026-03-13 20:12:00,7.580085,11.262201,48.0,3.63
T15,GL-3464,2026-03-13 20:13:00,7.579572,11.262059,25.7,4.05
T15,GL-3464,2026-03-13 20:14:00,7.578601,11.2615,49.6,3.61
T15,GL-3464,2026-03-13 20:15:00,7.577796,11.261182,57.9,3.08
T15,GL-3464,2026-03-13 20:16:00,7.577366,11.261084,32.5,5.53
T15,GL-3464,2026-03-13 20:17:00,7.577771,11.261006,19.0,3.94
T15,GL-3464,2026-03-13 20:18:00,7.576319,11.260789,43.7,4.97
T15,GL-3464,2026-03-13 20:19:00,7.575688,11.260322,20.3,2.82
T15,GL-3464,2026-03-13 20:20:00,7.574999,11.260455,26.3,5.13
T15,GL-3464,2026-03-13 20:21:00,7.574751,11.259859,53.9,4.16
T15,GL-3464,2026-03-13 20:22:00,7.573898,11.259831,43.5,4.88
T15,GL-3464,2026-03-13 20:23:00,7.573388,11.259422,44.1,3.59
T15,GL-3464,2026-03-13 20:24:00,7.572615,11.259254,15.1,4.67
T15,GL-3464,2026-03-13 20:25:00,7.571906,11.258507,48.9,4.57
T15,GL-3464,2026-03-13 20:26:00,7.571656,11.258669,17.6,4.42
T15,GL-3464,2026-03-13 20:27:00,7.570696,11.258372,47.2,3.31
T15,GL-3464,2026-03-13 20:28:00,7.569836,11.258441,47.8,5.59
T15,GL-3464,2026-03-13 20:29:00,7.569505,11.257826,34.0,5.13
T15,GL-3464,2026-03-13 20:30:00,7.568922,11.257427,36.6,3.84
T15,GL-3464,2026-03-13 20:31:00,7.568312,11.257494,,3.76
T15,GL-3464,2026-03-13 20:32:00,7.567414,11.257149,29.7,5.5
T15,GL-3464,2026-03-13 20:33:00,7.567031,11.257112,46.6,4.14
T15,GL-3464,2026-03-13 20:34:00,7.56625,11.257005,42.7,4.81
T15,GL-3464,2026-03-13 20:35:00,7.565721,11.256774,55.9,3.43
T15,GL-3464,2026-03-13 20:36:00,7.565091,11.256173,40.5,3.19
T15,GL-3464,2026-03-13 20:37:00,7.564122,11.256536,24.4,4.5
T15,GL-3464,2026-03-13 20:38:00,7.563794,11.255694,41.8,4.59
T15,GL-3464,2026-03-13 20:39:00,7.563351,11.256032,22.0,3.45
T15,GL-3464,2026-03-13 20:40:00,7.562472,11.254923,24.2,3.72
T15,GL-3464,2026-03-13 20:41:00,7.562012,11.25527,32.8,4.86
T15,GL-3464,2026-03-13 20:42:00,7.561187,11.254988,,3.17
T15,GL-3464,2026-03-13 20:43:00,7.561036,11.25429,17.0,5.01
T15,GL-3464,2026-03-13 20:44:00,7.559827,11.254422,41.8,3.15
T15,GL-3464,2026-03-13 20:45:00,7.559285,11.254532,49.4,5.51
T15,GL-3464,2026-03-13 20:46:00,7.558969,11.254392,46.8,3.86
T15,GL-3464,2026-03-13 20:47:00,7.558413,11.253549,32.9,3.89
T15,GL-3464,2026-03-13 20:48:00,7.557817,11.253874,19.9,2.93
T15,GL-3464,2026-03-13 20:49:00,7.556854,11.253394,37.7,4.76
T15,GL-3464,2026-03-13 20:50:00,7.556173,11.252955,46.8,4.29
T15,GL-3464,2026-03-13 20:51:00,7.555796,11.252614,28.5,4.48
T15,GL-3464,2026-03-13 20:52:00,7.554964,11.25252,24.2,3.97
T15,GL-3464,2026-03-13 20:53:00,7.554616,11.252411,22.9,3.91
T15,GL-3464,2026-03-13 20:54:00,7.553928,11.251971,37.1,4.98
T15,GL-3464,2026-03-13 20:55:00,7.553401,11.25196,34.8,5.13
T15,GL-3464,2026-03-13 20:56:00,7.552845,11.251597,39.4,4.44
T15,GL-3464,2026-03-13 20:57:00,7.552486,11.251366,,3.81
T15,GL-3464,2026-03-13 20:58:00,7.551247,11.250896,43.5,4.98
T15,GL-3464,2026-03-13 20:59:00,7.55075,11.250415,33.7,3.13
T15,GL-3464,2026-03-13 21:00:00,7.550263,11.250448,28.5,4.25
T15,GL-3464,2026-03-13 21:01:00,7.549403,11.250484,19.6,3.46
T15,GL-3464,2026-03-13 21:02:00,7.549057,11.249981,37.7,3.61
T15,GL-3464,2026-03-13 21:03:00,7.548624,11.249872,19.0,3.79
T15,GL-3464,2026-03-13 21:04:00,7.547468,11.24918,35.1,5.02
T15,GL-3464,2026-03-13 21:05:00,7.547002,11.249362,36.2,4.68
T15,GL-3464,2026-03-13 21:06:00,7.546369,11.248596,14.2,3.8
T15,GL-3464,2026-03-13 21:07:00,7.545852,11.248849,20.3,3.08
T15,GL-3464,2026-03-13 21:08:00,7.54521,11.248558,28.3,5.31
T15,GL-3464,2026-03-13 21:09:00,7.54503,11.248801,45.1,3.15
T15,GL-3464,2026-03-13 21:10:00,7.544055,11.24779,18.0,3.77
T15,GL-3464,2026-03-13 21:11:00,7.543638,11.248094,18.7,3.64
T15,GL-3464,2026-03-13 21:12:00,7.542935,11.247569,24.3,5.08
T15,GL-3464,2026-03-13 21:13:00,7.541654,11.247468,48.0,3.2
T15,GL-3464,2026-03-13 21:14:00,7.541272,11.247163,48.6,4.04
T15,GL-3464,2026-03-13 21:15:00,7.540508,11.24652,45.1,4.13
T15,GL-3464,2026-03-13 21:16:00,7.540034,11.246822,20.4,4.75
T15,GL-3464,2026-03-13 21:17:00,7.539723,11.246647,38.5,4.57
T15,GL-3464,2026-03-13 21:18:00,7.538988,11.246226,23.7,4.26
T15,GL-3464,2026-03-13 21:19:00,7.538643,11.246225,53.3,3.91
T15,GL-3464,2026-03-13 21:20:00,7.537741,11.245706,48.7,4.5
T15,GL-3464,2026-03-13 21:21:00,7.537233,11.245683,19.2,4.16
T15,GL-3464,2026-03-13 21:22:00,7.536499,11.245373,42.7,2.93
T15,GL-3464,2026-03-13 21:23:00,7.535708,11.24512,57.0,5.23
T15,GL-3464,2026-03-13 21:24:00,7.535176,11.244639,49.7,4.58
T15,GL-3464,2026-03-13 21:25:00,7.534929,11.244456,41.9,4.35
T15,GL-3464,2026-03-13 21:26:00,7.534376,11.244683,20.0,3.96
T15,GL-3464,2026-03-13 21:27:00,7.533238,11.243764,45.6,5.17
T15,GL-3464,2026-03-13 21:28:00,7.532734,11.24383,29.1,3.54
T15,GL-3464,2026-03-13 21:29:00,7.532101,11.243364,53.5,3.86
T15,GL-3464,2026-03-13 21:30:00,7.531553,11.243322,35.8,3.36
T15,GL-3464,2026-03-13 21:31:00,7.530786,11.243219,52.2,2.85
T15,GL-3464,2026-03-13 21:32:00,7.530432,11.243075,18.1,3.59
T15,GL-3464,2026-03-13 21:33:00,7.529617,11.242836,30.6,4.96
T15,GL-3464,2026-03-13 21:34:00,7.529058,11.242143,38.3,3.67
T15,GL-3464,2026-03-13 21:35:00,7.528034,11.241955,17.3,4.61
T15,GL-3464,2026-03-13 21:36:00,7.527981,11.24167,53.5,5.29
T15,GL-3464,2026-03-13 21:37:00,7.527334,11.241644,43.1,5.22
T15,GL-3464,2026-03-13 21:38:00,7.526804,11.241379,36.0,4.12
T15,GL-3464,2026-03-13 21:39:00,7.525648,11.241078,33.4,3.9
T15,GL-3464,2026-03-13 21:40:00,7.524959,11.240717,51.6,3.78
T15,GL-3464,2026-03-13 21:41:00,7.524562,11.241001,26.1,4.32
T15,GL-3464,2026-03-13 21:42:00,7.523812,11.240282,30.6,4.43
T15,GL-3464,2026-03-13 21:43:00,7.523421,11.24067,26.9,5.2
T15,GL-3464,2026-03-13 21:44:00,7.522705,11.240188,,3.56
T15,GL-3464,2026-03-13 21:45:00,7.522274,11.239673,32.9,4.37
T15,GL-3464,2026-03-13 21:46:00,7.521573,11.239652,55.1,4.81
T15,GL-3464,2026-03-13 21:47:00,7.520648,11.239342,23.6,5.22
T15,GL-3464,2026-03-13 21:48:00,7.520371,11.239108,16.2,4.33
T15,GL-3464,2026-03-13 21:49:00,7.519139,11.239067,43.1,5.01
T15,GL-3464,2026-03-13 21:50:00,7.519169,11.238431,30.9,5.42
T15,GL-3464,2026-03-13 21:51:00,7.518192,11.238359,23.3,3.16
T15,GL-3464,2026-03-13 21:52:00,7.517433,11.238072,29.3,4.62
T15,GL-3464,2026-03-13 21:53:00,7.517266,11.237717,,4.27
T15,GL-3464,2026-03-13 21:54:00,7.51668,11.23751,21.5,4.83
T15,GL-3464,2026-03-13 21:55:00,7.516154,11.237068,43.9,2.86
T15,GL-3464,2026-03-13 21:56:00,7.515012,11.237453,23.9,3.24
T15,GL-3464,2026-03-13 21:57:00,7.515109,11.237303,34.9,5.09
T15,GL-3464,2026-03-13 21:58:00,7.513597,11.236408,21.6,3.77
T15,GL-3464,2026-03-13 21:59:00,7.51345,11.236216,22.7,2.85
T15,GL-3464,2026-03-13 22:00:00,7.512505,11.236565,50.7,3.54
T15,GL-3464,2026-03-13 22:01:00,7.512108,11.236261,39.5,5.14
T15,GL-3464,2026-03-13 22:02:00,7.511666,11.235942,46.6,3.57
T15,GL-3464,2026-03-13 22:03:00,7.510829,11.235614,19.9,3.76
T15,GL-3464,2026-03-13 22:04:00,7.510328,11.235536,39.6,4.6
T15,GL-3464,2026-03-13 22:05:00,7.509947,11.234424,21.9,3.69
T15,GL-3464,2026-03-13 22:06:00,7.509133,11.234585,28.3,4.44
T15,GL-3464,2026-03-13 22:07:00,7.508255,11.234833,19.9,2.85
T15,GL-3464,2026-03-13 22:08:00,7.507656,11.234212,24.1,4.31
T15,GL-3464,2026-03-13 22:09:00,7.507104,11.233671,,5.46
T15,GL-3464,2026-03-13 22:10:00,7.506565,11.233951,53.2,4.84
T15,GL-3464,2026-03-13 22:11:00,7.506108,11.233179,26.3,4.55
T15,GL-3464,2026-03-13 22:12:00,7.505234,11.233211,38.9,3.1
T15,GL-3464,2026-03-13 22:13:00,7.504374,11.233216,46.4,5.3
T15,GL-3464,2026-03-13 22:14:00,7.504218,11.232872,20.4,3.04
T15,GL-3464,2026-03-13 22:15:00,7.503551,11.232316,58.0,5.2
T15,GL-3464,2026-03-13 22:16:00,7.503157,11.232572,35.9,4.65
T15,GL-3464,2026-03-13 22:17:00,7.502273,11.231941,55.3,3.39
T15,GL-3464,2026-03-13 22:18:00,7.501459,11.232356,20.4,5.15
T15,GL-3464,2026-03-13 22:19:00,7.500485,11.231496,41.9,3.36
T15,GL-3464,2026-03-13 22:20:00,7.500393,11.231406,54.4,3.85
T15,GL-3464,2026-03-13 22:21:00,7.500605,11.231582,34.4,0.38
T15,GL-3464,2026-03-13 22:22:00,7.500514,11.231222,23.3,0.8
T15,GL-3464,2026-03-13 22:23:00,7.500914,11.231175,40.6,0.04
T15,GL-3464,2026-03-13 22:24:00,7.500949,11.23153,45.8,0.27
T15,GL-3464,2026-03-13 22:25:00,7.500839,11.231233,33.5,0.46
T15,GL-3464,2026-03-13 22:26:00,7.500619,11.231306,43.6,0.79
T15,GL-3464,2026-03-13 22:27:00,7.500332,11.231497,56.3,0.61
T15,GL-3464,2026-03-13 22:28:00,7.50017,11.231616,27.9,0.51
T15,GL-3464,2026-03-13 22:29:00,7.500534,11.230743,50.4,0.22
T15,GL-3464,2026-03-13 22:30:00,7.500697,11.231438,49.8,0.06
T15,GL-3464,2026-03-13 22:31:00,7.50019,11.230998,38.4,0.82
T15,GL-3464,2026-03-13 22:32:00,7.500573,11.231606,16.0,0.84
T15,GL-3464,2026-03-13 22:33:00,7.500893,11.231277,31.7,0.03
T15,GL-3464,2026-03-13 22:34:00,7.50045,11.231211,53.6,0.75
T15,GL-3464,2026-03-13 22:35:00,7.499904,11.23083,29.8,0.15
T15,GL-3464,2026-03-13 22:36:00,7.500315,11.231561,39.0,0.73
T15,GL-3464,2026-03-13 22:37:00,7.500671,11.231494,18.9,0.85
T15,GL-3464,2026-03-13 22:38:00,7.500053,11.231506,26.8,0.88
T15,GL-3464,2026-03-13 22:39:00,7.500958,11.231317,45.2,0.6
T15,GL-3464,2026-03-13 22:40:00,7.500264,11.231637,15.1,0.45
T15,GL-3464,2026-03-13 22:41:00,7.50035,11.230887,36.8,0.13
T15,GL-3464,2026-03-13 22:42:00,7.50041,11.231385,45.3,0.5
T15,GL-3464,2026-03-13 22:43:00,7.500646,11.230874,57.5,2.9
T15,GL-3464,2026-03-13 22:44:00,7.501145,11.230279,49.8,4.43
T15,GL-3464,2026-03-13 22:45:00,7.501311,11.22913,19.9,4.08
T15,GL-3464,2026-03-13 22:46:00,7.501407,11.228397,26.0,3.73
T15,GL-3464,2026-03-13 22:47:00,7.502016,11.227776,16.3,4.78
T15,GL-3464,2026-03-13 22:48:00,7.502436,11.227166,57.4,3.41
T15,GL-3464,2026-03-13 22:49:00,7.50256,11.226783,38.6,4.5
T15,GL-3464,2026-03-13 22:50:00,7.50273,11.225913,40.4,3.38
T15,GL-3464,2026-03-13 22:51:00,7.503319,11.225282,39.4,4.88
T15,GL-3464,2026-03-13 22:52:00,7.503944,11.224688,30.9,4.03
T15,GL-3464,2026-03-13 22:53:00,7.503768,11.223866,23.3,2.95
T15,GL-3464,2026-03-13 22:54:00,7.504176,11.223414,57.8,3.39
T15,GL-3464,2026-03-13 22:55:00,7.504318,11.222455,42.6,3.24
T15,GL-3464,2026-03-13 22:56:00,7.504603,11.221856,52.7,4.0
T15,GL-3464,2026-03-13 22:57:00,7.504984,11.221114,50.5,4.45
T15,GL-3464,2026-03-13 22:58:00,7.505303,11.220727,31.4,3.01
T15,GL-3464,2026-03-13 22:59:00,7.505626,11.22012,19.9,3.78
T15,GL-3464,2026-03-13 23:00:00,7.505895,11.219156,57.3,2.84
T15,GL-3464,2026-03-13 23:01:00,7.50646,11.218538,41.3,5.55
T15,GL-3464,2026-03-13 23:02:00,7.506512,11.21761,38.1,4.47
T15,GL-3464,2026-03-13 23:03:00,7.506803,11.216906,22.4,4.13
T15,GL-3464,2026-03-13 23:04:00,7.507547,11.216115,21.2,4.56
T15,GL-3464,2026-03-13 23:05:00,7.507345,11.21554,34.4,3.2
T15,GL-3464,2026-03-13 23:06:00,7.507691,11.214934,35.6,4.48
T15,GL-3464,2026-03-13 23:07:00,7.508242,11.214287,52.3,3.59
T15,GL-3464,2026-03-13 23:08:00,7.508917,11.213674,34.8,5.09
T15,GL-3464,2026-03-13 23:09:00,7.508543,11.213181,53.2,3.4
T15,GL-3464,2026-03-13 23:10:00,7.509317,11.212316,37.9,4.51
T15,GL-3464,2026-03-13 23:11:00,7.509531,11.211491,24.3,3.74
T15,GL-3464,2026-03-13 23:12:00,7.510249,11.211046,44.0,4.35
T15,GL-3464,2026-03-13 23:13:00,7.51024,11.210059,17.0,3.9
T15,GL-3464,2026-03-13 23:14:00,7.510661,11.209299,20.9,3.66
T15,GL-3464,2026-03-13 23:15:00,7.510339,11.208693,20.5,3.06
T15,GL-3464,2026-03-13 23:16:00,7.511461,11.208153,56.9,3.09
T15,GL-3464,2026-03-13 23:17:00,7.511101,11.208159,44.4,0.86
T15,GL-3464,2026-03-13 23:18:00,7.511182,11.208274,39.8,0.12
T15,GL-3464,2026-03-13 23:19:00,7.510831,11.207907,50.7,0.25
T15,GL-3464,2026-03-13 23:20:00,7.511759,11.208045,52.0,0.62
T15,GL-3464,2026-03-13 23:21:00,7.510991,11.208354,53.5,0.47
T15,GL-3464,2026-03-13 23:22:00,7.51097,11.20841,39.8,0.31
T15,GL-3464,2026-03-13 23:23:00,7.511003,11.208501,33.0,0.76
T15,GL-3464,2026-03-13 23:24:00,7.510824,11.208053,57.3,0.37
T15,GL-3464,2026-03-13 23:25:00,7.510735,11.208266,38.6,0.66
T15,GL-3464,2026-03-13 23:26:00,7.511343,11.207922,33.0,0.06
T15,GL-3464,2026-03-13 23:27:00,7.511085,11.208188,18.2,0.47
T15,GL-3464,2026-03-13 23:28:00,7.511176,11.208262,27.8,0.77
T15,GL-3464,2026-03-13 23:29:00,7.511353,11.208158,29.1,0.14
T15,GL-3464,2026-03-13 23:30:00,7.511316,11.208184,33.8,0.59
T15,GL-3464,2026-03-13 23:31:00,7.511014,11.207983,14.7,0.5
T15,GL-3464,2026-03-13 23:32:00,7.511452,11.207767,56.6,0.36
T15,GL-3464,2026-03-13 23:33:00,7.511094,11.2085,14.9,0.01
T15,GL-3464,2026-03-13 23:34:00,7.510452,11.207565,17.0,3.95
T15,GL-3464,2026-03-13 23:35:00,7.511031,11.207042,20.1,3.56
T15,GL-3464,2026-03-13 23:36:00,7.510916,11.205455,51.9,5.5
T15,GL-3464,2026-03-13 23:37:00,7.511069,11.205059,44.5,5.06
T15,GL-3464,2026-03-13 23:38:00,7.510683,11.204195,14.9,2.85
T15,GL-3464,2026-03-13 23:39:00,7.511016,11.20338,37.5,3.97
T15,GL-3464,2026-03-13 23:40:00,7.510608,11.202751,49.1,3.97
T15,GL-3464,2026-03-13 23:41:00,7.510612,11.201624,52.8,5.51
T15,GL-3464,2026-03-13 23:42:00,7.510894,11.201001,16.1,3.55
T15,GL-3464,2026-03-13 23:43:00,7.510502,11.200349,14.9,3.11
T15,GL-3464,2026-03-13 23:44:00,7.510667,11.199676,53.1,5.31
T15,GL-3464,2026-03-13 23:45:00,7.510625,11.198784,23.6,4.25
T15,GL-3464,2026-03-13 23:46:00,7.511046,11.197968,55.2,2.97
T15,GL-3464,2026-03-13 23:47:00,7.510859,11.197075,15.9,4.58
T15,GL-3464,2026-03-13 23:48:00,7.510701,11.196227,39.0,3.15
T15,GL-3464,2026-03-13 23:49:00,7.510443,11.195632,40.8,2.95
T15,GL-3464,2026-03-13 23:50:00,7.510306,11.194628,24.9,5.6
T15,GL-3464,2026-03-13 23:51:00,7.510634,11.194012,37.6,5.08
T15,GL-3464,2026-03-13 23:52:00,7.510239,11.193212,23.1,2.81
T15,GL-3464,2026-03-13 23:53:00,7.510251,11.193059,31.5,3.33
T15,GL-3464,2026-03-13 23:54:00,7.51009,11.191604,54.1,5.56
T15,GL-3464,2026-03-13 23:55:00,7.510423,11.190995,33.0,2.83
T15,GL-3464,2026-03-13 23:56:00,7.51038,11.189981,41.7,3.68
T15,GL-3464,2026-03-13 23:57:00,7.510358,11.188994,45.4,3.25
T15,GL-3464,2026-03-13 23:58:00,7.510079,11.188388,16.1,3.95
T15,GL-3464,2026-03-13 23:59:00,7.510307,11.187893,42.5,2.94
T15,GL-3464,2026-03-14 00:00:00,7.510369,11.187137,42.3,4.61
T15,GL-3464,2026-03-14 00:01:00,7.510059,11.185889,16.0,3.6
T15,GL-3464,2026-03-14 00:02:00,7.509927,11.185272,49.5,5.01
T15,GL-3464,2026-03-14 00:03:00,7.510295,11.184849,49.6,4.22
T15,GL-3464,2026-03-14 00:04:00,7.510077,11.18392,20.2,3.25
T15,GL-3464,2026-03-14 00:05:00,7.510177,11.183016,26.8,3.74
T15,GL-3464,2026-03-14 00:06:00,7.509955,11.182525,35.9,3.91
T15,GL-3464,2026-03-14 00:07:00,7.509385,11.18166,15.9,4.41
T15,GL-3464,2026-03-14 00:08:00,7.509932,11.180557,30.6,4.98
T15,GL-3464,2026-03-14 00:09:00,7.510188,11.18001,45.5,4.74
T15,GL-3464,2026-03-14 00:10:00,7.509755,11.179481,32.2,4.68
T15,GL-3464,2026-03-14 00:11:00,7.509753,11.178171,47.1,3.74
T15,GL-3464,2026-03-14 00:12:00,7.510031,11.177774,40.9,3.76
T15,GL-3464,2026-03-14 00:13:00,7.509714,11.177862,24.9,0.26
T15,GL-3464,2026-03-14 00:14:00,7.510054,11.177428,33.2,0.46
T15,GL-3464,2026-03-14 00:15:00,7.508925,11.177613,25.5,0.18
T15,GL-3464,2026-03-14 00:16:00,7.509415,11.178084,47.2,0.58
T15,GL-3464,2026-03-14 00:17:00,7.509918,11.177895,50.8,0.67
T15,GL-3464,2026-03-14 00:18:00,7.509706,11.177502,26.9,0.09
T15,GL-3464,2026-03-14 00:19:00,7.509742,11.177776,23.9,0.39
T15,GL-3464,2026-03-14 00:20:00,7.509675,11.177898,21.9,0.03
T15,GL-3464,2026-03-14 00:21:00,7.509539,11.178048,56.1,0.19
T15,GL-3464,2026-03-14 00:22:00,7.510083,11.177528,49.3,0.54
T15,GL-3464,2026-03-14 00:23:00,7.50979,11.177601,27.3,0.26
T15,GL-3464,2026-03-14 00:24:00,7.509485,11.178148,57.3,0.37
T15,GL-3464,2026-03-14 00:25:00,7.509932,11.177488,30.5,0.67
T15,GL-3464,2026-03-14 00:26:00,7.509934,11.177437,20.3,0.14
T15,GL-3464,2026-03-14 00:27:00,7.50891,11.177173,41.3,0.65
T15,GL-3464,2026-03-14 00:28:00,7.509693,11.177567,41.5,0.61
T15,GL-3464,2026-03-14 00:29:00,7.51002,11.178002,18.1,0.06
T15,GL-3464,2026-03-14 00:30:00,7.509281,11.177597,20.9,0.38
T15,GL-3464,2026-03-14 00:31:00,7.509625,11.177633,46.9,0.06
T15,GL-3464,2026-03-14 00:32:00,7.509627,11.177565,46.8,0.01
T15,GL-3464,2026-03-14 00:33:00,7.509729,11.177775,34.6,0.61
T15,GL-3464,2026-03-14 00:34:00,7.509819,11.177252,45.6,0.74
T15,GL-3464,2026-03-14 00:35:00,7.509888,11.177451,21.5,0.68
T15,GL-3464,2026-03-14 00:36:00,7.509938,11.177622,17.2,0.29
T15,GL-3464,2026-03-14 00:37:00,7.509792,11.177545,27.0,0.04
T15,GL-3464,2026-03-14 00:38:00,7.509768,11.177639,37.4,0.18
T15,GL-3464,2026-03-14 00:39:00,7.509739,11.177738,38.5,0.55
T15,GL-3464,2026-03-14 00:40:00,7.510169,11.177723,46.7,0.27
T15,GL-3464,2026-03-14 00:41:00,7.510055,11.177729,32.4,4.8
T15,GL-3464,2026-03-14 00:42:00,7.510101,11.17805,47.5,3.92
T15,GL-3464,2026-03-14 00:43:00,7.510876,11.178164,22.5,3.93
T15,GL-3464,2026-03-14 00:44:00,7.511087,11.178401,,4.7
T15,GL-3464,2026-03-14 00:45:00,7.512002,11.178669,31.3,5.15
T15,GL-3464,2026-03-14 00:46:00,7.51283,11.178978,29.3,3.0
T15,GL-3464,2026-03-14 00:47:00,7.513205,11.178976,21.0,2.98
T15,GL-3464,2026-03-14 00:48:00,7.513583,11.179176,33.6,4.24
T15,GL-3464,2026-03-14 00:49:00,7.513893,11.179993,32.5,3.9
T15,GL-3464,2026-03-14 00:50:00,7.514391,11.179951,49.0,5.56
T15,GL-3464,2026-03-14 00:51:00,7.514719,11.17985,18.1,4.84
T15,GL-3464,2026-03-14 00:52:00,7.515247,11.180447,34.6,5.3
T15,GL-3464,2026-03-14 00:53:00,7.515958,11.180867,16.4,5.49
T15,GL-3464,2026-03-14 00:54:00,7.516465,11.180929,14.5,3.41
T15,GL-3464,2026-03-14 00:55:00,7.516381,11.181292,28.5,2.84
T15,GL-3464,2026-03-14 00:56:00,7.516913,11.181176,39.6,5.41
T15,GL-3464,2026-03-14 00:57:00,7.517164,11.181608,26.9,3.26
T15,GL-3464,2026-03-14 00:58:00,7.51802,11.182034,39.7,3.33
T15,GL-3464,2026-03-14 00:59:00,7.518505,11.181964,19.2,4.42
T15,GL-3464,2026-03-14 01:00:00,7.518802,11.182367,,4.46
T15,GL-3464,2026-03-14 01:01:00,7.519656,11.182383,50.7,5.2
T15,GL-3464,2026-03-14 01:02:00,7.519874,11.182597,51.2,5.35
T15,GL-3464,2026-03-14 01:03:00,7.520372,11.182559,52.9,4.51
T15,GL-3464,2026-03-14 01:04:00,7.520735,11.183134,28.3,4.84
T15,GL-3464,2026-03-14 01:05:00,7.521195,11.183372,33.1,4.8
T15,GL-3464,2026-03-14 01:06:00,7.521304,11.183596,14.2,3.6
T15,GL-3464,2026-03-14 01:07:00,7.52254,11.183824,57.1,3.66
T15,GL-3464,2026-03-14 01:08:00,7.522763,11.184148,50.3,5.53
T15,GL-3464,2026-03-14 01:09:00,7.523283,11.184288,26.6,5.29
T15,GL-3464,2026-03-14 01:10:00,7.523666,11.184475,24.5,4.68
T15,GL-3464,2026-03-14 01:11:00,7.524228,11.184633,14.1,4.17
T15,GL-3464,2026-03-14 01:12:00,7.524487,11.185229,51.4,5.33
T15,GL-3464,2026-03-14 01:13:00,7.524839,11.184922,43.2,3.27
T15,GL-3464,2026-03-14 01:14:00,7.525392,11.185639,48.9,4.43
T15,GL-3464,2026-03-14 01:15:00,7.526269,11.18568,20.4,4.09
T15,GL-3464,2026-03-14 01:16:00,7.526171,11.186123,28.9,4.78
T15,GL-3464,2026-03-14 01:17:00,7.526686,11.185977,34.3,5.17
T15,GL-3464,2026-03-14 01:18:00,7.52732,11.186379,14.7,4.5
T15,GL-3464,2026-03-14 01:19:00,7.52736,11.186852,38.2,3.7
T15,GL-3464,2026-03-14 01:20:00,7.528004,11.187165,26.0,4.54
T15,GL-3464,2026-03-14 01:21:00,7.528522,11.187464,44.4,4.32
T15,GL-3464,2026-03-14 01:22:00,7.529108,11.18759,22.6,3.32
T15,GL-3464,2026-03-14 01:23:00,7.529392,11.187718,50.9,3.47
T15,GL-3464,2026-03-14 01:24:00,7.5299,11.187848,49.4,5.14
T15,GL-3464,2026-03-14 01:25:00,7.530458,11.188042,23.0,4.6
T15,GL-3464,2026-03-14 01:26:00,7.531241,11.188746,36.2,5.17
T15,GL-3464,2026-03-14 01:27:00,7.531205,11.188588,41.4,3.19
T15,GL-3464,2026-03-14 01:28:00,7.53184,11.189077,32.9,4.84
T15,GL-3464,2026-03-14 01:29:00,7.532478,11.188775,18.9,5.6
T15,GL-3464,2026-03-14 01:30:00,7.532806,11.189544,36.1,4.12
T15,GL-3464,2026-03-14 01:31:00,7.533255,11.189358,57.2,3.19
T15,GL-3464,2026-03-14 01:32:00,7.533684,11.189662,48.1,5.13
T15,GL-3464,2026-03-14 01:33:00,7.534014,11.189799,32.7,3.68
T15,GL-3464,2026-03-14 01:34:00,7.534622,11.190172,22.6,4.3
T15,GL-3464,2026-03-14 01:35:00,7.53501,11.190627,18.5,4.92
T15,GL-3464,2026-03-14 01:36:00,7.535363,11.190511,55.8,3.37
T15,GL-3464,2026-03-14 01:37:00,7.535967,11.190596,38.4,3.55
T15,GL-3464,2026-03-14 01:38:00,7.536267,11.190841,29.1,4.71
T15,GL-3464,2026-03-14 01:39:00,7.536857,11.19176,32.5,3.0
T15,GL-3464,2026-03-14 01:40:00,7.536728,11.191057,30.8,3.56
T15,GL-3464,2026-03-14 01:41:00,7.537659,11.191777,46.8,5.05
T15,GL-3464,2026-03-14 01:42:00,7.538141,11.192372,30.9,2.88
T15,GL-3464,2026-03-14 01:43:00,7.538589,11.191752,45.0,4.28
T15,GL-3464,2026-03-14 01:44:00,7.539232,11.192512,40.0,3.48
T15,GL-3464,2026-03-14 01:45:00,7.539533,11.192787,33.7,4.0
T15,GL-3464,2026-03-14 01:46:00,7.539669,11.192812,50.7,4.27
T15,GL-3464,2026-03-14 01:47:00,7.540699,11.192997,55.8,3.68
T15,GL-3464,2026-03-14 01:48:00,7.541114,11.193342,14.9,3.78
T15,GL-3464,2026-03-14 01:49:00,7.54122,11.193472,,3.41
T15,GL-3464,2026-03-14 01:50:00,7.541806,11.193452,31.4,5.39
T15,GL-3464,2026-03-14 01:51:00,7.541838,11.19392,25.5,4.55
T15,GL-3464,2026-03-14 01:52:00,7.542746,11.194459,20.7,5.49
T15,GL-3464,2026-03-14 01:53:00,7.543277,11.193874,25.0,4.26
T15,GL-3464,2026-03-14 01:54:00,7.543866,11.194789,27.6,5.2
T15,GL-3464,2026-03-14 01:55:00,7.544283,11.195081,40.3,4.66
T15,GL-3464,2026-03-14 01:56:00,7.544332,11.195311,45.7,4.36
T15,GL-3464,2026-03-14 01:57:00,7.545236,11.195405,39.6,2.82
T15,GL-3464,2026-03-14 01:58:00,7.545523,11.19587,34.7,3.96
T15,GL-3464,2026-03-14 01:59:00,7.545911,11.196221,26.6,4.92
T15,GL-3464,2026-03-14 02:00:00,7.54628,11.196476,36.7,3.89
T15,GL-3464,2026-03-14 02:01:00,7.546662,11.196594,43.8,3.84
T15,GL-3464,2026-03-14 02:02:00,7.547213,11.196147,52.4,4.61
T15,GL-3464,2026-03-14 02:03:00,7.547898,11.196767,28.9,3.09
T15,GL-3464,2026-03-14 02:04:00,7.548423,11.196976,18.4,2.96
T15,GL-3464,2026-03-14 02:05:00,7.549226,11.197131,46.3,5.1
T15,GL-3464,2026-03-14 02:06:00,7.54963,11.197251,27.3,5.46
T15,GL-3464,2026-03-14 02:07:00,7.549879,11.197724,56.4,5.04
T15,GL-3464,2026-03-14 02:08:00,7.550055,11.197693,26.2,5.13
T15,GL-3464,2026-03-14 02:09:00,7.550511,11.198125,41.0,3.79
T15,GL-3464,2026-03-14 02:10:00,7.551141,11.198604,41.2,3.11
T15,GL-3464,2026-03-14 02:11:00,7.551299,11.198557,,4.7
T15,GL-3464,2026-03-14 02:12:00,7.551834,11.198498,52.1,3.24
T15,GL-3464,2026-03-14 02:13:00,7.552401,11.199007,26.8,3.23
T15,GL-3464,2026-03-14 02:14:00,7.553232,11.199273,22.0,5.58
T15,GL-3464,2026-03-14 02:15:00,7.553148,11.199272,45.0,4.82
T15,GL-3464,2026-03-14 02:16:00,7.553922,11.199896,14.1,3.47
T15,GL-3464,2026-03-14 02:17:00,7.554094,11.19966,53.0,4.2
T15,GL-3464,2026-03-14 02:18:00,7.554571,11.200368,30.9,3.46
T15,GL-3464,2026-03-14 02:19:00,7.555279,11.200618,27.4,5.33
T15,GL-3464,2026-03-14 02:20:00,7.555285,11.200514,53.1,4.84
T15,GL-3464,2026-03-14 02:21:00,7.556183,11.20073,16.1,5.51
T15,GL-3464,2026-03-14 02:22:00,7.556655,11.200931,37.1,4.02
T15,GL-3464,2026-03-14 02:23:00,7.557222,11.2011,48.0,5.36
T15,GL-3464,2026-03-14 02:24:00,7.557182,11.201718,51.4,2.81
T15,GL-3464,2026-03-14 02:25:00,7.55802,11.201915,30.1,3.89
T15,GL-3464,2026-03-14 02:26:00,7.558623,11.201806,48.1,3.44
T15,GL-3464,2026-03-14 02:27:00,7.558842,11.202628,,3.84
T15,GL-3464,2026-03-14 02:28:00,7.559038,11.202299,23.0,4.72
T15,GL-3464,2026-03-14 02:29:00,7.559831,11.202648,21.3,3.0
T15,GL-3464,2026-03-14 02:30:00,7.56033,11.203032,18.6,3.45
T15,GL-3464,2026-03-14 02:31:00,7.560712,11.203243,,3.05
T15,GL-3464,2026-03-14 02:32:00,7.561229,11.203097,16.3,5.45
T15,GL-3464,2026-03-14 02:33:00,7.561758,11.203442,35.7,3.86
T15,GL-3464,2026-03-14 02:34:00,7.561951,11.203989,48.7,4.32
T15,GL-3464,2026-03-14 02:35:00,7.562227,11.204081,51.6,4.53
T15,GL-3464,2026-03-14 02:36:00,7.563019,11.204501,16.9,5.14
T15,GL-3464,2026-03-14 02:37:00,7.563566,11.204829,48.3,4.21
T15,GL-3464,2026-03-14 02:38:00,7.563679,11.204679,30.2,4.78
T15,GL-3464,2026-03-14 02:39:00,7.56462,11.204814,29.0,4.98
T15,GL-3464,2026-03-14 02:40:00,7.564854,11.205239,43.9,5.47
T15,GL-3464,2026-03-14 02:41:00,7.565543,11.205583,38.7,3.44
T15,GL-3464,2026-03-14 02:42:00,7.566012,11.205739,57.3,3.6
T15,GL-3464,2026-03-14 02:43:00,7.565993,11.206015,48.9,2.83
T15,GL-3464,2026-03-14 02:44:00,7.566523,11.206277,34.9,5.43
T15,GL-3464,2026-03-14 02:45:00,7.567294,11.206706,45.5,4.31
T15,GL-3464,2026-03-14 02:46:00,7.567966,11.206588,17.4,3.17
T15,GL-3464,2026-03-14 02:47:00,7.568126,11.206849,28.3,4.99
T15,GL-3464,2026-03-14 02:48:00,7.568627,11.207004,32.3,4.76
T15,GL-3464,2026-03-14 02:49:00,7.568722,11.207499,15.8,5.19
T15,GL-3464,2026-03-14 02:50:00,7.569094,11.20774,53.5,5.29
T15,GL-3464,2026-03-14 02:51:00,7.569914,11.207608,23.0,2.91
T15,GL-3464,2026-03-14 02:52:00,7.570095,11.207785,42.4,4.24
T15,GL-3464,2026-03-14 02:53:00,7.570677,11.208195,33.7,3.78
T15,GL-3464,2026-03-14 02:54:00,7.571352,11.208622,32.9,4.85
T15,GL-3464,2026-03-14 02:55:00,7.571682,11.208852,29.1,3.77
T15,GL-3464,2026-03-14 02:56:00,7.572171,11.208868,42.7,3.75
T15,GL-3464,2026-03-14 02:57:00,7.57262,11.209198,23.8,4.88
T15,GL-3464,2026-03-14 02:58:00,7.572893,11.209446,26.9,4.09
T15,GL-3464,2026-03-14 02:59:00,7.573562,11.209308,55.5,5.34
T15,GL-3464,2026-03-14 03:00:00,7.573931,11.209721,32.3,4.4
T15,GL-3464,2026-03-14 03:01:00,7.574426,11.210144,51.0,4.51
T15,GL-3464,2026-03-14 03:02:00,7.574948,11.209978,19.2,3.03
T15,GL-3464,2026-03-14 03:03:00,7.57551,11.210572,30.4,5.53
T15,GL-3464,2026-03-14 03:04:00,7.575843,11.210494,38.2,3.96
T15,GL-3464,2026-03-14 03:05:00,7.576472,11.211044,57.8,4.63
T15,GL-3464,2026-03-14 03:06:00,7.576756,11.211755,44.7,5.08
T15,GL-3464,2026-03-14 03:07:00,7.57735,11.211965,21.5,4.4
T15,GL-3464,2026-03-14 03:08:00,7.577956,11.211853,39.5,3.47
T15,GL-3464,2026-03-14 03:09:00,7.578134,11.212086,44.7,3.41
T15,GL-3464,2026-03-14 03:10:00,7.57867,11.212315,36.0,3.52
T15,GL-3464,2026-03-14 03:11:00,7.578898,11.211974,40.4,3.05
T15,GL-3464,2026-03-14 03:12:00,7.579683,11.212872,55.0,3.09
T15,GL-3464,2026-03-14 03:13:00,7.580168,11.213,25.7,2.93
T15,GL-3464,2026-03-14 03:14:00,7.580682,11.213323,57.6,4.08
T15,GL-3464,2026-03-14 03:15:00,7.580658,11.213036,55.9,3.45
T15,GL-3464,2026-03-14 03:16:00,7.5814,11.213935,41.1,4.48
T15,GL-3464,2026-03-14 03:17:00,7.581828,11.21389,29.3,4.05
T15,GL-3464,2026-03-14 03:18:00,7.582281,11.213907,29.2,2.98
T15,GL-3464,2026-03-14 03:19:00,7.582555,11.213926,28.8,3.73
T15,GL-3464,2026-03-14 03:20:00,7.58369,11.214507,55.8,3.96
T15,GL-3464,2026-03-14 03:21:00,7.583701,11.215105,46.0,3.98
T15,GL-3464,2026-03-14 03:22:00,7.584023,11.214889,21.1,5.36
T15,GL-3464,2026-03-14 03:23:00,7.58458,11.215166,33.5,3.48
T15,GL-3464,2026-03-14 03:24:00,7.584785,11.215412,18.2,5.53
T15,GL-3464,2026-03-14 03:25:00,7.585879,11.21578,49.2,4.52
T15,GL-3464,2026-03-14 03:26:00,7.58558,11.215936,52.7,3.71
T15,GL-3464,2026-03-14 03:27:00,7.586385,11.215921,16.5,4.56
T15,GL-3464,2026-03-14 03:28:00,7.587091,11.216562,36.4,2.92
T15,GL-3464,2026-03-14 03:29:00,7.587536,11.216278,54.4,3.03
T15,GL-3464,2026-03-14 03:30:00,7.587993,11.216559,30.0,3.85
T15,GL-3464,2026-03-14 03:31:00,7.588248,11.217348,52.9,3.28
T15,GL-3464,2026-03-14 03:32:00,7.589161,11.216857,29.0,4.98
T15,GL-3464,2026-03-14 03:33:00,7.589485,11.217627,54.0,3.42
T15,GL-3464,2026-03-14 03:34:00,7.623782,11.217629,47.8,145.7
T15,GL-3464,2026-03-14 03:35:00,7.590247,11.217885,51.5,3.12
T15,GL-3464,2026-03-14 03:36:00,7.590676,11.218287,30.1,3.2
T15,GL-3464,2026-03-14 03:37:00,7.590861,11.218554,54.4,3.17
T15,GL-3464,2026-03-14 03:38:00,7.591648,11.218655,53.8,5.49
T15,GL-3464,2026-03-14 03:39:00,7.591797,11.218703,44.3,4.02
T15,GL-3464,2026-03-14 03:40:00,7.592494,11.219215,28.7,3.98
T15,GL-3464,2026-03-14 03:41:00,7.592637,11.219467,22.1,5.56
T15,GL-3464,2026-03-14 03:42:00,7.59351,11.219527,22.3,2.93
T15,GL-3464,2026-03-14 03:43:00,7.59407,11.219316,30.8,5.07
T15,GL-3464,2026-03-14 03:44:00,7.594281,11.220055,29.2,3.13
T15,GL-3464,2026-03-14 03:45:00,7.594862,11.220067,46.4,2.99
T15,GL-3464,2026-03-14 03:46:00,7.595353,11.220495,40.3,3.52
T15,GL-3464,2026-03-14 03:47:00,7.595688,11.22054,55.9,5.15
T15,GL-3464,2026-03-14 03:48:00,7.596546,11.22082,41.8,3.61
T15,GL-3464,2026-03-14 03:49:00,7.596703,11.221027,14.5,3.04
T15,GL-3464,2026-03-14 03:50:00,7.597056,11.220774,33.8,5.43
T15,GL-3464,2026-03-14 03:51:00,7.597788,11.221674,37.0,4.55
T15,GL-3464,2026-03-14 03:52:00,7.597984,11.221689,47.3,3.03
T15,GL-3464,2026-03-14 03:53:00,7.598535,11.222212,27.6,3.35
T15,GL-3464,2026-03-14 03:54:00,7.59913,11.22272,41.1,2.83
T15,GL-3464,2026-03-14 03:55:00,7.599532,11.222576,30.7,3.57
T15,GL-3464,2026-03-14 03:56:00,7.599539,11.222894,39.4,5.27
T15,GL-3464,2026-03-14 03:57:00,7.60061,11.223216,46.7,5.02
T15,GL-3464,2026-03-14 03:58:00,7.600782,11.2232,50.9,3.11
T15,GL-3464,2026-03-14 03:59:00,7.601241,11.223483,34.5,4.55
T15,GL-3464,2026-03-14 04:00:00,7.601434,11.22394,56.1,4.65
T15,GL-3464,2026-03-14 04:01:00,7.602091,11.224431,32.1,2.9
T15,GL-3464,2026-03-14 04:02:00,7.602697,11.224175,22.5,5.49
T15,GL-3464,2026-03-14 04:03:00,7.602898,11.224177,18.8,5.02
T15,GL-3464,2026-03-14 04:04:00,7.603501,11.224377,54.5,3.22
T15,GL-3464,2026-03-14 04:05:00,7.604016,11.224639,29.3,3.35
T15,GL-3464,2026-03-14 04:06:00,7.604194,11.224883,30.7,4.05
T15,GL-3464,2026-03-14 04:07:00,7.605022,11.225349,16.3,5.41
T15,GL-3464,2026-03-14 04:08:00,7.605195,11.225577,41.2,4.57
T15,GL-3464,2026-03-14 04:09:00,7.606186,11.225695,20.7,4.19
T15,GL-3464,2026-03-14 04:10:00,7.606405,11.226189,18.2,4.88
T15,GL-3464,2026-03-14 04:11:00,7.60646,11.226306,30.1,4.14
T15,GL-3464,2026-03-14 04:12:00,7.607306,11.226418,43.6,4.15
T15,GL-3464,2026-03-14 04:13:00,7.607597,11.227062,43.0,3.81
T15,GL-3464,2026-03-14 04:14:00,7.607704,11.226931,55.4,4.94
T15,GL-3464,2026-03-14 04:15:00,7.608432,11.227139,44.6,5.46
T15,GL-3464,2026-03-14 04:16:00,7.608914,11.227448,24.4,3.04
T15,GL-3464,2026-03-14 04:17:00,7.610009,11.227495,28.4,4.94
T15,GL-3464,2026-03-14 04:18:00,7.609798,11.227753,21.5,3.96
T15,GL-3464,2026-03-14 04:19:00,7.610538,11.227687,43.2,5.46
T15,GL-3464,2026-03-14 04:20:00,7.611078,11.228061,14.2,5.04
T15,GL-3464,2026-03-14 04:21:00,7.611519,11.228394,26.7,4.4
T15,GL-3464,2026-03-14 04:22:00,7.611706,11.229021,32.3,3.26
T15,GL-3464,2026-03-14 04:23:00,7.612052,11.228621,28.1,3.54
T15,GL-3464,2026-03-14 04:24:00,7.612781,11.229312,57.6,4.82
T15,GL-3464,2026-03-14 04:25:00,7.613415,11.229398,41.4,4.74
T15,GL-3464,2026-03-14 04:26:00,7.613885,11.229923,34.0,4.75
T15,GL-3464,2026-03-14 04:27:00,7.613662,11.230371,18.1,3.55
T15,GL-3464,2026-03-14 04:28:00,7.614582,11.230253,39.9,3.93
T15,GL-3464,2026-03-14 04:29:00,7.614777,11.230451,43.5,4.18
T15,GL-3464,2026-03-14 04:30:00,7.615469,11.230185,53.3,5.56
T15,GL-3464,2026-03-14 04:31:00,7.616118,11.230476,21.8,5.32
T15,GL-3464,2026-03-14 04:32:00,7.616149,11.231299,47.1,3.57
T15,GL-3464,2026-03-14 04:33:00,7.616606,11.231184,36.9,3.43
T15,GL-3464,2026-03-14 04:34:00,7.617262,11.231555,32.2,3.42
T15,GL-3464,2026-03-14 04:35:00,7.61763,11.23161,45.7,5.15
T15,GL-3464,2026-03-14 04:36:00,7.618198,11.231804,15.8,4.45
T15,GL-3464,2026-03-14 04:37:00,7.618691,11.231982,55.2,3.47
T15,GL-3464,2026-03-14 04:38:00,7.61913,11.232346,16.5,5.51
T15,GL-3464,2026-03-14 04:39:00,7.61974,11.232636,33.9,3.7
T15,GL-3464,2026-03-14 04:40:00,7.620183,11.232966,45.5,3.18
T15,GL-3464,2026-03-14 04:41:00,7.620614,11.233315,32.6,3.92
T15,GL-3464,2026-03-14 04:42:00,7.620913,11.233634,49.2,4.07
T15,GL-3464,2026-03-14 04:43:00,7.621444,11.233946,16.1,3.35
T15,GL-3464,2026-03-14 04:44:00,7.621806,11.233814,35.3,3.64
T15,GL-3464,2026-03-14 04:45:00,7.622433,11.233633,16.9,4.61
T15,GL-3464,2026-03-14 04:46:00,7.623156,11.234264,21.4,3.56
T15,GL-3464,2026-03-14 04:47:00,7.623528,11.234438,16.1,4.6
T15,GL-3464,2026-03-14 04:48:00,7.624135,11.234967,15.5,3.49
T15,GL-3464,2026-03-14 04:49:00,7.624237,11.234854,46.8,4.06
T15,GL-3464,2026-03-14 04:50:00,7.62497,11.235433,23.5,3.33
T15,GL-3464,2026-03-14 04:51:00,7.625061,11.2355,40.0,4.76
T15,GL-3464,2026-03-14 04:52:00,7.625612,11.23562,,4.32
T15,GL-3464,2026-03-14 04:53:00,7.626012,11.235515,57.9,4.62
T15,GL-3464,2026-03-14 04:54:00,7.626444,11.236066,54.7,4.5
T15,GL-3464,2026-03-14 04:55:00,7.626663,11.236076,26.7,4.2
T15,GL-3464,2026-03-14 04:56:00,7.626936,11.236587,25.3,3.74
T15,GL-3464,2026-03-14 04:57:00,7.627575,11.236753,50.0,5.45
T15,GL-3464,2026-03-14 04:58:00,7.628529,11.237033,27.1,5.01
T15,GL-3464,2026-03-14 04:59:00,7.628863,11.23735,51.0,3.5
T15,GL-3464,2026-03-14 05:00:00,7.629081,11.237279,33.9,4.13
T15,GL-3464,2026-03-14 05:01:00,7.629604,11.237686,56.5,4.02
T15,GL-3464,2026-03-14 05:02:00,7.63023,11.23788,41.7,4.41
T15,GL-3464,2026-03-14 05:03:00,7.630566,11.238353,33.2,3.54
T15,GL-3464,2026-03-14 05:04:00,7.630722,11.238281,27.2,2.96
T15,GL-3464,2026-03-14 05:05:00,7.631591,11.238869,25.7,4.18
T15,GL-3464,2026-03-14 05:06:00,7.631906,11.23927,45.1,5.25
T15,GL-3464,2026-03-14 05:07:00,7.632626,11.239153,40.8,3.67
T15,GL-3464,2026-03-14 05:08:00,7.633062,11.239552,51.5,2.8
T15,GL-3464,2026-03-14 05:09:00,7.63338,11.239436,36.8,5.21
T15,GL-3464,2026-03-14 05:10:00,7.633627,11.239654,32.1,5.3
T15,GL-3464,2026-03-14 05:11:00,7.634194,11.240339,34.8,4.33
T15,GL-3464,2026-03-14 05:12:00,7.63486,11.240039,26.5,4.96
T15,GL-3464,2026-03-14 05:13:00,7.635418,11.240737,49.9,4.86
T15,GL-3464,2026-03-14 05:14:00,7.635674,11.240419,40.4,4.78
T15,GL-3464,2026-03-14 05:15:00,7.636589,11.240995,30.4,4.47
T15,GL-3464,2026-03-14 05:16:00,7.636236,11.241213,19.8,4.34
T15,GL-3464,2026-03-14 05:17:00,7.636672,11.241514,14.1,4.75
T15,GL-3464,2026-03-14 05:18:00,7.637339,11.241496,35.5,4.71
T15,GL-3464,2026-03-14 05:19:00,7.63779,11.241724,30.7,4.77
T15,GL-3464,2026-03-14 05:20:00,7.638545,11.242442,47.6,2.87
T15,GL-3464,2026-03-14 05:21:00,7.639153,11.242103,42.9,5.01
T15,GL-3464,2026-03-14 05:22:00,7.639253,11.242497,45.2,3.55
T15,GL-3464,2026-03-14 05:23:00,7.640073,11.242673,32.0,3.83
T15,GL-3464,2026-03-14 05:24:00,7.640534,11.242669,,5.16
T15,GL-3464,2026-03-14 05:25:00,7.641113,11.24324,45.6,3.34
T15,GL-3464,2026-03-14 05:26:00,7.641123,11.243951,39.0,5.48
T15,GL-3464,2026-03-14 05:27:00,7.641643,11.243668,56.1,5.1
T15,GL-3464,2026-03-14 05:28:00,7.64187,11.244009,57.4,5.12
T15,GL-3464,2026-03-14 05:29:00,7.642792,11.243841,50.4,5.33
T15,GL-3464,2026-03-14 05:30:00,7.643164,11.244432,53.5,4.68
T15,GL-3464,2026-03-14 05:31:00,7.643765,11.244776,31.0,4.38
T15,GL-3464,2026-03-14 05:32:00,7.644216,11.244557,35.7,5.38
T15,GL-3464,2026-03-14 05:33:00,7.644563,11.2451,39.3,5.1
T15,GL-3464,2026-03-14 05:34:00,7.64514,11.245318,27.4,4.6
T15,GL-3464,2026-03-14 05:35:00,7.64548,11.245588,45.9,2.93
T15,GL-3464,2026-03-14 05:36:00,7.645952,11.245673,43.8,5.22
T15,GL-3464,2026-03-14 05:37:00,7.64619,11.245855,55.2,4.38
T15,GL-3464,2026-03-14 05:38:00,7.646416,11.245994,50.1,2.8
T15,GL-3464,2026-03-14 05:39:00,7.647142,11.246402,43.5,5.01
T15,GL-3464,2026-03-14 05:40:00,7.647721,11.246646,22.1,3.25
T15,GL-3464,2026-03-14 05:41:00,7.64787,11.247248,49.0,4.91
T15,GL-3464,2026-03-14 05:42:00,7.648705,11.24738,47.8,4.22
T15,GL-3464,2026-03-14 05:43:00,7.648891,11.247196,23.9,4.96
T15,GL-3464,2026-03-14 05:44:00,7.649439,11.247651,50.4,4.74
T15,GL-3464,2026-03-14 05:45:00,7.649917,11.247809,29.7,3.51
T15,GL-3464,2026-03-14 05:46:00,7.650618,11.248293,16.0,4.9
T15,GL-3464,2026-03-14 05:47:00,7.650688,11.248297,16.6,3.35
T15,GL-3464,2026-03-14 05:48:00,7.651326,11.248131,39.6,4.31
T15,GL-3464,2026-03-14 05:49:00,7.652005,11.248548,20.5,3.2
T15,GL-3464,2026-03-14 05:50:00,7.652449,11.248899,38.0,5.12
T15,GL-3464,2026-03-14 05:51:00,7.652836,11.249074,33.3,3.8
T15,GL-3464,2026-03-14 05:52:00,7.653326,11.249505,23.7,3.36
T15,GL-3464,2026-03-14 05:53:00,7.653832,11.249481,15.9,4.76
T15,GL-3464,2026-03-14 05:54:00,7.654144,11.249829,27.7,4.16
T15,GL-3464,2026-03-14 05:55:00,7.654518,11.250454,21.0,3.44
T15,GL-3464,2026-03-14 05:56:00,7.654892,11.25096,56.1,5.54
T15,GL-3464,2026-03-14 05:57:00,7.655486,11.250523,21.5,5.29
T15,GL-3464,2026-03-14 05:58:00,7.655625,11.251057,52.1,3.51
T15,GL-3464,2026-03-14 05:59:00,7.656453,11.250804,52.2,3.2
T15,GL-3464,2026-03-14 06:00:00,7.656633,11.251021,14.9,3.36
T15,GL-3464,2026-03-14 06:01:00,7.657483,11.251367,19.0,5.05
T15,GL-3464,2026-03-14 06:02:00,7.65751,11.251774,33.8,4.6
T15,GL-3464,2026-03-14 06:03:00,7.658137,11.252292,19.4,4.12
T15,GL-3464,2026-03-14 06:04:00,7.658521,11.252347,51.1,5.0
T15,GL-3464,2026-03-14 06:05:00,7.658954,11.252649,44.9,3.95
T15,GL-3464,2026-03-14 06:06:00,7.659793,11.252419,38.6,3.86
T15,GL-3464,2026-03-14 06:07:00,7.66014,11.252849,27.8,4.46
T15,GL-3464,2026-03-14 06:08:00,7.66102,11.253788,16.6,3.57
T15,GL-3464,2026-03-14 06:09:00,7.661205,11.253627,27.8,3.13
T15,GL-3464,2026-03-14 06:10:00,7.6616,11.253358,58.0,4.11
T15,GL-3464,2026-03-14 06:11:00,7.662134,11.25374,19.9,4.88
T15,GL-3464,2026-03-14 06:12:00,7.66276,11.254409,57.1,4.72
T15,GL-3464,2026-03-14 06:13:00,7.662885,11.254557,25.5,3.36
T15,GL-3464,2026-03-14 06:14:00,7.663172,11.254341,22.4,3.68
T15,GL-3464,2026-03-14 06:15:00,7.663491,11.254651,27.5,3.96
T15,GL-3464,2026-03-14 06:16:00,7.664207,11.254504,57.2,3.58
T15,GL-3464,2026-03-14 06:17:00,7.664561,11.25505,33.8,3.43
T15,GL-3464,2026-03-14 06:18:00,7.665096,11.255771,14.9,4.38
T15,GL-3464,2026-03-14 06:19:00,7.665378,11.255992,43.8,4.86
T15,GL-3464,2026-03-14 06:20:00,7.665935,11.256332,17.8,5.36
T15,GL-3464,2026-03-14 06:21:00,7.666307,11.256502,31.3,3.66
T15,GL-3464,2026-03-14 06:22:00,7.667352,11.255932,42.7,4.22
T15,GL-3464,2026-03-14 06:23:00,7.66773,11.256452,23.3,4.96
T15,GL-3464,2026-03-14 06:24:00,7.667774,11.256553,53.7,4.63
T15,GL-3464,2026-03-14 06:25:00,7.668143,11.257048,55.3,4.82
T15,GL-3464,2026-03-14 06:26:00,7.668597,11.257657,56.3,4.87
T15,GL-3464,2026-03-14 06:27:00,7.669643,11.257942,50.9,4.21
T15,GL-3464,2026-03-14 06:28:00,7.669842,11.257785,39.9,5.11
T15,GL-3464,2026-03-14 06:29:00,7.669817,11.25762,18.3,3.36
T15,GL-3464,2026-03-14 06:30:00,7.670667,11.258421,56.1,5.49
T15,GL-3464,2026-03-14 06:31:00,7.671022,11.258501,14.7,5.07
T15,GL-3464,2026-03-14 06:32:00,7.671521,11.258624,44.5,4.51
T15,GL-3464,2026-03-14 06:33:00,7.672403,11.258778,38.0,4.99
T15,GL-3464,2026-03-14 06:34:00,7.672698,11.259078,54.3,4.91
T15,GL-3464,2026-03-14 06:35:00,7.672716,11.25909,26.7,4.58
T15,GL-3464,2026-03-14 06:36:00,7.673558,11.259542,27.6,2.92
T15,GL-3464,2026-03-14 06:37:00,7.673852,11.259878,30.0,3.93
T15,GL-3464,2026-03-14 06:38:00,7.674093,11.259743,38.7,3.67
T15,GL-3464,2026-03-14 06:39:00,7.674597,11.260249,24.2,2.9
T15,GL-3464,2026-03-14 06:40:00,7.674583,11.260613,,4.76
T15,GL-3464,2026-03-14 06:41:00,7.675397,11.260857,52.3,4.15
T15,GL-3464,2026-03-14 06:42:00,7.676323,11.261379,21.6,3.77
T15,GL-3464,2026-03-14 06:43:00,7.676795,11.261252,32.7,4.49
T15,GL-3464,2026-03-14 06:44:00,7.677113,11.261665,42.5,3.57
T15,GL-3464,2026-03-14 06:45:00,7.677808,11.262012,35.1,4.44
T15,GL-3464,2026-03-14 06:46:00,7.678405,11.261577,49.5,5.58
T15,GL-3464,2026-03-14 06:47:00,7.678481,11.262207,34.5,3.77
T15,GL-3464,2026-03-14 06:48:00,7.678996,11.262767,27.3,3.43
T15,GL-3464,2026-03-14 06:49:00,7.679067,11.262697,21.5,4.11
T15,GL-3464,2026-03-14 06:50:00,7.679789,11.262692,20.5,5.02
T15,GL-3464,2026-03-14 06:51:00,7.679853,11.263369,48.9,4.35
T15,GL-3464,2026-03-14 06:52:00,7.680493,11.263536,52.5,5.1
T15,GL-3464,2026-03-14 06:53:00,7.680688,11.26395,53.2,5.47
T15,GL-3464,2026-03-14 06:54:00,7.681875,11.263744,55.5,4.8
T15,GL-3464,2026-03-14 06:55:00,7.682241,11.264501,47.9,3.29
T15,GL-3464,2026-03-14 06:56:00,7.682795,11.264465,30.0,3.51
T15,GL-3464,2026-03-14 06:57:00,7.682592,11.264833,53.4,5.09
T15,GL-3464,2026-03-14 06:58:00,7.683687,11.264688,34.8,3.47
T15,GL-3464,2026-03-14 06:59:00,7.684226,11.264748,14.8,5.58
T15,GL-3464,2026-03-14 07:00:00,7.684137,11.265167,40.5,4.61
T15,GL-3464,2026-03-14 07:01:00,7.684986,11.265096,26.0,3.68
T15,GL-3464,2026-03-14 07:02:00,7.685227,11.265547,39.8,5.07
T15,GL-3464,2026-03-14 07:03:00,7.685702,11.265547,55.7,3.59
T15,GL-3464,2026-03-14 07:04:00,7.686538,11.266289,44.4,4.04
T15,GL-3464,2026-03-14 07:05:00,7.686983,11.265999,42.4,5.15
T15,GL-3464,2026-03-14 07:06:00,7.687583,11.266434,22.5,3.99
T15,GL-3464,2026-03-14 07:07:00,7.687498,11.266939,35.2,2.86
T15,GL-3464,2026-03-14 07:08:00,7.688225,11.26702,20.1,4.63
T15,GL-3464,2026-03-14 07:09:00,7.688435,11.2667,18.1,5.23
T15,GL-3464,2026-03-14 07:10:00,7.6892,11.267618,52.9,4.14
T15,GL-3464,2026-03-14 07:11:00,7.689614,11.26745,49.2,4.14
T15,GL-3464,2026-03-14 07:12:00,7.689757,11.268097,30.0,4.57
T15,GL-3464,2026-03-14 07:13:00,7.690257,11.267827,38.9,3.66
T15,GL-3464,2026-03-14 07:14:00,7.691042,11.268328,17.2,3.43
T15,GL-3464,2026-03-14 07:15:00,7.691101,11.268666,20.3,3.6
T15,GL-3464,2026-03-14 07:16:00,7.691714,11.269119,50.0,3.46
T15,GL-3464,2026-03-14 07:17:00,7.692129,11.269086,35.5,3.02
T15,GL-3464,2026-03-14 07:18:00,7.692792,11.269213,49.3,2.93
T15,GL-3464,2026-03-14 07:19:00,7.692992,11.269491,52.4,4.8
T15,GL-3464,2026-03-14 07:20:00,7.6933,11.269473,41.3,3.26
T15,GL-3464,2026-03-14 07:21:00,7.693944,11.269896,57.1,4.08
T15,GL-3464,2026-03-14 07:22:00,7.694405,11.270359,56.6,3.64
T15,GL-3464,2026-03-14 07:23:00,7.69496,11.270316,50.4,4.18
T15,GL-3464,2026-03-14 07:24:00,7.695294,11.270498,14.8,5.24
T15,GL-3464,2026-03-14 07:25:00,7.695744,11.27118,16.9,4.74
T15,GL-3464,2026-03-14 07:26:00,7.696587,11.271534,29.9,3.11
T15,GL-3464,2026-03-14 07:27:00,7.696938,11.271369,21.8,5.02
T15,GL-3464,2026-03-14 07:28:00,7.697527,11.271684,19.0,4.4
T15,GL-3464,2026-03-14 07:29:00,7.6977,11.271782,14.3,4.17
T15,GL-3464,2026-03-14 07:30:00,7.698347,11.271755,45.4,3.34
T15,GL-3464,2026-03-14 07:31:00,7.698507,11.272298,20.9,3.72
T15,GL-3464,2026-03-14 07:32:00,7.699608,11.272831,42.7,5.14
T15,GL-3464,2026-03-14 07:33:00,7.699895,11.27282,56.7,3.72
T15,GL-3464,2026-03-14 07:34:00,7.699784,11.273365,57.8,5.06
T15,GL-3464,2026-03-14 07:35:00,7.700641,11.27303,30.5,5.49
T15,GL-3464,2026-03-14 07:36:00,7.701093,11.273615,23.8,4.65
T15,GL-3464,2026-03-14 07:37:00,7.701735,11.273667,19.3,5.57
T15,GL-3464,2026-03-14 07:38:00,7.701594,11.273837,33.4,4.04
T15,GL-3464,2026-03-14 07:39:00,7.702174,11.274311,39.2,5.5
T15,GL-3464,2026-03-14 07:40:00,7.702829,11.274322,41.3,5.29
T15,GL-3464,2026-03-14 07:41:00,7.702991,11.274633,15.0,4.69
T15,GL-3464,2026-03-14 07:42:00,7.703573,11.27478,26.0,5.35
T15,GL-3464,2026-03-14 07:43:00,7.703826,11.274599,51.1,4.17
T15,GL-3464,2026-03-14 07:44:00,7.704511,11.275113,39.8,5.01
T15,GL-3464,2026-03-14 07:45:00,7.704829,11.27592,24.0,5.0
T15,GL-3464,2026-03-14 07:46:00,7.70575,11.275531,38.5,4.62
T15,GL-3464,2026-03-14 07:47:00,7.705966,11.276069,57.4,2.84
T15,GL-3464,2026-03-14 07:48:00,7.706732,11.276294,29.2,3.88
T15,GL-3464,2026-03-14 07:49:00,7.707158,11.276589,55.5,3.97
T15,GL-3464,2026-03-14 07:50:00,7.707348,11.276755,32.9,4.16
T15,GL-3464,2026-03-14 07:51:00,7.70771,11.277147,40.4,4.95
T15,GL-3464,2026-03-14 07:52:00,7.708141,11.27707,16.6,3.33
T15,GL-3464,2026-03-14 07:53:00,7.708566,11.277619,30.8,3.81
T15,GL-3464,2026-03-14 07:54:00,7.709101,11.277396,14.6,5.31
T15,GL-3464,2026-03-14 07:55:00,7.709903,11.277966,57.9,5.15
T15,GL-3464,2026-03-14 07:56:00,7.710131,11.278219,23.5,4.45
T15,GL-3464,2026-03-14 07:57:00,7.710683,11.278166,57.7,3.64
T15,GL-3464,2026-03-14 07:58:00,7.711317,11.278505,33.7,5.31
T15,GL-3464,2026-03-14 07:59:00,7.71145,11.278651,41.1,4.91
T15,GL-3464,2026-03-14 08:00:00,7.7121,11.279144,56.6,5.39
T15,GL-3464,2026-03-14 08:01:00,7.712571,11.279145,53.6,3.82
T15,GL-3464,2026-03-14 08:02:00,7.711934,11.279287,29.6,0.06
T15,GL-3464,2026-03-14 08:03:00,7.712593,11.27905,38.6,0.73
T15,GL-3464,2026-03-14 08:04:00,7.713059,11.279166,35.0,0.79
T15,GL-3464,2026-03-14 08:05:00,7.71215,11.279194,30.7,0.05
T15,GL-3464,2026-03-14 08:06:00,7.712896,11.279135,24.7,0.78
T15,GL-3464,2026-03-14 08:07:00,7.712279,11.27882,46.9,0.32
T15,GL-3464,2026-03-14 08:08:00,7.712531,11.279026,34.0,0.21
T15,GL-3464,2026-03-14 08:09:00,7.7125,11.279402,27.9,0.62
T15,GL-3464,2026-03-14 08:10:00,7.712469,11.279605,21.7,0.18
T15,GL-3464,2026-03-14 08:11:00,7.712312,11.279347,21.5,0.47
T15,GL-3464,2026-03-14 08:12:00,7.711691,11.278731,37.7,0.73
T15,GL-3464,2026-03-14 08:13:00,7.71268,11.279395,58.0,0.08
T15,GL-3464,2026-03-14 08:14:00,7.712645,11.279442,21.7,0.82
T15,GL-3464,2026-03-14 08:15:00,7.711865,11.279045,38.5,0.68
T15,GL-3464,2026-03-14 08:16:00,7.712116,11.279752,14.3,0.06
T15,GL-3464,2026-03-14 08:17:00,7.712592,11.279773,15.5,0.52
T15,GL-3464,2026-03-14 08:18:00,7.712596,11.279625,24.3,0.11
T15,GL-3464,2026-03-14 08:19:00,7.712355,11.279664,35.1,0.28
T15,GL-3464,2026-03-14 08:20:00,7.712891,11.278785,31.7,0.13
T15,GL-3464,2026-03-14 08:21:00,7.712309,11.279366,40.2,0.59
T15,GL-3464,2026-03-14 08:22:00,7.712608,11.279132,52.9,0.81
T15,GL-3464,2026-03-14 08:23:00,7.712859,11.27906,52.3,0.01
T15,GL-3464,2026-03-14 08:24:00,7.712215,11.279147,17.3,0.53
T15,GL-3464,2026-03-14 08:25:00,7.711877,11.27969,14.1,0.55
T15,GL-3464,2026-03-14 08:26:00,7.7126,11.279773,14.2,0.7
T15,GL-3464,2026-03-14 08:27:00,7.712599,11.27917,46.0,0.26
T15,GL-3464,2026-03-14 08:28:00,7.712179,11.279469,56.2,0.6
T15,GL-3464,2026-03-14 08:29:00,7.712149,11.279254,21.9,0.15
T15,GL-3464,2026-03-14 08:30:00,7.712626,11.279085,56.7,0.49
T15,GL-3464,2026-03-14 08:31:00,7.71161,11.27946,31.4,0.47
T15,GL-3464,2026-03-14 08:32:00,7.71221,11.279402,48.4,0.89
T15,GL-3464,2026-03-14 08:33:00,7.712657,11.279211,35.2,0.08
T15,GL-3464,2026-03-14 08:34:00,7.712556,11.279183,31.3,0.02
T15,GL-3464,2026-03-14 08:35:00,7.712618,11.27912,43.0,0.29
T15,GL-3464,2026-03-14 08:36:00,7.712533,11.279204,23.6,0.27
T15,GL-3464,2026-03-14 08:37:00,7.712502,11.279267,35.2,0.14
T15,GL-3464,2026-03-14 08:38:00,7.712526,11.279337,20.2,0.34
T15,GL-3464,2026-03-14 08:39:00,7.712527,11.27932,38.5,0.12
T15,GL-3464,2026-03-14 08:40:00,7.712571,11.27934,40.3,0.33
T15,GL-3464,2026-03-14 08:41:00,7.712349,11.278981,35.4,0.1
T15,GL-3464,2026-03-14 08:42:00,7.712416,11.279293,44.1,0.31
T15,GL-3464,2026-03-14 08:43:00,7.712495,11.279273,20.9,0.03
T15,GL-3464,2026-03-14 08:44:00,7.712553,11.279134,21.9,0.01
T15,GL-3464,2026-03-14 08:45:00,7.712329,11.279345,55.9,0.31
T15,GL-3464,2026-03-14 08:46:00,7.712587,11.279438,40.6,0.39
T15,GL-3464,2026-03-14 08:47:00,7.712353,11.279269,24.9,0.08
T15,GL-3464,2026-03-14 08:48:00,7.712523,11.279323,48.1,0.33
T15,GL-3464,2026-03-14 08:49:00,7.712675,11.279184,25.2,0.13
T15,GL-3464,2026-03-14 08:50:00,7.712251,11.279254,45.3,0.17
T15,GL-3464,2026-03-14 08:51:00,7.712547,11.279111,38.7,0.19
T15,GL-3464,2026-03-14 08:52:00,7.712469,11.279151,38.3,0.16
T15,GL-3464,2026-03-14 08:53:00,7.712319,11.279163,49.7,0.29
T15,GL-3464,2026-03-14 08:54:00,7.712385,11.279313,55.0,0.24
T15,GL-3464,2026-03-14 08:55:00,7.712483,11.279336,55.2,0.04
T15,GL-3464,2026-03-14 08:56:00,7.712366,11.2793,43.4,0.34
T15,GL-3464,2026-03-14 08:57:00,7.712365,11.27924,29.6,0.07
T15,GL-3464,2026-03-14 08:58:00,7.712287,11.279316,17.7,0.01
T15,GL-3464,2026-03-14 08:59:00,7.712464,11.279172,54.1,0.33
T15,GL-3464,2026-03-14 09:00:00,7.712459,11.279389,29.0,0.05
T15,GL-3464,2026-03-14 09:01:00,7.712414,11.279121,27.3,0.33
T15,GL-3464,2026-03-14 09:02:00,7.712436,11.279318,15.8,0.02
T15,GL-3464,2026-03-14 09:03:00,7.712486,11.279226,36.9,0.03
T15,GL-3464,2026-03-14 09:04:00,7.712346,11.279352,29.1,0.11
T15,GL-3464,2026-03-14 09:05:00,7.712324,11.279102,58.0,0.17
T15,GL-3464,2026-03-14 09:06:00,7.712161,11.279156,41.8,0.4
T15,GL-3464,2026-03-14 09:07:00,7.712451,11.279157,23.9,0.38
T15,GL-3464,2026-03-14 09:08:00,7.712405,11.279156,42.1,0.21
T15,GL-3464,2026-03-14 09:09:00,7.712575,11.279167,17.3,0.08
T15,GL-3464,2026-03-14 09:10:00,7.712409,11.27915,52.2,0.09
T15,GL-3464,2026-03-14 09:11:00,7.712418,11.279164,17.7,0.08
T15,GL-3464,2026-03-14 09:12:00,7.712581,11.279187,46.0,0.09
T15,GL-3464,2026-03-14 09:13:00,7.712347,11.279217,15.7,0.3
T15,GL-3464,2026-03-14 09:14:00,7.712437,11.27921,41.3,0.27
T15,GL-3464,2026-03-14 09:15:00,7.712375,11.279111,24.4,0.12
T15,GL-3464,2026-03-14 09:16:00,7.712526,11.279156,15.3,0.08
T15,GL-3464,2026-03-14 09:17:00,7.712578,11.279484,43.9,0.21
T15,GL-3464,2026-03-14 09:18:00,7.712335,11.279375,15.5,0.22
T15,GL-3464,2026-03-14 09:19:00,7.712386,11.279122,20.6,0.02
T15,GL-3464,2026-03-14 09:20:00,7.712648,11.27902,21.4,0.36
T15,GL-3464,2026-03-14 09:21:00,7.712568,11.27921,,0.24
T15,GL-3464,2026-03-14 09:22:00,7.712313,11.279171,39.6,0.19
T15,GL-3464,2026-03-14 09:23:00,7.712542,11.279012,17.6,0.2
T15,GL-3464,2026-03-14 09:24:00,7.712289,11.279058,35.7,0.01
T15,GL-3464,2026-03-14 09:25:00,7.712398,11.27924,43.7,0.27
T15,GL-3464,2026-03-14 09:26:00,7.712563,11.279211,16.5,0.14
T15,GL-3464,2026-03-14 09:27:00,7.712499,11.279204,31.2,0.05
T15,GL-3464,2026-03-14 09:28:00,7.712442,11.279209,47.5,0.13
T15,GL-3464,2026-03-14 09:29:00,7.712407,11.279257,42.3,0.4
T15,GL-3464,2026-03-14 09:30:00,7.712431,11.279193,26.0,0.23
T15,GL-3464,2026-03-14 09:31:00,7.712429,11.279188,42.1,0.36
T15,GL-3464,2026-03-14 09:32:00,7.712457,11.279205,35.1,0.11
T15,GL-3464,2026-03-14 09:33:00,7.712484,11.279226,39.6,0.3
T15,GL-3464,2026-03-14 09:34:00,7.712523,11.279247,14.1,0.22
T15,GL-3464,2026-03-14 09:35:00,7.712387,11.279197,48.5,0.21
T15,GL-3464,2026-03-14 09:36:00,7.712283,11.279126,18.4,0.01
T15,GL-3464,2026-03-14 09:37:00,7.712468,11.279097,52.2,0.06
T15,GL-3464,2026-03-14 09:38:00,7.712503,11.279223,33.2,0.11
T15,GL-3464,2026-03-14 09:39:00,7.712519,11.279083,44.8,0.38
T15,GL-3464,2026-03-14 09:40:00,7.712481,11.279211,57.4,0.28
T15,GL-3464,2026-03-14 09:41:00,7.712508,11.279174,51.6,0.3
T15,GL-3464,2026-03-14 09:42:00,7.712437,11.279016,46.5,0.39
T15,GL-3464,2026-03-14 09:43:00,7.71254,11.279,23.2,0.14
T15,GL-3464,2026-03-14 09:44:00,7.712472,11.279401,30.2,0.17
T15,GL-3464,2026-03-14 09:45:00,7.712387,11.279098,44.8,0.09
T15,GL-3464,2026-03-14 09:46:00,7.712525,11.279198,49.1,0.34
T15,GL-3464,2026-03-14 09:47:00,7.712501,11.279143,17.2,0.27
T15,GL-3464,2026-03-14 09:48:00,7.712315,11.279082,33.3,0.38
T15,GL-3464,2026-03-14 09:49:00,7.712542,11.279028,29.7,0.31
T15,GL-3464,2026-03-14 09:50:00,7.712381,11.279078,18.6,0.37
T15,GL-3464,2026-03-14 09:51:00,7.712475,11.279058,37.0,0.4
T15,GL-3464,2026-03-14 09:52:00,7.712464,11.279191,44.1,0.04
T15,GL-3464,2026-03-14 09:53:00,7.712464,11.279121,49.9,0.23
T15,GL-3464,2026-03-14 09:54:00,7.712463,11.279096,53.8,0.39
T15,GL-3464,2026-03-14 09:55:00,7.712445,11.279056,41.8,0.23
T15,GL-3464,2026-03-14 09:56:00,7.712312,11.279365,24.2,0.16
T15,GL-3464,2026-03-14 09:57:00,7.712514,11.279019,16.9,0.19
T15,GL-3464,2026-03-14 09:58:00,7.712329,11.279135,29.4,0.33
T15,GL-3464,2026-03-14 09:59:00,7.712628,11.279312,32.4,0.24
T15,GL-3464,2026-03-14 10:00:00,7.712405,11.279119,43.1,0.26
T15,GL-3464,2026-03-14 10:01:00,7.712311,11.27914,48.3,0.17
T15,GL-3464,2026-03-14 10:02:00,7.712478,11.27919,30.5,0.03
T15,GL-3464,2026-03-14 10:03:00,7.712035,11.278942,57.2,5.15
T15,GL-3464,2026-03-14 10:04:00,7.711721,11.278746,30.9,2.92
T15,GL-3464,2026-03-14 10:05:00,7.710653,11.278706,30.9,4.41
T15,GL-3464,2026-03-14 10:06:00,7.710103,11.278138,31.7,5.07
T15,GL-3464,2026-03-14 10:07:00,7.709412,11.2782,53.1,4.47
T15,GL-3464,2026-03-14 10:08:00,7.709058,11.278106,35.7,2.98
T15,GL-3464,2026-03-14 10:09:00,7.708421,11.277749,,4.02
T15,GL-3464,2026-03-14 10:10:00,7.707971,11.278154,27.6,4.01
T15,GL-3464,2026-03-14 10:11:00,7.707242,11.277634,34.1,4.61
T15,GL-3464,2026-03-14 10:12:00,7.706815,11.277468,48.0,4.49
T15,GL-3464,2026-03-14 10:13:00,7.70594,11.277551,35.4,3.52
T15,GL-3464,2026-03-14 10:14:00,7.705604,11.276851,17.6,3.8
T15,GL-3464,2026-03-14 10:15:00,7.704645,11.276848,19.3,3.61
T15,GL-3464,2026-03-14 10:16:00,7.704341,11.276952,55.0,3.55
T15,GL-3464,2026-03-14 10:17:00,7.703676,11.276502,22.9,4.34
T15,GL-3464,2026-03-14 10:18:00,7.703041,11.276405,31.2,3.8
T15,GL-3464,2026-03-14 10:19:00,7.70268,11.276681,24.5,5.08
T15,GL-3464,2026-03-14 10:20:00,7.702047,11.275889,42.0,3.89
T15,GL-3464,2026-03-14 10:21:00,7.701118,11.275532,31.8,4.23
T15,GL-3464,2026-03-14 10:22:00,7.700869,11.27586,54.0,2.98
T15,GL-3464,2026-03-14 10:23:00,7.700043,11.275883,27.6,3.18
T15,GL-3464,2026-03-14 10:24:00,7.699677,11.276068,54.6,5.45
T15,GL-3464,2026-03-14 10:25:00,7.698731,11.275768,15.9,5.39
T15,GL-3464,2026-03-14 10:26:00,7.698345,11.275128,30.2,5.33
T15,GL-3464,2026-03-14 10:27:00,7.697857,11.274874,36.3,2.86
T15,GL-3464,2026-03-14 10:28:00,7.697177,11.274605,55.6,3.7
T15,GL-3464,2026-03-14 10:29:00,7.696529,11.275012,18.9,4.74
T15,GL-3464,2026-03-14 10:30:00,7.695892,11.274371,51.2,4.08
T15,GL-3464,2026-03-14 10:31:00,7.695643,11.274243,30.9,3.85
T15,GL-3464,2026-03-14 10:32:00,7.695487,11.274256,14.4,5.28
T15,GL-3464,2026-03-14 10:33:00,7.694218,11.273934,20.3,4.87
T15,GL-3464,2026-03-14 10:34:00,7.694143,11.274084,41.7,4.13
T15,GL-3464,2026-03-14 10:35:00,7.693175,11.273877,46.2,3.74
T15,GL-3464,2026-03-14 10:36:00,7.692578,11.27332,18.9,5.27
T15,GL-3464,2026-03-14 10:37:00,7.691942,11.273211,35.2,3.81
T15,GL-3464,2026-03-14 10:38:00,7.691689,11.273212,16.5,3.49
T15,GL-3464,2026-03-14 10:39:00,7.690931,11.273243,44.1,3.82
T15,GL-3464,2026-03-14 10:40:00,7.690658,11.273095,43.3,3.67
T15,GL-3464,2026-03-14 10:41:00,7.689428,11.273472,26.3,3.88
T15,GL-3464,2026-03-14 10:42:00,7.689015,11.272974,40.8,3.03
T15,GL-3464,2026-03-14 10:43:00,7.688629,11.272637,31.1,5.2
T15,GL-3464,2026-03-14 10:44:00,7.688124,11.272187,27.5,4.53
T15,GL-3464,2026-03-14 10:45:00,7.687295,11.272711,31.0,5.03
T15,GL-3464,2026-03-14 10:46:00,7.686993,11.272041,47.6,4.12
T15,GL-3464,2026-03-14 10:47:00,7.68628,11.272003,40.0,5.57
T15,GL-3464,2026-03-14 10:48:00,7.685337,11.271795,37.3,3.35
T15,GL-3464,2026-03-14 10:49:00,7.684862,11.271571,18.5,5.54
T15,GL-3464,2026-03-14 10:50:00,7.684118,11.271873,45.4,5.24
T15,GL-3464,2026-03-14 10:51:00,7.683858,11.271114,45.4,3.2
T15,GL-3464,2026-03-14 10:52:00,7.683026,11.271483,43.8,5.52
T15,GL-3464,2026-03-14 10:53:00,7.68293,11.271256,56.8,5.15
T15,GL-3464,2026-03-14 10:54:00,7.682117,11.271083,32.9,4.22
T15,GL-3464,2026-03-14 10:55:00,7.68165,11.270148,39.3,4.17
T15,GL-3464,2026-03-14 10:56:00,7.68079,11.270214,40.6,2.91
T15,GL-3464,2026-03-14 10:57:00,7.680617,11.270324,40.3,4.9
T15,GL-3464,2026-03-14 10:58:00,7.679985,11.269837,56.5,4.29
T15,GL-3464,2026-03-14 10:59:00,7.679289,11.269669,26.7,2.93
T15,GL-3464,2026-03-14 11:00:00,7.678348,11.269898,30.8,4.63
T15,GL-3464,2026-03-14 11:01:00,7.678161,11.269388,35.4,3.98
T15,GL-3464,2026-03-14 11:02:00,7.677261,11.269135,53.8,4.59
T15,GL-3464,2026-03-14 11:03:00,7.677027,11.269427,43.5,5.14
T15,GL-3464,2026-03-14 11:04:00,7.675827,11.268986,27.5,5.51
T15,GL-3464,2026-03-14 11:05:00,7.675493,11.268712,36.1,3.22
T15,GL-3464,2026-03-14 11:06:00,7.675222,11.269097,49.4,3.59
T15,GL-3464,2026-03-14 11:07:00,7.674657,11.268562,27.7,5.32
T15,GL-3464,2026-03-14 11:08:00,7.674078,11.268296,27.2,4.09
T15,GL-3464,2026-03-14 11:09:00,7.673464,11.268635,20.0,3.34
T15,GL-3464,2026-03-14 11:10:00,7.673146,11.268366,53.6,5.08
T15,GL-3464,2026-03-14 11:11:00,7.672267,11.268145,27.5,4.11
T15,GL-3464,2026-03-14 11:12:00,7.671638,11.26799,20.7,4.83
T15,GL-3464,2026-03-14 11:13:00,7.671052,11.267793,55.1,4.17
T15,GL-3464,2026-03-14 11:14:00,7.670109,11.267833,47.2,4.5
T15,GL-3464,2026-03-14 11:15:00,7.669904,11.267274,50.0,3.01
T15,GL-3464,2026-03-14 11:16:00,7.669076,11.267047,31.9,4.7
T15,GL-3464,2026-03-14 11:17:00,7.668264,11.267372,14.4,5.18
T15,GL-3464,2026-03-14 11:18:00,7.66807,11.267295,22.1,5.05
T15,GL-3464,2026-03-14 11:19:00,7.667392,11.267203,17.6,2.86
T15,GL-3464,2026-03-14 11:20:00,7.666984,11.26637,20.7,5.08
T15,GL-3464,2026-03-14 11:21:00,7.666,11.266418,49.7,4.56
T15,GL-3464,2026-03-14 11:22:00,7.665799,11.266003,55.0,3.71
T15,GL-3464,2026-03-14 11:23:00,7.665154,11.266058,17.7,3.77
T15,GL-3464,2026-03-14 11:24:00,7.66458,11.2659,50.2,3.3
T15,GL-3464,2026-03-14 11:25:00,7.663937,11.26596,51.8,3.87
T15,GL-3464,2026-03-14 11:26:00,7.663428,11.265485,33.0,4.28
T15,GL-3464,2026-03-14 11:27:00,7.662728,11.265635,46.4,3.51
T15,GL-3464,2026-03-14 11:28:00,7.66249,11.265145,55.2,5.36
T15,GL-3464,2026-03-14 11:29:00,7.661733,11.264968,57.2,3.04
T15,GL-3464,2026-03-14 11:30:00,7.661215,11.265063,21.4,4.45
T15,GL-3464,2026-03-14 11:31:00,7.660589,11.264595,32.3,3.17
T15,GL-3464,2026-03-14 11:32:00,7.659783,11.264415,25.4,5.36
T15,GL-3464,2026-03-14 11:33:00,7.658957,11.264278,42.6,4.16
T15,GL-3464,2026-03-14 11:34:00,7.658874,11.263977,26.4,4.14
T15,GL-3464,2026-03-14 11:35:00,7.657833,11.264226,14.3,5.55
T15,GL-3464,2026-03-14 11:36:00,7.657229,11.26407,44.1,4.2
T15,GL-3464,2026-03-14 11:37:00,7.656623,11.263951,27.8,3.17
T15,GL-3464,2026-03-14 11:38:00,7.656068,11.263745,45.3,3.24
T15,GL-3464,2026-03-14 11:39:00,7.656084,11.263668,54.3,4.32
T15,GL-3464,2026-03-14 11:40:00,7.655552,11.263516,21.9,4.56
T15,GL-3464,2026-03-14 11:41:00,7.654735,11.262949,18.9,2.91
T15,GL-3464,2026-03-14 11:42:00,7.654223,11.262818,50.6,3.78
T15,GL-3464,2026-03-14 11:43:00,7.653436,11.262518,52.0,2.84
T15,GL-3464,2026-03-14 11:44:00,7.653198,11.262336,41.9,4.49
T15,GL-3464,2026-03-14 11:45:00,7.65214,11.262301,40.3,4.74
T15,GL-3464,2026-03-14 11:46:00,7.651994,11.262288,49.9,3.16
T15,GL-3464,2026-03-14 11:47:00,7.651052,11.26234,21.2,3.94
T15,GL-3464,2026-03-14 11:48:00,7.650765,11.261657,21.6,2.81
T15,GL-3464,2026-03-14 11:49:00,7.649847,11.261842,51.0,5.31
T15,GL-3464,2026-03-14 11:50:00,7.649255,11.261787,47.4,4.71
T15,GL-3464,2026-03-14 11:51:00,7.648977,11.261659,45.6,3.24
T15,GL-3464,2026-03-14 11:52:00,7.648369,11.261096,54.6,4.55
T15,GL-3464,2026-03-14 11:53:00,7.647733,11.26154,24.1,5.2
T15,GL-3464,2026-03-14 11:54:00,7.64739,11.261147,45.5,4.34
T15,GL-3464,2026-03-14 11:55:00,7.646146,11.260632,22.8,4.29
T15,GL-3464,2026-03-14 11:56:00,7.646199,11.260762,,2.99
T15,GL-3464,2026-03-14 11:57:00,7.645364,11.260633,30.7,4.34
T15,GL-3464,2026-03-14 11:58:00,7.645043,11.260343,44.8,4.47
T15,GL-3464,2026-03-14 11:59:00,7.644381,11.260331,42.8,4.32
T15,GL-3464,2026-03-14 12:00:00,7.643911,11.260142,31.9,4.37
T15,GL-3464,2026-03-14 12:01:00,7.642999,11.260261,49.0,3.45
T15,GL-3464,2026-03-14 12:02:00,7.64234,11.260208,49.1,3.6
T15,GL-3464,2026-03-14 12:03:00,7.642163,11.259638,43.5,3.0
T15,GL-3464,2026-03-14 12:04:00,7.641625,11.259598,47.9,4.38
T15,GL-3464,2026-03-14 12:05:00,7.640717,11.258736,55.1,3.71
T15,GL-3464,2026-03-14 12:06:00,7.64011,11.259171,30.6,4.31
T15,GL-3464,2026-03-14 12:07:00,7.639235,11.258665,17.2,4.7
T15,GL-3464,2026-03-14 12:08:00,7.639266,11.258387,15.0,3.23
T15,GL-3464,2026-03-14 12:09:00,7.6385,11.257948,27.9,3.88
T15,GL-3464,2026-03-14 12:10:00,7.637695,11.258693,42.4,3.16
T15,GL-3464,2026-03-14 12:11:00,7.636969,11.258236,43.7,3.96
T15,GL-3464,2026-03-14 12:12:00,7.636527,11.258234,26.5,4.26
T15,GL-3464,2026-03-14 12:13:00,7.636004,11.258019,42.5,3.53
T15,GL-3464,2026-03-14 12:14:00,7.635338,11.257921,41.1,5.52
T15,GL-3464,2026-03-14 12:15:00,7.63485,11.257765,50.0,4.86
T15,GL-3464,2026-03-14 12:16:00,7.634017,11.257714,37.3,5.58
T15,GL-3464,2026-03-14 12:17:00,7.633013,11.257401,49.5,2.96
T15,GL-3464,2026-03-14 12:18:00,7.633176,11.256952,30.8,3.27
T15,GL-3464,2026-03-14 12:19:00,7.632341,11.256932,19.0,2.81
T15,GL-3464,2026-03-14 12:20:00,7.631811,11.256623,25.7,4.88
T15,GL-3464,2026-03-14 12:21:00,7.631021,11.256692,49.3,5.04
T15,GL-3464,2026-03-14 12:22:00,7.630798,11.256656,23.8,2.88
T15,GL-3464,2026-03-14 12:23:00,7.630294,11.256341,52.8,3.71
T15,GL-3464,2026-03-14 12:24:00,7.629594,11.25625,20.1,3.74
T15,GL-3464,2026-03-14 12:25:00,7.628777,11.255742,21.5,3.44
T15,GL-3464,2026-03-14 12:26:00,7.62817,11.256005,25.6,5.08
T15,GL-3464,2026-03-14 12:27:00,7.627735,11.256049,56.4,5.53
T15,GL-3464,2026-03-14 12:28:00,7.627271,11.255696,34.6,3.43
T15,GL-3464,2026-03-14 12:29:00,7.627115,11.255454,29.6,3.51
T15,GL-3464,2026-03-14 12:30:00,7.626135,11.255303,52.1,5.52
T15,GL-3464,2026-03-14 12:31:00,7.6255,11.255377,40.5,4.71
T15,GL-3464,2026-03-14 12:32:00,7.624891,11.254916,35.6,5.07
T15,GL-3464,2026-03-14 12:33:00,7.624317,11.254703,47.5,3.04
T15,GL-3464,2026-03-14 12:34:00,7.623651,11.254509,55.0,5.23
T15,GL-3464,2026-03-14 12:35:00,7.623167,11.254559,37.4,4.82
T15,GL-3464,2026-03-14 12:36:00,7.622564,11.254527,35.1,4.89
T15,GL-3464,2026-03-14 12:37:00,7.622332,11.254196,47.0,3.18
T15,GL-3464,2026-03-14 12:38:00,7.621423,11.253994,46.6,3.62
T15,GL-3464,2026-03-14 12:39:00,7.620737,11.254071,27.2,3.96
T15,GL-3464,2026-03-14 12:40:00,7.620112,11.253414,28.1,4.03
T15,GL-3464,2026-03-14 12:41:00,7.619633,11.253738,47.0,3.14
T15,GL-3464,2026-03-14 12:42:00,7.619129,11.253492,36.0,4.32
T15,GL-3464,2026-03-14 12:43:00,7.618752,11.253265,47.4,5.5
T15,GL-3464,2026-03-14 12:44:00,7.618225,11.252784,55.6,3.97
T15,GL-3464,2026-03-14 12:45:00,7.617442,11.252847,49.6,3.69
T15,GL-3464,2026-03-14 12:46:00,7.617038,11.252339,28.0,5.39
T15,GL-3464,2026-03-14 12:47:00,7.616248,11.252583,57.3,4.95
T15,GL-3464,2026-03-14 12:48:00,7.615583,11.252273,33.3,3.97
T15,GL-3464,2026-03-14 12:49:00,7.614676,11.251942,28.6,3.75
T15,GL-3464,2026-03-14 12:50:00,7.614398,11.251791,53.7,4.98
T15,GL-3464,2026-03-14 12:51:00,7.61427,11.251794,24.0,2.94
T15,GL-3464,2026-03-14 12:52:00,7.613038,11.252252,25.4,3.9
T15,GL-3464,2026-03-14 12:53:00,7.612636,11.25114,34.3,4.6
T15,GL-3464,2026-03-14 12:54:00,7.612192,11.251541,20.4,4.81
T15,GL-3464,2026-03-14 12:55:00,7.611441,11.251171,38.7,4.75
T15,GL-3464,2026-03-14 12:56:00,7.610869,11.250853,24.1,4.85
T15,GL-3464,2026-03-14 12:57:00,7.610147,11.251073,55.8,4.22
T15,GL-3464,2026-03-14 12:58:00,7.609611,11.250279,55.5,2.82
T15,GL-3464,2026-03-14 12:59:00,7.608974,11.250391,15.1,3.21
T15,GL-3464,2026-03-14 13:00:00,7.608458,11.250213,56.0,4.54
T15,GL-3464,2026-03-14 13:01:00,7.608042,11.249921,48.2,5.0
T15,GL-3464,2026-03-14 13:02:00,7.607083,11.250206,17.4,3.54
T15,GL-3464,2026-03-14 13:03:00,7.606839,11.24932,33.9,4.08
T15,GL-3464,2026-03-14 13:04:00,7.606184,11.249541,24.9,4.72
T15,GL-3464,2026-03-14 13:05:00,7.605595,11.24935,35.1,4.87
T15,GL-3464,2026-03-14 13:06:00,7.604852,11.249894,25.1,5.5
T15,GL-3464,2026-03-14 13:07:00,7.604329,11.249336,38.9,5.59
T15,GL-3464,2026-03-14 13:08:00,7.603734,11.248663,31.5,4.21
T15,GL-3464,2026-03-14 13:09:00,7.603418,11.249068,57.0,3.25
T15,GL-3464,2026-03-14 13:10:00,7.602874,11.24883,45.5,2.82
T15,GL-3464,2026-03-14 13:11:00,7.602141,11.248133,15.1,4.54
T15,GL-3464,2026-03-14 13:12:00,7.602,11.24821,49.6,5.19
T15,GL-3464,2026-03-14 13:13:00,7.600958,11.248226,57.8,3.65
T15,GL-3464,2026-03-14 13:14:00,7.600485,11.247877,53.4,3.05
T15,GL-3464,2026-03-14 13:15:00,7.59967,11.248015,24.7,5.27
T15,GL-3464,2026-03-14 13:16:00,7.599803,11.247836,55.7,4.99
T15,GL-3464,2026-03-14 13:17:00,7.598475,11.247476,20.3,3.18
T15,GL-3464,2026-03-14 13:18:00,7.59818,11.24772,15.1,5.44
T15,GL-3464,2026-03-14 13:19:00,7.597498,11.247312,16.4,5.45
T15,GL-3464,2026-03-14 13:20:00,7.597204,11.246929,20.7,5.32
T15,GL-3464,2026-03-14 13:21:00,7.596482,11.246805,36.3,2.91
T15,GL-3464,2026-03-14 13:22:00,7.595791,11.246805,47.5,3.12
T15,GL-3464,2026-03-14 13:23:00,7.595279,11.246509,44.1,4.86
T15,GL-3464,2026-03-14 13:24:00,7.675217,11.246455,35.1,253.6
T15,GL-3464,2026-03-14 13:25:00,7.593751,11.246325,54.6,4.12
T15,GL-3464,2026-03-14 13:26:00,7.593552,11.246167,39.3,4.89
T15,GL-3464,2026-03-14 13:27:00,7.592886,11.246414,29.8,3.57
T15,GL-3464,2026-03-14 13:28:00,7.592485,11.245536,25.1,5.2
T15,GL-3464,2026-03-14 13:29:00,7.591699,11.245892,32.9,3.12
T15,GL-3464,2026-03-14 13:30:00,7.591072,11.245281,20.3,4.31
T15,GL-3464,2026-03-14 13:31:00,7.590131,11.245095,41.4,4.8
T15,GL-3464,2026-03-14 13:32:00,7.589528,11.24537,15.5,5.23
T15,GL-3464,2026-03-14 13:33:00,7.589247,11.244555,55.4,3.71
T15,GL-3464,2026-03-14 13:34:00,7.589046,11.244627,14.4,4.6
T15,GL-3464,2026-03-14 13:35:00,7.588364,11.244239,57.9,5.36
T15,GL-3464,2026-03-14 13:36:00,7.587845,11.244424,37.6,4.36
T15,GL-3464,2026-03-14 13:37:00,7.586854,11.244907,29.4,3.93
T15,GL-3464,2026-03-14 13:38:00,7.586362,11.244079,45.8,4.03
T15,GL-3464,2026-03-14 13:39:00,7.585978,11.244037,24.6,3.39
T15,GL-3464,2026-03-14 13:40:00,7.585305,11.243781,57.1,2.81
T15,GL-3464,2026-03-14 13:41:00,7.584755,11.243699,30.2,3.93
T15,GL-3464,2026-03-14 13:42:00,7.583617,11.243743,21.3,3.16
T15,GL-3464,2026-03-14 13:43:00,7.583824,11.243302,39.5,2.96
T15,GL-3464,2026-03-14 13:44:00,7.582963,11.243242,29.1,4.92
T15,GL-3464,2026-03-14 13:45:00,7.582291,11.243175,14.5,3.31
T15,GL-3464,2026-03-14 13:46:00,7.581427,11.242728,34.6,3.37
T15,GL-3464,2026-03-14 13:47:00,7.580861,11.242719,46.6,4.22
T15,GL-3464,2026-03-14 13:48:00,7.580524,11.242481,43.0,4.73
T15,GL-3464,2026-03-14 13:49:00,7.579853,11.242366,37.2,3.92
T15,GL-3464,2026-03-14 13:50:00,7.579658,11.241804,45.7,4.96
T15,GL-3464,2026-03-14 13:51:00,7.578423,11.2421,26.9,3.71
T15,GL-3464,2026-03-14 13:52:00,7.578508,11.241856,14.5,3.61
T15,GL-3464,2026-03-14 13:53:00,7.577352,11.241678,52.4,3.43
T15,GL-3464,2026-03-14 13:54:00,7.577342,11.241488,26.2,3.95
T15,GL-3464,2026-03-14 13:55:00,7.576488,11.241155,,4.8
T15,GL-3464,2026-03-14 13:56:00,7.576095,11.241206,26.3,4.93
T15,GL-3464,2026-03-14 13:57:00,7.574905,11.240876,50.7,2.94
T15,GL-3464,2026-03-14 13:58:00,7.574554,11.240655,42.4,4.36
T15,GL-3464,2026-03-14 13:59:00,7.574247,11.240703,34.2,3.77
T15,GL-3464,2026-03-14 14:00:00,7.573539,11.240508,49.5,3.09
T15,GL-3464,2026-03-14 14:01:00,7.572927,11.240521,36.1,4.57
T15,GL-3464,2026-03-14 14:02:00,7.572339,11.240056,28.3,5.27
T15,GL-3464,2026-03-14 14:03:00,7.5715,11.240475,46.4,5.52
T15,GL-3464,2026-03-14 14:04:00,7.571606,11.239816,30.6,4.74
T15,GL-3464,2026-03-14 14:05:00,7.570651,11.239871,36.6,3.37
T15,GL-3464,2026-03-14 14:06:00,7.569971,11.239358,31.6,3.99
T15,GL-3464,2026-03-14 14:07:00,7.569501,11.23969,48.4,3.38
T15,GL-3464,2026-03-14 14:08:00,7.568725,11.23938,15.2,3.1
T15,GL-3464,2026-03-14 14:09:00,7.568247,11.2393,42.4,5.4
T15,GL-3464,2026-03-14 14:10:00,7.567632,11.23892,14.4,4.38
T15,GL-3464,2026-03-14 14:11:00,7.566705,11.238444,50.9,4.16
T15,GL-3464,2026-03-14 14:12:00,7.566393,11.238926,16.6,3.36
T15,GL-3464,2026-03-14 14:13:00,7.565889,11.238264,45.5,4.52
T15,GL-3464,2026-03-14 14:14:00,7.565414,11.238358,50.2,4.31
T15,GL-3464,2026-03-14 14:15:00,7.564471,11.237911,20.4,3.55
T15,GL-3464,2026-03-14 14:16:00,7.564162,11.238158,23.8,4.61
T15,GL-3464,2026-03-14 14:17:00,7.563855,11.237496,57.1,4.42
T15,GL-3464,2026-03-14 14:18:00,7.56346,11.237833,41.8,5.43
T15,GL-3464,2026-03-14 14:19:00,7.562315,11.237365,44.5,3.13
T15,GL-3464,2026-03-14 14:20:00,7.562253,11.237149,32.1,3.59
T15,GL-3464,2026-03-14 14:21:00,7.561714,11.237461,49.4,4.6
T15,GL-3464,2026-03-14 14:22:00,7.560768,11.237411,23.4,2.9
T15,GL-3464,2026-03-14 14:23:00,7.560048,11.236837,32.7,4.48
T15,GL-3464,2026-03-14 14:24:00,7.559447,11.236901,29.9,4.29
T15,GL-3464,2026-03-14 14:25:00,7.559124,11.236656,44.1,5.29
T15,GL-3464,2026-03-14 14:26:00,7.558218,11.236428,42.1,3.39
T15,GL-3464,2026-03-14 14:27:00,7.557781,11.235977,29.2,3.0
T15,GL-3464,2026-03-14 14:28:00,7.557582,11.236085,31.7,4.39
T15,GL-3464,2026-03-14 14:29:00,7.556539,11.235556,19.7,2.94
T15,GL-3464,2026-03-14 14:30:00,7.556173,11.235652,54.1,4.13
T15,GL-3464,2026-03-14 14:31:00,7.555298,11.235562,26.0,3.0
T15,GL-3464,2026-03-14 14:32:00,7.555292,11.23554,56.1,5.5
T15,GL-3464,2026-03-14 14:33:00,7.554168,11.235331,22.8,3.67
T15,GL-3464,2026-03-14 14:34:00,7.5534,11.235248,41.2,4.8
T15,GL-3464,2026-03-14 14:35:00,7.553235,11.235074,49.9,4.7
T15,GL-3464,2026-03-14 14:36:00,7.552956,11.234886,18.9,5.52
T15,GL-3464,2026-03-14 14:37:00,7.55213,11.23466,15.9,3.82
T15,GL-3464,2026-03-14 14:38:00,7.55176,11.23432,24.6,4.42
T15,GL-3464,2026-03-14 14:39:00,7.551038,11.234268,42.0,3.58
T15,GL-3464,2026-03-14 14:40:00,7.550245,11.23391,45.5,4.03
T15,GL-3464,2026-03-14 14:41:00,7.549537,11.233975,36.4,4.59
T15,GL-3464,2026-03-14 14:42:00,7.54899,11.233836,17.1,3.91
T15,GL-3464,2026-03-14 14:43:00,7.548225,11.233298,34.8,4.76
T15,GL-3464,2026-03-14 14:44:00,7.547469,11.233414,35.7,5.3
T15,GL-3464,2026-03-14 14:45:00,7.547234,11.233354,20.8,5.38
T15,GL-3464,2026-03-14 14:46:00,7.546899,11.232892,19.1,3.15
T15,GL-3464,2026-03-14 14:47:00,7.545778,11.232926,27.9,3.68
T15,GL-3464,2026-03-14 14:48:00,7.545709,11.2327,53.5,2.9
T15,GL-3464,2026-03-14 14:49:00,7.54508,11.232623,35.5,4.71
T15,GL-3464,2026-03-14 14:50:00,7.544207,11.232367,23.3,2.94
T15,GL-3464,2026-03-14 14:51:00,7.543565,11.23234,52.3,4.84
T15,GL-3464,2026-03-14 14:52:00,7.543395,11.232355,20.6,4.27
T15,GL-3464,2026-03-14 14:53:00,7.54256,11.232307,28.4,5.01
T15,GL-3464,2026-03-14 14:54:00,7.54201,11.232095,53.0,3.26
T15,GL-3464,2026-03-14 14:55:00,7.541548,11.231324,16.0,4.76
T15,GL-3464,2026-03-14 14:56:00,7.541252,11.231399,26.3,3.13
T15,GL-3464,2026-03-14 14:57:00,7.540448,11.231944,16.8,4.28
T15,GL-3464,2026-03-14 14:58:00,7.53999,11.231302,16.8,4.03
T15,GL-3464,2026-03-14 14:59:00,7.538655,11.230851,44.5,3.54
T15,GL-3464,2026-03-14 15:00:00,7.538961,11.230512,35.8,4.14
T15,GL-3464,2026-03-14 15:01:00,7.538144,11.230439,,4.6
T15,GL-3464,2026-03-14 15:02:00,7.537613,11.230167,35.5,4.23
T15,GL-3464,2026-03-14 15:03:00,7.536974,11.23016,31.3,5.24
T15,GL-3464,2026-03-14 15:04:00,7.536713,11.230335,15.3,4.74
T15,GL-3464,2026-03-14 15:05:00,7.535568,11.230206,25.1,3.4
T15,GL-3464,2026-03-14 15:06:00,7.535355,11.229936,34.4,3.18
T15,GL-3464,2026-03-14 15:07:00,7.53428,11.229776,22.5,3.59
T15,GL-3464,2026-03-14 15:08:00,7.533684,11.229418,29.6,3.78
T15,GL-3464,2026-03-14 15:09:00,7.532964,11.229511,47.7,5.36
T15,GL-3464,2026-03-14 15:10:00,7.532299,11.229215,16.2,4.96
T15,GL-3464,2026-03-14 15:11:00,7.532227,11.228777,36.7,3.68
T15,GL-3464,2026-03-14 15:12:00,7.531242,11.228583,40.6,3.83
T15,GL-3464,2026-03-14 15:13:00,7.530936,11.22822,49.0,4.01
T15,GL-3464,2026-03-14 15:14:00,7.475035,11.228622,18.7,173.47
T15,GL-3464,2026-03-14 15:15:00,7.529872,11.228495,15.9,4.41
T15,GL-3464,2026-03-14 15:16:00,7.528933,11.22834,33.2,4.84
T15,GL-3464,2026-03-14 15:17:00,7.528667,11.228079,35.0,5.47
T15,GL-3464,2026-03-14 15:18:00,7.528017,11.228,51.2,5.28
T15,GL-3464,2026-03-14 15:19:00,7.527526,11.227709,15.2,4.43
T15,GL-3464,2026-03-14 15:20:00,7.526584,11.227641,37.5,4.16
T15,GL-3464,2026-03-14 15:21:00,7.52638,11.227551,39.1,5.33
T15,GL-3464,2026-03-14 15:22:00,7.525804,11.22734,46.5,4.26
T15,GL-3464,2026-03-14 15:23:00,7.52513,11.227081,49.3,5.05
T15,GL-3464,2026-03-14 15:24:00,7.524719,11.226784,33.1,5.47
T15,GL-3464,2026-03-14 15:25:00,7.524089,11.226918,39.9,4.23
T15,GL-3464,2026-03-14 15:26:00,7.523456,11.226455,24.5,4.83
T15,GL-3464,2026-03-14 15:27:00,7.522738,11.226489,27.1,5.06
T15,GL-3464,2026-03-14 15:28:00,7.521585,11.226433,28.2,3.91
T15,GL-3464,2026-03-14 15:29:00,7.521747,11.225896,55.0,3.93
T15,GL-3464,2026-03-14 15:30:00,7.521113,11.22574,14.4,4.63
T15,GL-3464,2026-03-14 15:31:00,7.520768,11.225678,36.0,4.1
T15,GL-3464,2026-03-14 15:32:00,7.519584,11.225673,41.2,4.15
T15,GL-3464,2026-03-14 15:33:00,7.519466,11.225277,35.8,4.27
T15,GL-3464,2026-03-14 15:34:00,7.518623,11.225387,26.8,2.94
T15,GL-3464,2026-03-14 15:35:00,7.517708,11.225305,33.0,3.7
T15,GL-3464,2026-03-14 15:36:00,7.517055,11.224954,30.1,5.58
T15,GL-3464,2026-03-14 15:37:00,7.516861,11.224975,46.5,5.17
T15,GL-3464,2026-03-14 15:38:00,7.516488,11.224563,25.7,4.8
T15,GL-3464,2026-03-14 15:39:00,7.515415,11.224567,42.1,4.44
T15,GL-3464,2026-03-14 15:40:00,7.515178,11.224367,33.7,3.71
T15,GL-3464,2026-03-14 15:41:00,7.514788,11.224292,,4.59
T15,GL-3464,2026-03-14 15:42:00,7.513921,11.224138,14.9,3.62
T15,GL-3464,2026-03-14 15:43:00,7.513344,11.224058,47.1,4.85
T15,GL-3464,2026-03-14 15:44:00,7.512875,11.224441,23.8,4.29
T15,GL-3464,2026-03-14 15:45:00,7.512611,11.223819,51.8,4.28
T15,GL-3464,2026-03-14 15:46:00,7.511957,11.223354,27.9,5.13
T15,GL-3464,2026-03-14 15:47:00,7.510899,11.222785,44.1,4.21
T15,GL-3464,2026-03-14 15:48:00,7.510219,11.22293,28.0,5.3
T15,GL-3464,2026-03-14 15:49:00,7.510587,11.222887,48.0,3.44
T15,GL-3464,2026-03-14 15:50:00,7.509129,11.222899,40.8,4.25
T15,GL-3464,2026-03-14 15:51:00,7.50941,11.222553,38.7,3.1
T15,GL-3464,2026-03-14 15:52:00,7.508014,11.222439,,5.23
T15,GL-3464,2026-03-14 15:53:00,7.507085,11.22236,18.1,4.54
T15,GL-3464,2026-03-14 15:54:00,7.507523,11.221932,26.2,5.57
T15,GL-3464,2026-03-14 15:55:00,7.506308,11.22198,55.9,5.32
T15,GL-3464,2026-03-14 15:56:00,7.505669,11.221595,48.9,4.21
T15,GL-3464,2026-03-14 15:57:00,7.505116,11.221547,27.3,5.52
T15,GL-3464,2026-03-14 15:58:00,7.504702,11.221281,42.5,3.43
T15,GL-3464,2026-03-14 15:59:00,7.503944,11.221384,35.1,5.54
T15,GL-3464,2026-03-14 16:00:00,7.503117,11.220739,38.9,4.45
T15,GL-3464,2026-03-14 16:01:00,7.502804,11.221312,36.2,3.43
T15,GL-3464,2026-03-14 16:02:00,7.5019,11.220681,41.3,3.87
T15,GL-3464,2026-03-14 16:03:00,7.501858,11.220772,33.3,3.07
T15,GL-3464,2026-03-14 16:04:00,7.501059,11.220688,47.4,4.02
T15,GL-3464,2026-03-14 16:05:00,7.500976,11.220524,21.0,5.18
T15,GL-3464,2026-03-14 16:06:00,7.500439,11.21995,35.7,0.8
T15,GL-3464,2026-03-14 16:07:00,7.500735,11.220363,19.1,0.17
T15,GL-3464,2026-03-14 16:08:00,7.500505,11.220048,38.5,0.86
T15,GL-3464,2026-03-14 16:09:00,7.500771,11.219915,45.4,0.16
T15,GL-3464,2026-03-14 16:10:00,7.500349,11.220745,33.8,0.74
T15,GL-3464,2026-03-14 16:11:00,7.500386,11.220325,41.0,0.17
T15,GL-3464,2026-03-14 16:12:00,7.501152,11.220081,56.4,0.15
T15,GL-3464,2026-03-14 16:13:00,7.500872,11.220211,48.8,0.81
T15,GL-3464,2026-03-14 16:14:00,7.50087,11.220175,57.3,0.12
T15,GL-3464,2026-03-14 16:15:00,7.500738,11.220524,29.4,0.19
T15,GL-3464,2026-03-14 16:16:00,7.500442,11.220472,57.9,0.2
T15,GL-3464,2026-03-14 16:17:00,7.50045,11.220261,51.0,0.62
T15,GL-3464,2026-03-14 16:18:00,7.500767,11.221102,25.8,0.0
T15,GL-3464,2026-03-14 16:19:00,7.500599,11.220195,20.7,0.32
T15,GL-3464,2026-03-14 16:20:00,7.501045,11.22022,51.6,0.05
T15,GL-3464,2026-03-14 16:21:00,7.500228,11.220776,57.9,0.74
T15,GL-3464,2026-03-14 16:22:00,7.50022,11.220502,43.2,0.85
T15,GL-3464,2026-03-14 16:23:00,7.500363,11.21999,22.2,0.4
T15,GL-3464,2026-03-14 16:24:00,7.501175,11.220116,43.4,0.88
T15,GL-3464,2026-03-14 16:25:00,7.501147,11.220796,54.4,0.66
T15,GL-3464,2026-03-14 16:26:00,7.500354,11.220593,48.2,0.24
T15,GL-3464,2026-03-14 16:27:00,7.500881,11.220271,36.7,0.77
T15,GL-3464,2026-03-14 16:28:00,7.500041,11.220707,49.6,0.89
T15,GL-3464,2026-03-14 16:29:00,7.500431,11.220025,28.6,0.65
T15,GL-3464,2026-03-14 16:30:00,7.501209,11.220426,15.4,0.15
T15,GL-3464,2026-03-14 16:31:00,7.500531,11.219876,39.5,0.29
T15,GL-3464,2026-03-14 16:32:00,7.50084,11.220362,18.5,0.37
T15,GL-3464,2026-03-14 16:33:00,7.500935,11.220324,29.9,0.8
T15,GL-3464,2026-03-14 16:34:00,7.500442,11.220902,54.0,0.23
T15,GL-3464,2026-03-14 16:35:00,7.500492,11.220338,22.6,0.21
T15,GL-3464,2026-03-14 16:36:00,7.500991,11.2206,37.1,0.67
T15,GL-3464,2026-03-14 16:37:00,7.50112,11.220534,56.7,0.19
T15,GL-3464,2026-03-14 16:38:00,7.500559,11.220039,32.2,2.81
T15,GL-3464,2026-03-14 16:39:00,7.500997,11.219819,24.3,3.3
T15,GL-3464,2026-03-14 16:40:00,7.501827,11.219063,36.1,2.96
T15,GL-3464,2026-03-14 16:41:00,7.502452,11.218979,49.0,3.75
T15,GL-3464,2026-03-14 16:42:00,7.502302,11.218732,54.7,3.28
T15,GL-3464,2026-03-14 16:43:00,7.503031,11.218228,51.4,3.37
T15,GL-3464,2026-03-14 16:44:00,7.503517,11.218373,48.0,3.05
T15,GL-3464,2026-03-14 16:45:00,7.503679,11.217849,36.8,4.33
T15,GL-3464,2026-03-14 16:46:00,7.504383,11.217445,18.5,5.19
T15,GL-3464,2026-03-14 16:47:00,7.504654,11.21686,56.9,3.64
T15,GL-3464,2026-03-14 16:48:00,7.505193,11.216694,35.0,4.38
T15,GL-3464,2026-03-14 16:49:00,7.505491,11.2165,39.5,5.06
T15,GL-3464,2026-03-14 16:50:00,7.505965,11.216153,35.0,4.24
T15,GL-3464,2026-03-14 16:51:00,7.506598,11.215602,50.0,5.32
T15,GL-3464,2026-03-14 16:52:00,7.506438,11.215472,17.7,3.43
T15,GL-3464,2026-03-14 16:53:00,7.507212,11.214811,21.3,5.36
T15,GL-3464,2026-03-14 16:54:00,7.507454,11.214475,14.4,3.42
T15,GL-3464,2026-03-14 16:55:00,7.507935,11.214534,35.2,3.69
T15,GL-3464,2026-03-14 16:56:00,7.50851,11.214388,15.9,2.85
T15,GL-3464,2026-03-14 16:57:00,7.508665,11.213611,21.9,3.75
T15,GL-3464,2026-03-14 16:58:00,7.509313,11.213517,21.7,4.8
T15,GL-3464,2026-03-14 16:59:00,7.509811,11.213012,53.1,3.38
T15,GL-3464,2026-03-14 17:00:00,7.510106,11.212677,43.9,4.0
T15,GL-3464,2026-03-14 17:01:00,7.510585,11.212564,48.1,3.38
T15,GL-3464,2026-03-14 17:02:00,7.511144,11.21183,39.0,3.74
T15,GL-3464,2026-03-14 17:03:00,7.511092,11.211129,45.8,4.54
T15,GL-3464,2026-03-14 17:04:00,7.512207,11.211171,,3.54
T15,GL-3464,2026-03-14 17:05:00,7.512248,11.210766,57.1,5.5
T15,GL-3464,2026-03-14 17:06:00,7.51259,11.21078,55.0,5.24
T15,GL-3464,2026-03-14 17:07:00,7.512551,11.210127,19.6,4.84
T15,GL-3464,2026-03-14 17:08:00,7.513326,11.210197,55.4,4.24
T15,GL-3464,2026-03-14 17:09:00,7.513524,11.209609,43.9,5.0
T15,GL-3464,2026-03-14 17:10:00,7.514192,11.209036,53.4,5.42
T15,GL-3464,2026-03-14 17:11:00,7.514628,11.209151,53.8,0.83
T15,GL-3464,2026-03-14 17:12:00,7.514233,11.209332,17.7,0.71
T15,GL-3464,2026-03-14 17:13:00,7.514715,11.209048,20.2,0.04
T15,GL-3464,2026-03-14 17:14:00,7.51406,11.209489,,0.1
T15,GL-3464,2026-03-14 17:15:00,7.513955,11.208995,56.5,0.05
T15,GL-3464,2026-03-14 17:16:00,7.514504,11.208536,33.9,0.06
T15,GL-3464,2026-03-14 17:17:00,7.51399,11.208588,32.9,0.18
T15,GL-3464,2026-03-14 17:18:00,7.514129,11.209874,34.9,0.36
T15,GL-3464,2026-03-14 17:19:00,7.513993,11.209373,41.2,0.04
T15,GL-3464,2026-03-14 17:20:00,7.514107,11.20952,45.3,0.05
T15,GL-3464,2026-03-14 17:21:00,7.51413,11.208967,50.9,0.32
T15,GL-3464,2026-03-14 17:22:00,7.513675,11.209389,18.7,0.37
T15,GL-3464,2026-03-14 17:23:00,7.513663,11.20948,41.6,0.79
T15,GL-3464,2026-03-14 17:24:00,7.514612,11.209523,49.3,0.45
T15,GL-3464,2026-03-14 17:25:00,7.514042,11.20898,26.7,0.52
T15,GL-3464,2026-03-14 17:26:00,7.513912,11.209912,33.2,0.74
T15,GL-3464,2026-03-14 17:27:00,7.513895,11.209841,21.8,0.57
T15,GL-3464,2026-03-14 17:28:00,7.514415,11.209592,36.4,0.9
T15,GL-3464,2026-03-14 17:29:00,7.514054,11.208906,51.1,0.45
T15,GL-3464,2026-03-14 17:30:00,7.51418,11.209514,42.0,0.76
T15,GL-3464,2026-03-14 17:31:00,7.513862,11.209178,53.0,0.26
T15,GL-3464,2026-03-14 17:32:00,7.51425,11.209428,38.0,0.79
T15,GL-3464,2026-03-14 17:33:00,7.513957,11.208739,23.0,0.42
T15,GL-3464,2026-03-14 17:34:00,7.514313,11.20931,55.5,0.26
T15,GL-3464,2026-03-14 17:35:00,7.514471,11.209385,40.3,0.06
T15,GL-3464,2026-03-14 17:36:00,7.51375,11.209675,45.4,0.62
T15,GL-3464,2026-03-14 17:37:00,7.513929,11.209267,50.9,0.03
T15,GL-3464,2026-03-14 17:38:00,7.51417,11.209172,35.4,0.08
T15,GL-3464,2026-03-14 17:39:00,7.514114,11.208824,21.6,0.33
T15,GL-3464,2026-03-14 17:40:00,7.514005,11.209756,44.1,0.83
T15,GL-3464,2026-03-14 17:41:00,7.513652,11.208541,31.6,5.28
T15,GL-3464,2026-03-14 17:42:00,7.513948,11.207735,17.6,3.19
T15,GL-3464,2026-03-14 17:43:00,7.513512,11.207249,40.2,4.4
T15,GL-3464,2026-03-14 17:44:00,7.513096,11.206785,32.1,4.68
T15,GL-3464,2026-03-14 17:45:00,7.513176,11.206074,49.5,2.98
T15,GL-3464,2026-03-14 17:46:00,7.513183,11.205119,23.5,4.98
T15,GL-3464,2026-03-14 17:47:00,7.513134,11.204522,31.0,3.01
T15,GL-3464,2026-03-14 17:48:00,7.512747,11.203799,38.6,3.94
T15,GL-3464,2026-03-14 17:49:00,7.512541,11.203405,23.3,4.48
T15,GL-3464,2026-03-14 17:50:00,7.512398,11.202645,33.0,3.16
T15,GL-3464,2026-03-14 17:51:00,7.512461,11.20221,50.1,4.13
T15,GL-3464,2026-03-14 17:52:00,7.511901,11.201082,31.4,5.14
T15,GL-3464,2026-03-14 17:53:00,7.511927,11.200833,41.4,3.05
T15,GL-3464,2026-03-14 17:54:00,7.511678,11.199412,47.9,4.31
T15,GL-3464,2026-03-14 17:55:00,7.511772,11.199587,14.5,4.5
T15,GL-3464,2026-03-14 17:56:00,7.511749,11.198213,30.9,2.89
T15,GL-3464,2026-03-14 17:57:00,7.511219,11.197694,32.3,3.08
T15,GL-3464,2026-03-14 17:58:00,7.51131,11.197048,50.5,3.48
T15,GL-3464,2026-03-14 17:59:00,7.51103,11.196752,23.4,5.4
T15,GL-3464,2026-03-14 18:00:00,7.51058,11.195951,41.7,3.41
T15,GL-3464,2026-03-14 18:01:00,7.510511,11.195149,48.9,4.18
T15,GL-3464,2026-03-14 18:02:00,7.510881,11.194519,32.4,3.83
T15,GL-3464,2026-03-14 18:03:00,7.510661,11.19389,31.1,5.18
T15,GL-3464,2026-03-14 18:04:00,7.510297,11.193372,14.1,5.58
T15,GL-3464,2026-03-14 18:05:00,7.509882,11.192611,20.4,5.57
T15,GL-3464,2026-03-14 18:06:00,7.510175,11.19241,51.6,4.82
T15,GL-3464,2026-03-14 18:07:00,7.509434,11.191945,40.1,0.57
T15,GL-3464,2026-03-14 18:08:00,7.509425,11.192342,24.3,0.2
T15,GL-3464,2026-03-14 18:09:00,7.51014,11.191675,25.4,0.65
T15,GL-3464,2026-03-14 18:10:00,7.509554,11.191588,30.5,0.36
T15,GL-3464,2026-03-14 18:11:00,7.509718,11.192064,20.3,0.5
T15,GL-3464,2026-03-14 18:12:00,7.509767,11.191903,16.8,0.17
T15,GL-3464,2026-03-14 18:13:00,7.509758,11.192113,55.7,0.13
T15,GL-3464,2026-03-14 18:14:00,7.50992,11.192116,15.7,0.67
T15,GL-3464,2026-03-14 18:15:00,7.510089,11.191744,46.4,0.08
T15,GL-3464,2026-03-14 18:16:00,7.510418,11.192346,53.9,0.31
T15,GL-3464,2026-03-14 18:17:00,7.509434,11.191857,43.7,0.86
T15,GL-3464,2026-03-14 18:18:00,7.50907,11.192421,24.6,0.81
T15,GL-3464,2026-03-14 18:19:00,7.509923,11.192194,35.3,0.39
T15,GL-3464,2026-03-14 18:20:00,7.510046,11.192304,22.7,0.55
T15,GL-3464,2026-03-14 18:21:00,7.509777,11.191458,51.4,0.39
T15,GL-3464,2026-03-14 18:22:00,7.509931,11.191561,31.6,0.78
T15,GL-3464,2026-03-14 18:23:00,7.50961,11.191928,40.3,0.53
T15,GL-3464,2026-03-14 18:24:00,7.50942,11.191938,48.0,0.26
T15,GL-3464,2026-03-14 18:25:00,7.510807,11.191756,16.8,0.55
T15,GL-3464,2026-03-14 18:26:00,7.510362,11.192367,49.6,3.25
T15,GL-3464,2026-03-14 18:27:00,7.511444,11.192264,33.8,3.94
T15,GL-3464,2026-03-14 18:28:00,7.511773,11.192428,42.0,4.9
T15,GL-3464,2026-03-14 18:29:00,7.512067,11.192987,50.8,4.96
T15,GL-3464,2026-03-14 18:30:00,7.513352,11.193026,22.4,5.56
T15,GL-3464,2026-03-14 18:31:00,7.513515,11.193374,40.9,4.25
T15,GL-3464,2026-03-14 18:32:00,7.514113,11.193293,19.1,3.87
T15,GL-3464,2026-03-14 18:33:00,7.514974,11.19355,55.9,4.54
T15,GL-3464,2026-03-14 18:34:00,7.515499,11.193798,57.5,4.54
T15,GL-3464,2026-03-14 18:35:00,7.516384,11.194941,57.1,4.1
T15,GL-3464,2026-03-14 18:36:00,7.516457,11.194475,34.1,3.66
T15,GL-3464,2026-03-14 18:37:00,7.517906,11.194579,26.2,4.12
T15,GL-3464,2026-03-14 18:38:00,7.517824,11.195097,47.7,3.76
T15,GL-3464,2026-03-14 18:39:00,7.519013,11.195502,37.6,4.5
T15,GL-3464,2026-03-14 18:40:00,7.519591,11.195429,46.9,4.76
T15,GL-3464,2026-03-14 18:41:00,7.519688,11.195547,23.0,4.5
T15,GL-3464,2026-03-14 18:42:00,7.520492,11.195881,39.6,3.65
T15,GL-3464,2026-03-14 18:43:00,7.521032,11.19614,48.8,4.34
T15,GL-3464,2026-03-14 18:44:00,7.521659,11.195729,55.1,4.14
T15,GL-3464,2026-03-14 18:45:00,7.522453,11.196037,19.4,5.29
T15,GL-3464,2026-03-14 18:46:00,7.522855,11.197151,34.7,2.96
T15,GL-3464,2026-03-14 18:47:00,7.523302,11.197164,54.8,5.47
T15,GL-3464,2026-03-14 18:48:00,7.523988,11.197392,33.8,4.86
T15,GL-3464,2026-03-14 18:49:00,7.524455,11.197467,22.1,3.89
T15,GL-3464,2026-03-14 18:50:00,7.525804,11.197259,35.8,5.26
T15,GL-3464,2026-03-14 18:51:00,7.526352,11.198066,33.8,5.17
T15,GL-3464,2026-03-14 18:52:00,7.526483,11.197687,28.0,5.45
T15,GL-3464,2026-03-14 18:53:00,7.527833,11.198055,27.1,4.96
T15,GL-3464,2026-03-14 18:54:00,7.528049,11.19888,20.5,5.18
T15,GL-3464,2026-03-14 18:55:00,7.528775,11.198958,54.0,3.77
T15,GL-3464,2026-03-14 18:56:00,7.529104,11.198913,32.7,4.08
T15,GL-3464,2026-03-14 18:57:00,7.530363,11.199267,31.6,3.59
T15,GL-3464,2026-03-14 18:58:00,7.530748,11.199374,57.6,4.2
T15,GL-3464,2026-03-14 18:59:00,7.530987,11.200015,30.6,5.06
T15,GL-3464,2026-03-14 19:00:00,7.531982,11.200225,17.0,4.86
T15,GL-3464,2026-03-14 19:01:00,7.532123,11.199994,40.6,5.02
T15,GL-3464,2026-03-14 19:02:00,7.532833,11.200208,17.6,3.14
T15,GL-3464,2026-03-14 19:03:00,7.533533,11.200691,47.5,3.57
T15,GL-3464,2026-03-14 19:04:00,7.534118,11.200756,46.4,4.32
T15,GL-3464,2026-03-14 19:05:00,7.534933,11.201553,17.4,4.1
T15,GL-3464,2026-03-14 19:06:00,7.535506,11.201134,15.2,4.28
T15,GL-3464,2026-03-14 19:07:00,7.536079,11.202027,40.7,3.58
T15,GL-3464,2026-03-14 19:08:00,7.536551,11.201717,35.7,3.27
T15,GL-3464,2026-03-14 19:09:00,7.537398,11.201885,,5.08
T15,GL-3464,2026-03-14 19:10:00,7.538164,11.201969,15.0,3.37
T15,GL-3464,2026-03-14 19:11:00,7.538113,11.202877,51.0,5.05
T15,GL-3464,2026-03-14 19:12:00,7.539293,11.202396,21.8,3.98
T15,GL-3464,2026-03-14 19:13:00,7.539786,11.20331,35.8,4.84
T15,GL-3464,2026-03-14 19:14:00,7.540701,11.203233,46.5,5.31
T15,GL-3464,2026-03-14 19:15:00,7.541097,11.203807,24.2,3.77
T15,GL-3464,2026-03-14 19:16:00,7.541473,11.203867,,5.52
T15,GL-3464,2026-03-14 19:17:00,7.542003,11.204,26.4,3.71
T15,GL-3464,2026-03-14 19:18:00,7.543258,11.203972,20.8,4.36
T15,GL-3464,2026-03-14 19:19:00,7.543431,11.204252,17.1,4.48
T15,GL-3464,2026-03-14 19:20:00,7.544104,11.204623,37.3,4.73
T15,GL-3464,2026-03-14 19:21:00,7.54528,11.204635,46.4,3.71
T15,GL-3464,2026-03-14 19:22:00,7.545217,11.205252,57.8,3.84
T15,GL-3464,2026-03-14 19:23:00,7.54617,11.205399,31.4,4.82
T15,GL-3464,2026-03-14 19:24:00,7.546864,11.205073,,2.84
T15,GL-3464,2026-03-14 19:25:00,7.54705,11.205653,39.1,3.91
T15,GL-3464,2026-03-14 19:26:00,7.547895,11.206077,49.6,3.13
T15,GL-3464,2026-03-14 19:27:00,7.548443,11.206677,39.2,3.02
T15,GL-3464,2026-03-14 19:28:00,7.549236,11.20604,36.8,2.95
T15,GL-3464,2026-03-14 19:29:00,7.549668,11.206985,17.5,5.55
T15,GL-3464,2026-03-14 19:30:00,7.551281,11.206898,15.3,4.94
T15,GL-3464,2026-03-14 19:31:00,7.551182,11.207008,17.3,4.67
T15,GL-3464,2026-03-14 19:32:00,7.5519,11.206577,30.2,3.42
T15,GL-3464,2026-03-14 19:33:00,7.552583,11.207583,28.2,3.47
T15,GL-3464,2026-03-14 19:34:00,7.553169,11.207393,,4.27
T15,GL-3464,2026-03-14 19:35:00,7.553571,11.208394,51.6,5.04
T15,GL-3464,2026-03-14 19:36:00,7.554155,11.208435,22.1,4.23
T15,GL-3464,2026-03-14 19:37:00,7.554939,11.208266,41.8,4.99
T15,GL-3464,2026-03-14 19:38:00,7.555337,11.208783,25.1,4.31
T15,GL-3464,2026-03-14 19:39:00,7.556129,11.208817,42.2,5.2
T15,GL-3464,2026-03-14 19:40:00,7.556448,11.209024,47.4,3.75
T15,GL-3464,2026-03-14 19:41:00,7.557424,11.209543,41.4,4.67
T15,GL-3464,2026-03-14 19:42:00,7.557813,11.209612,40.3,3.16
T15,GL-3464,2026-03-14 19:43:00,7.558965,11.209793,53.6,3.24
T15,GL-3464,2026-03-14 19:44:00,7.559054,11.209828,21.5,5.29
T15,GL-3464,2026-03-14 19:45:00,7.560115,11.21009,36.6,5.03
T15,GL-3464,2026-03-14 19:46:00,7.560808,11.210706,28.3,3.07
T15,GL-3464,2026-03-14 19:47:00,7.561249,11.210747,40.0,5.23
T15,GL-3464,2026-03-14 19:48:00,7.561452,11.211195,20.8,5.52
T15,GL-3464,2026-03-14 19:49:00,7.562709,11.211376,41.1,3.8
T15,GL-3464,2026-03-14 19:50:00,7.562748,11.211689,19.4,4.17
T15,GL-3464,2026-03-14 19:51:00,7.563661,11.212037,20.0,4.21
T15,GL-3464,2026-03-14 19:52:00,7.563894,11.212202,32.0,4.67
T15,GL-3464,2026-03-14 19:53:00,7.564922,11.212492,46.2,3.81
T15,GL-3464,2026-03-14 19:54:00,7.56516,11.212698,41.2,4.54
T15,GL-3464,2026-03-14 19:55:00,7.56622,11.212745,29.3,3.11
T15,GL-3464,2026-03-14 19:56:00,7.567559,11.212801,18.4,4.9
T15,GL-3464,2026-03-14 19:57:00,7.567703,11.21283,34.8,3.12
T15,GL-3464,2026-03-14 19:58:00,7.567969,11.213657,39.5,4.37
T15,GL-3464,2026-03-14 19:59:00,7.568547,11.213537,49.4,3.21
T15,GL-3464,2026-03-14 20:00:00,7.569022,11.213896,52.2,3.16
T15,GL-3464,2026-03-14 20:01:00,7.569618,11.214127,19.6,4.44
T15,GL-3464,2026-03-14 20:02:00,7.570543,11.214395,43.3,4.03
T15,GL-3464,2026-03-14 20:03:00,7.571105,11.214618,16.8,2.94
T15,GL-3464,2026-03-14 20:04:00,7.571523,11.214764,27.1,3.65
T15,GL-3464,2026-03-14 20:05:00,7.57225,11.215428,32.8,5.33
T15,GL-3464,2026-03-14 20:06:00,7.57266,11.214928,41.2,3.7
T15,GL-3464,2026-03-14 20:07:00,7.573373,11.215421,27.2,3.78
T15,GL-3464,2026-03-14 20:08:00,7.574369,11.215993,54.4,4.6
T15,GL-3464,2026-03-14 20:09:00,7.574899,11.216041,18.1,3.67
T15,GL-3464,2026-03-14 20:10:00,7.575694,11.216085,21.4,3.03
T15,GL-3464,2026-03-14 20:11:00,7.575977,11.2165,23.1,5.36
T15,GL-3464,2026-03-14 20:12:00,7.576758,11.216488,54.3,3.39
T15,GL-3464,2026-03-14 20:13:00,7.576985,11.216864,56.9,4.75
T15,GL-3464,2026-03-14 20:14:00,7.578561,11.217253,42.7,2.85
T15,GL-3464,2026-03-14 20:15:00,7.578396,11.217084,33.0,2.83
T15,GL-3464,2026-03-14 20:16:00,7.579731,11.217308,57.6,2.84
T15,GL-3464,2026-03-14 20:17:00,7.580079,11.218088,22.5,3.0
T15,GL-3464,2026-03-14 20:18:00,7.580178,11.218161,17.7,3.18
T15,GL-3464,2026-03-14 20:19:00,7.581317,11.218294,54.3,4.6
T15,GL-3464,2026-03-14 20:20:00,7.581521,11.218847,56.2,4.35
T15,GL-3464,2026-03-14 20:21:00,7.582678,11.218733,39.4,5.12
T15,GL-3464,2026-03-14 20:22:00,7.583483,11.219386,37.3,3.39
T15,GL-3464,2026-03-14 20:23:00,7.583381,11.219141,19.7,4.46
T15,GL-3464,2026-03-14 20:24:00,7.584078,11.218897,41.2,3.67
T15,GL-3464,2026-03-14 20:25:00,7.584904,11.219626,49.8,2.84
T15,GL-3464,2026-03-14 20:26:00,7.585564,11.220086,37.5,4.51
T15,GL-3464,2026-03-14 20:27:00,7.58581,11.219946,52.1,3.86
T15,GL-3464,2026-03-14 20:28:00,7.586806,11.220268,57.3,3.71
T15,GL-3464,2026-03-14 20:29:00,7.504272,11.22062,31.2,170.7
T15,GL-3464,2026-03-14 20:30:00,7.588012,11.220978,35.6,4.53
T15,GL-3464,2026-03-14 20:31:00,7.588649,11.220993,39.4,5.57
T15,GL-3464,2026-03-14 20:32:00,7.589285,11.221523,34.9,4.06
T15,GL-3464,2026-03-14 20:33:00,7.589955,11.221363,23.3,4.93
T15,GL-3464,2026-03-14 20:34:00,7.590558,11.221796,36.6,4.01
T15,GL-3464,2026-03-14 20:35:00,7.591196,11.222,51.1,3.5
T15,GL-3464,2026-03-14 20:36:00,7.591765,11.222167,53.2,4.73
T15,GL-3464,2026-03-14 20:37:00,7.592023,11.222439,16.4,4.44
T15,GL-3464,2026-03-14 20:38:00,7.592908,11.222513,39.4,5.29
T15,GL-3464,2026-03-14 20:39:00,7.593801,11.223013,42.3,3.45
T15,GL-3464,2026-03-14 20:40:00,11.223381,7.593934,55.1,5.49
T15,GL-3464,2026-03-14 20:41:00,7.594615,11.223474,49.1,4.01
T15,GL-3464,2026-03-14 20:42:00,7.595382,11.223904,48.0,5.07
T15,GL-3464,2026-03-14 20:43:00,7.595993,11.223637,41.6,3.69
T15,GL-3464,2026-03-14 20:44:00,7.597029,11.223876,55.8,5.12
T15,GL-3464,2026-03-14 20:45:00,7.596863,11.223839,56.9,4.59
T15,GL-3464,2026-03-14 20:46:00,7.597903,11.224201,49.0,3.67
T15,GL-3464,2026-03-14 20:47:00,7.598742,11.224707,24.6,2.96
T15,GL-3464,2026-03-14 20:48:00,7.599151,11.224803,35.1,3.46
T15,GL-3464,2026-03-14 20:49:00,7.599953,11.224749,37.0,4.75
T15,GL-3464,2026-03-14 20:50:00,7.600318,11.225319,15.1,4.64
T15,GL-3464,2026-03-14 20:51:00,7.601116,11.225782,29.8,5.46
T15,GL-3464,2026-03-14 20:52:00,7.6018,11.225777,33.3,4.27
T15,GL-3464,2026-03-14 20:53:00,7.602353,11.226486,26.9,3.15
T15,GL-3464,2026-03-14 20:54:00,7.602861,11.226575,26.6,3.8
T15,GL-3464,2026-03-14 20:55:00,7.603586,11.226614,43.1,3.92
T15,GL-3464,2026-03-14 20:56:00,7.604299,11.227086,53.5,3.38
T15,GL-3464,2026-03-14 20:57:00,7.605061,11.22705,50.5,5.08
T15,GL-3464,2026-03-14 20:58:00,7.605732,11.227442,,5.56
T15,GL-3464,2026-03-14 20:59:00,7.606053,11.227404,15.5,5.22
T15,GL-3464,2026-03-14 21:00:00,7.606405,11.227747,48.3,5.27
T15,GL-3464,2026-03-14 21:01:00,7.607461,11.227841,44.2,3.16
T15,GL-3464,2026-03-14 21:02:00,7.608301,11.228331,50.2,5.56
T15,GL-3464,2026-03-14 21:03:00,7.608402,11.22836,49.3,2.98
T15,GL-3464,2026-03-14 21:04:00,7.609386,11.228571,29.6,4.98
T15,GL-3464,2026-03-14 21:05:00,7.609877,11.229144,52.1,4.12
T15,GL-3464,2026-03-14 21:06:00,7.610041,11.22896,16.2,4.66
T15,GL-3464,2026-03-14 21:07:00,7.611052,11.229884,35.4,4.52
T15,GL-3464,2026-03-14 21:08:00,7.611992,11.229194,37.3,5.15
T15,GL-3464,2026-03-14 21:09:00,7.612407,11.229404,37.8,3.04
T15,GL-3464,2026-03-14 21:10:00,7.613218,11.230244,54.5,4.45
T15,GL-3464,2026-03-14 21:11:00,7.613538,11.230246,33.4,4.49
T15,GL-3464,2026-03-14 21:12:00,7.613965,11.230293,34.6,5.1
T15,GL-3464,2026-03-14 21:13:00,7.614607,11.23087,28.2,2.89
T15,GL-3464,2026-03-14 21:14:00,7.615293,11.230746,55.1,4.48
T15,GL-3464,2026-03-14 21:15:00,7.616171,11.231112,36.5,2.88
T15,GL-3464,2026-03-14 21:16:00,7.616213,11.231763,48.0,3.11
T15,GL-3464,2026-03-14 21:17:00,7.617512,11.231655,22.6,4.37
T15,GL-3464,2026-03-14 21:18:00,7.61799,11.231547,41.0,5.45
T15,GL-3464,2026-03-14 21:19:00,7.618737,11.232297,32.8,2.92
T15,GL-3464,2026-03-14 21:20:00,7.619622,11.232219,33.6,4.62
T15,GL-3464,2026-03-14 21:21:00,7.61995,11.232427,50.0,4.48
T15,GL-3464,2026-03-14 21:22:00,7.620745,11.232576,25.9,3.29
T15,GL-3464,2026-03-14 21:23:00,7.62102,11.232367,56.3,2.98
T15,GL-3464,2026-03-14 21:24:00,7.621976,11.233304,46.8,3.99
T15,GL-3464,2026-03-14 21:25:00,7.622473,11.233663,49.8,3.34
T15,GL-3464,2026-03-14 21:26:00,7.622145,11.2338,44.4,3.68
T15,GL-3464,2026-03-14 21:27:00,7.623546,11.233777,31.6,5.35
T15,GL-3464,2026-03-14 21:28:00,7.624176,11.234523,31.6,5.51
T15,GL-3464,2026-03-14 21:29:00,7.624653,11.234788,38.7,3.16
T15,GL-3464,2026-03-14 21:30:00,7.625621,11.234443,41.4,3.31
T15,GL-3464,2026-03-14 21:31:00,7.62584,11.234897,31.5,5.38
T15,GL-3464,2026-03-14 21:32:00,7.626533,11.234756,25.5,5.16
T15,GL-3464,2026-03-14 21:33:00,7.627043,11.235445,42.8,4.89
T15,GL-3464,2026-03-14 21:34:00,7.627527,11.235423,53.2,3.19
T15,GL-3464,2026-03-14 21:35:00,7.62833,11.236046,21.5,4.2
T15,GL-3464,2026-03-14 21:36:00,7.628995,11.236425,41.4,3.44
T15,GL-3464,2026-03-14 21:37:00,7.629776,11.236563,43.4,3.06
T15,GL-3464,2026-03-14 21:38:00,7.630202,11.236327,44.3,4.17
T15,GL-3464,2026-03-14 21:39:00,7.630634,11.236695,28.4,4.1
T15,GL-3464,2026-03-14 21:40:00,7.631788,11.23711,47.8,4.59
T15,GL-3464,2026-03-14 21:41:00,7.632232,11.237105,29.0,5.21
T15,GL-3464,2026-03-14 21:42:00,7.633044,11.237098,45.8,4.61
T15,GL-3464,2026-03-14 21:43:00,7.633467,11.237221,23.9,3.37
T15,GL-3464,2026-03-14 21:44:00,7.63426,11.237669,41.8,3.22
T15,GL-3464,2026-03-14 21:45:00,7.634703,11.238344,52.8,3.83
T15,GL-3464,2026-03-14 21:46:00,7.635293,11.238069,21.2,3.65
T15,GL-3464,2026-03-14 21:47:00,7.635608,11.238474,35.0,4.83
T15,GL-3464,2026-03-14 21:48:00,7.636775,11.23867,55.4,4.84
T15,GL-3464,2026-03-14 21:49:00,7.637237,11.23914,25.9,4.31
T15,GL-3464,2026-03-14 21:50:00,7.637953,11.239203,46.1,4.39
T15,GL-3464,2026-03-14 21:51:00,7.638707,11.239266,57.5,5.21
T15,GL-3464,2026-03-14 21:52:00,7.639013,11.239554,31.2,2.83
T15,GL-3464,2026-03-14 21:53:00,7.639993,11.240426,14.4,5.4
T15,GL-3464,2026-03-14 21:54:00,7.64054,11.240255,55.0,3.96
T15,GL-3464,2026-03-14 21:55:00,7.641052,11.240658,28.5,4.04
T15,GL-3464,2026-03-14 21:56:00,7.641469,11.240235,32.3,0.29
T15,GL-3464,2026-03-14 21:57:00,7.640754,11.240459,16.2,0.84
T15,GL-3464,2026-03-14 21:58:00,8.087611,11.240121,20.9,243.25
T15,GL-3464,2026-03-14 21:59:00,7.641557,11.240325,26.0,0.49
T15,GL-3464,2026-03-14 22:00:00,7.640937,11.240438,26.3,0.45
T15,GL-3464,2026-03-14 22:01:00,7.640969,11.240346,49.6,0.1
T15,GL-3464,2026-03-14 22:02:00,7.640928,11.240038,50.3,0.84
T15,GL-3464,2026-03-14 22:03:00,7.641171,11.240184,29.5,0.23
T15,GL-3464,2026-03-14 22:04:00,7.641542,11.240452,41.0,0.33
T15,GL-3464,2026-03-14 22:05:00,7.641365,11.240293,,0.58
T15,GL-3464,2026-03-14 22:06:00,7.641038,11.240289,27.1,0.87
T15,GL-3464,2026-03-14 22:07:00,7.641242,11.241083,55.6,0.27
T15,GL-3464,2026-03-14 22:08:00,7.641051,11.240429,,0.27
T15,GL-3464,2026-03-14 22:09:00,7.641443,11.240157,15.2,0.24
T15,GL-3464,2026-03-14 22:10:00,7.640715,11.240393,30.3,0.5
T15,GL-3464,2026-03-14 22:11:00,7.641312,11.240242,51.9,0.43
T15,GL-3464,2026-03-14 22:12:00,7.640887,11.240814,36.6,0.65
T15,GL-3464,2026-03-14 22:13:00,7.640914,11.23996,43.9,0.89
T15,GL-3464,2026-03-14 22:14:00,7.641076,11.239978,37.6,0.38
T15,GL-3464,2026-03-14 22:15:00,7.640643,11.240503,45.9,0.51
T15,GL-3464,2026-03-14 22:16:00,7.640668,11.240134,44.5,0.35
T15,GL-3464,2026-03-14 22:17:00,7.640811,11.240197,18.8,0.41
T15,GL-3464,2026-03-14 22:18:00,7.640831,11.240686,33.0,0.53
T15,GL-3464,2026-03-14 22:19:00,7.641283,11.240732,41.8,0.41
T15,GL-3464,2026-03-14 22:20:00,7.640766,11.240829,53.2,0.59
T15,GL-3464,2026-03-14 22:21:00,7.641572,11.240114,57.8,0.21
T15,GL-3464,2026-03-14 22:22:00,7.640891,11.239551,15.1,0.08
T15,GL-3464,2026-03-14 22:23:00,7.641184,11.240891,48.7,0.04
T15,GL-3464,2026-03-14 22:24:00,7.64134,11.240066,27.9,0.54
T15,GL-3464,2026-03-14 22:25:00,7.640636,11.239845,51.7,0.62
T15,GL-3464,2026-03-14 22:26:00,7.640616,11.240375,46.9,0.65
T15,GL-3464,2026-03-14 22:27:00,7.639933,11.240072,53.8,3.31
T15,GL-3464,2026-03-14 22:28:00,7.640138,11.239754,27.3,3.33
T15,GL-3464,2026-03-14 22:29:00,7.639048,11.23936,24.0,5.39
T15,GL-3464,2026-03-14 22:30:00,7.638421,11.239087,18.8,4.05
T15,GL-3464,2026-03-14 22:31:00,7.637864,11.238356,18.3,4.05
T15,GL-3464,2026-03-14 22:32:00,7.637219,11.238438,57.5,5.01
T15,GL-3464,2026-03-14 22:33:00,7.637042,11.237903,24.4,4.17
T15,GL-3464,2026-03-14 22:34:00,7.63551,11.237691,37.9,4.29
T15,GL-3464,2026-03-14 22:35:00,7.635171,11.236912,,5.16
T15,GL-3464,2026-03-14 22:36:00,7.634777,11.236488,30.6,5.54
T15,GL-3464,2026-03-14 22:37:00,7.233236,11.236409,38.9,443.57
T15,GL-3464,2026-03-14 22:38:00,7.633203,11.236016,19.0,3.64
T15,GL-3464,2026-03-14 22:39:00,7.632424,11.235919,41.6,5.38
T15,GL-3464,2026-03-14 22:40:00,7.631575,11.23548,57.9,3.02
T15,GL-3464,2026-03-14 22:41:00,7.631185,11.235342,50.1,4.04
T15,GL-3464,2026-03-14 22:42:00,7.630675,11.235401,42.4,4.22
T15,GL-3464,2026-03-14 22:43:00,7.6299,11.234697,20.3,3.86
T15,GL-3464,2026-03-14 22:44:00,7.629164,11.234416,32.3,3.39
T15,GL-3464,2026-03-14 22:45:00,7.628605,11.233752,39.9,3.88
T15,GL-3464,2026-03-14 22:46:00,7.627982,11.233471,36.0,4.75
T15,GL-3464,2026-03-14 22:47:00,7.627147,11.233347,41.1,4.34
T15,GL-3464,2026-03-14 22:48:00,7.62647,11.232597,42.5,3.05
T15,GL-3464,2026-03-14 22:49:00,7.626033,11.232849,22.3,4.9
T15,GL-3464,2026-03-14 22:50:00,7.625566,11.23272,16.5,2.91
T15,GL-3464,2026-03-14 22:51:00,7.624738,11.231972,14.2,5.47
T15,GL-3464,2026-03-14 22:52:00,7.623988,11.231584,32.6,5.38
T15,GL-3464,2026-03-14 22:53:00,7.623823,11.230934,54.0,4.88
T15,GL-3464,2026-03-14 22:54:00,7.622772,11.230858,29.0,2.85
T15,GL-3464,2026-03-14 22:55:00,7.622204,11.230409,40.0,3.77
T15,GL-3464,2026-03-14 22:56:00,7.621451,11.230202,41.0,5.51
T15,GL-3464,2026-03-14 22:57:00,7.620751,11.23003,16.7,5.29
T15,GL-3464,2026-03-14 22:58:00,7.619845,11.229723,25.7,5.53
T15,GL-3464,2026-03-14 22:59:00,7.619326,11.229059,22.0,5.09
T15,GL-3464,2026-03-14 23:00:00,7.618816,11.228876,41.0,3.95
T15,GL-3464,2026-03-14 23:01:00,7.618104,11.228628,27.8,3.91
T15,GL-3464,2026-03-14 23:02:00,7.617408,11.228287,24.6,5.53
T15,GL-3464,2026-03-14 23:03:00,7.617186,11.228135,41.7,3.81
T15,GL-3464,2026-03-14 23:04:00,7.615914,11.227608,40.6,3.11
T15,GL-3464,2026-03-14 23:05:00,7.615545,11.227474,56.7,5.04
T15,GL-3464,2026-03-14 23:06:00,7.614767,11.227009,19.7,3.82
T15,GL-3464,2026-03-14 23:07:00,7.614313,11.226276,26.7,3.51
T15,GL-3464,2026-03-14 23:08:00,7.613656,11.22615,14.5,4.73
T15,GL-3464,2026-03-14 23:09:00,7.612794,11.226263,33.8,3.21
T15,GL-3464,2026-03-14 23:10:00,7.612295,11.225577,19.1,2.87
T15,GL-3464,2026-03-14 23:11:00,7.611563,11.225283,,3.43
T15,GL-3464,2026-03-14 23:12:00,7.610886,11.22479,17.3,4.7
T15,GL-3464,2026-03-14 23:13:00,7.610535,11.224665,20.1,4.95
T15,GL-3464,2026-03-14 23:14:00,7.609788,11.224132,41.3,3.91
T15,GL-3464,2026-03-14 23:15:00,7.60927,11.224383,14.6,4.45
T15,GL-3464,2026-03-14 23:16:00,7.608349,11.22321,15.4,2.94
T15,GL-3464,2026-03-14 23:17:00,7.607511,11.223352,31.5,4.31
T15,GL-3464,2026-03-14 23:18:00,7.60717,11.22248,44.1,4.6
T15,GL-3464,2026-03-14 23:19:00,7.606186,11.222414,39.8,4.1
T15,GL-3464,2026-03-14 23:20:00,7.606006,11.222742,32.1,2.83
T15,GL-3464,2026-03-14 23:21:00,7.60503,11.221845,40.3,4.47
T15,GL-3464,2026-03-14 23:22:00,7.604284,11.221292,33.1,3.8
T15,GL-3464,2026-03-14 23:23:00,7.603946,11.221255,30.7,3.92
T15,GL-3464,2026-03-14 23:24:00,7.603297,11.220936,31.7,3.24
T15,GL-3464,2026-03-14 23:25:00,7.60273,11.220197,39.8,4.57
T15,GL-3464,2026-03-14 23:26:00,7.601667,11.220058,38.8,3.23
T15,GL-3464,2026-03-14 23:27:00,7.60124,11.219753,31.7,5.08
T15,GL-3464,2026-03-14 23:28:00,7.600746,11.21992,22.3,3.85
T15,GL-3464,2026-03-14 23:29:00,7.600075,11.218768,39.6,3.94
T15,GL-3464,2026-03-14 23:30:00,7.598965,11.218512,14.8,3.85
T15,GL-3464,2026-03-14 23:31:00,7.598605,11.218992,37.3,3.01
T15,GL-3464,2026-03-14 23:32:00,7.597744,11.217839,23.8,3.64
T15,GL-3464,2026-03-14 23:33:00,7.597257,11.217808,26.2,2.86
T15,GL-3464,2026-03-14 23:34:00,7.596805,11.217352,56.7,5.15
T15,GL-3464,2026-03-14 23:35:00,7.595793,11.217068,42.8,4.74
T15,GL-3464,2026-03-14 23:36:00,7.595485,11.216608,36.0,3.92
T15,GL-3464,2026-03-14 23:37:00,7.594653,11.216533,51.0,4.28
T15,GL-3464,2026-03-14 23:38:00,7.594381,11.21631,35.8,4.81
T15,GL-3464,2026-03-14 23:39:00,7.593358,11.215928,20.1,4.61
T15,GL-3464,2026-03-14 23:40:00,7.592522,11.215584,17.0,2.91
T15,GL-3464,2026-03-14 23:41:00,7.592201,11.215026,42.6,3.46
T15,GL-3464,2026-03-14 23:42:00,7.591544,11.214705,15.3,4.14
T15,GL-3464,2026-03-14 23:43:00,7.590948,11.214907,36.8,5.13
T15,GL-3464,2026-03-14 23:44:00,7.589894,11.214391,20.3,4.56
T15,GL-3464,2026-03-14 23:45:00,7.589353,11.213642,53.7,4.8
T15,GL-3464,2026-03-14 23:46:00,7.588999,11.213433,22.9,4.12
T15,GL-3464,2026-03-14 23:47:00,7.58795,11.213094,57.0,5.21
T15,GL-3464,2026-03-14 23:48:00,7.58783,11.212687,26.6,3.83
T15,GL-3464,2026-03-14 23:49:00,7.587041,11.212486,42.3,4.56
T15,GL-3464,2026-03-14 23:50:00,7.563109,11.211812,15.9,338.48
T15,GL-3464,2026-03-14 23:51:00,7.585159,11.212013,23.4,4.49
T15,GL-3464,2026-03-14 23:52:00,7.585029,11.211726,54.6,3.34
T15,GL-3464,2026-03-14 23:53:00,7.584156,11.21088,30.7,2.87
T15,GL-3464,2026-03-14 23:54:00,7.5833,11.210748,56.7,4.25
T15,GL-3464,2026-03-14 23:55:00,7.5831,11.209822,41.6,3.44
T15,GL-3464,2026-03-14 23:56:00,7.582418,11.210184,23.9,4.87
T15,GL-3464,2026-03-14 23:57:00,7.5817,11.209682,39.5,4.9
T15,GL-3464,2026-03-14 23:58:00,7.581052,11.209487,53.9,4.6
T15,GL-3464,2026-03-14 23:59:00,7.580165,11.208745,50.8,3.13
T15,GL-3464,2026-03-15 00:00:00,7.579814,11.208574,21.7,5.45
T15,GL-3464,2026-03-15 00:01:00,7.57924,11.208375,51.7,4.37
T15,GL-3464,2026-03-15 00:02:00,7.578499,11.208089,18.7,4.16
T15,GL-3464,2026-03-15 00:03:00,7.577677,11.207304,24.2,5.18
T15,GL-3464,2026-03-15 00:04:00,7.57743,11.20742,22.1,4.66
T15,GL-3464,2026-03-15 00:05:00,7.576565,11.206687,15.1,4.41
T15,GL-3464,2026-03-15 00:06:00,7.575185,11.206193,35.7,2.86
T15,GL-3464,2026-03-15 00:07:00,7.575145,11.206378,22.3,4.74
T15,GL-3464,2026-03-15 00:08:00,7.574356,11.205884,53.8,4.66
T15,GL-3464,2026-03-15 00:09:00,7.573971,11.205793,40.1,2.89
T15,GL-3464,2026-03-15 00:10:00,7.573109,11.205454,40.1,4.6
T15,GL-3464,2026-03-15 00:11:00,7.572301,11.204752,23.8,5.09
T15,GL-3464,2026-03-15 00:12:00,7.571736,11.204208,57.1,5.57
T15,GL-3464,2026-03-15 00:13:00,7.571203,11.204307,14.2,4.02
T15,GL-3464,2026-03-15 00:14:00,7.57059,11.20403,19.1,4.21
T15,GL-3464,2026-03-15 00:15:00,7.569467,11.203348,49.3,3.61
T15,GL-3464,2026-03-15 00:16:00,7.568904,11.203364,45.3,3.22
T15,GL-3464,2026-03-15 00:17:00,7.568422,11.202914,37.1,2.82
T15,GL-3464,2026-03-15 00:18:00,7.568039,11.202698,36.2,4.46
T15,GL-3464,2026-03-15 00:19:00,7.567071,11.202112,41.0,5.55
T15,GL-3464,2026-03-15 00:20:00,7.566569,11.201863,54.2,3.51
T15,GL-3464,2026-03-15 00:21:00,7.566164,11.201649,,3.53
T15,GL-3464,2026-03-15 00:22:00,7.564939,11.201531,32.2,3.24
T15,GL-3464,2026-03-15 00:23:00,7.564451,11.200924,26.6,3.4
T15,GL-3464,2026-03-15 00:24:00,7.563903,11.200288,15.5,3.82
T15,GL-3464,2026-03-15 00:25:00,7.563355,11.199965,57.4,2.87
T15,GL-3464,2026-03-15 00:26:00,7.562397,11.200123,51.0,3.19
T15,GL-3464,2026-03-15 00:27:00,7.56205,11.199415,42.8,3.46
T15,GL-3464,2026-03-15 00:28:00,7.561387,11.199142,26.1,5.27
T15,GL-3464,2026-03-15 00:29:00,7.56062,11.19873,28.2,3.85
T15,GL-3464,2026-03-15 00:30:00,7.560053,11.199223,50.9,3.39
T15,GL-3464,2026-03-15 00:31:00,7.559149,11.197916,40.5,4.18
T15,GL-3464,2026-03-15 00:32:00,7.558289,11.197706,30.1,5.18
T15,GL-3464,2026-03-15 00:33:00,7.557985,11.197435,35.1,4.45
T15,GL-3464,2026-03-15 00:34:00,7.557424,11.19713,56.4,5.47
T15,GL-3464,2026-03-15 00:35:00,7.556515,11.196811,56.9,3.06
T15,GL-3464,2026-03-15 00:36:00,7.555864,11.196654,16.2,2.82
T15,GL-3464,2026-03-15 00:37:00,7.555595,11.195861,27.2,3.41
T15,GL-3464,2026-03-15 00:38:00,7.554958,11.195993,15.1,5.42
T15,GL-3464,2026-03-15 00:39:00,7.553957,11.19532,47.4,4.81
T15,GL-3464,2026-03-15 00:40:00,7.552919,11.195153,55.7,3.91
T15,GL-3464,2026-03-15 00:41:00,7.552352,11.194992,15.3,3.22
T15,GL-3464,2026-03-15 00:42:00,7.55241,11.194709,45.5,5.47
T15,GL-3464,2026-03-15 00:43:00,7.55181,11.193837,40.0,3.78
T15,GL-3464,2026-03-15 00:44:00,7.550835,11.193619,40.6,3.23
T15,GL-3464,2026-03-15 00:45:00,7.550133,11.193487,51.2,3.14
T15,GL-3464,2026-03-15 00:46:00,7.549746,11.192875,54.5,4.66
T15,GL-3464,2026-03-15 00:47:00,7.548804,11.192782,42.9,2.8
T15,GL-3464,2026-03-15 00:48:00,7.548344,11.192286,36.6,4.31
T15,GL-3464,2026-03-15 00:49:00,7.547347,11.191808,50.0,3.65
T15,GL-3464,2026-03-15 00:50:00,7.546682,11.191892,,3.61
T15,GL-3464,2026-03-15 00:51:00,7.5458,11.191615,30.7,5.51
T15,GL-3464,2026-03-15 00:52:00,7.545735,11.190893,40.5,5.28
T15,GL-3464,2026-03-15 00:53:00,7.545496,11.190687,54.2,3.38
T15,GL-3464,2026-03-15 00:54:00,7.544244,11.190439,36.2,3.5
T15,GL-3464,2026-03-15 00:55:00,7.543633,11.190002,50.6,3.06
T15,GL-3464,2026-03-15 00:56:00,7.542975,11.189812,16.5,4.92
T15,GL-3464,2026-03-15 00:57:00,7.54235,11.189432,53.1,3.23
T15,GL-3464,2026-03-15 00:58:00,7.541644,11.188992,18.3,4.67
T15,GL-3464,2026-03-15 00:59:00,7.540683,11.188601,25.9,3.22
T15,GL-3464,2026-03-15 01:00:00,7.54019,11.188371,53.4,4.06
T15,GL-3464,2026-03-15 01:01:00,7.539448,11.188182,22.3,5.04
T15,GL-3464,2026-03-15 01:02:00,7.539303,11.187459,28.2,3.85
T15,GL-3464,2026-03-15 01:03:00,7.538681,11.187306,55.4,3.67
T15,GL-3464,2026-03-15 01:04:00,7.538175,11.187026,24.1,5.55
T15,GL-3464,2026-03-15 01:05:00,7.537159,11.18676,33.4,3.35
T15,GL-3464,2026-03-15 01:06:00,7.536357,11.186469,54.3,3.86
T15,GL-3464,2026-03-15 01:07:00,7.535702,11.1862,56.9,3.76
T15,GL-3464,2026-03-15 01:08:00,7.534837,11.185652,35.5,2.98
T15,GL-3464,2026-03-15 01:09:00,7.534168,11.185194,20.4,3.71
T15,GL-3464,2026-03-15 01:10:00,7.533914,11.185385,15.6,4.66
T15,GL-3464,2026-03-15 01:11:00,7.533735,11.184606,50.8,4.0
T15,GL-3464,2026-03-15 01:12:00,7.532812,11.184314,33.4,3.68
T15,GL-3464,2026-03-15 01:13:00,7.532254,11.183964,55.9,3.51
T15,GL-3464,2026-03-15 01:14:00,7.531084,11.183657,54.6,3.09
T15,GL-3464,2026-03-15 01:15:00,7.530519,11.183369,53.8,4.5
T15,GL-3464,2026-03-15 01:16:00,7.529962,11.182903,38.4,3.15
T15,GL-3464,2026-03-15 01:17:00,7.529419,11.182656,38.8,3.16
T15,GL-3464,2026-03-15 01:18:00,7.528448,11.18229,39.7,3.99
T15,GL-3464,2026-03-15 01:19:00,7.52754,11.182085,23.6,3.16
T15,GL-3464,2026-03-15 01:20:00,7.527431,11.181741,39.3,3.77
T15,GL-3464,2026-03-15 01:21:00,7.526564,11.18128,31.7,3.01
T15,GL-3464,2026-03-15 01:22:00,7.526252,11.181234,30.7,0.17
T15,GL-3464,2026-03-15 01:23:00,7.526519,11.180583,50.4,0.49
T15,GL-3464,2026-03-15 01:24:00,7.526598,11.180339,23.4,0.42
T15,GL-3464,2026-03-15 01:25:00,7.526902,11.181076,24.5,0.5
T15,GL-3464,2026-03-15 01:26:00,7.525944,11.181756,40.8,0.11
T15,GL-3464,2026-03-15 01:27:00,7.526709,11.181117,50.7,0.68
T15,GL-3464,2026-03-15 01:28:00,7.526524,11.181244,32.6,0.35
T15,GL-3464,2026-03-15 01:29:00,7.526349,11.181474,51.7,0.34
T15,GL-3464,2026-03-15 01:30:00,7.526588,11.18154,36.2,0.25
T15,GL-3464,2026-03-15 01:31:00,7.52694,11.181521,19.1,0.18
T15,GL-3464,2026-03-15 01:32:00,7.526741,11.181466,38.8,0.16
T15,GL-3464,2026-03-15 01:33:00,7.526614,11.181345,36.9,0.24
T15,GL-3464,2026-03-15 01:34:00,7.526672,11.181061,37.7,0.48
T15,GL-3464,2026-03-15 01:35:00,7.526678,11.181187,51.4,0.47
T15,GL-3464,2026-03-15 01:36:00,7.526285,11.181567,22.8,0.32
T15,GL-3464,2026-03-15 01:37:00,7.526496,11.181383,51.7,0.88
T15,GL-3464,2026-03-15 01:38:00,7.527525,11.181098,32.7,0.57
T15,GL-3464,2026-03-15 01:39:00,7.527267,11.18157,51.0,0.62
T15,GL-3464,2026-03-15 01:40:00,7.526873,11.181426,51.9,0.54
T15,GL-3464,2026-03-15 01:41:00,7.526338,11.181408,21.2,0.51
T15,GL-3464,2026-03-15 01:42:00,7.526474,11.180913,25.8,0.88
T15,GL-3464,2026-03-15 01:43:00,7.527121,11.181315,21.9,0.62
T15,GL-3464,2026-03-15 01:44:00,7.526266,11.181228,36.7,0.45
T15,GL-3464,2026-03-15 01:45:00,7.527096,11.181673,32.3,4.13
T15,GL-3464,2026-03-15 01:46:00,7.527746,11.18164,55.6,4.94
T15,GL-3464,2026-03-15 01:47:00,7.528086,11.182113,22.7,4.94
T15,GL-3464,2026-03-15 01:48:00,7.528501,11.181954,49.4,5.01
T15,GL-3464,2026-03-15 01:49:00,7.528922,11.182372,31.5,4.58
T15,GL-3464,2026-03-15 01:50:00,7.530191,11.182856,17.3,5.59
T15,GL-3464,2026-03-15 01:51:00,7.529988,11.183144,47.2,2.99
T15,GL-3464,2026-03-15 01:52:00,7.530565,11.183559,17.9,4.17
T15,GL-3464,2026-03-15 01:53:00,7.530803,11.18357,31.0,4.59
T15,GL-3464,2026-03-15 01:54:00,7.531501,11.183796,47.6,5.17
T15,GL-3464,2026-03-15 01:55:00,7.532258,11.184096,40.4,5.52
T15,GL-3464,2026-03-15 01:56:00,7.532004,11.184287,15.9,2.85
T15,GL-3464,2026-03-15 01:57:00,7.533264,11.184668,54.3,5.05
T15,GL-3464,2026-03-15 01:58:00,7.533058,11.185316,23.8,4.67
T15,GL-3464,2026-03-15 01:59:00,7.533771,11.185318,21.1,3.9
T15,GL-3464,2026-03-15 02:00:00,7.534347,11.185646,51.3,3.99
T15,GL-3464,2026-03-15 02:01:00,7.535064,11.185791,27.6,3.71
T15,GL-3464,2026-03-15 02:02:00,7.535278,11.186503,34.5,5.47
T15,GL-3464,2026-03-15 02:03:00,7.535909,11.186164,30.1,5.36
T15,GL-3464,2026-03-15 02:04:00,7.536471,11.186626,44.1,3.86
T15,GL-3464,2026-03-15 02:05:00,7.536684,11.18649,25.7,5.53
T15,GL-3464,2026-03-15 02:06:00,7.537255,11.1875,40.4,2.86
T15,GL-3464,2026-03-15 02:07:00,7.537984,11.187336,22.3,5.6
T15,GL-3464,2026-03-15 02:08:00,7.538006,11.187674,34.6,3.24
T15,GL-3464,2026-03-15 02:09:00,7.538794,11.187626,19.9,4.58
T15,GL-3464,2026-03-15 02:10:00,7.538718,11.187684,33.3,3.68
T15,GL-3464,2026-03-15 02:11:00,7.539124,11.188365,53.1,3.44
T15,GL-3464,2026-03-15 02:12:00,7.539757,11.188927,48.4,4.89
T15,GL-3464,2026-03-15 02:13:00,7.540391,11.188757,34.4,3.29
T15,GL-3464,2026-03-15 02:14:00,7.540919,11.189028,30.6,4.68
T15,GL-3464,2026-03-15 02:15:00,7.54133,11.189383,16.1,3.17
T15,GL-3464,2026-03-15 02:16:00,7.542363,11.189531,50.2,3.74
T15,GL-3464,2026-03-15 02:17:00,7.542264,11.190144,16.7,3.62
T15,GL-3464,2026-03-15 02:18:00,7.542943,11.190288,30.3,5.48
T15,GL-3464,2026-03-15 02:19:00,7.543134,11.190235,19.7,3.74
T15,GL-3464,2026-03-15 02:20:00,7.544006,11.190668,46.3,4.9
T15,GL-3464,2026-03-15 02:21:00,7.544389,11.19079,28.7,5.57
T15,GL-3464,2026-03-15 02:22:00,7.545148,11.191213,41.4,5.22
T15,GL-3464,2026-03-15 02:23:00,7.545045,11.191523,38.7,4.8
T15,GL-3464,2026-03-15 02:24:00,7.545483,11.191835,,3.75
T15,GL-3464,2026-03-15 02:25:00,7.546407,11.191797,23.3,5.35
T15,GL-3464,2026-03-15 02:26:00,7.546737,11.192125,49.4,4.01
T15,GL-3464,2026-03-15 02:27:00,7.547834,11.192525,41.4,3.17
T15,GL-3464,2026-03-15 02:28:00,7.547915,11.193102,38.2,3.55
T15,GL-3464,2026-03-15 02:29:00,7.547991,11.193083,57.5,5.52
T15,GL-3464,2026-03-15 02:30:00,7.548339,11.193611,14.4,5.14
T15,GL-3464,2026-03-15 02:31:00,7.549123,11.194142,53.6,4.63
T15,GL-3464,2026-03-15 02:32:00,7.549719,11.193845,47.1,4.5
T15,GL-3464,2026-03-15 02:33:00,7.549831,11.194494,22.7,3.13
T15,GL-3464,2026-03-15 02:34:00,7.550425,11.194539,32.5,4.4
T15,GL-3464,2026-03-15 02:35:00,7.550927,11.195023,46.1,5.26
T15,GL-3464,2026-03-15 02:36:00,7.551651,11.195159,27.6,4.31
T15,GL-3464,2026-03-15 02:37:00,7.55205,11.19538,14.9,4.94
T15,GL-3464,2026-03-15 02:38:00,7.552174,11.195311,47.6,3.65
T15,GL-3464,2026-03-15 02:39:00,7.552567,11.196217,35.0,3.99
T15,GL-3464,2026-03-15 02:40:00,7.553091,11.19623,26.0,3.14
T15,GL-3464,2026-03-15 02:41:00,7.553891,11.196697,46.7,2.85
T15,GL-3464,2026-03-15 02:42:00,7.554572,11.196862,41.2,3.48
T15,GL-3464,2026-03-15 02:43:00,7.554758,11.196755,56.8,4.18
T15,GL-3464,2026-03-15 02:44:00,7.555438,11.197067,18.8,3.37
T15,GL-3464,2026-03-15 02:45:00,7.555926,11.197352,16.4,4.38
T15,GL-3464,2026-03-15 02:46:00,7.556338,11.197757,32.6,4.33
T15,GL-3464,2026-03-15 02:47:00,7.556798,11.197811,22.5,4.2
T15,GL-3464,2026-03-15 02:48:00,7.557277,11.198258,37.6,3.34
T15,GL-3464,2026-03-15 02:49:00,7.5577,11.198392,14.8,3.99
T15,GL-3464,2026-03-15 02:50:00,7.557961,11.198292,15.8,4.27
T15,GL-3464,2026-03-15 02:51:00,7.558947,11.199048,50.0,3.47
T15,GL-3464,2026-03-15 02:52:00,7.559395,11.199374,27.6,5.58
T15,GL-3464,2026-03-15 02:53:00,7.559827,11.199405,20.3,3.04
T15,GL-3464,2026-03-15 02:54:00,7.560297,11.199921,31.1,4.89
T15,GL-3464,2026-03-15 02:55:00,7.560249,11.200193,29.5,4.62
T15,GL-3464,2026-03-15 02:56:00,7.560928,11.200789,41.0,4.8
T15,GL-3464,2026-03-15 02:57:00,7.561504,11.200752,52.3,4.34
T15,GL-3464,2026-03-15 02:58:00,7.561942,11.201102,41.2,5.01
T15,GL-3464,2026-03-15 02:59:00,7.562142,11.200694,36.7,4.35
T15,GL-3464,2026-03-15 03:00:00,7.56273,11.201022,40.5,5.29
T15,GL-3464,2026-03-15 03:01:00,7.563145,11.201946,53.3,3.6
T15,GL-3464,2026-03-15 03:02:00,7.564131,11.201755,23.5,4.86
T15,GL-3464,2026-03-15 03:03:00,7.564364,11.202329,32.8,4.15
T15,GL-3464,2026-03-15 03:04:00,7.56481,11.202562,14.5,3.03
T15,GL-3464,2026-03-15 03:05:00,7.564933,11.202757,18.4,3.33
T15,GL-3464,2026-03-15 03:06:00,7.565773,11.203011,21.5,3.29
T15,GL-3464,2026-03-15 03:07:00,7.566701,11.202917,33.6,3.23
T15,GL-3464,2026-03-15 03:08:00,7.566932,11.203449,21.4,3.29
T15,GL-3464,2026-03-15 03:09:00,7.567332,11.203737,49.6,3.75
T15,GL-3464,2026-03-15 03:10:00,7.56756,11.203992,48.7,3.84
T15,GL-3464,2026-03-15 03:11:00,7.568178,11.204241,34.7,4.57
T15,GL-3464,2026-03-15 03:12:00,7.56839,11.20478,16.0,3.55
T15,GL-3464,2026-03-15 03:13:00,7.569336,11.204644,30.5,4.95
T15,GL-3464,2026-03-15 03:14:00,7.569378,11.204568,42.7,4.06
T15,GL-3464,2026-03-15 03:15:00,7.570204,11.205328,22.2,5.04
T15,GL-3464,2026-03-15 03:16:00,7.570593,11.206145,53.0,3.68
T15,GL-3464,2026-03-15 03:17:00,7.571068,11.206345,30.8,4.6
T15,GL-3464,2026-03-15 03:18:00,7.571448,11.205679,22.3,4.59
T15,GL-3464,2026-03-15 03:19:00,7.571882,11.20632,32.5,3.87
T15,GL-3464,2026-03-15 03:20:00,7.572334,11.206759,54.3,2.98
T15,GL-3464,2026-03-15 03:21:00,7.573233,11.206592,42.0,4.71
T15,GL-3464,2026-03-15 03:22:00,7.573544,11.207221,20.4,3.65
T15,GL-3464,2026-03-15 03:23:00,7.57397,11.207818,48.8,4.88
T15,GL-3464,2026-03-15 03:24:00,7.574475,11.20787,54.5,4.61
T15,GL-3464,2026-03-15 03:25:00,7.574926,11.207997,46.8,4.66
T15,GL-3464,2026-03-15 03:26:00,7.575017,11.208332,30.7,5.23
T15,GL-3464,2026-03-15 03:27:00,7.575915,11.208419,26.9,5.22
T15,GL-3464,2026-03-15 03:28:00,7.576452,11.209175,51.9,3.9
T15,GL-3464,2026-03-15 03:29:00,7.576808,11.209401,20.8,4.43
T15,GL-3464,2026-03-15 03:30:00,7.577211,11.209287,25.4,5.59
T15,GL-3464,2026-03-15 03:31:00,7.577706,11.209717,19.6,3.69
T15,GL-3464,2026-03-15 03:32:00,7.578172,11.21002,17.4,5.03
T15,GL-3464,2026-03-15 03:33:00,7.578718,11.210079,36.8,3.16
T15,GL-3464,2026-03-15 03:34:00,7.579156,11.210117,44.3,5.14
T15,GL-3464,2026-03-15 03:35:00,7.579648,11.211037,44.7,3.63
T15,GL-3464,2026-03-15 03:36:00,7.580046,11.211138,28.7,3.21
T15,GL-3464,2026-03-15 03:37:00,7.580674,11.211247,24.1,3.19
T15,GL-3464,2026-03-15 03:38:00,7.581091,11.21163,20.5,4.68
T15,GL-3464,2026-03-15 03:39:00,7.581783,11.211634,43.3,3.33
T15,GL-3464,2026-03-15 03:40:00,7.58213,11.21168,33.5,4.43
T15,GL-3464,2026-03-15 03:41:00,7.5297,11.212198,19.3,456.89
T15,GL-3464,2026-03-15 03:42:00,7.582966,11.212429,14.9,5.25
T15,GL-3464,2026-03-15 03:43:00,7.583826,11.212664,32.6,5.18
T15,GL-3464,2026-03-15 03:44:00,7.584506,11.213064,50.4,5.52
T15,GL-3464,2026-03-15 03:45:00,7.584147,11.212828,35.8,5.0
T15,GL-3464,2026-03-15 03:46:00,7.584856,11.213535,57.8,4.32
T15,GL-3464,2026-03-15 03:47:00,7.585335,11.213936,49.6,3.23
T15,GL-3464,2026-03-15 03:48:00,7.586233,11.213855,56.2,4.27
T15,GL-3464,2026-03-15 03:49:00,7.586209,11.214333,20.0,4.61
T15,GL-3464,2026-03-15 03:50:00,7.586706,11.214401,20.6,4.41
T15,GL-3464,2026-03-15 03:51:00,7.587444,11.21482,35.8,5.41
T15,GL-3464,2026-03-15 03:52:00,7.588298,11.21533,44.3,4.76
T15,GL-3464,2026-03-15 03:53:00,7.588163,11.215372,57.3,4.97
T15,GL-3464,2026-03-15 03:54:00,7.588081,11.215548,34.1,5.37
T15,GL-3464,2026-03-15 03:55:00,7.589435,11.215829,44.1,3.88
T15,GL-3464,2026-03-15 03:56:00,7.589882,11.216054,17.9,4.53
T15,GL-3464,2026-03-15 03:57:00,7.590102,11.21658,15.6,4.34
T15,GL-3464,2026-03-15 03:58:00,7.590549,11.216929,29.4,3.19
T15,GL-3464,2026-03-15 03:59:00,7.591283,11.216837,46.7,3.26
T15,GL-3464,2026-03-15 04:00:00,7.591658,11.217187,44.2,5.31
T15,GL-3464,2026-03-15 04:01:00,7.592148,11.217843,29.6,5.43
T15,GL-3464,2026-03-15 04:02:00,7.592825,11.217666,35.0,3.35
T15,GL-3464,2026-03-15 04:03:00,7.593301,11.217962,23.0,3.74
T15,GL-3464,2026-03-15 04:04:00,7.59361,11.217914,18.7,3.43
T15,GL-3464,2026-03-15 04:05:00,7.593889,11.218701,39.5,4.67
T15,GL-3464,2026-03-15 04:06:00,7.594574,11.218717,38.4,4.74
T15,GL-3464,2026-03-15 04:07:00,7.595101,11.219392,40.6,3.77
T15,GL-3464,2026-03-15 04:08:00,7.595381,11.219298,,4.97
T15,GL-3464,2026-03-15 04:09:00,7.596003,11.219906,49.1,5.42
T15,GL-3464,2026-03-15 04:10:00,7.596071,11.220269,20.9,4.23
T15,GL-3464,2026-03-15 04:11:00,7.596994,11.220338,21.4,4.72
T15,GL-3464,2026-03-15 04:12:00,7.597332,11.220864,15.4,5.52
T15,GL-3464,2026-03-15 04:13:00,7.598554,11.2209,15.0,3.79
T15,GL-3464,2026-03-15 04:14:00,7.598536,11.220895,54.1,4.24
T15,GL-3464,2026-03-15 04:15:00,7.598993,11.221113,17.0,3.64
T15,GL-3464,2026-03-15 04:16:00,7.599321,11.221563,48.0,4.61
T15,GL-3464,2026-03-15 04:17:00,7.600113,11.221953,38.3,5.04
T15,GL-3464,2026-03-15 04:18:00,7.600662,11.22222,56.4,3.14
T15,GL-3464,2026-03-15 04:19:00,7.600478,11.222669,15.9,4.13
T15,GL-3464,2026-03-15 04:20:00,7.600961,11.222593,44.9,4.87
T15,GL-3464,2026-03-15 04:21:00,7.601646,11.222804,56.7,4.18
T15,GL-3464,2026-03-15 04:22:00,7.602422,11.223283,14.4,3.03
T15,GL-3464,2026-03-15 04:23:00,7.6027,11.223141,15.7,3.87
T15,GL-3464,2026-03-15 04:24:00,7.603065,11.223718,34.1,4.66
T15,GL-3464,2026-03-15 04:25:00,7.603373,11.223807,32.1,3.84
T15,GL-3464,2026-03-15 04:26:00,7.603912,11.224136,25.4,4.77
T15,GL-3464,2026-03-15 04:27:00,7.604378,11.224372,41.4,2.87
T15,GL-3464,2026-03-15 04:28:00,7.605166,11.224882,42.0,4.02
T15,GL-3464,2026-03-15 04:29:00,7.605462,11.22534,21.1,2.89
T15,GL-3464,2026-03-15 04:30:00,7.60639,11.224949,32.0,4.08
T15,GL-3464,2026-03-15 04:31:00,7.606179,11.225327,16.8,4.57
T15,GL-3464,2026-03-15 04:32:00,7.607019,11.225515,40.9,4.32
T15,GL-3464,2026-03-15 04:33:00,7.607268,11.22579,35.3,5.54
T15,GL-3464,2026-03-15 04:34:00,7.607672,11.22669,32.9,3.73
T15,GL-3464,2026-03-15 04:35:00,7.608091,11.226385,54.3,4.59
T15,GL-3464,2026-03-15 04:36:00,7.608909,11.226842,48.7,3.81
T15,GL-3464,2026-03-15 04:37:00,7.608617,11.227267,44.1,3.09
T15,GL-3464,2026-03-15 04:38:00,7.609978,11.227222,30.5,4.67
T15,GL-3464,2026-03-15 04:39:00,7.610057,11.22784,33.6,5.18
T15,GL-3464,2026-03-15 04:40:00,7.61048,11.228109,22.9,2.86
T15,GL-3464,2026-03-15 04:41:00,7.611325,11.227923,32.1,4.2
T15,GL-3464,2026-03-15 04:42:00,7.611732,11.228582,43.1,4.2
T15,GL-3464,2026-03-15 04:43:00,7.612055,11.228765,50.4,5.01
T15,GL-3464,2026-03-15 04:44:00,7.612341,11.228877,45.2,4.76
T15,GL-3464,2026-03-15 04:45:00,7.613266,11.229516,15.9,4.98
T15,GL-3464,2026-03-15 04:46:00,7.613835,11.229683,46.6,3.54
T15,GL-3464,2026-03-15 04:47:00,7.613982,11.229703,45.6,3.34
T15,GL-3464,2026-03-15 04:48:00,7.614297,11.229955,49.4,3.24
T15,GL-3464,2026-03-15 04:49:00,7.614817,11.230044,43.9,3.85
T15,GL-3464,2026-03-15 04:50:00,7.6155,11.230838,36.6,5.29
T15,GL-3464,2026-03-15 04:51:00,7.616001,11.230711,38.7,3.81
T15,GL-3464,2026-03-15 04:52:00,7.616945,11.230966,27.0,4.61
T15,GL-3464,2026-03-15 04:53:00,7.616665,11.231515,31.5,3.16
T15,GL-3464,2026-03-15 04:54:00,7.61774,11.231946,46.6,3.26
T15,GL-3464,2026-03-15 04:55:00,7.617859,11.231722,14.7,5.56
T15,GL-3464,2026-03-15 04:56:00,7.618521,11.232255,26.4,3.31
T15,GL-3464,2026-03-15 04:57:00,7.618946,11.232583,30.1,3.49
T15,GL-3464,2026-03-15 04:58:00,7.619105,11.232822,25.4,2.99
T15,GL-3464,2026-03-15 04:59:00,7.620007,11.233088,21.8,4.47
T15,GL-3464,2026-03-15 05:00:00,7.620657,11.233099,29.1,4.31
T15,GL-3464,2026-03-15 05:01:00,7.620324,11.23323,14.6,5.42
T15,GL-3464,2026-03-15 05:02:00,7.621251,11.233632,31.2,2.88
T15,GL-3464,2026-03-15 05:03:00,7.62187,11.233795,37.0,3.82
T15,GL-3464,2026-03-15 05:04:00,7.621949,11.234007,37.5,3.37
T15,GL-3464,2026-03-15 05:05:00,7.622411,11.234472,31.1,4.11
T15,GL-3464,2026-03-15 05:06:00,7.623087,11.234399,45.5,5.37
T15,GL-3464,2026-03-15 05:07:00,7.623298,11.235304,40.5,3.14
T15,GL-3464,2026-03-15 05:08:00,7.624127,11.235232,20.7,5.09
T15,GL-3464,2026-03-15 05:09:00,7.624484,11.235419,54.1,3.44
T15,GL-3464,2026-03-15 05:10:00,7.624807,11.235605,37.4,4.12
T15,GL-3464,2026-03-15 05:11:00,7.625587,11.2359,55.9,4.41
T15,GL-3464,2026-03-15 05:12:00,7.625842,11.236635,25.5,4.86
T15,GL-3464,2026-03-15 05:13:00,7.626386,11.236289,23.1,3.65
T15,GL-3464,2026-03-15 05:14:00,7.626997,11.23714,54.9,3.62
T15,GL-3464,2026-03-15 05:15:00,7.627242,11.237167,21.9,4.34
T15,GL-3464,2026-03-15 05:16:00,7.627575,11.237349,55.7,5.36
T15,GL-3464,2026-03-15 05:17:00,7.628147,11.237299,24.7,3.57
T15,GL-3464,2026-03-15 05:18:00,7.628978,11.237737,,4.19
T15,GL-3464,2026-03-15 05:19:00,7.629343,11.238161,25.3,4.43
T15,GL-3464,2026-03-15 05:20:00,7.629952,11.23821,52.8,4.33
T15,GL-3464,2026-03-15 05:21:00,7.63001,11.238862,42.7,4.55
T15,GL-3464,2026-03-15 05:22:00,7.630565,11.238841,,3.51
T15,GL-3464,2026-03-15 05:23:00,7.631425,11.23883,41.7,3.07
T15,GL-3464,2026-03-15 05:24:00,7.63193,11.23968,43.0,4.03
T15,GL-3464,2026-03-15 05:25:00,7.632278,11.240128,49.8,4.86
T15,GL-3464,2026-03-15 05:26:00,7.633024,11.239929,22.3,3.32
T15,GL-3464,2026-03-15 05:27:00,7.633158,11.24032,51.6,5.43
T15,GL-3464,2026-03-15 05:28:00,7.633227,11.240452,37.9,4.27
T15,GL-3464,2026-03-15 05:29:00,7.63403,11.240727,18.2,4.53
T15,GL-3464,2026-03-15 05:30:00,7.634469,11.241259,35.9,4.56
T15,GL-3464,2026-03-15 05:31:00,7.635119,11.24147,,3.24
T15,GL-3464,2026-03-15 05:32:00,7.635563,11.241715,43.7,4.45
T15,GL-3464,2026-03-15 05:33:00,7.635951,11.242118,34.1,3.29
T15,GL-3464,2026-03-15 05:34:00,7.636409,11.242081,49.8,4.22
T15,GL-3464,2026-03-15 05:35:00,7.637049,11.242505,40.2,2.96
T15,GL-3464,2026-03-15 05:36:00,7.637472,11.242811,17.6,4.08
T15,GL-3464,2026-03-15 05:37:00,7.637955,11.242858,23.8,5.01
T15,GL-3464,2026-03-15 05:38:00,7.638113,11.243227,37.4,5.02
T15,GL-3464,2026-03-15 05:39:00,7.638743,11.24379,32.2,5.5
T15,GL-3464,2026-03-15 05:40:00,7.63892,11.24389,49.1,3.53
T15,GL-3464,2026-03-15 05:41:00,7.639953,11.243883,19.6,3.98
T15,GL-3464,2026-03-15 05:42:00,7.640309,11.244062,51.6,3.68
T15,GL-3464,2026-03-15 05:43:00,7.640893,11.244409,29.4,3.6
T15,GL-3464,2026-03-15 05:44:00,7.641436,11.244819,51.8,3.31
T15,GL-3464,2026-03-15 05:45:00,7.64197,11.24464,33.1,3.26
T15,GL-3464,2026-03-15 05:46:00,7.642187,11.245534,47.1,4.67
T15,GL-3464,2026-03-15 05:47:00,7.642623,11.245626,25.4,2.8
T15,GL-3464,2026-03-15 05:48:00,7.643443,11.245925,15.7,3.47
T15,GL-3464,2026-03-15 05:49:00,7.643474,11.245945,39.8,4.04
T15,GL-3464,2026-03-15 05:50:00,7.643977,11.246398,21.0,4.4
T15,GL-3464,2026-03-15 05:51:00,7.644657,11.246511,23.2,5.55
T15,GL-3464,2026-03-15 05:52:00,7.645335,11.246967,43.5,3.81
T15,GL-3464,2026-03-15 05:53:00,7.645508,11.246898,31.9,5.54
T15,GL-3464,2026-03-15 05:54:00,7.64614,11.247699,44.3,4.6
T15,GL-3464,2026-03-15 05:55:00,7.646574,11.24799,48.0,4.85
T15,GL-3464,2026-03-15 05:56:00,7.647069,11.247814,39.0,4.11
T15,GL-3464,2026-03-15 05:57:00,7.64751,11.247891,15.6,5.52
T15,GL-3464,2026-03-15 05:58:00,7.648007,11.248944,57.9,5.55
T15,GL-3464,2026-03-15 05:59:00,7.647978,11.248464,24.4,3.45
T15,GL-3464,2026-03-15 06:00:00,7.648587,11.249054,34.0,5.05
T15,GL-3464,2026-03-15 06:01:00,7.649354,11.249406,,4.67
T15,GL-3464,2026-03-15 06:02:00,7.650078,11.249484,,2.97
T15,GL-3464,2026-03-15 06:03:00,7.650155,11.249779,44.1,5.04
T15,GL-3464,2026-03-15 06:04:00,7.650746,11.250112,22.9,2.86
T15,GL-3464,2026-03-15 06:05:00,7.651265,11.250468,38.1,5.51
T15,GL-3464,2026-03-15 06:06:00,7.651449,11.250392,57.0,3.22
T15,GL-3464,2026-03-15 06:07:00,7.652223,11.250927,15.5,3.04
T15,GL-3464,2026-03-15 06:08:00,7.652561,11.251238,18.7,5.24
T15,GL-3464,2026-03-15 06:09:00,7.65289,11.251545,31.8,4.05
T15,GL-3464,2026-03-15 06:10:00,7.654078,11.251494,28.2,4.89
T15,GL-3464,2026-03-15 06:11:00,7.654138,11.251876,47.4,4.2
T15,GL-3464,2026-03-15 06:12:00,7.654557,11.2523,23.8,2.8
T15,GL-3464,2026-03-15 06:13:00,7.655121,11.25215,51.5,4.61
T15,GL-3464,2026-03-15 06:14:00,7.655489,11.252352,55.5,3.52
T15,GL-3464,2026-03-15 06:15:00,7.655565,11.253045,27.1,3.69
T15,GL-3464,2026-03-15 06:16:00,7.656503,11.253173,38.8,4.84
T15,GL-3464,2026-03-15 06:17:00,7.656493,11.253377,46.7,3.63
T15,GL-3464,2026-03-15 06:18:00,7.657927,11.253834,22.0,5.05
T15,GL-3464,2026-03-15 06:19:00,7.962929,11.253864,29.4,178.07
T15,GL-3464,2026-03-15 06:20:00,7.658123,11.254468,45.2,2.81
T15,GL-3464,2026-03-15 06:21:00,7.658955,11.254539,21.8,4.39
T15,GL-3464,2026-03-15 06:22:00,7.659094,11.255165,36.6,4.95
T15,GL-3464,2026-03-15 06:23:00,7.65969,11.255224,14.6,4.03
T15,GL-3464,2026-03-15 06:24:00,7.660107,11.255277,24.4,3.56
T15,GL-3464,2026-03-15 06:25:00,7.661083,11.255911,28.7,3.29
T15,GL-3464,2026-03-15 06:26:00,7.661057,11.256445,42.9,3.32
T15,GL-3464,2026-03-15 06:27:00,7.661603,11.256368,57.3,5.54
T15,GL-3464,2026-03-15 06:28:00,7.662707,11.256724,41.5,4.35
T15,GL-3464,2026-03-15 06:29:00,7.66281,11.256713,56.8,3.03
T15,GL-3464,2026-03-15 06:30:00,7.663387,11.257001,18.3,4.94
T15,GL-3464,2026-03-15 06:31:00,7.663404,11.257202,40.2,3.13
T15,GL-3464,2026-03-15 06:32:00,7.663842,11.257508,35.2,5.2
T15,GL-3464,2026-03-15 06:33:00,7.862372,11.257661,14.2,431.53
T15,GL-3464,2026-03-15 06:34:00,7.665123,11.257859,35.3,3.39
T15,GL-3464,2026-03-15 06:35:00,7.666035,11.258253,45.1,3.66
T15,GL-3464,2026-03-15 06:36:00,7.665743,11.258483,25.9,3.88
T15,GL-3464,2026-03-15 06:37:00,7.665975,11.259053,25.4,3.38
T15,GL-3464,2026-03-15 06:38:00,7.666849,11.259125,50.5,3.01
T15,GL-3464,2026-03-15 06:39:00,7.667503,11.259319,48.9,3.83
T15,GL-3464,2026-03-15 06:40:00,7.667999,11.259724,43.0,2.96
T15,GL-3464,2026-03-15 06:41:00,7.668161,11.259724,52.8,2.83
T15,GL-3464,2026-03-15 06:42:00,7.668641,11.260137,47.7,4.23
T15,GL-3464,2026-03-15 06:43:00,7.669188,11.260411,47.2,5.32
T15,GL-3464,2026-03-15 06:44:00,7.669527,11.260086,40.3,4.1
T15,GL-3464,2026-03-15 06:45:00,7.670237,11.260969,57.7,5.51
T15,GL-3464,2026-03-15 06:46:00,7.670853,11.261219,55.2,5.16
T15,GL-3464,2026-03-15 06:47:00,7.671447,11.261682,55.4,4.84
T15,GL-3464,2026-03-15 06:48:00,7.672269,11.261939,32.1,3.97
T15,GL-3464,2026-03-15 06:49:00,7.672288,11.261897,34.8,5.25
T15,GL-3464,2026-03-15 06:50:00,7.672737,11.262199,40.0,5.3
T15,GL-3464,2026-03-15 06:51:00,7.673245,11.262489,34.8,4.48
T15,GL-3464,2026-03-15 06:52:00,7.674071,11.262772,25.7,5.31
T15,GL-3464,2026-03-15 06:53:00,7.674006,11.263271,37.4,3.97
T15,GL-3464,2026-03-15 06:54:00,7.674983,11.263224,47.4,3.03
T15,GL-3464,2026-03-15 06:55:00,7.674884,11.26354,41.3,3.43
T15,GL-3464,2026-03-15 06:56:00,7.67549,11.263901,23.8,5.44
T15,GL-3464,2026-03-15 06:57:00,7.675988,11.264069,44.5,2.91
T15,GL-3464,2026-03-15 06:58:00,7.676702,11.26454,40.2,3.98
T15,GL-3464,2026-03-15 06:59:00,7.676938,11.264692,56.9,5.31
T15,GL-3464,2026-03-15 07:00:00,7.677926,11.26478,35.6,3.19
T15,GL-3464,2026-03-15 07:01:00,7.677924,11.265267,44.3,3.87
T15,GL-3464,2026-03-15 07:02:00,7.678162,11.265238,45.9,4.32
T15,GL-3464,2026-03-15 07:03:00,7.679112,11.265903,57.9,3.43
T15,GL-3464,2026-03-15 07:04:00,7.679347,11.265767,53.8,5.13
T15,GL-3464,2026-03-15 07:05:00,7.680026,11.266536,54.3,4.7
T15,GL-3464,2026-03-15 07:06:00,7.680181,11.266477,44.0,4.12
T15,GL-3464,2026-03-15 07:07:00,7.681001,11.266602,14.7,5.09
T15,GL-3464,2026-03-15 07:08:00,7.681455,11.26723,43.7,4.31
T15,GL-3464,2026-03-15 07:09:00,7.682078,11.267251,17.9,4.64
T15,GL-3464,2026-03-15 07:10:00,7.681963,11.267729,18.9,4.9
T15,GL-3464,2026-03-15 07:11:00,7.682762,11.26795,54.9,3.13
T15,GL-3464,2026-03-15 07:12:00,7.683137,11.268509,28.7,5.08
T15,GL-3464,2026-03-15 07:13:00,7.683864,11.268464,36.9,3.15
T15,GL-3464,2026-03-15 07:14:00,7.68417,11.268774,43.4,5.37
T15,GL-3464,2026-03-15 07:15:00,7.684385,11.269044,38.3,2.86
T15,GL-3464,2026-03-15 07:16:00,7.685661,11.269493,31.0,2.88
T15,GL-3464,2026-03-15 07:17:00,7.685706,11.269573,16.7,3.5
T15,GL-3464,2026-03-15 07:18:00,7.686173,11.26961,26.8,4.37
T15,GL-3464,2026-03-15 07:19:00,7.686665,11.269999,25.8,4.14
T15,GL-3464,2026-03-15 07:20:00,7.687135,11.270377,,5.15
T15,GL-3464,2026-03-15 07:21:00,7.687476,11.270341,42.5,3.4
T15,GL-3464,2026-03-15 07:22:00,7.688122,11.270981,23.5,3.1
T15,GL-3464,2026-03-15 07:23:00,7.688628,11.271129,28.0,3.41
T15,GL-3464,2026-03-15 07:24:00,7.689382,11.271416,34.7,4.27
T15,GL-3464,2026-03-15 07:25:00,7.6895,11.271557,49.3,4.59
T15,GL-3464,2026-03-15 07:26:00,7.689779,11.272011,28.7,5.14
T15,GL-3464,2026-03-15 07:27:00,7.690597,11.272458,42.8,3.71
T15,GL-3464,2026-03-15 07:28:00,7.690892,11.272594,24.2,5.09
T15,GL-3464,2026-03-15 07:29:00,7.691204,11.272721,28.3,3.6
T15,GL-3464,2026-03-15 07:30:00,7.69138,11.272971,38.7,3.79
T15,GL-3464,2026-03-15 07:31:00,7.692313,11.273062,17.2,3.27
T15,GL-3464,2026-03-15 07:32:00,7.692749,11.273305,42.3,4.89
T15,GL-3464,2026-03-15 07:33:00,7.6929,11.273628,50.2,4.88
T15,GL-3464,2026-03-15 07:34:00,7.693598,11.273696,57.8,3.17
T15,GL-3464,2026-03-15 07:35:00,7.693758,11.274248,15.9,5.37
T15,GL-3464,2026-03-15 07:36:00,7.694685,11.274488,15.8,2.83
T15,GL-3464,2026-03-15 07:37:00,7.695773,11.274656,25.2,4.35
T15,GL-3464,2026-03-15 07:38:00,7.695672,11.274608,21.4,3.64
T15,GL-3464,2026-03-15 07:39:00,7.695766,11.275308,40.7,0.09
T15,GL-3464,2026-03-15 07:40:00,7.695725,11.275319,51.6,0.68
T15,GL-3464,2026-03-15 07:41:00,7.695226,11.274727,50.5,0.51
T15,GL-3464,2026-03-15 07:42:00,7.695104,11.275052,50.6,0.85
T15,GL-3464,2026-03-15 07:43:00,7.695491,11.274932,24.6,0.61
T15,GL-3464,2026-03-15 07:44:00,7.696619,11.275034,43.1,0.55
T15,GL-3464,2026-03-15 07:45:00,7.695817,11.274635,39.0,0.13
T15,GL-3464,2026-03-15 07:46:00,7.695571,11.275086,46.5,0.44
T15,GL-3464,2026-03-15 07:47:00,7.695511,11.274816,19.3,0.54
T15,GL-3464,2026-03-15 07:48:00,7.695429,11.275042,24.6,0.11
T15,GL-3464,2026-03-15 07:49:00,7.69511,11.275135,16.2,0.7
T15,GL-3464,2026-03-15 07:50:00,7.69585,11.275304,21.6,0.61
T15,GL-3464,2026-03-15 07:51:00,7.694861,11.274653,52.3,0.88
T15,GL-3464,2026-03-15 07:52:00,7.695837,11.274983,46.8,0.49
T15,GL-3464,2026-03-15 07:53:00,7.695861,11.274363,48.9,0.17
T15,GL-3464,2026-03-15 07:54:00,7.695675,11.275004,38.8,0.36
T15,GL-3464,2026-03-15 07:55:00,7.695265,11.275091,38.2,0.56
T15,GL-3464,2026-03-15 07:56:00,7.695553,11.274842,55.9,0.83
T15,GL-3464,2026-03-15 07:57:00,7.695922,11.27503,35.1,0.63
T15,GL-3464,2026-03-15 07:58:00,7.695704,11.274984,31.0,0.65
T15,GL-3464,2026-03-15 07:59:00,7.695397,11.275163,30.5,0.71
T15,GL-3464,2026-03-15 08:00:00,7.695763,11.275209,22.4,0.89
T15,GL-3464,2026-03-15 08:01:00,7.6958,11.274485,28.2,0.9
T15,GL-3464,2026-03-15 08:02:00,7.695501,11.275223,38.9,0.44
T15,GL-3464,2026-03-15 08:03:00,7.695542,11.27447,31.2,0.43
T15,GL-3464,2026-03-15 08:04:00,7.695086,11.274739,19.6,4.02
T15,GL-3464,2026-03-15 08:05:00,7.694342,11.273753,17.4,5.43
T15,GL-3464,2026-03-15 08:06:00,7.694064,11.273439,55.0,4.46
T15,GL-3464,2026-03-15 08:07:00,7.694081,11.27265,38.9,5.17
T15,GL-3464,2026-03-15 08:08:00,7.693648,11.272103,36.0,4.31
T15,GL-3464,2026-03-15 08:09:00,7.692925,11.271293,40.8,3.84
T15,GL-3464,2026-03-15 08:10:00,7.692364,11.270913,52.5,4.69
T15,GL-3464,2026-03-15 08:11:00,7.692059,11.270162,48.0,4.96
T15,GL-3464,2026-03-15 08:12:00,7.691633,11.269654,26.8,4.13
T15,GL-3464,2026-03-15 08:13:00,7.691332,11.268962,36.1,4.72
T15,GL-3464,2026-03-15 08:14:00,7.690802,11.268462,18.1,4.9
T15,GL-3464,2026-03-15 08:15:00,7.690133,11.267958,29.4,4.44
T15,GL-3464,2026-03-15 08:16:00,7.689751,11.267265,36.0,5.11
T15,GL-3464,2026-03-15 08:17:00,7.689203,11.266965,32.1,3.78
T15,GL-3464,2026-03-15 08:18:00,7.688341,11.266165,17.1,3.71
T15,GL-3464,2026-03-15 08:19:00,7.68869,11.265447,49.4,3.42
T15,GL-3464,2026-03-15 08:20:00,7.687953,11.265023,45.8,5.14
T15,GL-3464,2026-03-15 08:21:00,7.687544,11.26387,20.2,5.57
T15,GL-3464,2026-03-15 08:22:00,7.687306,11.263943,54.6,4.68
T15,GL-3464,2026-03-15 08:23:00,7.686388,11.263188,18.9,3.6
T15,GL-3464,2026-03-15 08:24:00,7.686931,11.262747,46.8,0.12
T15,GL-3464,2026-03-15 08:25:00,7.686875,11.263213,35.9,0.39
T15,GL-3464,2026-03-15 08:26:00,7.686427,11.263213,20.7,0.01
T15,GL-3464,2026-03-15 08:27:00,7.686281,11.263032,33.5,0.82
T15,GL-3464,2026-03-15 08:28:00,7.687149,11.262882,29.0,0.25
T15,GL-3464,2026-03-15 08:29:00,7.686239,11.262905,27.5,0.1
T15,GL-3464,2026-03-15 08:30:00,7.686334,11.263613,39.5,0.69
T15,GL-3464,2026-03-15 08:31:00,7.686866,11.263148,56.6,0.78
T15,GL-3464,2026-03-15 08:32:00,7.686451,11.2628,33.5,0.68
T15,GL-3464,2026-03-15 08:33:00,7.686062,11.262728,50.9,0.82
T15,GL-3464,2026-03-15 08:34:00,7.687191,11.263803,29.9,0.73
T15,GL-3464,2026-03-15 08:35:00,7.686905,11.263155,51.1,0.31
T15,GL-3464,2026-03-15 08:36:00,7.686653,11.263024,23.6,0.46
T15,GL-3464,2026-03-15 08:37:00,7.686347,11.262664,53.3,0.68
T15,GL-3464,2026-03-15 08:38:00,7.686649,11.263503,53.0,0.84
T15,GL-3464,2026-03-15 08:39:00,7.686672,11.263383,21.8,0.36
T15,GL-3464,2026-03-15 08:40:00,7.686761,11.263411,36.8,0.87
T15,GL-3464,2026-03-15 08:41:00,7.686642,11.262995,48.2,0.29
T15,GL-3464,2026-03-15 08:42:00,7.686276,11.263036,23.3,0.02
T15,GL-3464,2026-03-15 08:43:00,7.686604,11.262757,31.4,0.43
T15,GL-3464,2026-03-15 08:44:00,7.686001,11.263229,29.5,2.83
T15,GL-3464,2026-03-15 08:45:00,7.685397,11.263914,38.3,3.11
T15,GL-3464,2026-03-15 08:46:00,7.685093,11.26318,32.7,4.86
T15,GL-3464,2026-03-15 08:47:00,7.684334,11.263466,44.3,3.0
T15,GL-3464,2026-03-15 08:48:00,7.684125,11.264082,27.8,4.44
T15,GL-3464,2026-03-15 08:49:00,7.683814,11.263896,41.5,3.14
T15,GL-3464,2026-03-15 08:50:00,7.68334,11.264481,,5.47
T15,GL-3464,2026-03-15 08:51:00,7.682256,11.26454,27.2,3.94
T15,GL-3464,2026-03-15 08:52:00,7.681953,11.264442,23.5,5.31
T15,GL-3464,2026-03-15 08:53:00,7.681478,11.264793,56.6,4.3
T15,GL-3464,2026-03-15 08:54:00,7.681004,11.265078,,3.68
T15,GL-3464,2026-03-15 08:55:00,7.680428,11.264886,57.7,4.05
T15,GL-3464,2026-03-15 08:56:00,7.680401,11.265005,16.0,3.82
T15,GL-3464,2026-03-15 08:57:00,7.679556,11.264675,55.5,3.67
T15,GL-3464,2026-03-15 08:58:00,7.679059,11.265214,34.1,4.22
T15,GL-3464,2026-03-15 08:59:00,7.678467,11.265471,28.3,3.21
T15,GL-3464,2026-03-15 09:00:00,7.677719,11.266029,20.1,3.3
T15,GL-3464,2026-03-15 09:01:00,7.677609,11.266,38.8,3.74
T15,GL-3464,2026-03-15 09:02:00,7.676618,11.265612,37.2,5.17
T15,GL-3464,2026-03-15 09:03:00,7.676415,11.265777,28.6,3.51
T15,GL-3464,2026-03-15 09:04:00,7.676037,11.266048,46.8,4.48
T15,GL-3464,2026-03-15 09:05:00,7.67575,11.266218,24.3,5.02
T15,GL-3464,2026-03-15 09:06:00,7.675047,11.266474,31.3,4.46
T15,GL-3464,2026-03-15 09:07:00,7.674421,11.266612,23.9,3.31
T15,GL-3464,2026-03-15 09:08:00,7.673769,11.267015,21.4,5.28
T15,GL-3464,2026-03-15 09:09:00,7.673605,11.267096,37.3,2.9
T15,GL-3464,2026-03-15 09:10:00,7.672697,11.266985,20.6,3.26
T15,GL-3464,2026-03-15 09:11:00,7.672723,11.267534,25.3,3.98
T15,GL-3464,2026-03-15 09:12:00,7.671914,11.267017,39.6,5.06
T15,GL-3464,2026-03-15 09:13:00,7.6716,11.267954,42.4,4.12
T15,GL-3464,2026-03-15 09:14:00,7.670881,11.268238,36.7,4.81
T15,GL-3464,2026-03-15 09:15:00,7.670315,11.268157,40.7,3.31
T15,GL-3464,2026-03-15 09:16:00,7.669293,11.267735,14.1,5.13
T15,GL-3464,2026-03-15 09:17:00,7.669176,11.268459,31.3,5.49
T15,GL-3464,2026-03-15 09:18:00,7.668919,11.268413,48.3,4.14
T15,GL-3464,2026-03-15 09:19:00,7.667703,11.268385,24.8,3.76
T15,GL-3464,2026-03-15 09:20:00,7.667726,11.268703,30.1,4.94
T15,GL-3464,2026-03-15 09:21:00,7.667357,11.268673,28.3,5.18
T15,GL-3464,2026-03-15 09:22:00,7.666805,11.268924,54.7,4.7
T15,GL-3464,2026-03-15 09:23:00,7.665971,11.269068,54.7,4.7
T15,GL-3464,2026-03-15 09:24:00,7.665702,11.269104,26.1,3.34
T15,GL-3464,2026-03-15 09:25:00,7.665124,11.269356,33.5,5.02
T15,GL-3464,2026-03-15 09:26:00,7.664505,11.26926,24.0,4.51
T15,GL-3464,2026-03-15 09:27:00,7.663951,11.269216,21.2,3.59
T15,GL-3464,2026-03-15 09:28:00,7.664001,11.269992,35.5,4.37
T15,GL-3464,2026-03-15 09:29:00,7.663283,11.269802,19.2,4.39
T15,GL-3464,2026-03-15 09:30:00,7.662602,11.27017,53.5,5.15
T15,GL-3464,2026-03-15 09:31:00,7.66205,11.270137,40.1,5.2
T15,GL-3464,2026-03-15 09:32:00,7.661548,11.270378,38.2,4.87
T15,GL-3464,2026-03-15 09:33:00,7.661088,11.270747,53.7,5.08
T15,GL-3464,2026-03-15 09:34:00,7.660679,11.270368,15.0,5.34
T15,GL-3464,2026-03-15 09:35:00,7.660183,11.270961,17.2,5.48
T15,GL-3464,2026-03-15 09:36:00,7.659775,11.270723,46.8,3.42
T15,GL-3464,2026-03-15 09:37:00,7.659433,11.270785,16.8,3.11
T15,GL-3464,2026-03-15 09:38:00,7.658611,11.271316,21.8,4.84
T15,GL-3464,2026-03-15 09:39:00,7.658103,11.271486,20.3,3.0
T15,GL-3464,2026-03-15 09:40:00,7.657884,11.271408,31.0,4.76
T15,GL-3464,2026-03-15 09:41:00,7.65701,11.271454,23.5,5.42
T15,GL-3464,2026-03-15 09:42:00,7.656901,11.271835,32.2,4.31
T15,GL-3464,2026-03-15 09:43:00,7.656512,11.271731,42.0,3.9
T15,GL-3464,2026-03-15 09:44:00,7.656117,11.272093,24.4,3.59
T15,GL-3464,2026-03-15 09:45:00,7.65516,11.272759,38.9,3.27
T15,GL-3464,2026-03-15 09:46:00,7.654744,11.272287,34.2,4.08
T15,GL-3464,2026-03-15 09:47:00,7.654241,11.272418,47.2,5.14
T15,GL-3464,2026-03-15 09:48:00,7.653782,11.272352,29.3,5.4
T15,GL-3464,2026-03-15 09:49:00,7.653439,11.273475,35.1,3.2
T15,GL-3464,2026-03-15 09:50:00,7.652728,11.272799,,4.32
T15,GL-3464,2026-03-15 09:51:00,7.652211,11.273074,16.0,5.17
T15,GL-3464,2026-03-15 09:52:00,7.651734,11.27316,41.8,3.62
T15,GL-3464,2026-03-15 09:53:00,7.651085,11.272946,28.7,3.25
T15,GL-3464,2026-03-15 09:54:00,7.650811,11.273756,56.4,3.98
T15,GL-3464,2026-03-15 09:55:00,7.649677,11.273903,19.7,3.48
T15,GL-3464,2026-03-15 09:56:00,7.649674,11.273848,44.7,5.33
T15,GL-3464,2026-03-15 09:57:00,7.649315,11.273684,41.4,4.61
T15,GL-3464,2026-03-15 09:58:00,7.648355,11.273963,29.9,3.92
T15,GL-3464,2026-03-15 09:59:00,7.648354,11.274537,24.9,2.87
T15,GL-3464,2026-03-15 10:00:00,7.647629,11.274183,52.8,5.59
T15,GL-3464,2026-03-15 10:01:00,7.647149,11.274678,40.4,4.82
T15,GL-3464,2026-03-15 10:02:00,7.647045,11.274612,16.8,3.65
T15,GL-3464,2026-03-15 10:03:00,7.645788,11.274781,35.2,4.02
T15,GL-3464,2026-03-15 10:04:00,7.64587,11.275187,21.1,3.21
T15,GL-3464,2026-03-15 10:05:00,7.645139,11.275358,30.2,4.93
T15,GL-3464,2026-03-15 10:06:00,7.644593,11.275494,,2.9
T15,GL-3464,2026-03-15 10:07:00,7.643648,11.275382,44.8,5.01
T15,GL-3464,2026-03-15 10:08:00,7.643952,11.275209,53.0,3.16
T15,GL-3464,2026-03-15 10:09:00,7.643156,11.275899,23.3,4.55
T15,GL-3464,2026-03-15 10:10:00,7.642767,11.27604,56.1,4.54
T15,GL-3464,2026-03-15 10:11:00,7.642087,11.276131,33.2,4.61
T15,GL-3464,2026-03-15 10:12:00,7.641701,11.275698,43.5,4.56
T15,GL-3464,2026-03-15 10:13:00,7.640982,11.276359,20.3,3.87
T15,GL-3464,2026-03-15 10:14:00,7.64051,11.276781,18.8,4.16
T15,GL-3464,2026-03-15 10:15:00,7.640124,11.276783,33.6,3.58
T15,GL-3464,2026-03-15 10:16:00,7.639403,11.276326,28.4,3.18
T15,GL-3464,2026-03-15 10:17:00,7.639086,11.27659,18.0,4.3
T15,GL-3464,2026-03-15 10:18:00,7.638774,11.276937,49.4,5.11
T15,GL-3464,2026-03-15 10:19:00,7.63801,11.277428,16.2,5.54
T15,GL-3464,2026-03-15 10:20:00,7.637558,11.277468,56.6,3.02
T15,GL-3464,2026-03-15 10:21:00,7.637212,11.278266,45.3,5.36
T15,GL-3464,2026-03-15 10:22:00,7.636156,11.277702,56.0,3.33
T15,GL-3464,2026-03-15 10:23:00,7.636365,11.277937,50.3,4.91
T15,GL-3464,2026-03-15 10:24:00,7.635305,11.278294,46.6,3.88
T15,GL-3464,2026-03-15 10:25:00,7.63482,11.27817,34.0,4.72
T15,GL-3464,2026-03-15 10:26:00,7.634267,11.278234,26.8,4.96
T15,GL-3464,2026-03-15 10:27:00,7.633875,11.278498,40.8,4.5
T15,GL-3464,2026-03-15 10:28:00,7.633758,11.278201,32.9,5.21
T15,GL-3464,2026-03-15 10:29:00,7.632495,11.278704,33.8,4.42
T15,GL-3464,2026-03-15 10:30:00,7.632339,11.278684,22.1,5.39
T15,GL-3464,2026-03-15 10:31:00,7.631343,11.279164,,3.02
T15,GL-3464,2026-03-15 10:32:00,7.631198,11.27897,47.0,4.9
T15,GL-3464,2026-03-15 10:33:00,7.630875,11.27906,57.4,5.32
T15,GL-3464,2026-03-15 10:34:00,7.630233,11.27911,34.3,4.95
T15,GL-3464,2026-03-15 10:35:00,7.630102,11.280054,53.3,4.07
T15,GL-3464,2026-03-15 10:36:00,7.62961,11.279678,51.3,4.94
T15,GL-3464,2026-03-15 10:37:00,7.629071,11.279994,16.5,5.1
T15,GL-3464,2026-03-15 10:38:00,7.628144,11.279541,18.4,5.1
T15,GL-3464,2026-03-15 10:39:00,7.627723,11.279939,45.5,4.33
T15,GL-3464,2026-03-15 10:40:00,7.627561,11.280379,30.8,3.71
T15,GL-3464,2026-03-15 10:41:00,7.626782,11.280145,45.6,4.47
T15,GL-3464,2026-03-15 10:42:00,7.626295,11.280878,15.2,5.5
T15,GL-3464,2026-03-15 10:43:00,7.625629,11.28091,24.2,3.06
T15,GL-3464,2026-03-15 10:44:00,7.624945,11.281182,19.5,4.03
T15,GL-3464,2026-03-15 10:45:00,7.392334,11.28088,39.9,229.07
T15,GL-3464,2026-03-15 10:46:00,7.624164,11.281207,56.7,4.66
T15,GL-3464,2026-03-15 10:47:00,7.623754,11.28106,56.3,5.4
T15,GL-3464,2026-03-15 10:48:00,7.623142,11.281313,55.5,4.89
T15,GL-3464,2026-03-15 10:49:00,7.622992,11.281565,57.1,4.87
T15,GL-3464,2026-03-15 10:50:00,7.622149,11.281872,,4.09
T15,GL-3464,2026-03-15 10:51:00,7.622029,11.281923,26.4,5.36
T15,GL-3464,2026-03-15 10:52:00,7.621067,11.281938,42.2,4.25
T15,GL-3464,2026-03-15 10:53:00,7.621221,11.282385,55.8,4.08
T15,GL-3464,2026-03-15 10:54:00,7.620357,11.282254,28.5,4.9
T15,GL-3464,2026-03-15 10:55:00,7.619746,11.283027,15.3,5.08
T15,GL-3464,2026-03-15 10:56:00,7.619518,11.282385,18.3,5.12
T15,GL-3464,2026-03-15 10:57:00,7.618596,11.283098,45.9,2.91
T15,GL-3464,2026-03-15 10:58:00,7.61776,11.282546,48.3,3.97
T15,GL-3464,2026-03-15 10:59:00,7.618001,11.283188,16.3,5.36
T15,GL-3464,2026-03-15 11:00:00,7.61738,11.283335,43.7,4.5
T15,GL-3464,2026-03-15 11:01:00,7.616635,11.283384,33.0,4.78
T15,GL-3464,2026-03-15 11:02:00,7.616172,11.28343,51.1,4.79
T15,GL-3464,2026-03-15 11:03:00,7.615816,11.283741,26.9,3.32
T15,GL-3464,2026-03-15 11:04:00,7.615266,11.283579,38.5,4.68
T15,GL-3464,2026-03-15 11:05:00,7.614689,11.283482,,5.41
T15,GL-3464,2026-03-15 11:06:00,7.614434,11.28458,42.0,4.07
T15,GL-3464,2026-03-15 11:07:00,7.613769,11.284303,26.5,4.11
T15,GL-3464,2026-03-15 11:08:00,7.613087,11.284491,47.2,3.91
T15,GL-3464,2026-03-15 11:09:00,7.612593,11.284575,30.2,5.37
T15,GL-3464,2026-03-15 11:10:00,7.61201,11.285045,18.2,4.7
T15,GL-3464,2026-03-15 11:11:00,7.611638,11.284901,50.5,5.42
T15,GL-3464,2026-03-15 11:12:00,7.611078,11.284733,44.9,4.31
T15,GL-3464,2026-03-15 11:13:00,7.610636,11.285499,53.8,4.41
T15,GL-3464,2026-03-15 11:14:00,7.609961,11.285196,40.0,5.52
T15,GL-3464,2026-03-15 11:15:00,7.610102,11.285375,20.1,3.69
T15,GL-3464,2026-03-15 11:16:00,7.608875,11.285767,17.1,5.01
T15,GL-3464,2026-03-15 11:17:00,7.608571,11.286376,26.9,3.42
T15,GL-3464,2026-03-15 11:18:00,7.607955,11.286125,23.3,3.89
T15,GL-3464,2026-03-15 11:19:00,7.607501,11.286268,48.1,5.2
T15,GL-3464,2026-03-15 11:20:00,7.606865,11.286216,39.4,5.44
T15,GL-3464,2026-03-15 11:21:00,7.60619,11.286531,,4.83
T15,GL-3464,2026-03-15 11:22:00,7.605976,11.286675,19.8,3.5
T15,GL-3464,2026-03-15 11:23:00,7.605488,11.286625,54.1,5.4
T15,GL-3464,2026-03-15 11:24:00,7.605139,11.287078,41.7,5.48
T15,GL-3464,2026-03-15 11:25:00,7.60437,11.287072,35.5,5.58
T15,GL-3464,2026-03-15 11:26:00,7.604026,11.286999,32.2,3.31
T15,GL-3464,2026-03-15 11:27:00,7.603044,11.287478,18.2,3.26
T15,GL-3464,2026-03-15 11:28:00,7.602976,11.287333,34.2,3.89
T15,GL-3464,2026-03-15 11:29:00,7.603073,11.287458,20.0,3.26
T15,GL-3464,2026-03-15 11:30:00,7.602225,11.287692,49.8,4.78
T15,GL-3464,2026-03-15 11:31:00,7.601159,11.287898,50.7,4.15
T15,GL-3464,2026-03-15 11:32:00,7.600691,11.28795,47.3,4.02
T15,GL-3464,2026-03-15 11:33:00,7.600555,11.288047,22.8,4.62
T15,GL-3464,2026-03-15 11:34:00,7.599855,11.288285,51.6,5.22
T15,GL-3464,2026-03-15 11:35:00,7.599447,11.2889,18.2,3.63
T15,GL-3464,2026-03-15 11:36:00,7.59881,11.288647,31.3,4.79
T15,GL-3464,2026-03-15 11:37:00,7.598294,11.288624,34.3,4.24
T15,GL-3464,2026-03-15 11:38:00,7.59828,11.289064,35.4,4.99
T15,GL-3464,2026-03-15 11:39:00,7.596835,11.288844,15.5,3.61
T15,GL-3464,2026-03-15 11:40:00,7.597,11.289258,28.0,4.11
T15,GL-3464,2026-03-15 11:41:00,7.59639,11.289543,18.4,5.58
T15,GL-3464,2026-03-15 11:42:00,7.59573,11.28951,20.1,5.03
T15,GL-3464,2026-03-15 11:43:00,7.595864,11.289305,19.4,2.91
T15,GL-3464,2026-03-15 11:44:00,7.595274,11.289815,26.1,4.45
T15,GL-3464,2026-03-15 11:45:00,7.594795,11.29019,44.4,4.44
T15,GL-3464,2026-03-15 11:46:00,7.5943,11.290036,28.4,4.34
T15,GL-3464,2026-03-15 11:47:00,7.593375,11.290258,27.9,3.86
T15,GL-3464,2026-03-15 11:48:00,7.593016,11.290808,43.8,2.85
T15,GL-3464,2026-03-15 11:49:00,7.592493,11.290508,31.0,4.09
T15,GL-3464,2026-03-15 11:50:00,7.591682,11.290328,54.5,3.93
T15,GL-3464,2026-03-15 11:51:00,7.590985,11.290953,33.1,4.96
T15,GL-3464,2026-03-15 11:52:00,7.590604,11.29087,45.3,4.85
T15,GL-3464,2026-03-15 11:53:00,7.590409,11.290871,29.9,4.19
T15,GL-3464,2026-03-15 11:54:00,7.590026,11.291109,44.3,5.49
T15,GL-3464,2026-03-15 11:55:00,7.58928,11.291447,50.3,4.12
T15,GL-3464,2026-03-15 11:56:00,7.588866,11.2916,38.1,4.02
T15,GL-3464,2026-03-15 11:57:00,7.588518,11.291786,42.8,4.33
T15,GL-3464,2026-03-15 11:58:00,7.588071,11.291981,51.1,4.72
T15,GL-3464,2026-03-15 11:59:00,7.587421,11.291958,17.0,3.33
T15,GL-3464,2026-03-15 12:00:00,7.586684,11.291832,42.4,5.12
T15,GL-3464,2026-03-15 12:01:00,7.586375,11.29212,31.8,5.42
T15,GL-3464,2026-03-15 12:02:00,7.585738,11.292447,41.2,4.45
T15,GL-3464,2026-03-15 12:03:00,7.585004,11.292293,50.2,5.33
T15,GL-3464,2026-03-15 12:04:00,7.584845,11.293233,40.3,3.83
T15,GL-3464,2026-03-15 12:05:00,7.584288,11.292884,16.8,5.22
T15,GL-3464,2026-03-15 12:06:00,7.583962,11.292574,24.4,4.22
T15,GL-3464,2026-03-15 12:07:00,7.583024,11.293201,25.0,4.05
T15,GL-3464,2026-03-15 12:08:00,7.582622,11.29345,29.9,4.56
T15,GL-3464,2026-03-15 12:09:00,7.582189,11.293779,53.8,4.39
T15,GL-3464,2026-03-15 12:10:00,7.581432,11.293819,15.4,3.09
T15,GL-3464,2026-03-15 12:11:00,7.581405,11.293849,22.4,5.3
T15,GL-3464,2026-03-15 12:12:00,7.580291,11.29409,41.6,5.38
T15,GL-3464,2026-03-15 12:34:00,7.569575,11.29721,25.4,3.91
T15,GL-3464,2026-03-15 12:35:00,7.568966,11.297698,19.2,5.2
T15,GL-3464,2026-03-15 12:36:00,7.568201,11.297386,42.3,4.02
T15,GL-3464,2026-03-15 12:37:00,7.567835,11.297342,34.7,4.97
T15,GL-3464,2026-03-15 12:38:00,7.567672,11.297384,48.6,3.27
T15,GL-3464,2026-03-15 12:39:00,7.567368,11.29817,44.1,5.4
T15,GL-3464,2026-03-15 12:40:00,7.567024,11.298214,15.8,5.13
T15,GL-3464,2026-03-15 12:41:00,7.565905,11.297964,52.4,5.6
T15,GL-3464,2026-03-15 12:42:00,7.565803,11.298359,54.1,4.43
T15,GL-3464,2026-03-15 12:43:00,7.565038,11.298302,38.2,4.62
T15,GL-3464,2026-03-15 12:44:00,7.564347,11.298728,47.8,3.66
T15,GL-3464,2026-03-15 12:45:00,7.563528,11.298628,57.5,3.62
T15,GL-3464,2026-03-15 12:46:00,7.563293,11.299051,35.5,3.2
T15,GL-3464,2026-03-15 12:47:00,7.56313,11.299189,31.6,4.06
T15,GL-3464,2026-03-15 12:48:00,7.56287,11.299066,50.2,4.67
T15,GL-3464,2026-03-15 12:49:00,7.562217,11.299228,57.5,3.31
T15,GL-3464,2026-03-15 12:50:00,7.561916,11.299576,48.9,4.73
T15,GL-3464,2026-03-15 12:51:00,7.560499,11.29979,22.7,5.51
T15,GL-3464,2026-03-15 12:52:00,7.560529,11.299742,29.4,3.19
T15,GL-3464,2026-03-15 12:53:00,7.560109,11.299901,55.4,4.88
T15,GL-3464,2026-03-15 12:54:00,7.559545,11.300478,23.7,4.05
T15,GL-3464,2026-03-15 12:55:00,7.559207,11.300517,16.1,4.68
T15,GL-3464,2026-03-15 12:56:00,7.558536,11.300563,14.1,5.47
T15,GL-3464,2026-03-15 12:57:00,7.558002,11.300627,47.7,4.94
T15,GL-3464,2026-03-15 12:58:00,7.55737,11.300935,26.0,4.1
T15,GL-3464,2026-03-15 12:59:00,7.557205,11.300587,,3.09
T15,GL-3464,2026-03-15 13:00:00,7.556742,11.300753,17.8,5.5
T15,GL-3464,2026-03-15 13:01:00,7.343467,11.301055,21.6,169.46
T15,GL-3464,2026-03-15 13:02:00,7.55528,11.301128,51.5,3.96
T15,GL-3464,2026-03-15 13:03:00,7.555079,11.301318,19.2,4.36
T15,GL-3464,2026-03-15 13:04:00,7.554676,11.301442,44.7,3.28
T15,GL-3464,2026-03-15 13:05:00,7.554424,11.302057,49.8,5.46
T15,GL-3464,2026-03-15 13:06:00,7.553431,11.301555,34.3,5.56
T15,GL-3464,2026-03-15 13:07:00,7.55337,11.301913,44.7,3.62
T15,GL-3464,2026-03-15 13:08:00,7.552731,11.302301,34.8,5.09
T15,GL-3464,2026-03-15 13:09:00,7.551855,11.302529,51.4,4.39
T15,GL-3464,2026-03-15 13:10:00,7.551316,11.302457,15.8,3.77
T15,GL-3464,2026-03-15 13:11:00,7.550822,11.302214,46.9,4.96
T15,GL-3464,2026-03-15 13:12:00,7.55013,11.302618,41.4,3.21
T15,GL-3464,2026-03-15 13:13:00,7.55015,11.302729,18.4,3.22
T15,GL-3464,2026-03-15 13:14:00,7.549516,11.303005,29.0,5.44
T15,GL-3464,2026-03-15 13:15:00,7.548793,11.303247,15.4,3.48
T15,GL-3464,2026-03-15 13:16:00,7.548316,11.303042,35.8,5.1
T15,GL-3464,2026-03-15 13:17:00,7.547396,11.303183,55.7,4.46
T15,GL-3464,2026-03-15 13:18:00,7.547267,11.303395,49.4,5.19
T15,GL-3464,2026-03-15 13:19:00,7.547097,11.303786,20.1,3.54
T15,GL-3464,2026-03-15 13:20:00,7.546383,11.303718,53.0,4.6
T15,GL-3464,2026-03-15 13:21:00,7.545754,11.303944,14.2,4.85
T15,GL-3464,2026-03-15 13:22:00,7.545246,11.304426,55.1,3.22
T15,GL-3464,2026-03-15 13:23:00,7.544901,11.304161,45.6,5.13
T15,GL-3464,2026-03-15 13:24:00,7.544454,11.304407,32.6,4.75
T15,GL-3464,2026-03-15 13:25:00,7.543718,11.304506,37.1,2.81
T15,GL-3464,2026-03-15 13:26:00,7.543087,11.305117,16.9,4.57
T15,GL-3464,2026-03-15 13:27:00,7.542345,11.304669,28.6,3.69
T15,GL-3464,2026-03-15 13:28:00,7.542116,11.305531,45.5,4.96
T15,GL-3464,2026-03-15 13:29:00,7.541822,11.305195,21.0,3.34
T15,GL-3464,2026-03-15 13:30:00,7.541446,11.305341,46.6,3.41
T15,GL-3464,2026-03-15 13:31:00,7.540412,11.305385,53.8,3.68
T15,GL-3464,2026-03-15 13:32:00,7.540212,11.305428,52.7,2.96
T15,GL-3464,2026-03-15 13:33:00,7.539606,11.305455,26.3,4.12
T15,GL-3464,2026-03-15 13:34:00,7.539187,11.30585,16.1,3.41
T15,GL-3464,2026-03-15 13:35:00,7.539815,11.306648,37.0,0.3
T15,GL-3464,2026-03-15 13:36:00,7.538934,11.306183,57.4,0.84
T15,GL-3464,2026-03-15 13:37:00,7.539718,11.3067,34.2,0.29
T15,GL-3464,2026-03-15 13:38:00,7.539118,11.306228,16.8,0.18
T15,GL-3464,2026-03-15 13:39:00,7.539235,11.305561,32.6,0.49
T15,GL-3464,2026-03-15 13:40:00,7.53913,11.306066,17.4,0.82
T15,GL-3464,2026-03-15 13:41:00,7.539667,11.305358,31.5,0.07
T15,GL-3464,2026-03-15 13:42:00,7.539184,11.30609,42.2,0.25
T15,GL-3464,2026-03-15 13:43:00,7.539727,11.30571,17.5,0.15
T15,GL-3464,2026-03-15 13:44:00,7.539497,11.306213,42.2,0.29
T15,GL-3464,2026-03-15 13:45:00,7.539143,11.305596,52.6,0.32
T15,GL-3464,2026-03-15 13:46:00,7.539168,11.306054,35.0,0.22
T15,GL-3464,2026-03-15 13:47:00,7.539288,11.306025,32.9,0.01
T15,GL-3464,2026-03-15 13:48:00,7.53906,11.305976,24.3,0.52
T15,GL-3464,2026-03-15 13:49:00,7.539265,11.305963,53.4,0.11
T15,GL-3464,2026-03-15 13:50:00,7.539483,11.306067,34.6,0.52
T15,GL-3464,2026-03-15 13:51:00,7.538953,11.306069,50.2,0.34
T15,GL-3464,2026-03-15 13:52:00,7.539749,11.306333,34.3,0.01
T15,GL-3464,2026-03-15 13:53:00,7.538852,11.305493,51.1,0.72
T15,GL-3464,2026-03-15 13:54:00,7.539537,11.30646,27.9,0.38
T15,GL-3464,2026-03-15 13:55:00,7.539618,11.305907,31.0,0.24
T15,GL-3464,2026-03-15 13:56:00,7.539236,11.306348,31.9,0.38
T15,GL-3464,2026-03-15 13:57:00,7.538765,11.306493,42.1,0.01
T15,GL-3464,2026-03-15 13:58:00,7.539459,11.306044,21.5,0.24
T15,GL-3464,2026-03-15 13:59:00,7.53915,11.306149,32.0,0.14
T15,GL-3464,2026-03-15 14:00:00,7.539735,11.30554,33.3,0.13
T15,GL-3464,2026-03-15 14:01:00,7.538921,11.306316,40.6,0.3
T15,GL-3464,2026-03-15 14:02:00,7.538936,11.306004,45.5,0.13
T15,GL-3464,2026-03-15 14:03:00,7.539492,11.306206,44.7,0.78
T15,GL-3464,2026-03-15 14:04:00,7.539855,11.306152,,4.08
T15,GL-3464,2026-03-15 14:05:00,7.540165,11.306974,37.0,5.14
T15,GL-3464,2026-03-15 14:06:00,7.540742,11.306918,25.6,5.48
T15,GL-3464,2026-03-15 14:07:00,7.541343,11.30696,50.0,2.91
T15,GL-3464,2026-03-15 14:08:00,7.54144,11.307049,26.4,4.15
T15,GL-3464,2026-03-15 14:09:00,7.54228,11.307744,46.7,3.92
T15,GL-3464,2026-03-15 14:10:00,7.543089,11.308345,23.3,4.19
T15,GL-3464,2026-03-15 14:11:00,7.543345,11.308067,27.9,4.64
T15,GL-3464,2026-03-15 14:12:00,7.543627,11.308251,26.2,3.91
T15,GL-3464,2026-03-15 14:13:00,7.543945,11.30892,48.7,4.14
T15,GL-3464,2026-03-15 14:14:00,7.544918,11.309017,26.5,3.28
T15,GL-3464,2026-03-15 14:15:00,7.545525,11.309352,23.1,5.08
T15,GL-3464,2026-03-15 14:16:00,7.545934,11.309899,27.6,4.45
T15,GL-3464,2026-03-15 14:17:00,7.546288,11.309715,28.5,3.52
T15,GL-3464,2026-03-15 14:18:00,7.547109,11.310461,35.1,4.41
T15,GL-3464,2026-03-15 14:19:00,7.547643,11.310601,56.4,4.18
T15,GL-3464,2026-03-15 14:20:00,7.548254,11.311114,43.5,5.12
T15,GL-3464,2026-03-15 14:21:00,7.54864,11.311027,30.4,5.05
T15,GL-3464,2026-03-15 14:22:00,7.549247,11.311464,36.3,3.17
T15,GL-3464,2026-03-15 14:23:00,7.549816,11.312036,23.2,2.97
T15,GL-3464,2026-03-15 14:24:00,7.549844,11.311568,45.7,3.23
T15,GL-3464,2026-03-15 14:25:00,7.550553,11.31225,50.8,3.47
T15,GL-3464,2026-03-15 14:26:00,7.55122,11.312615,57.9,4.8
T15,GL-3464,2026-03-15 14:27:00,7.551859,11.312775,52.0,3.81
T15,GL-3464,2026-03-15 14:28:00,7.551843,11.313163,17.9,3.36
T15,GL-3464,2026-03-15 14:29:00,7.5525,11.313427,36.6,4.48
T15,GL-3464,2026-03-15 14:30:00,7.553099,11.31373,28.9,3.35
T15,GL-3464,2026-03-15 14:31:00,7.553685,11.314185,42.0,3.78
T15,GL-3464,2026-03-15 14:32:00,7.554589,11.314444,41.4,4.44
T15,GL-3464,2026-03-15 14:33:00,7.55456,11.314308,45.9,5.38
T15,GL-3464,2026-03-15 14:34:00,7.555356,11.314994,48.2,4.27
T15,GL-3464,2026-03-15 14:35:00,7.555934,11.315262,46.6,3.91
T15,GL-3464,2026-03-15 14:36:00,7.556741,11.315461,44.4,5.6
T15,GL-3464,2026-03-15 14:37:00,7.556924,11.315753,28.2,5.29
T15,GL-3464,2026-03-15 14:38:00,7.557107,11.316234,43.8,4.13
T15,GL-3464,2026-03-15 14:39:00,7.557932,11.316402,25.9,3.66
T15,GL-3464,2026-03-15 14:40:00,7.558055,11.316928,35.1,4.22
T15,GL-3464,2026-03-15 14:41:00,7.559043,11.317044,38.8,3.66
T15,GL-3464,2026-03-15 14:42:00,7.559381,11.317262,53.6,4.18
T15,GL-3464,2026-03-15 14:43:00,7.560132,11.317578,17.7,3.12
T15,GL-3464,2026-03-15 14:44:00,7.560847,11.318276,18.4,4.15
T15,GL-3464,2026-03-15 14:45:00,7.560973,11.318187,18.1,4.67
T15,GL-3464,2026-03-15 14:46:00,7.561479,11.318359,53.5,4.97
T15,GL-3464,2026-03-15 14:47:00,7.562012,11.318559,20.4,5.34
T15,GL-3464,2026-03-15 14:48:00,7.563049,11.319039,40.2,4.97
T15,GL-3464,2026-03-15 14:49:00,7.563411,11.319157,35.9,4.05
T15,GL-3464,2026-03-15 14:50:00,7.56356,11.31972,26.4,2.9
T15,GL-3464,2026-03-15 14:51:00,7.564521,11.31933,38.0,5.29
T15,GL-3464,2026-03-15 14:52:00,7.564914,11.320115,57.7,4.35
T15,GL-3464,2026-03-15 14:53:00,7.564706,11.320567,55.8,3.7
T15,GL-3464,2026-03-15 14:54:00,7.565887,11.320533,34.8,4.26
T15,GL-3464,2026-03-15 14:55:00,7.566169,11.320538,,3.55
T15,GL-3464,2026-03-15 14:56:00,7.56676,11.321596,51.9,4.41
T15,GL-3464,2026-03-15 14:57:00,7.567339,11.321368,16.3,4.73
T15,GL-3464,2026-03-15 14:58:00,7.567658,11.321794,51.4,5.46
T15,GL-3464,2026-03-15 14:59:00,7.568339,11.322375,19.1,3.88
T15,GL-3464,2026-03-15 15:00:00,7.568834,11.322954,33.5,3.46
T15,GL-3464,2026-03-15 15:01:00,7.569389,11.322578,15.5,4.62
T15,GL-3464,2026-03-15 15:02:00,7.570092,11.323208,35.2,5.6
T15,GL-3464,2026-03-15 15:03:00,7.570432,11.323445,56.7,3.04
T15,GL-3464,2026-03-15 15:04:00,7.571192,11.324005,44.4,4.38
T15,GL-3464,2026-03-15 15:05:00,7.571542,11.324028,54.4,4.96
T15,GL-3464,2026-03-15 15:06:00,7.572002,11.324166,36.6,4.37
T15,GL-3464,2026-03-15 15:07:00,7.572614,11.324243,34.7,4.47
T15,GL-3464,2026-03-15 15:08:00,7.573313,11.324963,37.6,5.5
T15,GL-3464,2026-03-15 15:09:00,7.573574,11.325254,42.0,2.84
T15,GL-3464,2026-03-15 15:10:00,7.574611,11.325448,55.6,5.51
T15,GL-3464,2026-03-15 15:11:00,7.574547,11.325558,38.8,4.91
T15,GL-3464,2026-03-15 15:12:00,7.575125,11.326322,29.7,5.48
T15,GL-3464,2026-03-15 15:13:00,7.575791,11.326051,18.3,3.09
T15,GL-3464,2026-03-15 15:14:00,7.57644,11.326498,33.1,2.84
T15,GL-3464,2026-03-15 15:15:00,7.576777,11.327198,21.2,3.25
T15,GL-3464,2026-03-15 15:16:00,7.577186,11.326908,44.0,3.08
T15,GL-3464,2026-03-15 15:17:00,7.577578,11.32756,52.3,4.09
T15,GL-3464,2026-03-15 15:18:00,7.578553,11.328107,56.5,3.65
T15,GL-3464,2026-03-15 15:19:00,7.578757,11.328159,47.0,3.95
T15,GL-3464,2026-03-15 15:20:00,7.579542,11.328582,40.0,5.53
T15,GL-3464,2026-03-15 15:21:00,7.57988,11.329262,41.0,4.47
T15,GL-3464,2026-03-15 15:22:00,7.580687,11.32879,22.6,4.72
T15,GL-3464,2026-03-15 15:23:00,7.580877,11.329284,23.7,3.53
T15,GL-3464,2026-03-15 15:24:00,7.581526,11.329415,45.5,4.46
T15,GL-3464,2026-03-15 15:25:00,7.581696,11.329656,44.6,3.55
T15,GL-3464,2026-03-15 15:26:00,7.582463,11.329694,23.3,3.78
T15,GL-3464,2026-03-15 15:27:00,7.583163,11.330391,56.2,5.41
T15,GL-3464,2026-03-15 15:28:00,7.583623,11.330594,45.3,4.8
T15,GL-3464,2026-03-15 15:29:00,7.584092,11.331414,17.5,3.72
T15,GL-3464,2026-03-15 15:30:00,7.584512,11.331575,19.6,5.21
T15,GL-3464,2026-03-15 15:31:00,7.585025,11.331809,22.7,4.65
T15,GL-3464,2026-03-15 15:32:00,7.58593,11.33203,55.7,4.42
T15,GL-3464,2026-03-15 15:33:00,7.58608,11.33215,51.0,3.09
T15,GL-3464,2026-03-15 15:34:00,7.586587,11.332459,52.8,4.25
T15,GL-3464,2026-03-15 15:35:00,7.587102,11.332667,40.4,4.28
T15,GL-3464,2026-03-15 15:36:00,7.587724,11.332918,38.6,3.89
T15,GL-3464,2026-03-15 15:37:00,7.58828,11.33373,26.3,2.89
T15,GL-3464,2026-03-15 15:38:00,7.588648,11.333648,33.4,3.34
T15,GL-3464,2026-03-15 15:39:00,7.589728,11.333929,19.1,3.25
T15,GL-3464,2026-03-15 15:40:00,7.589741,11.334254,43.4,4.2
T15,GL-3464,2026-03-15 15:41:00,7.59046,11.334668,34.9,4.71
T15,GL-3464,2026-03-15 15:42:00,7.590575,11.335016,46.7,3.93
T15,GL-3464,2026-03-15 15:43:00,7.591532,11.335264,16.2,5.52
T15,GL-3464,2026-03-15 15:44:00,7.592097,11.335208,41.8,4.43
T15,GL-3464,2026-03-15 15:45:00,7.592126,11.335537,54.0,5.49
T15,GL-3464,2026-03-15 15:46:00,7.592767,11.335808,17.2,5.49
T15,GL-3464,2026-03-15 15:47:00,7.593626,11.336258,50.4,4.24
T15,GL-3464,2026-03-15 15:48:00,7.593997,11.336923,14.5,4.93
T15,GL-3464,2026-03-15 15:49:00,7.594646,11.337161,43.2,3.48
T15,GL-3464,2026-03-15 15:50:00,7.594784,11.337171,19.8,5.08
T15,GL-3464,2026-03-15 15:51:00,7.595373,11.337253,53.0,4.06
T15,GL-3464,2026-03-15 15:52:00,7.595782,11.337649,46.0,4.64
T15,GL-3464,2026-03-15 15:53:00,7.596754,11.337854,18.1,3.22
T15,GL-3464,2026-03-15 15:54:00,7.597246,11.338308,28.5,5.19
T15,GL-3464,2026-03-15 15:55:00,7.597343,11.338728,51.0,5.08
T15,GL-3464,2026-03-15 15:56:00,7.598019,11.338742,56.4,5.17
T15,GL-3464,2026-03-15 15:57:00,7.59878,11.338798,22.3,3.44
T15,GL-3464,2026-03-15 15:58:00,7.599481,11.339157,56.3,4.35
T15,GL-3464,2026-03-15 15:59:00,7.600062,11.339719,44.3,3.13
T15,GL-3464,2026-03-15 16:00:00,7.600126,11.340233,42.2,3.46
T15,GL-3464,2026-03-15 16:01:00,7.600628,11.340554,55.0,4.06
T15,GL-3464,2026-03-15 16:02:00,7.601159,11.340696,47.4,3.68
T15,GL-3464,2026-03-15 16:03:00,7.60176,11.340625,45.2,4.34
T15,GL-3464,2026-03-15 16:04:00,7.602309,11.34111,54.3,5.09
T15,GL-3464,2026-03-15 16:05:00,7.603163,11.34132,33.0,5.03
T15,GL-3464,2026-03-15 16:06:00,7.603346,11.341849,37.1,4.11
T15,GL-3464,2026-03-15 16:07:00,7.603729,11.342235,45.6,3.67
T15,GL-3464,2026-03-15 16:08:00,7.604603,11.342925,46.8,4.67
T15,GL-3464,2026-03-15 16:09:00,7.604937,11.342956,44.1,4.11
T15,GL-3464,2026-03-15 16:10:00,7.60531,11.342904,21.5,5.18
T15,GL-3464,2026-03-15 16:11:00,7.606207,11.343085,39.8,5.38
T15,GL-3464,2026-03-15 16:12:00,7.606539,11.343381,16.5,2.99
T15,GL-3464,2026-03-15 16:13:00,7.606853,11.343783,30.4,4.03
T15,GL-3464,2026-03-15 16:14:00,7.60744,11.344271,26.4,4.51
T15,GL-3464,2026-03-15 16:15:00,7.608337,11.34409,14.9,4.95
T15,GL-3464,2026-03-15 16:16:00,7.60838,11.344244,31.2,4.73
T15,GL-3464,2026-03-15 16:17:00,7.609038,11.345047,55.9,5.17
T15,GL-3464,2026-03-15 16:18:00,7.609461,11.345458,,4.66
T15,GL-3464,2026-03-15 16:19:00,7.610296,11.345788,45.3,5.57
T15,GL-3464,2026-03-15 16:20:00,7.610478,11.345756,29.2,5.11
T15,GL-3464,2026-03-15 16:21:00,7.611526,11.345908,25.5,3.17
T15,GL-3464,2026-03-15 16:22:00,7.611821,11.346373,18.4,4.39
T15,GL-3464,2026-03-15 16:23:00,7.611957,11.346691,15.9,5.23
T15,GL-3464,2026-03-15 16:24:00,7.613175,11.347176,26.7,4.91
T15,GL-3464,2026-03-15 16:25:00,7.613469,11.347439,33.9,4.82
T15,GL-3464,2026-03-15 16:26:00,7.613408,11.347822,15.6,5.43
T15,GL-3464,2026-03-15 16:27:00,7.614097,11.347596,27.0,5.44
T15,GL-3464,2026-03-15 16:28:00,7.614707,11.348312,29.9,5.16
T15,GL-3464,2026-03-15 16:29:00,7.615181,11.348678,51.1,3.44
T15,GL-3464,2026-03-15 16:30:00,7.616005,11.34891,27.6,5.04
T15,GL-3464,2026-03-15 16:31:00,7.616655,11.349088,32.3,2.91
T15,GL-3464,2026-03-15 16:32:00,7.616642,11.349403,48.2,3.83
T15,GL-3464,2026-03-15 16:33:00,7.617164,11.350145,50.6,0.12
T15,GL-3464,2026-03-15 16:34:00,7.616842,11.34948,41.3,0.58
T15,GL-3464,2026-03-15 16:35:00,7.616506,11.349869,49.6,0.72
T15,GL-3464,2026-03-15 16:36:00,7.616867,11.349449,18.6,0.12
T15,GL-3464,2026-03-15 16:37:00,7.617418,11.349106,54.0,0.89
T15,GL-3464,2026-03-15 16:38:00,7.616759,11.34937,46.4,0.08
T15,GL-3464,2026-03-15 16:39:00,7.616825,11.348983,35.3,0.21
T15,GL-3464,2026-03-15 16:40:00,7.616728,11.348985,51.8,0.78
T15,GL-3464,2026-03-15 16:41:00,7.616793,11.34961,49.1,0.12
T15,GL-3464,2026-03-15 16:42:00,7.616643,11.349416,15.1,0.07
T15,GL-3464,2026-03-15 16:43:00,7.616646,11.349435,25.4,0.14
T15,GL-3464,2026-03-15 16:44:00,7.616221,11.349146,44.9,0.78
T15,GL-3464,2026-03-15 16:45:00,7.617202,11.348872,46.8,0.18
T15,GL-3464,2026-03-15 16:46:00,7.616417,11.349043,45.2,0.38
T15,GL-3464,2026-03-15 16:47:00,7.616813,11.349262,43.9,0.65
T15,GL-3464,2026-03-15 16:48:00,7.616659,11.349668,44.9,0.28
T15,GL-3464,2026-03-15 16:49:00,7.617339,11.349067,15.6,0.58
T15,GL-3464,2026-03-15 16:50:00,7.617159,11.34964,17.8,0.33
T15,GL-3464,2026-03-15 16:51:00,7.617147,11.34952,40.4,0.24
T15,GL-3464,2026-03-15 16:52:00,7.61719,11.34893,50.7,0.67
T15,GL-3464,2026-03-15 16:53:00,7.616903,11.349368,47.1,0.2
T15,GL-3464,2026-03-15 16:54:00,7.61755,11.349809,17.1,0.28
T15,GL-3464,2026-03-15 16:55:00,7.616801,11.348981,54.0,0.57
T15,GL-3464,2026-03-15 16:56:00,7.616389,11.349635,44.2,0.22
T15,GL-3464,2026-03-15 16:57:00,7.617124,11.348874,33.3,4.7
T15,GL-3464,2026-03-15 16:58:00,7.617382,11.348169,27.6,3.55
T15,GL-3464,2026-03-15 16:59:00,7.617651,11.348129,25.6,2.85
T15,GL-3464,2026-03-15 17:00:00,7.618022,11.347447,40.1,4.25
T15,GL-3464,2026-03-15 17:01:00,7.617997,11.347172,32.4,5.04
T15,GL-3464,2026-03-15 17:02:00,7.617837,11.346847,46.0,4.36
T15,GL-3464,2026-03-15 17:03:00,7.618275,11.346213,37.6,2.87
T15,GL-3464,2026-03-15 17:04:00,7.618477,11.3457,53.4,4.36
T15,GL-3464,2026-03-15 17:05:00,7.619297,11.345044,25.7,5.16
T15,GL-3464,2026-03-15 17:06:00,7.619271,11.344799,19.8,3.45
T15,GL-3464,2026-03-15 17:07:00,7.619163,11.344024,41.0,3.86
T15,GL-3464,2026-03-15 17:08:00,7.619192,11.34358,32.5,3.91
T15,GL-3464,2026-03-15 17:09:00,7.620057,11.343415,31.8,5.08
T15,GL-3464,2026-03-15 17:10:00,7.620325,11.342828,21.3,3.84
T15,GL-3464,2026-03-15 17:11:00,7.620624,11.342173,14.9,2.94
T15,GL-3464,2026-03-15 17:12:00,7.620842,11.342209,44.4,3.8
T15,GL-3464,2026-03-15 17:13:00,7.620523,11.341165,41.9,5.37
T15,GL-3464,2026-03-15 17:14:00,7.620396,11.341053,,3.84
T15,GL-3464,2026-03-15 17:15:00,7.621054,11.340395,33.3,4.56
T15,GL-3464,2026-03-15 17:16:00,7.621474,11.339756,44.6,4.17
T15,GL-3464,2026-03-15 17:17:00,7.621937,11.33926,15.9,3.54
T15,GL-3464,2026-03-15 17:18:00,7.621687,11.339132,40.2,3.34
T15,GL-3464,2026-03-15 17:19:00,7.621987,11.338582,43.8,4.72
T15,GL-3464,2026-03-15 17:20:00,7.622487,11.338046,43.9,5.5
T15,GL-3464,2026-03-15 17:21:00,7.622165,11.337722,17.5,3.94
T15,GL-3464,2026-03-15 17:22:00,7.622288,11.337048,28.5,3.66
T15,GL-3464,2026-03-15 17:23:00,7.62289,11.336504,31.5,3.85
T15,GL-3464,2026-03-15 17:24:00,7.623269,11.336457,19.5,5.44
T15,GL-3464,2026-03-15 17:25:00,7.623115,11.336295,15.9,3.08
T15,GL-3464,2026-03-15 17:26:00,7.62384,11.335242,,5.38
T15,GL-3464,2026-03-15 17:27:00,7.623532,11.33487,32.6,3.47
T15,GL-3464,2026-03-15 17:28:00,7.62422,11.334428,16.8,3.97
T15,GL-3464,2026-03-15 17:29:00,7.624156,11.334276,38.9,5.33
T15,GL-3464,2026-03-15 17:30:00,7.624419,11.333287,41.5,4.52
T15,GL-3464,2026-03-15 17:31:00,7.624527,11.333249,20.3,2.93
T15,GL-3464,2026-03-15 17:32:00,7.625213,11.332433,16.4,5.05
T15,GL-3464,2026-03-15 17:33:00,7.625026,11.331892,26.5,2.89
T15,GL-3464,2026-03-15 17:34:00,7.625667,11.331519,50.6,5.0
T15,GL-3464,2026-03-15 17:35:00,7.625476,11.330886,16.7,3.18
T15,GL-3464,2026-03-15 17:36:00,7.625909,11.330636,28.9,2.94
T15,GL-3464,2026-03-15 17:37:00,7.625732,11.330167,43.9,3.88
T15,GL-3464,2026-03-15 17:38:00,7.626343,11.329982,56.0,3.1
T15,GL-3464,2026-03-15 17:39:00,7.626785,11.32903,20.3,3.19
T15,GL-3464,2026-03-15 17:40:00,7.626827,11.328643,48.9,4.64
T15,GL-3464,2026-03-15 17:41:00,7.627025,11.328178,27.5,5.04
T15,GL-3464,2026-03-15 17:42:00,7.627359,11.327955,51.2,2.81
T15,GL-3464,2026-03-15 17:43:00,7.62726,11.327438,43.5,4.84
T15,GL-3464,2026-03-15 17:44:00,7.627516,11.326503,40.5,2.94
T15,GL-3464,2026-03-15 17:45:00,7.627701,11.326461,36.7,4.27
T15,GL-3464,2026-03-15 17:46:00,7.628449,11.325745,25.3,3.53
T15,GL-3464,2026-03-15 17:47:00,7.628158,11.325358,46.9,3.71
T15,GL-3464,2026-03-15 17:48:00,7.628578,11.324726,41.9,3.46
T15,GL-3464,2026-03-15 17:49:00,7.628535,11.324534,18.1,5.44
T15,GL-3464,2026-03-15 17:50:00,7.628766,11.324135,,4.62
T15,GL-3464,2026-03-15 17:51:00,7.628921,11.324026,30.3,3.39
T15,GL-3464,2026-03-15 17:52:00,7.629392,11.323404,29.1,3.38
T15,GL-3464,2026-03-15 17:53:00,7.629417,11.322835,56.5,4.28
T15,GL-3464,2026-03-15 17:54:00,7.629947,11.322153,39.7,3.41
T15,GL-3464,2026-03-15 17:55:00,7.62981,11.321229,26.2,5.06
T15,GL-3464,2026-03-15 17:56:00,7.629751,11.321103,54.6,4.85
T15,GL-3464,2026-03-15 17:57:00,7.63042,11.320904,32.9,3.37
T15,GL-3464,2026-03-15 17:58:00,7.630544,11.320293,,3.72
T15,GL-3464,2026-03-15 17:59:00,7.630935,11.319732,22.2,4.2
T15,GL-3464,2026-03-15 18:00:00,7.631129,11.319134,50.8,4.04
T15,GL-3464,2026-03-15 18:01:00,7.631484,11.318978,41.9,3.93
T15,GL-3464,2026-03-15 18:02:00,7.631829,11.318553,27.0,3.5
T15,GL-3464,2026-03-15 18:03:00,7.631792,11.317721,20.9,4.76
T15,GL-3464,2026-03-15 18:04:00,7.632169,11.317498,31.7,3.42
T15,GL-3464,2026-03-15 18:05:00,7.632404,11.317441,42.1,3.88
T15,GL-3464,2026-03-15 18:06:00,7.632476,11.316555,55.7,2.95
T15,GL-3464,2026-03-15 18:07:00,7.632989,11.316011,23.4,2.99
T15,GL-3464,2026-03-15 18:08:00,7.633608,11.315158,16.0,4.47
T15,GL-3464,2026-03-15 18:09:00,7.633204,11.315143,42.2,5.08
T15,GL-3464,2026-03-15 18:10:00,7.633497,11.314604,15.7,3.74
T15,GL-3464,2026-03-15 18:11:00,7.63374,11.313785,23.6,4.0
T15,GL-3464,2026-03-15 18:12:00,7.634039,11.313535,17.6,2.97
T15,GL-3464,2026-03-15 18:13:00,7.633908,11.313253,23.8,4.2
T15,GL-3464,2026-03-15 18:14:00,7.634512,11.313075,37.5,5.17
T15,GL-3464,2026-03-15 18:15:00,7.634501,11.312629,46.2,5.31
T15,GL-3464,2026-03-15 18:16:00,7.634583,11.311841,48.1,4.07
T15,GL-3464,2026-03-15 18:17:00,7.634997,11.311194,42.7,4.77
T15,GL-3464,2026-03-15 18:18:00,7.635359,11.310445,28.5,3.08
T15,GL-3464,2026-03-15 18:19:00,7.635546,11.310327,36.6,4.01
T15,GL-3464,2026-03-15 18:20:00,7.635418,11.309657,41.6,4.39
T15,GL-3464,2026-03-15 18:21:00,7.635552,11.309512,31.2,5.09
T15,GL-3464,2026-03-15 18:22:00,7.635853,11.309046,55.6,3.13
T15,GL-3464,2026-03-15 18:23:00,7.636201,11.308719,30.6,4.23
T15,GL-3464,2026-03-15 18:24:00,7.636434,11.307912,46.5,3.22
T15,GL-3464,2026-03-15 18:25:00,7.636779,11.307919,21.9,5.45
T15,GL-3464,2026-03-15 18:26:00,7.636875,11.307102,39.9,3.74
T15,GL-3464,2026-03-15 18:27:00,7.636817,11.306784,17.7,4.44
T15,GL-3464,2026-03-15 18:28:00,7.637312,11.306275,54.1,3.36
T15,GL-3464,2026-03-15 18:29:00,7.637616,11.30569,29.8,3.95
T15,GL-3464,2026-03-15 18:30:00,7.638061,11.305159,47.7,4.44
T15,GL-3464,2026-03-15 18:31:00,7.63802,11.304841,52.9,4.27
T15,GL-3464,2026-03-15 18:32:00,7.638618,11.30424,55.7,4.56
T15,GL-3464,2026-03-15 18:33:00,7.63813,11.303676,17.7,5.56
T15,GL-3464,2026-03-15 18:34:00,7.638377,11.30352,37.2,5.47
T15,GL-3464,2026-03-15 18:35:00,7.638887,11.302748,31.6,5.17
T15,GL-3464,2026-03-15 18:36:00,7.639383,11.302571,17.9,2.93
T15,GL-3464,2026-03-15 18:37:00,7.639652,11.30198,36.2,4.18
T15,GL-3464,2026-03-15 18:38:00,7.639602,11.301653,53.2,4.6
T15,GL-3464,2026-03-15 18:39:00,7.639777,11.30099,41.7,4.2
T15,GL-3464,2026-03-15 18:40:00,7.63969,11.300079,44.3,4.18
T15,GL-3464,2026-03-15 18:41:00,7.640696,11.300154,51.1,4.45
T15,GL-3464,2026-03-15 18:42:00,7.640919,11.299773,40.2,3.45
T15,GL-3464,2026-03-15 18:43:00,7.640729,11.299228,52.0,4.77
T15,GL-3464,2026-03-15 18:44:00,7.641293,11.298824,44.9,3.52
T15,GL-3464,2026-03-15 18:45:00,7.641239,11.298252,22.7,4.47
T15,GL-3464,2026-03-15 18:46:00,7.641408,11.297702,,5.56
T15,GL-3464,2026-03-15 18:47:00,7.641574,11.297264,54.8,4.64
T15,GL-3464,2026-03-15 18:48:00,7.641812,11.296732,36.0,4.65
T15,GL-3464,2026-03-15 18:49:00,7.64204,11.296458,45.8,5.15
T15,GL-3464,2026-03-15 18:50:00,7.642957,11.296129,36.1,4.93
T15,GL-3464,2026-03-15 18:51:00,7.642575,11.295104,45.7,4.25
T15,GL-3464,2026-03-15 18:52:00,7.642134,11.294861,17.2,5.16
T15,GL-3464,2026-03-15 18:53:00,7.642873,11.294426,18.2,4.91
T15,GL-3464,2026-03-15 18:54:00,7.643255,11.294109,43.3,4.95
T15,GL-3464,2026-03-15 18:55:00,7.643116,11.293663,16.2,3.72
T15,GL-3464,2026-03-15 18:56:00,7.643814,11.292717,16.1,3.03
T15,GL-3464,2026-03-15 18:57:00,7.644054,11.292566,53.6,3.96
T15,GL-3464,2026-03-15 18:58:00,7.644182,11.29227,54.7,3.24
T15,GL-3464,2026-03-15 18:59:00,7.644132,11.291512,25.6,3.14
T15,GL-3464,2026-03-15 19:00:00,7.645095,11.291403,39.2,3.86
T15,GL-3464,2026-03-15 19:01:00,7.64489,11.290847,33.5,4.66
T15,GL-3464,2026-03-15 19:02:00,7.645025,11.29039,39.2,3.85
T15,GL-3464,2026-03-15 19:03:00,7.645025,11.289686,32.6,4.6
T15,GL-3464,2026-03-15 19:04:00,7.64526,11.289478,33.1,4.17
T15,GL-3464,2026-03-15 19:05:00,7.645728,11.288593,20.3,4.21
T15,GL-3464,2026-03-15 19:06:00,7.645702,11.288497,32.7,4.26
T15,GL-3464,2026-03-15 19:07:00,7.645974,11.287768,49.1,4.65
T15,GL-3464,2026-03-15 19:08:00,7.646621,11.287345,27.2,3.67
T15,GL-3464,2026-03-15 19:09:00,7.646384,11.28718,45.3,5.23
T15,GL-3464,2026-03-15 19:10:00,7.646775,11.286372,55.2,5.06
T15,GL-3464,2026-03-15 19:11:00,7.646958,11.28619,28.3,2.83
T15,GL-3464,2026-03-15 19:12:00,7.64691,11.285841,18.5,4.47
T15,GL-3464,2026-03-15 19:13:00,7.647251,11.285062,53.4,4.24
T15,GL-3464,2026-03-15 19:14:00,7.647275,11.284541,14.1,4.76
T15,GL-3464,2026-03-15 19:15:00,7.647453,11.284144,15.5,5.5
T15,GL-3464,2026-03-15 19:16:00,7.647783,11.283501,47.2,3.74
T15,GL-3464,2026-03-15 19:17:00,7.647934,11.28347,48.9,3.97
T15,GL-3464,2026-03-15 19:18:00,7.648492,11.282634,42.4,5.21
T15,GL-3464,2026-03-15 19:19:00,7.648821,11.282482,54.8,3.28
T15,GL-3464,2026-03-15 19:20:00,7.648975,11.28204,15.9,4.29
T15,GL-3464,2026-03-15 19:21:00,7.649406,11.281548,51.0,5.13
T15,GL-3464,2026-03-15 19:22:00,7.649259,11.280835,25.8,2.81
T15,GL-3464,2026-03-15 19:23:00,7.649628,11.28022,22.5,3.07
T15,GL-3464,2026-03-15 19:24:00,7.650057,11.280045,39.0,5.41
T15,GL-3464,2026-03-15 19:25:00,7.649756,11.279049,29.8,3.69
T15,GL-3464,2026-03-15 19:26:00,7.650395,11.278993,48.1,4.27
T15,GL-3464,2026-03-15 19:27:00,7.650411,11.278671,52.0,3.5
T15,GL-3464,2026-03-15 19:28:00,7.650826,11.277927,28.9,4.13
T15,GL-3464,2026-03-15 19:29:00,7.651211,11.277381,19.6,3.86
T15,GL-3464,2026-03-15 19:30:00,7.651107,11.276904,19.7,4.5
T15,GL-3464,2026-03-15 19:31:00,7.651338,11.276634,29.1,5.48
T15,GL-3464,2026-03-15 19:32:00,7.65153,11.276183,46.3,3.38
T15,GL-3464,2026-03-15 19:33:00,7.651514,11.275431,26.4,4.52
T15,GL-3464,2026-03-15 19:34:00,7.65191,11.275503,37.3,5.16
T15,GL-3464,2026-03-15 19:35:00,7.652156,11.274636,28.5,3.96
T15,GL-3464,2026-03-15 19:36:00,7.652292,11.273715,28.2,4.83
T15,GL-3464,2026-03-15 19:37:00,7.65248,11.273971,27.5,4.51
T15,GL-3464,2026-03-15 19:38:00,7.652907,11.273011,57.3,5.08
T15,GL-3464,2026-03-15 19:39:00,7.653461,11.272575,40.2,5.37
T15,GL-3464,2026-03-15 19:40:00,7.653439,11.272393,48.3,3.69
T15,GL-3464,2026-03-15 19:41:00,7.654095,11.272003,37.4,3.77
T15,GL-3464,2026-03-15 19:42:00,7.653611,11.271578,19.4,3.76
T15,GL-3464,2026-03-15 19:43:00,7.654202,11.27065,49.9,4.8
T15,GL-3464,2026-03-15 19:44:00,7.654303,11.270663,56.7,4.52
T15,GL-3464,2026-03-15 19:45:00,7.65437,11.26969,47.4,3.84
T15,GL-3464,2026-03-15 19:46:00,7.654491,11.269719,17.2,5.33
T15,GL-3464,2026-03-15 19:47:00,7.654849,11.269333,31.3,3.9
T15,GL-3464,2026-03-15 19:48:00,7.654974,11.268681,40.9,5.07
T15,GL-3464,2026-03-15 19:49:00,7.655813,11.267899,14.5,3.93
T15,GL-3464,2026-03-15 19:50:00,7.655791,11.266988,49.3,4.45
T15,GL-3464,2026-03-15 19:51:00,7.655879,11.266995,49.4,3.42
T15,GL-3464,2026-03-15 19:52:00,7.656165,11.266703,48.5,2.9
T15,GL-3464,2026-03-15 19:53:00,7.656411,11.266265,26.5,4.89
T15,GL-3464,2026-03-15 19:54:00,7.656637,11.265759,54.7,5.37
T15,GL-3464,2026-03-15 19:55:00,7.656603,11.265299,41.5,3.73
T15,GL-3464,2026-03-15 19:56:00,7.656888,11.264558,37.4,5.11
T15,GL-3464,2026-03-15 19:57:00,7.657068,11.263966,18.2,5.38
T15,GL-3464,2026-03-15 19:58:00,7.657509,11.264066,15.4,4.59
T15,GL-3464,2026-03-15 19:59:00,7.657286,11.263405,33.8,4.85
T15,GL-3464,2026-03-15 20:00:00,7.658254,11.263458,14.7,3.69
T15,GL-3464,2026-03-15 20:01:00,7.657832,11.262785,41.1,0.73
T15,GL-3464,2026-03-15 20:02:00,7.658047,11.262637,38.4,0.05
T15,GL-3464,2026-03-15 20:03:00,7.657501,11.262722,14.9,0.73
T15,GL-3464,2026-03-15 20:04:00,7.657287,11.263102,52.9,0.36
T15,GL-3464,2026-03-15 20:05:00,7.658226,11.262704,18.1,0.82
T15,GL-3464,2026-03-15 20:06:00,7.657541,11.262968,43.7,0.23
T15,GL-3464,2026-03-15 20:07:00,7.658186,11.263152,43.6,0.48
T15,GL-3464,2026-03-15 20:08:00,7.658044,11.263043,36.8,0.6
T15,GL-3464,2026-03-15 20:09:00,7.657955,11.262936,40.6,0.69
T15,GL-3464,2026-03-15 20:10:00,7.657941,11.263027,53.2,0.02
T15,GL-3464,2026-03-15 20:11:00,7.658025,11.26329,52.0,0.1
T15,GL-3464,2026-03-15 20:12:00,7.658176,11.263151,47.1,0.74
T15,GL-3464,2026-03-15 20:13:00,7.657438,11.263024,19.2,0.06
T15,GL-3464,2026-03-15 20:14:00,7.658101,11.262574,47.4,0.9
T15,GL-3464,2026-03-15 20:15:00,7.657529,11.262572,25.5,0.59
T15,GL-3464,2026-03-15 20:16:00,7.658235,11.26288,25.4,0.67
