team_id,logger_id,timestamp,longitude,latitude,accuracy_m,speed_kmh
T29,GL-5704,2026-03-11 07:39:00,7.944228,11.093544,9.7,4.01
T29,GL-5704,2026-03-11 07:40:00,7.944522,11.092951,7.2,2.93
T29,GL-5704,2026-03-11 07:41:00,7.944642,11.092341,6.4,4.47
T29,GL-5704,2026-03-11 07:42:00,7.944866,11.091788,7.0,5.45
T29,GL-5704,2026-03-11 07:43:00,7.944981,11.091169,10.8,3.36
T29,GL-5704,2026-03-11 07:44:00,7.945145,11.090523,10.6,4.17
T29,GL-5704,2026-03-11 07:45:00,7.945258,11.089937,10.8,4.51
T29,GL-5704,2026-03-11 07:46:00,7.945565,11.089191,8.1,3.52
T29,GL-5704,2026-03-11 07:47:00,7.945645,11.088672,5.6,5.24
T29,GL-5704,2026-03-11 07:48:00,7.945774,11.088811,6.1,0.09
T29,GL-5704,2026-03-11 07:49:00,7.945665,11.08865,,0.87
T29,GL-5704,2026-03-11 07:50:00,7.945522,11.088571,7.2,0.32
T29,GL-5704,2026-03-11 07:51:00,7.945503,11.08859,4.2,0.84
T29,GL-5704,2026-03-11 07:52:00,7.945631,11.088509,10.6,0.78
T29,GL-5704,2026-03-11 07:53:00,7.945637,11.088712,7.3,0.79
T29,GL-5704,2026-03-11 07:54:00,7.945699,11.08861,7.4,0.69
T29,GL-5704,2026-03-11 07:55:00,7.945465,11.088753,4.9,0.85
T29,GL-5704,2026-03-11 07:56:00,7.945619,11.088701,6.0,0.01
T29,GL-5704,2026-03-11 07:57:00,7.945695,11.08882,7.6,0.87
T29,GL-5704,2026-03-11 07:58:00,7.945804,11.088639,6.0,0.34
T29,GL-5704,2026-03-11 07:59:00,7.945683,11.088483,8.8,0.46
T29,GL-5704,2026-03-11 08:00:00,7.945691,11.088754,10.3,0.18
T29,GL-5704,2026-03-11 08:01:00,7.945722,11.088759,5.5,0.53
T29,GL-5704,2026-03-11 08:02:00,7.945635,11.088696,7.0,0.29
T29,GL-5704,2026-03-11 08:03:00,7.946017,11.087984,4.4,3.82
T29,GL-5704,2026-03-11 08:04:00,7.946488,11.087364,7.4,3.8
T29,GL-5704,2026-03-11 08:05:00,7.946726,11.086708,,4.52
T29,GL-5704,2026-03-11 08:06:00,7.9472,11.085977,4.9,4.45
T29,GL-5704,2026-03-11 08:07:00,7.94752,11.085283,7.1,3.39
T29,GL-5704,2026-03-11 08:08:00,7.94779,11.08469,5.0,3.16
T29,GL-5704,2026-03-11 08:09:00,7.948315,11.084001,9.6,3.45
T29,GL-5704,2026-03-11 08:10:00,7.94853,11.083397,5.4,3.86
T29,GL-5704,2026-03-11 08:11:00,7.948903,11.082713,6.9,4.71
T29,GL-5704,2026-03-11 08:12:00,7.949327,11.082024,11.6,3.53
T29,GL-5704,2026-03-11 08:13:00,7.949646,11.081344,9.1,3.03
T29,GL-5704,2026-03-11 08:14:00,7.950091,11.080643,5.9,5.44
T29,GL-5704,2026-03-11 08:15:00,7.950539,11.080045,6.8,5.32
T29,GL-5704,2026-03-11 08:16:00,7.950846,11.079371,11.6,5.45
T29,GL-5704,2026-03-11 08:17:00,7.951166,11.078767,10.1,2.86
T29,GL-5704,2026-03-11 08:18:00,7.951521,11.078007,11.3,5.11
T29,GL-5704,2026-03-11 08:19:00,7.951905,11.077216,4.9,4.83
T29,GL-5704,2026-03-11 08:20:00,7.952324,11.076607,6.7,4.43
T29,GL-5704,2026-03-11 08:21:00,7.952734,11.075995,,4.82
T29,GL-5704,2026-03-11 08:22:00,7.952993,11.075272,4.2,3.93
T29,GL-5704,2026-03-11 08:23:00,7.953357,11.074783,11.6,3.07
T29,GL-5704,2026-03-11 08:24:00,7.953641,11.074008,7.6,3.73
T29,GL-5704,2026-03-11 08:25:00,7.954074,11.073413,9.7,2.99
T29,GL-5704,2026-03-11 08:26:00,7.954514,11.072704,10.2,3.62
T29,GL-5704,2026-03-11 08:27:00,7.954926,11.071978,9.2,3.79
T29,GL-5704,2026-03-11 08:28:00,7.955296,11.071398,,5.45
T29,GL-5704,2026-03-11 08:29:00,7.955631,11.070701,10.4,5.49
T29,GL-5704,2026-03-11 08:30:00,7.955949,11.06993,10.1,4.2
T29,GL-5704,2026-03-11 08:31:00,7.956366,11.069446,4.8,2.85
T29,GL-5704,2026-03-11 08:32:00,7.956782,11.068786,9.5,4.39
T29,GL-5704,2026-03-11 08:33:00,7.957187,11.068056,6.0,3.49
T29,GL-5704,2026-03-11 08:34:00,7.95751,11.067318,9.7,3.74
T29,GL-5704,2026-03-11 08:35:00,7.95779,11.066699,11.2,3.59
T29,GL-5704,2026-03-11 08:36:00,7.958147,11.06602,4.3,2.89
T29,GL-5704,2026-03-11 08:37:00,7.958558,11.065452,10.0,3.46
T29,GL-5704,2026-03-11 08:38:00,7.95903,11.064702,8.4,4.54
T29,GL-5704,2026-03-11 08:39:00,7.959267,11.0642,9.4,4.38
T29,GL-5704,2026-03-11 08:40:00,7.959746,11.063416,7.6,5.41
T29,GL-5704,2026-03-11 08:41:00,7.960118,11.062673,4.2,2.94
T29,GL-5704,2026-03-11 08:42:00,7.960395,11.061956,8.8,3.68
T29,GL-5704,2026-03-11 08:43:00,7.960814,11.061374,6.9,5.06
T29,GL-5704,2026-03-11 08:44:00,7.961061,11.060707,5.5,3.03
T29,GL-5704,2026-03-11 08:45:00,7.961515,11.060072,11.1,4.55
T29,GL-5704,2026-03-11 08:46:00,7.961901,11.059325,8.1,3.55
T29,GL-5704,2026-03-11 08:47:00,7.962353,11.058657,6.8,3.23
T29,GL-5704,2026-03-11 08:48:00,7.962692,11.058066,11.1,4.74
T29,GL-5704,2026-03-11 08:49:00,7.962997,11.057331,4.7,4.42
T29,GL-5704,2026-03-11 08:50:00,7.963391,11.05674,9.6,5.14
T29,GL-5704,2026-03-11 08:51:00,7.963786,11.056041,5.3,5.35
T29,GL-5704,2026-03-11 08:52:00,7.964193,11.055298,8.5,4.78
T29,GL-5704,2026-03-11 08:53:00,7.964504,11.054649,9.4,4.83
T29,GL-5704,2026-03-11 08:54:00,7.96478,11.054073,6.7,5.58
T29,GL-5704,2026-03-11 08:55:00,7.965268,11.0534,8.1,5.59
T29,GL-5704,2026-03-11 08:56:00,7.965526,11.052647,6.5,2.93
T29,GL-5704,2026-03-11 08:57:00,7.965959,11.051953,10.8,5.25
T29,GL-5704,2026-03-11 08:58:00,7.966291,11.051353,5.3,3.44
T29,GL-5704,2026-03-11 08:59:00,7.966665,11.050795,7.5,3.16
T29,GL-5704,2026-03-11 09:00:00,7.967006,11.050115,6.4,2.98
T29,GL-5704,2026-03-11 09:01:00,7.967532,11.049378,10.9,3.96
T29,GL-5704,2026-03-11 09:02:00,7.967842,11.04877,5.7,3.48
T29,GL-5704,2026-03-11 09:03:00,7.968237,11.048104,10.9,3.39
T29,GL-5704,2026-03-11 09:04:00,7.968547,11.047382,11.6,4.41
T29,GL-5704,2026-03-11 09:05:00,7.968847,11.046777,6.3,2.87
T29,GL-5704,2026-03-11 09:06:00,7.969295,11.046144,8.3,5.41
T29,GL-5704,2026-03-11 09:07:00,7.969666,11.045264,9.4,4.67
T29,GL-5704,2026-03-11 09:08:00,7.970047,11.044759,,4.95
T29,GL-5704,2026-03-11 09:09:00,7.970422,11.043981,8.6,4.7
T29,GL-5704,2026-03-11 09:10:00,7.970715,11.043404,7.0,4.69
T29,GL-5704,2026-03-11 09:11:00,7.971104,11.042741,8.3,3.86
T29,GL-5704,2026-03-11 09:12:00,7.971506,11.042021,7.1,4.69
T29,GL-5704,2026-03-11 09:13:00,7.971784,11.041361,10.6,5.38
T29,GL-5704,2026-03-11 09:14:00,7.972166,11.040778,10.5,3.04
T29,GL-5704,2026-03-11 09:15:00,7.972603,11.040061,10.3,4.69
T29,GL-5704,2026-03-11 09:16:00,7.973031,11.039425,5.7,3.84
T29,GL-5704,2026-03-11 09:17:00,7.973346,11.038727,9.3,3.11
T29,GL-5704,2026-03-11 09:18:00,7.973793,11.038091,6.6,4.59
T29,GL-5704,2026-03-11 09:19:00,7.974096,11.037378,9.0,3.2
T29,GL-5704,2026-03-11 09:20:00,7.974432,11.036647,10.6,2.88
T29,GL-5704,2026-03-11 09:21:00,7.974887,11.035999,5.6,5.15
T29,GL-5704,2026-03-11 09:22:00,7.975276,11.035415,9.8,3.06
T29,GL-5704,2026-03-11 09:23:00,7.9757,11.034638,,4.32
T29,GL-5704,2026-03-11 09:24:00,7.975951,11.033991,10.3,4.98
T29,GL-5704,2026-03-11 09:25:00,7.976252,11.03342,4.2,5.57
T29,GL-5704,2026-03-11 09:26:00,7.976684,11.032696,5.0,4.75
T29,GL-5704,2026-03-11 09:27:00,7.977128,11.031995,4.4,5.4
T29,GL-5704,2026-03-11 09:28:00,7.977335,11.031358,7.3,5.52
T29,GL-5704,2026-03-11 09:29:00,7.97787,11.030694,8.3,5.13
T29,GL-5704,2026-03-11 09:30:00,7.97824,11.0301,10.6,5.03
T29,GL-5704,2026-03-11 09:31:00,7.97847,11.029402,6.9,4.72
T29,GL-5704,2026-03-11 09:32:00,7.978909,11.028671,4.5,5.15
T29,GL-5704,2026-03-11 09:33:00,7.979216,11.028033,8.0,4.67
T29,GL-5704,2026-03-11 09:34:00,7.979704,11.027326,11.9,3.19
T29,GL-5704,2026-03-11 09:35:00,7.979962,11.026626,6.1,3.12
T29,GL-5704,2026-03-11 09:36:00,7.980417,11.026021,4.4,4.47
T29,GL-5704,2026-03-11 09:37:00,7.980782,11.025365,4.6,4.89
T29,GL-5704,2026-03-11 09:38:00,7.9811,11.024722,8.8,3.41
T29,GL-5704,2026-03-11 09:39:00,7.981521,11.024054,11.0,3.09
T29,GL-5704,2026-03-11 09:40:00,7.981883,11.023334,6.4,5.28
T29,GL-5704,2026-03-11 09:41:00,7.98225,11.022722,6.4,5.34
T29,GL-5704,2026-03-11 09:42:00,7.982625,11.022096,11.9,4.87
T29,GL-5704,2026-03-11 09:43:00,7.982964,11.021467,7.5,3.77
T29,GL-5704,2026-03-11 09:44:00,7.983252,11.020608,9.4,4.69
T29,GL-5704,2026-03-11 09:45:00,7.983754,11.020033,10.7,5.03
T29,GL-5704,2026-03-11 09:46:00,7.984113,11.019413,9.8,2.82
T29,GL-5704,2026-03-11 09:47:00,7.984491,11.018784,8.6,3.06
T29,GL-5704,2026-03-11 09:48:00,7.984936,11.01813,,3.33
T29,GL-5704,2026-03-11 09:49:00,7.985229,11.017315,4.6,2.91
T29,GL-5704,2026-03-11 09:50:00,7.985646,11.016697,9.2,3.88
T29,GL-5704,2026-03-11 09:51:00,7.985872,11.016104,11.5,4.38
T29,GL-5704,2026-03-11 09:52:00,7.986282,11.015261,6.8,5.36
T29,GL-5704,2026-03-11 09:53:00,7.986685,11.014567,8.7,2.88
T29,GL-5704,2026-03-11 09:54:00,7.986968,11.014059,9.8,4.42
T29,GL-5704,2026-03-11 09:55:00,7.98737,11.013354,7.1,4.54
T29,GL-5704,2026-03-11 09:56:00,7.98779,11.01284,9.8,3.28
T29,GL-5704,2026-03-11 09:57:00,7.988047,11.012057,11.3,4.13
T29,GL-5704,2026-03-11 09:58:00,7.988563,11.011373,6.1,3.53
T29,GL-5704,2026-03-11 09:59:00,7.988879,11.010775,11.3,3.68
T29,GL-5704,2026-03-11 10:00:00,7.989197,11.009995,5.8,5.5
T29,GL-5704,2026-03-11 10:01:00,7.989743,11.009391,6.6,3.81
T29,GL-5704,2026-03-11 10:02:00,7.989973,11.008656,10.8,4.17
T29,GL-5704,2026-03-11 10:03:00,7.990394,11.008097,10.8,4.94
T29,GL-5704,2026-03-11 10:04:00,7.990775,11.00736,5.0,3.59
T29,GL-5704,2026-03-11 10:05:00,7.990958,11.006632,7.9,5.43
T29,GL-5704,2026-03-11 10:06:00,7.991566,11.006,8.1,5.2
T29,GL-5704,2026-03-11 10:07:00,7.991647,11.005282,7.0,2.83
T29,GL-5704,2026-03-11 10:08:00,7.992315,11.00472,11.8,5.58
T29,GL-5704,2026-03-11 10:09:00,7.99266,11.003934,8.9,4.91
T29,GL-5704,2026-03-11 10:10:00,7.992946,11.003442,11.2,4.14
T29,GL-5704,2026-03-11 10:11:00,7.993365,11.002663,5.8,3.42
T29,GL-5704,2026-03-11 10:12:00,7.993732,11.002022,7.0,5.12
T29,GL-5704,2026-03-11 10:13:00,7.99396,11.001367,6.1,4.49
T29,GL-5704,2026-03-11 10:14:00,7.994471,11.000748,11.6,4.38
T29,GL-5704,2026-03-11 10:15:00,7.994711,11.000025,6.5,5.0
T29,GL-5704,2026-03-11 10:16:00,7.995201,10.999408,10.1,3.77
T29,GL-5704,2026-03-11 10:17:00,7.995576,10.998622,8.7,3.24
T29,GL-5704,2026-03-11 10:18:00,7.995977,10.997971,11.4,3.86
T29,GL-5704,2026-03-11 10:19:00,7.9963,10.997318,6.7,2.96
T29,GL-5704,2026-03-11 10:20:00,7.996197,10.997364,6.1,0.27
T29,GL-5704,2026-03-11 10:21:00,7.996312,10.997404,6.9,0.76
T29,GL-5704,2026-03-11 10:22:00,7.996159,10.997427,10.5,0.04
T29,GL-5704,2026-03-11 10:23:00,7.996249,10.997281,5.3,0.51
T29,GL-5704,2026-03-11 10:24:00,7.996359,10.997455,5.0,0.2
T29,GL-5704,2026-03-11 10:25:00,7.996176,10.997348,8.2,0.5
T29,GL-5704,2026-03-11 10:26:00,7.996141,10.997626,8.8,0.45
T29,GL-5704,2026-03-11 10:27:00,7.996322,10.997401,6.3,0.68
T29,GL-5704,2026-03-11 10:28:00,7.996427,10.997311,8.7,0.38
T29,GL-5704,2026-03-11 10:29:00,7.996219,10.997331,4.9,0.08
T29,GL-5704,2026-03-11 10:30:00,7.996155,10.997417,11.9,0.64
T29,GL-5704,2026-03-11 10:31:00,7.996454,10.997376,9.6,0.2
T29,GL-5704,2026-03-11 10:32:00,7.996217,10.9972,6.3,0.39
T29,GL-5704,2026-03-11 10:33:00,7.996312,10.997279,8.0,0.38
T29,GL-5704,2026-03-11 10:34:00,7.996243,10.997265,11.2,0.35
T29,GL-5704,2026-03-11 10:35:00,7.996248,10.997307,10.1,0.21
T29,GL-5704,2026-03-11 10:36:00,7.996148,10.997437,4.4,0.05
T29,GL-5704,2026-03-11 10:37:00,7.996367,10.997568,8.7,0.35
T29,GL-5704,2026-03-11 10:38:00,7.996323,10.997422,4.7,0.32
T29,GL-5704,2026-03-11 10:39:00,7.996272,10.99736,8.3,0.86
T29,GL-5704,2026-03-11 10:40:00,7.996261,10.997526,4.7,0.58
T29,GL-5704,2026-03-11 10:41:00,7.996257,10.997286,6.0,0.8
T29,GL-5704,2026-03-11 10:42:00,7.996228,10.997368,4.3,0.48
T29,GL-5704,2026-03-11 10:43:00,7.996258,10.997337,4.5,0.03
T29,GL-5704,2026-03-11 10:44:00,7.996306,10.997505,5.0,0.1
T29,GL-5704,2026-03-11 10:45:00,7.996189,10.997416,9.7,0.41
T29,GL-5704,2026-03-11 10:46:00,7.996249,10.9974,9.2,0.36
T29,GL-5704,2026-03-11 10:47:00,7.99641,10.997307,6.2,0.64
T29,GL-5704,2026-03-11 10:48:00,7.996356,10.997426,4.9,0.1
T29,GL-5704,2026-03-11 10:49:00,7.99621,10.997248,6.2,0.66
T29,GL-5704,2026-03-11 10:50:00,7.996168,10.99746,6.7,0.77
T29,GL-5704,2026-03-11 10:51:00,7.995636,10.996981,10.6,4.86
T29,GL-5704,2026-03-11 10:52:00,7.994883,10.996476,5.8,4.16
T29,GL-5704,2026-03-11 10:53:00,7.994124,10.996183,4.6,5.34
T29,GL-5704,2026-03-11 10:54:00,7.993488,10.995737,10.4,3.3
T29,GL-5704,2026-03-11 10:55:00,7.99282,10.995417,6.8,3.3
T29,GL-5704,2026-03-11 10:56:00,7.991951,10.994911,4.3,4.74
T29,GL-5704,2026-03-11 10:57:00,7.991492,10.994467,7.4,3.22
T29,GL-5704,2026-03-11 10:58:00,7.99053,10.994149,8.5,5.33
T29,GL-5704,2026-03-11 10:59:00,7.989921,10.993729,7.7,3.71
T29,GL-5704,2026-03-11 11:00:00,7.989182,10.993343,7.7,4.71
T29,GL-5704,2026-03-11 11:01:00,7.98855,10.992928,4.6,4.99
T29,GL-5704,2026-03-11 11:02:00,7.987718,10.992587,4.7,5.07
T29,GL-5704,2026-03-11 11:03:00,7.987101,10.992146,9.0,5.49
T29,GL-5704,2026-03-11 11:04:00,7.986432,10.991656,7.5,3.7
T29,GL-5704,2026-03-11 11:05:00,7.985738,10.991166,11.2,5.09
T29,GL-5704,2026-03-11 11:06:00,7.984971,10.990828,7.1,3.83
T29,GL-5704,2026-03-11 11:07:00,7.984273,10.990505,7.8,5.26
T29,GL-5704,2026-03-11 11:08:00,7.983564,10.989922,5.2,4.38
T29,GL-5704,2026-03-11 11:09:00,7.982887,10.989611,6.4,3.52
T29,GL-5704,2026-03-11 11:10:00,7.982238,10.989227,6.2,4.22
T29,GL-5704,2026-03-11 11:11:00,7.981452,10.988819,7.4,3.29
T29,GL-5704,2026-03-11 11:12:00,7.980821,10.988423,5.1,3.86
T29,GL-5704,2026-03-11 11:13:00,7.979992,10.987975,5.5,4.33
T29,GL-5704,2026-03-11 11:14:00,7.979319,10.98749,7.6,5.42
T29,GL-5704,2026-03-11 11:15:00,7.978776,10.987241,,3.52
T29,GL-5704,2026-03-11 11:16:00,7.977918,10.986712,5.0,4.69
T29,GL-5704,2026-03-11 11:17:00,7.97732,10.986413,11.7,5.03
T29,GL-5704,2026-03-11 11:18:00,7.976642,10.985955,8.7,3.82
T29,GL-5704,2026-03-11 11:19:00,7.975794,10.985658,9.6,4.14
T29,GL-5704,2026-03-11 11:20:00,7.975027,10.985201,5.6,5.28
T29,GL-5704,2026-03-11 11:21:00,7.97442,10.984667,5.7,3.99
T29,GL-5704,2026-03-11 11:22:00,7.973742,10.984358,4.1,3.53
T29,GL-5704,2026-03-11 11:23:00,7.972955,10.983972,6.4,3.53
T29,GL-5704,2026-03-11 11:24:00,7.972976,10.983934,7.6,0.6
T29,GL-5704,2026-03-11 11:25:00,7.972996,10.984021,5.2,0.31
T29,GL-5704,2026-03-11 11:26:00,7.972997,10.983985,10.5,0.53
T29,GL-5704,2026-03-11 11:27:00,7.972927,10.98406,11.6,0.54
T29,GL-5704,2026-03-11 11:28:00,7.972957,10.983899,7.7,0.01
T29,GL-5704,2026-03-11 11:29:00,7.973168,10.983967,8.3,0.47
T29,GL-5704,2026-03-11 11:30:00,7.972906,10.983857,4.1,0.66
T29,GL-5704,2026-03-11 11:31:00,7.97293,10.983871,8.7,0.62
T29,GL-5704,2026-03-11 11:32:00,7.973049,10.983855,8.9,0.66
T29,GL-5704,2026-03-11 11:33:00,7.973127,10.983829,5.8,0.04
T29,GL-5704,2026-03-11 11:34:00,7.973077,10.983962,11.9,0.48
T29,GL-5704,2026-03-11 11:35:00,7.972975,10.983965,8.6,0.18
T29,GL-5704,2026-03-11 11:36:00,7.972976,10.9838,8.6,0.22
T29,GL-5704,2026-03-11 11:37:00,7.972933,10.983886,9.2,0.14
T29,GL-5704,2026-03-11 11:38:00,7.973071,10.983828,8.3,0.84
T29,GL-5704,2026-03-11 11:39:00,7.973017,10.983916,9.0,0.63
T29,GL-5704,2026-03-11 11:40:00,7.973042,10.984056,9.9,0.38
T29,GL-5704,2026-03-11 11:41:00,7.972879,10.983917,8.2,0.76
T29,GL-5704,2026-03-11 11:42:00,7.973615,10.983711,5.5,4.02
T29,GL-5704,2026-03-11 11:43:00,7.974179,10.983555,5.4,4.7
T29,GL-5704,2026-03-11 11:44:00,7.974577,10.983251,4.3,3.77
T29,GL-5704,2026-03-11 11:45:00,7.974992,10.983073,9.3,4.32
T29,GL-5704,2026-03-11 11:46:00,7.975594,10.982759,6.7,3.5
T29,GL-5704,2026-03-11 11:47:00,7.976139,10.982514,10.9,3.69
T29,GL-5704,2026-03-11 11:48:00,7.976675,10.982506,10.0,4.44
T29,GL-5704,2026-03-11 11:49:00,7.977219,10.982148,10.9,3.89
T29,GL-5704,2026-03-11 11:50:00,7.977731,10.981972,4.2,3.95
T29,GL-5704,2026-03-11 11:51:00,7.978238,10.98174,10.4,4.62
T29,GL-5704,2026-03-11 11:52:00,7.978648,10.981485,8.5,5.05
T29,GL-5704,2026-03-11 11:53:00,7.979402,10.98117,4.8,3.04
T29,GL-5704,2026-03-11 11:54:00,7.979839,10.980984,5.5,5.58
T29,GL-5704,2026-03-11 11:55:00,7.98039,10.980787,10.4,4.79
T29,GL-5704,2026-03-11 11:56:00,7.980927,10.980491,11.3,2.82
T29,GL-5704,2026-03-11 11:57:00,7.981366,10.980323,8.1,5.44
T29,GL-5704,2026-03-11 11:58:00,7.981892,10.98012,8.7,3.46
T29,GL-5704,2026-03-11 11:59:00,7.982352,10.979785,9.2,4.32
T29,GL-5704,2026-03-11 12:00:00,7.982862,10.979707,4.1,4.31
T29,GL-5704,2026-03-11 12:01:00,7.983494,10.979453,5.3,4.9
T29,GL-5704,2026-03-11 12:02:00,7.983874,10.97921,7.0,3.69
T29,GL-5704,2026-03-11 12:03:00,7.984497,10.978963,7.5,3.77
T29,GL-5704,2026-03-11 12:04:00,7.985003,10.978696,10.8,3.17
T29,GL-5704,2026-03-11 12:05:00,7.985453,10.978495,4.1,3.29
T29,GL-5704,2026-03-11 12:06:00,7.986115,10.978322,7.8,4.81
T29,GL-5704,2026-03-11 12:07:00,7.986563,10.978104,5.4,3.9
T29,GL-5704,2026-03-11 12:08:00,7.987092,10.977819,10.4,3.77
T29,GL-5704,2026-03-11 12:09:00,7.987572,10.977595,9.1,2.88
T29,GL-5704,2026-03-11 12:10:00,7.988181,10.977329,11.7,4.33
T29,GL-5704,2026-03-11 12:11:00,7.988766,10.977198,4.3,4.83
T29,GL-5704,2026-03-11 12:12:00,7.989088,10.976876,9.4,4.97
T29,GL-5704,2026-03-11 12:13:00,7.989706,10.976637,6.5,4.89
T29,GL-5704,2026-03-11 12:14:00,7.990186,10.976561,10.1,4.62
T29,GL-5704,2026-03-11 12:15:00,7.990771,10.976261,11.1,5.31
T29,GL-5704,2026-03-11 12:16:00,7.99133,10.976088,,4.52
T29,GL-5704,2026-03-11 12:17:00,7.991774,10.975878,4.9,3.52
T29,GL-5704,2026-03-11 12:18:00,7.992305,10.975646,11.2,3.09
T29,GL-5704,2026-03-11 12:19:00,7.992792,10.975482,9.0,4.39
T29,GL-5704,2026-03-11 12:20:00,7.993312,10.975148,5.9,3.48
T29,GL-5704,2026-03-11 12:21:00,7.993762,10.975083,7.2,3.1
T29,GL-5704,2026-03-11 12:22:00,7.994396,10.974766,8.8,5.15
T29,GL-5704,2026-03-11 12:23:00,7.994883,10.974461,4.5,2.99
T29,GL-5704,2026-03-11 12:24:00,7.995611,10.974158,8.7,3.14
T29,GL-5704,2026-03-11 12:25:00,7.995857,10.974113,8.8,5.56
T29,GL-5704,2026-03-11 12:26:00,7.996469,10.973852,5.3,3.73
T29,GL-5704,2026-03-11 12:27:00,7.99705,10.973556,11.4,4.06
T29,GL-5704,2026-03-11 12:28:00,7.997594,10.973437,5.8,4.27
T29,GL-5704,2026-03-11 12:29:00,7.998072,10.973046,6.0,4.46
T29,GL-5704,2026-03-11 12:30:00,7.998557,10.972876,4.3,3.96
T29,GL-5704,2026-03-11 12:31:00,7.999185,10.972764,11.3,4.95
T29,GL-5704,2026-03-11 12:32:00,7.999547,10.972526,10.6,4.71
T29,GL-5704,2026-03-11 12:33:00,8.00016,10.972221,10.9,5.55
T29,GL-5704,2026-03-11 12:34:00,8.000588,10.972095,8.5,4.36
T29,GL-5704,2026-03-11 12:35:00,8.001105,10.971796,7.0,3.78
T29,GL-5704,2026-03-11 12:36:00,8.001663,10.9715,8.4,4.01
T29,GL-5704,2026-03-11 12:37:00,8.002305,10.971262,5.9,4.57
T29,GL-5704,2026-03-11 12:38:00,8.002834,10.971153,5.1,3.04
T29,GL-5704,2026-03-11 12:39:00,8.003317,10.970961,4.7,3.16
T29,GL-5704,2026-03-11 12:40:00,8.003735,10.970742,,4.59
T29,GL-5704,2026-03-11 12:41:00,8.004249,10.970554,11.6,4.37
T29,GL-5704,2026-03-11 12:42:00,8.004864,10.970156,7.0,3.45
T29,GL-5704,2026-03-11 12:43:00,8.005346,10.969968,4.9,3.81
T29,GL-5704,2026-03-11 12:44:00,8.005936,10.969853,6.1,5.53
T29,GL-5704,2026-03-11 12:45:00,8.006484,10.969496,6.5,2.81
T29,GL-5704,2026-03-11 12:46:00,8.0069,10.969262,10.9,4.86
T29,GL-5704,2026-03-11 12:47:00,8.007452,10.969052,7.2,2.93
T29,GL-5704,2026-03-11 12:48:00,8.008005,10.968988,9.7,3.28
T29,GL-5704,2026-03-11 12:49:00,8.00843,10.968682,11.1,4.35
T29,GL-5704,2026-03-11 12:50:00,8.008991,10.968472,5.8,3.86
T29,GL-5704,2026-03-11 12:51:00,8.009601,10.968144,6.7,5.53
T29,GL-5704,2026-03-11 12:52:00,8.010066,10.967968,10.8,5.11
T29,GL-5704,2026-03-11 12:53:00,8.010548,10.967782,10.2,5.34
T29,GL-5704,2026-03-11 12:54:00,8.011159,10.967669,9.2,5.53
T29,GL-5704,2026-03-11 12:55:00,8.011624,10.967307,6.5,3.09
T29,GL-5704,2026-03-11 12:56:00,8.012194,10.967073,7.6,4.83
T29,GL-5704,2026-03-11 12:57:00,8.012719,10.966901,5.5,4.09
T29,GL-5704,2026-03-11 12:58:00,8.013172,10.966584,6.1,3.58
T29,GL-5704,2026-03-11 12:59:00,8.013633,10.966557,4.4,3.0
T29,GL-5704,2026-03-11 13:00:00,8.014261,10.966167,7.0,3.23
T29,GL-5704,2026-03-11 13:01:00,8.014782,10.965917,,5.15
T29,GL-5704,2026-03-11 13:02:00,8.015261,10.965765,6.0,3.08
T29,GL-5704,2026-03-11 13:03:00,8.015834,10.965539,8.7,4.18
T29,GL-5704,2026-03-11 13:04:00,8.016355,10.965314,7.3,2.94
T29,GL-5704,2026-03-11 13:05:00,8.016831,10.965167,5.8,5.27
T29,GL-5704,2026-03-11 13:06:00,8.017377,10.964866,4.3,3.66
T29,GL-5704,2026-03-11 13:07:00,8.017867,10.964541,7.3,2.92
T29,GL-5704,2026-03-11 13:08:00,8.018426,10.964423,11.6,2.98
T29,GL-5704,2026-03-11 13:09:00,8.018875,10.964103,11.2,4.46
T29,GL-5704,2026-03-11 13:10:00,8.019388,10.964089,4.9,5.06
T29,GL-5704,2026-03-11 13:11:00,8.019989,10.963644,6.2,4.07
T29,GL-5704,2026-03-11 13:12:00,8.020471,10.963482,6.8,5.48
T29,GL-5704,2026-03-11 13:13:00,8.021026,10.963227,4.9,5.0
T29,GL-5704,2026-03-11 13:14:00,8.021516,10.962933,11.1,3.82
T29,GL-5704,2026-03-11 13:15:00,8.022083,10.962907,11.1,4.07
T29,GL-5704,2026-03-11 13:16:00,8.022514,10.962604,6.1,5.2
T29,GL-5704,2026-03-11 13:17:00,8.023055,10.962315,6.0,5.53
T29,GL-5704,2026-03-11 13:18:00,8.023629,10.962143,10.1,4.6
T29,GL-5704,2026-03-11 13:19:00,8.024056,10.961944,10.5,4.16
T29,GL-5704,2026-03-11 13:20:00,8.024587,10.961662,6.8,5.08
T29,GL-5704,2026-03-11 13:21:00,8.025249,10.961577,6.5,4.61
T29,GL-5704,2026-03-11 13:22:00,8.025677,10.961231,9.3,4.09
T29,GL-5704,2026-03-11 13:23:00,8.026212,10.961032,9.6,2.85
T29,GL-5704,2026-03-11 13:24:00,8.026711,10.960762,4.3,3.09
T29,GL-5704,2026-03-11 13:25:00,8.027242,10.96064,6.1,3.16
T29,GL-5704,2026-03-11 13:26:00,8.027767,10.960374,9.9,2.9
T29,GL-5704,2026-03-11 13:27:00,8.028412,10.960094,8.4,3.53
T29,GL-5704,2026-03-11 13:28:00,8.028811,10.959897,8.9,3.47
T29,GL-5704,2026-03-11 13:29:00,8.029363,10.959611,9.3,3.71
T29,GL-5704,2026-03-11 13:30:00,8.029865,10.959446,8.6,3.73
T29,GL-5704,2026-03-11 13:31:00,8.030284,10.95922,5.4,3.91
T29,GL-5704,2026-03-11 13:32:00,8.030958,10.959016,11.7,4.83
T29,GL-5704,2026-03-11 13:33:00,8.031386,10.958827,11.5,5.47
T29,GL-5704,2026-03-11 13:34:00,8.031967,10.958444,10.3,3.31
T29,GL-5704,2026-03-11 13:35:00,8.032499,10.958412,6.8,4.72
T29,GL-5704,2026-03-11 13:36:00,8.032987,10.958065,7.6,5.47
T29,GL-5704,2026-03-11 13:37:00,8.033478,10.957868,10.0,3.76
T29,GL-5704,2026-03-11 13:38:00,8.034047,10.957678,11.3,5.41
T29,GL-5704,2026-03-11 13:39:00,8.034587,10.957433,8.4,5.52
T29,GL-5704,2026-03-11 13:40:00,8.035101,10.957135,11.4,4.98
T29,GL-5704,2026-03-11 13:41:00,8.035674,10.956948,9.9,3.3
T29,GL-5704,2026-03-11 13:42:00,8.036154,10.956675,4.2,4.71
T29,GL-5704,2026-03-11 13:43:00,8.036596,10.956553,5.4,3.63
T29,GL-5704,2026-03-11 13:44:00,8.037228,10.956259,6.7,4.12
T29,GL-5704,2026-03-11 13:45:00,8.037142,10.956409,6.8,0.13
T29,GL-5704,2026-03-11 13:46:00,8.037252,10.95613,9.5,0.0
T29,GL-5704,2026-03-11 13:47:00,8.037215,10.956239,4.9,0.21
T29,GL-5704,2026-03-11 13:48:00,8.037206,10.956348,4.9,0.57
T29,GL-5704,2026-03-11 13:49:00,8.037008,10.956342,8.4,0.34
T29,GL-5704,2026-03-11 13:50:00,8.037141,10.956267,5.9,0.57
T29,GL-5704,2026-03-11 13:51:00,8.037237,10.956193,10.1,0.22
T29,GL-5704,2026-03-11 13:52:00,8.037293,10.956288,11.9,0.05
T29,GL-5704,2026-03-11 13:53:00,8.037174,10.956281,7.7,0.78
T29,GL-5704,2026-03-11 13:54:00,8.037099,10.956097,,0.09
T29,GL-5704,2026-03-11 13:55:00,8.037257,10.956268,4.7,0.04
T29,GL-5704,2026-03-11 13:56:00,8.037222,10.95637,9.0,0.66
T29,GL-5704,2026-03-11 13:57:00,8.03705,10.95631,11.4,0.41
T29,GL-5704,2026-03-11 13:58:00,8.037119,10.956344,11.4,0.74
T29,GL-5704,2026-03-11 13:59:00,8.037138,10.95621,10.2,0.25
T29,GL-5704,2026-03-11 14:00:00,8.037179,10.95635,8.8,0.49
T29,GL-5704,2026-03-11 14:01:00,8.037073,10.956279,11.9,0.73
T29,GL-5704,2026-03-11 14:02:00,8.037086,10.956296,10.7,0.47
T29,GL-5704,2026-03-11 14:03:00,8.037158,10.956317,10.0,0.01
T29,GL-5704,2026-03-11 14:04:00,8.037253,10.956395,6.6,0.84
T29,GL-5704,2026-03-11 14:05:00,8.037194,10.956149,11.7,0.1
T29,GL-5704,2026-03-11 14:06:00,8.037038,10.956386,4.3,0.22
T29,GL-5704,2026-03-11 14:07:00,8.037202,10.956294,6.7,0.9
T29,GL-5704,2026-03-11 14:08:00,8.037095,10.956411,6.3,0.1
T29,GL-5704,2026-03-11 14:09:00,8.037118,10.956302,4.4,0.56
T29,GL-5704,2026-03-11 14:10:00,8.036291,10.956601,9.6,4.86
T29,GL-5704,2026-03-11 14:11:00,8.035542,10.956938,9.7,3.17
T29,GL-5704,2026-03-11 14:12:00,8.034954,10.957245,6.1,4.11
T29,GL-5704,2026-03-11 14:13:00,8.034268,10.957415,11.4,5.01
T29,GL-5704,2026-03-11 14:14:00,8.033467,10.957868,11.8,4.19
T29,GL-5704,2026-03-11 14:15:00,8.032728,10.958071,5.8,2.89
T29,GL-5704,2026-03-11 14:16:00,8.032092,10.958431,9.5,5.19
T29,GL-5704,2026-03-11 14:17:00,8.031172,10.958602,9.0,5.03
T29,GL-5704,2026-03-11 14:18:00,8.03044,10.958868,11.6,3.73
T29,GL-5704,2026-03-11 14:19:00,8.029732,10.959196,7.3,4.75
T29,GL-5704,2026-03-11 14:20:00,8.028965,10.95948,6.8,5.59
T29,GL-5704,2026-03-11 14:21:00,8.028193,10.959707,10.8,4.99
T29,GL-5704,2026-03-11 14:22:00,8.027462,10.960049,10.2,3.78
T29,GL-5704,2026-03-11 14:23:00,8.026726,10.960319,4.2,2.96
T29,GL-5704,2026-03-11 14:24:00,8.02606,10.960583,4.6,3.43
T29,GL-5704,2026-03-11 14:25:00,8.025268,10.960906,8.0,4.88
T29,GL-5704,2026-03-11 14:26:00,8.024549,10.961104,7.3,3.88
T29,GL-5704,2026-03-11 14:27:00,8.023877,10.961352,9.0,5.14
T29,GL-5704,2026-03-11 14:28:00,8.023015,10.961703,5.7,4.69
T29,GL-5704,2026-03-11 14:29:00,8.022486,10.961995,8.3,4.7
T29,GL-5704,2026-03-11 14:30:00,8.021577,10.962268,11.1,5.07
T29,GL-5704,2026-03-11 14:31:00,8.02089,10.962581,11.7,3.55
T29,GL-5704,2026-03-11 14:32:00,8.02,10.962852,5.9,3.92
T29,GL-5704,2026-03-11 14:33:00,8.01938,10.963236,7.1,3.17
T29,GL-5704,2026-03-11 14:34:00,8.01856,10.963382,6.1,5.28
T29,GL-5704,2026-03-11 14:35:00,8.017834,10.96368,4.8,3.8
T29,GL-5704,2026-03-11 14:36:00,8.017087,10.96394,9.6,5.02
T29,GL-5704,2026-03-11 14:37:00,8.016331,10.964313,5.1,4.41
T29,GL-5704,2026-03-11 14:38:00,8.015762,10.964627,5.0,2.81
T29,GL-5704,2026-03-11 14:39:00,8.014881,10.964783,4.2,4.05
T29,GL-5704,2026-03-11 14:40:00,8.014168,10.965177,6.0,2.98
T29,GL-5704,2026-03-11 14:41:00,8.013512,10.965401,6.5,5.02
T29,GL-5704,2026-03-11 14:42:00,8.01272,10.965679,7.3,5.31
T29,GL-5704,2026-03-11 14:43:00,8.011929,10.96598,4.9,3.0
T29,GL-5704,2026-03-11 14:44:00,8.011157,10.966239,5.8,3.74
T29,GL-5704,2026-03-11 14:45:00,8.010476,10.966569,11.2,3.54
T29,GL-5704,2026-03-11 14:46:00,8.009744,10.966915,,3.88
T29,GL-5704,2026-03-11 14:47:00,8.008929,10.967105,4.5,4.88
T29,GL-5704,2026-03-11 14:48:00,8.008263,10.967394,5.1,3.55
T29,GL-5704,2026-03-11 14:49:00,8.007575,10.967615,7.1,3.49
T29,GL-5704,2026-03-11 14:50:00,8.00678,10.967953,7.9,3.14
T29,GL-5704,2026-03-11 14:51:00,8.00602,10.968311,7.2,4.92
T29,GL-5704,2026-03-11 14:52:00,8.005256,10.968504,7.0,3.88
T29,GL-5704,2026-03-11 14:53:00,8.004642,10.96871,9.6,3.46
T29,GL-5704,2026-03-11 14:54:00,8.003855,10.969155,4.2,5.3
T29,GL-5704,2026-03-11 14:55:00,8.003055,10.969458,7.0,4.3
T29,GL-5704,2026-03-11 14:56:00,8.002314,10.969862,10.1,5.27
T29,GL-5704,2026-03-11 14:57:00,8.001643,10.970002,6.4,3.78
T29,GL-5704,2026-03-11 14:58:00,8.000838,10.970285,6.4,3.85
T29,GL-5704,2026-03-11 14:59:00,8.000059,10.970739,6.8,3.81
T29,GL-5704,2026-03-11 15:00:00,7.999302,10.970831,5.4,2.87
T29,GL-5704,2026-03-11 15:01:00,7.99859,10.971074,7.2,4.98
T29,GL-5704,2026-03-11 15:02:00,7.997811,10.971487,11.5,3.2
T29,GL-5704,2026-03-11 15:03:00,7.997049,10.971677,5.8,4.99
T29,GL-5704,2026-03-11 15:04:00,7.996458,10.972114,5.0,4.27
T29,GL-5704,2026-03-11 15:05:00,7.995487,10.972354,5.0,3.38
T29,GL-5704,2026-03-11 15:06:00,7.994956,10.972591,11.9,3.61
T29,GL-5704,2026-03-11 15:07:00,7.994163,10.972875,4.9,2.83
T29,GL-5704,2026-03-11 15:08:00,7.993449,10.972967,6.2,3.15
T29,GL-5704,2026-03-11 15:09:00,7.992633,10.973431,11.1,5.2
T29,GL-5704,2026-03-11 15:10:00,7.99198,10.973762,8.6,4.76
T29,GL-5704,2026-03-11 15:11:00,7.991225,10.973985,8.9,3.02
T29,GL-5704,2026-03-11 15:12:00,7.990384,10.974323,9.2,4.05
T29,GL-5704,2026-03-11 15:13:00,7.989723,10.974572,4.6,3.69
T29,GL-5704,2026-03-11 15:14:00,7.988945,10.974863,11.3,5.17
T29,GL-5704,2026-03-11 15:15:00,7.988267,10.975245,10.6,4.78
T29,GL-5704,2026-03-11 15:16:00,7.98758,10.975456,4.6,3.78
T29,GL-5704,2026-03-11 15:17:00,7.986532,10.975705,11.1,4.17
T29,GL-5704,2026-03-11 15:18:00,7.851116,10.975981,9.7,162.53
T29,GL-5704,2026-03-11 15:19:00,7.9852,10.976301,10.1,4.23
T29,GL-5704,2026-03-11 15:20:00,7.98447,10.976557,9.9,3.24
T29,GL-5704,2026-03-11 15:21:00,7.983699,10.977019,,3.01
T29,GL-5704,2026-03-11 15:22:00,7.983035,10.977158,8.2,5.56
T29,GL-5704,2026-03-11 15:23:00,7.982285,10.977432,6.0,3.48
T29,GL-5704,2026-03-11 15:24:00,7.981479,10.977746,8.6,4.79
T29,GL-5704,2026-03-11 15:25:00,7.980736,10.977963,7.6,4.68
T29,GL-5704,2026-03-11 15:26:00,7.980862,10.978085,9.1,0.05
T29,GL-5704,2026-03-11 15:27:00,7.980809,10.978015,7.2,0.14
T29,GL-5704,2026-03-11 15:28:00,7.980834,10.978165,,0.88
T29,GL-5704,2026-03-11 15:29:00,7.980762,10.978089,6.4,0.01
T29,GL-5704,2026-03-11 15:30:00,7.98084,10.978102,9.3,0.63
T29,GL-5704,2026-03-11 15:31:00,7.980897,10.97807,5.9,0.37
T29,GL-5704,2026-03-11 15:32:00,7.980791,10.978145,5.0,0.6
T29,GL-5704,2026-03-11 15:33:00,7.980942,10.977901,12.0,0.6
T29,GL-5704,2026-03-11 15:34:00,7.980781,10.977972,9.5,0.18
T29,GL-5704,2026-03-11 15:35:00,7.980612,10.978052,10.7,0.04
T29,GL-5704,2026-03-11 15:36:00,7.980784,10.977918,8.9,0.71
T29,GL-5704,2026-03-11 15:37:00,7.98074,10.977924,6.3,0.84
T29,GL-5704,2026-03-11 15:38:00,7.980737,10.977938,8.3,0.06
T29,GL-5704,2026-03-11 15:39:00,7.980676,10.978074,10.1,0.8
T29,GL-5704,2026-03-11 15:40:00,7.980836,10.977982,5.7,0.67
T29,GL-5704,2026-03-11 15:41:00,7.980764,10.977969,7.8,0.44
T29,GL-5704,2026-03-11 15:42:00,7.980811,10.97803,4.2,0.6
T29,GL-5704,2026-03-11 15:43:00,7.980843,10.978106,11.2,0.38
T29,GL-5704,2026-03-11 15:44:00,7.980795,10.978083,8.2,0.17
T29,GL-5704,2026-03-11 15:45:00,7.98063,10.97807,11.2,0.13
T29,GL-5704,2026-03-11 15:46:00,7.980625,10.977999,6.1,0.6
T29,GL-5704,2026-03-11 15:47:00,7.980763,10.978138,8.3,0.26
T29,GL-5704,2026-03-11 15:48:00,7.980569,10.978007,9.1,0.28
T29,GL-5704,2026-03-11 15:49:00,7.980773,10.978024,6.8,0.61
T29,GL-5704,2026-03-11 15:50:00,7.980629,10.977944,6.0,0.51
T29,GL-5704,2026-03-11 15:51:00,7.980771,10.977887,6.6,0.67
T29,GL-5704,2026-03-11 15:52:00,7.980738,10.977948,10.8,0.56
T29,GL-5704,2026-03-11 15:53:00,7.980717,10.977961,7.5,0.31
T29,GL-5704,2026-03-11 15:54:00,7.980871,10.978005,4.7,0.08
T29,GL-5704,2026-03-11 15:55:00,7.980936,10.977998,6.0,0.43
T29,GL-5704,2026-03-11 15:56:00,7.980469,10.978458,10.4,4.61
T29,GL-5704,2026-03-11 15:57:00,7.980086,10.9789,4.9,3.25
T29,GL-5704,2026-03-11 15:58:00,7.97982,10.979307,5.2,3.52
T29,GL-5704,2026-03-11 15:59:00,7.979549,10.979751,8.3,3.18
T29,GL-5704,2026-03-11 16:00:00,7.979165,10.980319,8.7,3.61
T29,GL-5704,2026-03-11 16:01:00,7.97888,10.98058,11.9,4.17
T29,GL-5704,2026-03-11 16:02:00,7.97856,10.981161,10.5,4.51
T29,GL-5704,2026-03-11 16:03:00,7.978175,10.981569,5.4,4.08
T29,GL-5704,2026-03-11 16:04:00,7.977892,10.982091,10.3,5.47
T29,GL-5704,2026-03-11 16:05:00,7.977585,10.982499,9.0,4.64
T29,GL-5704,2026-03-11 16:06:00,7.977223,10.983024,10.4,5.3
T29,GL-5704,2026-03-11 16:07:00,7.976879,10.983402,11.5,3.52
T29,GL-5704,2026-03-11 16:08:00,7.97659,10.984024,11.4,4.52
T29,GL-5704,2026-03-11 16:09:00,7.976304,10.984364,6.8,3.37
T29,GL-5704,2026-03-11 16:10:00,7.975959,10.984773,5.6,2.86
T29,GL-5704,2026-03-11 16:11:00,7.975659,10.985216,11.2,5.01
T29,GL-5704,2026-03-11 16:12:00,7.975287,10.985736,5.7,3.53
T29,GL-5704,2026-03-11 16:13:00,7.975116,10.98626,11.1,5.22
T29,GL-5704,2026-03-11 16:14:00,7.974524,10.986584,8.5,5.11
T29,GL-5704,2026-03-11 16:15:00,7.97439,10.987013,6.8,3.55
T29,GL-5704,2026-03-11 16:16:00,7.974079,10.987617,10.5,4.22
T29,GL-5704,2026-03-11 16:17:00,7.973619,10.987942,9.3,3.19
T29,GL-5704,2026-03-11 16:18:00,7.973279,10.988379,9.8,5.48
T29,GL-5704,2026-03-11 16:19:00,7.973097,10.988861,9.4,4.89
T29,GL-5704,2026-03-11 16:20:00,7.972741,10.989274,4.6,4.26
T29,GL-5704,2026-03-11 16:21:00,7.972431,10.989802,8.4,5.46
T29,GL-5704,2026-03-11 16:22:00,7.972046,10.990185,9.7,2.93
T29,GL-5704,2026-03-11 16:23:00,7.971925,10.990693,4.4,5.27
T29,GL-5704,2026-03-11 16:24:00,7.971499,10.991181,9.6,3.68
T29,GL-5704,2026-03-11 16:25:00,7.971046,10.991615,9.2,3.42
T29,GL-5704,2026-03-11 16:26:00,7.970935,10.992025,6.7,3.26
T29,GL-5704,2026-03-11 16:27:00,7.970533,10.992416,8.8,4.11
T29,GL-5704,2026-03-11 16:28:00,7.970265,10.992933,7.4,5.31
T29,GL-5704,2026-03-11 16:29:00,7.969896,10.99332,8.0,3.01
T29,GL-5704,2026-03-11 16:30:00,7.969583,10.993821,7.3,3.47
T29,GL-5704,2026-03-11 16:31:00,7.969323,10.994207,11.7,4.77
T29,GL-5704,2026-03-11 16:32:00,7.96901,10.994772,7.5,4.18
T29,GL-5704,2026-03-11 16:33:00,7.968644,10.995329,8.8,3.61
T29,GL-5704,2026-03-11 16:34:00,7.968299,10.995636,5.4,3.58
T29,GL-5704,2026-03-11 16:35:00,7.967999,10.996056,9.0,3.04
T29,GL-5704,2026-03-11 16:36:00,7.967635,10.996536,12.0,3.25
T29,GL-5704,2026-03-11 16:37:00,7.967321,10.996984,8.4,3.99
T29,GL-5704,2026-03-11 16:38:00,7.966981,10.997461,11.7,5.3
T29,GL-5704,2026-03-11 16:39:00,7.966735,10.997897,10.3,3.81
T29,GL-5704,2026-03-11 16:40:00,7.966404,10.998365,10.9,5.38
T29,GL-5704,2026-03-11 16:41:00,7.965989,10.998739,9.7,3.09
T29,GL-5704,2026-03-11 16:42:00,7.965746,10.999286,7.6,3.75
T29,GL-5704,2026-03-11 16:43:00,7.965448,10.999779,10.6,5.12
T29,GL-5704,2026-03-11 16:44:00,7.9652,11.000103,10.1,4.07
T29,GL-5704,2026-03-11 16:45:00,7.964763,11.000592,10.8,4.7
T29,GL-5704,2026-03-11 16:46:00,7.964414,11.001054,7.6,3.42
T29,GL-5704,2026-03-11 16:47:00,7.964223,11.001546,6.2,3.22
T29,GL-5704,2026-03-11 16:48:00,7.963811,11.002147,4.2,5.15
T29,GL-5704,2026-03-11 16:49:00,7.963617,11.002449,5.1,4.51
T29,GL-5704,2026-03-11 16:50:00,7.963129,11.002898,9.6,3.66
T29,GL-5704,2026-03-11 16:51:00,7.962956,11.003388,9.7,3.79
T29,GL-5704,2026-03-11 16:52:00,7.962632,11.003831,6.6,3.99
T29,GL-5704,2026-03-11 16:53:00,7.962259,11.004372,11.8,3.51
T29,GL-5704,2026-03-11 16:54:00,7.96193,11.004685,6.8,4.99
T29,GL-5704,2026-03-11 16:55:00,7.961579,11.005256,5.2,4.51
T29,GL-5704,2026-03-11 16:56:00,7.961239,11.005679,10.1,3.69
T29,GL-5704,2026-03-11 16:57:00,7.960997,11.005994,5.1,4.26
T29,GL-5704,2026-03-11 16:58:00,7.960712,11.006579,6.2,3.85
T29,GL-5704,2026-03-11 16:59:00,7.96036,11.007019,5.9,4.04
T29,GL-5704,2026-03-11 17:00:00,7.960018,11.007473,7.8,3.4
T29,GL-5704,2026-03-11 17:01:00,7.959727,11.007818,9.6,4.95
T29,GL-5704,2026-03-11 17:02:00,7.959365,11.008367,10.5,4.57
T29,GL-5704,2026-03-11 17:03:00,7.959006,11.008818,8.9,5.36
T29,GL-5704,2026-03-11 17:04:00,7.958831,11.009253,5.5,5.15
T29,GL-5704,2026-03-11 17:05:00,7.958403,11.009805,5.9,5.04
T29,GL-5704,2026-03-11 17:06:00,7.958013,11.010095,8.8,5.05
T29,GL-5704,2026-03-11 17:07:00,7.957806,11.010548,8.1,3.79
T29,GL-5704,2026-03-11 17:08:00,7.95737,11.011125,5.4,5.39
T29,GL-5704,2026-03-11 17:09:00,7.95706,11.011486,11.5,4.8
T29,GL-5704,2026-03-11 17:10:00,7.95682,11.011878,4.2,3.19
T29,GL-5704,2026-03-11 17:11:00,7.956572,11.012382,,3.39
T29,GL-5704,2026-03-11 17:12:00,7.956141,11.012886,7.9,4.14
T29,GL-5704,2026-03-11 17:13:00,7.955718,11.013307,10.1,2.83
T29,GL-5704,2026-03-11 17:14:00,7.955568,11.013753,9.8,4.54
T29,GL-5704,2026-03-11 17:15:00,7.955115,11.01421,4.3,3.35
T29,GL-5704,2026-03-11 17:16:00,7.954826,11.014612,4.9,3.7
T29,GL-5704,2026-03-11 17:17:00,7.954564,11.015105,4.0,4.05
T29,GL-5704,2026-03-11 17:18:00,7.95412,11.015551,10.5,3.39
T29,GL-5704,2026-03-11 17:19:00,7.953789,11.016102,5.4,4.93
T29,GL-5704,2026-03-11 17:20:00,7.953608,11.01649,4.4,3.43
T29,GL-5704,2026-03-11 17:21:00,7.953235,11.016937,6.3,4.8
T29,GL-5704,2026-03-11 17:22:00,7.953005,11.017329,11.1,3.58
T29,GL-5704,2026-03-11 17:23:00,7.952656,11.017843,9.5,5.15
T29,GL-5704,2026-03-11 17:24:00,7.952281,11.018356,11.4,5.53
T29,GL-5704,2026-03-11 17:25:00,7.951995,11.01879,5.5,2.97
T29,GL-5704,2026-03-11 17:26:00,7.951661,11.019209,7.3,4.18
T29,GL-5704,2026-03-11 17:27:00,7.951343,11.019694,9.3,4.92
T29,GL-5704,2026-03-11 17:28:00,7.950907,11.02012,10.8,3.49
T29,GL-5704,2026-03-11 17:29:00,7.950745,11.020549,7.7,3.59
T29,GL-5704,2026-03-11 17:30:00,7.793469,11.021036,5.7,169.79
T29,GL-5704,2026-03-11 17:31:00,7.950065,11.02144,4.1,3.77
T29,GL-5704,2026-03-11 17:32:00,7.949726,11.021811,11.7,3.51
T29,GL-5704,2026-03-11 17:33:00,7.94934,11.022391,11.2,5.27
T29,GL-5704,2026-03-11 17:34:00,7.949028,11.022957,4.0,4.68
T29,GL-5704,2026-03-11 17:35:00,7.948764,11.023111,11.3,4.14
T29,GL-5704,2026-03-11 17:36:00,7.94852,11.023715,8.3,4.88
T29,GL-5704,2026-03-11 17:37:00,7.948115,11.024087,5.6,2.87
T29,GL-5704,2026-03-11 17:38:00,7.947736,11.024697,10.1,4.36
T29,GL-5704,2026-03-11 17:39:00,7.947499,11.025074,7.5,5.14
T29,GL-5704,2026-03-11 17:40:00,7.947048,11.025493,5.5,5.56
T29,GL-5704,2026-03-11 17:41:00,7.946921,11.025939,9.7,3.42
T29,GL-5704,2026-03-11 17:42:00,7.946524,11.026324,9.1,3.23
T29,GL-5704,2026-03-11 17:43:00,7.946163,11.02679,9.9,3.19
T29,GL-5704,2026-03-11 17:44:00,7.945884,11.027287,7.3,4.23
T29,GL-5704,2026-03-11 17:45:00,7.945641,11.027855,8.6,2.84
T29,GL-5704,2026-03-11 17:46:00,7.945211,11.028252,,3.84
T29,GL-5704,2026-03-11 17:47:00,7.944917,11.028744,11.5,3.03
T29,GL-5704,2026-03-11 17:48:00,7.944785,11.029176,5.0,4.65
T29,GL-5704,2026-03-11 17:49:00,7.944197,11.029583,6.4,3.8
T29,GL-5704,2026-03-11 17:50:00,7.94409,11.030113,7.5,5.03
T29,GL-5704,2026-03-11 17:51:00,7.943727,11.030658,7.0,4.7
T29,GL-5704,2026-03-11 17:52:00,7.943355,11.03094,10.1,5.25
T29,GL-5704,2026-03-11 17:53:00,7.942992,11.031465,11.5,4.52
T29,GL-5704,2026-03-11 17:54:00,7.942764,11.031902,8.4,5.36
T29,GL-5704,2026-03-11 17:55:00,7.94237,11.032326,5.7,5.16
T29,GL-5704,2026-03-11 17:56:00,7.942068,11.032754,4.8,5.02
T29,GL-5704,2026-03-11 17:57:00,7.941738,11.033193,7.3,2.98
T29,GL-5704,2026-03-11 17:58:00,7.94139,11.033669,11.0,4.46
T29,GL-5704,2026-03-11 17:59:00,7.941127,11.034131,11.0,5.41
T29,GL-5704,2026-03-11 18:00:00,7.94079,11.034482,4.2,4.12
T29,GL-5704,2026-03-11 18:01:00,7.940494,11.034939,5.9,3.17
T29,GL-5704,2026-03-11 18:02:00,7.940194,11.035387,11.6,5.43
T29,GL-5704,2026-03-11 18:03:00,7.939783,11.035929,4.0,3.22
T29,GL-5704,2026-03-11 18:04:00,7.939581,11.03639,10.1,5.01
T29,GL-5704,2026-03-11 18:05:00,7.939182,11.03691,4.9,4.41
T29,GL-5704,2026-03-11 18:06:00,7.938798,11.037272,8.1,5.14
T29,GL-5704,2026-03-11 18:07:00,7.938684,11.037737,11.4,2.82
T29,GL-5704,2026-03-11 18:08:00,7.938236,11.038223,5.2,4.56
T29,GL-5704,2026-03-11 18:09:00,7.937944,11.038558,6.1,5.14
T29,GL-5704,2026-03-11 18:10:00,7.937675,11.039016,9.8,3.28
T29,GL-5704,2026-03-11 18:11:00,7.937296,11.039521,6.4,3.76
T29,GL-5704,2026-03-11 18:12:00,7.936944,11.0401,7.5,3.15
T29,GL-5704,2026-03-11 18:13:00,7.93665,11.040521,8.2,4.19
T29,GL-5704,2026-03-11 18:14:00,7.936403,11.040891,7.6,4.63
T29,GL-5704,2026-03-11 18:15:00,7.936004,11.041378,7.9,3.3
T29,GL-5704,2026-03-11 18:16:00,7.935622,11.041753,5.0,5.45
T29,GL-5704,2026-03-11 18:17:00,7.935248,11.042336,10.9,5.42
T29,GL-5704,2026-03-11 18:18:00,7.934943,11.042694,8.7,4.73
T29,GL-5704,2026-03-11 18:19:00,7.934744,11.043143,10.7,2.86
T29,GL-5704,2026-03-11 18:20:00,7.934406,11.043661,9.1,4.36
T29,GL-5704,2026-03-11 18:21:00,7.934035,11.043997,8.2,4.05
T29,GL-5704,2026-03-11 18:22:00,7.933707,11.04444,4.7,4.58
T29,GL-5704,2026-03-11 18:23:00,7.9334,11.045033,6.7,3.89
T29,GL-5704,2026-03-11 18:24:00,7.933118,11.045438,9.4,3.29
T29,GL-5704,2026-03-11 18:25:00,7.932709,11.0459,6.0,3.54
T29,GL-5704,2026-03-11 18:26:00,7.93249,11.046291,6.9,5.19
T29,GL-5704,2026-03-11 18:27:00,7.932213,11.046815,4.0,3.31
T29,GL-5704,2026-03-11 18:28:00,7.931817,11.04718,6.6,4.67
T29,GL-5704,2026-03-11 18:29:00,7.931523,11.047753,11.0,3.55
T29,GL-5704,2026-03-11 18:30:00,7.931128,11.048165,6.2,3.06
T29,GL-5704,2026-03-11 18:31:00,7.93097,11.048626,5.0,3.04
T29,GL-5704,2026-03-11 18:32:00,7.930531,11.048958,5.9,4.35
T29,GL-5704,2026-03-11 18:33:00,7.930079,11.049611,10.6,4.22
T29,GL-5704,2026-03-11 18:34:00,7.929921,11.049871,11.1,3.8
T29,GL-5704,2026-03-11 18:35:00,7.929596,11.050282,7.9,4.54
T29,GL-5704,2026-03-11 18:36:00,7.929326,11.050937,9.5,3.1
T29,GL-5704,2026-03-11 18:37:00,7.928988,11.05134,9.6,3.34
T29,GL-5704,2026-03-11 18:38:00,7.928707,11.051697,10.1,3.9
T29,GL-5704,2026-03-11 18:39:00,7.928257,11.05209,7.7,3.67
T29,GL-5704,2026-03-11 18:40:00,7.928023,11.052653,9.9,3.87
T29,GL-5704,2026-03-11 18:41:00,7.927645,11.053145,6.8,3.11
T29,GL-5704,2026-03-11 18:42:00,7.927367,11.053578,7.9,4.9
T29,GL-5704,2026-03-11 18:43:00,7.927047,11.054099,8.0,3.18
T29,GL-5704,2026-03-11 18:44:00,7.926708,11.054437,11.9,3.06
T29,GL-5704,2026-03-11 18:45:00,7.926307,11.055001,4.8,5.14
T29,GL-5704,2026-03-11 18:46:00,7.926018,11.055416,5.9,5.42
T29,GL-5704,2026-03-11 18:47:00,7.925696,11.055823,4.1,4.45
T29,GL-5704,2026-03-11 18:48:00,7.925408,11.056247,7.4,2.87
T29,GL-5704,2026-03-11 18:49:00,7.925131,11.056797,10.3,3.56
T29,GL-5704,2026-03-11 18:50:00,7.924847,11.057196,9.2,4.18
T29,GL-5704,2026-03-11 18:51:00,7.924576,11.057696,9.9,5.29
T29,GL-5704,2026-03-11 18:52:00,7.924086,11.058155,8.2,3.96
T29,GL-5704,2026-03-11 18:53:00,7.923884,11.058659,4.7,3.2
T29,GL-5704,2026-03-11 18:54:00,7.923475,11.058918,5.8,4.89
T29,GL-5704,2026-03-11 18:55:00,7.923222,11.059453,8.0,4.95
T29,GL-5704,2026-03-11 18:56:00,7.922949,11.059933,8.1,4.76
T29,GL-5704,2026-03-11 18:57:00,7.922602,11.060414,8.7,2.94
T29,GL-5704,2026-03-11 18:58:00,7.922117,11.060735,5.6,3.42
T29,GL-5704,2026-03-11 18:59:00,7.921931,11.061215,10.7,3.45
T29,GL-5704,2026-03-11 19:00:00,7.921467,11.061746,8.1,3.66
T29,GL-5704,2026-03-11 19:01:00,7.921156,11.062303,6.4,3.06
T29,GL-5704,2026-03-11 19:02:00,7.920977,11.062732,5.3,3.13
T29,GL-5704,2026-03-11 19:03:00,7.920617,11.063062,9.0,4.39
T29,GL-5704,2026-03-11 19:04:00,7.920297,11.063388,6.6,2.99
T29,GL-5704,2026-03-11 19:05:00,7.919942,11.064041,5.8,5.27
T29,GL-5704,2026-03-11 19:06:00,7.919698,11.064407,6.0,4.64
T29,GL-5704,2026-03-11 19:07:00,7.919422,11.064939,7.3,4.73
T29,GL-5704,2026-03-11 19:08:00,7.918955,11.065342,4.0,3.0
T29,GL-5704,2026-03-11 19:09:00,7.918717,11.065825,4.3,3.56
T29,GL-5704,2026-03-11 19:10:00,7.918356,11.0662,8.7,4.78
T29,GL-5704,2026-03-11 19:11:00,7.918026,11.066724,5.6,3.89
T29,GL-5704,2026-03-11 19:12:00,7.917795,11.067111,4.3,5.48
T29,GL-5704,2026-03-11 19:13:00,7.917403,11.067676,5.4,3.93
T29,GL-5704,2026-03-11 19:14:00,7.917097,11.068123,9.3,5.26
T29,GL-5704,2026-03-11 19:15:00,7.916761,11.068565,11.5,4.17
T29,GL-5704,2026-03-11 19:16:00,7.916357,11.068944,8.9,5.54
T29,GL-5704,2026-03-11 19:17:00,7.916034,11.06948,5.3,4.25
T29,GL-5704,2026-03-11 19:18:00,7.915918,11.069879,8.5,5.21
T29,GL-5704,2026-03-11 19:19:00,7.915506,11.070286,9.0,3.71
T29,GL-5704,2026-03-11 19:20:00,7.915187,11.070809,9.3,4.5
T29,GL-5704,2026-03-11 19:21:00,7.914778,11.071148,10.9,3.22
T29,GL-5704,2026-03-11 19:22:00,7.91457,11.07164,11.0,5.03
T29,GL-5704,2026-03-11 19:23:00,7.914184,11.07221,5.7,5.19
T29,GL-5704,2026-03-11 19:24:00,7.913943,11.072535,6.7,4.94
T29,GL-5704,2026-03-11 19:25:00,7.913527,11.073116,5.8,3.71
T29,GL-5704,2026-03-11 19:26:00,7.913291,11.0735,4.1,3.93
T29,GL-5704,2026-03-11 19:27:00,7.912927,11.07396,5.9,4.98
T29,GL-5704,2026-03-11 19:28:00,7.912565,11.074532,7.7,4.92
T29,GL-5704,2026-03-11 19:29:00,7.912292,11.074889,7.6,4.8
T29,GL-5704,2026-03-11 19:30:00,7.912063,11.075309,5.6,3.85
T29,GL-5704,2026-03-11 19:31:00,7.91162,11.07581,8.7,3.26
T29,GL-5704,2026-03-11 19:32:00,7.911331,11.076133,11.5,3.87
T29,GL-5704,2026-03-11 19:33:00,7.911413,11.076148,7.9,0.13
T29,GL-5704,2026-03-11 19:34:00,7.911159,11.076205,8.7,0.84
T29,GL-5704,2026-03-11 19:35:00,7.91131,11.076245,11.0,0.62
T29,GL-5704,2026-03-11 19:36:00,7.911385,11.076374,7.8,0.5
T29,GL-5704,2026-03-11 19:37:00,7.911255,11.076357,8.8,0.14
T29,GL-5704,2026-03-11 19:38:00,7.911415,11.076248,8.3,0.51
T29,GL-5704,2026-03-11 19:39:00,7.911506,11.076298,7.2,0.55
T29,GL-5704,2026-03-11 19:40:00,7.911398,11.07611,5.1,0.89
T29,GL-5704,2026-03-11 19:41:00,7.911295,11.076182,8.2,0.86
T29,GL-5704,2026-03-11 19:42:00,7.911214,11.076143,10.1,0.54
T29,GL-5704,2026-03-11 19:43:00,7.911397,11.076181,,0.1
T29,GL-5704,2026-03-11 19:44:00,7.91126,11.076197,4.2,0.04
T29,GL-5704,2026-03-11 19:45:00,7.9114,11.076329,7.9,0.1
T29,GL-5704,2026-03-11 19:46:00,7.911304,11.076109,8.1,0.11
T29,GL-5704,2026-03-11 19:47:00,7.911311,11.076203,5.6,0.02
T29,GL-5704,2026-03-11 19:48:00,7.911647,11.075899,12.0,4.55
T29,GL-5704,2026-03-11 19:49:00,7.912044,11.075458,11.6,5.35
T29,GL-5704,2026-03-11 19:50:00,7.912324,11.075155,6.4,3.55
T29,GL-5704,2026-03-11 19:51:00,7.91259,11.074603,5.2,4.17
T29,GL-5704,2026-03-11 19:52:00,7.91306,11.074349,4.8,3.86
T29,GL-5704,2026-03-11 19:53:00,7.913348,11.073955,5.6,4.43
T29,GL-5704,2026-03-11 19:54:00,7.91379,11.073594,7.8,2.95
T29,GL-5704,2026-03-11 19:55:00,7.914098,11.073195,8.5,4.28
T29,GL-5704,2026-03-11 19:56:00,7.914489,11.072725,8.9,2.95
T29,GL-5704,2026-03-11 19:57:00,7.914727,11.072425,4.5,5.06
T29,GL-5704,2026-03-11 19:58:00,7.915025,11.072029,4.3,2.86
T29,GL-5704,2026-03-11 20:19:00,7.92216,11.064187,4.9,5.45
T29,GL-5704,2026-03-11 20:20:00,7.922577,11.063841,5.7,4.55
T29,GL-5704,2026-03-11 20:21:00,7.922916,11.063437,7.4,3.83
T29,GL-5704,2026-03-11 20:22:00,7.923142,11.063003,10.9,4.38
T29,GL-5704,2026-03-11 20:23:00,7.923512,11.062642,6.0,5.36
T29,GL-5704,2026-03-11 20:24:00,7.923901,11.062293,4.4,2.94
T29,GL-5704,2026-03-11 20:25:00,7.924172,11.061868,5.4,3.97
T29,GL-5704,2026-03-11 20:26:00,7.924614,11.061525,6.7,5.17
T29,GL-5704,2026-03-11 20:27:00,7.924856,11.06114,11.8,4.69
T29,GL-5704,2026-03-11 20:28:00,7.92525,11.060637,8.7,3.98
T29,GL-5704,2026-03-11 20:29:00,7.925577,11.060299,8.4,3.09
T29,GL-5704,2026-03-11 20:30:00,7.925953,11.059889,,3.8
T29,GL-5704,2026-03-11 20:31:00,7.926241,11.059482,8.7,5.6
T29,GL-5704,2026-03-11 20:32:00,7.926538,11.05914,7.0,4.8
T29,GL-5704,2026-03-11 20:33:00,7.926919,11.058841,6.9,5.07
T29,GL-5704,2026-03-11 20:34:00,7.927152,11.058449,11.7,4.01
T29,GL-5704,2026-03-11 20:35:00,7.9277,11.058149,11.4,4.51
T29,GL-5704,2026-03-11 20:36:00,7.927992,11.057681,11.7,4.81
T29,GL-5704,2026-03-11 20:37:00,7.928204,11.057396,6.7,5.6
T29,GL-5704,2026-03-11 20:38:00,7.928556,11.05697,9.0,4.05
T29,GL-5704,2026-03-11 20:39:00,7.928836,11.056614,8.8,3.23
T29,GL-5704,2026-03-11 20:40:00,7.929358,11.056204,8.4,2.95
T29,GL-5704,2026-03-11 20:41:00,7.929756,11.055709,7.8,3.58
T29,GL-5704,2026-03-11 20:42:00,7.929959,11.055453,11.4,3.93
T29,GL-5704,2026-03-11 20:43:00,7.930342,11.055113,7.5,2.88
T29,GL-5704,2026-03-11 20:44:00,7.930586,11.054625,7.0,4.99
T29,GL-5704,2026-03-11 20:45:00,7.930978,11.054249,9.5,4.0
T29,GL-5704,2026-03-11 20:46:00,7.931418,11.053996,4.1,5.39
T29,GL-5704,2026-03-11 20:47:00,7.931601,11.053601,11.2,3.82
T29,GL-5704,2026-03-11 20:48:00,7.931983,11.053317,8.2,3.18
T29,GL-5704,2026-03-11 20:49:00,7.932304,11.052776,7.6,4.95
T29,GL-5704,2026-03-11 20:50:00,7.932686,11.052446,5.5,3.42
T29,GL-5704,2026-03-11 20:51:00,7.932954,11.052103,8.5,3.92
T29,GL-5704,2026-03-11 20:52:00,7.933423,11.05179,8.9,2.81
T29,GL-5704,2026-03-11 20:53:00,7.933582,11.05135,11.3,3.69
T29,GL-5704,2026-03-11 20:54:00,7.934024,11.050876,6.7,3.17
T29,GL-5704,2026-03-11 20:55:00,7.934378,11.050476,6.8,3.65
T29,GL-5704,2026-03-11 20:56:00,7.934651,11.050138,6.1,5.49
T29,GL-5704,2026-03-11 20:57:00,7.935079,11.049705,7.6,3.3
T29,GL-5704,2026-03-11 20:58:00,7.935339,11.049435,8.9,3.94
T29,GL-5704,2026-03-11 20:59:00,7.935631,11.048976,6.8,5.02
T29,GL-5704,2026-03-11 21:00:00,7.936027,11.048687,11.9,4.33
T29,GL-5704,2026-03-11 21:01:00,7.936339,11.048197,4.7,3.45
T29,GL-5704,2026-03-11 21:02:00,7.936767,11.047913,9.7,4.38
T29,GL-5704,2026-03-11 21:03:00,7.937039,11.047469,8.0,3.88
T29,GL-5704,2026-03-11 21:04:00,7.937329,11.047154,11.7,4.19
T29,GL-5704,2026-03-11 21:05:00,7.937575,11.046741,9.7,3.4
T29,GL-5704,2026-03-11 21:06:00,7.938033,11.046287,7.4,3.23
T29,GL-5704,2026-03-11 21:07:00,7.93846,11.045984,8.4,3.1
T29,GL-5704,2026-03-11 21:08:00,7.938711,11.045689,8.8,3.69
T29,GL-5704,2026-03-11 21:09:00,7.939059,11.045228,10.9,4.97
T29,GL-5704,2026-03-11 21:10:00,7.939398,11.044867,11.9,5.02
T29,GL-5704,2026-03-11 21:11:00,7.939699,11.044468,8.4,4.66
T29,GL-5704,2026-03-11 21:12:00,7.940086,11.044152,6.2,4.85
T29,GL-5704,2026-03-11 21:13:00,7.940452,11.043755,4.8,3.66
T29,GL-5704,2026-03-11 21:14:00,7.940688,11.043294,10.8,3.09
T29,GL-5704,2026-03-11 21:15:00,7.941183,11.043056,11.7,5.6
T29,GL-5704,2026-03-11 21:16:00,7.941495,11.042662,7.8,5.2
T29,GL-5704,2026-03-11 21:17:00,7.941843,11.042333,11.9,3.47
T29,GL-5704,2026-03-11 21:18:00,7.942125,11.041949,8.0,4.26
T29,GL-5704,2026-03-11 21:19:00,7.942441,11.041521,5.8,2.81
T29,GL-5704,2026-03-11 21:20:00,7.942689,11.041093,7.5,4.0
T29,GL-5704,2026-03-11 21:21:00,7.943127,11.040753,7.4,5.44
T29,GL-5704,2026-03-11 21:22:00,7.943437,11.040466,8.3,3.34
T29,GL-5704,2026-03-11 21:23:00,7.943799,11.039952,9.2,5.33
T29,GL-5704,2026-03-11 21:24:00,7.944147,11.039682,7.0,3.66
T29,GL-5704,2026-03-11 21:25:00,7.944371,11.03919,11.9,3.64
T29,GL-5704,2026-03-11 21:26:00,7.944819,11.038889,7.0,4.96
T29,GL-5704,2026-03-11 21:27:00,7.945197,11.038371,11.3,4.56
T29,GL-5704,2026-03-11 21:28:00,7.945601,11.037925,7.5,4.38
T29,GL-5704,2026-03-11 21:29:00,7.945892,11.037654,10.7,2.8
T29,GL-5704,2026-03-11 21:30:00,7.946249,11.03725,4.5,2.92
T29,GL-5704,2026-03-11 21:31:00,7.946534,11.037078,11.3,5.54
T29,GL-5704,2026-03-11 21:32:00,7.946837,11.036526,11.0,4.6
T29,GL-5704,2026-03-11 21:33:00,7.947189,11.036155,8.0,3.81
T29,GL-5704,2026-03-11 21:34:00,7.947511,11.035902,4.1,3.52
T29,GL-5704,2026-03-11 21:35:00,7.947844,11.0354,10.9,3.03
T29,GL-5704,2026-03-11 21:36:00,7.948308,11.035145,10.6,4.67
T29,GL-5704,2026-03-11 21:37:00,7.94858,11.034638,6.5,5.23
T29,GL-5704,2026-03-11 21:38:00,7.948925,11.034378,10.5,5.32
T29,GL-5704,2026-03-11 21:39:00,7.949175,11.034018,5.0,3.68
T29,GL-5704,2026-03-11 21:40:00,7.949532,11.033513,8.3,2.85
T29,GL-5704,2026-03-11 21:41:00,7.94995,11.033174,5.8,4.11
T29,GL-5704,2026-03-11 21:42:00,7.950362,11.032862,10.2,3.15
T29,GL-5704,2026-03-11 21:43:00,7.950566,11.032432,10.5,3.25
T29,GL-5704,2026-03-11 21:44:00,7.951051,11.032045,4.9,4.6
T29,GL-5704,2026-03-11 21:45:00,7.951267,11.031637,8.2,5.37
T29,GL-5704,2026-03-11 21:46:00,7.951587,11.031379,7.3,3.79
T29,GL-5704,2026-03-11 21:47:00,7.951925,11.030961,6.8,2.81
T29,GL-5704,2026-03-11 21:48:00,7.952203,11.030527,10.7,3.43
T29,GL-5704,2026-03-11 21:49:00,7.952569,11.030136,9.6,4.12
T29,GL-5704,2026-03-11 21:50:00,7.953031,11.029801,11.3,3.5
T29,GL-5704,2026-03-11 21:51:00,7.953392,11.029428,4.1,3.71
T29,GL-5704,2026-03-11 21:52:00,7.953548,11.02911,11.2,3.01
T29,GL-5704,2026-03-11 21:53:00,7.953969,11.028651,9.4,4.51
T29,GL-5704,2026-03-11 21:54:00,7.954356,11.028225,5.2,4.67
T29,GL-5704,2026-03-11 21:55:00,7.954641,11.02789,8.1,3.25
T29,GL-5704,2026-03-11 21:56:00,7.95492,11.027458,5.4,4.97
T29,GL-5704,2026-03-11 21:57:00,7.955357,11.027126,5.2,4.15
T29,GL-5704,2026-03-11 21:58:00,7.955741,11.026853,11.4,5.37
T29,GL-5704,2026-03-11 21:59:00,7.95607,11.026351,7.9,4.32
T29,GL-5704,2026-03-11 22:00:00,7.956312,11.026044,11.5,4.8
T29,GL-5704,2026-03-11 22:01:00,7.956617,11.025622,5.0,4.91
T29,GL-5704,2026-03-11 22:02:00,7.956937,11.025222,8.1,4.35
T29,GL-5704,2026-03-11 22:03:00,7.957381,11.024835,9.6,2.87
T29,GL-5704,2026-03-11 22:04:00,7.957803,11.024489,8.3,4.6
T29,GL-5704,2026-03-11 22:05:00,7.958066,11.024066,5.9,5.37
T29,GL-5704,2026-03-11 22:06:00,7.9583,11.023618,9.4,5.23
T29,GL-5704,2026-03-11 22:07:00,7.958745,11.023405,4.3,3.17
T29,GL-5704,2026-03-11 22:08:00,7.959069,11.023065,10.1,3.31
T29,GL-5704,2026-03-11 22:09:00,7.959398,11.022597,7.6,5.16
T29,GL-5704,2026-03-11 22:10:00,7.959705,11.022212,10.5,3.38
T29,GL-5704,2026-03-11 22:11:00,7.960047,11.021796,6.2,4.25
T29,GL-5704,2026-03-11 22:12:00,7.960338,11.021438,4.7,4.99
T29,GL-5704,2026-03-11 22:13:00,7.960773,11.021155,4.4,4.81
T29,GL-5704,2026-03-11 22:14:00,7.961109,11.020745,7.8,4.31
T29,GL-5704,2026-03-11 22:15:00,7.961485,11.020367,6.8,3.62
T29,GL-5704,2026-03-11 22:16:00,7.961788,11.019899,11.5,3.92
T29,GL-5704,2026-03-11 22:17:00,7.962144,11.019566,9.4,5.3
T29,GL-5704,2026-03-11 22:18:00,7.962588,11.019355,6.7,3.92
T29,GL-5704,2026-03-11 22:19:00,7.962665,11.018862,9.4,5.02
T29,GL-5704,2026-03-11 22:20:00,7.963109,11.018362,8.5,3.06
T29,GL-5704,2026-03-11 22:21:00,7.963523,11.018047,7.1,2.94
T29,GL-5704,2026-03-11 22:22:00,7.963724,11.017693,10.5,5.51
T29,GL-5704,2026-03-11 22:23:00,7.964137,11.017345,6.4,4.19
T29,GL-5704,2026-03-11 22:24:00,7.9645,11.016927,9.2,3.61
T29,GL-5704,2026-03-11 22:25:00,7.964833,11.016622,10.1,4.97
T29,GL-5704,2026-03-11 22:26:00,7.965126,11.016242,11.0,2.92
T29,GL-5704,2026-03-11 22:27:00,7.965437,11.015782,11.2,4.59
T29,GL-5704,2026-03-11 22:28:00,7.96576,11.015432,7.9,4.72
T29,GL-5704,2026-03-11 22:29:00,7.966216,11.015135,5.0,2.89
T29,GL-5704,2026-03-11 22:30:00,7.966428,11.014638,10.2,3.41
T29,GL-5704,2026-03-11 22:31:00,7.966826,11.014328,11.9,3.41
T29,GL-5704,2026-03-11 22:32:00,7.967159,11.013923,6.2,4.83
T29,GL-5704,2026-03-11 22:33:00,7.967586,11.01353,9.9,5.53
T29,GL-5704,2026-03-11 22:34:00,7.967856,11.01319,5.8,4.0
T29,GL-5704,2026-03-11 22:35:00,7.968192,11.012735,8.8,5.15
T29,GL-5704,2026-03-11 22:36:00,7.968445,11.012357,11.8,4.89
T29,GL-5704,2026-03-11 22:37:00,7.968882,11.012064,11.5,3.09
T29,GL-5704,2026-03-11 22:38:00,7.969209,11.011606,4.8,3.78
T29,GL-5704,2026-03-11 22:39:00,7.969507,11.011183,5.0,4.79
T29,GL-5704,2026-03-11 22:40:00,7.969891,11.010864,9.0,3.13
T29,GL-5704,2026-03-11 22:41:00,7.970244,11.010539,5.9,5.28
T29,GL-5704,2026-03-11 22:42:00,7.970502,11.010175,11.1,4.54
T29,GL-5704,2026-03-11 22:43:00,7.970893,11.009868,7.6,4.36
T29,GL-5704,2026-03-11 22:44:00,7.971227,11.009451,5.0,3.53
T29,GL-5704,2026-03-11 22:45:00,7.971594,11.009,9.8,5.04
T29,GL-5704,2026-03-11 22:46:00,7.972006,11.008622,8.8,4.3
T29,GL-5704,2026-03-11 22:47:00,7.972315,11.008239,10.3,5.25
T29,GL-5704,2026-03-11 22:48:00,7.972644,11.00789,4.6,3.1
T29,GL-5704,2026-03-11 22:49:00,7.972971,11.007447,11.1,5.45
T29,GL-5704,2026-03-11 22:50:00,7.973287,11.007178,4.6,4.76
T29,GL-5704,2026-03-11 22:51:00,7.973708,11.006794,9.3,4.65
T29,GL-5704,2026-03-11 22:52:00,7.973927,11.0064,10.5,4.38
T29,GL-5704,2026-03-11 22:53:00,7.974323,11.005912,5.7,3.08
T29,GL-5704,2026-03-11 22:54:00,7.974627,11.005638,9.5,4.34
T29,GL-5704,2026-03-11 22:55:00,7.974959,11.005184,10.4,2.88
T29,GL-5704,2026-03-11 22:56:00,7.975295,11.004873,10.2,3.42
T29,GL-5704,2026-03-11 22:57:00,7.975661,11.004466,11.9,3.83
T29,GL-5704,2026-03-11 22:58:00,7.975938,11.004138,9.3,5.25
T29,GL-5704,2026-03-11 22:59:00,7.976352,11.003743,4.0,2.86
T29,GL-5704,2026-03-11 23:00:00,7.976509,11.003386,4.2,2.86
T29,GL-5704,2026-03-11 23:01:00,7.976918,11.003005,9.5,2.86
T29,GL-5704,2026-03-11 23:02:00,7.977393,11.002591,8.9,3.35
T29,GL-5704,2026-03-11 23:03:00,7.977698,11.002173,8.8,4.2
T29,GL-5704,2026-03-11 23:04:00,7.978,11.00191,10.8,3.47
T29,GL-5704,2026-03-11 23:05:00,7.978376,11.001297,7.9,2.86
T29,GL-5704,2026-03-11 23:06:00,7.978753,11.001156,4.4,3.32
T29,GL-5704,2026-03-11 23:07:00,7.97911,11.00071,10.3,4.31
T29,GL-5704,2026-03-11 23:08:00,7.979416,11.000302,6.6,3.87
T29,GL-5704,2026-03-11 23:09:00,7.979828,11.00002,6.4,4.33
T29,GL-5704,2026-03-11 23:10:00,7.979998,10.999566,10.9,3.55
T29,GL-5704,2026-03-11 23:11:00,7.98044,10.999203,8.7,5.51
T29,GL-5704,2026-03-11 23:12:00,7.98068,10.998788,8.7,5.05
T29,GL-5704,2026-03-11 23:13:00,7.981081,10.998415,9.1,5.3
T29,GL-5704,2026-03-11 23:14:00,7.981432,10.997984,7.2,3.48
T29,GL-5704,2026-03-11 23:15:00,7.981717,10.997732,5.3,3.53
T29,GL-5704,2026-03-11 23:16:00,7.982026,10.997322,7.4,3.05
T29,GL-5704,2026-03-11 23:17:00,7.982441,10.996938,10.6,4.71
T29,GL-5704,2026-03-11 23:18:00,7.982774,10.996525,5.5,4.91
T29,GL-5704,2026-03-11 23:19:00,7.983065,10.996131,5.4,5.49
T29,GL-5704,2026-03-11 23:20:00,7.983527,10.995861,6.7,4.21
T29,GL-5704,2026-03-11 23:21:00,7.983811,10.995439,11.5,3.75
T29,GL-5704,2026-03-11 23:22:00,7.984127,10.995005,5.7,5.01
T29,GL-5704,2026-03-11 23:23:00,7.984417,10.994668,8.1,4.2
T29,GL-5704,2026-03-11 23:24:00,7.984907,10.9943,7.3,3.48
T29,GL-5704,2026-03-11 23:25:00,7.985115,10.99398,5.0,5.49
T29,GL-5704,2026-03-11 23:26:00,7.985399,10.993537,11.3,3.6
T29,GL-5704,2026-03-11 23:27:00,7.98583,10.993131,7.5,5.1
T29,GL-5704,2026-03-11 23:28:00,7.986166,10.992837,7.0,4.83
T29,GL-5704,2026-03-11 23:29:00,7.986604,10.99257,7.3,5.05
T29,GL-5704,2026-03-11 23:30:00,7.986746,10.992007,10.6,4.12
T29,GL-5704,2026-03-11 23:31:00,7.987184,10.991606,8.9,4.48
T29,GL-5704,2026-03-11 23:32:00,7.987525,10.991328,10.4,4.61
T29,GL-5704,2026-03-11 23:33:00,7.987734,10.990855,10.4,5.34
T29,GL-5704,2026-03-11 23:34:00,7.988114,10.990582,12.0,3.83
T29,GL-5704,2026-03-11 23:35:00,7.988604,10.990174,11.7,3.86
T29,GL-5704,2026-03-11 23:36:00,7.988849,10.989846,11.1,4.63
T29,GL-5704,2026-03-11 23:37:00,7.989217,10.989322,6.7,3.01
T29,GL-5704,2026-03-11 23:38:00,7.989554,10.989068,8.7,2.87
T29,GL-5704,2026-03-11 23:39:00,7.990016,10.988546,10.4,5.58
T29,GL-5704,2026-03-11 23:40:00,7.990162,10.98837,8.6,5.25
T29,GL-5704,2026-03-11 23:41:00,7.99038,10.988279,11.7,0.66
T29,GL-5704,2026-03-11 23:42:00,7.990283,10.988233,9.9,0.11
T29,GL-5704,2026-03-11 23:43:00,7.990168,10.988274,6.6,0.22
T29,GL-5704,2026-03-11 23:44:00,7.990354,10.988331,7.5,0.41
T29,GL-5704,2026-03-11 23:45:00,7.990145,10.9884,11.2,0.89
T29,GL-5704,2026-03-11 23:46:00,7.990286,10.988209,4.2,0.83
T29,GL-5704,2026-03-11 23:47:00,7.990213,10.988171,7.9,0.23
T29,GL-5704,2026-03-11 23:48:00,7.990215,10.988223,11.6,0.46
T29,GL-5704,2026-03-11 23:49:00,7.99019,10.988125,6.6,0.7
T29,GL-5704,2026-03-11 23:50:00,7.990072,10.988354,11.1,0.38
T29,GL-5704,2026-03-11 23:51:00,7.990254,10.988219,8.6,0.56
T29,GL-5704,2026-03-11 23:52:00,7.990236,10.988286,8.0,0.85
T29,GL-5704,2026-03-11 23:53:00,7.990342,10.988191,5.5,0.06
T29,GL-5704,2026-03-11 23:54:00,8.028943,10.988157,8.4,361.43
T29,GL-5704,2026-03-11 23:55:00,7.99032,10.988172,5.8,0.02
T29,GL-5704,2026-03-11 23:56:00,7.990223,10.988236,4.4,0.13
T29,GL-5704,2026-03-11 23:57:00,7.990195,10.98825,10.3,0.14
T29,GL-5704,2026-03-11 23:58:00,7.989941,10.98874,8.6,3.27
T29,GL-5704,2026-03-11 23:59:00,7.989776,10.98913,7.1,4.49
T29,GL-5704,2026-03-12 00:00:00,7.989545,10.989698,5.8,4.57
T29,GL-5704,2026-03-12 00:01:00,7.989219,10.990301,6.2,5.21
T29,GL-5704,2026-03-12 00:02:00,7.989061,10.990582,5.5,3.01
T29,GL-5704,2026-03-12 00:03:00,7.988682,10.991087,9.9,5.06
T29,GL-5704,2026-03-12 00:04:00,7.988555,10.991579,5.1,3.87
T29,GL-5704,2026-03-12 00:05:00,7.988429,10.992008,5.8,2.94
T29,GL-5704,2026-03-12 00:06:00,7.98806,10.992531,9.5,2.9
T29,GL-5704,2026-03-12 00:07:00,7.987962,10.993025,4.2,5.6
T29,GL-5704,2026-03-12 00:08:00,7.987564,10.99347,5.4,3.8
T29,GL-5704,2026-03-12 00:09:00,7.987526,10.99394,8.8,4.67
T29,GL-5704,2026-03-12 00:10:00,7.987134,10.994307,9.6,4.18
T29,GL-5704,2026-03-12 00:11:00,7.986909,10.994966,5.1,4.58
T29,GL-5704,2026-03-12 00:12:00,7.986731,10.995422,11.2,4.67
T29,GL-5704,2026-03-12 00:13:00,7.986357,10.995847,6.6,5.6
T29,GL-5704,2026-03-12 00:14:00,7.986314,10.996335,9.7,3.65
T29,GL-5704,2026-03-12 00:15:00,7.986028,10.99688,5.3,4.73
T29,GL-5704,2026-03-12 00:16:00,7.985811,10.99722,11.7,3.96
T29,GL-5704,2026-03-12 00:17:00,7.985366,10.99788,4.3,3.53
T29,GL-5704,2026-03-12 00:18:00,7.985326,10.998261,5.8,4.96
T29,GL-5704,2026-03-12 00:19:00,7.985068,10.998749,11.2,5.29
T29,GL-5704,2026-03-12 00:20:00,7.984811,10.999175,4.0,5.02
T29,GL-5704,2026-03-12 00:21:00,7.984543,10.999634,8.7,4.74
T29,GL-5704,2026-03-12 00:22:00,7.984393,11.000143,7.5,2.83
T29,GL-5704,2026-03-12 00:23:00,7.984187,11.000791,8.5,3.18
T29,GL-5704,2026-03-12 00:24:00,7.983964,11.001074,8.7,4.2
T29,GL-5704,2026-03-12 00:25:00,7.983755,11.001598,7.1,3.82
T29,GL-5704,2026-03-12 00:26:00,7.983474,11.002043,8.1,3.58
T29,GL-5704,2026-03-12 00:27:00,7.983202,11.002461,5.5,4.65
T29,GL-5704,2026-03-12 00:28:00,7.982935,11.002982,11.5,3.78
T29,GL-5704,2026-03-12 00:29:00,7.982834,11.003512,10.9,3.76
T29,GL-5704,2026-03-12 00:30:00,7.982547,11.004001,6.7,3.2
T29,GL-5704,2026-03-12 00:31:00,7.982271,11.004462,7.9,4.16
T29,GL-5704,2026-03-12 00:32:00,7.982015,11.004835,10.4,5.02
T29,GL-5704,2026-03-12 00:33:00,7.981892,11.005432,10.9,3.02
T29,GL-5704,2026-03-12 00:34:00,7.98161,11.005783,11.7,3.06
T29,GL-5704,2026-03-12 00:35:00,7.981309,11.006424,5.7,3.12
T29,GL-5704,2026-03-12 00:36:00,7.981142,11.006681,4.3,3.64
T29,GL-5704,2026-03-12 00:37:00,7.980902,11.007166,7.5,5.5
T29,GL-5704,2026-03-12 00:38:00,7.980802,11.007736,8.1,3.79
T29,GL-5704,2026-03-12 00:39:00,7.980404,11.008186,8.7,3.71
T29,GL-5704,2026-03-12 00:40:00,7.980287,11.008677,7.4,3.37
T29,GL-5704,2026-03-12 00:41:00,7.979973,11.009202,6.7,4.92
T29,GL-5704,2026-03-12 00:42:00,7.979703,11.00966,10.0,5.58
T29,GL-5704,2026-03-12 00:43:00,7.979498,11.010068,4.8,3.98
T29,GL-5704,2026-03-12 00:44:00,7.979288,11.01053,4.1,3.32
T29,GL-5704,2026-03-12 00:45:00,7.978997,11.010993,9.8,3.24
T29,GL-5704,2026-03-12 00:46:00,7.978756,11.011455,7.8,3.67
T29,GL-5704,2026-03-12 00:47:00,7.978662,11.012003,4.7,3.87
T29,GL-5704,2026-03-12 00:48:00,7.978344,11.01239,7.2,5.45
T29,GL-5704,2026-03-12 00:49:00,7.978036,11.013022,4.5,5.51
T29,GL-5704,2026-03-12 00:50:00,7.977916,11.01346,11.0,5.15
T29,GL-5704,2026-03-12 00:51:00,7.977641,11.013972,6.8,5.48
T29,GL-5704,2026-03-12 00:52:00,7.977383,11.014355,6.9,4.01
T29,GL-5704,2026-03-12 00:53:00,7.977088,11.01477,4.5,5.43
T29,GL-5704,2026-03-12 00:54:00,7.977003,11.015346,7.9,5.42
T29,GL-5704,2026-03-12 00:55:00,7.976676,11.015687,9.2,4.52
T29,GL-5704,2026-03-12 00:56:00,7.97636,11.01624,7.7,5.31
T29,GL-5704,2026-03-12 00:57:00,7.9762,11.016705,4.3,4.13
T29,GL-5704,2026-03-12 00:58:00,7.975926,11.017261,10.6,4.64
T29,GL-5704,2026-03-12 00:59:00,7.975789,11.017823,4.2,4.92
T29,GL-5704,2026-03-12 01:00:00,7.97555,11.018222,6.5,4.22
T29,GL-5704,2026-03-12 01:01:00,7.975234,11.018757,5.7,3.69
T29,GL-5704,2026-03-12 01:02:00,7.975068,11.01915,4.9,3.53
T29,GL-5704,2026-03-12 01:03:00,7.974875,11.01965,8.0,3.08
T29,GL-5704,2026-03-12 01:04:00,7.974507,11.020017,4.0,5.37
T29,GL-5704,2026-03-12 01:05:00,7.974387,11.020748,10.4,5.18
T29,GL-5704,2026-03-12 01:06:00,7.974087,11.021039,6.3,3.09
T29,GL-5704,2026-03-12 01:07:00,7.973842,11.021537,,3.36
T29,GL-5704,2026-03-12 01:08:00,7.973647,11.021959,7.8,5.52
T29,GL-5704,2026-03-12 01:09:00,7.973432,11.022356,6.4,4.66
T29,GL-5704,2026-03-12 01:10:00,7.973221,11.022928,5.5,3.85
T29,GL-5704,2026-03-12 01:11:00,7.97299,11.023471,5.1,4.75
T29,GL-5704,2026-03-12 01:12:00,7.972724,11.023913,11.9,4.34
T29,GL-5704,2026-03-12 01:13:00,7.972629,11.024347,6.4,4.33
T29,GL-5704,2026-03-12 01:14:00,7.972338,11.024914,,3.83
T29,GL-5704,2026-03-12 01:15:00,7.972077,11.025368,9.8,3.5
T29,GL-5704,2026-03-12 01:16:00,7.971765,11.02588,8.1,4.55
T29,GL-5704,2026-03-12 01:17:00,7.971558,11.026235,6.9,4.25
T29,GL-5704,2026-03-12 01:18:00,7.971297,11.026671,7.6,3.8
T29,GL-5704,2026-03-12 01:19:00,7.971061,11.027065,6.4,4.93
T29,GL-5704,2026-03-12 01:20:00,7.97081,11.027727,10.5,4.05
T29,GL-5704,2026-03-12 01:21:00,7.97056,11.028157,5.5,4.76
T29,GL-5704,2026-03-12 01:22:00,7.970518,11.028582,8.7,5.33
T29,GL-5704,2026-03-12 01:23:00,7.970216,11.029169,7.1,5.2
T29,GL-5704,2026-03-12 01:24:00,7.969986,11.029672,9.4,4.53
T29,GL-5704,2026-03-12 01:25:00,7.969742,11.030086,,2.9
T29,GL-5704,2026-03-12 01:26:00,7.969567,11.030555,10.6,5.25
T29,GL-5704,2026-03-12 01:27:00,7.96926,11.031021,11.7,5.17
T29,GL-5704,2026-03-12 01:28:00,7.969148,11.031562,6.2,4.32
T29,GL-5704,2026-03-12 01:29:00,7.968729,11.03207,6.5,4.04
T29,GL-5704,2026-03-12 01:30:00,7.968596,11.032454,5.5,3.42
T29,GL-5704,2026-03-12 01:31:00,7.968268,11.033018,10.2,4.14
T29,GL-5704,2026-03-12 01:32:00,7.968083,11.033352,11.9,4.99
T29,GL-5704,2026-03-12 01:33:00,7.967943,11.033858,6.7,3.53
T29,GL-5704,2026-03-12 01:34:00,7.96769,11.034356,9.9,3.96
T29,GL-5704,2026-03-12 01:35:00,7.967307,11.034852,8.9,3.9
T29,GL-5704,2026-03-12 01:36:00,7.96722,11.035255,8.0,5.41
T29,GL-5704,2026-03-12 01:37:00,7.966916,11.03581,9.3,5.39
T29,GL-5704,2026-03-12 01:38:00,7.96683,11.036187,4.1,3.46
T29,GL-5704,2026-03-12 01:39:00,7.966503,11.036645,6.7,3.51
T29,GL-5704,2026-03-12 01:40:00,7.966128,11.037245,5.7,4.65
T29,GL-5704,2026-03-12 01:41:00,7.965927,11.037745,9.5,4.1
T29,GL-5704,2026-03-12 01:42:00,7.965751,11.038134,8.3,4.08
T29,GL-5704,2026-03-12 01:43:00,7.96561,11.038582,11.1,3.32
T29,GL-5704,2026-03-12 01:44:00,7.965258,11.039198,10.4,4.27
T29,GL-5704,2026-03-12 01:45:00,7.964967,11.039561,4.6,3.6
T29,GL-5704,2026-03-12 01:46:00,7.964787,11.040071,9.5,5.18
T29,GL-5704,2026-03-12 01:47:00,7.964536,11.040548,11.6,3.29
T29,GL-5704,2026-03-12 01:48:00,7.964425,11.040923,9.9,4.65
T29,GL-5704,2026-03-12 01:49:00,7.964153,11.041578,9.1,5.08
T29,GL-5704,2026-03-12 01:50:00,7.963939,11.041915,4.8,4.68
T29,GL-5704,2026-03-12 01:51:00,7.963655,11.04253,10.7,4.54
T29,GL-5704,2026-03-12 01:52:00,7.963483,11.042966,10.4,4.77
T29,GL-5704,2026-03-12 01:53:00,7.96318,11.043445,11.9,3.44
T29,GL-5704,2026-03-12 01:54:00,7.963032,11.043922,7.8,3.11
T29,GL-5704,2026-03-12 01:55:00,7.962687,11.044305,9.2,5.37
T29,GL-5704,2026-03-12 01:56:00,7.96249,11.044938,8.3,5.1
T29,GL-5704,2026-03-12 01:57:00,7.962267,11.045295,9.9,2.94
T29,GL-5704,2026-03-12 01:58:00,7.961974,11.045647,7.2,3.57
T29,GL-5704,2026-03-12 01:59:00,7.961773,11.046169,5.3,4.01
T29,GL-5704,2026-03-12 02:00:00,7.961499,11.046744,6.7,4.07
T29,GL-5704,2026-03-12 02:01:00,7.961231,11.047164,9.4,3.18
T29,GL-5704,2026-03-12 02:02:00,7.961077,11.047718,10.4,3.16
T29,GL-5704,2026-03-12 02:03:00,7.960828,11.048225,8.6,3.44
T29,GL-5704,2026-03-12 02:04:00,7.96053,11.048656,4.9,4.43
T29,GL-5704,2026-03-12 02:05:00,7.960338,11.049163,11.2,3.73
T29,GL-5704,2026-03-12 02:06:00,7.960241,11.04959,5.9,5.01
T29,GL-5704,2026-03-12 02:07:00,7.960002,11.050022,7.7,4.05
T29,GL-5704,2026-03-12 02:08:00,7.959596,11.050519,6.0,5.14
T29,GL-5704,2026-03-12 02:09:00,7.959433,11.050979,9.9,5.31
T29,GL-5704,2026-03-12 02:10:00,7.959252,11.051518,,5.37
T29,GL-5704,2026-03-12 02:11:00,7.95893,11.051945,10.1,3.2
T29,GL-5704,2026-03-12 02:12:00,7.958737,11.052452,9.7,3.43
T29,GL-5704,2026-03-12 02:13:00,7.958581,11.052875,8.5,4.24
T29,GL-5704,2026-03-12 02:14:00,7.958257,11.053347,4.8,3.64
T29,GL-5704,2026-03-12 02:15:00,7.958033,11.053911,9.5,4.8
T29,GL-5704,2026-03-12 02:16:00,7.957851,11.054274,4.8,3.6
T29,GL-5704,2026-03-12 02:17:00,7.957648,11.054764,6.8,3.93
T29,GL-5704,2026-03-12 02:18:00,7.95746,11.055356,7.2,4.86
T29,GL-5704,2026-03-12 02:19:00,7.957196,11.055731,9.5,3.49
T29,GL-5704,2026-03-12 02:20:00,7.956881,11.056209,10.0,2.9
T29,GL-5704,2026-03-12 02:21:00,7.956693,11.056815,6.5,5.27
T29,GL-5704,2026-03-12 02:22:00,7.956502,11.05716,4.5,4.39
T29,GL-5704,2026-03-12 02:23:00,7.956276,11.057748,5.5,4.43
T29,GL-5704,2026-03-12 02:24:00,7.955987,11.058193,7.7,5.46
T29,GL-5704,2026-03-12 02:25:00,7.955685,11.058522,8.8,5.25
T29,GL-5704,2026-03-12 02:26:00,7.955536,11.059173,11.0,4.75
T29,GL-5704,2026-03-12 02:27:00,7.955374,11.059549,,3.1
T29,GL-5704,2026-03-12 02:28:00,7.955041,11.060088,7.9,4.33
T29,GL-5704,2026-03-12 02:29:00,7.954796,11.060498,11.4,4.53
T29,GL-5704,2026-03-12 02:30:00,7.954561,11.06108,9.2,5.26
T29,GL-5704,2026-03-12 02:31:00,7.954261,11.061409,6.7,5.33
T29,GL-5704,2026-03-12 02:32:00,7.954086,11.061917,8.2,5.11
T29,GL-5704,2026-03-12 02:33:00,7.953931,11.062426,10.9,3.47
T29,GL-5704,2026-03-12 02:34:00,7.953629,11.062924,5.6,4.62
T29,GL-5704,2026-03-12 02:35:00,7.953453,11.063479,5.8,4.94
T29,GL-5704,2026-03-12 02:36:00,7.953262,11.063838,11.2,3.29
T29,GL-5704,2026-03-12 02:37:00,7.952985,11.064326,4.4,5.4
T29,GL-5704,2026-03-12 02:38:00,7.952717,11.064868,7.0,5.4
T29,GL-5704,2026-03-12 02:39:00,7.952387,11.06521,7.3,5.16
T29,GL-5704,2026-03-12 02:40:00,7.952461,11.065696,9.8,3.94
T29,GL-5704,2026-03-12 02:41:00,7.95191,11.066191,4.3,3.69
T29,GL-5704,2026-03-12 02:42:00,7.951807,11.06678,9.3,4.82
T29,GL-5704,2026-03-12 02:43:00,7.95149,11.067252,,3.22
T29,GL-5704,2026-03-12 02:44:00,7.95124,11.067546,5.7,4.37
T29,GL-5704,2026-03-12 02:45:00,7.951085,11.068168,10.1,4.89
T29,GL-5704,2026-03-12 02:46:00,7.950901,11.068566,5.6,4.47
T29,GL-5704,2026-03-12 02:47:00,7.950651,11.069167,4.8,4.07
T29,GL-5704,2026-03-12 02:48:00,7.525814,11.069596,8.4,374.31
T29,GL-5704,2026-03-12 02:49:00,7.950167,11.069985,9.3,5.32
T29,GL-5704,2026-03-12 02:50:00,7.949989,11.070548,11.1,3.26
T29,GL-5704,2026-03-12 02:51:00,7.949741,11.070852,,4.29
T29,GL-5704,2026-03-12 02:52:00,7.949458,11.071444,8.8,3.92
T29,GL-5704,2026-03-12 02:53:00,7.949131,11.071995,9.6,3.67
T29,GL-5704,2026-03-12 02:54:00,7.949004,11.072393,11.8,4.55
T29,GL-5704,2026-03-12 02:55:00,7.948712,11.072916,9.2,3.4
T29,GL-5704,2026-03-12 02:56:00,7.948545,11.073473,9.0,3.46
T29,GL-5704,2026-03-12 02:57:00,7.948277,11.073931,11.2,3.73
T29,GL-5704,2026-03-12 02:58:00,7.948018,11.074318,5.8,5.38
T29,GL-5704,2026-03-12 02:59:00,7.947774,11.074808,4.8,3.84
T29,GL-5704,2026-03-12 03:00:00,7.947549,11.07519,9.7,4.95
T29,GL-5704,2026-03-12 03:01:00,7.947398,11.075648,11.5,2.92
T29,GL-5704,2026-03-12 03:02:00,7.947114,11.076192,9.2,2.88
T29,GL-5704,2026-03-12 03:03:00,7.946936,11.076695,,3.68
T29,GL-5704,2026-03-12 03:04:00,7.946747,11.077143,4.0,4.91
T29,GL-5704,2026-03-12 03:05:00,7.946472,11.077547,5.2,4.36
T29,GL-5704,2026-03-12 03:06:00,7.946227,11.078101,9.3,5.09
T29,GL-5704,2026-03-12 03:07:00,7.945945,11.078604,11.9,3.74
T29,GL-5704,2026-03-12 03:08:00,7.945734,11.078985,10.8,5.57
T29,GL-5704,2026-03-12 03:09:00,7.945505,11.079501,6.1,3.71
T29,GL-5704,2026-03-12 03:10:00,7.945313,11.079849,7.5,4.39
T29,GL-5704,2026-03-12 03:11:00,7.945148,11.080472,10.3,3.99
T29,GL-5704,2026-03-12 03:12:00,7.944805,11.080917,7.2,3.11
T29,GL-5704,2026-03-12 03:13:00,7.944519,11.081481,11.2,4.74
T29,GL-5704,2026-03-12 03:14:00,7.944379,11.08186,5.6,5.26
T29,GL-5704,2026-03-12 03:15:00,7.944177,11.082383,6.4,4.51
T29,GL-5704,2026-03-12 03:16:00,7.943903,11.082739,8.4,5.22
T29,GL-5704,2026-03-12 03:17:00,7.943684,11.083326,11.8,4.39
T29,GL-5704,2026-03-12 03:18:00,7.943414,11.083794,4.1,3.6
T29,GL-5704,2026-03-12 03:19:00,7.943176,11.084362,7.1,3.66
T29,GL-5704,2026-03-12 03:20:00,7.942908,11.084789,8.6,3.93
T29,GL-5704,2026-03-12 03:21:00,7.942709,11.085358,,3.28
T29,GL-5704,2026-03-12 03:22:00,7.942501,11.085706,6.0,4.82
T29,GL-5704,2026-03-12 03:23:00,7.942224,11.086101,9.5,2.96
T29,GL-5704,2026-03-12 03:24:00,7.941998,11.086739,10.0,5.03
T29,GL-5704,2026-03-12 03:25:00,7.941814,11.087147,8.6,5.43
T29,GL-5704,2026-03-12 03:26:00,7.941667,11.087571,9.2,3.19
T29,GL-5704,2026-03-12 03:27:00,7.941252,11.08809,7.1,3.37
T29,GL-5704,2026-03-12 03:28:00,7.941088,11.088563,4.7,2.88
T29,GL-5704,2026-03-12 03:29:00,7.940771,11.089104,10.9,4.18
T29,GL-5704,2026-03-12 03:30:00,7.940567,11.089596,9.0,5.48
T29,GL-5704,2026-03-12 03:31:00,7.940359,11.090038,6.1,3.54
T29,GL-5704,2026-03-12 03:32:00,7.940063,11.090412,5.5,4.04
T29,GL-5704,2026-03-12 03:33:00,7.939825,11.090971,7.8,4.47
T29,GL-5704,2026-03-12 03:34:00,7.939583,11.091477,8.6,3.5
T29,GL-5704,2026-03-12 03:35:00,7.939382,11.091957,9.3,5.12
T29,GL-5704,2026-03-12 03:36:00,7.939302,11.092379,6.9,5.59
T29,GL-5704,2026-03-12 03:37:00,7.938937,11.092895,11.8,5.58
T29,GL-5704,2026-03-12 03:38:00,7.938766,11.093258,11.1,3.63
T29,GL-5704,2026-03-12 03:39:00,7.938546,11.093738,9.8,3.98
T29,GL-5704,2026-03-12 03:40:00,7.938227,11.094288,8.8,4.07
T29,GL-5704,2026-03-12 03:41:00,7.938087,11.094705,4.4,4.05
T29,GL-5704,2026-03-12 03:42:00,7.93777,11.095239,6.2,3.43
T29,GL-5704,2026-03-12 03:43:00,7.937612,11.095608,7.7,4.5
T29,GL-5704,2026-03-12 03:44:00,7.937301,11.096238,10.8,4.15
T29,GL-5704,2026-03-12 03:45:00,7.937124,11.096604,10.1,4.47
T29,GL-5704,2026-03-12 03:46:00,7.936971,11.097083,4.7,4.29
T29,GL-5704,2026-03-12 03:47:00,7.936562,11.09763,10.3,5.38
T29,GL-5704,2026-03-12 03:48:00,7.9364,11.097998,10.1,4.87
T29,GL-5704,2026-03-12 03:49:00,7.936153,11.098521,4.7,5.1
T29,GL-5704,2026-03-12 03:50:00,7.936078,11.098896,7.3,5.38
T29,GL-5704,2026-03-12 03:51:00,7.935719,11.099491,7.0,5.6
T29,GL-5704,2026-03-12 03:52:00,7.935576,11.099995,9.4,3.03
T29,GL-5704,2026-03-12 03:53:00,7.935278,11.100431,10.7,5.39
T29,GL-5704,2026-03-12 03:54:00,7.935032,11.100924,8.5,3.37
T29,GL-5704,2026-03-12 03:55:00,7.934754,11.101388,7.0,3.89
T29,GL-5704,2026-03-12 03:56:00,7.934482,11.101848,4.4,4.57
T29,GL-5704,2026-03-12 03:57:00,7.934281,11.102388,5.6,5.5
T29,GL-5704,2026-03-12 03:58:00,7.934133,11.102733,5.8,2.94
T29,GL-5704,2026-03-12 03:59:00,7.933772,11.103321,7.8,4.02
T29,GL-5704,2026-03-12 04:00:00,7.933565,11.103783,7.8,3.07
T29,GL-5704,2026-03-12 04:01:00,7.933338,11.104178,5.3,4.89
T29,GL-5704,2026-03-12 04:02:00,7.933265,11.104761,8.1,4.69
T29,GL-5704,2026-03-12 04:03:00,7.932961,11.105194,6.8,3.98
T29,GL-5704,2026-03-12 04:04:00,7.932642,11.105689,4.1,5.29
T29,GL-5704,2026-03-12 04:05:00,7.932424,11.106142,4.4,3.02
T29,GL-5704,2026-03-12 04:06:00,7.932477,11.106199,7.1,0.25
T29,GL-5704,2026-03-12 04:07:00,7.932414,11.106022,11.8,0.24
T29,GL-5704,2026-03-12 04:08:00,7.932372,11.105976,10.3,0.14
T29,GL-5704,2026-03-12 04:09:00,7.932477,11.106137,7.8,0.1
T29,GL-5704,2026-03-12 04:10:00,7.932435,11.106115,9.0,0.03
T29,GL-5704,2026-03-12 04:11:00,7.932389,11.106189,7.9,0.2
T29,GL-5704,2026-03-12 04:12:00,7.932494,11.106191,5.3,0.48
T29,GL-5704,2026-03-12 04:13:00,7.93241,11.106076,,0.39
T29,GL-5704,2026-03-12 04:14:00,7.932449,11.10616,5.2,0.87
T29,GL-5704,2026-03-12 04:15:00,7.932553,11.106014,4.4,0.27
T29,GL-5704,2026-03-12 04:16:00,7.932356,11.106244,8.7,0.65
T29,GL-5704,2026-03-12 04:17:00,7.932342,11.106169,11.1,0.38
T29,GL-5704,2026-03-12 04:18:00,7.932614,11.106014,6.5,0.51
T29,GL-5704,2026-03-12 04:19:00,7.932305,11.106139,5.7,0.82
T29,GL-5704,2026-03-12 04:20:00,7.932563,11.105973,8.0,0.82
T29,GL-5704,2026-03-12 04:21:00,7.932576,11.106099,10.8,0.55
T29,GL-5704,2026-03-12 04:22:00,7.932439,11.105924,11.8,0.49
T29,GL-5704,2026-03-12 04:23:00,7.932432,11.106131,6.9,0.16
T29,GL-5704,2026-03-12 04:24:00,7.932385,11.106136,4.7,0.29
T29,GL-5704,2026-03-12 04:25:00,7.932436,11.106166,11.2,0.35
T29,GL-5704,2026-03-12 04:26:00,7.932443,11.106177,11.0,0.1
T29,GL-5704,2026-03-12 04:27:00,7.932518,11.106152,4.5,0.68
T29,GL-5704,2026-03-12 04:28:00,7.932523,11.106303,11.1,0.88
T29,GL-5704,2026-03-12 04:29:00,7.932481,11.106039,4.3,0.81
T29,GL-5704,2026-03-12 04:30:00,7.932424,11.106228,5.1,0.33
T29,GL-5704,2026-03-12 04:31:00,7.932452,11.106187,6.3,0.16
T29,GL-5704,2026-03-12 04:32:00,7.932465,11.106113,4.4,0.37
T29,GL-5704,2026-03-12 04:33:00,7.932462,11.106184,10.4,0.29
T29,GL-5704,2026-03-12 04:34:00,7.932454,11.106163,11.7,0.18
T29,GL-5704,2026-03-12 04:35:00,7.932454,11.106217,11.0,0.05
T29,GL-5704,2026-03-12 04:36:00,7.932434,11.106122,6.8,0.04
T29,GL-5704,2026-03-12 04:37:00,7.93244,11.106163,6.2,0.12
T29,GL-5704,2026-03-12 04:38:00,7.932459,11.106169,6.3,0.05
T29,GL-5704,2026-03-12 04:39:00,7.932448,11.106197,7.0,0.21
T29,GL-5704,2026-03-12 04:40:00,7.932455,11.106195,4.2,0.09
T29,GL-5704,2026-03-12 04:41:00,7.932415,11.106205,8.2,0.39
T29,GL-5704,2026-03-12 04:42:00,7.932458,11.106126,5.2,0.2
T29,GL-5704,2026-03-12 04:43:00,7.932479,11.106163,10.7,0.12
T29,GL-5704,2026-03-12 04:44:00,7.93249,11.106251,10.9,0.23
T29,GL-5704,2026-03-12 04:45:00,7.932419,11.106174,6.4,0.1
T29,GL-5704,2026-03-12 04:46:00,7.932465,11.106093,6.0,0.24
T29,GL-5704,2026-03-12 04:47:00,7.932447,11.106148,6.4,0.27
T29,GL-5704,2026-03-12 04:48:00,7.932457,11.10614,4.8,0.27
T29,GL-5704,2026-03-12 04:49:00,7.93244,11.106171,8.1,0.28
T29,GL-5704,2026-03-12 04:50:00,7.932413,11.106172,9.3,0.06
T29,GL-5704,2026-03-12 04:51:00,7.93242,11.106193,4.8,0.24
T29,GL-5704,2026-03-12 04:52:00,7.932454,11.10616,8.7,0.19
T29,GL-5704,2026-03-12 04:53:00,7.932458,11.106203,11.9,0.2
T29,GL-5704,2026-03-12 04:54:00,7.932438,11.106156,7.2,0.02
T29,GL-5704,2026-03-12 04:55:00,7.932477,11.106094,4.7,0.33
T29,GL-5704,2026-03-12 04:56:00,7.932444,11.106171,11.5,0.38
T29,GL-5704,2026-03-12 04:57:00,7.93248,11.106158,7.0,0.2
T29,GL-5704,2026-03-12 04:58:00,7.932454,11.106153,9.0,0.0
T29,GL-5704,2026-03-12 04:59:00,7.932468,11.106202,6.4,0.37
T29,GL-5704,2026-03-12 05:00:00,7.932384,11.106181,9.7,0.26
T29,GL-5704,2026-03-12 05:01:00,7.932397,11.106134,11.4,0.38
T29,GL-5704,2026-03-12 05:02:00,7.932455,11.106185,8.3,0.29
T29,GL-5704,2026-03-12 05:03:00,7.932417,11.106179,5.4,0.18
T29,GL-5704,2026-03-12 05:04:00,7.932414,11.106118,5.1,0.34
T29,GL-5704,2026-03-12 05:05:00,7.932439,11.106125,9.6,0.28
T29,GL-5704,2026-03-12 05:06:00,7.932487,11.106111,10.3,0.22
T29,GL-5704,2026-03-12 05:07:00,7.93245,11.106168,5.7,0.07
T29,GL-5704,2026-03-12 05:08:00,7.932468,11.106167,7.6,0.35
T29,GL-5704,2026-03-12 05:09:00,7.932479,11.106196,7.0,0.37
T29,GL-5704,2026-03-12 05:10:00,7.932436,11.106141,10.5,0.23
T29,GL-5704,2026-03-12 05:11:00,7.932471,11.10621,6.1,0.39
T29,GL-5704,2026-03-12 05:12:00,7.932492,11.106185,4.9,0.24
T29,GL-5704,2026-03-12 05:13:00,7.93247,11.106147,9.6,0.0
T29,GL-5704,2026-03-12 05:14:00,7.932492,11.106205,5.9,0.14
T29,GL-5704,2026-03-12 05:15:00,7.932411,11.106143,11.3,0.15
T29,GL-5704,2026-03-12 05:16:00,7.93238,11.106167,8.4,0.08
T29,GL-5704,2026-03-12 05:17:00,7.932528,11.106143,11.0,0.2
T29,GL-5704,2026-03-12 05:18:00,7.932523,11.106148,6.2,0.1
T29,GL-5704,2026-03-12 05:19:00,7.805403,11.106172,10.5,238.15
T29,GL-5704,2026-03-12 05:20:00,7.932391,11.106156,9.4,0.1
T29,GL-5704,2026-03-12 05:21:00,7.932425,11.106127,6.1,0.16
T29,GL-5704,2026-03-12 05:22:00,7.932473,11.106177,9.8,0.38
T29,GL-5704,2026-03-12 05:23:00,7.932468,11.106114,11.1,0.04
T29,GL-5704,2026-03-12 05:24:00,7.93246,11.106196,6.0,0.09
T29,GL-5704,2026-03-12 05:25:00,7.932462,11.106189,4.4,0.12
T29,GL-5704,2026-03-12 05:26:00,7.932406,11.106146,10.3,0.21
T29,GL-5704,2026-03-12 05:27:00,7.932471,11.106153,8.8,0.23
T29,GL-5704,2026-03-12 05:28:00,7.932434,11.106181,10.3,0.33
T29,GL-5704,2026-03-12 05:29:00,7.932462,11.106171,5.0,0.09
T29,GL-5704,2026-03-12 05:30:00,7.932481,11.106167,8.8,0.31
T29,GL-5704,2026-03-12 05:31:00,7.932433,11.106184,4.5,0.24
T29,GL-5704,2026-03-12 05:32:00,7.932398,11.106226,10.3,0.04
T29,GL-5704,2026-03-12 05:33:00,7.932434,11.106193,10.3,0.01
T29,GL-5704,2026-03-12 05:34:00,7.932472,11.106205,4.3,0.22
T29,GL-5704,2026-03-12 05:35:00,7.932425,11.106125,6.1,0.36
T29,GL-5704,2026-03-12 05:36:00,7.932483,11.106083,5.3,0.38
T29,GL-5704,2026-03-12 05:37:00,7.932423,11.106203,8.1,0.22
T29,GL-5704,2026-03-12 05:38:00,7.932437,11.106091,5.4,0.33
T29,GL-5704,2026-03-12 05:39:00,7.932474,11.106159,7.5,0.36
T29,GL-5704,2026-03-12 05:40:00,7.932432,11.106155,9.4,0.2
T29,GL-5704,2026-03-12 05:41:00,7.932455,11.106174,10.5,0.26
T29,GL-5704,2026-03-12 05:42:00,7.932368,11.106137,7.1,0.22
T29,GL-5704,2026-03-12 05:43:00,7.932476,11.10615,6.1,0.16
T29,GL-5704,2026-03-12 05:44:00,7.932496,11.106171,6.6,0.03
T29,GL-5704,2026-03-12 05:45:00,7.932435,11.106155,7.1,0.3
T29,GL-5704,2026-03-12 05:46:00,7.932498,11.105651,7.4,2.89
T29,GL-5704,2026-03-12 05:47:00,7.932471,11.10519,10.3,4.81
T29,GL-5704,2026-03-12 05:48:00,7.93287,11.104706,5.9,4.04
T29,GL-5704,2026-03-12 05:49:00,7.932682,11.104242,5.9,4.61
T29,GL-5704,2026-03-12 05:50:00,7.932789,11.103655,7.9,5.07
T29,GL-5704,2026-03-12 05:51:00,7.932883,11.103176,5.4,3.53
T29,GL-5704,2026-03-12 05:52:00,7.932801,11.102821,9.5,4.02
T29,GL-5704,2026-03-12 05:53:00,7.933068,11.102273,6.4,3.82
T29,GL-5704,2026-03-12 05:54:00,7.933141,11.10171,9.1,3.6
T29,GL-5704,2026-03-12 05:55:00,7.933132,11.101288,9.9,3.15
T29,GL-5704,2026-03-12 05:56:00,7.933339,11.100782,9.1,4.87
T29,GL-5704,2026-03-12 05:57:00,7.933347,11.100264,11.8,2.84
T29,GL-5704,2026-03-12 05:58:00,7.933446,11.099778,5.1,4.89
T29,GL-5704,2026-03-12 05:59:00,7.933475,11.099265,4.7,3.68
T29,GL-5704,2026-03-12 06:00:00,7.933614,11.098703,6.6,3.75
T29,GL-5704,2026-03-12 06:01:00,7.933644,11.098251,10.2,3.87
T29,GL-5704,2026-03-12 06:02:00,7.933652,11.097791,6.7,5.25
T29,GL-5704,2026-03-12 06:03:00,7.933804,11.097416,11.7,2.86
T29,GL-5704,2026-03-12 06:04:00,7.933877,11.096947,7.9,5.02
T29,GL-5704,2026-03-12 06:05:00,7.933885,11.09629,8.8,3.66
T29,GL-5704,2026-03-12 06:06:00,7.934058,11.095995,6.7,3.57
T29,GL-5704,2026-03-12 06:07:00,7.361895,11.095454,5.5,300.0
T29,GL-5704,2026-03-12 06:08:00,7.934149,11.094881,5.0,5.06
T29,GL-5704,2026-03-12 06:09:00,7.934357,11.094344,8.0,2.92
T29,GL-5704,2026-03-12 06:10:00,7.934403,11.093867,10.0,3.85
T29,GL-5704,2026-03-12 06:11:00,7.934363,11.093369,10.0,5.39
T29,GL-5704,2026-03-12 06:12:00,7.934529,11.092909,8.3,5.22
T29,GL-5704,2026-03-12 06:13:00,7.934523,11.092494,7.6,5.39
T29,GL-5704,2026-03-12 06:14:00,7.934733,11.092037,7.1,4.59
T29,GL-5704,2026-03-12 06:15:00,7.934713,11.091557,5.6,3.82
T29,GL-5704,2026-03-12 06:16:00,7.934778,11.091048,7.2,3.13
T29,GL-5704,2026-03-12 06:17:00,7.934947,11.090434,11.7,3.68
T29,GL-5704,2026-03-12 06:18:00,7.934969,11.090059,4.4,5.1
T29,GL-5704,2026-03-12 06:19:00,7.934888,11.089599,11.7,4.53
T29,GL-5704,2026-03-12 06:20:00,7.934965,11.088954,8.6,3.4
T29,GL-5704,2026-03-12 06:21:00,7.935065,11.088583,4.0,2.9
T29,GL-5704,2026-03-12 06:22:00,7.935259,11.088097,,3.25
T29,GL-5704,2026-03-12 06:23:00,7.935285,11.087508,5.9,4.61
T29,GL-5704,2026-03-12 06:24:00,7.935343,11.087037,5.9,5.33
T29,GL-5704,2026-03-12 06:25:00,7.93547,11.086423,9.6,3.36
T29,GL-5704,2026-03-12 06:26:00,7.935703,11.086203,8.9,5.14
T29,GL-5704,2026-03-12 06:27:00,7.935584,11.085489,10.8,4.78
T29,GL-5704,2026-03-12 06:28:00,7.935628,11.085225,5.5,2.85
T29,GL-5704,2026-03-12 06:29:00,7.935804,11.084655,9.1,4.31
T29,GL-5704,2026-03-12 06:30:00,7.935741,11.084049,6.5,4.55
T29,GL-5704,2026-03-12 06:31:00,7.935962,11.083632,4.7,4.68
T29,GL-5704,2026-03-12 06:32:00,7.935967,11.083198,9.0,5.37
T29,GL-5704,2026-03-12 06:33:00,7.936065,11.082642,6.1,4.34
T29,GL-5704,2026-03-12 06:34:00,7.936096,11.08214,4.4,3.14
T29,GL-5704,2026-03-12 06:35:00,7.936145,11.081633,6.7,4.22
T29,GL-5704,2026-03-12 06:36:00,7.936255,11.081255,10.6,4.1
T29,GL-5704,2026-03-12 06:37:00,7.936445,11.080689,9.1,4.71
T29,GL-5704,2026-03-12 06:38:00,7.936436,11.080227,10.1,4.34
T29,GL-5704,2026-03-12 06:39:00,7.936517,11.079641,6.8,4.13
T29,GL-5704,2026-03-12 06:40:00,7.936625,11.079176,7.7,3.18
T29,GL-5704,2026-03-12 06:41:00,7.936577,11.078663,10.2,4.32
T29,GL-5704,2026-03-12 06:42:00,7.936813,11.078156,4.5,5.32
T29,GL-5704,2026-03-12 06:43:00,7.936644,11.077704,7.6,4.18
T29,GL-5704,2026-03-12 06:44:00,7.936928,11.077168,9.7,4.56
T29,GL-5704,2026-03-12 06:45:00,7.937004,11.07661,,3.39
T29,GL-5704,2026-03-12 06:46:00,7.936995,11.076325,11.8,3.06
T29,GL-5704,2026-03-12 06:47:00,7.937031,11.075714,11.0,4.04
T29,GL-5704,2026-03-12 06:48:00,7.937129,11.075378,6.9,4.3
T29,GL-5704,2026-03-12 06:49:00,7.937305,11.074754,7.6,5.5
T29,GL-5704,2026-03-12 06:50:00,7.9373,11.074276,7.2,3.75
T29,GL-5704,2026-03-12 06:51:00,7.93725,11.07379,11.9,3.87
T29,GL-5704,2026-03-12 06:52:00,7.937622,11.073445,8.2,4.62
T29,GL-5704,2026-03-12 06:53:00,7.937627,11.072867,9.4,4.65
T29,GL-5704,2026-03-12 06:54:00,7.937497,11.072268,8.9,2.84
T29,GL-5704,2026-03-12 06:55:00,7.937671,11.071779,7.2,4.88
T29,GL-5704,2026-03-12 06:56:00,7.937798,11.071333,10.7,5.59
T29,GL-5704,2026-03-12 06:57:00,7.937922,11.070883,11.3,5.31
T29,GL-5704,2026-03-12 06:58:00,7.938037,11.070409,8.3,4.88
T29,GL-5704,2026-03-12 06:59:00,7.938079,11.069837,6.6,4.13
T29,GL-5704,2026-03-12 07:00:00,7.937979,11.069398,9.3,3.71
T29,GL-5704,2026-03-12 07:01:00,7.938081,11.068852,4.0,4.07
T29,GL-5704,2026-03-12 07:02:00,7.938179,11.068406,7.3,5.07
T29,GL-5704,2026-03-12 07:03:00,7.938255,11.067968,10.8,4.31
T29,GL-5704,2026-03-12 07:04:00,7.938406,11.067466,9.2,4.99
T29,GL-5704,2026-03-12 07:05:00,7.93849,11.067025,11.9,3.12
T29,GL-5704,2026-03-12 07:06:00,7.938585,11.066512,9.0,4.76
T29,GL-5704,2026-03-12 07:07:00,7.93862,11.065991,10.3,4.78
T29,GL-5704,2026-03-12 07:08:00,7.93874,11.06546,8.3,5.38
T29,GL-5704,2026-03-12 07:09:00,7.938797,11.065107,8.5,2.83
T29,GL-5704,2026-03-12 07:10:00,7.938763,11.064573,9.8,3.01
T29,GL-5704,2026-03-12 07:11:00,7.938908,11.063924,6.7,3.14
T29,GL-5704,2026-03-12 07:12:00,7.93889,11.063507,9.7,5.23
T29,GL-5704,2026-03-12 07:13:00,7.939075,11.063077,4.3,4.42
T29,GL-5704,2026-03-12 07:14:00,7.939106,11.062635,8.7,3.75
T29,GL-5704,2026-03-12 07:15:00,7.939169,11.061979,4.4,3.91
T29,GL-5704,2026-03-12 07:16:00,7.939338,11.061507,4.9,4.97
T29,GL-5704,2026-03-12 07:17:00,7.939271,11.061053,5.5,5.29
T29,GL-5704,2026-03-12 07:18:00,7.939397,11.060501,9.9,4.09
T29,GL-5704,2026-03-12 07:19:00,7.939545,11.060127,7.1,4.59
T29,GL-5704,2026-03-12 07:20:00,7.939602,11.059538,5.2,4.66
T29,GL-5704,2026-03-12 07:21:00,7.939674,11.059189,5.5,5.59
T29,GL-5704,2026-03-12 07:22:00,7.939738,11.058616,9.9,4.77
T29,GL-5704,2026-03-12 07:23:00,7.939761,11.058154,8.7,3.74
T29,GL-5704,2026-03-12 07:24:00,7.93979,11.057677,9.6,4.03
T29,GL-5704,2026-03-12 07:25:00,7.940005,11.05713,11.7,5.02
T29,GL-5704,2026-03-12 07:26:00,7.939858,11.056696,11.8,3.63
T29,GL-5704,2026-03-12 07:27:00,7.940084,11.056247,4.5,4.42
T29,GL-5704,2026-03-12 07:28:00,7.940138,11.055629,10.2,3.78
T29,GL-5704,2026-03-12 07:29:00,7.940204,11.055255,10.4,4.99
T29,GL-5704,2026-03-12 07:30:00,7.940423,11.05472,6.6,5.06
T29,GL-5704,2026-03-12 07:31:00,7.940405,11.054187,6.5,4.97
T29,GL-5704,2026-03-12 07:32:00,7.940487,11.053872,4.1,4.49
T29,GL-5704,2026-03-12 07:33:00,7.94061,11.053216,10.8,3.82
T29,GL-5704,2026-03-12 07:34:00,7.940631,11.05284,5.0,4.56
T29,GL-5704,2026-03-12 07:35:00,7.940764,11.052207,11.1,4.56
T29,GL-5704,2026-03-12 07:36:00,7.94086,11.051771,8.4,4.95
T29,GL-5704,2026-03-12 07:37:00,7.940851,11.051255,5.4,5.53
T29,GL-5704,2026-03-12 07:38:00,7.940914,11.05077,5.4,4.17
T29,GL-5704,2026-03-12 07:39:00,7.940948,11.050284,7.4,5.15
T29,GL-5704,2026-03-12 07:40:00,7.941143,11.049747,11.4,4.2
T29,GL-5704,2026-03-12 07:41:00,7.941145,11.04932,11.0,3.46
T29,GL-5704,2026-03-12 07:42:00,7.941288,11.048913,10.2,3.64
T29,GL-5704,2026-03-12 07:43:00,7.941312,11.048433,9.5,3.23
T29,GL-5704,2026-03-12 07:44:00,7.941424,11.047733,10.9,5.02
T29,GL-5704,2026-03-12 07:45:00,7.941393,11.047357,11.3,2.81
T29,GL-5704,2026-03-12 07:46:00,7.941499,11.046848,11.2,3.36
T29,GL-5704,2026-03-12 07:47:00,7.941613,11.046455,9.5,4.24
T29,GL-5704,2026-03-12 07:48:00,7.941746,11.046006,5.4,4.49
T29,GL-5704,2026-03-12 07:49:00,7.941788,11.04535,5.3,3.59
T29,GL-5704,2026-03-12 07:50:00,7.941756,11.044945,7.7,5.23
T29,GL-5704,2026-03-12 07:51:00,7.941916,11.044482,8.7,4.59
T29,GL-5704,2026-03-12 07:52:00,7.942029,11.043911,7.6,5.16
T29,GL-5704,2026-03-12 07:53:00,7.942013,11.043457,10.6,3.05
T29,GL-5704,2026-03-12 07:54:00,7.942141,11.043082,4.8,5.16
T29,GL-5704,2026-03-12 07:55:00,7.942286,11.042519,7.1,4.89
T29,GL-5704,2026-03-12 07:56:00,7.942231,11.041929,6.9,4.81
T29,GL-5704,2026-03-12 07:57:00,7.942346,11.041438,8.2,3.74
T29,GL-5704,2026-03-12 07:58:00,7.942441,11.040957,4.9,3.7
T29,GL-5704,2026-03-12 07:59:00,7.942626,11.040466,4.9,4.73
T29,GL-5704,2026-03-12 08:00:00,7.942671,11.040035,7.7,4.62
T29,GL-5704,2026-03-12 08:01:00,7.942594,11.039455,4.4,2.87
T29,GL-5704,2026-03-12 08:02:00,7.942687,11.039016,9.6,5.56
T29,GL-5704,2026-03-12 08:03:00,7.942804,11.038585,11.1,5.12
T29,GL-5704,2026-03-12 08:04:00,7.942827,11.038062,4.8,3.51
T29,GL-5704,2026-03-12 08:05:00,7.943042,11.037783,10.8,3.94
T29,GL-5704,2026-03-12 08:06:00,7.94299,11.037087,7.7,4.91
T29,GL-5704,2026-03-12 08:07:00,7.943147,11.03658,7.6,2.96
T29,GL-5704,2026-03-12 08:08:00,7.943222,11.036085,8.2,4.99
T29,GL-5704,2026-03-12 08:09:00,7.943308,11.035591,7.2,3.08
T29,GL-5704,2026-03-12 08:10:00,7.943234,11.035008,11.5,5.1
T29,GL-5704,2026-03-12 08:11:00,7.943443,11.034617,5.3,4.43
T29,GL-5704,2026-03-12 08:12:00,7.943468,11.034168,7.1,3.18
T29,GL-5704,2026-03-12 08:13:00,7.943555,11.033679,6.8,4.9
T29,GL-5704,2026-03-12 08:14:00,7.943557,11.033179,6.1,3.95
T29,GL-5704,2026-03-12 08:15:00,7.94375,11.032629,10.9,4.08
T29,GL-5704,2026-03-12 08:16:00,7.943813,11.032148,7.6,3.14
T29,GL-5704,2026-03-12 08:17:00,7.943754,11.031649,11.8,3.67
T29,GL-5704,2026-03-12 08:18:00,7.943892,11.031177,7.3,3.75
T29,GL-5704,2026-03-12 08:19:00,7.944011,11.030704,9.5,3.5
T29,GL-5704,2026-03-12 08:20:00,7.944095,11.030236,5.8,4.91
T29,GL-5704,2026-03-12 08:21:00,7.944215,11.029709,10.6,4.14
T29,GL-5704,2026-03-12 08:22:00,7.944264,11.029235,7.0,2.91
T29,GL-5704,2026-03-12 08:23:00,7.944356,11.028775,9.5,4.8
T29,GL-5704,2026-03-12 08:24:00,7.944453,11.028324,8.3,3.34
T29,GL-5704,2026-03-12 08:25:00,7.944456,11.027828,4.6,5.16
T29,GL-5704,2026-03-12 08:26:00,7.944532,11.027254,11.1,3.39
T29,GL-5704,2026-03-12 08:27:00,7.944646,11.02676,7.9,4.27
T29,GL-5704,2026-03-12 08:28:00,7.944636,11.02632,11.6,5.33
T29,GL-5704,2026-03-12 08:29:00,7.944791,11.025881,10.7,2.85
T29,GL-5704,2026-03-12 08:30:00,7.944805,11.02526,7.5,3.99
T29,GL-5704,2026-03-12 08:31:00,7.944983,11.024763,8.6,3.69
T29,GL-5704,2026-03-12 08:32:00,7.945036,11.024323,9.1,3.24
T29,GL-5704,2026-03-12 08:33:00,7.945051,11.023774,6.9,3.79
T29,GL-5704,2026-03-12 08:34:00,7.945122,11.023352,5.6,4.17
T29,GL-5704,2026-03-12 08:35:00,7.945172,11.022885,6.7,3.55
T29,GL-5704,2026-03-12 08:36:00,7.945375,11.022334,4.0,4.78
T29,GL-5704,2026-03-12 08:37:00,7.945463,11.021923,4.6,5.11
T29,GL-5704,2026-03-12 08:38:00,7.945544,11.02133,9.2,4.29
T29,GL-5704,2026-03-12 08:39:00,7.945503,11.020829,8.0,3.3
T29,GL-5704,2026-03-12 08:40:00,7.9456,11.02031,6.7,3.82
T29,GL-5704,2026-03-12 08:41:00,7.945657,11.019816,10.8,3.61
T29,GL-5704,2026-03-12 08:42:00,7.94567,11.01953,5.1,5.37
T29,GL-5704,2026-03-12 08:43:00,7.945788,11.018998,11.9,3.71
T29,GL-5704,2026-03-12 08:44:00,7.945902,11.018467,4.4,2.9
T29,GL-5704,2026-03-12 08:45:00,7.945987,11.017889,7.6,4.51
T29,GL-5704,2026-03-12 08:46:00,7.945991,11.017547,8.2,5.4
T29,GL-5704,2026-03-12 08:47:00,7.946171,11.017018,10.6,5.34
T29,GL-5704,2026-03-12 08:48:00,7.946144,11.01654,11.7,4.88
T29,GL-5704,2026-03-12 08:49:00,7.946253,11.015994,6.7,2.89
T29,GL-5704,2026-03-12 08:50:00,8.13476,11.015609,11.1,251.64
T29,GL-5704,2026-03-12 08:51:00,7.946449,11.01506,9.8,5.6
T29,GL-5704,2026-03-12 08:52:00,7.94652,11.014669,7.1,3.2
T29,GL-5704,2026-03-12 08:53:00,7.946602,11.014004,11.0,5.28
T29,GL-5704,2026-03-12 08:54:00,7.946578,11.01357,6.3,3.88
T29,GL-5704,2026-03-12 08:55:00,7.946613,11.013104,11.9,3.6
T29,GL-5704,2026-03-12 08:56:00,7.94685,11.012555,4.9,4.75
T29,GL-5704,2026-03-12 08:57:00,7.946866,11.012104,4.9,4.95
T29,GL-5704,2026-03-12 08:58:00,7.946982,11.011547,,3.77
T29,GL-5704,2026-03-12 08:59:00,7.94704,11.010976,4.7,3.17
T29,GL-5704,2026-03-12 09:00:00,7.94708,11.010617,11.8,4.55
T29,GL-5704,2026-03-12 09:01:00,7.947127,11.010158,6.2,2.82
T29,GL-5704,2026-03-12 09:02:00,7.947314,11.009597,5.0,3.77
T29,GL-5704,2026-03-12 09:03:00,7.947319,11.009133,4.7,5.31
T29,GL-5704,2026-03-12 09:04:00,7.947464,11.008701,10.5,4.16
T29,GL-5704,2026-03-12 09:05:00,7.947493,11.008206,8.8,3.82
T29,GL-5704,2026-03-12 09:06:00,7.947638,11.007692,10.1,5.07
T29,GL-5704,2026-03-12 09:07:00,7.947694,11.007119,5.9,4.03
T29,GL-5704,2026-03-12 09:08:00,7.947767,11.006732,5.5,2.93
T29,GL-5704,2026-03-12 09:09:00,7.947754,11.006197,8.3,3.54
T29,GL-5704,2026-03-12 09:10:00,7.947864,11.005649,6.8,3.18
T29,GL-5704,2026-03-12 09:11:00,7.947946,11.005158,11.2,5.22
T29,GL-5704,2026-03-12 09:12:00,7.947953,11.004746,4.4,3.03
T29,GL-5704,2026-03-12 09:13:00,7.948085,11.004223,9.9,5.09
T29,GL-5704,2026-03-12 09:14:00,7.948016,11.003801,9.2,3.83
T29,GL-5704,2026-03-12 09:15:00,7.948213,11.003284,8.0,4.54
T29,GL-5704,2026-03-12 09:16:00,7.948297,11.002878,5.5,5.32
T29,GL-5704,2026-03-12 09:17:00,7.948333,11.00221,11.7,4.36
T29,GL-5704,2026-03-12 09:18:00,7.948449,11.001678,4.1,4.33
T29,GL-5704,2026-03-12 09:19:00,7.948565,11.001248,8.8,2.87
T29,GL-5704,2026-03-12 09:20:00,7.948561,11.000854,11.2,5.48
T29,GL-5704,2026-03-12 09:21:00,7.948573,11.000308,9.6,4.72
T29,GL-5704,2026-03-12 09:22:00,7.948755,10.999895,7.3,2.98
T29,GL-5704,2026-03-12 09:23:00,7.948835,10.999387,8.5,4.99
T29,GL-5704,2026-03-12 09:24:00,7.94893,10.998833,10.1,3.5
T29,GL-5704,2026-03-12 09:25:00,7.94881,10.998222,8.2,4.96
T29,GL-5704,2026-03-12 09:26:00,7.948935,10.99794,10.8,5.54
T29,GL-5704,2026-03-12 09:27:00,7.949101,10.997383,5.1,4.3
T29,GL-5704,2026-03-12 09:28:00,7.949213,10.996797,5.6,5.41
T29,GL-5704,2026-03-12 09:29:00,7.949312,10.996357,11.6,4.98
T29,GL-5704,2026-03-12 09:30:00,7.949484,10.995862,9.9,4.46
T29,GL-5704,2026-03-12 09:31:00,7.949463,10.995388,9.4,2.9
T29,GL-5704,2026-03-12 09:32:00,7.94948,10.994954,5.9,3.18
T29,GL-5704,2026-03-12 09:33:00,7.949545,10.994419,4.1,5.04
T29,GL-5704,2026-03-12 09:34:00,7.949608,10.993961,8.3,3.69
T29,GL-5704,2026-03-12 09:35:00,7.949691,10.993418,10.1,3.27
T29,GL-5704,2026-03-12 09:36:00,7.949851,10.992904,7.2,3.35
T29,GL-5704,2026-03-12 09:37:00,7.949712,10.992485,7.2,3.6
T29,GL-5704,2026-03-12 09:38:00,7.950007,10.99201,9.7,4.58
T29,GL-5704,2026-03-12 09:39:00,7.950009,10.991501,6.4,3.5
T29,GL-5704,2026-03-12 09:40:00,7.950226,10.990971,9.2,3.37
T29,GL-5704,2026-03-12 09:41:00,7.950318,10.990496,11.6,3.72
T29,GL-5704,2026-03-12 09:42:00,7.950216,10.990045,10.0,2.94
T29,GL-5704,2026-03-12 09:43:00,7.950217,10.98947,9.6,5.04
T29,GL-5704,2026-03-12 09:44:00,7.950403,10.989071,6.8,5.06
T29,GL-5704,2026-03-12 09:45:00,7.950502,10.988534,7.4,5.32
T29,GL-5704,2026-03-12 09:46:00,7.950664,10.98798,6.4,5.26
T29,GL-5704,2026-03-12 09:47:00,7.950608,10.987624,6.9,5.48
T29,GL-5704,2026-03-12 09:48:00,7.950817,10.986997,7.7,3.69
T29,GL-5704,2026-03-12 09:49:00,7.950808,10.986552,4.8,4.91
T29,GL-5704,2026-03-12 09:50:00,7.950855,10.986174,9.8,4.28
T29,GL-5704,2026-03-12 09:51:00,7.950898,10.986206,,0.4
T29,GL-5704,2026-03-12 09:52:00,7.950815,10.986088,4.7,0.63
T29,GL-5704,2026-03-12 09:53:00,7.950819,10.986092,8.9,0.77
T29,GL-5704,2026-03-12 09:54:00,7.950792,10.986202,9.9,0.42
T29,GL-5704,2026-03-12 09:55:00,7.950896,10.986097,5.1,0.15
T29,GL-5704,2026-03-12 09:56:00,7.950931,10.986195,10.5,0.85
T29,GL-5704,2026-03-12 09:57:00,7.950674,10.986276,6.2,0.73
T29,GL-5704,2026-03-12 09:58:00,7.950909,10.986099,4.9,0.68
T29,GL-5704,2026-03-12 09:59:00,7.950767,10.986127,4.9,0.4
T29,GL-5704,2026-03-12 10:00:00,7.950904,10.986093,5.6,0.87
T29,GL-5704,2026-03-12 10:01:00,7.95087,10.986052,11.5,0.87
T29,GL-5704,2026-03-12 10:02:00,7.950893,10.986081,7.4,0.01
T29,GL-5704,2026-03-12 10:03:00,7.951007,10.985961,5.0,0.56
T29,GL-5704,2026-03-12 10:04:00,7.950862,10.986215,5.6,0.31
T29,GL-5704,2026-03-12 10:05:00,7.950744,10.986104,4.3,0.75
T29,GL-5704,2026-03-12 10:06:00,7.950818,10.985999,8.7,0.37
T29,GL-5704,2026-03-12 10:07:00,7.951001,10.985972,8.8,0.47
T29,GL-5704,2026-03-12 10:08:00,7.950791,10.986163,4.5,0.44
T29,GL-5704,2026-03-12 10:09:00,7.950921,10.986132,11.8,0.46
T29,GL-5704,2026-03-12 10:10:00,7.95078,10.986095,4.4,0.89
T29,GL-5704,2026-03-12 10:11:00,7.950983,10.986072,6.8,0.08
T29,GL-5704,2026-03-12 10:12:00,7.95099,10.98605,5.4,0.75
T29,GL-5704,2026-03-12 10:13:00,7.950744,10.986073,9.3,0.84
T29,GL-5704,2026-03-12 10:14:00,7.95103,10.9861,8.9,0.64
T29,GL-5704,2026-03-12 10:15:00,7.950796,10.986049,5.0,0.07
T29,GL-5704,2026-03-12 10:16:00,7.95081,10.98618,4.4,0.28
T29,GL-5704,2026-03-12 10:17:00,7.950924,10.986172,5.1,0.35
T29,GL-5704,2026-03-12 10:18:00,7.950843,10.986051,7.8,0.83
T29,GL-5704,2026-03-12 10:19:00,7.950966,10.986755,11.2,2.9
T29,GL-5704,2026-03-12 10:20:00,7.951262,10.987275,10.2,3.4
T29,GL-5704,2026-03-12 10:21:00,7.951397,10.987843,11.6,3.39
T29,GL-5704,2026-03-12 10:22:00,7.951487,10.988421,4.9,3.32
T29,GL-5704,2026-03-12 10:23:00,7.951782,10.98891,11.5,3.38
T29,GL-5704,2026-03-12 10:24:00,7.952001,10.989499,5.8,4.75
T29,GL-5704,2026-03-12 10:25:00,7.952164,10.989996,5.9,2.93
T29,GL-5704,2026-03-12 10:26:00,7.952306,10.990593,11.3,5.44
T29,GL-5704,2026-03-12 10:27:00,7.952564,10.991294,8.8,4.38
T29,GL-5704,2026-03-12 10:28:00,7.952721,10.99183,5.2,3.03
T29,GL-5704,2026-03-12 10:29:00,7.952887,10.992315,10.2,2.9
T29,GL-5704,2026-03-12 10:30:00,7.953084,10.992896,6.5,4.74
T29,GL-5704,2026-03-12 10:31:00,7.953252,10.993671,10.4,5.35
T29,GL-5704,2026-03-12 10:32:00,7.953484,10.994165,10.3,3.85
T29,GL-5704,2026-03-12 10:33:00,7.953679,10.994684,9.4,4.62
T29,GL-5704,2026-03-12 10:34:00,7.953757,10.995334,6.3,4.58
T29,GL-5704,2026-03-12 10:35:00,7.954111,10.995905,10.8,4.86
T29,GL-5704,2026-03-12 10:36:00,7.954265,10.99646,10.6,5.17
T29,GL-5704,2026-03-12 10:37:00,7.954365,10.997127,5.2,2.97
T29,GL-5704,2026-03-12 10:38:00,7.954501,10.997445,,4.69
T29,GL-5704,2026-03-12 10:39:00,7.954779,10.998151,7.8,4.35
T29,GL-5704,2026-03-12 10:40:00,7.954934,10.998718,9.0,3.19
T29,GL-5704,2026-03-12 10:41:00,7.955121,10.99922,12.0,5.18
T29,GL-5704,2026-03-12 10:42:00,7.955208,10.999829,8.7,5.49
T29,GL-5704,2026-03-12 10:43:00,7.955548,11.000411,10.7,2.96
T29,GL-5704,2026-03-12 10:44:00,7.955622,11.000911,8.3,3.6
T29,GL-5704,2026-03-12 10:45:00,7.955859,11.001479,4.4,3.11
T29,GL-5704,2026-03-12 10:46:00,7.956069,11.002279,11.5,4.92
T29,GL-5704,2026-03-12 10:47:00,7.956253,11.002612,11.3,3.87
T29,GL-5704,2026-03-12 10:48:00,7.956368,11.003217,5.1,3.93
T29,GL-5704,2026-03-12 10:49:00,7.956675,11.003785,10.1,4.26
T29,GL-5704,2026-03-12 10:50:00,7.956781,11.004398,5.2,4.82
T29,GL-5704,2026-03-12 10:51:00,7.956971,11.004981,5.6,5.29
T29,GL-5704,2026-03-12 10:52:00,7.957145,11.005519,11.6,4.52
T29,GL-5704,2026-03-12 10:53:00,7.957297,11.006105,6.3,2.85
T29,GL-5704,2026-03-12 10:54:00,7.957604,11.006653,6.2,3.64
T29,GL-5704,2026-03-12 10:55:00,7.957764,11.007223,5.6,3.6
T29,GL-5704,2026-03-12 10:56:00,7.957896,11.007852,5.5,4.93
T29,GL-5704,2026-03-12 10:57:00,7.958088,11.008472,7.8,3.93
T29,GL-5704,2026-03-12 10:58:00,7.958267,11.009012,6.4,4.79
T29,GL-5704,2026-03-12 10:59:00,7.958463,11.009641,11.0,3.42
T29,GL-5704,2026-03-12 11:00:00,7.958591,11.010106,11.7,3.17
T29,GL-5704,2026-03-12 11:01:00,7.958925,11.010746,8.2,4.21
T29,GL-5704,2026-03-12 11:02:00,7.958984,11.011209,9.3,4.4
T29,GL-5704,2026-03-12 11:03:00,7.959285,11.011922,11.3,4.11
T29,GL-5704,2026-03-12 11:04:00,7.959318,11.01251,5.0,4.7
T29,GL-5704,2026-03-12 11:05:00,7.959544,11.012986,10.7,4.28
T29,GL-5704,2026-03-12 11:06:00,7.959705,11.013586,10.1,3.94
T29,GL-5704,2026-03-12 11:07:00,7.959985,11.014121,4.2,5.02
T29,GL-5704,2026-03-12 11:08:00,7.960086,11.014762,10.1,3.55
T29,GL-5704,2026-03-12 11:09:00,7.960224,11.015399,9.8,4.98
T29,GL-5704,2026-03-12 11:10:00,7.960557,11.015869,8.5,5.33
T29,GL-5704,2026-03-12 11:11:00,7.960739,11.016414,4.2,4.27
T29,GL-5704,2026-03-12 11:12:00,7.960803,11.017002,11.9,2.83
T29,GL-5704,2026-03-12 11:13:00,7.961055,11.017659,5.3,4.32
T29,GL-5704,2026-03-12 11:14:00,7.961268,11.018101,7.0,5.16
T29,GL-5704,2026-03-12 11:15:00,7.961508,11.018636,6.3,3.62
T29,GL-5704,2026-03-12 11:16:00,7.961648,11.019305,4.6,3.36
T29,GL-5704,2026-03-12 11:17:00,7.96178,11.019898,4.6,3.65
T29,GL-5704,2026-03-12 11:18:00,7.962007,11.020414,4.0,3.29
T29,GL-5704,2026-03-12 11:19:00,7.962188,11.020979,8.5,5.12
T29,GL-5704,2026-03-12 11:20:00,7.962294,11.021527,10.8,4.21
T29,GL-5704,2026-03-12 11:21:00,7.962455,11.022101,10.9,3.39
T29,GL-5704,2026-03-12 11:22:00,7.962738,11.02269,8.2,4.86
T29,GL-5704,2026-03-12 11:23:00,7.962965,11.023227,4.9,4.66
T29,GL-5704,2026-03-12 11:24:00,7.963112,11.02388,8.3,5.12
T29,GL-5704,2026-03-12 11:25:00,7.963219,11.024396,9.8,5.4
T29,GL-5704,2026-03-12 11:26:00,7.963415,11.025048,,3.75
T29,GL-5704,2026-03-12 11:27:00,7.96362,11.025609,7.4,5.45
T29,GL-5704,2026-03-12 11:28:00,7.963799,11.026195,5.2,3.94
T29,GL-5704,2026-03-12 11:29:00,7.964006,11.026759,8.5,5.41
T29,GL-5704,2026-03-12 11:30:00,7.964181,11.027246,7.9,3.54
T29,GL-5704,2026-03-12 11:31:00,7.964386,11.027944,4.9,5.44
T29,GL-5704,2026-03-12 11:32:00,7.9646,11.028517,6.8,3.22
T29,GL-5704,2026-03-12 11:33:00,7.964639,11.028943,7.2,3.39
T29,GL-5704,2026-03-12 11:34:00,7.96491,11.029665,5.6,5.08
T29,GL-5704,2026-03-12 11:35:00,7.965102,11.030172,8.4,4.68
T29,GL-5704,2026-03-12 11:36:00,7.965321,11.030704,4.4,3.15
T29,GL-5704,2026-03-12 11:37:00,7.965403,11.031254,5.6,4.41
T29,GL-5704,2026-03-12 11:38:00,7.965651,11.031903,6.0,2.98
T29,GL-5704,2026-03-12 11:39:00,7.965792,11.032413,6.0,4.69
T29,GL-5704,2026-03-12 11:40:00,7.966114,11.033026,6.6,4.52
T29,GL-5704,2026-03-12 11:41:00,7.966218,11.033672,7.2,5.47
T29,GL-5704,2026-03-12 11:42:00,7.96642,11.034202,4.4,4.18
T29,GL-5704,2026-03-12 11:43:00,7.966658,11.034791,9.0,4.36
T29,GL-5704,2026-03-12 11:44:00,7.966846,11.035214,8.2,3.35
T29,GL-5704,2026-03-12 11:45:00,7.966827,11.035881,4.0,4.0
T29,GL-5704,2026-03-12 11:46:00,7.967078,11.036458,5.9,3.55
T29,GL-5704,2026-03-12 11:47:00,7.967427,11.037158,9.6,5.47
T29,GL-5704,2026-03-12 11:48:00,7.967557,11.03766,8.9,4.9
T29,GL-5704,2026-03-12 11:49:00,7.967602,11.038088,8.3,4.2
T29,GL-5704,2026-03-12 11:50:00,7.967894,11.038668,5.5,4.59
T29,GL-5704,2026-03-12 11:51:00,7.968097,11.039271,9.8,2.99
T29,GL-5704,2026-03-12 11:52:00,7.968258,11.039853,5.7,5.53
T29,GL-5704,2026-03-12 11:53:00,7.968426,11.040597,8.1,3.88
T29,GL-5704,2026-03-12 11:54:00,7.968659,11.041028,10.4,5.53
T29,GL-5704,2026-03-12 11:55:00,7.968771,11.041576,7.2,4.8
T29,GL-5704,2026-03-12 11:56:00,7.96898,11.042308,11.4,3.04
T29,GL-5704,2026-03-12 11:57:00,7.96917,11.042798,5.9,3.21
T29,GL-5704,2026-03-12 11:58:00,7.969179,11.043354,11.1,5.32
T29,GL-5704,2026-03-12 11:59:00,7.969572,11.043905,4.0,4.59
T29,GL-5704,2026-03-12 12:00:00,7.969746,11.044483,9.0,5.59
T29,GL-5704,2026-03-12 12:01:00,7.969967,11.045012,5.4,2.91
T29,GL-5704,2026-03-12 12:02:00,7.970013,11.045703,4.0,2.89
T29,GL-5704,2026-03-12 12:03:00,7.970235,11.046239,8.0,3.59
T29,GL-5704,2026-03-12 12:04:00,7.970456,11.046783,11.0,3.99
T29,GL-5704,2026-03-12 12:05:00,7.970659,11.047288,9.0,5.28
T29,GL-5704,2026-03-12 12:06:00,7.970761,11.047852,10.0,5.06
T29,GL-5704,2026-03-12 12:07:00,7.97108,11.048484,7.2,4.19
T29,GL-5704,2026-03-12 12:08:00,7.971234,11.049062,9.3,3.36
T29,GL-5704,2026-03-12 12:09:00,7.971505,11.049685,7.3,4.21
T29,GL-5704,2026-03-12 12:10:00,7.971549,11.050229,6.2,4.83
T29,GL-5704,2026-03-12 12:11:00,7.971762,11.050774,9.2,3.93
T29,GL-5704,2026-03-12 12:12:00,7.97206,11.051357,10.4,4.09
T29,GL-5704,2026-03-12 12:13:00,7.972155,11.051932,10.6,4.67
T29,GL-5704,2026-03-12 12:14:00,7.972284,11.052454,11.5,3.17
T29,GL-5704,2026-03-12 12:15:00,7.972536,11.053038,4.6,3.68
T29,GL-5704,2026-03-12 12:16:00,7.972704,11.053566,10.7,3.11
T29,GL-5704,2026-03-12 12:17:00,7.97298,11.054241,9.7,5.04
T29,GL-5704,2026-03-12 12:18:00,7.973075,11.054722,8.6,4.77
T29,GL-5704,2026-03-12 12:19:00,7.973163,11.055395,7.9,5.27
T29,GL-5704,2026-03-12 12:20:00,7.973377,11.055949,4.3,3.73
T29,GL-5704,2026-03-12 12:21:00,7.973595,11.056531,4.5,5.4
T29,GL-5704,2026-03-12 12:22:00,7.973703,11.057079,7.1,5.21
T29,GL-5704,2026-03-12 12:23:00,7.974126,11.057564,10.2,5.04
T29,GL-5704,2026-03-12 12:24:00,7.974196,11.058194,5.3,4.45
T29,GL-5704,2026-03-12 12:25:00,7.97438,11.058781,5.6,3.18
T29,GL-5704,2026-03-12 12:26:00,7.974437,11.059448,8.8,3.48
T29,GL-5704,2026-03-12 12:27:00,7.974742,11.059965,9.2,5.06
T29,GL-5704,2026-03-12 12:28:00,7.974937,11.06043,7.7,3.56
T29,GL-5704,2026-03-12 12:29:00,7.975005,11.061144,9.5,4.05
T29,GL-5704,2026-03-12 12:30:00,7.975378,11.061669,10.3,3.02
T29,GL-5704,2026-03-12 12:31:00,7.97539,11.062188,6.7,4.81
T29,GL-5704,2026-03-12 12:32:00,7.975716,11.062848,8.9,5.44
T29,GL-5704,2026-03-12 12:33:00,7.975853,11.0634,6.6,3.07
T29,GL-5704,2026-03-12 12:34:00,7.976021,11.063845,4.7,5.46
T29,GL-5704,2026-03-12 12:35:00,7.976175,11.064523,9.8,3.99
T29,GL-5704,2026-03-12 12:36:00,7.976343,11.065138,11.5,5.02
T29,GL-5704,2026-03-12 12:37:00,7.976598,11.065539,5.0,3.8
T29,GL-5704,2026-03-12 12:38:00,7.976789,11.066318,8.6,3.95
T29,GL-5704,2026-03-12 12:39:00,7.976952,11.066889,10.1,5.28
T29,GL-5704,2026-03-12 12:40:00,7.977134,11.06734,4.4,3.19
T29,GL-5704,2026-03-12 12:41:00,7.977326,11.067968,,4.93
T29,GL-5704,2026-03-12 12:42:00,7.977486,11.068481,11.4,3.82
T29,GL-5704,2026-03-12 12:43:00,7.977692,11.069096,11.6,5.57
T29,GL-5704,2026-03-12 12:44:00,7.977836,11.06969,7.1,4.36
T29,GL-5704,2026-03-12 12:45:00,7.978131,11.070235,11.1,3.45
T29,GL-5704,2026-03-12 12:46:00,7.978221,11.070766,11.8,3.66
T29,GL-5704,2026-03-12 12:47:00,7.97851,11.071387,7.0,3.93
T29,GL-5704,2026-03-12 12:48:00,7.978477,11.072004,10.4,4.73
T29,GL-5704,2026-03-12 12:49:00,7.978858,11.072438,6.3,3.42
T29,GL-5704,2026-03-12 12:50:00,7.978894,11.072996,10.8,3.97
T29,GL-5704,2026-03-12 12:51:00,7.979075,11.073754,4.2,4.66
T29,GL-5704,2026-03-12 12:52:00,7.979409,11.074254,11.7,3.15
T29,GL-5704,2026-03-12 12:53:00,7.979601,11.07475,5.5,3.89
T29,GL-5704,2026-03-12 12:54:00,7.97969,11.075419,10.7,5.03
T29,GL-5704,2026-03-12 12:55:00,7.979899,11.076078,7.7,5.03
T29,GL-5704,2026-03-12 12:56:00,7.980107,11.07658,10.5,3.65
T29,GL-5704,2026-03-12 12:57:00,7.980292,11.0771,9.7,3.35
T29,GL-5704,2026-03-12 12:58:00,7.980499,11.077817,11.0,2.89
T29,GL-5704,2026-03-12 12:59:00,7.980629,11.078292,8.0,5.26
T29,GL-5704,2026-03-12 13:00:00,7.980775,11.078854,10.0,2.93
T29,GL-5704,2026-03-12 13:01:00,7.981088,11.07937,11.7,2.8
T29,GL-5704,2026-03-12 13:02:00,7.981163,11.080026,7.0,3.88
T29,GL-5704,2026-03-12 13:03:00,7.981404,11.080595,10.1,5.31
T29,GL-5704,2026-03-12 13:04:00,7.981428,11.081058,10.1,5.17
T29,GL-5704,2026-03-12 13:05:00,7.981753,11.081714,7.5,3.38
T29,GL-5704,2026-03-12 13:06:00,7.98197,11.082263,8.9,4.27
T29,GL-5704,2026-03-12 13:07:00,7.982255,11.082771,9.6,5.25
T29,GL-5704,2026-03-12 13:08:00,7.98235,11.083321,11.5,5.39
T29,GL-5704,2026-03-12 13:09:00,7.98259,11.08393,6.5,3.33
T29,GL-5704,2026-03-12 13:10:00,7.982566,11.084587,5.8,3.27
T29,GL-5704,2026-03-12 13:11:00,7.982697,11.084585,10.7,0.32
T29,GL-5704,2026-03-12 13:12:00,7.982584,11.084476,10.0,0.43
T29,GL-5704,2026-03-12 13:13:00,8.154037,11.0847,9.5,341.16
T29,GL-5704,2026-03-12 13:14:00,7.982791,11.084442,11.9,0.6
T29,GL-5704,2026-03-12 13:15:00,7.982695,11.084403,4.8,0.52
T29,GL-5704,2026-03-12 13:16:00,7.98256,11.084626,4.6,0.11
T29,GL-5704,2026-03-12 13:17:00,7.982752,11.084676,5.9,0.41
T29,GL-5704,2026-03-12 13:18:00,7.982638,11.084638,10.8,0.17
T29,GL-5704,2026-03-12 13:19:00,7.982833,11.084424,5.9,0.71
T29,GL-5704,2026-03-12 13:20:00,7.982613,11.084527,9.4,0.62
T29,GL-5704,2026-03-12 13:21:00,7.982682,11.084628,7.2,0.36
T29,GL-5704,2026-03-12 13:22:00,7.982746,11.084541,10.3,0.76
T29,GL-5704,2026-03-12 13:23:00,7.982569,11.08451,8.9,0.14
T29,GL-5704,2026-03-12 13:24:00,7.982597,11.084413,9.6,0.35
T29,GL-5704,2026-03-12 13:25:00,7.982682,11.084577,11.5,0.61
T29,GL-5704,2026-03-12 13:26:00,7.98268,11.084523,4.5,0.38
T29,GL-5704,2026-03-12 13:27:00,7.982768,11.08449,5.6,0.17
T29,GL-5704,2026-03-12 13:28:00,7.982815,11.084555,11.8,0.27
T29,GL-5704,2026-03-12 13:29:00,7.982681,11.084717,7.8,0.9
T29,GL-5704,2026-03-12 13:30:00,7.982819,11.084603,11.0,0.71
T29,GL-5704,2026-03-12 13:31:00,7.982624,11.08461,10.1,0.9
T29,GL-5704,2026-03-12 13:32:00,7.982607,11.08449,10.2,0.51
T29,GL-5704,2026-03-12 13:33:00,7.982568,11.084586,8.8,0.39
T29,GL-5704,2026-03-12 13:34:00,7.982704,11.084507,9.1,0.19
T29,GL-5704,2026-03-12 13:35:00,7.982763,11.084504,7.0,0.82
T29,GL-5704,2026-03-12 13:36:00,7.982746,11.084519,9.8,0.82
T29,GL-5704,2026-03-12 13:37:00,7.982704,11.084522,9.3,0.08
T29,GL-5704,2026-03-12 13:38:00,7.982695,11.08454,4.2,0.06
T29,GL-5704,2026-03-12 13:39:00,7.982785,11.084495,6.8,0.05
T29,GL-5704,2026-03-12 13:40:00,7.982647,11.084547,6.0,0.22
T29,GL-5704,2026-03-12 13:41:00,7.982965,11.084444,7.0,0.88
T29,GL-5704,2026-03-12 13:42:00,7.982612,11.083764,11.8,4.97
T29,GL-5704,2026-03-12 13:43:00,7.982631,11.083023,6.3,4.01
T29,GL-5704,2026-03-12 13:44:00,7.982491,11.082054,9.9,5.48
T29,GL-5704,2026-03-12 13:45:00,7.982507,11.081437,4.6,5.54
T29,GL-5704,2026-03-12 13:46:00,7.982615,11.080531,5.7,3.89
T29,GL-5704,2026-03-12 13:47:00,7.98252,11.079855,10.4,4.16
T29,GL-5704,2026-03-12 13:48:00,7.982498,11.079019,5.5,3.25
T29,GL-5704,2026-03-12 13:49:00,7.982497,11.07812,9.5,4.6
T29,GL-5704,2026-03-12 13:50:00,7.982499,11.077395,6.9,5.02
T29,GL-5704,2026-03-12 13:51:00,7.982415,11.076524,10.0,3.86
T29,GL-5704,2026-03-12 13:52:00,7.982469,11.075803,9.2,2.94
T29,GL-5704,2026-03-12 13:53:00,7.982406,11.074955,4.2,4.84
T29,GL-5704,2026-03-12 13:54:00,7.98233,11.074229,5.2,3.65
T29,GL-5704,2026-03-12 13:55:00,7.98244,11.073406,11.0,4.56
T29,GL-5704,2026-03-12 13:56:00,7.982322,11.072594,4.7,4.98
T29,GL-5704,2026-03-12 13:57:00,7.982371,11.071818,9.9,3.3
T29,GL-5704,2026-03-12 13:58:00,7.982393,11.071001,11.2,4.41
T29,GL-5704,2026-03-12 13:59:00,7.982297,11.070202,7.3,4.45
T29,GL-5704,2026-03-12 14:00:00,7.982287,11.069325,8.6,4.35
T29,GL-5704,2026-03-12 14:01:00,7.982142,11.068546,5.7,5.2
T29,GL-5704,2026-03-12 14:02:00,7.982207,11.067723,11.4,3.62
T29,GL-5704,2026-03-12 14:03:00,7.982237,11.067018,5.4,4.01
T29,GL-5704,2026-03-12 14:04:00,7.982238,11.066186,9.0,3.35
T29,GL-5704,2026-03-12 14:05:00,7.982076,11.06551,8.4,5.09
T29,GL-5704,2026-03-12 14:06:00,7.982122,11.064574,4.3,4.84
T29,GL-5704,2026-03-12 14:07:00,7.98222,11.06378,5.6,5.48
T29,GL-5704,2026-03-12 14:08:00,7.982083,11.063058,8.8,4.94
T29,GL-5704,2026-03-12 14:09:00,7.98209,11.062131,10.3,3.55
T29,GL-5704,2026-03-12 14:10:00,7.982112,11.061431,10.6,4.16
T29,GL-5704,2026-03-12 14:11:00,7.981988,11.06069,8.0,4.26
T29,GL-5704,2026-03-12 14:12:00,7.982016,11.059903,7.9,5.05
T29,GL-5704,2026-03-12 14:13:00,7.981942,11.059034,9.2,2.8
T29,GL-5704,2026-03-12 14:14:00,7.981961,11.058291,10.4,4.18
T29,GL-5704,2026-03-12 14:15:00,7.981996,11.057531,5.2,3.51
T29,GL-5704,2026-03-12 14:16:00,7.98187,11.05662,6.7,4.94
T29,GL-5704,2026-03-12 14:17:00,7.981945,11.055947,9.9,3.75
T29,GL-5704,2026-03-12 14:18:00,7.981875,11.055096,6.0,5.18
T29,GL-5704,2026-03-12 14:19:00,7.981833,11.05422,7.9,4.46
T29,GL-5704,2026-03-12 14:20:00,7.981879,11.053476,8.1,4.38
T29,GL-5704,2026-03-12 14:21:00,7.981872,11.052645,8.9,3.61
T29,GL-5704,2026-03-12 14:22:00,7.981862,11.051739,9.8,3.65
T29,GL-5704,2026-03-12 14:23:00,7.981896,11.051092,11.3,4.5
T29,GL-5704,2026-03-12 14:24:00,7.981758,11.050208,7.0,3.63
T29,GL-5704,2026-03-12 14:25:00,7.981757,11.049511,4.7,3.12
T29,GL-5704,2026-03-12 14:26:00,7.981668,11.048664,9.5,2.89
T29,GL-5704,2026-03-12 14:27:00,7.981679,11.047846,8.3,4.12
T29,GL-5704,2026-03-12 14:28:00,7.981796,11.047103,8.6,4.67
T29,GL-5704,2026-03-12 14:29:00,7.981728,11.046214,7.0,4.22
T29,GL-5704,2026-03-12 14:30:00,7.981547,11.045479,10.0,4.38
T29,GL-5704,2026-03-12 14:31:00,7.981573,11.044639,9.7,4.41
T29,GL-5704,2026-03-12 14:32:00,7.981695,11.04393,5.0,4.88
T29,GL-5704,2026-03-12 14:33:00,7.981468,11.043119,7.8,3.97
T29,GL-5704,2026-03-12 14:34:00,7.981485,11.04241,7.2,5.11
T29,GL-5704,2026-03-12 14:35:00,7.981562,11.041408,10.5,5.48
T29,GL-5704,2026-03-12 14:36:00,7.98153,11.040712,6.6,5.04
T29,GL-5704,2026-03-12 14:37:00,7.98141,11.039919,4.3,5.01
T29,GL-5704,2026-03-12 14:38:00,7.981384,11.039082,4.5,5.41
T29,GL-5704,2026-03-12 14:39:00,7.981332,11.03831,7.5,4.94
T29,GL-5704,2026-03-12 14:40:00,7.981411,11.037528,10.5,5.53
T29,GL-5704,2026-03-12 14:41:00,7.981384,11.036742,10.1,5.51
T29,GL-5704,2026-03-12 14:42:00,7.981403,11.035873,10.6,4.62
T29,GL-5704,2026-03-12 14:43:00,7.981353,11.035164,8.4,2.99
T29,GL-5704,2026-03-12 14:44:00,7.981219,11.034412,12.0,4.71
T29,GL-5704,2026-03-12 14:45:00,7.981371,11.033568,9.2,4.42
T29,GL-5704,2026-03-12 14:46:00,7.981322,11.03277,7.5,3.79
T29,GL-5704,2026-03-12 14:47:00,7.981282,11.031964,4.4,3.39
T29,GL-5704,2026-03-12 14:48:00,7.981292,11.031169,4.0,2.99
T29,GL-5704,2026-03-12 14:49:00,7.981267,11.030364,11.8,3.42
T29,GL-5704,2026-03-12 14:50:00,7.981256,11.029614,8.5,5.08
T29,GL-5704,2026-03-12 14:51:00,7.981179,11.028705,10.0,3.93
T29,GL-5704,2026-03-12 14:52:00,7.98122,11.027998,6.9,3.26
T29,GL-5704,2026-03-12 14:53:00,7.981213,11.027105,5.5,4.7
T29,GL-5704,2026-03-12 14:54:00,7.981099,11.02639,5.4,4.14
T29,GL-5704,2026-03-12 14:55:00,7.981049,11.025544,10.9,3.51
T29,GL-5704,2026-03-12 14:56:00,7.981112,11.024701,6.0,4.51
T29,GL-5704,2026-03-12 14:57:00,7.981064,11.024059,5.0,4.93
T29,GL-5704,2026-03-12 14:58:00,7.981078,11.02321,11.9,5.07
T29,GL-5704,2026-03-12 14:59:00,7.981106,11.02253,8.3,3.89
T29,GL-5704,2026-03-12 15:00:00,7.981048,11.021692,5.6,4.89
T29,GL-5704,2026-03-12 15:01:00,7.980977,11.020816,9.5,5.38
T29,GL-5704,2026-03-12 15:02:00,7.980885,11.020009,8.8,4.06
T29,GL-5704,2026-03-12 15:03:00,7.980899,11.019302,6.7,4.7
T29,GL-5704,2026-03-12 15:04:00,7.980937,11.018452,9.2,5.24
T29,GL-5704,2026-03-12 15:05:00,7.980914,11.017689,8.1,3.05
T29,GL-5704,2026-03-12 15:06:00,7.980784,11.016841,4.2,5.35
T29,GL-5704,2026-03-12 15:07:00,7.980931,11.015985,7.5,4.01
T29,GL-5704,2026-03-12 15:08:00,7.980858,11.015276,7.2,5.33
T29,GL-5704,2026-03-12 15:09:00,7.980815,11.014437,11.4,5.07
T29,GL-5704,2026-03-12 15:10:00,7.980718,11.013656,11.3,3.71
T29,GL-5704,2026-03-12 15:11:00,7.980795,11.01297,9.5,4.02
T29,GL-5704,2026-03-12 15:12:00,7.980675,11.01208,6.5,5.21
T29,GL-5704,2026-03-12 15:13:00,7.980756,11.011254,7.3,4.42
T29,GL-5704,2026-03-12 15:14:00,7.980727,11.010475,6.7,4.74
T29,GL-5704,2026-03-12 15:15:00,7.980655,11.009753,7.1,3.64
T29,GL-5704,2026-03-12 15:16:00,8.433853,11.008936,7.1,424.94
T29,GL-5704,2026-03-12 15:17:00,7.98058,11.008167,11.8,2.99
T29,GL-5704,2026-03-12 15:18:00,7.980579,11.007233,7.4,5.4
T29,GL-5704,2026-03-12 15:19:00,7.980618,11.006573,9.4,4.63
T29,GL-5704,2026-03-12 15:20:00,7.980581,11.005673,9.0,3.66
T29,GL-5704,2026-03-12 15:21:00,7.980562,11.004917,9.6,4.09
T29,GL-5704,2026-03-12 15:22:00,7.980542,11.004106,8.9,2.95
T29,GL-5704,2026-03-12 15:23:00,7.980477,11.003273,7.0,3.65
T29,GL-5704,2026-03-12 15:24:00,7.980456,11.002569,7.4,2.93
T29,GL-5704,2026-03-12 15:25:00,7.980439,11.001682,8.2,5.12
T29,GL-5704,2026-03-12 15:26:00,7.980507,11.00085,4.1,3.14
T29,GL-5704,2026-03-12 15:27:00,7.980376,11.000107,4.5,5.13
T29,GL-5704,2026-03-12 15:28:00,7.980377,10.999374,6.5,4.53
T29,GL-5704,2026-03-12 15:29:00,7.980322,10.998554,11.4,5.35
T29,GL-5704,2026-03-12 15:30:00,7.980503,10.997824,8.4,3.04
T29,GL-5704,2026-03-12 15:31:00,7.980391,10.996915,8.6,4.5
T29,GL-5704,2026-03-12 15:32:00,7.980294,10.996083,5.0,3.05
T29,GL-5704,2026-03-12 15:33:00,7.980368,10.995306,10.9,2.81
T29,GL-5704,2026-03-12 15:34:00,7.980292,10.994564,6.9,4.92
T29,GL-5704,2026-03-12 15:35:00,7.980226,10.993719,10.0,5.1
T29,GL-5704,2026-03-12 15:36:00,7.980212,10.992991,11.8,4.69
T29,GL-5704,2026-03-12 15:37:00,7.980215,10.992074,6.2,3.23
T29,GL-5704,2026-03-12 15:38:00,7.980132,10.99146,6.2,3.74
T29,GL-5704,2026-03-12 15:39:00,7.980169,10.990461,8.6,3.94
T29,GL-5704,2026-03-12 15:40:00,7.980126,10.989692,5.8,3.85
T29,GL-5704,2026-03-12 15:41:00,7.980067,10.988924,9.2,4.64
T29,GL-5704,2026-03-12 15:42:00,7.980146,10.988201,6.9,2.8
T29,GL-5704,2026-03-12 15:43:00,7.980148,10.987414,10.5,3.19
T29,GL-5704,2026-03-12 15:44:00,7.98001,10.986626,4.1,4.44
T29,GL-5704,2026-03-12 15:45:00,7.979923,10.985835,7.1,3.19
T29,GL-5704,2026-03-12 15:46:00,7.980091,10.984984,11.6,4.9
T29,GL-5704,2026-03-12 15:47:00,7.980071,10.984289,4.7,4.54
T29,GL-5704,2026-03-12 15:48:00,7.98002,10.983338,5.2,4.64
T29,GL-5704,2026-03-12 15:49:00,7.980059,10.982663,8.4,5.01
T29,GL-5704,2026-03-12 15:50:00,7.979888,10.981754,10.5,2.84
T29,GL-5704,2026-03-12 15:51:00,7.979957,10.980882,8.8,4.31
T29,GL-5704,2026-03-12 15:52:00,7.979763,10.980194,4.8,4.91
T29,GL-5704,2026-03-12 15:53:00,7.97989,10.979401,4.0,4.97
T29,GL-5704,2026-03-12 15:54:00,7.979812,10.978631,9.4,3.79
T29,GL-5704,2026-03-12 15:55:00,7.97979,10.977875,5.5,5.31
T29,GL-5704,2026-03-12 15:56:00,7.979801,10.977047,6.0,4.51
T29,GL-5704,2026-03-12 15:57:00,7.979731,10.976252,8.8,5.58
T29,GL-5704,2026-03-12 15:58:00,7.979834,10.975346,9.3,3.17
T29,GL-5704,2026-03-12 15:59:00,7.979664,10.974668,6.4,4.81
T29,GL-5704,2026-03-12 16:00:00,7.97969,10.973843,11.4,4.03
T29,GL-5704,2026-03-12 16:01:00,7.979676,10.972962,7.5,3.19
T29,GL-5704,2026-03-12 16:02:00,7.979545,10.972188,4.3,4.14
T29,GL-5704,2026-03-12 16:03:00,7.979642,10.971457,7.1,2.84
T29,GL-5704,2026-03-12 16:04:00,7.979685,10.970628,9.9,4.6
T29,GL-5704,2026-03-12 16:05:00,7.979489,10.96977,11.1,2.94
T29,GL-5704,2026-03-12 16:06:00,7.979536,10.969073,11.3,3.98
T29,GL-5704,2026-03-12 16:07:00,7.979603,10.968309,4.1,3.29
T29,GL-5704,2026-03-12 16:08:00,7.979618,10.967363,4.3,3.58
T29,GL-5704,2026-03-12 16:09:00,7.979573,10.96666,4.3,3.62
T29,GL-5704,2026-03-12 16:10:00,7.979426,10.965894,6.6,4.7
T29,GL-5704,2026-03-12 16:11:00,7.97944,10.965129,10.8,5.58
T29,GL-5704,2026-03-12 16:12:00,7.979449,10.964221,9.4,5.4
T29,GL-5704,2026-03-12 16:13:00,7.979452,10.963519,5.4,3.91
T29,GL-5704,2026-03-12 16:14:00,7.979427,10.96263,11.0,3.15
T29,GL-5704,2026-03-12 16:15:00,7.979389,10.961926,11.5,4.24
T29,GL-5704,2026-03-12 16:16:00,7.979449,10.960991,11.8,3.87
T29,GL-5704,2026-03-12 16:17:00,7.979403,10.960291,7.3,5.19
T29,GL-5704,2026-03-12 16:18:00,7.979304,10.959475,7.2,2.97
T29,GL-5704,2026-03-12 16:19:00,7.979291,10.958624,9.9,4.8
T29,GL-5704,2026-03-12 16:20:00,7.979215,10.957977,11.2,5.56
T29,GL-5704,2026-03-12 16:21:00,7.979266,10.957106,7.6,4.23
T29,GL-5704,2026-03-12 16:22:00,7.979185,10.956329,6.5,5.58
T29,GL-5704,2026-03-12 16:23:00,7.979248,10.955519,5.1,4.41
T29,GL-5704,2026-03-12 16:24:00,7.979155,10.954777,4.4,5.45
T29,GL-5704,2026-03-12 16:25:00,7.979281,10.954035,6.3,5.13
T29,GL-5704,2026-03-12 16:26:00,7.979202,10.953275,,3.69
T29,GL-5704,2026-03-12 16:27:00,7.979142,10.95236,4.0,4.21
T29,GL-5704,2026-03-12 16:28:00,7.979087,10.951506,8.4,5.25
T29,GL-5704,2026-03-12 16:29:00,7.978985,10.950736,6.4,3.54
T29,GL-5704,2026-03-12 16:30:00,7.979051,10.949986,5.7,4.82
T29,GL-5704,2026-03-12 16:31:00,7.979062,10.949101,9.6,4.32
T29,GL-5704,2026-03-12 16:32:00,7.979042,10.948351,11.3,3.25
T29,GL-5704,2026-03-12 16:33:00,7.979051,10.947484,6.8,3.91
T29,GL-5704,2026-03-12 16:34:00,7.978965,10.946732,9.7,5.39
T29,GL-5704,2026-03-12 16:35:00,7.978895,10.946003,8.1,5.18
T29,GL-5704,2026-03-12 16:36:00,7.978892,10.945212,5.5,5.23
T29,GL-5704,2026-03-12 16:37:00,7.978875,10.944364,8.7,5.32
T29,GL-5704,2026-03-12 16:38:00,7.978951,10.94354,4.7,4.15
T29,GL-5704,2026-03-12 16:39:00,7.978921,10.942752,11.6,5.15
T29,GL-5704,2026-03-12 16:40:00,7.978881,10.942045,4.9,4.45
T29,GL-5704,2026-03-12 16:41:00,7.978863,10.941117,4.7,2.81
T29,GL-5704,2026-03-12 16:42:00,7.978836,10.940353,11.2,4.8
T29,GL-5704,2026-03-12 16:43:00,7.978776,10.939555,6.7,5.0
T29,GL-5704,2026-03-12 16:44:00,7.978726,10.938834,7.9,3.31
T29,GL-5704,2026-03-12 16:45:00,7.978802,10.937934,6.5,3.04
T29,GL-5704,2026-03-12 16:46:00,7.978783,10.937869,7.3,0.8
T29,GL-5704,2026-03-12 16:47:00,7.978601,10.937932,10.8,0.39
T29,GL-5704,2026-03-12 16:48:00,7.978709,10.93806,5.0,0.16
T29,GL-5704,2026-03-12 16:49:00,7.978776,10.937772,11.5,0.57
T29,GL-5704,2026-03-12 16:50:00,7.978721,10.938169,4.3,0.49
T29,GL-5704,2026-03-12 16:51:00,7.9787,10.937999,7.3,0.39
T29,GL-5704,2026-03-12 16:52:00,7.978893,10.937976,5.4,0.12
T29,GL-5704,2026-03-12 16:53:00,7.978755,10.938059,10.4,0.52
T29,GL-5704,2026-03-12 16:54:00,7.978823,10.937987,6.7,0.66
T29,GL-5704,2026-03-12 16:55:00,7.978686,10.93801,6.5,0.79
T29,GL-5704,2026-03-12 16:56:00,7.978766,10.938038,10.9,0.53
T29,GL-5704,2026-03-12 16:57:00,7.978798,10.937874,9.5,0.16
T29,GL-5704,2026-03-12 16:58:00,7.978773,10.938008,8.4,0.46
T29,GL-5704,2026-03-12 16:59:00,7.978851,10.93789,9.9,0.71
T29,GL-5704,2026-03-12 17:00:00,7.978748,10.938005,4.2,0.85
T29,GL-5704,2026-03-12 17:01:00,7.978783,10.938083,9.3,0.67
T29,GL-5704,2026-03-12 17:02:00,7.978716,10.937988,7.3,0.01
T29,GL-5704,2026-03-12 17:03:00,7.978673,10.937957,8.0,0.31
T29,GL-5704,2026-03-12 17:04:00,7.978665,10.937879,10.4,0.05
T29,GL-5704,2026-03-12 17:05:00,7.978767,10.938109,6.0,0.02
T29,GL-5704,2026-03-12 17:06:00,7.978774,10.938041,6.9,0.32
T29,GL-5704,2026-03-12 17:07:00,7.978683,10.938047,11.6,0.02
T29,GL-5704,2026-03-12 17:08:00,7.978721,10.938536,9.2,4.77
T29,GL-5704,2026-03-12 17:09:00,7.978512,10.938973,5.1,3.36
T29,GL-5704,2026-03-12 17:10:00,7.97861,10.939393,11.6,4.51
T29,GL-5704,2026-03-12 17:11:00,7.978586,10.939999,10.5,3.67
T29,GL-5704,2026-03-12 17:12:00,7.978503,10.940444,7.3,4.5
T29,GL-5704,2026-03-12 17:13:00,7.978493,10.941041,8.0,5.03
T29,GL-5704,2026-03-12 17:14:00,7.97841,10.941599,10.6,5.31
T29,GL-5704,2026-03-12 17:15:00,7.978339,10.94197,8.6,4.78
T29,GL-5704,2026-03-12 17:16:00,7.97845,10.942477,7.3,5.25
T29,GL-5704,2026-03-12 17:17:00,7.97819,10.942978,10.8,4.23
T29,GL-5704,2026-03-12 17:18:00,7.978232,10.94351,,3.17
T29,GL-5704,2026-03-12 17:19:00,7.978219,10.943981,6.0,3.49
T29,GL-5704,2026-03-12 17:20:00,7.97805,10.944461,11.2,4.42
T29,GL-5704,2026-03-12 17:21:00,7.978027,10.944854,8.7,5.25
T29,GL-5704,2026-03-12 17:22:00,7.978046,10.94545,5.6,3.23
T29,GL-5704,2026-03-12 17:23:00,7.978029,10.945961,11.6,5.15
T29,GL-5704,2026-03-12 17:24:00,7.978032,10.946483,7.7,5.4
T29,GL-5704,2026-03-12 17:25:00,7.97778,10.946914,4.1,3.77
T29,GL-5704,2026-03-12 17:26:00,7.9778,10.947543,9.8,4.3
T29,GL-5704,2026-03-12 17:27:00,7.977668,10.947834,12.0,3.05
T29,GL-5704,2026-03-12 17:28:00,7.977727,10.948338,9.8,5.0
T29,GL-5704,2026-03-12 17:29:00,7.977754,10.948948,7.2,3.67
T29,GL-5704,2026-03-12 17:30:00,7.97769,10.949438,5.3,3.17
T29,GL-5704,2026-03-12 17:31:00,7.977499,10.949942,10.0,3.49
T29,GL-5704,2026-03-12 17:32:00,7.977502,10.950393,7.7,3.83
T29,GL-5704,2026-03-12 17:33:00,7.977354,10.950848,6.4,4.59
T29,GL-5704,2026-03-12 17:34:00,7.97743,10.951412,4.8,3.56
T29,GL-5704,2026-03-12 17:35:00,7.977374,10.951948,7.6,5.07
T29,GL-5704,2026-03-12 17:36:00,7.977386,10.952421,10.0,4.89
T29,GL-5704,2026-03-12 17:37:00,7.977278,10.952948,6.2,3.78
T29,GL-5704,2026-03-12 17:38:00,7.977132,10.953407,8.3,4.76
T29,GL-5704,2026-03-12 17:39:00,7.977085,10.953793,4.9,4.82
T29,GL-5704,2026-03-12 17:40:00,7.977187,10.954381,8.1,3.74
T29,GL-5704,2026-03-12 17:41:00,7.977101,10.954892,6.0,3.77
T29,GL-5704,2026-03-12 17:42:00,7.976989,10.95532,7.9,4.24
T29,GL-5704,2026-03-12 17:43:00,7.97693,10.955933,10.3,4.99
T29,GL-5704,2026-03-12 17:44:00,7.976912,10.956302,6.0,5.28
T29,GL-5704,2026-03-12 17:45:00,7.976808,10.956833,5.7,5.18
T29,GL-5704,2026-03-12 17:46:00,7.976837,10.957319,10.7,4.68
T29,GL-5704,2026-03-12 17:47:00,7.9768,10.95784,4.3,4.22
T29,GL-5704,2026-03-12 17:48:00,7.976716,10.958332,8.5,4.59
T29,GL-5704,2026-03-12 17:49:00,7.976692,10.958834,5.8,5.31
T29,GL-5704,2026-03-12 17:50:00,7.976613,10.959261,4.3,3.5
T29,GL-5704,2026-03-12 17:51:00,7.976611,10.959781,12.0,3.87
T29,GL-5704,2026-03-12 17:52:00,7.976456,10.960264,6.3,4.48
T29,GL-5704,2026-03-12 17:53:00,7.976483,10.960855,4.4,3.79
T29,GL-5704,2026-03-12 17:54:00,7.976545,10.961213,4.5,5.59
T29,GL-5704,2026-03-12 17:55:00,7.976551,10.961746,4.3,4.45
T29,GL-5704,2026-03-12 17:56:00,7.97646,10.962372,5.5,4.45
T29,GL-5704,2026-03-12 17:57:00,7.976276,10.962798,5.4,5.21
T29,GL-5704,2026-03-12 17:58:00,7.976337,10.963189,9.4,4.73
T29,GL-5704,2026-03-12 17:59:00,7.976137,10.963762,9.7,5.18
T29,GL-5704,2026-03-12 18:00:00,7.976125,10.964242,6.1,4.85
T29,GL-5704,2026-03-12 18:01:00,7.976203,10.964787,7.9,3.83
T29,GL-5704,2026-03-12 18:02:00,7.976045,10.965217,9.5,3.24
T29,GL-5704,2026-03-12 18:03:00,7.976056,10.965693,5.4,4.78
T29,GL-5704,2026-03-12 18:04:00,7.976029,10.966162,11.1,4.64
T29,GL-5704,2026-03-12 18:05:00,7.975933,10.966715,6.1,3.65
T29,GL-5704,2026-03-12 18:06:00,7.975822,10.967277,11.6,5.12
T29,GL-5704,2026-03-12 18:07:00,7.97591,10.967731,10.2,3.56
T29,GL-5704,2026-03-12 18:08:00,7.975807,10.968211,7.4,4.33
T29,GL-5704,2026-03-12 18:09:00,7.975657,10.968758,5.9,3.62
T29,GL-5704,2026-03-12 18:10:00,7.97578,10.969096,9.9,2.92
T29,GL-5704,2026-03-12 18:11:00,7.97562,10.969677,11.7,4.22
T29,GL-5704,2026-03-12 18:12:00,7.975516,10.970114,5.3,3.81
T29,GL-5704,2026-03-12 18:13:00,7.9756,10.970678,6.5,2.93
T29,GL-5704,2026-03-12 18:14:00,7.975482,10.971309,7.2,4.65
T29,GL-5704,2026-03-12 18:15:00,7.975498,10.971716,6.0,2.98
T29,GL-5704,2026-03-12 18:16:00,7.975503,10.972296,6.6,5.1
T29,GL-5704,2026-03-12 18:17:00,7.9753,10.97269,8.4,4.61
T29,GL-5704,2026-03-12 18:18:00,7.975268,10.973247,10.2,3.31
T29,GL-5704,2026-03-12 18:19:00,7.975231,10.973777,,4.32
T29,GL-5704,2026-03-12 18:20:00,7.975201,10.974208,10.7,4.91
T29,GL-5704,2026-03-12 18:21:00,7.975203,10.974663,4.2,3.68
T29,GL-5704,2026-03-12 18:22:00,7.975073,10.975198,11.9,3.39
T29,GL-5704,2026-03-12 18:23:00,7.975064,10.975788,6.7,4.36
T29,GL-5704,2026-03-12 18:24:00,7.97499,10.976209,10.7,5.01
T29,GL-5704,2026-03-12 18:25:00,7.975156,10.976581,8.7,4.83
T29,GL-5704,2026-03-12 18:26:00,7.974913,10.97711,5.2,5.58
T29,GL-5704,2026-03-12 18:27:00,7.974884,10.977659,6.3,4.59
T29,GL-5704,2026-03-12 18:28:00,7.97484,10.978093,10.2,5.2
T29,GL-5704,2026-03-12 18:29:00,7.974772,10.978631,9.5,4.51
T29,GL-5704,2026-03-12 18:30:00,7.974671,10.979128,6.2,4.95
T29,GL-5704,2026-03-12 18:31:00,7.974631,10.979523,8.2,5.27
T29,GL-5704,2026-03-12 18:32:00,7.974643,10.980142,,3.74
T29,GL-5704,2026-03-12 18:33:00,7.97472,10.980559,7.3,4.73
T29,GL-5704,2026-03-12 18:34:00,7.974624,10.981138,8.1,3.95
T29,GL-5704,2026-03-12 18:35:00,7.97449,10.98157,11.7,4.32
T29,GL-5704,2026-03-12 18:36:00,7.974384,10.982103,10.2,5.35
T29,GL-5704,2026-03-12 18:37:00,7.974397,10.982531,10.5,2.91
T29,GL-5704,2026-03-12 18:38:00,7.974315,10.983186,7.9,3.84
T29,GL-5704,2026-03-12 18:39:00,7.974344,10.983557,4.2,3.59
T29,GL-5704,2026-03-12 18:40:00,7.974288,10.984038,11.0,3.89
T29,GL-5704,2026-03-12 18:41:00,7.974185,10.984619,6.6,5.19
T29,GL-5704,2026-03-12 18:42:00,7.974178,10.985117,6.9,3.68
T29,GL-5704,2026-03-12 18:43:00,7.974036,10.985649,11.0,3.87
T29,GL-5704,2026-03-12 18:44:00,7.974021,10.986133,11.0,5.43
T29,GL-5704,2026-03-12 18:45:00,7.973988,10.986637,7.8,2.86
T29,GL-5704,2026-03-12 18:46:00,7.97387,10.987028,11.7,4.17
T29,GL-5704,2026-03-12 18:47:00,7.974005,10.987501,11.7,4.71
T29,GL-5704,2026-03-12 18:48:00,7.973902,10.988058,5.3,3.03
T29,GL-5704,2026-03-12 18:49:00,7.97386,10.98847,7.8,4.85
T29,GL-5704,2026-03-12 18:50:00,7.973885,10.989093,,4.7
T29,GL-5704,2026-03-12 18:51:00,7.973583,10.989524,7.8,3.3
T29,GL-5704,2026-03-12 18:52:00,7.97363,10.990061,10.0,4.95
T29,GL-5704,2026-03-12 18:53:00,7.973527,10.990525,4.3,4.73
T29,GL-5704,2026-03-12 18:54:00,7.973635,10.990939,8.7,4.73
T29,GL-5704,2026-03-12 18:55:00,7.9735,10.991592,7.7,4.76
T29,GL-5704,2026-03-12 18:56:00,7.973474,10.992118,11.1,4.2
T29,GL-5704,2026-03-12 18:57:00,7.97342,10.992559,6.9,5.33
T29,GL-5704,2026-03-12 18:58:00,7.973351,10.993096,10.2,3.83
T29,GL-5704,2026-03-12 18:59:00,7.97342,10.993526,8.1,4.25
T29,GL-5704,2026-03-12 19:00:00,7.973261,10.99397,4.4,3.35
T29,GL-5704,2026-03-12 19:01:00,7.973228,10.994535,9.5,3.09
T29,GL-5704,2026-03-12 19:02:00,7.973198,10.994961,8.9,4.97
T29,GL-5704,2026-03-12 19:03:00,7.973037,10.995425,,3.34
T29,GL-5704,2026-03-12 19:04:00,7.973085,10.99597,9.8,4.7
T29,GL-5704,2026-03-12 19:05:00,7.97307,10.996417,8.2,4.01
T29,GL-5704,2026-03-12 19:06:00,7.972987,10.997013,5.5,5.17
T29,GL-5704,2026-03-12 19:07:00,7.973047,10.997599,10.1,3.45
T29,GL-5704,2026-03-12 19:08:00,7.972869,10.998005,10.1,5.15
T29,GL-5704,2026-03-12 19:09:00,7.972929,10.998532,11.5,3.64
T29,GL-5704,2026-03-12 19:10:00,7.97289,10.999011,9.8,4.63
T29,GL-5704,2026-03-12 19:11:00,7.972678,10.999549,6.8,4.03
T29,GL-5704,2026-03-12 19:12:00,7.972768,10.999918,11.3,4.95
T29,GL-5704,2026-03-12 19:13:00,7.972601,11.000542,6.4,3.63
T29,GL-5704,2026-03-12 19:14:00,7.972638,11.000973,6.0,4.21
T29,GL-5704,2026-03-12 19:15:00,7.972534,11.001545,5.6,4.73
T29,GL-5704,2026-03-12 19:16:00,7.972571,11.001948,4.0,3.88
T29,GL-5704,2026-03-12 19:17:00,7.972411,11.002466,10.9,4.48
T29,GL-5704,2026-03-12 19:18:00,7.972369,11.002989,8.5,4.89
T29,GL-5704,2026-03-12 19:19:00,7.972339,11.003358,4.7,3.34
T29,GL-5704,2026-03-12 19:20:00,7.972331,11.003822,5.7,4.73
T29,GL-5704,2026-03-12 19:21:00,7.972239,11.004452,6.4,4.65
T29,GL-5704,2026-03-12 19:22:00,7.972179,11.005042,8.8,3.98
T29,GL-5704,2026-03-12 19:23:00,7.97217,11.00544,4.7,3.52
T29,GL-5704,2026-03-12 19:24:00,7.972139,11.005962,11.1,5.36
T29,GL-5704,2026-03-12 19:25:00,7.9721,11.006421,6.6,5.24
T29,GL-5704,2026-03-12 19:26:00,7.971964,11.00698,4.1,3.85
T29,GL-5704,2026-03-12 19:27:00,7.972125,11.007384,5.9,4.63
T29,GL-5704,2026-03-12 19:28:00,7.971921,11.008009,8.3,3.41
T29,GL-5704,2026-03-12 19:29:00,7.971988,11.00837,11.8,4.87
T29,GL-5704,2026-03-12 19:30:00,7.97183,11.008945,8.0,5.28
T29,GL-5704,2026-03-12 19:31:00,7.971726,11.009497,4.9,5.46
T29,GL-5704,2026-03-12 19:32:00,7.971814,11.009893,6.7,5.04
T29,GL-5704,2026-03-12 19:33:00,7.971723,11.010385,10.2,4.2
T29,GL-5704,2026-03-12 19:34:00,7.971761,11.010775,6.3,3.45
T29,GL-5704,2026-03-12 19:35:00,7.971564,11.011321,6.6,4.96
T29,GL-5704,2026-03-12 19:36:00,7.971608,11.011833,5.1,4.67
T29,GL-5704,2026-03-12 19:37:00,7.971498,11.012539,4.0,3.6
T29,GL-5704,2026-03-12 19:38:00,7.971459,11.012946,5.7,4.04
T29,GL-5704,2026-03-12 19:39:00,7.971415,11.013428,4.7,2.82
T29,GL-5704,2026-03-12 19:40:00,7.971363,11.013905,5.3,3.13
T29,GL-5704,2026-03-12 19:41:00,7.97127,11.014372,5.3,4.92
T29,GL-5704,2026-03-12 19:42:00,7.971288,11.014868,11.4,3.18
T29,GL-5704,2026-03-12 19:43:00,7.971185,11.015356,10.1,4.09
T29,GL-5704,2026-03-12 19:44:00,7.971118,11.015876,,5.56
T29,GL-5704,2026-03-12 19:45:00,7.970955,11.01647,9.7,5.51
T29,GL-5704,2026-03-12 19:46:00,7.971052,11.016873,12.0,3.01
T29,GL-5704,2026-03-12 19:47:00,7.97114,11.017337,5.5,3.67
T29,GL-5704,2026-03-12 19:48:00,7.970925,11.0178,9.2,3.65
T29,GL-5704,2026-03-12 19:49:00,7.970804,11.01842,7.4,3.46
T29,GL-5704,2026-03-12 19:50:00,7.97084,11.018856,11.8,5.04
T29,GL-5704,2026-03-12 19:51:00,7.970737,11.019332,6.6,4.75
T29,GL-5704,2026-03-12 19:52:00,7.970789,11.020003,6.9,4.52
T29,GL-5704,2026-03-12 19:53:00,7.970768,11.020244,9.4,3.26
T29,GL-5704,2026-03-12 19:54:00,7.970642,11.020872,8.4,4.91
T29,GL-5704,2026-03-12 19:55:00,7.970589,11.021205,5.4,4.51
T29,GL-5704,2026-03-12 19:56:00,7.97049,11.021821,9.7,4.89
T29,GL-5704,2026-03-12 19:57:00,7.970493,11.022242,8.6,4.02
T29,GL-5704,2026-03-12 19:58:00,7.970496,11.022803,9.9,3.58
T29,GL-5704,2026-03-12 19:59:00,7.970281,11.023286,9.3,3.8
T29,GL-5704,2026-03-12 20:00:00,7.97042,11.023774,5.3,2.91
T29,GL-5704,2026-03-12 20:01:00,7.970153,11.024282,11.2,4.11
T29,GL-5704,2026-03-12 20:02:00,7.970334,11.02477,11.1,4.39
T29,GL-5704,2026-03-12 20:03:00,7.970156,11.025175,8.6,5.18
T29,GL-5704,2026-03-12 20:04:00,7.970187,11.025709,11.1,3.39
T29,GL-5704,2026-03-12 20:05:00,7.970121,11.026293,10.7,3.15
T29,GL-5704,2026-03-12 20:06:00,7.970023,11.026772,9.4,4.22
T29,GL-5704,2026-03-12 20:07:00,7.970034,11.027284,4.6,3.29
T29,GL-5704,2026-03-12 20:08:00,7.969974,11.027654,11.6,4.99
T29,GL-5704,2026-03-12 20:09:00,7.969958,11.028291,5.6,5.19
T29,GL-5704,2026-03-12 20:10:00,7.969955,11.028713,4.4,4.03
T29,GL-5704,2026-03-12 20:11:00,7.969761,11.029305,10.4,3.63
T29,GL-5704,2026-03-12 20:12:00,7.969653,11.029822,7.2,5.53
T29,GL-5704,2026-03-12 20:13:00,7.969793,11.030181,4.8,3.52
T29,GL-5704,2026-03-12 20:14:00,7.969678,11.030764,4.7,3.36
T29,GL-5704,2026-03-12 20:15:00,7.969583,11.031202,10.1,5.49
T29,GL-5704,2026-03-12 20:16:00,7.969568,11.031732,10.6,4.22
T29,GL-5704,2026-03-12 20:17:00,7.969537,11.032273,10.9,2.89
T29,GL-5704,2026-03-12 20:18:00,7.969416,11.032661,4.0,3.35
T29,GL-5704,2026-03-12 20:19:00,7.969424,11.033172,11.3,5.24
T29,GL-5704,2026-03-12 20:20:00,7.969447,11.033782,11.2,4.04
T29,GL-5704,2026-03-12 20:21:00,7.96941,11.034171,11.1,4.93
T29,GL-5704,2026-03-12 20:22:00,7.969314,11.034685,9.0,3.42
T29,GL-5704,2026-03-12 20:23:00,7.969242,11.035158,9.0,5.11
T29,GL-5704,2026-03-12 20:24:00,7.969216,11.035632,6.8,5.55
T29,GL-5704,2026-03-12 20:25:00,7.969122,11.036213,8.4,3.96
T29,GL-5704,2026-03-12 20:26:00,7.96908,11.036702,10.5,4.06
T29,GL-5704,2026-03-12 20:27:00,7.968912,11.03717,7.7,5.51
T29,GL-5704,2026-03-12 20:28:00,7.969012,11.037696,5.4,5.24
T29,GL-5704,2026-03-12 20:29:00,7.968964,11.038233,4.5,4.52
T29,GL-5704,2026-03-12 20:30:00,7.968864,11.038663,7.0,5.51
T29,GL-5704,2026-03-12 20:31:00,7.968944,11.039143,10.5,5.0
T29,GL-5704,2026-03-12 20:32:00,7.968851,11.039751,5.1,5.08
T29,GL-5704,2026-03-12 20:33:00,7.968801,11.040083,5.4,4.02
T29,GL-5704,2026-03-12 20:34:00,7.968617,11.04066,10.4,5.27
T29,GL-5704,2026-03-12 20:35:00,7.968687,11.041139,7.8,5.0
T29,GL-5704,2026-03-12 20:36:00,7.968489,11.041531,10.5,4.27
T29,GL-5704,2026-03-12 20:37:00,7.968523,11.042177,8.9,5.56
T29,GL-5704,2026-03-12 20:38:00,7.96852,11.04261,6.5,5.42
T29,GL-5704,2026-03-12 20:39:00,7.968402,11.043203,11.1,4.81
T29,GL-5704,2026-03-12 20:40:00,7.968459,11.043599,11.0,5.44
T29,GL-5704,2026-03-12 20:41:00,7.96835,11.044099,6.1,4.64
T29,GL-5704,2026-03-12 20:42:00,7.968232,11.044675,6.1,3.81
T29,GL-5704,2026-03-12 20:43:00,7.968241,11.045161,8.2,4.02
T29,GL-5704,2026-03-12 20:44:00,7.968164,11.045532,6.2,3.5
T29,GL-5704,2026-03-12 20:45:00,7.968092,11.046183,4.5,3.7
T29,GL-5704,2026-03-12 20:46:00,7.968003,11.046516,9.1,5.55
T29,GL-5704,2026-03-12 20:47:00,7.967999,11.047142,8.6,4.83
T29,GL-5704,2026-03-12 20:48:00,7.967999,11.047662,11.9,4.79
T29,GL-5704,2026-03-12 20:49:00,7.967937,11.047975,5.7,3.41
T29,GL-5704,2026-03-12 20:50:00,7.967911,11.048559,6.2,3.93
T29,GL-5704,2026-03-12 20:51:00,7.967824,11.049113,5.9,5.03
T29,GL-5704,2026-03-12 20:52:00,7.967826,11.049587,6.6,4.33
T29,GL-5704,2026-03-12 20:53:00,7.96773,11.050062,11.9,3.61
T29,GL-5704,2026-03-12 20:54:00,7.967776,11.050505,6.0,3.63
T29,GL-5704,2026-03-12 20:55:00,7.967735,11.051131,,4.62
T29,GL-5704,2026-03-12 20:56:00,7.967613,11.051448,7.9,2.87
T29,GL-5704,2026-03-12 20:57:00,7.967569,11.05217,6.2,4.65
T29,GL-5704,2026-03-12 20:58:00,7.967534,11.05254,5.0,4.55
T29,GL-5704,2026-03-12 20:59:00,7.967458,11.052989,5.0,2.83
T29,GL-5704,2026-03-12 21:00:00,7.967572,11.053565,9.2,5.33
T29,GL-5704,2026-03-12 21:01:00,7.967367,11.054052,9.8,3.47
T29,GL-5704,2026-03-12 21:02:00,7.96727,11.054496,9.9,4.15
T29,GL-5704,2026-03-12 21:03:00,7.967305,11.055061,10.1,4.74
T29,GL-5704,2026-03-12 21:04:00,7.967161,11.05555,5.3,4.09
T29,GL-5704,2026-03-12 21:05:00,7.967175,11.055952,4.2,4.18
T29,GL-5704,2026-03-12 21:06:00,7.967155,11.056443,9.5,4.73
T29,GL-5704,2026-03-12 21:07:00,7.9671,11.056984,9.8,4.95
T29,GL-5704,2026-03-12 21:08:00,7.96713,11.057495,10.7,3.15
T29,GL-5704,2026-03-12 21:09:00,7.966984,11.05797,6.9,3.78
T29,GL-5704,2026-03-12 21:10:00,7.967011,11.058533,10.1,5.31
T29,GL-5704,2026-03-12 21:11:00,8.293967,11.058946,7.7,290.24
T29,GL-5704,2026-03-12 21:12:00,7.966904,11.059502,11.8,5.1
T29,GL-5704,2026-03-12 21:13:00,7.966828,11.059912,6.5,3.41
T29,GL-5704,2026-03-12 21:14:00,7.966708,11.060382,7.1,4.04
T29,GL-5704,2026-03-12 21:15:00,7.966825,11.060874,7.2,4.95
T29,GL-5704,2026-03-12 21:16:00,7.966671,11.061439,7.4,5.41
T29,GL-5704,2026-03-12 21:17:00,7.966687,11.061939,11.9,5.57
T29,GL-5704,2026-03-12 21:18:00,7.966554,11.062398,6.1,3.95
T29,GL-5704,2026-03-12 21:19:00,7.96659,11.063053,9.7,5.37
T29,GL-5704,2026-03-12 21:20:00,7.966418,11.063447,11.0,4.82
T29,GL-5704,2026-03-12 21:21:00,7.96638,11.064014,6.4,3.03
T29,GL-5704,2026-03-12 21:22:00,7.96643,11.064549,9.2,3.11
T29,GL-5704,2026-03-12 21:23:00,7.966289,11.064829,5.4,3.28
T29,GL-5704,2026-03-12 21:24:00,7.966312,11.065471,11.1,3.37
T29,GL-5704,2026-03-12 21:25:00,7.966202,11.065966,4.6,4.37
T29,GL-5704,2026-03-12 21:26:00,7.966237,11.066441,6.1,3.35
T29,GL-5704,2026-03-12 21:27:00,7.96615,11.066848,7.6,4.89
T29,GL-5704,2026-03-12 21:28:00,7.966099,11.067314,6.6,3.72
T29,GL-5704,2026-03-12 21:29:00,7.966086,11.067824,8.2,2.87
T29,GL-5704,2026-03-12 21:30:00,7.966084,11.068317,11.7,4.13
T29,GL-5704,2026-03-12 21:31:00,7.965914,11.068982,6.6,3.89
T29,GL-5704,2026-03-12 21:32:00,7.965838,11.069354,7.0,4.0
T29,GL-5704,2026-03-12 21:33:00,7.965725,11.069899,9.0,5.28
T29,GL-5704,2026-03-12 21:34:00,7.965824,11.070403,7.6,5.12
T29,GL-5704,2026-03-12 21:35:00,7.965748,11.070894,7.1,4.85
T29,GL-5704,2026-03-12 21:36:00,7.965671,11.071309,6.0,3.27
T29,GL-5704,2026-03-12 21:37:00,7.965592,11.0719,9.4,5.28
T29,GL-5704,2026-03-12 21:38:00,7.965692,11.072363,5.3,4.97
T29,GL-5704,2026-03-12 21:39:00,7.965579,11.072883,11.6,5.4
T29,GL-5704,2026-03-12 21:40:00,7.96544,11.073455,7.4,5.42
T29,GL-5704,2026-03-12 21:41:00,7.965417,11.073907,4.5,4.87
T29,GL-5704,2026-03-12 21:42:00,7.96531,11.074446,8.6,3.57
T29,GL-5704,2026-03-12 21:43:00,7.965416,11.074387,10.9,0.19
T29,GL-5704,2026-03-12 21:44:00,7.965409,11.074349,5.6,0.81
T29,GL-5704,2026-03-12 21:45:00,7.965472,11.074435,7.2,0.44
T29,GL-5704,2026-03-12 21:46:00,7.96544,11.074352,9.8,0.7
T29,GL-5704,2026-03-12 21:47:00,7.965541,11.074283,4.6,0.26
T29,GL-5704,2026-03-12 21:48:00,7.965433,11.074335,8.6,0.7
T29,GL-5704,2026-03-12 21:49:00,7.965458,11.074322,9.1,0.02
T29,GL-5704,2026-03-12 21:50:00,7.965401,11.07428,9.0,0.79
T29,GL-5704,2026-03-12 21:51:00,7.965384,11.074346,11.9,0.02
T29,GL-5704,2026-03-12 21:52:00,7.965337,11.074497,7.9,0.11
T29,GL-5704,2026-03-12 21:53:00,7.96537,11.074376,12.0,0.49
T29,GL-5704,2026-03-12 21:54:00,7.965516,11.074205,4.5,0.8
T29,GL-5704,2026-03-12 21:55:00,7.965376,11.074343,9.9,0.88
T29,GL-5704,2026-03-12 21:56:00,7.965507,11.07427,11.3,0.47
T29,GL-5704,2026-03-12 21:57:00,7.965367,11.074451,9.2,0.67
T29,GL-5704,2026-03-12 21:58:00,7.965412,11.074465,10.2,0.07
T29,GL-5704,2026-03-12 21:59:00,7.965448,11.074462,9.0,0.38
T29,GL-5704,2026-03-12 22:00:00,7.965461,11.074336,4.5,0.72
T29,GL-5704,2026-03-12 22:01:00,7.965266,11.07437,7.7,0.32
T29,GL-5704,2026-03-12 22:02:00,7.965412,11.074241,11.9,0.23
T29,GL-5704,2026-03-12 22:03:00,7.965325,11.074423,4.3,0.68
T29,GL-5704,2026-03-12 22:04:00,7.965403,11.074448,6.1,0.41
T29,GL-5704,2026-03-12 22:05:00,7.965436,11.074324,7.4,0.05
T29,GL-5704,2026-03-12 22:06:00,7.965396,11.074348,4.6,0.47
T29,GL-5704,2026-03-12 22:07:00,7.964774,11.074471,,4.7
T29,GL-5704,2026-03-12 22:08:00,7.964242,11.074572,8.5,4.87
T29,GL-5704,2026-03-12 22:09:00,7.963582,11.074726,5.8,3.5
T29,GL-5704,2026-03-12 22:10:00,7.962888,11.075016,7.0,3.12
T29,GL-5704,2026-03-12 22:11:00,7.962261,11.07507,8.4,3.19
T29,GL-5704,2026-03-12 22:12:00,7.961646,11.075271,5.6,3.21
T29,GL-5704,2026-03-12 22:13:00,7.960978,11.075431,7.3,5.38
T29,GL-5704,2026-03-12 22:14:00,7.960473,11.075558,6.4,5.11
T29,GL-5704,2026-03-12 22:15:00,7.959858,11.075826,6.4,3.87
T29,GL-5704,2026-03-12 22:16:00,7.959202,11.075886,5.8,2.8
T29,GL-5704,2026-03-12 22:17:00,7.958491,11.07607,7.0,5.02
T29,GL-5704,2026-03-12 22:18:00,7.957937,11.0762,4.1,4.65
T29,GL-5704,2026-03-12 22:19:00,7.957371,11.076311,8.2,2.85
T29,GL-5704,2026-03-12 22:20:00,7.956658,11.076481,12.0,4.97
T29,GL-5704,2026-03-12 22:21:00,7.956116,11.076447,9.1,4.74
T29,GL-5704,2026-03-12 22:22:00,7.955432,11.076743,7.1,5.15
T29,GL-5704,2026-03-12 22:23:00,7.954833,11.076754,6.9,3.44
T29,GL-5704,2026-03-12 22:24:00,7.954153,11.076995,8.4,3.11
T29,GL-5704,2026-03-12 22:25:00,7.953607,11.077367,7.8,3.37
T29,GL-5704,2026-03-12 22:26:00,7.953025,11.07725,9.7,3.58
T29,GL-5704,2026-03-12 22:27:00,7.952357,11.077491,10.2,5.15
T29,GL-5704,2026-03-12 22:28:00,7.951715,11.077633,4.9,5.25
T29,GL-5704,2026-03-12 22:29:00,7.950968,11.077756,4.8,3.0
T29,GL-5704,2026-03-12 22:30:00,7.950531,11.077947,11.4,3.31
T29,GL-5704,2026-03-12 22:31:00,7.94984,11.078027,9.3,4.61
T29,GL-5704,2026-03-12 22:32:00,7.949768,11.077901,7.0,0.41
T29,GL-5704,2026-03-12 22:33:00,7.949893,11.078033,4.2,0.7
T29,GL-5704,2026-03-12 22:34:00,7.949744,11.077888,10.6,0.89
T29,GL-5704,2026-03-12 22:35:00,7.949845,11.07809,10.9,0.32
T29,GL-5704,2026-03-12 22:36:00,7.949905,11.077903,4.3,0.42
T29,GL-5704,2026-03-12 22:37:00,7.949704,11.077898,7.9,0.6
T29,GL-5704,2026-03-12 22:38:00,7.949893,11.078,4.6,0.64
T29,GL-5704,2026-03-12 22:39:00,7.949869,11.078143,8.2,0.86
T29,GL-5704,2026-03-12 22:40:00,7.950056,11.077933,4.4,0.54
T29,GL-5704,2026-03-12 22:41:00,7.94978,11.077981,9.3,0.55
T29,GL-5704,2026-03-12 22:42:00,7.949865,11.078084,4.3,0.5
T29,GL-5704,2026-03-12 22:43:00,7.949781,11.077927,5.3,0.11
T29,GL-5704,2026-03-12 22:44:00,7.949906,11.077974,12.0,0.88
T29,GL-5704,2026-03-12 22:45:00,7.949814,11.078154,,0.42
T29,GL-5704,2026-03-12 22:46:00,7.949787,11.078273,8.3,0.7
T29,GL-5704,2026-03-12 22:47:00,7.949805,11.078169,9.3,0.26
T29,GL-5704,2026-03-12 22:48:00,7.949827,11.078028,11.6,0.14
T29,GL-5704,2026-03-12 22:49:00,7.949658,11.078099,10.9,0.79
T29,GL-5704,2026-03-12 22:50:00,7.949832,11.077986,7.1,0.48
T29,GL-5704,2026-03-12 22:51:00,7.949797,11.078129,9.3,0.62
T29,GL-5704,2026-03-12 22:52:00,7.949778,11.07814,6.7,0.5
T29,GL-5704,2026-03-12 22:53:00,7.949915,11.07792,8.0,0.35
T29,GL-5704,2026-03-12 22:54:00,7.949883,11.078085,5.1,0.52
T29,GL-5704,2026-03-12 22:55:00,7.949794,11.078084,6.4,0.62
T29,GL-5704,2026-03-12 22:56:00,7.949916,11.078134,8.9,0.68
T29,GL-5704,2026-03-12 22:57:00,7.949755,11.078095,9.8,0.89
T29,GL-5704,2026-03-12 22:58:00,7.949824,11.07804,4.7,0.5
T29,GL-5704,2026-03-12 22:59:00,7.949873,11.077904,11.9,0.38
T29,GL-5704,2026-03-12 23:00:00,7.949829,11.078129,11.8,0.05
T29,GL-5704,2026-03-12 23:01:00,7.949702,11.078024,7.6,0.1
T29,GL-5704,2026-03-12 23:02:00,7.949474,11.078479,7.7,3.72
T29,GL-5704,2026-03-12 23:03:00,7.949162,11.078723,11.9,4.59
T29,GL-5704,2026-03-12 23:04:00,7.948758,11.078998,7.6,3.19
T29,GL-5704,2026-03-12 23:05:00,7.948292,11.079507,7.9,5.47
T29,GL-5704,2026-03-12 23:06:00,7.948054,11.079839,8.6,5.37
T29,GL-5704,2026-03-12 23:07:00,7.947511,11.080146,10.3,3.17
T29,GL-5704,2026-03-12 23:08:00,7.947071,11.08045,11.1,3.07
T29,GL-5704,2026-03-12 23:09:00,7.946864,11.080796,4.2,4.91
T29,GL-5704,2026-03-12 23:10:00,7.946533,11.081118,10.7,3.14
T29,GL-5704,2026-03-12 23:11:00,7.9461,11.081598,8.7,4.01
T29,GL-5704,2026-03-12 23:12:00,7.945702,11.081841,7.6,4.67
T29,GL-5704,2026-03-12 23:13:00,7.945283,11.08223,11.9,4.45
T29,GL-5704,2026-03-12 23:14:00,7.945033,11.082558,7.5,5.22
T29,GL-5704,2026-03-12 23:15:00,7.944548,11.082973,8.3,3.12
T29,GL-5704,2026-03-12 23:16:00,7.944237,11.083375,7.4,4.89
T29,GL-5704,2026-03-12 23:17:00,7.943775,11.083607,4.2,4.07
T29,GL-5704,2026-03-12 23:18:00,7.943371,11.08397,10.7,3.01
T29,GL-5704,2026-03-12 23:19:00,7.942953,11.084313,5.3,3.35
T29,GL-5704,2026-03-12 23:20:00,7.942766,11.08475,6.3,3.6
T29,GL-5704,2026-03-12 23:21:00,7.942304,11.084902,9.9,5.3
T29,GL-5704,2026-03-12 23:22:00,7.942006,11.085439,4.7,2.86
T29,GL-5704,2026-03-12 23:23:00,7.941558,11.085784,5.9,3.91
T29,GL-5704,2026-03-12 23:24:00,7.941198,11.086039,4.6,5.21
T29,GL-5704,2026-03-12 23:25:00,7.94083,11.086369,11.9,4.11
T29,GL-5704,2026-03-12 23:26:00,7.94041,11.08668,4.1,3.12
T29,GL-5704,2026-03-12 23:27:00,7.940096,11.087108,8.6,4.55
T29,GL-5704,2026-03-12 23:28:00,7.93957,11.087454,5.6,4.8
T29,GL-5704,2026-03-12 23:29:00,7.93925,11.08777,4.4,4.24
T29,GL-5704,2026-03-12 23:30:00,7.938951,11.088184,10.8,3.43
T29,GL-5704,2026-03-12 23:31:00,7.938481,11.088464,5.5,4.95
T29,GL-5704,2026-03-12 23:32:00,7.938156,11.088816,10.8,3.15
T29,GL-5704,2026-03-12 23:33:00,7.937779,11.089288,6.1,4.78
T29,GL-5704,2026-03-12 23:34:00,7.937545,11.089589,11.3,5.43
T29,GL-5704,2026-03-12 23:35:00,7.936963,11.089862,9.8,3.16
T29,GL-5704,2026-03-12 23:36:00,7.936659,11.090297,5.7,5.33
T29,GL-5704,2026-03-12 23:37:00,7.936365,11.090593,4.8,3.78
T29,GL-5704,2026-03-12 23:38:00,7.93594,11.090924,4.9,3.9
T29,GL-5704,2026-03-12 23:39:00,7.935522,11.091166,9.7,3.6
T29,GL-5704,2026-03-12 23:40:00,7.935243,11.09168,6.0,3.8
T29,GL-5704,2026-03-12 23:41:00,7.934792,11.092022,6.5,4.06
T29,GL-5704,2026-03-12 23:42:00,7.934486,11.092312,8.0,3.25
T29,GL-5704,2026-03-12 23:43:00,7.934013,11.092657,4.2,4.21
T29,GL-5704,2026-03-12 23:44:00,7.934094,11.092609,9.4,0.27
T29,GL-5704,2026-03-12 23:45:00,7.933957,11.09267,6.8,0.75
T29,GL-5704,2026-03-12 23:46:00,7.93417,11.09268,11.9,0.83
T29,GL-5704,2026-03-12 23:47:00,7.934094,11.092711,8.0,0.75
T29,GL-5704,2026-03-12 23:48:00,7.934056,11.092673,6.4,0.48
T29,GL-5704,2026-03-12 23:49:00,7.934118,11.092644,4.8,0.81
T29,GL-5704,2026-03-12 23:50:00,7.933982,11.092667,6.9,0.72
T29,GL-5704,2026-03-12 23:51:00,7.934007,11.092801,4.1,0.41
T29,GL-5704,2026-03-12 23:52:00,7.93401,11.092686,9.9,0.06
T29,GL-5704,2026-03-12 23:53:00,7.933928,11.09276,5.1,0.41
T29,GL-5704,2026-03-12 23:54:00,7.934086,11.092717,4.0,0.39
T29,GL-5704,2026-03-12 23:55:00,7.934066,11.092744,11.7,0.82
T29,GL-5704,2026-03-12 23:56:00,7.934055,11.092712,5.2,0.76
T29,GL-5704,2026-03-12 23:57:00,7.934123,11.092603,7.2,0.2
T29,GL-5704,2026-03-12 23:58:00,7.933858,11.092706,7.6,0.12
T29,GL-5704,2026-03-12 23:59:00,7.934068,11.09262,6.4,0.41
T29,GL-5704,2026-03-13 00:00:00,7.933967,11.092691,11.2,0.7
T29,GL-5704,2026-03-13 00:01:00,7.934214,11.092222,4.3,3.74
T29,GL-5704,2026-03-13 00:02:00,7.934451,11.091701,9.6,3.09
T29,GL-5704,2026-03-13 00:03:00,7.934686,11.091265,11.5,3.6
T29,GL-5704,2026-03-13 00:04:00,7.934821,11.090749,9.3,4.83
T29,GL-5704,2026-03-13 00:05:00,7.934891,11.090258,4.9,4.84
T29,GL-5704,2026-03-13 00:06:00,7.935019,11.089685,4.3,5.42
T29,GL-5704,2026-03-13 00:07:00,7.935321,11.089271,5.5,3.09
T29,GL-5704,2026-03-13 00:08:00,7.935438,11.088645,9.2,3.71
T29,GL-5704,2026-03-13 00:09:00,7.935656,11.088347,8.8,3.14
T29,GL-5704,2026-03-13 00:10:00,7.935889,11.087856,9.0,4.81
T29,GL-5704,2026-03-13 00:11:00,7.936038,11.087282,4.4,5.4
T29,GL-5704,2026-03-13 00:12:00,7.936156,11.086704,11.7,3.68
T29,GL-5704,2026-03-13 00:13:00,7.936369,11.086261,8.8,5.15
T29,GL-5704,2026-03-13 00:14:00,7.936533,11.085821,7.6,3.59
T29,GL-5704,2026-03-13 00:15:00,7.936746,11.085402,11.4,5.35
T29,GL-5704,2026-03-13 00:16:00,7.936933,11.084872,11.2,3.87
T29,GL-5704,2026-03-13 00:17:00,7.937016,11.084235,11.4,3.34
T29,GL-5704,2026-03-13 00:18:00,7.937267,11.083854,4.5,3.23
T29,GL-5704,2026-03-13 00:19:00,7.937464,11.0833,8.7,3.78
T29,GL-5704,2026-03-13 00:20:00,7.937631,11.082702,4.4,4.56
T29,GL-5704,2026-03-13 00:21:00,7.937871,11.082283,12.0,4.31
T29,GL-5704,2026-03-13 00:22:00,7.938027,11.081733,11.8,5.26
T29,GL-5704,2026-03-13 00:23:00,7.938101,11.081415,5.8,3.14
T29,GL-5704,2026-03-13 00:24:00,7.938399,11.080974,4.9,3.14
T29,GL-5704,2026-03-13 00:25:00,7.938622,11.08038,5.8,5.39
T29,GL-5704,2026-03-13 00:26:00,7.938773,11.0798,,3.68
T29,GL-5704,2026-03-13 00:27:00,7.938925,11.079337,7.6,3.37
T29,GL-5704,2026-03-13 00:28:00,7.939223,11.078985,6.2,3.59
T29,GL-5704,2026-03-13 00:29:00,7.939271,11.078487,11.7,5.58
T29,GL-5704,2026-03-13 00:30:00,7.939364,11.07789,11.8,3.77
T29,GL-5704,2026-03-13 00:31:00,7.939603,11.077358,4.3,3.77
T29,GL-5704,2026-03-13 00:32:00,7.939766,11.076929,7.0,4.89
T29,GL-5704,2026-03-13 00:33:00,7.939945,11.076538,7.8,3.68
T29,GL-5704,2026-03-13 00:34:00,7.940268,11.075838,4.2,3.02
T29,GL-5704,2026-03-13 00:35:00,7.94049,11.075485,11.3,4.25
T29,GL-5704,2026-03-13 00:36:00,7.940493,11.075038,5.9,4.3
T29,GL-5704,2026-03-13 00:37:00,7.940684,11.074521,10.9,4.63
T29,GL-5704,2026-03-13 00:38:00,7.94087,11.073878,11.9,3.59
T29,GL-5704,2026-03-13 00:39:00,7.941121,11.07347,4.5,4.01
T29,GL-5704,2026-03-13 00:40:00,7.941319,11.073067,5.8,2.9
T29,GL-5704,2026-03-13 00:41:00,7.941399,11.072404,10.3,3.85
T29,GL-5704,2026-03-13 00:42:00,7.941618,11.072057,5.0,5.24
T29,GL-5704,2026-03-13 00:43:00,7.941739,11.071472,6.0,4.02
T29,GL-5704,2026-03-13 00:44:00,7.94211,11.071081,8.0,3.35
T29,GL-5704,2026-03-13 00:45:00,7.942235,11.070653,8.5,2.86
T29,GL-5704,2026-03-13 00:46:00,7.942413,11.07016,6.8,3.46
T29,GL-5704,2026-03-13 00:47:00,7.942448,11.069551,11.7,4.07
T29,GL-5704,2026-03-13 00:48:00,7.942753,11.06914,6.7,3.64
T29,GL-5704,2026-03-13 00:49:00,7.942999,11.068665,9.4,4.17
T29,GL-5704,2026-03-13 00:50:00,7.94317,11.068188,8.4,4.46
T29,GL-5704,2026-03-13 00:51:00,7.943369,11.067649,4.1,4.51
T29,GL-5704,2026-03-13 00:52:00,7.943386,11.06712,9.8,3.78
T29,GL-5704,2026-03-13 00:53:00,7.943751,11.066582,8.4,4.31
T29,GL-5704,2026-03-13 00:54:00,7.943804,11.066249,8.8,5.01
T29,GL-5704,2026-03-13 00:55:00,7.944061,11.065687,5.9,5.21
T29,GL-5704,2026-03-13 00:56:00,7.94419,11.065138,8.0,2.81
T29,GL-5704,2026-03-13 00:57:00,7.944405,11.064641,5.3,3.55
T29,GL-5704,2026-03-13 00:58:00,7.944612,11.064178,9.0,3.4
T29,GL-5704,2026-03-13 00:59:00,7.944645,11.063758,8.4,4.33
T29,GL-5704,2026-03-13 01:00:00,7.944985,11.063181,8.5,5.4
T29,GL-5704,2026-03-13 01:01:00,7.945137,11.06267,7.5,4.57
T29,GL-5704,2026-03-13 01:02:00,7.945201,11.062313,11.6,3.17
T29,GL-5704,2026-03-13 01:03:00,7.945493,11.061737,7.7,4.98
T29,GL-5704,2026-03-13 01:04:00,7.945759,11.061284,8.8,5.25
T29,GL-5704,2026-03-13 01:05:00,7.945918,11.060747,5.8,3.27
T29,GL-5704,2026-03-13 01:06:00,7.946106,11.06017,4.5,4.15
T29,GL-5704,2026-03-13 01:07:00,7.9463,11.059803,7.0,4.83
T29,GL-5704,2026-03-13 01:08:00,7.946394,11.059115,6.8,3.36
T29,GL-5704,2026-03-13 01:09:00,7.946681,11.05877,11.7,4.97
T29,GL-5704,2026-03-13 01:10:00,7.946742,11.058239,11.9,5.07
T29,GL-5704,2026-03-13 01:11:00,7.94698,11.057724,11.2,3.19
T29,GL-5704,2026-03-13 01:12:00,7.947071,11.057353,10.6,5.53
T29,GL-5704,2026-03-13 01:13:00,7.947308,11.056876,6.9,4.0
T29,GL-5704,2026-03-13 01:14:00,7.9475,11.056259,9.4,3.22
T29,GL-5704,2026-03-13 01:15:00,7.947795,11.055796,6.0,3.92
T29,GL-5704,2026-03-13 01:16:00,7.947889,11.055336,11.9,4.93
T29,GL-5704,2026-03-13 01:17:00,7.948088,11.054736,5.1,4.17
T29,GL-5704,2026-03-13 01:18:00,7.948271,11.054323,6.7,4.49
T29,GL-5704,2026-03-13 01:19:00,7.948402,11.053849,8.6,4.36
T29,GL-5704,2026-03-13 01:20:00,7.94874,11.053302,10.6,5.16
T29,GL-5704,2026-03-13 01:21:00,7.948845,11.052895,5.6,3.01
T29,GL-5704,2026-03-13 01:22:00,7.948896,11.052571,9.2,5.38
T29,GL-5704,2026-03-13 01:23:00,7.949081,11.051838,6.5,2.85
T29,GL-5704,2026-03-13 01:24:00,7.949294,11.051439,7.7,5.21
T29,GL-5704,2026-03-13 01:25:00,7.949505,11.050869,8.9,3.16
T29,GL-5704,2026-03-13 01:26:00,7.949652,11.050427,4.1,3.66
T29,GL-5704,2026-03-13 01:27:00,7.949931,11.049886,6.8,5.19
T29,GL-5704,2026-03-13 01:28:00,7.950031,11.049557,6.4,4.07
T29,GL-5704,2026-03-13 01:29:00,7.950291,11.0489,6.3,4.31
T29,GL-5704,2026-03-13 01:30:00,7.950412,11.04847,11.2,5.19
T29,GL-5704,2026-03-13 01:31:00,7.950564,11.047959,,3.25
T29,GL-5704,2026-03-13 01:32:00,7.950786,11.047331,7.3,4.57
T29,GL-5704,2026-03-13 01:33:00,7.950987,11.046956,5.1,3.13
T29,GL-5704,2026-03-13 01:34:00,7.951085,11.046429,4.1,5.06
T29,GL-5704,2026-03-13 01:35:00,7.951371,11.045905,8.1,4.08
T29,GL-5704,2026-03-13 01:36:00,7.951462,11.045504,11.9,3.01
T29,GL-5704,2026-03-13 01:37:00,7.951714,11.045002,6.5,3.49
T29,GL-5704,2026-03-13 01:38:00,7.951884,11.044528,7.8,5.31
T29,GL-5704,2026-03-13 01:39:00,7.952082,11.043924,5.7,5.41
T29,GL-5704,2026-03-13 01:40:00,7.95218,11.043514,10.8,5.5
T29,GL-5704,2026-03-13 01:41:00,7.952357,11.042968,4.4,4.61
T29,GL-5704,2026-03-13 01:42:00,7.952735,11.042551,8.9,5.36
T29,GL-5704,2026-03-13 01:43:00,7.952747,11.04212,5.2,3.59
T29,GL-5704,2026-03-13 01:44:00,7.952954,11.041608,7.2,5.11
T29,GL-5704,2026-03-13 01:45:00,7.953172,11.041026,10.7,2.84
T29,GL-5704,2026-03-13 01:46:00,7.953426,11.040572,9.8,3.31
T29,GL-5704,2026-03-13 01:47:00,7.95358,11.040086,5.0,3.86
T29,GL-5704,2026-03-13 01:48:00,7.953731,11.039634,10.1,3.56
T29,GL-5704,2026-03-13 01:49:00,7.953852,11.039151,10.7,4.07
T29,GL-5704,2026-03-13 01:50:00,7.95409,11.038613,9.4,3.99
T29,GL-5704,2026-03-13 01:51:00,7.954202,11.03816,4.6,3.45
T29,GL-5704,2026-03-13 01:52:00,7.954442,11.037605,9.8,5.15
T29,GL-5704,2026-03-13 01:53:00,7.954644,11.037203,7.6,2.94
T29,GL-5704,2026-03-13 01:54:00,7.954888,11.036588,5.8,3.28
T29,GL-5704,2026-03-13 01:55:00,7.955062,11.036178,5.7,2.93
T29,GL-5704,2026-03-13 01:56:00,7.955108,11.035707,8.8,4.83
T29,GL-5704,2026-03-13 01:57:00,7.955317,11.035098,4.5,3.3
T29,GL-5704,2026-03-13 01:58:00,7.955538,11.034618,6.0,2.86
T29,GL-5704,2026-03-13 01:59:00,7.955746,11.034068,7.5,3.53
T29,GL-5704,2026-03-13 02:00:00,7.955866,11.033806,10.8,4.23
T29,GL-5704,2026-03-13 02:01:00,7.956035,11.033259,10.3,5.1
T29,GL-5704,2026-03-13 02:02:00,7.956283,11.03283,6.7,4.17
T29,GL-5704,2026-03-13 02:03:00,7.956417,11.032239,5.0,5.43
T29,GL-5704,2026-03-13 02:04:00,7.956657,11.031778,4.3,3.73
T29,GL-5704,2026-03-13 02:05:00,7.956842,11.031246,11.2,5.52
T29,GL-5704,2026-03-13 02:06:00,7.957046,11.030698,9.3,2.91
T29,GL-5704,2026-03-13 02:07:00,7.957216,11.030215,10.0,5.02
T29,GL-5704,2026-03-13 02:08:00,7.95739,11.029744,6.0,4.75
T29,GL-5704,2026-03-13 02:09:00,7.957532,11.02932,6.0,4.71
T29,GL-5704,2026-03-13 02:10:00,7.957755,11.028835,5.2,5.27
T29,GL-5704,2026-03-13 02:11:00,7.957968,11.028379,7.5,4.47
T29,GL-5704,2026-03-13 02:12:00,7.958024,11.02779,6.6,4.82
T29,GL-5704,2026-03-13 02:13:00,7.958299,11.027178,9.0,3.11
T29,GL-5704,2026-03-13 02:14:00,7.958495,11.026733,8.2,5.29
T29,GL-5704,2026-03-13 02:15:00,7.958745,11.02632,5.9,4.7
T29,GL-5704,2026-03-13 02:16:00,7.958948,11.025777,8.3,4.08
T29,GL-5704,2026-03-13 02:17:00,7.95904,11.025293,11.9,5.4
T29,GL-5704,2026-03-13 02:18:00,8.13706,11.024866,6.8,389.84
T29,GL-5704,2026-03-13 02:19:00,7.959444,11.024315,10.3,3.84
T29,GL-5704,2026-03-13 02:20:00,7.959557,11.023748,8.3,5.02
T29,GL-5704,2026-03-13 02:21:00,7.959661,11.023335,9.0,4.38
T29,GL-5704,2026-03-13 02:22:00,7.959921,11.022916,7.3,4.3
T29,GL-5704,2026-03-13 02:23:00,7.960139,11.022429,11.5,2.96
T29,GL-5704,2026-03-13 02:24:00,7.960326,11.021906,7.8,4.1
T29,GL-5704,2026-03-13 02:25:00,7.960517,11.021398,7.1,4.64
T29,GL-5704,2026-03-13 02:26:00,7.960672,11.020906,10.3,3.16
T29,GL-5704,2026-03-13 02:27:00,7.960738,11.020442,6.8,3.41
T29,GL-5704,2026-03-13 02:28:00,7.960984,11.019982,,3.96
T29,GL-5704,2026-03-13 02:29:00,7.961168,11.019467,4.3,2.89
T29,GL-5704,2026-03-13 02:30:00,7.961377,11.018945,5.7,3.06
T29,GL-5704,2026-03-13 02:31:00,7.961611,11.018562,6.3,3.55
T29,GL-5704,2026-03-13 02:32:00,7.961773,11.017992,7.7,5.41
T29,GL-5704,2026-03-13 02:33:00,7.961913,11.017508,10.9,3.9
T29,GL-5704,2026-03-13 02:34:00,7.962186,11.016942,10.1,4.22
T29,GL-5704,2026-03-13 02:35:00,7.962344,11.016557,9.2,4.49
T29,GL-5704,2026-03-13 02:36:00,7.962561,11.016007,9.1,3.91
T29,GL-5704,2026-03-13 02:37:00,7.962677,11.015503,11.9,3.89
T29,GL-5704,2026-03-13 02:38:00,7.962928,11.01504,11.8,4.24
T29,GL-5704,2026-03-13 02:39:00,7.963006,11.014592,4.6,3.35
T29,GL-5704,2026-03-13 02:40:00,7.963235,11.014072,9.6,4.48
T29,GL-5704,2026-03-13 02:41:00,7.963516,11.013512,5.0,4.05
T29,GL-5704,2026-03-13 02:42:00,7.908925,11.013083,10.5,405.89
T29,GL-5704,2026-03-13 02:43:00,7.963743,11.012611,9.9,3.71
T29,GL-5704,2026-03-13 02:44:00,7.963881,11.012019,,2.87
T29,GL-5704,2026-03-13 02:45:00,7.964035,11.011652,7.3,3.52
T29,GL-5704,2026-03-13 02:46:00,7.96435,11.011107,6.8,5.47
T29,GL-5704,2026-03-13 02:47:00,7.964483,11.010701,11.9,5.14
T29,GL-5704,2026-03-13 02:48:00,7.964704,11.010146,5.6,4.99
T29,GL-5704,2026-03-13 02:49:00,7.964877,11.009689,7.2,5.18
T29,GL-5704,2026-03-13 02:50:00,7.964968,11.009198,6.1,4.97
T29,GL-5704,2026-03-13 02:51:00,8.176209,11.008805,11.7,281.06
T29,GL-5704,2026-03-13 02:52:00,7.965437,11.008128,6.2,5.44
T29,GL-5704,2026-03-13 02:53:00,7.965507,11.007657,11.4,3.01
T29,GL-5704,2026-03-13 02:54:00,7.965795,11.007133,6.8,3.42
T29,GL-5704,2026-03-13 02:55:00,7.965999,11.006591,10.9,2.82
T29,GL-5704,2026-03-13 02:56:00,7.965964,11.006205,5.5,5.0
T29,GL-5704,2026-03-13 02:57:00,7.966418,11.005696,6.7,4.3
T29,GL-5704,2026-03-13 02:58:00,7.966557,11.005183,8.7,3.51
T29,GL-5704,2026-03-13 02:59:00,7.966603,11.004767,4.2,3.1
T29,GL-5704,2026-03-13 03:00:00,7.966979,11.004234,8.3,4.17
T29,GL-5704,2026-03-13 03:01:00,7.967052,11.003826,4.8,4.52
T29,GL-5704,2026-03-13 03:02:00,7.967156,11.003296,6.3,4.02
T29,GL-5704,2026-03-13 03:03:00,7.967414,11.002897,9.4,4.64
T29,GL-5704,2026-03-13 03:04:00,7.967671,11.002245,7.8,3.28
T29,GL-5704,2026-03-13 03:05:00,7.967812,11.001829,10.8,3.04
T29,GL-5704,2026-03-13 03:06:00,7.968012,11.001236,10.8,5.16
T29,GL-5704,2026-03-13 03:07:00,7.968212,11.000834,5.7,3.31
T29,GL-5704,2026-03-13 03:08:00,7.968351,11.00027,10.3,4.28
T29,GL-5704,2026-03-13 03:09:00,7.968472,10.999784,4.4,4.6
T29,GL-5704,2026-03-13 03:10:00,7.968651,10.999312,10.3,3.69
T29,GL-5704,2026-03-13 03:11:00,7.968927,10.998806,4.7,4.02
T29,GL-5704,2026-03-13 03:12:00,7.969072,10.998347,4.6,5.53
T29,GL-5704,2026-03-13 03:13:00,7.969201,10.997941,8.3,3.01
T29,GL-5704,2026-03-13 03:14:00,7.969474,10.997417,10.7,4.05
T29,GL-5704,2026-03-13 03:15:00,7.969606,10.996821,4.8,4.29
T29,GL-5704,2026-03-13 03:16:00,7.969813,10.996342,8.4,4.47
T29,GL-5704,2026-03-13 03:17:00,7.969882,10.995822,6.9,4.88
T29,GL-5704,2026-03-13 03:18:00,7.970155,10.99531,9.2,2.91
T29,GL-5704,2026-03-13 03:19:00,7.970417,10.994857,11.1,3.13
T29,GL-5704,2026-03-13 03:20:00,7.970482,10.994392,6.5,4.6
T29,GL-5704,2026-03-13 03:21:00,7.970624,10.99392,7.1,4.29
T29,GL-5704,2026-03-13 03:22:00,7.970831,10.993417,7.4,3.26
T29,GL-5704,2026-03-13 03:23:00,7.971075,10.992966,5.3,3.33
T29,GL-5704,2026-03-13 03:24:00,7.971325,10.992422,7.6,2.83
T29,GL-5704,2026-03-13 03:25:00,7.971379,10.991961,4.6,4.28
T29,GL-5704,2026-03-13 03:26:00,7.971667,10.991476,11.1,3.51
T29,GL-5704,2026-03-13 03:27:00,7.971807,10.990835,10.9,3.75
T29,GL-5704,2026-03-13 03:28:00,7.971986,10.990552,,3.46
T29,GL-5704,2026-03-13 03:29:00,7.972197,10.990081,7.0,4.4
T29,GL-5704,2026-03-13 03:30:00,7.972349,10.989556,7.6,3.88
T29,GL-5704,2026-03-13 03:31:00,7.972491,10.988871,10.6,4.92
T29,GL-5704,2026-03-13 03:32:00,7.972665,10.988498,9.1,3.82
T29,GL-5704,2026-03-13 03:33:00,7.972943,10.987967,6.9,4.36
T29,GL-5704,2026-03-13 03:34:00,7.973081,10.987579,7.8,4.71
T29,GL-5704,2026-03-13 03:35:00,7.973305,10.986956,11.3,5.38
T29,GL-5704,2026-03-13 03:36:00,7.97345,10.986639,5.3,4.56
T29,GL-5704,2026-03-13 03:37:00,7.973622,10.986056,9.4,5.47
T29,GL-5704,2026-03-13 03:38:00,7.973856,10.985542,5.9,4.32
T29,GL-5704,2026-03-13 03:39:00,7.973892,10.984986,7.1,2.81
T29,GL-5704,2026-03-13 03:40:00,7.974166,10.984465,6.1,3.22
T29,GL-5704,2026-03-13 03:41:00,7.97427,10.984129,10.7,4.69
T29,GL-5704,2026-03-13 03:42:00,7.974501,10.983588,8.3,2.92
T29,GL-5704,2026-03-13 03:43:00,7.97462,10.983026,9.3,4.68
T29,GL-5704,2026-03-13 03:44:00,7.974939,10.982569,10.6,5.1
T29,GL-5704,2026-03-13 03:45:00,7.975085,10.982047,8.5,3.07
T29,GL-5704,2026-03-13 03:46:00,7.975181,10.981561,6.9,3.42
T29,GL-5704,2026-03-13 03:47:00,7.975366,10.981288,,4.52
T29,GL-5704,2026-03-13 03:48:00,7.975641,10.980627,5.6,3.62
T29,GL-5704,2026-03-13 03:49:00,7.975799,10.980161,11.8,2.86
T29,GL-5704,2026-03-13 03:50:00,7.976008,10.979702,8.1,4.48
T29,GL-5704,2026-03-13 03:51:00,7.9763,10.979171,11.7,4.58
T29,GL-5704,2026-03-13 03:52:00,7.976346,10.978688,10.9,4.82
T29,GL-5704,2026-03-13 03:53:00,7.976522,10.978168,5.8,4.96
T29,GL-5704,2026-03-13 03:54:00,7.976686,10.977653,4.6,3.84
T29,GL-5704,2026-03-13 03:55:00,7.976934,10.977227,11.1,3.87
T29,GL-5704,2026-03-13 03:56:00,7.977211,10.976663,10.7,3.41
T29,GL-5704,2026-03-13 03:57:00,7.977172,10.976234,11.0,3.3
T29,GL-5704,2026-03-13 03:58:00,7.977465,10.975752,6.9,3.85
T29,GL-5704,2026-03-13 03:59:00,7.977688,10.975242,8.8,3.44
T29,GL-5704,2026-03-13 04:00:00,7.977811,10.974699,7.2,3.08
T29,GL-5704,2026-03-13 04:01:00,7.978091,10.974212,10.7,4.26
T29,GL-5704,2026-03-13 04:02:00,7.978208,10.97374,5.2,4.49
T29,GL-5704,2026-03-13 04:03:00,7.978323,10.973224,10.2,3.34
T29,GL-5704,2026-03-13 04:04:00,7.978657,10.972775,9.0,4.22
T29,GL-5704,2026-03-13 04:05:00,7.978751,10.972224,5.3,3.66
T29,GL-5704,2026-03-13 04:06:00,7.979018,10.971778,,5.32
T29,GL-5704,2026-03-13 04:07:00,7.97904,10.971419,4.0,4.9
T29,GL-5704,2026-03-13 04:08:00,7.979275,10.970878,8.4,4.21
T29,GL-5704,2026-03-13 04:09:00,7.979464,10.97027,4.5,3.17
T29,GL-5704,2026-03-13 04:10:00,7.979628,10.969781,9.0,4.31
T29,GL-5704,2026-03-13 04:11:00,7.979761,10.969273,9.4,4.36
T29,GL-5704,2026-03-13 04:12:00,7.979684,10.969218,7.9,0.32
T29,GL-5704,2026-03-13 04:13:00,7.979828,10.969483,6.0,0.36
T29,GL-5704,2026-03-13 04:14:00,7.979782,10.969291,5.5,0.51
T29,GL-5704,2026-03-13 04:15:00,7.979654,10.969226,5.0,0.45
T29,GL-5704,2026-03-13 04:16:00,7.97992,10.96924,4.7,0.36
T29,GL-5704,2026-03-13 04:17:00,7.979728,10.969266,4.8,0.86
T29,GL-5704,2026-03-13 04:18:00,7.97974,10.969357,7.1,0.07
T29,GL-5704,2026-03-13 04:19:00,7.979763,10.969301,11.1,0.46
T29,GL-5704,2026-03-13 04:20:00,7.979801,10.969405,7.4,0.54
T29,GL-5704,2026-03-13 04:21:00,7.979801,10.969402,10.7,0.6
T29,GL-5704,2026-03-13 04:22:00,7.979866,10.969387,5.1,0.87
T29,GL-5704,2026-03-13 04:23:00,7.979933,10.969381,5.6,0.37
T29,GL-5704,2026-03-13 04:24:00,7.979919,10.969467,8.2,0.37
T29,GL-5704,2026-03-13 04:25:00,7.979775,10.969393,5.7,0.78
